make[1]: Entering directory '/home/runner/work/mddb/mddb'
Created data-e2e/.env from .env.example
INF TEST_OAUTH=1: Using fake Google OAuth credentials
INF TEST_OAUTH=1: Using fake Microsoft OAuth credentials
INF TEST_OAUTH=1: Using fake GitHub OAuth credentials
INF OAuth providers initialized providers="[google microsoft github]"
INF Starting server addr=localhost:8080 baseURL=http://localhost:8080 version=v0.0.0-20260920200522-da8500452e6e+dirty
INF http m=GET p=/api/v1/health s=200 d=99µs s=160
INF http m=POST p=/api/v1/auth/register s=200 d=87.9ms s=403
INF http m=POST p=/api/v1/auth/register s=200 d=88.8ms s=395
INF http m=GET p=/ s=200 d=63µs s=542
INF http m=GET p=/ s=200 d=35µs s=542
INF http m=GET p=/assets/index-SHhnYNGf.js s=200 d=155µs s=49792
INF http m=GET p=/assets/editor-vendor-Bje_VwYD.js s=200 d=118µs s=117396
INF http m=GET p=/assets/index-DPQ8uk7g.css s=200 d=75µs s=12402
INF http m=GET p=/registerSW.js s=200 d=76µs s=87
INF http m=GET p=/assets/vendor-C3WBU0hm.js s=200 d=117µs s=29762
INF http m=GET p=/assets/index-SHhnYNGf.js s=200 d=110µs s=49792
INF http m=GET p=/registerSW.js s=200 d=26µs s=87
INF http m=GET p=/assets/index-DPQ8uk7g.css s=200 d=65µs s=12402
INF http m=GET p=/assets/editor-vendor-Bje_VwYD.js s=200 d=133µs s=117396
INF http m=GET p=/assets/vendor-C3WBU0hm.js s=200 d=69µs s=29762
INF http m=GET p=/assets/en-BOb8f2G7.js s=200 d=86µs s=5207
INF http m=GET p=/assets/en-BOb8f2G7.js s=200 d=45µs s=5207
INF http m=GET p=/api/v1/auth/me s=200 d=242µs s=166
INF http m=GET p=/api/v1/auth/me s=200 d=23.3ms s=178
INF http m=GET p=/favicon.png s=200 d=37µs s=449
INF http m=GET p=/api/v1/notifications/unread-count s=200 d=268µs s=25
INF http m=GET p=/api/v1/notifications/unread-count s=200 d=198µs s=25
INF http m=POST p=/api/v1/organizations s=200 d=35.7ms s=351
INF http m=GET p=/favicon.png s=200 d=181µs s=449
INF http m=GET p=/sw.js s=200 d=81µs s=5540
INF http m=GET p=/sw.js s=200 d=90µs s=5540
INF http m=POST p=/api/v1/organizations s=200 d=59.9ms s=353
INF http m=GET p=/api/v1/auth/me s=200 d=9.31ms s=265
INF http m=GET p=/registerSW.js s=200 d=35µs s=87
INF http m=GET p=/registerSW.js s=200 d=24µs s=87
INF http m=GET p=/api/v1/auth/me s=200 d=217µs s=251
INF http m=GET p=/index.html s=200 d=37µs s=542
INF http m=GET p=/index.html s=200 d=16µs s=542
INF http m=GET p=/icon.svg s=200 d=59µs s=195
INF http m=GET p=/icon.svg s=200 d=36µs s=195
INF http m=GET p=/icon-512.png s=200 d=232µs s=6498
INF http m=GET p=/icon-512.png s=200 d=62µs s=6498
INF http m=GET p=/icon-192.png s=200 d=43µs s=2468
INF http m=GET p=/icon-192.png s=200 d=37µs s=2468
INF http m=GET p=/favicon.png s=200 d=20µs s=449
INF http m=GET p=/favicon.png s=200 d=37µs s=449
INF http m=GET p=/apple-touch-icon.png s=200 d=30µs s=2298
INF http m=GET p=/apple-touch-icon.png s=200 d=38µs s=2298
INF http m=GET p=/assets/material-symbols-names-mOXCVt15.js s=200 d=90µs s=15793
INF http m=GET p=/assets/material-symbols-names-mOXCVt15.js s=200 d=89µs s=15793
INF http m=GET p=/assets/fr-CgauyyXq.js s=200 d=84µs s=6301
INF http m=GET p=/assets/es-DHO8DnB9.js s=200 d=81µs s=6015
INF http m=GET p=/assets/fr-CgauyyXq.js s=200 d=76µs s=6301
INF http m=GET p=/assets/emoji-groups-tsNE8Axz.js s=200 d=77µs s=13852
INF http m=GET p=/assets/es-DHO8DnB9.js s=200 d=77µs s=6015
INF http m=GET p=/assets/emoji-groups-tsNE8Axz.js s=200 d=842µs s=13852
INF http m=POST p=/api/v1/organizations/4463DJQQU000/workspaces s=200 d=182ms s=298
INF http m=GET p=/assets/de-qJeflSp6.js s=200 d=131µs s=6245
INF http m=GET p=/assets/WorkspaceSettingsPanel-CsUOm22X.css s=200 d=48µs s=1025
INF http m=GET p=/assets/WorkspaceSettingsPanel-CM5oaFTF.js s=200 d=45µs s=4443
INF http m=GET p=/assets/ServerSettingsPanel-pbgISWIv.css s=200 d=27µs s=596
INF http m=GET p=/assets/ServerSettingsPanel-C8C6nm9a.js s=200 d=35µs s=2550
INF http m=GET p=/assets/de-qJeflSp6.js s=200 d=79µs s=6245
INF http m=GET p=/assets/ResourceQuotaForm-DTSj8Ta5.css s=200 d=26µs s=302
INF http m=GET p=/assets/WorkspaceSettingsPanel-CsUOm22X.css s=200 d=28µs s=1025
INF http m=GET p=/assets/ResourceQuotaForm-D6gJNn3N.js s=200 d=36µs s=812
INF http m=GET p=/assets/WorkspaceSettingsPanel-CM5oaFTF.js s=200 d=51µs s=4443
INF http m=GET p=/assets/ProfileSettings-rthGIjGN.js s=200 d=64µs s=4319
INF http m=GET p=/assets/ServerSettingsPanel-pbgISWIv.css s=200 d=21µs s=596
INF http m=GET p=/assets/ProfileSettings-D5kbNfHV.css s=200 d=24µs s=1220
INF http m=GET p=/assets/ServerSettingsPanel-C8C6nm9a.js s=200 d=26µs s=2550
INF http m=GET p=/assets/OrgSettingsPanel-BP8s6T0h.css s=200 d=21µs s=511
INF http m=GET p=/assets/ResourceQuotaForm-DTSj8Ta5.css s=200 d=22µs s=302
INF http m=GET p=/assets/OrgSettingsPanel-B78NX7Vn.js s=200 d=32µs s=2302
INF http m=GET p=/assets/ResourceQuotaForm-D6gJNn3N.js s=200 d=21µs s=812
INF http m=GET p=/assets/InviteForm-R7w4u6kW.js s=200 d=19µs s=1267
INF http m=GET p=/assets/ProfileSettings-rthGIjGN.js s=200 d=68µs s=4319
INF http m=GET p=/assets/InviteForm-CW-wgFWD.css s=200 d=24µs s=414
INF http m=GET p=/assets/ProfileSettings-D5kbNfHV.css s=200 d=56µs s=1220
INF http m=GET p=/assets/Editor-BYBWY7b1.css s=200 d=29µs s=2240
INF http m=GET p=/assets/OrgSettingsPanel-BP8s6T0h.css s=200 d=23µs s=511
INF http m=GET p=/assets/Editor-5FlZhQpN.js s=200 d=65µs s=13509
INF http m=GET p=/assets/OrgSettingsPanel-B78NX7Vn.js s=200 d=28µs s=2302
INF http m=GET p=/assets/AdminDashboard-R0heLGro.css s=200 d=20µs s=601
INF http m=GET p=/assets/InviteForm-R7w4u6kW.js s=200 d=33µs s=1267
INF http m=POST p=/api/v1/organizations/4463DJT00000/workspaces s=200 d=247ms s=300
INF http m=GET p=/assets/AdminDashboard-D3Sw1IyX.js s=200 d=62µs s=2075
INF http m=GET p=/assets/InviteForm-CW-wgFWD.css s=200 d=23µs s=414
INF http m=GET p=/manifest.webmanifest s=200 d=19µs s=199
INF http m=GET p=/assets/Editor-BYBWY7b1.css s=200 d=91µs s=2240
INF http m=GET p=/assets/Editor-5FlZhQpN.js s=200 d=65µs s=13509
INF http m=POST p=/api/v1/auth/switch-workspace s=200 d=112ms s=576
INF http m=GET p=/assets/AdminDashboard-R0heLGro.css s=200 d=33µs s=601
INF http m=POST p=/api/v1/auth/switch-workspace s=200 d=26.5ms s=585
INF http m=GET p=/assets/AdminDashboard-D3Sw1IyX.js s=200 d=63µs s=2075
INF http m=GET p=/api/v1/notifications/unread-count s=200 d=188µs s=25
INF http m=GET p=/api/v1/workspaces/4463DKC8U000/nodes/0/children s=200 d=7.41ms s=26
INF http m=GET p=/api/v1/workspaces/4463DKC8U000/members s=200 d=9.2ms s=124
INF http m=GET p=/api/v1/notifications/unread-count s=200 d=68µs s=25
INF http m=GET p=/api/v1/workspaces/4463DKIL2000/nodes/0/children s=200 d=327µs s=26
INF http m=GET p=/api/v1/workspaces/4463DKIL2000/members s=200 d=344µs s=132
INF http m=GET p=/manifest.webmanifest s=200 d=39µs s=199
INF http m=POST p=/api/v1/workspaces/4463DKIL2000/nodes/0/page/create s=200 d=28.8ms s=35
INF http m=GET p=/api/v1/workspaces/4463DKIL2000/nodes/0/children s=200 d=483µs s=257
INF http m=POST p=/api/v1/workspaces/4463DKC8U000/nodes/0/page/create s=200 d=32.2ms s=35
INF http m=GET p=/api/v1/workspaces/4463DKIL2000/nodes/4463DMDIG000 s=200 d=184µs s=245
INF http m=GET p=/api/v1/workspaces/4463DKC8U000/nodes/0/children s=200 d=216µs s=263
INF http m=GET p=/api/v1/workspaces/4463DKC8U000/nodes/4463DMFE6000 s=200 d=188µs s=245
INF http m=POST p=/api/v1/workspaces/4463DKC8U000/nodes/0/page/create s=200 d=52.2ms s=26
INF http m=POST p=/api/v1/workspaces/4463DKIL2000/nodes/0/table/create s=200 d=47.8ms s=26
INF http m=GET p=/w/@4463DKC8U000+workspace/@4463DMFE6000+welcome s=200 d=43µs s=542
INF http m=GET p=/api/v1/workspaces/4463DKC8U000/events s=200 d=154ms s=231
INF http m=POST p=/api/v1/workspaces/4463DKIL2000/nodes/4463DMOMG000/table/records/create s=200 d=31.3ms s=26
INF http m=POST p=/api/v1/workspaces/4463DKIL2000/nodes/4463DMOMG000/table/records/create s=200 d=46.6ms s=26
INF http m=GET p=/api/v1/auth/me s=200 d=319µs s=367
INF http m=GET p=/api/v1/notifications/unread-count s=200 d=95µs s=25
INF http m=GET p=/api/v1/workspaces/4463DKC8U000/nodes/0/children s=200 d=287µs s=263
INF http m=GET p=/api/v1/workspaces/4463DKC8U000/members s=200 d=3.39ms s=124
INF http m=GET p=/api/v1/workspaces/4463DKC8U000/nodes/4463DMFE6000 s=200 d=3.11ms s=245
INF http m=POST p=/api/v1/workspaces/4463DKIL2000/nodes/4463DMOMG000/table/records/create s=200 d=18.8ms s=26
INF http m=GET p=/w/@4463DKIL2000+workspace/@4463DMDIG000+welcome s=200 d=45µs s=542
INF http m=GET p=/api/v1/workspaces/4463DKIL2000/events s=200 d=249ms s=338
INF http m=GET p=/api/v1/auth/me s=200 d=254µs s=352
INF http m=GET p=/api/v1/workspaces/4463DKC8U000/nodes/4463DMLPK000 s=200 d=304µs s=155
INF http m=GET p=/api/v1/notifications/unread-count s=200 d=417µs s=25
INF http m=GET p=/api/v1/workspaces/4463DKIL2000/members s=200 d=123µs s=132
INF http m=GET p=/api/v1/workspaces/4463DKIL2000/nodes/0/children s=200 d=1.03ms s=462
INF http m=GET p=/api/v1/workspaces/4463DKIL2000/nodes/4463DMDIG000 s=200 d=179µs s=245
INF http m=GET p=/api/v1/workspaces/4463DKIL2000/nodes/4463DMOMG000 s=200 d=783µs s=327
INF http m=GET p=/api/v1/workspaces/4463DKIL2000/nodes/4463DMOMG000/table/records s=200 d=414µs s=362
INF http m=GET p=/api/v1/workspaces/4463DKC8U000/events s=200 d=247ms s=93
INF http m=POST p=/api/v1/workspaces/4463DKIL2000/nodes/4463DMOMG000/views/create s=200 d=45.9ms s=35
INF http m=POST p=/api/v1/auth/register s=200 d=113ms s=381
INF http m=GET p=/ s=200 d=78µs s=542
INF http m=GET p=/assets/index-DPQ8uk7g.css s=200 d=135µs s=12402
INF http m=GET p=/assets/editor-vendor-Bje_VwYD.js s=200 d=173µs s=117396
INF http m=GET p=/registerSW.js s=200 d=20µs s=87
INF http m=GET p=/assets/index-SHhnYNGf.js s=200 d=90µs s=49792
INF http m=GET p=/assets/vendor-C3WBU0hm.js s=200 d=407µs s=29762
INF http m=GET p=/api/v1/auth/me s=200 d=209µs s=166
INF http m=GET p=/assets/en-BOb8f2G7.js s=200 d=53µs s=5207
INF http m=GET p=/api/v1/notifications/unread-count s=200 d=167µs s=25
INF http m=GET p=/sw.js s=200 d=61µs s=5540
INF http m=GET p=/favicon.png s=200 d=39µs s=449
INF http m=POST p=/api/v1/organizations s=200 d=19.9ms s=350
INF http m=GET p=/registerSW.js s=200 d=29µs s=87
INF http m=GET p=/api/v1/auth/me s=200 d=1.18ms s=252
INF http m=GET p=/index.html s=200 d=31µs s=542
INF http m=GET p=/icon.svg s=200 d=22µs s=195
INF http m=GET p=/icon-512.png s=200 d=59µs s=6498
INF http m=GET p=/icon-192.png s=200 d=35µs s=2468
INF http m=GET p=/favicon.png s=200 d=30µs s=449
INF http m=POST p=/api/v1/workspaces/4463DKIL2000/nodes/4463DMOMG000/views/create s=200 d=40.5ms s=35
INF http m=GET p=/apple-touch-icon.png s=200 d=36µs s=2298
INF http m=GET p=/assets/material-symbols-names-mOXCVt15.js s=200 d=128µs s=15793
INF http m=GET p=/assets/fr-CgauyyXq.js s=200 d=74µs s=6301
INF http m=GET p=/assets/es-DHO8DnB9.js s=200 d=80µs s=6015
INF http m=GET p=/assets/emoji-groups-tsNE8Axz.js s=200 d=87µs s=13852
INF http m=POST p=/api/v1/organizations/4463DS24A000/workspaces s=200 d=127ms s=295
INF http m=GET p=/assets/de-qJeflSp6.js s=200 d=76µs s=6245
INF http m=GET p=/assets/WorkspaceSettingsPanel-CsUOm22X.css s=200 d=22µs s=1025
INF http m=GET p=/assets/WorkspaceSettingsPanel-CM5oaFTF.js s=200 d=51µs s=4443
INF http m=GET p=/assets/ServerSettingsPanel-pbgISWIv.css s=200 d=23µs s=596
INF http m=GET p=/assets/ServerSettingsPanel-C8C6nm9a.js s=200 d=30µs s=2550
INF http m=POST p=/api/v1/auth/switch-workspace s=200 d=12.8ms s=605
INF http m=GET p=/assets/ResourceQuotaForm-DTSj8Ta5.css s=200 d=37µs s=302
INF http m=GET p=/assets/ResourceQuotaForm-D6gJNn3N.js s=200 d=36µs s=812
INF http m=GET p=/api/v1/notifications/unread-count s=200 d=161µs s=25
INF http m=GET p=/api/v1/workspaces/4463DS8M8000/members s=200 d=112µs s=124
INF http m=GET p=/api/v1/workspaces/4463DS8M8000/nodes/0/children s=200 d=276µs s=26
INF http m=GET p=/assets/ProfileSettings-rthGIjGN.js s=200 d=87µs s=4319
INF http m=GET p=/assets/ProfileSettings-D5kbNfHV.css s=200 d=27µs s=1220
INF http m=GET p=/assets/OrgSettingsPanel-BP8s6T0h.css s=200 d=30µs s=511
INF http m=GET p=/assets/OrgSettingsPanel-B78NX7Vn.js s=200 d=74µs s=2302
INF http m=GET p=/assets/InviteForm-R7w4u6kW.js s=200 d=29µs s=1267
INF http m=GET p=/assets/InviteForm-CW-wgFWD.css s=200 d=23µs s=414
INF http m=POST p=/api/v1/workspaces/4463DS8M8000/nodes/0/page/create s=200 d=21.7ms s=35
INF http m=GET p=/assets/Editor-BYBWY7b1.css s=200 d=36µs s=2240
INF http m=GET p=/api/v1/workspaces/4463DS8M8000/nodes/0/children s=200 d=263µs s=262
INF http m=GET p=/api/v1/workspaces/4463DS8M8000/nodes/4463DTA78000 s=200 d=180µs s=245
INF http m=GET p=/assets/Editor-5FlZhQpN.js s=200 d=59µs s=13509
INF http m=GET p=/assets/AdminDashboard-R0heLGro.css s=200 d=34µs s=601
INF http m=POST p=/api/v1/workspaces/4463DS8M8000/nodes/0/page/create s=200 d=19ms s=26
INF http m=GET p=/assets/AdminDashboard-D3Sw1IyX.js s=200 d=51µs s=2075
INF http m=GET p=/w/@4463DS8M8000+workspace/@4463DTA78000+welcome s=200 d=22µs s=542
INF http m=GET p=/manifest.webmanifest s=200 d=32µs s=199
INF http m=GET p=/api/v1/workspaces/4463DS8M8000/events s=200 d=81.6ms s=234
INF http m=GET p=/registerSW.js s=200 d=36µs s=87
INF http m=GET p=/api/v1/auth/me s=200 d=226µs s=350
INF http m=GET p=/api/v1/notifications/unread-count s=200 d=154µs s=25
INF http m=GET p=/api/v1/workspaces/4463DS8M8000/nodes/0/children s=200 d=289µs s=262
INF http m=GET p=/api/v1/workspaces/4463DS8M8000/nodes/4463DTA78000 s=200 d=169µs s=245
INF http m=GET p=/api/v1/workspaces/4463DS8M8000/members s=200 d=111µs s=124
INF http m=POST p=/api/v1/workspaces/4463DKIL2000/nodes/4463DMOMG000/views/create s=200 d=30.2ms s=35
INF http m=GET p=/api/v1/workspaces/4463DS8M8000/nodes/4463DTEP2000 s=200 d=348µs s=155
INF http m=GET p=/api/v1/workspaces/4463DKIL2000/events s=200 d=1.03s s=254
INF http m=POST p=/api/v1/auth/register s=200 d=86.7ms s=386
INF http m=GET p=/ s=200 d=61µs s=542
INF http m=GET p=/assets/index-SHhnYNGf.js s=200 d=129µs s=49792
INF http m=GET p=/assets/index-DPQ8uk7g.css s=200 d=103µs s=12402
INF http m=GET p=/registerSW.js s=200 d=65µs s=87
INF http m=GET p=/assets/vendor-C3WBU0hm.js s=200 d=139µs s=29762
INF http m=GET p=/assets/editor-vendor-Bje_VwYD.js s=200 d=118µs s=117396
INF http m=GET p=/api/v1/auth/me s=200 d=290µs s=166
INF http m=GET p=/assets/en-BOb8f2G7.js s=200 d=60µs s=5207
INF http m=GET p=/api/v1/notifications/unread-count s=200 d=165µs s=25
INF http m=GET p=/sw.js s=200 d=67µs s=5540
INF http m=GET p=/favicon.png s=200 d=37µs s=449
INF http m=POST p=/api/v1/organizations s=200 d=25.8ms s=348
INF http m=GET p=/registerSW.js s=200 d=40µs s=87
INF http m=GET p=/api/v1/auth/me s=200 d=207µs s=252
INF http m=GET p=/index.html s=200 d=163µs s=542
INF http m=GET p=/icon.svg s=200 d=32µs s=195
INF http m=GET p=/icon-512.png s=200 d=164µs s=6498
INF http m=GET p=/icon-192.png s=200 d=47µs s=2468
INF http m=GET p=/favicon.png s=200 d=61µs s=449
INF http m=GET p=/apple-touch-icon.png s=200 d=32µs s=2298
INF http m=GET p=/assets/material-symbols-names-mOXCVt15.js s=200 d=1.22ms s=15793
INF http m=GET p=/api/v1/workspaces/4463DS8M8000/events s=200 d=600ms s=93
INF http m=GET p=/assets/fr-CgauyyXq.js s=200 d=71µs s=6301
INF http m=GET p=/assets/es-DHO8DnB9.js s=200 d=68µs s=6015
INF http m=GET p=/assets/emoji-groups-tsNE8Axz.js s=200 d=77µs s=13852
INF http m=GET p=/assets/de-qJeflSp6.js s=200 d=95µs s=6245
INF http m=GET p=/assets/WorkspaceSettingsPanel-CsUOm22X.css s=200 d=40µs s=1025
INF http m=GET p=/assets/WorkspaceSettingsPanel-CM5oaFTF.js s=200 d=64µs s=4443
INF http m=POST p=/api/v1/organizations/4463E1114000/workspaces s=200 d=196ms s=291
INF http m=GET p=/assets/ServerSettingsPanel-pbgISWIv.css s=200 d=26µs s=596
INF http m=GET p=/assets/ServerSettingsPanel-C8C6nm9a.js s=200 d=47µs s=2550
INF http m=GET p=/assets/ResourceQuotaForm-DTSj8Ta5.css s=200 d=59µs s=302
INF http m=GET p=/assets/ResourceQuotaForm-D6gJNn3N.js s=200 d=29µs s=812
INF http m=GET p=/assets/ProfileSettings-rthGIjGN.js s=200 d=47µs s=4319
INF http m=GET p=/assets/ProfileSettings-D5kbNfHV.css s=200 d=79µs s=1220
INF http m=POST p=/api/v1/auth/switch-workspace s=200 d=39.5ms s=606
INF http m=GET p=/assets/OrgSettingsPanel-BP8s6T0h.css s=200 d=33µs s=511
INF http m=GET p=/assets/OrgSettingsPanel-B78NX7Vn.js s=200 d=51µs s=2302
INF http m=GET p=/assets/InviteForm-R7w4u6kW.js s=200 d=47µs s=1267
INF http m=GET p=/assets/InviteForm-CW-wgFWD.css s=200 d=39µs s=414
INF http m=GET p=/assets/Editor-BYBWY7b1.css s=200 d=38µs s=2240
INF http m=GET p=/api/v1/notifications/unread-count s=200 d=155µs s=25
INF http m=GET p=/api/v1/workspaces/4463E1856000/members s=200 d=145µs s=124
INF http m=GET p=/api/v1/workspaces/4463E1856000/nodes/0/children s=200 d=282µs s=26
INF http m=GET p=/assets/Editor-5FlZhQpN.js s=200 d=94µs s=13509
INF http m=GET p=/assets/AdminDashboard-R0heLGro.css s=200 d=46µs s=601
INF http m=GET p=/assets/AdminDashboard-D3Sw1IyX.js s=200 d=82µs s=2075
INF http m=GET p=/manifest.webmanifest s=200 d=37µs s=199
INF http m=POST p=/api/v1/workspaces/4463E1856000/nodes/0/page/create s=200 d=29.9ms s=35
INF http m=GET p=/api/v1/workspaces/4463E1856000/nodes/0/children s=200 d=343µs s=264
INF http m=GET p=/api/v1/workspaces/4463E1856000/nodes/4463E35OK000 s=200 d=184µs s=245
INF http m=POST p=/api/v1/workspaces/4463E1856000/nodes/0/page/create s=200 d=54.6ms s=26
INF http m=GET p=/w/@4463E1856000+workspace/@4463E35OK000+welcome s=200 d=40µs s=542
INF http m=POST p=/api/v1/auth/register s=200 d=130ms s=386
INF http m=GET p=/api/v1/workspaces/4463E1856000/events s=200 d=128ms s=235
INF http m=GET p=/ s=200 d=54µs s=542
INF http m=GET p=/assets/index-SHhnYNGf.js s=200 d=172µs s=49792
INF http m=GET p=/assets/index-DPQ8uk7g.css s=200 d=125µs s=12402
INF http m=GET p=/api/v1/auth/me s=200 d=237µs s=352
INF http m=GET p=/assets/editor-vendor-Bje_VwYD.js s=200 d=179µs s=117396
INF http m=GET p=/assets/vendor-C3WBU0hm.js s=200 d=70µs s=29762
INF http m=GET p=/registerSW.js s=200 d=33µs s=87
INF http m=GET p=/api/v1/workspaces/4463E1856000/nodes/0/children s=200 d=353µs s=264
INF http m=GET p=/api/v1/notifications/unread-count s=200 d=101µs s=25
INF http m=GET p=/api/v1/workspaces/4463E1856000/members s=200 d=3.51ms s=124
INF http m=GET p=/api/v1/workspaces/4463E1856000/nodes/4463E35OK000 s=200 d=208µs s=245
INF http m=GET p=/api/v1/auth/me s=200 d=558µs s=164
INF http m=GET p=/assets/en-BOb8f2G7.js s=200 d=96µs s=5207
INF http m=GET p=/favicon.png s=200 d=79µs s=449
INF http m=GET p=/api/v1/notifications/unread-count s=200 d=111µs s=25
INF http m=GET p=/sw.js s=200 d=82µs s=5540
INF http m=GET p=/api/v1/workspaces/4463E1856000/nodes/4463E3AJG000 s=200 d=509µs s=155
INF http m=POST p=/api/v1/organizations s=200 d=35.7ms s=351
INF http m=GET p=/registerSW.js s=200 d=28µs s=87
INF http m=GET p=/api/v1/auth/me s=200 d=1.31ms s=253
INF http m=GET p=/index.html s=200 d=31µs s=542
INF http m=GET p=/icon.svg s=200 d=32µs s=195
INF http m=GET p=/icon-512.png s=200 d=103µs s=6498
INF http m=GET p=/icon-192.png s=200 d=43µs s=2468
INF http m=GET p=/favicon.png s=200 d=43µs s=449
INF http m=GET p=/apple-touch-icon.png s=200 d=32µs s=2298
INF http m=GET p=/assets/material-symbols-names-mOXCVt15.js s=200 d=83µs s=15793
INF http m=GET p=/assets/fr-CgauyyXq.js s=200 d=92µs s=6301
INF http m=GET p=/assets/es-DHO8DnB9.js s=200 d=59µs s=6015
INF http m=GET p=/assets/emoji-groups-tsNE8Axz.js s=200 d=244µs s=13852
INF http m=POST p=/api/v1/organizations/4463E52CM000/workspaces s=200 d=109ms s=296
INF http m=GET p=/assets/de-qJeflSp6.js s=200 d=68µs s=6245
INF http m=GET p=/assets/WorkspaceSettingsPanel-CsUOm22X.css s=200 d=27µs s=1025
INF http m=GET p=/assets/WorkspaceSettingsPanel-CM5oaFTF.js s=200 d=62µs s=4443
INF http m=POST p=/api/v1/auth/switch-workspace s=200 d=15.2ms s=606
INF http m=GET p=/assets/ServerSettingsPanel-pbgISWIv.css s=200 d=30µs s=596
INF http m=GET p=/assets/ServerSettingsPanel-C8C6nm9a.js s=200 d=52µs s=2550
INF http m=GET p=/assets/ResourceQuotaForm-DTSj8Ta5.css s=200 d=21µs s=302
INF http m=GET p=/assets/ResourceQuotaForm-D6gJNn3N.js s=200 d=26µs s=812
INF http m=GET p=/api/v1/notifications/unread-count s=200 d=365µs s=25
INF http m=GET p=/api/v1/workspaces/4463E5DIO000/members s=200 d=511µs s=124
INF http m=GET p=/api/v1/workspaces/4463E5DIO000/nodes/0/children s=200 d=3.07ms s=26
INF http m=GET p=/assets/ProfileSettings-rthGIjGN.js s=200 d=92µs s=4319
INF http m=GET p=/api/v1/workspaces/4463E1856000/events s=200 d=299ms s=93
INF http m=GET p=/assets/ProfileSettings-D5kbNfHV.css s=200 d=32µs s=1220
INF http m=GET p=/assets/OrgSettingsPanel-BP8s6T0h.css s=200 d=37µs s=511
INF http m=GET p=/assets/OrgSettingsPanel-B78NX7Vn.js s=200 d=69µs s=2302
INF http m=POST p=/api/v1/workspaces/4463E5DIO000/nodes/0/page/create s=200 d=20ms s=35
INF http m=GET p=/assets/InviteForm-R7w4u6kW.js s=200 d=29µs s=1267
INF http m=GET p=/api/v1/workspaces/4463E5DIO000/nodes/0/children s=200 d=256µs s=257
INF http m=GET p=/assets/InviteForm-CW-wgFWD.css s=200 d=25µs s=414
INF http m=GET p=/assets/Editor-BYBWY7b1.css s=200 d=98µs s=2240
INF http m=GET p=/api/v1/workspaces/4463E5DIO000/nodes/4463E6DC2000 s=200 d=200µs s=245
INF http m=GET p=/assets/Editor-5FlZhQpN.js s=200 d=102µs s=13509
INF http m=GET p=/assets/AdminDashboard-R0heLGro.css s=200 d=36µs s=601
INF http m=POST p=/api/v1/workspaces/4463E5DIO000/nodes/0/page/create s=200 d=21.1ms s=26
INF http m=GET p=/assets/AdminDashboard-D3Sw1IyX.js s=200 d=27µs s=2075
INF http m=GET p=/w/@4463E5DIO000+workspace/@4463E6DC2000+welcome s=200 d=31µs s=542
INF http m=GET p=/manifest.webmanifest s=200 d=38µs s=199
INF http m=GET p=/api/v1/workspaces/4463E5DIO000/events s=200 d=88.2ms s=232
INF http m=GET p=/registerSW.js s=200 d=38µs s=87
INF http m=GET p=/api/v1/auth/me s=200 d=1.74ms s=354
INF http m=GET p=/api/v1/notifications/unread-count s=200 d=445µs s=25
INF http m=GET p=/api/v1/workspaces/4463E5DIO000/members s=200 d=347µs s=124
INF http m=GET p=/api/v1/workspaces/4463E5DIO000/nodes/0/children s=200 d=563µs s=263
INF http m=GET p=/api/v1/workspaces/4463E5DIO000/nodes/4463E6DC2000 s=200 d=8.62ms s=245
INF http m=GET p=/api/v1/workspaces/4463E5DIO000/nodes/4463E6J4G000 s=200 d=334µs s=155
INF http m=POST p=/api/v1/auth/register s=200 d=130ms s=390
INF http m=GET p=/ s=200 d=59µs s=542
INF http m=GET p=/assets/index-SHhnYNGf.js s=200 d=144µs s=49792
INF http m=GET p=/assets/index-DPQ8uk7g.css s=200 d=115µs s=12402
INF http m=GET p=/assets/editor-vendor-Bje_VwYD.js s=200 d=126µs s=117396
INF http m=GET p=/assets/vendor-C3WBU0hm.js s=200 d=83µs s=29762
INF http m=GET p=/registerSW.js s=200 d=272µs s=87
INF http m=GET p=/api/v1/auth/me s=200 d=238µs s=166
INF http m=GET p=/assets/en-BOb8f2G7.js s=200 d=107µs s=5207
INF http m=GET p=/api/v1/notifications/unread-count s=200 d=184µs s=25
INF http m=GET p=/favicon.png s=200 d=45µs s=449
INF http m=GET p=/sw.js s=200 d=81µs s=5540
INF http m=POST p=/api/v1/organizations s=200 d=41.2ms s=350
INF http m=GET p=/registerSW.js s=200 d=38µs s=87
INF http m=GET p=/api/v1/auth/me s=200 d=314µs s=252
INF http m=GET p=/api/v1/workspaces/4463E5DIO000/events s=200 d=329ms s=93
INF http m=GET p=/index.html s=200 d=33µs s=542
INF http m=GET p=/icon.svg s=200 d=25µs s=195
INF http m=GET p=/icon-512.png s=200 d=67µs s=6498
INF http m=GET p=/icon-192.png s=200 d=97µs s=2468
INF http m=GET p=/favicon.png s=200 d=21µs s=449
INF http m=GET p=/apple-touch-icon.png s=200 d=29µs s=2298
INF http m=GET p=/assets/material-symbols-names-mOXCVt15.js s=200 d=89µs s=15793
INF http m=GET p=/assets/fr-CgauyyXq.js s=200 d=76µs s=6301
INF http m=GET p=/assets/es-DHO8DnB9.js s=200 d=69µs s=6015
INF http m=GET p=/assets/emoji-groups-tsNE8Axz.js s=200 d=75µs s=13852
INF http m=GET p=/assets/de-qJeflSp6.js s=200 d=99µs s=6245
INF http m=GET p=/assets/WorkspaceSettingsPanel-CsUOm22X.css s=200 d=48µs s=1025
INF http m=GET p=/assets/WorkspaceSettingsPanel-CM5oaFTF.js s=200 d=57µs s=4443
INF http m=GET p=/assets/ServerSettingsPanel-pbgISWIv.css s=200 d=31µs s=596
INF http m=GET p=/assets/ServerSettingsPanel-C8C6nm9a.js s=200 d=54µs s=2550
INF http m=GET p=/assets/ResourceQuotaForm-DTSj8Ta5.css s=200 d=26µs s=302
INF http m=GET p=/assets/ResourceQuotaForm-D6gJNn3N.js s=200 d=29µs s=812
INF http m=GET p=/assets/ProfileSettings-rthGIjGN.js s=200 d=50µs s=4319
INF http m=GET p=/assets/ProfileSettings-D5kbNfHV.css s=200 d=24µs s=1220
INF http m=GET p=/assets/OrgSettingsPanel-BP8s6T0h.css s=200 d=52µs s=511
INF http m=GET p=/assets/OrgSettingsPanel-B78NX7Vn.js s=200 d=31µs s=2302
INF http m=GET p=/assets/InviteForm-R7w4u6kW.js s=200 d=39µs s=1267
INF http m=GET p=/assets/InviteForm-CW-wgFWD.css s=200 d=40µs s=414
INF http m=GET p=/assets/Editor-BYBWY7b1.css s=200 d=41µs s=2240
INF http m=GET p=/assets/Editor-5FlZhQpN.js s=200 d=95µs s=13509
INF http m=GET p=/assets/AdminDashboard-R0heLGro.css s=200 d=35µs s=601
INF http m=GET p=/assets/AdminDashboard-D3Sw1IyX.js s=200 d=54µs s=2075
INF http m=GET p=/manifest.webmanifest s=200 d=25µs s=199
INF http m=POST p=/api/v1/organizations/4463E96JQ000/workspaces s=200 d=313ms s=296
INF http m=POST p=/api/v1/auth/register s=200 d=171ms s=385
INF http m=GET p=/ s=200 d=59µs s=542
INF http m=POST p=/api/v1/auth/switch-workspace s=200 d=17.3ms s=605
INF http m=GET p=/api/v1/workspaces/4463E9J7S000/nodes/0/children s=200 d=312µs s=26
INF http m=GET p=/api/v1/notifications/unread-count s=200 d=1.82ms s=25
INF http m=GET p=/assets/index-DPQ8uk7g.css s=200 d=119µs s=12402
INF http m=GET p=/api/v1/workspaces/4463E9J7S000/members s=200 d=2.06ms s=124
INF http m=GET p=/registerSW.js s=200 d=20µs s=87
INF http m=GET p=/assets/editor-vendor-Bje_VwYD.js s=200 d=131µs s=117396
INF http m=GET p=/assets/index-SHhnYNGf.js s=200 d=77µs s=49792
INF http m=GET p=/assets/vendor-C3WBU0hm.js s=200 d=67µs s=29762
INF http m=POST p=/api/v1/workspaces/4463E9J7S000/nodes/0/page/create s=200 d=61.9ms s=35
INF http m=GET p=/api/v1/workspaces/4463E9J7S000/nodes/0/children s=200 d=447µs s=257
INF http m=GET p=/api/v1/workspaces/4463E9J7S000/nodes/4463EBQ6C000 s=200 d=555µs s=245
INF http m=GET p=/api/v1/auth/me s=200 d=537µs s=164
INF http m=GET p=/assets/en-BOb8f2G7.js s=200 d=114µs s=5207
INF http m=GET p=/api/v1/notifications/unread-count s=200 d=259µs s=25
INF http m=GET p=/sw.js s=200 d=63µs s=5540
INF http m=GET p=/favicon.png s=200 d=39µs s=449
INF http m=GET p=/registerSW.js s=200 d=36µs s=87
INF http m=POST p=/api/v1/organizations s=200 d=22.8ms s=350
INF http m=GET p=/index.html s=200 d=26µs s=542
INF http m=GET p=/api/v1/auth/me s=200 d=556µs s=250
INF http m=GET p=/icon.svg s=200 d=31µs s=195
INF http m=GET p=/icon-512.png s=200 d=91µs s=6498
INF http m=GET p=/icon-192.png s=200 d=24µs s=2468
INF http m=GET p=/favicon.png s=200 d=39µs s=449
INF http m=GET p=/apple-touch-icon.png s=200 d=37µs s=2298
INF http m=GET p=/assets/material-symbols-names-mOXCVt15.js s=200 d=78µs s=15793
INF http m=GET p=/assets/fr-CgauyyXq.js s=200 d=73µs s=6301
INF http m=GET p=/assets/es-DHO8DnB9.js s=200 d=150µs s=6015
INF http m=GET p=/assets/emoji-groups-tsNE8Axz.js s=200 d=71µs s=13852
INF http m=GET p=/assets/de-qJeflSp6.js s=200 d=519µs s=6245
INF http m=GET p=/assets/WorkspaceSettingsPanel-CsUOm22X.css s=200 d=29µs s=1025
INF http m=GET p=/assets/WorkspaceSettingsPanel-CM5oaFTF.js s=200 d=95µs s=4443
INF http m=GET p=/assets/ServerSettingsPanel-pbgISWIv.css s=200 d=40µs s=596
INF http m=GET p=/assets/ServerSettingsPanel-C8C6nm9a.js s=200 d=38µs s=2550
INF http m=GET p=/assets/ResourceQuotaForm-DTSj8Ta5.css s=200 d=19µs s=302
INF http m=GET p=/assets/ResourceQuotaForm-D6gJNn3N.js s=200 d=19µs s=812
INF http m=GET p=/assets/ProfileSettings-rthGIjGN.js s=200 d=55µs s=4319
INF http m=GET p=/assets/ProfileSettings-D5kbNfHV.css s=200 d=73µs s=1220
INF http m=GET p=/assets/OrgSettingsPanel-BP8s6T0h.css s=200 d=19µs s=511
INF http m=GET p=/assets/OrgSettingsPanel-B78NX7Vn.js s=200 d=32µs s=2302
INF http m=POST p=/api/v1/organizations/4463ECOLU000/workspaces s=200 d=111ms s=297
INF http m=GET p=/assets/InviteForm-R7w4u6kW.js s=200 d=21µs s=1267
INF http m=GET p=/assets/InviteForm-CW-wgFWD.css s=200 d=22µs s=414
INF http m=GET p=/assets/Editor-BYBWY7b1.css s=200 d=30µs s=2240
INF http m=GET p=/assets/Editor-5FlZhQpN.js s=200 d=105µs s=13509
INF http m=GET p=/assets/AdminDashboard-R0heLGro.css s=200 d=21µs s=601
INF http m=GET p=/assets/AdminDashboard-D3Sw1IyX.js s=200 d=29µs s=2075
INF http m=GET p=/manifest.webmanifest s=200 d=21µs s=199
INF http m=POST p=/api/v1/auth/switch-workspace s=200 d=63.7ms s=580
INF http m=GET p=/api/v1/notifications/unread-count s=200 d=478µs s=25
INF http m=GET p=/api/v1/workspaces/4463ECUEC000/nodes/0/children s=200 d=582µs s=26
INF http m=GET p=/api/v1/workspaces/4463ECUEC000/members s=200 d=520µs s=124
INF http m=POST p=/api/v1/workspaces/4463ECUEC000/nodes/0/page/create s=200 d=14.6ms s=35
INF http m=GET p=/api/v1/workspaces/4463ECUEC000/nodes/0/children s=200 d=199µs s=257
INF http m=GET p=/api/v1/workspaces/4463ECUEC000/nodes/4463EE364000 s=200 d=160µs s=245
INF http m=POST p=/api/v1/workspaces/4463E9J7S000/nodes/0/page/create s=200 d=12.5ms s=26
INF http m=GET p=/w/@4463E9J7S000+workspace/@4463EBQ6C000+welcome s=200 d=35µs s=542
INF http m=GET p=/api/v1/workspaces/4463E9J7S000/events s=200 d=469ms s=236
INF http m=POST p=/api/v1/workspaces/4463ECUEC000/nodes/0/page/create s=200 d=32.2ms s=26
INF http m=GET p=/api/v1/auth/me s=200 d=424µs s=350
INF http m=GET p=/w/@4463ECUEC000+workspace/@4463EE364000+welcome s=200 d=50µs s=542
INF http m=GET p=/api/v1/workspaces/4463ECUEC000/events s=200 d=140ms s=228
INF http m=GET p=/api/v1/workspaces/4463E9J7S000/nodes/0/children s=200 d=594µs s=264
INF http m=GET p=/api/v1/workspaces/4463E9J7S000/members s=200 d=409µs s=124
INF http m=GET p=/api/v1/notifications/unread-count s=200 d=2.32ms s=25
INF http m=GET p=/api/v1/workspaces/4463E9J7S000/nodes/4463EBQ6C000 s=200 d=1.41ms s=245
INF http m=GET p=/api/v1/auth/me s=200 d=257µs s=350
INF http m=GET p=/api/v1/workspaces/4463E9J7S000/nodes/4463EEGDG000 s=200 d=371µs s=155
INF http m=GET p=/api/v1/notifications/unread-count s=200 d=170µs s=25
INF http m=GET p=/api/v1/workspaces/4463ECUEC000/nodes/0/children s=200 d=258µs s=262
INF http m=GET p=/api/v1/workspaces/4463ECUEC000/members s=200 d=137µs s=124
INF http m=GET p=/api/v1/workspaces/4463ECUEC000/nodes/4463EE364000 s=200 d=906µs s=245
INF http m=GET p=/api/v1/workspaces/4463ECUEC000/nodes/4463EEKKU000 s=200 d=323µs s=155
INF http m=GET p=/api/v1/workspaces/4463E9J7S000/events s=200 d=218ms s=93
INF http m=GET p=/api/v1/workspaces/4463ECUEC000/events s=200 d=308ms s=93
INF http m=POST p=/api/v1/auth/register s=200 d=142ms s=392
INF http m=GET p=/ s=200 d=60µs s=542
INF http m=GET p=/assets/index-SHhnYNGf.js s=200 d=176µs s=49792
INF http m=GET p=/assets/index-DPQ8uk7g.css s=200 d=93µs s=12402
INF http m=GET p=/assets/editor-vendor-Bje_VwYD.js s=200 d=2.14ms s=117396
INF http m=GET p=/registerSW.js s=200 d=48µs s=87
INF http m=GET p=/assets/vendor-C3WBU0hm.js s=200 d=75µs s=29762
INF http m=GET p=/assets/en-BOb8f2G7.js s=200 d=86µs s=5207
INF http m=GET p=/api/v1/auth/me s=200 d=265µs s=165
INF http m=GET p=/api/v1/notifications/unread-count s=200 d=141µs s=25
INF http m=GET p=/favicon.png s=200 d=27µs s=449
INF http m=GET p=/sw.js s=200 d=82µs s=5540
INF http m=POST p=/api/v1/auth/register s=200 d=165ms s=385
INF http m=GET p=/ s=200 d=110µs s=542
INF http m=POST p=/api/v1/organizations s=200 d=60.6ms s=350
INF http m=GET p=/api/v1/auth/me s=200 d=179µs s=252
INF http m=GET p=/registerSW.js s=200 d=27µs s=87
INF http m=GET p=/index.html s=200 d=44µs s=542
INF http m=GET p=/icon.svg s=200 d=51µs s=195
INF http m=GET p=/icon-512.png s=200 d=59µs s=6498
INF http m=GET p=/registerSW.js s=200 d=49µs s=87
INF http m=GET p=/assets/vendor-C3WBU0hm.js s=200 d=109µs s=29762
INF http m=GET p=/assets/index-DPQ8uk7g.css s=200 d=71µs s=12402
INF http m=GET p=/assets/index-SHhnYNGf.js s=200 d=71µs s=49792
INF http m=GET p=/assets/editor-vendor-Bje_VwYD.js s=200 d=127µs s=117396
INF http m=GET p=/icon-192.png s=200 d=34µs s=2468
INF http m=GET p=/favicon.png s=200 d=36µs s=449
INF http m=GET p=/apple-touch-icon.png s=200 d=85µs s=2298
INF http m=GET p=/assets/material-symbols-names-mOXCVt15.js s=200 d=87µs s=15793
INF http m=GET p=/assets/fr-CgauyyXq.js s=200 d=77µs s=6301
INF http m=GET p=/assets/es-DHO8DnB9.js s=200 d=75µs s=6015
INF http m=GET p=/assets/emoji-groups-tsNE8Axz.js s=200 d=117µs s=13852
INF http m=GET p=/api/v1/auth/me s=200 d=287µs s=166
INF http m=GET p=/assets/en-BOb8f2G7.js s=200 d=56µs s=5207
INF http m=GET p=/api/v1/notifications/unread-count s=200 d=386µs s=25
INF http m=GET p=/favicon.png s=200 d=31µs s=449
INF http m=GET p=/sw.js s=200 d=65µs s=5540
INF http m=GET p=/assets/de-qJeflSp6.js s=200 d=78µs s=6245
INF http m=GET p=/registerSW.js s=200 d=30µs s=87
INF http m=GET p=/assets/WorkspaceSettingsPanel-CsUOm22X.css s=200 d=28µs s=1025
INF http m=GET p=/index.html s=200 d=21µs s=542
INF http m=GET p=/assets/WorkspaceSettingsPanel-CM5oaFTF.js s=200 d=46µs s=4443
INF http m=GET p=/icon.svg s=200 d=23µs s=195
INF http m=GET p=/assets/ServerSettingsPanel-pbgISWIv.css s=200 d=32µs s=596
INF http m=GET p=/assets/ServerSettingsPanel-C8C6nm9a.js s=200 d=35µs s=2550
INF http m=GET p=/icon-512.png s=200 d=55µs s=6498
INF http m=GET p=/assets/ResourceQuotaForm-DTSj8Ta5.css s=200 d=24µs s=302
INF http m=GET p=/icon-192.png s=200 d=28µs s=2468
INF http m=GET p=/assets/ResourceQuotaForm-D6gJNn3N.js s=200 d=25µs s=812
INF http m=GET p=/assets/ProfileSettings-rthGIjGN.js s=200 d=44µs s=4319
INF http m=GET p=/favicon.png s=200 d=22µs s=449
INF http m=GET p=/assets/ProfileSettings-D5kbNfHV.css s=200 d=22µs s=1220
INF http m=GET p=/apple-touch-icon.png s=200 d=32µs s=2298
INF http m=GET p=/assets/OrgSettingsPanel-BP8s6T0h.css s=200 d=23µs s=511
INF http m=GET p=/assets/OrgSettingsPanel-B78NX7Vn.js s=200 d=32µs s=2302
INF http m=GET p=/assets/material-symbols-names-mOXCVt15.js s=200 d=72µs s=15793
INF http m=GET p=/assets/InviteForm-R7w4u6kW.js s=200 d=23µs s=1267
INF http m=POST p=/api/v1/organizations/4463EJFM6000/workspaces s=200 d=279ms s=297
INF http m=GET p=/assets/InviteForm-CW-wgFWD.css s=200 d=34µs s=414
INF http m=POST p=/api/v1/organizations s=200 d=111ms s=350
INF http m=GET p=/assets/Editor-BYBWY7b1.css s=200 d=34µs s=2240
INF http m=GET p=/assets/Editor-5FlZhQpN.js s=200 d=69µs s=13509
INF http m=GET p=/api/v1/auth/me s=200 d=186µs s=251
INF http m=GET p=/assets/AdminDashboard-R0heLGro.css s=200 d=41µs s=601
INF http m=GET p=/assets/AdminDashboard-D3Sw1IyX.js s=200 d=46µs s=2075
INF http m=GET p=/assets/fr-CgauyyXq.js s=200 d=41µs s=6301
INF http m=GET p=/manifest.webmanifest s=200 d=32µs s=199
INF http m=GET p=/assets/es-DHO8DnB9.js s=200 d=43µs s=6015
INF http m=POST p=/api/v1/auth/switch-workspace s=200 d=45.4ms s=607
INF http m=GET p=/assets/emoji-groups-tsNE8Axz.js s=200 d=83µs s=13852
INF http m=GET p=/api/v1/notifications/unread-count s=200 d=156µs s=25
INF http m=GET p=/api/v1/workspaces/4463EJTPQ000/nodes/0/children s=200 d=251µs s=26
INF http m=GET p=/api/v1/workspaces/4463EJTPQ000/members s=200 d=1.16ms s=124
INF http m=GET p=/assets/de-qJeflSp6.js s=200 d=118µs s=6245
INF http m=GET p=/assets/WorkspaceSettingsPanel-CsUOm22X.css s=200 d=35µs s=1025
INF http m=GET p=/assets/WorkspaceSettingsPanel-CM5oaFTF.js s=200 d=68µs s=4443
INF http m=GET p=/assets/ServerSettingsPanel-pbgISWIv.css s=200 d=31µs s=596
INF http m=GET p=/assets/ServerSettingsPanel-C8C6nm9a.js s=200 d=29µs s=2550
INF http m=GET p=/assets/ResourceQuotaForm-DTSj8Ta5.css s=200 d=24µs s=302
INF http m=GET p=/assets/ResourceQuotaForm-D6gJNn3N.js s=200 d=26µs s=812
INF http m=GET p=/assets/ProfileSettings-rthGIjGN.js s=200 d=79µs s=4319
INF http m=GET p=/assets/ProfileSettings-D5kbNfHV.css s=200 d=19µs s=1220
INF http m=GET p=/assets/OrgSettingsPanel-BP8s6T0h.css s=200 d=21µs s=511
INF http m=GET p=/assets/OrgSettingsPanel-B78NX7Vn.js s=200 d=31µs s=2302
INF http m=GET p=/assets/InviteForm-R7w4u6kW.js s=200 d=28µs s=1267
INF http m=GET p=/assets/InviteForm-CW-wgFWD.css s=200 d=27µs s=414
INF http m=GET p=/assets/Editor-BYBWY7b1.css s=200 d=28µs s=2240
INF http m=GET p=/assets/Editor-5FlZhQpN.js s=200 d=53µs s=13509
INF http m=GET p=/assets/AdminDashboard-R0heLGro.css s=200 d=21µs s=601
INF http m=GET p=/assets/AdminDashboard-D3Sw1IyX.js s=200 d=46µs s=2075
INF http m=GET p=/manifest.webmanifest s=200 d=21µs s=199
INF http m=POST p=/api/v1/organizations/4463EL0J4000/workspaces s=200 d=227ms s=295
INF http m=POST p=/api/v1/workspaces/4463EJTPQ000/nodes/0/page/create s=200 d=167ms s=35
INF http m=GET p=/api/v1/workspaces/4463EJTPQ000/nodes/0/children s=200 d=178µs s=257
INF http m=GET p=/api/v1/workspaces/4463EJTPQ000/nodes/4463EM6IO000 s=200 d=157µs s=245
INF http m=POST p=/api/v1/auth/switch-workspace s=200 d=14.1ms s=607
INF http m=GET p=/api/v1/notifications/unread-count s=200 d=153µs s=25
INF http m=GET p=/api/v1/workspaces/4463ELQ7S000/nodes/0/children s=200 d=314µs s=26
INF http m=GET p=/api/v1/workspaces/4463ELQ7S000/members s=200 d=954µs s=124
INF http m=POST p=/api/v1/workspaces/4463ELQ7S000/nodes/0/page/create s=200 d=18.4ms s=35
INF http m=GET p=/api/v1/workspaces/4463ELQ7S000/nodes/0/children s=200 d=194µs s=257
INF http m=GET p=/api/v1/workspaces/4463ELQ7S000/nodes/4463ENCK4000 s=200 d=481µs s=245
INF http m=POST p=/api/v1/workspaces/4463EJTPQ000/nodes/0/page/create s=200 d=12.5ms s=26
INF http m=GET p=/w/@4463EJTPQ000+workspace/@4463EM6IO000+welcome s=200 d=27µs s=542
INF http m=GET p=/api/v1/workspaces/4463EJTPQ000/events s=200 d=475ms s=239
INF http m=GET p=/api/v1/auth/me s=200 d=254µs s=351
INF http m=GET p=/api/v1/notifications/unread-count s=200 d=141µs s=25
INF http m=GET p=/api/v1/workspaces/4463EJTPQ000/nodes/0/children s=200 d=467µs s=272
INF http m=GET p=/api/v1/workspaces/4463EJTPQ000/members s=200 d=111µs s=124
INF http m=GET p=/api/v1/workspaces/4463EJTPQ000/nodes/4463EM6IO000 s=200 d=249µs s=245
INF http m=GET p=/api/v1/workspaces/4463EJTPQ000/nodes/4463EOPNI000 s=200 d=287µs s=155
INF http m=POST p=/api/v1/workspaces/4463ELQ7S000/nodes/0/page/create s=200 d=12.9ms s=26
INF http m=GET p=/w/@4463ELQ7S000+workspace/@4463ENCK4000+welcome s=200 d=35µs s=542
INF http m=GET p=/api/v1/workspaces/4463ELQ7S000/events s=200 d=465ms s=235
INF http m=GET p=/api/v1/auth/me s=200 d=321µs s=351
INF http m=GET p=/api/v1/notifications/unread-count s=200 d=301µs s=25
INF http m=GET p=/api/v1/workspaces/4463ELQ7S000/members s=200 d=503µs s=124
INF http m=GET p=/api/v1/workspaces/4463ELQ7S000/nodes/4463ENCK4000 s=200 d=489µs s=245
INF http m=GET p=/api/v1/workspaces/4463ELQ7S000/nodes/0/children s=200 d=6.17ms s=264
INF http m=GET p=/api/v1/workspaces/4463EJTPQ000/events s=200 d=263ms s=93
INF http m=GET p=/api/v1/workspaces/4463ELQ7S000/nodes/4463EQ30M000 s=200 d=314µs s=155
INF http m=POST p=/api/v1/auth/register s=200 d=114ms s=385
INF http m=GET p=/ s=200 d=60µs s=542
INF http m=GET p=/registerSW.js s=200 d=59µs s=87
INF http m=GET p=/assets/vendor-C3WBU0hm.js s=200 d=118µs s=29762
INF http m=GET p=/assets/index-DPQ8uk7g.css s=200 d=71µs s=12402
INF http m=GET p=/assets/editor-vendor-Bje_VwYD.js s=200 d=119µs s=117396
INF http m=GET p=/assets/index-SHhnYNGf.js s=200 d=78µs s=49792
INF http m=GET p=/api/v1/workspaces/4463ELQ7S000/events s=200 d=376ms s=93
INF http m=GET p=/assets/en-BOb8f2G7.js s=200 d=86µs s=5207
INF http m=GET p=/api/v1/auth/me s=200 d=201µs s=167
INF http m=GET p=/api/v1/notifications/unread-count s=200 d=174µs s=25
INF http m=GET p=/favicon.png s=200 d=37µs s=449
INF http m=GET p=/sw.js s=200 d=57µs s=5540
INF http m=GET p=/registerSW.js s=200 d=37µs s=87
INF http m=POST p=/api/v1/organizations s=200 d=38.5ms s=351
INF http m=GET p=/index.html s=200 d=42µs s=542
INF http m=GET p=/api/v1/auth/me s=200 d=227µs s=255
INF http m=GET p=/icon.svg s=200 d=24µs s=195
INF http m=GET p=/icon-512.png s=200 d=64µs s=6498
INF http m=GET p=/icon-192.png s=200 d=41µs s=2468
INF http m=GET p=/favicon.png s=200 d=37µs s=449
INF http m=GET p=/apple-touch-icon.png s=200 d=44µs s=2298
INF http m=GET p=/assets/material-symbols-names-mOXCVt15.js s=200 d=102µs s=15793
INF http m=GET p=/assets/fr-CgauyyXq.js s=200 d=74µs s=6301
INF http m=GET p=/assets/es-DHO8DnB9.js s=200 d=108µs s=6015
INF http m=GET p=/assets/emoji-groups-tsNE8Axz.js s=200 d=82µs s=13852
INF http m=GET p=/assets/de-qJeflSp6.js s=200 d=82µs s=6245
INF http m=GET p=/assets/WorkspaceSettingsPanel-CsUOm22X.css s=200 d=39µs s=1025
INF http m=GET p=/assets/WorkspaceSettingsPanel-CM5oaFTF.js s=200 d=50µs s=4443
INF http m=GET p=/assets/ServerSettingsPanel-pbgISWIv.css s=200 d=90µs s=596
INF http m=GET p=/assets/ServerSettingsPanel-C8C6nm9a.js s=200 d=30µs s=2550
INF http m=GET p=/assets/ResourceQuotaForm-DTSj8Ta5.css s=200 d=27µs s=302
INF http m=GET p=/assets/ResourceQuotaForm-D6gJNn3N.js s=200 d=25µs s=812
INF http m=GET p=/assets/ProfileSettings-rthGIjGN.js s=200 d=48µs s=4319
INF http m=GET p=/assets/ProfileSettings-D5kbNfHV.css s=200 d=25µs s=1220
INF http m=GET p=/assets/OrgSettingsPanel-BP8s6T0h.css s=200 d=25µs s=511
INF http m=GET p=/assets/OrgSettingsPanel-B78NX7Vn.js s=200 d=29µs s=2302
INF http m=GET p=/assets/InviteForm-R7w4u6kW.js s=200 d=28µs s=1267
INF http m=GET p=/assets/InviteForm-CW-wgFWD.css s=200 d=24µs s=414
INF http m=GET p=/assets/Editor-BYBWY7b1.css s=200 d=76µs s=2240
INF http m=GET p=/assets/Editor-5FlZhQpN.js s=200 d=64µs s=13509
INF http m=GET p=/assets/AdminDashboard-R0heLGro.css s=200 d=30µs s=601
INF http m=GET p=/assets/AdminDashboard-D3Sw1IyX.js s=200 d=34µs s=2075
INF http m=POST p=/api/v1/organizations/4463ETG9M000/workspaces s=200 d=254ms s=296
INF http m=GET p=/manifest.webmanifest s=200 d=26µs s=199
INF http m=POST p=/api/v1/auth/register s=200 d=183ms s=382
INF http m=GET p=/ s=200 d=80µs s=542
INF http m=POST p=/api/v1/auth/switch-workspace s=200 d=37.4ms s=609
INF http m=GET p=/assets/index-DPQ8uk7g.css s=200 d=76µs s=12402
INF http m=GET p=/assets/index-SHhnYNGf.js s=200 d=174µs s=49792
INF http m=GET p=/assets/editor-vendor-Bje_VwYD.js s=200 d=123µs s=117396
INF http m=GET p=/registerSW.js s=200 d=39µs s=87
INF http m=GET p=/assets/vendor-C3WBU0hm.js s=200 d=108µs s=29762
INF http m=GET p=/api/v1/notifications/unread-count s=200 d=397µs s=25
INF http m=GET p=/api/v1/workspaces/4463ETT1E000/nodes/0/children s=200 d=329µs s=26
INF http m=GET p=/api/v1/workspaces/4463ETT1E000/members s=200 d=111µs s=124
INF http m=POST p=/api/v1/workspaces/4463ETT1E000/nodes/0/page/create s=200 d=41.2ms s=35
INF http m=GET p=/api/v1/workspaces/4463ETT1E000/nodes/0/children s=200 d=252µs s=257
INF http m=GET p=/api/v1/workspaces/4463ETT1E000/nodes/4463EVVSI000 s=200 d=245µs s=245
INF http m=GET p=/assets/en-BOb8f2G7.js s=200 d=121µs s=5207
INF http m=GET p=/api/v1/auth/me s=200 d=204µs s=167
INF http m=GET p=/api/v1/notifications/unread-count s=200 d=152µs s=25
INF http m=GET p=/favicon.png s=200 d=39µs s=449
INF http m=GET p=/sw.js s=200 d=48µs s=5540
INF http m=GET p=/registerSW.js s=200 d=37µs s=87
INF http m=POST p=/api/v1/organizations s=200 d=20.4ms s=349
INF http m=GET p=/api/v1/auth/me s=200 d=876µs s=253
INF http m=GET p=/index.html s=200 d=33µs s=542
INF http m=GET p=/icon.svg s=200 d=29µs s=195
INF http m=GET p=/icon-512.png s=200 d=85µs s=6498
INF http m=GET p=/icon-192.png s=200 d=36µs s=2468
INF http m=GET p=/favicon.png s=200 d=45µs s=449
INF http m=GET p=/apple-touch-icon.png s=200 d=32µs s=2298
INF http m=GET p=/assets/material-symbols-names-mOXCVt15.js s=200 d=91µs s=15793
INF http m=GET p=/assets/fr-CgauyyXq.js s=200 d=83µs s=6301
INF http m=GET p=/assets/es-DHO8DnB9.js s=200 d=56µs s=6015
INF http m=GET p=/assets/emoji-groups-tsNE8Axz.js s=200 d=97µs s=13852
INF http m=GET p=/assets/de-qJeflSp6.js s=200 d=91µs s=6245
INF http m=GET p=/assets/WorkspaceSettingsPanel-CsUOm22X.css s=200 d=23µs s=1025
INF http m=GET p=/assets/WorkspaceSettingsPanel-CM5oaFTF.js s=200 d=419µs s=4443
INF http m=GET p=/assets/ServerSettingsPanel-pbgISWIv.css s=200 d=23µs s=596
INF http m=GET p=/assets/ServerSettingsPanel-C8C6nm9a.js s=200 d=28µs s=2550
INF http m=GET p=/assets/ResourceQuotaForm-DTSj8Ta5.css s=200 d=22µs s=302
INF http m=GET p=/assets/ResourceQuotaForm-D6gJNn3N.js s=200 d=19µs s=812
INF http m=GET p=/assets/ProfileSettings-rthGIjGN.js s=200 d=58µs s=4319
INF http m=GET p=/assets/ProfileSettings-D5kbNfHV.css s=200 d=17µs s=1220
INF http m=GET p=/assets/OrgSettingsPanel-BP8s6T0h.css s=200 d=21µs s=511
INF http m=GET p=/assets/OrgSettingsPanel-B78NX7Vn.js s=200 d=26µs s=2302
INF http m=GET p=/assets/InviteForm-R7w4u6kW.js s=200 d=20µs s=1267
INF http m=GET p=/assets/InviteForm-CW-wgFWD.css s=200 d=20µs s=414
INF http m=GET p=/assets/Editor-BYBWY7b1.css s=200 d=27µs s=2240
INF http m=GET p=/assets/Editor-5FlZhQpN.js s=200 d=53µs s=13509
INF http m=GET p=/assets/AdminDashboard-R0heLGro.css s=200 d=19µs s=601
INF http m=GET p=/assets/AdminDashboard-D3Sw1IyX.js s=200 d=26µs s=2075
INF http m=GET p=/manifest.webmanifest s=200 d=19µs s=199
INF http m=POST p=/api/v1/organizations/4463F0J70000/workspaces s=200 d=209ms s=294
INF http m=POST p=/api/v1/auth/switch-workspace s=200 d=10.7ms s=605
INF http m=GET p=/api/v1/notifications/unread-count s=200 d=106µs s=25
INF http m=GET p=/api/v1/workspaces/4463F0Q96000/nodes/0/children s=200 d=205µs s=26
INF http m=GET p=/api/v1/workspaces/4463F0Q96000/members s=200 d=98µs s=124
INF http m=POST p=/api/v1/workspaces/4463F0Q96000/nodes/0/page/create s=200 d=14.6ms s=35
INF http m=GET p=/api/v1/workspaces/4463F0Q96000/nodes/0/children s=200 d=204µs s=257
INF http m=GET p=/api/v1/workspaces/4463F0Q96000/nodes/4463F27LM000 s=200 d=171µs s=245
INF http m=POST p=/api/v1/workspaces/4463F0Q96000/nodes/0/page/create s=200 d=12.9ms s=26
INF http m=GET p=/w/@4463F0Q96000+workspace/@4463F27LM000+welcome s=200 d=33µs s=542
INF http m=GET p=/api/v1/workspaces/4463F0Q96000/events s=200 d=94ms s=236
INF http m=GET p=/api/v1/auth/me s=200 d=217µs s=355
INF http m=GET p=/api/v1/notifications/unread-count s=200 d=147µs s=25
INF http m=GET p=/api/v1/workspaces/4463F0Q96000/nodes/0/children s=200 d=274µs s=263
INF http m=GET p=/api/v1/workspaces/4463F0Q96000/members s=200 d=1.43ms s=124
INF http m=POST p=/api/v1/workspaces/4463ETT1E000/nodes/0/page/create s=200 d=18.1ms s=26
INF http m=GET p=/api/v1/workspaces/4463F0Q96000/nodes/4463F27LM000 s=200 d=4.79ms s=245
INF http m=GET p=/w/@4463ETT1E000+workspace/@4463EVVSI000+welcome s=200 d=43µs s=542
INF http m=GET p=/api/v1/workspaces/4463ETT1E000/events s=200 d=539ms s=238
INF http m=GET p=/api/v1/workspaces/4463F0Q96000/nodes/4463F2LGQ000 s=200 d=323µs s=156
INF http m=GET p=/api/v1/auth/me s=200 d=224µs s=354
INF http m=GET p=/api/v1/notifications/unread-count s=200 d=162µs s=25
INF http m=GET p=/api/v1/workspaces/4463ETT1E000/nodes/0/children s=200 d=279µs s=270
INF http m=GET p=/api/v1/workspaces/4463ETT1E000/members s=200 d=118µs s=124
INF http m=GET p=/api/v1/workspaces/4463ETT1E000/nodes/4463EVVSI000 s=200 d=156µs s=245
INF http m=GET p=/api/v1/workspaces/4463ETT1E000/nodes/4463F320G000 s=200 d=538µs s=155
INF http m=GET p=/api/v1/workspaces/4463F0Q96000/events s=200 d=193ms s=93
INF http m=POST p=/api/v1/auth/register s=200 d=91.7ms s=381
INF http m=GET p=/ s=200 d=74µs s=542
INF http m=GET p=/assets/index-DPQ8uk7g.css s=200 d=124µs s=12402
INF http m=GET p=/assets/editor-vendor-Bje_VwYD.js s=200 d=116µs s=117396
INF http m=GET p=/assets/vendor-C3WBU0hm.js s=200 d=78µs s=29762
INF http m=GET p=/assets/index-SHhnYNGf.js s=200 d=579µs s=49792
INF http m=GET p=/registerSW.js s=200 d=55µs s=87
INF http m=GET p=/api/v1/workspaces/4463ETT1E000/events s=200 d=372ms s=93
INF http m=GET p=/api/v1/auth/me s=200 d=584µs s=165
INF http m=GET p=/assets/en-BOb8f2G7.js s=200 d=75µs s=5207
INF http m=GET p=/api/v1/notifications/unread-count s=200 d=829µs s=25
INF http m=GET p=/favicon.png s=200 d=38µs s=449
INF http m=GET p=/sw.js s=200 d=117µs s=5540
INF http m=POST p=/api/v1/organizations s=200 d=44.2ms s=351
INF http m=GET p=/api/v1/auth/me s=200 d=1.06ms s=251
INF http m=GET p=/registerSW.js s=200 d=41µs s=87
INF http m=GET p=/index.html s=200 d=38µs s=542
INF http m=GET p=/icon.svg s=200 d=36µs s=195
INF http m=GET p=/icon-512.png s=200 d=100µs s=6498
INF http m=GET p=/icon-192.png s=200 d=41µs s=2468
INF http m=GET p=/favicon.png s=200 d=27µs s=449
INF http m=GET p=/apple-touch-icon.png s=200 d=35µs s=2298
INF http m=GET p=/assets/material-symbols-names-mOXCVt15.js s=200 d=92µs s=15793
INF http m=GET p=/assets/fr-CgauyyXq.js s=200 d=84µs s=6301
INF http m=GET p=/assets/es-DHO8DnB9.js s=200 d=53µs s=6015
INF http m=GET p=/assets/emoji-groups-tsNE8Axz.js s=200 d=92µs s=13852
INF http m=GET p=/assets/de-qJeflSp6.js s=200 d=96µs s=6245
INF http m=GET p=/assets/WorkspaceSettingsPanel-CsUOm22X.css s=200 d=38µs s=1025
INF http m=GET p=/assets/WorkspaceSettingsPanel-CM5oaFTF.js s=200 d=70µs s=4443
INF http m=GET p=/assets/ServerSettingsPanel-pbgISWIv.css s=200 d=53µs s=596
INF http m=GET p=/assets/ServerSettingsPanel-C8C6nm9a.js s=200 d=57µs s=2550
INF http m=GET p=/assets/ResourceQuotaForm-DTSj8Ta5.css s=200 d=37µs s=302
INF http m=GET p=/assets/ResourceQuotaForm-D6gJNn3N.js s=200 d=39µs s=812
INF http m=GET p=/assets/ProfileSettings-rthGIjGN.js s=200 d=60µs s=4319
INF http m=GET p=/assets/ProfileSettings-D5kbNfHV.css s=200 d=35µs s=1220
INF http m=GET p=/assets/OrgSettingsPanel-BP8s6T0h.css s=200 d=26µs s=511
INF http m=GET p=/assets/OrgSettingsPanel-B78NX7Vn.js s=200 d=32µs s=2302
INF http m=POST p=/api/v1/organizations/4463F6OMU000/workspaces s=200 d=294ms s=296
INF http m=GET p=/assets/InviteForm-R7w4u6kW.js s=200 d=32µs s=1267
INF http m=POST p=/api/v1/auth/register s=200 d=248ms s=383
INF http m=GET p=/assets/InviteForm-CW-wgFWD.css s=200 d=28µs s=414
INF http m=GET p=/assets/Editor-BYBWY7b1.css s=200 d=68µs s=2240
INF http m=GET p=/assets/Editor-5FlZhQpN.js s=200 d=64µs s=13509
INF http m=GET p=/ s=200 d=40µs s=542
INF http m=GET p=/assets/AdminDashboard-R0heLGro.css s=200 d=23µs s=601
INF http m=GET p=/assets/AdminDashboard-D3Sw1IyX.js s=200 d=36µs s=2075
INF http m=GET p=/manifest.webmanifest s=200 d=25µs s=199
INF http m=GET p=/assets/index-SHhnYNGf.js s=200 d=141µs s=49792
INF http m=POST p=/api/v1/auth/switch-workspace s=200 d=57.2ms s=603
INF http m=GET p=/assets/index-DPQ8uk7g.css s=200 d=122µs s=12402
INF http m=GET p=/assets/editor-vendor-Bje_VwYD.js s=200 d=149µs s=117396
INF http m=GET p=/assets/vendor-C3WBU0hm.js s=200 d=92µs s=29762
INF http m=GET p=/registerSW.js s=200 d=29µs s=87
INF http m=GET p=/api/v1/workspaces/4463F74P6000/nodes/0/children s=200 d=6.11ms s=26
INF http m=GET p=/api/v1/workspaces/4463F74P6000/members s=200 d=12ms s=124
INF http m=GET p=/api/v1/notifications/unread-count s=200 d=10.4ms s=25
INF http m=POST p=/api/v1/workspaces/4463F74P6000/nodes/0/page/create s=200 d=19ms s=35
INF http m=GET p=/api/v1/workspaces/4463F74P6000/nodes/0/children s=200 d=588µs s=257
INF http m=GET p=/api/v1/workspaces/4463F74P6000/nodes/4463F9IHG000 s=200 d=604µs s=245
INF http m=GET p=/assets/en-BOb8f2G7.js s=200 d=116µs s=5207
INF http m=GET p=/api/v1/auth/me s=200 d=904µs s=165
INF http m=GET p=/favicon.png s=200 d=59µs s=449
INF http m=GET p=/api/v1/notifications/unread-count s=200 d=165µs s=25
INF http m=GET p=/sw.js s=200 d=85µs s=5540
INF http m=GET p=/registerSW.js s=200 d=39µs s=87
INF http m=POST p=/api/v1/organizations s=200 d=37.3ms s=350
INF http m=GET p=/index.html s=200 d=32µs s=542
INF http m=GET p=/api/v1/auth/me s=200 d=310µs s=251
INF http m=GET p=/icon.svg s=200 d=22µs s=195
INF http m=GET p=/icon-512.png s=200 d=90µs s=6498
INF http m=GET p=/icon-192.png s=200 d=27µs s=2468
INF http m=GET p=/favicon.png s=200 d=31µs s=449
INF http m=GET p=/apple-touch-icon.png s=200 d=38µs s=2298
INF http m=GET p=/assets/material-symbols-names-mOXCVt15.js s=200 d=121µs s=15793
INF http m=GET p=/assets/fr-CgauyyXq.js s=200 d=497µs s=6301
INF http m=GET p=/assets/es-DHO8DnB9.js s=200 d=63µs s=6015
INF http m=GET p=/assets/emoji-groups-tsNE8Axz.js s=200 d=72µs s=13852
INF http m=GET p=/assets/de-qJeflSp6.js s=200 d=96µs s=6245
INF http m=GET p=/assets/WorkspaceSettingsPanel-CsUOm22X.css s=200 d=22µs s=1025
INF http m=GET p=/assets/WorkspaceSettingsPanel-CM5oaFTF.js s=200 d=45µs s=4443
INF http m=GET p=/assets/ServerSettingsPanel-pbgISWIv.css s=200 d=20µs s=596
INF http m=GET p=/assets/ServerSettingsPanel-C8C6nm9a.js s=200 d=30µs s=2550
INF http m=GET p=/assets/ResourceQuotaForm-DTSj8Ta5.css s=200 d=30µs s=302
INF http m=GET p=/assets/ResourceQuotaForm-D6gJNn3N.js s=200 d=19µs s=812
INF http m=GET p=/assets/ProfileSettings-rthGIjGN.js s=200 d=50µs s=4319
INF http m=GET p=/assets/ProfileSettings-D5kbNfHV.css s=200 d=37µs s=1220
INF http m=GET p=/assets/OrgSettingsPanel-BP8s6T0h.css s=200 d=22µs s=511
INF http m=GET p=/assets/OrgSettingsPanel-B78NX7Vn.js s=200 d=24µs s=2302
INF http m=POST p=/api/v1/organizations/4463FA4RS000/workspaces s=200 d=121ms s=296
INF http m=GET p=/assets/InviteForm-R7w4u6kW.js s=200 d=19µs s=1267
INF http m=GET p=/assets/InviteForm-CW-wgFWD.css s=200 d=19µs s=414
INF http m=GET p=/assets/Editor-BYBWY7b1.css s=200 d=113µs s=2240
INF http m=GET p=/assets/Editor-5FlZhQpN.js s=200 d=81µs s=13509
INF http m=GET p=/assets/AdminDashboard-R0heLGro.css s=200 d=19µs s=601
INF http m=GET p=/assets/AdminDashboard-D3Sw1IyX.js s=200 d=24µs s=2075
INF http m=POST p=/api/v1/auth/switch-workspace s=200 d=14.2ms s=605
INF http m=GET p=/manifest.webmanifest s=200 d=21µs s=199
INF http m=GET p=/api/v1/notifications/unread-count s=200 d=124µs s=25
INF http m=GET p=/api/v1/workspaces/4463FADN0000/nodes/0/children s=200 d=895µs s=26
INF http m=GET p=/api/v1/workspaces/4463FADN0000/members s=200 d=842µs s=124
INF http m=POST p=/api/v1/workspaces/4463FADN0000/nodes/0/page/create s=200 d=13.4ms s=35
INF http m=GET p=/api/v1/workspaces/4463FADN0000/nodes/0/children s=200 d=201µs s=257
INF http m=GET p=/api/v1/workspaces/4463FADN0000/nodes/4463FBCK2000 s=200 d=150µs s=245
INF http m=POST p=/api/v1/workspaces/4463FADN0000/nodes/0/page/create s=200 d=13.7ms s=26
INF http m=GET p=/w/@4463FADN0000+workspace/@4463FBCK2000+welcome s=200 d=36µs s=542
INF http m=GET p=/api/v1/workspaces/4463FADN0000/events s=200 d=66.2ms s=229
INF http m=GET p=/api/v1/auth/me s=200 d=248µs s=353
INF http m=GET p=/api/v1/workspaces/4463FADN0000/nodes/4463FBCK2000 s=200 d=280µs s=245
INF http m=GET p=/api/v1/workspaces/4463FADN0000/members s=200 d=367µs s=124
INF http m=GET p=/api/v1/notifications/unread-count s=200 d=161µs s=25
INF http m=GET p=/api/v1/workspaces/4463FADN0000/nodes/0/children s=200 d=611µs s=263
INF http m=GET p=/api/v1/workspaces/4463FADN0000/nodes/4463FBIU6000 s=200 d=262µs s=155
INF http m=POST p=/api/v1/workspaces/4463F74P6000/nodes/0/page/create s=200 d=16.5ms s=26
INF http m=GET p=/w/@4463F74P6000+workspace/@4463F9IHG000+welcome s=200 d=40µs s=542
INF http m=GET p=/api/v1/workspaces/4463F74P6000/events s=200 d=500ms s=236
INF http m=GET p=/api/v1/auth/me s=200 d=245µs s=351
INF http m=GET p=/api/v1/notifications/unread-count s=200 d=156µs s=25
INF http m=GET p=/api/v1/workspaces/4463F74P6000/nodes/0/children s=200 d=298µs s=264
INF http m=GET p=/api/v1/workspaces/4463F74P6000/members s=200 d=115µs s=124
INF http m=GET p=/api/v1/workspaces/4463F74P6000/nodes/4463F9IHG000 s=200 d=165µs s=245
INF http m=GET p=/api/v1/workspaces/4463F74P6000/nodes/4463FCBD6000 s=200 d=644µs s=155
INF http m=GET p=/api/v1/workspaces/4463FADN0000/events s=200 d=210ms s=93
INF http m=GET p=/api/v1/workspaces/4463F74P6000/events s=200 d=262ms s=93
INF http m=POST p=/api/v1/auth/register s=200 d=94.9ms s=385
INF http m=GET p=/ s=200 d=110µs s=542
INF http m=GET p=/registerSW.js s=200 d=51µs s=87
INF http m=GET p=/assets/vendor-C3WBU0hm.js s=200 d=124µs s=29762
INF http m=GET p=/assets/index-SHhnYNGf.js s=200 d=90µs s=49792
INF http m=GET p=/assets/editor-vendor-Bje_VwYD.js s=200 d=129µs s=117396
INF http m=GET p=/assets/index-DPQ8uk7g.css s=200 d=75µs s=12402
INF http m=GET p=/assets/en-BOb8f2G7.js s=200 d=140µs s=5207
INF http m=GET p=/api/v1/auth/me s=200 d=8.73ms s=167
INF http m=GET p=/favicon.png s=200 d=48µs s=449
INF http m=GET p=/api/v1/notifications/unread-count s=200 d=118µs s=25
INF http m=GET p=/sw.js s=200 d=80µs s=5540
INF http m=GET p=/registerSW.js s=200 d=40µs s=87
INF http m=GET p=/index.html s=200 d=41µs s=542
INF http m=POST p=/api/v1/organizations s=200 d=65ms s=351
INF http m=GET p=/icon.svg s=200 d=31µs s=195
INF http m=GET p=/icon-512.png s=200 d=157µs s=6498
INF http m=GET p=/icon-192.png s=200 d=51µs s=2468
INF http m=GET p=/api/v1/auth/me s=200 d=316µs s=253
INF http m=GET p=/favicon.png s=200 d=23µs s=449
INF http m=GET p=/apple-touch-icon.png s=200 d=44µs s=2298
INF http m=GET p=/assets/material-symbols-names-mOXCVt15.js s=200 d=120µs s=15793
INF http m=POST p=/api/v1/auth/register s=200 d=172ms s=387
INF http m=GET p=/assets/fr-CgauyyXq.js s=200 d=81µs s=6301
INF http m=GET p=/assets/es-DHO8DnB9.js s=200 d=95µs s=6015
INF http m=GET p=/assets/emoji-groups-tsNE8Axz.js s=200 d=95µs s=13852
INF http m=GET p=/ s=200 d=51µs s=542
INF http m=GET p=/assets/index-SHhnYNGf.js s=200 d=176µs s=49792
INF http m=GET p=/assets/index-DPQ8uk7g.css s=200 d=94µs s=12402
INF http m=GET p=/assets/editor-vendor-Bje_VwYD.js s=200 d=165µs s=117396
INF http m=GET p=/assets/vendor-C3WBU0hm.js s=200 d=137µs s=29762
INF http m=GET p=/registerSW.js s=200 d=51µs s=87
INF http m=GET p=/assets/de-qJeflSp6.js s=200 d=76µs s=6245
INF http m=GET p=/assets/WorkspaceSettingsPanel-CsUOm22X.css s=200 d=41µs s=1025
INF http m=GET p=/assets/WorkspaceSettingsPanel-CM5oaFTF.js s=200 d=68µs s=4443
INF http m=GET p=/assets/ServerSettingsPanel-pbgISWIv.css s=200 d=42µs s=596
INF http m=GET p=/assets/ServerSettingsPanel-C8C6nm9a.js s=200 d=55µs s=2550
INF http m=GET p=/assets/ResourceQuotaForm-DTSj8Ta5.css s=200 d=65µs s=302
INF http m=GET p=/assets/ResourceQuotaForm-D6gJNn3N.js s=200 d=40µs s=812
INF http m=GET p=/assets/ProfileSettings-rthGIjGN.js s=200 d=60µs s=4319
INF http m=GET p=/assets/ProfileSettings-D5kbNfHV.css s=200 d=39µs s=1220
INF http m=GET p=/assets/OrgSettingsPanel-BP8s6T0h.css s=200 d=30µs s=511
INF http m=GET p=/assets/OrgSettingsPanel-B78NX7Vn.js s=200 d=36µs s=2302
INF http m=GET p=/assets/InviteForm-R7w4u6kW.js s=200 d=27µs s=1267
INF http m=GET p=/assets/en-BOb8f2G7.js s=200 d=77µs s=5207
INF http m=GET p=/api/v1/auth/me s=200 d=4.75ms s=167
INF http m=GET p=/assets/InviteForm-CW-wgFWD.css s=200 d=24µs s=414
INF http m=GET p=/assets/Editor-BYBWY7b1.css s=200 d=67µs s=2240
INF http m=GET p=/assets/Editor-5FlZhQpN.js s=200 d=74µs s=13509
INF http m=GET p=/assets/AdminDashboard-R0heLGro.css s=200 d=33µs s=601
INF http m=GET p=/assets/AdminDashboard-D3Sw1IyX.js s=200 d=47µs s=2075
INF http m=GET p=/manifest.webmanifest s=200 d=32µs s=199
INF http m=GET p=/api/v1/notifications/unread-count s=200 d=201µs s=25
INF http m=GET p=/sw.js s=200 d=88µs s=5540
INF http m=GET p=/favicon.png s=200 d=42µs s=449
INF http m=GET p=/registerSW.js s=200 d=32µs s=87
INF http m=GET p=/index.html s=200 d=38µs s=542
INF http m=GET p=/icon.svg s=200 d=24µs s=195
INF http m=GET p=/icon-512.png s=200 d=111µs s=6498
INF http m=GET p=/icon-192.png s=200 d=50µs s=2468
INF http m=POST p=/api/v1/organizations/4463FG5HI000/workspaces s=200 d=325ms s=295
INF http m=GET p=/favicon.png s=200 d=15µs s=449
INF http m=POST p=/api/v1/organizations s=200 d=66.8ms s=350
INF http m=GET p=/api/v1/auth/me s=200 d=1.99ms s=252
INF http m=GET p=/apple-touch-icon.png s=200 d=70µs s=2298
INF http m=POST p=/api/v1/auth/switch-workspace s=200 d=25.7ms s=611
INF http m=GET p=/assets/material-symbols-names-mOXCVt15.js s=200 d=90µs s=15793
INF http m=GET p=/api/v1/workspaces/4463FGM36000/nodes/0/children s=200 d=2.4ms s=26
INF http m=GET p=/api/v1/notifications/unread-count s=200 d=14.5ms s=25
INF http m=GET p=/api/v1/workspaces/4463FGM36000/members s=200 d=9.34ms s=124
INF http m=GET p=/assets/fr-CgauyyXq.js s=200 d=127µs s=6301
INF http m=GET p=/assets/es-DHO8DnB9.js s=200 d=82µs s=6015
INF http m=GET p=/assets/emoji-groups-tsNE8Axz.js s=200 d=103µs s=13852
INF http m=GET p=/assets/de-qJeflSp6.js s=200 d=71µs s=6245
INF http m=GET p=/assets/WorkspaceSettingsPanel-CsUOm22X.css s=200 d=33µs s=1025
INF http m=GET p=/assets/WorkspaceSettingsPanel-CM5oaFTF.js s=200 d=61µs s=4443
INF http m=GET p=/assets/ServerSettingsPanel-pbgISWIv.css s=200 d=23µs s=596
INF http m=GET p=/assets/ServerSettingsPanel-C8C6nm9a.js s=200 d=45µs s=2550
INF http m=GET p=/assets/ResourceQuotaForm-DTSj8Ta5.css s=200 d=37µs s=302
INF http m=GET p=/assets/ResourceQuotaForm-D6gJNn3N.js s=200 d=20µs s=812
INF http m=GET p=/assets/ProfileSettings-rthGIjGN.js s=200 d=41µs s=4319
INF http m=GET p=/assets/ProfileSettings-D5kbNfHV.css s=200 d=93µs s=1220
INF http m=GET p=/assets/OrgSettingsPanel-BP8s6T0h.css s=200 d=28µs s=511
INF http m=GET p=/assets/OrgSettingsPanel-B78NX7Vn.js s=200 d=39µs s=2302
INF http m=GET p=/assets/InviteForm-R7w4u6kW.js s=200 d=25µs s=1267
INF http m=GET p=/assets/InviteForm-CW-wgFWD.css s=200 d=40µs s=414
INF http m=GET p=/assets/Editor-BYBWY7b1.css s=200 d=31µs s=2240
INF http m=GET p=/assets/Editor-5FlZhQpN.js s=200 d=57µs s=13509
INF http m=GET p=/assets/AdminDashboard-R0heLGro.css s=200 d=20µs s=601
INF http m=POST p=/api/v1/organizations/4463FI9OM000/workspaces s=200 d=190ms s=298
INF http m=GET p=/assets/AdminDashboard-D3Sw1IyX.js s=200 d=58µs s=2075
INF http m=POST p=/api/v1/workspaces/4463FGM36000/nodes/0/page/create s=200 d=151ms s=35
INF http m=GET p=/manifest.webmanifest s=200 d=21µs s=199
INF http m=GET p=/api/v1/workspaces/4463FGM36000/nodes/0/children s=200 d=489µs s=257
INF http m=GET p=/api/v1/workspaces/4463FGM36000/nodes/4463FJ22S000 s=200 d=797µs s=245
INF http m=POST p=/api/v1/auth/switch-workspace s=200 d=20.4ms s=606
INF http m=GET p=/api/v1/workspaces/4463FIP6A000/nodes/0/children s=200 d=306µs s=26
INF http m=GET p=/api/v1/notifications/unread-count s=200 d=2.46ms s=25
INF http m=GET p=/api/v1/workspaces/4463FIP6A000/members s=200 d=1.15ms s=124
INF http m=POST p=/api/v1/workspaces/4463FIP6A000/nodes/0/page/create s=200 d=19.5ms s=35
INF http m=GET p=/api/v1/workspaces/4463FIP6A000/nodes/0/children s=200 d=789µs s=257
INF http m=GET p=/api/v1/workspaces/4463FIP6A000/nodes/4463FK5N8000 s=200 d=167µs s=245
INF http m=POST p=/api/v1/workspaces/4463FIP6A000/nodes/0/page/create s=200 d=12.6ms s=26
INF http m=GET p=/w/@4463FIP6A000+workspace/@4463FK5N8000+welcome s=200 d=51µs s=542
INF http m=GET p=/api/v1/workspaces/4463FIP6A000/events s=200 d=77.5ms s=235
INF http m=GET p=/api/v1/auth/me s=200 d=624µs s=352
INF http m=GET p=/api/v1/notifications/unread-count s=200 d=529µs s=25
INF http m=GET p=/api/v1/workspaces/4463FIP6A000/nodes/0/children s=200 d=619µs s=263
INF http m=GET p=/api/v1/workspaces/4463FIP6A000/members s=200 d=602µs s=124
INF http m=GET p=/api/v1/workspaces/4463FIP6A000/nodes/4463FK5N8000 s=200 d=658µs s=245
INF http m=GET p=/api/v1/workspaces/4463FIP6A000/nodes/4463FKG7U000 s=200 d=667µs s=155
INF http m=POST p=/api/v1/workspaces/4463FGM36000/nodes/0/page/create s=200 d=14ms s=26
INF http m=GET p=/w/@4463FGM36000+workspace/@4463FJ22S000+welcome s=200 d=36µs s=542
INF http m=GET p=/api/v1/workspaces/4463FGM36000/events s=200 d=443ms s=238
INF http m=GET p=/api/v1/auth/me s=200 d=251µs s=356
INF http m=GET p=/api/v1/workspaces/4463FGM36000/nodes/4463FJ22S000 s=200 d=275µs s=245
INF http m=GET p=/api/v1/workspaces/4463FGM36000/members s=200 d=102µs s=124
INF http m=GET p=/api/v1/notifications/unread-count s=200 d=104µs s=25
INF http m=GET p=/api/v1/workspaces/4463FGM36000/nodes/0/children s=200 d=243µs s=270
INF http m=GET p=/api/v1/workspaces/4463FGM36000/nodes/4463FLI7G000 s=200 d=289µs s=156
INF http m=GET p=/api/v1/workspaces/4463FIP6A000/events s=200 d=413ms s=93
INF http m=GET p=/api/v1/workspaces/4463FGM36000/events s=200 d=239ms s=93
INF http m=POST p=/api/v1/auth/register s=200 d=129ms s=387
INF http m=GET p=/ s=200 d=76µs s=542
INF http m=GET p=/registerSW.js s=200 d=35µs s=87
INF http m=GET p=/assets/index-DPQ8uk7g.css s=200 d=129µs s=12402
INF http m=GET p=/assets/index-SHhnYNGf.js s=200 d=105µs s=49792
INF http m=GET p=/assets/vendor-C3WBU0hm.js s=200 d=91µs s=29762
INF http m=GET p=/assets/editor-vendor-Bje_VwYD.js s=200 d=142µs s=117396
INF http m=POST p=/api/v1/auth/register s=200 d=158ms s=384
INF http m=GET p=/ s=200 d=39µs s=542
INF http m=GET p=/assets/index-SHhnYNGf.js s=200 d=141µs s=49792
INF http m=GET p=/assets/index-DPQ8uk7g.css s=200 d=110µs s=12402
INF http m=GET p=/assets/editor-vendor-Bje_VwYD.js s=200 d=132µs s=117396
INF http m=GET p=/assets/vendor-C3WBU0hm.js s=200 d=117µs s=29762
INF http m=GET p=/registerSW.js s=200 d=26µs s=87
INF http m=GET p=/assets/en-BOb8f2G7.js s=200 d=106µs s=5207
INF http m=GET p=/api/v1/auth/me s=200 d=2.61ms s=166
INF http m=GET p=/api/v1/notifications/unread-count s=200 d=192µs s=25
INF http m=GET p=/favicon.png s=200 d=30µs s=449
INF http m=GET p=/sw.js s=200 d=89µs s=5540
INF http m=GET p=/registerSW.js s=200 d=42µs s=87
INF http m=POST p=/api/v1/organizations s=200 d=63.2ms s=351
INF http m=GET p=/index.html s=200 d=34µs s=542
INF http m=GET p=/api/v1/auth/me s=200 d=187µs s=168
INF http m=GET p=/assets/en-BOb8f2G7.js s=200 d=79µs s=5207
INF http m=GET p=/api/v1/auth/me s=200 d=4.18ms s=250
INF http m=GET p=/icon.svg s=200 d=28µs s=195
INF http m=GET p=/icon-512.png s=200 d=119µs s=6498
INF http m=GET p=/sw.js s=200 d=82µs s=5540
INF http m=GET p=/favicon.png s=200 d=17µs s=449
INF http m=GET p=/icon-192.png s=200 d=33µs s=2468
INF http m=GET p=/api/v1/notifications/unread-count s=200 d=265µs s=25
INF http m=GET p=/favicon.png s=200 d=34µs s=449
INF http m=GET p=/apple-touch-icon.png s=200 d=94µs s=2298
INF http m=GET p=/registerSW.js s=200 d=79µs s=87
INF http m=POST p=/api/v1/organizations s=200 d=45.7ms s=351
INF http m=GET p=/api/v1/auth/me s=200 d=4.26ms s=255
INF http m=GET p=/index.html s=200 d=28µs s=542
INF http m=GET p=/assets/material-symbols-names-mOXCVt15.js s=200 d=96µs s=15793
INF http m=GET p=/icon.svg s=200 d=28µs s=195
INF http m=GET p=/icon-512.png s=200 d=89µs s=6498
INF http m=GET p=/icon-192.png s=200 d=138µs s=2468
INF http m=GET p=/favicon.png s=200 d=40µs s=449
INF http m=GET p=/apple-touch-icon.png s=200 d=37µs s=2298
INF http m=GET p=/assets/fr-CgauyyXq.js s=200 d=53µs s=6301
INF http m=GET p=/assets/es-DHO8DnB9.js s=200 d=75µs s=6015
INF http m=GET p=/assets/material-symbols-names-mOXCVt15.js s=200 d=77µs s=15793
INF http m=GET p=/assets/emoji-groups-tsNE8Axz.js s=200 d=62µs s=13852
INF http m=GET p=/assets/fr-CgauyyXq.js s=200 d=90µs s=6301
INF http m=GET p=/assets/es-DHO8DnB9.js s=200 d=73µs s=6015
INF http m=GET p=/assets/emoji-groups-tsNE8Axz.js s=200 d=70µs s=13852
INF http m=GET p=/assets/de-qJeflSp6.js s=200 d=75µs s=6245
INF http m=GET p=/assets/WorkspaceSettingsPanel-CsUOm22X.css s=200 d=36µs s=1025
INF http m=GET p=/assets/WorkspaceSettingsPanel-CM5oaFTF.js s=200 d=58µs s=4443
INF http m=GET p=/assets/ServerSettingsPanel-pbgISWIv.css s=200 d=42µs s=596
INF http m=POST p=/api/v1/organizations/4463FQOOI000/workspaces s=200 d=248ms s=297
INF http m=GET p=/assets/ServerSettingsPanel-C8C6nm9a.js s=200 d=77µs s=2550
INF http m=GET p=/assets/ResourceQuotaForm-DTSj8Ta5.css s=200 d=38µs s=302
INF http m=GET p=/assets/ResourceQuotaForm-D6gJNn3N.js s=200 d=24µs s=812
INF http m=GET p=/assets/de-qJeflSp6.js s=200 d=504µs s=6245
INF http m=GET p=/assets/ProfileSettings-rthGIjGN.js s=200 d=47µs s=4319
INF http m=GET p=/assets/WorkspaceSettingsPanel-CsUOm22X.css s=200 d=23µs s=1025
INF http m=GET p=/assets/ProfileSettings-D5kbNfHV.css s=200 d=26µs s=1220
INF http m=GET p=/assets/WorkspaceSettingsPanel-CM5oaFTF.js s=200 d=59µs s=4443
INF http m=GET p=/assets/OrgSettingsPanel-BP8s6T0h.css s=200 d=21µs s=511
INF http m=GET p=/assets/OrgSettingsPanel-B78NX7Vn.js s=200 d=35µs s=2302
INF http m=GET p=/assets/ServerSettingsPanel-pbgISWIv.css s=200 d=44µs s=596
INF http m=GET p=/assets/ServerSettingsPanel-C8C6nm9a.js s=200 d=55µs s=2550
INF http m=GET p=/assets/InviteForm-R7w4u6kW.js s=200 d=18µs s=1267
INF http m=GET p=/assets/InviteForm-CW-wgFWD.css s=200 d=30µs s=414
INF http m=GET p=/assets/ResourceQuotaForm-DTSj8Ta5.css s=200 d=13µs s=302
INF http m=GET p=/assets/ResourceQuotaForm-D6gJNn3N.js s=200 d=24µs s=812
INF http m=GET p=/assets/Editor-BYBWY7b1.css s=200 d=34µs s=2240
INF http m=GET p=/assets/ProfileSettings-rthGIjGN.js s=200 d=39µs s=4319
INF http m=GET p=/assets/ProfileSettings-D5kbNfHV.css s=200 d=22µs s=1220
INF http m=GET p=/assets/Editor-5FlZhQpN.js s=200 d=64µs s=13509
INF http m=GET p=/assets/AdminDashboard-R0heLGro.css s=200 d=55µs s=601
INF http m=GET p=/assets/OrgSettingsPanel-BP8s6T0h.css s=200 d=22µs s=511
INF http m=GET p=/assets/AdminDashboard-D3Sw1IyX.js s=200 d=29µs s=2075
INF http m=GET p=/assets/OrgSettingsPanel-B78NX7Vn.js s=200 d=33µs s=2302
INF http m=GET p=/manifest.webmanifest s=200 d=26µs s=199
INF http m=GET p=/assets/InviteForm-R7w4u6kW.js s=200 d=21µs s=1267
INF http m=GET p=/assets/InviteForm-CW-wgFWD.css s=200 d=26µs s=414
INF http m=GET p=/assets/Editor-BYBWY7b1.css s=200 d=29µs s=2240
INF http m=GET p=/assets/Editor-5FlZhQpN.js s=200 d=69µs s=13509
INF http m=GET p=/assets/AdminDashboard-R0heLGro.css s=200 d=24µs s=601
INF http m=GET p=/assets/AdminDashboard-D3Sw1IyX.js s=200 d=25µs s=2075
INF http m=GET p=/manifest.webmanifest s=200 d=27µs s=199
INF http m=POST p=/api/v1/organizations/4463FRD1K000/workspaces s=200 d=311ms s=297
INF http m=POST p=/api/v1/auth/switch-workspace s=200 d=138ms s=605
INF http m=GET p=/api/v1/workspaces/4463FR95O000/nodes/0/children s=200 d=426µs s=26
INF http m=GET p=/api/v1/workspaces/4463FR95O000/members s=200 d=116µs s=124
INF http m=POST p=/api/v1/auth/switch-workspace s=200 d=23.8ms s=611
INF http m=GET p=/api/v1/notifications/unread-count s=200 d=15.1ms s=25
INF http m=GET p=/api/v1/workspaces/4463FROCS000/nodes/0/children s=200 d=417µs s=26
INF http m=GET p=/api/v1/notifications/unread-count s=200 d=139µs s=25
INF http m=POST p=/api/v1/workspaces/4463FR95O000/nodes/0/page/create s=200 d=22.6ms s=35
INF http m=GET p=/api/v1/workspaces/4463FROCS000/members s=200 d=2.28ms s=124
INF http m=GET p=/api/v1/workspaces/4463FR95O000/nodes/0/children s=200 d=1.24ms s=257
INF http m=GET p=/api/v1/workspaces/4463FR95O000/nodes/4463FTQ16000 s=200 d=273µs s=245
INF http m=POST p=/api/v1/workspaces/4463FROCS000/nodes/0/page/create s=200 d=22.5ms s=35
INF http m=GET p=/api/v1/workspaces/4463FROCS000/nodes/0/children s=200 d=661µs s=257
INF http m=GET p=/api/v1/workspaces/4463FROCS000/nodes/4463FU0N2000 s=200 d=877µs s=245
INF http m=POST p=/api/v1/workspaces/4463FR95O000/nodes/0/page/create s=200 d=12.8ms s=26
INF http m=GET p=/w/@4463FR95O000+workspace/@4463FTQ16000+welcome s=200 d=28µs s=542
INF http m=GET p=/api/v1/workspaces/4463FR95O000/events s=200 d=392ms s=237
INF http m=GET p=/api/v1/auth/me s=200 d=513µs s=352
INF http m=GET p=/api/v1/notifications/unread-count s=200 d=162µs s=25
INF http m=GET p=/api/v1/workspaces/4463FR95O000/members s=200 d=472µs s=124
INF http m=GET p=/api/v1/workspaces/4463FR95O000/nodes/0/children s=200 d=685µs s=258
INF http m=GET p=/api/v1/workspaces/4463FR95O000/nodes/4463FTQ16000 s=200 d=481µs s=245
INF http m=POST p=/api/v1/workspaces/4463FROCS000/nodes/0/page/create s=200 d=13.8ms s=26
INF http m=GET p=/w/@4463FROCS000+workspace/@4463FU0N2000+welcome s=200 d=44µs s=542
INF http m=GET p=/api/v1/workspaces/4463FROCS000/events s=200 d=456ms s=237
INF http m=GET p=/api/v1/workspaces/4463FR95O000/nodes/4463G01UG000 s=200 d=325µs s=148
INF http m=GET p=/api/v1/auth/me s=200 d=240µs s=357
INF http m=GET p=/api/v1/notifications/unread-count s=200 d=169µs s=25
INF http m=GET p=/api/v1/workspaces/4463FROCS000/nodes/4463FU0N2000 s=200 d=217µs s=245
INF http m=GET p=/api/v1/workspaces/4463FROCS000/members s=200 d=313µs s=124
INF http m=GET p=/api/v1/workspaces/4463FROCS000/nodes/0/children s=200 d=327µs s=260
INF http m=GET p=/api/v1/workspaces/4463FROCS000/nodes/4463G0JCU000 s=200 d=1.2ms s=150
INF http m=GET p=/api/v1/workspaces/4463FROCS000/events s=200 d=248ms s=93
INF http m=GET p=/api/v1/workspaces/4463FR95O000/events s=200 d=507ms s=93
INF http m=POST p=/api/v1/auth/register s=200 d=151ms s=385
INF http m=GET p=/ s=200 d=93µs s=542
INF http m=GET p=/registerSW.js s=200 d=36µs s=87
INF http m=GET p=/assets/index-SHhnYNGf.js s=200 d=137µs s=49792
INF http m=GET p=/assets/index-DPQ8uk7g.css s=200 d=89µs s=12402
INF http m=GET p=/assets/editor-vendor-Bje_VwYD.js s=200 d=135µs s=117396
INF http m=GET p=/assets/vendor-C3WBU0hm.js s=200 d=66µs s=29762
INF http m=POST p=/api/v1/auth/register s=200 d=146ms s=383
INF http m=GET p=/api/v1/auth/me s=200 d=187µs s=166
INF http m=GET p=/assets/en-BOb8f2G7.js s=200 d=62µs s=5207
INF http m=GET p=/ s=200 d=57µs s=542
INF http m=GET p=/api/v1/notifications/unread-count s=200 d=161µs s=25
INF http m=GET p=/assets/index-SHhnYNGf.js s=200 d=143µs s=49792
INF http m=GET p=/assets/index-DPQ8uk7g.css s=200 d=104µs s=12402
INF http m=GET p=/sw.js s=200 d=50µs s=5540
INF http m=GET p=/favicon.png s=200 d=28µs s=449
INF http m=GET p=/assets/editor-vendor-Bje_VwYD.js s=200 d=132µs s=117396
INF http m=GET p=/registerSW.js s=200 d=47µs s=87
INF http m=GET p=/assets/vendor-C3WBU0hm.js s=200 d=86µs s=29762
INF http m=POST p=/api/v1/organizations s=200 d=65.5ms s=348
INF http m=GET p=/api/v1/auth/me s=200 d=274µs s=249
INF http m=GET p=/registerSW.js s=200 d=34µs s=87
INF http m=GET p=/index.html s=200 d=34µs s=542
INF http m=GET p=/icon.svg s=200 d=37µs s=195
INF http m=GET p=/icon-512.png s=200 d=76µs s=6498
INF http m=GET p=/icon-192.png s=200 d=62µs s=2468
INF http m=GET p=/api/v1/auth/me s=200 d=386µs s=167
INF http m=GET p=/assets/en-BOb8f2G7.js s=200 d=1.61ms s=5207
INF http m=GET p=/favicon.png s=200 d=58µs s=449
INF http m=GET p=/favicon.png s=200 d=20µs s=449
INF http m=GET p=/api/v1/notifications/unread-count s=200 d=371µs s=25
INF http m=GET p=/apple-touch-icon.png s=200 d=83µs s=2298
INF http m=GET p=/sw.js s=200 d=85µs s=5540
INF http m=GET p=/assets/material-symbols-names-mOXCVt15.js s=200 d=90µs s=15793
INF http m=GET p=/registerSW.js s=200 d=33µs s=87
INF http m=GET p=/index.html s=200 d=43µs s=542
INF http m=GET p=/icon.svg s=200 d=27µs s=195
INF http m=GET p=/assets/fr-CgauyyXq.js s=200 d=69µs s=6301
INF http m=GET p=/assets/es-DHO8DnB9.js s=200 d=60µs s=6015
INF http m=GET p=/icon-512.png s=200 d=58µs s=6498
INF http m=GET p=/icon-192.png s=200 d=42µs s=2468
INF http m=GET p=/assets/emoji-groups-tsNE8Axz.js s=200 d=77µs s=13852
INF http m=GET p=/favicon.png s=200 d=34µs s=449
INF http m=GET p=/apple-touch-icon.png s=200 d=37µs s=2298
INF http m=GET p=/assets/material-symbols-names-mOXCVt15.js s=200 d=87µs s=15793
INF http m=GET p=/assets/fr-CgauyyXq.js s=200 d=117µs s=6301
INF http m=GET p=/assets/es-DHO8DnB9.js s=200 d=51µs s=6015
INF http m=GET p=/assets/de-qJeflSp6.js s=200 d=58µs s=6245
INF http m=GET p=/assets/emoji-groups-tsNE8Axz.js s=200 d=72µs s=13852
INF http m=GET p=/assets/WorkspaceSettingsPanel-CsUOm22X.css s=200 d=29µs s=1025
INF http m=GET p=/assets/WorkspaceSettingsPanel-CM5oaFTF.js s=200 d=45µs s=4443
INF http m=GET p=/assets/ServerSettingsPanel-pbgISWIv.css s=200 d=41µs s=596
INF http m=GET p=/assets/ServerSettingsPanel-C8C6nm9a.js s=200 d=45µs s=2550
INF http m=GET p=/assets/ResourceQuotaForm-DTSj8Ta5.css s=200 d=47µs s=302
INF http m=GET p=/assets/ResourceQuotaForm-D6gJNn3N.js s=200 d=25µs s=812
INF http m=GET p=/assets/ProfileSettings-rthGIjGN.js s=200 d=51µs s=4319
INF http m=GET p=/assets/ProfileSettings-D5kbNfHV.css s=200 d=34µs s=1220
INF http m=GET p=/assets/OrgSettingsPanel-BP8s6T0h.css s=200 d=32µs s=511
INF http m=GET p=/assets/OrgSettingsPanel-B78NX7Vn.js s=200 d=42µs s=2302
INF http m=GET p=/assets/InviteForm-R7w4u6kW.js s=200 d=23µs s=1267
INF http m=GET p=/assets/de-qJeflSp6.js s=200 d=53µs s=6245
INF http m=GET p=/assets/InviteForm-CW-wgFWD.css s=200 d=17µs s=414
INF http m=GET p=/assets/Editor-BYBWY7b1.css s=200 d=37µs s=2240
INF http m=GET p=/assets/WorkspaceSettingsPanel-CsUOm22X.css s=200 d=26µs s=1025
INF http m=GET p=/assets/Editor-5FlZhQpN.js s=200 d=72µs s=13509
INF http m=GET p=/assets/WorkspaceSettingsPanel-CM5oaFTF.js s=200 d=56µs s=4443
INF http m=GET p=/assets/ServerSettingsPanel-pbgISWIv.css s=200 d=43µs s=596
INF http m=GET p=/assets/AdminDashboard-R0heLGro.css s=200 d=18µs s=601
INF http m=GET p=/assets/ServerSettingsPanel-C8C6nm9a.js s=200 d=25µs s=2550
INF http m=GET p=/assets/AdminDashboard-D3Sw1IyX.js s=200 d=30µs s=2075
INF http m=GET p=/assets/ResourceQuotaForm-DTSj8Ta5.css s=200 d=30µs s=302
INF http m=GET p=/manifest.webmanifest s=200 d=23µs s=199
INF http m=POST p=/api/v1/organizations/4463G6272000/workspaces s=200 d=292ms s=295
INF http m=GET p=/assets/ResourceQuotaForm-D6gJNn3N.js s=200 d=21µs s=812
INF http m=POST p=/api/v1/organizations s=200 d=222ms s=350
INF http m=GET p=/api/v1/auth/me s=200 d=451µs s=251
INF http m=GET p=/assets/ProfileSettings-rthGIjGN.js s=200 d=55µs s=4319
INF http m=GET p=/assets/ProfileSettings-D5kbNfHV.css s=200 d=31µs s=1220
INF http m=GET p=/assets/OrgSettingsPanel-BP8s6T0h.css s=200 d=21µs s=511
INF http m=GET p=/assets/OrgSettingsPanel-B78NX7Vn.js s=200 d=24µs s=2302
INF http m=GET p=/assets/InviteForm-R7w4u6kW.js s=200 d=23µs s=1267
INF http m=POST p=/api/v1/auth/switch-workspace s=200 d=24.8ms s=607
INF http m=GET p=/assets/InviteForm-CW-wgFWD.css s=200 d=25µs s=414
INF http m=GET p=/assets/Editor-BYBWY7b1.css s=200 d=29µs s=2240
INF http m=GET p=/assets/Editor-5FlZhQpN.js s=200 d=66µs s=13509
INF http m=GET p=/api/v1/workspaces/4463G6HNS000/nodes/0/children s=200 d=223µs s=26
INF http m=GET p=/api/v1/notifications/unread-count s=200 d=271µs s=25
INF http m=GET p=/api/v1/workspaces/4463G6HNS000/members s=200 d=383µs s=124
INF http m=GET p=/assets/AdminDashboard-R0heLGro.css s=200 d=28µs s=601
INF http m=GET p=/assets/AdminDashboard-D3Sw1IyX.js s=200 d=71µs s=2075
INF http m=GET p=/manifest.webmanifest s=200 d=24µs s=199
INF http m=POST p=/api/v1/organizations/4463G711K000/workspaces s=200 d=141ms s=295
INF http m=POST p=/api/v1/workspaces/4463G6HNS000/nodes/0/page/create s=200 d=96ms s=35
INF http m=GET p=/api/v1/workspaces/4463G6HNS000/nodes/0/children s=200 d=180µs s=257
INF http m=GET p=/api/v1/workspaces/4463G6HNS000/nodes/4463G8N20000 s=200 d=195µs s=245
INF http m=POST p=/api/v1/auth/switch-workspace s=200 d=16.9ms s=603
INF http m=GET p=/api/v1/notifications/unread-count s=200 d=330µs s=25
INF http m=GET p=/api/v1/workspaces/4463G8DJ8000/nodes/0/children s=200 d=227µs s=26
INF http m=GET p=/api/v1/workspaces/4463G8DJ8000/members s=200 d=2.7ms s=124
INF http m=POST p=/api/v1/workspaces/4463G8DJ8000/nodes/0/page/create s=200 d=18ms s=35
INF http m=GET p=/api/v1/workspaces/4463G8DJ8000/nodes/0/children s=200 d=368µs s=257
INF http m=GET p=/api/v1/workspaces/4463G8DJ8000/nodes/4463G9FNG000 s=200 d=162µs s=245
INF http m=POST p=/api/v1/workspaces/4463G6HNS000/nodes/0/page/create s=200 d=12.4ms s=26
INF http m=GET p=/w/@4463G6HNS000+workspace/@4463G8N20000+welcome s=200 d=28µs s=542
INF http m=GET p=/api/v1/workspaces/4463G6HNS000/events s=200 d=488ms s=231
INF http m=GET p=/api/v1/auth/me s=200 d=605µs s=351
INF http m=GET p=/api/v1/workspaces/4463G6HNS000/nodes/0/children s=200 d=372µs s=259
INF http m=GET p=/api/v1/notifications/unread-count s=200 d=110µs s=25
INF http m=GET p=/api/v1/workspaces/4463G6HNS000/members s=200 d=87µs s=124
INF http m=GET p=/api/v1/workspaces/4463G6HNS000/nodes/4463G8N20000 s=200 d=214µs s=245
INF http m=GET p=/api/v1/workspaces/4463G6HNS000/nodes/4463GBFUC000 s=200 d=532µs s=150
INF http m=POST p=/api/v1/workspaces/4463G8DJ8000/nodes/0/page/create s=200 d=13.8ms s=26
INF http m=GET p=/w/@4463G8DJ8000+workspace/@4463G9FNG000+welcome s=200 d=34µs s=542
INF http m=GET p=/api/v1/workspaces/4463G8DJ8000/events s=200 d=491ms s=234
INF http m=GET p=/api/v1/auth/me s=200 d=692µs s=352
INF http m=GET p=/api/v1/notifications/unread-count s=200 d=1.43ms s=25
INF http m=GET p=/api/v1/workspaces/4463G8DJ8000/nodes/4463G9FNG000 s=200 d=951µs s=245
INF http m=GET p=/api/v1/workspaces/4463G8DJ8000/members s=200 d=2.39ms s=124
INF http m=GET p=/api/v1/workspaces/4463G8DJ8000/nodes/0/children s=200 d=2.4ms s=259
INF http m=GET p=/api/v1/workspaces/4463G8DJ8000/nodes/4463GCAJQ000 s=200 d=299µs s=150
INF http m=GET p=/api/v1/workspaces/4463G6HNS000/events s=200 d=246ms s=93
INF http m=GET p=/api/v1/workspaces/4463G8DJ8000/events s=200 d=290ms s=93
INF http m=POST p=/api/v1/auth/register s=200 d=117ms s=383
INF http m=GET p=/ s=200 d=66µs s=542
INF http m=GET p=/assets/index-SHhnYNGf.js s=200 d=159µs s=49792
INF http m=GET p=/assets/index-DPQ8uk7g.css s=200 d=112µs s=12402
INF http m=GET p=/registerSW.js s=200 d=40µs s=87
INF http m=GET p=/assets/vendor-C3WBU0hm.js s=200 d=101µs s=29762
INF http m=GET p=/assets/editor-vendor-Bje_VwYD.js s=200 d=114µs s=117396
INF http m=GET p=/api/v1/auth/me s=200 d=228µs s=168
INF http m=GET p=/assets/en-BOb8f2G7.js s=200 d=68µs s=5207
INF http m=GET p=/api/v1/notifications/unread-count s=200 d=164µs s=25
INF http m=GET p=/sw.js s=200 d=90µs s=5540
INF http m=POST p=/api/v1/organizations s=200 d=36.4ms s=350
INF http m=GET p=/favicon.png s=200 d=33µs s=449
INF http m=GET p=/api/v1/auth/me s=200 d=220µs s=253
INF http m=GET p=/registerSW.js s=200 d=31µs s=87
INF http m=GET p=/index.html s=200 d=34µs s=542
INF http m=GET p=/icon.svg s=200 d=24µs s=195
INF http m=GET p=/icon-512.png s=200 d=78µs s=6498
INF http m=GET p=/icon-192.png s=200 d=50µs s=2468
INF http m=GET p=/favicon.png s=200 d=29µs s=449
INF http m=GET p=/apple-touch-icon.png s=200 d=43µs s=2298
INF http m=POST p=/api/v1/auth/register s=200 d=181ms s=394
INF http m=GET p=/ s=200 d=57µs s=542
INF http m=GET p=/assets/material-symbols-names-mOXCVt15.js s=200 d=82µs s=15793
INF http m=GET p=/assets/index-SHhnYNGf.js s=200 d=189µs s=49792
INF http m=GET p=/assets/index-DPQ8uk7g.css s=200 d=88µs s=12402
INF http m=GET p=/assets/editor-vendor-Bje_VwYD.js s=200 d=153µs s=117396
INF http m=GET p=/assets/vendor-C3WBU0hm.js s=200 d=119µs s=29762
INF http m=GET p=/registerSW.js s=200 d=30µs s=87
INF http m=GET p=/assets/fr-CgauyyXq.js s=200 d=92µs s=6301
INF http m=GET p=/assets/es-DHO8DnB9.js s=200 d=84µs s=6015
INF http m=GET p=/assets/emoji-groups-tsNE8Axz.js s=200 d=98µs s=13852
INF http m=GET p=/assets/de-qJeflSp6.js s=200 d=73µs s=6245
INF http m=GET p=/assets/WorkspaceSettingsPanel-CsUOm22X.css s=200 d=36µs s=1025
INF http m=GET p=/assets/WorkspaceSettingsPanel-CM5oaFTF.js s=200 d=79µs s=4443
INF http m=GET p=/assets/ServerSettingsPanel-pbgISWIv.css s=200 d=27µs s=596
INF http m=GET p=/assets/ServerSettingsPanel-C8C6nm9a.js s=200 d=49µs s=2550
INF http m=GET p=/assets/ResourceQuotaForm-DTSj8Ta5.css s=200 d=39µs s=302
INF http m=GET p=/api/v1/auth/me s=200 d=535µs s=170
INF http m=GET p=/assets/en-BOb8f2G7.js s=200 d=46µs s=5207
INF http m=GET p=/assets/ResourceQuotaForm-D6gJNn3N.js s=200 d=18µs s=812
INF http m=GET p=/assets/ProfileSettings-rthGIjGN.js s=200 d=46µs s=4319
INF http m=GET p=/assets/ProfileSettings-D5kbNfHV.css s=200 d=38µs s=1220
INF http m=GET p=/assets/OrgSettingsPanel-BP8s6T0h.css s=200 d=26µs s=511
INF http m=GET p=/assets/OrgSettingsPanel-B78NX7Vn.js s=200 d=35µs s=2302
INF http m=GET p=/sw.js s=200 d=64µs s=5540
INF http m=GET p=/assets/InviteForm-R7w4u6kW.js s=200 d=22µs s=1267
INF http m=GET p=/api/v1/notifications/unread-count s=200 d=546µs s=25
INF http m=GET p=/assets/InviteForm-CW-wgFWD.css s=200 d=29µs s=414
INF http m=GET p=/assets/Editor-BYBWY7b1.css s=200 d=35µs s=2240
INF http m=GET p=/assets/Editor-5FlZhQpN.js s=200 d=86µs s=13509
INF http m=GET p=/assets/AdminDashboard-R0heLGro.css s=200 d=31µs s=601
INF http m=GET p=/registerSW.js s=200 d=30µs s=87
INF http m=GET p=/favicon.png s=200 d=27µs s=449
INF http m=GET p=/assets/AdminDashboard-D3Sw1IyX.js s=200 d=28µs s=2075
INF http m=GET p=/index.html s=200 d=37µs s=542
INF http m=GET p=/manifest.webmanifest s=200 d=22µs s=199
INF http m=GET p=/icon.svg s=200 d=40µs s=195
INF http m=POST p=/api/v1/organizations s=200 d=62.8ms s=352
INF http m=GET p=/icon-512.png s=200 d=72µs s=6498
INF http m=GET p=/api/v1/auth/me s=200 d=726µs s=255
INF http m=POST p=/api/v1/organizations/4463GG7PC000/workspaces s=200 d=359ms s=295
INF http m=GET p=/icon-192.png s=200 d=29µs s=2468
INF http m=GET p=/favicon.png s=200 d=29µs s=449
INF http m=GET p=/apple-touch-icon.png s=200 d=36µs s=2298
INF http m=GET p=/assets/material-symbols-names-mOXCVt15.js s=200 d=100µs s=15793
INF http m=POST p=/api/v1/auth/switch-workspace s=200 d=24.6ms s=607
INF http m=GET p=/api/v1/notifications/unread-count s=200 d=466µs s=25
INF http m=GET p=/api/v1/workspaces/4463GGIGC000/nodes/0/children s=200 d=236µs s=26
INF http m=GET p=/api/v1/workspaces/4463GGIGC000/members s=200 d=3.13ms s=124
INF http m=GET p=/assets/fr-CgauyyXq.js s=200 d=98µs s=6301
INF http m=GET p=/assets/es-DHO8DnB9.js s=200 d=103µs s=6015
INF http m=GET p=/assets/emoji-groups-tsNE8Axz.js s=200 d=81µs s=13852
INF http m=GET p=/assets/de-qJeflSp6.js s=200 d=86µs s=6245
INF http m=GET p=/assets/WorkspaceSettingsPanel-CsUOm22X.css s=200 d=26µs s=1025
INF http m=GET p=/assets/WorkspaceSettingsPanel-CM5oaFTF.js s=200 d=47µs s=4443
INF http m=GET p=/assets/ServerSettingsPanel-pbgISWIv.css s=200 d=28µs s=596
INF http m=GET p=/assets/ServerSettingsPanel-C8C6nm9a.js s=200 d=32µs s=2550
INF http m=GET p=/assets/ResourceQuotaForm-DTSj8Ta5.css s=200 d=24µs s=302
INF http m=GET p=/assets/ResourceQuotaForm-D6gJNn3N.js s=200 d=23µs s=812
INF http m=GET p=/assets/ProfileSettings-rthGIjGN.js s=200 d=73µs s=4319
INF http m=GET p=/assets/ProfileSettings-D5kbNfHV.css s=200 d=27µs s=1220
INF http m=GET p=/assets/OrgSettingsPanel-BP8s6T0h.css s=200 d=25µs s=511
INF http m=GET p=/assets/OrgSettingsPanel-B78NX7Vn.js s=200 d=30µs s=2302
INF http m=GET p=/assets/InviteForm-R7w4u6kW.js s=200 d=25µs s=1267
INF http m=GET p=/assets/InviteForm-CW-wgFWD.css s=200 d=23µs s=414
INF http m=POST p=/api/v1/organizations/4463GIB1U000/workspaces s=200 d=157ms s=302
INF http m=GET p=/assets/Editor-BYBWY7b1.css s=200 d=30µs s=2240
INF http m=GET p=/assets/Editor-5FlZhQpN.js s=200 d=51µs s=13509
INF http m=GET p=/assets/AdminDashboard-R0heLGro.css s=200 d=24µs s=601
INF http m=GET p=/assets/AdminDashboard-D3Sw1IyX.js s=200 d=29µs s=2075
INF http m=GET p=/manifest.webmanifest s=200 d=27µs s=199
INF http m=POST p=/api/v1/workspaces/4463GGIGC000/nodes/0/page/create s=200 d=121ms s=35
INF http m=GET p=/api/v1/workspaces/4463GGIGC000/nodes/0/children s=200 d=199µs s=257
INF http m=GET p=/api/v1/workspaces/4463GGIGC000/nodes/4463GJ35A000 s=200 d=218µs s=245
INF http m=POST p=/api/v1/auth/switch-workspace s=200 d=37.9ms s=568
INF http m=GET p=/api/v1/workspaces/4463GIOHC000/members s=200 d=545µs s=130
INF http m=GET p=/api/v1/workspaces/4463GIOHC000/nodes/0/children s=200 d=761µs s=26
INF http m=GET p=/api/v1/notifications/unread-count s=200 d=2.65ms s=25
INF http m=POST p=/api/v1/workspaces/4463GIOHC000/nodes/0/page/create s=200 d=16.2ms s=35
INF http m=GET p=/api/v1/workspaces/4463GIOHC000/nodes/0/children s=200 d=272µs s=257
INF http m=GET p=/api/v1/workspaces/4463GIOHC000/nodes/4463GK2K4000 s=200 d=191µs s=245
INF http m=POST p=/api/v1/workspaces/4463GIOHC000/nodes/0/page/create s=200 d=12.7ms s=26
INF http m=GET p=/w/@4463GIOHC000+workspace/@4463GK2K4000+welcome s=200 d=37µs s=542
INF http m=GET p=/api/v1/workspaces/4463GIOHC000/events s=200 d=89.7ms s=234
INF http m=GET p=/api/v1/auth/me s=200 d=254µs s=355
INF http m=GET p=/api/v1/notifications/unread-count s=200 d=165µs s=25
INF http m=GET p=/api/v1/workspaces/4463GIOHC000/members s=200 d=127µs s=130
INF http m=GET p=/api/v1/workspaces/4463GIOHC000/nodes/4463GK2K4000 s=200 d=165µs s=245
INF http m=GET p=/api/v1/workspaces/4463GIOHC000/nodes/0/children s=200 d=303µs s=374
INF http m=GET p=/api/v1/workspaces/4463GIOHC000/nodes/4463GKF7I000 s=200 d=997µs s=267
INF http m=GET p=/api/v1/workspaces/4463GIOHC000/events s=200 d=110ms s=93
INF http m=POST p=/api/v1/workspaces/4463GGIGC000/nodes/0/page/create s=200 d=18ms s=26
INF http m=GET p=/w/@4463GGIGC000+workspace/@4463GJ35A000+welcome s=200 d=45µs s=542
INF http m=GET p=/api/v1/workspaces/4463GGIGC000/events s=200 d=456ms s=239
INF http m=GET p=/api/v1/auth/me s=200 d=246µs s=364
INF http m=GET p=/api/v1/notifications/unread-count s=200 d=165µs s=25
INF http m=GET p=/api/v1/workspaces/4463GGIGC000/nodes/0/children s=200 d=321µs s=267
INF http m=GET p=/api/v1/workspaces/4463GGIGC000/members s=200 d=118µs s=124
INF http m=GET p=/api/v1/workspaces/4463GGIGC000/nodes/4463GJ35A000 s=200 d=228µs s=245
INF http m=POST p=/api/v1/auth/register s=200 d=94.7ms s=393
INF http m=GET p=/ s=200 d=59µs s=542
INF http m=GET p=/api/v1/workspaces/4463GGIGC000/nodes/4463GLKRQ000 s=200 d=6.8ms s=148
INF http m=GET p=/assets/index-SHhnYNGf.js s=200 d=173µs s=49792
INF http m=GET p=/assets/index-DPQ8uk7g.css s=200 d=85µs s=12402
INF http m=GET p=/assets/editor-vendor-Bje_VwYD.js s=200 d=143µs s=117396
INF http m=GET p=/assets/vendor-C3WBU0hm.js s=200 d=86µs s=29762
INF http m=GET p=/registerSW.js s=200 d=28µs s=87
INF http m=GET p=/api/v1/auth/me s=200 d=219µs s=167
INF http m=GET p=/assets/en-BOb8f2G7.js s=200 d=1.99ms s=5207
INF http m=GET p=/api/v1/notifications/unread-count s=200 d=167µs s=25
INF http m=POST p=/api/v1/organizations s=200 d=21.2ms s=351
INF http m=GET p=/favicon.png s=200 d=46µs s=449
INF http m=GET p=/api/v1/auth/me s=200 d=430µs s=252
INF http m=GET p=/sw.js s=200 d=66µs s=5540
INF http m=GET p=/registerSW.js s=200 d=37µs s=87
INF http m=GET p=/index.html s=200 d=37µs s=542
INF http m=GET p=/icon.svg s=200 d=32µs s=195
INF http m=GET p=/icon-512.png s=200 d=59µs s=6498
INF http m=GET p=/icon-192.png s=200 d=37µs s=2468
INF http m=GET p=/favicon.png s=200 d=19µs s=449
INF http m=GET p=/apple-touch-icon.png s=200 d=29µs s=2298
INF http m=GET p=/assets/material-symbols-names-mOXCVt15.js s=200 d=105µs s=15793
INF http m=GET p=/assets/fr-CgauyyXq.js s=200 d=89µs s=6301
INF http m=GET p=/assets/es-DHO8DnB9.js s=200 d=99µs s=6015
INF http m=GET p=/assets/emoji-groups-tsNE8Axz.js s=200 d=79µs s=13852
INF http m=GET p=/assets/de-qJeflSp6.js s=200 d=116µs s=6245
INF http m=GET p=/assets/WorkspaceSettingsPanel-CsUOm22X.css s=200 d=39µs s=1025
INF http m=GET p=/assets/WorkspaceSettingsPanel-CM5oaFTF.js s=200 d=75µs s=4443
INF http m=GET p=/assets/ServerSettingsPanel-pbgISWIv.css s=200 d=28µs s=596
INF http m=GET p=/api/v1/workspaces/4463GGIGC000/events s=200 d=458ms s=93
INF http m=GET p=/assets/ServerSettingsPanel-C8C6nm9a.js s=200 d=46µs s=2550
INF http m=GET p=/assets/ResourceQuotaForm-DTSj8Ta5.css s=200 d=26µs s=302
INF http m=GET p=/assets/ResourceQuotaForm-D6gJNn3N.js s=200 d=28µs s=812
INF http m=POST p=/api/v1/organizations/4463GNUQ6000/workspaces s=200 d=213ms s=301
INF http m=GET p=/assets/ProfileSettings-rthGIjGN.js s=200 d=50µs s=4319
INF http m=GET p=/assets/ProfileSettings-D5kbNfHV.css s=200 d=25µs s=1220
INF http m=GET p=/assets/OrgSettingsPanel-BP8s6T0h.css s=200 d=19µs s=511
INF http m=GET p=/assets/OrgSettingsPanel-B78NX7Vn.js s=200 d=28µs s=2302
INF http m=GET p=/assets/InviteForm-R7w4u6kW.js s=200 d=21µs s=1267
INF http m=GET p=/assets/InviteForm-CW-wgFWD.css s=200 d=42µs s=414
INF http m=GET p=/assets/Editor-BYBWY7b1.css s=200 d=60µs s=2240
INF http m=GET p=/assets/Editor-5FlZhQpN.js s=200 d=57µs s=13509
INF http m=POST p=/api/v1/auth/switch-workspace s=200 d=41.5ms s=608
INF http m=GET p=/assets/AdminDashboard-R0heLGro.css s=200 d=39µs s=601
INF http m=GET p=/assets/AdminDashboard-D3Sw1IyX.js s=200 d=53µs s=2075
INF http m=GET p=/manifest.webmanifest s=200 d=33µs s=199
INF http m=GET p=/api/v1/workspaces/4463GO6SU000/members s=200 d=9.79ms s=126
INF http m=GET p=/api/v1/notifications/unread-count s=200 d=136µs s=25
INF http m=GET p=/api/v1/workspaces/4463GO6SU000/nodes/0/children s=200 d=508µs s=26
INF http m=POST p=/api/v1/workspaces/4463GO6SU000/nodes/0/page/create s=200 d=36.4ms s=35
INF http m=GET p=/api/v1/workspaces/4463GO6SU000/nodes/0/children s=200 d=280µs s=328
INF http m=GET p=/api/v1/workspaces/4463GO6SU000/nodes/4463GQ53E000 s=200 d=571µs s=245
INF http m=POST p=/api/v1/workspaces/4463GO6SU000/nodes/0/page/create s=200 d=74ms s=26
INF http m=GET p=/w/@4463GO6SU000+workspace/@4463GQ53E000+welcome s=200 d=45µs s=542
INF http m=GET p=/api/v1/workspaces/4463GO6SU000/events s=200 d=137ms s=233
INF http m=POST p=/api/v1/auth/register s=200 d=90.5ms s=411
INF http m=GET p=/ s=200 d=60µs s=542
INF http m=GET p=/assets/index-SHhnYNGf.js s=200 d=152µs s=49792
INF http m=GET p=/assets/index-DPQ8uk7g.css s=200 d=103µs s=12402
INF http m=GET p=/registerSW.js s=200 d=35µs s=87
INF http m=GET p=/assets/vendor-C3WBU0hm.js s=200 d=105µs s=29762
INF http m=GET p=/assets/editor-vendor-Bje_VwYD.js s=200 d=161µs s=117396
INF http m=GET p=/api/v1/auth/me s=200 d=943µs s=352
INF http m=GET p=/api/v1/notifications/unread-count s=200 d=238µs s=25
INF http m=GET p=/api/v1/workspaces/4463GO6SU000/nodes/0/children s=200 d=1.07ms s=328
INF http m=GET p=/api/v1/workspaces/4463GO6SU000/nodes/4463GQ53E000 s=200 d=346µs s=245
INF http m=GET p=/api/v1/workspaces/4463GO6SU000/members s=200 d=20.5ms s=126
INF http m=GET p=/api/v1/auth/me s=200 d=562µs s=171
INF http m=GET p=/api/v1/workspaces/4463GO6SU000/nodes/4463GQ97A000 s=200 d=538µs s=296
INF http m=GET p=/assets/en-BOb8f2G7.js s=200 d=114µs s=5207
INF http m=GET p=/sw.js s=200 d=98µs s=5540
INF http m=GET p=/api/v1/notifications/unread-count s=200 d=156µs s=25
INF http m=GET p=/favicon.png s=200 d=43µs s=449
INF http m=GET p=/registerSW.js s=200 d=36µs s=87
INF http m=GET p=/index.html s=200 d=31µs s=542
INF http m=POST p=/api/v1/organizations s=200 d=45.1ms s=358
INF http m=GET p=/api/v1/auth/me s=200 d=630µs s=257
INF http m=GET p=/icon.svg s=200 d=27µs s=195
INF http m=GET p=/icon-512.png s=200 d=87µs s=6498
INF http m=GET p=/icon-192.png s=200 d=33µs s=2468
INF http m=GET p=/favicon.png s=200 d=32µs s=449
INF http m=GET p=/apple-touch-icon.png s=200 d=36µs s=2298
INF http m=GET p=/assets/material-symbols-names-mOXCVt15.js s=200 d=97µs s=15793
INF http m=GET p=/assets/fr-CgauyyXq.js s=200 d=124µs s=6301
INF http m=GET p=/assets/es-DHO8DnB9.js s=200 d=57µs s=6015
INF http m=GET p=/assets/emoji-groups-tsNE8Axz.js s=200 d=93µs s=13852
INF http m=GET p=/assets/de-qJeflSp6.js s=200 d=99µs s=6245
INF http m=GET p=/assets/WorkspaceSettingsPanel-CsUOm22X.css s=200 d=38µs s=1025
INF http m=GET p=/api/v1/workspaces/4463GO6SU000/events s=200 d=276ms s=93
INF http m=GET p=/assets/WorkspaceSettingsPanel-CM5oaFTF.js s=200 d=76µs s=4443
INF http m=GET p=/assets/ServerSettingsPanel-pbgISWIv.css s=200 d=52µs s=596
INF http m=GET p=/assets/ServerSettingsPanel-C8C6nm9a.js s=200 d=45µs s=2550
INF http m=GET p=/assets/ResourceQuotaForm-DTSj8Ta5.css s=200 d=23µs s=302
INF http m=GET p=/assets/ResourceQuotaForm-D6gJNn3N.js s=200 d=37µs s=812
INF http m=GET p=/assets/ProfileSettings-rthGIjGN.js s=200 d=182µs s=4319
INF http m=GET p=/assets/ProfileSettings-D5kbNfHV.css s=200 d=25µs s=1220
INF http m=GET p=/assets/OrgSettingsPanel-BP8s6T0h.css s=200 d=22µs s=511
INF http m=GET p=/assets/OrgSettingsPanel-B78NX7Vn.js s=200 d=37µs s=2302
INF http m=GET p=/assets/InviteForm-R7w4u6kW.js s=200 d=28µs s=1267
INF http m=GET p=/assets/InviteForm-CW-wgFWD.css s=200 d=30µs s=414
INF http m=GET p=/assets/Editor-BYBWY7b1.css s=200 d=34µs s=2240
INF http m=GET p=/assets/Editor-5FlZhQpN.js s=200 d=67µs s=13509
INF http m=GET p=/assets/AdminDashboard-R0heLGro.css s=200 d=26µs s=601
INF http m=GET p=/assets/AdminDashboard-D3Sw1IyX.js s=200 d=37µs s=2075
INF http m=GET p=/manifest.webmanifest s=200 d=33µs s=199
INF http m=POST p=/api/v1/organizations/4463GS9FE000/workspaces s=200 d=225ms s=307
INF http m=POST p=/api/v1/auth/switch-workspace s=200 d=23.5ms s=575
INF http m=GET p=/api/v1/workspaces/4463GSJDM000/nodes/0/children s=200 d=8.8ms s=26
INF http m=GET p=/api/v1/notifications/unread-count s=200 d=9.45ms s=25
INF http m=GET p=/api/v1/workspaces/4463GSJDM000/members s=200 d=9.53ms s=124
INF http m=POST p=/api/v1/workspaces/4463GSJDM000/nodes/0/page/create s=200 d=54.5ms s=35
INF http m=GET p=/api/v1/workspaces/4463GSJDM000/nodes/0/children s=200 d=592µs s=333
INF http m=GET p=/api/v1/workspaces/4463GSJDM000/nodes/4463GUD72000 s=200 d=621µs s=245
INF http m=POST p=/api/v1/workspaces/4463GSJDM000/nodes/0/page/create s=200 d=78.9ms s=26
INF http m=GET p=/w/@4463GSJDM000+workspace/@4463GUD72000+welcome s=200 d=48µs s=542
INF http m=GET p=/api/v1/workspaces/4463GSJDM000/events s=200 d=117ms s=231
INF http m=POST p=/api/v1/auth/register s=200 d=147ms s=421
INF http m=GET p=/ s=200 d=169µs s=542
INF http m=GET p=/assets/index-SHhnYNGf.js s=200 d=164µs s=49792
INF http m=GET p=/registerSW.js s=200 d=38µs s=87
INF http m=GET p=/assets/vendor-C3WBU0hm.js s=200 d=128µs s=29762
INF http m=GET p=/assets/index-DPQ8uk7g.css s=200 d=86µs s=12402
INF http m=GET p=/assets/editor-vendor-Bje_VwYD.js s=200 d=131µs s=117396
INF http m=GET p=/api/v1/auth/me s=200 d=604µs s=358
INF http m=GET p=/api/v1/notifications/unread-count s=200 d=175µs s=25
INF http m=GET p=/api/v1/workspaces/4463GSJDM000/members s=200 d=297µs s=124
INF http m=GET p=/api/v1/workspaces/4463GSJDM000/nodes/4463GUD72000 s=200 d=461µs s=245
INF http m=GET p=/api/v1/workspaces/4463GSJDM000/nodes/0/children s=200 d=5.36ms s=333
INF http m=GET p=/assets/en-BOb8f2G7.js s=200 d=132µs s=5207
INF http m=GET p=/api/v1/auth/me s=200 d=350µs s=175
INF http m=GET p=/api/v1/notifications/unread-count s=200 d=380µs s=25
INF http m=GET p=/sw.js s=200 d=118µs s=5540
INF http m=GET p=/favicon.png s=200 d=25µs s=449
INF http m=POST p=/api/v1/organizations s=200 d=33ms s=360
INF http m=GET p=/api/v1/auth/me s=200 d=1.08ms s=264
INF http m=GET p=/api/v1/workspaces/4463GSJDM000/nodes/4463GUME2000 s=200 d=590µs s=240
INF http m=GET p=/registerSW.js s=200 d=32µs s=87
INF http m=GET p=/index.html s=200 d=49µs s=542
INF http m=GET p=/icon.svg s=200 d=31µs s=195
INF http m=GET p=/icon-512.png s=200 d=123µs s=6498
INF http m=GET p=/icon-192.png s=200 d=50µs s=2468
INF http m=GET p=/favicon.png s=200 d=36µs s=449
INF http m=GET p=/apple-touch-icon.png s=200 d=113µs s=2298
INF http m=GET p=/assets/material-symbols-names-mOXCVt15.js s=200 d=104µs s=15793
INF http m=GET p=/assets/fr-CgauyyXq.js s=200 d=82µs s=6301
INF http m=GET p=/assets/es-DHO8DnB9.js s=200 d=100µs s=6015
INF http m=GET p=/assets/emoji-groups-tsNE8Axz.js s=200 d=143µs s=13852
INF http m=GET p=/assets/de-qJeflSp6.js s=200 d=65µs s=6245
INF http m=GET p=/assets/WorkspaceSettingsPanel-CsUOm22X.css s=200 d=23µs s=1025
INF http m=GET p=/assets/WorkspaceSettingsPanel-CM5oaFTF.js s=200 d=93µs s=4443
INF http m=GET p=/assets/ServerSettingsPanel-pbgISWIv.css s=200 d=27µs s=596
INF http m=GET p=/assets/ServerSettingsPanel-C8C6nm9a.js s=200 d=31µs s=2550
INF http m=GET p=/assets/ResourceQuotaForm-DTSj8Ta5.css s=200 d=20µs s=302
INF http m=GET p=/assets/ResourceQuotaForm-D6gJNn3N.js s=200 d=22µs s=812
INF http m=GET p=/assets/ProfileSettings-rthGIjGN.js s=200 d=158µs s=4319
INF http m=GET p=/assets/ProfileSettings-D5kbNfHV.css s=200 d=24µs s=1220
INF http m=GET p=/assets/OrgSettingsPanel-BP8s6T0h.css s=200 d=25µs s=511
INF http m=GET p=/assets/OrgSettingsPanel-B78NX7Vn.js s=200 d=35µs s=2302
INF http m=GET p=/assets/InviteForm-R7w4u6kW.js s=200 d=29µs s=1267
INF http m=GET p=/assets/InviteForm-CW-wgFWD.css s=200 d=29µs s=414
INF http m=GET p=/assets/Editor-BYBWY7b1.css s=200 d=27µs s=2240
INF http m=GET p=/assets/Editor-5FlZhQpN.js s=200 d=783µs s=13509
INF http m=GET p=/assets/AdminDashboard-R0heLGro.css s=200 d=26µs s=601
INF http m=GET p=/assets/AdminDashboard-D3Sw1IyX.js s=200 d=30µs s=2075
INF http m=GET p=/manifest.webmanifest s=200 d=34µs s=199
INF http m=POST p=/api/v1/organizations/4463H0AGC000/workspaces s=200 d=179ms s=305
INF http m=POST p=/api/v1/auth/switch-workspace s=200 d=15.4ms s=623
INF http m=GET p=/api/v1/notifications/unread-count s=200 d=1.98ms s=25
INF http m=GET p=/api/v1/workspaces/4463H0JFM000/members s=200 d=214µs s=126
INF http m=GET p=/api/v1/workspaces/4463H0JFM000/nodes/0/children s=200 d=226µs s=26
INF http m=POST p=/api/v1/workspaces/4463H0JFM000/nodes/0/page/create s=200 d=16.6ms s=35
INF http m=GET p=/api/v1/workspaces/4463H0JFM000/nodes/0/children s=200 d=214µs s=257
INF http m=GET p=/api/v1/workspaces/4463H0JFM000/nodes/4463H1SUC000 s=200 d=202µs s=245
INF http m=POST p=/api/v1/workspaces/4463H0JFM000/nodes/0/page/create s=200 d=12.6ms s=26
INF http m=GET p=/w/@4463H0JFM000+workspace/@4463H1SUC000+welcome s=200 d=42µs s=542
INF http m=GET p=/api/v1/workspaces/4463H0JFM000/events s=200 d=103ms s=239
INF http m=GET p=/api/v1/auth/me s=200 d=260µs s=368
INF http m=GET p=/api/v1/notifications/unread-count s=200 d=422µs s=25
INF http m=GET p=/api/v1/workspaces/4463H0JFM000/members s=200 d=440µs s=126
INF http m=GET p=/api/v1/workspaces/4463H0JFM000/nodes/0/children s=200 d=436µs s=333
INF http m=GET p=/api/v1/workspaces/4463H0JFM000/nodes/4463H1SUC000 s=200 d=998µs s=245
INF http m=GET p=/api/v1/workspaces/4463H0JFM000/nodes/4463H2CP0000 s=200 d=321µs s=229
INF http m=GET p=/api/v1/workspaces/4463GSJDM000/events s=200 d=527ms s=93
INF http m=GET p=/api/v1/workspaces/4463H0JFM000/events s=200 d=225ms s=93
INF http m=POST p=/api/v1/auth/register s=200 d=109ms s=411
INF http m=GET p=/ s=200 d=58µs s=542
INF http m=GET p=/registerSW.js s=200 d=72µs s=87
INF http m=GET p=/assets/index-SHhnYNGf.js s=200 d=95µs s=49792
INF http m=GET p=/assets/vendor-C3WBU0hm.js s=200 d=69µs s=29762
INF http m=GET p=/assets/editor-vendor-Bje_VwYD.js s=200 d=112µs s=117396
INF http m=GET p=/assets/index-DPQ8uk7g.css s=200 d=57µs s=12402
INF http m=GET p=/api/v1/auth/me s=200 d=203µs s=171
INF http m=GET p=/assets/en-BOb8f2G7.js s=200 d=68µs s=5207
INF http m=POST p=/api/v1/auth/register s=200 d=103ms s=412
INF http m=GET p=/api/v1/notifications/unread-count s=200 d=159µs s=25
INF http m=GET p=/ s=200 d=76µs s=542
INF http m=GET p=/favicon.png s=200 d=22µs s=449
INF http m=GET p=/assets/vendor-C3WBU0hm.js s=200 d=95µs s=29762
INF http m=GET p=/assets/editor-vendor-Bje_VwYD.js s=200 d=120µs s=117396
INF http m=GET p=/assets/index-DPQ8uk7g.css s=200 d=72µs s=12402
INF http m=GET p=/registerSW.js s=200 d=23µs s=87
INF http m=GET p=/assets/index-SHhnYNGf.js s=200 d=733µs s=49792
INF http m=GET p=/sw.js s=200 d=103µs s=5540
INF http m=POST p=/api/v1/organizations s=200 d=68.4ms s=356
INF http m=GET p=/api/v1/auth/me s=200 d=224µs s=257
INF http m=GET p=/registerSW.js s=200 d=31µs s=87
INF http m=GET p=/index.html s=200 d=36µs s=542
INF http m=GET p=/icon.svg s=200 d=32µs s=195
INF http m=GET p=/icon-512.png s=200 d=77µs s=6498
INF http m=GET p=/icon-192.png s=200 d=59µs s=2468
INF http m=GET p=/favicon.png s=200 d=32µs s=449
INF http m=GET p=/apple-touch-icon.png s=200 d=58µs s=2298
INF http m=GET p=/api/v1/auth/me s=200 d=271µs s=170
INF http m=GET p=/assets/en-BOb8f2G7.js s=200 d=89µs s=5207
INF http m=GET p=/assets/material-symbols-names-mOXCVt15.js s=200 d=78µs s=15793
INF http m=GET p=/favicon.png s=200 d=45µs s=449
INF http m=GET p=/sw.js s=200 d=69µs s=5540
INF http m=GET p=/api/v1/notifications/unread-count s=200 d=178µs s=25
INF http m=GET p=/assets/fr-CgauyyXq.js s=200 d=88µs s=6301
INF http m=GET p=/assets/es-DHO8DnB9.js s=200 d=51µs s=6015
INF http m=GET p=/registerSW.js s=200 d=37µs s=87
INF http m=GET p=/assets/emoji-groups-tsNE8Axz.js s=200 d=93µs s=13852
INF http m=GET p=/index.html s=200 d=21µs s=542
INF http m=GET p=/icon.svg s=200 d=42µs s=195
INF http m=GET p=/icon-512.png s=200 d=72µs s=6498
INF http m=GET p=/icon-192.png s=200 d=40µs s=2468
INF http m=GET p=/favicon.png s=200 d=27µs s=449
INF http m=GET p=/apple-touch-icon.png s=200 d=59µs s=2298
INF http m=GET p=/assets/de-qJeflSp6.js s=200 d=63µs s=6245
INF http m=GET p=/assets/WorkspaceSettingsPanel-CsUOm22X.css s=200 d=46µs s=1025
INF http m=GET p=/assets/WorkspaceSettingsPanel-CM5oaFTF.js s=200 d=112µs s=4443
INF http m=GET p=/assets/ServerSettingsPanel-pbgISWIv.css s=200 d=31µs s=596
INF http m=GET p=/assets/ServerSettingsPanel-C8C6nm9a.js s=200 d=31µs s=2550
INF http m=GET p=/assets/material-symbols-names-mOXCVt15.js s=200 d=63µs s=15793
INF http m=GET p=/assets/ResourceQuotaForm-DTSj8Ta5.css s=200 d=18µs s=302
INF http m=GET p=/assets/ResourceQuotaForm-D6gJNn3N.js s=200 d=26µs s=812
INF http m=GET p=/assets/ProfileSettings-rthGIjGN.js s=200 d=47µs s=4319
INF http m=GET p=/assets/ProfileSettings-D5kbNfHV.css s=200 d=30µs s=1220
INF http m=GET p=/assets/OrgSettingsPanel-BP8s6T0h.css s=200 d=26µs s=511
INF http m=GET p=/assets/OrgSettingsPanel-B78NX7Vn.js s=200 d=30µs s=2302
INF http m=GET p=/assets/InviteForm-R7w4u6kW.js s=200 d=24µs s=1267
INF http m=GET p=/assets/InviteForm-CW-wgFWD.css s=200 d=35µs s=414
INF http m=GET p=/assets/fr-CgauyyXq.js s=200 d=40µs s=6301
INF http m=GET p=/assets/Editor-BYBWY7b1.css s=200 d=30µs s=2240
INF http m=GET p=/assets/Editor-5FlZhQpN.js s=200 d=74µs s=13509
INF http m=GET p=/assets/es-DHO8DnB9.js s=200 d=57µs s=6015
INF http m=GET p=/assets/AdminDashboard-R0heLGro.css s=200 d=23µs s=601
INF http m=GET p=/assets/AdminDashboard-D3Sw1IyX.js s=200 d=42µs s=2075
INF http m=GET p=/manifest.webmanifest s=200 d=23µs s=199
INF http m=GET p=/assets/emoji-groups-tsNE8Axz.js s=200 d=60µs s=13852
INF http m=GET p=/assets/de-qJeflSp6.js s=200 d=76µs s=6245
INF http m=GET p=/assets/WorkspaceSettingsPanel-CsUOm22X.css s=200 d=35µs s=1025
INF http m=GET p=/assets/WorkspaceSettingsPanel-CM5oaFTF.js s=200 d=47µs s=4443
INF http m=GET p=/assets/ServerSettingsPanel-pbgISWIv.css s=200 d=22µs s=596
INF http m=GET p=/assets/ServerSettingsPanel-C8C6nm9a.js s=200 d=23µs s=2550
INF http m=POST p=/api/v1/organizations/4463H69NM000/workspaces s=200 d=383ms s=302
INF http m=GET p=/assets/ResourceQuotaForm-DTSj8Ta5.css s=200 d=30µs s=302
INF http m=GET p=/assets/ResourceQuotaForm-D6gJNn3N.js s=200 d=47µs s=812
INF http m=GET p=/assets/ProfileSettings-rthGIjGN.js s=200 d=54µs s=4319
INF http m=GET p=/assets/ProfileSettings-D5kbNfHV.css s=200 d=35µs s=1220
INF http m=POST p=/api/v1/organizations s=200 d=261ms s=355
INF http m=GET p=/assets/OrgSettingsPanel-BP8s6T0h.css s=200 d=25µs s=511
INF http m=POST p=/api/v1/auth/switch-workspace s=200 d=26.2ms s=570
INF http m=GET p=/api/v1/auth/me s=200 d=498µs s=253
INF http m=GET p=/assets/OrgSettingsPanel-B78NX7Vn.js s=200 d=30µs s=2302
INF http m=GET p=/assets/InviteForm-R7w4u6kW.js s=200 d=57µs s=1267
INF http m=GET p=/api/v1/workspaces/4463H6QTU000/nodes/0/children s=200 d=251µs s=26
INF http m=GET p=/api/v1/notifications/unread-count s=200 d=107µs s=25
INF http m=GET p=/assets/InviteForm-CW-wgFWD.css s=200 d=36µs s=414
INF http m=GET p=/api/v1/workspaces/4463H6QTU000/members s=200 d=2.84ms s=121
INF http m=GET p=/assets/Editor-BYBWY7b1.css s=200 d=68µs s=2240
INF http m=GET p=/assets/Editor-5FlZhQpN.js s=200 d=119µs s=13509
INF http m=GET p=/assets/AdminDashboard-R0heLGro.css s=200 d=36µs s=601
INF http m=GET p=/assets/AdminDashboard-D3Sw1IyX.js s=200 d=38µs s=2075
INF http m=GET p=/manifest.webmanifest s=200 d=24µs s=199
INF http m=POST p=/api/v1/organizations/4463H7NVQ000/workspaces s=200 d=138ms s=301
INF http m=POST p=/api/v1/workspaces/4463H6QTU000/nodes/0/page/create s=200 d=107ms s=35
INF http m=GET p=/api/v1/workspaces/4463H6QTU000/nodes/0/children s=200 d=155µs s=257
INF http m=GET p=/api/v1/workspaces/4463H6QTU000/nodes/4463H9JGM000 s=200 d=296µs s=245
INF http m=POST p=/api/v1/auth/switch-workspace s=200 d=19.6ms s=569
INF http m=GET p=/api/v1/notifications/unread-count s=200 d=1.12ms s=25
INF http m=GET p=/api/v1/workspaces/4463H9CHK000/nodes/0/children s=200 d=212µs s=26
INF http m=GET p=/api/v1/workspaces/4463H9CHK000/members s=200 d=1.72ms s=120
INF http m=POST p=/api/v1/workspaces/4463H9CHK000/nodes/0/page/create s=200 d=17ms s=35
INF http m=GET p=/api/v1/workspaces/4463H9CHK000/nodes/0/children s=200 d=191µs s=257
INF http m=GET p=/api/v1/workspaces/4463H9CHK000/nodes/4463HAEHA000 s=200 d=180µs s=245
INF http m=POST p=/api/v1/workspaces/4463H6QTU000/nodes/0/page/create s=200 d=12.9ms s=26
INF http m=GET p=/w/@4463H6QTU000+workspace/@4463H9JGM000+welcome s=200 d=29µs s=542
INF http m=GET p=/api/v1/workspaces/4463H6QTU000/events s=200 d=399ms s=236
INF http m=GET p=/api/v1/auth/me s=200 d=258µs s=359
INF http m=GET p=/api/v1/notifications/unread-count s=200 d=217µs s=25
INF http m=GET p=/api/v1/workspaces/4463H6QTU000/members s=200 d=156µs s=121
INF http m=GET p=/api/v1/workspaces/4463H6QTU000/nodes/4463H9JGM000 s=200 d=208µs s=245
INF http m=GET p=/api/v1/workspaces/4463H6QTU000/nodes/0/children s=200 d=1.09ms s=252
INF http m=GET p=/api/v1/workspaces/4463H6QTU000/nodes/4463HBPEG000 s=200 d=272µs s=171
INF http m=POST p=/api/v1/workspaces/4463H9CHK000/nodes/0/page/create s=200 d=12.8ms s=26
INF http m=GET p=/w/@4463H9CHK000+workspace/@4463HAEHA000+welcome s=200 d=40µs s=542
INF http m=GET p=/api/v1/workspaces/4463H9CHK000/events s=200 d=452ms s=232
INF http m=GET p=/api/v1/auth/me s=200 d=252µs s=356
INF http m=GET p=/api/v1/notifications/unread-count s=200 d=198µs s=25
INF http m=GET p=/api/v1/workspaces/4463H9CHK000/members s=200 d=148µs s=120
INF http m=GET p=/api/v1/workspaces/4463H9CHK000/nodes/0/children s=200 d=239µs s=271
INF http m=GET p=/api/v1/workspaces/4463H9CHK000/nodes/4463HAEHA000 s=200 d=1.02ms s=245
INF http m=GET p=/api/v1/workspaces/4463H9CHK000/nodes/4463HD1GQ000 s=200 d=291µs s=155
INF http m=GET p=/api/v1/workspaces/4463H6QTU000/events s=200 d=316ms s=93
INF http m=GET p=/api/v1/workspaces/4463H9CHK000/events s=200 d=150ms s=93
INF http m=POST p=/api/v1/auth/register s=200 d=105ms s=396
INF http m=GET p=/ s=200 d=63µs s=542
INF http m=POST p=/api/v1/auth/register s=200 d=193ms s=410
INF http m=GET p=/assets/index-SHhnYNGf.js s=200 d=112µs s=49792
INF http m=GET p=/assets/index-DPQ8uk7g.css s=200 d=87µs s=12402
INF http m=GET p=/assets/editor-vendor-Bje_VwYD.js s=200 d=166µs s=117396
INF http m=GET p=/assets/vendor-C3WBU0hm.js s=200 d=129µs s=29762
INF http m=GET p=/ s=200 d=27µs s=542
INF http m=GET p=/registerSW.js s=200 d=46µs s=87
INF http m=GET p=/assets/index-SHhnYNGf.js s=200 d=156µs s=49792
INF http m=GET p=/assets/index-DPQ8uk7g.css s=200 d=198µs s=12402
INF http m=GET p=/assets/editor-vendor-Bje_VwYD.js s=200 d=157µs s=117396
INF http m=GET p=/assets/vendor-C3WBU0hm.js s=200 d=97µs s=29762
INF http m=GET p=/registerSW.js s=200 d=38µs s=87
INF http m=GET p=/api/v1/auth/me s=200 d=233µs s=168
INF http m=GET p=/assets/en-BOb8f2G7.js s=200 d=59µs s=5207
INF http m=GET p=/sw.js s=200 d=81µs s=5540
INF http m=GET p=/api/v1/notifications/unread-count s=200 d=175µs s=25
INF http m=GET p=/registerSW.js s=200 d=35µs s=87
INF http m=GET p=/index.html s=200 d=35µs s=542
INF http m=GET p=/api/v1/auth/me s=200 d=205µs s=170
INF http m=GET p=/favicon.png s=200 d=29µs s=449
INF http m=GET p=/assets/en-BOb8f2G7.js s=200 d=58µs s=5207
INF http m=GET p=/icon.svg s=200 d=19µs s=195
INF http m=POST p=/api/v1/organizations s=200 d=55.9ms s=354
INF http m=GET p=/icon-512.png s=200 d=74µs s=6498
INF http m=GET p=/api/v1/notifications/unread-count s=200 d=153µs s=25
INF http m=GET p=/api/v1/auth/me s=200 d=348µs s=252
INF http m=GET p=/icon-192.png s=200 d=50µs s=2468
INF http m=GET p=/sw.js s=200 d=71µs s=5540
INF http m=GET p=/favicon.png s=200 d=22µs s=449
INF http m=GET p=/favicon.png s=200 d=34µs s=449
INF http m=GET p=/apple-touch-icon.png s=200 d=53µs s=2298
INF http m=GET p=/registerSW.js s=200 d=32µs s=87
INF http m=POST p=/api/v1/organizations s=200 d=32ms s=354
INF http m=GET p=/api/v1/auth/me s=200 d=647µs s=255
INF http m=GET p=/index.html s=200 d=30µs s=542
INF http m=GET p=/assets/material-symbols-names-mOXCVt15.js s=200 d=83µs s=15793
INF http m=GET p=/icon.svg s=200 d=24µs s=195
INF http m=GET p=/icon-512.png s=200 d=69µs s=6498
INF http m=GET p=/icon-192.png s=200 d=41µs s=2468
INF http m=GET p=/favicon.png s=200 d=33µs s=449
INF http m=GET p=/apple-touch-icon.png s=200 d=44µs s=2298
INF http m=GET p=/assets/fr-CgauyyXq.js s=200 d=53µs s=6301
INF http m=GET p=/assets/es-DHO8DnB9.js s=200 d=80µs s=6015
INF http m=GET p=/assets/material-symbols-names-mOXCVt15.js s=200 d=89µs s=15793
INF http m=GET p=/assets/emoji-groups-tsNE8Axz.js s=200 d=110µs s=13852
INF http m=GET p=/assets/fr-CgauyyXq.js s=200 d=89µs s=6301
INF http m=GET p=/assets/es-DHO8DnB9.js s=200 d=69µs s=6015
INF http m=GET p=/assets/emoji-groups-tsNE8Axz.js s=200 d=101µs s=13852
INF http m=GET p=/assets/de-qJeflSp6.js s=200 d=81µs s=6245
INF http m=GET p=/assets/WorkspaceSettingsPanel-CsUOm22X.css s=200 d=58µs s=1025
INF http m=GET p=/assets/WorkspaceSettingsPanel-CM5oaFTF.js s=200 d=62µs s=4443
INF http m=GET p=/assets/de-qJeflSp6.js s=200 d=61µs s=6245
INF http m=GET p=/assets/ServerSettingsPanel-pbgISWIv.css s=200 d=23µs s=596
INF http m=GET p=/assets/ServerSettingsPanel-C8C6nm9a.js s=200 d=41µs s=2550
INF http m=GET p=/assets/ResourceQuotaForm-DTSj8Ta5.css s=200 d=23µs s=302
INF http m=GET p=/assets/WorkspaceSettingsPanel-CsUOm22X.css s=200 d=19µs s=1025
INF http m=GET p=/assets/ResourceQuotaForm-D6gJNn3N.js s=200 d=29µs s=812
INF http m=GET p=/assets/WorkspaceSettingsPanel-CM5oaFTF.js s=200 d=47µs s=4443
INF http m=GET p=/assets/ProfileSettings-rthGIjGN.js s=200 d=55µs s=4319
INF http m=GET p=/assets/ServerSettingsPanel-pbgISWIv.css s=200 d=25µs s=596
INF http m=GET p=/assets/ProfileSettings-D5kbNfHV.css s=200 d=34µs s=1220
INF http m=GET p=/assets/ServerSettingsPanel-C8C6nm9a.js s=200 d=30µs s=2550
INF http m=GET p=/assets/OrgSettingsPanel-BP8s6T0h.css s=200 d=23µs s=511
INF http m=GET p=/assets/ResourceQuotaForm-DTSj8Ta5.css s=200 d=33µs s=302
INF http m=GET p=/assets/OrgSettingsPanel-B78NX7Vn.js s=200 d=120µs s=2302
INF http m=GET p=/assets/ResourceQuotaForm-D6gJNn3N.js s=200 d=17µs s=812
INF http m=GET p=/assets/InviteForm-R7w4u6kW.js s=200 d=24µs s=1267
INF http m=GET p=/assets/ProfileSettings-rthGIjGN.js s=200 d=39µs s=4319
INF http m=GET p=/assets/InviteForm-CW-wgFWD.css s=200 d=33µs s=414
INF http m=GET p=/assets/ProfileSettings-D5kbNfHV.css s=200 d=37µs s=1220
INF http m=GET p=/assets/Editor-BYBWY7b1.css s=200 d=32µs s=2240
INF http m=GET p=/assets/OrgSettingsPanel-BP8s6T0h.css s=200 d=27µs s=511
INF http m=GET p=/assets/Editor-5FlZhQpN.js s=200 d=79µs s=13509
INF http m=GET p=/assets/OrgSettingsPanel-B78NX7Vn.js s=200 d=28µs s=2302
INF http m=GET p=/assets/AdminDashboard-R0heLGro.css s=200 d=31µs s=601
INF http m=GET p=/assets/InviteForm-R7w4u6kW.js s=200 d=21µs s=1267
INF http m=GET p=/assets/AdminDashboard-D3Sw1IyX.js s=200 d=32µs s=2075
INF http m=GET p=/assets/InviteForm-CW-wgFWD.css s=200 d=33µs s=414
INF http m=GET p=/assets/Editor-BYBWY7b1.css s=200 d=31µs s=2240
INF http m=GET p=/manifest.webmanifest s=200 d=21µs s=199
INF http m=GET p=/assets/Editor-5FlZhQpN.js s=200 d=55µs s=13509
INF http m=GET p=/assets/AdminDashboard-R0heLGro.css s=200 d=31µs s=601
INF http m=GET p=/assets/AdminDashboard-D3Sw1IyX.js s=200 d=28µs s=2075
INF http m=GET p=/manifest.webmanifest s=200 d=37µs s=199
INF http m=POST p=/api/v1/organizations/4463HHHLG000/workspaces s=200 d=306ms s=304
INF http m=POST p=/api/v1/organizations/4463HI5AU000/workspaces s=200 d=349ms s=300
INF http m=POST p=/api/v1/auth/switch-workspace s=200 d=116ms s=573
INF http m=GET p=/api/v1/notifications/unread-count s=200 d=279µs s=25
INF http m=GET p=/api/v1/workspaces/4463HI0V8000/nodes/0/children s=200 d=2.8ms s=26
INF http m=GET p=/api/v1/workspaces/4463HI0V8000/members s=200 d=2.46ms s=120
INF http m=POST p=/api/v1/auth/switch-workspace s=200 d=21.6ms s=566
INF http m=GET p=/api/v1/notifications/unread-count s=200 d=98µs s=25
INF http m=GET p=/api/v1/workspaces/4463HIEJM000/nodes/0/children s=200 d=228µs s=26
INF http m=GET p=/api/v1/workspaces/4463HIEJM000/members s=200 d=117µs s=121
INF http m=POST p=/api/v1/workspaces/4463HI0V8000/nodes/0/page/create s=200 d=22.3ms s=35
INF http m=GET p=/api/v1/workspaces/4463HI0V8000/nodes/0/children s=200 d=216µs s=257
INF http m=POST p=/api/v1/workspaces/4463HIEJM000/nodes/0/page/create s=200 d=15.7ms s=35
INF http m=GET p=/api/v1/workspaces/4463HIEJM000/nodes/0/children s=200 d=232µs s=257
INF http m=GET p=/api/v1/workspaces/4463HI0V8000/nodes/4463HKO78000 s=200 d=169µs s=245
INF http m=GET p=/api/v1/workspaces/4463HIEJM000/nodes/4463HKQK4000 s=200 d=246µs s=245
INF http m=POST p=/api/v1/workspaces/4463HI0V8000/nodes/0/page/create s=200 d=12.6ms s=26
INF http m=GET p=/w/@4463HI0V8000+workspace/@4463HKO78000+welcome s=200 d=36µs s=542
INF http m=GET p=/api/v1/workspaces/4463HI0V8000/events s=200 d=382ms s=230
INF http m=GET p=/api/v1/auth/me s=200 d=529µs s=353
INF http m=POST p=/api/v1/workspaces/4463HIEJM000/nodes/0/page/create s=200 d=19.2ms s=26
INF http m=GET p=/w/@4463HIEJM000+workspace/@4463HKQK4000+welcome s=200 d=39µs s=542
INF http m=GET p=/api/v1/notifications/unread-count s=200 d=168µs s=25
INF http m=GET p=/api/v1/workspaces/4463HI0V8000/nodes/0/children s=200 d=626µs s=265
INF http m=GET p=/api/v1/workspaces/4463HIEJM000/events s=200 d=428ms s=236
INF http m=GET p=/api/v1/workspaces/4463HI0V8000/members s=200 d=389µs s=120
INF http m=GET p=/api/v1/workspaces/4463HI0V8000/nodes/4463HKO78000 s=200 d=472µs s=245
INF http m=GET p=/api/v1/auth/me s=200 d=632µs s=358
INF http m=GET p=/api/v1/workspaces/4463HI0V8000/nodes/4463HMU9G000 s=200 d=291µs s=157
INF http m=GET p=/api/v1/workspaces/4463HIEJM000/members s=200 d=202µs s=121
INF http m=GET p=/api/v1/workspaces/4463HIEJM000/nodes/0/children s=200 d=247µs s=303
INF http m=GET p=/api/v1/workspaces/4463HIEJM000/nodes/4463HKQK4000 s=200 d=416µs s=245
INF http m=GET p=/api/v1/notifications/unread-count s=200 d=88µs s=25
INF http m=GET p=/api/v1/workspaces/4463HIEJM000/nodes/4463HN71Q000 s=200 d=279µs s=199
INF http m=GET p=/api/v1/workspaces/4463HI0V8000/events s=200 d=152ms s=93
INF http m=GET p=/api/v1/workspaces/4463HIEJM000/events s=200 d=136ms s=93
INF http m=POST p=/api/v1/auth/register s=200 d=123ms s=393
INF http m=GET p=/ s=200 d=57µs s=542
INF http m=GET p=/assets/index-SHhnYNGf.js s=200 d=179µs s=49792
INF http m=GET p=/assets/index-DPQ8uk7g.css s=200 d=85µs s=12402
INF http m=GET p=/assets/editor-vendor-Bje_VwYD.js s=200 d=233µs s=117396
INF http m=GET p=/assets/vendor-C3WBU0hm.js s=200 d=97µs s=29762
INF http m=GET p=/registerSW.js s=200 d=31µs s=87
INF http m=POST p=/api/v1/auth/register s=200 d=145ms s=388
INF http m=GET p=/ s=200 d=61µs s=542
INF http m=GET p=/assets/index-SHhnYNGf.js s=200 d=141µs s=49792
INF http m=GET p=/registerSW.js s=200 d=22µs s=87
INF http m=GET p=/assets/index-DPQ8uk7g.css s=200 d=64µs s=12402
INF http m=GET p=/assets/editor-vendor-Bje_VwYD.js s=200 d=97µs s=117396
INF http m=GET p=/assets/vendor-C3WBU0hm.js s=200 d=68µs s=29762
INF http m=GET p=/assets/en-BOb8f2G7.js s=200 d=87µs s=5207
INF http m=GET p=/api/v1/auth/me s=200 d=287µs s=166
INF http m=GET p=/api/v1/notifications/unread-count s=200 d=172µs s=25
INF http m=GET p=/sw.js s=200 d=71µs s=5540
INF http m=GET p=/favicon.png s=200 d=45µs s=449
INF http m=GET p=/registerSW.js s=200 d=41µs s=87
INF http m=POST p=/api/v1/organizations s=200 d=58.8ms s=349
INF http m=GET p=/api/v1/auth/me s=200 d=166µs s=251
INF http m=GET p=/index.html s=200 d=31µs s=542
INF http m=GET p=/icon.svg s=200 d=26µs s=195
INF http m=GET p=/icon-512.png s=200 d=2.11ms s=6498
INF http m=GET p=/icon-192.png s=200 d=49µs s=2468
INF http m=GET p=/api/v1/auth/me s=200 d=194µs s=166
INF http m=GET p=/assets/en-BOb8f2G7.js s=200 d=45µs s=5207
INF http m=GET p=/favicon.png s=200 d=31µs s=449
INF http m=GET p=/api/v1/notifications/unread-count s=200 d=541µs s=25
INF http m=GET p=/apple-touch-icon.png s=200 d=39µs s=2298
INF http m=GET p=/sw.js s=200 d=71µs s=5540
INF http m=GET p=/favicon.png s=200 d=18µs s=449
INF http m=GET p=/assets/material-symbols-names-mOXCVt15.js s=200 d=90µs s=15793
INF http m=GET p=/registerSW.js s=200 d=22µs s=87
INF http m=GET p=/index.html s=200 d=47µs s=542
INF http m=GET p=/icon.svg s=200 d=26µs s=195
INF http m=GET p=/icon-512.png s=200 d=67µs s=6498
INF http m=GET p=/assets/fr-CgauyyXq.js s=200 d=57µs s=6301
INF http m=GET p=/icon-192.png s=200 d=30µs s=2468
INF http m=GET p=/favicon.png s=200 d=25µs s=449
INF http m=GET p=/apple-touch-icon.png s=200 d=44µs s=2298
INF http m=GET p=/assets/es-DHO8DnB9.js s=200 d=57µs s=6015
INF http m=GET p=/assets/emoji-groups-tsNE8Axz.js s=200 d=132µs s=13852
INF http m=GET p=/assets/material-symbols-names-mOXCVt15.js s=200 d=89µs s=15793
INF http m=GET p=/assets/fr-CgauyyXq.js s=200 d=81µs s=6301
INF http m=GET p=/assets/de-qJeflSp6.js s=200 d=85µs s=6245
INF http m=GET p=/assets/es-DHO8DnB9.js s=200 d=58µs s=6015
INF http m=GET p=/assets/WorkspaceSettingsPanel-CsUOm22X.css s=200 d=39µs s=1025
INF http m=GET p=/assets/WorkspaceSettingsPanel-CM5oaFTF.js s=200 d=60µs s=4443
INF http m=GET p=/assets/emoji-groups-tsNE8Axz.js s=200 d=65µs s=13852
INF http m=GET p=/assets/ServerSettingsPanel-pbgISWIv.css s=200 d=29µs s=596
INF http m=GET p=/assets/ServerSettingsPanel-C8C6nm9a.js s=200 d=42µs s=2550
INF http m=GET p=/assets/ResourceQuotaForm-DTSj8Ta5.css s=200 d=33µs s=302
INF http m=GET p=/assets/ResourceQuotaForm-D6gJNn3N.js s=200 d=33µs s=812
INF http m=GET p=/assets/ProfileSettings-rthGIjGN.js s=200 d=52µs s=4319
INF http m=GET p=/assets/ProfileSettings-D5kbNfHV.css s=200 d=29µs s=1220
INF http m=GET p=/assets/OrgSettingsPanel-BP8s6T0h.css s=200 d=26µs s=511
INF http m=GET p=/assets/de-qJeflSp6.js s=200 d=52µs s=6245
INF http m=GET p=/assets/OrgSettingsPanel-B78NX7Vn.js s=200 d=26µs s=2302
INF http m=GET p=/assets/WorkspaceSettingsPanel-CsUOm22X.css s=200 d=23µs s=1025
INF http m=GET p=/assets/InviteForm-R7w4u6kW.js s=200 d=25µs s=1267
INF http m=GET p=/assets/WorkspaceSettingsPanel-CM5oaFTF.js s=200 d=69µs s=4443
INF http m=GET p=/assets/InviteForm-CW-wgFWD.css s=200 d=37µs s=414
INF http m=GET p=/assets/ServerSettingsPanel-pbgISWIv.css s=200 d=19µs s=596
INF http m=GET p=/assets/Editor-BYBWY7b1.css s=200 d=40µs s=2240
INF http m=GET p=/assets/ServerSettingsPanel-C8C6nm9a.js s=200 d=33µs s=2550
INF http m=GET p=/assets/Editor-5FlZhQpN.js s=200 d=63µs s=13509
INF http m=GET p=/assets/ResourceQuotaForm-DTSj8Ta5.css s=200 d=39µs s=302
INF http m=GET p=/assets/AdminDashboard-R0heLGro.css s=200 d=26µs s=601
INF http m=GET p=/assets/ResourceQuotaForm-D6gJNn3N.js s=200 d=19µs s=812
INF http m=GET p=/assets/AdminDashboard-D3Sw1IyX.js s=200 d=30µs s=2075
INF http m=GET p=/assets/ProfileSettings-rthGIjGN.js s=200 d=44µs s=4319
INF http m=GET p=/manifest.webmanifest s=200 d=45µs s=199
INF http m=GET p=/assets/ProfileSettings-D5kbNfHV.css s=200 d=23µs s=1220
INF http m=GET p=/assets/OrgSettingsPanel-BP8s6T0h.css s=200 d=21µs s=511
INF http m=GET p=/assets/OrgSettingsPanel-B78NX7Vn.js s=200 d=38µs s=2302
INF http m=GET p=/assets/InviteForm-R7w4u6kW.js s=200 d=22µs s=1267
INF http m=POST p=/api/v1/organizations/4463HRHM2000/workspaces s=200 d=340ms s=300
INF http m=GET p=/assets/InviteForm-CW-wgFWD.css s=200 d=22µs s=414
INF http m=POST p=/api/v1/organizations s=200 d=277ms s=350
INF http m=GET p=/assets/Editor-BYBWY7b1.css s=200 d=31µs s=2240
INF http m=GET p=/api/v1/auth/me s=200 d=690µs s=251
INF http m=GET p=/assets/Editor-5FlZhQpN.js s=200 d=65µs s=13509
INF http m=GET p=/assets/AdminDashboard-R0heLGro.css s=200 d=25µs s=601
INF http m=GET p=/assets/AdminDashboard-D3Sw1IyX.js s=200 d=31µs s=2075
INF http m=GET p=/manifest.webmanifest s=200 d=42µs s=199
INF http m=POST p=/api/v1/auth/switch-workspace s=200 d=24.2ms s=612
INF http m=GET p=/api/v1/workspaces/4463HRVGE000/nodes/0/children s=200 d=295µs s=26
INF http m=GET p=/api/v1/notifications/unread-count s=200 d=112µs s=25
INF http m=GET p=/api/v1/workspaces/4463HRVGE000/members s=200 d=2.79ms s=126
INF http m=POST p=/api/v1/organizations/4463HSD0U000/workspaces s=200 d=159ms s=298
INF http m=POST p=/api/v1/workspaces/4463HRVGE000/nodes/0/page/create s=200 d=121ms s=35
INF http m=GET p=/api/v1/workspaces/4463HRVGE000/nodes/0/children s=200 d=223µs s=257
INF http m=GET p=/api/v1/workspaces/4463HRVGE000/nodes/4463HUCG4000 s=200 d=181µs s=245
INF http m=POST p=/api/v1/auth/switch-workspace s=200 d=21.4ms s=607
INF http m=GET p=/api/v1/notifications/unread-count s=200 d=992µs s=25
INF http m=GET p=/api/v1/workspaces/4463HU4FE000/members s=200 d=593µs s=124
INF http m=GET p=/api/v1/workspaces/4463HU4FE000/nodes/0/children s=200 d=2.09ms s=26
INF http m=POST p=/api/v1/workspaces/4463HU4FE000/nodes/0/page/create s=200 d=13.4ms s=35
INF http m=GET p=/api/v1/workspaces/4463HU4FE000/nodes/0/children s=200 d=338µs s=257
INF http m=GET p=/api/v1/workspaces/4463HU4FE000/nodes/4463HVCFQ000 s=200 d=178µs s=245
INF http m=POST p=/api/v1/workspaces/4463HRVGE000/nodes/0/page/create s=200 d=12.5ms s=26
INF http m=GET p=/w/@4463HRVGE000+workspace/@4463HUCG4000+welcome s=200 d=27µs s=542
INF http m=GET p=/api/v1/workspaces/4463HRVGE000/events s=200 d=446ms s=237
INF http m=GET p=/api/v1/auth/me s=200 d=280µs s=353
INF http m=GET p=/api/v1/notifications/unread-count s=200 d=263µs s=25
INF http m=GET p=/api/v1/workspaces/4463HRVGE000/members s=200 d=111µs s=126
INF http m=GET p=/api/v1/workspaces/4463HRVGE000/nodes/0/children s=200 d=293µs s=232
INF http m=GET p=/api/v1/workspaces/4463HRVGE000/nodes/4463HUCG4000 s=200 d=186µs s=245
INF http m=GET p=/api/v1/workspaces/4463HRVGE000/nodes/4463I0T58000 s=200 d=1.67ms s=133
INF http m=POST p=/api/v1/workspaces/4463HU4FE000/nodes/0/page/create s=200 d=17.2ms s=26
INF http m=GET p=/w/@4463HU4FE000+workspace/@4463HVCFQ000+welcome s=200 d=43µs s=542
INF http m=GET p=/api/v1/workspaces/4463HU4FE000/events s=200 d=399ms s=236
INF http m=GET p=/api/v1/auth/me s=200 d=257µs s=352
INF http m=GET p=/api/v1/workspaces/4463HU4FE000/members s=200 d=185µs s=124
INF http m=GET p=/api/v1/workspaces/4463HU4FE000/nodes/0/children s=200 d=269µs s=255
INF http m=GET p=/api/v1/notifications/unread-count s=200 d=105µs s=25
INF http m=GET p=/api/v1/workspaces/4463HU4FE000/nodes/4463HVCFQ000 s=200 d=165µs s=245
INF http m=GET p=/api/v1/workspaces/4463HRVGE000/events s=200 d=145ms s=93
INF http m=GET p=/api/v1/workspaces/4463HU4FE000/nodes/4463I1J6A000 s=200 d=267µs s=173
INF http m=GET p=/api/v1/workspaces/4463HU4FE000/events s=200 d=185ms s=93
INF http m=POST p=/api/v1/auth/register s=200 d=96.1ms s=393
INF http m=GET p=/ s=200 d=63µs s=542
INF http m=GET p=/assets/index-SHhnYNGf.js s=200 d=172µs s=49792
INF http m=GET p=/assets/index-DPQ8uk7g.css s=200 d=3.23ms s=12402
INF http m=GET p=/assets/editor-vendor-Bje_VwYD.js s=200 d=1.73ms s=117396
INF http m=GET p=/registerSW.js s=200 d=75µs s=87
INF http m=GET p=/assets/vendor-C3WBU0hm.js s=200 d=105µs s=29762
INF http m=GET p=/api/v1/auth/me s=200 d=259µs s=159
INF http m=GET p=/assets/en-BOb8f2G7.js s=200 d=101µs s=5207
INF http m=GET p=/sw.js s=200 d=94µs s=5540
INF http m=GET p=/favicon.png s=200 d=36µs s=449
INF http m=GET p=/api/v1/notifications/unread-count s=200 d=8.63ms s=25
INF http m=GET p=/registerSW.js s=200 d=34µs s=87
INF http m=GET p=/index.html s=200 d=34µs s=542
INF http m=GET p=/icon.svg s=200 d=42µs s=195
INF http m=GET p=/icon-512.png s=200 d=86µs s=6498
INF http m=POST p=/api/v1/organizations s=200 d=57.5ms s=349
INF http m=GET p=/api/v1/auth/me s=200 d=1.39ms s=249
INF http m=GET p=/icon-192.png s=200 d=1.37ms s=2468
INF http m=GET p=/favicon.png s=200 d=40µs s=449
INF http m=GET p=/apple-touch-icon.png s=200 d=109µs s=2298
INF http m=POST p=/api/v1/auth/register s=200 d=183ms s=385
INF http m=GET p=/ s=200 d=62µs s=542
INF http m=GET p=/assets/material-symbols-names-mOXCVt15.js s=200 d=92µs s=15793
INF http m=GET p=/assets/index-DPQ8uk7g.css s=200 d=159µs s=12402
INF http m=GET p=/assets/editor-vendor-Bje_VwYD.js s=200 d=208µs s=117396
INF http m=GET p=/assets/index-SHhnYNGf.js s=200 d=90µs s=49792
INF http m=GET p=/registerSW.js s=200 d=27µs s=87
INF http m=GET p=/assets/vendor-C3WBU0hm.js s=200 d=74µs s=29762
INF http m=GET p=/assets/fr-CgauyyXq.js s=200 d=88µs s=6301
INF http m=GET p=/assets/es-DHO8DnB9.js s=200 d=82µs s=6015
INF http m=GET p=/assets/emoji-groups-tsNE8Axz.js s=200 d=99µs s=13852
INF http m=GET p=/assets/en-BOb8f2G7.js s=200 d=124µs s=5207
INF http m=GET p=/api/v1/auth/me s=200 d=2.88ms s=165
INF http m=GET p=/api/v1/notifications/unread-count s=200 d=156µs s=25
INF http m=GET p=/favicon.png s=200 d=46µs s=449
INF http m=GET p=/sw.js s=200 d=67µs s=5540
INF http m=GET p=/assets/de-qJeflSp6.js s=200 d=81µs s=6245
INF http m=GET p=/assets/WorkspaceSettingsPanel-CsUOm22X.css s=200 d=31µs s=1025
INF http m=GET p=/assets/WorkspaceSettingsPanel-CM5oaFTF.js s=200 d=86µs s=4443
INF http m=GET p=/assets/ServerSettingsPanel-pbgISWIv.css s=200 d=44µs s=596
INF http m=GET p=/assets/ServerSettingsPanel-C8C6nm9a.js s=200 d=58µs s=2550
INF http m=GET p=/registerSW.js s=200 d=23µs s=87
INF http m=GET p=/assets/ResourceQuotaForm-DTSj8Ta5.css s=200 d=29µs s=302
INF http m=GET p=/index.html s=200 d=30µs s=542
INF http m=GET p=/assets/ResourceQuotaForm-D6gJNn3N.js s=200 d=21µs s=812
INF http m=GET p=/icon.svg s=200 d=25µs s=195
INF http m=GET p=/assets/ProfileSettings-rthGIjGN.js s=200 d=55µs s=4319
INF http m=GET p=/assets/ProfileSettings-D5kbNfHV.css s=200 d=130µs s=1220
INF http m=GET p=/icon-512.png s=200 d=52µs s=6498
INF http m=GET p=/icon-192.png s=200 d=59µs s=2468
INF http m=GET p=/favicon.png s=200 d=27µs s=449
INF http m=GET p=/assets/OrgSettingsPanel-BP8s6T0h.css s=200 d=17µs s=511
INF http m=GET p=/assets/OrgSettingsPanel-B78NX7Vn.js s=200 d=73µs s=2302
INF http m=GET p=/apple-touch-icon.png s=200 d=66µs s=2298
INF http m=GET p=/assets/InviteForm-R7w4u6kW.js s=200 d=109µs s=1267
INF http m=GET p=/assets/InviteForm-CW-wgFWD.css s=200 d=28µs s=414
INF http m=GET p=/assets/Editor-BYBWY7b1.css s=200 d=41µs s=2240
INF http m=GET p=/assets/material-symbols-names-mOXCVt15.js s=200 d=60µs s=15793
INF http m=GET p=/assets/Editor-5FlZhQpN.js s=200 d=56µs s=13509
INF http m=GET p=/assets/AdminDashboard-R0heLGro.css s=200 d=28µs s=601
INF http m=GET p=/assets/AdminDashboard-D3Sw1IyX.js s=200 d=45µs s=2075
INF http m=GET p=/manifest.webmanifest s=200 d=27µs s=199
INF http m=GET p=/assets/fr-CgauyyXq.js s=200 d=68µs s=6301
INF http m=GET p=/assets/es-DHO8DnB9.js s=200 d=121µs s=6015
INF http m=POST p=/api/v1/organizations/4463I56F2000/workspaces s=200 d=398ms s=297
INF http m=POST p=/api/v1/organizations s=200 d=155ms s=349
INF http m=GET p=/assets/emoji-groups-tsNE8Axz.js s=200 d=114µs s=13852
INF http m=GET p=/api/v1/auth/me s=200 d=5.16ms s=248
INF http m=POST p=/api/v1/auth/switch-workspace s=200 d=33.6ms s=553
INF http m=GET p=/api/v1/notifications/unread-count s=200 d=4.04ms s=25
INF http m=GET p=/assets/de-qJeflSp6.js s=200 d=115µs s=6245
INF http m=GET p=/api/v1/workspaces/4463I5LDC000/members s=200 d=13.6ms s=120
INF http m=GET p=/assets/WorkspaceSettingsPanel-CsUOm22X.css s=200 d=34µs s=1025
INF http m=GET p=/api/v1/workspaces/4463I5LDC000/nodes/0/children s=200 d=19.9ms s=26
INF http m=GET p=/assets/WorkspaceSettingsPanel-CM5oaFTF.js s=200 d=98µs s=4443
INF http m=GET p=/assets/ServerSettingsPanel-pbgISWIv.css s=200 d=31µs s=596
INF http m=GET p=/assets/ServerSettingsPanel-C8C6nm9a.js s=200 d=31µs s=2550
INF http m=GET p=/assets/ResourceQuotaForm-DTSj8Ta5.css s=200 d=26µs s=302
INF http m=GET p=/assets/ResourceQuotaForm-D6gJNn3N.js s=200 d=45µs s=812
INF http m=GET p=/assets/ProfileSettings-rthGIjGN.js s=200 d=78µs s=4319
INF http m=GET p=/assets/ProfileSettings-D5kbNfHV.css s=200 d=25µs s=1220
INF http m=GET p=/assets/OrgSettingsPanel-BP8s6T0h.css s=200 d=50µs s=511
INF http m=GET p=/assets/OrgSettingsPanel-B78NX7Vn.js s=200 d=39µs s=2302
INF http m=GET p=/assets/InviteForm-R7w4u6kW.js s=200 d=27µs s=1267
INF http m=GET p=/assets/InviteForm-CW-wgFWD.css s=200 d=25µs s=414
INF http m=GET p=/assets/Editor-BYBWY7b1.css s=200 d=34µs s=2240
INF http m=GET p=/assets/Editor-5FlZhQpN.js s=200 d=64µs s=13509
INF http m=GET p=/assets/AdminDashboard-R0heLGro.css s=200 d=22µs s=601
INF http m=GET p=/assets/AdminDashboard-D3Sw1IyX.js s=200 d=27µs s=2075
INF http m=GET p=/manifest.webmanifest s=200 d=21µs s=199
INF http m=POST p=/api/v1/organizations/4463I75LK000/workspaces s=200 d=203ms s=296
INF http m=POST p=/api/v1/workspaces/4463I5LDC000/nodes/0/page/create s=200 d=152ms s=35
INF http m=GET p=/api/v1/workspaces/4463I5LDC000/nodes/0/children s=200 d=479µs s=257
INF http m=GET p=/api/v1/workspaces/4463I5LDC000/nodes/4463I8J7S000 s=200 d=508µs s=245
INF http m=POST p=/api/v1/auth/switch-workspace s=200 d=35.5ms s=613
INF http m=GET p=/api/v1/notifications/unread-count s=200 d=150µs s=25
INF http m=GET p=/api/v1/workspaces/4463I85VK000/members s=200 d=644µs s=118
INF http m=GET p=/api/v1/workspaces/4463I85VK000/nodes/0/children s=200 d=1.5ms s=26
INF http m=POST p=/api/v1/workspaces/4463I85VK000/nodes/0/page/create s=200 d=14ms s=35
INF http m=GET p=/api/v1/workspaces/4463I85VK000/nodes/0/children s=200 d=549µs s=257
INF http m=GET p=/api/v1/workspaces/4463I85VK000/nodes/4463I9PD8000 s=200 d=144µs s=245
INF http m=POST p=/api/v1/workspaces/4463I5LDC000/nodes/0/page/create s=200 d=12.7ms s=26
INF http m=GET p=/w/@4463I5LDC000+workspace/@4463I8J7S000+welcome s=200 d=37µs s=542
INF http m=GET p=/api/v1/workspaces/4463I5LDC000/events s=200 d=381ms s=233
INF http m=GET p=/api/v1/auth/me s=200 d=1.45ms s=352
INF http m=GET p=/api/v1/notifications/unread-count s=200 d=616µs s=25
INF http m=GET p=/api/v1/workspaces/4463I5LDC000/nodes/0/children s=200 d=692µs s=239
INF http m=GET p=/api/v1/workspaces/4463I5LDC000/nodes/4463I8J7S000 s=200 d=627µs s=245
INF http m=GET p=/api/v1/workspaces/4463I5LDC000/members s=200 d=496µs s=120
INF http m=GET p=/api/v1/workspaces/4463I5LDC000/nodes/4463IAKD4000 s=200 d=608µs s=137
INF http m=GET p=/api/v1/workspaces/4463I5LDC000/events s=200 d=95.5ms s=93
INF http m=POST p=/api/v1/workspaces/4463I85VK000/nodes/0/page/create s=200 d=19.1ms s=26
INF http m=GET p=/w/@4463I85VK000+workspace/@4463I9PD8000+welcome s=200 d=38µs s=542
INF http m=GET p=/api/v1/workspaces/4463I85VK000/events s=200 d=506ms s=237
INF http m=POST p=/api/v1/auth/register s=200 d=112ms s=387
INF http m=GET p=/ s=200 d=63µs s=542
INF http m=GET p=/assets/index-SHhnYNGf.js s=200 d=165µs s=49792
INF http m=GET p=/assets/index-DPQ8uk7g.css s=200 d=164µs s=12402
INF http m=GET p=/api/v1/auth/me s=200 d=743µs s=350
INF http m=GET p=/assets/editor-vendor-Bje_VwYD.js s=200 d=174µs s=117396
INF http m=GET p=/registerSW.js s=200 d=4.18ms s=87
INF http m=GET p=/assets/vendor-C3WBU0hm.js s=200 d=7.95ms s=29762
INF http m=GET p=/api/v1/notifications/unread-count s=200 d=210µs s=25
INF http m=GET p=/api/v1/workspaces/4463I85VK000/nodes/0/children s=200 d=2.81ms s=267
INF http m=GET p=/api/v1/workspaces/4463I85VK000/nodes/4463I9PD8000 s=200 d=213µs s=245
INF http m=GET p=/api/v1/workspaces/4463I85VK000/members s=200 d=7.31ms s=118
INF http m=GET p=/assets/en-BOb8f2G7.js s=200 d=129µs s=5207
INF http m=GET p=/api/v1/auth/me s=200 d=2.7ms s=164
INF http m=GET p=/sw.js s=200 d=126µs s=5540
INF http m=GET p=/api/v1/notifications/unread-count s=200 d=148µs s=25
INF http m=GET p=/favicon.png s=200 d=38µs s=449
INF http m=GET p=/api/v1/workspaces/4463I85VK000/nodes/4463ICHKS000 s=200 d=795µs s=188
INF http m=GET p=/registerSW.js s=200 d=27µs s=87
INF http m=GET p=/index.html s=200 d=42µs s=542
INF http m=GET p=/icon.svg s=200 d=38µs s=195
INF http m=GET p=/icon-512.png s=200 d=81µs s=6498
INF http m=POST p=/api/v1/organizations s=200 d=53.7ms s=347
INF http m=GET p=/api/v1/auth/me s=200 d=1.3ms s=248
INF http m=GET p=/icon-192.png s=200 d=52µs s=2468
INF http m=GET p=/favicon.png s=200 d=29µs s=449
INF http m=GET p=/apple-touch-icon.png s=200 d=54µs s=2298
INF http m=GET p=/assets/material-symbols-names-mOXCVt15.js s=200 d=489µs s=15793
INF http m=GET p=/assets/fr-CgauyyXq.js s=200 d=91µs s=6301
INF http m=GET p=/api/v1/workspaces/4463I85VK000/events s=200 d=196ms s=93
INF http m=GET p=/assets/es-DHO8DnB9.js s=200 d=75µs s=6015
INF http m=GET p=/assets/emoji-groups-tsNE8Axz.js s=200 d=91µs s=13852
INF http m=GET p=/assets/de-qJeflSp6.js s=200 d=88µs s=6245
INF http m=GET p=/assets/WorkspaceSettingsPanel-CsUOm22X.css s=200 d=31µs s=1025
INF http m=GET p=/assets/WorkspaceSettingsPanel-CM5oaFTF.js s=200 d=161µs s=4443
INF http m=GET p=/assets/ServerSettingsPanel-pbgISWIv.css s=200 d=25µs s=596
INF http m=GET p=/assets/ServerSettingsPanel-C8C6nm9a.js s=200 d=3.41ms s=2550
INF http m=GET p=/assets/ResourceQuotaForm-DTSj8Ta5.css s=200 d=50µs s=302
INF http m=GET p=/assets/ResourceQuotaForm-D6gJNn3N.js s=200 d=41µs s=812
INF http m=GET p=/assets/ProfileSettings-rthGIjGN.js s=200 d=104µs s=4319
INF http m=GET p=/assets/ProfileSettings-D5kbNfHV.css s=200 d=34µs s=1220
INF http m=GET p=/assets/OrgSettingsPanel-BP8s6T0h.css s=200 d=29µs s=511
INF http m=GET p=/assets/OrgSettingsPanel-B78NX7Vn.js s=200 d=35µs s=2302
INF http m=GET p=/assets/InviteForm-R7w4u6kW.js s=200 d=28µs s=1267
INF http m=GET p=/assets/InviteForm-CW-wgFWD.css s=200 d=38µs s=414
INF http m=GET p=/assets/Editor-BYBWY7b1.css s=200 d=32µs s=2240
INF http m=GET p=/assets/Editor-5FlZhQpN.js s=200 d=79µs s=13509
INF http m=GET p=/assets/AdminDashboard-R0heLGro.css s=200 d=35µs s=601
INF http m=GET p=/assets/AdminDashboard-D3Sw1IyX.js s=200 d=40µs s=2075
INF http m=GET p=/manifest.webmanifest s=200 d=31µs s=199
INF http m=POST p=/api/v1/organizations/4463IE86M000/workspaces s=200 d=264ms s=292
INF http m=POST p=/api/v1/auth/switch-workspace s=200 d=36.6ms s=547
INF http m=GET p=/api/v1/notifications/unread-count s=200 d=181µs s=25
INF http m=GET p=/api/v1/workspaces/4463IEKJ8000/members s=200 d=864µs s=114
INF http m=GET p=/api/v1/workspaces/4463IEKJ8000/nodes/0/children s=200 d=5.59ms s=26
INF http m=POST p=/api/v1/auth/register s=200 d=124ms s=389
INF http m=POST p=/api/v1/workspaces/4463IEKJ8000/nodes/0/page/create s=200 d=36.1ms s=35
INF http m=GET p=/ s=200 d=62µs s=542
INF http m=GET p=/api/v1/workspaces/4463IEKJ8000/nodes/0/children s=200 d=530µs s=257
INF http m=GET p=/api/v1/workspaces/4463IEKJ8000/nodes/4463IGNQ6000 s=200 d=606µs s=245
INF http m=GET p=/assets/index-SHhnYNGf.js s=200 d=150µs s=49792
INF http m=GET p=/assets/index-DPQ8uk7g.css s=200 d=102µs s=12402
INF http m=GET p=/assets/editor-vendor-Bje_VwYD.js s=200 d=163µs s=117396
INF http m=GET p=/assets/vendor-C3WBU0hm.js s=200 d=2.09ms s=29762
INF http m=GET p=/registerSW.js s=200 d=75µs s=87
INF http m=GET p=/assets/en-BOb8f2G7.js s=200 d=199µs s=5207
INF http m=GET p=/api/v1/auth/me s=200 d=1.25ms s=163
INF http m=GET p=/api/v1/notifications/unread-count s=200 d=195µs s=25
INF http m=GET p=/favicon.png s=200 d=40µs s=449
INF http m=GET p=/sw.js s=200 d=65µs s=5540
INF http m=GET p=/registerSW.js s=200 d=51µs s=87
INF http m=GET p=/index.html s=200 d=50µs s=542
INF http m=POST p=/api/v1/organizations s=200 d=46.1ms s=350
INF http m=GET p=/api/v1/auth/me s=200 d=519µs s=249
INF http m=GET p=/icon.svg s=200 d=26µs s=195
INF http m=GET p=/icon-512.png s=200 d=56µs s=6498
INF http m=GET p=/icon-192.png s=200 d=31µs s=2468
INF http m=GET p=/favicon.png s=200 d=19µs s=449
INF http m=GET p=/apple-touch-icon.png s=200 d=43µs s=2298
INF http m=GET p=/assets/material-symbols-names-mOXCVt15.js s=200 d=90µs s=15793
INF http m=GET p=/assets/fr-CgauyyXq.js s=200 d=81µs s=6301
INF http m=GET p=/assets/es-DHO8DnB9.js s=200 d=58µs s=6015
INF http m=GET p=/assets/emoji-groups-tsNE8Axz.js s=200 d=188µs s=13852
INF http m=GET p=/assets/de-qJeflSp6.js s=200 d=85µs s=6245
INF http m=GET p=/assets/WorkspaceSettingsPanel-CsUOm22X.css s=200 d=33µs s=1025
INF http m=GET p=/assets/WorkspaceSettingsPanel-CM5oaFTF.js s=200 d=53µs s=4443
INF http m=GET p=/assets/ServerSettingsPanel-pbgISWIv.css s=200 d=106µs s=596
INF http m=GET p=/assets/ServerSettingsPanel-C8C6nm9a.js s=200 d=31µs s=2550
INF http m=GET p=/assets/ResourceQuotaForm-DTSj8Ta5.css s=200 d=20µs s=302
INF http m=GET p=/assets/ResourceQuotaForm-D6gJNn3N.js s=200 d=18µs s=812
INF http m=GET p=/assets/ProfileSettings-rthGIjGN.js s=200 d=49µs s=4319
INF http m=GET p=/assets/ProfileSettings-D5kbNfHV.css s=200 d=38µs s=1220
INF http m=GET p=/assets/OrgSettingsPanel-BP8s6T0h.css s=200 d=18µs s=511
INF http m=GET p=/assets/OrgSettingsPanel-B78NX7Vn.js s=200 d=29µs s=2302
INF http m=GET p=/assets/InviteForm-R7w4u6kW.js s=200 d=21µs s=1267
INF http m=GET p=/assets/InviteForm-CW-wgFWD.css s=200 d=23µs s=414
INF http m=GET p=/assets/Editor-BYBWY7b1.css s=200 d=31µs s=2240
INF http m=GET p=/assets/Editor-5FlZhQpN.js s=200 d=56µs s=13509
INF http m=GET p=/assets/AdminDashboard-R0heLGro.css s=200 d=25µs s=601
INF http m=GET p=/assets/AdminDashboard-D3Sw1IyX.js s=200 d=26µs s=2075
INF http m=GET p=/manifest.webmanifest s=200 d=20µs s=199
INF http m=POST p=/api/v1/organizations/4463IHS4O000/workspaces s=200 d=168ms s=298
INF http m=POST p=/api/v1/auth/switch-workspace s=200 d=16.5ms s=559
INF http m=GET p=/api/v1/notifications/unread-count s=200 d=728µs s=25
INF http m=GET p=/api/v1/workspaces/4463II6M4000/nodes/0/children s=200 d=597µs s=26
INF http m=GET p=/api/v1/workspaces/4463II6M4000/members s=200 d=1.99ms s=122
INF http m=POST p=/api/v1/workspaces/4463II6M4000/nodes/0/page/create s=200 d=16.6ms s=35
INF http m=GET p=/api/v1/workspaces/4463II6M4000/nodes/0/children s=200 d=191µs s=257
INF http m=POST p=/api/v1/workspaces/4463IEKJ8000/nodes/0/page/create s=200 d=14.3ms s=26
INF http m=GET p=/api/v1/workspaces/4463II6M4000/nodes/4463IJDB2000 s=200 d=160µs s=245
INF http m=GET p=/w/@4463IEKJ8000+workspace/@4463IGNQ6000+welcome s=200 d=70µs s=542
INF http m=GET p=/api/v1/workspaces/4463IEKJ8000/events s=200 d=498ms s=236
INF http m=GET p=/api/v1/auth/me s=200 d=263µs s=351
INF http m=POST p=/api/v1/workspaces/4463II6M4000/nodes/0/page/create s=200 d=16.6ms s=26
INF http m=GET p=/api/v1/workspaces/4463IEKJ8000/nodes/4463IGNQ6000 s=200 d=526µs s=245
INF http m=GET p=/api/v1/workspaces/4463IEKJ8000/nodes/0/children s=200 d=477µs s=284
INF http m=GET p=/api/v1/notifications/unread-count s=200 d=117µs s=25
INF http m=GET p=/api/v1/workspaces/4463IEKJ8000/members s=200 d=982µs s=114
INF http m=GET p=/w/@4463II6M4000+workspace/@4463IJDB2000+welcome s=200 d=30µs s=542
INF http m=GET p=/api/v1/workspaces/4463II6M4000/events s=200 d=123ms s=233
INF http m=GET p=/api/v1/workspaces/4463IEKJ8000/nodes/4463IJF1S000 s=200 d=1.28ms s=183
INF http m=GET p=/api/v1/auth/me s=200 d=807µs s=351
INF http m=GET p=/api/v1/notifications/unread-count s=200 d=635µs s=25
INF http m=GET p=/api/v1/workspaces/4463II6M4000/nodes/0/children s=200 d=315µs s=232
INF http m=GET p=/api/v1/workspaces/4463II6M4000/members s=200 d=145µs s=122
INF http m=GET p=/api/v1/workspaces/4463II6M4000/nodes/4463IJDB2000 s=200 d=2.55ms s=245
INF http m=POST p=/api/v1/workspaces/4463IEKJ8000/nodes/0/page/create s=200 d=15.3ms s=26
INF http m=GET p=/api/v1/workspaces/4463II6M4000/nodes/4463IJT62000 s=200 d=207µs s=136
INF http m=GET p=/w/@4463IEKJ8000+rt-hs-workspace/@4463IJF1S000+round-trip s=200 d=34µs s=542
INF http m=GET p=/api/v1/workspaces/4463IEKJ8000/events s=200 d=155ms s=206
INF http m=GET p=/api/v1/auth/me s=200 d=253µs s=351
INF http m=GET p=/api/v1/workspaces/4463IEKJ8000/members s=200 d=180µs s=114
INF http m=GET p=/api/v1/notifications/unread-count s=200 d=83µs s=25
INF http m=GET p=/api/v1/workspaces/4463IEKJ8000/nodes/0/children s=200 d=704µs s=300
INF http m=GET p=/api/v1/workspaces/4463IEKJ8000/nodes/4463IJF1S000 s=200 d=233µs s=183
INF http m=GET p=/api/v1/workspaces/4463II6M4000/events s=200 d=116ms s=93
INF http m=GET p=/api/v1/workspaces/4463IEKJ8000/nodes/4463IKR8Q000 s=200 d=757µs s=135
INF http m=GET p=/api/v1/workspaces/4463IEKJ8000/events s=200 d=234ms s=93
INF http m=POST p=/api/v1/auth/register s=200 d=122ms s=411
INF http m=GET p=/ s=200 d=64µs s=542
INF http m=GET p=/assets/editor-vendor-Bje_VwYD.js s=200 d=219µs s=117396
INF http m=GET p=/assets/index-DPQ8uk7g.css s=200 d=85µs s=12402
INF http m=GET p=/assets/index-SHhnYNGf.js s=200 d=107µs s=49792
INF http m=GET p=/registerSW.js s=200 d=63µs s=87
INF http m=GET p=/assets/vendor-C3WBU0hm.js s=200 d=117µs s=29762
INF http m=GET p=/assets/en-BOb8f2G7.js s=200 d=85µs s=5207
INF http m=GET p=/api/v1/auth/me s=200 d=1.32ms s=177
INF http m=GET p=/api/v1/notifications/unread-count s=200 d=520µs s=25
INF http m=GET p=/favicon.png s=200 d=29µs s=449
INF http m=GET p=/sw.js s=200 d=133µs s=5540
INF http m=GET p=/registerSW.js s=200 d=44µs s=87
INF http m=GET p=/index.html s=200 d=36µs s=542
INF http m=POST p=/api/v1/organizations s=200 d=62.8ms s=360
INF http m=GET p=/api/v1/auth/me s=200 d=6.51ms s=262
INF http m=GET p=/icon.svg s=200 d=38µs s=195
INF http m=GET p=/icon-512.png s=200 d=121µs s=6498
INF http m=GET p=/icon-192.png s=200 d=54µs s=2468
INF http m=GET p=/favicon.png s=200 d=30µs s=449
INF http m=GET p=/apple-touch-icon.png s=200 d=47µs s=2298
INF http m=POST p=/api/v1/auth/register s=200 d=228ms s=401
INF http m=GET p=/ s=200 d=87µs s=542
INF http m=GET p=/assets/material-symbols-names-mOXCVt15.js s=200 d=60µs s=15793
INF http m=GET p=/assets/index-SHhnYNGf.js s=200 d=150µs s=49792
INF http m=GET p=/registerSW.js s=200 d=32µs s=87
INF http m=GET p=/assets/index-DPQ8uk7g.css s=200 d=71µs s=12402
INF http m=GET p=/assets/editor-vendor-Bje_VwYD.js s=200 d=101µs s=117396
INF http m=GET p=/assets/vendor-C3WBU0hm.js s=200 d=82µs s=29762
INF http m=GET p=/assets/fr-CgauyyXq.js s=200 d=97µs s=6301
INF http m=GET p=/assets/es-DHO8DnB9.js s=200 d=83µs s=6015
INF http m=GET p=/assets/emoji-groups-tsNE8Axz.js s=200 d=114µs s=13852
INF http m=GET p=/assets/de-qJeflSp6.js s=200 d=105µs s=6245
INF http m=GET p=/api/v1/auth/me s=200 d=1.19ms s=172
INF http m=GET p=/assets/WorkspaceSettingsPanel-CsUOm22X.css s=200 d=36µs s=1025
INF http m=GET p=/assets/en-BOb8f2G7.js s=200 d=89µs s=5207
INF http m=GET p=/assets/WorkspaceSettingsPanel-CM5oaFTF.js s=200 d=86µs s=4443
INF http m=GET p=/assets/ServerSettingsPanel-pbgISWIv.css s=200 d=30µs s=596
INF http m=GET p=/assets/ServerSettingsPanel-C8C6nm9a.js s=200 d=37µs s=2550
INF http m=GET p=/api/v1/notifications/unread-count s=200 d=180µs s=25
INF http m=GET p=/assets/ResourceQuotaForm-DTSj8Ta5.css s=200 d=30µs s=302
INF http m=GET p=/assets/ResourceQuotaForm-D6gJNn3N.js s=200 d=26µs s=812
INF http m=GET p=/sw.js s=200 d=66µs s=5540
INF http m=GET p=/assets/ProfileSettings-rthGIjGN.js s=200 d=51µs s=4319
INF http m=GET p=/assets/ProfileSettings-D5kbNfHV.css s=200 d=28µs s=1220
INF http m=GET p=/favicon.png s=200 d=23µs s=449
INF http m=GET p=/assets/OrgSettingsPanel-BP8s6T0h.css s=200 d=16µs s=511
INF http m=GET p=/assets/OrgSettingsPanel-B78NX7Vn.js s=200 d=65µs s=2302
INF http m=GET p=/assets/InviteForm-R7w4u6kW.js s=200 d=33µs s=1267
INF http m=GET p=/registerSW.js s=200 d=40µs s=87
INF http m=GET p=/assets/InviteForm-CW-wgFWD.css s=200 d=30µs s=414
INF http m=GET p=/assets/Editor-BYBWY7b1.css s=200 d=43µs s=2240
INF http m=GET p=/assets/Editor-5FlZhQpN.js s=200 d=68µs s=13509
INF http m=GET p=/index.html s=200 d=22µs s=542
INF http m=GET p=/icon.svg s=200 d=38µs s=195
INF http m=GET p=/assets/AdminDashboard-R0heLGro.css s=200 d=22µs s=601
INF http m=GET p=/icon-512.png s=200 d=96µs s=6498
INF http m=GET p=/assets/AdminDashboard-D3Sw1IyX.js s=200 d=41µs s=2075
INF http m=GET p=/icon-192.png s=200 d=42µs s=2468
INF http m=GET p=/manifest.webmanifest s=200 d=32µs s=199
INF http m=GET p=/favicon.png s=200 d=19µs s=449
INF http m=GET p=/apple-touch-icon.png s=200 d=83µs s=2298
INF http m=POST p=/api/v1/organizations/4463IOFU4000/workspaces s=200 d=371ms s=309
INF http m=GET p=/assets/material-symbols-names-mOXCVt15.js s=200 d=114µs s=15793
INF http m=POST p=/api/v1/organizations s=200 d=112ms s=356
INF http m=GET p=/api/v1/auth/me s=200 d=3.13ms s=257
INF http m=GET p=/assets/fr-CgauyyXq.js s=200 d=112µs s=6301
INF http m=POST p=/api/v1/auth/switch-workspace s=200 d=41.9ms s=658
INF http m=GET p=/assets/es-DHO8DnB9.js s=200 d=131µs s=6015
INF http m=GET p=/api/v1/notifications/unread-count s=200 d=218µs s=25
INF http m=GET p=/api/v1/workspaces/4463IOVC2000/nodes/0/children s=200 d=1.44ms s=26
INF http m=GET p=/api/v1/workspaces/4463IOVC2000/members s=200 d=284µs s=127
INF http m=GET p=/assets/emoji-groups-tsNE8Axz.js s=200 d=110µs s=13852
INF http m=GET p=/assets/de-qJeflSp6.js s=200 d=98µs s=6245
INF http m=GET p=/assets/WorkspaceSettingsPanel-CsUOm22X.css s=200 d=26µs s=1025
INF http m=GET p=/assets/WorkspaceSettingsPanel-CM5oaFTF.js s=200 d=48µs s=4443
INF http m=GET p=/assets/ServerSettingsPanel-pbgISWIv.css s=200 d=38µs s=596
INF http m=GET p=/assets/ServerSettingsPanel-C8C6nm9a.js s=200 d=28µs s=2550
INF http m=GET p=/assets/ResourceQuotaForm-DTSj8Ta5.css s=200 d=24µs s=302
INF http m=GET p=/assets/ResourceQuotaForm-D6gJNn3N.js s=200 d=26µs s=812
INF http m=GET p=/assets/ProfileSettings-rthGIjGN.js s=200 d=64µs s=4319
INF http m=GET p=/assets/ProfileSettings-D5kbNfHV.css s=200 d=27µs s=1220
INF http m=GET p=/assets/OrgSettingsPanel-BP8s6T0h.css s=200 d=22µs s=511
INF http m=GET p=/assets/OrgSettingsPanel-B78NX7Vn.js s=200 d=31µs s=2302
INF http m=GET p=/assets/InviteForm-R7w4u6kW.js s=200 d=29µs s=1267
INF http m=GET p=/assets/InviteForm-CW-wgFWD.css s=200 d=25µs s=414
INF http m=GET p=/assets/Editor-BYBWY7b1.css s=200 d=32µs s=2240
INF http m=GET p=/assets/Editor-5FlZhQpN.js s=200 d=456µs s=13509
INF http m=GET p=/assets/AdminDashboard-R0heLGro.css s=200 d=19µs s=601
INF http m=GET p=/assets/AdminDashboard-D3Sw1IyX.js s=200 d=27µs s=2075
INF http m=GET p=/manifest.webmanifest s=200 d=21µs s=199
INF http m=POST p=/api/v1/organizations/4463IQK2A000/workspaces s=200 d=195ms s=305
INF http m=POST p=/api/v1/workspaces/4463IOVC2000/nodes/0/page/create s=200 d=140ms s=35
INF http m=GET p=/api/v1/workspaces/4463IOVC2000/nodes/0/children s=200 d=483µs s=257
INF http m=GET p=/api/v1/workspaces/4463IOVC2000/nodes/4463IRNMM000 s=200 d=462µs s=245
INF http m=POST p=/api/v1/auth/switch-workspace s=200 d=21.4ms s=571
INF http m=GET p=/api/v1/notifications/unread-count s=200 d=153µs s=25
INF http m=GET p=/api/v1/workspaces/4463IRCA4000/nodes/0/children s=200 d=441µs s=26
INF http m=GET p=/api/v1/workspaces/4463IRCA4000/members s=200 d=1.15ms s=122
INF http m=POST p=/api/v1/workspaces/4463IRCA4000/nodes/0/page/create s=200 d=14.5ms s=35
INF http m=GET p=/api/v1/workspaces/4463IRCA4000/nodes/0/children s=200 d=804µs s=258
INF http m=GET p=/api/v1/workspaces/4463IRCA4000/nodes/4463ISQR4000 s=200 d=190µs s=245
INF http m=POST p=/api/v1/workspaces/4463IRCA4000/nodes/0/page/create s=200 d=21.1ms s=26
INF http m=GET p=/w/@4463IRCA4000+workspace/@4463ISQR4000+welcome s=200 d=41µs s=542
INF http m=GET p=/api/v1/workspaces/4463IRCA4000/events s=200 d=45.1ms s=232
INF http m=GET p=/api/v1/auth/me s=200 d=668µs s=358
INF http m=GET p=/api/v1/notifications/unread-count s=200 d=497µs s=25
INF http m=GET p=/api/v1/workspaces/4463IRCA4000/members s=200 d=500µs s=122
INF http m=GET p=/api/v1/workspaces/4463IRCA4000/nodes/0/children s=200 d=841µs s=258
INF http m=GET p=/api/v1/workspaces/4463IRCA4000/nodes/4463ISQR4000 s=200 d=594µs s=245
INF http m=GET p=/api/v1/workspaces/4463IRCA4000/nodes/4463ISSTO000 s=200 d=550µs s=144
INF http m=POST p=/api/v1/workspaces/4463IOVC2000/nodes/0/page/create s=200 d=29.1ms s=26
INF http m=GET p=/w/@4463IOVC2000+workspace/@4463IRNMM000+welcome s=200 d=38µs s=542
INF http m=GET p=/api/v1/workspaces/4463IOVC2000/events s=200 d=408ms s=238
INF http m=GET p=/api/v1/auth/me s=200 d=625µs s=365
INF http m=GET p=/api/v1/workspaces/4463IRCA4000/events s=200 d=188ms s=93
INF http m=GET p=/api/v1/notifications/unread-count s=200 d=5.52ms s=25
INF http m=GET p=/api/v1/workspaces/4463IOVC2000/nodes/0/children s=200 d=338µs s=263
INF http m=GET p=/api/v1/workspaces/4463IOVC2000/nodes/4463IRNMM000 s=200 d=3.19ms s=245
INF http m=GET p=/api/v1/workspaces/4463IOVC2000/members s=200 d=12.4ms s=127
INF http m=GET p=/api/v1/workspaces/4463IOVC2000/nodes/4463ITT6O000 s=200 d=310µs s=149
INF http m=GET p=/api/v1/workspaces/4463IOVC2000/events s=200 d=139ms s=93
INF http m=POST p=/api/v1/auth/register s=200 d=113ms s=411
INF http m=GET p=/ s=200 d=59µs s=542
INF http m=GET p=/assets/index-SHhnYNGf.js s=200 d=129µs s=49792
INF http m=GET p=/assets/index-DPQ8uk7g.css s=200 d=88µs s=12402
INF http m=GET p=/assets/editor-vendor-Bje_VwYD.js s=200 d=2ms s=117396
INF http m=GET p=/assets/vendor-C3WBU0hm.js s=200 d=97µs s=29762
INF http m=GET p=/registerSW.js s=200 d=28µs s=87
INF http m=POST p=/api/v1/auth/register s=200 d=129ms s=403
INF http m=GET p=/ s=200 d=61µs s=542
INF http m=GET p=/api/v1/auth/me s=200 d=226µs s=174
INF http m=GET p=/assets/en-BOb8f2G7.js s=200 d=62µs s=5207
INF http m=GET p=/assets/editor-vendor-Bje_VwYD.js s=200 d=181µs s=117396
INF http m=GET p=/assets/index-DPQ8uk7g.css s=200 d=75µs s=12402
INF http m=GET p=/assets/index-SHhnYNGf.js s=200 d=87µs s=49792
INF http m=GET p=/registerSW.js s=200 d=30µs s=87
INF http m=GET p=/assets/vendor-C3WBU0hm.js s=200 d=74µs s=29762
INF http m=GET p=/sw.js s=200 d=67µs s=5540
INF http m=GET p=/api/v1/notifications/unread-count s=200 d=189µs s=25
INF http m=GET p=/favicon.png s=200 d=47µs s=449
INF http m=GET p=/registerSW.js s=200 d=39µs s=87
INF http m=GET p=/index.html s=200 d=47µs s=542
INF http m=POST p=/api/v1/organizations s=200 d=70ms s=358
INF http m=GET p=/icon.svg s=200 d=34µs s=195
INF http m=GET p=/api/v1/auth/me s=200 d=640µs s=258
INF http m=GET p=/icon-512.png s=200 d=64µs s=6498
INF http m=GET p=/icon-192.png s=200 d=42µs s=2468
INF http m=GET p=/favicon.png s=200 d=29µs s=449
INF http m=GET p=/apple-touch-icon.png s=200 d=57µs s=2298
INF http m=GET p=/assets/material-symbols-names-mOXCVt15.js s=200 d=114µs s=15793
INF http m=GET p=/api/v1/auth/me s=200 d=524µs s=170
INF http m=GET p=/assets/en-BOb8f2G7.js s=200 d=57µs s=5207
INF http m=GET p=/assets/fr-CgauyyXq.js s=200 d=87µs s=6301
INF http m=GET p=/assets/es-DHO8DnB9.js s=200 d=75µs s=6015
INF http m=GET p=/favicon.png s=200 d=27µs s=449
INF http m=GET p=/sw.js s=200 d=58µs s=5540
INF http m=GET p=/assets/emoji-groups-tsNE8Axz.js s=200 d=101µs s=13852
INF http m=GET p=/api/v1/notifications/unread-count s=200 d=9.79ms s=25
INF http m=GET p=/registerSW.js s=200 d=39µs s=87
INF http m=GET p=/index.html s=200 d=42µs s=542
INF http m=GET p=/icon.svg s=200 d=37µs s=195
INF http m=GET p=/assets/de-qJeflSp6.js s=200 d=72µs s=6245
INF http m=GET p=/icon-512.png s=200 d=48µs s=6498
INF http m=GET p=/assets/WorkspaceSettingsPanel-CsUOm22X.css s=200 d=26µs s=1025
INF http m=GET p=/assets/WorkspaceSettingsPanel-CM5oaFTF.js s=200 d=66µs s=4443
INF http m=GET p=/icon-192.png s=200 d=32µs s=2468
INF http m=GET p=/assets/ServerSettingsPanel-pbgISWIv.css s=200 d=30µs s=596
INF http m=GET p=/assets/ServerSettingsPanel-C8C6nm9a.js s=200 d=30µs s=2550
INF http m=GET p=/favicon.png s=200 d=30µs s=449
INF http m=GET p=/assets/ResourceQuotaForm-DTSj8Ta5.css s=200 d=21µs s=302
INF http m=GET p=/assets/ResourceQuotaForm-D6gJNn3N.js s=200 d=28µs s=812
INF http m=GET p=/apple-touch-icon.png s=200 d=28µs s=2298
INF http m=GET p=/assets/ProfileSettings-rthGIjGN.js s=200 d=56µs s=4319
INF http m=GET p=/assets/ProfileSettings-D5kbNfHV.css s=200 d=36µs s=1220
INF http m=GET p=/assets/OrgSettingsPanel-BP8s6T0h.css s=200 d=23µs s=511
INF http m=GET p=/assets/OrgSettingsPanel-B78NX7Vn.js s=200 d=40µs s=2302
INF http m=GET p=/assets/InviteForm-R7w4u6kW.js s=200 d=31µs s=1267
INF http m=GET p=/assets/material-symbols-names-mOXCVt15.js s=200 d=76µs s=15793
INF http m=GET p=/assets/InviteForm-CW-wgFWD.css s=200 d=28µs s=414
INF http m=GET p=/assets/Editor-BYBWY7b1.css s=200 d=33µs s=2240
INF http m=GET p=/assets/Editor-5FlZhQpN.js s=200 d=57µs s=13509
INF http m=GET p=/assets/AdminDashboard-R0heLGro.css s=200 d=34µs s=601
INF http m=GET p=/assets/AdminDashboard-D3Sw1IyX.js s=200 d=70µs s=2075
INF http m=GET p=/manifest.webmanifest s=200 d=37µs s=199
INF http m=GET p=/assets/fr-CgauyyXq.js s=200 d=54µs s=6301
INF http m=GET p=/assets/es-DHO8DnB9.js s=200 d=77µs s=6015
INF http m=GET p=/assets/emoji-groups-tsNE8Axz.js s=200 d=102µs s=13852
INF http m=GET p=/assets/de-qJeflSp6.js s=200 d=121µs s=6245
INF http m=GET p=/assets/WorkspaceSettingsPanel-CsUOm22X.css s=200 d=39µs s=1025
INF http m=GET p=/assets/WorkspaceSettingsPanel-CM5oaFTF.js s=200 d=77µs s=4443
INF http m=GET p=/assets/ServerSettingsPanel-pbgISWIv.css s=200 d=29µs s=596
INF http m=GET p=/assets/ServerSettingsPanel-C8C6nm9a.js s=200 d=37µs s=2550
INF http m=GET p=/assets/ResourceQuotaForm-DTSj8Ta5.css s=200 d=30µs s=302
INF http m=GET p=/assets/ResourceQuotaForm-D6gJNn3N.js s=200 d=32µs s=812
INF http m=GET p=/assets/ProfileSettings-rthGIjGN.js s=200 d=52µs s=4319
INF http m=GET p=/assets/ProfileSettings-D5kbNfHV.css s=200 d=18µs s=1220
INF http m=GET p=/assets/OrgSettingsPanel-BP8s6T0h.css s=200 d=99µs s=511
INF http m=GET p=/assets/OrgSettingsPanel-B78NX7Vn.js s=200 d=28µs s=2302
INF http m=POST p=/api/v1/organizations/4463J1P70000/workspaces s=200 d=373ms s=307
INF http m=GET p=/assets/InviteForm-R7w4u6kW.js s=200 d=40µs s=1267
INF http m=POST p=/api/v1/organizations s=200 d=263ms s=353
INF http m=GET p=/assets/InviteForm-CW-wgFWD.css s=200 d=27µs s=414
INF http m=GET p=/api/v1/auth/me s=200 d=1.56ms s=254
INF http m=GET p=/assets/Editor-BYBWY7b1.css s=200 d=56µs s=2240
INF http m=GET p=/assets/Editor-5FlZhQpN.js s=200 d=119µs s=13509
INF http m=GET p=/assets/AdminDashboard-R0heLGro.css s=200 d=22µs s=601
INF http m=GET p=/assets/AdminDashboard-D3Sw1IyX.js s=200 d=48µs s=2075
INF http m=POST p=/api/v1/auth/switch-workspace s=200 d=32.1ms s=575
INF http m=GET p=/manifest.webmanifest s=200 d=22µs s=199
INF http m=GET p=/api/v1/notifications/unread-count s=200 d=690µs s=25
INF http m=GET p=/api/v1/workspaces/4463J29FE000/nodes/0/children s=200 d=219µs s=26
INF http m=GET p=/api/v1/workspaces/4463J29FE000/members s=200 d=1.11ms s=123
INF http m=POST p=/api/v1/organizations/4463J30K6000/workspaces s=200 d=170ms s=300
INF http m=POST p=/api/v1/workspaces/4463J29FE000/nodes/0/page/create s=200 d=125ms s=35
INF http m=GET p=/api/v1/workspaces/4463J29FE000/nodes/0/children s=200 d=517µs s=257
INF http m=GET p=/api/v1/workspaces/4463J29FE000/nodes/4463J4URK000 s=200 d=477µs s=245
INF http m=POST p=/api/v1/auth/switch-workspace s=200 d=23.5ms s=573
INF http m=GET p=/api/v1/notifications/unread-count s=200 d=179µs s=25
INF http m=GET p=/api/v1/workspaces/4463J4L80000/nodes/0/children s=200 d=236µs s=26
INF http m=GET p=/api/v1/workspaces/4463J4L80000/members s=200 d=1.1ms s=121
INF http m=POST p=/api/v1/workspaces/4463J4L80000/nodes/0/page/create s=200 d=15.3ms s=35
INF http m=GET p=/api/v1/workspaces/4463J4L80000/nodes/0/children s=200 d=314µs s=257
INF http m=GET p=/api/v1/workspaces/4463J4L80000/nodes/4463J5U7O000 s=200 d=155µs s=245
INF http m=POST p=/api/v1/workspaces/4463J29FE000/nodes/0/page/create s=200 d=13.1ms s=26
INF http m=GET p=/w/@4463J29FE000+workspace/@4463J4URK000+welcome s=200 d=38µs s=542
INF http m=GET p=/api/v1/workspaces/4463J29FE000/events s=200 d=375ms s=229
INF http m=GET p=/api/v1/auth/me s=200 d=567µs s=359
INF http m=GET p=/api/v1/notifications/unread-count s=200 d=536µs s=25
INF http m=GET p=/api/v1/workspaces/4463J29FE000/nodes/4463J4URK000 s=200 d=580µs s=245
INF http m=GET p=/api/v1/workspaces/4463J29FE000/members s=200 d=651µs s=123
INF http m=GET p=/api/v1/workspaces/4463J29FE000/nodes/0/children s=200 d=1.59ms s=264
INF http m=GET p=/api/v1/workspaces/4463J29FE000/nodes/4463J72FC000 s=200 d=749µs s=154
INF http m=POST p=/api/v1/workspaces/4463J4L80000/nodes/0/page/create s=200 d=14.8ms s=26
INF http m=GET p=/w/@4463J4L80000+workspace/@4463J5U7O000+welcome s=200 d=40µs s=542
INF http m=GET p=/api/v1/workspaces/4463J29FE000/events s=200 d=154ms s=93
INF http m=GET p=/api/v1/workspaces/4463J4L80000/events s=200 d=428ms s=231
INF http m=GET p=/api/v1/auth/me s=200 d=5.09ms s=357
INF http m=GET p=/api/v1/notifications/unread-count s=200 d=132µs s=25
INF http m=GET p=/api/v1/workspaces/4463J4L80000/nodes/4463J5U7O000 s=200 d=7.76ms s=245
INF http m=GET p=/api/v1/workspaces/4463J4L80000/nodes/0/children s=200 d=11.3ms s=270
INF http m=GET p=/api/v1/workspaces/4463J4L80000/members s=200 d=3.63ms s=121
INF http m=GET p=/api/v1/workspaces/4463J4L80000/nodes/4463J8A5Q000 s=200 d=294µs s=165
INF http m=POST p=/api/v1/auth/register s=200 d=98.5ms s=401
INF http m=GET p=/ s=200 d=39µs s=542
INF http m=GET p=/assets/index-DPQ8uk7g.css s=200 d=126µs s=12402
INF http m=GET p=/registerSW.js s=200 d=15µs s=87
INF http m=GET p=/assets/editor-vendor-Bje_VwYD.js s=200 d=121µs s=117396
INF http m=GET p=/assets/vendor-C3WBU0hm.js s=200 d=67µs s=29762
INF http m=GET p=/assets/index-SHhnYNGf.js s=200 d=951µs s=49792
INF http m=GET p=/api/v1/auth/me s=200 d=292µs s=168
INF http m=GET p=/assets/en-BOb8f2G7.js s=200 d=59µs s=5207
INF http m=GET p=/api/v1/notifications/unread-count s=200 d=169µs s=25
INF http m=GET p=/favicon.png s=200 d=37µs s=449
INF http m=GET p=/sw.js s=200 d=66µs s=5540
INF http m=GET p=/registerSW.js s=200 d=39µs s=87
INF http m=POST p=/api/v1/organizations s=200 d=55.8ms s=355
INF http m=GET p=/api/v1/auth/me s=200 d=244µs s=253
INF http m=GET p=/index.html s=200 d=31µs s=542
INF http m=GET p=/icon.svg s=200 d=27µs s=195
INF http m=GET p=/icon-512.png s=200 d=70µs s=6498
INF http m=GET p=/api/v1/workspaces/4463J4L80000/events s=200 d=392ms s=93
INF http m=GET p=/icon-192.png s=200 d=56µs s=2468
INF http m=GET p=/favicon.png s=200 d=124µs s=449
INF http m=GET p=/apple-touch-icon.png s=200 d=53µs s=2298
INF http m=GET p=/assets/material-symbols-names-mOXCVt15.js s=200 d=79µs s=15793
INF http m=GET p=/assets/fr-CgauyyXq.js s=200 d=99µs s=6301
INF http m=GET p=/assets/es-DHO8DnB9.js s=200 d=70µs s=6015
INF http m=GET p=/assets/emoji-groups-tsNE8Axz.js s=200 d=122µs s=13852
INF http m=GET p=/assets/de-qJeflSp6.js s=200 d=71µs s=6245
INF http m=GET p=/assets/WorkspaceSettingsPanel-CsUOm22X.css s=200 d=39µs s=1025
INF http m=GET p=/assets/WorkspaceSettingsPanel-CM5oaFTF.js s=200 d=58µs s=4443
INF http m=GET p=/assets/ServerSettingsPanel-pbgISWIv.css s=200 d=35µs s=596
INF http m=GET p=/assets/ServerSettingsPanel-C8C6nm9a.js s=200 d=36µs s=2550
INF http m=GET p=/assets/ResourceQuotaForm-DTSj8Ta5.css s=200 d=32µs s=302
INF http m=GET p=/assets/ResourceQuotaForm-D6gJNn3N.js s=200 d=33µs s=812
INF http m=GET p=/assets/ProfileSettings-rthGIjGN.js s=200 d=48µs s=4319
INF http m=GET p=/assets/ProfileSettings-D5kbNfHV.css s=200 d=26µs s=1220
INF http m=GET p=/assets/OrgSettingsPanel-BP8s6T0h.css s=200 d=23µs s=511
INF http m=GET p=/assets/OrgSettingsPanel-B78NX7Vn.js s=200 d=32µs s=2302
INF http m=GET p=/assets/InviteForm-R7w4u6kW.js s=200 d=24µs s=1267
INF http m=GET p=/assets/InviteForm-CW-wgFWD.css s=200 d=39µs s=414
INF http m=GET p=/assets/Editor-BYBWY7b1.css s=200 d=34µs s=2240
INF http m=GET p=/assets/Editor-5FlZhQpN.js s=200 d=65µs s=13509
INF http m=GET p=/assets/AdminDashboard-R0heLGro.css s=200 d=27µs s=601
INF http m=GET p=/assets/AdminDashboard-D3Sw1IyX.js s=200 d=37µs s=2075
INF http m=GET p=/manifest.webmanifest s=200 d=47µs s=199
INF http m=POST p=/api/v1/organizations/4463JBA3M000/workspaces s=200 d=320ms s=299
INF http m=POST p=/api/v1/auth/register s=200 d=130ms s=410
INF http m=GET p=/ s=200 d=80µs s=542
INF http m=POST p=/api/v1/auth/switch-workspace s=200 d=50.9ms s=569
INF http m=GET p=/assets/index-DPQ8uk7g.css s=200 d=86µs s=12402
INF http m=GET p=/assets/index-SHhnYNGf.js s=200 d=340µs s=49792
INF http m=GET p=/assets/editor-vendor-Bje_VwYD.js s=200 d=154µs s=117396
INF http m=GET p=/registerSW.js s=200 d=26µs s=87
INF http m=GET p=/assets/vendor-C3WBU0hm.js s=200 d=83µs s=29762
INF http m=GET p=/api/v1/workspaces/4463JBO08000/members s=200 d=274µs s=121
INF http m=GET p=/api/v1/workspaces/4463JBO08000/nodes/0/children s=200 d=20.7ms s=26
INF http m=GET p=/api/v1/notifications/unread-count s=200 d=31.9ms s=25
INF http m=POST p=/api/v1/workspaces/4463JBO08000/nodes/0/page/create s=200 d=29.6ms s=35
INF http m=GET p=/api/v1/workspaces/4463JBO08000/nodes/0/children s=200 d=635µs s=257
INF http m=GET p=/api/v1/workspaces/4463JBO08000/nodes/4463JEAMG000 s=200 d=648µs s=245
INF http m=GET p=/api/v1/auth/me s=200 d=568µs s=172
INF http m=GET p=/assets/en-BOb8f2G7.js s=200 d=111µs s=5207
INF http m=GET p=/api/v1/notifications/unread-count s=200 d=180µs s=25
INF http m=GET p=/favicon.png s=200 d=33µs s=449
INF http m=GET p=/sw.js s=200 d=62µs s=5540
INF http m=GET p=/registerSW.js s=200 d=38µs s=87
INF http m=GET p=/index.html s=200 d=41µs s=542
INF http m=POST p=/api/v1/organizations s=200 d=44ms s=356
INF http m=GET p=/api/v1/auth/me s=200 d=481µs s=256
INF http m=GET p=/icon.svg s=200 d=29µs s=195
INF http m=GET p=/icon-512.png s=200 d=131µs s=6498
INF http m=GET p=/icon-192.png s=200 d=49µs s=2468
INF http m=GET p=/favicon.png s=200 d=24µs s=449
INF http m=GET p=/apple-touch-icon.png s=200 d=35µs s=2298
INF http m=GET p=/assets/material-symbols-names-mOXCVt15.js s=200 d=141µs s=15793
INF http m=GET p=/assets/fr-CgauyyXq.js s=200 d=77µs s=6301
INF http m=GET p=/assets/es-DHO8DnB9.js s=200 d=67µs s=6015
INF http m=GET p=/assets/emoji-groups-tsNE8Axz.js s=200 d=78µs s=13852
INF http m=GET p=/assets/de-qJeflSp6.js s=200 d=570µs s=6245
INF http m=GET p=/assets/WorkspaceSettingsPanel-CsUOm22X.css s=200 d=28µs s=1025
INF http m=GET p=/assets/WorkspaceSettingsPanel-CM5oaFTF.js s=200 d=804µs s=4443
INF http m=GET p=/assets/ServerSettingsPanel-pbgISWIv.css s=200 d=24µs s=596
INF http m=GET p=/assets/ServerSettingsPanel-C8C6nm9a.js s=200 d=43µs s=2550
INF http m=GET p=/assets/ResourceQuotaForm-DTSj8Ta5.css s=200 d=145µs s=302
INF http m=GET p=/assets/ResourceQuotaForm-D6gJNn3N.js s=200 d=20µs s=812
INF http m=GET p=/assets/ProfileSettings-rthGIjGN.js s=200 d=42µs s=4319
INF http m=GET p=/assets/ProfileSettings-D5kbNfHV.css s=200 d=21µs s=1220
INF http m=GET p=/assets/OrgSettingsPanel-BP8s6T0h.css s=200 d=19µs s=511
INF http m=GET p=/assets/OrgSettingsPanel-B78NX7Vn.js s=200 d=29µs s=2302
INF http m=GET p=/assets/InviteForm-R7w4u6kW.js s=200 d=19µs s=1267
INF http m=GET p=/assets/InviteForm-CW-wgFWD.css s=200 d=20µs s=414
INF http m=GET p=/assets/Editor-BYBWY7b1.css s=200 d=27µs s=2240
INF http m=GET p=/assets/Editor-5FlZhQpN.js s=200 d=68µs s=13509
INF http m=GET p=/assets/AdminDashboard-R0heLGro.css s=200 d=23µs s=601
INF http m=GET p=/assets/AdminDashboard-D3Sw1IyX.js s=200 d=28µs s=2075
INF http m=GET p=/manifest.webmanifest s=200 d=20µs s=199
INF http m=POST p=/api/v1/organizations/4463JEU94000/workspaces s=200 d=191ms s=304
INF http m=POST p=/api/v1/auth/switch-workspace s=200 d=17.1ms s=579
INF http m=GET p=/api/v1/notifications/unread-count s=200 d=497µs s=25
INF http m=GET p=/api/v1/workspaces/4463JF8K6000/nodes/0/children s=200 d=2.03ms s=26
INF http m=GET p=/api/v1/workspaces/4463JF8K6000/members s=200 d=5ms s=122
INF http m=POST p=/api/v1/workspaces/4463JBO08000/nodes/0/page/create s=200 d=17.4ms s=26
INF http m=POST p=/api/v1/workspaces/4463JF8K6000/nodes/0/page/create s=200 d=17.9ms s=35
INF http m=GET p=/w/@4463JBO08000+workspace/@4463JEAMG000+welcome s=200 d=31µs s=542
INF http m=GET p=/api/v1/workspaces/4463JF8K6000/nodes/0/children s=200 d=250µs s=257
INF http m=GET p=/api/v1/workspaces/4463JBO08000/events s=200 d=410ms s=238
INF http m=GET p=/api/v1/workspaces/4463JF8K6000/nodes/4463JGKHE000 s=200 d=254µs s=245
INF http m=GET p=/api/v1/auth/me s=200 d=370µs s=353
INF http m=POST p=/api/v1/workspaces/4463JF8K6000/nodes/0/page/create s=200 d=17.4ms s=26
INF http m=GET p=/w/@4463JF8K6000+workspace/@4463JGKHE000+welcome s=200 d=34µs s=542
INF http m=GET p=/api/v1/workspaces/4463JF8K6000/events s=200 d=100ms s=236
INF http m=GET p=/api/v1/workspaces/4463JBO08000/nodes/0/children s=200 d=851µs s=271
INF http m=GET p=/api/v1/workspaces/4463JBO08000/members s=200 d=3.38ms s=121
INF http m=GET p=/api/v1/workspaces/4463JBO08000/nodes/4463JEAMG000 s=200 d=6.98ms s=245
INF http m=GET p=/api/v1/notifications/unread-count s=200 d=10.3ms s=25
INF http m=GET p=/api/v1/auth/me s=200 d=268µs s=357
INF http m=GET p=/api/v1/notifications/unread-count s=200 d=174µs s=25
INF http m=GET p=/api/v1/workspaces/4463JF8K6000/nodes/0/children s=200 d=369µs s=273
INF http m=GET p=/api/v1/workspaces/4463JF8K6000/members s=200 d=120µs s=122
INF http m=GET p=/api/v1/workspaces/4463JF8K6000/nodes/4463JGKHE000 s=200 d=150µs s=245
INF http m=GET p=/api/v1/workspaces/4463JBO08000/nodes/4463JGJQM000 s=200 d=301µs s=157
INF http m=GET p=/api/v1/workspaces/4463JF8K6000/nodes/4463JH1HU000 s=200 d=291µs s=167
INF http m=GET p=/api/v1/workspaces/4463JBO08000/events s=200 d=310ms s=93
INF http m=GET p=/api/v1/workspaces/4463JF8K6000/events s=200 d=295ms s=93
INF http m=POST p=/api/v1/auth/register s=200 d=229ms s=411
INF http m=GET p=/ s=200 d=61µs s=542
INF http m=POST p=/api/v1/auth/register s=200 d=127ms s=411
INF http m=GET p=/ s=200 d=58µs s=542
INF http m=GET p=/assets/index-SHhnYNGf.js s=200 d=139µs s=49792
INF http m=GET p=/assets/index-DPQ8uk7g.css s=200 d=92µs s=12402
INF http m=GET p=/assets/editor-vendor-Bje_VwYD.js s=200 d=180µs s=117396
INF http m=GET p=/assets/vendor-C3WBU0hm.js s=200 d=100µs s=29762
INF http m=GET p=/registerSW.js s=200 d=34µs s=87
INF http m=GET p=/assets/index-SHhnYNGf.js s=200 d=182µs s=49792
INF http m=GET p=/assets/index-DPQ8uk7g.css s=200 d=133µs s=12402
INF http m=GET p=/assets/editor-vendor-Bje_VwYD.js s=200 d=144µs s=117396
INF http m=GET p=/assets/vendor-C3WBU0hm.js s=200 d=93µs s=29762
INF http m=GET p=/registerSW.js s=200 d=43µs s=87
INF http m=GET p=/api/v1/auth/me s=200 d=219µs s=170
INF http m=GET p=/assets/en-BOb8f2G7.js s=200 d=74µs s=5207
INF http m=GET p=/api/v1/notifications/unread-count s=200 d=168µs s=25
INF http m=GET p=/sw.js s=200 d=62µs s=5540
INF http m=GET p=/api/v1/auth/me s=200 d=150µs s=172
INF http m=GET p=/assets/en-BOb8f2G7.js s=200 d=49µs s=5207
INF http m=GET p=/favicon.png s=200 d=33µs s=449
INF http m=GET p=/sw.js s=200 d=86µs s=5540
INF http m=GET p=/api/v1/notifications/unread-count s=200 d=146µs s=25
INF http m=GET p=/favicon.png s=200 d=32µs s=449
INF http m=GET p=/registerSW.js s=200 d=40µs s=87
INF http m=GET p=/registerSW.js s=200 d=42µs s=87
INF http m=GET p=/index.html s=200 d=32µs s=542
INF http m=GET p=/index.html s=200 d=27µs s=542
INF http m=POST p=/api/v1/organizations s=200 d=69.5ms s=355
INF http m=GET p=/icon.svg s=200 d=30µs s=195
INF http m=GET p=/icon.svg s=200 d=26µs s=195
INF http m=GET p=/api/v1/auth/me s=200 d=563µs s=256
INF http m=GET p=/icon-512.png s=200 d=56µs s=6498
INF http m=GET p=/icon-512.png s=200 d=55µs s=6498
INF http m=GET p=/icon-192.png s=200 d=52µs s=2468
INF http m=GET p=/icon-192.png s=200 d=46µs s=2468
INF http m=GET p=/favicon.png s=200 d=29µs s=449
INF http m=GET p=/favicon.png s=200 d=22µs s=449
INF http m=GET p=/apple-touch-icon.png s=200 d=31µs s=2298
INF http m=GET p=/apple-touch-icon.png s=200 d=54µs s=2298
INF http m=POST p=/api/v1/organizations s=200 d=97.4ms s=355
INF http m=GET p=/api/v1/auth/me s=200 d=574µs s=255
INF http m=GET p=/assets/material-symbols-names-mOXCVt15.js s=200 d=87µs s=15793
INF http m=GET p=/assets/material-symbols-names-mOXCVt15.js s=200 d=60µs s=15793
INF http m=GET p=/assets/fr-CgauyyXq.js s=200 d=98µs s=6301
INF http m=GET p=/assets/es-DHO8DnB9.js s=200 d=74µs s=6015
INF http m=GET p=/assets/fr-CgauyyXq.js s=200 d=70µs s=6301
INF http m=GET p=/assets/emoji-groups-tsNE8Axz.js s=200 d=75µs s=13852
INF http m=GET p=/assets/es-DHO8DnB9.js s=200 d=50µs s=6015
INF http m=GET p=/assets/emoji-groups-tsNE8Axz.js s=200 d=95µs s=13852
INF http m=GET p=/assets/de-qJeflSp6.js s=200 d=125µs s=6245
INF http m=GET p=/assets/WorkspaceSettingsPanel-CsUOm22X.css s=200 d=49µs s=1025
INF http m=GET p=/assets/WorkspaceSettingsPanel-CM5oaFTF.js s=200 d=67µs s=4443
INF http m=GET p=/assets/ServerSettingsPanel-pbgISWIv.css s=200 d=69µs s=596
INF http m=GET p=/assets/ServerSettingsPanel-C8C6nm9a.js s=200 d=47µs s=2550
INF http m=GET p=/assets/ResourceQuotaForm-DTSj8Ta5.css s=200 d=28µs s=302
INF http m=GET p=/assets/ResourceQuotaForm-D6gJNn3N.js s=200 d=36µs s=812
INF http m=GET p=/assets/ProfileSettings-rthGIjGN.js s=200 d=74µs s=4319
INF http m=GET p=/assets/ProfileSettings-D5kbNfHV.css s=200 d=30µs s=1220
INF http m=GET p=/assets/OrgSettingsPanel-BP8s6T0h.css s=200 d=27µs s=511
INF http m=GET p=/assets/de-qJeflSp6.js s=200 d=57µs s=6245
INF http m=GET p=/assets/WorkspaceSettingsPanel-CsUOm22X.css s=200 d=41µs s=1025
INF http m=GET p=/assets/OrgSettingsPanel-B78NX7Vn.js s=200 d=33µs s=2302
INF http m=GET p=/assets/WorkspaceSettingsPanel-CM5oaFTF.js s=200 d=457µs s=4443
INF http m=GET p=/assets/InviteForm-R7w4u6kW.js s=200 d=21µs s=1267
INF http m=GET p=/assets/ServerSettingsPanel-pbgISWIv.css s=200 d=26µs s=596
INF http m=GET p=/assets/InviteForm-CW-wgFWD.css s=200 d=35µs s=414
INF http m=GET p=/assets/Editor-BYBWY7b1.css s=200 d=58µs s=2240
INF http m=GET p=/assets/ServerSettingsPanel-C8C6nm9a.js s=200 d=35µs s=2550
INF http m=GET p=/assets/Editor-5FlZhQpN.js s=200 d=62µs s=13509
INF http m=GET p=/assets/ResourceQuotaForm-DTSj8Ta5.css s=200 d=19µs s=302
INF http m=GET p=/assets/AdminDashboard-R0heLGro.css s=200 d=20µs s=601
INF http m=GET p=/assets/ResourceQuotaForm-D6gJNn3N.js s=200 d=26µs s=812
INF http m=GET p=/assets/AdminDashboard-D3Sw1IyX.js s=200 d=34µs s=2075
INF http m=GET p=/assets/ProfileSettings-rthGIjGN.js s=200 d=41µs s=4319
INF http m=GET p=/manifest.webmanifest s=200 d=30µs s=199
INF http m=GET p=/assets/ProfileSettings-D5kbNfHV.css s=200 d=30µs s=1220
INF http m=GET p=/assets/OrgSettingsPanel-BP8s6T0h.css s=200 d=21µs s=511
INF http m=GET p=/assets/OrgSettingsPanel-B78NX7Vn.js s=200 d=44µs s=2302
INF http m=GET p=/assets/InviteForm-R7w4u6kW.js s=200 d=39µs s=1267
INF http m=GET p=/assets/InviteForm-CW-wgFWD.css s=200 d=29µs s=414
INF http m=GET p=/assets/Editor-BYBWY7b1.css s=200 d=39µs s=2240
INF http m=GET p=/assets/Editor-5FlZhQpN.js s=200 d=72µs s=13509
INF http m=GET p=/assets/AdminDashboard-R0heLGro.css s=200 d=20µs s=601
INF http m=GET p=/assets/AdminDashboard-D3Sw1IyX.js s=200 d=34µs s=2075
INF http m=GET p=/manifest.webmanifest s=200 d=27µs s=199
INF http m=POST p=/api/v1/organizations/4463JN19Q000/workspaces s=200 d=323ms s=300
INF http m=POST p=/api/v1/organizations/4463JN78K000/workspaces s=200 d=389ms s=299
INF http m=POST p=/api/v1/auth/switch-workspace s=200 d=130ms s=566
INF http m=GET p=/api/v1/workspaces/4463JNHLS000/nodes/0/children s=200 d=498µs s=26
INF http m=GET p=/api/v1/workspaces/4463JNHLS000/members s=200 d=170µs s=120
INF http m=GET p=/api/v1/notifications/unread-count s=200 d=4.97ms s=25
INF http m=POST p=/api/v1/auth/switch-workspace s=200 d=23.3ms s=567
INF http m=GET p=/api/v1/workspaces/4463JNU52000/nodes/0/children s=200 d=246µs s=26
INF http m=GET p=/api/v1/notifications/unread-count s=200 d=115µs s=25
INF http m=GET p=/api/v1/workspaces/4463JNU52000/members s=200 d=119µs s=122
INF http m=POST p=/api/v1/workspaces/4463JNHLS000/nodes/0/page/create s=200 d=25.4ms s=35
INF http m=GET p=/api/v1/workspaces/4463JNHLS000/nodes/0/children s=200 d=4.14ms s=257
INF http m=GET p=/api/v1/workspaces/4463JNHLS000/nodes/4463JQD88000 s=200 d=205µs s=245
INF http m=POST p=/api/v1/workspaces/4463JNU52000/nodes/0/page/create s=200 d=19.9ms s=35
INF http m=GET p=/api/v1/workspaces/4463JNU52000/nodes/0/children s=200 d=228µs s=257
INF http m=GET p=/api/v1/workspaces/4463JNU52000/nodes/4463JQJBI000 s=200 d=197µs s=245
INF http m=POST p=/api/v1/workspaces/4463JNHLS000/nodes/0/page/create s=200 d=13ms s=26
INF http m=GET p=/w/@4463JNHLS000+workspace/@4463JQD88000+welcome s=200 d=32µs s=542
INF http m=GET p=/api/v1/workspaces/4463JNHLS000/events s=200 d=341ms s=232
INF http m=POST p=/api/v1/workspaces/4463JNU52000/nodes/0/page/create s=200 d=18.2ms s=26
INF http m=GET p=/api/v1/auth/me s=200 d=220µs s=358
INF http m=GET p=/w/@4463JNU52000+workspace/@4463JQJBI000+welcome s=200 d=33µs s=542
INF http m=GET p=/api/v1/workspaces/4463JNU52000/events s=200 d=353ms s=236
INF http m=GET p=/api/v1/workspaces/4463JNHLS000/members s=200 d=160µs s=120
INF http m=GET p=/api/v1/workspaces/4463JNHLS000/nodes/0/children s=200 d=487µs s=270
INF http m=GET p=/api/v1/notifications/unread-count s=200 d=358µs s=25
INF http m=GET p=/api/v1/workspaces/4463JNHLS000/nodes/4463JQD88000 s=200 d=1.92ms s=245
INF http m=GET p=/api/v1/auth/me s=200 d=255µs s=356
INF http m=GET p=/api/v1/notifications/unread-count s=200 d=173µs s=25
INF http m=GET p=/api/v1/workspaces/4463JNU52000/nodes/4463JQJBI000 s=200 d=655µs s=245
INF http m=GET p=/api/v1/workspaces/4463JNU52000/members s=200 d=671µs s=122
INF http m=GET p=/api/v1/workspaces/4463JNU52000/nodes/0/children s=200 d=2.18ms s=269
INF http m=GET p=/api/v1/workspaces/4463JNHLS000/nodes/4463JSB58000 s=200 d=323µs s=158
INF http m=GET p=/api/v1/workspaces/4463JNU52000/nodes/4463JSHMM000 s=200 d=300µs s=155
INF http m=GET p=/api/v1/workspaces/4463JNHLS000/events s=200 d=208ms s=93
INF http m=GET p=/api/v1/workspaces/4463JNU52000/events s=200 d=219ms s=93
INF http m=POST p=/api/v1/auth/register s=200 d=181ms s=407
INF http m=GET p=/ s=200 d=61µs s=542
INF http m=POST p=/api/v1/auth/register s=200 d=110ms s=409
INF http m=GET p=/assets/index-SHhnYNGf.js s=200 d=115µs s=49792
INF http m=GET p=/assets/index-DPQ8uk7g.css s=200 d=106µs s=12402
INF http m=GET p=/assets/editor-vendor-Bje_VwYD.js s=200 d=177µs s=117396
INF http m=GET p=/ s=200 d=37µs s=542
INF http m=GET p=/assets/vendor-C3WBU0hm.js s=200 d=112µs s=29762
INF http m=GET p=/registerSW.js s=200 d=27µs s=87
INF http m=GET p=/assets/index-SHhnYNGf.js s=200 d=148µs s=49792
INF http m=GET p=/assets/vendor-C3WBU0hm.js s=200 d=80µs s=29762
INF http m=GET p=/assets/index-DPQ8uk7g.css s=200 d=84µs s=12402
INF http m=GET p=/registerSW.js s=200 d=29µs s=87
INF http m=GET p=/assets/editor-vendor-Bje_VwYD.js s=200 d=574µs s=117396
INF http m=GET p=/api/v1/auth/me s=200 d=209µs s=175
INF http m=GET p=/assets/en-BOb8f2G7.js s=200 d=58µs s=5207
INF http m=GET p=/api/v1/notifications/unread-count s=200 d=159µs s=25
INF http m=GET p=/sw.js s=200 d=73µs s=5540
INF http m=GET p=/api/v1/auth/me s=200 d=218µs s=172
INF http m=GET p=/assets/en-BOb8f2G7.js s=200 d=60µs s=5207
INF http m=GET p=/registerSW.js s=200 d=44µs s=87
INF http m=GET p=/favicon.png s=200 d=19µs s=449
INF http m=GET p=/api/v1/notifications/unread-count s=200 d=124µs s=25
INF http m=GET p=/sw.js s=200 d=61µs s=5540
INF http m=GET p=/index.html s=200 d=19µs s=542
INF http m=POST p=/api/v1/organizations s=200 d=68.1ms s=360
INF http m=GET p=/icon.svg s=200 d=31µs s=195
INF http m=GET p=/api/v1/auth/me s=200 d=567µs s=268
INF http m=GET p=/icon-512.png s=200 d=90µs s=6498
INF http m=GET p=/favicon.png s=200 d=22µs s=449
INF http m=GET p=/icon-192.png s=200 d=68µs s=2468
INF http m=GET p=/favicon.png s=200 d=31µs s=449
INF http m=GET p=/apple-touch-icon.png s=200 d=39µs s=2298
INF http m=GET p=/registerSW.js s=200 d=36µs s=87
INF http m=GET p=/assets/material-symbols-names-mOXCVt15.js s=200 d=70µs s=15793
INF http m=POST p=/api/v1/organizations s=200 d=71.8ms s=356
INF http m=GET p=/api/v1/auth/me s=200 d=1.24ms s=257
INF http m=GET p=/index.html s=200 d=52µs s=542
INF http m=GET p=/icon.svg s=200 d=35µs s=195
INF http m=GET p=/icon-512.png s=200 d=104µs s=6498
INF http m=GET p=/assets/fr-CgauyyXq.js s=200 d=98µs s=6301
INF http m=GET p=/icon-192.png s=200 d=47µs s=2468
INF http m=GET p=/assets/es-DHO8DnB9.js s=200 d=89µs s=6015
INF http m=GET p=/assets/emoji-groups-tsNE8Axz.js s=200 d=81µs s=13852
INF http m=GET p=/favicon.png s=200 d=25µs s=449
INF http m=GET p=/apple-touch-icon.png s=200 d=33µs s=2298
INF http m=GET p=/assets/material-symbols-names-mOXCVt15.js s=200 d=97µs s=15793
INF http m=GET p=/assets/de-qJeflSp6.js s=200 d=79µs s=6245
INF http m=GET p=/assets/WorkspaceSettingsPanel-CsUOm22X.css s=200 d=43µs s=1025
INF http m=GET p=/assets/fr-CgauyyXq.js s=200 d=51µs s=6301
INF http m=GET p=/assets/WorkspaceSettingsPanel-CM5oaFTF.js s=200 d=50µs s=4443
INF http m=GET p=/assets/es-DHO8DnB9.js s=200 d=30µs s=6015
INF http m=GET p=/assets/ServerSettingsPanel-pbgISWIv.css s=200 d=24µs s=596
INF http m=GET p=/assets/ServerSettingsPanel-C8C6nm9a.js s=200 d=31µs s=2550
INF http m=GET p=/assets/emoji-groups-tsNE8Axz.js s=200 d=56µs s=13852
INF http m=GET p=/assets/ResourceQuotaForm-DTSj8Ta5.css s=200 d=23µs s=302
INF http m=GET p=/assets/ResourceQuotaForm-D6gJNn3N.js s=200 d=21µs s=812
INF http m=GET p=/assets/ProfileSettings-rthGIjGN.js s=200 d=51µs s=4319
INF http m=GET p=/assets/ProfileSettings-D5kbNfHV.css s=200 d=35µs s=1220
INF http m=GET p=/assets/OrgSettingsPanel-BP8s6T0h.css s=200 d=24µs s=511
INF http m=GET p=/assets/OrgSettingsPanel-B78NX7Vn.js s=200 d=33µs s=2302
INF http m=GET p=/assets/InviteForm-R7w4u6kW.js s=200 d=22µs s=1267
INF http m=GET p=/assets/InviteForm-CW-wgFWD.css s=200 d=27µs s=414
INF http m=GET p=/assets/Editor-BYBWY7b1.css s=200 d=26µs s=2240
INF http m=GET p=/assets/Editor-5FlZhQpN.js s=200 d=135µs s=13509
INF http m=GET p=/assets/AdminDashboard-R0heLGro.css s=200 d=23µs s=601
INF http m=GET p=/assets/de-qJeflSp6.js s=200 d=43µs s=6245
INF http m=GET p=/assets/AdminDashboard-D3Sw1IyX.js s=200 d=48µs s=2075
INF http m=GET p=/assets/WorkspaceSettingsPanel-CsUOm22X.css s=200 d=20µs s=1025
INF http m=GET p=/assets/WorkspaceSettingsPanel-CM5oaFTF.js s=200 d=190µs s=4443
INF http m=GET p=/manifest.webmanifest s=200 d=18µs s=199
INF http m=GET p=/assets/ServerSettingsPanel-pbgISWIv.css s=200 d=24µs s=596
INF http m=GET p=/assets/ServerSettingsPanel-C8C6nm9a.js s=200 d=38µs s=2550
INF http m=GET p=/assets/ResourceQuotaForm-DTSj8Ta5.css s=200 d=26µs s=302
INF http m=GET p=/assets/ResourceQuotaForm-D6gJNn3N.js s=200 d=20µs s=812
INF http m=GET p=/assets/ProfileSettings-rthGIjGN.js s=200 d=47µs s=4319
INF http m=GET p=/assets/ProfileSettings-D5kbNfHV.css s=200 d=27µs s=1220
INF http m=GET p=/assets/OrgSettingsPanel-BP8s6T0h.css s=200 d=17µs s=511
INF http m=GET p=/assets/OrgSettingsPanel-B78NX7Vn.js s=200 d=22µs s=2302
INF http m=GET p=/assets/InviteForm-R7w4u6kW.js s=200 d=21µs s=1267
INF http m=GET p=/assets/InviteForm-CW-wgFWD.css s=200 d=19µs s=414
INF http m=GET p=/assets/Editor-BYBWY7b1.css s=200 d=25µs s=2240
INF http m=GET p=/assets/Editor-5FlZhQpN.js s=200 d=60µs s=13509
INF http m=GET p=/assets/AdminDashboard-R0heLGro.css s=200 d=29µs s=601
INF http m=GET p=/assets/AdminDashboard-D3Sw1IyX.js s=200 d=26µs s=2075
INF http m=GET p=/manifest.webmanifest s=200 d=23µs s=199
INF http m=POST p=/api/v1/organizations/4463K1MLG000/workspaces s=200 d=319ms s=307
INF http m=POST p=/api/v1/organizations/4463K2224000/workspaces s=200 d=408ms s=305
INF http m=POST p=/api/v1/auth/switch-workspace s=200 d=147ms s=657
INF http m=GET p=/api/v1/notifications/unread-count s=200 d=129µs s=25
INF http m=GET p=/api/v1/workspaces/4463K27F8000/members s=200 d=2.96ms s=125
INF http m=GET p=/api/v1/workspaces/4463K27F8000/nodes/0/children s=200 d=2.57ms s=26
INF http m=POST p=/api/v1/auth/switch-workspace s=200 d=24ms s=572
INF http m=GET p=/api/v1/workspaces/4463K2INQ000/nodes/0/children s=200 d=267µs s=26
INF http m=GET p=/api/v1/workspaces/4463K2INQ000/members s=200 d=414µs s=124
INF http m=POST p=/api/v1/workspaces/4463K27F8000/nodes/0/page/create s=200 d=16.7ms s=35
INF http m=GET p=/api/v1/notifications/unread-count s=200 d=230µs s=25
INF http m=GET p=/api/v1/workspaces/4463K27F8000/nodes/0/children s=200 d=2.44ms s=257
INF http m=GET p=/api/v1/workspaces/4463K27F8000/nodes/4463K56KC000 s=200 d=323µs s=245
INF http m=POST p=/api/v1/workspaces/4463K2INQ000/nodes/0/page/create s=200 d=20.5ms s=35
INF http m=GET p=/api/v1/workspaces/4463K2INQ000/nodes/0/children s=200 d=591µs s=257
INF http m=GET p=/api/v1/workspaces/4463K2INQ000/nodes/4463K5APS000 s=200 d=630µs s=245
INF http m=POST p=/api/v1/workspaces/4463K27F8000/nodes/0/page/create s=200 d=13.1ms s=26
INF http m=GET p=/w/@4463K27F8000+workspace/@4463K56KC000+welcome s=200 d=30µs s=542
INF http m=GET p=/api/v1/workspaces/4463K27F8000/events s=200 d=340ms s=239
INF http m=GET p=/api/v1/auth/me s=200 d=732µs s=367
INF http m=POST p=/api/v1/workspaces/4463K2INQ000/nodes/0/page/create s=200 d=19ms s=26
INF http m=GET p=/w/@4463K2INQ000+workspace/@4463K5APS000+welcome s=200 d=44µs s=542
INF http m=GET p=/api/v1/workspaces/4463K2INQ000/events s=200 d=365ms s=230
INF http m=GET p=/api/v1/notifications/unread-count s=200 d=126µs s=25
INF http m=GET p=/api/v1/workspaces/4463K27F8000/nodes/0/children s=200 d=682µs s=251
INF http m=GET p=/api/v1/workspaces/4463K27F8000/nodes/4463K56KC000 s=200 d=1.2ms s=245
INF http m=GET p=/api/v1/workspaces/4463K27F8000/members s=200 d=2.97ms s=125
INF http m=GET p=/api/v1/auth/me s=200 d=277µs s=361
INF http m=GET p=/api/v1/workspaces/4463K27F8000/nodes/4463K73O8000 s=200 d=335µs s=174
INF http m=GET p=/api/v1/notifications/unread-count s=200 d=273µs s=25
INF http m=GET p=/api/v1/workspaces/4463K2INQ000/members s=200 d=172µs s=124
INF http m=GET p=/api/v1/workspaces/4463K2INQ000/nodes/0/children s=200 d=261µs s=258
INF http m=GET p=/api/v1/workspaces/4463K2INQ000/nodes/4463K5APS000 s=200 d=264µs s=245
INF http m=GET p=/api/v1/workspaces/4463K2INQ000/nodes/4463K7BOU000 s=200 d=291µs s=182
INF http m=GET p=/api/v1/workspaces/4463K27F8000/events s=200 d=178ms s=93
INF http m=GET p=/api/v1/workspaces/4463K2INQ000/events s=200 d=245ms s=93
INF http m=POST p=/api/v1/auth/register s=200 d=116ms s=412
INF http m=GET p=/ s=200 d=59µs s=542
INF http m=GET p=/assets/index-SHhnYNGf.js s=200 d=139µs s=49792
INF http m=GET p=/assets/index-DPQ8uk7g.css s=200 d=143µs s=12402
INF http m=GET p=/assets/editor-vendor-Bje_VwYD.js s=200 d=125µs s=117396
INF http m=GET p=/registerSW.js s=200 d=58µs s=87
INF http m=GET p=/assets/vendor-C3WBU0hm.js s=200 d=159µs s=29762
INF http m=GET p=/api/v1/auth/me s=200 d=224µs s=174
INF http m=GET p=/assets/en-BOb8f2G7.js s=200 d=55µs s=5207
INF http m=GET p=/api/v1/notifications/unread-count s=200 d=117µs s=25
INF http m=GET p=/sw.js s=200 d=59µs s=5540
INF http m=GET p=/favicon.png s=200 d=23µs s=449
INF http m=GET p=/registerSW.js s=200 d=43µs s=87
INF http m=POST p=/api/v1/organizations s=200 d=66.6ms s=358
INF http m=GET p=/api/v1/auth/me s=200 d=180µs s=259
INF http m=GET p=/index.html s=200 d=36µs s=542
INF http m=GET p=/icon.svg s=200 d=34µs s=195
INF http m=GET p=/icon-512.png s=200 d=75µs s=6498
INF http m=GET p=/icon-192.png s=200 d=43µs s=2468
INF http m=GET p=/favicon.png s=200 d=36µs s=449
INF http m=POST p=/api/v1/auth/register s=200 d=204ms s=403
INF http m=GET p=/apple-touch-icon.png s=200 d=35µs s=2298
INF http m=GET p=/ s=200 d=56µs s=542
INF http m=GET p=/assets/material-symbols-names-mOXCVt15.js s=200 d=100µs s=15793
INF http m=GET p=/registerSW.js s=200 d=55µs s=87
INF http m=GET p=/assets/index-SHhnYNGf.js s=200 d=110µs s=49792
INF http m=GET p=/assets/vendor-C3WBU0hm.js s=200 d=72µs s=29762
INF http m=GET p=/assets/editor-vendor-Bje_VwYD.js s=200 d=103µs s=117396
INF http m=GET p=/assets/index-DPQ8uk7g.css s=200 d=59µs s=12402
INF http m=GET p=/assets/fr-CgauyyXq.js s=200 d=74µs s=6301
INF http m=GET p=/assets/es-DHO8DnB9.js s=200 d=94µs s=6015
INF http m=GET p=/assets/emoji-groups-tsNE8Axz.js s=200 d=103µs s=13852
INF http m=GET p=/assets/en-BOb8f2G7.js s=200 d=90µs s=5207
INF http m=GET p=/api/v1/auth/me s=200 d=493µs s=172
INF http m=GET p=/assets/de-qJeflSp6.js s=200 d=75µs s=6245
INF http m=GET p=/assets/WorkspaceSettingsPanel-CsUOm22X.css s=200 d=39µs s=1025
INF http m=GET p=/api/v1/notifications/unread-count s=200 d=501µs s=25
INF http m=GET p=/sw.js s=200 d=61µs s=5540
INF http m=GET p=/assets/WorkspaceSettingsPanel-CM5oaFTF.js s=200 d=48µs s=4443
INF http m=GET p=/assets/ServerSettingsPanel-pbgISWIv.css s=200 d=43µs s=596
INF http m=GET p=/assets/ServerSettingsPanel-C8C6nm9a.js s=200 d=34µs s=2550
INF http m=GET p=/assets/ResourceQuotaForm-DTSj8Ta5.css s=200 d=31µs s=302
INF http m=GET p=/assets/ResourceQuotaForm-D6gJNn3N.js s=200 d=27µs s=812
INF http m=GET p=/assets/ProfileSettings-rthGIjGN.js s=200 d=59µs s=4319
INF http m=GET p=/assets/ProfileSettings-D5kbNfHV.css s=200 d=28µs s=1220
INF http m=GET p=/assets/OrgSettingsPanel-BP8s6T0h.css s=200 d=40µs s=511
INF http m=GET p=/favicon.png s=200 d=25µs s=449
INF http m=GET p=/registerSW.js s=200 d=32µs s=87
INF http m=GET p=/assets/OrgSettingsPanel-B78NX7Vn.js s=200 d=28µs s=2302
INF http m=GET p=/assets/InviteForm-R7w4u6kW.js s=200 d=34µs s=1267
INF http m=GET p=/index.html s=200 d=20µs s=542
INF http m=GET p=/icon.svg s=200 d=26µs s=195
INF http m=GET p=/assets/InviteForm-CW-wgFWD.css s=200 d=39µs s=414
INF http m=GET p=/icon-512.png s=200 d=147µs s=6498
INF http m=GET p=/assets/Editor-BYBWY7b1.css s=200 d=32µs s=2240
INF http m=GET p=/icon-192.png s=200 d=28µs s=2468
INF http m=GET p=/assets/Editor-5FlZhQpN.js s=200 d=68µs s=13509
INF http m=GET p=/favicon.png s=200 d=23µs s=449
INF http m=GET p=/apple-touch-icon.png s=200 d=28µs s=2298
INF http m=GET p=/assets/AdminDashboard-R0heLGro.css s=200 d=24µs s=601
INF http m=GET p=/assets/AdminDashboard-D3Sw1IyX.js s=200 d=44µs s=2075
INF http m=GET p=/assets/material-symbols-names-mOXCVt15.js s=200 d=95µs s=15793
INF http m=GET p=/manifest.webmanifest s=200 d=17µs s=199
INF http m=GET p=/assets/fr-CgauyyXq.js s=200 d=69µs s=6301
INF http m=GET p=/assets/es-DHO8DnB9.js s=200 d=72µs s=6015
INF http m=GET p=/assets/emoji-groups-tsNE8Axz.js s=200 d=101µs s=13852
INF http m=POST p=/api/v1/organizations/4463KBKB8000/workspaces s=200 d=388ms s=308
INF http m=POST p=/api/v1/organizations s=200 d=138ms s=356
INF http m=GET p=/api/v1/auth/me s=200 d=1.24ms s=256
INF http m=POST p=/api/v1/auth/switch-workspace s=200 d=32ms s=576
INF http m=GET p=/assets/de-qJeflSp6.js s=200 d=76µs s=6245
INF http m=GET p=/assets/WorkspaceSettingsPanel-CsUOm22X.css s=200 d=40µs s=1025
INF http m=GET p=/api/v1/notifications/unread-count s=200 d=174µs s=25
INF http m=GET p=/api/v1/workspaces/4463KC2PC000/nodes/0/children s=200 d=244µs s=26
INF http m=GET p=/api/v1/workspaces/4463KC2PC000/members s=200 d=389µs s=125
INF http m=GET p=/assets/WorkspaceSettingsPanel-CM5oaFTF.js s=200 d=59µs s=4443
INF http m=GET p=/assets/ServerSettingsPanel-pbgISWIv.css s=200 d=45µs s=596
INF http m=GET p=/assets/ServerSettingsPanel-C8C6nm9a.js s=200 d=72µs s=2550
INF http m=GET p=/assets/ResourceQuotaForm-DTSj8Ta5.css s=200 d=27µs s=302
INF http m=GET p=/assets/ResourceQuotaForm-D6gJNn3N.js s=200 d=29µs s=812
INF http m=GET p=/assets/ProfileSettings-rthGIjGN.js s=200 d=68µs s=4319
INF http m=GET p=/assets/ProfileSettings-D5kbNfHV.css s=200 d=25µs s=1220
INF http m=GET p=/assets/OrgSettingsPanel-BP8s6T0h.css s=200 d=26µs s=511
INF http m=GET p=/assets/OrgSettingsPanel-B78NX7Vn.js s=200 d=29µs s=2302
INF http m=GET p=/assets/InviteForm-R7w4u6kW.js s=200 d=24µs s=1267
INF http m=GET p=/assets/InviteForm-CW-wgFWD.css s=200 d=21µs s=414
INF http m=GET p=/assets/Editor-BYBWY7b1.css s=200 d=34µs s=2240
INF http m=GET p=/assets/Editor-5FlZhQpN.js s=200 d=111µs s=13509
INF http m=GET p=/assets/AdminDashboard-R0heLGro.css s=200 d=23µs s=601
INF http m=GET p=/assets/AdminDashboard-D3Sw1IyX.js s=200 d=28µs s=2075
INF http m=GET p=/manifest.webmanifest s=200 d=31µs s=199
INF http m=POST p=/api/v1/organizations/4463KDKUC000/workspaces s=200 d=197ms s=308
INF http m=POST p=/api/v1/workspaces/4463KC2PC000/nodes/0/page/create s=200 d=147ms s=35
INF http m=GET p=/api/v1/workspaces/4463KC2PC000/nodes/0/children s=200 d=177µs s=257
INF http m=GET p=/api/v1/workspaces/4463KC2PC000/nodes/4463KERU0000 s=200 d=206µs s=245
INF http m=POST p=/api/v1/auth/switch-workspace s=200 d=23.5ms s=576
INF http m=GET p=/api/v1/workspaces/4463KEHHM000/nodes/0/children s=200 d=268µs s=26
INF http m=GET p=/api/v1/notifications/unread-count s=200 d=700µs s=25
INF http m=GET p=/api/v1/workspaces/4463KEHHM000/members s=200 d=1.29ms s=122
INF http m=POST p=/api/v1/workspaces/4463KEHHM000/nodes/0/page/create s=200 d=16.8ms s=35
INF http m=GET p=/api/v1/workspaces/4463KEHHM000/nodes/0/children s=200 d=398µs s=257
INF http m=GET p=/api/v1/workspaces/4463KEHHM000/nodes/4463KFVFI000 s=200 d=182µs s=245
INF http m=POST p=/api/v1/workspaces/4463KC2PC000/nodes/0/page/create s=200 d=12.9ms s=26
INF http m=GET p=/w/@4463KC2PC000+workspace/@4463KERU0000+welcome s=200 d=34µs s=542
INF http m=GET p=/api/v1/workspaces/4463KC2PC000/events s=200 d=385ms s=236
INF http m=GET p=/api/v1/auth/me s=200 d=444µs s=360
INF http m=GET p=/api/v1/notifications/unread-count s=200 d=155µs s=25
INF http m=GET p=/api/v1/workspaces/4463KC2PC000/nodes/0/children s=200 d=633µs s=270
INF http m=GET p=/api/v1/workspaces/4463KC2PC000/nodes/4463KERU0000 s=200 d=154µs s=245
INF http m=GET p=/api/v1/workspaces/4463KC2PC000/members s=200 d=316µs s=125
INF http m=GET p=/api/v1/workspaces/4463KC2PC000/nodes/4463KH15I000 s=200 d=331µs s=164
INF http m=GET p=/api/v1/workspaces/4463KC2PC000/events s=200 d=124ms s=93
INF http m=POST p=/api/v1/workspaces/4463KEHHM000/nodes/0/page/create s=200 d=32.8ms s=26
INF http m=GET p=/w/@4463KEHHM000+workspace/@4463KFVFI000+welcome s=200 d=46µs s=542
INF http m=GET p=/api/v1/workspaces/4463KEHHM000/events s=200 d=540ms s=236
INF http m=POST p=/api/v1/auth/register s=200 d=125ms s=411
INF http m=GET p=/api/v1/auth/me s=200 d=241µs s=360
INF http m=GET p=/ s=200 d=64µs s=542
INF http m=GET p=/assets/editor-vendor-Bje_VwYD.js s=200 d=192µs s=117396
INF http m=GET p=/assets/index-SHhnYNGf.js s=200 d=78µs s=49792
INF http m=GET p=/assets/index-DPQ8uk7g.css s=200 d=288µs s=12402
INF http m=GET p=/registerSW.js s=200 d=34µs s=87
INF http m=GET p=/assets/vendor-C3WBU0hm.js s=200 d=929µs s=29762
INF http m=GET p=/api/v1/notifications/unread-count s=200 d=165µs s=25
INF http m=GET p=/api/v1/workspaces/4463KEHHM000/nodes/0/children s=200 d=295µs s=268
INF http m=GET p=/api/v1/workspaces/4463KEHHM000/members s=200 d=136µs s=122
INF http m=GET p=/api/v1/workspaces/4463KEHHM000/nodes/4463KFVFI000 s=200 d=157µs s=245
INF http m=GET p=/api/v1/workspaces/4463KEHHM000/nodes/4463KITHA000 s=200 d=326µs s=163
INF http m=GET p=/api/v1/auth/me s=200 d=217µs s=170
INF http m=GET p=/assets/en-BOb8f2G7.js s=200 d=243µs s=5207
INF http m=GET p=/favicon.png s=200 d=44µs s=449
INF http m=GET p=/api/v1/notifications/unread-count s=200 d=153µs s=25
INF http m=GET p=/sw.js s=200 d=67µs s=5540
INF http m=GET p=/registerSW.js s=200 d=41µs s=87
INF http m=GET p=/index.html s=200 d=36µs s=542
INF http m=POST p=/api/v1/organizations s=200 d=62.7ms s=353
INF http m=GET p=/icon.svg s=200 d=32µs s=195
INF http m=GET p=/api/v1/auth/me s=200 d=177µs s=255
INF http m=GET p=/icon-512.png s=200 d=85µs s=6498
INF http m=GET p=/icon-192.png s=200 d=46µs s=2468
INF http m=GET p=/favicon.png s=200 d=33µs s=449
INF http m=GET p=/apple-touch-icon.png s=200 d=59µs s=2298
INF http m=GET p=/assets/material-symbols-names-mOXCVt15.js s=200 d=107µs s=15793
INF http m=GET p=/api/v1/workspaces/4463KEHHM000/events s=200 d=249ms s=93
INF http m=GET p=/assets/fr-CgauyyXq.js s=200 d=76µs s=6301
INF http m=GET p=/assets/es-DHO8DnB9.js s=200 d=86µs s=6015
INF http m=GET p=/assets/emoji-groups-tsNE8Axz.js s=200 d=85µs s=13852
INF http m=GET p=/assets/de-qJeflSp6.js s=200 d=82µs s=6245
INF http m=GET p=/assets/WorkspaceSettingsPanel-CsUOm22X.css s=200 d=46µs s=1025
INF http m=GET p=/assets/WorkspaceSettingsPanel-CM5oaFTF.js s=200 d=70µs s=4443
INF http m=GET p=/assets/ServerSettingsPanel-pbgISWIv.css s=200 d=45µs s=596
INF http m=GET p=/assets/ServerSettingsPanel-C8C6nm9a.js s=200 d=40µs s=2550
INF http m=GET p=/assets/ResourceQuotaForm-DTSj8Ta5.css s=200 d=44µs s=302
INF http m=GET p=/assets/ResourceQuotaForm-D6gJNn3N.js s=200 d=35µs s=812
INF http m=GET p=/assets/ProfileSettings-rthGIjGN.js s=200 d=70µs s=4319
INF http m=GET p=/assets/ProfileSettings-D5kbNfHV.css s=200 d=30µs s=1220
INF http m=GET p=/assets/OrgSettingsPanel-BP8s6T0h.css s=200 d=24µs s=511
INF http m=GET p=/assets/OrgSettingsPanel-B78NX7Vn.js s=200 d=55µs s=2302
INF http m=GET p=/assets/InviteForm-R7w4u6kW.js s=200 d=24µs s=1267
INF http m=GET p=/assets/InviteForm-CW-wgFWD.css s=200 d=26µs s=414
INF http m=GET p=/assets/Editor-BYBWY7b1.css s=200 d=32µs s=2240
INF http m=GET p=/assets/Editor-5FlZhQpN.js s=200 d=60µs s=13509
INF http m=GET p=/assets/AdminDashboard-R0heLGro.css s=200 d=21µs s=601
INF http m=GET p=/assets/AdminDashboard-D3Sw1IyX.js s=200 d=39µs s=2075
INF http m=GET p=/manifest.webmanifest s=200 d=33µs s=199
INF http m=POST p=/api/v1/organizations/4463KKTU6000/workspaces s=200 d=354ms s=302
INF http m=POST p=/api/v1/auth/register s=200 d=133ms s=413
INF http m=GET p=/ s=200 d=72µs s=542
INF http m=GET p=/assets/index-DPQ8uk7g.css s=200 d=135µs s=12402
INF http m=GET p=/assets/editor-vendor-Bje_VwYD.js s=200 d=176µs s=117396
INF http m=GET p=/assets/index-SHhnYNGf.js s=200 d=68µs s=49792
INF http m=GET p=/registerSW.js s=200 d=25µs s=87
INF http m=GET p=/assets/vendor-C3WBU0hm.js s=200 d=65µs s=29762
INF http m=POST p=/api/v1/auth/switch-workspace s=200 d=44.7ms s=571
INF http m=GET p=/api/v1/notifications/unread-count s=200 d=964µs s=25
INF http m=GET p=/api/v1/workspaces/4463KLBNK000/nodes/0/children s=200 d=225µs s=26
INF http m=GET p=/api/v1/workspaces/4463KLBNK000/members s=200 d=5.08ms s=120
INF http m=POST p=/api/v1/workspaces/4463KLBNK000/nodes/0/page/create s=200 d=20.8ms s=35
INF http m=GET p=/api/v1/workspaces/4463KLBNK000/nodes/0/children s=200 d=237µs s=257
INF http m=GET p=/api/v1/workspaces/4463KLBNK000/nodes/4463KO5UC000 s=200 d=551µs s=245
INF http m=GET p=/assets/en-BOb8f2G7.js s=200 d=132µs s=5207
INF http m=GET p=/api/v1/auth/me s=200 d=526µs s=171
INF http m=GET p=/api/v1/notifications/unread-count s=200 d=2.67ms s=25
INF http m=GET p=/favicon.png s=200 d=51µs s=449
INF http m=GET p=/sw.js s=200 d=94µs s=5540
INF http m=GET p=/registerSW.js s=200 d=36µs s=87
INF http m=GET p=/index.html s=200 d=44µs s=542
INF http m=GET p=/icon.svg s=200 d=27µs s=195
INF http m=GET p=/icon-512.png s=200 d=52µs s=6498
INF http m=GET p=/icon-192.png s=200 d=44µs s=2468
INF http m=POST p=/api/v1/organizations s=200 d=53.4ms s=354
INF http m=GET p=/favicon.png s=200 d=27µs s=449
INF http m=GET p=/api/v1/auth/me s=200 d=2.6ms s=255
INF http m=GET p=/apple-touch-icon.png s=200 d=51µs s=2298
INF http m=GET p=/assets/material-symbols-names-mOXCVt15.js s=200 d=147µs s=15793
INF http m=GET p=/assets/fr-CgauyyXq.js s=200 d=78µs s=6301
INF http m=GET p=/assets/es-DHO8DnB9.js s=200 d=631µs s=6015
INF http m=GET p=/assets/emoji-groups-tsNE8Axz.js s=200 d=78µs s=13852
INF http m=GET p=/assets/de-qJeflSp6.js s=200 d=80µs s=6245
INF http m=GET p=/assets/WorkspaceSettingsPanel-CsUOm22X.css s=200 d=23µs s=1025
INF http m=GET p=/assets/WorkspaceSettingsPanel-CM5oaFTF.js s=200 d=52µs s=4443
INF http m=GET p=/assets/ServerSettingsPanel-pbgISWIv.css s=200 d=28µs s=596
INF http m=GET p=/assets/ServerSettingsPanel-C8C6nm9a.js s=200 d=29µs s=2550
INF http m=GET p=/assets/ResourceQuotaForm-DTSj8Ta5.css s=200 d=23µs s=302
INF http m=GET p=/assets/ResourceQuotaForm-D6gJNn3N.js s=200 d=22µs s=812
INF http m=GET p=/assets/ProfileSettings-rthGIjGN.js s=200 d=44µs s=4319
INF http m=GET p=/assets/ProfileSettings-D5kbNfHV.css s=200 d=16µs s=1220
INF http m=GET p=/assets/OrgSettingsPanel-BP8s6T0h.css s=200 d=18µs s=511
INF http m=GET p=/assets/OrgSettingsPanel-B78NX7Vn.js s=200 d=28µs s=2302
INF http m=GET p=/assets/InviteForm-R7w4u6kW.js s=200 d=28µs s=1267
INF http m=GET p=/assets/InviteForm-CW-wgFWD.css s=200 d=20µs s=414
INF http m=GET p=/assets/Editor-BYBWY7b1.css s=200 d=27µs s=2240
INF http m=GET p=/assets/Editor-5FlZhQpN.js s=200 d=67µs s=13509
INF http m=GET p=/assets/AdminDashboard-R0heLGro.css s=200 d=38µs s=601
INF http m=GET p=/assets/AdminDashboard-D3Sw1IyX.js s=200 d=25µs s=2075
INF http m=GET p=/manifest.webmanifest s=200 d=23µs s=199
INF http m=POST p=/api/v1/organizations/4463KOM3I000/workspaces s=200 d=194ms s=301
INF http m=POST p=/api/v1/workspaces/4463KLBNK000/nodes/0/page/create s=200 d=16.2ms s=26
INF http m=GET p=/w/@4463KLBNK000+workspace/@4463KO5UC000+welcome s=200 d=31µs s=542
INF http m=GET p=/api/v1/workspaces/4463KLBNK000/events s=200 d=369ms s=234
INF http m=POST p=/api/v1/auth/switch-workspace s=200 d=26.8ms s=566
INF http m=GET p=/api/v1/notifications/unread-count s=200 d=498µs s=25
INF http m=GET p=/api/v1/workspaces/4463KP2I2000/nodes/0/children s=200 d=1.48ms s=26
INF http m=GET p=/api/v1/workspaces/4463KP2I2000/members s=200 d=2.25ms s=121
INF http m=GET p=/api/v1/auth/me s=200 d=227µs s=359
INF http m=POST p=/api/v1/workspaces/4463KP2I2000/nodes/0/page/create s=200 d=23.5ms s=35
INF http m=GET p=/api/v1/workspaces/4463KP2I2000/nodes/0/children s=200 d=307µs s=257
INF http m=GET p=/api/v1/workspaces/4463KP2I2000/nodes/4463KQHD4000 s=200 d=208µs s=245
INF http m=GET p=/api/v1/notifications/unread-count s=200 d=172µs s=25
INF http m=GET p=/api/v1/workspaces/4463KLBNK000/members s=200 d=147µs s=120
INF http m=GET p=/api/v1/workspaces/4463KLBNK000/nodes/4463KO5UC000 s=200 d=593µs s=245
INF http m=GET p=/api/v1/workspaces/4463KLBNK000/nodes/0/children s=200 d=7.53ms s=272
INF http m=POST p=/api/v1/workspaces/4463KP2I2000/nodes/0/page/create s=200 d=31ms s=26
INF http m=GET p=/w/@4463KP2I2000+workspace/@4463KQHD4000+welcome s=200 d=47µs s=542
INF http m=GET p=/api/v1/workspaces/4463KP2I2000/events s=200 d=84.1ms s=231
INF http m=GET p=/api/v1/workspaces/4463KLBNK000/nodes/4463KQ602000 s=200 d=475µs s=159
INF http m=GET p=/api/v1/auth/me s=200 d=254µs s=356
INF http m=GET p=/api/v1/notifications/unread-count s=200 d=277µs s=25
INF http m=GET p=/api/v1/workspaces/4463KP2I2000/nodes/0/children s=200 d=656µs s=269
INF http m=GET p=/api/v1/workspaces/4463KP2I2000/members s=200 d=443µs s=121
INF http m=GET p=/api/v1/workspaces/4463KP2I2000/nodes/4463KQHD4000 s=200 d=481µs s=245
INF http m=GET p=/api/v1/workspaces/4463KP2I2000/nodes/4463KQNDG000 s=200 d=347µs s=162
INF http m=GET p=/api/v1/workspaces/4463KLBNK000/events s=200 d=212ms s=93
INF http m=GET p=/api/v1/workspaces/4463KP2I2000/events s=200 d=272ms s=93
INF http m=POST p=/api/v1/auth/register s=200 d=258ms s=402
INF http m=GET p=/ s=200 d=59µs s=542
INF http m=GET p=/assets/index-SHhnYNGf.js s=200 d=141µs s=49792
INF http m=GET p=/assets/index-DPQ8uk7g.css s=200 d=77µs s=12402
INF http m=GET p=/registerSW.js s=200 d=47µs s=87
INF http m=GET p=/assets/editor-vendor-Bje_VwYD.js s=200 d=140µs s=117396
INF http m=GET p=/assets/vendor-C3WBU0hm.js s=200 d=317µs s=29762
INF http m=POST p=/api/v1/auth/register s=200 d=204ms s=411
INF http m=GET p=/ s=200 d=61µs s=542
INF http m=GET p=/assets/en-BOb8f2G7.js s=200 d=86µs s=5207
INF http m=GET p=/api/v1/auth/me s=200 d=264µs s=171
INF http m=GET p=/assets/index-SHhnYNGf.js s=200 d=149µs s=49792
INF http m=GET p=/assets/vendor-C3WBU0hm.js s=200 d=71µs s=29762
INF http m=GET p=/assets/editor-vendor-Bje_VwYD.js s=200 d=108µs s=117396
INF http m=GET p=/assets/index-DPQ8uk7g.css s=200 d=63µs s=12402
INF http m=GET p=/registerSW.js s=200 d=36µs s=87
INF http m=GET p=/favicon.png s=200 d=28µs s=449
INF http m=GET p=/sw.js s=200 d=81µs s=5540
INF http m=GET p=/api/v1/notifications/unread-count s=200 d=1.07ms s=25
INF http m=POST p=/api/v1/organizations s=200 d=37.3ms s=355
INF http m=GET p=/registerSW.js s=200 d=30µs s=87
INF http m=GET p=/api/v1/auth/me s=200 d=553µs s=258
INF http m=GET p=/index.html s=200 d=37µs s=542
INF http m=GET p=/icon.svg s=200 d=34µs s=195
INF http m=GET p=/icon-512.png s=200 d=73µs s=6498
INF http m=GET p=/icon-192.png s=200 d=43µs s=2468
INF http m=GET p=/favicon.png s=200 d=22µs s=449
INF http m=GET p=/apple-touch-icon.png s=200 d=46µs s=2298
INF http m=GET p=/assets/en-BOb8f2G7.js s=200 d=107µs s=5207
INF http m=GET p=/api/v1/auth/me s=200 d=554µs s=173
INF http m=GET p=/assets/material-symbols-names-mOXCVt15.js s=200 d=81µs s=15793
INF http m=GET p=/favicon.png s=200 d=22µs s=449
INF http m=GET p=/api/v1/notifications/unread-count s=200 d=159µs s=25
INF http m=GET p=/sw.js s=200 d=76µs s=5540
INF http m=GET p=/assets/fr-CgauyyXq.js s=200 d=89µs s=6301
INF http m=GET p=/assets/es-DHO8DnB9.js s=200 d=99µs s=6015
INF http m=GET p=/assets/emoji-groups-tsNE8Axz.js s=200 d=99µs s=13852
INF http m=GET p=/registerSW.js s=200 d=30µs s=87
INF http m=GET p=/index.html s=200 d=48µs s=542
INF http m=GET p=/icon.svg s=200 d=47µs s=195
INF http m=GET p=/icon-512.png s=200 d=71µs s=6498
INF http m=GET p=/icon-192.png s=200 d=30µs s=2468
INF http m=GET p=/assets/de-qJeflSp6.js s=200 d=1.11ms s=6245
INF http m=GET p=/favicon.png s=200 d=28µs s=449
INF http m=GET p=/assets/WorkspaceSettingsPanel-CsUOm22X.css s=200 d=28µs s=1025
INF http m=GET p=/apple-touch-icon.png s=200 d=32µs s=2298
INF http m=GET p=/assets/WorkspaceSettingsPanel-CM5oaFTF.js s=200 d=63µs s=4443
INF http m=GET p=/assets/ServerSettingsPanel-pbgISWIv.css s=200 d=28µs s=596
INF http m=GET p=/assets/ServerSettingsPanel-C8C6nm9a.js s=200 d=33µs s=2550
INF http m=GET p=/assets/material-symbols-names-mOXCVt15.js s=200 d=67µs s=15793
INF http m=GET p=/assets/ResourceQuotaForm-DTSj8Ta5.css s=200 d=25µs s=302
INF http m=GET p=/assets/ResourceQuotaForm-D6gJNn3N.js s=200 d=35µs s=812
INF http m=GET p=/assets/ProfileSettings-rthGIjGN.js s=200 d=42µs s=4319
INF http m=GET p=/assets/ProfileSettings-D5kbNfHV.css s=200 d=35µs s=1220
INF http m=GET p=/assets/OrgSettingsPanel-BP8s6T0h.css s=200 d=39µs s=511
INF http m=GET p=/assets/fr-CgauyyXq.js s=200 d=60µs s=6301
INF http m=GET p=/assets/OrgSettingsPanel-B78NX7Vn.js s=200 d=34µs s=2302
INF http m=GET p=/assets/InviteForm-R7w4u6kW.js s=200 d=40µs s=1267
INF http m=GET p=/assets/es-DHO8DnB9.js s=200 d=57µs s=6015
INF http m=GET p=/assets/InviteForm-CW-wgFWD.css s=200 d=28µs s=414
INF http m=GET p=/assets/Editor-BYBWY7b1.css s=200 d=32µs s=2240
INF http m=GET p=/assets/emoji-groups-tsNE8Axz.js s=200 d=94µs s=13852
INF http m=GET p=/assets/Editor-5FlZhQpN.js s=200 d=55µs s=13509
INF http m=GET p=/assets/AdminDashboard-R0heLGro.css s=200 d=25µs s=601
INF http m=GET p=/assets/AdminDashboard-D3Sw1IyX.js s=200 d=38µs s=2075
INF http m=GET p=/manifest.webmanifest s=200 d=24µs s=199
INF http m=GET p=/assets/de-qJeflSp6.js s=200 d=132µs s=6245
INF http m=GET p=/assets/WorkspaceSettingsPanel-CsUOm22X.css s=200 d=30µs s=1025
INF http m=GET p=/assets/WorkspaceSettingsPanel-CM5oaFTF.js s=200 d=49µs s=4443
INF http m=GET p=/assets/ServerSettingsPanel-pbgISWIv.css s=200 d=33µs s=596
INF http m=GET p=/assets/ServerSettingsPanel-C8C6nm9a.js s=200 d=36µs s=2550
INF http m=GET p=/assets/ResourceQuotaForm-DTSj8Ta5.css s=200 d=37µs s=302
INF http m=GET p=/assets/ResourceQuotaForm-D6gJNn3N.js s=200 d=46µs s=812
INF http m=GET p=/assets/ProfileSettings-rthGIjGN.js s=200 d=52µs s=4319
INF http m=GET p=/assets/ProfileSettings-D5kbNfHV.css s=200 d=30µs s=1220
INF http m=GET p=/assets/OrgSettingsPanel-BP8s6T0h.css s=200 d=21µs s=511
INF http m=GET p=/assets/OrgSettingsPanel-B78NX7Vn.js s=200 d=31µs s=2302
INF http m=GET p=/assets/InviteForm-R7w4u6kW.js s=200 d=21µs s=1267
INF http m=GET p=/assets/InviteForm-CW-wgFWD.css s=200 d=22µs s=414
INF http m=GET p=/assets/Editor-BYBWY7b1.css s=200 d=31µs s=2240
INF http m=GET p=/assets/Editor-5FlZhQpN.js s=200 d=53µs s=13509
INF http m=GET p=/assets/AdminDashboard-R0heLGro.css s=200 d=19µs s=601
INF http m=GET p=/assets/AdminDashboard-D3Sw1IyX.js s=200 d=25µs s=2075
INF http m=GET p=/manifest.webmanifest s=200 d=25µs s=199
INF http m=POST p=/api/v1/organizations/4463L01UO000/workspaces s=200 d=373ms s=305
INF http m=POST p=/api/v1/organizations s=200 d=296ms s=358
INF http m=GET p=/api/v1/auth/me s=200 d=468µs s=262
INF http m=POST p=/api/v1/auth/switch-workspace s=200 d=49ms s=578
INF http m=GET p=/api/v1/notifications/unread-count s=200 d=1.26ms s=25
INF http m=GET p=/api/v1/workspaces/4463L0CIS000/members s=200 d=457µs s=123
INF http m=GET p=/api/v1/workspaces/4463L0CIS000/nodes/0/children s=200 d=368µs s=26
INF http m=POST p=/api/v1/organizations/4463L0SGO000/workspaces s=200 d=304ms s=306
INF http m=POST p=/api/v1/workspaces/4463L0CIS000/nodes/0/page/create s=200 d=249ms s=35
INF http m=GET p=/api/v1/workspaces/4463L0CIS000/nodes/0/children s=200 d=170µs s=257
INF http m=GET p=/api/v1/workspaces/4463L0CIS000/nodes/4463L32LC000 s=200 d=189µs s=245
INF http m=POST p=/api/v1/auth/switch-workspace s=200 d=26ms s=652
INF http m=GET p=/api/v1/notifications/unread-count s=200 d=991µs s=25
INF http m=GET p=/api/v1/workspaces/4463L2N3A000/members s=200 d=1.85ms s=125
INF http m=GET p=/api/v1/workspaces/4463L2N3A000/nodes/0/children s=200 d=2.76ms s=26
INF http m=POST p=/api/v1/workspaces/4463L2N3A000/nodes/0/page/create s=200 d=15ms s=35
INF http m=GET p=/api/v1/workspaces/4463L2N3A000/nodes/0/children s=200 d=188µs s=257
INF http m=GET p=/api/v1/workspaces/4463L2N3A000/nodes/4463L4QPU000 s=200 d=2.03ms s=245
INF http m=POST p=/api/v1/workspaces/4463L0CIS000/nodes/0/page/create s=200 d=13.7ms s=26
INF http m=GET p=/w/@4463L0CIS000+workspace/@4463L32LC000+welcome s=200 d=38µs s=542
INF http m=GET p=/api/v1/workspaces/4463L0CIS000/events s=200 d=387ms s=233
INF http m=GET p=/api/v1/auth/me s=200 d=322µs s=364
INF http m=GET p=/api/v1/notifications/unread-count s=200 d=171µs s=25
INF http m=GET p=/api/v1/workspaces/4463L0CIS000/nodes/0/children s=200 d=281µs s=266
INF http m=GET p=/api/v1/workspaces/4463L0CIS000/nodes/4463L32LC000 s=200 d=166µs s=245
INF http m=GET p=/api/v1/workspaces/4463L0CIS000/members s=200 d=506µs s=123
INF http m=GET p=/api/v1/workspaces/4463L0CIS000/nodes/4463L5A3U000 s=200 d=258µs s=160
INF http m=POST p=/api/v1/workspaces/4463L2N3A000/nodes/0/page/create s=200 d=16.3ms s=26
INF http m=GET p=/w/@4463L2N3A000+workspace/@4463L4QPU000+welcome s=200 d=39µs s=542
INF http m=GET p=/api/v1/workspaces/4463L2N3A000/events s=200 d=235ms s=239
INF http m=GET p=/api/v1/auth/me s=200 d=777µs s=367
INF http m=GET p=/api/v1/workspaces/4463L2N3A000/nodes/0/children s=200 d=351µs s=264
INF http m=GET p=/api/v1/notifications/unread-count s=200 d=549µs s=25
INF http m=GET p=/api/v1/workspaces/4463L2N3A000/members s=200 d=2.05ms s=125
INF http m=GET p=/api/v1/workspaces/4463L2N3A000/nodes/4463L4QPU000 s=200 d=694µs s=245
INF http m=GET p=/api/v1/workspaces/4463L2N3A000/nodes/4463L62G0000 s=200 d=333µs s=157
INF http m=GET p=/api/v1/workspaces/4463L0CIS000/events s=200 d=233ms s=93
INF http m=POST p=/api/v1/auth/register s=200 d=109ms s=404
INF http m=GET p=/ s=200 d=82µs s=542
INF http m=GET p=/assets/index-SHhnYNGf.js s=200 d=169µs s=49792
INF http m=GET p=/registerSW.js s=200 d=48µs s=87
INF http m=GET p=/assets/vendor-C3WBU0hm.js s=200 d=91µs s=29762
INF http m=GET p=/assets/editor-vendor-Bje_VwYD.js s=200 d=105µs s=117396
INF http m=GET p=/assets/index-DPQ8uk7g.css s=200 d=80µs s=12402
INF http m=GET p=/api/v1/auth/me s=200 d=217µs s=169
INF http m=GET p=/assets/en-BOb8f2G7.js s=200 d=83µs s=5207
INF http m=GET p=/favicon.png s=200 d=43µs s=449
INF http m=GET p=/api/v1/notifications/unread-count s=200 d=191µs s=25
INF http m=GET p=/sw.js s=200 d=76µs s=5540
INF http m=GET p=/registerSW.js s=200 d=39µs s=87
INF http m=POST p=/api/v1/organizations s=200 d=47.1ms s=353
INF http m=GET p=/api/v1/auth/me s=200 d=581µs s=253
INF http m=GET p=/index.html s=200 d=33µs s=542
INF http m=GET p=/icon.svg s=200 d=27µs s=195
INF http m=GET p=/icon-512.png s=200 d=63µs s=6498
INF http m=GET p=/icon-192.png s=200 d=36µs s=2468
INF http m=GET p=/favicon.png s=200 d=25µs s=449
INF http m=GET p=/apple-touch-icon.png s=200 d=30µs s=2298
INF http m=GET p=/assets/material-symbols-names-mOXCVt15.js s=200 d=76µs s=15793
INF http m=GET p=/assets/fr-CgauyyXq.js s=200 d=93µs s=6301
INF http m=GET p=/assets/es-DHO8DnB9.js s=200 d=81µs s=6015
INF http m=GET p=/assets/emoji-groups-tsNE8Axz.js s=200 d=83µs s=13852
INF http m=GET p=/assets/de-qJeflSp6.js s=200 d=87µs s=6245
INF http m=GET p=/assets/WorkspaceSettingsPanel-CsUOm22X.css s=200 d=37µs s=1025
INF http m=GET p=/assets/WorkspaceSettingsPanel-CM5oaFTF.js s=200 d=56µs s=4443
INF http m=GET p=/assets/ServerSettingsPanel-pbgISWIv.css s=200 d=20µs s=596
INF http m=GET p=/assets/ServerSettingsPanel-C8C6nm9a.js s=200 d=27µs s=2550
INF http m=GET p=/assets/ResourceQuotaForm-DTSj8Ta5.css s=200 d=39µs s=302
INF http m=GET p=/assets/ResourceQuotaForm-D6gJNn3N.js s=200 d=63µs s=812
INF http m=GET p=/assets/ProfileSettings-rthGIjGN.js s=200 d=48µs s=4319
INF http m=GET p=/assets/ProfileSettings-D5kbNfHV.css s=200 d=28µs s=1220
INF http m=GET p=/assets/OrgSettingsPanel-BP8s6T0h.css s=200 d=17µs s=511
INF http m=GET p=/assets/OrgSettingsPanel-B78NX7Vn.js s=200 d=26µs s=2302
INF http m=GET p=/assets/InviteForm-R7w4u6kW.js s=200 d=19µs s=1267
INF http m=GET p=/assets/InviteForm-CW-wgFWD.css s=200 d=26µs s=414
INF http m=GET p=/assets/Editor-BYBWY7b1.css s=200 d=44µs s=2240
INF http m=GET p=/assets/Editor-5FlZhQpN.js s=200 d=59µs s=13509
INF http m=GET p=/assets/AdminDashboard-R0heLGro.css s=200 d=20µs s=601
INF http m=GET p=/assets/AdminDashboard-D3Sw1IyX.js s=200 d=39µs s=2075
INF http m=GET p=/manifest.webmanifest s=200 d=30µs s=199
INF http m=POST p=/api/v1/organizations/4463L9LKK000/workspaces s=200 d=227ms s=301
INF http m=POST p=/api/v1/auth/switch-workspace s=200 d=23.9ms s=570
INF http m=GET p=/api/v1/notifications/unread-count s=200 d=133µs s=25
INF http m=GET p=/api/v1/workspaces/4463LA0UQ000/nodes/0/children s=200 d=345µs s=26
INF http m=GET p=/api/v1/workspaces/4463LA0UQ000/members s=200 d=1.51ms s=120
INF http m=POST p=/api/v1/workspaces/4463LA0UQ000/nodes/0/page/create s=200 d=18.2ms s=35
INF http m=GET p=/api/v1/workspaces/4463LA0UQ000/nodes/0/children s=200 d=227µs s=257
INF http m=GET p=/api/v1/workspaces/4463LA0UQ000/nodes/4463LBKI6000 s=200 d=193µs s=245
INF http m=POST p=/api/v1/workspaces/4463LA0UQ000/nodes/0/page/create s=200 d=19ms s=26
INF http m=GET p=/w/@4463LA0UQ000+workspace/@4463LBKI6000+welcome s=200 d=40µs s=542
INF http m=GET p=/api/v1/workspaces/4463LA0UQ000/events s=200 d=56.2ms s=225
INF http m=GET p=/api/v1/auth/me s=200 d=247µs s=354
INF http m=GET p=/api/v1/notifications/unread-count s=200 d=163µs s=25
INF http m=GET p=/api/v1/workspaces/4463LA0UQ000/nodes/0/children s=200 d=284µs s=248
INF http m=GET p=/api/v1/workspaces/4463LA0UQ000/nodes/4463LBKI6000 s=200 d=151µs s=245
INF http m=GET p=/api/v1/workspaces/4463LA0UQ000/members s=200 d=175µs s=120
INF http m=GET p=/api/v1/workspaces/4463LA0UQ000/nodes/4463LBPIM000 s=200 d=291µs s=138
INF http m=GET p=/api/v1/workspaces/4463L2N3A000/events s=200 d=1.06s s=93
INF http m=GET p=/api/v1/workspaces/4463LA0UQ000/events s=200 d=250ms s=93
INF http m=POST p=/api/v1/auth/register s=200 d=182ms s=410
INF http m=GET p=/ s=200 d=72µs s=542
INF http m=GET p=/registerSW.js s=200 d=57µs s=87
INF http m=GET p=/assets/vendor-C3WBU0hm.js s=200 d=147µs s=29762
INF http m=GET p=/assets/index-DPQ8uk7g.css s=200 d=80µs s=12402
INF http m=GET p=/assets/editor-vendor-Bje_VwYD.js s=200 d=120µs s=117396
INF http m=GET p=/assets/index-SHhnYNGf.js s=200 d=79µs s=49792
INF http m=GET p=/api/v1/auth/me s=200 d=216µs s=175
INF http m=GET p=/assets/en-BOb8f2G7.js s=200 d=536µs s=5207
INF http m=GET p=/sw.js s=200 d=86µs s=5540
INF http m=GET p=/api/v1/notifications/unread-count s=200 d=149µs s=25
INF http m=POST p=/api/v1/auth/register s=200 d=209ms s=415
INF http m=GET p=/ s=200 d=84µs s=542
INF http m=GET p=/favicon.png s=200 d=42µs s=449
INF http m=GET p=/registerSW.js s=200 d=40µs s=87
INF http m=GET p=/assets/editor-vendor-Bje_VwYD.js s=200 d=183µs s=117396
INF http m=GET p=/assets/index-DPQ8uk7g.css s=200 d=72µs s=12402
INF http m=GET p=/assets/index-SHhnYNGf.js s=200 d=76µs s=49792
INF http m=GET p=/registerSW.js s=200 d=22µs s=87
INF http m=GET p=/assets/vendor-C3WBU0hm.js s=200 d=57µs s=29762
INF http m=POST p=/api/v1/organizations s=200 d=76.8ms s=361
INF http m=GET p=/api/v1/auth/me s=200 d=196µs s=261
INF http m=GET p=/index.html s=200 d=36µs s=542
INF http m=GET p=/icon.svg s=200 d=27µs s=195
INF http m=GET p=/icon-512.png s=200 d=59µs s=6498
INF http m=GET p=/icon-192.png s=200 d=66µs s=2468
INF http m=GET p=/favicon.png s=200 d=29µs s=449
INF http m=GET p=/apple-touch-icon.png s=200 d=49µs s=2298
INF http m=GET p=/assets/material-symbols-names-mOXCVt15.js s=200 d=83µs s=15793
INF http m=GET p=/assets/fr-CgauyyXq.js s=200 d=107µs s=6301
INF http m=GET p=/assets/es-DHO8DnB9.js s=200 d=74µs s=6015
INF http m=GET p=/assets/emoji-groups-tsNE8Axz.js s=200 d=83µs s=13852
INF http m=GET p=/api/v1/auth/me s=200 d=202µs s=176
INF http m=GET p=/assets/en-BOb8f2G7.js s=200 d=67µs s=5207
INF http m=GET p=/sw.js s=200 d=256µs s=5540
INF http m=GET p=/favicon.png s=200 d=33µs s=449
INF http m=GET p=/api/v1/notifications/unread-count s=200 d=154µs s=25
INF http m=GET p=/registerSW.js s=200 d=41µs s=87
INF http m=GET p=/assets/de-qJeflSp6.js s=200 d=77µs s=6245
INF http m=GET p=/index.html s=200 d=25µs s=542
INF http m=GET p=/assets/WorkspaceSettingsPanel-CsUOm22X.css s=200 d=36µs s=1025
INF http m=GET p=/icon.svg s=200 d=24µs s=195
INF http m=GET p=/assets/WorkspaceSettingsPanel-CM5oaFTF.js s=200 d=52µs s=4443
INF http m=GET p=/icon-512.png s=200 d=48µs s=6498
INF http m=GET p=/assets/ServerSettingsPanel-pbgISWIv.css s=200 d=24µs s=596
INF http m=GET p=/assets/ServerSettingsPanel-C8C6nm9a.js s=200 d=40µs s=2550
INF http m=GET p=/icon-192.png s=200 d=29µs s=2468
INF http m=GET p=/assets/ResourceQuotaForm-DTSj8Ta5.css s=200 d=26µs s=302
INF http m=GET p=/favicon.png s=200 d=32µs s=449
INF http m=GET p=/assets/ResourceQuotaForm-D6gJNn3N.js s=200 d=25µs s=812
INF http m=GET p=/apple-touch-icon.png s=200 d=26µs s=2298
INF http m=GET p=/assets/ProfileSettings-rthGIjGN.js s=200 d=45µs s=4319
INF http m=GET p=/assets/ProfileSettings-D5kbNfHV.css s=200 d=28µs s=1220
INF http m=GET p=/assets/OrgSettingsPanel-BP8s6T0h.css s=200 d=31µs s=511
INF http m=GET p=/assets/OrgSettingsPanel-B78NX7Vn.js s=200 d=30µs s=2302
INF http m=GET p=/assets/material-symbols-names-mOXCVt15.js s=200 d=44µs s=15793
INF http m=GET p=/assets/InviteForm-R7w4u6kW.js s=200 d=19µs s=1267
INF http m=GET p=/assets/InviteForm-CW-wgFWD.css s=200 d=28µs s=414
INF http m=GET p=/assets/Editor-BYBWY7b1.css s=200 d=41µs s=2240
INF http m=GET p=/assets/Editor-5FlZhQpN.js s=200 d=60µs s=13509
INF http m=GET p=/assets/AdminDashboard-R0heLGro.css s=200 d=19µs s=601
INF http m=GET p=/assets/fr-CgauyyXq.js s=200 d=49µs s=6301
INF http m=GET p=/assets/AdminDashboard-D3Sw1IyX.js s=200 d=29µs s=2075
INF http m=GET p=/manifest.webmanifest s=200 d=20µs s=199
INF http m=GET p=/assets/es-DHO8DnB9.js s=200 d=48µs s=6015
INF http m=GET p=/assets/emoji-groups-tsNE8Axz.js s=200 d=99µs s=13852
INF http m=GET p=/assets/de-qJeflSp6.js s=200 d=81µs s=6245
INF http m=GET p=/assets/WorkspaceSettingsPanel-CsUOm22X.css s=200 d=36µs s=1025
INF http m=GET p=/assets/WorkspaceSettingsPanel-CM5oaFTF.js s=200 d=80µs s=4443
INF http m=GET p=/assets/ServerSettingsPanel-pbgISWIv.css s=200 d=24µs s=596
INF http m=GET p=/assets/ServerSettingsPanel-C8C6nm9a.js s=200 d=29µs s=2550
INF http m=GET p=/assets/ResourceQuotaForm-DTSj8Ta5.css s=200 d=32µs s=302
INF http m=GET p=/assets/ResourceQuotaForm-D6gJNn3N.js s=200 d=25µs s=812
INF http m=GET p=/assets/ProfileSettings-rthGIjGN.js s=200 d=48µs s=4319
INF http m=GET p=/assets/ProfileSettings-D5kbNfHV.css s=200 d=22µs s=1220
INF http m=GET p=/assets/OrgSettingsPanel-BP8s6T0h.css s=200 d=19µs s=511
INF http m=GET p=/assets/OrgSettingsPanel-B78NX7Vn.js s=200 d=32µs s=2302
INF http m=POST p=/api/v1/organizations/4463LGBNM000/workspaces s=200 d=387ms s=308
INF http m=GET p=/assets/InviteForm-R7w4u6kW.js s=200 d=31µs s=1267
INF http m=POST p=/api/v1/organizations s=200 d=207ms s=360
INF http m=GET p=/assets/InviteForm-CW-wgFWD.css s=200 d=20µs s=414
INF http m=GET p=/api/v1/auth/me s=200 d=1.13ms s=260
INF http m=GET p=/assets/Editor-BYBWY7b1.css s=200 d=28µs s=2240
INF http m=GET p=/assets/Editor-5FlZhQpN.js s=200 d=61µs s=13509
INF http m=GET p=/assets/AdminDashboard-R0heLGro.css s=200 d=18µs s=601
INF http m=GET p=/assets/AdminDashboard-D3Sw1IyX.js s=200 d=25µs s=2075
INF http m=GET p=/manifest.webmanifest s=200 d=25µs s=199
INF http m=POST p=/api/v1/auth/switch-workspace s=200 d=28.6ms s=570
INF http m=GET p=/api/v1/notifications/unread-count s=200 d=363µs s=25
INF http m=GET p=/api/v1/workspaces/4463LGT42000/members s=200 d=590µs s=127
INF http m=GET p=/api/v1/workspaces/4463LGT42000/nodes/0/children s=200 d=248µs s=26
INF http m=POST p=/api/v1/organizations/4463LI1LE000/workspaces s=200 d=176ms s=311
INF http m=POST p=/api/v1/workspaces/4463LGT42000/nodes/0/page/create s=200 d=143ms s=35
INF http m=GET p=/api/v1/workspaces/4463LGT42000/nodes/0/children s=200 d=189µs s=257
INF http m=GET p=/api/v1/workspaces/4463LGT42000/nodes/4463LJI04000 s=200 d=166µs s=245
INF http m=POST p=/api/v1/auth/switch-workspace s=200 d=25.4ms s=604
INF http m=GET p=/api/v1/notifications/unread-count s=200 d=1.13ms s=25
INF http m=GET p=/api/v1/workspaces/4463LJAMI000/nodes/0/children s=200 d=1.47ms s=26
INF http m=GET p=/api/v1/workspaces/4463LJAMI000/members s=200 d=1.46ms s=128
INF http m=POST p=/api/v1/workspaces/4463LJAMI000/nodes/0/page/create s=200 d=14.7ms s=35
INF http m=GET p=/api/v1/workspaces/4463LJAMI000/nodes/0/children s=200 d=190µs s=257
INF http m=GET p=/api/v1/workspaces/4463LJAMI000/nodes/4463LKLHK000 s=200 d=154µs s=245
INF http m=POST p=/api/v1/workspaces/4463LGT42000/nodes/0/page/create s=200 d=13ms s=26
INF http m=GET p=/w/@4463LGT42000+workspace/@4463LJI04000+welcome s=200 d=30µs s=542
INF http m=GET p=/api/v1/workspaces/4463LGT42000/events s=200 d=376ms s=233
INF http m=GET p=/api/v1/auth/me s=200 d=489µs s=360
INF http m=GET p=/api/v1/notifications/unread-count s=200 d=164µs s=25
INF http m=GET p=/api/v1/workspaces/4463LGT42000/members s=200 d=189µs s=127
INF http m=GET p=/api/v1/workspaces/4463LGT42000/nodes/0/children s=200 d=554µs s=269
INF http m=GET p=/api/v1/workspaces/4463LGT42000/nodes/4463LJI04000 s=200 d=410µs s=245
INF http m=GET p=/api/v1/workspaces/4463LGT42000/nodes/4463LLME8000 s=200 d=314µs s=166
INF http m=GET p=/api/v1/workspaces/4463LGT42000/events s=200 d=111ms s=93
INF http m=POST p=/api/v1/workspaces/4463LJAMI000/nodes/0/page/create s=200 d=48.3ms s=26
INF http m=GET p=/w/@4463LJAMI000+workspace/@4463LKLHK000+welcome s=200 d=47µs s=542
INF http m=GET p=/api/v1/workspaces/4463LJAMI000/events s=200 d=507ms s=233
INF http m=GET p=/api/v1/auth/me s=200 d=230µs s=363
INF http m=POST p=/api/v1/auth/register s=200 d=117ms s=411
INF http m=GET p=/ s=200 d=62µs s=542
INF http m=GET p=/api/v1/notifications/unread-count s=200 d=171µs s=25
INF http m=GET p=/api/v1/workspaces/4463LJAMI000/nodes/4463LKLHK000 s=200 d=273µs s=245
INF http m=GET p=/api/v1/workspaces/4463LJAMI000/members s=200 d=153µs s=128
INF http m=GET p=/api/v1/workspaces/4463LJAMI000/nodes/0/children s=200 d=235µs s=262
INF http m=GET p=/registerSW.js s=200 d=66µs s=87
INF http m=GET p=/assets/index-DPQ8uk7g.css s=200 d=116µs s=12402
INF http m=GET p=/assets/editor-vendor-Bje_VwYD.js s=200 d=131µs s=117396
INF http m=GET p=/assets/vendor-C3WBU0hm.js s=200 d=85µs s=29762
INF http m=GET p=/assets/index-SHhnYNGf.js s=200 d=115µs s=49792
INF http m=GET p=/api/v1/workspaces/4463LJAMI000/nodes/4463LN7UG000 s=200 d=336µs s=155
INF http m=GET p=/api/v1/auth/me s=200 d=233µs s=173
INF http m=GET p=/assets/en-BOb8f2G7.js s=200 d=91µs s=5207
INF http m=GET p=/api/v1/notifications/unread-count s=200 d=158µs s=25
INF http m=GET p=/favicon.png s=200 d=28µs s=449
INF http m=GET p=/sw.js s=200 d=76µs s=5540
INF http m=GET p=/api/v1/workspaces/4463LJAMI000/events s=200 d=247ms s=93
INF http m=GET p=/registerSW.js s=200 d=41µs s=87
INF http m=POST p=/api/v1/organizations s=200 d=50.3ms s=361
INF http m=GET p=/api/v1/auth/me s=200 d=194µs s=260
INF http m=GET p=/index.html s=200 d=39µs s=542
INF http m=GET p=/icon.svg s=200 d=40µs s=195
INF http m=GET p=/icon-512.png s=200 d=162µs s=6498
INF http m=GET p=/icon-192.png s=200 d=37µs s=2468
INF http m=GET p=/favicon.png s=200 d=30µs s=449
INF http m=GET p=/apple-touch-icon.png s=200 d=43µs s=2298
INF http m=GET p=/assets/material-symbols-names-mOXCVt15.js s=200 d=97µs s=15793
INF http m=GET p=/assets/fr-CgauyyXq.js s=200 d=74µs s=6301
INF http m=GET p=/assets/es-DHO8DnB9.js s=200 d=79µs s=6015
INF http m=GET p=/assets/emoji-groups-tsNE8Axz.js s=200 d=86µs s=13852
INF http m=GET p=/assets/de-qJeflSp6.js s=200 d=94µs s=6245
INF http m=GET p=/assets/WorkspaceSettingsPanel-CsUOm22X.css s=200 d=39µs s=1025
INF http m=GET p=/assets/WorkspaceSettingsPanel-CM5oaFTF.js s=200 d=75µs s=4443
INF http m=GET p=/assets/ServerSettingsPanel-pbgISWIv.css s=200 d=32µs s=596
INF http m=GET p=/assets/ServerSettingsPanel-C8C6nm9a.js s=200 d=46µs s=2550
INF http m=GET p=/assets/ResourceQuotaForm-DTSj8Ta5.css s=200 d=28µs s=302
INF http m=GET p=/assets/ResourceQuotaForm-D6gJNn3N.js s=200 d=26µs s=812
INF http m=GET p=/assets/ProfileSettings-rthGIjGN.js s=200 d=46µs s=4319
INF http m=GET p=/assets/ProfileSettings-D5kbNfHV.css s=200 d=26µs s=1220
INF http m=GET p=/assets/OrgSettingsPanel-BP8s6T0h.css s=200 d=24µs s=511
INF http m=GET p=/assets/OrgSettingsPanel-B78NX7Vn.js s=200 d=35µs s=2302
INF http m=GET p=/assets/InviteForm-R7w4u6kW.js s=200 d=26µs s=1267
INF http m=GET p=/assets/InviteForm-CW-wgFWD.css s=200 d=23µs s=414
INF http m=GET p=/assets/Editor-BYBWY7b1.css s=200 d=41µs s=2240
INF http m=GET p=/assets/Editor-5FlZhQpN.js s=200 d=74µs s=13509
INF http m=GET p=/assets/AdminDashboard-R0heLGro.css s=200 d=31µs s=601
INF http m=GET p=/assets/AdminDashboard-D3Sw1IyX.js s=200 d=33µs s=2075
INF http m=GET p=/manifest.webmanifest s=200 d=23µs s=199
INF http m=POST p=/api/v1/organizations/4463LPQUG000/workspaces s=200 d=411ms s=306
INF http m=POST p=/api/v1/auth/register s=200 d=211ms s=400
INF http m=GET p=/ s=200 d=82µs s=542
INF http m=GET p=/assets/index-SHhnYNGf.js s=200 d=854µs s=49792
INF http m=GET p=/assets/index-DPQ8uk7g.css s=200 d=125µs s=12402
INF http m=GET p=/assets/vendor-C3WBU0hm.js s=200 d=81µs s=29762
INF http m=GET p=/registerSW.js s=200 d=22µs s=87
INF http m=GET p=/assets/editor-vendor-Bje_VwYD.js s=200 d=350µs s=117396
INF http m=POST p=/api/v1/auth/switch-workspace s=200 d=58.8ms s=578
INF http m=GET p=/api/v1/workspaces/4463LQ6RM000/nodes/0/children s=200 d=362µs s=26
INF http m=GET p=/api/v1/workspaces/4463LQ6RM000/members s=200 d=5.43ms s=125
INF http m=GET p=/api/v1/notifications/unread-count s=200 d=13.1ms s=25
INF http m=POST p=/api/v1/workspaces/4463LQ6RM000/nodes/0/page/create s=200 d=28.8ms s=35
INF http m=GET p=/api/v1/workspaces/4463LQ6RM000/nodes/0/children s=200 d=531µs s=257
INF http m=GET p=/api/v1/workspaces/4463LQ6RM000/nodes/4463LT9UM000 s=200 d=564µs s=245
INF http m=GET p=/api/v1/auth/me s=200 d=446µs s=167
INF http m=GET p=/assets/en-BOb8f2G7.js s=200 d=126µs s=5207
INF http m=GET p=/api/v1/notifications/unread-count s=200 d=173µs s=25
INF http m=GET p=/sw.js s=200 d=64µs s=5540
INF http m=GET p=/favicon.png s=200 d=13µs s=449
INF http m=GET p=/registerSW.js s=200 d=54µs s=87
INF http m=GET p=/index.html s=200 d=34µs s=542
INF http m=GET p=/icon.svg s=200 d=36µs s=195
INF http m=GET p=/icon-512.png s=200 d=62µs s=6498
INF http m=POST p=/api/v1/organizations s=200 d=52.5ms s=352
INF http m=GET p=/api/v1/auth/me s=200 d=521µs s=251
INF http m=GET p=/icon-192.png s=200 d=86µs s=2468
INF http m=GET p=/favicon.png s=200 d=23µs s=449
INF http m=GET p=/apple-touch-icon.png s=200 d=40µs s=2298
INF http m=GET p=/assets/material-symbols-names-mOXCVt15.js s=200 d=78µs s=15793
INF http m=GET p=/assets/fr-CgauyyXq.js s=200 d=149µs s=6301
INF http m=GET p=/assets/es-DHO8DnB9.js s=200 d=80µs s=6015
INF http m=GET p=/assets/emoji-groups-tsNE8Axz.js s=200 d=75µs s=13852
INF http m=GET p=/assets/de-qJeflSp6.js s=200 d=100µs s=6245
INF http m=GET p=/assets/WorkspaceSettingsPanel-CsUOm22X.css s=200 d=24µs s=1025
INF http m=GET p=/assets/WorkspaceSettingsPanel-CM5oaFTF.js s=200 d=63µs s=4443
INF http m=GET p=/assets/ServerSettingsPanel-pbgISWIv.css s=200 d=19µs s=596
INF http m=GET p=/assets/ServerSettingsPanel-C8C6nm9a.js s=200 d=124µs s=2550
INF http m=GET p=/assets/ResourceQuotaForm-DTSj8Ta5.css s=200 d=29µs s=302
INF http m=GET p=/assets/ResourceQuotaForm-D6gJNn3N.js s=200 d=29µs s=812
INF http m=GET p=/assets/ProfileSettings-rthGIjGN.js s=200 d=59µs s=4319
INF http m=GET p=/assets/ProfileSettings-D5kbNfHV.css s=200 d=26µs s=1220
INF http m=GET p=/assets/OrgSettingsPanel-BP8s6T0h.css s=200 d=20µs s=511
INF http m=GET p=/assets/OrgSettingsPanel-B78NX7Vn.js s=200 d=28µs s=2302
INF http m=GET p=/assets/InviteForm-R7w4u6kW.js s=200 d=24µs s=1267
INF http m=GET p=/assets/InviteForm-CW-wgFWD.css s=200 d=31µs s=414
INF http m=GET p=/assets/Editor-BYBWY7b1.css s=200 d=28µs s=2240
INF http m=GET p=/assets/Editor-5FlZhQpN.js s=200 d=69µs s=13509
INF http m=GET p=/assets/AdminDashboard-R0heLGro.css s=200 d=30µs s=601
INF http m=GET p=/assets/AdminDashboard-D3Sw1IyX.js s=200 d=31µs s=2075
INF http m=GET p=/manifest.webmanifest s=200 d=25µs s=199
INF http m=POST p=/api/v1/workspaces/4463LQ6RM000/nodes/0/page/create s=200 d=62.4ms s=26
INF http m=POST p=/api/v1/organizations/4463LTR1M000/workspaces s=200 d=206ms s=303
INF http m=GET p=/w/@4463LQ6RM000+workspace/@4463LT9UM000+welcome s=200 d=29µs s=542
INF http m=GET p=/api/v1/workspaces/4463LQ6RM000/events s=200 d=370ms s=234
INF http m=POST p=/api/v1/auth/switch-workspace s=200 d=33.5ms s=574
INF http m=GET p=/api/v1/auth/me s=200 d=613µs s=364
INF http m=GET p=/api/v1/notifications/unread-count s=200 d=539µs s=25
INF http m=GET p=/api/v1/workspaces/4463LU6BU000/nodes/0/children s=200 d=566µs s=26
INF http m=GET p=/api/v1/workspaces/4463LU6BU000/members s=200 d=435µs s=130
INF http m=GET p=/api/v1/workspaces/4463LQ6RM000/nodes/0/children s=200 d=358µs s=271
INF http m=GET p=/api/v1/notifications/unread-count s=200 d=364µs s=25
INF http m=GET p=/api/v1/workspaces/4463LQ6RM000/nodes/4463LT9UM000 s=200 d=280µs s=245
INF http m=GET p=/api/v1/workspaces/4463LQ6RM000/members s=200 d=167µs s=125
INF http m=GET p=/w/@4463LU6BU000/@nonexistent-page-id-12345 s=200 d=35µs s=542
INF http m=GET p=/api/v1/workspaces/4463LU6BU000/events s=200 d=41.2ms s=93
INF http m=POST p=/api/v1/workspaces/4463LU6BU000/nodes/0/page/create s=200 d=39.7ms s=35
INF http m=GET p=/api/v1/workspaces/4463LQ6RM000/nodes/4463LV19M000 s=200 d=308µs s=160
INF http m=GET p=/api/v1/auth/me s=200 d=246µs s=352
INF http m=GET p=/api/v1/notifications/unread-count s=200 d=159µs s=25
ERR Handler error err="node not found" statusCode=404 code=NOT_FOUND
INF http m=GET p=/api/v1/workspaces/4463LU6BU000/nodes/nonexistent-page-id-12345 s=404 d=401µs s=71
INF http m=GET p=/api/v1/workspaces/4463LU6BU000/members s=200 d=390µs s=130
INF http m=GET p=/api/v1/workspaces/4463LU6BU000/nodes/0/children s=200 d=1.41ms s=257
ERR Handler error err="node not found" statusCode=404 code=NOT_FOUND
INF http m=GET p=/api/v1/workspaces/4463LU6BU000/nodes/nonexistent-page-id-12345 s=404 d=738µs s=71
ERR Handler error err="node not found" statusCode=404 code=NOT_FOUND
INF http m=GET p=/api/v1/workspaces/4463LU6BU000/nodes/nonexistent-page-id-12345 s=404 d=1.03ms s=71
ERR Handler error err="node not found" statusCode=404 code=NOT_FOUND
INF http m=GET p=/api/v1/workspaces/4463LU6BU000/nodes/nonexistent-page-id-12345 s=404 d=179µs s=71
ERR Handler error err="node not found" statusCode=404 code=NOT_FOUND
INF http m=GET p=/api/v1/workspaces/4463LU6BU000/nodes/nonexistent-page-id-12345 s=404 d=193µs s=71
ERR Handler error err="node not found" statusCode=404 code=NOT_FOUND
INF http m=GET p=/api/v1/workspaces/4463LU6BU000/nodes/nonexistent-page-id-12345 s=404 d=727µs s=71
ERR Handler error err="node not found" statusCode=404 code=NOT_FOUND
INF http m=GET p=/api/v1/workspaces/4463LU6BU000/nodes/nonexistent-page-id-12345 s=404 d=175µs s=71
INF http m=GET p=/api/v1/workspaces/4463LU6BU000/events s=200 d=37.2ms s=93
INF http m=GET p=/api/v1/workspaces/4463LQ6RM000/events s=200 d=162ms s=93
INF http m=GET p=/privacy s=200 d=88µs s=542
INF http m=GET p=/assets/index-SHhnYNGf.js s=200 d=192µs s=49792
INF http m=GET p=/assets/index-DPQ8uk7g.css s=200 d=122µs s=12402
INF http m=GET p=/assets/editor-vendor-Bje_VwYD.js s=200 d=161µs s=117396
INF http m=GET p=/assets/vendor-C3WBU0hm.js s=200 d=96µs s=29762
INF http m=GET p=/registerSW.js s=200 d=33µs s=87
INF http m=GET p=/assets/en-BOb8f2G7.js s=200 d=86µs s=5207
INF http m=POST p=/api/v1/auth/register s=200 d=192ms s=393
INF http m=GET p=/sw.js s=200 d=72µs s=5540
INF http m=GET p=/ s=200 d=94µs s=542
INF http m=GET p=/registerSW.js s=200 d=43µs s=87
INF http m=GET p=/index.html s=200 d=32µs s=542
INF http m=GET p=/favicon.png s=200 d=36µs s=449
INF http m=GET p=/icon.svg s=200 d=28µs s=195
INF http m=GET p=/icon-512.png s=200 d=85µs s=6498
INF http m=GET p=/assets/vendor-C3WBU0hm.js s=200 d=118µs s=29762
INF http m=GET p=/registerSW.js s=200 d=23µs s=87
INF http m=GET p=/assets/editor-vendor-Bje_VwYD.js s=200 d=122µs s=117396
INF http m=GET p=/assets/index-DPQ8uk7g.css s=200 d=62µs s=12402
INF http m=GET p=/assets/index-SHhnYNGf.js s=200 d=75µs s=49792
INF http m=GET p=/assets/en-BOb8f2G7.js s=200 d=96µs s=5207
INF http m=GET p=/api/v1/auth/me s=200 d=277µs s=165
INF http m=GET p=/api/v1/notifications/unread-count s=200 d=303µs s=25
INF http m=GET p=/sw.js s=200 d=54µs s=5540
INF http m=GET p=/favicon.png s=200 d=46µs s=449
INF http m=GET p=/terms s=200 d=65µs s=542
INF http m=GET p=/registerSW.js s=200 d=37µs s=87
INF http m=POST p=/api/v1/organizations s=200 d=65.5ms s=349
INF http m=GET p=/assets/index-SHhnYNGf.js s=200 d=169µs s=49792
INF http m=GET p=/registerSW.js s=200 d=24µs s=87
INF http m=GET p=/assets/vendor-C3WBU0hm.js s=200 d=102µs s=29762
INF http m=GET p=/assets/editor-vendor-Bje_VwYD.js s=200 d=150µs s=117396
INF http m=GET p=/assets/index-DPQ8uk7g.css s=200 d=1.02ms s=12402
INF http m=GET p=/api/v1/auth/me s=200 d=740µs s=251
INF http m=GET p=/index.html s=200 d=36µs s=542
INF http m=GET p=/icon.svg s=200 d=33µs s=195
INF http m=GET p=/icon-512.png s=200 d=90µs s=6498
INF http m=GET p=/icon-192.png s=200 d=84µs s=2468
INF http m=GET p=/favicon.png s=200 d=29µs s=449
INF http m=GET p=/apple-touch-icon.png s=200 d=38µs s=2298
INF http m=GET p=/assets/material-symbols-names-mOXCVt15.js s=200 d=119µs s=15793
INF http m=GET p=/assets/fr-CgauyyXq.js s=200 d=84µs s=6301
INF http m=GET p=/assets/es-DHO8DnB9.js s=200 d=190µs s=6015
INF http m=GET p=/assets/en-BOb8f2G7.js s=200 d=88µs s=5207
INF http m=GET p=/assets/emoji-groups-tsNE8Axz.js s=200 d=83µs s=13852
INF http m=GET p=/sw.js s=200 d=84µs s=5540
INF http m=GET p=/favicon.png s=200 d=39µs s=449
INF http m=GET p=/registerSW.js s=200 d=17µs s=87
INF http m=GET p=/assets/de-qJeflSp6.js s=200 d=87µs s=6245
INF http m=GET p=/assets/WorkspaceSettingsPanel-CsUOm22X.css s=200 d=91µs s=1025
INF http m=GET p=/assets/WorkspaceSettingsPanel-CM5oaFTF.js s=200 d=89µs s=4443
INF http m=GET p=/assets/ServerSettingsPanel-pbgISWIv.css s=200 d=35µs s=596
INF http m=GET p=/assets/ServerSettingsPanel-C8C6nm9a.js s=200 d=47µs s=2550
INF http m=GET p=/assets/ResourceQuotaForm-DTSj8Ta5.css s=200 d=30µs s=302
INF http m=GET p=/assets/ResourceQuotaForm-D6gJNn3N.js s=200 d=35µs s=812
INF http m=GET p=/assets/ProfileSettings-rthGIjGN.js s=200 d=61µs s=4319
INF http m=GET p=/assets/ProfileSettings-D5kbNfHV.css s=200 d=28µs s=1220
INF http m=GET p=/assets/OrgSettingsPanel-BP8s6T0h.css s=200 d=29µs s=511
INF http m=GET p=/assets/OrgSettingsPanel-B78NX7Vn.js s=200 d=56µs s=2302
INF http m=GET p=/assets/InviteForm-R7w4u6kW.js s=200 d=31µs s=1267
INF http m=GET p=/assets/InviteForm-CW-wgFWD.css s=200 d=42µs s=414
INF http m=GET p=/assets/Editor-BYBWY7b1.css s=200 d=53µs s=2240
INF http m=GET p=/assets/Editor-5FlZhQpN.js s=200 d=86µs s=13509
INF http m=GET p=/assets/AdminDashboard-R0heLGro.css s=200 d=41µs s=601
INF http m=GET p=/assets/AdminDashboard-D3Sw1IyX.js s=200 d=53µs s=2075
INF http m=GET p=/manifest.webmanifest s=200 d=30µs s=199
INF http m=POST p=/api/v1/organizations/4463M4O10000/workspaces s=200 d=383ms s=297
INF http m=POST p=/api/v1/auth/switch-workspace s=200 d=33.1ms s=621
INF http m=GET p=/api/v1/notifications/unread-count s=200 d=166µs s=25
INF http m=GET p=/api/v1/workspaces/4463M5822000/nodes/0/children s=200 d=377µs s=26
INF http m=GET p=/api/v1/workspaces/4463M5822000/members s=200 d=396µs s=126
INF http m=POST p=/api/v1/auth/register s=200 d=115ms s=393
INF http m=POST p=/api/v1/workspaces/4463M5822000/nodes/0/page/create s=200 d=44.3ms s=35
INF http m=GET p=/ s=200 d=54µs s=542
INF http m=GET p=/api/v1/workspaces/4463M5822000/nodes/0/children s=200 d=305µs s=257
INF http m=GET p=/api/v1/workspaces/4463M5822000/nodes/4463M825Q000 s=200 d=254µs s=245
INF http m=GET p=/assets/index-SHhnYNGf.js s=200 d=121µs s=49792
INF http m=GET p=/assets/index-DPQ8uk7g.css s=200 d=99µs s=12402
INF http m=GET p=/registerSW.js s=200 d=54µs s=87
INF http m=GET p=/assets/vendor-C3WBU0hm.js s=200 d=117µs s=29762
INF http m=GET p=/assets/editor-vendor-Bje_VwYD.js s=200 d=146µs s=117396
INF http m=GET p=/api/v1/auth/me s=200 d=220µs s=166
INF http m=GET p=/assets/en-BOb8f2G7.js s=200 d=52µs s=5207
INF http m=GET p=/favicon.png s=200 d=48µs s=449
INF http m=GET p=/api/v1/notifications/unread-count s=200 d=144µs s=25
INF http m=GET p=/sw.js s=200 d=83µs s=5540
INF http m=GET p=/registerSW.js s=200 d=37µs s=87
INF http m=GET p=/index.html s=200 d=41µs s=542
INF http m=POST p=/api/v1/organizations s=200 d=49.5ms s=352
INF http m=GET p=/api/v1/auth/me s=200 d=193µs s=250
INF http m=GET p=/icon.svg s=200 d=27µs s=195
INF http m=GET p=/icon-512.png s=200 d=84µs s=6498
INF http m=GET p=/icon-192.png s=200 d=32µs s=2468
INF http m=GET p=/favicon.png s=200 d=33µs s=449
INF http m=GET p=/apple-touch-icon.png s=200 d=30µs s=2298
INF http m=GET p=/assets/material-symbols-names-mOXCVt15.js s=200 d=1.14ms s=15793
INF http m=GET p=/assets/fr-CgauyyXq.js s=200 d=80µs s=6301
INF http m=GET p=/assets/es-DHO8DnB9.js s=200 d=60µs s=6015
INF http m=GET p=/assets/emoji-groups-tsNE8Axz.js s=200 d=85µs s=13852
INF http m=GET p=/w/@invalid-workspace-12345/@some-page s=200 d=42µs s=542
INF http m=GET p=/api/v1/workspaces/4463M5822000/events s=200 d=375ms s=201
INF http m=GET p=/assets/de-qJeflSp6.js s=200 d=123µs s=6245
INF http m=GET p=/assets/WorkspaceSettingsPanel-CsUOm22X.css s=200 d=203µs s=1025
INF http m=GET p=/assets/WorkspaceSettingsPanel-CM5oaFTF.js s=200 d=57µs s=4443
INF http m=GET p=/assets/ServerSettingsPanel-pbgISWIv.css s=200 d=30µs s=596
INF http m=GET p=/assets/ServerSettingsPanel-C8C6nm9a.js s=200 d=30µs s=2550
INF http m=GET p=/assets/ResourceQuotaForm-DTSj8Ta5.css s=200 d=38µs s=302
INF http m=GET p=/assets/ResourceQuotaForm-D6gJNn3N.js s=200 d=22µs s=812
INF http m=GET p=/assets/ProfileSettings-rthGIjGN.js s=200 d=62µs s=4319
INF http m=GET p=/assets/ProfileSettings-D5kbNfHV.css s=200 d=32µs s=1220
INF http m=GET p=/assets/OrgSettingsPanel-BP8s6T0h.css s=200 d=26µs s=511
INF http m=GET p=/assets/OrgSettingsPanel-B78NX7Vn.js s=200 d=270µs s=2302
INF http m=GET p=/api/v1/auth/me s=200 d=7.8ms s=352
INF http m=GET p=/assets/InviteForm-R7w4u6kW.js s=200 d=49µs s=1267
INF http m=GET p=/assets/InviteForm-CW-wgFWD.css s=200 d=36µs s=414
INF http m=GET p=/api/v1/notifications/unread-count s=200 d=158µs s=25
ERR Handler error err="node not found" statusCode=404 code=NOT_FOUND
INF http m=GET p=/api/v1/workspaces/4463M5822000/members s=200 d=6.27ms s=126
INF http m=GET p=/assets/Editor-BYBWY7b1.css s=200 d=63µs s=2240
INF http m=GET p=/assets/Editor-5FlZhQpN.js s=200 d=102µs s=13509
INF http m=GET p=/api/v1/workspaces/4463M5822000/nodes/0/children s=200 d=15.3ms s=257
INF http m=GET p=/api/v1/workspaces/4463M5822000/nodes/some-page s=404 d=12.5ms s=71
INF http m=GET p=/assets/AdminDashboard-R0heLGro.css s=200 d=24µs s=601
INF http m=GET p=/assets/AdminDashboard-D3Sw1IyX.js s=200 d=27µs s=2075
INF http m=GET p=/manifest.webmanifest s=200 d=21µs s=199
ERR Handler error err="node not found" statusCode=404 code=NOT_FOUND
INF http m=GET p=/api/v1/workspaces/4463M5822000/nodes/some-page s=404 d=410µs s=71
ERR Handler error err="node not found" statusCode=404 code=NOT_FOUND
INF http m=GET p=/api/v1/workspaces/4463M5822000/nodes/some-page s=404 d=382µs s=71
ERR Handler error err="node not found" statusCode=404 code=NOT_FOUND
INF http m=GET p=/api/v1/workspaces/4463M5822000/nodes/some-page s=404 d=365µs s=71
ERR Handler error err="node not found" statusCode=404 code=NOT_FOUND
INF http m=GET p=/api/v1/workspaces/4463M5822000/nodes/some-page s=404 d=383µs s=71
ERR Handler error err="node not found" statusCode=404 code=NOT_FOUND
INF http m=GET p=/api/v1/workspaces/4463M5822000/nodes/some-page s=404 d=1.1ms s=71
ERR Handler error err="node not found" statusCode=404 code=NOT_FOUND
INF http m=GET p=/api/v1/workspaces/4463M5822000/nodes/some-page s=404 d=1.34ms s=71
INF http m=GET p=/api/v1/workspaces/4463M5822000/events s=200 d=48.8ms s=93
INF http m=POST p=/api/v1/organizations/4463M94TA000/workspaces s=200 d=308ms s=297
INF http m=POST p=/api/v1/auth/switch-workspace s=200 d=31.3ms s=581
INF http m=GET p=/api/v1/notifications/unread-count s=200 d=11.5ms s=25
INF http m=GET p=/api/v1/workspaces/4463M9FK2000/nodes/0/children s=200 d=8ms s=26
INF http m=GET p=/api/v1/workspaces/4463M9FK2000/members s=200 d=300µs s=132
INF http m=POST p=/api/v1/workspaces/4463M9FK2000/nodes/0/page/create s=200 d=34.9ms s=35
INF http m=GET p=/api/v1/workspaces/4463M9FK2000/nodes/0/children s=200 d=512µs s=257
INF http m=GET p=/api/v1/workspaces/4463M9FK2000/nodes/4463MBT28000 s=200 d=491µs s=245
INF http m=POST p=/api/v1/auth/register s=200 d=110ms s=397
INF http m=GET p=/ s=200 d=304µs s=542
INF http m=GET p=/assets/vendor-C3WBU0hm.js s=200 d=167µs s=29762
INF http m=GET p=/assets/index-DPQ8uk7g.css s=200 d=105µs s=12402
INF http m=GET p=/registerSW.js s=200 d=19µs s=87
INF http m=GET p=/assets/index-SHhnYNGf.js s=200 d=124µs s=49792
INF http m=GET p=/assets/editor-vendor-Bje_VwYD.js s=200 d=184µs s=117396
INF http m=GET p=/api/v1/auth/me s=200 d=580µs s=167
INF http m=GET p=/assets/en-BOb8f2G7.js s=200 d=56µs s=5207
INF http m=GET p=/favicon.png s=200 d=52µs s=449
INF http m=GET p=/api/v1/notifications/unread-count s=200 d=231µs s=25
INF http m=GET p=/sw.js s=200 d=62µs s=5540
INF http m=GET p=/registerSW.js s=200 d=46µs s=87
INF http m=GET p=/index.html s=200 d=77µs s=542
INF http m=POST p=/api/v1/organizations s=200 d=52.7ms s=353
INF http m=GET p=/icon.svg s=200 d=37µs s=195
INF http m=GET p=/api/v1/auth/me s=200 d=2.21ms s=252
INF http m=GET p=/icon-512.png s=200 d=58µs s=6498
INF http m=GET p=/icon-192.png s=200 d=37µs s=2468
INF http m=GET p=/favicon.png s=200 d=24µs s=449
INF http m=GET p=/apple-touch-icon.png s=200 d=32µs s=2298
INF http m=GET p=/assets/material-symbols-names-mOXCVt15.js s=200 d=70µs s=15793
INF http m=GET p=/assets/fr-CgauyyXq.js s=200 d=86µs s=6301
INF http m=GET p=/assets/es-DHO8DnB9.js s=200 d=53µs s=6015
INF http m=GET p=/assets/emoji-groups-tsNE8Axz.js s=200 d=90µs s=13852
INF http m=GET p=/assets/de-qJeflSp6.js s=200 d=103µs s=6245
INF http m=GET p=/assets/WorkspaceSettingsPanel-CsUOm22X.css s=200 d=30µs s=1025
INF http m=GET p=/assets/WorkspaceSettingsPanel-CM5oaFTF.js s=200 d=98µs s=4443
INF http m=GET p=/assets/ServerSettingsPanel-pbgISWIv.css s=200 d=20µs s=596
INF http m=GET p=/assets/ServerSettingsPanel-C8C6nm9a.js s=200 d=33µs s=2550
INF http m=GET p=/assets/ResourceQuotaForm-DTSj8Ta5.css s=200 d=26µs s=302
INF http m=GET p=/assets/ResourceQuotaForm-D6gJNn3N.js s=200 d=19µs s=812
INF http m=GET p=/assets/ProfileSettings-rthGIjGN.js s=200 d=47µs s=4319
INF http m=GET p=/assets/ProfileSettings-D5kbNfHV.css s=200 d=25µs s=1220
INF http m=GET p=/assets/OrgSettingsPanel-BP8s6T0h.css s=200 d=21µs s=511
INF http m=GET p=/assets/OrgSettingsPanel-B78NX7Vn.js s=200 d=27µs s=2302
INF http m=GET p=/assets/InviteForm-R7w4u6kW.js s=200 d=17µs s=1267
INF http m=GET p=/assets/InviteForm-CW-wgFWD.css s=200 d=30µs s=414
INF http m=GET p=/assets/Editor-BYBWY7b1.css s=200 d=31µs s=2240
INF http m=GET p=/assets/Editor-5FlZhQpN.js s=200 d=78µs s=13509
INF http m=GET p=/assets/AdminDashboard-R0heLGro.css s=200 d=26µs s=601
INF http m=GET p=/assets/AdminDashboard-D3Sw1IyX.js s=200 d=32µs s=2075
INF http m=GET p=/manifest.webmanifest s=200 d=19µs s=199
INF http m=POST p=/api/v1/organizations/4463MDLT8000/workspaces s=200 d=215ms s=302
INF http m=POST p=/api/v1/workspaces/4463M9FK2000/nodes/0/page/create s=200 d=176ms s=26
INF http m=GET p=/w/@4463M9FK2000+workspace/@4463MBT28000+welcome s=200 d=40µs s=542
INF http m=GET p=/api/v1/workspaces/4463M9FK2000/events s=200 d=582ms s=227
INF http m=POST p=/api/v1/auth/switch-workspace s=200 d=29.1ms s=571
INF http m=GET p=/api/v1/workspaces/4463ME1S4000/nodes/0/children s=200 d=677µs s=26
INF http m=GET p=/api/v1/notifications/unread-count s=200 d=781µs s=25
INF http m=GET p=/api/v1/workspaces/4463ME1S4000/members s=200 d=510µs s=120
INF http m=GET p=/api/v1/auth/me s=200 d=281µs s=352
INF http m=POST p=/api/v1/workspaces/4463ME1S4000/nodes/0/page/create s=200 d=32.6ms s=35
INF http m=GET p=/api/v1/workspaces/4463ME1S4000/nodes/0/children s=200 d=503µs s=250
INF http m=GET p=/api/v1/workspaces/4463ME1S4000/nodes/4463MFMPU000 s=200 d=714µs s=245
INF http m=GET p=/api/v1/workspaces/4463M9FK2000/members s=200 d=88µs s=132
INF http m=GET p=/api/v1/workspaces/4463M9FK2000/nodes/4463MBT28000 s=200 d=200µs s=245
INF http m=GET p=/api/v1/workspaces/4463M9FK2000/nodes/0/children s=200 d=1.87ms s=244
INF http m=GET p=/api/v1/notifications/unread-count s=200 d=1.85ms s=25
INF http m=POST p=/api/v1/workspaces/4463ME1S4000/nodes/0/page/create s=200 d=26.5ms s=26
INF http m=GET p=/w/@4463ME1S4000/@4463MFRLQ000 s=200 d=48µs s=542
INF http m=GET p=/api/v1/workspaces/4463M9FK2000/nodes/4463MEA7I000 s=200 d=301µs s=161
INF http m=GET p=/api/v1/auth/me s=200 d=276µs s=352
INF http m=GET p=/api/v1/notifications/unread-count s=200 d=183µs s=25
INF http m=GET p=/api/v1/workspaces/4463ME1S4000/nodes/0/children s=200 d=769µs s=250
INF http m=GET p=/api/v1/workspaces/4463ME1S4000/nodes/4463MFRLQ000 s=200 d=1.65ms s=139
INF http m=GET p=/api/v1/workspaces/4463ME1S4000/members s=200 d=2.05ms s=120
INF http m=GET p=/w/@4463ME1S4000+workspace/@4463MFMPU000+welcome s=200 d=45µs s=542
INF http m=GET p=/api/v1/workspaces/4463ME1S4000/events s=200 d=269ms s=230
INF http m=GET p=/api/v1/auth/me s=200 d=256µs s=352
INF http m=GET p=/api/v1/notifications/unread-count s=200 d=139µs s=25
INF http m=GET p=/api/v1/workspaces/4463ME1S4000/nodes/0/children s=200 d=714µs s=250
INF http m=GET p=/api/v1/workspaces/4463ME1S4000/members s=200 d=508µs s=120
INF http m=GET p=/api/v1/workspaces/4463ME1S4000/nodes/4463MFMPU000 s=200 d=785µs s=245
INF http m=GET p=/api/v1/workspaces/4463ME1S4000/nodes/4463MFRLQ000 s=200 d=278µs s=139
INF http m=GET p=/sw.js s=200 d=131µs s=5540
INF http m=GET p=/sw.js s=200 d=119µs s=5540
INF http m=GET p=/api/v1/workspaces/4463ME1S4000/nodes/4463MFRLQ000/page s=200 d=241µs s=129
INF http m=GET p=/api/v1/workspaces/4463ME1S4000/nodes/4463MFRLQ000/page s=200 d=205µs s=129
INF http m=GET p=/api/v1/workspaces/4463M9FK2000/events s=200 d=2.51s s=93
INF http m=POST p=/api/v1/auth/register s=200 d=95.2ms s=389
INF http m=GET p=/ s=200 d=146µs s=542
INF http m=GET p=/assets/index-SHhnYNGf.js s=200 d=150µs s=49792
INF http m=GET p=/assets/index-DPQ8uk7g.css s=200 d=132µs s=12402
INF http m=GET p=/assets/editor-vendor-Bje_VwYD.js s=200 d=149µs s=117396
INF http m=GET p=/registerSW.js s=200 d=27µs s=87
INF http m=GET p=/assets/vendor-C3WBU0hm.js s=200 d=87µs s=29762
INF http m=GET p=/api/v1/workspaces/4463ME1S4000/nodes/4463MFRLQ000/page s=200 d=198µs s=129
INF http m=GET p=/api/v1/auth/me s=200 d=228µs s=167
INF http m=GET p=/assets/en-BOb8f2G7.js s=200 d=63µs s=5207
INF http m=GET p=/favicon.png s=200 d=47µs s=449
INF http m=GET p=/api/v1/notifications/unread-count s=200 d=160µs s=25
INF http m=GET p=/sw.js s=200 d=79µs s=5540
INF http m=GET p=/registerSW.js s=200 d=49µs s=87
INF http m=GET p=/index.html s=200 d=31µs s=542
INF http m=POST p=/api/v1/organizations s=200 d=53.4ms s=351
INF http m=GET p=/icon.svg s=200 d=26µs s=195
INF http m=GET p=/api/v1/auth/me s=200 d=196µs s=251
INF http m=GET p=/icon-512.png s=200 d=55µs s=6498
INF http m=GET p=/icon-192.png s=200 d=30µs s=2468
INF http m=GET p=/favicon.png s=200 d=22µs s=449
INF http m=GET p=/apple-touch-icon.png s=200 d=35µs s=2298
INF http m=GET p=/assets/material-symbols-names-mOXCVt15.js s=200 d=88µs s=15793
INF http m=GET p=/assets/fr-CgauyyXq.js s=200 d=56µs s=6301
INF http m=GET p=/assets/es-DHO8DnB9.js s=200 d=49µs s=6015
INF http m=GET p=/assets/emoji-groups-tsNE8Axz.js s=200 d=61µs s=13852
INF http m=GET p=/assets/de-qJeflSp6.js s=200 d=78µs s=6245
INF http m=GET p=/assets/WorkspaceSettingsPanel-CsUOm22X.css s=200 d=21µs s=1025
INF http m=GET p=/assets/WorkspaceSettingsPanel-CM5oaFTF.js s=200 d=46µs s=4443
INF http m=GET p=/assets/ServerSettingsPanel-pbgISWIv.css s=200 d=22µs s=596
INF http m=GET p=/assets/ServerSettingsPanel-C8C6nm9a.js s=200 d=32µs s=2550
INF http m=GET p=/assets/ResourceQuotaForm-DTSj8Ta5.css s=200 d=23µs s=302
INF http m=GET p=/assets/ResourceQuotaForm-D6gJNn3N.js s=200 d=21µs s=812
INF http m=GET p=/assets/ProfileSettings-rthGIjGN.js s=200 d=41µs s=4319
INF http m=GET p=/assets/ProfileSettings-D5kbNfHV.css s=200 d=21µs s=1220
INF http m=GET p=/assets/OrgSettingsPanel-BP8s6T0h.css s=200 d=20µs s=511
INF http m=GET p=/assets/OrgSettingsPanel-B78NX7Vn.js s=200 d=27µs s=2302
INF http m=GET p=/assets/InviteForm-R7w4u6kW.js s=200 d=21µs s=1267
INF http m=GET p=/assets/InviteForm-CW-wgFWD.css s=200 d=20µs s=414
INF http m=GET p=/assets/Editor-BYBWY7b1.css s=200 d=27µs s=2240
INF http m=GET p=/assets/Editor-5FlZhQpN.js s=200 d=283µs s=13509
INF http m=GET p=/assets/AdminDashboard-R0heLGro.css s=200 d=18µs s=601
INF http m=GET p=/assets/AdminDashboard-D3Sw1IyX.js s=200 d=46µs s=2075
INF http m=GET p=/manifest.webmanifest s=200 d=17µs s=199
INF http m=POST p=/api/v1/organizations/4463N1LEK000/workspaces s=200 d=209ms s=299
INF http m=POST p=/api/v1/auth/switch-workspace s=200 d=22.1ms s=574
INF http m=GET p=/api/v1/notifications/unread-count s=200 d=100µs s=25
INF http m=GET p=/api/v1/workspaces/4463N211E000/nodes/0/children s=200 d=265µs s=26
INF http m=GET p=/api/v1/workspaces/4463N211E000/members s=200 d=479µs s=128
INF http m=POST p=/api/v1/workspaces/4463N211E000/nodes/0/page/create s=200 d=14.8ms s=35
INF http m=GET p=/api/v1/workspaces/4463N211E000/nodes/0/children s=200 d=369µs s=257
INF http m=GET p=/api/v1/workspaces/4463N211E000/nodes/4463N3GIQ000 s=200 d=1.69ms s=245
INF http m=POST p=/api/v1/workspaces/4463N211E000/nodes/0/page/create s=200 d=13.1ms s=26
INF http m=GET p=/w/@4463N211E000+workspace/@4463N3GIQ000+welcome s=200 d=36µs s=542
INF http m=GET p=/api/v1/workspaces/4463N211E000/events s=200 d=68.2ms s=232
INF http m=GET p=/api/v1/workspaces/4463ME1S4000/nodes/4463MFRLQ000/page s=200 d=241µs s=129
INF http m=GET p=/api/v1/auth/me s=200 d=340µs s=352
INF http m=GET p=/api/v1/notifications/unread-count s=200 d=176µs s=25
INF http m=GET p=/api/v1/workspaces/4463N211E000/members s=200 d=109µs s=128
INF http m=GET p=/api/v1/workspaces/4463N211E000/nodes/4463N3GIQ000 s=200 d=184µs s=245
INF http m=GET p=/api/v1/workspaces/4463N211E000/nodes/0/children s=200 d=736µs s=240
INF http m=GET p=/api/v1/workspaces/4463N211E000/nodes/4463N3PM0000 s=200 d=540µs s=157
INF http m=GET p=/w/@4463N211E000+empty-titles-workspace/@4463N3PM0000+title-to-clear s=200 d=41µs s=542
INF http m=GET p=/api/v1/workspaces/4463N211E000/events s=200 d=97.7ms s=93
INF http m=GET p=/api/v1/auth/me s=200 d=340µs s=352
INF http m=GET p=/api/v1/notifications/unread-count s=200 d=646µs s=25
INF http m=GET p=/api/v1/workspaces/4463N211E000/members s=200 d=223µs s=128
INF http m=GET p=/api/v1/workspaces/4463N211E000/nodes/0/children s=200 d=598µs s=240
INF http m=GET p=/api/v1/workspaces/4463N211E000/nodes/4463N3PM0000 s=200 d=603µs s=157
INF http m=GET p=/api/v1/workspaces/4463N211E000/events s=200 d=34.4ms s=93
INF http m=POST p=/api/v1/auth/register s=200 d=103ms s=392
INF http m=GET p=/ s=200 d=56µs s=542
INF http m=GET p=/assets/index-SHhnYNGf.js s=200 d=138µs s=49792
INF http m=GET p=/assets/vendor-C3WBU0hm.js s=200 d=84µs s=29762
INF http m=GET p=/assets/editor-vendor-Bje_VwYD.js s=200 d=134µs s=117396
INF http m=GET p=/assets/index-DPQ8uk7g.css s=200 d=76µs s=12402
INF http m=GET p=/registerSW.js s=200 d=30µs s=87
INF http m=GET p=/assets/en-BOb8f2G7.js s=200 d=86µs s=5207
INF http m=GET p=/api/v1/auth/me s=200 d=203µs s=165
INF http m=GET p=/favicon.png s=200 d=38µs s=449
INF http m=GET p=/sw.js s=200 d=66µs s=5540
INF http m=GET p=/api/v1/notifications/unread-count s=200 d=147µs s=25
INF http m=GET p=/registerSW.js s=200 d=39µs s=87
INF http m=GET p=/index.html s=200 d=32µs s=542
INF http m=GET p=/icon.svg s=200 d=29µs s=195
INF http m=GET p=/icon-512.png s=200 d=46µs s=6498
INF http m=GET p=/icon-192.png s=200 d=27µs s=2468
INF http m=POST p=/api/v1/organizations s=200 d=39.1ms s=351
INF http m=GET p=/favicon.png s=200 d=18µs s=449
INF http m=GET p=/api/v1/auth/me s=200 d=176µs s=250
INF http m=GET p=/apple-touch-icon.png s=200 d=25µs s=2298
INF http m=GET p=/assets/material-symbols-names-mOXCVt15.js s=200 d=77µs s=15793
INF http m=GET p=/assets/fr-CgauyyXq.js s=200 d=77µs s=6301
INF http m=GET p=/assets/es-DHO8DnB9.js s=200 d=85µs s=6015
INF http m=GET p=/assets/emoji-groups-tsNE8Axz.js s=200 d=113µs s=13852
INF http m=GET p=/assets/de-qJeflSp6.js s=200 d=102µs s=6245
INF http m=GET p=/assets/WorkspaceSettingsPanel-CsUOm22X.css s=200 d=28µs s=1025
INF http m=GET p=/assets/WorkspaceSettingsPanel-CM5oaFTF.js s=200 d=44µs s=4443
INF http m=GET p=/assets/ServerSettingsPanel-pbgISWIv.css s=200 d=24µs s=596
INF http m=GET p=/assets/ServerSettingsPanel-C8C6nm9a.js s=200 d=24µs s=2550
INF http m=GET p=/assets/ResourceQuotaForm-DTSj8Ta5.css s=200 d=23µs s=302
INF http m=GET p=/assets/ResourceQuotaForm-D6gJNn3N.js s=200 d=19µs s=812
INF http m=GET p=/assets/ProfileSettings-rthGIjGN.js s=200 d=48µs s=4319
INF http m=GET p=/assets/ProfileSettings-D5kbNfHV.css s=200 d=20µs s=1220
INF http m=GET p=/assets/OrgSettingsPanel-BP8s6T0h.css s=200 d=21µs s=511
INF http m=GET p=/assets/OrgSettingsPanel-B78NX7Vn.js s=200 d=37µs s=2302
INF http m=GET p=/assets/InviteForm-R7w4u6kW.js s=200 d=28µs s=1267
INF http m=GET p=/assets/InviteForm-CW-wgFWD.css s=200 d=21µs s=414
INF http m=GET p=/assets/Editor-BYBWY7b1.css s=200 d=27µs s=2240
INF http m=GET p=/assets/Editor-5FlZhQpN.js s=200 d=53µs s=13509
INF http m=GET p=/assets/AdminDashboard-R0heLGro.css s=200 d=18µs s=601
INF http m=GET p=/assets/AdminDashboard-D3Sw1IyX.js s=200 d=35µs s=2075
INF http m=GET p=/manifest.webmanifest s=200 d=20µs s=199
INF http m=POST p=/api/v1/organizations/4463N7JLQ000/workspaces s=200 d=214ms s=299
INF http m=POST p=/api/v1/auth/switch-workspace s=200 d=22.4ms s=610
INF http m=GET p=/api/v1/notifications/unread-count s=200 d=149µs s=25
INF http m=GET p=/api/v1/workspaces/4463N7SA2000/nodes/0/children s=200 d=244µs s=26
INF http m=GET p=/api/v1/workspaces/4463N7SA2000/members s=200 d=203µs s=126
INF http m=POST p=/api/v1/workspaces/4463N7SA2000/nodes/0/page/create s=200 d=14.8ms s=35
INF http m=GET p=/api/v1/workspaces/4463N7SA2000/nodes/0/children s=200 d=478µs s=257
INF http m=GET p=/api/v1/workspaces/4463N7SA2000/nodes/4463N9D7C000 s=200 d=584µs s=245
INF http m=POST p=/api/v1/workspaces/4463N7SA2000/nodes/0/page/create s=200 d=17ms s=26
INF http m=GET p=/w/@4463N7SA2000+workspace/@4463N9D7C000+welcome s=200 d=34µs s=542
INF http m=GET p=/api/v1/workspaces/4463N7SA2000/events s=200 d=47.3ms s=231
INF http m=GET p=/api/v1/auth/me s=200 d=1.86ms s=351
INF http m=GET p=/api/v1/workspaces/4463N7SA2000/members s=200 d=131µs s=126
INF http m=GET p=/api/v1/notifications/unread-count s=200 d=198µs s=25
INF http m=GET p=/api/v1/workspaces/4463N7SA2000/nodes/0/children s=200 d=327µs s=237
INF http m=GET p=/api/v1/workspaces/4463N7SA2000/nodes/4463N9D7C000 s=200 d=185µs s=245
INF http m=GET p=/api/v1/workspaces/4463ME1S4000/nodes/4463MFRLQ000/page s=200 d=236µs s=129
INF http m=GET p=/api/v1/workspaces/4463N7SA2000/nodes/4463N9GSO000 s=200 d=265µs s=154
INF http m=GET p=/api/v1/workspaces/4463N7SA2000/nodes/4463N9GSO000/page s=200 d=251µs s=111
INF http m=GET p=/api/v1/workspaces/4463N7SA2000/events s=200 d=103ms s=93
INF http m=POST p=/api/v1/workspaces/4463ME1S4000/nodes/4463MFRLQ000/page s=200 d=83ms s=35
INF http m=POST p=/api/v1/workspaces/4463ME1S4000/nodes/4463MFRLQ000/page s=200 d=82.1ms s=35
INF http m=POST p=/api/v1/auth/register s=200 d=101ms s=395
INF http m=GET p=/ s=200 d=53µs s=542
INF http m=GET p=/assets/index-SHhnYNGf.js s=200 d=159µs s=49792
INF http m=GET p=/registerSW.js s=200 d=26µs s=87
INF http m=GET p=/assets/index-DPQ8uk7g.css s=200 d=79µs s=12402
INF http m=GET p=/assets/vendor-C3WBU0hm.js s=200 d=70µs s=29762
INF http m=GET p=/assets/editor-vendor-Bje_VwYD.js s=200 d=130µs s=117396
INF http m=GET p=/api/v1/auth/me s=200 d=225µs s=166
INF http m=GET p=/assets/en-BOb8f2G7.js s=200 d=63µs s=5207
INF http m=GET p=/sw.js s=200 d=76µs s=5540
INF http m=GET p=/api/v1/notifications/unread-count s=200 d=147µs s=25
INF http m=GET p=/registerSW.js s=200 d=37µs s=87
INF http m=GET p=/favicon.png s=200 d=25µs s=449
INF http m=GET p=/index.html s=200 d=25µs s=542
INF http m=GET p=/icon.svg s=200 d=24µs s=195
INF http m=GET p=/icon-512.png s=200 d=47µs s=6498
INF http m=GET p=/icon-192.png s=200 d=33µs s=2468
INF http m=GET p=/favicon.png s=200 d=20µs s=449
INF http m=GET p=/apple-touch-icon.png s=200 d=29µs s=2298
INF http m=POST p=/api/v1/organizations s=200 d=50.6ms s=352
INF http m=GET p=/api/v1/auth/me s=200 d=313µs s=251
INF http m=GET p=/assets/material-symbols-names-mOXCVt15.js s=200 d=82µs s=15793
INF http m=GET p=/assets/fr-CgauyyXq.js s=200 d=70µs s=6301
INF http m=GET p=/assets/es-DHO8DnB9.js s=200 d=55µs s=6015
INF http m=GET p=/assets/emoji-groups-tsNE8Axz.js s=200 d=84µs s=13852
INF http m=GET p=/assets/de-qJeflSp6.js s=200 d=96µs s=6245
INF http m=GET p=/assets/WorkspaceSettingsPanel-CsUOm22X.css s=200 d=23µs s=1025
INF http m=GET p=/assets/WorkspaceSettingsPanel-CM5oaFTF.js s=200 d=49µs s=4443
INF http m=GET p=/assets/ServerSettingsPanel-pbgISWIv.css s=200 d=23µs s=596
INF http m=GET p=/assets/ServerSettingsPanel-C8C6nm9a.js s=200 d=30µs s=2550
INF http m=GET p=/assets/ResourceQuotaForm-DTSj8Ta5.css s=200 d=20µs s=302
INF http m=GET p=/assets/ResourceQuotaForm-D6gJNn3N.js s=200 d=21µs s=812
INF http m=GET p=/assets/ProfileSettings-rthGIjGN.js s=200 d=85µs s=4319
INF http m=GET p=/assets/ProfileSettings-D5kbNfHV.css s=200 d=20µs s=1220
INF http m=GET p=/assets/OrgSettingsPanel-BP8s6T0h.css s=200 d=49µs s=511
INF http m=GET p=/assets/OrgSettingsPanel-B78NX7Vn.js s=200 d=29µs s=2302
INF http m=GET p=/assets/InviteForm-R7w4u6kW.js s=200 d=20µs s=1267
INF http m=GET p=/assets/InviteForm-CW-wgFWD.css s=200 d=20µs s=414
INF http m=GET p=/assets/Editor-BYBWY7b1.css s=200 d=27µs s=2240
INF http m=GET p=/assets/Editor-5FlZhQpN.js s=200 d=439µs s=13509
INF http m=GET p=/assets/AdminDashboard-R0heLGro.css s=200 d=23µs s=601
INF http m=GET p=/assets/AdminDashboard-D3Sw1IyX.js s=200 d=27µs s=2075
INF http m=GET p=/manifest.webmanifest s=200 d=24µs s=199
INF http m=POST p=/api/v1/organizations/4463ND14E000/workspaces s=200 d=207ms s=299
INF http m=POST p=/api/v1/auth/switch-workspace s=200 d=22.5ms s=582
INF http m=GET p=/api/v1/notifications/unread-count s=200 d=126µs s=25
INF http m=GET p=/api/v1/workspaces/4463NDBQK000/nodes/0/children s=200 d=237µs s=26
INF http m=GET p=/api/v1/workspaces/4463NDBQK000/members s=200 d=112µs s=132
INF http m=POST p=/api/v1/workspaces/4463NDBQK000/nodes/0/page/create s=200 d=15.2ms s=35
INF http m=GET p=/api/v1/workspaces/4463NDBQK000/nodes/0/children s=200 d=197µs s=257
INF http m=GET p=/api/v1/workspaces/4463NDBQK000/nodes/4463NER74000 s=200 d=177µs s=245
INF http m=POST p=/api/v1/workspaces/4463NDBQK000/nodes/0/page/create s=200 d=14.3ms s=26
INF http m=GET p=/w/@4463NDBQK000+workspace/@4463NER74000+welcome s=200 d=36µs s=542
INF http m=GET p=/api/v1/workspaces/4463NDBQK000/events s=200 d=56.9ms s=232
INF http m=GET p=/api/v1/auth/me s=200 d=240µs s=352
INF http m=GET p=/api/v1/notifications/unread-count s=200 d=177µs s=25
INF http m=GET p=/api/v1/workspaces/4463NDBQK000/nodes/0/children s=200 d=282µs s=340
INF http m=GET p=/api/v1/workspaces/4463NDBQK000/members s=200 d=94µs s=132
INF http m=GET p=/api/v1/workspaces/4463NDBQK000/nodes/4463NER74000 s=200 d=194µs s=245
INF http m=GET p=/api/v1/workspaces/4463NDBQK000/nodes/4463NF1PQ000 s=200 d=304µs s=233
INF http m=GET p=/api/v1/workspaces/4463NDBQK000/nodes/4463NF1PQ000/page s=200 d=143µs s=230
INF http m=GET p=/api/v1/workspaces/4463NDBQK000/events s=200 d=54.8ms s=93
INF http m=GET p=/api/v1/workspaces/4463ME1S4000/nodes/4463MFRLQ000/page s=200 d=279µs s=131
INF http m=GET p=/api/v1/workspaces/4463ME1S4000/events s=200 d=5.12s s=227
INF http m=GET p=/api/v1/workspaces/4463ME1S4000/events s=200 d=5.08s s=227
INF http m=POST p=/api/v1/auth/register s=200 d=134ms s=391
INF http m=GET p=/ s=200 d=66µs s=542
INF http m=GET p=/registerSW.js s=200 d=63µs s=87
INF http m=GET p=/assets/index-SHhnYNGf.js s=200 d=123µs s=49792
INF http m=GET p=/assets/vendor-C3WBU0hm.js s=200 d=86µs s=29762
INF http m=GET p=/assets/editor-vendor-Bje_VwYD.js s=200 d=124µs s=117396
INF http m=GET p=/assets/index-DPQ8uk7g.css s=200 d=88µs s=12402
INF http m=GET p=/api/v1/auth/me s=200 d=232µs s=167
INF http m=GET p=/assets/en-BOb8f2G7.js s=200 d=69µs s=5207
INF http m=GET p=/api/v1/notifications/unread-count s=200 d=179µs s=25
INF http m=GET p=/favicon.png s=200 d=30µs s=449
INF http m=POST p=/api/v1/auth/register s=200 d=130ms s=408
INF http m=GET p=/sw.js s=200 d=72µs s=5540
INF http m=GET p=/ s=200 d=52µs s=542
INF http m=GET p=/registerSW.js s=200 d=40µs s=87
INF http m=POST p=/api/v1/organizations s=200 d=64.1ms s=351
INF http m=GET p=/api/v1/auth/me s=200 d=151µs s=252
INF http m=GET p=/assets/index-SHhnYNGf.js s=200 d=136µs s=49792
INF http m=GET p=/assets/index-DPQ8uk7g.css s=200 d=133µs s=12402
INF http m=GET p=/assets/editor-vendor-Bje_VwYD.js s=200 d=119µs s=117396
INF http m=GET p=/index.html s=200 d=20µs s=542
INF http m=GET p=/assets/vendor-C3WBU0hm.js s=200 d=97µs s=29762
INF http m=GET p=/registerSW.js s=200 d=32µs s=87
INF http m=GET p=/icon.svg s=200 d=37µs s=195
INF http m=GET p=/icon-512.png s=200 d=75µs s=6498
INF http m=GET p=/icon-192.png s=200 d=41µs s=2468
INF http m=GET p=/favicon.png s=200 d=51µs s=449
INF http m=GET p=/apple-touch-icon.png s=200 d=86µs s=2298
INF http m=GET p=/assets/material-symbols-names-mOXCVt15.js s=200 d=167µs s=15793
INF http m=GET p=/assets/fr-CgauyyXq.js s=200 d=106µs s=6301
INF http m=GET p=/assets/es-DHO8DnB9.js s=200 d=80µs s=6015
INF http m=GET p=/assets/emoji-groups-tsNE8Axz.js s=200 d=132µs s=13852
INF http m=GET p=/api/v1/auth/me s=200 d=172µs s=175
INF http m=GET p=/assets/en-BOb8f2G7.js s=200 d=75µs s=5207
INF http m=GET p=/favicon.png s=200 d=36µs s=449
INF http m=GET p=/api/v1/notifications/unread-count s=200 d=577µs s=25
INF http m=GET p=/sw.js s=200 d=61µs s=5540
INF http m=GET p=/assets/de-qJeflSp6.js s=200 d=119µs s=6245
INF http m=GET p=/assets/WorkspaceSettingsPanel-CsUOm22X.css s=200 d=42µs s=1025
INF http m=GET p=/registerSW.js s=200 d=22µs s=87
INF http m=GET p=/assets/WorkspaceSettingsPanel-CM5oaFTF.js s=200 d=52µs s=4443
INF http m=GET p=/assets/ServerSettingsPanel-pbgISWIv.css s=200 d=54µs s=596
INF http m=GET p=/assets/ServerSettingsPanel-C8C6nm9a.js s=200 d=39µs s=2550
INF http m=GET p=/index.html s=200 d=17µs s=542
INF http m=GET p=/assets/ResourceQuotaForm-DTSj8Ta5.css s=200 d=24µs s=302
INF http m=GET p=/icon.svg s=200 d=26µs s=195
INF http m=GET p=/assets/ResourceQuotaForm-D6gJNn3N.js s=200 d=22µs s=812
INF http m=GET p=/icon-512.png s=200 d=54µs s=6498
INF http m=GET p=/assets/ProfileSettings-rthGIjGN.js s=200 d=43µs s=4319
INF http m=GET p=/icon-192.png s=200 d=37µs s=2468
INF http m=GET p=/assets/ProfileSettings-D5kbNfHV.css s=200 d=63µs s=1220
INF http m=GET p=/favicon.png s=200 d=39µs s=449
INF http m=GET p=/assets/OrgSettingsPanel-BP8s6T0h.css s=200 d=21µs s=511
INF http m=GET p=/apple-touch-icon.png s=200 d=27µs s=2298
INF http m=GET p=/assets/OrgSettingsPanel-B78NX7Vn.js s=200 d=28µs s=2302
INF http m=GET p=/assets/InviteForm-R7w4u6kW.js s=200 d=29µs s=1267
INF http m=GET p=/assets/InviteForm-CW-wgFWD.css s=200 d=27µs s=414
INF http m=GET p=/assets/Editor-BYBWY7b1.css s=200 d=25µs s=2240
INF http m=GET p=/assets/material-symbols-names-mOXCVt15.js s=200 d=608µs s=15793
INF http m=GET p=/assets/Editor-5FlZhQpN.js s=200 d=48µs s=13509
INF http m=GET p=/assets/AdminDashboard-R0heLGro.css s=200 d=21µs s=601
INF http m=GET p=/assets/AdminDashboard-D3Sw1IyX.js s=200 d=33µs s=2075
INF http m=GET p=/manifest.webmanifest s=200 d=27µs s=199
INF http m=GET p=/assets/fr-CgauyyXq.js s=200 d=76µs s=6301
INF http m=GET p=/assets/es-DHO8DnB9.js s=200 d=52µs s=6015
INF http m=GET p=/assets/emoji-groups-tsNE8Axz.js s=200 d=255µs s=13852
INF http m=GET p=/assets/de-qJeflSp6.js s=200 d=69µs s=6245
INF http m=GET p=/assets/WorkspaceSettingsPanel-CsUOm22X.css s=200 d=34µs s=1025
INF http m=GET p=/assets/WorkspaceSettingsPanel-CM5oaFTF.js s=200 d=84µs s=4443
INF http m=GET p=/assets/ServerSettingsPanel-pbgISWIv.css s=200 d=24µs s=596
INF http m=GET p=/assets/ServerSettingsPanel-C8C6nm9a.js s=200 d=26µs s=2550
INF http m=GET p=/assets/ResourceQuotaForm-DTSj8Ta5.css s=200 d=35µs s=302
INF http m=GET p=/assets/ResourceQuotaForm-D6gJNn3N.js s=200 d=21µs s=812
INF http m=GET p=/assets/ProfileSettings-rthGIjGN.js s=200 d=49µs s=4319
INF http m=GET p=/assets/ProfileSettings-D5kbNfHV.css s=200 d=28µs s=1220
INF http m=POST p=/api/v1/organizations/4463NIP48000/workspaces s=200 d=438ms s=301
INF http m=GET p=/assets/OrgSettingsPanel-BP8s6T0h.css s=200 d=25µs s=511
INF http m=POST p=/api/v1/organizations s=200 d=241ms s=360
INF http m=GET p=/api/v1/auth/me s=200 d=2.02ms s=261
INF http m=GET p=/assets/OrgSettingsPanel-B78NX7Vn.js s=200 d=71µs s=2302
INF http m=GET p=/assets/InviteForm-R7w4u6kW.js s=200 d=28µs s=1267
INF http m=GET p=/assets/InviteForm-CW-wgFWD.css s=200 d=26µs s=414
INF http m=GET p=/assets/Editor-BYBWY7b1.css s=200 d=27µs s=2240
INF http m=GET p=/assets/Editor-5FlZhQpN.js s=200 d=90µs s=13509
INF http m=GET p=/assets/AdminDashboard-R0heLGro.css s=200 d=31µs s=601
INF http m=POST p=/api/v1/auth/switch-workspace s=200 d=36.8ms s=575
INF http m=GET p=/assets/AdminDashboard-D3Sw1IyX.js s=200 d=59µs s=2075
INF http m=GET p=/manifest.webmanifest s=200 d=23µs s=199
INF http m=GET p=/api/v1/notifications/unread-count s=200 d=148µs s=25
INF http m=GET p=/api/v1/workspaces/4463NJ7PK000/nodes/0/children s=200 d=2.37ms s=26
INF http m=GET p=/api/v1/workspaces/4463NJ7PK000/members s=200 d=2.92ms s=128
INF http m=POST p=/api/v1/organizations/4463NKFKI000/workspaces s=200 d=212ms s=311
INF http m=POST p=/api/v1/workspaces/4463NJ7PK000/nodes/0/page/create s=200 d=159ms s=35
INF http m=GET p=/api/v1/workspaces/4463NJ7PK000/nodes/0/children s=200 d=460µs s=257
INF http m=GET p=/api/v1/workspaces/4463NJ7PK000/nodes/4463NMCGE000 s=200 d=586µs s=245
INF http m=POST p=/api/v1/auth/switch-workspace s=200 d=27.6ms s=657
INF http m=GET p=/api/v1/notifications/unread-count s=200 d=170µs s=25
INF http m=GET p=/api/v1/workspaces/4463NM1BQ000/nodes/0/children s=200 d=234µs s=26
INF http m=GET p=/api/v1/workspaces/4463NM1BQ000/members s=200 d=532µs s=126
INF http m=POST p=/api/v1/workspaces/4463NM1BQ000/nodes/0/page/create s=200 d=18.6ms s=35
INF http m=GET p=/api/v1/workspaces/4463NM1BQ000/nodes/0/children s=200 d=319µs s=257
INF http m=GET p=/api/v1/workspaces/4463NM1BQ000/nodes/4463NNJ24000 s=200 d=1.1ms s=245
INF http m=POST p=/api/v1/workspaces/4463NJ7PK000/nodes/0/page/create s=200 d=13.1ms s=26
INF http m=GET p=/w/@4463NJ7PK000+workspace/@4463NMCGE000+welcome s=200 d=34µs s=542
INF http m=GET p=/api/v1/workspaces/4463NJ7PK000/events s=200 d=318ms s=233
INF http m=GET p=/api/v1/auth/me s=200 d=272µs s=354
INF http m=GET p=/api/v1/notifications/unread-count s=200 d=421µs s=25
INF http m=GET p=/api/v1/workspaces/4463NJ7PK000/members s=200 d=457µs s=128
INF http m=GET p=/api/v1/workspaces/4463NJ7PK000/nodes/0/children s=200 d=752µs s=321
INF http m=GET p=/api/v1/workspaces/4463NJ7PK000/nodes/4463NMCGE000 s=200 d=618µs s=245
INF http m=GET p=/api/v1/workspaces/4463NJ7PK000/nodes/4463NO448000 s=200 d=819µs s=273
INF http m=GET p=/api/v1/workspaces/4463NJ7PK000/events s=200 d=92.4ms s=93
INF http m=POST p=/api/v1/workspaces/4463NM1BQ000/nodes/0/page/create s=200 d=30.9ms s=26
INF http m=GET p=/w/@4463NM1BQ000+workspace/@4463NNJ24000+welcome s=200 d=50µs s=542
INF http m=GET p=/api/v1/workspaces/4463NM1BQ000/events s=200 d=418ms s=232
INF http m=POST p=/api/v1/auth/register s=200 d=135ms s=419
INF http m=GET p=/api/v1/auth/me s=200 d=592µs s=364
INF http m=GET p=/ s=200 d=57µs s=542
INF http m=GET p=/registerSW.js s=200 d=54µs s=87
INF http m=GET p=/assets/vendor-C3WBU0hm.js s=200 d=161µs s=29762
INF http m=GET p=/assets/index-SHhnYNGf.js s=200 d=92µs s=49792
INF http m=GET p=/assets/index-DPQ8uk7g.css s=200 d=78µs s=12402
INF http m=GET p=/assets/editor-vendor-Bje_VwYD.js s=200 d=154µs s=117396
INF http m=GET p=/api/v1/workspaces/4463NM1BQ000/nodes/4463NNJ24000 s=200 d=8.88ms s=245
INF http m=GET p=/api/v1/workspaces/4463NM1BQ000/members s=200 d=6.13ms s=126
INF http m=GET p=/api/v1/workspaces/4463NM1BQ000/nodes/0/children s=200 d=6.03ms s=251
INF http m=GET p=/api/v1/notifications/unread-count s=200 d=6.67ms s=25
INF http m=GET p=/api/v1/auth/me s=200 d=239µs s=174
INF http m=GET p=/assets/en-BOb8f2G7.js s=200 d=116µs s=5207
INF http m=GET p=/favicon.png s=200 d=43µs s=449
INF http m=GET p=/api/v1/notifications/unread-count s=200 d=136µs s=25
INF http m=GET p=/api/v1/workspaces/4463NM1BQ000/nodes/4463NPOBG000 s=200 d=243µs s=170
INF http m=GET p=/sw.js s=200 d=79µs s=5540
INF http m=GET p=/registerSW.js s=200 d=38µs s=87
INF http m=POST p=/api/v1/organizations s=200 d=56.1ms s=359
INF http m=GET p=/api/v1/auth/me s=200 d=516µs s=261
INF http m=GET p=/index.html s=200 d=27µs s=542
INF http m=GET p=/icon.svg s=200 d=21µs s=195
INF http m=GET p=/icon-512.png s=200 d=129µs s=6498
INF http m=GET p=/icon-192.png s=200 d=47µs s=2468
INF http m=GET p=/favicon.png s=200 d=38µs s=449
INF http m=GET p=/apple-touch-icon.png s=200 d=32µs s=2298
INF http m=GET p=/assets/material-symbols-names-mOXCVt15.js s=200 d=134µs s=15793
INF http m=GET p=/assets/fr-CgauyyXq.js s=200 d=74µs s=6301
INF http m=GET p=/assets/es-DHO8DnB9.js s=200 d=70µs s=6015
INF http m=GET p=/assets/emoji-groups-tsNE8Axz.js s=200 d=124µs s=13852
INF http m=GET p=/assets/de-qJeflSp6.js s=200 d=80µs s=6245
INF http m=GET p=/assets/WorkspaceSettingsPanel-CsUOm22X.css s=200 d=28µs s=1025
INF http m=GET p=/assets/WorkspaceSettingsPanel-CM5oaFTF.js s=200 d=47µs s=4443
INF http m=GET p=/assets/ServerSettingsPanel-pbgISWIv.css s=200 d=25µs s=596
INF http m=GET p=/assets/ServerSettingsPanel-C8C6nm9a.js s=200 d=34µs s=2550
INF http m=GET p=/assets/ResourceQuotaForm-DTSj8Ta5.css s=200 d=21µs s=302
INF http m=GET p=/assets/ResourceQuotaForm-D6gJNn3N.js s=200 d=28µs s=812
INF http m=GET p=/assets/ProfileSettings-rthGIjGN.js s=200 d=46µs s=4319
INF http m=GET p=/assets/ProfileSettings-D5kbNfHV.css s=200 d=23µs s=1220
INF http m=GET p=/assets/OrgSettingsPanel-BP8s6T0h.css s=200 d=27µs s=511
INF http m=GET p=/assets/OrgSettingsPanel-B78NX7Vn.js s=200 d=26µs s=2302
INF http m=GET p=/assets/InviteForm-R7w4u6kW.js s=200 d=28µs s=1267
INF http m=GET p=/assets/InviteForm-CW-wgFWD.css s=200 d=27µs s=414
INF http m=GET p=/assets/Editor-BYBWY7b1.css s=200 d=26µs s=2240
INF http m=GET p=/assets/Editor-5FlZhQpN.js s=200 d=78µs s=13509
INF http m=GET p=/assets/AdminDashboard-R0heLGro.css s=200 d=26µs s=601
INF http m=GET p=/assets/AdminDashboard-D3Sw1IyX.js s=200 d=28µs s=2075
INF http m=GET p=/manifest.webmanifest s=200 d=22µs s=199
INF http m=GET p=/api/v1/workspaces/4463NM1BQ000/events s=200 d=355ms s=93
INF http m=POST p=/api/v1/organizations/4463NRN1S000/workspaces s=200 d=327ms s=308
INF http m=POST p=/api/v1/auth/switch-workspace s=200 d=64.4ms s=575
INF http m=GET p=/api/v1/notifications/unread-count s=200 d=1.7ms s=25
INF http m=GET p=/api/v1/workspaces/4463NS37U000/members s=200 d=2.13ms s=125
INF http m=GET p=/api/v1/workspaces/4463NS37U000/nodes/0/children s=200 d=26.7ms s=26
INF http m=POST p=/api/v1/auth/register s=200 d=148ms s=407
INF http m=POST p=/api/v1/workspaces/4463NS37U000/nodes/0/page/create s=200 d=57.7ms s=35
INF http m=GET p=/ s=200 d=61µs s=542
INF http m=GET p=/api/v1/workspaces/4463NS37U000/nodes/0/children s=200 d=324µs s=257
INF http m=GET p=/api/v1/workspaces/4463NS37U000/nodes/4463NUQS0000 s=200 d=590µs s=245
INF http m=GET p=/registerSW.js s=200 d=31µs s=87
INF http m=GET p=/assets/index-SHhnYNGf.js s=200 d=133µs s=49792
INF http m=GET p=/assets/vendor-C3WBU0hm.js s=200 d=93µs s=29762
INF http m=GET p=/assets/editor-vendor-Bje_VwYD.js s=200 d=127µs s=117396
INF http m=GET p=/assets/index-DPQ8uk7g.css s=200 d=812µs s=12402
INF http m=GET p=/api/v1/auth/me s=200 d=561µs s=173
INF http m=GET p=/assets/en-BOb8f2G7.js s=200 d=63µs s=5207
INF http m=GET p=/favicon.png s=200 d=171µs s=449
INF http m=GET p=/sw.js s=200 d=71µs s=5540
INF http m=GET p=/api/v1/notifications/unread-count s=200 d=459µs s=25
INF http m=GET p=/registerSW.js s=200 d=30µs s=87
INF http m=GET p=/index.html s=200 d=38µs s=542
INF http m=GET p=/icon.svg s=200 d=42µs s=195
INF http m=GET p=/icon-512.png s=200 d=78µs s=6498
INF http m=GET p=/icon-192.png s=200 d=64µs s=2468
INF http m=GET p=/favicon.png s=200 d=26µs s=449
INF http m=GET p=/apple-touch-icon.png s=200 d=26µs s=2298
INF http m=POST p=/api/v1/organizations s=200 d=48.2ms s=355
INF http m=GET p=/api/v1/auth/me s=200 d=1.4ms s=257
INF http m=GET p=/assets/material-symbols-names-mOXCVt15.js s=200 d=107µs s=15793
INF http m=GET p=/assets/fr-CgauyyXq.js s=200 d=70µs s=6301
INF http m=GET p=/assets/es-DHO8DnB9.js s=200 d=49µs s=6015
INF http m=GET p=/assets/emoji-groups-tsNE8Axz.js s=200 d=89µs s=13852
INF http m=GET p=/assets/de-qJeflSp6.js s=200 d=61µs s=6245
INF http m=GET p=/assets/WorkspaceSettingsPanel-CsUOm22X.css s=200 d=25µs s=1025
INF http m=GET p=/assets/WorkspaceSettingsPanel-CM5oaFTF.js s=200 d=84µs s=4443
INF http m=GET p=/assets/ServerSettingsPanel-pbgISWIv.css s=200 d=23µs s=596
INF http m=GET p=/assets/ServerSettingsPanel-C8C6nm9a.js s=200 d=28µs s=2550
INF http m=GET p=/assets/ResourceQuotaForm-DTSj8Ta5.css s=200 d=22µs s=302
INF http m=GET p=/assets/ResourceQuotaForm-D6gJNn3N.js s=200 d=29µs s=812
INF http m=GET p=/assets/ProfileSettings-rthGIjGN.js s=200 d=47µs s=4319
INF http m=GET p=/assets/ProfileSettings-D5kbNfHV.css s=200 d=20µs s=1220
INF http m=GET p=/assets/OrgSettingsPanel-BP8s6T0h.css s=200 d=18µs s=511
INF http m=GET p=/assets/OrgSettingsPanel-B78NX7Vn.js s=200 d=83µs s=2302
INF http m=GET p=/assets/InviteForm-R7w4u6kW.js s=200 d=17µs s=1267
INF http m=GET p=/assets/InviteForm-CW-wgFWD.css s=200 d=16µs s=414
INF http m=GET p=/assets/Editor-BYBWY7b1.css s=200 d=28µs s=2240
INF http m=GET p=/assets/Editor-5FlZhQpN.js s=200 d=75µs s=13509
INF http m=GET p=/assets/AdminDashboard-R0heLGro.css s=200 d=23µs s=601
INF http m=GET p=/assets/AdminDashboard-D3Sw1IyX.js s=200 d=29µs s=2075
INF http m=GET p=/manifest.webmanifest s=200 d=19µs s=199
INF http m=POST p=/api/v1/organizations/4463O05F0000/workspaces s=200 d=211ms s=303
INF http m=POST p=/api/v1/workspaces/4463NS37U000/nodes/0/page/create s=200 d=178ms s=26
INF http m=GET p=/w/@4463NS37U000+workspace/@4463NUQS0000+welcome s=200 d=35µs s=542
INF http m=GET p=/api/v1/workspaces/4463NS37U000/events s=200 d=561ms s=229
INF http m=POST p=/api/v1/auth/switch-workspace s=200 d=53.4ms s=580
INF http m=GET p=/api/v1/workspaces/4463O0H3K000/members s=200 d=207µs s=123
INF http m=GET p=/api/v1/notifications/unread-count s=200 d=93µs s=25
INF http m=GET p=/api/v1/workspaces/4463O0H3K000/nodes/0/children s=200 d=215µs s=26
INF http m=GET p=/api/v1/auth/me s=200 d=174µs s=361
INF http m=POST p=/api/v1/workspaces/4463O0H3K000/nodes/0/page/create s=200 d=22.3ms s=35
INF http m=GET p=/api/v1/workspaces/4463O0H3K000/nodes/0/children s=200 d=218µs s=257
INF http m=GET p=/api/v1/workspaces/4463O0H3K000/nodes/4463O2AAA000 s=200 d=222µs s=245
INF http m=GET p=/api/v1/notifications/unread-count s=200 d=106µs s=25
INF http m=GET p=/api/v1/workspaces/4463NS37U000/nodes/0/children s=200 d=250µs s=252
INF http m=GET p=/api/v1/workspaces/4463NS37U000/nodes/4463NUQS0000 s=200 d=545µs s=245
INF http m=GET p=/api/v1/workspaces/4463NS37U000/members s=200 d=435µs s=125
INF http m=GET p=/api/v1/workspaces/4463NS37U000/nodes/4463O0SDO000 s=200 d=261µs s=172
INF http m=GET p=/api/v1/workspaces/4463NS37U000/events s=200 d=134ms s=93
INF http m=POST p=/api/v1/auth/register s=200 d=104ms s=408
INF http m=GET p=/ s=200 d=65µs s=542
INF http m=GET p=/assets/index-SHhnYNGf.js s=200 d=158µs s=49792
INF http m=GET p=/assets/index-DPQ8uk7g.css s=200 d=98µs s=12402
INF http m=GET p=/assets/editor-vendor-Bje_VwYD.js s=200 d=120µs s=117396
INF http m=GET p=/registerSW.js s=200 d=30µs s=87
INF http m=GET p=/assets/vendor-C3WBU0hm.js s=200 d=88µs s=29762
INF http m=POST p=/api/v1/workspaces/4463O0H3K000/nodes/0/page/create s=200 d=18.3ms s=26
INF http m=GET p=/w/@4463O0H3K000+workspace/@4463O2AAA000+welcome s=200 d=45µs s=542
INF http m=GET p=/api/v1/workspaces/4463O0H3K000/events s=200 d=522ms s=231
INF http m=GET p=/api/v1/auth/me s=200 d=1.08ms s=172
INF http m=GET p=/assets/en-BOb8f2G7.js s=200 d=63µs s=5207
INF http m=GET p=/favicon.png s=200 d=41µs s=449
INF http m=GET p=/api/v1/notifications/unread-count s=200 d=110µs s=25
INF http m=GET p=/sw.js s=200 d=87µs s=5540
INF http m=GET p=/api/v1/auth/me s=200 d=2.82ms s=360
INF http m=GET p=/registerSW.js s=200 d=51µs s=87
INF http m=POST p=/api/v1/organizations s=200 d=37.8ms s=355
INF http m=GET p=/api/v1/auth/me s=200 d=526µs s=254
INF http m=GET p=/index.html s=200 d=27µs s=542
INF http m=GET p=/icon.svg s=200 d=25µs s=195
INF http m=GET p=/api/v1/workspaces/4463O0H3K000/members s=200 d=187µs s=123
INF http m=GET p=/icon-512.png s=200 d=78µs s=6498
INF http m=GET p=/api/v1/notifications/unread-count s=200 d=2.44ms s=25
INF http m=GET p=/api/v1/workspaces/4463O0H3K000/nodes/4463O2AAA000 s=200 d=235µs s=245
INF http m=GET p=/icon-192.png s=200 d=45µs s=2468
INF http m=GET p=/api/v1/workspaces/4463O0H3K000/nodes/0/children s=200 d=7.75ms s=257
INF http m=GET p=/favicon.png s=200 d=52µs s=449
INF http m=GET p=/apple-touch-icon.png s=200 d=82µs s=2298
INF http m=GET p=/assets/material-symbols-names-mOXCVt15.js s=200 d=454µs s=15793
INF http m=GET p=/assets/fr-CgauyyXq.js s=200 d=74µs s=6301
INF http m=GET p=/assets/es-DHO8DnB9.js s=200 d=566µs s=6015
INF http m=GET p=/api/v1/workspaces/4463O0H3K000/nodes/4463O57IQ000 s=200 d=288µs s=150
INF http m=GET p=/assets/emoji-groups-tsNE8Axz.js s=200 d=65µs s=13852
INF http m=GET p=/assets/de-qJeflSp6.js s=200 d=553µs s=6245
INF http m=GET p=/assets/WorkspaceSettingsPanel-CsUOm22X.css s=200 d=28µs s=1025
INF http m=GET p=/assets/WorkspaceSettingsPanel-CM5oaFTF.js s=200 d=43µs s=4443
INF http m=GET p=/assets/ServerSettingsPanel-pbgISWIv.css s=200 d=31µs s=596
INF http m=GET p=/assets/ServerSettingsPanel-C8C6nm9a.js s=200 d=32µs s=2550
INF http m=GET p=/assets/ResourceQuotaForm-DTSj8Ta5.css s=200 d=29µs s=302
INF http m=GET p=/assets/ResourceQuotaForm-D6gJNn3N.js s=200 d=20µs s=812
INF http m=GET p=/assets/ProfileSettings-rthGIjGN.js s=200 d=80µs s=4319
INF http m=GET p=/assets/ProfileSettings-D5kbNfHV.css s=200 d=23µs s=1220
INF http m=GET p=/assets/OrgSettingsPanel-BP8s6T0h.css s=200 d=23µs s=511
INF http m=GET p=/assets/OrgSettingsPanel-B78NX7Vn.js s=200 d=52µs s=2302
INF http m=GET p=/assets/InviteForm-R7w4u6kW.js s=200 d=26µs s=1267
INF http m=GET p=/api/v1/workspaces/4463O0H3K000/events s=200 d=158ms s=93
INF http m=GET p=/assets/InviteForm-CW-wgFWD.css s=200 d=22µs s=414
INF http m=GET p=/assets/Editor-BYBWY7b1.css s=200 d=43µs s=2240
INF http m=GET p=/assets/Editor-5FlZhQpN.js s=200 d=97µs s=13509
INF http m=GET p=/assets/AdminDashboard-R0heLGro.css s=200 d=42µs s=601
INF http m=GET p=/assets/AdminDashboard-D3Sw1IyX.js s=200 d=49µs s=2075
INF http m=GET p=/manifest.webmanifest s=200 d=25µs s=199
INF http m=POST p=/api/v1/organizations/4463O5R0O000/workspaces s=200 d=317ms s=306
INF http m=POST p=/api/v1/auth/switch-workspace s=200 d=41.9ms s=650
INF http m=GET p=/api/v1/notifications/unread-count s=200 d=163µs s=25
INF http m=GET p=/api/v1/workspaces/4463O64GQ000/nodes/0/children s=200 d=267µs s=26
INF http m=GET p=/api/v1/workspaces/4463O64GQ000/members s=200 d=358µs s=123
INF http m=POST p=/api/v1/auth/register s=200 d=132ms s=408
INF http m=GET p=/ s=200 d=71µs s=542
INF http m=POST p=/api/v1/workspaces/4463O64GQ000/nodes/0/page/create s=200 d=64.6ms s=35
INF http m=GET p=/api/v1/workspaces/4463O64GQ000/nodes/0/children s=200 d=306µs s=257
INF http m=GET p=/api/v1/workspaces/4463O64GQ000/nodes/4463O8IGO000 s=200 d=227µs s=245
INF http m=GET p=/assets/index-SHhnYNGf.js s=200 d=138µs s=49792
INF http m=GET p=/registerSW.js s=200 d=50µs s=87
INF http m=GET p=/assets/vendor-C3WBU0hm.js s=200 d=122µs s=29762
INF http m=GET p=/assets/index-DPQ8uk7g.css s=200 d=77µs s=12402
INF http m=GET p=/assets/editor-vendor-Bje_VwYD.js s=200 d=147µs s=117396
INF http m=GET p=/assets/en-BOb8f2G7.js s=200 d=68µs s=5207
INF http m=GET p=/api/v1/auth/me s=200 d=517µs s=171
INF http m=GET p=/favicon.png s=200 d=54µs s=449
INF http m=GET p=/api/v1/notifications/unread-count s=200 d=587µs s=25
INF http m=GET p=/sw.js s=200 d=54µs s=5540
INF http m=GET p=/registerSW.js s=200 d=40µs s=87
INF http m=GET p=/index.html s=200 d=40µs s=542
INF http m=GET p=/icon.svg s=200 d=30µs s=195
INF http m=POST p=/api/v1/organizations s=200 d=54ms s=357
INF http m=GET p=/api/v1/auth/me s=200 d=459µs s=255
INF http m=GET p=/icon-512.png s=200 d=66µs s=6498
INF http m=GET p=/icon-192.png s=200 d=31µs s=2468
INF http m=GET p=/favicon.png s=200 d=73µs s=449
INF http m=GET p=/apple-touch-icon.png s=200 d=27µs s=2298
INF http m=GET p=/assets/material-symbols-names-mOXCVt15.js s=200 d=278µs s=15793
INF http m=GET p=/assets/fr-CgauyyXq.js s=200 d=81µs s=6301
INF http m=GET p=/assets/es-DHO8DnB9.js s=200 d=61µs s=6015
INF http m=GET p=/assets/emoji-groups-tsNE8Axz.js s=200 d=96µs s=13852
INF http m=GET p=/assets/de-qJeflSp6.js s=200 d=142µs s=6245
INF http m=GET p=/assets/WorkspaceSettingsPanel-CsUOm22X.css s=200 d=23µs s=1025
INF http m=GET p=/assets/WorkspaceSettingsPanel-CM5oaFTF.js s=200 d=84µs s=4443
INF http m=GET p=/assets/ServerSettingsPanel-pbgISWIv.css s=200 d=26µs s=596
INF http m=GET p=/assets/ServerSettingsPanel-C8C6nm9a.js s=200 d=30µs s=2550
INF http m=GET p=/assets/ResourceQuotaForm-DTSj8Ta5.css s=200 d=24µs s=302
INF http m=GET p=/assets/ResourceQuotaForm-D6gJNn3N.js s=200 d=21µs s=812
INF http m=GET p=/assets/ProfileSettings-rthGIjGN.js s=200 d=48µs s=4319
INF http m=GET p=/assets/ProfileSettings-D5kbNfHV.css s=200 d=21µs s=1220
INF http m=GET p=/assets/OrgSettingsPanel-BP8s6T0h.css s=200 d=20µs s=511
INF http m=GET p=/assets/OrgSettingsPanel-B78NX7Vn.js s=200 d=27µs s=2302
INF http m=GET p=/assets/InviteForm-R7w4u6kW.js s=200 d=22µs s=1267
INF http m=GET p=/assets/InviteForm-CW-wgFWD.css s=200 d=27µs s=414
INF http m=GET p=/assets/Editor-BYBWY7b1.css s=200 d=25µs s=2240
INF http m=GET p=/assets/Editor-5FlZhQpN.js s=200 d=94µs s=13509
INF http m=GET p=/assets/AdminDashboard-R0heLGro.css s=200 d=20µs s=601
INF http m=GET p=/assets/AdminDashboard-D3Sw1IyX.js s=200 d=29µs s=2075
INF http m=GET p=/manifest.webmanifest s=200 d=24µs s=199
INF http m=POST p=/api/v1/workspaces/4463O64GQ000/nodes/0/table/create s=200 d=98.2ms s=26
INF http m=POST p=/api/v1/organizations/4463O9UGI000/workspaces s=200 d=236ms s=306
INF http m=POST p=/api/v1/auth/switch-workspace s=200 d=25.3ms s=572
INF http m=POST p=/api/v1/workspaces/4463O64GQ000/nodes/4463OB4D0000/table/records/create s=200 d=33.4ms s=26
INF http m=GET p=/api/v1/notifications/unread-count s=200 d=250µs s=25
INF http m=GET p=/api/v1/workspaces/4463OAA7S000/nodes/0/children s=200 d=216µs s=26
INF http m=GET p=/api/v1/workspaces/4463OAA7S000/members s=200 d=152µs s=123
INF http m=GET p=/w/@4463O64GQ000+workspace/@4463O8IGO000+welcome s=200 d=29µs s=542
INF http m=GET p=/api/v1/workspaces/4463O64GQ000/events s=200 d=583ms s=283
INF http m=POST p=/api/v1/workspaces/4463OAA7S000/nodes/0/page/create s=200 d=24.6ms s=35
INF http m=GET p=/api/v1/workspaces/4463OAA7S000/nodes/0/children s=200 d=208µs s=257
INF http m=GET p=/api/v1/workspaces/4463OAA7S000/nodes/4463OC3DQ000 s=200 d=183µs s=245
INF http m=GET p=/api/v1/auth/me s=200 d=752µs s=355
INF http m=GET p=/api/v1/notifications/unread-count s=200 d=167µs s=25
INF http m=GET p=/api/v1/workspaces/4463O64GQ000/nodes/0/children s=200 d=4.5ms s=360
INF http m=GET p=/api/v1/workspaces/4463O64GQ000/nodes/4463O8IGO000 s=200 d=4.37ms s=245
INF http m=GET p=/api/v1/workspaces/4463O64GQ000/members s=200 d=4.73ms s=123
INF http m=GET p=/api/v1/workspaces/4463OAA7S000/events s=200 d=131ms s=207
INF http m=GET p=/api/v1/workspaces/4463O64GQ000/nodes/4463OB4D0000 s=200 d=370µs s=224
INF http m=GET p=/api/v1/workspaces/4463O64GQ000/nodes/4463OB4D0000/table/records s=200 d=1.2ms s=127
INF http m=POST p=/api/v1/auth/register s=200 d=111ms s=422
INF http m=GET p=/ s=200 d=59µs s=542
INF http m=GET p=/assets/index-SHhnYNGf.js s=200 d=232µs s=49792
INF http m=GET p=/assets/index-DPQ8uk7g.css s=200 d=83µs s=12402
INF http m=GET p=/assets/vendor-C3WBU0hm.js s=200 d=118µs s=29762
INF http m=GET p=/assets/editor-vendor-Bje_VwYD.js s=200 d=122µs s=117396
INF http m=GET p=/registerSW.js s=200 d=29µs s=87
INF http m=GET p=/api/v1/auth/me s=200 d=241µs s=178
INF http m=GET p=/assets/en-BOb8f2G7.js s=200 d=58µs s=5207
INF http m=GET p=/favicon.png s=200 d=45µs s=449
INF http m=GET p=/api/v1/notifications/unread-count s=200 d=169µs s=25
INF http m=GET p=/sw.js s=200 d=99µs s=5540
INF http m=GET p=/registerSW.js s=200 d=40µs s=87
INF http m=GET p=/index.html s=200 d=31µs s=542
INF http m=GET p=/icon.svg s=200 d=302µs s=195
INF http m=GET p=/icon-512.png s=200 d=82µs s=6498
INF http m=POST p=/api/v1/organizations s=200 d=45.6ms s=363
INF http m=GET p=/api/v1/auth/me s=200 d=446µs s=262
INF http m=GET p=/icon-192.png s=200 d=35µs s=2468
INF http m=GET p=/favicon.png s=200 d=19µs s=449
INF http m=GET p=/apple-touch-icon.png s=200 d=24µs s=2298
INF http m=GET p=/assets/material-symbols-names-mOXCVt15.js s=200 d=89µs s=15793
INF http m=POST p=/api/v1/workspaces/4463O64GQ000/nodes/4463OB4D0000/table/records/4463OBNV2000 s=200 d=51.4ms s=35
INF http m=GET p=/assets/fr-CgauyyXq.js s=200 d=75µs s=6301
INF http m=GET p=/assets/es-DHO8DnB9.js s=200 d=85µs s=6015
INF http m=GET p=/api/v1/workspaces/4463O64GQ000/nodes/4463OB4D0000/table/records s=200 d=562µs s=161
INF http m=GET p=/assets/emoji-groups-tsNE8Axz.js s=200 d=89µs s=13852
INF http m=GET p=/assets/de-qJeflSp6.js s=200 d=84µs s=6245
INF http m=GET p=/assets/WorkspaceSettingsPanel-CsUOm22X.css s=200 d=32µs s=1025
INF http m=GET p=/assets/WorkspaceSettingsPanel-CM5oaFTF.js s=200 d=46µs s=4443
INF http m=GET p=/assets/ServerSettingsPanel-pbgISWIv.css s=200 d=33µs s=596
INF http m=GET p=/assets/ServerSettingsPanel-C8C6nm9a.js s=200 d=43µs s=2550
INF http m=GET p=/assets/ResourceQuotaForm-DTSj8Ta5.css s=200 d=19µs s=302
INF http m=GET p=/assets/ResourceQuotaForm-D6gJNn3N.js s=200 d=25µs s=812
INF http m=GET p=/assets/ProfileSettings-rthGIjGN.js s=200 d=58µs s=4319
INF http m=GET p=/assets/ProfileSettings-D5kbNfHV.css s=200 d=45µs s=1220
INF http m=GET p=/api/v1/workspaces/4463O64GQ000/events s=200 d=636ms s=216
INF http m=GET p=/assets/OrgSettingsPanel-BP8s6T0h.css s=200 d=33µs s=511
INF http m=GET p=/assets/OrgSettingsPanel-B78NX7Vn.js s=200 d=39µs s=2302
INF http m=GET p=/assets/InviteForm-R7w4u6kW.js s=200 d=35µs s=1267
INF http m=GET p=/assets/InviteForm-CW-wgFWD.css s=200 d=28µs s=414
INF http m=GET p=/assets/Editor-BYBWY7b1.css s=200 d=44µs s=2240
INF http m=GET p=/assets/Editor-5FlZhQpN.js s=200 d=64µs s=13509
INF http m=GET p=/assets/AdminDashboard-R0heLGro.css s=200 d=106µs s=601
INF http m=GET p=/assets/AdminDashboard-D3Sw1IyX.js s=200 d=36µs s=2075
INF http m=GET p=/manifest.webmanifest s=200 d=32µs s=199
INF http m=POST p=/api/v1/organizations/4463OFC8U000/workspaces s=200 d=336ms s=310
INF http m=POST p=/api/v1/workspaces/4463O64GQ000/nodes/4463OB4D0000/table/records/4463OBNV2000 s=200 d=274ms s=35
INF http m=POST p=/api/v1/auth/switch-workspace s=200 d=74.7ms s=582
INF http m=POST p=/api/v1/auth/register s=200 d=146ms s=399
INF http m=GET p=/ s=200 d=68µs s=542
INF http m=GET p=/api/v1/notifications/unread-count s=200 d=96µs s=25
INF http m=GET p=/api/v1/workspaces/4463OFMUE000/nodes/0/children s=200 d=667µs s=26
INF http m=GET p=/api/v1/workspaces/4463OFMUE000/members s=200 d=2.48ms s=129
INF http m=GET p=/assets/index-SHhnYNGf.js s=200 d=132µs s=49792
INF http m=GET p=/assets/index-DPQ8uk7g.css s=200 d=93µs s=12402
INF http m=GET p=/registerSW.js s=200 d=58µs s=87
INF http m=GET p=/assets/vendor-C3WBU0hm.js s=200 d=93µs s=29762
INF http m=GET p=/assets/editor-vendor-Bje_VwYD.js s=200 d=105µs s=117396
INF http m=POST p=/api/v1/workspaces/4463OFMUE000/nodes/0/page/create s=200 d=41ms s=35
INF http m=GET p=/api/v1/workspaces/4463OFMUE000/nodes/0/children s=200 d=331µs s=257
INF http m=GET p=/api/v1/workspaces/4463OFMUE000/nodes/4463OIGJQ000 s=200 d=232µs s=245
INF http m=GET p=/api/v1/auth/me s=200 d=215µs s=174
INF http m=GET p=/assets/en-BOb8f2G7.js s=200 d=71µs s=5207
INF http m=GET p=/api/v1/notifications/unread-count s=200 d=222µs s=25
INF http m=GET p=/favicon.png s=200 d=31µs s=449
INF http m=GET p=/sw.js s=200 d=65µs s=5540
INF http m=GET p=/registerSW.js s=200 d=44µs s=87
INF http m=GET p=/index.html s=200 d=27µs s=542
INF http m=GET p=/icon.svg s=200 d=25µs s=195
INF http m=GET p=/icon-512.png s=200 d=54µs s=6498
INF http m=GET p=/icon-192.png s=200 d=28µs s=2468
INF http m=POST p=/api/v1/organizations s=200 d=54.4ms s=358
INF http m=GET p=/api/v1/auth/me s=200 d=424µs s=259
INF http m=GET p=/favicon.png s=200 d=18µs s=449
INF http m=GET p=/apple-touch-icon.png s=200 d=30µs s=2298
INF http m=GET p=/assets/material-symbols-names-mOXCVt15.js s=200 d=61µs s=15793
INF http m=GET p=/assets/fr-CgauyyXq.js s=200 d=62µs s=6301
INF http m=GET p=/assets/es-DHO8DnB9.js s=200 d=54µs s=6015
INF http m=GET p=/assets/emoji-groups-tsNE8Axz.js s=200 d=85µs s=13852
INF http m=GET p=/assets/de-qJeflSp6.js s=200 d=180µs s=6245
INF http m=GET p=/assets/WorkspaceSettingsPanel-CsUOm22X.css s=200 d=30µs s=1025
INF http m=GET p=/assets/WorkspaceSettingsPanel-CM5oaFTF.js s=200 d=54µs s=4443
INF http m=GET p=/assets/ServerSettingsPanel-pbgISWIv.css s=200 d=20µs s=596
INF http m=GET p=/assets/ServerSettingsPanel-C8C6nm9a.js s=200 d=30µs s=2550
INF http m=GET p=/assets/ResourceQuotaForm-DTSj8Ta5.css s=200 d=20µs s=302
INF http m=GET p=/assets/ResourceQuotaForm-D6gJNn3N.js s=200 d=20µs s=812
INF http m=GET p=/assets/ProfileSettings-rthGIjGN.js s=200 d=59µs s=4319
INF http m=GET p=/assets/ProfileSettings-D5kbNfHV.css s=200 d=21µs s=1220
INF http m=GET p=/assets/OrgSettingsPanel-BP8s6T0h.css s=200 d=19µs s=511
INF http m=GET p=/assets/OrgSettingsPanel-B78NX7Vn.js s=200 d=29µs s=2302
INF http m=GET p=/assets/InviteForm-R7w4u6kW.js s=200 d=18µs s=1267
INF http m=GET p=/assets/InviteForm-CW-wgFWD.css s=200 d=23µs s=414
INF http m=GET p=/assets/Editor-BYBWY7b1.css s=200 d=32µs s=2240
INF http m=GET p=/assets/Editor-5FlZhQpN.js s=200 d=70µs s=13509
INF http m=GET p=/assets/AdminDashboard-R0heLGro.css s=200 d=21µs s=601
INF http m=GET p=/assets/AdminDashboard-D3Sw1IyX.js s=200 d=27µs s=2075
INF http m=GET p=/manifest.webmanifest s=200 d=22µs s=199
INF http m=POST p=/api/v1/organizations/4463OJBOE000/workspaces s=200 d=218ms s=307
INF http m=POST p=/api/v1/auth/switch-workspace s=200 d=24.9ms s=572
INF http m=GET p=/api/v1/notifications/unread-count s=200 d=205µs s=25
INF http m=GET p=/api/v1/workspaces/4463OJNBG000/nodes/0/children s=200 d=292µs s=26
INF http m=GET p=/api/v1/workspaces/4463OJNBG000/members s=200 d=2.28ms s=130
INF http m=POST p=/api/v1/workspaces/4463OJNBG000/nodes/0/page/create s=200 d=17.8ms s=35
INF http m=GET p=/api/v1/workspaces/4463OJNBG000/nodes/0/children s=200 d=239µs s=249
INF http m=GET p=/api/v1/workspaces/4463OJNBG000/nodes/4463OL9I2000 s=200 d=186µs s=245
INF http m=POST p=/api/v1/workspaces/4463OJNBG000/nodes/0/page/create s=200 d=18.2ms s=26
INF http m=POST p=/api/v1/workspaces/4463OJNBG000/nodes/0/page/create s=200 d=15.1ms s=26
INF http m=GET p=/w/@4463OJNBG000+workspace/@4463OL9I2000+welcome s=200 d=38µs s=542
INF http m=GET p=/api/v1/workspaces/4463OJNBG000/events s=200 d=63.5ms s=256
INF http m=GET p=/api/v1/auth/me s=200 d=576µs s=358
INF http m=GET p=/api/v1/notifications/unread-count s=200 d=176µs s=25
INF http m=GET p=/api/v1/workspaces/4463OJNBG000/nodes/0/children s=200 d=679µs s=269
INF http m=GET p=/api/v1/workspaces/4463OJNBG000/nodes/4463OL9I2000 s=200 d=504µs s=245
INF http m=GET p=/api/v1/workspaces/4463OJNBG000/members s=200 d=805µs s=130
INF http m=GET p=/api/v1/workspaces/4463OJNBG000/nodes/4463OLCBA000 s=200 d=323µs s=138
INF http m=GET p=/api/v1/workspaces/4463OFMUE000/events s=200 d=657ms s=207
INF http m=POST p=/api/v1/auth/register s=200 d=108ms s=400
INF http m=GET p=/ s=200 d=81µs s=542
INF http m=GET p=/assets/index-SHhnYNGf.js s=200 d=149µs s=49792
INF http m=GET p=/assets/vendor-C3WBU0hm.js s=200 d=89µs s=29762
INF http m=GET p=/assets/editor-vendor-Bje_VwYD.js s=200 d=119µs s=117396
INF http m=GET p=/assets/index-DPQ8uk7g.css s=200 d=67µs s=12402
INF http m=GET p=/registerSW.js s=200 d=32µs s=87
INF http m=GET p=/api/v1/workspaces/4463OJNBG000/nodes/4463OLGUS000 s=200 d=293µs s=140
INF http m=POST p=/api/v1/workspaces/4463OJNBG000/nodes/4463OLCBA000/page s=200 d=39.2ms s=35
INF http m=GET p=/api/v1/workspaces/4463OJNBG000/events s=200 d=480ms s=206
INF http m=GET p=/assets/en-BOb8f2G7.js s=200 d=77µs s=5207
INF http m=GET p=/api/v1/auth/me s=200 d=986µs s=167
INF http m=GET p=/api/v1/notifications/unread-count s=200 d=158µs s=25
INF http m=GET p=/favicon.png s=200 d=32µs s=449
INF http m=GET p=/sw.js s=200 d=74µs s=5540
INF http m=GET p=/registerSW.js s=200 d=39µs s=87
INF http m=GET p=/index.html s=200 d=32µs s=542
INF http m=GET p=/icon.svg s=200 d=29µs s=195
INF http m=POST p=/api/v1/organizations s=200 d=64.6ms s=351
INF http m=GET p=/api/v1/auth/me s=200 d=252µs s=251
INF http m=GET p=/icon-512.png s=200 d=41µs s=6498
INF http m=GET p=/icon-192.png s=200 d=37µs s=2468
INF http m=GET p=/favicon.png s=200 d=27µs s=449
INF http m=GET p=/apple-touch-icon.png s=200 d=46µs s=2298
INF http m=GET p=/assets/material-symbols-names-mOXCVt15.js s=200 d=99µs s=15793
INF http m=GET p=/assets/fr-CgauyyXq.js s=200 d=83µs s=6301
INF http m=GET p=/assets/es-DHO8DnB9.js s=200 d=89µs s=6015
INF http m=GET p=/assets/emoji-groups-tsNE8Axz.js s=200 d=96µs s=13852
INF http m=GET p=/assets/de-qJeflSp6.js s=200 d=91µs s=6245
INF http m=GET p=/assets/WorkspaceSettingsPanel-CsUOm22X.css s=200 d=32µs s=1025
INF http m=GET p=/assets/WorkspaceSettingsPanel-CM5oaFTF.js s=200 d=78µs s=4443
INF http m=GET p=/assets/ServerSettingsPanel-pbgISWIv.css s=200 d=32µs s=596
INF http m=GET p=/assets/ServerSettingsPanel-C8C6nm9a.js s=200 d=33µs s=2550
INF http m=GET p=/assets/ResourceQuotaForm-DTSj8Ta5.css s=200 d=52µs s=302
INF http m=GET p=/assets/ResourceQuotaForm-D6gJNn3N.js s=200 d=31µs s=812
INF http m=GET p=/assets/ProfileSettings-rthGIjGN.js s=200 d=62µs s=4319
INF http m=GET p=/assets/ProfileSettings-D5kbNfHV.css s=200 d=34µs s=1220
INF http m=GET p=/assets/OrgSettingsPanel-BP8s6T0h.css s=200 d=29µs s=511
INF http m=GET p=/assets/OrgSettingsPanel-B78NX7Vn.js s=200 d=30µs s=2302
INF http m=GET p=/assets/InviteForm-R7w4u6kW.js s=200 d=32µs s=1267
INF http m=GET p=/assets/InviteForm-CW-wgFWD.css s=200 d=28µs s=414
INF http m=GET p=/assets/Editor-BYBWY7b1.css s=200 d=29µs s=2240
INF http m=GET p=/assets/Editor-5FlZhQpN.js s=200 d=90µs s=13509
INF http m=GET p=/assets/AdminDashboard-R0heLGro.css s=200 d=24µs s=601
INF http m=GET p=/assets/AdminDashboard-D3Sw1IyX.js s=200 d=42µs s=2075
INF http m=GET p=/manifest.webmanifest s=200 d=42µs s=199
INF http m=POST p=/api/v1/organizations/4463OP43O000/workspaces s=200 d=429ms s=300
INF http m=POST p=/api/v1/auth/register s=200 d=331ms s=392
INF http m=GET p=/ s=200 d=59µs s=542
INF http m=GET p=/assets/index-SHhnYNGf.js s=200 d=145µs s=49792
INF http m=GET p=/assets/index-DPQ8uk7g.css s=200 d=120µs s=12402
INF http m=GET p=/registerSW.js s=200 d=44µs s=87
INF http m=GET p=/assets/vendor-C3WBU0hm.js s=200 d=89µs s=29762
INF http m=GET p=/assets/editor-vendor-Bje_VwYD.js s=200 d=111µs s=117396
INF http m=POST p=/api/v1/auth/switch-workspace s=200 d=62.2ms s=573
INF http m=GET p=/api/v1/notifications/unread-count s=200 d=561µs s=25
INF http m=GET p=/api/v1/workspaces/4463OPJ0U000/members s=200 d=171µs s=122
INF http m=GET p=/api/v1/workspaces/4463OPJ0U000/nodes/0/children s=200 d=2.1ms s=26
INF http m=POST p=/api/v1/workspaces/4463OPJ0U000/nodes/0/page/create s=200 d=19.7ms s=35
INF http m=GET p=/api/v1/workspaces/4463OPJ0U000/nodes/0/children s=200 d=252µs s=257
INF http m=GET p=/api/v1/workspaces/4463OPJ0U000/nodes/4463OSOAE000 s=200 d=465µs s=245
INF http m=GET p=/api/v1/auth/me s=200 d=228µs s=166
INF http m=GET p=/assets/en-BOb8f2G7.js s=200 d=115µs s=5207
INF http m=GET p=/api/v1/notifications/unread-count s=200 d=154µs s=25
INF http m=GET p=/sw.js s=200 d=60µs s=5540
INF http m=GET p=/favicon.png s=200 d=26µs s=449
INF http m=GET p=/registerSW.js s=200 d=38µs s=87
INF http m=GET p=/index.html s=200 d=34µs s=542
INF http m=GET p=/icon.svg s=200 d=20µs s=195
INF http m=GET p=/icon-512.png s=200 d=96µs s=6498
INF http m=GET p=/icon-192.png s=200 d=28µs s=2468
INF http m=GET p=/favicon.png s=200 d=18µs s=449
INF http m=GET p=/apple-touch-icon.png s=200 d=22µs s=2298
INF http m=POST p=/api/v1/organizations s=200 d=43.5ms s=351
INF http m=GET p=/api/v1/auth/me s=200 d=173µs s=250
INF http m=GET p=/assets/material-symbols-names-mOXCVt15.js s=200 d=97µs s=15793
INF http m=GET p=/assets/fr-CgauyyXq.js s=200 d=68µs s=6301
INF http m=GET p=/assets/es-DHO8DnB9.js s=200 d=57µs s=6015
INF http m=GET p=/assets/emoji-groups-tsNE8Axz.js s=200 d=73µs s=13852
INF http m=GET p=/assets/de-qJeflSp6.js s=200 d=68µs s=6245
INF http m=GET p=/assets/WorkspaceSettingsPanel-CsUOm22X.css s=200 d=26µs s=1025
INF http m=GET p=/assets/WorkspaceSettingsPanel-CM5oaFTF.js s=200 d=48µs s=4443
INF http m=GET p=/assets/ServerSettingsPanel-pbgISWIv.css s=200 d=28µs s=596
INF http m=GET p=/assets/ServerSettingsPanel-C8C6nm9a.js s=200 d=36µs s=2550
INF http m=GET p=/assets/ResourceQuotaForm-DTSj8Ta5.css s=200 d=22µs s=302
INF http m=GET p=/assets/ResourceQuotaForm-D6gJNn3N.js s=200 d=22µs s=812
INF http m=GET p=/assets/ProfileSettings-rthGIjGN.js s=200 d=54µs s=4319
INF http m=GET p=/assets/ProfileSettings-D5kbNfHV.css s=200 d=20µs s=1220
INF http m=GET p=/assets/OrgSettingsPanel-BP8s6T0h.css s=200 d=18µs s=511
INF http m=GET p=/assets/OrgSettingsPanel-B78NX7Vn.js s=200 d=29µs s=2302
INF http m=GET p=/assets/InviteForm-R7w4u6kW.js s=200 d=24µs s=1267
INF http m=GET p=/assets/InviteForm-CW-wgFWD.css s=200 d=24µs s=414
INF http m=GET p=/assets/Editor-BYBWY7b1.css s=200 d=23µs s=2240
INF http m=GET p=/assets/Editor-5FlZhQpN.js s=200 d=90µs s=13509
INF http m=GET p=/assets/AdminDashboard-R0heLGro.css s=200 d=21µs s=601
INF http m=GET p=/assets/AdminDashboard-D3Sw1IyX.js s=200 d=25µs s=2075
INF http m=GET p=/manifest.webmanifest s=200 d=26µs s=199
INF http m=POST p=/api/v1/organizations/4463OT4S0000/workspaces s=200 d=247ms s=299
INF http m=GET p=/api/v1/notifications/unread-count s=200 d=106µs s=25
INF http m=GET p=/api/v1/workspaces/4463OPJ0U000/events s=200 d=387ms s=207
INF http m=GET p=/api/v1/auth/providers s=200 d=708µs s=59
INF http m=GET p=/api/v1/notifications/preferences s=200 d=1.01ms s=127
INF http m=POST p=/api/v1/auth/switch-workspace s=200 d=35.5ms s=571
INF http m=GET p=/api/v1/notifications/unread-count s=200 d=181µs s=25
INF http m=GET p=/api/v1/workspaces/4463OTE5E000/members s=200 d=2.35ms s=128
INF http m=GET p=/api/v1/workspaces/4463OTE5E000/nodes/0/children s=200 d=6.08ms s=26
INF http m=POST p=/api/v1/workspaces/4463OTE5E000/nodes/0/page/create s=200 d=15.2ms s=35
INF http m=GET p=/api/v1/workspaces/4463OTE5E000/nodes/0/children s=200 d=423µs s=257
INF http m=GET p=/api/v1/workspaces/4463OTE5E000/nodes/4463OV9NE000 s=200 d=470µs s=245
INF http m=POST p=/api/v1/auth/settings s=200 d=33.4ms s=304
INF http m=POST p=/api/v1/auth/register s=200 d=111ms s=392
INF http m=GET p=/ s=200 d=65µs s=542
INF http m=GET p=/assets/index-SHhnYNGf.js s=200 d=224µs s=49792
INF http m=GET p=/assets/index-DPQ8uk7g.css s=200 d=111µs s=12402
INF http m=GET p=/assets/editor-vendor-Bje_VwYD.js s=200 d=143µs s=117396
INF http m=GET p=/registerSW.js s=200 d=27µs s=87
INF http m=GET p=/assets/vendor-C3WBU0hm.js s=200 d=368µs s=29762
INF http m=GET p=/assets/en-BOb8f2G7.js s=200 d=81µs s=5207
INF http m=GET p=/api/v1/auth/me s=200 d=553µs s=164
INF http m=GET p=/api/v1/notifications/unread-count s=200 d=173µs s=25
INF http m=GET p=/favicon.png s=200 d=31µs s=449
INF http m=GET p=/sw.js s=200 d=82µs s=5540
INF http m=GET p=/registerSW.js s=200 d=46µs s=87
INF http m=GET p=/index.html s=200 d=39µs s=542
INF http m=POST p=/api/v1/organizations s=200 d=52.1ms s=351
INF http m=GET p=/icon.svg s=200 d=33µs s=195
INF http m=GET p=/api/v1/auth/me s=200 d=572µs s=249
INF http m=GET p=/icon-512.png s=200 d=65µs s=6498
INF http m=GET p=/icon-192.png s=200 d=31µs s=2468
INF http m=GET p=/favicon.png s=200 d=19µs s=449
INF http m=GET p=/apple-touch-icon.png s=200 d=31µs s=2298
INF http m=GET p=/assets/material-symbols-names-mOXCVt15.js s=200 d=101µs s=15793
INF http m=GET p=/assets/fr-CgauyyXq.js s=200 d=118µs s=6301
INF http m=GET p=/assets/es-DHO8DnB9.js s=200 d=52µs s=6015
INF http m=GET p=/assets/emoji-groups-tsNE8Axz.js s=200 d=81µs s=13852
INF http m=GET p=/api/v1/notifications/unread-count s=200 d=177µs s=25
INF http m=GET p=/assets/de-qJeflSp6.js s=200 d=83µs s=6245
INF http m=GET p=/api/v1/workspaces/4463OTE5E000/events s=200 d=604ms s=207
INF http m=GET p=/api/v1/auth/providers s=200 d=185µs s=59
INF http m=GET p=/api/v1/notifications/preferences s=200 d=551µs s=127
INF http m=GET p=/assets/WorkspaceSettingsPanel-CsUOm22X.css s=200 d=29µs s=1025
INF http m=GET p=/assets/WorkspaceSettingsPanel-CM5oaFTF.js s=200 d=49µs s=4443
INF http m=GET p=/assets/ServerSettingsPanel-pbgISWIv.css s=200 d=26µs s=596
INF http m=GET p=/assets/ServerSettingsPanel-C8C6nm9a.js s=200 d=37µs s=2550
INF http m=GET p=/assets/ResourceQuotaForm-DTSj8Ta5.css s=200 d=33µs s=302
INF http m=GET p=/assets/ResourceQuotaForm-D6gJNn3N.js s=200 d=24µs s=812
INF http m=GET p=/assets/ProfileSettings-rthGIjGN.js s=200 d=60µs s=4319
INF http m=GET p=/assets/ProfileSettings-D5kbNfHV.css s=200 d=37µs s=1220
INF http m=GET p=/assets/OrgSettingsPanel-BP8s6T0h.css s=200 d=21µs s=511
INF http m=GET p=/assets/OrgSettingsPanel-B78NX7Vn.js s=200 d=24µs s=2302
INF http m=GET p=/assets/InviteForm-R7w4u6kW.js s=200 d=25µs s=1267
INF http m=GET p=/assets/InviteForm-CW-wgFWD.css s=200 d=20µs s=414
INF http m=GET p=/assets/Editor-BYBWY7b1.css s=200 d=28µs s=2240
INF http m=GET p=/assets/Editor-5FlZhQpN.js s=200 d=62µs s=13509
INF http m=GET p=/assets/AdminDashboard-R0heLGro.css s=200 d=21µs s=601
INF http m=GET p=/assets/AdminDashboard-D3Sw1IyX.js s=200 d=28µs s=2075
INF http m=GET p=/manifest.webmanifest s=200 d=20µs s=199
INF http m=POST p=/api/v1/organizations/4463P1TPI000/workspaces s=200 d=269ms s=299
INF http m=POST p=/api/v1/auth/settings s=200 d=111ms s=303
INF http m=POST p=/api/v1/auth/switch-workspace s=200 d=52.7ms s=569
INF http m=GET p=/api/v1/notifications/unread-count s=200 d=779µs s=25
INF http m=GET p=/api/v1/workspaces/4463P29C0000/nodes/0/children s=200 d=1.95ms s=26
INF http m=GET p=/api/v1/workspaces/4463P29C0000/members s=200 d=2.2ms s=130
INF http m=POST p=/api/v1/workspaces/4463P29C0000/nodes/0/page/create s=200 d=14.3ms s=35
INF http m=GET p=/api/v1/workspaces/4463P29C0000/nodes/0/children s=200 d=179µs s=257
INF http m=GET p=/api/v1/workspaces/4463P29C0000/nodes/4463P4CDM000 s=200 d=171µs s=245
INF http m=GET p=/api/v1/notifications/unread-count s=200 d=168µs s=25
INF http m=GET p=/api/v1/workspaces/4463OTE5E000/members s=200 d=116µs s=128
INF http m=GET p=/api/v1/workspaces/4463OTE5E000/nodes/0/children s=200 d=225µs s=257
INF http m=GET p=/api/v1/workspaces/4463OTE5E000/nodes/4463OV9NE000 s=200 d=263µs s=245
INF http m=GET p=/api/v1/workspaces/4463OTE5E000/events s=200 d=15.7ms s=93
INF http m=POST p=/api/v1/auth/register s=200 d=99.6ms s=406
INF http m=GET p=/ s=200 d=55µs s=542
INF http m=GET p=/assets/index-SHhnYNGf.js s=200 d=165µs s=49792
INF http m=GET p=/assets/index-DPQ8uk7g.css s=200 d=84µs s=12402
INF http m=GET p=/assets/editor-vendor-Bje_VwYD.js s=200 d=152µs s=117396
INF http m=GET p=/assets/vendor-C3WBU0hm.js s=200 d=82µs s=29762
INF http m=GET p=/registerSW.js s=200 d=79µs s=87
INF http m=GET p=/api/v1/auth/me s=200 d=238µs s=170
INF http m=GET p=/assets/en-BOb8f2G7.js s=200 d=58µs s=5207
INF http m=GET p=/sw.js s=200 d=80µs s=5540
INF http m=GET p=/api/v1/notifications/unread-count s=200 d=165µs s=25
INF http m=GET p=/registerSW.js s=200 d=39µs s=87
INF http m=GET p=/index.html s=200 d=35µs s=542
INF http m=GET p=/favicon.png s=200 d=27µs s=449
INF http m=GET p=/icon.svg s=200 d=34µs s=195
INF http m=GET p=/icon-512.png s=200 d=75µs s=6498
INF http m=GET p=/icon-192.png s=200 d=66µs s=2468
INF http m=GET p=/favicon.png s=200 d=29µs s=449
INF http m=POST p=/api/v1/organizations s=200 d=54ms s=356
INF http m=GET p=/apple-touch-icon.png s=200 d=40µs s=2298
INF http m=GET p=/api/v1/auth/me s=200 d=173µs s=257
INF http m=GET p=/assets/material-symbols-names-mOXCVt15.js s=200 d=74µs s=15793
INF http m=GET p=/api/v1/notifications/unread-count s=200 d=146µs s=25
INF http m=GET p=/api/v1/workspaces/4463P29C0000/events s=200 d=562ms s=202
INF http m=GET p=/assets/fr-CgauyyXq.js s=200 d=89µs s=6301
INF http m=GET p=/api/v1/auth/providers s=200 d=106µs s=59
INF http m=GET p=/api/v1/notifications/preferences s=200 d=177µs s=127
INF http m=GET p=/assets/es-DHO8DnB9.js s=200 d=116µs s=6015
INF http m=GET p=/assets/emoji-groups-tsNE8Axz.js s=200 d=97µs s=13852
INF http m=GET p=/assets/de-qJeflSp6.js s=200 d=81µs s=6245
INF http m=GET p=/assets/WorkspaceSettingsPanel-CsUOm22X.css s=200 d=25µs s=1025
INF http m=GET p=/assets/WorkspaceSettingsPanel-CM5oaFTF.js s=200 d=56µs s=4443
INF http m=GET p=/assets/ServerSettingsPanel-pbgISWIv.css s=200 d=24µs s=596
INF http m=GET p=/assets/ServerSettingsPanel-C8C6nm9a.js s=200 d=34µs s=2550
INF http m=GET p=/assets/ResourceQuotaForm-DTSj8Ta5.css s=200 d=21µs s=302
INF http m=GET p=/assets/ResourceQuotaForm-D6gJNn3N.js s=200 d=26µs s=812
INF http m=GET p=/assets/ProfileSettings-rthGIjGN.js s=200 d=59µs s=4319
INF http m=GET p=/assets/ProfileSettings-D5kbNfHV.css s=200 d=39µs s=1220
INF http m=GET p=/assets/OrgSettingsPanel-BP8s6T0h.css s=200 d=29µs s=511
INF http m=GET p=/assets/OrgSettingsPanel-B78NX7Vn.js s=200 d=43µs s=2302
INF http m=GET p=/assets/InviteForm-R7w4u6kW.js s=200 d=53µs s=1267
INF http m=GET p=/assets/InviteForm-CW-wgFWD.css s=200 d=30µs s=414
INF http m=GET p=/assets/Editor-BYBWY7b1.css s=200 d=32µs s=2240
INF http m=GET p=/assets/Editor-5FlZhQpN.js s=200 d=64µs s=13509
INF http m=GET p=/assets/AdminDashboard-R0heLGro.css s=200 d=24µs s=601
INF http m=GET p=/assets/AdminDashboard-D3Sw1IyX.js s=200 d=26µs s=2075
INF http m=GET p=/manifest.webmanifest s=200 d=22µs s=199
INF http m=POST p=/api/v1/organizations/4463P75MG000/workspaces s=200 d=277ms s=300
INF http m=POST p=/api/v1/auth/settings s=200 d=169ms s=307
INF http m=POST p=/api/v1/auth/switch-workspace s=200 d=30.1ms s=568
INF http m=GET p=/api/v1/notifications/unread-count s=200 d=305µs s=25
INF http m=GET p=/api/v1/workspaces/4463P7HCA000/nodes/0/children s=200 d=252µs s=26
INF http m=GET p=/api/v1/workspaces/4463P7HCA000/members s=200 d=402µs s=128
INF http m=POST p=/api/v1/workspaces/4463P7HCA000/nodes/0/page/create s=200 d=16.5ms s=35
INF http m=GET p=/api/v1/workspaces/4463P7HCA000/nodes/0/children s=200 d=236µs s=257
INF http m=GET p=/api/v1/workspaces/4463P7HCA000/nodes/4463P9G4G000 s=200 d=205µs s=245
INF http m=GET p=/api/v1/notifications/unread-count s=200 d=183µs s=25
INF http m=GET p=/api/v1/workspaces/4463P29C0000/nodes/0/children s=200 d=608µs s=257
INF http m=GET p=/api/v1/workspaces/4463P29C0000/members s=200 d=134µs s=130
INF http m=GET p=/api/v1/workspaces/4463P29C0000/nodes/4463P4CDM000 s=200 d=779µs s=245
INF http m=GET p=/w/@4463P29C0000+workspace/@4463P4CDM000+welcome s=200 d=43µs s=542
INF http m=GET p=/api/v1/workspaces/4463P29C0000/events s=200 d=13.8ms s=93
INF http m=GET p=/api/v1/auth/me s=200 d=267µs s=345
INF http m=GET p=/api/v1/notifications/unread-count s=200 d=234µs s=25
INF http m=GET p=/api/v1/workspaces/4463P29C0000/nodes/4463P4CDM000 s=200 d=227µs s=245
INF http m=GET p=/api/v1/workspaces/4463P29C0000/members s=200 d=2.04ms s=130
INF http m=GET p=/api/v1/workspaces/4463P29C0000/nodes/0/children s=200 d=1.55ms s=257
INF http m=GET p=/api/v1/workspaces/4463P29C0000/events s=200 d=17.7ms s=93
INF http m=POST p=/api/v1/auth/register s=200 d=104ms s=396
INF http m=GET p=/ s=200 d=60µs s=542
INF http m=GET p=/assets/index-SHhnYNGf.js s=200 d=166µs s=49792
INF http m=GET p=/assets/index-DPQ8uk7g.css s=200 d=83µs s=12402
INF http m=GET p=/registerSW.js s=200 d=43µs s=87
INF http m=GET p=/assets/vendor-C3WBU0hm.js s=200 d=120µs s=29762
INF http m=GET p=/assets/editor-vendor-Bje_VwYD.js s=200 d=129µs s=117396
INF http m=GET p=/assets/en-BOb8f2G7.js s=200 d=117µs s=5207
INF http m=GET p=/api/v1/auth/me s=200 d=2.21ms s=168
INF http m=GET p=/api/v1/notifications/unread-count s=200 d=187µs s=25
INF http m=GET p=/sw.js s=200 d=93µs s=5540
INF http m=GET p=/favicon.png s=200 d=25µs s=449
INF http m=GET p=/registerSW.js s=200 d=55µs s=87
INF http m=GET p=/index.html s=200 d=23µs s=542
INF http m=GET p=/api/v1/notifications/unread-count s=200 d=152µs s=25
INF http m=GET p=/icon.svg s=200 d=28µs s=195
INF http m=GET p=/icon-512.png s=200 d=884µs s=6498
INF http m=GET p=/api/v1/workspaces/4463P7HCA000/events s=200 d=549ms s=202
INF http m=GET p=/icon-192.png s=200 d=38µs s=2468
INF http m=GET p=/api/v1/auth/providers s=200 d=90µs s=59
INF http m=GET p=/api/v1/notifications/preferences s=200 d=188µs s=127
INF http m=GET p=/favicon.png s=200 d=27µs s=449
INF http m=POST p=/api/v1/organizations s=200 d=53.5ms s=355
INF http m=GET p=/api/v1/auth/me s=200 d=516µs s=257
INF http m=GET p=/apple-touch-icon.png s=200 d=37µs s=2298
INF http m=GET p=/assets/material-symbols-names-mOXCVt15.js s=200 d=108µs s=15793
INF http m=GET p=/assets/fr-CgauyyXq.js s=200 d=75µs s=6301
INF http m=GET p=/assets/es-DHO8DnB9.js s=200 d=422µs s=6015
INF http m=GET p=/assets/emoji-groups-tsNE8Axz.js s=200 d=79µs s=13852
INF http m=GET p=/assets/de-qJeflSp6.js s=200 d=80µs s=6245
INF http m=GET p=/assets/WorkspaceSettingsPanel-CsUOm22X.css s=200 d=28µs s=1025
INF http m=GET p=/assets/WorkspaceSettingsPanel-CM5oaFTF.js s=200 d=43µs s=4443
INF http m=GET p=/assets/ServerSettingsPanel-pbgISWIv.css s=200 d=30µs s=596
INF http m=GET p=/assets/ServerSettingsPanel-C8C6nm9a.js s=200 d=30µs s=2550
INF http m=GET p=/assets/ResourceQuotaForm-DTSj8Ta5.css s=200 d=20µs s=302
INF http m=GET p=/assets/ResourceQuotaForm-D6gJNn3N.js s=200 d=19µs s=812
INF http m=GET p=/assets/ProfileSettings-rthGIjGN.js s=200 d=42µs s=4319
INF http m=GET p=/assets/ProfileSettings-D5kbNfHV.css s=200 d=22µs s=1220
INF http m=GET p=/assets/OrgSettingsPanel-BP8s6T0h.css s=200 d=26µs s=511
INF http m=GET p=/assets/OrgSettingsPanel-B78NX7Vn.js s=200 d=32µs s=2302
INF http m=GET p=/assets/InviteForm-R7w4u6kW.js s=200 d=23µs s=1267
INF http m=GET p=/assets/InviteForm-CW-wgFWD.css s=200 d=24µs s=414
INF http m=GET p=/assets/Editor-BYBWY7b1.css s=200 d=27µs s=2240
INF http m=GET p=/assets/Editor-5FlZhQpN.js s=200 d=61µs s=13509
INF http m=GET p=/assets/AdminDashboard-R0heLGro.css s=200 d=28µs s=601
INF http m=GET p=/assets/AdminDashboard-D3Sw1IyX.js s=200 d=22µs s=2075
INF http m=GET p=/manifest.webmanifest s=200 d=21µs s=199
INF http m=POST p=/api/v1/organizations/4463PCIUS000/workspaces s=200 d=244ms s=302
INF http m=POST p=/api/v1/auth/settings s=200 d=189ms s=315
INF http m=POST p=/api/v1/auth/switch-workspace s=200 d=32ms s=607
INF http m=GET p=/api/v1/workspaces/4463PCUEQ000/nodes/0/children s=200 d=1.69ms s=26
INF http m=GET p=/api/v1/workspaces/4463PCUEQ000/members s=200 d=1.05ms s=119
INF http m=GET p=/api/v1/notifications/unread-count s=200 d=1.87ms s=25
INF http m=POST p=/api/v1/workspaces/4463PCUEQ000/nodes/0/page/create s=200 d=42.2ms s=35
INF http m=GET p=/api/v1/workspaces/4463PCUEQ000/nodes/0/children s=200 d=447µs s=257
INF http m=GET p=/api/v1/workspaces/4463PCUEQ000/nodes/4463PEO2G000 s=200 d=536µs s=245
INF http m=POST p=/api/v1/auth/settings s=200 d=61.7ms s=315
INF http m=GET p=/api/v1/notifications/unread-count s=200 d=200µs s=25
INF http m=GET p=/api/v1/workspaces/4463P7HCA000/members s=200 d=404µs s=128
INF http m=GET p=/api/v1/workspaces/4463P7HCA000/nodes/4463P9G4G000 s=200 d=940µs s=245
INF http m=GET p=/api/v1/workspaces/4463P7HCA000/nodes/0/children s=200 d=1.5ms s=257
INF http m=GET p=/api/v1/workspaces/4463P7HCA000/events s=200 d=16.4ms s=93
INF http m=POST p=/api/v1/auth/register s=200 d=99.9ms s=401
INF http m=GET p=/ s=200 d=59µs s=542
INF http m=GET p=/assets/index-SHhnYNGf.js s=200 d=256µs s=49792
INF http m=GET p=/assets/index-DPQ8uk7g.css s=200 d=122µs s=12402
INF http m=GET p=/assets/editor-vendor-Bje_VwYD.js s=200 d=138µs s=117396
INF http m=GET p=/assets/vendor-C3WBU0hm.js s=200 d=98µs s=29762
INF http m=GET p=/registerSW.js s=200 d=27µs s=87
INF http m=GET p=/assets/en-BOb8f2G7.js s=200 d=77µs s=5207
INF http m=GET p=/api/v1/auth/me s=200 d=2.14ms s=170
INF http m=GET p=/api/v1/notifications/unread-count s=200 d=185µs s=25
INF http m=GET p=/favicon.png s=200 d=31µs s=449
INF http m=GET p=/sw.js s=200 d=82µs s=5540
INF http m=GET p=/registerSW.js s=200 d=39µs s=87
INF http m=GET p=/index.html s=200 d=37µs s=542
INF http m=GET p=/icon.svg s=200 d=20µs s=195
INF http m=POST p=/api/v1/organizations s=200 d=52ms s=354
INF http m=GET p=/icon-512.png s=200 d=55µs s=6498
INF http m=GET p=/api/v1/auth/me s=200 d=1.04ms s=256
INF http m=GET p=/icon-192.png s=200 d=53µs s=2468
INF http m=GET p=/favicon.png s=200 d=18µs s=449
INF http m=GET p=/apple-touch-icon.png s=200 d=29µs s=2298
INF http m=GET p=/assets/material-symbols-names-mOXCVt15.js s=200 d=88µs s=15793
INF http m=GET p=/assets/fr-CgauyyXq.js s=200 d=113µs s=6301
INF http m=GET p=/assets/es-DHO8DnB9.js s=200 d=47µs s=6015
INF http m=GET p=/assets/emoji-groups-tsNE8Axz.js s=200 d=102µs s=13852
INF http m=GET p=/assets/de-qJeflSp6.js s=200 d=62µs s=6245
INF http m=GET p=/assets/WorkspaceSettingsPanel-CsUOm22X.css s=200 d=68µs s=1025
INF http m=GET p=/assets/WorkspaceSettingsPanel-CM5oaFTF.js s=200 d=187µs s=4443
INF http m=GET p=/assets/ServerSettingsPanel-pbgISWIv.css s=200 d=27µs s=596
INF http m=GET p=/assets/ServerSettingsPanel-C8C6nm9a.js s=200 d=36µs s=2550
INF http m=GET p=/assets/ResourceQuotaForm-DTSj8Ta5.css s=200 d=18µs s=302
INF http m=GET p=/assets/ResourceQuotaForm-D6gJNn3N.js s=200 d=19µs s=812
INF http m=GET p=/assets/ProfileSettings-rthGIjGN.js s=200 d=471µs s=4319
INF http m=GET p=/assets/ProfileSettings-D5kbNfHV.css s=200 d=41µs s=1220
INF http m=GET p=/assets/OrgSettingsPanel-BP8s6T0h.css s=200 d=73µs s=511
INF http m=GET p=/assets/OrgSettingsPanel-B78NX7Vn.js s=200 d=42µs s=2302
INF http m=GET p=/assets/InviteForm-R7w4u6kW.js s=200 d=37µs s=1267
INF http m=GET p=/assets/InviteForm-CW-wgFWD.css s=200 d=35µs s=414
INF http m=GET p=/assets/Editor-BYBWY7b1.css s=200 d=22µs s=2240
INF http m=GET p=/assets/Editor-5FlZhQpN.js s=200 d=64µs s=13509
INF http m=GET p=/assets/AdminDashboard-R0heLGro.css s=200 d=48µs s=601
INF http m=GET p=/assets/AdminDashboard-D3Sw1IyX.js s=200 d=35µs s=2075
INF http m=GET p=/manifest.webmanifest s=200 d=28µs s=199
INF http m=POST p=/api/v1/organizations/4463PHN06000/workspaces s=200 d=264ms s=303
INF http m=GET p=/api/v1/workspaces/4463PCUEQ000/events s=200 d=833ms s=206
INF http m=POST p=/api/v1/auth/switch-workspace s=200 d=32.5ms s=576
INF http m=GET p=/api/v1/notifications/unread-count s=200 d=336µs s=25
INF http m=GET p=/api/v1/workspaces/4463PI27M000/nodes/0/children s=200 d=350µs s=26
INF http m=GET p=/api/v1/workspaces/4463PI27M000/members s=200 d=5.91ms s=120
INF http m=POST p=/api/v1/workspaces/4463PI27M000/nodes/0/page/create s=200 d=19.2ms s=35
INF http m=GET p=/api/v1/workspaces/4463PI27M000/nodes/0/children s=200 d=301µs s=257
INF http m=GET p=/api/v1/workspaces/4463PI27M000/nodes/4463PK26E000 s=200 d=1.39ms s=245
INF http m=POST p=/api/v1/auth/register s=200 d=108ms s=395
INF http m=GET p=/ s=200 d=56µs s=542
INF http m=GET p=/assets/index-SHhnYNGf.js s=200 d=135µs s=49792
INF http m=GET p=/assets/index-DPQ8uk7g.css s=200 d=121µs s=12402
INF http m=GET p=/assets/editor-vendor-Bje_VwYD.js s=200 d=154µs s=117396
INF http m=GET p=/registerSW.js s=200 d=33µs s=87
INF http m=GET p=/assets/vendor-C3WBU0hm.js s=200 d=89µs s=29762
INF http m=GET p=/api/v1/auth/me s=200 d=278µs s=168
INF http m=GET p=/assets/en-BOb8f2G7.js s=200 d=53µs s=5207
INF http m=GET p=/favicon.png s=200 d=39µs s=449
INF http m=GET p=/sw.js s=200 d=74µs s=5540
INF http m=GET p=/api/v1/notifications/unread-count s=200 d=517µs s=25
INF http m=GET p=/registerSW.js s=200 d=64µs s=87
INF http m=GET p=/index.html s=200 d=30µs s=542
INF http m=GET p=/icon.svg s=200 d=38µs s=195
INF http m=GET p=/icon-512.png s=200 d=59µs s=6498
INF http m=GET p=/icon-192.png s=200 d=31µs s=2468
INF http m=GET p=/favicon.png s=200 d=21µs s=449
INF http m=POST p=/api/v1/organizations s=200 d=44.9ms s=350
INF http m=GET p=/api/v1/auth/me s=200 d=498µs s=252
INF http m=GET p=/apple-touch-icon.png s=200 d=33µs s=2298
INF http m=GET p=/assets/material-symbols-names-mOXCVt15.js s=200 d=112µs s=15793
INF http m=GET p=/assets/fr-CgauyyXq.js s=200 d=68µs s=6301
INF http m=GET p=/assets/es-DHO8DnB9.js s=200 d=41µs s=6015
INF http m=GET p=/assets/emoji-groups-tsNE8Axz.js s=200 d=51µs s=13852
INF http m=GET p=/assets/de-qJeflSp6.js s=200 d=70µs s=6245
INF http m=GET p=/assets/WorkspaceSettingsPanel-CsUOm22X.css s=200 d=24µs s=1025
INF http m=GET p=/assets/WorkspaceSettingsPanel-CM5oaFTF.js s=200 d=52µs s=4443
INF http m=GET p=/assets/ServerSettingsPanel-pbgISWIv.css s=200 d=25µs s=596
INF http m=GET p=/assets/ServerSettingsPanel-C8C6nm9a.js s=200 d=38µs s=2550
INF http m=GET p=/assets/ResourceQuotaForm-DTSj8Ta5.css s=200 d=24µs s=302
INF http m=GET p=/assets/ResourceQuotaForm-D6gJNn3N.js s=200 d=23µs s=812
INF http m=GET p=/assets/ProfileSettings-rthGIjGN.js s=200 d=84µs s=4319
INF http m=GET p=/assets/ProfileSettings-D5kbNfHV.css s=200 d=26µs s=1220
INF http m=GET p=/assets/OrgSettingsPanel-BP8s6T0h.css s=200 d=40µs s=511
INF http m=GET p=/assets/OrgSettingsPanel-B78NX7Vn.js s=200 d=68µs s=2302
INF http m=GET p=/assets/InviteForm-R7w4u6kW.js s=200 d=25µs s=1267
INF http m=GET p=/assets/InviteForm-CW-wgFWD.css s=200 d=24µs s=414
INF http m=GET p=/assets/Editor-BYBWY7b1.css s=200 d=30µs s=2240
INF http m=GET p=/assets/Editor-5FlZhQpN.js s=200 d=74µs s=13509
INF http m=GET p=/assets/AdminDashboard-R0heLGro.css s=200 d=22µs s=601
INF http m=GET p=/assets/AdminDashboard-D3Sw1IyX.js s=200 d=26µs s=2075
INF http m=GET p=/manifest.webmanifest s=200 d=20µs s=199
INF http m=GET p=/api/v1/workspaces/4463PI27M000/events s=200 d=563ms s=207
INF http m=POST p=/api/v1/organizations/4463PM128000/workspaces s=200 d=308ms s=297
INF http m=POST p=/api/v1/auth/switch-workspace s=200 d=51.4ms s=583
INF http m=GET p=/api/v1/notifications/unread-count s=200 d=172µs s=25
INF http m=GET p=/api/v1/workspaces/4463PMAQO000/nodes/0/children s=200 d=246µs s=26
INF http m=GET p=/api/v1/workspaces/4463PMAQO000/members s=200 d=107µs s=132
INF http m=POST p=/api/v1/auth/register s=200 d=126ms s=399
INF http m=POST p=/api/v1/workspaces/4463PMAQO000/nodes/0/page/create s=200 d=31.9ms s=35
INF http m=GET p=/api/v1/workspaces/4463PMAQO000/nodes/0/children s=200 d=254µs s=257
INF http m=GET p=/api/v1/workspaces/4463PMAQO000/nodes/4463POPM0000 s=200 d=1.87ms s=245
INF http m=GET p=/ s=200 d=5.55ms s=542
INF http m=GET p=/assets/index-SHhnYNGf.js s=200 d=143µs s=49792
INF http m=GET p=/assets/index-DPQ8uk7g.css s=200 d=92µs s=12402
INF http m=GET p=/registerSW.js s=200 d=33µs s=87
INF http m=GET p=/assets/vendor-C3WBU0hm.js s=200 d=85µs s=29762
INF http m=GET p=/assets/editor-vendor-Bje_VwYD.js s=200 d=124µs s=117396
INF http m=GET p=/assets/en-BOb8f2G7.js s=200 d=82µs s=5207
INF http m=GET p=/api/v1/auth/me s=200 d=1.36ms s=167
INF http m=GET p=/favicon.png s=200 d=44µs s=449
INF http m=GET p=/api/v1/notifications/unread-count s=200 d=179µs s=25
INF http m=GET p=/sw.js s=200 d=78µs s=5540
INF http m=GET p=/registerSW.js s=200 d=41µs s=87
INF http m=GET p=/index.html s=200 d=32µs s=542
INF http m=POST p=/api/v1/organizations s=200 d=40.3ms s=354
INF http m=GET p=/icon.svg s=200 d=21µs s=195
INF http m=GET p=/api/v1/auth/me s=200 d=765µs s=254
INF http m=GET p=/icon-512.png s=200 d=95µs s=6498
INF http m=GET p=/icon-192.png s=200 d=26µs s=2468
INF http m=GET p=/favicon.png s=200 d=20µs s=449
INF http m=GET p=/apple-touch-icon.png s=200 d=24µs s=2298
INF http m=GET p=/assets/material-symbols-names-mOXCVt15.js s=200 d=447µs s=15793
INF http m=GET p=/assets/fr-CgauyyXq.js s=200 d=67µs s=6301
INF http m=GET p=/assets/es-DHO8DnB9.js s=200 d=73µs s=6015
INF http m=GET p=/assets/emoji-groups-tsNE8Axz.js s=200 d=63µs s=13852
INF http m=GET p=/assets/de-qJeflSp6.js s=200 d=75µs s=6245
INF http m=GET p=/assets/WorkspaceSettingsPanel-CsUOm22X.css s=200 d=25µs s=1025
INF http m=GET p=/assets/WorkspaceSettingsPanel-CM5oaFTF.js s=200 d=45µs s=4443
INF http m=GET p=/assets/ServerSettingsPanel-pbgISWIv.css s=200 d=24µs s=596
INF http m=GET p=/assets/ServerSettingsPanel-C8C6nm9a.js s=200 d=68µs s=2550
INF http m=GET p=/assets/ResourceQuotaForm-DTSj8Ta5.css s=200 d=20µs s=302
INF http m=GET p=/assets/ResourceQuotaForm-D6gJNn3N.js s=200 d=22µs s=812
INF http m=GET p=/assets/ProfileSettings-rthGIjGN.js s=200 d=51µs s=4319
INF http m=GET p=/assets/ProfileSettings-D5kbNfHV.css s=200 d=24µs s=1220
INF http m=GET p=/assets/OrgSettingsPanel-BP8s6T0h.css s=200 d=21µs s=511
INF http m=GET p=/assets/OrgSettingsPanel-B78NX7Vn.js s=200 d=29µs s=2302
INF http m=GET p=/assets/InviteForm-R7w4u6kW.js s=200 d=20µs s=1267
INF http m=GET p=/assets/InviteForm-CW-wgFWD.css s=200 d=22µs s=414
INF http m=GET p=/assets/Editor-BYBWY7b1.css s=200 d=31µs s=2240
INF http m=GET p=/assets/Editor-5FlZhQpN.js s=200 d=520µs s=13509
INF http m=GET p=/assets/AdminDashboard-R0heLGro.css s=200 d=22µs s=601
INF http m=GET p=/assets/AdminDashboard-D3Sw1IyX.js s=200 d=27µs s=2075
INF http m=GET p=/manifest.webmanifest s=200 d=20µs s=199
INF http m=POST p=/api/v1/organizations/4463PPTNS000/workspaces s=200 d=232ms s=300
INF http m=POST p=/api/v1/workspaces/4463PMAQO000/nodes/0/page/create s=200 d=84.9ms s=26
INF http m=GET p=/w/@4463PMAQO000+workspace/@4463POPM0000+welcome s=200 d=95µs s=542
INF http m=GET p=/api/v1/workspaces/4463PMAQO000/events s=200 d=498ms s=235
INF http m=POST p=/api/v1/auth/switch-workspace s=200 d=39.8ms s=581
INF http m=GET p=/api/v1/notifications/unread-count s=200 d=384µs s=25
INF http m=GET p=/api/v1/auth/me s=200 d=647µs s=353
INF http m=GET p=/api/v1/workspaces/4463PQ6LU000/members s=200 d=655µs s=132
INF http m=GET p=/api/v1/workspaces/4463PQ6LU000/nodes/0/children s=200 d=2.53ms s=26
INF http m=POST p=/api/v1/workspaces/4463PQ6LU000/nodes/0/page/create s=200 d=21.5ms s=35
INF http m=GET p=/api/v1/notifications/unread-count s=200 d=145µs s=25
INF http m=GET p=/api/v1/workspaces/4463PQ6LU000/nodes/0/children s=200 d=205µs s=257
INF http m=GET p=/api/v1/workspaces/4463PMAQO000/members s=200 d=128µs s=132
INF http m=GET p=/api/v1/workspaces/4463PMAQO000/nodes/4463POPM0000 s=200 d=187µs s=245
INF http m=GET p=/api/v1/workspaces/4463PMAQO000/nodes/0/children s=200 d=238µs s=241
INF http m=GET p=/api/v1/workspaces/4463PQ6LU000/nodes/4463PS10S000 s=200 d=261µs s=245
INF http m=GET p=/api/v1/workspaces/4463PMAQO000/nodes/4463PR49S000 s=200 d=312µs s=129
INF http m=GET p=/api/v1/workspaces/4463PMAQO000/events s=200 d=329ms s=93
INF http m=POST p=/api/v1/workspaces/4463PQ6LU000/nodes/0/page/create s=200 d=20.1ms s=26
INF http m=GET p=/w/@4463PQ6LU000+workspace/@4463PS10S000+welcome s=200 d=43µs s=542
INF http m=GET p=/api/v1/workspaces/4463PQ6LU000/events s=200 d=522ms s=235
INF http m=GET p=/api/v1/auth/me s=200 d=242µs s=356
INF http m=POST p=/api/v1/auth/register s=200 d=128ms s=392
INF http m=GET p=/ s=200 d=63µs s=542
INF http m=GET p=/assets/index-SHhnYNGf.js s=200 d=141µs s=49792
INF http m=GET p=/assets/index-DPQ8uk7g.css s=200 d=90µs s=12402
INF http m=GET p=/api/v1/notifications/unread-count s=200 d=148µs s=25
INF http m=GET p=/registerSW.js s=200 d=38µs s=87
INF http m=GET p=/assets/vendor-C3WBU0hm.js s=200 d=104µs s=29762
INF http m=GET p=/api/v1/workspaces/4463PQ6LU000/members s=200 d=130µs s=132
INF http m=GET p=/assets/editor-vendor-Bje_VwYD.js s=200 d=119µs s=117396
INF http m=GET p=/api/v1/workspaces/4463PQ6LU000/nodes/4463PS10S000 s=200 d=705µs s=245
INF http m=GET p=/api/v1/workspaces/4463PQ6LU000/nodes/0/children s=200 d=754µs s=254
INF http m=GET p=/api/v1/auth/me s=200 d=544µs s=169
INF http m=GET p=/assets/en-BOb8f2G7.js s=200 d=59µs s=5207
INF http m=GET p=/sw.js s=200 d=119µs s=5540
INF http m=GET p=/api/v1/notifications/unread-count s=200 d=5.73ms s=25
INF http m=GET p=/favicon.png s=200 d=44µs s=449
INF http m=GET p=/registerSW.js s=200 d=37µs s=87
INF http m=GET p=/index.html s=200 d=34µs s=542
INF http m=GET p=/icon.svg s=200 d=28µs s=195
INF http m=GET p=/icon-512.png s=200 d=92µs s=6498
INF http m=GET p=/icon-192.png s=200 d=57µs s=2468
INF http m=GET p=/favicon.png s=200 d=24µs s=449
INF http m=GET p=/apple-touch-icon.png s=200 d=198µs s=2298
INF http m=POST p=/api/v1/organizations s=200 d=70.6ms s=352
INF http m=GET p=/assets/material-symbols-names-mOXCVt15.js s=200 d=55µs s=15793
INF http m=GET p=/api/v1/auth/me s=200 d=194µs s=256
INF http m=GET p=/assets/fr-CgauyyXq.js s=200 d=71µs s=6301
INF http m=GET p=/assets/es-DHO8DnB9.js s=200 d=76µs s=6015
INF http m=GET p=/assets/emoji-groups-tsNE8Axz.js s=200 d=96µs s=13852
INF http m=GET p=/assets/de-qJeflSp6.js s=200 d=76µs s=6245
INF http m=GET p=/assets/WorkspaceSettingsPanel-CsUOm22X.css s=200 d=36µs s=1025
INF http m=GET p=/assets/WorkspaceSettingsPanel-CM5oaFTF.js s=200 d=57µs s=4443
INF http m=GET p=/assets/ServerSettingsPanel-pbgISWIv.css s=200 d=30µs s=596
INF http m=GET p=/assets/ServerSettingsPanel-C8C6nm9a.js s=200 d=29µs s=2550
INF http m=GET p=/assets/ResourceQuotaForm-DTSj8Ta5.css s=200 d=16µs s=302
INF http m=GET p=/assets/ResourceQuotaForm-D6gJNn3N.js s=200 d=20µs s=812
INF http m=GET p=/assets/ProfileSettings-rthGIjGN.js s=200 d=63µs s=4319
INF http m=GET p=/assets/ProfileSettings-D5kbNfHV.css s=200 d=25µs s=1220
INF http m=GET p=/assets/OrgSettingsPanel-BP8s6T0h.css s=200 d=17µs s=511
INF http m=GET p=/assets/OrgSettingsPanel-B78NX7Vn.js s=200 d=26µs s=2302
INF http m=GET p=/assets/InviteForm-R7w4u6kW.js s=200 d=19µs s=1267
INF http m=GET p=/assets/InviteForm-CW-wgFWD.css s=200 d=20µs s=414
INF http m=GET p=/assets/Editor-BYBWY7b1.css s=200 d=27µs s=2240
INF http m=GET p=/assets/Editor-5FlZhQpN.js s=200 d=440µs s=13509
INF http m=GET p=/assets/AdminDashboard-R0heLGro.css s=200 d=18µs s=601
INF http m=GET p=/assets/AdminDashboard-D3Sw1IyX.js s=200 d=32µs s=2075
INF http m=GET p=/manifest.webmanifest s=200 d=19µs s=199
INF http m=GET p=/api/v1/workspaces/4463PQ6LU000/nodes/4463PUUU4000 s=200 d=323µs s=140
INF http m=POST p=/api/v1/organizations/4463Q0KGE000/workspaces s=200 d=255ms s=297
INF http m=GET p=/api/v1/workspaces/4463PQ6LU000/events s=200 d=429ms s=93
INF http m=POST p=/api/v1/auth/switch-workspace s=200 d=46.2ms s=580
INF http m=GET p=/api/v1/notifications/unread-count s=200 d=340µs s=25
INF http m=GET p=/api/v1/workspaces/4463Q13GI000/nodes/0/children s=200 d=289µs s=26
INF http m=GET p=/api/v1/workspaces/4463Q13GI000/members s=200 d=7.84ms s=132
INF http m=POST p=/api/v1/workspaces/4463Q13GI000/nodes/0/page/create s=200 d=37.7ms s=35
INF http m=GET p=/api/v1/workspaces/4463Q13GI000/nodes/0/children s=200 d=274µs s=257
INF http m=GET p=/api/v1/workspaces/4463Q13GI000/nodes/4463Q3BCE000 s=200 d=233µs s=245
INF http m=POST p=/api/v1/auth/register s=200 d=103ms s=391
INF http m=GET p=/ s=200 d=55µs s=542
INF http m=GET p=/registerSW.js s=200 d=61µs s=87
INF http m=GET p=/assets/editor-vendor-Bje_VwYD.js s=200 d=167µs s=117396
INF http m=GET p=/assets/index-DPQ8uk7g.css s=200 d=69µs s=12402
INF http m=GET p=/assets/index-SHhnYNGf.js s=200 d=96µs s=49792
INF http m=GET p=/assets/vendor-C3WBU0hm.js s=200 d=608µs s=29762
INF http m=GET p=/api/v1/auth/me s=200 d=230µs s=165
INF http m=GET p=/assets/en-BOb8f2G7.js s=200 d=241µs s=5207
INF http m=GET p=/api/v1/notifications/unread-count s=200 d=168µs s=25
INF http m=GET p=/favicon.png s=200 d=52µs s=449
INF http m=GET p=/sw.js s=200 d=67µs s=5540
INF http m=GET p=/registerSW.js s=200 d=48µs s=87
INF http m=GET p=/index.html s=200 d=34µs s=542
INF http m=GET p=/icon.svg s=200 d=20µs s=195
INF http m=GET p=/icon-512.png s=200 d=85µs s=6498
INF http m=POST p=/api/v1/organizations s=200 d=47.9ms s=350
INF http m=GET p=/icon-192.png s=200 d=74µs s=2468
INF http m=GET p=/api/v1/auth/me s=200 d=443µs s=251
INF http m=GET p=/favicon.png s=200 d=19µs s=449
INF http m=GET p=/apple-touch-icon.png s=200 d=26µs s=2298
INF http m=GET p=/assets/material-symbols-names-mOXCVt15.js s=200 d=62µs s=15793
INF http m=GET p=/assets/fr-CgauyyXq.js s=200 d=66µs s=6301
INF http m=GET p=/assets/es-DHO8DnB9.js s=200 d=42µs s=6015
INF http m=GET p=/assets/emoji-groups-tsNE8Axz.js s=200 d=73µs s=13852
INF http m=GET p=/assets/de-qJeflSp6.js s=200 d=79µs s=6245
INF http m=GET p=/assets/WorkspaceSettingsPanel-CsUOm22X.css s=200 d=22µs s=1025
INF http m=GET p=/assets/WorkspaceSettingsPanel-CM5oaFTF.js s=200 d=64µs s=4443
INF http m=GET p=/assets/ServerSettingsPanel-pbgISWIv.css s=200 d=22µs s=596
INF http m=GET p=/assets/ServerSettingsPanel-C8C6nm9a.js s=200 d=25µs s=2550
INF http m=GET p=/assets/ResourceQuotaForm-DTSj8Ta5.css s=200 d=20µs s=302
INF http m=GET p=/assets/ResourceQuotaForm-D6gJNn3N.js s=200 d=23µs s=812
INF http m=GET p=/assets/ProfileSettings-rthGIjGN.js s=200 d=410µs s=4319
INF http m=GET p=/assets/ProfileSettings-D5kbNfHV.css s=200 d=21µs s=1220
INF http m=GET p=/assets/OrgSettingsPanel-BP8s6T0h.css s=200 d=20µs s=511
INF http m=GET p=/assets/OrgSettingsPanel-B78NX7Vn.js s=200 d=83µs s=2302
INF http m=GET p=/assets/InviteForm-R7w4u6kW.js s=200 d=21µs s=1267
INF http m=GET p=/assets/InviteForm-CW-wgFWD.css s=200 d=22µs s=414
INF http m=GET p=/assets/Editor-BYBWY7b1.css s=200 d=26µs s=2240
INF http m=GET p=/assets/Editor-5FlZhQpN.js s=200 d=93µs s=13509
INF http m=GET p=/assets/AdminDashboard-R0heLGro.css s=200 d=20µs s=601
INF http m=GET p=/assets/AdminDashboard-D3Sw1IyX.js s=200 d=41µs s=2075
INF http m=GET p=/manifest.webmanifest s=200 d=23µs s=199
INF http m=POST p=/api/v1/organizations/4463Q55D6000/workspaces s=200 d=233ms s=297
INF http m=POST p=/api/v1/workspaces/4463Q13GI000/nodes/0/page/create s=200 d=194ms s=26
INF http m=GET p=/w/@4463Q13GI000+workspace/@4463Q3BCE000+welcome s=200 d=49µs s=542
INF http m=GET p=/api/v1/workspaces/4463Q13GI000/events s=200 d=630ms s=244
INF http m=POST p=/api/v1/auth/switch-workspace s=200 d=44ms s=621
INF http m=GET p=/api/v1/auth/me s=200 d=210µs s=358
INF http m=GET p=/api/v1/notifications/unread-count s=200 d=326µs s=25
INF http m=GET p=/api/v1/workspaces/4463Q5FO4000/nodes/0/children s=200 d=512µs s=26
INF http m=GET p=/api/v1/workspaces/4463Q5FO4000/members s=200 d=608µs s=126
INF http m=GET p=/api/v1/notifications/unread-count s=200 d=229µs s=25
INF http m=GET p=/api/v1/workspaces/4463Q13GI000/nodes/0/children s=200 d=281µs s=253
INF http m=GET p=/api/v1/workspaces/4463Q13GI000/members s=200 d=117µs s=132
INF http m=GET p=/api/v1/workspaces/4463Q13GI000/nodes/4463Q3BCE000 s=200 d=214µs s=245
INF http m=POST p=/api/v1/workspaces/4463Q5FO4000/nodes/0/page/create s=200 d=24.4ms s=35
INF http m=GET p=/api/v1/workspaces/4463Q5FO4000/nodes/0/children s=200 d=233µs s=257
INF http m=GET p=/api/v1/workspaces/4463Q5FO4000/nodes/4463Q7BAI000 s=200 d=262µs s=245
INF http m=GET p=/api/v1/workspaces/4463Q13GI000/nodes/4463Q5O76000 s=200 d=320µs s=135
INF http m=GET p=/api/v1/workspaces/4463Q13GI000/nodes/4463Q5O76000/page s=200 d=242µs s=127
INF http m=POST p=/api/v1/workspaces/4463Q5FO4000/nodes/0/page/create s=200 d=13.6ms s=26
INF http m=GET p=/api/v1/workspaces/4463Q13GI000/nodes/4463Q5O76000/page s=200 d=125µs s=127
INF http m=POST p=/api/v1/workspaces/4463Q5FO4000/nodes/0/page/create s=200 d=13.2ms s=26
INF http m=GET p=/w/@4463Q5FO4000+workspace/@4463Q7BAI000+welcome s=200 d=37µs s=542
INF http m=GET p=/api/v1/workspaces/4463Q5FO4000/events s=200 d=509ms s=258
INF http m=GET p=/api/v1/auth/me s=200 d=257µs s=355
INF http m=GET p=/api/v1/notifications/unread-count s=200 d=173µs s=25
INF http m=GET p=/api/v1/workspaces/4463Q5FO4000/nodes/4463Q7BAI000 s=200 d=257µs s=245
INF http m=GET p=/api/v1/workspaces/4463Q5FO4000/nodes/0/children s=200 d=512µs s=252
INF http m=GET p=/api/v1/workspaces/4463Q5FO4000/members s=200 d=348µs s=126
INF http m=GET p=/api/v1/workspaces/4463Q13GI000/nodes/4463Q5O76000/page s=200 d=247µs s=127
INF http m=GET p=/api/v1/workspaces/4463Q5FO4000/nodes/4463QA75U000 s=200 d=326µs s=124
INF http m=GET p=/api/v1/workspaces/4463Q5FO4000/nodes/4463QAA42000 s=200 d=336µs s=124
INF http m=GET p=/api/v1/workspaces/4463Q5FO4000/events s=200 d=555ms s=93
INF http m=GET p=/api/v1/nonexistent/route s=404 d=172µs s=14
INF http m=GET p=/ s=200 d=61µs s=542
INF http m=GET p=/api/v1/workspaces/4463Q13GI000/nodes/4463Q5O76000/page s=200 d=203µs s=127
INF http m=GET p=/assets/vendor-C3WBU0hm.js s=200 d=168µs s=29762
INF http m=GET p=/assets/editor-vendor-Bje_VwYD.js s=200 d=199µs s=117396
INF http m=GET p=/registerSW.js s=200 d=19µs s=87
INF http m=GET p=/assets/index-DPQ8uk7g.css s=200 d=68µs s=12402
INF http m=GET p=/assets/index-SHhnYNGf.js s=200 d=72µs s=49792
INF http m=GET p=/api/v1/auth/providers s=200 d=137µs s=59
INF http m=GET p=/assets/en-BOb8f2G7.js s=200 d=159µs s=5207
INF http m=GET p=/favicon.png s=200 d=79µs s=449
INF http m=GET p=/sw.js s=200 d=78µs s=5540
INF http m=GET p=/registerSW.js s=200 d=52µs s=87
INF http m=GET p=/index.html s=200 d=135µs s=542
INF http m=GET p=/icon.svg s=200 d=38µs s=195
INF http m=GET p=/api/v1/auth/providers s=200 d=642µs s=50
INF http m=GET p=/ s=200 d=60µs s=542
INF http m=GET p=/assets/index-SHhnYNGf.js s=200 d=143µs s=49792
INF http m=GET p=/assets/index-DPQ8uk7g.css s=200 d=96µs s=12402
INF http m=GET p=/assets/editor-vendor-Bje_VwYD.js s=200 d=136µs s=117396
INF http m=GET p=/assets/vendor-C3WBU0hm.js s=200 d=113µs s=29762
INF http m=GET p=/registerSW.js s=200 d=29µs s=87
INF http m=GET p=/assets/en-BOb8f2G7.js s=200 d=86µs s=5207
INF http m=GET p=/api/v1/auth/providers s=200 d=111µs s=59
INF http m=GET p=/favicon.png s=200 d=80µs s=449
INF http m=GET p=/sw.js s=200 d=83µs s=5540
INF http m=GET p=/registerSW.js s=200 d=40µs s=87
INF http m=GET p=/index.html s=200 d=37µs s=542
INF http m=GET p=/icon.svg s=200 d=29µs s=195
INF http m=GET p=/ s=200 d=53µs s=542
INF http m=GET p=/sw.js s=200 d=106µs s=5540
INF http m=GET p=/assets/index-SHhnYNGf.js s=200 d=139µs s=49792
INF http m=GET p=/assets/editor-vendor-Bje_VwYD.js s=200 d=134µs s=117396
INF http m=GET p=/assets/index-DPQ8uk7g.css s=200 d=70µs s=12402
INF http m=GET p=/assets/vendor-C3WBU0hm.js s=200 d=100µs s=29762
INF http m=GET p=/registerSW.js s=200 d=43µs s=87
INF http m=GET p=/assets/en-BOb8f2G7.js s=200 d=106µs s=5207
INF http m=GET p=/api/v1/auth/providers s=200 d=105µs s=59
INF http m=GET p=/favicon.png s=200 d=41µs s=449
INF http m=GET p=/sw.js s=200 d=59µs s=5540
INF http m=GET p=/registerSW.js s=200 d=33µs s=87
INF http m=GET p=/index.html s=200 d=39µs s=542
INF http m=GET p=/icon.svg s=200 d=30µs s=195
INF http m=GET p=/icon-512.png s=200 d=149µs s=6498
INF http m=GET p=/icon-192.png s=200 d=46µs s=2468
INF http m=GET p=/favicon.png s=200 d=30µs s=449
INF http m=GET p=/apple-touch-icon.png s=200 d=37µs s=2298
INF TEST_OAUTH: bypassing real OAuth, using fake account provider=microsoft
INF http m=GET p=/assets/material-symbols-names-mOXCVt15.js s=200 d=103µs s=15793
INF http m=GET p=/assets/fr-CgauyyXq.js s=200 d=91µs s=6301
INF http m=GET p=/assets/es-DHO8DnB9.js s=200 d=67µs s=6015
INF http m=GET p=/assets/emoji-groups-tsNE8Axz.js s=200 d=70µs s=13852
INF http m=GET p=/assets/de-qJeflSp6.js s=200 d=77µs s=6245
INF http m=GET p=/assets/WorkspaceSettingsPanel-CsUOm22X.css s=200 d=30µs s=1025
INF http m=GET p=/assets/WorkspaceSettingsPanel-CM5oaFTF.js s=200 d=45µs s=4443
INF http m=GET p=/assets/ServerSettingsPanel-pbgISWIv.css s=200 d=27µs s=596
INF http m=GET p=/assets/ServerSettingsPanel-C8C6nm9a.js s=200 d=31µs s=2550
INF http m=GET p=/assets/ResourceQuotaForm-DTSj8Ta5.css s=200 d=21µs s=302
INF http m=GET p=/assets/ResourceQuotaForm-D6gJNn3N.js s=200 d=21µs s=812
INF http m=GET p=/assets/ProfileSettings-rthGIjGN.js s=200 d=63µs s=4319
INF http m=GET p=/assets/ProfileSettings-D5kbNfHV.css s=200 d=23µs s=1220
INF OAuth: login successful, redirecting with token userID=4463QK9F8000 email=test-microsoft@example.com
INF http m=GET p=/api/v1/auth/oauth/microsoft s=302 d=140ms s=279
INF http m=GET p=/assets/OrgSettingsPanel-BP8s6T0h.css s=200 d=23µs s=511
INF http m=GET p=/ s=200 d=18µs s=542
INF http m=GET p=/assets/OrgSettingsPanel-B78NX7Vn.js s=200 d=32µs s=2302
INF http m=GET p=/registerSW.js s=200 d=31µs s=87
INF http m=GET p=/assets/InviteForm-R7w4u6kW.js s=200 d=28µs s=1267
INF http m=GET p=/assets/InviteForm-CW-wgFWD.css s=200 d=40µs s=414
INF http m=GET p=/assets/Editor-BYBWY7b1.css s=200 d=35µs s=2240
INF http m=GET p=/assets/Editor-5FlZhQpN.js s=200 d=63µs s=13509
INF http m=GET p=/api/v1/auth/me s=200 d=471µs s=232
INF http m=GET p=/assets/AdminDashboard-R0heLGro.css s=200 d=109µs s=601
INF http m=GET p=/assets/AdminDashboard-D3Sw1IyX.js s=200 d=27µs s=2075
INF http m=GET p=/manifest.webmanifest s=200 d=43µs s=199
INF http m=GET p=/api/v1/notifications/unread-count s=200 d=543µs s=25
INF http m=POST p=/api/v1/organizations s=200 d=33.2ms s=348
INF http m=GET p=/api/v1/workspaces/4463Q13GI000/nodes/4463Q5O76000/page s=200 d=168µs s=127
INF http m=GET p=/api/v1/auth/me s=200 d=498µs s=312
INF http m=POST p=/api/v1/organizations/4463QKVC2000/workspaces s=200 d=234ms s=298
INF http m=POST p=/api/v1/workspaces/4463Q13GI000/nodes/4463Q5O76000/page s=200 d=118ms s=35
INF http m=POST p=/api/v1/auth/switch-workspace s=200 d=32ms s=621
INF http m=GET p=/api/v1/notifications/unread-count s=200 d=210µs s=25
INF http m=GET p=/api/v1/workspaces/4463QL6M8000/nodes/0/children s=200 d=260µs s=26
INF http m=GET p=/api/v1/workspaces/4463QL6M8000/members s=200 d=123µs s=115
INF http m=POST p=/api/v1/workspaces/4463QL6M8000/nodes/0/page/create s=200 d=13.9ms s=35
INF http m=GET p=/api/v1/workspaces/4463QL6M8000/nodes/0/children s=200 d=188µs s=257
INF http m=GET p=/api/v1/workspaces/4463QL6M8000/nodes/4463QMUU2000 s=200 d=174µs s=245
INF http m=GET p=/api/v1/workspaces/4463QL6M8000/events s=200 d=510ms s=207
INF http m=GET p=/ s=200 d=65µs s=542
INF http m=GET p=/assets/index-SHhnYNGf.js s=200 d=132µs s=49792
INF http m=GET p=/assets/index-DPQ8uk7g.css s=200 d=128µs s=12402
INF http m=GET p=/registerSW.js s=200 d=32µs s=87
INF http m=GET p=/assets/vendor-C3WBU0hm.js s=200 d=91µs s=29762
INF http m=GET p=/assets/editor-vendor-Bje_VwYD.js s=200 d=158µs s=117396
INF http m=GET p=/assets/en-BOb8f2G7.js s=200 d=87µs s=5207
INF http m=GET p=/api/v1/auth/providers s=200 d=104µs s=59
INF http m=GET p=/api/v1/workspaces/4463Q13GI000/nodes/4463Q5O76000/page s=200 d=245µs s=125
INF http m=GET p=/sw.js s=200 d=87µs s=5540
INF http m=GET p=/favicon.png s=200 d=33µs s=449
INF http m=GET p=/api/v1/workspaces/4463Q13GI000/events s=200 d=3.29s s=208
INF http m=GET p=/registerSW.js s=200 d=37µs s=87
INF http m=GET p=/index.html s=200 d=43µs s=542
INF http m=GET p=/icon.svg s=200 d=37µs s=195
INF http m=GET p=/icon-512.png s=200 d=79µs s=6498
INF http m=GET p=/icon-192.png s=200 d=52µs s=2468
INF http m=GET p=/favicon.png s=200 d=73µs s=449
INF http m=GET p=/apple-touch-icon.png s=200 d=49µs s=2298
INF http m=GET p=/assets/material-symbols-names-mOXCVt15.js s=200 d=97µs s=15793
INF TEST_OAUTH: bypassing real OAuth, using fake account provider=google
INF http m=GET p=/assets/fr-CgauyyXq.js s=200 d=90µs s=6301
INF http m=GET p=/assets/es-DHO8DnB9.js s=200 d=68µs s=6015
INF http m=GET p=/ s=200 d=49µs s=542
INF http m=GET p=/assets/emoji-groups-tsNE8Axz.js s=200 d=76µs s=13852
INF http m=GET p=/assets/index-SHhnYNGf.js s=200 d=211µs s=49792
INF http m=GET p=/registerSW.js s=200 d=38µs s=87
INF http m=GET p=/assets/index-DPQ8uk7g.css s=200 d=85µs s=12402
INF http m=GET p=/assets/vendor-C3WBU0hm.js s=200 d=77µs s=29762
INF http m=GET p=/assets/editor-vendor-Bje_VwYD.js s=200 d=117µs s=117396
INF http m=GET p=/assets/de-qJeflSp6.js s=200 d=92µs s=6245
INF http m=GET p=/assets/WorkspaceSettingsPanel-CsUOm22X.css s=200 d=44µs s=1025
INF http m=GET p=/assets/WorkspaceSettingsPanel-CM5oaFTF.js s=200 d=62µs s=4443
INF http m=GET p=/assets/ServerSettingsPanel-pbgISWIv.css s=200 d=37µs s=596
INF http m=GET p=/assets/ServerSettingsPanel-C8C6nm9a.js s=200 d=83µs s=2550
INF http m=GET p=/api/v1/auth/me s=401 d=133µs s=27
INF OAuth: login successful, redirecting with token userID=4463QTCJ8000 email=test-google@example.com
INF http m=GET p=/api/v1/auth/oauth/google s=302 d=248ms s=275
INF http m=GET p=/assets/en-BOb8f2G7.js s=200 d=61µs s=5207
INF http m=GET p=/ s=200 d=24µs s=542
INF http m=GET p=/assets/ResourceQuotaForm-DTSj8Ta5.css s=200 d=31µs s=302
INF http m=POST p=/api/v1/auth/logout s=401 d=141µs s=27
INF http m=GET p=/assets/ResourceQuotaForm-D6gJNn3N.js s=200 d=40µs s=812
INF http m=GET p=/api/v1/auth/providers s=200 d=117µs s=59
INF http m=GET p=/registerSW.js s=200 d=28µs s=87
INF http m=GET p=/assets/ProfileSettings-rthGIjGN.js s=200 d=80µs s=4319
INF http m=GET p=/favicon.png s=200 d=29µs s=449
INF http m=GET p=/sw.js s=200 d=71µs s=5540
INF http m=GET p=/assets/ProfileSettings-D5kbNfHV.css s=200 d=44µs s=1220
INF http m=GET p=/assets/OrgSettingsPanel-BP8s6T0h.css s=200 d=37µs s=511
INF http m=GET p=/registerSW.js s=200 d=44µs s=87
INF http m=GET p=/assets/OrgSettingsPanel-B78NX7Vn.js s=200 d=43µs s=2302
INF http m=GET p=/assets/InviteForm-R7w4u6kW.js s=200 d=25µs s=1267
INF http m=GET p=/api/v1/auth/me s=200 d=463µs s=228
INF http m=GET p=/index.html s=200 d=27µs s=542
INF http m=GET p=/assets/InviteForm-CW-wgFWD.css s=200 d=34µs s=414
INF http m=GET p=/icon.svg s=200 d=19µs s=195
INF http m=GET p=/icon-512.png s=200 d=99µs s=6498
INF http m=GET p=/icon-192.png s=200 d=56µs s=2468
INF http m=GET p=/assets/Editor-BYBWY7b1.css s=200 d=32µs s=2240
INF http m=GET p=/assets/Editor-5FlZhQpN.js s=200 d=93µs s=13509
INF http m=GET p=/assets/AdminDashboard-R0heLGro.css s=200 d=47µs s=601
INF http m=GET p=/assets/AdminDashboard-D3Sw1IyX.js s=200 d=46µs s=2075
INF http m=GET p=/manifest.webmanifest s=200 d=36µs s=199
INF http m=GET p=/api/v1/notifications/unread-count s=200 d=708µs s=25
INF http m=POST p=/api/v1/organizations s=200 d=38.4ms s=358
INF http m=GET p=/api/v1/auth/me s=200 d=3.52ms s=311
INF http m=POST p=/api/v1/organizations/4463QV3GK000/workspaces s=200 d=353ms s=297
INF http m=POST p=/api/v1/auth/register s=200 d=322ms s=394
INF http m=GET p=/ s=200 d=47µs s=542
INF http m=GET p=/assets/index-SHhnYNGf.js s=200 d=133µs s=49792
INF http m=GET p=/assets/index-DPQ8uk7g.css s=200 d=88µs s=12402
INF http m=GET p=/assets/editor-vendor-Bje_VwYD.js s=200 d=139µs s=117396
INF http m=GET p=/registerSW.js s=200 d=22µs s=87
INF http m=GET p=/assets/vendor-C3WBU0hm.js s=200 d=204µs s=29762
INF http m=POST p=/api/v1/auth/switch-workspace s=200 d=44.5ms s=618
INF http m=GET p=/api/v1/notifications/unread-count s=200 d=156µs s=25
INF http m=GET p=/api/v1/workspaces/4463QVESU000/members s=200 d=611µs s=109
INF http m=GET p=/api/v1/workspaces/4463QVESU000/nodes/0/children s=200 d=2.61ms s=26
INF http m=POST p=/api/v1/workspaces/4463QVESU000/nodes/0/page/create s=200 d=15.9ms s=35
INF http m=GET p=/api/v1/workspaces/4463QVESU000/nodes/0/children s=200 d=407µs s=257
INF http m=GET p=/api/v1/workspaces/4463QVESU000/nodes/4463R20GO000 s=200 d=564µs s=245
INF http m=GET p=/api/v1/auth/me s=200 d=540µs s=167
INF http m=GET p=/assets/en-BOb8f2G7.js s=200 d=144µs s=5207
INF http m=GET p=/favicon.png s=200 d=39µs s=449
INF http m=GET p=/api/v1/notifications/unread-count s=200 d=146µs s=25
INF http m=GET p=/sw.js s=200 d=506µs s=5540
INF http m=GET p=/registerSW.js s=200 d=40µs s=87
INF http m=GET p=/index.html s=200 d=40µs s=542
INF http m=GET p=/icon.svg s=200 d=22µs s=195
INF http m=GET p=/icon-512.png s=200 d=57µs s=6498
INF http m=GET p=/icon-192.png s=200 d=30µs s=2468
INF http m=GET p=/favicon.png s=200 d=22µs s=449
INF http m=POST p=/api/v1/organizations s=200 d=44ms s=354
INF http m=GET p=/apple-touch-icon.png s=200 d=81µs s=2298
INF http m=GET p=/api/v1/auth/me s=200 d=2.03ms s=254
INF http m=GET p=/assets/material-symbols-names-mOXCVt15.js s=200 d=114µs s=15793
INF http m=GET p=/assets/fr-CgauyyXq.js s=200 d=101µs s=6301
INF http m=GET p=/assets/es-DHO8DnB9.js s=200 d=50µs s=6015
INF http m=GET p=/assets/emoji-groups-tsNE8Axz.js s=200 d=55µs s=13852
INF http m=GET p=/assets/de-qJeflSp6.js s=200 d=82µs s=6245
INF http m=GET p=/assets/WorkspaceSettingsPanel-CsUOm22X.css s=200 d=36µs s=1025
INF http m=GET p=/assets/WorkspaceSettingsPanel-CM5oaFTF.js s=200 d=93µs s=4443
INF http m=GET p=/assets/ServerSettingsPanel-pbgISWIv.css s=200 d=26µs s=596
INF http m=GET p=/assets/ServerSettingsPanel-C8C6nm9a.js s=200 d=31µs s=2550
INF http m=GET p=/assets/ResourceQuotaForm-DTSj8Ta5.css s=200 d=20µs s=302
INF http m=GET p=/assets/ResourceQuotaForm-D6gJNn3N.js s=200 d=22µs s=812
INF http m=GET p=/assets/ProfileSettings-rthGIjGN.js s=200 d=392µs s=4319
INF http m=GET p=/assets/ProfileSettings-D5kbNfHV.css s=200 d=22µs s=1220
INF http m=GET p=/assets/OrgSettingsPanel-BP8s6T0h.css s=200 d=20µs s=511
INF http m=GET p=/assets/OrgSettingsPanel-B78NX7Vn.js s=200 d=27µs s=2302
INF http m=GET p=/assets/InviteForm-R7w4u6kW.js s=200 d=22µs s=1267
INF http m=GET p=/assets/InviteForm-CW-wgFWD.css s=200 d=22µs s=414
INF http m=GET p=/assets/Editor-BYBWY7b1.css s=200 d=30µs s=2240
INF http m=GET p=/assets/Editor-5FlZhQpN.js s=200 d=65µs s=13509
INF http m=GET p=/assets/AdminDashboard-R0heLGro.css s=200 d=18µs s=601
INF http m=GET p=/assets/AdminDashboard-D3Sw1IyX.js s=200 d=29µs s=2075
INF http m=GET p=/manifest.webmanifest s=200 d=18µs s=199
INF http m=GET p=/api/v1/workspaces/4463QVESU000/events s=200 d=361ms s=208
INF http m=POST p=/api/v1/organizations/4463R2DME000/workspaces s=200 d=252ms s=302
INF http m=POST p=/api/v1/auth/switch-workspace s=200 d=41.8ms s=618
INF http m=GET p=/api/v1/notifications/unread-count s=200 d=455µs s=25
INF http m=GET p=/api/v1/workspaces/4463R2NI0000/members s=200 d=605µs s=120
INF http m=GET p=/api/v1/workspaces/4463R2NI0000/nodes/0/children s=200 d=16.5ms s=26
INF http m=POST p=/api/v1/workspaces/4463R2NI0000/nodes/0/page/create s=200 d=43.8ms s=35
INF http m=GET p=/api/v1/workspaces/4463R2NI0000/nodes/0/children s=200 d=250µs s=257
INF http m=GET p=/api/v1/workspaces/4463R2NI0000/nodes/4463R4SL6000 s=200 d=268µs s=245
INF http m=POST p=/api/v1/auth/register s=200 d=124ms s=390
INF http m=GET p=/ s=200 d=60µs s=542
INF http m=GET p=/assets/index-DPQ8uk7g.css s=200 d=108µs s=12402
INF http m=GET p=/registerSW.js s=200 d=25µs s=87
INF http m=GET p=/assets/editor-vendor-Bje_VwYD.js s=200 d=130µs s=117396
INF http m=GET p=/assets/vendor-C3WBU0hm.js s=200 d=76µs s=29762
INF http m=GET p=/assets/index-SHhnYNGf.js s=200 d=686µs s=49792
INF http m=GET p=/api/v1/auth/me s=200 d=234µs s=165
INF http m=GET p=/assets/en-BOb8f2G7.js s=200 d=60µs s=5207
INF http m=GET p=/favicon.png s=200 d=43µs s=449
INF http m=GET p=/sw.js s=200 d=495µs s=5540
INF http m=GET p=/api/v1/notifications/unread-count s=200 d=149µs s=25
INF http m=GET p=/registerSW.js s=200 d=43µs s=87
INF http m=GET p=/index.html s=200 d=29µs s=542
INF http m=GET p=/icon.svg s=200 d=24µs s=195
INF http m=GET p=/icon-512.png s=200 d=63µs s=6498
INF http m=GET p=/icon-192.png s=200 d=29µs s=2468
INF http m=GET p=/favicon.png s=200 d=36µs s=449
INF http m=GET p=/apple-touch-icon.png s=200 d=25µs s=2298
INF http m=GET p=/assets/material-symbols-names-mOXCVt15.js s=200 d=98µs s=15793
INF http m=POST p=/api/v1/organizations s=200 d=43.9ms s=351
INF http m=GET p=/api/v1/auth/me s=200 d=1.22ms s=250
INF http m=GET p=/assets/fr-CgauyyXq.js s=200 d=503µs s=6301
INF http m=GET p=/assets/es-DHO8DnB9.js s=200 d=56µs s=6015
INF http m=GET p=/assets/emoji-groups-tsNE8Axz.js s=200 d=53µs s=13852
INF http m=GET p=/assets/de-qJeflSp6.js s=200 d=84µs s=6245
INF http m=GET p=/assets/WorkspaceSettingsPanel-CsUOm22X.css s=200 d=31µs s=1025
INF http m=GET p=/assets/WorkspaceSettingsPanel-CM5oaFTF.js s=200 d=56µs s=4443
INF http m=GET p=/api/v1/workspaces/4463R2NI0000/events s=200 d=454ms s=202
INF http m=GET p=/assets/ServerSettingsPanel-pbgISWIv.css s=200 d=45µs s=596
INF http m=GET p=/assets/ServerSettingsPanel-C8C6nm9a.js s=200 d=39µs s=2550
INF http m=GET p=/assets/ResourceQuotaForm-DTSj8Ta5.css s=200 d=25µs s=302
INF http m=GET p=/assets/ResourceQuotaForm-D6gJNn3N.js s=200 d=28µs s=812
INF http m=GET p=/assets/ProfileSettings-rthGIjGN.js s=200 d=56µs s=4319
INF http m=GET p=/assets/ProfileSettings-D5kbNfHV.css s=200 d=34µs s=1220
INF http m=GET p=/assets/OrgSettingsPanel-BP8s6T0h.css s=200 d=25µs s=511
INF http m=GET p=/assets/OrgSettingsPanel-B78NX7Vn.js s=200 d=27µs s=2302
INF http m=GET p=/assets/InviteForm-R7w4u6kW.js s=200 d=23µs s=1267
INF http m=GET p=/assets/InviteForm-CW-wgFWD.css s=200 d=29µs s=414
INF http m=GET p=/assets/Editor-BYBWY7b1.css s=200 d=31µs s=2240
INF http m=GET p=/assets/Editor-5FlZhQpN.js s=200 d=58µs s=13509
INF http m=GET p=/assets/AdminDashboard-R0heLGro.css s=200 d=22µs s=601
INF http m=GET p=/assets/AdminDashboard-D3Sw1IyX.js s=200 d=50µs s=2075
INF http m=GET p=/manifest.webmanifest s=200 d=27µs s=199
INF http m=POST p=/api/v1/organizations/4463R6PNO000/workspaces s=200 d=382ms s=300
INF http m=POST p=/api/v1/auth/register s=200 d=192ms s=395
INF http m=POST p=/api/v1/auth/switch-workspace s=200 d=46.7ms s=574
INF http m=GET p=/ s=200 d=55µs s=542
INF http m=GET p=/api/v1/notifications/unread-count s=200 d=169µs s=25
INF http m=GET p=/api/v1/workspaces/4463R73IK000/nodes/0/children s=200 d=369µs s=26
INF http m=GET p=/assets/index-SHhnYNGf.js s=200 d=132µs s=49792
INF http m=GET p=/registerSW.js s=200 d=22µs s=87
INF http m=GET p=/assets/editor-vendor-Bje_VwYD.js s=200 d=107µs s=117396
INF http m=GET p=/assets/vendor-C3WBU0hm.js s=200 d=70µs s=29762
INF http m=GET p=/assets/index-DPQ8uk7g.css s=200 d=53µs s=12402
INF http m=GET p=/api/v1/workspaces/4463R73IK000/members s=200 d=32.6ms s=128
INF http m=POST p=/api/v1/workspaces/4463R73IK000/nodes/0/page/create s=200 d=35.6ms s=35
INF http m=GET p=/api/v1/workspaces/4463R73IK000/nodes/0/children s=200 d=300µs s=257
INF http m=GET p=/api/v1/workspaces/4463R73IK000/nodes/4463RA1OI000 s=200 d=389µs s=245
INF http m=GET p=/api/v1/auth/me s=200 d=508µs s=166
INF http m=GET p=/assets/en-BOb8f2G7.js s=200 d=57µs s=5207
INF http m=GET p=/api/v1/notifications/unread-count s=200 d=196µs s=25
INF http m=GET p=/favicon.png s=200 d=560µs s=449
INF http m=GET p=/sw.js s=200 d=48µs s=5540
INF http m=GET p=/registerSW.js s=200 d=43µs s=87
INF http m=GET p=/index.html s=200 d=27µs s=542
INF http m=GET p=/icon.svg s=200 d=18µs s=195
INF http m=GET p=/icon-512.png s=200 d=108µs s=6498
INF http m=GET p=/icon-192.png s=200 d=29µs s=2468
INF http m=POST p=/api/v1/organizations s=200 d=44.3ms s=353
INF http m=GET p=/favicon.png s=200 d=23µs s=449
INF http m=GET p=/api/v1/auth/me s=200 d=220µs s=253
INF http m=GET p=/apple-touch-icon.png s=200 d=23µs s=2298
INF http m=GET p=/assets/material-symbols-names-mOXCVt15.js s=200 d=88µs s=15793
INF http m=GET p=/assets/fr-CgauyyXq.js s=200 d=82µs s=6301
INF http m=GET p=/assets/es-DHO8DnB9.js s=200 d=973µs s=6015
INF http m=GET p=/assets/emoji-groups-tsNE8Axz.js s=200 d=102µs s=13852
INF http m=GET p=/assets/de-qJeflSp6.js s=200 d=76µs s=6245
INF http m=GET p=/assets/WorkspaceSettingsPanel-CsUOm22X.css s=200 d=39µs s=1025
INF http m=GET p=/assets/WorkspaceSettingsPanel-CM5oaFTF.js s=200 d=51µs s=4443
INF http m=GET p=/assets/ServerSettingsPanel-pbgISWIv.css s=200 d=22µs s=596
INF http m=GET p=/assets/ServerSettingsPanel-C8C6nm9a.js s=200 d=28µs s=2550
INF http m=GET p=/assets/ResourceQuotaForm-DTSj8Ta5.css s=200 d=27µs s=302
INF http m=GET p=/assets/ResourceQuotaForm-D6gJNn3N.js s=200 d=22µs s=812
INF http m=GET p=/assets/ProfileSettings-rthGIjGN.js s=200 d=47µs s=4319
INF http m=GET p=/assets/ProfileSettings-D5kbNfHV.css s=200 d=21µs s=1220
INF http m=GET p=/assets/OrgSettingsPanel-BP8s6T0h.css s=200 d=19µs s=511
INF http m=GET p=/assets/OrgSettingsPanel-B78NX7Vn.js s=200 d=22µs s=2302
INF http m=GET p=/assets/InviteForm-R7w4u6kW.js s=200 d=20µs s=1267
INF http m=GET p=/assets/InviteForm-CW-wgFWD.css s=200 d=63µs s=414
INF http m=GET p=/assets/Editor-BYBWY7b1.css s=200 d=36µs s=2240
INF http m=GET p=/assets/Editor-5FlZhQpN.js s=200 d=310µs s=13509
INF http m=GET p=/assets/AdminDashboard-R0heLGro.css s=200 d=23µs s=601
INF http m=GET p=/assets/AdminDashboard-D3Sw1IyX.js s=200 d=30µs s=2075
INF http m=GET p=/manifest.webmanifest s=200 d=25µs s=199
INF http m=POST p=/api/v1/organizations/4463RAPAA000/workspaces s=200 d=256ms s=303
INF http m=POST p=/api/v1/workspaces/4463R73IK000/nodes/0/page/create s=200 d=142ms s=26
INF http m=GET p=/w/@4463R73IK000+workspace/@4463RA1OI000+welcome s=200 d=33µs s=542
INF http m=GET p=/api/v1/workspaces/4463R73IK000/events s=200 d=476ms s=233
INF http m=POST p=/api/v1/auth/switch-workspace s=200 d=49.6ms s=577
INF http m=GET p=/api/v1/notifications/unread-count s=200 d=421µs s=25
INF http m=GET p=/api/v1/workspaces/4463RB2MG000/nodes/0/children s=200 d=679µs s=26
INF http m=GET p=/api/v1/workspaces/4463RB2MG000/members s=200 d=875µs s=130
INF http m=GET p=/api/v1/auth/me s=200 d=5.46ms s=351
INF http m=POST p=/api/v1/workspaces/4463RB2MG000/nodes/0/page/create s=200 d=28.9ms s=35
INF http m=GET p=/api/v1/workspaces/4463RB2MG000/nodes/0/children s=200 d=524µs s=257
INF http m=GET p=/api/v1/workspaces/4463RB2MG000/nodes/4463RD216000 s=200 d=296µs s=245
INF http m=GET p=/api/v1/notifications/unread-count s=200 d=91µs s=25
INF http m=GET p=/api/v1/workspaces/4463R73IK000/nodes/4463RA1OI000 s=200 d=260µs s=245
INF http m=GET p=/api/v1/workspaces/4463R73IK000/members s=200 d=346µs s=128
INF http m=GET p=/api/v1/workspaces/4463R73IK000/nodes/0/children s=200 d=9.72ms s=251
INF http m=GET p=/api/v1/workspaces/4463R73IK000/nodes/4463RBPR6000 s=200 d=253µs s=175
INF http m=POST p=/api/v1/workspaces/4463R73IK000/nodes/4463RBPR6000/delete s=200 d=14.5ms s=25
INF http m=GET p=/api/v1/workspaces/4463R73IK000/nodes/4463RA1OI000 s=200 d=245µs s=245
ERR Handler error err="page not found" statusCode=404 code=NOT_FOUND
INF http m=GET p=/api/v1/workspaces/4463R73IK000/nodes/4463RBPR6000/page s=404 d=221µs s=62
INF http m=GET p=/api/v1/workspaces/4463R73IK000/events s=200 d=220ms s=207
INF http m=POST p=/api/v1/auth/register s=200 d=105ms s=390
INF http m=POST p=/api/v1/workspaces/4463RB2MG000/nodes/0/page/create s=200 d=36.5ms s=26
INF http m=GET p=/ s=200 d=52µs s=542
INF http m=GET p=/w/@4463RB2MG000+workspace/@4463RD216000+welcome s=200 d=44µs s=542
INF http m=GET p=/api/v1/workspaces/4463RB2MG000/events s=200 d=526ms s=234
INF http m=GET p=/assets/index-SHhnYNGf.js s=200 d=137µs s=49792
INF http m=GET p=/assets/index-DPQ8uk7g.css s=200 d=138µs s=12402
INF http m=GET p=/assets/vendor-C3WBU0hm.js s=200 d=140µs s=29762
INF http m=GET p=/assets/editor-vendor-Bje_VwYD.js s=200 d=177µs s=117396
INF http m=GET p=/registerSW.js s=200 d=3.28ms s=87
INF http m=GET p=/api/v1/auth/me s=200 d=255µs s=357
INF http m=GET p=/api/v1/notifications/unread-count s=200 d=159µs s=25
INF http m=GET p=/api/v1/workspaces/4463RB2MG000/members s=200 d=648µs s=130
INF http m=GET p=/api/v1/workspaces/4463RB2MG000/nodes/4463RD216000 s=200 d=717µs s=245
INF http m=GET p=/api/v1/workspaces/4463RB2MG000/nodes/0/children s=200 d=560µs s=247
INF http m=GET p=/api/v1/auth/me s=200 d=4.77ms s=167
INF http m=GET p=/assets/en-BOb8f2G7.js s=200 d=96µs s=5207
INF http m=GET p=/api/v1/notifications/unread-count s=200 d=189µs s=25
INF http m=GET p=/favicon.png s=200 d=28µs s=449
INF http m=GET p=/sw.js s=200 d=86µs s=5540
INF http m=GET p=/api/v1/workspaces/4463RB2MG000/nodes/4463RFR0U000 s=200 d=237µs s=162
INF http m=GET p=/registerSW.js s=200 d=40µs s=87
INF http m=GET p=/index.html s=200 d=35µs s=542
INF http m=GET p=/icon.svg s=200 d=26µs s=195
INF http m=GET p=/icon-512.png s=200 d=57µs s=6498
INF http m=POST p=/api/v1/organizations s=200 d=67.1ms s=353
INF http m=GET p=/api/v1/auth/me s=200 d=146µs s=253
INF http m=GET p=/icon-192.png s=200 d=46µs s=2468
INF http m=GET p=/api/v1/workspaces/4463RB2MG000/events s=200 d=147ms s=93
INF http m=GET p=/favicon.png s=200 d=26µs s=449
INF http m=GET p=/apple-touch-icon.png s=200 d=52µs s=2298
INF http m=GET p=/assets/material-symbols-names-mOXCVt15.js s=200 d=131µs s=15793
INF http m=GET p=/assets/fr-CgauyyXq.js s=200 d=79µs s=6301
INF http m=GET p=/assets/es-DHO8DnB9.js s=200 d=78µs s=6015
INF http m=GET p=/assets/emoji-groups-tsNE8Axz.js s=200 d=107µs s=13852
INF http m=GET p=/assets/de-qJeflSp6.js s=200 d=89µs s=6245
INF http m=GET p=/assets/WorkspaceSettingsPanel-CsUOm22X.css s=200 d=31µs s=1025
INF http m=GET p=/assets/WorkspaceSettingsPanel-CM5oaFTF.js s=200 d=51µs s=4443
INF http m=GET p=/assets/ServerSettingsPanel-pbgISWIv.css s=200 d=26µs s=596
INF http m=GET p=/assets/ServerSettingsPanel-C8C6nm9a.js s=200 d=28µs s=2550
INF http m=GET p=/assets/ResourceQuotaForm-DTSj8Ta5.css s=200 d=31µs s=302
INF http m=GET p=/assets/ResourceQuotaForm-D6gJNn3N.js s=200 d=24µs s=812
INF http m=GET p=/assets/ProfileSettings-rthGIjGN.js s=200 d=92µs s=4319
INF http m=GET p=/assets/ProfileSettings-D5kbNfHV.css s=200 d=24µs s=1220
INF http m=GET p=/assets/OrgSettingsPanel-BP8s6T0h.css s=200 d=31µs s=511
INF http m=GET p=/assets/OrgSettingsPanel-B78NX7Vn.js s=200 d=48µs s=2302
INF http m=GET p=/assets/InviteForm-R7w4u6kW.js s=200 d=30µs s=1267
INF http m=GET p=/assets/InviteForm-CW-wgFWD.css s=200 d=24µs s=414
INF http m=GET p=/assets/Editor-BYBWY7b1.css s=200 d=32µs s=2240
INF http m=GET p=/assets/Editor-5FlZhQpN.js s=200 d=73µs s=13509
INF http m=GET p=/assets/AdminDashboard-R0heLGro.css s=200 d=28µs s=601
INF http m=GET p=/assets/AdminDashboard-D3Sw1IyX.js s=200 d=45µs s=2075
INF http m=GET p=/manifest.webmanifest s=200 d=29µs s=199
INF http m=POST p=/api/v1/organizations/4463RHCHG000/workspaces s=200 d=408ms s=301
INF http m=POST p=/api/v1/auth/register s=200 d=240ms s=403
INF http m=GET p=/ s=200 d=71µs s=542
INF http m=GET p=/assets/index-SHhnYNGf.js s=200 d=137µs s=49792
INF http m=GET p=/assets/index-DPQ8uk7g.css s=200 d=97µs s=12402
INF http m=GET p=/assets/editor-vendor-Bje_VwYD.js s=200 d=128µs s=117396
INF http m=GET p=/registerSW.js s=200 d=29µs s=87
INF http m=GET p=/assets/vendor-C3WBU0hm.js s=200 d=61µs s=29762
INF http m=POST p=/api/v1/auth/switch-workspace s=200 d=74.5ms s=577
INF http m=GET p=/api/v1/workspaces/4463RHR9S000/members s=200 d=227µs s=128
INF http m=GET p=/api/v1/notifications/unread-count s=200 d=4.98ms s=25
INF http m=GET p=/api/v1/workspaces/4463RHR9S000/nodes/0/children s=200 d=9.84ms s=26
INF http m=POST p=/api/v1/workspaces/4463RHR9S000/nodes/0/page/create s=200 d=24.3ms s=35
INF http m=GET p=/api/v1/workspaces/4463RHR9S000/nodes/0/children s=200 d=232µs s=257
INF http m=GET p=/api/v1/workspaces/4463RHR9S000/nodes/4463RL09C000 s=200 d=211µs s=245
INF http m=GET p=/api/v1/auth/me s=200 d=142µs s=173
INF http m=GET p=/assets/en-BOb8f2G7.js s=200 d=85µs s=5207
INF http m=GET p=/favicon.png s=200 d=39µs s=449
INF http m=GET p=/api/v1/notifications/unread-count s=200 d=545µs s=25
INF http m=GET p=/sw.js s=200 d=112µs s=5540
INF http m=GET p=/registerSW.js s=200 d=42µs s=87
INF http m=GET p=/index.html s=200 d=34µs s=542
INF http m=GET p=/icon.svg s=200 d=23µs s=195
INF http m=POST p=/api/v1/organizations s=200 d=49.1ms s=355
INF http m=GET p=/icon-512.png s=200 d=54µs s=6498
INF http m=GET p=/api/v1/auth/me s=200 d=1.15ms s=257
INF http m=GET p=/icon-192.png s=200 d=26µs s=2468
INF http m=GET p=/favicon.png s=200 d=17µs s=449
INF http m=GET p=/apple-touch-icon.png s=200 d=26µs s=2298
INF http m=GET p=/assets/material-symbols-names-mOXCVt15.js s=200 d=67µs s=15793
INF http m=GET p=/assets/fr-CgauyyXq.js s=200 d=374µs s=6301
INF http m=GET p=/assets/es-DHO8DnB9.js s=200 d=40µs s=6015
INF http m=GET p=/assets/emoji-groups-tsNE8Axz.js s=200 d=74µs s=13852
INF http m=GET p=/assets/de-qJeflSp6.js s=200 d=394µs s=6245
INF http m=GET p=/assets/WorkspaceSettingsPanel-CsUOm22X.css s=200 d=26µs s=1025
INF http m=GET p=/assets/WorkspaceSettingsPanel-CM5oaFTF.js s=200 d=50µs s=4443
INF http m=GET p=/assets/ServerSettingsPanel-pbgISWIv.css s=200 d=31µs s=596
INF http m=GET p=/assets/ServerSettingsPanel-C8C6nm9a.js s=200 d=31µs s=2550
INF http m=GET p=/assets/ResourceQuotaForm-DTSj8Ta5.css s=200 d=20µs s=302
INF http m=GET p=/assets/ResourceQuotaForm-D6gJNn3N.js s=200 d=21µs s=812
INF http m=GET p=/assets/ProfileSettings-rthGIjGN.js s=200 d=52µs s=4319
INF http m=GET p=/assets/ProfileSettings-D5kbNfHV.css s=200 d=22µs s=1220
INF http m=GET p=/assets/OrgSettingsPanel-BP8s6T0h.css s=200 d=21µs s=511
INF http m=GET p=/assets/OrgSettingsPanel-B78NX7Vn.js s=200 d=26µs s=2302
INF http m=GET p=/assets/InviteForm-R7w4u6kW.js s=200 d=56µs s=1267
INF http m=GET p=/assets/InviteForm-CW-wgFWD.css s=200 d=21µs s=414
INF http m=GET p=/assets/Editor-BYBWY7b1.css s=200 d=24µs s=2240
INF http m=GET p=/assets/Editor-5FlZhQpN.js s=200 d=61µs s=13509
INF http m=GET p=/assets/AdminDashboard-R0heLGro.css s=200 d=22µs s=601
INF http m=GET p=/assets/AdminDashboard-D3Sw1IyX.js s=200 d=35µs s=2075
INF http m=GET p=/manifest.webmanifest s=200 d=21µs s=199
INF http m=POST p=/api/v1/organizations/4463RLB70000/workspaces s=200 d=253ms s=302
INF http m=POST p=/api/v1/workspaces/4463RHR9S000/nodes/0/page/create s=200 d=104ms s=26
INF http m=GET p=/w/@4463RHR9S000+workspace/@4463RL09C000+welcome s=200 d=36µs s=542
INF http m=GET p=/api/v1/workspaces/4463RHR9S000/events s=200 d=397ms s=230
INF http m=POST p=/api/v1/auth/switch-workspace s=200 d=39.7ms s=572
INF http m=GET p=/api/v1/workspaces/4463RLLQI000/nodes/0/children s=200 d=284µs s=26
INF http m=GET p=/api/v1/workspaces/4463RLLQI000/members s=200 d=214µs s=123
INF http m=GET p=/api/v1/notifications/unread-count s=200 d=5.71ms s=25
INF http m=GET p=/api/v1/auth/me s=200 d=519µs s=353
INF http m=POST p=/api/v1/workspaces/4463RLLQI000/nodes/0/page/create s=200 d=27.2ms s=35
INF http m=GET p=/api/v1/workspaces/4463RLLQI000/nodes/0/children s=200 d=514µs s=257
INF http m=GET p=/api/v1/notifications/unread-count s=200 d=99µs s=25
INF http m=GET p=/api/v1/workspaces/4463RHR9S000/nodes/4463RL09C000 s=200 d=4.24ms s=245
INF http m=GET p=/api/v1/workspaces/4463RLLQI000/nodes/4463RNJO4000 s=200 d=4.55ms s=245
INF http m=GET p=/api/v1/workspaces/4463RHR9S000/nodes/0/children s=200 d=2.78ms s=246
INF http m=GET p=/api/v1/workspaces/4463RHR9S000/members s=200 d=9.31ms s=128
INF http m=GET p=/api/v1/workspaces/4463RHR9S000/nodes/4463RMK2S000 s=200 d=438µs s=129
INF http m=POST p=/api/v1/workspaces/4463RLLQI000/nodes/0/page/create s=200 d=13.3ms s=26
INF http m=GET p=/w/@4463RLLQI000+workspace/@4463RNJO4000+welcome s=200 d=30µs s=542
INF http m=GET p=/api/v1/workspaces/4463RLLQI000/events s=200 d=489ms s=232
INF http m=GET p=/api/v1/auth/me s=200 d=2.66ms s=358
INF http m=GET p=/api/v1/notifications/unread-count s=200 d=167µs s=25
INF http m=GET p=/api/v1/workspaces/4463RLLQI000/nodes/4463RNJO4000 s=200 d=1.25ms s=245
INF http m=GET p=/api/v1/workspaces/4463RLLQI000/nodes/0/children s=200 d=3ms s=248
INF http m=GET p=/api/v1/workspaces/4463RLLQI000/members s=200 d=2.26ms s=123
INF http m=GET p=/api/v1/workspaces/4463RLLQI000/nodes/4463RQDMO000 s=200 d=546µs s=137
INF http m=GET p=/sw.js s=200 d=122µs s=5540
INF http m=GET p=/sw.js s=200 d=134µs s=5540
INF http m=POST p=/api/v1/workspaces/4463RHR9S000/nodes/4463RMK2S000/page s=200 d=13.7ms s=35
INF http m=GET p=/api/v1/workspaces/4463RHR9S000/nodes/4463RMK2S000/page s=200 d=237µs s=118
INF http m=GET p=/api/v1/workspaces/4463RHR9S000/events s=200 d=2.43s s=207
INF http m=POST p=/api/v1/auth/register s=200 d=111ms s=392
INF http m=GET p=/ s=200 d=55µs s=542
INF http m=GET p=/assets/index-SHhnYNGf.js s=200 d=178µs s=49792
INF http m=GET p=/registerSW.js s=200 d=37µs s=87
INF http m=GET p=/assets/vendor-C3WBU0hm.js s=200 d=91µs s=29762
INF http m=GET p=/assets/editor-vendor-Bje_VwYD.js s=200 d=117µs s=117396
INF http m=GET p=/assets/index-DPQ8uk7g.css s=200 d=67µs s=12402
INF http m=GET p=/api/v1/auth/me s=200 d=515µs s=166
INF http m=GET p=/assets/en-BOb8f2G7.js s=200 d=1.25ms s=5207
INF http m=GET p=/api/v1/notifications/unread-count s=200 d=301µs s=25
INF http m=GET p=/sw.js s=200 d=119µs s=5540
INF http m=GET p=/favicon.png s=200 d=24µs s=449
INF http m=GET p=/registerSW.js s=200 d=53µs s=87
INF http m=GET p=/index.html s=200 d=30µs s=542
INF http m=GET p=/icon.svg s=200 d=18µs s=195
INF http m=GET p=/icon-512.png s=200 d=64µs s=6498
INF http m=GET p=/icon-192.png s=200 d=36µs s=2468
INF http m=GET p=/favicon.png s=200 d=18µs s=449
INF http m=POST p=/api/v1/organizations s=200 d=55.5ms s=352
INF http m=GET p=/api/v1/auth/me s=200 d=511µs s=253
INF http m=GET p=/apple-touch-icon.png s=200 d=27µs s=2298
INF http m=GET p=/assets/material-symbols-names-mOXCVt15.js s=200 d=120µs s=15793
INF http m=GET p=/assets/fr-CgauyyXq.js s=200 d=324µs s=6301
INF http m=GET p=/assets/es-DHO8DnB9.js s=200 d=87µs s=6015
INF http m=GET p=/assets/emoji-groups-tsNE8Axz.js s=200 d=73µs s=13852
INF http m=GET p=/assets/de-qJeflSp6.js s=200 d=91µs s=6245
INF http m=GET p=/assets/WorkspaceSettingsPanel-CsUOm22X.css s=200 d=27µs s=1025
INF http m=GET p=/assets/WorkspaceSettingsPanel-CM5oaFTF.js s=200 d=43µs s=4443
INF http m=GET p=/assets/ServerSettingsPanel-pbgISWIv.css s=200 d=19µs s=596
INF http m=GET p=/assets/ServerSettingsPanel-C8C6nm9a.js s=200 d=36µs s=2550
INF http m=GET p=/assets/ResourceQuotaForm-DTSj8Ta5.css s=200 d=20µs s=302
INF http m=GET p=/assets/ResourceQuotaForm-D6gJNn3N.js s=200 d=18µs s=812
INF http m=GET p=/assets/ProfileSettings-rthGIjGN.js s=200 d=45µs s=4319
INF http m=GET p=/assets/ProfileSettings-D5kbNfHV.css s=200 d=25µs s=1220
INF http m=GET p=/assets/OrgSettingsPanel-BP8s6T0h.css s=200 d=19µs s=511
INF http m=GET p=/assets/OrgSettingsPanel-B78NX7Vn.js s=200 d=25µs s=2302
INF http m=GET p=/assets/InviteForm-R7w4u6kW.js s=200 d=29µs s=1267
INF http m=GET p=/assets/InviteForm-CW-wgFWD.css s=200 d=38µs s=414
INF http m=GET p=/assets/Editor-BYBWY7b1.css s=200 d=35µs s=2240
INF http m=GET p=/assets/Editor-5FlZhQpN.js s=200 d=79µs s=13509
INF http m=GET p=/assets/AdminDashboard-R0heLGro.css s=200 d=29µs s=601
INF http m=GET p=/assets/AdminDashboard-D3Sw1IyX.js s=200 d=26µs s=2075
INF http m=GET p=/manifest.webmanifest s=200 d=21µs s=199
INF http m=POST p=/api/v1/organizations/4463S8UHQ000/workspaces s=200 d=254ms s=301
INF http m=POST p=/api/v1/auth/switch-workspace s=200 d=30.1ms s=577
INF http m=GET p=/api/v1/notifications/unread-count s=200 d=139µs s=25
INF http m=GET p=/api/v1/workspaces/4463S9A2I000/nodes/0/children s=200 d=218µs s=26
INF http m=GET p=/api/v1/workspaces/4463S9A2I000/members s=200 d=366µs s=128
INF http m=POST p=/api/v1/workspaces/4463S9A2I000/nodes/0/page/create s=200 d=18.3ms s=35
INF http m=GET p=/api/v1/workspaces/4463S9A2I000/nodes/0/children s=200 d=192µs s=257
INF http m=GET p=/api/v1/workspaces/4463S9A2I000/nodes/4463SB42C000 s=200 d=276µs s=245
INF http m=POST p=/api/v1/workspaces/4463S9A2I000/nodes/0/page/create s=200 d=14.3ms s=26
INF http m=POST p=/api/v1/workspaces/4463S9A2I000/nodes/0/page/create s=200 d=12.8ms s=26
INF http m=GET p=/w/@4463S9A2I000+workspace/@4463SB42C000+welcome s=200 d=46µs s=542
INF http m=GET p=/api/v1/workspaces/4463S9A2I000/events s=200 d=508ms s=261
INF http m=GET p=/api/v1/auth/me s=200 d=874µs s=354
INF http m=GET p=/api/v1/notifications/unread-count s=200 d=713µs s=25
INF http m=GET p=/api/v1/workspaces/4463S9A2I000/nodes/0/children s=200 d=690µs s=263
INF http m=GET p=/api/v1/workspaces/4463S9A2I000/members s=200 d=439µs s=128
INF http m=GET p=/api/v1/workspaces/4463S9A2I000/nodes/4463SB42C000 s=200 d=681µs s=245
INF http m=GET p=/api/v1/workspaces/4463S9A2I000/nodes/4463SDVUS000 s=200 d=362µs s=131
INF http m=GET p=/api/v1/workspaces/4463S9A2I000/nodes/4463SE30K000 s=200 d=285µs s=131
INF http m=GET p=/api/v1/workspaces/4463S9A2I000/nodes/4463SDVUS000 s=200 d=281µs s=131
INF http m=GET p=/api/v1/workspaces/4463S9A2I000/nodes/4463SE30K000 s=200 d=272µs s=131
INF http m=GET p=/api/v1/workspaces/4463S9A2I000/events s=200 d=266ms s=93
INF http m=POST p=/api/v1/auth/register s=200 d=114ms s=386
INF http m=GET p=/ s=200 d=58µs s=542
INF http m=GET p=/assets/index-SHhnYNGf.js s=200 d=154µs s=49792
INF http m=GET p=/assets/index-DPQ8uk7g.css s=200 d=98µs s=12402
INF http m=GET p=/registerSW.js s=200 d=43µs s=87
INF http m=GET p=/assets/vendor-C3WBU0hm.js s=200 d=94µs s=29762
INF http m=GET p=/assets/editor-vendor-Bje_VwYD.js s=200 d=135µs s=117396
INF http m=GET p=/api/v1/auth/me s=200 d=241µs s=165
INF http m=GET p=/assets/en-BOb8f2G7.js s=200 d=65µs s=5207
INF http m=GET p=/sw.js s=200 d=87µs s=5540
INF http m=GET p=/api/v1/notifications/unread-count s=200 d=145µs s=25
INF http m=GET p=/favicon.png s=200 d=34µs s=449
INF http m=GET p=/registerSW.js s=200 d=21µs s=87
INF http m=GET p=/index.html s=200 d=31µs s=542
INF http m=GET p=/icon.svg s=200 d=19µs s=195
INF http m=GET p=/icon-512.png s=200 d=35µs s=6498
INF http m=GET p=/icon-192.png s=200 d=25µs s=2468
INF http m=GET p=/favicon.png s=200 d=23µs s=449
INF http m=GET p=/apple-touch-icon.png s=200 d=23µs s=2298
INF http m=GET p=/assets/material-symbols-names-mOXCVt15.js s=200 d=89µs s=15793
INF http m=POST p=/api/v1/organizations s=200 d=50.7ms s=351
INF http m=GET p=/api/v1/auth/me s=200 d=269µs s=250
INF http m=GET p=/assets/fr-CgauyyXq.js s=200 d=62µs s=6301
INF http m=GET p=/assets/es-DHO8DnB9.js s=200 d=62µs s=6015
INF http m=GET p=/assets/emoji-groups-tsNE8Axz.js s=200 d=100µs s=13852
INF http m=GET p=/assets/de-qJeflSp6.js s=200 d=89µs s=6245
INF http m=GET p=/assets/WorkspaceSettingsPanel-CsUOm22X.css s=200 d=25µs s=1025
INF http m=GET p=/assets/WorkspaceSettingsPanel-CM5oaFTF.js s=200 d=56µs s=4443
INF http m=GET p=/assets/ServerSettingsPanel-pbgISWIv.css s=200 d=23µs s=596
INF http m=GET p=/assets/ServerSettingsPanel-C8C6nm9a.js s=200 d=23µs s=2550
INF http m=GET p=/assets/ResourceQuotaForm-DTSj8Ta5.css s=200 d=21µs s=302
INF http m=GET p=/assets/ResourceQuotaForm-D6gJNn3N.js s=200 d=17µs s=812
INF http m=GET p=/assets/ProfileSettings-rthGIjGN.js s=200 d=79µs s=4319
INF http m=GET p=/assets/ProfileSettings-D5kbNfHV.css s=200 d=22µs s=1220
INF http m=GET p=/assets/OrgSettingsPanel-BP8s6T0h.css s=200 d=22µs s=511
INF http m=GET p=/assets/OrgSettingsPanel-B78NX7Vn.js s=200 d=37µs s=2302
INF http m=GET p=/assets/InviteForm-R7w4u6kW.js s=200 d=25µs s=1267
INF http m=GET p=/assets/InviteForm-CW-wgFWD.css s=200 d=24µs s=414
INF http m=GET p=/assets/Editor-BYBWY7b1.css s=200 d=20µs s=2240
INF http m=GET p=/assets/Editor-5FlZhQpN.js s=200 d=50µs s=13509
INF http m=GET p=/assets/AdminDashboard-R0heLGro.css s=200 d=20µs s=601
INF http m=GET p=/assets/AdminDashboard-D3Sw1IyX.js s=200 d=58µs s=2075
INF http m=GET p=/manifest.webmanifest s=200 d=18µs s=199
INF http m=POST p=/api/v1/organizations/4463SIELG000/workspaces s=200 d=252ms s=300
INF http m=POST p=/api/v1/auth/switch-workspace s=200 d=28.6ms s=553
INF http m=GET p=/api/v1/notifications/unread-count s=200 d=487µs s=25
INF http m=GET p=/api/v1/workspaces/4463SIPQC000/nodes/0/children s=200 d=282µs s=26
INF http m=GET p=/api/v1/workspaces/4463SIPQC000/members s=200 d=796µs s=122
INF http m=POST p=/api/v1/workspaces/4463SIPQC000/nodes/0/page/create s=200 d=15.2ms s=35
INF http m=GET p=/api/v1/workspaces/4463SIPQC000/nodes/0/children s=200 d=181µs s=257
INF http m=GET p=/api/v1/workspaces/4463SIPQC000/nodes/4463SKJ7C000 s=200 d=167µs s=245
INF http m=POST p=/api/v1/workspaces/4463SIPQC000/nodes/0/page/create s=200 d=12.9ms s=26
INF http m=GET p=/w/@4463SIPQC000+workspace/@4463SKJ7C000+welcome s=200 d=45µs s=542
INF http m=GET p=/api/v1/workspaces/4463SIPQC000/events s=200 d=484ms s=232
INF http m=GET p=/api/v1/auth/me s=200 d=305µs s=350
INF http m=GET p=/api/v1/notifications/unread-count s=200 d=176µs s=25
INF http m=GET p=/api/v1/workspaces/4463SIPQC000/nodes/0/children s=200 d=296µs s=246
INF http m=GET p=/api/v1/workspaces/4463SIPQC000/nodes/4463SKJ7C000 s=200 d=153µs s=245
INF http m=GET p=/api/v1/workspaces/4463SIPQC000/members s=200 d=115µs s=122
INF http m=GET p=/api/v1/workspaces/4463SIPQC000/nodes/4463SNDAO000 s=200 d=272µs s=163
INF http m=GET p=/api/v1/workspaces/4463SIPQC000/events s=200 d=82ms s=93
INF http m=POST p=/api/v1/auth/register s=200 d=111ms s=391
INF http m=GET p=/ s=200 d=70µs s=542
INF http m=GET p=/assets/index-SHhnYNGf.js s=200 d=162µs s=49792
INF http m=GET p=/assets/index-DPQ8uk7g.css s=200 d=74µs s=12402
INF http m=GET p=/assets/editor-vendor-Bje_VwYD.js s=200 d=202µs s=117396
INF http m=GET p=/assets/vendor-C3WBU0hm.js s=200 d=143µs s=29762
INF http m=GET p=/registerSW.js s=200 d=38µs s=87
INF http m=GET p=/api/v1/auth/me s=200 d=221µs s=163
INF http m=GET p=/assets/en-BOb8f2G7.js s=200 d=107µs s=5207
INF http m=GET p=/sw.js s=200 d=86µs s=5540
INF http m=GET p=/api/v1/notifications/unread-count s=200 d=144µs s=25
INF http m=GET p=/registerSW.js s=200 d=35µs s=87
INF http m=GET p=/favicon.png s=200 d=19µs s=449
INF http m=GET p=/index.html s=200 d=53µs s=542
INF http m=GET p=/icon.svg s=200 d=25µs s=195
INF http m=GET p=/icon-512.png s=200 d=58µs s=6498
INF http m=GET p=/icon-192.png s=200 d=29µs s=2468
INF http m=POST p=/api/v1/organizations s=200 d=47.5ms s=351
INF http m=GET p=/api/v1/auth/me s=200 d=180µs s=251
INF http m=GET p=/favicon.png s=200 d=16µs s=449
INF http m=GET p=/apple-touch-icon.png s=200 d=30µs s=2298
INF http m=GET p=/assets/material-symbols-names-mOXCVt15.js s=200 d=74µs s=15793
INF http m=GET p=/assets/fr-CgauyyXq.js s=200 d=89µs s=6301
INF http m=GET p=/assets/es-DHO8DnB9.js s=200 d=54µs s=6015
INF http m=GET p=/assets/emoji-groups-tsNE8Axz.js s=200 d=147µs s=13852
INF http m=GET p=/assets/de-qJeflSp6.js s=200 d=65µs s=6245
INF http m=GET p=/assets/WorkspaceSettingsPanel-CsUOm22X.css s=200 d=29µs s=1025
INF http m=GET p=/assets/WorkspaceSettingsPanel-CM5oaFTF.js s=200 d=70µs s=4443
INF http m=GET p=/assets/ServerSettingsPanel-pbgISWIv.css s=200 d=23µs s=596
INF http m=GET p=/assets/ServerSettingsPanel-C8C6nm9a.js s=200 d=28µs s=2550
INF http m=GET p=/assets/ResourceQuotaForm-DTSj8Ta5.css s=200 d=19µs s=302
INF http m=GET p=/assets/ResourceQuotaForm-D6gJNn3N.js s=200 d=21µs s=812
INF http m=GET p=/assets/ProfileSettings-rthGIjGN.js s=200 d=45µs s=4319
INF http m=GET p=/assets/ProfileSettings-D5kbNfHV.css s=200 d=25µs s=1220
INF http m=GET p=/assets/OrgSettingsPanel-BP8s6T0h.css s=200 d=20µs s=511
INF http m=GET p=/assets/OrgSettingsPanel-B78NX7Vn.js s=200 d=25µs s=2302
INF http m=GET p=/assets/InviteForm-R7w4u6kW.js s=200 d=20µs s=1267
INF http m=GET p=/assets/InviteForm-CW-wgFWD.css s=200 d=29µs s=414
INF http m=GET p=/assets/Editor-BYBWY7b1.css s=200 d=28µs s=2240
INF http m=GET p=/assets/Editor-5FlZhQpN.js s=200 d=50µs s=13509
INF http m=GET p=/assets/AdminDashboard-R0heLGro.css s=200 d=20µs s=601
INF http m=GET p=/assets/AdminDashboard-D3Sw1IyX.js s=200 d=26µs s=2075
INF http m=GET p=/manifest.webmanifest s=200 d=20µs s=199
INF http m=POST p=/api/v1/organizations/4463SQSBG000/workspaces s=200 d=259ms s=301
INF http m=POST p=/api/v1/auth/switch-workspace s=200 d=34.1ms s=613
INF http m=GET p=/api/v1/notifications/unread-count s=200 d=209µs s=25
INF http m=GET p=/api/v1/workspaces/4463SR6ME000/nodes/0/children s=200 d=222µs s=26
INF http m=GET p=/api/v1/workspaces/4463SR6ME000/members s=200 d=137µs s=126
INF http m=POST p=/api/v1/workspaces/4463SR6ME000/nodes/0/page/create s=200 d=13.8ms s=35
INF http m=GET p=/api/v1/workspaces/4463SR6ME000/nodes/0/children s=200 d=187µs s=257
INF http m=GET p=/api/v1/workspaces/4463SR6ME000/nodes/4463ST3LC000 s=200 d=164µs s=245
INF http m=POST p=/api/v1/workspaces/4463SR6ME000/nodes/0/page/create s=200 d=13.5ms s=26
INF http m=GET p=/w/@4463SR6ME000/@4463SVSG4000 s=200 d=28µs s=542
INF http m=GET p=/api/v1/workspaces/4463SR6ME000/events s=200 d=484ms s=233
INF http m=GET p=/api/v1/auth/me s=200 d=256µs s=356
INF http m=GET p=/api/v1/notifications/unread-count s=200 d=164µs s=25
INF http m=GET p=/api/v1/workspaces/4463SR6ME000/members s=200 d=118µs s=126
INF http m=GET p=/api/v1/workspaces/4463SR6ME000/nodes/0/children s=200 d=267µs s=249
INF http m=GET p=/api/v1/workspaces/4463SR6ME000/nodes/4463SVSG4000 s=200 d=183µs s=138
INF http m=GET p=/api/v1/workspaces/4463SR6ME000/events s=200 d=26.7ms s=93
INF http m=POST p=/api/v1/auth/register s=200 d=102ms s=409
INF http m=GET p=/ s=200 d=69µs s=542
INF http m=GET p=/assets/index-SHhnYNGf.js s=200 d=139µs s=49792
INF http m=GET p=/assets/editor-vendor-Bje_VwYD.js s=200 d=125µs s=117396
INF http m=GET p=/assets/vendor-C3WBU0hm.js s=200 d=86µs s=29762
INF http m=GET p=/assets/index-DPQ8uk7g.css s=200 d=1.58ms s=12402
INF http m=GET p=/registerSW.js s=200 d=26µs s=87
INF http m=GET p=/assets/en-BOb8f2G7.js s=200 d=83µs s=5207
INF http m=GET p=/api/v1/auth/me s=200 d=201µs s=167
INF http m=GET p=/api/v1/notifications/unread-count s=200 d=163µs s=25
INF http m=GET p=/favicon.png s=200 d=36µs s=449
INF http m=GET p=/sw.js s=200 d=58µs s=5540
INF http m=GET p=/registerSW.js s=200 d=36µs s=87
INF http m=GET p=/index.html s=200 d=36µs s=542
INF http m=GET p=/icon.svg s=200 d=19µs s=195
INF http m=GET p=/icon-512.png s=200 d=52µs s=6498
INF http m=GET p=/icon-192.png s=200 d=26µs s=2468
INF http m=GET p=/favicon.png s=200 d=22µs s=449
INF http m=GET p=/apple-touch-icon.png s=200 d=31µs s=2298
INF http m=POST p=/api/v1/organizations s=200 d=52.1ms s=355
INF http m=GET p=/api/v1/auth/me s=200 d=179µs s=252
INF http m=GET p=/assets/material-symbols-names-mOXCVt15.js s=200 d=79µs s=15793
INF http m=GET p=/assets/fr-CgauyyXq.js s=200 d=72µs s=6301
INF http m=GET p=/assets/es-DHO8DnB9.js s=200 d=57µs s=6015
INF http m=GET p=/assets/emoji-groups-tsNE8Axz.js s=200 d=59µs s=13852
INF http m=GET p=/assets/de-qJeflSp6.js s=200 d=94µs s=6245
INF http m=GET p=/assets/WorkspaceSettingsPanel-CsUOm22X.css s=200 d=24µs s=1025
INF http m=GET p=/assets/WorkspaceSettingsPanel-CM5oaFTF.js s=200 d=47µs s=4443
INF http m=GET p=/assets/ServerSettingsPanel-pbgISWIv.css s=200 d=22µs s=596
INF http m=GET p=/assets/ServerSettingsPanel-C8C6nm9a.js s=200 d=33µs s=2550
INF http m=GET p=/assets/ResourceQuotaForm-DTSj8Ta5.css s=200 d=19µs s=302
INF http m=GET p=/assets/ResourceQuotaForm-D6gJNn3N.js s=200 d=24µs s=812
INF http m=GET p=/assets/ProfileSettings-rthGIjGN.js s=200 d=50µs s=4319
INF http m=GET p=/assets/ProfileSettings-D5kbNfHV.css s=200 d=21µs s=1220
INF http m=GET p=/assets/OrgSettingsPanel-BP8s6T0h.css s=200 d=16µs s=511
INF http m=GET p=/assets/OrgSettingsPanel-B78NX7Vn.js s=200 d=26µs s=2302
INF http m=GET p=/assets/InviteForm-R7w4u6kW.js s=200 d=15µs s=1267
INF http m=GET p=/assets/InviteForm-CW-wgFWD.css s=200 d=20µs s=414
INF http m=GET p=/assets/Editor-BYBWY7b1.css s=200 d=29µs s=2240
INF http m=GET p=/assets/Editor-5FlZhQpN.js s=200 d=58µs s=13509
INF http m=GET p=/assets/AdminDashboard-R0heLGro.css s=200 d=19µs s=601
INF http m=GET p=/assets/AdminDashboard-D3Sw1IyX.js s=200 d=26µs s=2075
INF http m=GET p=/manifest.webmanifest s=200 d=20µs s=199
INF http m=POST p=/api/v1/organizations/4463T2O0C000/workspaces s=200 d=251ms s=300
INF http m=POST p=/api/v1/auth/switch-workspace s=200 d=29.6ms s=569
INF http m=GET p=/api/v1/notifications/unread-count s=200 d=127µs s=25
INF http m=GET p=/api/v1/workspaces/4463T332S000/nodes/0/children s=200 d=205µs s=26
INF http m=GET p=/api/v1/workspaces/4463T332S000/members s=200 d=337µs s=120
INF http m=POST p=/api/v1/workspaces/4463T332S000/nodes/0/page/create s=200 d=17.2ms s=35
INF http m=GET p=/api/v1/workspaces/4463T332S000/nodes/0/children s=200 d=193µs s=257
INF http m=GET p=/api/v1/workspaces/4463T332S000/nodes/4463T4SD4000 s=200 d=183µs s=245
INF http m=POST p=/api/v1/workspaces/4463T332S000/nodes/0/page/create s=200 d=13.8ms s=26
INF http m=POST p=/api/v1/workspaces/4463T332S000/nodes/4463T7OR4000/page/create s=200 d=12.1ms s=26
INF http m=POST p=/api/v1/workspaces/4463T332S000/nodes/4463T7RPO000/page/create s=200 d=12.3ms s=26
INF http m=GET p=/w/@4463T332S000/@4463T7UD0000 s=200 d=31µs s=542
INF http m=GET p=/api/v1/workspaces/4463T332S000/events s=200 d=524ms s=279
INF http m=GET p=/api/v1/auth/me s=200 d=240µs s=352
INF http m=GET p=/api/v1/notifications/unread-count s=200 d=175µs s=25
INF http m=GET p=/api/v1/workspaces/4463T332S000/members s=200 d=133µs s=120
INF http m=GET p=/api/v1/workspaces/4463T332S000/nodes/0/children s=200 d=288µs s=251
INF http m=GET p=/api/v1/workspaces/4463T332S000/nodes/4463T7UD0000 s=200 d=210µs s=136
INF http m=GET p=/api/v1/workspaces/4463T332S000/nodes/4463T7OR4000/children s=200 d=208µs s=155
INF http m=GET p=/api/v1/workspaces/4463T332S000/nodes/4463T7RPO000 s=200 d=191µs s=132
INF http m=GET p=/api/v1/workspaces/4463T332S000/nodes/4463T7OR4000 s=200 d=317µs s=122
INF http m=GET p=/api/v1/workspaces/4463T332S000/nodes/4463T7RPO000/children s=200 d=265µs s=147
INF http m=GET p=/api/v1/workspaces/4463T332S000/events s=200 d=81.7ms s=93
INF http m=POST p=/api/v1/auth/register s=200 d=111ms s=403
INF http m=GET p=/ s=200 d=55µs s=542
INF http m=GET p=/registerSW.js s=200 d=59µs s=87
INF http m=GET p=/assets/vendor-C3WBU0hm.js s=200 d=89µs s=29762
INF http m=GET p=/assets/editor-vendor-Bje_VwYD.js s=200 d=138µs s=117396
INF http m=GET p=/assets/index-DPQ8uk7g.css s=200 d=72µs s=12402
INF http m=GET p=/assets/index-SHhnYNGf.js s=200 d=205µs s=49792
INF http m=GET p=/assets/en-BOb8f2G7.js s=200 d=88µs s=5207
INF http m=GET p=/api/v1/auth/me s=200 d=197µs s=166
INF http m=GET p=/api/v1/notifications/unread-count s=200 d=163µs s=25
INF http m=GET p=/favicon.png s=200 d=28µs s=449
INF http m=GET p=/sw.js s=200 d=56µs s=5540
INF http m=GET p=/registerSW.js s=200 d=41µs s=87
INF http m=GET p=/index.html s=200 d=34µs s=542
INF http m=GET p=/icon.svg s=200 d=32µs s=195
INF http m=GET p=/icon-512.png s=200 d=41µs s=6498
INF http m=GET p=/icon-192.png s=200 d=29µs s=2468
INF http m=POST p=/api/v1/organizations s=200 d=56.3ms s=353
INF http m=GET p=/api/v1/auth/me s=200 d=199µs s=251
INF http m=GET p=/favicon.png s=200 d=27µs s=449
INF http m=GET p=/apple-touch-icon.png s=200 d=28µs s=2298
INF http m=GET p=/assets/material-symbols-names-mOXCVt15.js s=200 d=82µs s=15793
INF http m=GET p=/assets/fr-CgauyyXq.js s=200 d=77µs s=6301
INF http m=GET p=/assets/es-DHO8DnB9.js s=200 d=63µs s=6015
INF http m=GET p=/assets/emoji-groups-tsNE8Axz.js s=200 d=80µs s=13852
INF http m=GET p=/assets/de-qJeflSp6.js s=200 d=83µs s=6245
INF http m=GET p=/assets/WorkspaceSettingsPanel-CsUOm22X.css s=200 d=34µs s=1025
INF http m=GET p=/assets/WorkspaceSettingsPanel-CM5oaFTF.js s=200 d=64µs s=4443
INF http m=GET p=/assets/ServerSettingsPanel-pbgISWIv.css s=200 d=23µs s=596
INF http m=GET p=/assets/ServerSettingsPanel-C8C6nm9a.js s=200 d=31µs s=2550
INF http m=GET p=/assets/ResourceQuotaForm-DTSj8Ta5.css s=200 d=21µs s=302
INF http m=GET p=/assets/ResourceQuotaForm-D6gJNn3N.js s=200 d=23µs s=812
INF http m=GET p=/assets/ProfileSettings-rthGIjGN.js s=200 d=39µs s=4319
INF http m=GET p=/assets/ProfileSettings-D5kbNfHV.css s=200 d=25µs s=1220
INF http m=GET p=/assets/OrgSettingsPanel-BP8s6T0h.css s=200 d=21µs s=511
INF http m=GET p=/assets/OrgSettingsPanel-B78NX7Vn.js s=200 d=26µs s=2302
INF http m=GET p=/assets/InviteForm-R7w4u6kW.js s=200 d=27µs s=1267
INF http m=GET p=/assets/InviteForm-CW-wgFWD.css s=200 d=37µs s=414
INF http m=GET p=/assets/Editor-BYBWY7b1.css s=200 d=26µs s=2240
INF http m=GET p=/assets/Editor-5FlZhQpN.js s=200 d=70µs s=13509
INF http m=GET p=/assets/AdminDashboard-R0heLGro.css s=200 d=18µs s=601
INF http m=GET p=/assets/AdminDashboard-D3Sw1IyX.js s=200 d=30µs s=2075
INF http m=GET p=/manifest.webmanifest s=200 d=18µs s=199
INF http m=POST p=/api/v1/organizations/4463TB086000/workspaces s=200 d=270ms s=299
INF http m=POST p=/api/v1/auth/switch-workspace s=200 d=28.9ms s=570
INF http m=GET p=/api/v1/notifications/unread-count s=200 d=123µs s=25
INF http m=GET p=/api/v1/workspaces/4463TBC6I000/members s=200 d=196µs s=119
INF http m=GET p=/api/v1/workspaces/4463TBC6I000/nodes/0/children s=200 d=358µs s=26
INF http m=POST p=/api/v1/workspaces/4463TBC6I000/nodes/0/page/create s=200 d=14.7ms s=35
INF http m=GET p=/api/v1/workspaces/4463TBC6I000/nodes/0/children s=200 d=198µs s=257
INF http m=GET p=/api/v1/workspaces/4463TBC6I000/nodes/4463TD97G000 s=200 d=622µs s=245
INF http m=POST p=/api/v1/workspaces/4463TBC6I000/nodes/0/page/create s=200 d=12.9ms s=26
INF http m=POST p=/api/v1/workspaces/4463TBC6I000/nodes/4463TG1CO000/page/create s=200 d=12.4ms s=26
INF http m=POST p=/api/v1/workspaces/4463TBC6I000/nodes/4463TG46C000/page/create s=200 d=12.8ms s=26
INF http m=POST p=/api/v1/workspaces/4463TBC6I000/nodes/4463TG6SE000/page/create s=200 d=12.9ms s=26
INF http m=GET p=/w/@4463TBC6I000/@4463TG9KQ000 s=200 d=38µs s=542
INF http m=GET p=/api/v1/workspaces/4463TBC6I000/events s=200 d=519ms s=305
INF http m=GET p=/api/v1/auth/me s=200 d=241µs s=353
INF http m=GET p=/api/v1/notifications/unread-count s=200 d=178µs s=25
INF http m=GET p=/api/v1/workspaces/4463TBC6I000/nodes/0/children s=200 d=297µs s=241
INF http m=GET p=/api/v1/workspaces/4463TBC6I000/nodes/4463TG9KQ000 s=200 d=190µs s=137
INF http m=GET p=/api/v1/workspaces/4463TBC6I000/members s=200 d=121µs s=119
INF http m=GET p=/api/v1/workspaces/4463TBC6I000/nodes/4463TG1CO000/children s=200 d=253µs s=143
INF http m=GET p=/api/v1/workspaces/4463TBC6I000/nodes/4463TG6SE000 s=200 d=205µs s=123
INF http m=GET p=/api/v1/workspaces/4463TBC6I000/nodes/4463TG46C000 s=200 d=219µs s=123
INF http m=GET p=/api/v1/workspaces/4463TBC6I000/nodes/4463TG1CO000 s=200 d=240µs s=129
INF http m=GET p=/api/v1/workspaces/4463TBC6I000/nodes/4463TG46C000/children s=200 d=178µs s=143
INF http m=GET p=/api/v1/workspaces/4463TBC6I000/nodes/4463TG6SE000/children s=200 d=166µs s=148
INF http m=GET p=/api/v1/workspaces/4463TBC6I000/events s=200 d=55.3ms s=93
INF http m=POST p=/api/v1/auth/register s=200 d=107ms s=387
INF http m=GET p=/ s=200 d=61µs s=542
INF http m=GET p=/registerSW.js s=200 d=56µs s=87
INF http m=GET p=/assets/vendor-C3WBU0hm.js s=200 d=132µs s=29762
INF http m=GET p=/assets/index-SHhnYNGf.js s=200 d=73µs s=49792
INF http m=GET p=/assets/editor-vendor-Bje_VwYD.js s=200 d=102µs s=117396
INF http m=GET p=/assets/index-DPQ8uk7g.css s=200 d=73µs s=12402
INF http m=GET p=/api/v1/auth/me s=200 d=296µs s=164
INF http m=GET p=/assets/en-BOb8f2G7.js s=200 d=56µs s=5207
INF http m=GET p=/api/v1/notifications/unread-count s=200 d=155µs s=25
INF http m=GET p=/favicon.png s=200 d=31µs s=449
INF http m=GET p=/sw.js s=200 d=72µs s=5540
INF http m=GET p=/registerSW.js s=200 d=44µs s=87
INF http m=GET p=/index.html s=200 d=30µs s=542
INF http m=GET p=/icon.svg s=200 d=18µs s=195
INF http m=GET p=/icon-512.png s=200 d=49µs s=6498
INF http m=POST p=/api/v1/organizations s=200 d=53ms s=351
INF http m=GET p=/api/v1/auth/me s=200 d=183µs s=252
INF http m=GET p=/icon-192.png s=200 d=176µs s=2468
INF http m=GET p=/favicon.png s=200 d=21µs s=449
INF http m=GET p=/apple-touch-icon.png s=200 d=26µs s=2298
INF http m=GET p=/assets/material-symbols-names-mOXCVt15.js s=200 d=89µs s=15793
INF http m=GET p=/assets/fr-CgauyyXq.js s=200 d=75µs s=6301
INF http m=GET p=/assets/es-DHO8DnB9.js s=200 d=69µs s=6015
INF http m=GET p=/assets/emoji-groups-tsNE8Axz.js s=200 d=86µs s=13852
INF http m=GET p=/assets/de-qJeflSp6.js s=200 d=75µs s=6245
INF http m=GET p=/assets/WorkspaceSettingsPanel-CsUOm22X.css s=200 d=24µs s=1025
INF http m=GET p=/assets/WorkspaceSettingsPanel-CM5oaFTF.js s=200 d=47µs s=4443
INF http m=GET p=/assets/ServerSettingsPanel-pbgISWIv.css s=200 d=21µs s=596
INF http m=GET p=/assets/ServerSettingsPanel-C8C6nm9a.js s=200 d=30µs s=2550
INF http m=GET p=/assets/ResourceQuotaForm-DTSj8Ta5.css s=200 d=21µs s=302
INF http m=GET p=/assets/ResourceQuotaForm-D6gJNn3N.js s=200 d=19µs s=812
INF http m=GET p=/assets/ProfileSettings-rthGIjGN.js s=200 d=43µs s=4319
INF http m=GET p=/assets/ProfileSettings-D5kbNfHV.css s=200 d=20µs s=1220
INF http m=GET p=/assets/OrgSettingsPanel-BP8s6T0h.css s=200 d=23µs s=511
INF http m=GET p=/assets/OrgSettingsPanel-B78NX7Vn.js s=200 d=31µs s=2302
INF http m=GET p=/assets/InviteForm-R7w4u6kW.js s=200 d=18µs s=1267
INF http m=GET p=/assets/InviteForm-CW-wgFWD.css s=200 d=21µs s=414
INF http m=GET p=/assets/Editor-BYBWY7b1.css s=200 d=21µs s=2240
INF http m=GET p=/assets/Editor-5FlZhQpN.js s=200 d=58µs s=13509
INF http m=GET p=/assets/AdminDashboard-R0heLGro.css s=200 d=22µs s=601
INF http m=GET p=/assets/AdminDashboard-D3Sw1IyX.js s=200 d=23µs s=2075
INF http m=GET p=/manifest.webmanifest s=200 d=25µs s=199
INF http m=GET p=/api/v1/workspaces/4463RLLQI000/events s=200 d=9.52s s=93
INF http m=POST p=/api/v1/organizations/4463TJE2K000/workspaces s=200 d=347ms s=299
INF http m=POST p=/api/v1/auth/switch-workspace s=200 d=49.8ms s=625
INF http m=GET p=/api/v1/notifications/unread-count s=200 d=172µs s=25
INF http m=GET p=/api/v1/workspaces/4463TJPHS000/nodes/0/children s=200 d=216µs s=26
INF http m=GET p=/api/v1/workspaces/4463TJPHS000/members s=200 d=148µs s=126
INF http m=POST p=/api/v1/auth/register s=200 d=142ms s=394
INF http m=POST p=/api/v1/workspaces/4463TJPHS000/nodes/0/page/create s=200 d=47.5ms s=35
INF http m=GET p=/api/v1/workspaces/4463TJPHS000/nodes/0/children s=200 d=273µs s=257
INF http m=GET p=/ s=200 d=51µs s=542
INF http m=GET p=/api/v1/workspaces/4463TJPHS000/nodes/4463TMD48000 s=200 d=237µs s=245
INF http m=GET p=/registerSW.js s=200 d=88µs s=87
INF http m=GET p=/assets/index-DPQ8uk7g.css s=200 d=117µs s=12402
INF http m=GET p=/assets/index-SHhnYNGf.js s=200 d=90µs s=49792
INF http m=GET p=/assets/vendor-C3WBU0hm.js s=200 d=88µs s=29762
INF http m=GET p=/assets/editor-vendor-Bje_VwYD.js s=200 d=131µs s=117396
INF http m=GET p=/api/v1/auth/me s=200 d=217µs s=167
INF http m=GET p=/assets/en-BOb8f2G7.js s=200 d=71µs s=5207
INF http m=GET p=/api/v1/notifications/unread-count s=200 d=357µs s=25
INF http m=GET p=/sw.js s=200 d=63µs s=5540
INF http m=GET p=/favicon.png s=200 d=40µs s=449
INF http m=GET p=/registerSW.js s=200 d=36µs s=87
INF http m=GET p=/index.html s=200 d=23µs s=542
INF http m=GET p=/icon.svg s=200 d=25µs s=195
INF http m=GET p=/icon-512.png s=200 d=46µs s=6498
INF http m=POST p=/api/v1/organizations s=200 d=53.4ms s=354
INF http m=GET p=/icon-192.png s=200 d=26µs s=2468
INF http m=GET p=/api/v1/auth/me s=200 d=170µs s=252
INF http m=GET p=/favicon.png s=200 d=20µs s=449
INF http m=GET p=/apple-touch-icon.png s=200 d=26µs s=2298
INF http m=GET p=/assets/material-symbols-names-mOXCVt15.js s=200 d=78µs s=15793
INF http m=GET p=/assets/fr-CgauyyXq.js s=200 d=81µs s=6301
INF http m=GET p=/assets/es-DHO8DnB9.js s=200 d=54µs s=6015
INF http m=GET p=/assets/emoji-groups-tsNE8Axz.js s=200 d=111µs s=13852
INF http m=GET p=/assets/de-qJeflSp6.js s=200 d=521µs s=6245
INF http m=GET p=/assets/WorkspaceSettingsPanel-CsUOm22X.css s=200 d=22µs s=1025
INF http m=GET p=/assets/WorkspaceSettingsPanel-CM5oaFTF.js s=200 d=392µs s=4443
INF http m=GET p=/assets/ServerSettingsPanel-pbgISWIv.css s=200 d=20µs s=596
INF http m=GET p=/assets/ServerSettingsPanel-C8C6nm9a.js s=200 d=29µs s=2550
INF http m=GET p=/assets/ResourceQuotaForm-DTSj8Ta5.css s=200 d=23µs s=302
INF http m=GET p=/assets/ResourceQuotaForm-D6gJNn3N.js s=200 d=20µs s=812
INF http m=GET p=/assets/ProfileSettings-rthGIjGN.js s=200 d=48µs s=4319
INF http m=GET p=/assets/ProfileSettings-D5kbNfHV.css s=200 d=21µs s=1220
INF http m=GET p=/assets/OrgSettingsPanel-BP8s6T0h.css s=200 d=23µs s=511
INF http m=GET p=/assets/OrgSettingsPanel-B78NX7Vn.js s=200 d=27µs s=2302
INF http m=GET p=/assets/InviteForm-R7w4u6kW.js s=200 d=21µs s=1267
INF http m=GET p=/assets/InviteForm-CW-wgFWD.css s=200 d=22µs s=414
INF http m=GET p=/assets/Editor-BYBWY7b1.css s=200 d=24µs s=2240
INF http m=GET p=/assets/Editor-5FlZhQpN.js s=200 d=57µs s=13509
INF http m=GET p=/assets/AdminDashboard-R0heLGro.css s=200 d=21µs s=601
INF http m=GET p=/assets/AdminDashboard-D3Sw1IyX.js s=200 d=25µs s=2075
INF http m=GET p=/manifest.webmanifest s=200 d=22µs s=199
INF http m=POST p=/api/v1/organizations/4463TNN3K000/workspaces s=200 d=276ms s=304
INF http m=POST p=/api/v1/workspaces/4463TJPHS000/nodes/0/page/create s=200 d=211ms s=26
INF http m=POST p=/api/v1/auth/switch-workspace s=200 d=30.7ms s=604
INF http m=POST p=/api/v1/workspaces/4463TJPHS000/nodes/4463TOG02000/page/create s=200 d=32.2ms s=26
INF http m=GET p=/api/v1/workspaces/4463TO2LI000/nodes/0/children s=200 d=211µs s=26
INF http m=GET p=/api/v1/notifications/unread-count s=200 d=106µs s=25
INF http m=GET p=/api/v1/workspaces/4463TO2LI000/members s=200 d=177µs s=119
INF http m=POST p=/api/v1/workspaces/4463TJPHS000/nodes/4463TPPFA000/page/create s=200 d=19.6ms s=26
INF http m=GET p=/w/@4463TJPHS000+workspace/@4463TMD48000+welcome s=200 d=38µs s=542
INF http m=POST p=/api/v1/workspaces/4463TO2LI000/nodes/0/page/create s=200 d=18.6ms s=35
INF http m=GET p=/api/v1/workspaces/4463TO2LI000/nodes/0/children s=200 d=506µs s=257
INF http m=GET p=/api/v1/workspaces/4463TJPHS000/events s=200 d=626ms s=280
INF http m=GET p=/api/v1/workspaces/4463TO2LI000/nodes/4463TQ1TQ000 s=200 d=245µs s=245
INF http m=GET p=/api/v1/auth/me s=200 d=240µs s=356
INF http m=GET p=/api/v1/notifications/unread-count s=200 d=177µs s=25
INF http m=GET p=/api/v1/workspaces/4463TJPHS000/members s=200 d=139µs s=126
INF http m=GET p=/api/v1/workspaces/4463TJPHS000/nodes/0/children s=200 d=276µs s=249
INF http m=GET p=/api/v1/workspaces/4463TJPHS000/nodes/4463TMD48000 s=200 d=149µs s=245
INF http m=GET p=/api/v1/workspaces/4463TJPHS000/nodes/4463TOG02000/children s=200 d=1.66ms s=159
INF http m=GET p=/api/v1/workspaces/4463TJPHS000/nodes/4463TPPFA000 s=200 d=324µs s=137
INF http m=GET p=/api/v1/workspaces/4463TJPHS000/nodes/4463TOG02000 s=200 d=299µs s=125
INF http m=GET p=/api/v1/workspaces/4463TJPHS000/nodes/4463TPPFA000/children s=200 d=316µs s=149
INF http m=GET p=/api/v1/workspaces/4463TJPHS000/nodes/4463TQ04A000 s=200 d=285µs s=140
INF http m=GET p=/api/v1/workspaces/4463TJPHS000/nodes/4463TPPFA000 s=200 d=231µs s=137
INF http m=GET p=/api/v1/workspaces/4463TJPHS000/nodes/4463TOG02000 s=200 d=164µs s=125
INF http m=GET p=/api/v1/workspaces/4463TJPHS000/nodes/4463TOG02000 s=200 d=278µs s=125
INF http m=GET p=/api/v1/workspaces/4463TJPHS000/events s=200 d=282ms s=93
INF http m=POST p=/api/v1/workspaces/4463TO2LI000/nodes/0/page/create s=200 d=36.1ms s=26
INF http m=GET p=/w/@4463TO2LI000+workspace/@4463TQ1TQ000+welcome s=200 d=78µs s=542
INF http m=GET p=/api/v1/workspaces/4463TO2LI000/events s=200 d=543ms s=227
INF http m=GET p=/api/v1/auth/me s=200 d=330µs s=353
INF http m=POST p=/api/v1/auth/register s=200 d=131ms s=390
INF http m=GET p=/ s=200 d=63µs s=542
INF http m=GET p=/api/v1/notifications/unread-count s=200 d=170µs s=25
INF http m=GET p=/api/v1/workspaces/4463TO2LI000/nodes/0/children s=200 d=328µs s=282
INF http m=GET p=/api/v1/workspaces/4463TO2LI000/members s=200 d=123µs s=119
INF http m=GET p=/api/v1/workspaces/4463TO2LI000/nodes/4463TQ1TQ000 s=200 d=495µs s=245
INF http m=GET p=/assets/index-SHhnYNGf.js s=200 d=142µs s=49792
INF http m=GET p=/assets/index-DPQ8uk7g.css s=200 d=91µs s=12402
INF http m=GET p=/registerSW.js s=200 d=41µs s=87
INF http m=GET p=/assets/vendor-C3WBU0hm.js s=200 d=95µs s=29762
INF http m=GET p=/assets/editor-vendor-Bje_VwYD.js s=200 d=115µs s=117396
INF http m=GET p=/api/v1/workspaces/4463TO2LI000/nodes/4463TSU7U000 s=200 d=302µs s=179
INF http m=GET p=/api/v1/auth/me s=200 d=272µs s=165
INF http m=GET p=/assets/en-BOb8f2G7.js s=200 d=77µs s=5207
INF http m=GET p=/api/v1/notifications/unread-count s=200 d=167µs s=25
INF http m=GET p=/sw.js s=200 d=67µs s=5540
INF http m=GET p=/favicon.png s=200 d=40µs s=449
INF http m=GET p=/registerSW.js s=200 d=29µs s=87
INF http m=POST p=/api/v1/organizations s=200 d=55.9ms s=352
INF http m=GET p=/api/v1/auth/me s=200 d=165µs s=253
INF http m=GET p=/index.html s=200 d=28µs s=542
INF http m=GET p=/icon.svg s=200 d=30µs s=195
INF http m=GET p=/icon-512.png s=200 d=79µs s=6498
INF http m=GET p=/icon-192.png s=200 d=29µs s=2468
INF http m=GET p=/api/v1/workspaces/4463TO2LI000/events s=200 d=227ms s=93
INF http m=GET p=/favicon.png s=200 d=39µs s=449
INF http m=GET p=/apple-touch-icon.png s=200 d=38µs s=2298
INF http m=GET p=/assets/material-symbols-names-mOXCVt15.js s=200 d=85µs s=15793
INF http m=GET p=/assets/fr-CgauyyXq.js s=200 d=85µs s=6301
INF http m=GET p=/assets/es-DHO8DnB9.js s=200 d=62µs s=6015
INF http m=GET p=/assets/emoji-groups-tsNE8Axz.js s=200 d=92µs s=13852
INF http m=GET p=/assets/de-qJeflSp6.js s=200 d=87µs s=6245
INF http m=GET p=/assets/WorkspaceSettingsPanel-CsUOm22X.css s=200 d=43µs s=1025
INF http m=GET p=/assets/WorkspaceSettingsPanel-CM5oaFTF.js s=200 d=101µs s=4443
INF http m=GET p=/assets/ServerSettingsPanel-pbgISWIv.css s=200 d=44µs s=596
INF http m=GET p=/assets/ServerSettingsPanel-C8C6nm9a.js s=200 d=53µs s=2550
INF http m=GET p=/assets/ResourceQuotaForm-DTSj8Ta5.css s=200 d=39µs s=302
INF http m=GET p=/assets/ResourceQuotaForm-D6gJNn3N.js s=200 d=29µs s=812
INF http m=GET p=/assets/ProfileSettings-rthGIjGN.js s=200 d=70µs s=4319
INF http m=GET p=/assets/ProfileSettings-D5kbNfHV.css s=200 d=32µs s=1220
INF http m=GET p=/assets/OrgSettingsPanel-BP8s6T0h.css s=200 d=27µs s=511
INF http m=GET p=/assets/OrgSettingsPanel-B78NX7Vn.js s=200 d=36µs s=2302
INF http m=GET p=/assets/InviteForm-R7w4u6kW.js s=200 d=25µs s=1267
INF http m=GET p=/assets/InviteForm-CW-wgFWD.css s=200 d=26µs s=414
INF http m=GET p=/assets/Editor-BYBWY7b1.css s=200 d=30µs s=2240
INF http m=GET p=/assets/Editor-5FlZhQpN.js s=200 d=59µs s=13509
INF http m=GET p=/assets/AdminDashboard-R0heLGro.css s=200 d=20µs s=601
INF http m=GET p=/assets/AdminDashboard-D3Sw1IyX.js s=200 d=36µs s=2075
INF http m=GET p=/manifest.webmanifest s=200 d=24µs s=199
INF http m=POST p=/api/v1/organizations/4463TV1C8000/workspaces s=200 d=500ms s=299
INF http m=POST p=/api/v1/auth/register s=200 d=331ms s=394
INF http m=GET p=/ s=200 d=58µs s=542
INF http m=GET p=/assets/index-SHhnYNGf.js s=200 d=126µs s=49792
INF http m=GET p=/assets/index-DPQ8uk7g.css s=200 d=137µs s=12402
INF http m=GET p=/assets/editor-vendor-Bje_VwYD.js s=200 d=150µs s=117396
INF http m=GET p=/assets/vendor-C3WBU0hm.js s=200 d=90µs s=29762
INF http m=GET p=/registerSW.js s=200 d=23µs s=87
INF http m=POST p=/api/v1/auth/switch-workspace s=200 d=50.1ms s=625
INF http m=GET p=/api/v1/workspaces/4463TVDFA000/nodes/0/children s=200 d=411µs s=26
INF http m=GET p=/api/v1/notifications/unread-count s=200 d=1.65ms s=25
INF http m=GET p=/api/v1/workspaces/4463TVDFA000/members s=200 d=112µs s=126
INF http m=POST p=/api/v1/workspaces/4463TVDFA000/nodes/0/page/create s=200 d=19.9ms s=35
INF http m=GET p=/api/v1/workspaces/4463TVDFA000/nodes/0/children s=200 d=508µs s=257
INF http m=GET p=/api/v1/workspaces/4463TVDFA000/nodes/4463U2SH4000 s=200 d=521µs s=245
INF http m=GET p=/assets/en-BOb8f2G7.js s=200 d=110µs s=5207
INF http m=GET p=/api/v1/auth/me s=200 d=521µs s=165
INF http m=GET p=/api/v1/notifications/unread-count s=200 d=414µs s=25
INF http m=GET p=/favicon.png s=200 d=41µs s=449
INF http m=GET p=/sw.js s=200 d=98µs s=5540
INF http m=GET p=/registerSW.js s=200 d=40µs s=87
INF http m=GET p=/index.html s=200 d=27µs s=542
INF http m=GET p=/icon.svg s=200 d=19µs s=195
INF http m=GET p=/icon-512.png s=200 d=384µs s=6498
INF http m=GET p=/icon-192.png s=200 d=26µs s=2468
INF http m=GET p=/favicon.png s=200 d=32µs s=449
INF http m=GET p=/apple-touch-icon.png s=200 d=23µs s=2298
INF http m=POST p=/api/v1/organizations s=200 d=49.2ms s=350
INF http m=GET p=/api/v1/auth/me s=200 d=537µs s=248
INF http m=GET p=/assets/material-symbols-names-mOXCVt15.js s=200 d=110µs s=15793
INF http m=GET p=/assets/fr-CgauyyXq.js s=200 d=76µs s=6301
INF http m=GET p=/assets/es-DHO8DnB9.js s=200 d=51µs s=6015
INF http m=GET p=/assets/emoji-groups-tsNE8Axz.js s=200 d=88µs s=13852
INF http m=GET p=/assets/de-qJeflSp6.js s=200 d=86µs s=6245
INF http m=GET p=/assets/WorkspaceSettingsPanel-CsUOm22X.css s=200 d=35µs s=1025
INF http m=GET p=/assets/WorkspaceSettingsPanel-CM5oaFTF.js s=200 d=49µs s=4443
INF http m=GET p=/assets/ServerSettingsPanel-pbgISWIv.css s=200 d=30µs s=596
INF http m=GET p=/assets/ServerSettingsPanel-C8C6nm9a.js s=200 d=37µs s=2550
INF http m=GET p=/assets/ResourceQuotaForm-DTSj8Ta5.css s=200 d=31µs s=302
INF http m=GET p=/assets/ResourceQuotaForm-D6gJNn3N.js s=200 d=17µs s=812
INF http m=GET p=/assets/ProfileSettings-rthGIjGN.js s=200 d=59µs s=4319
INF http m=GET p=/assets/ProfileSettings-D5kbNfHV.css s=200 d=24µs s=1220
INF http m=GET p=/assets/OrgSettingsPanel-BP8s6T0h.css s=200 d=141µs s=511
INF http m=GET p=/assets/OrgSettingsPanel-B78NX7Vn.js s=200 d=192µs s=2302
INF http m=GET p=/assets/InviteForm-R7w4u6kW.js s=200 d=24µs s=1267
INF http m=GET p=/assets/InviteForm-CW-wgFWD.css s=200 d=23µs s=414
INF http m=GET p=/assets/Editor-BYBWY7b1.css s=200 d=22µs s=2240
INF http m=GET p=/assets/Editor-5FlZhQpN.js s=200 d=454µs s=13509
INF http m=GET p=/assets/AdminDashboard-R0heLGro.css s=200 d=20µs s=601
INF http m=GET p=/assets/AdminDashboard-D3Sw1IyX.js s=200 d=27µs s=2075
INF http m=GET p=/manifest.webmanifest s=200 d=19µs s=199
INF http m=POST p=/api/v1/organizations/4463U3950000/workspaces s=200 d=264ms s=296
INF http m=POST p=/api/v1/workspaces/4463TVDFA000/nodes/0/page/create s=200 d=146ms s=26
INF http m=GET p=/w/@4463TVDFA000+workspace/@4463U2SH4000+welcome s=200 d=46µs s=542
INF http m=GET p=/api/v1/workspaces/4463TVDFA000/events s=200 d=398ms s=232
INF http m=GET p=/api/v1/auth/me s=200 d=636µs s=358
INF http m=POST p=/api/v1/auth/switch-workspace s=200 d=62.6ms s=582
INF http m=GET p=/api/v1/notifications/unread-count s=200 d=1.06ms s=25
INF http m=GET p=/api/v1/notifications/unread-count s=200 d=2.13ms s=25
INF http m=GET p=/api/v1/workspaces/4463U3JJ4000/nodes/0/children s=200 d=1.52ms s=26
INF http m=GET p=/api/v1/workspaces/4463TVDFA000/nodes/0/children s=200 d=3.36ms s=233
INF http m=GET p=/api/v1/workspaces/4463U3JJ4000/members s=200 d=1.8ms s=132
INF http m=GET p=/api/v1/workspaces/4463TVDFA000/nodes/4463U2SH4000 s=200 d=273µs s=245
INF http m=GET p=/api/v1/workspaces/4463TVDFA000/members s=200 d=125µs s=126
INF http m=POST p=/api/v1/workspaces/4463U3JJ4000/nodes/0/page/create s=200 d=17.4ms s=35
INF http m=GET p=/api/v1/workspaces/4463U3JJ4000/nodes/0/children s=200 d=227µs s=257
INF http m=GET p=/api/v1/workspaces/4463U3JJ4000/nodes/4463U5RB0000 s=200 d=173µs s=245
INF http m=GET p=/api/v1/workspaces/4463TVDFA000/nodes/4463U4B9S000 s=200 d=281µs s=138
INF http m=POST p=/api/v1/workspaces/4463U3JJ4000/nodes/0/page/create s=200 d=16.8ms s=26
INF http m=GET p=/w/@4463U3JJ4000+workspace/@4463U5RB0000+welcome s=200 d=38µs s=542
INF http m=GET p=/api/v1/workspaces/4463U3JJ4000/events s=200 d=449ms s=228
INF http m=GET p=/api/v1/auth/me s=200 d=254µs s=350
INF http m=GET p=/api/v1/notifications/unread-count s=200 d=222µs s=25
INF http m=GET p=/api/v1/workspaces/4463U3JJ4000/nodes/4463U5RB0000 s=200 d=501µs s=245
INF http m=GET p=/api/v1/workspaces/4463U3JJ4000/members s=200 d=4.4ms s=132
INF http m=GET p=/api/v1/workspaces/4463U3JJ4000/nodes/0/children s=200 d=3.17ms s=275
INF http m=GET p=/api/v1/workspaces/4463TVDFA000/events s=200 d=541ms s=93
INF http m=GET p=/api/v1/workspaces/4463U3JJ4000/nodes/4463U89KC000 s=200 d=315µs s=166
INF http m=GET p=/api/v1/workspaces/4463U3JJ4000/events s=200 d=266ms s=93
INF http m=POST p=/api/v1/auth/register s=200 d=142ms s=386
INF http m=GET p=/ s=200 d=52µs s=542
INF http m=GET p=/assets/vendor-C3WBU0hm.js s=200 d=146µs s=29762
INF http m=GET p=/registerSW.js s=200 d=25µs s=87
INF http m=GET p=/assets/editor-vendor-Bje_VwYD.js s=200 d=108µs s=117396
INF http m=GET p=/assets/index-DPQ8uk7g.css s=200 d=72µs s=12402
INF http m=GET p=/assets/index-SHhnYNGf.js s=200 d=99µs s=49792
INF http m=GET p=/api/v1/auth/me s=200 d=197µs s=165
INF http m=GET p=/assets/en-BOb8f2G7.js s=200 d=1.59ms s=5207
INF http m=GET p=/favicon.png s=200 d=38µs s=449
INF http m=GET p=/api/v1/notifications/unread-count s=200 d=157µs s=25
INF http m=GET p=/sw.js s=200 d=63µs s=5540
INF http m=GET p=/registerSW.js s=200 d=35µs s=87
INF http m=GET p=/index.html s=200 d=32µs s=542
INF http m=GET p=/icon.svg s=200 d=36µs s=195
INF http m=POST p=/api/v1/organizations s=200 d=82.4ms s=350
INF http m=GET p=/api/v1/auth/me s=200 d=241µs s=251
INF http m=GET p=/icon-512.png s=200 d=61µs s=6498
INF http m=GET p=/icon-192.png s=200 d=31µs s=2468
INF http m=GET p=/favicon.png s=200 d=24µs s=449
INF http m=GET p=/apple-touch-icon.png s=200 d=32µs s=2298
INF http m=GET p=/assets/material-symbols-names-mOXCVt15.js s=200 d=102µs s=15793
INF http m=GET p=/assets/fr-CgauyyXq.js s=200 d=88µs s=6301
INF http m=POST p=/api/v1/auth/register s=200 d=203ms s=387
INF http m=GET p=/assets/es-DHO8DnB9.js s=200 d=82µs s=6015
INF http m=GET p=/ s=200 d=38µs s=542
INF http m=GET p=/assets/index-SHhnYNGf.js s=200 d=152µs s=49792
INF http m=GET p=/assets/index-DPQ8uk7g.css s=200 d=141µs s=12402
INF http m=GET p=/assets/emoji-groups-tsNE8Axz.js s=200 d=69µs s=13852
INF http m=GET p=/assets/editor-vendor-Bje_VwYD.js s=200 d=149µs s=117396
INF http m=GET p=/registerSW.js s=200 d=43µs s=87
INF http m=GET p=/assets/vendor-C3WBU0hm.js s=200 d=82µs s=29762
INF http m=GET p=/assets/de-qJeflSp6.js s=200 d=82µs s=6245
INF http m=GET p=/assets/WorkspaceSettingsPanel-CsUOm22X.css s=200 d=35µs s=1025
INF http m=GET p=/assets/WorkspaceSettingsPanel-CM5oaFTF.js s=200 d=59µs s=4443
INF http m=GET p=/assets/ServerSettingsPanel-pbgISWIv.css s=200 d=49µs s=596
INF http m=GET p=/assets/ServerSettingsPanel-C8C6nm9a.js s=200 d=41µs s=2550
INF http m=GET p=/assets/ResourceQuotaForm-DTSj8Ta5.css s=200 d=31µs s=302
INF http m=GET p=/assets/ResourceQuotaForm-D6gJNn3N.js s=200 d=25µs s=812
INF http m=GET p=/assets/ProfileSettings-rthGIjGN.js s=200 d=90µs s=4319
INF http m=GET p=/assets/ProfileSettings-D5kbNfHV.css s=200 d=26µs s=1220
INF http m=GET p=/assets/OrgSettingsPanel-BP8s6T0h.css s=200 d=24µs s=511
INF http m=GET p=/assets/OrgSettingsPanel-B78NX7Vn.js s=200 d=51µs s=2302
INF http m=GET p=/assets/InviteForm-R7w4u6kW.js s=200 d=29µs s=1267
INF http m=GET p=/assets/InviteForm-CW-wgFWD.css s=200 d=26µs s=414
INF http m=GET p=/assets/Editor-BYBWY7b1.css s=200 d=62µs s=2240
INF http m=GET p=/assets/Editor-5FlZhQpN.js s=200 d=53µs s=13509
INF http m=GET p=/assets/AdminDashboard-R0heLGro.css s=200 d=31µs s=601
INF http m=GET p=/assets/AdminDashboard-D3Sw1IyX.js s=200 d=30µs s=2075
INF http m=GET p=/manifest.webmanifest s=200 d=23µs s=199
INF http m=GET p=/api/v1/auth/me s=200 d=283µs s=167
INF http m=GET p=/assets/en-BOb8f2G7.js s=200 d=171µs s=5207
INF http m=GET p=/api/v1/notifications/unread-count s=200 d=506µs s=25
INF http m=GET p=/favicon.png s=200 d=47µs s=449
INF http m=GET p=/sw.js s=200 d=84µs s=5540
INF http m=GET p=/registerSW.js s=200 d=40µs s=87
INF http m=GET p=/index.html s=200 d=31µs s=542
INF http m=GET p=/icon.svg s=200 d=26µs s=195
INF http m=GET p=/icon-512.png s=200 d=99µs s=6498
INF http m=GET p=/icon-192.png s=200 d=34µs s=2468
INF http m=GET p=/favicon.png s=200 d=27µs s=449
INF http m=GET p=/apple-touch-icon.png s=200 d=30µs s=2298
INF http m=GET p=/assets/material-symbols-names-mOXCVt15.js s=200 d=97µs s=15793
INF http m=GET p=/assets/fr-CgauyyXq.js s=200 d=74µs s=6301
INF http m=GET p=/assets/es-DHO8DnB9.js s=200 d=58µs s=6015
INF http m=GET p=/assets/emoji-groups-tsNE8Axz.js s=200 d=116µs s=13852
INF http m=GET p=/assets/de-qJeflSp6.js s=200 d=95µs s=6245
INF http m=GET p=/assets/WorkspaceSettingsPanel-CsUOm22X.css s=200 d=25µs s=1025
INF http m=GET p=/assets/WorkspaceSettingsPanel-CM5oaFTF.js s=200 d=78µs s=4443
INF http m=GET p=/assets/ServerSettingsPanel-pbgISWIv.css s=200 d=31µs s=596
INF http m=GET p=/assets/ServerSettingsPanel-C8C6nm9a.js s=200 d=32µs s=2550
INF http m=GET p=/assets/ResourceQuotaForm-DTSj8Ta5.css s=200 d=27µs s=302
INF http m=GET p=/assets/ResourceQuotaForm-D6gJNn3N.js s=200 d=22µs s=812
INF http m=GET p=/assets/ProfileSettings-rthGIjGN.js s=200 d=80µs s=4319
INF http m=GET p=/assets/ProfileSettings-D5kbNfHV.css s=200 d=25µs s=1220
INF http m=GET p=/assets/OrgSettingsPanel-BP8s6T0h.css s=200 d=18µs s=511
INF http m=GET p=/assets/OrgSettingsPanel-B78NX7Vn.js s=200 d=25µs s=2302
INF http m=GET p=/assets/InviteForm-R7w4u6kW.js s=200 d=21µs s=1267
INF http m=GET p=/assets/InviteForm-CW-wgFWD.css s=200 d=17µs s=414
INF http m=GET p=/assets/Editor-BYBWY7b1.css s=200 d=35µs s=2240
INF http m=GET p=/assets/Editor-5FlZhQpN.js s=200 d=65µs s=13509
INF http m=GET p=/assets/AdminDashboard-R0heLGro.css s=200 d=28µs s=601
INF http m=GET p=/assets/AdminDashboard-D3Sw1IyX.js s=200 d=24µs s=2075
INF http m=GET p=/manifest.webmanifest s=200 d=39µs s=199
INF http m=POST p=/api/v1/organizations/4463UC98Q000/workspaces s=200 d=506ms s=295
INF http m=POST p=/api/v1/organizations s=200 d=241ms s=351
INF http m=GET p=/api/v1/auth/me s=200 d=141µs s=252
INF http m=POST p=/api/v1/auth/switch-workspace s=200 d=61.5ms s=606
INF http m=GET p=/api/v1/notifications/unread-count s=200 d=139µs s=25
INF http m=GET p=/api/v1/workspaces/4463UCR8K000/members s=200 d=223µs s=124
INF http m=GET p=/api/v1/workspaces/4463UCR8K000/nodes/0/children s=200 d=1.57ms s=26
INF http m=POST p=/api/v1/organizations/4463UEL50000/workspaces s=200 d=265ms s=302
INF http m=POST p=/api/v1/workspaces/4463UCR8K000/nodes/0/page/create s=200 d=223ms s=35
INF http m=GET p=/api/v1/workspaces/4463UCR8K000/nodes/0/children s=200 d=238µs s=243
INF http m=GET p=/api/v1/workspaces/4463UCR8K000/nodes/4463UGDU6000 s=200 d=173µs s=245
INF http m=POST p=/api/v1/workspaces/4463UCR8K000/nodes/0/page/create s=200 d=63.6ms s=26
INF http m=POST p=/api/v1/auth/switch-workspace s=200 d=43.8ms s=574
INF http m=GET p=/w/@4463UCR8K000+workspace/@4463UGDU6000+welcome s=200 d=33µs s=542
INF http m=GET p=/api/v1/workspaces/4463UCR8K000/events s=200 d=275ms s=235
INF http m=GET p=/api/v1/workspaces/4463UG4VI000/members s=200 d=14.2ms s=130
INF http m=GET p=/api/v1/workspaces/4463UG4VI000/nodes/0/children s=200 d=16.8ms s=26
INF http m=GET p=/api/v1/notifications/unread-count s=200 d=13.3ms s=25
INF http m=GET p=/api/v1/auth/me s=200 d=225µs s=353
INF http m=POST p=/api/v1/workspaces/4463UG4VI000/nodes/0/page/create s=200 d=19.7ms s=35
INF http m=GET p=/api/v1/workspaces/4463UG4VI000/nodes/0/children s=200 d=242µs s=257
INF http m=GET p=/api/v1/workspaces/4463UG4VI000/nodes/4463UI9F2000 s=200 d=208µs s=245
INF http m=GET p=/api/v1/workspaces/4463UCR8K000/nodes/4463UGDU6000 s=200 d=262µs s=245
INF http m=GET p=/api/v1/workspaces/4463UCR8K000/members s=200 d=111µs s=124
INF http m=GET p=/api/v1/workspaces/4463UCR8K000/nodes/0/children s=200 d=502µs s=243
INF http m=GET p=/api/v1/notifications/unread-count s=200 d=366µs s=25
INF http m=GET p=/api/v1/workspaces/4463UCR8K000/nodes/4463UHK54000 s=200 d=269µs s=141
INF http m=POST p=/api/v1/workspaces/4463UG4VI000/nodes/0/page/create s=200 d=14.1ms s=26
INF http m=GET p=/w/@4463UG4VI000+workspace/@4463UI9F2000+welcome s=200 d=51µs s=542
INF http m=GET p=/api/v1/workspaces/4463UG4VI000/events s=200 d=294ms s=232
INF http m=GET p=/api/v1/auth/me s=200 d=1.45ms s=354
INF http m=GET p=/api/v1/notifications/unread-count s=200 d=159µs s=25
INF http m=GET p=/api/v1/workspaces/4463UG4VI000/nodes/0/children s=200 d=1.57ms s=265
INF http m=GET p=/api/v1/workspaces/4463UG4VI000/members s=200 d=1.04ms s=130
INF http m=GET p=/api/v1/workspaces/4463UG4VI000/nodes/4463UI9F2000 s=200 d=808µs s=245
INF http m=GET p=/api/v1/workspaces/4463UG4VI000/nodes/4463UJPQ0000 s=200 d=488µs s=165
INF http m=GET p=/api/v1/workspaces/4463UG4VI000/events s=200 d=374ms s=93
INF http m=GET p=/api/v1/workspaces/4463UCR8K000/events s=200 d=878ms s=93
INF http m=POST p=/api/v1/auth/register s=200 d=129ms s=395
INF http m=GET p=/ s=200 d=53µs s=542
INF http m=GET p=/assets/index-DPQ8uk7g.css s=200 d=151µs s=12402
INF http m=GET p=/assets/index-SHhnYNGf.js s=200 d=70µs s=49792
INF http m=GET p=/registerSW.js s=200 d=22µs s=87
INF http m=GET p=/assets/editor-vendor-Bje_VwYD.js s=200 d=97µs s=117396
INF http m=GET p=/assets/vendor-C3WBU0hm.js s=200 d=59µs s=29762
INF http m=GET p=/api/v1/auth/me s=200 d=239µs s=168
INF http m=GET p=/assets/en-BOb8f2G7.js s=200 d=51µs s=5207
INF http m=GET p=/favicon.png s=200 d=40µs s=449
INF http m=GET p=/sw.js s=200 d=59µs s=5540
INF http m=GET p=/api/v1/notifications/unread-count s=200 d=163µs s=25
INF http m=GET p=/registerSW.js s=200 d=41µs s=87
INF http m=GET p=/index.html s=200 d=73µs s=542
INF http m=GET p=/icon.svg s=200 d=35µs s=195
INF http m=GET p=/icon-512.png s=200 d=60µs s=6498
INF http m=GET p=/icon-192.png s=200 d=57µs s=2468
INF http m=POST p=/api/v1/organizations s=200 d=79.2ms s=354
INF http m=GET p=/api/v1/auth/me s=200 d=192µs s=252
INF http m=GET p=/favicon.png s=200 d=42µs s=449
INF http m=GET p=/apple-touch-icon.png s=200 d=41µs s=2298
INF http m=GET p=/assets/material-symbols-names-mOXCVt15.js s=200 d=104µs s=15793
INF http m=POST p=/api/v1/auth/register s=200 d=225ms s=398
INF http m=GET p=/ s=200 d=78µs s=542
INF http m=GET p=/assets/fr-CgauyyXq.js s=200 d=87µs s=6301
INF http m=GET p=/assets/es-DHO8DnB9.js s=200 d=82µs s=6015
INF http m=GET p=/assets/index-SHhnYNGf.js s=200 d=139µs s=49792
INF http m=GET p=/assets/index-DPQ8uk7g.css s=200 d=93µs s=12402
INF http m=GET p=/assets/editor-vendor-Bje_VwYD.js s=200 d=154µs s=117396
INF http m=GET p=/assets/emoji-groups-tsNE8Axz.js s=200 d=68µs s=13852
INF http m=GET p=/registerSW.js s=200 d=36µs s=87
INF http m=GET p=/assets/vendor-C3WBU0hm.js s=200 d=108µs s=29762
INF http m=GET p=/assets/de-qJeflSp6.js s=200 d=81µs s=6245
INF http m=GET p=/assets/WorkspaceSettingsPanel-CsUOm22X.css s=200 d=48µs s=1025
INF http m=GET p=/assets/WorkspaceSettingsPanel-CM5oaFTF.js s=200 d=94µs s=4443
INF http m=GET p=/assets/ServerSettingsPanel-pbgISWIv.css s=200 d=27µs s=596
INF http m=GET p=/api/v1/auth/me s=200 d=204µs s=169
INF http m=GET p=/assets/en-BOb8f2G7.js s=200 d=64µs s=5207
INF http m=GET p=/assets/ServerSettingsPanel-C8C6nm9a.js s=200 d=28µs s=2550
INF http m=GET p=/assets/ResourceQuotaForm-DTSj8Ta5.css s=200 d=30µs s=302
INF http m=GET p=/assets/ResourceQuotaForm-D6gJNn3N.js s=200 d=41µs s=812
INF http m=GET p=/api/v1/notifications/unread-count s=200 d=149µs s=25
INF http m=GET p=/assets/ProfileSettings-rthGIjGN.js s=200 d=59µs s=4319
INF http m=GET p=/sw.js s=200 d=43µs s=5540
INF http m=GET p=/assets/ProfileSettings-D5kbNfHV.css s=200 d=25µs s=1220
INF http m=GET p=/assets/OrgSettingsPanel-BP8s6T0h.css s=200 d=40µs s=511
INF http m=GET p=/assets/OrgSettingsPanel-B78NX7Vn.js s=200 d=50µs s=2302
INF http m=GET p=/assets/InviteForm-R7w4u6kW.js s=200 d=41µs s=1267
INF http m=GET p=/assets/InviteForm-CW-wgFWD.css s=200 d=46µs s=414
INF http m=GET p=/favicon.png s=200 d=19µs s=449
INF http m=GET p=/assets/Editor-BYBWY7b1.css s=200 d=47µs s=2240
INF http m=GET p=/registerSW.js s=200 d=16µs s=87
INF http m=GET p=/assets/Editor-5FlZhQpN.js s=200 d=65µs s=13509
INF http m=GET p=/index.html s=200 d=23µs s=542
INF http m=GET p=/icon.svg s=200 d=24µs s=195
INF http m=GET p=/assets/AdminDashboard-R0heLGro.css s=200 d=23µs s=601
INF http m=GET p=/icon-512.png s=200 d=50µs s=6498
INF http m=GET p=/assets/AdminDashboard-D3Sw1IyX.js s=200 d=33µs s=2075
INF http m=GET p=/icon-192.png s=200 d=44µs s=2468
INF http m=GET p=/manifest.webmanifest s=200 d=20µs s=199
INF http m=GET p=/favicon.png s=200 d=20µs s=449
INF http m=GET p=/apple-touch-icon.png s=200 d=26µs s=2298
INF http m=GET p=/assets/material-symbols-names-mOXCVt15.js s=200 d=79µs s=15793
INF http m=GET p=/assets/fr-CgauyyXq.js s=200 d=73µs s=6301
INF http m=GET p=/assets/es-DHO8DnB9.js s=200 d=63µs s=6015
INF http m=GET p=/assets/emoji-groups-tsNE8Axz.js s=200 d=83µs s=13852
INF http m=GET p=/assets/de-qJeflSp6.js s=200 d=70µs s=6245
INF http m=GET p=/assets/WorkspaceSettingsPanel-CsUOm22X.css s=200 d=37µs s=1025
INF http m=GET p=/assets/WorkspaceSettingsPanel-CM5oaFTF.js s=200 d=43µs s=4443
INF http m=GET p=/assets/ServerSettingsPanel-pbgISWIv.css s=200 d=20µs s=596
INF http m=GET p=/assets/ServerSettingsPanel-C8C6nm9a.js s=200 d=36µs s=2550
INF http m=GET p=/assets/ResourceQuotaForm-DTSj8Ta5.css s=200 d=22µs s=302
INF http m=GET p=/assets/ResourceQuotaForm-D6gJNn3N.js s=200 d=18µs s=812
INF http m=GET p=/assets/ProfileSettings-rthGIjGN.js s=200 d=38µs s=4319
INF http m=GET p=/assets/ProfileSettings-D5kbNfHV.css s=200 d=18µs s=1220
INF http m=GET p=/assets/OrgSettingsPanel-BP8s6T0h.css s=200 d=18µs s=511
INF http m=GET p=/assets/OrgSettingsPanel-B78NX7Vn.js s=200 d=30µs s=2302
INF http m=GET p=/assets/InviteForm-R7w4u6kW.js s=200 d=18µs s=1267
INF http m=GET p=/assets/InviteForm-CW-wgFWD.css s=200 d=20µs s=414
INF http m=GET p=/assets/Editor-BYBWY7b1.css s=200 d=31µs s=2240
INF http m=GET p=/assets/Editor-5FlZhQpN.js s=200 d=72µs s=13509
INF http m=GET p=/assets/AdminDashboard-R0heLGro.css s=200 d=21µs s=601
INF http m=GET p=/assets/AdminDashboard-D3Sw1IyX.js s=200 d=23µs s=2075
INF http m=GET p=/manifest.webmanifest s=200 d=27µs s=199
INF http m=POST p=/api/v1/organizations/4463UPLPU000/workspaces s=200 d=529ms s=299
INF http m=POST p=/api/v1/organizations s=200 d=263ms s=356
INF http m=GET p=/api/v1/auth/me s=200 d=429µs s=254
INF http m=POST p=/api/v1/auth/switch-workspace s=200 d=34.2ms s=584
INF http m=GET p=/api/v1/workspaces/4463UQ7L6000/nodes/0/children s=200 d=283µs s=26
INF http m=GET p=/api/v1/notifications/unread-count s=200 d=540µs s=25
INF http m=GET p=/api/v1/workspaces/4463UQ7L6000/members s=200 d=352µs s=132
INF http m=POST p=/api/v1/organizations/4463URSAK000/workspaces s=200 d=266ms s=307
INF http m=POST p=/api/v1/workspaces/4463UQ7L6000/nodes/0/page/create s=200 d=219ms s=35
INF http m=GET p=/api/v1/workspaces/4463UQ7L6000/nodes/0/children s=200 d=219µs s=229
INF http m=GET p=/api/v1/workspaces/4463UQ7L6000/nodes/4463UTQBI000 s=200 d=169µs s=245
INF http m=POST p=/api/v1/workspaces/4463UQ7L6000/nodes/0/page/create s=200 d=59.8ms s=26
INF http m=POST p=/api/v1/auth/switch-workspace s=200 d=46.4ms s=579
INF http m=GET p=/w/@4463UQ7L6000+workspace/@4463UTQBI000+welcome s=200 d=38µs s=542
INF http m=GET p=/api/v1/workspaces/4463UQ7L6000/events s=200 d=278ms s=232
INF http m=GET p=/api/v1/workspaces/4463UTGCU000/nodes/0/children s=200 d=860µs s=26
INF http m=GET p=/api/v1/notifications/unread-count s=200 d=488µs s=25
INF http m=GET p=/api/v1/workspaces/4463UTGCU000/members s=200 d=15.6ms s=120
INF http m=GET p=/api/v1/auth/me s=200 d=237µs s=351
INF http m=POST p=/api/v1/workspaces/4463UTGCU000/nodes/0/page/create s=200 d=24.7ms s=35
INF http m=GET p=/api/v1/workspaces/4463UTGCU000/nodes/0/children s=200 d=221µs s=257
INF http m=GET p=/api/v1/workspaces/4463UTGCU000/nodes/4463UVJDO000 s=200 d=285µs s=245
INF http m=GET p=/api/v1/notifications/unread-count s=200 d=175µs s=25
INF http m=GET p=/api/v1/workspaces/4463UQ7L6000/members s=200 d=125µs s=132
INF http m=GET p=/api/v1/workspaces/4463UQ7L6000/nodes/4463UTQBI000 s=200 d=537µs s=245
INF http m=GET p=/api/v1/workspaces/4463UQ7L6000/nodes/0/children s=200 d=5.03ms s=229
INF http m=GET p=/api/v1/workspaces/4463UQ7L6000/nodes/4463UV13G000 s=200 d=277µs s=132
INF http m=POST p=/api/v1/workspaces/4463UQ7L6000/nodes/4463UV13G000/page/create s=200 d=15.8ms s=35
INF http m=GET p=/api/v1/workspaces/4463UQ7L6000/nodes/4463UV13G000/children s=200 d=193µs s=134
INF http m=POST p=/api/v1/workspaces/4463UTGCU000/nodes/0/page/create s=200 d=14.4ms s=26
INF http m=GET p=/api/v1/workspaces/4463UQ7L6000/nodes/4463V11NE000 s=200 d=201µs s=125
INF http m=GET p=/api/v1/workspaces/4463UQ7L6000/nodes/4463UV13G000 s=200 d=185µs s=181
INF http m=GET p=/api/v1/workspaces/4463UQ7L6000/nodes/4463UV13G000 s=200 d=156µs s=181
INF http m=GET p=/api/v1/workspaces/4463UQ7L6000/nodes/titles s=200 d=200µs s=52
INF http m=POST p=/api/v1/workspaces/4463UQ7L6000/nodes/4463UV13G000/page s=200 d=18.4ms s=35
INF http m=GET p=/api/v1/workspaces/4463UQ7L6000/nodes/4463V11NE000 s=200 d=668µs s=153
INF http m=POST p=/api/v1/workspaces/4463UTGCU000/nodes/4463V12VI000/page s=200 d=20.8ms s=26
INF http m=GET p=/api/v1/workspaces/4463UQ7L6000/nodes/4463UV13G000 s=200 d=736µs s=181
INF http m=POST p=/api/v1/workspaces/4463UTGCU000/nodes/4463V12VI000/page s=200 d=15.3ms s=26
INF http m=POST p=/api/v1/workspaces/4463UTGCU000/nodes/4463V12VI000/page s=200 d=15ms s=26
INF http m=GET p=/w/@4463UTGCU000+workspace/@4463UVJDO000+welcome s=200 d=30µs s=542
INF http m=GET p=/api/v1/workspaces/4463UTGCU000/events s=200 d=337ms s=298
INF http m=GET p=/api/v1/auth/me s=200 d=1.44ms s=357
INF http m=GET p=/api/v1/notifications/unread-count s=200 d=181µs s=25
INF http m=GET p=/api/v1/workspaces/4463UTGCU000/nodes/0/children s=200 d=1.39ms s=247
INF http m=GET p=/api/v1/workspaces/4463UTGCU000/members s=200 d=1.82ms s=120
INF http m=GET p=/api/v1/workspaces/4463UTGCU000/nodes/4463UVJDO000 s=200 d=1.35ms s=245
INF http m=GET p=/api/v1/workspaces/4463UQ7L6000/nodes/4463UV13G000 s=200 d=341µs s=181
INF http m=GET p=/api/v1/workspaces/4463UQ7L6000/nodes/titles s=200 d=242µs s=52
INF http m=GET p=/api/v1/workspaces/4463UTGCU000/nodes/4463V12VI000 s=200 d=229µs s=165
INF http m=GET p=/api/v1/workspaces/4463UQ7L6000/events s=200 d=503ms s=239
INF http m=GET p=/api/v1/workspaces/4463UTGCU000/nodes/4463V12VI000/history s=200 d=2.92ms s=304
INF http m=GET p=/api/v1/workspaces/4463UTGCU000/nodes/4463V12VI000/history/2ae24a1b74afdb157b1fd99c33301ecd0be61017 s=200 d=5.7ms s=45
INF http m=GET p=/api/v1/workspaces/4463UTGCU000/events s=200 d=402ms s=93
INF http m=POST p=/api/v1/auth/register s=200 d=142ms s=387
INF http m=GET p=/ s=200 d=59µs s=542
INF http m=GET p=/assets/index-SHhnYNGf.js s=200 d=137µs s=49792
INF http m=GET p=/assets/index-DPQ8uk7g.css s=200 d=130µs s=12402
INF http m=GET p=/assets/editor-vendor-Bje_VwYD.js s=200 d=158µs s=117396
INF http m=GET p=/assets/vendor-C3WBU0hm.js s=200 d=79µs s=29762
INF http m=GET p=/registerSW.js s=200 d=31µs s=87
INF http m=GET p=/api/v1/auth/me s=200 d=219µs s=162
INF http m=GET p=/assets/en-BOb8f2G7.js s=200 d=58µs s=5207
INF http m=GET p=/favicon.png s=200 d=52µs s=449
INF http m=GET p=/sw.js s=200 d=123µs s=5540
INF http m=GET p=/api/v1/notifications/unread-count s=200 d=150µs s=25
INF http m=GET p=/registerSW.js s=200 d=42µs s=87
INF http m=GET p=/index.html s=200 d=43µs s=542
INF http m=GET p=/icon.svg s=200 d=31µs s=195
INF http m=GET p=/icon-512.png s=200 d=74µs s=6498
INF http m=POST p=/api/v1/organizations s=200 d=65.3ms s=350
INF http m=GET p=/api/v1/auth/me s=200 d=223µs s=248
INF http m=GET p=/icon-192.png s=200 d=31µs s=2468
INF http m=GET p=/favicon.png s=200 d=31µs s=449
INF http m=GET p=/apple-touch-icon.png s=200 d=30µs s=2298
INF http m=GET p=/assets/material-symbols-names-mOXCVt15.js s=200 d=79µs s=15793
INF http m=GET p=/assets/fr-CgauyyXq.js s=200 d=90µs s=6301
INF http m=GET p=/assets/es-DHO8DnB9.js s=200 d=95µs s=6015
INF http m=GET p=/assets/emoji-groups-tsNE8Axz.js s=200 d=85µs s=13852
INF http m=POST p=/api/v1/auth/register s=200 d=204ms s=385
INF http m=GET p=/ s=200 d=58µs s=542
INF http m=GET p=/assets/de-qJeflSp6.js s=200 d=81µs s=6245
INF http m=GET p=/assets/index-SHhnYNGf.js s=200 d=196µs s=49792
INF http m=GET p=/assets/WorkspaceSettingsPanel-CsUOm22X.css s=200 d=22µs s=1025
INF http m=GET p=/assets/vendor-C3WBU0hm.js s=200 d=146µs s=29762
INF http m=GET p=/assets/editor-vendor-Bje_VwYD.js s=200 d=175µs s=117396
INF http m=GET p=/assets/index-DPQ8uk7g.css s=200 d=99µs s=12402
INF http m=GET p=/registerSW.js s=200 d=40µs s=87
INF http m=GET p=/assets/WorkspaceSettingsPanel-CM5oaFTF.js s=200 d=59µs s=4443
INF http m=GET p=/assets/ServerSettingsPanel-pbgISWIv.css s=200 d=93µs s=596
INF http m=GET p=/assets/ServerSettingsPanel-C8C6nm9a.js s=200 d=56µs s=2550
INF http m=GET p=/assets/ResourceQuotaForm-DTSj8Ta5.css s=200 d=39µs s=302
INF http m=GET p=/assets/ResourceQuotaForm-D6gJNn3N.js s=200 d=39µs s=812
INF http m=GET p=/assets/ProfileSettings-rthGIjGN.js s=200 d=87µs s=4319
INF http m=GET p=/assets/ProfileSettings-D5kbNfHV.css s=200 d=53µs s=1220
INF http m=GET p=/assets/OrgSettingsPanel-BP8s6T0h.css s=200 d=39µs s=511
INF http m=GET p=/assets/OrgSettingsPanel-B78NX7Vn.js s=200 d=78µs s=2302
INF http m=GET p=/assets/InviteForm-R7w4u6kW.js s=200 d=97µs s=1267
INF http m=GET p=/assets/InviteForm-CW-wgFWD.css s=200 d=54µs s=414
INF http m=GET p=/assets/Editor-BYBWY7b1.css s=200 d=44µs s=2240
INF http m=GET p=/api/v1/auth/me s=200 d=577µs s=162
INF http m=GET p=/assets/en-BOb8f2G7.js s=200 d=136µs s=5207
INF http m=GET p=/assets/Editor-5FlZhQpN.js s=200 d=61µs s=13509
INF http m=GET p=/assets/AdminDashboard-R0heLGro.css s=200 d=49µs s=601
INF http m=GET p=/assets/AdminDashboard-D3Sw1IyX.js s=200 d=56µs s=2075
INF http m=GET p=/api/v1/notifications/unread-count s=200 d=627µs s=25
INF http m=GET p=/sw.js s=200 d=84µs s=5540
INF http m=GET p=/manifest.webmanifest s=200 d=33µs s=199
INF http m=GET p=/favicon.png s=200 d=52µs s=449
INF http m=GET p=/registerSW.js s=200 d=47µs s=87
INF http m=GET p=/index.html s=200 d=40µs s=542
INF http m=GET p=/icon.svg s=200 d=28µs s=195
INF http m=GET p=/icon-512.png s=200 d=83µs s=6498
INF http m=GET p=/icon-192.png s=200 d=36µs s=2468
INF http m=GET p=/favicon.png s=200 d=17µs s=449
INF http m=GET p=/apple-touch-icon.png s=200 d=56µs s=2298
INF http m=GET p=/assets/material-symbols-names-mOXCVt15.js s=200 d=83µs s=15793
INF http m=GET p=/assets/fr-CgauyyXq.js s=200 d=109µs s=6301
INF http m=GET p=/assets/es-DHO8DnB9.js s=200 d=56µs s=6015
INF http m=GET p=/assets/emoji-groups-tsNE8Axz.js s=200 d=97µs s=13852
INF http m=GET p=/assets/de-qJeflSp6.js s=200 d=88µs s=6245
INF http m=GET p=/assets/WorkspaceSettingsPanel-CsUOm22X.css s=200 d=31µs s=1025
INF http m=GET p=/assets/WorkspaceSettingsPanel-CM5oaFTF.js s=200 d=58µs s=4443
INF http m=GET p=/assets/ServerSettingsPanel-pbgISWIv.css s=200 d=33µs s=596
INF http m=GET p=/assets/ServerSettingsPanel-C8C6nm9a.js s=200 d=44µs s=2550
INF http m=GET p=/assets/ResourceQuotaForm-DTSj8Ta5.css s=200 d=23µs s=302
INF http m=GET p=/assets/ResourceQuotaForm-D6gJNn3N.js s=200 d=28µs s=812
INF http m=GET p=/assets/ProfileSettings-rthGIjGN.js s=200 d=51µs s=4319
INF http m=GET p=/assets/ProfileSettings-D5kbNfHV.css s=200 d=44µs s=1220
INF http m=GET p=/assets/OrgSettingsPanel-BP8s6T0h.css s=200 d=42µs s=511
INF http m=GET p=/assets/OrgSettingsPanel-B78NX7Vn.js s=200 d=30µs s=2302
INF http m=GET p=/assets/InviteForm-R7w4u6kW.js s=200 d=24µs s=1267
INF http m=GET p=/assets/InviteForm-CW-wgFWD.css s=200 d=24µs s=414
INF http m=GET p=/assets/Editor-BYBWY7b1.css s=200 d=166µs s=2240
INF http m=GET p=/assets/Editor-5FlZhQpN.js s=200 d=65µs s=13509
INF http m=GET p=/assets/AdminDashboard-R0heLGro.css s=200 d=19µs s=601
INF http m=GET p=/assets/AdminDashboard-D3Sw1IyX.js s=200 d=31µs s=2075
INF http m=GET p=/manifest.webmanifest s=200 d=21µs s=199
INF http m=POST p=/api/v1/organizations/4463V64RE000/workspaces s=200 d=543ms s=298
INF http m=POST p=/api/v1/organizations s=200 d=252ms s=350
INF http m=GET p=/api/v1/auth/me s=200 d=671µs s=248
INF http m=POST p=/api/v1/auth/switch-workspace s=200 d=34.3ms s=605
INF http m=GET p=/api/v1/notifications/unread-count s=200 d=1.16ms s=25
INF http m=GET p=/api/v1/workspaces/4463V6IUA000/nodes/0/children s=200 d=841µs s=26
INF http m=GET p=/api/v1/workspaces/4463V6IUA000/members s=200 d=765µs s=124
INF http m=POST p=/api/v1/organizations/4463V8CHA000/workspaces s=200 d=271ms s=296
INF http m=POST p=/api/v1/workspaces/4463V6IUA000/nodes/0/page/create s=200 d=234ms s=35
INF http m=GET p=/api/v1/workspaces/4463V6IUA000/nodes/0/children s=200 d=170µs s=257
INF http m=GET p=/api/v1/workspaces/4463V6IUA000/nodes/4463VA6PK000 s=200 d=167µs s=245
INF http m=POST p=/api/v1/auth/switch-workspace s=200 d=39.7ms s=606
INF http m=GET p=/api/v1/notifications/unread-count s=200 d=121µs s=25
INF http m=GET p=/api/v1/workspaces/4463V9UI8000/members s=200 d=483µs s=124
INF http m=GET p=/api/v1/workspaces/4463V9UI8000/nodes/0/children s=200 d=956µs s=26
INF http m=POST p=/api/v1/workspaces/4463V6IUA000/nodes/4463VA6PK000/page/create s=200 d=17.8ms s=26
INF http m=GET p=/w/@4463V6IUA000+workspace/@4463VA6PK000+welcome s=200 d=41µs s=542
INF http m=GET p=/api/v1/workspaces/4463V6IUA000/events s=200 d=300ms s=233
INF http m=POST p=/api/v1/workspaces/4463V9UI8000/nodes/0/page/create s=200 d=19.8ms s=35
INF http m=GET p=/api/v1/workspaces/4463V9UI8000/nodes/0/children s=200 d=809µs s=257
INF http m=GET p=/api/v1/workspaces/4463V9UI8000/nodes/4463VBUPE000 s=200 d=278µs s=245
INF http m=GET p=/api/v1/auth/me s=200 d=253µs s=350
INF http m=GET p=/api/v1/notifications/unread-count s=200 d=573µs s=25
INF http m=GET p=/api/v1/workspaces/4463V6IUA000/nodes/0/children s=200 d=257µs s=279
INF http m=GET p=/api/v1/workspaces/4463V6IUA000/members s=200 d=364µs s=124
INF http m=GET p=/api/v1/workspaces/4463V6IUA000/nodes/4463VA6PK000 s=200 d=484µs s=245
INF http m=GET p=/api/v1/workspaces/4463V6IUA000/nodes/4463VA6PK000/children s=200 d=273µs s=164
INF http m=GET p=/api/v1/workspaces/4463V6IUA000/nodes/4463VBR30000 s=200 d=321µs s=151
INF http m=GET p=/api/v1/workspaces/4463V6IUA000/nodes/4463VA6PK000 s=200 d=264µs s=245
INF http m=POST p=/api/v1/workspaces/4463V6IUA000/nodes/4463VBR30000/page/create s=200 d=14.2ms s=26
INF http m=GET p=/w/@4463V6IUA000+hierarchys-workspace/@4463VBR30000+child-page s=200 d=32µs s=542
INF http m=GET p=/api/v1/workspaces/4463V6IUA000/events s=200 d=112ms s=201
INF http m=GET p=/api/v1/auth/me s=200 d=246µs s=350
INF http m=GET p=/api/v1/notifications/unread-count s=200 d=125µs s=25
INF http m=GET p=/api/v1/workspaces/4463V6IUA000/nodes/0/children s=200 d=553µs s=279
INF http m=GET p=/api/v1/workspaces/4463V6IUA000/members s=200 d=453µs s=124
INF http m=GET p=/api/v1/workspaces/4463V6IUA000/nodes/4463VBR30000 s=200 d=616µs s=151
INF http m=GET p=/api/v1/workspaces/4463V6IUA000/nodes/4463VA6PK000/children s=200 d=229µs s=173
INF http m=GET p=/api/v1/workspaces/4463V6IUA000/nodes/4463VA6PK000 s=200 d=162µs s=245
INF http m=POST p=/api/v1/workspaces/4463V9UI8000/nodes/4463VBUPE000/page/create s=200 d=23.5ms s=26
INF http m=GET p=/api/v1/workspaces/4463V6IUA000/nodes/4463VBR30000/children s=200 d=257µs s=160
INF http m=POST p=/api/v1/workspaces/4463V9UI8000/nodes/4463VDDL2000/page/create s=200 d=20ms s=26
INF http m=GET p=/w/@4463V9UI8000+workspace/@4463VBUPE000+welcome s=200 d=42µs s=542
INF http m=GET p=/api/v1/workspaces/4463V9UI8000/events s=200 d=296ms s=264
INF http m=GET p=/api/v1/workspaces/4463V6IUA000/nodes/4463VA6PK000 s=200 d=280µs s=245
INF http m=GET p=/api/v1/auth/me s=200 d=481µs s=350
INF http m=GET p=/api/v1/notifications/unread-count s=200 d=174µs s=25
INF http m=GET p=/api/v1/workspaces/4463V9UI8000/nodes/0/children s=200 d=263µs s=279
INF http m=GET p=/api/v1/workspaces/4463V9UI8000/members s=200 d=537µs s=124
INF http m=GET p=/api/v1/workspaces/4463V9UI8000/nodes/4463VBUPE000 s=200 d=1.6ms s=245
INF http m=GET p=/api/v1/workspaces/4463V9UI8000/nodes/4463VBUPE000/children s=200 d=238µs s=158
INF http m=GET p=/api/v1/workspaces/4463V6IUA000/nodes/4463VD240000 s=200 d=341µs s=148
INF http m=GET p=/api/v1/workspaces/4463V9UI8000/nodes/4463VDDL2000/children s=200 d=307µs s=151
INF http m=GET p=/api/v1/workspaces/4463V6IUA000/nodes/4463VBR30000 s=200 d=241µs s=151
INF http m=GET p=/api/v1/workspaces/4463V6IUA000/nodes/4463VA6PK000 s=200 d=183µs s=245
INF http m=GET p=/api/v1/workspaces/4463V9UI8000/nodes/4463VDIKI000 s=200 d=305µs s=139
INF http m=GET p=/api/v1/workspaces/4463V9UI8000/nodes/4463VDDL2000 s=200 d=286µs s=137
INF http m=GET p=/api/v1/workspaces/4463V9UI8000/nodes/4463VBUPE000 s=200 d=374µs s=245
INF http m=GET p=/api/v1/workspaces/4463V6IUA000/events s=200 d=332ms s=93
INF http m=POST p=/api/v1/workspaces/4463V9UI8000/nodes/4463VDIKI000/delete s=200 d=38.8ms s=25
INF http m=GET p=/api/v1/workspaces/4463V9UI8000/nodes/4463VDDL2000 s=200 d=701µs s=137
INF http m=GET p=/api/v1/workspaces/4463V9UI8000/nodes/4463VBUPE000 s=200 d=507µs s=245
INF http m=GET p=/api/v1/workspaces/4463V9UI8000/events s=200 d=434ms s=206
INF http m=POST p=/api/v1/auth/register s=200 d=128ms s=390
INF http m=GET p=/ s=200 d=61µs s=542
INF http m=GET p=/registerSW.js s=200 d=48µs s=87
INF http m=GET p=/assets/vendor-C3WBU0hm.js s=200 d=149µs s=29762
INF http m=GET p=/assets/editor-vendor-Bje_VwYD.js s=200 d=170µs s=117396
INF http m=GET p=/assets/index-SHhnYNGf.js s=200 d=89µs s=49792
INF http m=GET p=/assets/index-DPQ8uk7g.css s=200 d=78µs s=12402
INF http m=GET p=/assets/en-BOb8f2G7.js s=200 d=93µs s=5207
INF http m=GET p=/api/v1/auth/me s=200 d=532µs s=166
INF http m=GET p=/api/v1/notifications/unread-count s=200 d=261µs s=25
INF http m=GET p=/sw.js s=200 d=94µs s=5540
INF http m=GET p=/favicon.png s=200 d=63µs s=449
INF http m=GET p=/registerSW.js s=200 d=39µs s=87
INF http m=GET p=/index.html s=200 d=58µs s=542
INF http m=GET p=/icon.svg s=200 d=25µs s=195
INF http m=GET p=/icon-512.png s=200 d=60µs s=6498
INF http m=GET p=/icon-192.png s=200 d=33µs s=2468
INF http m=POST p=/api/v1/organizations s=200 d=108ms s=353
INF http m=GET p=/api/v1/auth/me s=200 d=499µs s=251
INF http m=GET p=/favicon.png s=200 d=24µs s=449
INF http m=GET p=/apple-touch-icon.png s=200 d=45µs s=2298
INF http m=GET p=/assets/material-symbols-names-mOXCVt15.js s=200 d=83µs s=15793
INF http m=GET p=/assets/fr-CgauyyXq.js s=200 d=88µs s=6301
INF http m=GET p=/assets/es-DHO8DnB9.js s=200 d=59µs s=6015
INF http m=GET p=/assets/emoji-groups-tsNE8Axz.js s=200 d=103µs s=13852
INF http m=GET p=/assets/de-qJeflSp6.js s=200 d=93µs s=6245
INF http m=GET p=/assets/WorkspaceSettingsPanel-CsUOm22X.css s=200 d=39µs s=1025
INF http m=GET p=/assets/WorkspaceSettingsPanel-CM5oaFTF.js s=200 d=51µs s=4443
INF http m=GET p=/assets/ServerSettingsPanel-pbgISWIv.css s=200 d=25µs s=596
INF http m=GET p=/assets/ServerSettingsPanel-C8C6nm9a.js s=200 d=30µs s=2550
INF http m=GET p=/assets/ResourceQuotaForm-DTSj8Ta5.css s=200 d=43µs s=302
INF http m=GET p=/assets/ResourceQuotaForm-D6gJNn3N.js s=200 d=38µs s=812
INF http m=GET p=/assets/ProfileSettings-rthGIjGN.js s=200 d=84µs s=4319
INF http m=GET p=/assets/ProfileSettings-D5kbNfHV.css s=200 d=30µs s=1220
INF http m=GET p=/assets/OrgSettingsPanel-BP8s6T0h.css s=200 d=29µs s=511
INF http m=GET p=/assets/OrgSettingsPanel-B78NX7Vn.js s=200 d=44µs s=2302
INF http m=GET p=/assets/InviteForm-R7w4u6kW.js s=200 d=42µs s=1267
INF http m=GET p=/assets/InviteForm-CW-wgFWD.css s=200 d=37µs s=414
INF http m=GET p=/assets/Editor-BYBWY7b1.css s=200 d=43µs s=2240
INF http m=GET p=/assets/Editor-5FlZhQpN.js s=200 d=70µs s=13509
INF http m=GET p=/assets/AdminDashboard-R0heLGro.css s=200 d=25µs s=601
INF http m=GET p=/assets/AdminDashboard-D3Sw1IyX.js s=200 d=31µs s=2075
INF http m=GET p=/manifest.webmanifest s=200 d=33µs s=199
INF http m=POST p=/api/v1/organizations/4463VIA3E000/workspaces s=200 d=384ms s=300
INF http m=POST p=/api/v1/auth/register s=200 d=496ms s=392
INF http m=GET p=/ s=200 d=72µs s=542
INF http m=POST p=/api/v1/auth/switch-workspace s=200 d=37.5ms s=570
INF http m=GET p=/assets/index-SHhnYNGf.js s=200 d=3.39ms s=49792
INF http m=GET p=/assets/editor-vendor-Bje_VwYD.js s=200 d=185µs s=117396
INF http m=GET p=/api/v1/workspaces/4463VJ10I000/members s=200 d=6.17ms s=130
INF http m=GET p=/registerSW.js s=200 d=34µs s=87
INF http m=GET p=/assets/index-DPQ8uk7g.css s=200 d=9.82ms s=12402
INF http m=GET p=/assets/vendor-C3WBU0hm.js s=200 d=187µs s=29762
INF http m=GET p=/api/v1/notifications/unread-count s=200 d=22.4ms s=25
INF http m=GET p=/api/v1/workspaces/4463VJ10I000/nodes/0/children s=200 d=22.5ms s=26
INF http m=POST p=/api/v1/workspaces/4463VJ10I000/nodes/0/page/create s=200 d=22.3ms s=35
INF http m=GET p=/api/v1/workspaces/4463VJ10I000/nodes/0/children s=200 d=195µs s=257
INF http m=GET p=/api/v1/workspaces/4463VJ10I000/nodes/4463VLSLO000 s=200 d=173µs s=245
INF http m=GET p=/assets/en-BOb8f2G7.js s=200 d=135µs s=5207
INF http m=GET p=/api/v1/auth/me s=200 d=798µs s=165
INF http m=GET p=/api/v1/notifications/unread-count s=200 d=181µs s=25
INF http m=GET p=/favicon.png s=200 d=35µs s=449
INF http m=GET p=/sw.js s=200 d=61µs s=5540
INF http m=GET p=/registerSW.js s=200 d=38µs s=87
INF http m=GET p=/index.html s=200 d=35µs s=542
INF http m=GET p=/icon.svg s=200 d=42µs s=195
INF http m=GET p=/icon-512.png s=200 d=53µs s=6498
INF http m=GET p=/icon-192.png s=200 d=88µs s=2468
INF http m=GET p=/favicon.png s=200 d=17µs s=449
INF http m=GET p=/apple-touch-icon.png s=200 d=25µs s=2298
INF http m=POST p=/api/v1/organizations s=200 d=44.3ms s=351
INF http m=GET p=/api/v1/auth/me s=200 d=534µs s=252
INF http m=GET p=/assets/material-symbols-names-mOXCVt15.js s=200 d=71µs s=15793
INF http m=GET p=/assets/fr-CgauyyXq.js s=200 d=66µs s=6301
INF http m=GET p=/assets/es-DHO8DnB9.js s=200 d=50µs s=6015
INF http m=GET p=/assets/emoji-groups-tsNE8Axz.js s=200 d=84µs s=13852
INF http m=GET p=/assets/de-qJeflSp6.js s=200 d=81µs s=6245
INF http m=GET p=/assets/WorkspaceSettingsPanel-CsUOm22X.css s=200 d=25µs s=1025
INF http m=GET p=/assets/WorkspaceSettingsPanel-CM5oaFTF.js s=200 d=58µs s=4443
INF http m=GET p=/assets/ServerSettingsPanel-pbgISWIv.css s=200 d=20µs s=596
INF http m=GET p=/assets/ServerSettingsPanel-C8C6nm9a.js s=200 d=26µs s=2550
INF http m=GET p=/assets/ResourceQuotaForm-DTSj8Ta5.css s=200 d=20µs s=302
INF http m=GET p=/assets/ResourceQuotaForm-D6gJNn3N.js s=200 d=25µs s=812
INF http m=GET p=/assets/ProfileSettings-rthGIjGN.js s=200 d=46µs s=4319
INF http m=GET p=/assets/ProfileSettings-D5kbNfHV.css s=200 d=30µs s=1220
INF http m=GET p=/assets/OrgSettingsPanel-BP8s6T0h.css s=200 d=19µs s=511
INF http m=GET p=/assets/OrgSettingsPanel-B78NX7Vn.js s=200 d=30µs s=2302
INF http m=GET p=/assets/InviteForm-R7w4u6kW.js s=200 d=23µs s=1267
INF http m=GET p=/assets/InviteForm-CW-wgFWD.css s=200 d=25µs s=414
INF http m=GET p=/assets/Editor-BYBWY7b1.css s=200 d=26µs s=2240
INF http m=GET p=/assets/Editor-5FlZhQpN.js s=200 d=188µs s=13509
INF http m=GET p=/assets/AdminDashboard-R0heLGro.css s=200 d=23µs s=601
INF http m=GET p=/assets/AdminDashboard-D3Sw1IyX.js s=200 d=36µs s=2075
INF http m=GET p=/manifest.webmanifest s=200 d=18µs s=199
INF http m=POST p=/api/v1/organizations/4463VMAMA000/workspaces s=200 d=272ms s=298
INF http m=POST p=/api/v1/workspaces/4463VJ10I000/nodes/4463VLSLO000/page/create s=200 d=109ms s=26
INF http m=POST p=/api/v1/auth/switch-workspace s=200 d=32.9ms s=621
INF http m=POST p=/api/v1/workspaces/4463VJ10I000/nodes/4463VNL30000/page/create s=200 d=33.5ms s=26
INF http m=GET p=/api/v1/notifications/unread-count s=200 d=143µs s=25
INF http m=GET p=/w/@4463VJ10I000+workspace/@4463VLSLO000+welcome s=200 d=26µs s=542
INF http m=GET p=/api/v1/workspaces/4463VMK7C000/members s=200 d=113µs s=126
INF http m=GET p=/api/v1/workspaces/4463VMK7C000/nodes/0/children s=200 d=216µs s=26
INF http m=GET p=/api/v1/workspaces/4463VJ10I000/events s=200 d=468ms s=259
INF http m=POST p=/api/v1/workspaces/4463VMK7C000/nodes/0/page/create s=200 d=23.5ms s=35
INF http m=GET p=/api/v1/workspaces/4463VMK7C000/nodes/0/children s=200 d=243µs s=257
INF http m=GET p=/api/v1/workspaces/4463VMK7C000/nodes/4463VOKB8000 s=200 d=336µs s=245
INF http m=GET p=/api/v1/auth/me s=200 d=212µs s=351
INF http m=GET p=/api/v1/workspaces/4463VJ10I000/nodes/0/children s=200 d=348µs s=279
INF http m=GET p=/api/v1/workspaces/4463VJ10I000/nodes/4463VLSLO000 s=200 d=477µs s=245
INF http m=GET p=/api/v1/notifications/unread-count s=200 d=243µs s=25
INF http m=GET p=/api/v1/workspaces/4463VJ10I000/members s=200 d=884µs s=130
INF http m=GET p=/api/v1/workspaces/4463VJ10I000/nodes/4463VLSLO000/children s=200 d=819µs s=168
INF http m=GET p=/api/v1/workspaces/4463VJ10I000/nodes/4463VNL30000/children s=200 d=342µs s=154
INF http m=GET p=/api/v1/workspaces/4463VJ10I000/nodes/4463VNL30000 s=200 d=278µs s=150
INF http m=GET p=/api/v1/workspaces/4463VJ10I000/nodes/4463VLSLO000 s=200 d=213µs s=245
INF http m=POST p=/api/v1/workspaces/4463VJ10I000/nodes/4463VNL30000/delete s=200 d=14.8ms s=25
INF http m=GET p=/api/v1/workspaces/4463VJ10I000/nodes/4463VLSLO000 s=200 d=197µs s=245
INF http m=GET p=/api/v1/workspaces/4463VJ10I000/events s=200 d=345ms s=207
INF http m=POST p=/api/v1/workspaces/4463VMK7C000/nodes/0/page/create s=200 d=17.8ms s=26
INF http m=POST p=/api/v1/workspaces/4463VMK7C000/nodes/0/page/create s=200 d=20.7ms s=26
INF http m=GET p=/w/@4463VMK7C000+workspace/@4463VOKB8000+welcome s=200 d=45µs s=542
INF http m=GET p=/api/v1/workspaces/4463VMK7C000/events s=200 d=522ms s=260
INF http m=GET p=/api/v1/auth/me s=200 d=242µs s=355
INF http m=GET p=/api/v1/notifications/unread-count s=200 d=174µs s=25
INF http m=GET p=/api/v1/workspaces/4463VMK7C000/nodes/0/children s=200 d=406µs s=254
INF http m=GET p=/api/v1/workspaces/4463VMK7C000/members s=200 d=540µs s=126
INF http m=GET p=/api/v1/workspaces/4463VMK7C000/nodes/4463VOKB8000 s=200 d=516µs s=245
INF http m=POST p=/api/v1/auth/register s=200 d=142ms s=391
INF http m=GET p=/ s=200 d=63µs s=542
INF http m=GET p=/api/v1/workspaces/4463VMK7C000/nodes/4463VRERG000 s=200 d=315µs s=128
INF http m=GET p=/assets/index-SHhnYNGf.js s=200 d=180µs s=49792
INF http m=GET p=/assets/index-DPQ8uk7g.css s=200 d=94µs s=12402
INF http m=GET p=/assets/editor-vendor-Bje_VwYD.js s=200 d=141µs s=117396
INF http m=GET p=/assets/vendor-C3WBU0hm.js s=200 d=103µs s=29762
INF http m=GET p=/registerSW.js s=200 d=26µs s=87
INF http m=GET p=/api/v1/auth/me s=200 d=230µs s=166
INF http m=GET p=/assets/en-BOb8f2G7.js s=200 d=56µs s=5207
INF http m=GET p=/api/v1/notifications/unread-count s=200 d=121µs s=25
INF http m=GET p=/favicon.png s=200 d=26µs s=449
INF http m=GET p=/sw.js s=200 d=73µs s=5540
INF http m=GET p=/registerSW.js s=200 d=37µs s=87
INF http m=GET p=/index.html s=200 d=28µs s=542
INF http m=GET p=/icon.svg s=200 d=24µs s=195
INF http m=GET p=/icon-512.png s=200 d=39µs s=6498
INF http m=GET p=/icon-192.png s=200 d=39µs s=2468
INF http m=POST p=/api/v1/organizations s=200 d=68.8ms s=346
INF http m=GET p=/favicon.png s=200 d=22µs s=449
INF http m=GET p=/api/v1/auth/me s=200 d=185µs s=248
INF http m=POST p=/api/v1/workspaces/4463VMK7C000/nodes/4463VRERG000/delete s=200 d=73.9ms s=25
INF http m=GET p=/apple-touch-icon.png s=200 d=33µs s=2298
INF http m=GET p=/api/v1/workspaces/4463VMK7C000/nodes/4463VRB12000 s=200 d=254µs s=127
INF http m=GET p=/assets/material-symbols-names-mOXCVt15.js s=200 d=168µs s=15793
INF http m=GET p=/assets/fr-CgauyyXq.js s=200 d=101µs s=6301
INF http m=GET p=/assets/es-DHO8DnB9.js s=200 d=69µs s=6015
INF http m=GET p=/assets/emoji-groups-tsNE8Axz.js s=200 d=93µs s=13852
INF http m=GET p=/api/v1/workspaces/4463VMK7C000/events s=200 d=381ms s=207
INF http m=GET p=/assets/de-qJeflSp6.js s=200 d=82µs s=6245
INF http m=GET p=/assets/WorkspaceSettingsPanel-CsUOm22X.css s=200 d=37µs s=1025
INF http m=GET p=/assets/WorkspaceSettingsPanel-CM5oaFTF.js s=200 d=62µs s=4443
INF http m=GET p=/assets/ServerSettingsPanel-pbgISWIv.css s=200 d=30µs s=596
INF http m=GET p=/assets/ServerSettingsPanel-C8C6nm9a.js s=200 d=38µs s=2550
INF http m=GET p=/assets/ResourceQuotaForm-DTSj8Ta5.css s=200 d=57µs s=302
INF http m=GET p=/assets/ResourceQuotaForm-D6gJNn3N.js s=200 d=41µs s=812
INF http m=GET p=/assets/ProfileSettings-rthGIjGN.js s=200 d=61µs s=4319
INF http m=GET p=/assets/ProfileSettings-D5kbNfHV.css s=200 d=45µs s=1220
INF http m=GET p=/assets/OrgSettingsPanel-BP8s6T0h.css s=200 d=29µs s=511
INF http m=GET p=/assets/OrgSettingsPanel-B78NX7Vn.js s=200 d=49µs s=2302
INF http m=GET p=/assets/InviteForm-R7w4u6kW.js s=200 d=41µs s=1267
INF http m=GET p=/assets/InviteForm-CW-wgFWD.css s=200 d=43µs s=414
INF http m=GET p=/assets/Editor-BYBWY7b1.css s=200 d=37µs s=2240
INF http m=GET p=/assets/Editor-5FlZhQpN.js s=200 d=115µs s=13509
INF http m=GET p=/assets/AdminDashboard-R0heLGro.css s=200 d=43µs s=601
INF http m=GET p=/assets/AdminDashboard-D3Sw1IyX.js s=200 d=52µs s=2075
INF http m=GET p=/manifest.webmanifest s=200 d=25µs s=199
INF http m=POST p=/api/v1/organizations/4463VU144000/workspaces s=200 d=494ms s=295
INF http m=POST p=/api/v1/auth/register s=200 d=271ms s=391
INF http m=GET p=/ s=200 d=89µs s=542
INF http m=GET p=/assets/index-SHhnYNGf.js s=200 d=145µs s=49792
INF http m=GET p=/assets/index-DPQ8uk7g.css s=200 d=98µs s=12402
INF http m=GET p=/assets/editor-vendor-Bje_VwYD.js s=200 d=132µs s=117396
INF http m=GET p=/assets/vendor-C3WBU0hm.js s=200 d=93µs s=29762
INF http m=GET p=/registerSW.js s=200 d=38µs s=87
INF http m=POST p=/api/v1/auth/switch-workspace s=200 d=55.1ms s=550
INF http m=GET p=/api/v1/workspaces/4463VUG3M000/nodes/0/children s=200 d=296µs s=26
INF http m=GET p=/api/v1/notifications/unread-count s=200 d=91µs s=25
INF http m=GET p=/api/v1/workspaces/4463VUG3M000/members s=200 d=132µs s=120
INF http m=POST p=/api/v1/workspaces/4463VUG3M000/nodes/0/page/create s=200 d=20.2ms s=35
INF http m=GET p=/api/v1/workspaces/4463VUG3M000/nodes/0/children s=200 d=250µs s=257
INF http m=GET p=/api/v1/workspaces/4463VUG3M000/nodes/4464021BS000 s=200 d=211µs s=245
INF http m=GET p=/assets/en-BOb8f2G7.js s=200 d=158µs s=5207
INF http m=GET p=/api/v1/auth/me s=200 d=2.66ms s=166
INF http m=GET p=/favicon.png s=200 d=35µs s=449
INF http m=GET p=/api/v1/notifications/unread-count s=200 d=167µs s=25
INF http m=GET p=/sw.js s=200 d=100µs s=5540
INF http m=GET p=/registerSW.js s=200 d=37µs s=87
INF http m=GET p=/index.html s=200 d=24µs s=542
INF http m=GET p=/icon.svg s=200 d=22µs s=195
INF http m=GET p=/icon-512.png s=200 d=56µs s=6498
INF http m=GET p=/icon-192.png s=200 d=28µs s=2468
INF http m=GET p=/favicon.png s=200 d=18µs s=449
INF http m=GET p=/apple-touch-icon.png s=200 d=26µs s=2298
INF http m=POST p=/api/v1/organizations s=200 d=51.4ms s=350
INF http m=GET p=/api/v1/auth/me s=200 d=415µs s=250
INF http m=GET p=/assets/material-symbols-names-mOXCVt15.js s=200 d=519µs s=15793
INF http m=GET p=/assets/fr-CgauyyXq.js s=200 d=66µs s=6301
INF http m=GET p=/assets/es-DHO8DnB9.js s=200 d=79µs s=6015
INF http m=GET p=/assets/emoji-groups-tsNE8Axz.js s=200 d=82µs s=13852
INF http m=GET p=/assets/de-qJeflSp6.js s=200 d=1.22ms s=6245
INF http m=GET p=/assets/WorkspaceSettingsPanel-CsUOm22X.css s=200 d=26µs s=1025
INF http m=GET p=/assets/WorkspaceSettingsPanel-CM5oaFTF.js s=200 d=52µs s=4443
INF http m=GET p=/assets/ServerSettingsPanel-pbgISWIv.css s=200 d=34µs s=596
INF http m=GET p=/assets/ServerSettingsPanel-C8C6nm9a.js s=200 d=30µs s=2550
INF http m=GET p=/assets/ResourceQuotaForm-DTSj8Ta5.css s=200 d=17µs s=302
INF http m=GET p=/assets/ResourceQuotaForm-D6gJNn3N.js s=200 d=20µs s=812
INF http m=GET p=/assets/ProfileSettings-rthGIjGN.js s=200 d=279µs s=4319
INF http m=GET p=/assets/ProfileSettings-D5kbNfHV.css s=200 d=25µs s=1220
INF http m=GET p=/assets/OrgSettingsPanel-BP8s6T0h.css s=200 d=21µs s=511
INF http m=GET p=/assets/OrgSettingsPanel-B78NX7Vn.js s=200 d=29µs s=2302
INF http m=GET p=/assets/InviteForm-R7w4u6kW.js s=200 d=20µs s=1267
INF http m=GET p=/assets/InviteForm-CW-wgFWD.css s=200 d=18µs s=414
INF http m=GET p=/assets/Editor-BYBWY7b1.css s=200 d=25µs s=2240
INF http m=GET p=/assets/Editor-5FlZhQpN.js s=200 d=113µs s=13509
INF http m=GET p=/assets/AdminDashboard-R0heLGro.css s=200 d=23µs s=601
INF http m=GET p=/assets/AdminDashboard-D3Sw1IyX.js s=200 d=24µs s=2075
INF http m=GET p=/manifest.webmanifest s=200 d=21µs s=199
INF http m=POST p=/api/v1/organizations/446402G2E000/workspaces s=200 d=290ms s=299
INF http m=POST p=/api/v1/workspaces/4463VUG3M000/nodes/0/page/create s=200 d=226ms s=26
INF http m=POST p=/api/v1/auth/switch-workspace s=200 d=34.6ms s=624
INF http m=POST p=/api/v1/workspaces/4463VUG3M000/nodes/0/page/create s=200 d=35.8ms s=26
INF http m=GET p=/api/v1/notifications/unread-count s=200 d=143µs s=25
INF http m=GET p=/api/v1/workspaces/446402QVQ000/nodes/0/children s=200 d=222µs s=26
INF http m=GET p=/api/v1/workspaces/446402QVQ000/members s=200 d=123µs s=126
INF http m=GET p=/w/@4463VUG3M000+workspace/@4464021BS000+welcome s=200 d=26µs s=542
INF http m=GET p=/api/v1/workspaces/4463VUG3M000/events s=200 d=479ms s=253
INF http m=POST p=/api/v1/workspaces/446402QVQ000/nodes/0/page/create s=200 d=27.1ms s=35
INF http m=GET p=/api/v1/workspaces/446402QVQ000/nodes/0/children s=200 d=263µs s=257
INF http m=GET p=/api/v1/workspaces/446402QVQ000/nodes/446404TPA000 s=200 d=252µs s=245
INF http m=GET p=/api/v1/auth/me s=200 d=266µs s=347
INF http m=GET p=/api/v1/notifications/unread-count s=200 d=172µs s=25
INF http m=GET p=/api/v1/workspaces/4463VUG3M000/members s=200 d=358µs s=120
INF http m=GET p=/api/v1/workspaces/4463VUG3M000/nodes/0/children s=200 d=1.23ms s=263
INF http m=GET p=/api/v1/workspaces/4463VUG3M000/nodes/4464021BS000 s=200 d=877µs s=245
INF http m=GET p=/api/v1/workspaces/4463VUG3M000/nodes/4464038AS000 s=200 d=1.73ms s=133
INF http m=GET p=/api/v1/workspaces/4463VUG3M000/nodes/446404KSS000 s=200 d=328µs s=133
INF http m=GET p=/api/v1/workspaces/4463VUG3M000/nodes/4464038AS000 s=200 d=330µs s=133
INF http m=GET p=/api/v1/workspaces/4463VUG3M000/events s=200 d=246ms s=93
INF http m=POST p=/api/v1/workspaces/446402QVQ000/nodes/0/page/create s=200 d=37ms s=26
INF http m=POST p=/api/v1/workspaces/446402QVQ000/nodes/446407H1U000/page/create s=200 d=37.1ms s=26
INF http m=POST p=/api/v1/workspaces/446402QVQ000/nodes/446407H1U000/page s=200 d=20.1ms s=26
INF http m=GET p=/w/@446402QVQ000+workspace/@446404TPA000+welcome s=200 d=37µs s=542
INF http m=GET p=/api/v1/workspaces/446402QVQ000/events s=200 d=548ms s=279
INF http m=POST p=/api/v1/auth/register s=200 d=142ms s=390
INF http m=GET p=/ s=200 d=91µs s=542
INF http m=GET p=/registerSW.js s=200 d=61µs s=87
INF http m=GET p=/assets/index-SHhnYNGf.js s=200 d=93µs s=49792
INF http m=GET p=/assets/vendor-C3WBU0hm.js s=200 d=74µs s=29762
INF http m=GET p=/assets/editor-vendor-Bje_VwYD.js s=200 d=105µs s=117396
INF http m=GET p=/assets/index-DPQ8uk7g.css s=200 d=71µs s=12402
INF http m=GET p=/api/v1/auth/me s=200 d=249µs s=353
INF http m=GET p=/api/v1/notifications/unread-count s=200 d=127µs s=25
INF http m=GET p=/api/v1/workspaces/446402QVQ000/nodes/0/children s=200 d=366µs s=310
INF http m=GET p=/api/v1/workspaces/446402QVQ000/members s=200 d=373µs s=126
INF http m=GET p=/api/v1/workspaces/446402QVQ000/nodes/446404TPA000 s=200 d=1.16ms s=245
INF http m=GET p=/api/v1/workspaces/446402QVQ000/nodes/446407H1U000/children s=200 d=990µs s=152
INF http m=GET p=/assets/en-BOb8f2G7.js s=200 d=130µs s=5207
INF http m=GET p=/api/v1/auth/me s=200 d=214µs s=164
INF http m=GET p=/favicon.png s=200 d=43µs s=449
INF http m=GET p=/api/v1/notifications/unread-count s=200 d=113µs s=25
INF http m=GET p=/sw.js s=200 d=76µs s=5540
INF http m=GET p=/api/v1/workspaces/446402QVQ000/nodes/446407H1U000 s=200 d=286µs s=197
INF http m=GET p=/api/v1/workspaces/446402QVQ000/nodes/titles s=200 d=224µs s=64
INF http m=GET p=/registerSW.js s=200 d=35µs s=87
INF http m=GET p=/index.html s=200 d=36µs s=542
INF http m=GET p=/icon.svg s=200 d=31µs s=195
INF http m=GET p=/icon-512.png s=200 d=65µs s=6498
INF http m=GET p=/icon-192.png s=200 d=30µs s=2468
INF http m=GET p=/favicon.png s=200 d=26µs s=449
INF http m=GET p=/apple-touch-icon.png s=200 d=25µs s=2298
INF http m=POST p=/api/v1/organizations s=200 d=82.3ms s=349
INF http m=GET p=/api/v1/auth/me s=200 d=225µs s=250
INF http m=GET p=/assets/material-symbols-names-mOXCVt15.js s=200 d=112µs s=15793
INF http m=GET p=/assets/fr-CgauyyXq.js s=200 d=74µs s=6301
INF http m=GET p=/assets/es-DHO8DnB9.js s=200 d=821µs s=6015
INF http m=GET p=/assets/emoji-groups-tsNE8Axz.js s=200 d=116µs s=13852
INF http m=GET p=/assets/de-qJeflSp6.js s=200 d=85µs s=6245
INF http m=GET p=/assets/WorkspaceSettingsPanel-CsUOm22X.css s=200 d=22µs s=1025
INF http m=GET p=/assets/WorkspaceSettingsPanel-CM5oaFTF.js s=200 d=51µs s=4443
INF http m=GET p=/assets/ServerSettingsPanel-pbgISWIv.css s=200 d=76µs s=596
INF http m=GET p=/assets/ServerSettingsPanel-C8C6nm9a.js s=200 d=30µs s=2550
INF http m=GET p=/assets/ResourceQuotaForm-DTSj8Ta5.css s=200 d=26µs s=302
INF http m=GET p=/assets/ResourceQuotaForm-D6gJNn3N.js s=200 d=25µs s=812
INF http m=GET p=/assets/ProfileSettings-rthGIjGN.js s=200 d=47µs s=4319
INF http m=GET p=/assets/ProfileSettings-D5kbNfHV.css s=200 d=23µs s=1220
INF http m=GET p=/assets/OrgSettingsPanel-BP8s6T0h.css s=200 d=28µs s=511
INF http m=GET p=/assets/OrgSettingsPanel-B78NX7Vn.js s=200 d=25µs s=2302
INF http m=GET p=/assets/InviteForm-R7w4u6kW.js s=200 d=27µs s=1267
INF http m=GET p=/assets/InviteForm-CW-wgFWD.css s=200 d=21µs s=414
INF http m=GET p=/assets/Editor-BYBWY7b1.css s=200 d=32µs s=2240
INF http m=GET p=/assets/Editor-5FlZhQpN.js s=200 d=66µs s=13509
INF http m=GET p=/assets/AdminDashboard-R0heLGro.css s=200 d=23µs s=601
INF http m=GET p=/assets/AdminDashboard-D3Sw1IyX.js s=200 d=30µs s=2075
INF http m=GET p=/manifest.webmanifest s=200 d=38µs s=199
INF http m=POST p=/api/v1/organizations/446409M80000/workspaces s=200 d=309ms s=298
INF http m=POST p=/api/v1/workspaces/446402QVQ000/nodes/446407OMK000/page s=200 d=268ms s=26
INF http m=GET p=/w/@446402QVQ000+page-linkss-workspace/@446407H1U000+parent-page s=200 d=35µs s=542
INF http m=GET p=/api/v1/workspaces/446402QVQ000/events s=200 d=490ms s=202
INF http m=POST p=/api/v1/auth/switch-workspace s=200 d=47.4ms s=623
INF http m=GET p=/api/v1/auth/me s=200 d=180µs s=353
INF http m=GET p=/api/v1/notifications/unread-count s=200 d=603µs s=25
INF http m=GET p=/api/v1/workspaces/446402QVQ000/nodes/0/children s=200 d=257µs s=310
INF http m=GET p=/api/v1/workspaces/446402QVQ000/nodes/446407H1U000 s=200 d=508µs s=197
INF http m=GET p=/api/v1/workspaces/446402QVQ000/members s=200 d=310µs s=126
INF http m=GET p=/api/v1/notifications/unread-count s=200 d=96µs s=25
INF http m=GET p=/api/v1/workspaces/44640A7FI000/nodes/0/children s=200 d=339µs s=26
INF http m=GET p=/api/v1/workspaces/44640A7FI000/members s=200 d=707µs s=126
INF http m=GET p=/api/v1/workspaces/446402QVQ000/nodes/446407H1U000/children s=200 d=1.07ms s=157
INF http m=GET p=/api/v1/workspaces/446402QVQ000/nodes/titles s=200 d=2.12ms s=63
INF http m=POST p=/api/v1/workspaces/44640A7FI000/nodes/0/page/create s=200 d=23.5ms s=35
INF http m=GET p=/api/v1/workspaces/44640A7FI000/nodes/0/children s=200 d=1.72ms s=257
INF http m=GET p=/api/v1/workspaces/44640A7FI000/nodes/44640CJU4000 s=200 d=174µs s=245
INF http m=GET p=/api/v1/workspaces/446402QVQ000/events s=200 d=103ms s=93
INF http m=POST p=/api/v1/auth/register s=200 d=117ms s=384
INF http m=GET p=/ s=200 d=63µs s=542
INF http m=POST p=/api/v1/workspaces/44640A7FI000/nodes/0/page/create s=200 d=20.3ms s=26
INF http m=GET p=/registerSW.js s=200 d=48µs s=87
INF http m=GET p=/assets/vendor-C3WBU0hm.js s=200 d=108µs s=29762
INF http m=GET p=/assets/index-SHhnYNGf.js s=200 d=84µs s=49792
INF http m=GET p=/assets/editor-vendor-Bje_VwYD.js s=200 d=113µs s=117396
INF http m=GET p=/assets/index-DPQ8uk7g.css s=200 d=74µs s=12402
INF http m=POST p=/api/v1/workspaces/44640A7FI000/nodes/0/page/create s=200 d=33.3ms s=26
INF http m=GET p=/api/v1/workspaces/44640A7FI000/nodes/titles s=200 d=353µs s=69
INF http m=GET p=/api/v1/workspaces/44640A7FI000/events s=200 d=460ms s=259
INF http m=GET p=/api/v1/auth/me s=200 d=527µs s=166
INF http m=GET p=/assets/en-BOb8f2G7.js s=200 d=72µs s=5207
INF http m=GET p=/api/v1/notifications/unread-count s=200 d=647µs s=25
INF http m=GET p=/sw.js s=200 d=60µs s=5540
INF http m=GET p=/favicon.png s=200 d=42µs s=449
INF http m=GET p=/registerSW.js s=200 d=46µs s=87
INF http m=GET p=/index.html s=200 d=53µs s=542
INF http m=GET p=/icon.svg s=200 d=38µs s=195
INF http m=GET p=/icon-512.png s=200 d=72µs s=6498
INF http m=GET p=/icon-192.png s=200 d=48µs s=2468
INF http m=POST p=/api/v1/organizations s=200 d=113ms s=349
INF http m=GET p=/api/v1/auth/me s=200 d=865µs s=249
INF http m=GET p=/favicon.png s=200 d=26µs s=449
INF http m=GET p=/apple-touch-icon.png s=200 d=40µs s=2298
INF http m=GET p=/assets/material-symbols-names-mOXCVt15.js s=200 d=70µs s=15793
INF http m=GET p=/assets/fr-CgauyyXq.js s=200 d=97µs s=6301
INF http m=GET p=/assets/es-DHO8DnB9.js s=200 d=94µs s=6015
INF http m=GET p=/assets/emoji-groups-tsNE8Axz.js s=200 d=130µs s=13852
INF http m=GET p=/assets/de-qJeflSp6.js s=200 d=86µs s=6245
INF http m=GET p=/assets/WorkspaceSettingsPanel-CsUOm22X.css s=200 d=27µs s=1025
INF http m=GET p=/assets/WorkspaceSettingsPanel-CM5oaFTF.js s=200 d=45µs s=4443
INF http m=GET p=/assets/ServerSettingsPanel-pbgISWIv.css s=200 d=44µs s=596
INF http m=GET p=/assets/ServerSettingsPanel-C8C6nm9a.js s=200 d=65µs s=2550
INF http m=GET p=/assets/ResourceQuotaForm-DTSj8Ta5.css s=200 d=25µs s=302
INF http m=GET p=/assets/ResourceQuotaForm-D6gJNn3N.js s=200 d=34µs s=812
INF http m=GET p=/assets/ProfileSettings-rthGIjGN.js s=200 d=64µs s=4319
INF http m=GET p=/assets/ProfileSettings-D5kbNfHV.css s=200 d=33µs s=1220
INF http m=GET p=/assets/OrgSettingsPanel-BP8s6T0h.css s=200 d=44µs s=511
INF http m=GET p=/assets/OrgSettingsPanel-B78NX7Vn.js s=200 d=43µs s=2302
INF http m=GET p=/assets/InviteForm-R7w4u6kW.js s=200 d=33µs s=1267
INF http m=GET p=/assets/InviteForm-CW-wgFWD.css s=200 d=80µs s=414
INF http m=GET p=/assets/Editor-BYBWY7b1.css s=200 d=37µs s=2240
INF http m=GET p=/assets/Editor-5FlZhQpN.js s=200 d=107µs s=13509
INF http m=GET p=/assets/AdminDashboard-R0heLGro.css s=200 d=25µs s=601
INF http m=GET p=/assets/AdminDashboard-D3Sw1IyX.js s=200 d=31µs s=2075
INF http m=GET p=/manifest.webmanifest s=200 d=21µs s=199
INF http m=POST p=/api/v1/organizations/44640G4RQ000/workspaces s=200 d=425ms s=295
INF http m=POST p=/api/v1/auth/register s=200 d=478ms s=400
INF http m=GET p=/ s=200 d=44µs s=542
INF http m=POST p=/api/v1/auth/switch-workspace s=200 d=36.9ms s=605
INF http m=GET p=/api/v1/notifications/unread-count s=200 d=186µs s=25
INF http m=GET p=/api/v1/workspaces/44640GT6C000/members s=200 d=392µs s=124
INF http m=GET p=/api/v1/workspaces/44640GT6C000/nodes/0/children s=200 d=244µs s=26
INF http m=GET p=/assets/index-SHhnYNGf.js s=200 d=745µs s=49792
INF http m=GET p=/registerSW.js s=200 d=173µs s=87
INF http m=GET p=/assets/editor-vendor-Bje_VwYD.js s=200 d=197µs s=117396
INF http m=GET p=/assets/vendor-C3WBU0hm.js s=200 d=85µs s=29762
INF http m=GET p=/assets/index-DPQ8uk7g.css s=200 d=8.79ms s=12402
INF http m=POST p=/api/v1/workspaces/44640GT6C000/nodes/0/page/create s=200 d=30ms s=35
INF http m=GET p=/api/v1/workspaces/44640GT6C000/nodes/0/children s=200 d=215µs s=257
INF http m=GET p=/api/v1/workspaces/44640GT6C000/nodes/44640JV12000 s=200 d=286µs s=245
INF http m=GET p=/assets/en-BOb8f2G7.js s=200 d=72µs s=5207
INF http m=GET p=/api/v1/auth/me s=200 d=1.04ms s=170
INF http m=GET p=/api/v1/notifications/unread-count s=200 d=168µs s=25
INF http m=GET p=/sw.js s=200 d=53µs s=5540
INF http m=GET p=/favicon.png s=200 d=30µs s=449
INF http m=GET p=/registerSW.js s=200 d=40µs s=87
INF http m=GET p=/index.html s=200 d=27µs s=542
INF http m=GET p=/icon.svg s=200 d=27µs s=195
INF http m=GET p=/icon-512.png s=200 d=49µs s=6498
INF http m=GET p=/icon-192.png s=200 d=28µs s=2468
INF http m=GET p=/favicon.png s=200 d=16µs s=449
INF http m=GET p=/apple-touch-icon.png s=200 d=19µs s=2298
INF http m=POST p=/api/v1/organizations s=200 d=47.6ms s=354
INF http m=GET p=/assets/material-symbols-names-mOXCVt15.js s=200 d=55µs s=15793
INF http m=GET p=/api/v1/auth/me s=200 d=219µs s=254
INF http m=GET p=/assets/fr-CgauyyXq.js s=200 d=446µs s=6301
INF http m=GET p=/assets/es-DHO8DnB9.js s=200 d=42µs s=6015
INF http m=GET p=/assets/emoji-groups-tsNE8Axz.js s=200 d=79µs s=13852
INF http m=GET p=/assets/de-qJeflSp6.js s=200 d=75µs s=6245
INF http m=GET p=/assets/WorkspaceSettingsPanel-CsUOm22X.css s=200 d=25µs s=1025
INF http m=GET p=/assets/WorkspaceSettingsPanel-CM5oaFTF.js s=200 d=39µs s=4443
INF http m=GET p=/assets/ServerSettingsPanel-pbgISWIv.css s=200 d=22µs s=596
INF http m=GET p=/assets/ServerSettingsPanel-C8C6nm9a.js s=200 d=22µs s=2550
INF http m=GET p=/assets/ResourceQuotaForm-DTSj8Ta5.css s=200 d=17µs s=302
INF http m=GET p=/assets/ResourceQuotaForm-D6gJNn3N.js s=200 d=16µs s=812
INF http m=GET p=/assets/ProfileSettings-rthGIjGN.js s=200 d=45µs s=4319
INF http m=GET p=/assets/ProfileSettings-D5kbNfHV.css s=200 d=25µs s=1220
INF http m=GET p=/assets/OrgSettingsPanel-BP8s6T0h.css s=200 d=18µs s=511
INF http m=GET p=/assets/OrgSettingsPanel-B78NX7Vn.js s=200 d=27µs s=2302
INF http m=GET p=/assets/InviteForm-R7w4u6kW.js s=200 d=28µs s=1267
INF http m=GET p=/assets/InviteForm-CW-wgFWD.css s=200 d=21µs s=414
INF http m=GET p=/assets/Editor-BYBWY7b1.css s=200 d=21µs s=2240
INF http m=GET p=/assets/Editor-5FlZhQpN.js s=200 d=62µs s=13509
INF http m=GET p=/assets/AdminDashboard-R0heLGro.css s=200 d=21µs s=601
INF http m=GET p=/assets/AdminDashboard-D3Sw1IyX.js s=200 d=29µs s=2075
INF http m=GET p=/manifest.webmanifest s=200 d=20µs s=199
INF http m=POST p=/api/v1/organizations/44640KET0000/workspaces s=200 d=284ms s=304
INF http m=POST p=/api/v1/workspaces/44640GT6C000/nodes/0/page/create s=200 d=154ms s=26
INF http m=POST p=/api/v1/auth/switch-workspace s=200 d=36.1ms s=579
INF http m=POST p=/api/v1/workspaces/44640GT6C000/nodes/0/page/create s=200 d=36.1ms s=26
INF http m=GET p=/api/v1/workspaces/44640GT6C000/nodes/44640LJKU000 s=200 d=164µs s=162
INF http m=GET p=/api/v1/workspaces/44640KPBI000/members s=200 d=126µs s=120
INF http m=GET p=/api/v1/notifications/unread-count s=200 d=93µs s=25
INF http m=GET p=/api/v1/workspaces/44640KPBI000/nodes/0/children s=200 d=204µs s=26
INF http m=GET p=/api/v1/workspaces/44640GT6C000/events s=200 d=517ms s=255
INF http m=POST p=/api/v1/workspaces/44640KPBI000/nodes/0/page/create s=200 d=28.2ms s=35
INF http m=GET p=/api/v1/workspaces/44640KPBI000/nodes/0/children s=200 d=260µs s=257
INF http m=GET p=/api/v1/workspaces/44640KPBI000/nodes/44640MT16000 s=200 d=192µs s=245
INF http m=POST p=/api/v1/auth/register s=200 d=124ms s=398
INF http m=GET p=/ s=200 d=86µs s=542
INF http m=GET p=/assets/index-SHhnYNGf.js s=200 d=566µs s=49792
INF http m=GET p=/registerSW.js s=200 d=27µs s=87
INF http m=GET p=/assets/vendor-C3WBU0hm.js s=200 d=93µs s=29762
INF http m=GET p=/assets/editor-vendor-Bje_VwYD.js s=200 d=128µs s=117396
INF http m=GET p=/assets/index-DPQ8uk7g.css s=200 d=72µs s=12402
INF http m=GET p=/assets/en-BOb8f2G7.js s=200 d=87µs s=5207
INF http m=GET p=/api/v1/auth/me s=200 d=2.38ms s=167
INF http m=GET p=/sw.js s=200 d=84µs s=5540
INF http m=GET p=/api/v1/notifications/unread-count s=200 d=135µs s=25
INF http m=GET p=/registerSW.js s=200 d=42µs s=87
INF http m=GET p=/favicon.png s=200 d=21µs s=449
INF http m=GET p=/index.html s=200 d=39µs s=542
INF http m=GET p=/icon.svg s=200 d=70µs s=195
INF http m=GET p=/icon-512.png s=200 d=61µs s=6498
INF http m=GET p=/icon-192.png s=200 d=50µs s=2468
INF http m=GET p=/favicon.png s=200 d=36µs s=449
INF http m=POST p=/api/v1/organizations s=200 d=59.1ms s=350
INF http m=GET p=/apple-touch-icon.png s=200 d=35µs s=2298
INF http m=GET p=/api/v1/auth/me s=200 d=473µs s=249
INF http m=POST p=/api/v1/workspaces/44640KPBI000/nodes/0/page/create s=200 d=28.3ms s=26
INF http m=GET p=/w/@44640KPBI000+workspace/@44640MT16000+welcome s=200 d=37µs s=542
INF http m=GET p=/assets/material-symbols-names-mOXCVt15.js s=200 d=71µs s=15793
INF http m=GET p=/api/v1/workspaces/44640KPBI000/events s=200 d=487ms s=226
INF http m=GET p=/assets/fr-CgauyyXq.js s=200 d=1.2ms s=6301
INF http m=GET p=/assets/es-DHO8DnB9.js s=200 d=65µs s=6015
INF http m=GET p=/assets/emoji-groups-tsNE8Axz.js s=200 d=101µs s=13852
INF http m=GET p=/api/v1/auth/me s=200 d=571µs s=358
INF http m=GET p=/api/v1/workspaces/44640KPBI000/nodes/0/children s=200 d=598µs s=235
INF http m=GET p=/api/v1/notifications/unread-count s=200 d=1.23ms s=25
INF http m=GET p=/api/v1/workspaces/44640KPBI000/members s=200 d=450µs s=120
INF http m=GET p=/api/v1/workspaces/44640KPBI000/nodes/44640MT16000 s=200 d=560µs s=245
INF http m=GET p=/assets/de-qJeflSp6.js s=200 d=109µs s=6245
INF http m=GET p=/assets/WorkspaceSettingsPanel-CsUOm22X.css s=200 d=59µs s=1025
INF http m=GET p=/assets/WorkspaceSettingsPanel-CM5oaFTF.js s=200 d=62µs s=4443
INF http m=GET p=/assets/ServerSettingsPanel-pbgISWIv.css s=200 d=19µs s=596
INF http m=GET p=/assets/ServerSettingsPanel-C8C6nm9a.js s=200 d=28µs s=2550
INF http m=GET p=/assets/ResourceQuotaForm-DTSj8Ta5.css s=200 d=24µs s=302
INF http m=GET p=/assets/ResourceQuotaForm-D6gJNn3N.js s=200 d=23µs s=812
INF http m=GET p=/assets/ProfileSettings-rthGIjGN.js s=200 d=76µs s=4319
INF http m=GET p=/assets/ProfileSettings-D5kbNfHV.css s=200 d=22µs s=1220
INF http m=GET p=/assets/OrgSettingsPanel-BP8s6T0h.css s=200 d=19µs s=511
INF http m=GET p=/assets/OrgSettingsPanel-B78NX7Vn.js s=200 d=24µs s=2302
INF http m=GET p=/assets/InviteForm-R7w4u6kW.js s=200 d=24µs s=1267
INF http m=GET p=/assets/InviteForm-CW-wgFWD.css s=200 d=24µs s=414
INF http m=GET p=/assets/Editor-BYBWY7b1.css s=200 d=33µs s=2240
INF http m=GET p=/api/v1/workspaces/44640KPBI000/nodes/44640PGR6000 s=200 d=775µs s=142
INF http m=GET p=/assets/Editor-5FlZhQpN.js s=200 d=58µs s=13509
INF http m=GET p=/assets/AdminDashboard-R0heLGro.css s=200 d=44µs s=601
INF http m=GET p=/assets/AdminDashboard-D3Sw1IyX.js s=200 d=82µs s=2075
INF http m=GET p=/manifest.webmanifest s=200 d=22µs s=199
INF http m=POST p=/api/v1/organizations/44640P98G000/workspaces s=200 d=382ms s=299
INF http m=POST p=/api/v1/workspaces/44640KPBI000/nodes/44640PGR6000/page/create s=200 d=124ms s=35
INF http m=GET p=/api/v1/workspaces/44640KPBI000/nodes/44640PGR6000/children s=200 d=198µs s=133
INF http m=GET p=/api/v1/workspaces/44640KPBI000/nodes/44640R9LO000 s=200 d=200µs s=124
INF http m=GET p=/api/v1/workspaces/44640KPBI000/nodes/44640PGR6000 s=200 d=165µs s=191
INF http m=GET p=/api/v1/workspaces/44640KPBI000/nodes/44640PGR6000 s=200 d=445µs s=191
INF http m=GET p=/api/v1/workspaces/44640KPBI000/nodes/titles s=200 d=2.24ms s=52
INF http m=GET p=/api/v1/workspaces/44640KPBI000/nodes/44640R9LO000 s=200 d=294µs s=162
INF http m=GET p=/api/v1/workspaces/44640KPBI000/nodes/44640PGR6000 s=200 d=173µs s=191
INF http m=POST p=/api/v1/auth/switch-workspace s=200 d=42.9ms s=576
INF http m=POST p=/api/v1/workspaces/44640KPBI000/nodes/44640PGR6000/page s=200 d=42.2ms s=35
INF http m=GET p=/api/v1/notifications/unread-count s=200 d=160µs s=25
INF http m=GET p=/api/v1/workspaces/44640PMIG000/nodes/0/children s=200 d=234µs s=26
INF http m=GET p=/api/v1/workspaces/44640PMIG000/members s=200 d=82µs s=130
INF http m=POST p=/api/v1/workspaces/44640PMIG000/nodes/0/page/create s=200 d=18ms s=35
INF http m=GET p=/api/v1/workspaces/44640PMIG000/nodes/0/children s=200 d=233µs s=257
INF http m=GET p=/api/v1/workspaces/44640PMIG000/nodes/44640SCPA000 s=200 d=180µs s=245
INF http m=GET p=/api/v1/workspaces/44640KPBI000/nodes/44640PGR6000 s=200 d=204µs s=191
INF http m=GET p=/api/v1/workspaces/44640KPBI000/nodes/titles s=200 d=205µs s=54
INF http m=POST p=/api/v1/workspaces/44640KPBI000/nodes/44640R9LO000/page s=200 d=18.1ms s=35
INF http m=GET p=/api/v1/workspaces/44640KPBI000/events s=200 d=438ms s=263
INF http m=POST p=/api/v1/auth/register s=200 d=117ms s=387
INF http m=GET p=/ s=200 d=58µs s=542
INF http m=POST p=/api/v1/workspaces/44640PMIG000/nodes/0/page/create s=200 d=43.8ms s=26
INF http m=GET p=/assets/index-SHhnYNGf.js s=200 d=127µs s=49792
INF http m=GET p=/assets/index-DPQ8uk7g.css s=200 d=96µs s=12402
INF http m=POST p=/api/v1/workspaces/44640PMIG000/nodes/0/page/create s=200 d=26.7ms s=26
INF http m=GET p=/registerSW.js s=200 d=29µs s=87
INF http m=GET p=/assets/vendor-C3WBU0hm.js s=200 d=102µs s=29762
INF http m=GET p=/assets/editor-vendor-Bje_VwYD.js s=200 d=104µs s=117396
INF http m=POST p=/api/v1/workspaces/44640PMIG000/nodes/44640UB44000/page s=200 d=38.4ms s=26
INF http m=GET p=/w/@44640PMIG000+workspace/@44640SCPA000+welcome s=200 d=39µs s=542
INF http m=GET p=/api/v1/workspaces/44640PMIG000/events s=200 d=459ms s=287
INF http m=GET p=/api/v1/auth/me s=200 d=293µs s=364
INF http m=GET p=/api/v1/auth/me s=200 d=368µs s=165
INF http m=GET p=/assets/en-BOb8f2G7.js s=200 d=55µs s=5207
INF http m=GET p=/api/v1/notifications/unread-count s=200 d=177µs s=25
INF http m=GET p=/favicon.png s=200 d=43µs s=449
INF http m=GET p=/sw.js s=200 d=85µs s=5540
INF http m=GET p=/api/v1/notifications/unread-count s=200 d=170µs s=25
INF http m=GET p=/api/v1/workspaces/44640PMIG000/members s=200 d=431µs s=130
INF http m=GET p=/api/v1/workspaces/44640PMIG000/nodes/44640SCPA000 s=200 d=540µs s=245
INF http m=GET p=/api/v1/workspaces/44640PMIG000/nodes/0/children s=200 d=14.3ms s=298
INF http m=GET p=/registerSW.js s=200 d=37µs s=87
INF http m=GET p=/index.html s=200 d=38µs s=542
INF http m=GET p=/icon.svg s=200 d=28µs s=195
INF http m=GET p=/icon-512.png s=200 d=261µs s=6498
INF http m=GET p=/icon-192.png s=200 d=42µs s=2468
INF http m=POST p=/api/v1/organizations s=200 d=76.4ms s=350
INF http m=GET p=/favicon.png s=200 d=28µs s=449
INF http m=GET p=/api/v1/auth/me s=200 d=160µs s=250
INF http m=GET p=/apple-touch-icon.png s=200 d=22µs s=2298
INF http m=GET p=/assets/material-symbols-names-mOXCVt15.js s=200 d=80µs s=15793
INF http m=GET p=/assets/fr-CgauyyXq.js s=200 d=72µs s=6301
INF http m=GET p=/api/v1/workspaces/44640PMIG000/nodes/44640UB44000 s=200 d=1.23ms s=184
INF http m=GET p=/assets/es-DHO8DnB9.js s=200 d=68µs s=6015
INF http m=GET p=/api/v1/workspaces/44640PMIG000/nodes/titles s=200 d=214µs s=55
INF http m=GET p=/assets/emoji-groups-tsNE8Axz.js s=200 d=92µs s=13852
INF http m=GET p=/assets/de-qJeflSp6.js s=200 d=80µs s=6245
INF http m=GET p=/assets/WorkspaceSettingsPanel-CsUOm22X.css s=200 d=41µs s=1025
INF http m=GET p=/assets/WorkspaceSettingsPanel-CM5oaFTF.js s=200 d=246µs s=4443
INF http m=GET p=/assets/ServerSettingsPanel-pbgISWIv.css s=200 d=22µs s=596
INF http m=GET p=/assets/ServerSettingsPanel-C8C6nm9a.js s=200 d=34µs s=2550
INF http m=GET p=/assets/ResourceQuotaForm-DTSj8Ta5.css s=200 d=21µs s=302
INF http m=GET p=/assets/ResourceQuotaForm-D6gJNn3N.js s=200 d=33µs s=812
INF http m=GET p=/assets/ProfileSettings-rthGIjGN.js s=200 d=82µs s=4319
INF http m=GET p=/assets/ProfileSettings-D5kbNfHV.css s=200 d=23µs s=1220
INF http m=GET p=/assets/OrgSettingsPanel-BP8s6T0h.css s=200 d=19µs s=511
INF http m=GET p=/assets/OrgSettingsPanel-B78NX7Vn.js s=200 d=27µs s=2302
INF http m=GET p=/assets/InviteForm-R7w4u6kW.js s=200 d=19µs s=1267
INF http m=GET p=/assets/InviteForm-CW-wgFWD.css s=200 d=26µs s=414
INF http m=GET p=/assets/Editor-BYBWY7b1.css s=200 d=25µs s=2240
INF http m=GET p=/assets/Editor-5FlZhQpN.js s=200 d=459µs s=13509
INF http m=GET p=/assets/AdminDashboard-R0heLGro.css s=200 d=19µs s=601
INF http m=GET p=/assets/AdminDashboard-D3Sw1IyX.js s=200 d=27µs s=2075
INF http m=GET p=/manifest.webmanifest s=200 d=20µs s=199
INF http m=POST p=/api/v1/workspaces/44640PMIG000/nodes/44640UKIG000/delete s=200 d=212ms s=16
INF http m=POST p=/api/v1/organizations/44640VOMO000/workspaces s=200 d=333ms s=300
INF http m=GET p=/w/@44640PMIG000+invalid-links-workspace/@44640UB44000+page-with-link s=200 d=32µs s=542
INF http m=GET p=/api/v1/workspaces/44640PMIG000/events s=200 d=392ms s=206
INF http m=GET p=/api/v1/auth/me s=200 d=255µs s=364
INF http m=GET p=/api/v1/notifications/unread-count s=200 d=2.32ms s=25
INF http m=GET p=/api/v1/workspaces/44640PMIG000/members s=200 d=2.06ms s=130
INF http m=POST p=/api/v1/auth/switch-workspace s=200 d=49.3ms s=607
INF http m=GET p=/api/v1/workspaces/44640PMIG000/nodes/44640UB44000 s=200 d=6.19ms s=184
INF http m=GET p=/api/v1/workspaces/44640PMIG000/nodes/0/children s=200 d=9.01ms s=288
INF http m=GET p=/api/v1/notifications/unread-count s=200 d=136µs s=25
INF http m=GET p=/api/v1/workspaces/4464108TK000/members s=200 d=377µs s=126
INF http m=GET p=/api/v1/workspaces/4464108TK000/nodes/0/children s=200 d=278µs s=26
INF http m=GET p=/api/v1/workspaces/44640PMIG000/nodes/titles s=200 d=214µs s=27
INF http m=POST p=/api/v1/workspaces/4464108TK000/nodes/0/page/create s=200 d=15.1ms s=35
INF http m=GET p=/api/v1/workspaces/4464108TK000/nodes/0/children s=200 d=221µs s=257
INF http m=GET p=/api/v1/workspaces/4464108TK000/nodes/446412QRA000 s=200 d=177µs s=245
INF http m=GET p=/api/v1/workspaces/44640PMIG000/events s=200 d=111ms s=93
INF http m=GET p=/login s=200 d=59µs s=542
INF http m=GET p=/assets/index-SHhnYNGf.js s=200 d=167µs s=49792
INF http m=GET p=/assets/index-DPQ8uk7g.css s=200 d=98µs s=12402
INF http m=GET p=/registerSW.js s=200 d=38µs s=87
INF http m=GET p=/assets/editor-vendor-Bje_VwYD.js s=200 d=144µs s=117396
INF http m=GET p=/assets/vendor-C3WBU0hm.js s=200 d=77µs s=29762
INF http m=GET p=/api/v1/auth/providers s=200 d=553µs s=59
INF http m=GET p=/assets/en-BOb8f2G7.js s=200 d=67µs s=5207
INF http m=GET p=/sw.js s=200 d=99µs s=5540
INF http m=GET p=/favicon.png s=200 d=41µs s=449
INF http m=GET p=/registerSW.js s=200 d=39µs s=87
INF http m=GET p=/index.html s=200 d=32µs s=542
INF http m=GET p=/icon.svg s=200 d=35µs s=195
INF http m=GET p=/icon-512.png s=200 d=66µs s=6498
INF http m=GET p=/icon-192.png s=200 d=49µs s=2468
INF http m=GET p=/favicon.png s=200 d=47µs s=449
INF http m=POST p=/api/v1/workspaces/4464108TK000/nodes/0/page/create s=200 d=28.6ms s=26
INF http m=GET p=/apple-touch-icon.png s=200 d=34µs s=2298
INF http m=POST p=/api/v1/workspaces/4464108TK000/nodes/0/page/create s=200 d=23.7ms s=26
INF http m=GET p=/assets/material-symbols-names-mOXCVt15.js s=200 d=86µs s=15793
INF http m=POST p=/api/v1/workspaces/4464108TK000/nodes/446415434000/page s=200 d=35.5ms s=26
INF http m=GET p=/w/@4464108TK000+workspace/@446412QRA000+welcome s=200 d=64µs s=542
INF http m=GET p=/assets/fr-CgauyyXq.js s=200 d=69µs s=6301
INF http m=GET p=/api/v1/workspaces/4464108TK000/events s=200 d=502ms s=289
INF http m=GET p=/assets/es-DHO8DnB9.js s=200 d=93µs s=6015
INF http m=GET p=/assets/emoji-groups-tsNE8Axz.js s=200 d=94µs s=13852
INF http m=GET p=/api/v1/auth/me s=200 d=755µs s=352
INF http m=GET p=/api/v1/notifications/unread-count s=200 d=308µs s=25
INF http m=GET p=/api/v1/workspaces/4464108TK000/nodes/0/children s=200 d=756µs s=315
INF http m=GET p=/api/v1/workspaces/4464108TK000/members s=200 d=382µs s=126
INF http m=GET p=/api/v1/workspaces/4464108TK000/nodes/446412QRA000 s=200 d=4.55ms s=245
INF http m=GET p=/assets/de-qJeflSp6.js s=200 d=141µs s=6245
INF http m=GET p=/assets/WorkspaceSettingsPanel-CsUOm22X.css s=200 d=31µs s=1025
INF http m=GET p=/assets/WorkspaceSettingsPanel-CM5oaFTF.js s=200 d=56µs s=4443
INF http m=GET p=/assets/ServerSettingsPanel-pbgISWIv.css s=200 d=39µs s=596
INF http m=GET p=/assets/ServerSettingsPanel-C8C6nm9a.js s=200 d=27µs s=2550
INF http m=GET p=/assets/ResourceQuotaForm-DTSj8Ta5.css s=200 d=22µs s=302
INF http m=GET p=/assets/ResourceQuotaForm-D6gJNn3N.js s=200 d=22µs s=812
INF http m=GET p=/assets/ProfileSettings-rthGIjGN.js s=200 d=48µs s=4319
INF http m=GET p=/assets/ProfileSettings-D5kbNfHV.css s=200 d=36µs s=1220
INF http m=GET p=/api/v1/workspaces/4464108TK000/nodes/446415434000 s=200 d=229µs s=227
INF http m=GET p=/assets/OrgSettingsPanel-BP8s6T0h.css s=200 d=24µs s=511
INF http m=GET p=/assets/OrgSettingsPanel-B78NX7Vn.js s=200 d=31µs s=2302
INF http m=GET p=/assets/InviteForm-R7w4u6kW.js s=200 d=33µs s=1267
INF http m=GET p=/api/v1/workspaces/4464108TK000/nodes/titles s=200 d=290µs s=55
INF http m=GET p=/assets/InviteForm-CW-wgFWD.css s=200 d=28µs s=414
INF http m=GET p=/assets/Editor-BYBWY7b1.css s=200 d=51µs s=2240
INF http m=GET p=/assets/Editor-5FlZhQpN.js s=200 d=79µs s=13509
INF http m=GET p=/assets/AdminDashboard-R0heLGro.css s=200 d=29µs s=601
INF http m=GET p=/assets/AdminDashboard-D3Sw1IyX.js s=200 d=29µs s=2075
INF http m=GET p=/manifest.webmanifest s=200 d=22µs s=199
INF http m=POST p=/api/v1/auth/register s=200 d=156ms s=377
INF http m=GET p=/api/v1/auth/me s=200 d=143µs s=212
INF http m=GET p=/api/v1/notifications/unread-count s=200 d=134µs s=25
INF http m=GET p=/api/v1/workspaces/4464108TK000/nodes/446415A5I000 s=200 d=557µs s=143
INF http m=POST p=/api/v1/organizations s=200 d=43.4ms s=352
INF http m=GET p=/api/v1/auth/me s=200 d=523µs s=253
INF http m=GET p=/api/v1/workspaces/4464108TK000/events s=200 d=173ms s=93
INF http m=POST p=/api/v1/organizations/4464177FS000/workspaces s=200 d=437ms s=291
INF http m=POST p=/api/v1/auth/register s=200 d=290ms s=401
INF http m=GET p=/ s=200 d=50µs s=542
INF http m=GET p=/assets/index-SHhnYNGf.js s=200 d=3.98ms s=49792
INF http m=GET p=/assets/index-DPQ8uk7g.css s=200 d=98µs s=12402
INF http m=GET p=/assets/vendor-C3WBU0hm.js s=200 d=89µs s=29762
INF http m=GET p=/assets/editor-vendor-Bje_VwYD.js s=200 d=114µs s=117396
INF http m=GET p=/registerSW.js s=200 d=27µs s=87
INF http m=POST p=/api/v1/auth/switch-workspace s=200 d=81.3ms s=564
INF http m=GET p=/api/v1/workspaces/446417H2E000/nodes/0/children s=200 d=1.7ms s=26
INF http m=GET p=/api/v1/notifications/unread-count s=200 d=201µs s=25
INF http m=GET p=/api/v1/workspaces/446417H2E000/members s=200 d=7.81ms s=117
INF http m=GET p=/api/v1/auth/me s=200 d=554µs s=168
INF http m=GET p=/assets/en-BOb8f2G7.js s=200 d=97µs s=5207
INF http m=GET p=/api/v1/notifications/unread-count s=200 d=225µs s=25
INF http m=POST p=/api/v1/workspaces/446417H2E000/nodes/0/page/create s=200 d=36.7ms s=35
INF http m=GET p=/favicon.png s=200 d=36µs s=449
INF http m=GET p=/api/v1/workspaces/446417H2E000/nodes/0/children s=200 d=507µs s=257
INF http m=GET p=/sw.js s=200 d=124µs s=5540
INF http m=GET p=/api/v1/workspaces/446417H2E000/nodes/44641AU96000 s=200 d=534µs s=245
INF http m=GET p=/registerSW.js s=200 d=40µs s=87
INF http m=GET p=/index.html s=200 d=49µs s=542
INF http m=GET p=/icon.svg s=200 d=32µs s=195
INF http m=GET p=/icon-512.png s=200 d=84µs s=6498
INF http m=GET p=/icon-192.png s=200 d=35µs s=2468
INF http m=GET p=/favicon.png s=200 d=19µs s=449
INF http m=POST p=/api/v1/organizations s=200 d=73.1ms s=351
INF http m=GET p=/apple-touch-icon.png s=200 d=26µs s=2298
INF http m=GET p=/api/v1/auth/me s=200 d=613µs s=252
INF http m=GET p=/assets/material-symbols-names-mOXCVt15.js s=200 d=534µs s=15793
INF http m=GET p=/assets/fr-CgauyyXq.js s=200 d=72µs s=6301
INF http m=GET p=/assets/es-DHO8DnB9.js s=200 d=62µs s=6015
INF http m=GET p=/assets/emoji-groups-tsNE8Axz.js s=200 d=65µs s=13852
INF http m=GET p=/assets/de-qJeflSp6.js s=200 d=94µs s=6245
INF http m=GET p=/assets/WorkspaceSettingsPanel-CsUOm22X.css s=200 d=28µs s=1025
INF http m=GET p=/assets/WorkspaceSettingsPanel-CM5oaFTF.js s=200 d=125µs s=4443
INF http m=GET p=/assets/ServerSettingsPanel-pbgISWIv.css s=200 d=34µs s=596
INF http m=GET p=/assets/ServerSettingsPanel-C8C6nm9a.js s=200 d=28µs s=2550
INF http m=GET p=/assets/ResourceQuotaForm-DTSj8Ta5.css s=200 d=40µs s=302
INF http m=GET p=/assets/ResourceQuotaForm-D6gJNn3N.js s=200 d=18µs s=812
INF http m=GET p=/assets/ProfileSettings-rthGIjGN.js s=200 d=492µs s=4319
INF http m=GET p=/assets/ProfileSettings-D5kbNfHV.css s=200 d=30µs s=1220
INF http m=GET p=/assets/OrgSettingsPanel-BP8s6T0h.css s=200 d=22µs s=511
INF http m=GET p=/assets/OrgSettingsPanel-B78NX7Vn.js s=200 d=38µs s=2302
INF http m=GET p=/assets/InviteForm-R7w4u6kW.js s=200 d=35µs s=1267
INF http m=GET p=/assets/InviteForm-CW-wgFWD.css s=200 d=28µs s=414
INF http m=GET p=/assets/Editor-BYBWY7b1.css s=200 d=44µs s=2240
INF http m=GET p=/assets/Editor-5FlZhQpN.js s=200 d=87µs s=13509
INF http m=GET p=/assets/AdminDashboard-R0heLGro.css s=200 d=19µs s=601
INF http m=GET p=/assets/AdminDashboard-D3Sw1IyX.js s=200 d=29µs s=2075
INF http m=GET p=/manifest.webmanifest s=200 d=38µs s=199
INF http m=GET p=/api/v1/workspaces/446417H2E000/events s=200 d=279ms s=202
INF http m=POST p=/api/v1/organizations/44641B62O000/workspaces s=200 d=428ms s=300
INF http m=POST p=/api/v1/auth/register s=200 d=185ms s=402
INF http m=GET p=/ s=200 d=57µs s=542
INF http m=GET p=/assets/index-SHhnYNGf.js s=200 d=142µs s=49792
INF http m=GET p=/assets/index-DPQ8uk7g.css s=200 d=129µs s=12402
INF http m=GET p=/assets/editor-vendor-Bje_VwYD.js s=200 d=143µs s=117396
INF http m=GET p=/registerSW.js s=200 d=21µs s=87
INF http m=GET p=/assets/vendor-C3WBU0hm.js s=200 d=110µs s=29762
INF http m=POST p=/api/v1/auth/switch-workspace s=200 d=112ms s=571
INF http m=GET p=/api/v1/notifications/unread-count s=200 d=1.12ms s=25
INF http m=GET p=/api/v1/workspaces/44641BL96000/nodes/0/children s=200 d=2.1ms s=26
INF http m=GET p=/api/v1/workspaces/44641BL96000/members s=200 d=2.2ms s=115
INF http m=GET p=/assets/en-BOb8f2G7.js s=200 d=111µs s=5207
INF http m=GET p=/api/v1/auth/me s=200 d=637µs s=165
INF http m=POST p=/api/v1/workspaces/44641BL96000/nodes/0/page/create s=200 d=33.3ms s=35
INF http m=GET p=/api/v1/workspaces/44641BL96000/nodes/0/children s=200 d=624µs s=257
INF http m=GET p=/api/v1/notifications/unread-count s=200 d=198µs s=25
INF http m=GET p=/favicon.png s=200 d=35µs s=449
INF http m=GET p=/api/v1/workspaces/44641BL96000/nodes/44641F9H4000 s=200 d=539µs s=245
INF http m=GET p=/sw.js s=200 d=112µs s=5540
INF http m=GET p=/registerSW.js s=200 d=41µs s=87
INF http m=GET p=/index.html s=200 d=55µs s=542
INF http m=GET p=/icon.svg s=200 d=36µs s=195
INF http m=GET p=/icon-512.png s=200 d=78µs s=6498
INF http m=POST p=/api/v1/organizations s=200 d=74.4ms s=351
INF http m=GET p=/icon-192.png s=200 d=26µs s=2468
INF http m=GET p=/api/v1/auth/me s=200 d=622µs s=251
INF http m=GET p=/favicon.png s=200 d=29µs s=449
INF http m=GET p=/apple-touch-icon.png s=200 d=81µs s=2298
INF http m=GET p=/assets/material-symbols-names-mOXCVt15.js s=200 d=69µs s=15793
INF http m=GET p=/assets/fr-CgauyyXq.js s=200 d=110µs s=6301
INF http m=GET p=/assets/es-DHO8DnB9.js s=200 d=113µs s=6015
INF http m=GET p=/assets/emoji-groups-tsNE8Axz.js s=200 d=50µs s=13852
INF http m=GET p=/api/v1/auth/me s=200 d=202µs s=371
INF http m=GET p=/assets/de-qJeflSp6.js s=200 d=83µs s=6245
INF http m=GET p=/assets/WorkspaceSettingsPanel-CsUOm22X.css s=200 d=37µs s=1025
INF http m=GET p=/assets/WorkspaceSettingsPanel-CM5oaFTF.js s=200 d=51µs s=4443
INF http m=GET p=/assets/ServerSettingsPanel-pbgISWIv.css s=200 d=55µs s=596
INF http m=GET p=/assets/ServerSettingsPanel-C8C6nm9a.js s=200 d=29µs s=2550
INF http m=GET p=/assets/ResourceQuotaForm-DTSj8Ta5.css s=200 d=20µs s=302
INF http m=GET p=/assets/ResourceQuotaForm-D6gJNn3N.js s=200 d=24µs s=812
INF http m=GET p=/assets/ProfileSettings-rthGIjGN.js s=200 d=81µs s=4319
INF http m=GET p=/assets/ProfileSettings-D5kbNfHV.css s=200 d=25µs s=1220
INF http m=GET p=/assets/OrgSettingsPanel-BP8s6T0h.css s=200 d=19µs s=511
INF http m=GET p=/assets/OrgSettingsPanel-B78NX7Vn.js s=200 d=37µs s=2302
INF http m=GET p=/assets/InviteForm-R7w4u6kW.js s=200 d=19µs s=1267
INF http m=GET p=/assets/InviteForm-CW-wgFWD.css s=200 d=21µs s=414
INF http m=GET p=/assets/Editor-BYBWY7b1.css s=200 d=25µs s=2240
INF http m=GET p=/assets/Editor-5FlZhQpN.js s=200 d=51µs s=13509
INF http m=GET p=/assets/AdminDashboard-R0heLGro.css s=200 d=23µs s=601
INF http m=GET p=/assets/AdminDashboard-D3Sw1IyX.js s=200 d=24µs s=2075
INF http m=GET p=/manifest.webmanifest s=200 d=20µs s=199
INF http m=POST p=/api/v1/organizations/44641FHS8000/workspaces s=200 d=321ms s=300
INF http m=POST p=/api/v1/auth/register s=200 d=292ms s=397
INF http m=GET p=/api/v1/auth/me s=200 d=81µs s=178
INF http m=POST p=/api/v1/auth/switch-workspace s=200 d=66.7ms s=574
INF http m=GET p=/api/v1/notifications/unread-count s=200 d=868µs s=25
INF http m=GET p=/api/v1/workspaces/44641G1IC000/nodes/0/children s=200 d=565µs s=26
INF http m=GET p=/api/v1/workspaces/44641G1IC000/members s=200 d=5.09ms s=128
INF http m=POST p=/api/v1/organizations/44641B62O000/users/role s=200 d=70.4ms s=257
INF http m=POST p=/api/v1/workspaces/44641G1IC000/nodes/0/page/create s=200 d=60.1ms s=35
INF http m=GET p=/api/v1/workspaces/44641G1IC000/nodes/0/children s=200 d=198µs s=257
INF http m=POST p=/api/v1/workspaces/44641BL96000/users/role s=200 d=38.7ms s=327
INF http m=GET p=/api/v1/workspaces/44641G1IC000/nodes/44641IGFS000 s=200 d=182µs s=245
INF http m=GET p=/api/v1/organizations/44641B62O000/users s=200 d=447µs s=447
INF http m=GET p=/settings/org/44641B62O000 s=200 d=40µs s=542
INF http m=GET p=/api/v1/workspaces/44641BL96000/events s=200 d=617ms s=201
INF http m=GET p=/api/v1/auth/me s=200 d=256µs s=352
INF http m=GET p=/api/v1/notifications/unread-count s=200 d=285µs s=25
INF http m=GET p=/api/v1/organizations/44641B62O000/invitations s=200 d=215µs s=34
INF http m=GET p=/api/v1/organizations/44641B62O000/users s=200 d=722µs s=410
INF http m=POST p=/api/v1/organizations/44641B62O000/users/remove s=200 d=38.7ms s=25
INF http m=GET p=/api/v1/organizations/44641B62O000/invitations s=200 d=189µs s=34
INF http m=GET p=/api/v1/organizations/44641B62O000/users s=200 d=933µs s=327
INF http m=GET p=/api/v1/organizations/44641B62O000/users s=200 d=468µs s=352
INF http m=GET p=/api/v1/auth/me s=200 d=67µs s=178
INF http m=GET p=/api/v1/auth/me s=200 d=1.23ms s=374
ERR Handler error err="cannot remove yourself" statusCode=403 code=FORBIDDEN
INF http m=POST p=/api/v1/organizations/44641FHS8000/users/remove s=403 d=9.64ms s=70
INF http m=GET p=/api/v1/workspaces/44641G1IC000/events s=200 d=419ms s=207
INF http m=POST p=/api/v1/auth/register s=200 d=145ms s=419
INF http m=GET p=/ s=200 d=57µs s=542
INF http m=GET p=/assets/index-SHhnYNGf.js s=200 d=171µs s=49792
INF http m=GET p=/assets/index-DPQ8uk7g.css s=200 d=117µs s=12402
INF http m=GET p=/assets/editor-vendor-Bje_VwYD.js s=200 d=138µs s=117396
INF http m=GET p=/assets/vendor-C3WBU0hm.js s=200 d=103µs s=29762
INF http m=GET p=/registerSW.js s=200 d=34µs s=87
INF http m=GET p=/api/v1/auth/me s=200 d=565µs s=171
INF http m=GET p=/assets/en-BOb8f2G7.js s=200 d=85µs s=5207
INF http m=GET p=/api/v1/notifications/unread-count s=200 d=180µs s=25
INF http m=GET p=/sw.js s=200 d=50µs s=5540
INF http m=GET p=/favicon.png s=200 d=37µs s=449
INF http m=GET p=/registerSW.js s=200 d=49µs s=87
INF http m=GET p=/index.html s=200 d=50µs s=542
INF http m=POST p=/api/v1/auth/register s=200 d=270ms s=392
INF http m=GET p=/ s=200 d=62µs s=542
INF http m=GET p=/icon.svg s=200 d=30µs s=195
INF http m=GET p=/icon-512.png s=200 d=59µs s=6498
INF http m=GET p=/icon-192.png s=200 d=67µs s=2468
INF http m=GET p=/favicon.png s=200 d=48µs s=449
INF http m=GET p=/apple-touch-icon.png s=200 d=41µs s=2298
INF http m=GET p=/assets/index-SHhnYNGf.js s=200 d=162µs s=49792
INF http m=GET p=/assets/index-DPQ8uk7g.css s=200 d=112µs s=12402
INF http m=GET p=/assets/editor-vendor-Bje_VwYD.js s=200 d=167µs s=117396
INF http m=GET p=/assets/vendor-C3WBU0hm.js s=200 d=111µs s=29762
INF http m=GET p=/registerSW.js s=200 d=26µs s=87
INF http m=GET p=/assets/material-symbols-names-mOXCVt15.js s=200 d=89µs s=15793
INF http m=POST p=/api/v1/organizations s=200 d=152ms s=355
INF http m=GET p=/api/v1/auth/me s=200 d=580µs s=254
INF http m=GET p=/assets/fr-CgauyyXq.js s=200 d=104µs s=6301
INF http m=GET p=/assets/es-DHO8DnB9.js s=200 d=47µs s=6015
INF http m=GET p=/assets/emoji-groups-tsNE8Axz.js s=200 d=101µs s=13852
INF http m=GET p=/api/v1/auth/me s=200 d=215µs s=163
INF http m=GET p=/assets/en-BOb8f2G7.js s=200 d=86µs s=5207
INF http m=GET p=/favicon.png s=200 d=48µs s=449
INF http m=GET p=/sw.js s=200 d=121µs s=5540
INF http m=GET p=/api/v1/notifications/unread-count s=200 d=9.55ms s=25
INF http m=GET p=/assets/de-qJeflSp6.js s=200 d=112µs s=6245
INF http m=GET p=/assets/WorkspaceSettingsPanel-CsUOm22X.css s=200 d=31µs s=1025
INF http m=GET p=/assets/WorkspaceSettingsPanel-CM5oaFTF.js s=200 d=52µs s=4443
INF http m=GET p=/assets/ServerSettingsPanel-pbgISWIv.css s=200 d=24µs s=596
INF http m=GET p=/assets/ServerSettingsPanel-C8C6nm9a.js s=200 d=35µs s=2550
INF http m=GET p=/registerSW.js s=200 d=27µs s=87
INF http m=GET p=/assets/ResourceQuotaForm-DTSj8Ta5.css s=200 d=14µs s=302
INF http m=GET p=/assets/ResourceQuotaForm-D6gJNn3N.js s=200 d=29µs s=812
INF http m=GET p=/assets/ProfileSettings-rthGIjGN.js s=200 d=431µs s=4319
INF http m=GET p=/assets/ProfileSettings-D5kbNfHV.css s=200 d=24µs s=1220
INF http m=GET p=/index.html s=200 d=19µs s=542
INF http m=GET p=/assets/OrgSettingsPanel-BP8s6T0h.css s=200 d=21µs s=511
INF http m=GET p=/icon.svg s=200 d=25µs s=195
INF http m=GET p=/assets/OrgSettingsPanel-B78NX7Vn.js s=200 d=47µs s=2302
INF http m=GET p=/assets/InviteForm-R7w4u6kW.js s=200 d=25µs s=1267
INF http m=GET p=/assets/InviteForm-CW-wgFWD.css s=200 d=24µs s=414
INF http m=GET p=/icon-512.png s=200 d=80µs s=6498
INF http m=GET p=/assets/Editor-BYBWY7b1.css s=200 d=35µs s=2240
INF http m=GET p=/icon-192.png s=200 d=31µs s=2468
INF http m=GET p=/favicon.png s=200 d=31µs s=449
INF http m=GET p=/assets/Editor-5FlZhQpN.js s=200 d=56µs s=13509
INF http m=GET p=/assets/AdminDashboard-R0heLGro.css s=200 d=33µs s=601
INF http m=GET p=/apple-touch-icon.png s=200 d=52µs s=2298
INF http m=GET p=/assets/AdminDashboard-D3Sw1IyX.js s=200 d=40µs s=2075
INF http m=GET p=/manifest.webmanifest s=200 d=40µs s=199
INF http m=GET p=/assets/material-symbols-names-mOXCVt15.js s=200 d=74µs s=15793
INF http m=GET p=/assets/fr-CgauyyXq.js s=200 d=71µs s=6301
INF http m=GET p=/assets/es-DHO8DnB9.js s=200 d=62µs s=6015
INF http m=GET p=/assets/emoji-groups-tsNE8Axz.js s=200 d=206µs s=13852
INF http m=GET p=/assets/de-qJeflSp6.js s=200 d=63µs s=6245
INF http m=GET p=/assets/WorkspaceSettingsPanel-CsUOm22X.css s=200 d=20µs s=1025
INF http m=GET p=/assets/WorkspaceSettingsPanel-CM5oaFTF.js s=200 d=53µs s=4443
INF http m=GET p=/assets/ServerSettingsPanel-pbgISWIv.css s=200 d=33µs s=596
INF http m=GET p=/assets/ServerSettingsPanel-C8C6nm9a.js s=200 d=25µs s=2550
INF http m=GET p=/assets/ResourceQuotaForm-DTSj8Ta5.css s=200 d=16µs s=302
INF http m=GET p=/assets/ResourceQuotaForm-D6gJNn3N.js s=200 d=26µs s=812
INF http m=GET p=/assets/ProfileSettings-rthGIjGN.js s=200 d=107µs s=4319
INF http m=GET p=/assets/ProfileSettings-D5kbNfHV.css s=200 d=22µs s=1220
INF http m=GET p=/assets/OrgSettingsPanel-BP8s6T0h.css s=200 d=22µs s=511
INF http m=GET p=/assets/OrgSettingsPanel-B78NX7Vn.js s=200 d=37µs s=2302
INF http m=GET p=/assets/InviteForm-R7w4u6kW.js s=200 d=15µs s=1267
INF http m=GET p=/assets/InviteForm-CW-wgFWD.css s=200 d=36µs s=414
INF http m=GET p=/assets/Editor-BYBWY7b1.css s=200 d=28µs s=2240
INF http m=GET p=/assets/Editor-5FlZhQpN.js s=200 d=95µs s=13509
INF http m=GET p=/assets/AdminDashboard-R0heLGro.css s=200 d=17µs s=601
INF http m=GET p=/assets/AdminDashboard-D3Sw1IyX.js s=200 d=37µs s=2075
INF http m=GET p=/manifest.webmanifest s=200 d=28µs s=199
INF http m=POST p=/api/v1/organizations/44641NIAC000/workspaces s=200 d=479ms s=301
INF http m=POST p=/api/v1/organizations s=200 d=372ms s=350
INF http m=GET p=/api/v1/auth/me s=200 d=450µs s=252
INF http m=POST p=/api/v1/auth/switch-workspace s=200 d=37.3ms s=569
INF http m=GET p=/api/v1/notifications/unread-count s=200 d=137µs s=25
INF http m=GET p=/api/v1/workspaces/44641OJA4000/nodes/0/children s=200 d=2.32ms s=26
INF http m=GET p=/api/v1/workspaces/44641OJA4000/members s=200 d=6.04ms s=120
INF http m=GET p=/api/v1/auth/me s=200 d=241µs s=375
INF http m=POST p=/api/v1/organizations/44641P99U000/workspaces s=200 d=299ms s=299
INF http m=POST p=/api/v1/workspaces/44641OJA4000/nodes/0/page/create s=200 d=281ms s=35
INF http m=GET p=/api/v1/workspaces/44641OJA4000/nodes/0/children s=200 d=454µs s=257
INF http m=POST p=/api/v1/auth/register s=200 d=112ms s=435
INF http m=GET p=/api/v1/workspaces/44641OJA4000/nodes/44641RT4E000 s=200 d=530µs s=245
INF http m=GET p=/api/v1/auth/me s=200 d=82µs s=182
INF http m=POST p=/api/v1/auth/switch-workspace s=200 d=47.5ms s=622
INF http m=GET p=/api/v1/notifications/unread-count s=200 d=147µs s=25
INF http m=GET p=/api/v1/workspaces/44641RIP4000/members s=200 d=1.52ms s=126
INF http m=GET p=/api/v1/workspaces/44641RIP4000/nodes/0/children s=200 d=830µs s=26
INF http m=POST p=/api/v1/organizations/44641NIAC000/users/role s=200 d=54.5ms s=265
INF http m=POST p=/api/v1/workspaces/44641RIP4000/nodes/0/page/create s=200 d=19.6ms s=35
INF http m=GET p=/api/v1/workspaces/44641RIP4000/nodes/0/children s=200 d=453µs s=257
ERR Handler error err="cannot remove the last owner" statusCode=403 code=FORBIDDEN
INF http m=POST p=/api/v1/organizations/44641NIAC000/users/remove s=403 d=7.87ms s=76
INF http m=GET p=/api/v1/workspaces/44641RIP4000/nodes/44641TTT4000 s=200 d=626µs s=245
INF http m=GET p=/api/v1/workspaces/44641OJA4000/events s=200 d=377ms s=207
INF http m=POST p=/api/v1/workspaces/44641RIP4000/nodes/0/page/create s=200 d=27.3ms s=26
INF http m=POST p=/api/v1/workspaces/44641RIP4000/nodes/0/page/create s=200 d=37.2ms s=26
INF http m=GET p=/w/@44641RIP4000+workspace/@44641TTT4000+welcome s=200 d=45µs s=542
INF http m=GET p=/api/v1/workspaces/44641RIP4000/events s=200 d=191ms s=252
INF http m=GET p=/api/v1/auth/me s=200 d=667µs s=355
INF http m=POST p=/api/v1/auth/register s=200 d=126ms s=392
INF http m=GET p=/api/v1/notifications/unread-count s=200 d=556µs s=25
INF http m=GET p=/api/v1/workspaces/44641RIP4000/nodes/0/children s=200 d=868µs s=273
INF http m=GET p=/api/v1/workspaces/44641RIP4000/members s=200 d=514µs s=126
INF http m=GET p=/api/v1/workspaces/44641RIP4000/nodes/44641TTT4000 s=200 d=839µs s=245
INF http m=GET p=/ s=200 d=48µs s=542
INF http m=GET p=/assets/editor-vendor-Bje_VwYD.js s=200 d=207µs s=117396
INF http m=GET p=/assets/index-DPQ8uk7g.css s=200 d=87µs s=12402
INF http m=GET p=/assets/index-SHhnYNGf.js s=200 d=119µs s=49792
INF http m=GET p=/assets/vendor-C3WBU0hm.js s=200 d=112µs s=29762
INF http m=GET p=/registerSW.js s=200 d=105µs s=87
INF http m=GET p=/api/v1/workspaces/44641RIP4000/nodes/44641UF1C000 s=200 d=882µs s=139
INF http m=GET p=/assets/en-BOb8f2G7.js s=200 d=123µs s=5207
INF http m=GET p=/api/v1/auth/me s=200 d=229µs s=163
INF http m=GET p=/favicon.png s=200 d=40µs s=449
INF http m=GET p=/api/v1/notifications/unread-count s=200 d=181µs s=25
INF http m=GET p=/sw.js s=200 d=116µs s=5540
INF http m=GET p=/registerSW.js s=200 d=41µs s=87
INF http m=GET p=/api/v1/workspaces/44641RIP4000/nodes/44641ULD4000 s=200 d=293µs s=133
INF http m=GET p=/index.html s=200 d=42µs s=542
INF http m=GET p=/icon.svg s=200 d=30µs s=195
INF http m=GET p=/icon-512.png s=200 d=61µs s=6498
INF http m=POST p=/api/v1/organizations s=200 d=79.4ms s=351
INF http m=GET p=/api/v1/auth/me s=200 d=191µs s=251
INF http m=GET p=/icon-192.png s=200 d=41µs s=2468
INF http m=GET p=/favicon.png s=200 d=54µs s=449
INF http m=GET p=/apple-touch-icon.png s=200 d=47µs s=2298
INF http m=GET p=/assets/material-symbols-names-mOXCVt15.js s=200 d=95µs s=15793
INF http m=GET p=/api/v1/workspaces/44641RIP4000/nodes/44641UF1C000 s=200 d=311µs s=179
INF http m=GET p=/assets/fr-CgauyyXq.js s=200 d=58µs s=6301
INF http m=GET p=/assets/es-DHO8DnB9.js s=200 d=770µs s=6015
INF http m=POST p=/api/v1/workspaces/44641RIP4000/nodes/44641UF1C000/page s=200 d=118ms s=35
INF http m=GET p=/assets/emoji-groups-tsNE8Axz.js s=200 d=2.25ms s=13852
INF http m=GET p=/api/v1/workspaces/44641RIP4000/nodes/44641UF1C000/page s=200 d=243µs s=136
INF http m=GET p=/w/@44641RIP4000+rename-navs-workspace/@44641UF1C000+renamed-page-title s=200 d=41µs s=542
INF http m=GET p=/api/v1/workspaces/44641RIP4000/events s=200 d=364ms s=207
INF http m=GET p=/assets/de-qJeflSp6.js s=200 d=75µs s=6245
INF http m=GET p=/assets/WorkspaceSettingsPanel-CsUOm22X.css s=200 d=44µs s=1025
INF http m=GET p=/assets/WorkspaceSettingsPanel-CM5oaFTF.js s=200 d=58µs s=4443
INF http m=GET p=/assets/ServerSettingsPanel-pbgISWIv.css s=200 d=37µs s=596
INF http m=GET p=/api/v1/auth/me s=200 d=2.17ms s=355
INF http m=GET p=/assets/ServerSettingsPanel-C8C6nm9a.js s=200 d=97µs s=2550
INF http m=GET p=/api/v1/notifications/unread-count s=200 d=841µs s=25
INF http m=GET p=/api/v1/workspaces/44641RIP4000/nodes/0/children s=200 d=3.59ms s=291
INF http m=GET p=/api/v1/workspaces/44641RIP4000/members s=200 d=2.62ms s=126
INF http m=GET p=/assets/ResourceQuotaForm-DTSj8Ta5.css s=200 d=21µs s=302
INF http m=GET p=/api/v1/workspaces/44641RIP4000/nodes/44641UF1C000 s=200 d=4.53ms s=179
INF http m=GET p=/assets/ResourceQuotaForm-D6gJNn3N.js s=200 d=35µs s=812
INF http m=GET p=/assets/ProfileSettings-rthGIjGN.js s=200 d=73µs s=4319
INF http m=GET p=/assets/ProfileSettings-D5kbNfHV.css s=200 d=28µs s=1220
INF http m=GET p=/assets/OrgSettingsPanel-BP8s6T0h.css s=200 d=35µs s=511
INF http m=GET p=/assets/OrgSettingsPanel-B78NX7Vn.js s=200 d=46µs s=2302
INF http m=GET p=/assets/InviteForm-R7w4u6kW.js s=200 d=24µs s=1267
INF http m=GET p=/assets/InviteForm-CW-wgFWD.css s=200 d=258µs s=414
INF http m=GET p=/assets/Editor-BYBWY7b1.css s=200 d=89µs s=2240
INF http m=GET p=/assets/Editor-5FlZhQpN.js s=200 d=67µs s=13509
INF http m=GET p=/assets/AdminDashboard-R0heLGro.css s=200 d=18µs s=601
INF http m=GET p=/assets/AdminDashboard-D3Sw1IyX.js s=200 d=24µs s=2075
INF http m=GET p=/manifest.webmanifest s=200 d=21µs s=199
INF http m=GET p=/api/v1/workspaces/44641RIP4000/events s=200 d=74.8ms s=93
INF http m=POST p=/api/v1/organizations/446420TFI000/workspaces s=200 d=567ms s=299
INF http m=POST p=/api/v1/auth/register s=200 d=190ms s=399
INF http m=GET p=/ s=200 d=89µs s=542
INF http m=GET p=/assets/index-SHhnYNGf.js s=200 d=294µs s=49792
INF http m=GET p=/assets/index-DPQ8uk7g.css s=200 d=87µs s=12402
INF http m=GET p=/assets/editor-vendor-Bje_VwYD.js s=200 d=184µs s=117396
INF http m=GET p=/registerSW.js s=200 d=33µs s=87
INF http m=GET p=/assets/vendor-C3WBU0hm.js s=200 d=79µs s=29762
INF http m=POST p=/api/v1/auth/switch-workspace s=200 d=88.1ms s=576
INF http m=GET p=/api/v1/notifications/unread-count s=200 d=157µs s=25
INF http m=GET p=/api/v1/workspaces/446421F4S000/nodes/0/children s=200 d=304µs s=26
INF http m=GET p=/api/v1/workspaces/446421F4S000/members s=200 d=11.6ms s=128
INF http m=GET p=/api/v1/auth/me s=200 d=214µs s=165
INF http m=GET p=/assets/en-BOb8f2G7.js s=200 d=88µs s=5207
INF http m=GET p=/api/v1/notifications/unread-count s=200 d=489µs s=25
INF http m=GET p=/favicon.png s=200 d=26µs s=449
INF http m=POST p=/api/v1/workspaces/446421F4S000/nodes/0/page/create s=200 d=34.7ms s=35
INF http m=GET p=/api/v1/workspaces/446421F4S000/nodes/0/children s=200 d=736µs s=257
INF http m=GET p=/sw.js s=200 d=143µs s=5540
INF http m=GET p=/api/v1/workspaces/446421F4S000/nodes/446425OSM000 s=200 d=551µs s=245
INF http m=GET p=/registerSW.js s=200 d=45µs s=87
INF http m=GET p=/index.html s=200 d=36µs s=542
INF http m=GET p=/icon.svg s=200 d=22µs s=195
INF http m=GET p=/icon-512.png s=200 d=93µs s=6498
INF http m=POST p=/api/v1/organizations s=200 d=65.5ms s=351
INF http m=GET p=/icon-192.png s=200 d=525µs s=2468
INF http m=GET p=/api/v1/auth/me s=200 d=175µs s=251
INF http m=GET p=/favicon.png s=200 d=21µs s=449
INF http m=POST p=/api/v1/workspaces/446421F4S000/nodes/0/page/create s=200 d=29.6ms s=26
INF http m=GET p=/apple-touch-icon.png s=200 d=52µs s=2298
INF http m=GET p=/w/@446421F4S000+workspace/@446425OSM000+welcome s=200 d=33µs s=542
INF http m=GET p=/assets/material-symbols-names-mOXCVt15.js s=200 d=78µs s=15793
INF http m=GET p=/api/v1/workspaces/446421F4S000/events s=200 d=145ms s=231
INF http m=GET p=/assets/fr-CgauyyXq.js s=200 d=79µs s=6301
INF http m=GET p=/assets/es-DHO8DnB9.js s=200 d=90µs s=6015
INF http m=GET p=/api/v1/auth/me s=200 d=222µs s=354
INF http m=GET p=/assets/emoji-groups-tsNE8Axz.js s=200 d=96µs s=13852
INF http m=GET p=/api/v1/workspaces/446421F4S000/nodes/0/children s=200 d=292µs s=242
INF http m=GET p=/api/v1/workspaces/446421F4S000/members s=200 d=107µs s=128
INF http m=GET p=/api/v1/notifications/unread-count s=200 d=1.71ms s=25
INF http m=GET p=/api/v1/workspaces/446421F4S000/nodes/446425OSM000 s=200 d=1.67ms s=245
INF http m=GET p=/assets/de-qJeflSp6.js s=200 d=143µs s=6245
INF http m=GET p=/assets/WorkspaceSettingsPanel-CsUOm22X.css s=200 d=40µs s=1025
INF http m=GET p=/assets/WorkspaceSettingsPanel-CM5oaFTF.js s=200 d=52µs s=4443
INF http m=GET p=/assets/ServerSettingsPanel-pbgISWIv.css s=200 d=18µs s=596
INF http m=GET p=/assets/ServerSettingsPanel-C8C6nm9a.js s=200 d=27µs s=2550
INF http m=GET p=/assets/ResourceQuotaForm-DTSj8Ta5.css s=200 d=32µs s=302
INF http m=GET p=/assets/ResourceQuotaForm-D6gJNn3N.js s=200 d=26µs s=812
INF http m=GET p=/assets/ProfileSettings-rthGIjGN.js s=200 d=50µs s=4319
INF http m=GET p=/assets/ProfileSettings-D5kbNfHV.css s=200 d=24µs s=1220
INF http m=GET p=/assets/OrgSettingsPanel-BP8s6T0h.css s=200 d=28µs s=511
INF http m=GET p=/api/v1/workspaces/446421F4S000/nodes/4464267GG000 s=200 d=301µs s=129
INF http m=GET p=/assets/OrgSettingsPanel-B78NX7Vn.js s=200 d=33µs s=2302
INF http m=GET p=/assets/InviteForm-R7w4u6kW.js s=200 d=22µs s=1267
INF http m=GET p=/assets/InviteForm-CW-wgFWD.css s=200 d=28µs s=414
INF http m=GET p=/assets/Editor-BYBWY7b1.css s=200 d=43µs s=2240
INF http m=GET p=/assets/Editor-5FlZhQpN.js s=200 d=206µs s=13509
INF http m=GET p=/assets/AdminDashboard-R0heLGro.css s=200 d=25µs s=601
INF http m=GET p=/assets/AdminDashboard-D3Sw1IyX.js s=200 d=30µs s=2075
INF http m=GET p=/manifest.webmanifest s=200 d=26µs s=199
INF http m=GET p=/api/v1/workspaces/446421F4S000/nodes/4464267GG000/page s=200 d=226µs s=120
INF http m=GET p=/api/v1/workspaces/446421F4S000/nodes/4464267GG000/page s=200 d=209µs s=120
INF http m=POST p=/api/v1/organizations/446425UTE000/workspaces s=200 d=378ms s=300
INF http m=POST p=/api/v1/auth/switch-workspace s=200 d=35.6ms s=572
INF http m=GET p=/api/v1/notifications/unread-count s=200 d=120µs s=25
INF http m=GET p=/api/v1/workspaces/446426CSS000/nodes/0/children s=200 d=254µs s=26
INF http m=GET p=/api/v1/workspaces/446426CSS000/members s=200 d=421µs s=130
INF http m=POST p=/api/v1/workspaces/446426CSS000/nodes/0/page/create s=200 d=16.7ms s=35
INF http m=GET p=/api/v1/workspaces/446426CSS000/nodes/0/children s=200 d=187µs s=257
INF http m=GET p=/api/v1/workspaces/446426CSS000/nodes/44642908E000 s=200 d=166µs s=245
INF http m=GET p=/api/v1/workspaces/446421F4S000/nodes/4464267GG000/page s=200 d=272µs s=120
INF http m=POST p=/api/v1/workspaces/446426CSS000/nodes/0/page/create s=200 d=13.9ms s=26
INF http m=POST p=/api/v1/workspaces/446426CSS000/nodes/0/page/create s=200 d=12.8ms s=26
INF http m=GET p=/w/@446426CSS000+workspace/@44642908E000+welcome s=200 d=37µs s=542
INF http m=GET p=/api/v1/workspaces/446426CSS000/events s=200 d=368ms s=251
INF http m=GET p=/api/v1/auth/me s=200 d=236µs s=353
INF http m=GET p=/api/v1/notifications/unread-count s=200 d=165µs s=25
INF http m=GET p=/api/v1/workspaces/446426CSS000/nodes/0/children s=200 d=637µs s=286
INF http m=GET p=/api/v1/workspaces/446426CSS000/members s=200 d=272µs s=130
INF http m=GET p=/api/v1/workspaces/446426CSS000/nodes/44642908E000 s=200 d=665µs s=245
INF http m=GET p=/api/v1/workspaces/446426CSS000/nodes/44642B0SG000 s=200 d=259µs s=182
INF http m=GET p=/api/v1/workspaces/446426CSS000/nodes/44642B3RO000 s=200 d=236µs s=135
INF http m=POST p=/api/v1/workspaces/446426CSS000/nodes/44642B0SG000/page s=200 d=18.3ms s=35
INF http m=GET p=/api/v1/workspaces/446426CSS000/nodes/44642B0SG000 s=200 d=287µs s=177
INF http m=GET p=/api/v1/workspaces/446426CSS000/nodes/44642B0SG000/page s=200 d=204µs s=134
INF http m=GET p=/api/v1/workspaces/446426CSS000/events s=200 d=200ms s=206
INF http m=GET p=/api/v1/workspaces/446421F4S000/nodes/4464267GG000/page s=200 d=302µs s=120
INF http m=POST p=/api/v1/auth/register s=200 d=118ms s=390
INF http m=GET p=/ s=200 d=44µs s=542
INF http m=GET p=/assets/index-SHhnYNGf.js s=200 d=131µs s=49792
INF http m=GET p=/assets/index-DPQ8uk7g.css s=200 d=78µs s=12402
INF http m=GET p=/assets/vendor-C3WBU0hm.js s=200 d=90µs s=29762
INF http m=GET p=/assets/editor-vendor-Bje_VwYD.js s=200 d=1.16ms s=117396
INF http m=GET p=/registerSW.js s=200 d=27µs s=87
INF http m=GET p=/api/v1/auth/me s=200 d=224µs s=166
INF http m=GET p=/assets/en-BOb8f2G7.js s=200 d=73µs s=5207
INF http m=GET p=/favicon.png s=200 d=42µs s=449
INF http m=GET p=/api/v1/notifications/unread-count s=200 d=149µs s=25
INF http m=GET p=/sw.js s=200 d=66µs s=5540
INF http m=GET p=/registerSW.js s=200 d=48µs s=87
INF http m=GET p=/index.html s=200 d=171µs s=542
INF http m=GET p=/icon.svg s=200 d=17µs s=195
INF http m=GET p=/icon-512.png s=200 d=76µs s=6498
INF http m=GET p=/icon-192.png s=200 d=29µs s=2468
INF http m=GET p=/favicon.png s=200 d=16µs s=449
INF http m=GET p=/apple-touch-icon.png s=200 d=166µs s=2298
INF http m=POST p=/api/v1/organizations s=200 d=58.6ms s=349
INF http m=GET p=/api/v1/auth/me s=200 d=404µs s=250
INF http m=GET p=/assets/material-symbols-names-mOXCVt15.js s=200 d=82µs s=15793
INF http m=GET p=/assets/fr-CgauyyXq.js s=200 d=73µs s=6301
INF http m=GET p=/assets/es-DHO8DnB9.js s=200 d=183µs s=6015
INF http m=GET p=/assets/emoji-groups-tsNE8Axz.js s=200 d=81µs s=13852
INF http m=GET p=/assets/de-qJeflSp6.js s=200 d=89µs s=6245
INF http m=GET p=/assets/WorkspaceSettingsPanel-CsUOm22X.css s=200 d=27µs s=1025
INF http m=GET p=/assets/WorkspaceSettingsPanel-CM5oaFTF.js s=200 d=73µs s=4443
INF http m=GET p=/assets/ServerSettingsPanel-pbgISWIv.css s=200 d=28µs s=596
INF http m=GET p=/assets/ServerSettingsPanel-C8C6nm9a.js s=200 d=30µs s=2550
INF http m=GET p=/assets/ResourceQuotaForm-DTSj8Ta5.css s=200 d=22µs s=302
INF http m=GET p=/assets/ResourceQuotaForm-D6gJNn3N.js s=200 d=23µs s=812
INF http m=GET p=/assets/ProfileSettings-rthGIjGN.js s=200 d=45µs s=4319
INF http m=GET p=/assets/ProfileSettings-D5kbNfHV.css s=200 d=24µs s=1220
INF http m=GET p=/assets/OrgSettingsPanel-BP8s6T0h.css s=200 d=31µs s=511
INF http m=GET p=/assets/OrgSettingsPanel-B78NX7Vn.js s=200 d=32µs s=2302
INF http m=GET p=/assets/InviteForm-R7w4u6kW.js s=200 d=32µs s=1267
INF http m=GET p=/assets/InviteForm-CW-wgFWD.css s=200 d=23µs s=414
INF http m=GET p=/assets/Editor-BYBWY7b1.css s=200 d=35µs s=2240
INF http m=GET p=/assets/Editor-5FlZhQpN.js s=200 d=75µs s=13509
INF http m=GET p=/assets/AdminDashboard-R0heLGro.css s=200 d=27µs s=601
INF http m=GET p=/assets/AdminDashboard-D3Sw1IyX.js s=200 d=34µs s=2075
INF http m=GET p=/manifest.webmanifest s=200 d=93µs s=199
INF http m=GET p=/sw.js s=200 d=124µs s=5540
INF http m=POST p=/api/v1/organizations/44642F3V6000/workspaces s=200 d=309ms s=300
INF http m=POST p=/api/v1/auth/switch-workspace s=200 d=36.7ms s=574
INF http m=GET p=/api/v1/notifications/unread-count s=200 d=134µs s=25
INF http m=GET p=/api/v1/workspaces/44642FGJQ000/nodes/0/children s=200 d=226µs s=26
INF http m=GET p=/api/v1/workspaces/44642FGJQ000/members s=200 d=387µs s=128
INF http m=POST p=/api/v1/workspaces/44642FGJQ000/nodes/0/page/create s=200 d=16.6ms s=35
INF http m=GET p=/api/v1/workspaces/44642FGJQ000/nodes/0/children s=200 d=250µs s=257
INF http m=GET p=/api/v1/workspaces/44642FGJQ000/nodes/44642HMJ6000 s=200 d=197µs s=245
INF http m=GET p=/api/v1/workspaces/446421F4S000/nodes/4464267GG000/page s=200 d=209µs s=120
INF http m=POST p=/api/v1/workspaces/446421F4S000/nodes/4464267GG000/page s=200 d=13.9ms s=35
INF http m=POST p=/api/v1/workspaces/44642FGJQ000/nodes/0/page/create s=200 d=12.9ms s=26
INF http m=POST p=/api/v1/workspaces/44642FGJQ000/nodes/0/page/create s=200 d=12.4ms s=26
INF http m=GET p=/w/@44642FGJQ000+workspace/@44642HMJ6000+welcome s=200 d=34µs s=542
INF http m=GET p=/api/v1/workspaces/44642FGJQ000/events s=200 d=430ms s=251
INF http m=GET p=/api/v1/auth/me s=200 d=251µs s=351
INF http m=GET p=/api/v1/notifications/unread-count s=200 d=170µs s=25
INF http m=GET p=/api/v1/workspaces/44642FGJQ000/nodes/44642HMJ6000 s=200 d=211µs s=245
INF http m=GET p=/api/v1/workspaces/44642FGJQ000/members s=200 d=108µs s=128
INF http m=GET p=/api/v1/workspaces/44642FGJQ000/nodes/0/children s=200 d=556µs s=267
INF http m=GET p=/api/v1/workspaces/44642FGJQ000/nodes/44642K3K2000 s=200 d=273µs s=133
INF http m=GET p=/api/v1/workspaces/44642FGJQ000/nodes/44642K6EI000 s=200 d=228µs s=127
INF http m=POST p=/api/v1/workspaces/44642FGJQ000/nodes/44642K3K2000/page s=200 d=18.1ms s=35
INF http m=GET p=/api/v1/workspaces/44642FGJQ000/nodes/44642K3K2000 s=200 d=274µs s=157
INF http m=GET p=/api/v1/workspaces/44642FGJQ000/nodes/44642K3K2000/page s=200 d=251µs s=148
INF http m=GET p=/api/v1/workspaces/44642FGJQ000/events s=200 d=286ms s=207
INF http m=POST p=/api/v1/auth/register s=200 d=117ms s=391
INF http m=GET p=/ s=200 d=56µs s=542
INF http m=GET p=/assets/index-SHhnYNGf.js s=200 d=141µs s=49792
INF http m=GET p=/registerSW.js s=200 d=41µs s=87
INF http m=GET p=/assets/vendor-C3WBU0hm.js s=200 d=97µs s=29762
INF http m=GET p=/assets/index-DPQ8uk7g.css s=200 d=67µs s=12402
INF http m=GET p=/assets/editor-vendor-Bje_VwYD.js s=200 d=165µs s=117396
INF http m=GET p=/assets/en-BOb8f2G7.js s=200 d=115µs s=5207
INF http m=GET p=/api/v1/auth/me s=200 d=193µs s=166
INF http m=GET p=/favicon.png s=200 d=36µs s=449
INF http m=GET p=/api/v1/notifications/unread-count s=200 d=158µs s=25
INF http m=GET p=/sw.js s=200 d=83µs s=5540
INF http m=GET p=/registerSW.js s=200 d=33µs s=87
INF http m=GET p=/index.html s=200 d=40µs s=542
INF http m=GET p=/icon.svg s=200 d=22µs s=195
INF http m=GET p=/icon-512.png s=200 d=405µs s=6498
INF http m=GET p=/icon-192.png s=200 d=29µs s=2468
INF http m=GET p=/favicon.png s=200 d=23µs s=449
INF http m=GET p=/apple-touch-icon.png s=200 d=31µs s=2298
INF http m=GET p=/assets/material-symbols-names-mOXCVt15.js s=200 d=68µs s=15793
INF http m=POST p=/api/v1/organizations s=200 d=73ms s=350
INF http m=GET p=/api/v1/auth/me s=200 d=147µs s=253
INF http m=GET p=/assets/fr-CgauyyXq.js s=200 d=290µs s=6301
INF http m=GET p=/api/v1/workspaces/446421F4S000/nodes/4464267GG000/page s=200 d=191µs s=118
INF http m=GET p=/assets/es-DHO8DnB9.js s=200 d=704µs s=6015
INF http m=GET p=/w/@446421F4S000+rename-waits-workspace/@4464267GG000+updated-title s=200 d=29µs s=542
INF http m=GET p=/api/v1/workspaces/446421F4S000/events s=200 d=2.98s s=203
INF http m=GET p=/assets/emoji-groups-tsNE8Axz.js s=200 d=79µs s=13852
INF http m=GET p=/assets/de-qJeflSp6.js s=200 d=77µs s=6245
INF http m=GET p=/assets/WorkspaceSettingsPanel-CsUOm22X.css s=200 d=33µs s=1025
INF http m=GET p=/api/v1/auth/me s=200 d=426µs s=354
INF http m=GET p=/assets/WorkspaceSettingsPanel-CM5oaFTF.js s=200 d=426µs s=4443
INF http m=GET p=/assets/ServerSettingsPanel-pbgISWIv.css s=200 d=26µs s=596
INF http m=GET p=/assets/ServerSettingsPanel-C8C6nm9a.js s=200 d=35µs s=2550
INF http m=GET p=/api/v1/notifications/unread-count s=200 d=552µs s=25
INF http m=GET p=/assets/ResourceQuotaForm-DTSj8Ta5.css s=200 d=31µs s=302
INF http m=GET p=/api/v1/workspaces/446421F4S000/nodes/0/children s=200 d=784µs s=243
INF http m=GET p=/api/v1/workspaces/446421F4S000/members s=200 d=988µs s=128
INF http m=GET p=/api/v1/workspaces/446421F4S000/nodes/4464267GG000 s=200 d=1.06ms s=128
INF http m=GET p=/assets/ResourceQuotaForm-D6gJNn3N.js s=200 d=61µs s=812
INF http m=GET p=/assets/ProfileSettings-rthGIjGN.js s=200 d=80µs s=4319
INF http m=GET p=/assets/ProfileSettings-D5kbNfHV.css s=200 d=34µs s=1220
INF http m=GET p=/assets/OrgSettingsPanel-BP8s6T0h.css s=200 d=26µs s=511
INF http m=GET p=/assets/OrgSettingsPanel-B78NX7Vn.js s=200 d=30µs s=2302
INF http m=GET p=/assets/InviteForm-R7w4u6kW.js s=200 d=60µs s=1267
INF http m=GET p=/assets/InviteForm-CW-wgFWD.css s=200 d=23µs s=414
INF http m=GET p=/assets/Editor-BYBWY7b1.css s=200 d=28µs s=2240
INF http m=GET p=/assets/Editor-5FlZhQpN.js s=200 d=129µs s=13509
INF http m=GET p=/assets/AdminDashboard-R0heLGro.css s=200 d=19µs s=601
INF http m=GET p=/assets/AdminDashboard-D3Sw1IyX.js s=200 d=23µs s=2075
INF http m=GET p=/manifest.webmanifest s=200 d=17µs s=199
INF http m=GET p=/api/v1/workspaces/446421F4S000/nodes/4464267GG000/page s=200 d=209µs s=118
INF http m=GET p=/api/v1/workspaces/446421F4S000/events s=200 d=77.1ms s=93
INF http m=POST p=/api/v1/organizations/44642OHE6000/workspaces s=200 d=497ms s=300
ERR Failed to commit DB changes err="failed to stage db changes: signal: bus error (core dumped)\nOutput: "
INF http m=POST p=/api/v1/auth/register s=200 d=257ms s=407
ERR Failed to commit DB changes err="failed to stage db changes: exit status 128\nOutput: fatal: Unable to create '/home/runner/work/mddb/mddb/data-e2e/.git/index.lock': File exists.\n\nAnother git process seems to be running in this repository, or the lock file may be stale\n"
INF http m=POST p=/api/v1/auth/switch-workspace s=200 d=94.5ms s=556
INF http m=GET p=/ s=200 d=63µs s=542
INF http m=GET p=/api/v1/notifications/unread-count s=200 d=148µs s=25
INF http m=GET p=/api/v1/workspaces/44642P0LM000/nodes/0/children s=200 d=220µs s=26
INF http m=GET p=/api/v1/workspaces/44642P0LM000/members s=200 d=4.15ms s=122
INF http m=GET p=/assets/index-SHhnYNGf.js s=200 d=215µs s=49792
INF http m=GET p=/assets/index-DPQ8uk7g.css s=200 d=183µs s=12402
INF http m=GET p=/registerSW.js s=200 d=44µs s=87
INF http m=GET p=/assets/vendor-C3WBU0hm.js s=200 d=127µs s=29762
INF http m=GET p=/assets/editor-vendor-Bje_VwYD.js s=200 d=137µs s=117396
ERR Failed to commit DB changes err="failed to stage db changes: exit status 128\nOutput: fatal: Unable to create '/home/runner/work/mddb/mddb/data-e2e/.git/index.lock': File exists.\n\nAnother git process seems to be running in this repository, or the lock file may be stale\n"
INF http m=POST p=/api/v1/workspaces/44642P0LM000/nodes/0/page/create s=200 d=40.4ms s=35
INF http m=GET p=/api/v1/workspaces/44642P0LM000/nodes/0/children s=200 d=259µs s=257
INF http m=GET p=/api/v1/workspaces/44642P0LM000/nodes/44642SRRM000 s=200 d=244µs s=245
INF http m=GET p=/assets/en-BOb8f2G7.js s=200 d=81µs s=5207
INF http m=GET p=/api/v1/auth/me s=200 d=178µs s=173
INF http m=GET p=/api/v1/notifications/unread-count s=200 d=228µs s=25
ERR Failed to commit DB changes err="failed to stage db changes: exit status 128\nOutput: fatal: Unable to create '/home/runner/work/mddb/mddb/data-e2e/.git/index.lock': File exists.\n\nAnother git process seems to be running in this repository, or the lock file may be stale\n"
INF http m=POST p=/api/v1/organizations s=200 d=3.44ms s=353
INF http m=GET p=/sw.js s=200 d=54µs s=5540
INF http m=GET p=/favicon.png s=200 d=57µs s=449
INF http m=GET p=/api/v1/auth/me s=200 d=1.24ms s=256
INF http m=GET p=/registerSW.js s=200 d=26µs s=87
INF http m=GET p=/index.html s=200 d=28µs s=542
ERR Failed to commit DB changes err="failed to stage db changes: exit status 128\nOutput: fatal: Unable to create '/home/runner/work/mddb/mddb/data-e2e/.git/index.lock': File exists.\n\nAnother git process seems to be running in this repository, or the lock file may be stale\n"
INF http m=POST p=/api/v1/workspaces/44642P0LM000/nodes/0/page/create s=200 d=16.5ms s=26
INF http m=GET p=/icon.svg s=200 d=41µs s=195
INF http m=GET p=/icon-512.png s=200 d=54µs s=6498
INF http m=GET p=/icon-192.png s=200 d=90µs s=2468
INF http m=GET p=/favicon.png s=200 d=42µs s=449
INF http m=GET p=/apple-touch-icon.png s=200 d=44µs s=2298
INF http m=GET p=/assets/material-symbols-names-mOXCVt15.js s=200 d=92µs s=15793
INF http m=GET p=/assets/fr-CgauyyXq.js s=200 d=73µs s=6301
ERR Failed to add workspace submodule wsID=44642TPM8000 err="failed to add submodule 44642TPM8000: exit status 128\nOutput: Adding existing repo at '44642TPM8000' to the index\nfatal: Unable to create '/home/runner/work/mddb/mddb/data-e2e/.git/index.lock': File exists.\n\nAnother git process seems to be running in this repository, or the lock file may be stale\nfatal: Failed to add submodule '44642TPM8000'\n"
INF http m=GET p=/assets/es-DHO8DnB9.js s=200 d=161µs s=6015
ERR Failed to commit DB changes err="failed to stage db changes: exit status 128\nOutput: fatal: Unable to create '/home/runner/work/mddb/mddb/data-e2e/.git/index.lock': File exists.\n\nAnother git process seems to be running in this repository, or the lock file may be stale\n"
INF http m=POST p=/api/v1/organizations/44642TI8O000/workspaces s=200 d=64.7ms s=301
ERR Failed to commit DB changes err="failed to stage db changes: exit status 128\nOutput: fatal: Unable to create '/home/runner/work/mddb/mddb/data-e2e/.git/index.lock': File exists.\n\nAnother git process seems to be running in this repository, or the lock file may be stale\n"
INF http m=POST p=/api/v1/workspaces/44642P0LM000/nodes/0/page/create s=200 d=58.4ms s=26
ERR Failed to commit DB changes err="failed to stage db changes: exit status 128\nOutput: fatal: Unable to create '/home/runner/work/mddb/mddb/data-e2e/.git/index.lock': File exists.\n\nAnother git process seems to be running in this repository, or the lock file may be stale\n"
INF http m=POST p=/api/v1/auth/switch-workspace s=200 d=2.6ms s=575
INF http m=GET p=/assets/emoji-groups-tsNE8Axz.js s=200 d=487µs s=13852
INF http m=GET p=/api/v1/notifications/unread-count s=200 d=173µs s=25
INF http m=GET p=/w/@44642P0LM000+workspace/@44642SRRM000+welcome s=200 d=26µs s=542
INF http m=GET p=/api/v1/workspaces/44642TPM8000/nodes/0/children s=200 d=234µs s=26
INF http m=GET p=/api/v1/workspaces/44642TPM8000/members s=200 d=255µs s=123
INF http m=GET p=/api/v1/workspaces/44642P0LM000/events s=200 d=252ms s=264
INF http m=GET p=/assets/de-qJeflSp6.js s=200 d=119µs s=6245
INF http m=GET p=/assets/WorkspaceSettingsPanel-CsUOm22X.css s=200 d=34µs s=1025
ERR Failed to commit DB changes err="failed to stage db changes: exit status 128\nOutput: fatal: Unable to create '/home/runner/work/mddb/mddb/data-e2e/.git/index.lock': File exists.\n\nAnother git process seems to be running in this repository, or the lock file may be stale\n"
INF http m=POST p=/api/v1/workspaces/44642TPM8000/nodes/0/page/create s=200 d=53.5ms s=35
INF http m=GET p=/assets/WorkspaceSettingsPanel-CM5oaFTF.js s=200 d=78µs s=4443
INF http m=GET p=/api/v1/workspaces/44642TPM8000/nodes/0/children s=200 d=243µs s=257
INF http m=GET p=/assets/ServerSettingsPanel-pbgISWIv.css s=200 d=26µs s=596
INF http m=GET p=/assets/ServerSettingsPanel-C8C6nm9a.js s=200 d=33µs s=2550
INF http m=GET p=/api/v1/auth/me s=200 d=553µs s=353
INF http m=GET p=/api/v1/workspaces/44642TPM8000/nodes/44642UBKK000 s=200 d=210µs s=245
INF http m=GET p=/assets/ResourceQuotaForm-DTSj8Ta5.css s=200 d=23µs s=302
INF http m=GET p=/assets/ResourceQuotaForm-D6gJNn3N.js s=200 d=36µs s=812
INF http m=GET p=/assets/ProfileSettings-rthGIjGN.js s=200 d=64µs s=4319
INF http m=GET p=/assets/Editor-BYBWY7b1.css s=200 d=36µs s=2240
INF http m=GET p=/assets/Editor-5FlZhQpN.js s=200 d=60µs s=13509
INF http m=GET p=/assets/ProfileSettings-D5kbNfHV.css s=200 d=40µs s=1220
INF http m=GET p=/api/v1/notifications/unread-count s=200 d=420µs s=25
INF http m=GET p=/assets/OrgSettingsPanel-BP8s6T0h.css s=200 d=23µs s=511
INF http m=GET p=/api/v1/workspaces/44642P0LM000/members s=200 d=469µs s=122
INF http m=GET p=/api/v1/workspaces/44642P0LM000/nodes/0/children s=200 d=727µs s=268
INF http m=GET p=/api/v1/workspaces/44642P0LM000/nodes/44642SRRM000 s=200 d=560µs s=245
INF http m=GET p=/assets/OrgSettingsPanel-B78NX7Vn.js s=200 d=38µs s=2302
INF http m=GET p=/assets/InviteForm-R7w4u6kW.js s=200 d=29µs s=1267
INF http m=GET p=/assets/InviteForm-CW-wgFWD.css s=200 d=27µs s=414
INF http m=GET p=/assets/AdminDashboard-R0heLGro.css s=200 d=46µs s=601
INF http m=GET p=/assets/AdminDashboard-D3Sw1IyX.js s=200 d=48µs s=2075
INF http m=GET p=/manifest.webmanifest s=200 d=25µs s=199
INF http m=GET p=/api/v1/workspaces/44642P0LM000/nodes/44642TNG4000 s=200 d=5.37ms s=126
INF http m=GET p=/api/v1/workspaces/44642P0LM000/nodes/44642TR7C000 s=200 d=240µs s=129
ERR Failed to commit DB changes err="failed to stage db changes: exit status 128\nOutput: fatal: Unable to create '/home/runner/work/mddb/mddb/data-e2e/.git/index.lock': File exists.\n\nAnother git process seems to be running in this repository, or the lock file may be stale\n"
INF http m=POST p=/api/v1/workspaces/44642P0LM000/nodes/44642TNG4000/page s=200 d=19.5ms s=35
INF http m=GET p=/api/v1/workspaces/44642P0LM000/nodes/44642TNG4000 s=200 d=319µs s=131
INF http m=GET p=/api/v1/workspaces/44642P0LM000/nodes/44642TNG4000/page s=200 d=254µs s=113
INF http m=GET p=/api/v1/workspaces/44642P0LM000/events s=200 d=359ms s=207
INF http m=GET p=/api/v1/workspaces/44642TPM8000/events s=200 d=726ms s=207
ERR Failed to commit DB changes err="failed to stage db changes: exit status 128\nOutput: fatal: Unable to create '/home/runner/work/mddb/mddb/data-e2e/.git/index.lock': File exists.\n\nAnother git process seems to be running in this repository, or the lock file may be stale\n"
INF http m=POST p=/api/v1/auth/register s=200 d=157ms s=411
INF http m=GET p=/settings/user s=200 d=60µs s=542
INF http m=GET p=/assets/index-DPQ8uk7g.css s=200 d=121µs s=12402
INF http m=GET p=/assets/index-SHhnYNGf.js s=200 d=363µs s=49792
INF http m=GET p=/registerSW.js s=200 d=39µs s=87
INF http m=GET p=/assets/vendor-C3WBU0hm.js s=200 d=86µs s=29762
INF http m=GET p=/assets/editor-vendor-Bje_VwYD.js s=200 d=296µs s=117396
ERR Failed to commit DB changes err="failed to stage db changes: exit status 128\nOutput: fatal: Unable to create '/home/runner/work/mddb/mddb/data-e2e/.git/index.lock': File exists.\n\nAnother git process seems to be running in this repository, or the lock file may be stale\n"
INF http m=POST p=/api/v1/auth/register s=200 d=80.4ms s=421
INF http m=GET p=/ s=200 d=59µs s=542
INF http m=GET p=/registerSW.js s=200 d=60µs s=87
INF http m=GET p=/assets/index-SHhnYNGf.js s=200 d=96µs s=49792
INF http m=GET p=/assets/vendor-C3WBU0hm.js s=200 d=78µs s=29762
INF http m=GET p=/assets/editor-vendor-Bje_VwYD.js s=200 d=105µs s=117396
INF http m=GET p=/assets/index-DPQ8uk7g.css s=200 d=82µs s=12402
INF http m=GET p=/api/v1/auth/me s=200 d=228µs s=167
INF http m=GET p=/assets/en-BOb8f2G7.js s=200 d=81µs s=5207
INF http m=GET p=/api/v1/notifications/unread-count s=200 d=173µs s=25
INF http m=GET p=/assets/ProfileSettings-rthGIjGN.js s=200 d=54µs s=4319
INF http m=GET p=/assets/ProfileSettings-D5kbNfHV.css s=200 d=17µs s=1220
INF http m=GET p=/favicon.png s=200 d=43µs s=449
INF http m=GET p=/sw.js s=200 d=83µs s=5540
INF http m=GET p=/registerSW.js s=200 d=39µs s=87
INF http m=GET p=/api/v1/auth/me s=200 d=196µs s=177
INF http m=GET p=/api/v1/auth/providers s=200 d=92µs s=59
INF http m=GET p=/api/v1/notifications/preferences s=200 d=207µs s=127
INF http m=GET p=/assets/en-BOb8f2G7.js s=200 d=5.02ms s=5207
INF http m=GET p=/index.html s=200 d=26µs s=542
INF http m=GET p=/icon.svg s=200 d=39µs s=195
INF http m=GET p=/icon-512.png s=200 d=64µs s=6498
INF http m=GET p=/api/v1/notifications/unread-count s=200 d=189µs s=25
INF http m=GET p=/icon-192.png s=200 d=44µs s=2468
INF http m=GET p=/sw.js s=200 d=41µs s=5540
ERR Failed to commit DB changes err="failed to stage db changes: exit status 128\nOutput: fatal: Unable to create '/home/runner/work/mddb/mddb/data-e2e/.git/index.lock': File exists.\n\nAnother git process seems to be running in this repository, or the lock file may be stale\n"
INF http m=POST p=/api/v1/organizations s=200 d=11.3ms s=358
INF http m=GET p=/favicon.png s=200 d=32µs s=449
INF http m=GET p=/favicon.png s=200 d=35µs s=449
INF http m=GET p=/api/v1/auth/me s=200 d=694µs s=264
INF http m=GET p=/apple-touch-icon.png s=200 d=65µs s=2298
INF http m=GET p=/registerSW.js s=200 d=33µs s=87
INF http m=GET p=/assets/material-symbols-names-mOXCVt15.js s=200 d=98µs s=15793
INF http m=GET p=/index.html s=200 d=33µs s=542
INF http m=GET p=/icon.svg s=200 d=38µs s=195
INF http m=GET p=/icon-512.png s=200 d=57µs s=6498
INF http m=GET p=/icon-192.png s=200 d=59µs s=2468
INF http m=GET p=/favicon.png s=200 d=30µs s=449
INF http m=GET p=/apple-touch-icon.png s=200 d=67µs s=2298
INF http m=GET p=/assets/fr-CgauyyXq.js s=200 d=66µs s=6301
INF http m=GET p=/assets/es-DHO8DnB9.js s=200 d=79µs s=6015
INF http m=GET p=/assets/emoji-groups-tsNE8Axz.js s=200 d=92µs s=13852
INF http m=GET p=/assets/material-symbols-names-mOXCVt15.js s=200 d=126µs s=15793
ERR Failed to add workspace submodule wsID=446436KII000 err="failed to add submodule 446436KII000: exit status 128\nOutput: Adding existing repo at '446436KII000' to the index\nfatal: Unable to create '/home/runner/work/mddb/mddb/data-e2e/.git/index.lock': File exists.\n\nAnother git process seems to be running in this repository, or the lock file may be stale\nfatal: Failed to add submodule '446436KII000'\n"
ERR Failed to commit DB changes err="failed to stage db changes: exit status 128\nOutput: fatal: Unable to create '/home/runner/work/mddb/mddb/data-e2e/.git/index.lock': File exists.\n\nAnother git process seems to be running in this repository, or the lock file may be stale\n"
INF http m=POST p=/api/v1/organizations/446436AEM000/workspaces s=200 d=196ms s=306
INF http m=GET p=/assets/fr-CgauyyXq.js s=200 d=50µs s=6301
INF http m=GET p=/assets/de-qJeflSp6.js s=200 d=44µs s=6245
INF http m=GET p=/assets/WorkspaceSettingsPanel-CsUOm22X.css s=200 d=39µs s=1025
ERR Failed to commit DB changes err="failed to stage db changes: exit status 128\nOutput: fatal: Unable to create '/home/runner/work/mddb/mddb/data-e2e/.git/index.lock': File exists.\n\nAnother git process seems to be running in this repository, or the lock file may be stale\n"
INF http m=POST p=/api/v1/auth/switch-workspace s=200 d=9.87ms s=639
INF http m=GET p=/assets/es-DHO8DnB9.js s=200 d=58µs s=6015
INF http m=GET p=/assets/WorkspaceSettingsPanel-CM5oaFTF.js s=200 d=69µs s=4443
INF http m=GET p=/assets/emoji-groups-tsNE8Axz.js s=200 d=85µs s=13852
INF http m=GET p=/assets/ServerSettingsPanel-pbgISWIv.css s=200 d=31µs s=596
INF http m=GET p=/api/v1/notifications/unread-count s=200 d=163µs s=25
INF http m=GET p=/api/v1/workspaces/446436KII000/members s=200 d=409µs s=127
INF http m=GET p=/api/v1/workspaces/446436KII000/nodes/0/children s=200 d=464µs s=26
ERR Failed to commit DB changes err="failed to stage db changes: exit status 128\nOutput: fatal: Unable to create '/home/runner/work/mddb/mddb/data-e2e/.git/index.lock': File exists.\n\nAnother git process seems to be running in this repository, or the lock file may be stale\n"
INF http m=POST p=/api/v1/workspaces/446436KII000/nodes/0/page/create s=200 d=57.1ms s=35
INF http m=GET p=/assets/de-qJeflSp6.js s=200 d=95µs s=6245
INF http m=GET p=/assets/WorkspaceSettingsPanel-CsUOm22X.css s=200 d=78µs s=1025
INF http m=GET p=/api/v1/workspaces/446436KII000/nodes/0/children s=200 d=639µs s=257
INF http m=GET p=/assets/WorkspaceSettingsPanel-CM5oaFTF.js s=200 d=97µs s=4443
INF http m=GET p=/assets/ServerSettingsPanel-pbgISWIv.css s=200 d=49µs s=596
INF http m=GET p=/api/v1/workspaces/446436KII000/nodes/446438B1Q000 s=200 d=1.79ms s=245
INF http m=GET p=/assets/ServerSettingsPanel-C8C6nm9a.js s=200 d=83µs s=2550
INF http m=GET p=/assets/ResourceQuotaForm-DTSj8Ta5.css s=200 d=33µs s=302
INF http m=GET p=/assets/ResourceQuotaForm-D6gJNn3N.js s=200 d=38µs s=812
INF http m=GET p=/assets/ProfileSettings-rthGIjGN.js s=200 d=78µs s=4319
INF http m=GET p=/assets/ProfileSettings-D5kbNfHV.css s=200 d=45µs s=1220
INF http m=GET p=/assets/Editor-5FlZhQpN.js s=200 d=71µs s=13509
INF http m=GET p=/assets/OrgSettingsPanel-BP8s6T0h.css s=200 d=31µs s=511
INF http m=GET p=/assets/Editor-BYBWY7b1.css s=200 d=66µs s=2240
INF http m=GET p=/assets/OrgSettingsPanel-B78NX7Vn.js s=200 d=47µs s=2302
INF http m=GET p=/assets/InviteForm-R7w4u6kW.js s=200 d=35µs s=1267
INF http m=GET p=/assets/InviteForm-CW-wgFWD.css s=200 d=36µs s=414
INF http m=GET p=/assets/AdminDashboard-R0heLGro.css s=200 d=45µs s=601
INF http m=GET p=/assets/AdminDashboard-D3Sw1IyX.js s=200 d=37µs s=2075
INF http m=GET p=/manifest.webmanifest s=200 d=35µs s=199
ERR Failed to commit DB changes err="failed to stage db changes: exit status 128\nOutput: fatal: Unable to create '/home/runner/work/mddb/mddb/data-e2e/.git/index.lock': File exists.\n\nAnother git process seems to be running in this repository, or the lock file may be stale\n"
INF http m=POST p=/api/v1/auth/register s=200 d=108ms s=416
INF http m=GET p=/ s=200 d=49µs s=542
INF http m=GET p=/assets/index-SHhnYNGf.js s=200 d=139µs s=49792
INF http m=GET p=/assets/index-DPQ8uk7g.css s=200 d=83µs s=12402
INF http m=GET p=/assets/editor-vendor-Bje_VwYD.js s=200 d=132µs s=117396
INF http m=GET p=/assets/vendor-C3WBU0hm.js s=200 d=78µs s=29762
INF http m=GET p=/registerSW.js s=200 d=70µs s=87
INF http m=GET p=/api/v1/workspaces/446436KII000/events s=200 d=364ms s=207
INF http m=GET p=/api/v1/auth/me s=200 d=235µs s=175
INF http m=GET p=/assets/en-BOb8f2G7.js s=200 d=6.37ms s=5207
INF http m=GET p=/api/v1/notifications/unread-count s=200 d=175µs s=25
INF http m=GET p=/favicon.png s=200 d=34µs s=449
ERR Failed to commit DB changes err="failed to stage db changes: exit status 128\nOutput: fatal: Unable to create '/home/runner/work/mddb/mddb/data-e2e/.git/index.lock': File exists.\n\nAnother git process seems to be running in this repository, or the lock file may be stale\n"
INF http m=POST p=/api/v1/organizations s=200 d=5.26ms s=360
INF http m=GET p=/sw.js s=200 d=67µs s=5540
INF http m=GET p=/api/v1/auth/me s=200 d=224µs s=260
INF http m=GET p=/registerSW.js s=200 d=29µs s=87
INF http m=GET p=/index.html s=200 d=34µs s=542
INF http m=GET p=/icon.svg s=200 d=57µs s=195
INF http m=GET p=/icon-512.png s=200 d=80µs s=6498
INF http m=GET p=/icon-192.png s=200 d=50µs s=2468
INF http m=GET p=/favicon.png s=200 d=34µs s=449
INF http m=GET p=/apple-touch-icon.png s=200 d=52µs s=2298
INF http m=GET p=/assets/material-symbols-names-mOXCVt15.js s=200 d=113µs s=15793
ERR Failed to add workspace submodule wsID=44643B748000 err="failed to add submodule 44643B748000: exit status 128\nOutput: Adding existing repo at '44643B748000' to the index\nfatal: Unable to create '/home/runner/work/mddb/mddb/data-e2e/.git/index.lock': File exists.\n\nAnother git process seems to be running in this repository, or the lock file may be stale\nfatal: Failed to add submodule '44643B748000'\n"
ERR Failed to commit DB changes err="failed to stage db changes: exit status 128\nOutput: fatal: Unable to create '/home/runner/work/mddb/mddb/data-e2e/.git/index.lock': File exists.\n\nAnother git process seems to be running in this repository, or the lock file may be stale\n"
INF http m=POST p=/api/v1/organizations/44643AVDE000/workspaces s=200 d=135ms s=308
INF http m=GET p=/assets/fr-CgauyyXq.js s=200 d=102µs s=6301
ERR Failed to commit DB changes err="failed to stage db changes: exit status 128\nOutput: fatal: Unable to create '/home/runner/work/mddb/mddb/data-e2e/.git/index.lock': File exists.\n\nAnother git process seems to be running in this repository, or the lock file may be stale\n"
INF http m=POST p=/api/v1/auth/switch-workspace s=200 d=8.92ms s=603
INF http m=GET p=/assets/es-DHO8DnB9.js s=200 d=49µs s=6015
INF http m=GET p=/assets/emoji-groups-tsNE8Axz.js s=200 d=111µs s=13852
INF http m=GET p=/api/v1/workspaces/44643B748000/nodes/0/children s=200 d=309µs s=26
INF http m=GET p=/api/v1/workspaces/44643B748000/members s=200 d=4.65ms s=125
INF http m=GET p=/api/v1/notifications/unread-count s=200 d=5.3ms s=25
ERR Failed to commit DB changes err="failed to stage db changes: exit status 128\nOutput: fatal: Unable to create '/home/runner/work/mddb/mddb/data-e2e/.git/index.lock': File exists.\n\nAnother git process seems to be running in this repository, or the lock file may be stale\n"
INF http m=POST p=/api/v1/auth/register s=200 d=111ms s=421
INF http m=GET p=/api/v1/auth/me s=200 d=127µs s=185
INF http m=GET p=/assets/de-qJeflSp6.js s=200 d=111µs s=6245
ERR Failed to commit DB changes err="failed to stage db changes: exit status 128\nOutput: fatal: Unable to create '/home/runner/work/mddb/mddb/data-e2e/.git/index.lock': File exists.\n\nAnother git process seems to be running in this repository, or the lock file may be stale\n"
INF http m=POST p=/api/v1/workspaces/44643B748000/nodes/0/page/create s=200 d=55.9ms s=35
INF http m=GET p=/api/v1/workspaces/44643B748000/nodes/0/children s=200 d=573µs s=257
INF http m=GET p=/w/@first-workspace s=200 d=697µs s=542
INF http m=GET p=/assets/WorkspaceSettingsPanel-CsUOm22X.css s=200 d=25µs s=1025
INF http m=GET p=/api/v1/workspaces/44643B748000/nodes/44643CDT0000 s=200 d=608µs s=245
INF http m=GET p=/assets/WorkspaceSettingsPanel-CM5oaFTF.js s=200 d=100µs s=4443
INF http m=GET p=/assets/ServerSettingsPanel-pbgISWIv.css s=200 d=50µs s=596
INF http m=GET p=/assets/Editor-5FlZhQpN.js s=200 d=88µs s=13509
INF http m=GET p=/assets/Editor-BYBWY7b1.css s=200 d=28µs s=2240
INF http m=GET p=/assets/ServerSettingsPanel-C8C6nm9a.js s=200 d=58µs s=2550
INF http m=GET p=/assets/ResourceQuotaForm-DTSj8Ta5.css s=200 d=48µs s=302
INF http m=GET p=/assets/index-SHhnYNGf.js s=200 d=171µs s=49792
INF http m=GET p=/assets/index-DPQ8uk7g.css s=200 d=112µs s=12402
INF http m=GET p=/assets/ResourceQuotaForm-D6gJNn3N.js s=200 d=19µs s=812
INF http m=GET p=/registerSW.js s=200 d=56µs s=87
INF http m=GET p=/assets/vendor-C3WBU0hm.js s=200 d=119µs s=29762
INF http m=GET p=/assets/editor-vendor-Bje_VwYD.js s=200 d=174µs s=117396
INF http m=GET p=/assets/ProfileSettings-rthGIjGN.js s=200 d=56µs s=4319
INF http m=GET p=/assets/ProfileSettings-D5kbNfHV.css s=200 d=51µs s=1220
INF http m=GET p=/assets/OrgSettingsPanel-BP8s6T0h.css s=200 d=120µs s=511
INF http m=GET p=/assets/OrgSettingsPanel-B78NX7Vn.js s=200 d=95µs s=2302
INF http m=GET p=/assets/InviteForm-R7w4u6kW.js s=200 d=39µs s=1267
INF http m=GET p=/assets/InviteForm-CW-wgFWD.css s=200 d=56µs s=414
INF http m=GET p=/assets/AdminDashboard-R0heLGro.css s=200 d=40µs s=601
INF http m=GET p=/assets/AdminDashboard-D3Sw1IyX.js s=200 d=50µs s=2075
INF http m=GET p=/manifest.webmanifest s=200 d=35µs s=199
INF http m=GET p=/assets/en-BOb8f2G7.js s=200 d=89µs s=5207
INF http m=GET p=/favicon.png s=200 d=51µs s=449
INF http m=GET p=/sw.js s=200 d=42µs s=5540
INF http m=GET p=/registerSW.js s=200 d=38µs s=87
INF http m=GET p=/index.html s=200 d=37µs s=542
INF http m=GET p=/api/v1/notifications/unread-count s=200 d=168µs s=25
ERR Failed to commit DB changes err="failed to stage db changes: exit status 128\nOutput: fatal: Unable to create '/home/runner/work/mddb/mddb/data-e2e/.git/index.lock': File exists.\n\nAnother git process seems to be running in this repository, or the lock file may be stale\n"
INF http m=POST p=/api/v1/organizations s=200 d=4.09ms s=357
INF http m=GET p=/icon.svg s=200 d=25µs s=195
INF http m=GET p=/icon-512.png s=200 d=56µs s=6498
INF http m=GET p=/icon-192.png s=200 d=46µs s=2468
INF http m=GET p=/favicon.png s=200 d=31µs s=449
INF http m=GET p=/apple-touch-icon.png s=200 d=50µs s=2298
ERR Failed to commit DB changes err="failed to stage db changes: exit status 128\nOutput: fatal: Unable to create '/home/runner/work/mddb/mddb/data-e2e/.git/index.lock': File exists.\n\nAnother git process seems to be running in this repository, or the lock file may be stale\n"
INF http m=POST p=/api/v1/organizations s=200 d=3.22ms s=358
INF http m=GET p=/assets/material-symbols-names-mOXCVt15.js s=200 d=251µs s=15793
ERR Failed to commit DB changes err="failed to stage db changes: exit status 128\nOutput: fatal: Unable to create '/home/runner/work/mddb/mddb/data-e2e/.git/index.lock': File exists.\n\nAnother git process seems to be running in this repository, or the lock file may be stale\n"
INF http m=POST p=/api/v1/organizations s=200 d=4.34ms s=359
INF http m=GET p=/assets/fr-CgauyyXq.js s=200 d=111µs s=6301
INF http m=GET p=/assets/es-DHO8DnB9.js s=200 d=477µs s=6015
ERR Failed to commit DB changes err="failed to stage db changes: exit status 128\nOutput: fatal: Unable to create '/home/runner/work/mddb/mddb/data-e2e/.git/index.lock': File exists.\n\nAnother git process seems to be running in this repository, or the lock file may be stale\n"
ERR Handler error err="Failed to create membership: quota exceeded" statusCode=500 code=INTERNAL_ERROR
INF http m=POST p=/api/v1/organizations s=500 d=5.28ms s=105
INF http m=GET p=/assets/emoji-groups-tsNE8Axz.js s=200 d=82µs s=13852
INF http m=GET p=/assets/de-qJeflSp6.js s=200 d=72µs s=6245
INF http m=GET p=/assets/WorkspaceSettingsPanel-CsUOm22X.css s=200 d=33µs s=1025
INF http m=GET p=/assets/WorkspaceSettingsPanel-CM5oaFTF.js s=200 d=53µs s=4443
INF http m=GET p=/assets/ServerSettingsPanel-pbgISWIv.css s=200 d=43µs s=596
INF http m=GET p=/assets/ServerSettingsPanel-C8C6nm9a.js s=200 d=32µs s=2550
INF http m=GET p=/assets/ResourceQuotaForm-DTSj8Ta5.css s=200 d=41µs s=302
INF http m=GET p=/assets/ResourceQuotaForm-D6gJNn3N.js s=200 d=35µs s=812
INF http m=GET p=/assets/ProfileSettings-rthGIjGN.js s=200 d=76µs s=4319
INF http m=GET p=/assets/ProfileSettings-D5kbNfHV.css s=200 d=41µs s=1220
INF http m=GET p=/assets/OrgSettingsPanel-BP8s6T0h.css s=200 d=26µs s=511
INF http m=GET p=/assets/OrgSettingsPanel-B78NX7Vn.js s=200 d=56µs s=2302
INF http m=GET p=/assets/InviteForm-R7w4u6kW.js s=200 d=47µs s=1267
INF http m=GET p=/assets/InviteForm-CW-wgFWD.css s=200 d=35µs s=414
INF http m=GET p=/assets/Editor-BYBWY7b1.css s=200 d=52µs s=2240
INF http m=GET p=/assets/Editor-5FlZhQpN.js s=200 d=66µs s=13509
INF http m=GET p=/assets/AdminDashboard-R0heLGro.css s=200 d=39µs s=601
INF http m=GET p=/assets/AdminDashboard-D3Sw1IyX.js s=200 d=49µs s=2075
INF http m=GET p=/manifest.webmanifest s=200 d=28µs s=199
INF http m=GET p=/api/v1/workspaces/44643B748000/events s=200 d=531ms s=206
ERR Failed to commit DB changes err="failed to stage db changes: exit status 128\nOutput: fatal: Unable to create '/home/runner/work/mddb/mddb/data-e2e/.git/index.lock': File exists.\n\nAnother git process seems to be running in this repository, or the lock file may be stale\n"
INF http m=POST p=/api/v1/auth/register s=200 d=95.6ms s=384
INF http m=GET p=/ s=200 d=78µs s=542
INF http m=GET p=/assets/index-SHhnYNGf.js s=200 d=141µs s=49792
INF http m=GET p=/assets/index-DPQ8uk7g.css s=200 d=109µs s=12402
INF http m=GET p=/assets/editor-vendor-Bje_VwYD.js s=200 d=225µs s=117396
INF http m=GET p=/assets/vendor-C3WBU0hm.js s=200 d=125µs s=29762
INF http m=GET p=/registerSW.js s=200 d=47µs s=87
INF http m=GET p=/assets/en-BOb8f2G7.js s=200 d=94µs s=5207
INF http m=GET p=/api/v1/auth/me s=200 d=654µs s=163
INF http m=GET p=/api/v1/notifications/unread-count s=200 d=597µs s=25
ERR Failed to commit DB changes err="failed to stage db changes: exit status 128\nOutput: fatal: Unable to create '/home/runner/work/mddb/mddb/data-e2e/.git/index.lock': File exists.\n\nAnother git process seems to be running in this repository, or the lock file may be stale\n"
INF http m=POST p=/api/v1/auth/register s=200 d=117ms s=387
INF http m=GET p=/favicon.png s=200 d=37µs s=449
ERR Failed to commit DB changes err="failed to stage db changes: exit status 128\nOutput: fatal: Unable to create '/home/runner/work/mddb/mddb/data-e2e/.git/index.lock': File exists.\n\nAnother git process seems to be running in this repository, or the lock file may be stale\n"
INF http m=POST p=/api/v1/organizations s=200 d=6.47ms s=348
INF http m=GET p=/ s=200 d=56µs s=542
INF http m=GET p=/api/v1/auth/me s=200 d=4.87ms s=250
INF http m=GET p=/sw.js s=200 d=80µs s=5540
INF http m=GET p=/registerSW.js s=200 d=44µs s=87
INF http m=GET p=/assets/vendor-C3WBU0hm.js s=200 d=135µs s=29762
INF http m=GET p=/assets/index-SHhnYNGf.js s=200 d=88µs s=49792
INF http m=GET p=/assets/editor-vendor-Bje_VwYD.js s=200 d=133µs s=117396
INF http m=GET p=/assets/index-DPQ8uk7g.css s=200 d=96µs s=12402
INF http m=GET p=/registerSW.js s=200 d=67µs s=87
INF http m=GET p=/index.html s=200 d=45µs s=542
INF http m=GET p=/icon.svg s=200 d=37µs s=195
INF http m=GET p=/icon-512.png s=200 d=79µs s=6498
INF http m=GET p=/icon-192.png s=200 d=46µs s=2468
INF http m=GET p=/favicon.png s=200 d=52µs s=449
INF http m=GET p=/apple-touch-icon.png s=200 d=64µs s=2298
ERR Failed to add workspace submodule wsID=44643JM68000 err="failed to add submodule 44643JM68000: exit status 128\nOutput: Adding existing repo at '44643JM68000' to the index\nfatal: Unable to create '/home/runner/work/mddb/mddb/data-e2e/.git/index.lock': File exists.\n\nAnother git process seems to be running in this repository, or the lock file may be stale\nfatal: Failed to add submodule '44643JM68000'\n"
INF http m=GET p=/api/v1/auth/me s=200 d=601µs s=164
INF http m=GET p=/assets/en-BOb8f2G7.js s=200 d=185µs s=5207
ERR Failed to commit DB changes err="failed to stage db changes: exit status 128\nOutput: fatal: Unable to create '/home/runner/work/mddb/mddb/data-e2e/.git/index.lock': File exists.\n\nAnother git process seems to be running in this repository, or the lock file may be stale\n"
INF http m=POST p=/api/v1/organizations/44643J1SQ000/workspaces s=200 d=164ms s=294
INF http m=GET p=/api/v1/notifications/unread-count s=200 d=527µs s=25
INF http m=GET p=/favicon.png s=200 d=39µs s=449
INF http m=GET p=/assets/material-symbols-names-mOXCVt15.js s=200 d=55µs s=15793
ERR Failed to commit DB changes err="failed to stage db changes: exit status 128\nOutput: fatal: Unable to create '/home/runner/work/mddb/mddb/data-e2e/.git/index.lock': File exists.\n\nAnother git process seems to be running in this repository, or the lock file may be stale\n"
INF http m=POST p=/api/v1/auth/switch-workspace s=200 d=13.1ms s=604
ERR Failed to commit DB changes err="failed to stage db changes: exit status 128\nOutput: fatal: Unable to create '/home/runner/work/mddb/mddb/data-e2e/.git/index.lock': File exists.\n\nAnother git process seems to be running in this repository, or the lock file may be stale\n"
INF http m=POST p=/api/v1/organizations s=200 d=15.9ms s=348
INF http m=GET p=/sw.js s=200 d=83µs s=5540
INF http m=GET p=/assets/fr-CgauyyXq.js s=200 d=106µs s=6301
INF http m=GET p=/assets/es-DHO8DnB9.js s=200 d=86µs s=6015
INF http m=GET p=/api/v1/auth/me s=200 d=250µs s=247
INF http m=GET p=/api/v1/notifications/unread-count s=200 d=1.96ms s=25
INF http m=GET p=/api/v1/workspaces/44643JM68000/nodes/0/children s=200 d=274µs s=26
INF http m=GET p=/api/v1/workspaces/44643JM68000/members s=200 d=132µs s=124
INF http m=GET p=/registerSW.js s=200 d=37µs s=87
INF http m=GET p=/assets/emoji-groups-tsNE8Axz.js s=200 d=95µs s=13852
INF http m=GET p=/index.html s=200 d=55µs s=542
INF http m=GET p=/icon.svg s=200 d=43µs s=195
INF http m=GET p=/icon-512.png s=200 d=112µs s=6498
INF http m=GET p=/icon-192.png s=200 d=49µs s=2468
INF http m=GET p=/favicon.png s=200 d=30µs s=449
INF http m=GET p=/apple-touch-icon.png s=200 d=40µs s=2298
INF http m=GET p=/assets/de-qJeflSp6.js s=200 d=109µs s=6245
INF http m=GET p=/assets/WorkspaceSettingsPanel-CsUOm22X.css s=200 d=36µs s=1025
INF http m=GET p=/assets/material-symbols-names-mOXCVt15.js s=200 d=85µs s=15793
INF http m=GET p=/assets/WorkspaceSettingsPanel-CM5oaFTF.js s=200 d=51µs s=4443
INF http m=GET p=/assets/ServerSettingsPanel-pbgISWIv.css s=200 d=35µs s=596
INF http m=GET p=/assets/ServerSettingsPanel-C8C6nm9a.js s=200 d=44µs s=2550
INF http m=GET p=/assets/fr-CgauyyXq.js s=200 d=60µs s=6301
INF http m=GET p=/assets/ResourceQuotaForm-DTSj8Ta5.css s=200 d=41µs s=302
INF http m=GET p=/assets/es-DHO8DnB9.js s=200 d=71µs s=6015
INF http m=GET p=/assets/ResourceQuotaForm-D6gJNn3N.js s=200 d=30µs s=812
INF http m=GET p=/assets/ProfileSettings-rthGIjGN.js s=200 d=49µs s=4319
INF http m=GET p=/assets/ProfileSettings-D5kbNfHV.css s=200 d=29µs s=1220
INF http m=GET p=/assets/OrgSettingsPanel-BP8s6T0h.css s=200 d=31µs s=511
INF http m=GET p=/assets/emoji-groups-tsNE8Axz.js s=200 d=100µs s=13852
INF http m=GET p=/assets/OrgSettingsPanel-B78NX7Vn.js s=200 d=35µs s=2302
INF http m=GET p=/assets/InviteForm-R7w4u6kW.js s=200 d=26µs s=1267
ERR Failed to add workspace submodule wsID=44643L8FS000 err="failed to add submodule 44643L8FS000: exit status 128\nOutput: Adding existing repo at '44643L8FS000' to the index\nfatal: Unable to create '/home/runner/work/mddb/mddb/data-e2e/.git/index.lock': File exists.\n\nAnother git process seems to be running in this repository, or the lock file may be stale\nfatal: Failed to add submodule '44643L8FS000'\n"
INF http m=GET p=/assets/InviteForm-CW-wgFWD.css s=200 d=45µs s=414
ERR Failed to commit DB changes err="failed to stage db changes: exit status 128\nOutput: fatal: Unable to create '/home/runner/work/mddb/mddb/data-e2e/.git/index.lock': File exists.\n\nAnother git process seems to be running in this repository, or the lock file may be stale\n"
INF http m=POST p=/api/v1/organizations/44643KQ10000/workspaces s=200 d=156ms s=298
ERR Failed to commit DB changes err="failed to stage db changes: exit status 128\nOutput: fatal: Unable to create '/home/runner/work/mddb/mddb/data-e2e/.git/index.lock': File exists.\n\nAnother git process seems to be running in this repository, or the lock file may be stale\n"
INF http m=POST p=/api/v1/workspaces/44643JM68000/nodes/0/page/create s=200 d=107ms s=35
ERR Failed to commit DB changes err="failed to stage db changes: exit status 128\nOutput: fatal: Unable to create '/home/runner/work/mddb/mddb/data-e2e/.git/index.lock': File exists.\n\nAnother git process seems to be running in this repository, or the lock file may be stale\n"
INF http m=POST p=/api/v1/workspaces/44643JM68000/nodes/0/table/create s=200 d=110ms s=26
INF http m=GET p=/assets/Editor-BYBWY7b1.css s=200 d=34µs s=2240
INF http m=GET p=/api/v1/workspaces/44643JM68000/nodes/0/children s=200 d=760µs s=316
INF http m=GET p=/assets/Editor-5FlZhQpN.js s=200 d=73µs s=13509
ERR Failed to commit DB changes err="failed to stage db changes: exit status 128\nOutput: fatal: Unable to create '/home/runner/work/mddb/mddb/data-e2e/.git/index.lock': File exists.\n\nAnother git process seems to be running in this repository, or the lock file may be stale\n"
INF http m=POST p=/api/v1/auth/switch-workspace s=200 d=13.2ms s=553
INF http m=GET p=/w/@44643JM68000+workspace/ s=200 d=40µs s=542
INF http m=GET p=/assets/AdminDashboard-R0heLGro.css s=200 d=24µs s=601
INF http m=GET p=/api/v1/workspaces/44643JM68000/nodes/44643LIJK000 s=200 d=870µs s=245
INF http m=GET p=/api/v1/workspaces/44643JM68000/events s=200 d=203ms s=230
INF http m=GET p=/assets/AdminDashboard-D3Sw1IyX.js s=200 d=93µs s=2075
INF http m=GET p=/registerSW.js s=200 d=38µs s=87
INF http m=GET p=/manifest.webmanifest s=200 d=45µs s=199
INF http m=GET p=/api/v1/notifications/unread-count s=200 d=166µs s=25
INF http m=GET p=/api/v1/workspaces/44643L8FS000/nodes/0/children s=200 d=234µs s=26
INF http m=GET p=/api/v1/workspaces/44643L8FS000/members s=200 d=755µs s=122
INF http m=GET p=/assets/de-qJeflSp6.js s=200 d=117µs s=6245
INF http m=GET p=/api/v1/auth/me s=200 d=14.4ms s=350
INF http m=GET p=/assets/WorkspaceSettingsPanel-CsUOm22X.css s=200 d=50µs s=1025
INF http m=GET p=/assets/WorkspaceSettingsPanel-CM5oaFTF.js s=200 d=102µs s=4443
INF http m=GET p=/assets/ServerSettingsPanel-pbgISWIv.css s=200 d=40µs s=596
INF http m=GET p=/api/v1/notifications/unread-count s=200 d=336µs s=25
INF http m=GET p=/api/v1/workspaces/44643JM68000/nodes/0/children s=200 d=535µs s=316
INF http m=GET p=/api/v1/workspaces/44643JM68000/members s=200 d=1.28ms s=124
INF http m=GET p=/assets/ServerSettingsPanel-C8C6nm9a.js s=200 d=48µs s=2550
ERR Failed to commit DB changes err="failed to stage db changes: exit status 128\nOutput: fatal: Unable to create '/home/runner/work/mddb/mddb/data-e2e/.git/index.lock': File exists.\n\nAnother git process seems to be running in this repository, or the lock file may be stale\n"
INF http m=POST p=/api/v1/workspaces/44643L8FS000/nodes/0/page/create s=200 d=52.1ms s=35
INF http m=GET p=/api/v1/workspaces/44643L8FS000/nodes/0/children s=200 d=1.31ms s=311
INF http m=GET p=/api/v1/workspaces/44643JM68000/nodes/44643LIJK000 s=200 d=266µs s=245
INF http m=GET p=/assets/ResourceQuotaForm-DTSj8Ta5.css s=200 d=46µs s=302
INF http m=GET p=/assets/ResourceQuotaForm-D6gJNn3N.js s=200 d=39µs s=812
INF http m=GET p=/api/v1/workspaces/44643L8FS000/nodes/44643MSHC000 s=200 d=245µs s=245
ERR Failed to commit DB changes err="failed to stage db changes: exit status 128\nOutput: fatal: Unable to create '/home/runner/work/mddb/mddb/data-e2e/.git/index.lock': File exists.\n\nAnother git process seems to be running in this repository, or the lock file may be stale\n"
INF http m=POST p=/api/v1/workspaces/44643L8FS000/nodes/0/table/create s=200 d=62.6ms s=26
INF http m=GET p=/w/@44643L8FS000+workspace/@44643MSHC000+welcome s=200 d=48µs s=542
INF http m=GET p=/assets/Editor-BYBWY7b1.css s=200 d=77µs s=2240
INF http m=GET p=/assets/Editor-5FlZhQpN.js s=200 d=74µs s=13509
INF http m=GET p=/assets/ProfileSettings-rthGIjGN.js s=200 d=33µs s=4319
INF http m=GET p=/api/v1/workspaces/44643L8FS000/events s=200 d=115ms s=230
INF http m=GET p=/assets/ProfileSettings-D5kbNfHV.css s=200 d=42µs s=1220
INF http m=GET p=/assets/OrgSettingsPanel-BP8s6T0h.css s=200 d=37µs s=511
INF http m=GET p=/registerSW.js s=200 d=29µs s=87
INF http m=GET p=/assets/OrgSettingsPanel-B78NX7Vn.js s=200 d=43µs s=2302
INF http m=GET p=/assets/InviteForm-R7w4u6kW.js s=200 d=43µs s=1267
INF http m=GET p=/api/v1/auth/me s=200 d=979µs s=349
INF http m=GET p=/assets/InviteForm-CW-wgFWD.css s=200 d=32µs s=414
INF http m=GET p=/assets/AdminDashboard-R0heLGro.css s=200 d=43µs s=601
INF http m=GET p=/api/v1/workspaces/44643JM68000/nodes/44643LM9S000 s=200 d=1.01ms s=177
INF http m=GET p=/assets/AdminDashboard-D3Sw1IyX.js s=200 d=37µs s=2075
INF http m=GET p=/manifest.webmanifest s=200 d=40µs s=199
INF http m=GET p=/api/v1/workspaces/44643JM68000/nodes/44643LM9S000/table/records s=200 d=1.77ms s=28
INF http m=GET p=/api/v1/notifications/unread-count s=200 d=322µs s=25
INF http m=GET p=/api/v1/workspaces/44643L8FS000/nodes/44643MSHC000 s=200 d=540µs s=245
INF http m=GET p=/api/v1/workspaces/44643L8FS000/nodes/0/children s=200 d=886µs s=311
INF http m=GET p=/api/v1/workspaces/44643L8FS000/members s=200 d=353µs s=122
INF http m=GET p=/api/v1/workspaces/44643L8FS000/nodes/44643N1UC000 s=200 d=349µs s=176
INF http m=GET p=/api/v1/workspaces/44643L8FS000/nodes/44643N1UC000/table/records s=200 d=212µs s=28
INF http m=GET p=/api/v1/workspaces/44643JM68000/events s=200 d=258ms s=93
INF http m=GET p=/api/v1/workspaces/44643L8FS000/nodes/44643N1UC000/table s=200 d=2.34ms s=176
ERR Failed to commit DB changes err="failed to stage db changes: exit status 128\nOutput: fatal: Unable to create '/home/runner/work/mddb/mddb/data-e2e/.git/index.lock': File exists.\n\nAnother git process seems to be running in this repository, or the lock file may be stale\n"
INF http m=POST p=/api/v1/workspaces/44643L8FS000/nodes/44643N1UC000/table s=200 d=29ms s=35
ERR Failed to commit DB changes err="failed to stage db changes: exit status 128\nOutput: fatal: Unable to create '/home/runner/work/mddb/mddb/data-e2e/.git/index.lock': File exists.\n\nAnother git process seems to be running in this repository, or the lock file may be stale\n"
INF http m=POST p=/api/v1/auth/register s=200 d=81.2ms s=389
INF http m=GET p=/ s=200 d=59µs s=542
INF http m=GET p=/api/v1/workspaces/44643L8FS000/events s=200 d=350ms s=212
INF http m=GET p=/assets/index-SHhnYNGf.js s=200 d=139µs s=49792
INF http m=GET p=/assets/vendor-C3WBU0hm.js s=200 d=87µs s=29762
INF http m=GET p=/assets/editor-vendor-Bje_VwYD.js s=200 d=112µs s=117396
INF http m=GET p=/assets/index-DPQ8uk7g.css s=200 d=63µs s=12402
INF http m=GET p=/registerSW.js s=200 d=30µs s=87
INF http m=GET p=/api/v1/auth/me s=200 d=213µs s=164
INF http m=GET p=/assets/en-BOb8f2G7.js s=200 d=72µs s=5207
INF http m=GET p=/sw.js s=200 d=79µs s=5540
INF http m=GET p=/api/v1/notifications/unread-count s=200 d=196µs s=25
ERR Failed to commit DB changes err="failed to stage db changes: exit status 128\nOutput: fatal: Unable to create '/home/runner/work/mddb/mddb/data-e2e/.git/index.lock': File exists.\n\nAnother git process seems to be running in this repository, or the lock file may be stale\n"
INF http m=POST p=/api/v1/auth/register s=200 d=98.5ms s=394
INF http m=GET p=/ s=200 d=59µs s=542
INF http m=GET p=/favicon.png s=200 d=42µs s=449
INF http m=GET p=/registerSW.js s=200 d=33µs s=87
ERR Failed to commit DB changes err="failed to stage db changes: exit status 128\nOutput: fatal: Unable to create '/home/runner/work/mddb/mddb/data-e2e/.git/index.lock': File exists.\n\nAnother git process seems to be running in this repository, or the lock file may be stale\n"
INF http m=POST p=/api/v1/organizations s=200 d=11ms s=350
INF http m=GET p=/index.html s=200 d=44µs s=542
INF http m=GET p=/icon.svg s=200 d=39µs s=195
INF http m=GET p=/assets/index-SHhnYNGf.js s=200 d=141µs s=49792
INF http m=GET p=/assets/index-DPQ8uk7g.css s=200 d=88µs s=12402
INF http m=GET p=/api/v1/auth/me s=200 d=207µs s=249
INF http m=GET p=/icon-512.png s=200 d=53µs s=6498
INF http m=GET p=/registerSW.js s=200 d=52µs s=87
INF http m=GET p=/assets/vendor-C3WBU0hm.js s=200 d=96µs s=29762
INF http m=GET p=/assets/editor-vendor-Bje_VwYD.js s=200 d=106µs s=117396
INF http m=GET p=/icon-192.png s=200 d=44µs s=2468
INF http m=GET p=/favicon.png s=200 d=38µs s=449
INF http m=GET p=/apple-touch-icon.png s=200 d=51µs s=2298
INF http m=GET p=/assets/material-symbols-names-mOXCVt15.js s=200 d=140µs s=15793
INF http m=GET p=/api/v1/auth/me s=200 d=585µs s=167
INF http m=GET p=/assets/en-BOb8f2G7.js s=200 d=71µs s=5207
ERR Failed to add workspace submodule wsID=44643S1KO000 err="failed to add submodule 44643S1KO000: exit status 128\nOutput: Adding existing repo at '44643S1KO000' to the index\nfatal: Unable to create '/home/runner/work/mddb/mddb/data-e2e/.git/index.lock': File exists.\n\nAnother git process seems to be running in this repository, or the lock file may be stale\nfatal: Failed to add submodule '44643S1KO000'\n"
ERR Failed to commit DB changes err="failed to stage db changes: exit status 128\nOutput: fatal: Unable to create '/home/runner/work/mddb/mddb/data-e2e/.git/index.lock': File exists.\n\nAnother git process seems to be running in this repository, or the lock file may be stale\n"
INF http m=POST p=/api/v1/organizations/44643RQ0A000/workspaces s=200 d=155ms s=300
INF http m=GET p=/assets/fr-CgauyyXq.js s=200 d=65µs s=6301
INF http m=GET p=/api/v1/notifications/unread-count s=200 d=470µs s=25
INF http m=GET p=/favicon.png s=200 d=27µs s=449
ERR Failed to commit DB changes err="failed to stage db changes: exit status 128\nOutput: fatal: Unable to create '/home/runner/work/mddb/mddb/data-e2e/.git/index.lock': File exists.\n\nAnother git process seems to be running in this repository, or the lock file may be stale\n"
INF http m=POST p=/api/v1/auth/switch-workspace s=200 d=9.75ms s=572
INF http m=GET p=/sw.js s=200 d=90µs s=5540
INF http m=GET p=/assets/es-DHO8DnB9.js s=200 d=42µs s=6015
ERR Failed to commit DB changes err="failed to stage db changes: exit status 128\nOutput: fatal: Unable to create '/home/runner/work/mddb/mddb/data-e2e/.git/index.lock': File exists.\n\nAnother git process seems to be running in this repository, or the lock file may be stale\n"
INF http m=POST p=/api/v1/organizations s=200 d=18.9ms s=351
INF http m=GET p=/api/v1/notifications/unread-count s=200 d=174µs s=25
INF http m=GET p=/api/v1/auth/me s=200 d=554µs s=253
INF http m=GET p=/assets/emoji-groups-tsNE8Axz.js s=200 d=80µs s=13852
INF http m=GET p=/api/v1/workspaces/44643S1KO000/nodes/0/children s=200 d=4.71ms s=26
INF http m=GET p=/registerSW.js s=200 d=59µs s=87
INF http m=GET p=/api/v1/workspaces/44643S1KO000/members s=200 d=926µs s=128
INF http m=GET p=/index.html s=200 d=35µs s=542
INF http m=GET p=/icon.svg s=200 d=35µs s=195
INF http m=GET p=/icon-512.png s=200 d=2.43ms s=6498
INF http m=GET p=/icon-192.png s=200 d=47µs s=2468
INF http m=GET p=/favicon.png s=200 d=39µs s=449
INF http m=GET p=/assets/de-qJeflSp6.js s=200 d=78µs s=6245
INF http m=GET p=/apple-touch-icon.png s=200 d=39µs s=2298
INF http m=GET p=/assets/WorkspaceSettingsPanel-CsUOm22X.css s=200 d=26µs s=1025
INF http m=GET p=/assets/WorkspaceSettingsPanel-CM5oaFTF.js s=200 d=78µs s=4443
INF http m=GET p=/assets/ServerSettingsPanel-pbgISWIv.css s=200 d=30µs s=596
INF http m=GET p=/assets/ServerSettingsPanel-C8C6nm9a.js s=200 d=34µs s=2550
INF http m=GET p=/assets/material-symbols-names-mOXCVt15.js s=200 d=77µs s=15793
INF http m=GET p=/assets/ResourceQuotaForm-DTSj8Ta5.css s=200 d=21µs s=302
INF http m=GET p=/assets/ResourceQuotaForm-D6gJNn3N.js s=200 d=20µs s=812
INF http m=GET p=/assets/ProfileSettings-rthGIjGN.js s=200 d=105µs s=4319
ERR Failed to add workspace submodule wsID=44643TE40000 err="failed to add submodule 44643TE40000: exit status 128\nOutput: Adding existing repo at '44643TE40000' to the index\nfatal: Unable to create '/home/runner/work/mddb/mddb/data-e2e/.git/index.lock': File exists.\n\nAnother git process seems to be running in this repository, or the lock file may be stale\nfatal: Failed to add submodule '44643TE40000'\n"
INF http m=GET p=/assets/ProfileSettings-D5kbNfHV.css s=200 d=258µs s=1220
INF http m=GET p=/assets/OrgSettingsPanel-BP8s6T0h.css s=200 d=24µs s=511
ERR Failed to commit DB changes err="failed to stage db changes: exit status 128\nOutput: fatal: Unable to create '/home/runner/work/mddb/mddb/data-e2e/.git/index.lock': File exists.\n\nAnother git process seems to be running in this repository, or the lock file may be stale\n"
INF http m=POST p=/api/v1/organizations/44643T2H4000/workspaces s=200 d=124ms s=297
INF http m=GET p=/assets/OrgSettingsPanel-B78NX7Vn.js s=200 d=28µs s=2302
INF http m=GET p=/assets/fr-CgauyyXq.js s=200 d=43µs s=6301
ERR Failed to commit DB changes err="failed to stage db changes: exit status 128\nOutput: fatal: Unable to create '/home/runner/work/mddb/mddb/data-e2e/.git/index.lock': File exists.\n\nAnother git process seems to be running in this repository, or the lock file may be stale\n"
INF http m=POST p=/api/v1/workspaces/44643S1KO000/nodes/0/page/create s=200 d=90.5ms s=35
INF http m=GET p=/api/v1/workspaces/44643S1KO000/nodes/0/children s=200 d=367µs s=316
INF http m=GET p=/assets/InviteForm-R7w4u6kW.js s=200 d=21µs s=1267
INF http m=GET p=/assets/es-DHO8DnB9.js s=200 d=49µs s=6015
ERR Failed to commit DB changes err="failed to stage db changes: exit status 128\nOutput: fatal: Unable to create '/home/runner/work/mddb/mddb/data-e2e/.git/index.lock': File exists.\n\nAnother git process seems to be running in this repository, or the lock file may be stale\n"
INF http m=POST p=/api/v1/workspaces/44643S1KO000/nodes/0/table/create s=200 d=84.6ms s=26
ERR Failed to commit DB changes err="failed to stage db changes: exit status 128\nOutput: fatal: Unable to create '/home/runner/work/mddb/mddb/data-e2e/.git/index.lock': File exists.\n\nAnother git process seems to be running in this repository, or the lock file may be stale\n"
INF http m=POST p=/api/v1/auth/switch-workspace s=200 d=14.4ms s=571
INF http m=GET p=/assets/InviteForm-CW-wgFWD.css s=200 d=138µs s=414
INF http m=GET p=/w/@44643S1KO000+workspace/ s=200 d=24µs s=542
INF http m=GET p=/assets/emoji-groups-tsNE8Axz.js s=200 d=70µs s=13852
INF http m=GET p=/api/v1/workspaces/44643S1KO000/nodes/44643TLM6000 s=200 d=210µs s=245
INF http m=GET p=/assets/Editor-BYBWY7b1.css s=200 d=51µs s=2240
INF http m=GET p=/api/v1/workspaces/44643S1KO000/events s=200 d=130ms s=232
INF http m=GET p=/assets/Editor-5FlZhQpN.js s=200 d=91µs s=13509
INF http m=GET p=/api/v1/workspaces/44643S1KO000/nodes/44643TLM6000 s=200 d=240µs s=245
INF http m=GET p=/api/v1/notifications/unread-count s=200 d=114µs s=25
INF http m=GET p=/registerSW.js s=200 d=88µs s=87
INF http m=GET p=/api/v1/workspaces/44643TE40000/nodes/0/children s=200 d=435µs s=26
INF http m=GET p=/assets/AdminDashboard-R0heLGro.css s=200 d=2.61ms s=601
INF http m=GET p=/api/v1/workspaces/44643TE40000/members s=200 d=12.4ms s=130
INF http m=GET p=/assets/AdminDashboard-D3Sw1IyX.js s=200 d=103µs s=2075
INF http m=GET p=/manifest.webmanifest s=200 d=34µs s=199
INF http m=GET p=/api/v1/auth/me s=200 d=239µs s=349
ERR Failed to commit DB changes err="failed to stage db changes: exit status 128\nOutput: fatal: Unable to create '/home/runner/work/mddb/mddb/data-e2e/.git/index.lock': File exists.\n\nAnother git process seems to be running in this repository, or the lock file may be stale\n"
INF http m=POST p=/api/v1/workspaces/44643TE40000/nodes/0/page/create s=200 d=39.2ms s=35
INF http m=GET p=/api/v1/notifications/unread-count s=200 d=248µs s=25
INF http m=GET p=/api/v1/workspaces/44643TE40000/nodes/0/children s=200 d=226µs s=257
INF http m=GET p=/api/v1/workspaces/44643S1KO000/nodes/0/children s=200 d=322µs s=316
INF http m=GET p=/api/v1/workspaces/44643S1KO000/members s=200 d=344µs s=128
INF http m=GET p=/api/v1/workspaces/44643TE40000/nodes/44643UIF2000 s=200 d=219µs s=245
INF http m=GET p=/assets/Editor-BYBWY7b1.css s=200 d=79µs s=2240
INF http m=GET p=/assets/Editor-5FlZhQpN.js s=200 d=56µs s=13509
INF http m=GET p=/api/v1/workspaces/44643S1KO000/nodes/44643TLM6000 s=200 d=246µs s=245
INF http m=GET p=/assets/de-qJeflSp6.js s=200 d=99µs s=6245
ERR Failed to commit DB changes err="failed to stage db changes: exit status 128\nOutput: fatal: Unable to create '/home/runner/work/mddb/mddb/data-e2e/.git/index.lock': File exists.\n\nAnother git process seems to be running in this repository, or the lock file may be stale\n"
INF http m=POST p=/api/v1/workspaces/44643TE40000/nodes/0/table/create s=200 d=39.5ms s=26
INF http m=GET p=/assets/WorkspaceSettingsPanel-CsUOm22X.css s=200 d=47µs s=1025
INF http m=GET p=/w/@44643TE40000+workspace/@44643UIF2000+welcome s=200 d=28µs s=542
INF http m=GET p=/assets/WorkspaceSettingsPanel-CM5oaFTF.js s=200 d=62µs s=4443
INF http m=GET p=/assets/ServerSettingsPanel-pbgISWIv.css s=200 d=42µs s=596
INF http m=GET p=/api/v1/workspaces/44643TE40000/events s=200 d=118ms s=229
INF http m=GET p=/assets/ServerSettingsPanel-C8C6nm9a.js s=200 d=50µs s=2550
INF http m=GET p=/registerSW.js s=200 d=27µs s=87
INF http m=GET p=/assets/ResourceQuotaForm-DTSj8Ta5.css s=200 d=46µs s=302
INF http m=GET p=/assets/ResourceQuotaForm-D6gJNn3N.js s=200 d=42µs s=812
INF http m=GET p=/api/v1/auth/me s=200 d=236µs s=353
INF http m=GET p=/assets/ProfileSettings-rthGIjGN.js s=200 d=96µs s=4319
INF http m=GET p=/api/v1/workspaces/44643S1KO000/nodes/44643TQPK000 s=200 d=290µs s=177
INF http m=GET p=/assets/ProfileSettings-D5kbNfHV.css s=200 d=50µs s=1220
INF http m=GET p=/assets/OrgSettingsPanel-BP8s6T0h.css s=200 d=39µs s=511
INF http m=GET p=/api/v1/workspaces/44643S1KO000/nodes/44643TQPK000/table/records s=200 d=203µs s=28
INF http m=GET p=/assets/OrgSettingsPanel-B78NX7Vn.js s=200 d=50µs s=2302
INF http m=GET p=/assets/InviteForm-R7w4u6kW.js s=200 d=149µs s=1267
INF http m=GET p=/api/v1/notifications/unread-count s=200 d=91µs s=25
INF http m=GET p=/api/v1/workspaces/44643TE40000/members s=200 d=448µs s=130
INF http m=GET p=/api/v1/workspaces/44643TE40000/nodes/0/children s=200 d=1.18ms s=313
INF http m=GET p=/api/v1/workspaces/44643TE40000/nodes/44643UIF2000 s=200 d=4.44ms s=245
INF http m=GET p=/assets/InviteForm-CW-wgFWD.css s=200 d=29µs s=414
INF http m=GET p=/assets/AdminDashboard-R0heLGro.css s=200 d=90µs s=601
INF http m=GET p=/assets/AdminDashboard-D3Sw1IyX.js s=200 d=76µs s=2075
INF http m=GET p=/manifest.webmanifest s=200 d=359µs s=199
INF http m=GET p=/api/v1/workspaces/44643TE40000/nodes/44643URR2000 s=200 d=336µs s=174
INF http m=GET p=/api/v1/workspaces/44643TE40000/nodes/44643URR2000/table/records s=200 d=205µs s=28
INF http m=GET p=/api/v1/workspaces/44643S1KO000/nodes/44643TQPK000/table s=200 d=195µs s=164
ERR Failed to commit DB changes err="failed to stage db changes: exit status 128\nOutput: fatal: Unable to create '/home/runner/work/mddb/mddb/data-e2e/.git/index.lock': File exists.\n\nAnother git process seems to be running in this repository, or the lock file may be stale\n"
INF http m=POST p=/api/v1/workspaces/44643S1KO000/nodes/44643TQPK000/table s=200 d=16.7ms s=35
INF http m=GET p=/api/v1/workspaces/44643S1KO000/events s=200 d=254ms s=212
INF http m=GET p=/api/v1/workspaces/44643TE40000/nodes/44643URR2000/table s=200 d=245µs s=177
ERR Failed to commit DB changes err="failed to stage db changes: exit status 128\nOutput: fatal: Unable to create '/home/runner/work/mddb/mddb/data-e2e/.git/index.lock': File exists.\n\nAnother git process seems to be running in this repository, or the lock file may be stale\n"
INF http m=POST p=/api/v1/workspaces/44643TE40000/nodes/44643URR2000/table s=200 d=30.2ms s=35
INF http m=GET p=/api/v1/workspaces/44643TE40000/events s=200 d=321ms s=211
ERR Failed to commit DB changes err="failed to stage db changes: exit status 128\nOutput: fatal: Unable to create '/home/runner/work/mddb/mddb/data-e2e/.git/index.lock': File exists.\n\nAnother git process seems to be running in this repository, or the lock file may be stale\n"
INF http m=POST p=/api/v1/auth/register s=200 d=89.6ms s=391
INF http m=GET p=/ s=200 d=58µs s=542
INF http m=GET p=/assets/index-SHhnYNGf.js s=200 d=138µs s=49792
INF http m=GET p=/registerSW.js s=200 d=25µs s=87
INF http m=GET p=/assets/vendor-C3WBU0hm.js s=200 d=83µs s=29762
INF http m=GET p=/assets/index-DPQ8uk7g.css s=200 d=60µs s=12402
INF http m=GET p=/assets/editor-vendor-Bje_VwYD.js s=200 d=105µs s=117396
INF http m=GET p=/api/v1/auth/me s=200 d=321µs s=166
INF http m=GET p=/assets/en-BOb8f2G7.js s=200 d=62µs s=5207
INF http m=GET p=/favicon.png s=200 d=40µs s=449
INF http m=GET p=/api/v1/notifications/unread-count s=200 d=316µs s=25
ERR Failed to commit DB changes err="failed to stage db changes: exit status 128\nOutput: fatal: Unable to create '/home/runner/work/mddb/mddb/data-e2e/.git/index.lock': File exists.\n\nAnother git process seems to be running in this repository, or the lock file may be stale\n"
INF http m=POST p=/api/v1/organizations s=200 d=6.26ms s=349
INF http m=GET p=/sw.js s=200 d=91µs s=5540
INF http m=GET p=/api/v1/auth/me s=200 d=567µs s=251
INF http m=GET p=/registerSW.js s=200 d=43µs s=87
INF http m=GET p=/index.html s=200 d=34µs s=542
INF http m=GET p=/icon.svg s=200 d=31µs s=195
INF http m=GET p=/icon-512.png s=200 d=108µs s=6498
INF http m=GET p=/icon-192.png s=200 d=61µs s=2468
INF http m=GET p=/favicon.png s=200 d=42µs s=449
INF http m=GET p=/apple-touch-icon.png s=200 d=64µs s=2298
INF http m=GET p=/assets/material-symbols-names-mOXCVt15.js s=200 d=112µs s=15793
ERR Failed to add workspace submodule wsID=446443PKO000 err="failed to add submodule 446443PKO000: exit status 128\nOutput: Adding existing repo at '446443PKO000' to the index\nfatal: Unable to create '/home/runner/work/mddb/mddb/data-e2e/.git/index.lock': File exists.\n\nAnother git process seems to be running in this repository, or the lock file may be stale\nfatal: Failed to add submodule '446443PKO000'\n"
ERR Failed to commit DB changes err="failed to stage db changes: exit status 128\nOutput: fatal: Unable to create '/home/runner/work/mddb/mddb/data-e2e/.git/index.lock': File exists.\n\nAnother git process seems to be running in this repository, or the lock file may be stale\n"
INF http m=POST p=/api/v1/organizations/446443B92000/workspaces s=200 d=102ms s=298
ERR Failed to commit DB changes err="failed to stage db changes: exit status 128\nOutput: fatal: Unable to create '/home/runner/work/mddb/mddb/data-e2e/.git/index.lock': File exists.\n\nAnother git process seems to be running in this repository, or the lock file may be stale\n"
INF http m=POST p=/api/v1/auth/register s=200 d=238ms s=393
ERR Failed to commit DB changes err="failed to stage db changes: exit status 128\nOutput: fatal: Unable to create '/home/runner/work/mddb/mddb/data-e2e/.git/index.lock': File exists.\n\nAnother git process seems to be running in this repository, or the lock file may be stale\n"
INF http m=POST p=/api/v1/auth/switch-workspace s=200 d=7.75ms s=577
INF http m=GET p=/ s=200 d=53µs s=542
INF http m=GET p=/assets/fr-CgauyyXq.js s=200 d=586µs s=6301
INF http m=GET p=/api/v1/notifications/unread-count s=200 d=168µs s=25
INF http m=GET p=/api/v1/workspaces/446443PKO000/members s=200 d=431µs s=128
INF http m=GET p=/assets/es-DHO8DnB9.js s=200 d=288µs s=6015
INF http m=GET p=/api/v1/workspaces/446443PKO000/nodes/0/children s=200 d=10.8ms s=26
INF http m=GET p=/assets/index-SHhnYNGf.js s=200 d=6.85ms s=49792
INF http m=GET p=/registerSW.js s=200 d=37µs s=87
INF http m=GET p=/assets/vendor-C3WBU0hm.js s=200 d=107µs s=29762
INF http m=GET p=/assets/index-DPQ8uk7g.css s=200 d=67µs s=12402
INF http m=GET p=/assets/editor-vendor-Bje_VwYD.js s=200 d=3.02ms s=117396
INF http m=GET p=/assets/emoji-groups-tsNE8Axz.js s=200 d=134µs s=13852
ERR Failed to commit DB changes err="failed to stage db changes: exit status 128\nOutput: fatal: Unable to create '/home/runner/work/mddb/mddb/data-e2e/.git/index.lock': File exists.\n\nAnother git process seems to be running in this repository, or the lock file may be stale\n"
INF http m=POST p=/api/v1/workspaces/446443PKO000/nodes/0/page/create s=200 d=46.5ms s=35
INF http m=GET p=/api/v1/workspaces/446443PKO000/nodes/0/children s=200 d=382µs s=315
INF http m=GET p=/api/v1/workspaces/446443PKO000/nodes/446444S9C000 s=200 d=253µs s=245
ERR Failed to commit DB changes err="failed to stage db changes: exit status 128\nOutput: fatal: Unable to create '/home/runner/work/mddb/mddb/data-e2e/.git/index.lock': File exists.\n\nAnother git process seems to be running in this repository, or the lock file may be stale\n"
INF http m=POST p=/api/v1/workspaces/446443PKO000/nodes/0/table/create s=200 d=37.7ms s=26
INF http m=GET p=/w/@446443PKO000+workspace/@446444S9C000+welcome s=200 d=44µs s=542
INF http m=GET p=/assets/Editor-5FlZhQpN.js s=200 d=92µs s=13509
INF http m=GET p=/assets/Editor-BYBWY7b1.css s=200 d=42µs s=2240
INF http m=GET p=/api/v1/workspaces/446443PKO000/events s=200 d=144ms s=226
INF http m=GET p=/registerSW.js s=200 d=48µs s=87
INF http m=GET p=/assets/en-BOb8f2G7.js s=200 d=62µs s=5207
INF http m=GET p=/assets/de-qJeflSp6.js s=200 d=34µs s=6245
INF http m=GET p=/api/v1/auth/me s=200 d=196µs s=163
INF http m=GET p=/assets/WorkspaceSettingsPanel-CsUOm22X.css s=200 d=45µs s=1025
INF http m=GET p=/favicon.png s=200 d=42µs s=449
INF http m=GET p=/api/v1/notifications/unread-count s=200 d=151µs s=25
INF http m=GET p=/api/v1/auth/me s=200 d=217µs s=353
INF http m=GET p=/assets/WorkspaceSettingsPanel-CM5oaFTF.js s=200 d=49µs s=4443
INF http m=GET p=/sw.js s=200 d=61µs s=5540
ERR Failed to commit DB changes err="failed to stage db changes: exit status 128\nOutput: fatal: Unable to create '/home/runner/work/mddb/mddb/data-e2e/.git/index.lock': File exists.\n\nAnother git process seems to be running in this repository, or the lock file may be stale\n"
INF http m=POST p=/api/v1/organizations s=200 d=13.5ms s=349
INF http m=GET p=/assets/ServerSettingsPanel-pbgISWIv.css s=200 d=33µs s=596
INF http m=GET p=/assets/ServerSettingsPanel-C8C6nm9a.js s=200 d=106µs s=2550
INF http m=GET p=/api/v1/auth/me s=200 d=226µs s=249
INF http m=GET p=/assets/ResourceQuotaForm-DTSj8Ta5.css s=200 d=34µs s=302
INF http m=GET p=/assets/ResourceQuotaForm-D6gJNn3N.js s=200 d=31µs s=812
INF http m=GET p=/assets/ProfileSettings-rthGIjGN.js s=200 d=122µs s=4319
INF http m=GET p=/registerSW.js s=200 d=57µs s=87
INF http m=GET p=/assets/ProfileSettings-D5kbNfHV.css s=200 d=46µs s=1220
INF http m=GET p=/api/v1/notifications/unread-count s=200 d=148µs s=25
INF http m=GET p=/index.html s=200 d=26µs s=542
INF http m=GET p=/icon.svg s=200 d=53µs s=195
INF http m=GET p=/api/v1/workspaces/446443PKO000/members s=200 d=265µs s=128
INF http m=GET p=/icon-512.png s=200 d=119µs s=6498
INF http m=GET p=/assets/OrgSettingsPanel-BP8s6T0h.css s=200 d=20µs s=511
INF http m=GET p=/api/v1/workspaces/446443PKO000/nodes/0/children s=200 d=12.8ms s=315
INF http m=GET p=/assets/OrgSettingsPanel-B78NX7Vn.js s=200 d=73µs s=2302
INF http m=GET p=/icon-192.png s=200 d=194µs s=2468
INF http m=GET p=/api/v1/workspaces/446443PKO000/nodes/446444S9C000 s=200 d=13.9ms s=245
INF http m=GET p=/favicon.png s=200 d=34µs s=449
INF http m=GET p=/assets/InviteForm-R7w4u6kW.js s=200 d=28µs s=1267
INF http m=GET p=/apple-touch-icon.png s=200 d=33µs s=2298
INF http m=GET p=/assets/InviteForm-CW-wgFWD.css s=200 d=47µs s=414
INF http m=GET p=/assets/material-symbols-names-mOXCVt15.js s=200 d=102µs s=15793
INF http m=GET p=/assets/AdminDashboard-R0heLGro.css s=200 d=33µs s=601
INF http m=GET p=/assets/AdminDashboard-D3Sw1IyX.js s=200 d=66µs s=2075
INF http m=GET p=/manifest.webmanifest s=200 d=34µs s=199
INF http m=GET p=/api/v1/workspaces/446443PKO000/nodes/4464454N2000 s=200 d=315µs s=173
ERR Failed to add workspace submodule wsID=4464464RM000 err="failed to add submodule 4464464RM000: exit status 128\nOutput: Adding existing repo at '4464464RM000' to the index\nfatal: Unable to create '/home/runner/work/mddb/mddb/data-e2e/.git/index.lock': File exists.\n\nAnother git process seems to be running in this repository, or the lock file may be stale\nfatal: Failed to add submodule '4464464RM000'\n"
INF http m=GET p=/assets/fr-CgauyyXq.js s=200 d=110µs s=6301
ERR Failed to commit DB changes err="failed to stage db changes: exit status 128\nOutput: fatal: Unable to create '/home/runner/work/mddb/mddb/data-e2e/.git/index.lock': File exists.\n\nAnother git process seems to be running in this repository, or the lock file may be stale\n"
INF http m=POST p=/api/v1/organizations/446445QRU000/workspaces s=200 d=129ms s=298
INF http m=GET p=/api/v1/workspaces/446443PKO000/nodes/4464454N2000/table/records s=200 d=176µs s=28
ERR Failed to commit DB changes err="failed to stage db changes: exit status 128\nOutput: fatal: Unable to create '/home/runner/work/mddb/mddb/data-e2e/.git/index.lock': File exists.\n\nAnother git process seems to be running in this repository, or the lock file may be stale\n"
INF http m=POST p=/api/v1/auth/switch-workspace s=200 d=4.05ms s=610
INF http m=GET p=/assets/es-DHO8DnB9.js s=200 d=75µs s=6015
INF http m=GET p=/assets/emoji-groups-tsNE8Axz.js s=200 d=113µs s=13852
INF http m=GET p=/api/v1/workspaces/4464464RM000/nodes/0/children s=200 d=441µs s=26
INF http m=GET p=/api/v1/notifications/unread-count s=200 d=109µs s=25
INF http m=GET p=/api/v1/workspaces/4464464RM000/members s=200 d=370µs s=126
ERR Failed to commit DB changes err="failed to stage db changes: exit status 128\nOutput: fatal: Unable to create '/home/runner/work/mddb/mddb/data-e2e/.git/index.lock': File exists.\n\nAnother git process seems to be running in this repository, or the lock file may be stale\n"
INF http m=POST p=/api/v1/workspaces/4464464RM000/nodes/0/page/create s=200 d=19.9ms s=35
INF http m=GET p=/api/v1/workspaces/4464464RM000/nodes/0/children s=200 d=286µs s=257
INF http m=GET p=/api/v1/workspaces/4464464RM000/nodes/4464475RA000 s=200 d=535µs s=245
INF http m=GET p=/assets/Editor-BYBWY7b1.css s=200 d=81µs s=2240
INF http m=GET p=/assets/Editor-5FlZhQpN.js s=200 d=101µs s=13509
INF http m=GET p=/assets/de-qJeflSp6.js s=200 d=56µs s=6245
ERR Failed to commit DB changes err="failed to stage db changes: exit status 128\nOutput: fatal: Unable to create '/home/runner/work/mddb/mddb/data-e2e/.git/index.lock': File exists.\n\nAnother git process seems to be running in this repository, or the lock file may be stale\n"
INF http m=POST p=/api/v1/workspaces/4464464RM000/nodes/0/table/create s=200 d=21.5ms s=26
INF http m=GET p=/assets/WorkspaceSettingsPanel-CsUOm22X.css s=200 d=31µs s=1025
INF http m=GET p=/assets/WorkspaceSettingsPanel-CM5oaFTF.js s=200 d=48µs s=4443
INF http m=GET p=/w/@4464464RM000+workspace/@4464475RA000+welcome s=200 d=24µs s=542
INF http m=GET p=/assets/ServerSettingsPanel-pbgISWIv.css s=200 d=38µs s=596
INF http m=GET p=/api/v1/workspaces/4464464RM000/events s=200 d=81.9ms s=229
INF http m=GET p=/assets/ServerSettingsPanel-C8C6nm9a.js s=200 d=49µs s=2550
INF http m=GET p=/registerSW.js s=200 d=17µs s=87
INF http m=GET p=/assets/ResourceQuotaForm-DTSj8Ta5.css s=200 d=41µs s=302
INF http m=GET p=/api/v1/auth/me s=200 d=693µs s=350
INF http m=GET p=/assets/ResourceQuotaForm-D6gJNn3N.js s=200 d=27µs s=812
INF http m=GET p=/assets/ProfileSettings-rthGIjGN.js s=200 d=50µs s=4319
INF http m=GET p=/assets/ProfileSettings-D5kbNfHV.css s=200 d=22µs s=1220
INF http m=GET p=/assets/OrgSettingsPanel-BP8s6T0h.css s=200 d=23µs s=511
INF http m=GET p=/assets/OrgSettingsPanel-B78NX7Vn.js s=200 d=49µs s=2302
INF http m=GET p=/assets/InviteForm-R7w4u6kW.js s=200 d=25µs s=1267
INF http m=GET p=/api/v1/notifications/unread-count s=200 d=531µs s=25
INF http m=GET p=/api/v1/workspaces/4464464RM000/members s=200 d=657µs s=126
INF http m=GET p=/api/v1/workspaces/4464464RM000/nodes/0/children s=200 d=845µs s=314
INF http m=GET p=/api/v1/workspaces/446443PKO000/nodes/4464454N2000/table s=200 d=193µs s=151
INF http m=GET p=/assets/InviteForm-CW-wgFWD.css s=200 d=36µs s=414
ERR Failed to commit DB changes err="failed to stage db changes: exit status 128\nOutput: fatal: Unable to create '/home/runner/work/mddb/mddb/data-e2e/.git/index.lock': File exists.\n\nAnother git process seems to be running in this repository, or the lock file may be stale\n"
INF http m=POST p=/api/v1/workspaces/446443PKO000/nodes/4464454N2000/table s=200 d=20.9ms s=35
INF http m=GET p=/api/v1/workspaces/4464464RM000/nodes/4464475RA000 s=200 d=3.56ms s=245
INF http m=GET p=/api/v1/workspaces/446443PKO000/events s=200 d=284ms s=206
INF http m=GET p=/assets/AdminDashboard-R0heLGro.css s=200 d=41µs s=601
INF http m=GET p=/assets/AdminDashboard-D3Sw1IyX.js s=200 d=92µs s=2075
INF http m=GET p=/manifest.webmanifest s=200 d=46µs s=199
INF http m=GET p=/api/v1/workspaces/4464464RM000/nodes/446447DC6000 s=200 d=341µs s=176
INF http m=GET p=/api/v1/workspaces/4464464RM000/nodes/446447DC6000/table/records s=200 d=212µs s=28
ERR Failed to commit DB changes err="failed to stage db changes: exit status 128\nOutput: fatal: Unable to create '/home/runner/work/mddb/mddb/data-e2e/.git/index.lock': File exists.\n\nAnother git process seems to be running in this repository, or the lock file may be stale\n"
INF http m=POST p=/api/v1/workspaces/4464464RM000/nodes/446447DC6000/table/records/create s=200 d=17.8ms s=26
INF http m=GET p=/w/@4464464RM000+opts-usages-workspace/@446447DC6000+opts-usage-table s=200 d=143µs s=542
INF http m=GET p=/api/v1/workspaces/4464464RM000/events s=200 d=106ms s=215
INF http m=GET p=/api/v1/auth/me s=200 d=260µs s=350
INF http m=GET p=/api/v1/notifications/unread-count s=200 d=212µs s=25
INF http m=GET p=/api/v1/workspaces/4464464RM000/nodes/0/children s=200 d=382µs s=314
INF http m=GET p=/api/v1/workspaces/4464464RM000/members s=200 d=162µs s=126
INF http m=GET p=/api/v1/workspaces/4464464RM000/nodes/446447DC6000 s=200 d=739µs s=176
INF http m=GET p=/api/v1/workspaces/4464464RM000/nodes/446447DC6000/table/records s=200 d=614µs s=125
ERR Failed to commit DB changes err="failed to stage db changes: exit status 128\nOutput: fatal: Unable to create '/home/runner/work/mddb/mddb/data-e2e/.git/index.lock': File exists.\n\nAnother git process seems to be running in this repository, or the lock file may be stale\n"
INF http m=POST p=/api/v1/auth/register s=200 d=97.3ms s=391
INF http m=GET p=/ s=200 d=61µs s=542
INF http m=GET p=/assets/index-SHhnYNGf.js s=200 d=143µs s=49792
INF http m=GET p=/assets/index-DPQ8uk7g.css s=200 d=102µs s=12402
INF http m=GET p=/assets/editor-vendor-Bje_VwYD.js s=200 d=182µs s=117396
INF http m=GET p=/registerSW.js s=200 d=37µs s=87
INF http m=GET p=/assets/vendor-C3WBU0hm.js s=200 d=3.28ms s=29762
INF http m=GET p=/api/v1/auth/me s=200 d=562µs s=164
INF http m=GET p=/assets/en-BOb8f2G7.js s=200 d=61µs s=5207
INF http m=GET p=/api/v1/notifications/unread-count s=200 d=175µs s=25
INF http m=GET p=/favicon.png s=200 d=34µs s=449
ERR Failed to commit DB changes err="failed to stage db changes: exit status 128\nOutput: fatal: Unable to create '/home/runner/work/mddb/mddb/data-e2e/.git/index.lock': File exists.\n\nAnother git process seems to be running in this repository, or the lock file may be stale\n"
INF http m=POST p=/api/v1/organizations s=200 d=5.95ms s=350
INF http m=GET p=/api/v1/auth/me s=200 d=183µs s=248
INF http m=GET p=/sw.js s=200 d=984µs s=5540
INF http m=GET p=/api/v1/workspaces/4464464RM000/events s=200 d=252ms s=93
INF http m=GET p=/registerSW.js s=200 d=52µs s=87
INF http m=GET p=/index.html s=200 d=37µs s=542
INF http m=GET p=/icon.svg s=200 d=38µs s=195
INF http m=GET p=/icon-512.png s=200 d=91µs s=6498
INF http m=GET p=/icon-192.png s=200 d=38µs s=2468
INF http m=GET p=/favicon.png s=200 d=27µs s=449
INF http m=GET p=/apple-touch-icon.png s=200 d=51µs s=2298
INF http m=GET p=/assets/material-symbols-names-mOXCVt15.js s=200 d=93µs s=15793
ERR Failed to add workspace submodule wsID=44644AUUC000 err="failed to add submodule 44644AUUC000: exit status 128\nOutput: Adding existing repo at '44644AUUC000' to the index\nfatal: Unable to create '/home/runner/work/mddb/mddb/data-e2e/.git/index.lock': File exists.\n\nAnother git process seems to be running in this repository, or the lock file may be stale\nfatal: Failed to add submodule '44644AUUC000'\n"
ERR Failed to commit DB changes err="failed to stage db changes: exit status 128\nOutput: fatal: Unable to create '/home/runner/work/mddb/mddb/data-e2e/.git/index.lock': File exists.\n\nAnother git process seems to be running in this repository, or the lock file may be stale\n"
INF http m=POST p=/api/v1/organizations/44644ANMM000/workspaces s=200 d=115ms s=298
ERR Failed to commit DB changes err="failed to stage db changes: exit status 128\nOutput: fatal: Unable to create '/home/runner/work/mddb/mddb/data-e2e/.git/index.lock': File exists.\n\nAnother git process seems to be running in this repository, or the lock file may be stale\n"
INF http m=POST p=/api/v1/auth/switch-workspace s=200 d=10ms s=609
INF http m=GET p=/assets/fr-CgauyyXq.js s=200 d=88µs s=6301
INF http m=GET p=/api/v1/notifications/unread-count s=200 d=227µs s=25
INF http m=GET p=/api/v1/workspaces/44644AUUC000/members s=200 d=119µs s=126
INF http m=GET p=/api/v1/workspaces/44644AUUC000/nodes/0/children s=200 d=204µs s=26
INF http m=GET p=/assets/es-DHO8DnB9.js s=200 d=98µs s=6015
INF http m=GET p=/assets/emoji-groups-tsNE8Axz.js s=200 d=149µs s=13852
ERR Failed to commit DB changes err="failed to stage db changes: exit status 128\nOutput: fatal: Unable to create '/home/runner/work/mddb/mddb/data-e2e/.git/index.lock': File exists.\n\nAnother git process seems to be running in this repository, or the lock file may be stale\n"
INF http m=POST p=/api/v1/workspaces/44644AUUC000/nodes/0/page/create s=200 d=45.2ms s=35
INF http m=GET p=/api/v1/workspaces/44644AUUC000/nodes/0/children s=200 d=245µs s=257
INF http m=GET p=/api/v1/workspaces/44644AUUC000/nodes/44644BUEI000 s=200 d=327µs s=245
INF http m=GET p=/assets/Editor-BYBWY7b1.css s=200 d=59µs s=2240
INF http m=GET p=/assets/Editor-5FlZhQpN.js s=200 d=54µs s=13509
INF http m=GET p=/assets/de-qJeflSp6.js s=200 d=79µs s=6245
INF http m=GET p=/assets/WorkspaceSettingsPanel-CsUOm22X.css s=200 d=34µs s=1025
INF http m=GET p=/assets/WorkspaceSettingsPanel-CM5oaFTF.js s=200 d=56µs s=4443
INF http m=GET p=/assets/ServerSettingsPanel-pbgISWIv.css s=200 d=29µs s=596
INF http m=GET p=/assets/ServerSettingsPanel-C8C6nm9a.js s=200 d=41µs s=2550
INF http m=GET p=/assets/ResourceQuotaForm-DTSj8Ta5.css s=200 d=48µs s=302
INF http m=GET p=/assets/ResourceQuotaForm-D6gJNn3N.js s=200 d=31µs s=812
ERR Failed to commit DB changes err="failed to stage db changes: exit status 128\nOutput: fatal: Unable to create '/home/runner/work/mddb/mddb/data-e2e/.git/index.lock': File exists.\n\nAnother git process seems to be running in this repository, or the lock file may be stale\n"
INF http m=POST p=/api/v1/workspaces/44644AUUC000/nodes/0/table/create s=200 d=39.1ms s=26
INF http m=GET p=/assets/ProfileSettings-rthGIjGN.js s=200 d=50µs s=4319
INF http m=GET p=/w/@44644AUUC000+workspace/@44644BUEI000+welcome s=200 d=27µs s=542
INF http m=GET p=/api/v1/workspaces/44644AUUC000/events s=200 d=164ms s=227
INF http m=GET p=/assets/ProfileSettings-D5kbNfHV.css s=200 d=39µs s=1220
INF http m=GET p=/registerSW.js s=200 d=35µs s=87
INF http m=GET p=/assets/OrgSettingsPanel-BP8s6T0h.css s=200 d=31µs s=511
ERR Failed to commit DB changes err="failed to stage db changes: exit status 128\nOutput: fatal: Unable to create '/home/runner/work/mddb/mddb/data-e2e/.git/index.lock': File exists.\n\nAnother git process seems to be running in this repository, or the lock file may be stale\n"
INF http m=POST p=/api/v1/auth/register s=200 d=115ms s=382
INF http m=GET p=/assets/OrgSettingsPanel-B78NX7Vn.js s=200 d=58µs s=2302
INF http m=GET p=/ s=200 d=55µs s=542
INF http m=GET p=/assets/InviteForm-R7w4u6kW.js s=200 d=21µs s=1267
INF http m=GET p=/api/v1/auth/me s=200 d=234µs s=350
INF http m=GET p=/assets/InviteForm-CW-wgFWD.css s=200 d=38µs s=414
INF http m=GET p=/assets/editor-vendor-Bje_VwYD.js s=200 d=200µs s=117396
INF http m=GET p=/registerSW.js s=200 d=27µs s=87
INF http m=GET p=/assets/vendor-C3WBU0hm.js s=200 d=78µs s=29762
INF http m=GET p=/assets/index-DPQ8uk7g.css s=200 d=74µs s=12402
INF http m=GET p=/assets/index-SHhnYNGf.js s=200 d=87µs s=49792
INF http m=GET p=/assets/AdminDashboard-R0heLGro.css s=200 d=37µs s=601
INF http m=GET p=/api/v1/notifications/unread-count s=200 d=159µs s=25
INF http m=GET p=/api/v1/workspaces/44644AUUC000/members s=200 d=421µs s=126
INF http m=GET p=/api/v1/workspaces/44644AUUC000/nodes/0/children s=200 d=644µs s=314
INF http m=GET p=/api/v1/workspaces/44644AUUC000/nodes/44644BUEI000 s=200 d=487µs s=245
INF http m=GET p=/assets/AdminDashboard-D3Sw1IyX.js s=200 d=79µs s=2075
INF http m=GET p=/manifest.webmanifest s=200 d=42µs s=199
INF http m=GET p=/api/v1/workspaces/44644AUUC000/nodes/44644CJPA000 s=200 d=368µs s=175
INF http m=GET p=/api/v1/workspaces/44644AUUC000/nodes/44644CJPA000/table/records s=200 d=207µs s=28
INF http m=GET p=/api/v1/auth/me s=200 d=183µs s=161
INF http m=GET p=/assets/en-BOb8f2G7.js s=200 d=87µs s=5207
INF http m=GET p=/favicon.png s=200 d=45µs s=449
INF http m=GET p=/api/v1/notifications/unread-count s=200 d=169µs s=25
INF http m=GET p=/sw.js s=200 d=102µs s=5540
ERR Failed to commit DB changes err="failed to stage db changes: exit status 128\nOutput: fatal: Unable to create '/home/runner/work/mddb/mddb/data-e2e/.git/index.lock': File exists.\n\nAnother git process seems to be running in this repository, or the lock file may be stale\n"
INF http m=POST p=/api/v1/organizations s=200 d=10.5ms s=348
INF http m=GET p=/api/v1/auth/me s=200 d=187µs s=247
ERR Failed to commit DB changes err="failed to stage db changes: exit status 128\nOutput: fatal: Unable to create '/home/runner/work/mddb/mddb/data-e2e/.git/index.lock': File exists.\n\nAnother git process seems to be running in this repository, or the lock file may be stale\n"
INF http m=POST p=/api/v1/workspaces/44644AUUC000/nodes/44644CJPA000/table s=200 d=41.8ms s=26
INF http m=GET p=/registerSW.js s=200 d=33µs s=87
INF http m=GET p=/index.html s=200 d=35µs s=542
INF http m=GET p=/w/@44644AUUC000+opts-orders-workspace/@44644CJPA000+opts-order-table s=200 d=34µs s=542
INF http m=GET p=/icon.svg s=200 d=23µs s=195
INF http m=GET p=/api/v1/workspaces/44644AUUC000/events s=200 d=184ms s=206
INF http m=GET p=/icon-512.png s=200 d=58µs s=6498
INF http m=GET p=/icon-192.png s=200 d=34µs s=2468
INF http m=GET p=/favicon.png s=200 d=53µs s=449
INF http m=GET p=/apple-touch-icon.png s=200 d=57µs s=2298
INF http m=GET p=/assets/material-symbols-names-mOXCVt15.js s=200 d=112µs s=15793
INF http m=GET p=/api/v1/auth/me s=200 d=614µs s=350
ERR Failed to add workspace submodule wsID=44644EHRG000 err="failed to add submodule 44644EHRG000: exit status 128\nOutput: Adding existing repo at '44644EHRG000' to the index\nfatal: Unable to create '/home/runner/work/mddb/mddb/data-e2e/.git/index.lock': File exists.\n\nAnother git process seems to be running in this repository, or the lock file may be stale\nfatal: Failed to add submodule '44644EHRG000'\n"
INF http m=GET p=/assets/fr-CgauyyXq.js s=200 d=68µs s=6301
ERR Failed to commit DB changes err="failed to stage db changes: exit status 128\nOutput: fatal: Unable to create '/home/runner/work/mddb/mddb/data-e2e/.git/index.lock': File exists.\n\nAnother git process seems to be running in this repository, or the lock file may be stale\n"
INF http m=POST p=/api/v1/organizations/44644E868000/workspaces s=200 d=110ms s=294
INF http m=GET p=/assets/es-DHO8DnB9.js s=200 d=102µs s=6015
ERR Failed to commit DB changes err="failed to stage db changes: exit status 128\nOutput: fatal: Unable to create '/home/runner/work/mddb/mddb/data-e2e/.git/index.lock': File exists.\n\nAnother git process seems to be running in this repository, or the lock file may be stale\n"
INF http m=POST p=/api/v1/auth/switch-workspace s=200 d=7.52ms s=584
INF http m=GET p=/api/v1/notifications/unread-count s=200 d=4.52ms s=25
INF http m=GET p=/api/v1/workspaces/44644AUUC000/members s=200 d=4.96ms s=126
INF http m=GET p=/api/v1/workspaces/44644AUUC000/nodes/0/children s=200 d=6.13ms s=314
INF http m=GET p=/api/v1/workspaces/44644AUUC000/nodes/44644CJPA000 s=200 d=4.79ms s=175
INF http m=GET p=/api/v1/workspaces/44644EHRG000/members s=200 d=216µs s=124
INF http m=GET p=/api/v1/notifications/unread-count s=200 d=3.69ms s=25
INF http m=GET p=/assets/emoji-groups-tsNE8Axz.js s=200 d=6.16ms s=13852
INF http m=GET p=/api/v1/workspaces/44644AUUC000/nodes/44644CJPA000/table/records s=200 d=936µs s=28
INF http m=GET p=/api/v1/workspaces/44644EHRG000/nodes/0/children s=200 d=10.1ms s=26
ERR Failed to commit DB changes err="failed to stage db changes: exit status 128\nOutput: fatal: Unable to create '/home/runner/work/mddb/mddb/data-e2e/.git/index.lock': File exists.\n\nAnother git process seems to be running in this repository, or the lock file may be stale\n"
INF http m=POST p=/api/v1/workspaces/44644EHRG000/nodes/0/page/create s=200 d=19.5ms s=35
INF http m=GET p=/api/v1/workspaces/44644EHRG000/nodes/0/children s=200 d=554µs s=257
INF http m=GET p=/api/v1/workspaces/44644EHRG000/nodes/44644FICE000 s=200 d=480µs s=245
INF http m=GET p=/assets/de-qJeflSp6.js s=200 d=108µs s=6245
INF http m=GET p=/assets/Editor-BYBWY7b1.css s=200 d=67µs s=2240
INF http m=GET p=/assets/Editor-5FlZhQpN.js s=200 d=103µs s=13509
INF http m=GET p=/assets/WorkspaceSettingsPanel-CsUOm22X.css s=200 d=14µs s=1025
INF http m=GET p=/assets/WorkspaceSettingsPanel-CM5oaFTF.js s=200 d=59µs s=4443
INF http m=GET p=/assets/ServerSettingsPanel-pbgISWIv.css s=200 d=34µs s=596
INF http m=GET p=/assets/ServerSettingsPanel-C8C6nm9a.js s=200 d=36µs s=2550
INF http m=GET p=/assets/ResourceQuotaForm-DTSj8Ta5.css s=200 d=52µs s=302
INF http m=GET p=/assets/ResourceQuotaForm-D6gJNn3N.js s=200 d=28µs s=812
ERR Failed to commit DB changes err="failed to stage db changes: exit status 128\nOutput: fatal: Unable to create '/home/runner/work/mddb/mddb/data-e2e/.git/index.lock': File exists.\n\nAnother git process seems to be running in this repository, or the lock file may be stale\n"
INF http m=GET p=/assets/ProfileSettings-rthGIjGN.js s=200 d=97µs s=4319
INF http m=POST p=/api/v1/workspaces/44644EHRG000/nodes/0/table/create s=200 d=22.2ms s=26
INF http m=GET p=/assets/ProfileSettings-D5kbNfHV.css s=200 d=58µs s=1220
INF http m=GET p=/w/@44644EHRG000+workspace/@44644FICE000+welcome s=200 d=26µs s=542
INF http m=GET p=/api/v1/workspaces/44644EHRG000/events s=200 d=104ms s=230
INF http m=GET p=/assets/OrgSettingsPanel-BP8s6T0h.css s=200 d=25µs s=511
INF http m=GET p=/registerSW.js s=200 d=23µs s=87
INF http m=GET p=/assets/OrgSettingsPanel-B78NX7Vn.js s=200 d=30µs s=2302
INF http m=GET p=/assets/InviteForm-R7w4u6kW.js s=200 d=43µs s=1267
INF http m=GET p=/assets/InviteForm-CW-wgFWD.css s=200 d=31µs s=414
INF http m=GET p=/api/v1/auth/me s=200 d=233µs s=350
INF http m=GET p=/assets/AdminDashboard-R0heLGro.css s=200 d=61µs s=601
INF http m=GET p=/assets/AdminDashboard-D3Sw1IyX.js s=200 d=26µs s=2075
INF http m=GET p=/manifest.webmanifest s=200 d=20µs s=199
INF http m=GET p=/api/v1/workspaces/44644EHRG000/nodes/0/children s=200 d=413µs s=316
INF http m=GET p=/api/v1/notifications/unread-count s=200 d=233µs s=25
INF http m=GET p=/api/v1/workspaces/44644EHRG000/nodes/44644FICE000 s=200 d=458µs s=245
INF http m=GET p=/api/v1/workspaces/44644EHRG000/members s=200 d=518µs s=124
INF http m=GET p=/api/v1/workspaces/44644AUUC000/events s=200 d=188ms s=93
INF http m=GET p=/api/v1/workspaces/44644EHRG000/nodes/44644FSSA000 s=200 d=959µs s=175
INF http m=GET p=/api/v1/workspaces/44644EHRG000/nodes/44644FSSA000/table/records s=200 d=245µs s=28
ERR Failed to commit DB changes err="failed to stage db changes: exit status 128\nOutput: fatal: Unable to create '/home/runner/work/mddb/mddb/data-e2e/.git/index.lock': File exists.\n\nAnother git process seems to be running in this repository, or the lock file may be stale\n"
INF http m=POST p=/api/v1/auth/register s=200 d=64.4ms s=394
INF http m=GET p=/ s=200 d=49µs s=542
INF http m=GET p=/assets/index-SHhnYNGf.js s=200 d=169µs s=49792
INF http m=GET p=/assets/index-DPQ8uk7g.css s=200 d=111µs s=12402
INF http m=GET p=/assets/editor-vendor-Bje_VwYD.js s=200 d=199µs s=117396
INF http m=GET p=/assets/vendor-C3WBU0hm.js s=200 d=145µs s=29762
INF http m=GET p=/registerSW.js s=200 d=36µs s=87
INF http m=GET p=/api/v1/workspaces/44644EHRG000/nodes/44644FSSA000/table s=200 d=232µs s=162
ERR Failed to commit DB changes err="failed to stage db changes: exit status 128\nOutput: fatal: Unable to create '/home/runner/work/mddb/mddb/data-e2e/.git/index.lock': File exists.\n\nAnother git process seems to be running in this repository, or the lock file may be stale\n"
INF http m=POST p=/api/v1/workspaces/44644EHRG000/nodes/44644FSSA000/table s=200 d=26.9ms s=35
INF http m=GET p=/assets/en-BOb8f2G7.js s=200 d=114µs s=5207
INF http m=GET p=/api/v1/auth/me s=200 d=196µs s=163
ERR Failed to commit DB changes err="failed to stage db changes: exit status 128\nOutput: fatal: Unable to create '/home/runner/work/mddb/mddb/data-e2e/.git/index.lock': File exists.\n\nAnother git process seems to be running in this repository, or the lock file may be stale\n"
INF http m=POST p=/api/v1/workspaces/44644EHRG000/nodes/44644FSSA000/table s=200 d=54.5ms s=35
INF http m=GET p=/api/v1/notifications/unread-count s=200 d=137µs s=25
INF http m=GET p=/favicon.png s=200 d=30µs s=449
INF http m=GET p=/api/v1/workspaces/44644EHRG000/events s=200 d=422ms s=231
ERR Failed to commit DB changes err="failed to stage db changes: exit status 128\nOutput: fatal: Unable to create '/home/runner/work/mddb/mddb/data-e2e/.git/index.lock': File exists.\n\nAnother git process seems to be running in this repository, or the lock file may be stale\n"
INF http m=POST p=/api/v1/organizations s=200 d=7.1ms s=350
INF http m=GET p=/api/v1/auth/me s=200 d=247µs s=248
INF http m=GET p=/sw.js s=200 d=66µs s=5540
INF http m=GET p=/registerSW.js s=200 d=36µs s=87
INF http m=GET p=/index.html s=200 d=39µs s=542
INF http m=GET p=/icon.svg s=200 d=23µs s=195
INF http m=GET p=/icon-512.png s=200 d=239µs s=6498
INF http m=GET p=/icon-192.png s=200 d=47µs s=2468
INF http m=GET p=/favicon.png s=200 d=33µs s=449
INF http m=GET p=/apple-touch-icon.png s=200 d=33µs s=2298
INF http m=GET p=/assets/material-symbols-names-mOXCVt15.js s=200 d=123µs s=15793
ERR Failed to add workspace submodule wsID=44644J7KG000 err="failed to add submodule 44644J7KG000: exit status 128\nOutput: Adding existing repo at '44644J7KG000' to the index\nfatal: Unable to create '/home/runner/work/mddb/mddb/data-e2e/.git/index.lock': File exists.\n\nAnother git process seems to be running in this repository, or the lock file may be stale\nfatal: Failed to add submodule '44644J7KG000'\n"
INF http m=GET p=/assets/fr-CgauyyXq.js s=200 d=75µs s=6301
ERR Failed to commit DB changes err="failed to stage db changes: exit status 128\nOutput: fatal: Unable to create '/home/runner/work/mddb/mddb/data-e2e/.git/index.lock': File exists.\n\nAnother git process seems to be running in this repository, or the lock file may be stale\n"
INF http m=POST p=/api/v1/organizations/44644IU36000/workspaces s=200 d=132ms s=300
ERR Failed to commit DB changes err="failed to stage db changes: exit status 128\nOutput: fatal: Unable to create '/home/runner/work/mddb/mddb/data-e2e/.git/index.lock': File exists.\n\nAnother git process seems to be running in this repository, or the lock file may be stale\n"
INF http m=POST p=/api/v1/auth/switch-workspace s=200 d=5.75ms s=610
INF http m=GET p=/assets/es-DHO8DnB9.js s=200 d=92µs s=6015
INF http m=GET p=/assets/emoji-groups-tsNE8Axz.js s=200 d=104µs s=13852
INF http m=GET p=/api/v1/workspaces/44644J7KG000/nodes/0/children s=200 d=621µs s=26
INF http m=GET p=/api/v1/workspaces/44644J7KG000/members s=200 d=9.53ms s=126
INF http m=GET p=/api/v1/notifications/unread-count s=200 d=17.4ms s=25
INF http m=GET p=/assets/de-qJeflSp6.js s=200 d=122µs s=6245
INF http m=GET p=/assets/WorkspaceSettingsPanel-CsUOm22X.css s=200 d=27µs s=1025
ERR Failed to commit DB changes err="failed to stage db changes: exit status 128\nOutput: fatal: Unable to create '/home/runner/work/mddb/mddb/data-e2e/.git/index.lock': File exists.\n\nAnother git process seems to be running in this repository, or the lock file may be stale\n"
INF http m=POST p=/api/v1/workspaces/44644J7KG000/nodes/0/page/create s=200 d=38.3ms s=35
INF http m=GET p=/api/v1/workspaces/44644J7KG000/nodes/0/children s=200 d=321µs s=313
INF http m=GET p=/assets/WorkspaceSettingsPanel-CM5oaFTF.js s=200 d=56µs s=4443
INF http m=GET p=/api/v1/workspaces/44644J7KG000/nodes/44644KH3O000 s=200 d=226µs s=245
INF http m=GET p=/assets/ServerSettingsPanel-pbgISWIv.css s=200 d=26µs s=596
ERR Failed to commit DB changes err="failed to stage db changes: exit status 128\nOutput: fatal: Unable to create '/home/runner/work/mddb/mddb/data-e2e/.git/index.lock': File exists.\n\nAnother git process seems to be running in this repository, or the lock file may be stale\n"
INF http m=POST p=/api/v1/workspaces/44644J7KG000/nodes/0/table/create s=200 d=31.2ms s=26
INF http m=GET p=/assets/ServerSettingsPanel-C8C6nm9a.js s=200 d=44µs s=2550
INF http m=GET p=/assets/Editor-5FlZhQpN.js s=200 d=58µs s=13509
INF http m=GET p=/assets/Editor-BYBWY7b1.css s=200 d=36µs s=2240
INF http m=GET p=/assets/ResourceQuotaForm-DTSj8Ta5.css s=200 d=22µs s=302
INF http m=GET p=/assets/ResourceQuotaForm-D6gJNn3N.js s=200 d=36µs s=812
ERR Failed to commit DB changes err="failed to stage db changes: exit status 128\nOutput: fatal: Unable to create '/home/runner/work/mddb/mddb/data-e2e/.git/index.lock': File exists.\n\nAnother git process seems to be running in this repository, or the lock file may be stale\n"
INF http m=POST p=/api/v1/auth/register s=200 d=132ms s=394
INF http m=GET p=/assets/ProfileSettings-rthGIjGN.js s=200 d=84µs s=4319
ERR Failed to commit DB changes err="failed to stage db changes: exit status 128\nOutput: fatal: Unable to create '/home/runner/work/mddb/mddb/data-e2e/.git/index.lock': File exists.\n\nAnother git process seems to be running in this repository, or the lock file may be stale\n"
INF http m=POST p=/api/v1/workspaces/44644J7KG000/nodes/44644KO0M000/table/records/create s=200 d=26.5ms s=26
INF http m=GET p=/assets/ProfileSettings-D5kbNfHV.css s=200 d=47µs s=1220
INF http m=GET p=/ s=200 d=40µs s=542
INF http m=GET p=/assets/OrgSettingsPanel-BP8s6T0h.css s=200 d=22µs s=511
INF http m=GET p=/w/@44644J7KG000+workspace/@44644KH3O000+welcome s=200 d=36µs s=542
INF http m=GET p=/assets/OrgSettingsPanel-B78NX7Vn.js s=200 d=34µs s=2302
INF http m=GET p=/assets/InviteForm-R7w4u6kW.js s=200 d=39µs s=1267
INF http m=GET p=/assets/InviteForm-CW-wgFWD.css s=200 d=36µs s=414
INF http m=GET p=/api/v1/workspaces/44644J7KG000/events s=200 d=148ms s=276
INF http m=GET p=/assets/index-SHhnYNGf.js s=200 d=140µs s=49792
INF http m=GET p=/assets/index-DPQ8uk7g.css s=200 d=108µs s=12402
INF http m=GET p=/registerSW.js s=200 d=29µs s=87
INF http m=GET p=/assets/AdminDashboard-R0heLGro.css s=200 d=18µs s=601
INF http m=GET p=/registerSW.js s=200 d=42µs s=87
INF http m=GET p=/assets/vendor-C3WBU0hm.js s=200 d=122µs s=29762
INF http m=GET p=/assets/editor-vendor-Bje_VwYD.js s=200 d=123µs s=117396
INF http m=GET p=/assets/AdminDashboard-D3Sw1IyX.js s=200 d=32µs s=2075
INF http m=GET p=/manifest.webmanifest s=200 d=25µs s=199
INF http m=GET p=/api/v1/auth/me s=200 d=236µs s=351
INF http m=GET p=/api/v1/notifications/unread-count s=200 d=167µs s=25
INF http m=GET p=/api/v1/workspaces/44644J7KG000/nodes/44644KH3O000 s=200 d=490µs s=245
INF http m=GET p=/api/v1/workspaces/44644J7KG000/members s=200 d=1.82ms s=126
INF http m=GET p=/api/v1/workspaces/44644J7KG000/nodes/0/children s=200 d=4.17ms s=313
INF http m=GET p=/api/v1/auth/me s=200 d=230µs s=167
INF http m=GET p=/assets/en-BOb8f2G7.js s=200 d=98µs s=5207
INF http m=GET p=/api/v1/notifications/unread-count s=200 d=335µs s=25
INF http m=GET p=/favicon.png s=200 d=34µs s=449
ERR Failed to commit DB changes err="failed to stage db changes: exit status 128\nOutput: fatal: Unable to create '/home/runner/work/mddb/mddb/data-e2e/.git/index.lock': File exists.\n\nAnother git process seems to be running in this repository, or the lock file may be stale\n"
INF http m=POST p=/api/v1/organizations s=200 d=5.85ms s=352
INF http m=GET p=/api/v1/workspaces/44644J7KG000/nodes/44644KO0M000 s=200 d=280µs s=176
INF http m=GET p=/sw.js s=200 d=139µs s=5540
INF http m=GET p=/api/v1/workspaces/44644J7KG000/nodes/44644KO0M000/table/records s=200 d=566µs s=104
INF http m=GET p=/api/v1/auth/me s=200 d=563µs s=253
INF http m=GET p=/registerSW.js s=200 d=37µs s=87
INF http m=GET p=/index.html s=200 d=38µs s=542
INF http m=GET p=/icon.svg s=200 d=32µs s=195
INF http m=GET p=/icon-512.png s=200 d=88µs s=6498
INF http m=GET p=/icon-192.png s=200 d=35µs s=2468
INF http m=GET p=/favicon.png s=200 d=30µs s=449
INF http m=GET p=/apple-touch-icon.png s=200 d=34µs s=2298
INF http m=GET p=/assets/material-symbols-names-mOXCVt15.js s=200 d=77µs s=15793
ERR Failed to add workspace submodule wsID=44644MJU6000 err="failed to add submodule 44644MJU6000: exit status 128\nOutput: Adding existing repo at '44644MJU6000' to the index\nfatal: Unable to create '/home/runner/work/mddb/mddb/data-e2e/.git/index.lock': File exists.\n\nAnother git process seems to be running in this repository, or the lock file may be stale\nfatal: Failed to add submodule '44644MJU6000'\n"
ERR Failed to commit DB changes err="failed to stage db changes: exit status 128\nOutput: fatal: Unable to create '/home/runner/work/mddb/mddb/data-e2e/.git/index.lock': File exists.\n\nAnother git process seems to be running in this repository, or the lock file may be stale\n"
INF http m=POST p=/api/v1/organizations/44644MAR4000/workspaces s=200 d=81.7ms s=301
ERR Failed to commit DB changes err="failed to stage db changes: exit status 128\nOutput: fatal: Unable to create '/home/runner/work/mddb/mddb/data-e2e/.git/index.lock': File exists.\n\nAnother git process seems to be running in this repository, or the lock file may be stale\n"
INF http m=POST p=/api/v1/auth/switch-workspace s=200 d=4.89ms s=601
INF http m=GET p=/assets/fr-CgauyyXq.js s=200 d=73µs s=6301
INF http m=GET p=/api/v1/notifications/unread-count s=200 d=218µs s=25
INF http m=GET p=/api/v1/workspaces/44644MJU6000/nodes/0/children s=200 d=234µs s=26
INF http m=GET p=/api/v1/workspaces/44644MJU6000/members s=200 d=129µs s=117
INF http m=GET p=/api/v1/workspaces/44644J7KG000/events s=200 d=242ms s=93
INF http m=GET p=/assets/es-DHO8DnB9.js s=200 d=109µs s=6015
INF http m=GET p=/assets/emoji-groups-tsNE8Axz.js s=200 d=117µs s=13852
ERR Failed to commit DB changes err="failed to stage db changes: exit status 128\nOutput: fatal: Unable to create '/home/runner/work/mddb/mddb/data-e2e/.git/index.lock': File exists.\n\nAnother git process seems to be running in this repository, or the lock file may be stale\n"
INF http m=POST p=/api/v1/workspaces/44644MJU6000/nodes/0/page/create s=200 d=47.8ms s=35
INF http m=GET p=/api/v1/workspaces/44644MJU6000/nodes/0/children s=200 d=237µs s=257
INF http m=GET p=/api/v1/workspaces/44644MJU6000/nodes/44644NE7M000 s=200 d=293µs s=245
INF http m=GET p=/assets/Editor-BYBWY7b1.css s=200 d=61µs s=2240
INF http m=GET p=/assets/Editor-5FlZhQpN.js s=200 d=91µs s=13509
INF http m=GET p=/assets/de-qJeflSp6.js s=200 d=65µs s=6245
INF http m=GET p=/assets/WorkspaceSettingsPanel-CsUOm22X.css s=200 d=44µs s=1025
INF http m=GET p=/assets/WorkspaceSettingsPanel-CM5oaFTF.js s=200 d=97µs s=4443
INF http m=GET p=/assets/ServerSettingsPanel-pbgISWIv.css s=200 d=37µs s=596
INF http m=GET p=/assets/ServerSettingsPanel-C8C6nm9a.js s=200 d=51µs s=2550
ERR Failed to commit DB changes err="failed to stage db changes: exit status 128\nOutput: fatal: Unable to create '/home/runner/work/mddb/mddb/data-e2e/.git/index.lock': File exists.\n\nAnother git process seems to be running in this repository, or the lock file may be stale\n"
INF http m=POST p=/api/v1/workspaces/44644MJU6000/nodes/0/table/create s=200 d=48.1ms s=26
INF http m=GET p=/assets/ResourceQuotaForm-DTSj8Ta5.css s=200 d=31µs s=302
INF http m=GET p=/assets/ResourceQuotaForm-D6gJNn3N.js s=200 d=27µs s=812
INF http m=GET p=/assets/ProfileSettings-rthGIjGN.js s=200 d=62µs s=4319
ERR Failed to commit DB changes err="failed to stage db changes: exit status 128\nOutput: fatal: Unable to create '/home/runner/work/mddb/mddb/data-e2e/.git/index.lock': File exists.\n\nAnother git process seems to be running in this repository, or the lock file may be stale\n"
INF http m=POST p=/api/v1/workspaces/44644MJU6000/nodes/44644O5N6000/table/records/create s=200 d=19.2ms s=26
INF http m=GET p=/assets/ProfileSettings-D5kbNfHV.css s=200 d=54µs s=1220
INF http m=GET p=/w/@44644MJU6000+workspace/@44644NE7M000+welcome s=200 d=281µs s=542
INF http m=GET p=/assets/OrgSettingsPanel-BP8s6T0h.css s=200 d=118µs s=511
INF http m=GET p=/api/v1/workspaces/44644MJU6000/events s=200 d=207ms s=279
INF http m=GET p=/registerSW.js s=200 d=36µs s=87
INF http m=GET p=/assets/OrgSettingsPanel-B78NX7Vn.js s=200 d=37µs s=2302
INF http m=GET p=/assets/InviteForm-R7w4u6kW.js s=200 d=42µs s=1267
INF http m=GET p=/assets/InviteForm-CW-wgFWD.css s=200 d=34µs s=414
ERR Failed to commit DB changes err="failed to stage db changes: exit status 128\nOutput: fatal: Unable to create '/home/runner/work/mddb/mddb/data-e2e/.git/index.lock': File exists.\n\nAnother git process seems to be running in this repository, or the lock file may be stale\n"
INF http m=POST p=/api/v1/auth/register s=200 d=116ms s=388
INF http m=GET p=/assets/AdminDashboard-R0heLGro.css s=200 d=40µs s=601
INF http m=GET p=/api/v1/auth/me s=200 d=586µs s=354
INF http m=GET p=/ s=200 d=58µs s=542
INF http m=GET p=/assets/AdminDashboard-D3Sw1IyX.js s=200 d=79µs s=2075
INF http m=GET p=/manifest.webmanifest s=200 d=36µs s=199
INF http m=GET p=/assets/index-SHhnYNGf.js s=200 d=135µs s=49792
INF http m=GET p=/assets/index-DPQ8uk7g.css s=200 d=107µs s=12402
INF http m=GET p=/registerSW.js s=200 d=42µs s=87
INF http m=GET p=/assets/vendor-C3WBU0hm.js s=200 d=80µs s=29762
INF http m=GET p=/assets/editor-vendor-Bje_VwYD.js s=200 d=150µs s=117396
INF http m=GET p=/api/v1/notifications/unread-count s=200 d=190µs s=25
INF http m=GET p=/api/v1/workspaces/44644MJU6000/nodes/0/children s=200 d=2.28ms s=316
INF http m=GET p=/api/v1/workspaces/44644MJU6000/members s=200 d=1.87ms s=117
INF http m=GET p=/api/v1/workspaces/44644MJU6000/nodes/44644NE7M000 s=200 d=3.57ms s=245
INF http m=GET p=/api/v1/workspaces/44644MJU6000/nodes/44644O5N6000 s=200 d=381µs s=181
INF http m=GET p=/api/v1/workspaces/44644MJU6000/nodes/44644O5N6000/table/records s=200 d=368µs s=103
INF http m=GET p=/api/v1/auth/me s=200 d=360µs s=166
INF http m=GET p=/assets/en-BOb8f2G7.js s=200 d=92µs s=5207
INF http m=GET p=/favicon.png s=200 d=40µs s=449
INF http m=GET p=/sw.js s=200 d=52µs s=5540
INF http m=GET p=/api/v1/notifications/unread-count s=200 d=272µs s=25
ERR Failed to commit DB changes err="failed to stage db changes: exit status 128\nOutput: fatal: Unable to create '/home/runner/work/mddb/mddb/data-e2e/.git/index.lock': File exists.\n\nAnother git process seems to be running in this repository, or the lock file may be stale\n"
INF http m=POST p=/api/v1/organizations s=200 d=10.4ms s=351
INF http m=GET p=/registerSW.js s=200 d=39µs s=87
INF http m=GET p=/api/v1/auth/me s=200 d=399µs s=251
INF http m=GET p=/index.html s=200 d=35µs s=542
INF http m=GET p=/icon.svg s=200 d=29µs s=195
INF http m=GET p=/icon-512.png s=200 d=65µs s=6498
INF http m=GET p=/icon-192.png s=200 d=45µs s=2468
INF http m=GET p=/favicon.png s=200 d=41µs s=449
INF http m=GET p=/apple-touch-icon.png s=200 d=58µs s=2298
INF http m=GET p=/assets/material-symbols-names-mOXCVt15.js s=200 d=100µs s=15793
INF http m=GET p=/api/v1/workspaces/44644MJU6000/events s=200 d=245ms s=93
ERR Failed to add workspace submodule wsID=44644QDOM000 err="failed to add submodule 44644QDOM000: exit status 128\nOutput: Adding existing repo at '44644QDOM000' to the index\nfatal: Unable to create '/home/runner/work/mddb/mddb/data-e2e/.git/index.lock': File exists.\n\nAnother git process seems to be running in this repository, or the lock file may be stale\nfatal: Failed to add submodule '44644QDOM000'\n"
ERR Failed to commit DB changes err="failed to stage db changes: exit status 128\nOutput: fatal: Unable to create '/home/runner/work/mddb/mddb/data-e2e/.git/index.lock': File exists.\n\nAnother git process seems to be running in this repository, or the lock file may be stale\n"
INF http m=POST p=/api/v1/organizations/44644Q8OG000/workspaces s=200 d=100ms s=302
ERR Failed to commit DB changes err="failed to stage db changes: exit status 128\nOutput: fatal: Unable to create '/home/runner/work/mddb/mddb/data-e2e/.git/index.lock': File exists.\n\nAnother git process seems to be running in this repository, or the lock file may be stale\n"
INF http m=POST p=/api/v1/auth/switch-workspace s=200 d=9.67ms s=575
INF http m=GET p=/assets/fr-CgauyyXq.js s=200 d=156µs s=6301
INF http m=GET p=/assets/es-DHO8DnB9.js s=200 d=83µs s=6015
INF http m=GET p=/api/v1/notifications/unread-count s=200 d=3.21ms s=25
INF http m=GET p=/api/v1/workspaces/44644QDOM000/members s=200 d=388µs s=128
INF http m=GET p=/api/v1/workspaces/44644QDOM000/nodes/0/children s=200 d=3.49ms s=26
INF http m=GET p=/assets/emoji-groups-tsNE8Axz.js s=200 d=119µs s=13852
ERR Failed to commit DB changes err="failed to stage db changes: exit status 128\nOutput: fatal: Unable to create '/home/runner/work/mddb/mddb/data-e2e/.git/index.lock': File exists.\n\nAnother git process seems to be running in this repository, or the lock file may be stale\n"
INF http m=POST p=/api/v1/workspaces/44644QDOM000/nodes/0/page/create s=200 d=24.1ms s=35
INF http m=GET p=/api/v1/workspaces/44644QDOM000/nodes/0/children s=200 d=772µs s=257
INF http m=GET p=/api/v1/workspaces/44644QDOM000/nodes/44644REN8000 s=200 d=778µs s=245
INF http m=GET p=/assets/Editor-5FlZhQpN.js s=200 d=146µs s=13509
INF http m=GET p=/assets/Editor-BYBWY7b1.css s=200 d=53µs s=2240
INF http m=GET p=/assets/de-qJeflSp6.js s=200 d=79µs s=6245
ERR Failed to commit DB changes err="failed to stage db changes: exit status 128\nOutput: fatal: Unable to create '/home/runner/work/mddb/mddb/data-e2e/.git/index.lock': File exists.\n\nAnother git process seems to be running in this repository, or the lock file may be stale\n"
INF http m=POST p=/api/v1/workspaces/44644QDOM000/nodes/0/table/create s=200 d=45ms s=26
INF http m=GET p=/assets/WorkspaceSettingsPanel-CsUOm22X.css s=200 d=41µs s=1025
INF http m=GET p=/assets/WorkspaceSettingsPanel-CM5oaFTF.js s=200 d=70µs s=4443
INF http m=GET p=/assets/ServerSettingsPanel-pbgISWIv.css s=200 d=43µs s=596
INF http m=GET p=/assets/ServerSettingsPanel-C8C6nm9a.js s=200 d=57µs s=2550
INF http m=GET p=/assets/ResourceQuotaForm-DTSj8Ta5.css s=200 d=32µs s=302
ERR Failed to commit DB changes err="failed to stage db changes: exit status 128\nOutput: fatal: Unable to create '/home/runner/work/mddb/mddb/data-e2e/.git/index.lock': File exists.\n\nAnother git process seems to be running in this repository, or the lock file may be stale\n"
INF http m=POST p=/api/v1/workspaces/44644QDOM000/nodes/44644RQ66000/table/records/create s=200 d=44.8ms s=26
INF http m=GET p=/assets/ResourceQuotaForm-D6gJNn3N.js s=200 d=37µs s=812
INF http m=GET p=/w/@44644QDOM000+workspace/@44644REN8000+welcome s=200 d=38µs s=542
INF http m=GET p=/assets/ProfileSettings-rthGIjGN.js s=200 d=61µs s=4319
INF http m=GET p=/api/v1/workspaces/44644QDOM000/events s=200 d=188ms s=279
INF http m=GET p=/assets/ProfileSettings-D5kbNfHV.css s=200 d=58µs s=1220
INF http m=GET p=/registerSW.js s=200 d=37µs s=87
INF http m=GET p=/assets/OrgSettingsPanel-BP8s6T0h.css s=200 d=41µs s=511
INF http m=GET p=/assets/OrgSettingsPanel-B78NX7Vn.js s=200 d=106µs s=2302
INF http m=GET p=/assets/InviteForm-R7w4u6kW.js s=200 d=43µs s=1267
INF http m=GET p=/api/v1/auth/me s=200 d=540µs s=352
INF http m=GET p=/assets/InviteForm-CW-wgFWD.css s=200 d=40µs s=414
ERR Failed to commit DB changes err="failed to stage db changes: exit status 128\nOutput: fatal: Unable to create '/home/runner/work/mddb/mddb/data-e2e/.git/index.lock': File exists.\n\nAnother git process seems to be running in this repository, or the lock file may be stale\n"
INF http m=POST p=/api/v1/auth/register s=200 d=99.6ms s=392
INF http m=GET p=/assets/AdminDashboard-R0heLGro.css s=200 d=44µs s=601
INF http m=GET p=/ s=200 d=57µs s=542
INF http m=GET p=/assets/AdminDashboard-D3Sw1IyX.js s=200 d=43µs s=2075
INF http m=GET p=/manifest.webmanifest s=200 d=26µs s=199
INF http m=GET p=/api/v1/notifications/unread-count s=200 d=147µs s=25
INF http m=GET p=/api/v1/workspaces/44644QDOM000/nodes/0/children s=200 d=665µs s=316
INF http m=GET p=/api/v1/workspaces/44644QDOM000/nodes/44644REN8000 s=200 d=485µs s=245
INF http m=GET p=/api/v1/workspaces/44644QDOM000/members s=200 d=4.36ms s=128
INF http m=GET p=/assets/index-SHhnYNGf.js s=200 d=166µs s=49792
INF http m=GET p=/assets/index-DPQ8uk7g.css s=200 d=111µs s=12402
INF http m=GET p=/assets/editor-vendor-Bje_VwYD.js s=200 d=143µs s=117396
INF http m=GET p=/assets/vendor-C3WBU0hm.js s=200 d=102µs s=29762
INF http m=GET p=/registerSW.js s=200 d=32µs s=87
INF http m=GET p=/api/v1/workspaces/44644QDOM000/nodes/44644RQ66000 s=200 d=544µs s=176
INF http m=GET p=/api/v1/workspaces/44644QDOM000/nodes/44644RQ66000/table/records s=200 d=606µs s=103
INF http m=GET p=/api/v1/auth/me s=200 d=341µs s=164
INF http m=GET p=/assets/en-BOb8f2G7.js s=200 d=59µs s=5207
INF http m=GET p=/favicon.png s=200 d=26µs s=449
INF http m=GET p=/sw.js s=200 d=76µs s=5540
INF http m=GET p=/api/v1/notifications/unread-count s=200 d=329µs s=25
ERR Failed to commit DB changes err="failed to stage db changes: exit status 128\nOutput: fatal: Unable to create '/home/runner/work/mddb/mddb/data-e2e/.git/index.lock': File exists.\n\nAnother git process seems to be running in this repository, or the lock file may be stale\n"
INF http m=POST p=/api/v1/organizations s=200 d=8.4ms s=351
INF http m=GET p=/api/v1/auth/me s=200 d=668µs s=249
INF http m=GET p=/registerSW.js s=200 d=38µs s=87
INF http m=GET p=/index.html s=200 d=27µs s=542
INF http m=GET p=/icon.svg s=200 d=31µs s=195
INF http m=GET p=/icon-512.png s=200 d=73µs s=6498
INF http m=GET p=/icon-192.png s=200 d=49µs s=2468
INF http m=GET p=/favicon.png s=200 d=39µs s=449
INF http m=GET p=/apple-touch-icon.png s=200 d=52µs s=2298
INF http m=GET p=/assets/material-symbols-names-mOXCVt15.js s=200 d=93µs s=15793
INF http m=GET p=/assets/fr-CgauyyXq.js s=200 d=91µs s=6301
INF http m=GET p=/assets/es-DHO8DnB9.js s=200 d=99µs s=6015
INF http m=GET p=/api/v1/workspaces/44644QDOM000/events s=200 d=305ms s=93
INF http m=GET p=/assets/emoji-groups-tsNE8Axz.js s=200 d=100µs s=13852
ERR Failed to add workspace submodule wsID=44644UFBQ000 err="failed to add submodule 44644UFBQ000: exit status 128\nOutput: Adding existing repo at '44644UFBQ000' to the index\nfatal: Unable to create '/home/runner/work/mddb/mddb/data-e2e/.git/index.lock': File exists.\n\nAnother git process seems to be running in this repository, or the lock file may be stale\nfatal: Failed to add submodule '44644UFBQ000'\n"
ERR Failed to commit DB changes err="failed to stage db changes: exit status 128\nOutput: fatal: Unable to create '/home/runner/work/mddb/mddb/data-e2e/.git/index.lock': File exists.\n\nAnother git process seems to be running in this repository, or the lock file may be stale\n"
INF http m=POST p=/api/v1/organizations/44644U8JK000/workspaces s=200 d=120ms s=302
ERR Failed to commit DB changes err="failed to stage db changes: exit status 128\nOutput: fatal: Unable to create '/home/runner/work/mddb/mddb/data-e2e/.git/index.lock': File exists.\n\nAnother git process seems to be running in this repository, or the lock file may be stale\n"
INF http m=POST p=/api/v1/auth/switch-workspace s=200 d=8.97ms s=575
INF http m=GET p=/api/v1/workspaces/44644UFBQ000/members s=200 d=215µs s=128
INF http m=GET p=/api/v1/workspaces/44644UFBQ000/nodes/0/children s=200 d=23.8ms s=26
INF http m=GET p=/api/v1/notifications/unread-count s=200 d=141µs s=25
INF http m=GET p=/assets/de-qJeflSp6.js s=200 d=79µs s=6245
INF http m=GET p=/assets/WorkspaceSettingsPanel-CsUOm22X.css s=200 d=45µs s=1025
INF http m=GET p=/assets/WorkspaceSettingsPanel-CM5oaFTF.js s=200 d=60µs s=4443
ERR Failed to commit DB changes err="failed to stage db changes: exit status 128\nOutput: fatal: Unable to create '/home/runner/work/mddb/mddb/data-e2e/.git/index.lock': File exists.\n\nAnother git process seems to be running in this repository, or the lock file may be stale\n"
INF http m=POST p=/api/v1/workspaces/44644UFBQ000/nodes/0/page/create s=200 d=37ms s=35
INF http m=GET p=/assets/ServerSettingsPanel-pbgISWIv.css s=200 d=59µs s=596
INF http m=GET p=/api/v1/workspaces/44644UFBQ000/nodes/0/children s=200 d=296µs s=306
INF http m=GET p=/assets/ServerSettingsPanel-C8C6nm9a.js s=200 d=35µs s=2550
INF http m=GET p=/api/v1/workspaces/44644UFBQ000/nodes/44644VHUS000 s=200 d=259µs s=245
INF http m=GET p=/assets/ResourceQuotaForm-DTSj8Ta5.css s=200 d=43µs s=302
INF http m=GET p=/assets/Editor-BYBWY7b1.css s=200 d=62µs s=2240
INF http m=GET p=/assets/Editor-5FlZhQpN.js s=200 d=100µs s=13509
INF http m=GET p=/assets/ResourceQuotaForm-D6gJNn3N.js s=200 d=43µs s=812
ERR Failed to commit DB changes err="failed to stage db changes: exit status 128\nOutput: fatal: Unable to create '/home/runner/work/mddb/mddb/data-e2e/.git/index.lock': File exists.\n\nAnother git process seems to be running in this repository, or the lock file may be stale\n"
INF http m=POST p=/api/v1/workspaces/44644UFBQ000/nodes/0/table/create s=200 d=43.6ms s=26
INF http m=GET p=/assets/ProfileSettings-rthGIjGN.js s=200 d=95µs s=4319
INF http m=GET p=/assets/ProfileSettings-D5kbNfHV.css s=200 d=42µs s=1220
INF http m=GET p=/assets/OrgSettingsPanel-BP8s6T0h.css s=200 d=32µs s=511
INF http m=GET p=/assets/OrgSettingsPanel-B78NX7Vn.js s=200 d=64µs s=2302
INF http m=GET p=/assets/InviteForm-R7w4u6kW.js s=200 d=38µs s=1267
INF http m=GET p=/assets/InviteForm-CW-wgFWD.css s=200 d=167µs s=414
ERR Failed to commit DB changes err="failed to stage db changes: exit status 128\nOutput: fatal: Unable to create '/home/runner/work/mddb/mddb/data-e2e/.git/index.lock': File exists.\n\nAnother git process seems to be running in this repository, or the lock file may be stale\n"
INF http m=POST p=/api/v1/workspaces/44644UFBQ000/nodes/44644VOKM000/table/records/create s=200 d=55ms s=26
INF http m=GET p=/w/@44644UFBQ000+workspace/@44644VHUS000+welcome s=200 d=42µs s=542
INF http m=GET p=/assets/AdminDashboard-R0heLGro.css s=200 d=36µs s=601
INF http m=GET p=/api/v1/workspaces/44644UFBQ000/events s=200 d=188ms s=283
INF http m=GET p=/registerSW.js s=200 d=29µs s=87
INF http m=GET p=/assets/AdminDashboard-D3Sw1IyX.js s=200 d=39µs s=2075
ERR Failed to commit DB changes err="failed to stage db changes: exit status 128\nOutput: fatal: Unable to create '/home/runner/work/mddb/mddb/data-e2e/.git/index.lock': File exists.\n\nAnother git process seems to be running in this repository, or the lock file may be stale\n"
INF http m=POST p=/api/v1/auth/register s=200 d=81.6ms s=395
INF http m=GET p=/ s=200 d=180µs s=542
INF http m=GET p=/manifest.webmanifest s=200 d=30µs s=199
INF http m=GET p=/api/v1/auth/me s=200 d=246µs s=351
INF http m=GET p=/assets/index-SHhnYNGf.js s=200 d=144µs s=49792
INF http m=GET p=/assets/vendor-C3WBU0hm.js s=200 d=84µs s=29762
INF http m=GET p=/assets/editor-vendor-Bje_VwYD.js s=200 d=109µs s=117396
INF http m=GET p=/assets/index-DPQ8uk7g.css s=200 d=69µs s=12402
INF http m=GET p=/registerSW.js s=200 d=30µs s=87
INF http m=GET p=/api/v1/workspaces/44644UFBQ000/nodes/44644VHUS000 s=200 d=302µs s=245
INF http m=GET p=/api/v1/workspaces/44644UFBQ000/members s=200 d=604µs s=128
INF http m=GET p=/api/v1/workspaces/44644UFBQ000/nodes/0/children s=200 d=642µs s=306
INF http m=GET p=/api/v1/notifications/unread-count s=200 d=4.46ms s=25
INF http m=GET p=/api/v1/auth/me s=200 d=995µs s=165
INF http m=GET p=/assets/en-BOb8f2G7.js s=200 d=129µs s=5207
INF http m=GET p=/api/v1/workspaces/44644UFBQ000/nodes/44644VOKM000 s=200 d=363µs s=166
INF http m=GET p=/api/v1/notifications/unread-count s=200 d=169µs s=25
INF http m=GET p=/favicon.png s=200 d=36µs s=449
INF http m=GET p=/sw.js s=200 d=92µs s=5540
ERR Failed to commit DB changes err="failed to stage db changes: exit status 128\nOutput: fatal: Unable to create '/home/runner/work/mddb/mddb/data-e2e/.git/index.lock': File exists.\n\nAnother git process seems to be running in this repository, or the lock file may be stale\n"
INF http m=POST p=/api/v1/organizations s=200 d=8.45ms s=351
INF http m=GET p=/api/v1/workspaces/44644UFBQ000/nodes/44644VOKM000/table/records s=200 d=286µs s=104
INF http m=GET p=/registerSW.js s=200 d=41µs s=87
INF http m=GET p=/api/v1/auth/me s=200 d=229µs s=253
INF http m=GET p=/index.html s=200 d=35µs s=542
INF http m=GET p=/api/v1/workspaces/44644UFBQ000/events s=200 d=162ms s=93
INF http m=GET p=/icon.svg s=200 d=36µs s=195
INF http m=GET p=/icon-512.png s=200 d=584µs s=6498
INF http m=GET p=/icon-192.png s=200 d=54µs s=2468
INF http m=GET p=/favicon.png s=200 d=36µs s=449
INF http m=GET p=/apple-touch-icon.png s=200 d=60µs s=2298
INF http m=GET p=/assets/material-symbols-names-mOXCVt15.js s=200 d=124µs s=15793
ERR Failed to add workspace submodule wsID=4464520QK000 err="failed to add submodule 4464520QK000: exit status 128\nOutput: Adding existing repo at '4464520QK000' to the index\nfatal: Unable to create '/home/runner/work/mddb/mddb/data-e2e/.git/index.lock': File exists.\n\nAnother git process seems to be running in this repository, or the lock file may be stale\nfatal: Failed to add submodule '4464520QK000'\n"
ERR Failed to commit DB changes err="failed to stage db changes: exit status 128\nOutput: fatal: Unable to create '/home/runner/work/mddb/mddb/data-e2e/.git/index.lock': File exists.\n\nAnother git process seems to be running in this repository, or the lock file may be stale\n"
INF http m=POST p=/api/v1/organizations/446451KSG000/workspaces s=200 d=116ms s=299
ERR Failed to commit DB changes err="failed to stage db changes: exit status 128\nOutput: fatal: Unable to create '/home/runner/work/mddb/mddb/data-e2e/.git/index.lock': File exists.\n\nAnother git process seems to be running in this repository, or the lock file may be stale\n"
INF http m=POST p=/api/v1/auth/switch-workspace s=200 d=11.7ms s=621
INF http m=GET p=/assets/fr-CgauyyXq.js s=200 d=78µs s=6301
INF http m=GET p=/assets/es-DHO8DnB9.js s=200 d=5.1ms s=6015
INF http m=GET p=/api/v1/workspaces/4464520QK000/nodes/0/children s=200 d=11.7ms s=26
INF http m=GET p=/api/v1/notifications/unread-count s=200 d=7.72ms s=25
INF http m=GET p=/api/v1/workspaces/4464520QK000/members s=200 d=5.06ms s=126
INF http m=GET p=/assets/emoji-groups-tsNE8Axz.js s=200 d=135µs s=13852
ERR Failed to commit DB changes err="failed to stage db changes: exit status 128\nOutput: fatal: Unable to create '/home/runner/work/mddb/mddb/data-e2e/.git/index.lock': File exists.\n\nAnother git process seems to be running in this repository, or the lock file may be stale\n"
INF http m=POST p=/api/v1/workspaces/4464520QK000/nodes/0/page/create s=200 d=40.5ms s=35
ERR Failed to commit DB changes err="failed to stage db changes: exit status 128\nOutput: fatal: Unable to create '/home/runner/work/mddb/mddb/data-e2e/.git/index.lock': File exists.\n\nAnother git process seems to be running in this repository, or the lock file may be stale\n"
INF http m=POST p=/api/v1/workspaces/4464520QK000/nodes/0/table/create s=200 d=38.4ms s=26
INF http m=GET p=/api/v1/workspaces/4464520QK000/nodes/0/children s=200 d=369µs s=314
INF http m=GET p=/api/v1/workspaces/4464520QK000/nodes/446453C7E000 s=200 d=179µs s=245
INF http m=GET p=/assets/de-qJeflSp6.js s=200 d=78µs s=6245
INF http m=GET p=/assets/Editor-5FlZhQpN.js s=200 d=394µs s=13509
INF http m=GET p=/assets/Editor-BYBWY7b1.css s=200 d=955µs s=2240
INF http m=GET p=/assets/WorkspaceSettingsPanel-CsUOm22X.css s=200 d=40µs s=1025
INF http m=GET p=/assets/WorkspaceSettingsPanel-CM5oaFTF.js s=200 d=52µs s=4443
ERR Failed to commit DB changes err="failed to stage db changes: exit status 128\nOutput: fatal: Unable to create '/home/runner/work/mddb/mddb/data-e2e/.git/index.lock': File exists.\n\nAnother git process seems to be running in this repository, or the lock file may be stale\n"
INF http m=POST p=/api/v1/workspaces/4464520QK000/nodes/446453HJC000/table/records/create s=200 d=41.5ms s=26
INF http m=GET p=/assets/ServerSettingsPanel-pbgISWIv.css s=200 d=28µs s=596
INF http m=GET p=/assets/ServerSettingsPanel-C8C6nm9a.js s=200 d=44µs s=2550
INF http m=GET p=/w/@4464520QK000+workspace/@446453C7E000+welcome s=200 d=28µs s=542
INF http m=GET p=/assets/ResourceQuotaForm-DTSj8Ta5.css s=200 d=29µs s=302
INF http m=GET p=/assets/ResourceQuotaForm-D6gJNn3N.js s=200 d=41µs s=812
INF http m=GET p=/api/v1/workspaces/4464520QK000/events s=200 d=178ms s=277
INF http m=GET p=/registerSW.js s=200 d=26µs s=87
INF http m=GET p=/assets/ProfileSettings-rthGIjGN.js s=200 d=95µs s=4319
INF http m=GET p=/assets/ProfileSettings-D5kbNfHV.css s=200 d=37µs s=1220
ERR Failed to commit DB changes err="failed to stage db changes: exit status 128\nOutput: fatal: Unable to create '/home/runner/work/mddb/mddb/data-e2e/.git/index.lock': File exists.\n\nAnother git process seems to be running in this repository, or the lock file may be stale\n"
INF http m=POST p=/api/v1/auth/register s=200 d=144ms s=395
INF http m=GET p=/assets/OrgSettingsPanel-BP8s6T0h.css s=200 d=36µs s=511
INF http m=GET p=/ s=200 d=44µs s=542
INF http m=GET p=/assets/OrgSettingsPanel-B78NX7Vn.js s=200 d=35µs s=2302
INF http m=GET p=/api/v1/auth/me s=200 d=250µs s=355
INF http m=GET p=/assets/InviteForm-R7w4u6kW.js s=200 d=36µs s=1267
INF http m=GET p=/assets/InviteForm-CW-wgFWD.css s=200 d=40µs s=414
INF http m=GET p=/assets/editor-vendor-Bje_VwYD.js s=200 d=154µs s=117396
INF http m=GET p=/assets/index-DPQ8uk7g.css s=200 d=214µs s=12402
INF http m=GET p=/assets/index-SHhnYNGf.js s=200 d=67µs s=49792
INF http m=GET p=/assets/vendor-C3WBU0hm.js s=200 d=90µs s=29762
INF http m=GET p=/registerSW.js s=200 d=28µs s=87
INF http m=GET p=/assets/AdminDashboard-R0heLGro.css s=200 d=42µs s=601
INF http m=GET p=/assets/AdminDashboard-D3Sw1IyX.js s=200 d=66µs s=2075
INF http m=GET p=/api/v1/workspaces/4464520QK000/nodes/446453C7E000 s=200 d=401µs s=245
INF http m=GET p=/api/v1/workspaces/4464520QK000/members s=200 d=197µs s=126
INF http m=GET p=/api/v1/workspaces/4464520QK000/nodes/0/children s=200 d=366µs s=314
INF http m=GET p=/manifest.webmanifest s=200 d=142µs s=199
INF http m=GET p=/api/v1/notifications/unread-count s=200 d=12.4ms s=25
INF http m=GET p=/api/v1/workspaces/4464520QK000/nodes/446453HJC000 s=200 d=405µs s=176
INF http m=GET p=/assets/en-BOb8f2G7.js s=200 d=78µs s=5207
INF http m=GET p=/api/v1/auth/me s=200 d=126µs s=162
INF http m=GET p=/api/v1/notifications/unread-count s=200 d=179µs s=25
INF http m=GET p=/api/v1/workspaces/4464520QK000/nodes/446453HJC000/table/records s=200 d=238µs s=100
INF http m=GET p=/sw.js s=200 d=68µs s=5540
ERR Failed to commit DB changes err="failed to stage db changes: exit status 128\nOutput: fatal: Unable to create '/home/runner/work/mddb/mddb/data-e2e/.git/index.lock': File exists.\n\nAnother git process seems to be running in this repository, or the lock file may be stale\n"
INF http m=POST p=/api/v1/organizations s=200 d=8.59ms s=350
INF http m=GET p=/favicon.png s=200 d=32µs s=449
INF http m=GET p=/api/v1/auth/me s=200 d=240µs s=250
INF http m=GET p=/registerSW.js s=200 d=31µs s=87
INF http m=GET p=/index.html s=200 d=35µs s=542
INF http m=GET p=/icon.svg s=200 d=27µs s=195
INF http m=GET p=/icon-512.png s=200 d=70µs s=6498
INF http m=GET p=/icon-192.png s=200 d=45µs s=2468
INF http m=GET p=/favicon.png s=200 d=34µs s=449
INF http m=GET p=/apple-touch-icon.png s=200 d=47µs s=2298
INF http m=GET p=/assets/material-symbols-names-mOXCVt15.js s=200 d=89µs s=15793
INF http m=GET p=/api/v1/workspaces/4464520QK000/nodes/446453HJC000/table/records/446453L54000 s=200 d=231µs s=101
INF http m=GET p=/assets/fr-CgauyyXq.js s=200 d=62µs s=6301
INF http m=GET p=/assets/es-DHO8DnB9.js s=200 d=69µs s=6015
ERR Failed to add workspace submodule wsID=446455LQA000 err="failed to add submodule 446455LQA000: exit status 128\nOutput: Adding existing repo at '446455LQA000' to the index\nfatal: Unable to create '/home/runner/work/mddb/mddb/data-e2e/.git/index.lock': File exists.\n\nAnother git process seems to be running in this repository, or the lock file may be stale\nfatal: Failed to add submodule '446455LQA000'\n"
ERR Failed to commit DB changes err="failed to stage db changes: exit status 128\nOutput: fatal: Unable to create '/home/runner/work/mddb/mddb/data-e2e/.git/index.lock': File exists.\n\nAnother git process seems to be running in this repository, or the lock file may be stale\n"
INF http m=POST p=/api/v1/organizations/446455E7A000/workspaces s=200 d=118ms s=296
INF http m=GET p=/assets/emoji-groups-tsNE8Axz.js s=200 d=181µs s=13852
ERR Failed to commit DB changes err="failed to stage db changes: exit status 128\nOutput: fatal: Unable to create '/home/runner/work/mddb/mddb/data-e2e/.git/index.lock': File exists.\n\nAnother git process seems to be running in this repository, or the lock file may be stale\n"
INF http m=POST p=/api/v1/workspaces/4464520QK000/nodes/446453HJC000/table/records/446453L54000 s=200 d=37.6ms s=35
INF http m=GET p=/api/v1/workspaces/4464520QK000/events s=200 d=264ms s=215
ERR Failed to commit DB changes err="failed to stage db changes: exit status 128\nOutput: fatal: Unable to create '/home/runner/work/mddb/mddb/data-e2e/.git/index.lock': File exists.\n\nAnother git process seems to be running in this repository, or the lock file may be stale\n"
INF http m=POST p=/api/v1/auth/switch-workspace s=200 d=8.44ms s=590
INF http m=GET p=/api/v1/notifications/unread-count s=200 d=169µs s=25
INF http m=GET p=/api/v1/workspaces/446455LQA000/nodes/0/children s=200 d=239µs s=26
INF http m=GET p=/api/v1/workspaces/446455LQA000/members s=200 d=103µs s=132
ERR Failed to commit DB changes err="failed to stage db changes: exit status 128\nOutput: fatal: Unable to create '/home/runner/work/mddb/mddb/data-e2e/.git/index.lock': File exists.\n\nAnother git process seems to be running in this repository, or the lock file may be stale\n"
INF http m=POST p=/api/v1/workspaces/446455LQA000/nodes/0/page/create s=200 d=21.6ms s=35
INF http m=GET p=/api/v1/workspaces/446455LQA000/nodes/0/children s=200 d=247µs s=257
INF http m=GET p=/api/v1/workspaces/446455LQA000/nodes/446456QAI000 s=200 d=2ms s=245
INF http m=GET p=/assets/de-qJeflSp6.js s=200 d=93µs s=6245
ERR Failed to commit DB changes err="failed to stage db changes: exit status 128\nOutput: fatal: Unable to create '/home/runner/work/mddb/mddb/data-e2e/.git/index.lock': File exists.\n\nAnother git process seems to be running in this repository, or the lock file may be stale\n"
INF http m=POST p=/api/v1/workspaces/446455LQA000/nodes/0/table/create s=200 d=24.9ms s=26
INF http m=GET p=/assets/Editor-5FlZhQpN.js s=200 d=75µs s=13509
INF http m=GET p=/assets/Editor-BYBWY7b1.css s=200 d=48µs s=2240
INF http m=GET p=/assets/WorkspaceSettingsPanel-CsUOm22X.css s=200 d=39µs s=1025
INF http m=GET p=/assets/WorkspaceSettingsPanel-CM5oaFTF.js s=200 d=80µs s=4443
ERR Failed to commit DB changes err="failed to stage db changes: exit status 128\nOutput: fatal: Unable to create '/home/runner/work/mddb/mddb/data-e2e/.git/index.lock': File exists.\n\nAnother git process seems to be running in this repository, or the lock file may be stale\n"
INF http m=POST p=/api/v1/workspaces/446455LQA000/nodes/446456VPE000/table/records/create s=200 d=29.6ms s=26
INF http m=GET p=/assets/ServerSettingsPanel-pbgISWIv.css s=200 d=41µs s=596
INF http m=GET p=/w/@446455LQA000+workspace/@446456QAI000+welcome s=200 d=27µs s=542
INF http m=GET p=/assets/ServerSettingsPanel-C8C6nm9a.js s=200 d=40µs s=2550
INF http m=GET p=/api/v1/workspaces/446455LQA000/events s=200 d=121ms s=274
INF http m=GET p=/assets/ResourceQuotaForm-DTSj8Ta5.css s=200 d=42µs s=302
INF http m=GET p=/registerSW.js s=200 d=37µs s=87
INF http m=GET p=/assets/ResourceQuotaForm-D6gJNn3N.js s=200 d=29µs s=812
INF http m=GET p=/assets/ProfileSettings-rthGIjGN.js s=200 d=70µs s=4319
INF http m=GET p=/assets/ProfileSettings-D5kbNfHV.css s=200 d=43µs s=1220
INF http m=GET p=/assets/OrgSettingsPanel-BP8s6T0h.css s=200 d=26µs s=511
INF http m=GET p=/api/v1/auth/me s=200 d=230µs s=365
INF http m=GET p=/assets/OrgSettingsPanel-B78NX7Vn.js s=200 d=43µs s=2302
INF http m=GET p=/assets/InviteForm-R7w4u6kW.js s=200 d=24µs s=1267
INF http m=GET p=/assets/InviteForm-CW-wgFWD.css s=200 d=44µs s=414
INF http m=GET p=/assets/AdminDashboard-R0heLGro.css s=200 d=41µs s=601
INF http m=GET p=/assets/AdminDashboard-D3Sw1IyX.js s=200 d=39µs s=2075
INF http m=GET p=/api/v1/notifications/unread-count s=200 d=150µs s=25
INF http m=GET p=/api/v1/workspaces/446455LQA000/nodes/446456QAI000 s=200 d=558µs s=245
INF http m=GET p=/api/v1/workspaces/446455LQA000/members s=200 d=381µs s=132
INF http m=GET p=/manifest.webmanifest s=200 d=31µs s=199
INF http m=GET p=/api/v1/workspaces/446455LQA000/nodes/0/children s=200 d=19.2ms s=313
ERR Failed to commit DB changes err="failed to stage db changes: exit status 128\nOutput: fatal: Unable to create '/home/runner/work/mddb/mddb/data-e2e/.git/index.lock': File exists.\n\nAnother git process seems to be running in this repository, or the lock file may be stale\n"
INF http m=POST p=/api/v1/auth/register s=200 d=90.7ms s=396
INF http m=GET p=/ s=200 d=62µs s=542
INF http m=GET p=/registerSW.js s=200 d=73µs s=87
INF http m=GET p=/assets/editor-vendor-Bje_VwYD.js s=200 d=139µs s=117396
INF http m=GET p=/assets/vendor-C3WBU0hm.js s=200 d=83µs s=29762
INF http m=GET p=/assets/index-DPQ8uk7g.css s=200 d=72µs s=12402
INF http m=GET p=/assets/index-SHhnYNGf.js s=200 d=77µs s=49792
INF http m=GET p=/api/v1/workspaces/446455LQA000/nodes/446456VPE000 s=200 d=464µs s=174
INF http m=GET p=/api/v1/workspaces/446455LQA000/nodes/446456VPE000/table/records s=200 d=311µs s=104
INF http m=GET p=/api/v1/auth/me s=200 d=213µs s=168
INF http m=GET p=/assets/en-BOb8f2G7.js s=200 d=62µs s=5207
INF http m=GET p=/api/v1/notifications/unread-count s=200 d=332µs s=25
INF http m=GET p=/favicon.png s=200 d=31µs s=449
ERR Failed to commit DB changes err="failed to stage db changes: exit status 128\nOutput: fatal: Unable to create '/home/runner/work/mddb/mddb/data-e2e/.git/index.lock': File exists.\n\nAnother git process seems to be running in this repository, or the lock file may be stale\n"
INF http m=POST p=/api/v1/organizations s=200 d=5.24ms s=352
INF http m=GET p=/api/v1/auth/me s=200 d=578µs s=251
INF http m=GET p=/sw.js s=200 d=83µs s=5540
INF http m=GET p=/registerSW.js s=200 d=37µs s=87
INF http m=GET p=/index.html s=200 d=35µs s=542
INF http m=GET p=/icon.svg s=200 d=25µs s=195
INF http m=GET p=/icon-512.png s=200 d=504µs s=6498
INF http m=GET p=/icon-192.png s=200 d=47µs s=2468
INF http m=GET p=/api/v1/workspaces/446455LQA000/events s=200 d=280ms s=93
INF http m=GET p=/favicon.png s=200 d=43µs s=449
INF http m=GET p=/apple-touch-icon.png s=200 d=56µs s=2298
ERR Failed to add workspace submodule wsID=446459JT2000 err="failed to add submodule 446459JT2000: exit status 128\nOutput: Adding existing repo at '446459JT2000' to the index\nfatal: Unable to create '/home/runner/work/mddb/mddb/data-e2e/.git/index.lock': File exists.\n\nAnother git process seems to be running in this repository, or the lock file may be stale\nfatal: Failed to add submodule '446459JT2000'\n"
ERR Failed to commit DB changes err="failed to stage db changes: exit status 128\nOutput: fatal: Unable to create '/home/runner/work/mddb/mddb/data-e2e/.git/index.lock': File exists.\n\nAnother git process seems to be running in this repository, or the lock file may be stale\n"
INF http m=GET p=/assets/material-symbols-names-mOXCVt15.js s=200 d=124µs s=15793
INF http m=POST p=/api/v1/organizations/446459B2Q000/workspaces s=200 d=111ms s=297
ERR Failed to commit DB changes err="failed to stage db changes: exit status 128\nOutput: fatal: Unable to create '/home/runner/work/mddb/mddb/data-e2e/.git/index.lock': File exists.\n\nAnother git process seems to be running in this repository, or the lock file may be stale\n"
INF http m=POST p=/api/v1/auth/switch-workspace s=200 d=8.67ms s=580
INF http m=GET p=/api/v1/workspaces/446459JT2000/nodes/0/children s=200 d=294µs s=26
INF http m=GET p=/assets/fr-CgauyyXq.js s=200 d=1.58ms s=6301
INF http m=GET p=/api/v1/workspaces/446459JT2000/members s=200 d=23.4ms s=132
INF http m=GET p=/api/v1/notifications/unread-count s=200 d=21.2ms s=25
INF http m=GET p=/assets/es-DHO8DnB9.js s=200 d=138µs s=6015
ERR Failed to commit DB changes err="failed to stage db changes: exit status 128\nOutput: fatal: Unable to create '/home/runner/work/mddb/mddb/data-e2e/.git/index.lock': File exists.\n\nAnother git process seems to be running in this repository, or the lock file may be stale\n"
INF http m=POST p=/api/v1/workspaces/446459JT2000/nodes/0/page/create s=200 d=26.1ms s=35
INF http m=GET p=/api/v1/workspaces/446459JT2000/nodes/0/children s=200 d=548µs s=257
INF http m=GET p=/assets/emoji-groups-tsNE8Axz.js s=200 d=112µs s=13852
INF http m=GET p=/api/v1/workspaces/446459JT2000/nodes/44645AKBQ000 s=200 d=572µs s=245
INF http m=GET p=/assets/Editor-5FlZhQpN.js s=200 d=253µs s=13509
INF http m=GET p=/assets/Editor-BYBWY7b1.css s=200 d=79µs s=2240
ERR Failed to commit DB changes err="failed to stage db changes: exit status 128\nOutput: fatal: Unable to create '/home/runner/work/mddb/mddb/data-e2e/.git/index.lock': File exists.\n\nAnother git process seems to be running in this repository, or the lock file may be stale\n"
INF http m=POST p=/api/v1/workspaces/446459JT2000/nodes/0/table/create s=200 d=41.3ms s=26
ERR Failed to commit DB changes err="failed to stage db changes: exit status 128\nOutput: fatal: Unable to create '/home/runner/work/mddb/mddb/data-e2e/.git/index.lock': File exists.\n\nAnother git process seems to be running in this repository, or the lock file may be stale\n"
INF http m=POST p=/api/v1/workspaces/446459JT2000/nodes/44645B5AI000/table/records/create s=200 d=19.7ms s=26
INF http m=GET p=/assets/de-qJeflSp6.js s=200 d=68µs s=6245
INF http m=GET p=/assets/WorkspaceSettingsPanel-CsUOm22X.css s=200 d=28µs s=1025
INF http m=GET p=/assets/WorkspaceSettingsPanel-CM5oaFTF.js s=200 d=54µs s=4443
INF http m=GET p=/assets/ServerSettingsPanel-pbgISWIv.css s=200 d=35µs s=596
INF http m=GET p=/assets/ServerSettingsPanel-C8C6nm9a.js s=200 d=39µs s=2550
INF http m=GET p=/assets/ResourceQuotaForm-DTSj8Ta5.css s=200 d=37µs s=302
ERR Failed to commit DB changes err="failed to stage db changes: exit status 128\nOutput: fatal: Unable to create '/home/runner/work/mddb/mddb/data-e2e/.git/index.lock': File exists.\n\nAnother git process seems to be running in this repository, or the lock file may be stale\n"
INF http m=POST p=/api/v1/workspaces/446459JT2000/nodes/44645B5AI000/table/records/create s=200 d=28ms s=26
INF http m=GET p=/assets/ResourceQuotaForm-D6gJNn3N.js s=200 d=24µs s=812
INF http m=GET p=/assets/ProfileSettings-rthGIjGN.js s=200 d=56µs s=4319
INF http m=GET p=/w/@446459JT2000+workspace/@44645AKBQ000+welcome s=200 d=34µs s=542
ERR Failed to commit DB changes err="failed to stage db changes: exit status 128\nOutput: fatal: Unable to create '/home/runner/work/mddb/mddb/data-e2e/.git/index.lock': File exists.\n\nAnother git process seems to be running in this repository, or the lock file may be stale\n"
INF http m=POST p=/api/v1/auth/register s=200 d=80.7ms s=396
INF http m=GET p=/assets/ProfileSettings-D5kbNfHV.css s=200 d=38µs s=1220
INF http m=GET p=/api/v1/workspaces/446459JT2000/events s=200 d=228ms s=314
INF http m=GET p=/ s=200 d=42µs s=542
INF http m=GET p=/assets/OrgSettingsPanel-BP8s6T0h.css s=200 d=52µs s=511
INF http m=GET p=/registerSW.js s=200 d=18µs s=87
INF http m=GET p=/assets/OrgSettingsPanel-B78NX7Vn.js s=200 d=129µs s=2302
INF http m=GET p=/assets/index-SHhnYNGf.js s=200 d=149µs s=49792
INF http m=GET p=/assets/editor-vendor-Bje_VwYD.js s=200 d=136µs s=117396
INF http m=GET p=/assets/index-DPQ8uk7g.css s=200 d=84µs s=12402
INF http m=GET p=/assets/vendor-C3WBU0hm.js s=200 d=110µs s=29762
INF http m=GET p=/assets/InviteForm-R7w4u6kW.js s=200 d=26µs s=1267
INF http m=GET p=/registerSW.js s=200 d=21µs s=87
INF http m=GET p=/assets/InviteForm-CW-wgFWD.css s=200 d=46µs s=414
INF http m=GET p=/api/v1/auth/me s=200 d=576µs s=351
INF http m=GET p=/api/v1/workspaces/446459JT2000/nodes/0/children s=200 d=758µs s=319
INF http m=GET p=/api/v1/workspaces/446459JT2000/nodes/44645AKBQ000 s=200 d=479µs s=245
INF http m=GET p=/api/v1/notifications/unread-count s=200 d=4.81ms s=25
INF http m=GET p=/api/v1/workspaces/446459JT2000/members s=200 d=6.02ms s=132
INF http m=GET p=/assets/AdminDashboard-R0heLGro.css s=200 d=35µs s=601
INF http m=GET p=/assets/AdminDashboard-D3Sw1IyX.js s=200 d=140µs s=2075
INF http m=GET p=/manifest.webmanifest s=200 d=41µs s=199
INF http m=GET p=/api/v1/auth/me s=200 d=595µs s=167
INF http m=GET p=/assets/en-BOb8f2G7.js s=200 d=86µs s=5207
INF http m=GET p=/api/v1/notifications/unread-count s=200 d=1.06ms s=25
INF http m=GET p=/api/v1/workspaces/446459JT2000/nodes/44645B5AI000 s=200 d=356µs s=180
ERR Failed to commit DB changes err="failed to stage db changes: exit status 128\nOutput: fatal: Unable to create '/home/runner/work/mddb/mddb/data-e2e/.git/index.lock': File exists.\n\nAnother git process seems to be running in this repository, or the lock file may be stale\n"
INF http m=POST p=/api/v1/organizations s=200 d=6.37ms s=352
INF http m=GET p=/sw.js s=200 d=93µs s=5540
INF http m=GET p=/api/v1/workspaces/446459JT2000/nodes/44645B5AI000/table/records s=200 d=1ms s=131
INF http m=GET p=/favicon.png s=200 d=35µs s=449
INF http m=GET p=/api/v1/auth/me s=200 d=697µs s=254
INF http m=GET p=/registerSW.js s=200 d=37µs s=87
INF http m=GET p=/index.html s=200 d=42µs s=542
INF http m=GET p=/icon.svg s=200 d=33µs s=195
INF http m=GET p=/icon-512.png s=200 d=74µs s=6498
INF http m=GET p=/icon-192.png s=200 d=48µs s=2468
INF http m=GET p=/favicon.png s=200 d=36µs s=449
INF http m=GET p=/apple-touch-icon.png s=200 d=43µs s=2298
INF http m=GET p=/assets/material-symbols-names-mOXCVt15.js s=200 d=964µs s=15793
INF http m=GET p=/assets/fr-CgauyyXq.js s=200 d=72µs s=6301
INF http m=GET p=/assets/es-DHO8DnB9.js s=200 d=64µs s=6015
ERR Failed to add workspace submodule wsID=44645DCC2000 err="failed to add submodule 44645DCC2000: exit status 128\nOutput: Adding existing repo at '44645DCC2000' to the index\nfatal: Unable to create '/home/runner/work/mddb/mddb/data-e2e/.git/index.lock': File exists.\n\nAnother git process seems to be running in this repository, or the lock file may be stale\nfatal: Failed to add submodule '44645DCC2000'\n"
ERR Failed to commit DB changes err="failed to stage db changes: exit status 128\nOutput: fatal: Unable to create '/home/runner/work/mddb/mddb/data-e2e/.git/index.lock': File exists.\n\nAnother git process seems to be running in this repository, or the lock file may be stale\n"
INF http m=POST p=/api/v1/organizations/44645D0G6000/workspaces s=200 d=94.3ms s=300
INF http m=GET p=/assets/emoji-groups-tsNE8Axz.js s=200 d=110µs s=13852
ERR Failed to commit DB changes err="failed to stage db changes: exit status 128\nOutput: fatal: Unable to create '/home/runner/work/mddb/mddb/data-e2e/.git/index.lock': File exists.\n\nAnother git process seems to be running in this repository, or the lock file may be stale\n"
INF http m=POST p=/api/v1/auth/switch-workspace s=200 d=6.08ms s=573
INF http m=GET p=/api/v1/notifications/unread-count s=200 d=868µs s=25
INF http m=GET p=/api/v1/workspaces/44645DCC2000/nodes/0/children s=200 d=277µs s=26
INF http m=GET p=/api/v1/workspaces/44645DCC2000/members s=200 d=6.99ms s=130
INF http m=GET p=/assets/de-qJeflSp6.js s=200 d=100µs s=6245
INF http m=GET p=/assets/WorkspaceSettingsPanel-CsUOm22X.css s=200 d=34µs s=1025
ERR Failed to commit DB changes err="failed to stage db changes: exit status 128\nOutput: fatal: Unable to create '/home/runner/work/mddb/mddb/data-e2e/.git/index.lock': File exists.\n\nAnother git process seems to be running in this repository, or the lock file may be stale\n"
INF http m=POST p=/api/v1/workspaces/44645DCC2000/nodes/0/page/create s=200 d=23.1ms s=35
INF http m=GET p=/assets/WorkspaceSettingsPanel-CM5oaFTF.js s=200 d=89µs s=4443
INF http m=GET p=/api/v1/workspaces/44645DCC2000/nodes/0/children s=200 d=327µs s=257
INF http m=GET p=/assets/ServerSettingsPanel-pbgISWIv.css s=200 d=32µs s=596
INF http m=GET p=/api/v1/workspaces/44645DCC2000/nodes/44645EAKM000 s=200 d=403µs s=245
INF http m=GET p=/assets/ServerSettingsPanel-C8C6nm9a.js s=200 d=44µs s=2550
INF http m=GET p=/assets/Editor-5FlZhQpN.js s=200 d=81µs s=13509
INF http m=GET p=/assets/Editor-BYBWY7b1.css s=200 d=34µs s=2240
INF http m=GET p=/assets/ResourceQuotaForm-DTSj8Ta5.css s=200 d=25µs s=302
INF http m=GET p=/assets/ResourceQuotaForm-D6gJNn3N.js s=200 d=48µs s=812
INF http m=GET p=/assets/ProfileSettings-rthGIjGN.js s=200 d=106µs s=4319
INF http m=GET p=/assets/ProfileSettings-D5kbNfHV.css s=200 d=40µs s=1220
INF http m=GET p=/assets/OrgSettingsPanel-BP8s6T0h.css s=200 d=30µs s=511
INF http m=GET p=/assets/OrgSettingsPanel-B78NX7Vn.js s=200 d=37µs s=2302
INF http m=GET p=/assets/InviteForm-R7w4u6kW.js s=200 d=23µs s=1267
INF http m=GET p=/assets/InviteForm-CW-wgFWD.css s=200 d=26µs s=414
INF http m=GET p=/api/v1/workspaces/446459JT2000/events s=200 d=408ms s=93
INF http m=GET p=/assets/AdminDashboard-R0heLGro.css s=200 d=31µs s=601
INF http m=GET p=/assets/AdminDashboard-D3Sw1IyX.js s=200 d=32µs s=2075
INF http m=GET p=/manifest.webmanifest s=200 d=31µs s=199
INF http m=GET p=/api/v1/notifications/unread-count s=200 d=237µs s=25
INF http m=GET p=/api/v1/workspaces/44645DCC2000/events s=200 d=236ms s=207
INF http m=GET p=/api/v1/auth/providers s=200 d=272µs s=59
INF http m=GET p=/api/v1/notifications/preferences s=200 d=489µs s=127
ERR Failed to commit DB changes err="failed to stage db changes: exit status 128\nOutput: fatal: Unable to create '/home/runner/work/mddb/mddb/data-e2e/.git/index.lock': File exists.\n\nAnother git process seems to be running in this repository, or the lock file may be stale\n"
INF http m=POST p=/api/v1/auth/register s=200 d=85.4ms s=399
INF http m=GET p=/ s=200 d=48µs s=542
INF http m=GET p=/assets/index-SHhnYNGf.js s=200 d=166µs s=49792
INF http m=GET p=/assets/vendor-C3WBU0hm.js s=200 d=98µs s=29762
INF http m=GET p=/assets/editor-vendor-Bje_VwYD.js s=200 d=161µs s=117396
INF http m=GET p=/assets/index-DPQ8uk7g.css s=200 d=77µs s=12402
INF http m=GET p=/registerSW.js s=200 d=29µs s=87
INF http m=GET p=/assets/en-BOb8f2G7.js s=200 d=74µs s=5207
INF http m=GET p=/api/v1/auth/me s=200 d=1.88ms s=163
INF http m=GET p=/favicon.png s=200 d=104µs s=449
INF http m=GET p=/sw.js s=200 d=63µs s=5540
INF http m=GET p=/api/v1/notifications/unread-count s=200 d=156µs s=25
ERR Failed to commit DB changes err="failed to stage db changes: exit status 128\nOutput: fatal: Unable to create '/home/runner/work/mddb/mddb/data-e2e/.git/index.lock': File exists.\n\nAnother git process seems to be running in this repository, or the lock file may be stale\n"
INF http m=POST p=/api/v1/organizations s=200 d=12.3ms s=354
INF http m=GET p=/registerSW.js s=200 d=49µs s=87
INF http m=GET p=/api/v1/auth/me s=200 d=540µs s=249
INF http m=GET p=/index.html s=200 d=36µs s=542
INF http m=GET p=/icon.svg s=200 d=37µs s=195
INF http m=GET p=/icon-512.png s=200 d=71µs s=6498
INF http m=GET p=/icon-192.png s=200 d=63µs s=2468
INF http m=GET p=/favicon.png s=200 d=38µs s=449
INF http m=GET p=/apple-touch-icon.png s=200 d=53µs s=2298
INF http m=GET p=/assets/material-symbols-names-mOXCVt15.js s=200 d=87µs s=15793
INF http m=GET p=/assets/fr-CgauyyXq.js s=200 d=72µs s=6301
INF http m=GET p=/assets/es-DHO8DnB9.js s=200 d=134µs s=6015
ERR Failed to add workspace submodule wsID=44645I24I000 err="failed to add submodule 44645I24I000: exit status 128\nOutput: Adding existing repo at '44645I24I000' to the index\nfatal: Unable to create '/home/runner/work/mddb/mddb/data-e2e/.git/index.lock': File exists.\n\nAnother git process seems to be running in this repository, or the lock file may be stale\nfatal: Failed to add submodule '44645I24I000'\n"
ERR Failed to commit DB changes err="failed to stage db changes: exit status 128\nOutput: fatal: Unable to create '/home/runner/work/mddb/mddb/data-e2e/.git/index.lock': File exists.\n\nAnother git process seems to be running in this repository, or the lock file may be stale\n"
INF http m=POST p=/api/v1/organizations/44645HN6Q000/workspaces s=200 d=129ms s=301
ERR Failed to commit DB changes err="failed to stage db changes: exit status 128\nOutput: fatal: Unable to create '/home/runner/work/mddb/mddb/data-e2e/.git/index.lock': File exists.\n\nAnother git process seems to be running in this repository, or the lock file may be stale\n"
INF http m=POST p=/api/v1/auth/register s=200 d=181ms s=394
INF http m=GET p=/assets/emoji-groups-tsNE8Axz.js s=200 d=81µs s=13852
ERR Failed to commit DB changes err="failed to stage db changes: exit status 128\nOutput: fatal: Unable to create '/home/runner/work/mddb/mddb/data-e2e/.git/index.lock': File exists.\n\nAnother git process seems to be running in this repository, or the lock file may be stale\n"
INF http m=POST p=/api/v1/auth/switch-workspace s=200 d=4.73ms s=572
INF http m=GET p=/ s=200 d=41µs s=542
INF http m=GET p=/api/v1/notifications/unread-count s=200 d=180µs s=25
INF http m=GET p=/assets/index-DPQ8uk7g.css s=200 d=131µs s=12402
INF http m=GET p=/api/v1/workspaces/44645I24I000/members s=200 d=1.15ms s=119
INF http m=GET p=/assets/index-SHhnYNGf.js s=200 d=117µs s=49792
INF http m=GET p=/registerSW.js s=200 d=67µs s=87
INF http m=GET p=/assets/vendor-C3WBU0hm.js s=200 d=172µs s=29762
INF http m=GET p=/assets/editor-vendor-Bje_VwYD.js s=200 d=1.14ms s=117396
INF http m=GET p=/api/v1/workspaces/44645I24I000/nodes/0/children s=200 d=4.43ms s=26
INF http m=GET p=/assets/de-qJeflSp6.js s=200 d=118µs s=6245
INF http m=GET p=/assets/WorkspaceSettingsPanel-CsUOm22X.css s=200 d=29µs s=1025
INF http m=GET p=/assets/WorkspaceSettingsPanel-CM5oaFTF.js s=200 d=55µs s=4443
INF http m=GET p=/assets/ServerSettingsPanel-pbgISWIv.css s=200 d=27µs s=596
INF http m=GET p=/assets/ServerSettingsPanel-C8C6nm9a.js s=200 d=50µs s=2550
ERR Failed to commit DB changes err="failed to stage db changes: exit status 128\nOutput: fatal: Unable to create '/home/runner/work/mddb/mddb/data-e2e/.git/index.lock': File exists.\n\nAnother git process seems to be running in this repository, or the lock file may be stale\n"
INF http m=POST p=/api/v1/workspaces/44645I24I000/nodes/0/page/create s=200 d=42.8ms s=35
INF http m=GET p=/assets/ResourceQuotaForm-DTSj8Ta5.css s=200 d=34µs s=302
INF http m=GET p=/api/v1/workspaces/44645I24I000/nodes/0/children s=200 d=276µs s=257
INF http m=GET p=/assets/ResourceQuotaForm-D6gJNn3N.js s=200 d=30µs s=812
INF http m=GET p=/assets/ProfileSettings-rthGIjGN.js s=200 d=64µs s=4319
INF http m=GET p=/api/v1/workspaces/44645I24I000/nodes/44645JCLC000 s=200 d=270µs s=245
INF http m=GET p=/api/v1/auth/me s=200 d=183µs s=164
INF http m=GET p=/assets/en-BOb8f2G7.js s=200 d=85µs s=5207
INF http m=GET p=/assets/ProfileSettings-D5kbNfHV.css s=200 d=29µs s=1220
INF http m=GET p=/sw.js s=200 d=76µs s=5540
INF http m=GET p=/assets/OrgSettingsPanel-BP8s6T0h.css s=200 d=22µs s=511
INF http m=GET p=/assets/Editor-5FlZhQpN.js s=200 d=94µs s=13509
INF http m=GET p=/assets/Editor-BYBWY7b1.css s=200 d=60µs s=2240
INF http m=GET p=/api/v1/notifications/unread-count s=200 d=284µs s=25
INF http m=GET p=/assets/OrgSettingsPanel-B78NX7Vn.js s=200 d=48µs s=2302
ERR Failed to commit DB changes err="failed to stage db changes: exit status 128\nOutput: fatal: Unable to create '/home/runner/work/mddb/mddb/data-e2e/.git/index.lock': File exists.\n\nAnother git process seems to be running in this repository, or the lock file may be stale\n"
INF http m=POST p=/api/v1/organizations s=200 d=8.66ms s=352
INF http m=GET p=/assets/InviteForm-R7w4u6kW.js s=200 d=36µs s=1267
INF http m=GET p=/assets/InviteForm-CW-wgFWD.css s=200 d=32µs s=414
INF http m=GET p=/favicon.png s=200 d=71µs s=449
INF http m=GET p=/registerSW.js s=200 d=20µs s=87
INF http m=GET p=/api/v1/auth/me s=200 d=723µs s=252
INF http m=GET p=/assets/AdminDashboard-R0heLGro.css s=200 d=26µs s=601
INF http m=GET p=/assets/AdminDashboard-D3Sw1IyX.js s=200 d=93µs s=2075
INF http m=GET p=/index.html s=200 d=22µs s=542
INF http m=GET p=/manifest.webmanifest s=200 d=20µs s=199
INF http m=GET p=/icon.svg s=200 d=39µs s=195
INF http m=GET p=/icon-512.png s=200 d=92µs s=6498
INF http m=GET p=/icon-192.png s=200 d=43µs s=2468
INF http m=GET p=/favicon.png s=200 d=42µs s=449
INF http m=GET p=/apple-touch-icon.png s=200 d=40µs s=2298
INF http m=GET p=/api/v1/notifications/unread-count s=200 d=153µs s=25
INF http m=GET p=/assets/material-symbols-names-mOXCVt15.js s=200 d=348µs s=15793
INF http m=GET p=/api/v1/workspaces/44645I24I000/events s=200 d=261ms s=207
INF http m=GET p=/assets/fr-CgauyyXq.js s=200 d=93µs s=6301
INF http m=GET p=/api/v1/auth/providers s=200 d=107µs s=59
INF http m=GET p=/api/v1/notifications/preferences s=200 d=165µs s=127
INF http m=GET p=/assets/es-DHO8DnB9.js s=200 d=76µs s=6015
INF http m=GET p=/assets/emoji-groups-tsNE8Axz.js s=200 d=88µs s=13852
ERR Failed to add workspace submodule wsID=44645KAG2000 err="failed to add submodule 44645KAG2000: exit status 128\nOutput: Adding existing repo at '44645KAG2000' to the index\nfatal: Unable to create '/home/runner/work/mddb/mddb/data-e2e/.git/index.lock': File exists.\n\nAnother git process seems to be running in this repository, or the lock file may be stale\nfatal: Failed to add submodule '44645KAG2000'\n"
ERR Failed to commit DB changes err="failed to stage db changes: exit status 128\nOutput: fatal: Unable to create '/home/runner/work/mddb/mddb/data-e2e/.git/index.lock': File exists.\n\nAnother git process seems to be running in this repository, or the lock file may be stale\n"
INF http m=POST p=/api/v1/organizations/44645K13S000/workspaces s=200 d=115ms s=299
ERR Failed to commit DB changes err="failed to stage db changes: exit status 128\nOutput: fatal: Unable to create '/home/runner/work/mddb/mddb/data-e2e/.git/index.lock': File exists.\n\nAnother git process seems to be running in this repository, or the lock file may be stale\n"
INF http m=POST p=/api/v1/auth/switch-workspace s=200 d=6.28ms s=575
INF http m=GET p=/api/v1/notifications/unread-count s=200 d=157µs s=25
INF http m=GET p=/api/v1/workspaces/44645KAG2000/nodes/0/children s=200 d=368µs s=26
INF http m=GET p=/api/v1/workspaces/44645KAG2000/members s=200 d=383µs s=130
ERR Failed to commit DB changes err="failed to stage db changes: exit status 128\nOutput: fatal: Unable to create '/home/runner/work/mddb/mddb/data-e2e/.git/index.lock': File exists.\n\nAnother git process seems to be running in this repository, or the lock file may be stale\n"
INF http m=POST p=/api/v1/auth/settings s=200 d=3.7ms s=302
INF http m=GET p=/assets/de-qJeflSp6.js s=200 d=94µs s=6245
INF http m=GET p=/assets/WorkspaceSettingsPanel-CsUOm22X.css s=200 d=43µs s=1025
INF http m=GET p=/assets/WorkspaceSettingsPanel-CM5oaFTF.js s=200 d=63µs s=4443
INF http m=GET p=/assets/ServerSettingsPanel-pbgISWIv.css s=200 d=29µs s=596
INF http m=GET p=/assets/ServerSettingsPanel-C8C6nm9a.js s=200 d=57µs s=2550
INF http m=GET p=/assets/ResourceQuotaForm-DTSj8Ta5.css s=200 d=37µs s=302
ERR Failed to commit DB changes err="failed to stage db changes: exit status 128\nOutput: fatal: Unable to create '/home/runner/work/mddb/mddb/data-e2e/.git/index.lock': File exists.\n\nAnother git process seems to be running in this repository, or the lock file may be stale\n"
INF http m=POST p=/api/v1/workspaces/44645KAG2000/nodes/0/page/create s=200 d=27ms s=35
INF http m=GET p=/assets/ResourceQuotaForm-D6gJNn3N.js s=200 d=36µs s=812
INF http m=GET p=/api/v1/workspaces/44645KAG2000/nodes/0/children s=200 d=287µs s=257
INF http m=GET p=/assets/ProfileSettings-rthGIjGN.js s=200 d=110µs s=4319
INF http m=GET p=/api/v1/workspaces/44645KAG2000/nodes/44645LE94000 s=200 d=243µs s=245
INF http m=GET p=/assets/ProfileSettings-D5kbNfHV.css s=200 d=40µs s=1220
INF http m=GET p=/assets/Editor-BYBWY7b1.css s=200 d=41µs s=2240
INF http m=GET p=/assets/Editor-5FlZhQpN.js s=200 d=64µs s=13509
INF http m=GET p=/assets/OrgSettingsPanel-BP8s6T0h.css s=200 d=18µs s=511
INF http m=GET p=/assets/OrgSettingsPanel-B78NX7Vn.js s=200 d=89µs s=2302
INF http m=GET p=/assets/InviteForm-R7w4u6kW.js s=200 d=49µs s=1267
INF http m=GET p=/assets/InviteForm-CW-wgFWD.css s=200 d=35µs s=414
INF http m=GET p=/assets/AdminDashboard-R0heLGro.css s=200 d=93µs s=601
INF http m=GET p=/assets/AdminDashboard-D3Sw1IyX.js s=200 d=80µs s=2075
INF http m=GET p=/manifest.webmanifest s=200 d=88µs s=199
INF http m=GET p=/api/v1/notifications/unread-count s=200 d=211µs s=25
INF http m=GET p=/api/v1/workspaces/44645KAG2000/events s=200 d=282ms s=201
INF http m=GET p=/api/v1/auth/providers s=200 d=240µs s=59
INF http m=GET p=/api/v1/notifications/preferences s=200 d=1.42ms s=127
ERR Failed to commit DB changes err="failed to stage db changes: exit status 128\nOutput: fatal: Unable to create '/home/runner/work/mddb/mddb/data-e2e/.git/index.lock': File exists.\n\nAnother git process seems to be running in this repository, or the lock file may be stale\n"
INF http m=POST p=/api/v1/auth/register s=200 d=94ms s=397
INF http m=GET p=/ s=200 d=150µs s=542
INF http m=GET p=/assets/index-DPQ8uk7g.css s=200 d=137µs s=12402
INF http m=GET p=/assets/index-SHhnYNGf.js s=200 d=133µs s=49792
INF http m=GET p=/assets/editor-vendor-Bje_VwYD.js s=200 d=197µs s=117396
INF http m=GET p=/assets/vendor-C3WBU0hm.js s=200 d=104µs s=29762
INF http m=GET p=/registerSW.js s=200 d=37µs s=87
ERR Failed to commit DB changes err="failed to stage db changes: exit status 128\nOutput: fatal: Unable to create '/home/runner/work/mddb/mddb/data-e2e/.git/index.lock': File exists.\n\nAnother git process seems to be running in this repository, or the lock file may be stale\n"
INF http m=POST p=/api/v1/auth/settings s=200 d=12.4ms s=307
INF http m=GET p=/api/v1/auth/me s=200 d=290µs s=168
INF http m=GET p=/assets/en-BOb8f2G7.js s=200 d=133µs s=5207
INF http m=GET p=/api/v1/notifications/unread-count s=200 d=518µs s=25
INF http m=GET p=/favicon.png s=200 d=40µs s=449
ERR Failed to commit DB changes err="failed to stage db changes: exit status 128\nOutput: fatal: Unable to create '/home/runner/work/mddb/mddb/data-e2e/.git/index.lock': File exists.\n\nAnother git process seems to be running in this repository, or the lock file may be stale\n"
INF http m=POST p=/api/v1/organizations s=200 d=9.5ms s=352
INF http m=GET p=/api/v1/auth/me s=200 d=5.51ms s=253
INF http m=GET p=/sw.js s=200 d=100µs s=5540
INF http m=GET p=/registerSW.js s=200 d=41µs s=87
INF http m=GET p=/index.html s=200 d=43µs s=542
INF http m=GET p=/icon.svg s=200 d=35µs s=195
INF http m=GET p=/icon-512.png s=200 d=113µs s=6498
INF http m=GET p=/icon-192.png s=200 d=45µs s=2468
INF http m=GET p=/favicon.png s=200 d=33µs s=449
INF http m=GET p=/apple-touch-icon.png s=200 d=55µs s=2298
INF http m=GET p=/assets/material-symbols-names-mOXCVt15.js s=200 d=93µs s=15793
INF http m=GET p=/assets/fr-CgauyyXq.js s=200 d=82µs s=6301
INF http m=GET p=/assets/es-DHO8DnB9.js s=200 d=71µs s=6015
ERR Failed to add workspace submodule wsID=44645OKC8000 err="failed to add submodule 44645OKC8000: exit status 128\nOutput: Adding existing repo at '44645OKC8000' to the index\nfatal: Unable to create '/home/runner/work/mddb/mddb/data-e2e/.git/index.lock': File exists.\n\nAnother git process seems to be running in this repository, or the lock file may be stale\nfatal: Failed to add submodule '44645OKC8000'\n"
ERR Failed to commit DB changes err="failed to stage db changes: exit status 128\nOutput: fatal: Unable to create '/home/runner/work/mddb/mddb/data-e2e/.git/index.lock': File exists.\n\nAnother git process seems to be running in this repository, or the lock file may be stale\n"
INF http m=POST p=/api/v1/organizations/44645O7KC000/workspaces s=200 d=163ms s=300
INF http m=GET p=/assets/emoji-groups-tsNE8Axz.js s=200 d=125µs s=13852
ERR Failed to commit DB changes err="failed to stage db changes: exit status 128\nOutput: fatal: Unable to create '/home/runner/work/mddb/mddb/data-e2e/.git/index.lock': File exists.\n\nAnother git process seems to be running in this repository, or the lock file may be stale\n"
INF http m=POST p=/api/v1/auth/switch-workspace s=200 d=14.9ms s=570
INF http m=GET p=/api/v1/workspaces/44645OKC8000/members s=200 d=11.3ms s=130
INF http m=GET p=/api/v1/notifications/unread-count s=200 d=26.1ms s=25
INF http m=GET p=/api/v1/workspaces/44645OKC8000/nodes/0/children s=200 d=18.7ms s=26
INF http m=GET p=/assets/de-qJeflSp6.js s=200 d=105µs s=6245
ERR Failed to commit DB changes err="failed to stage db changes: exit status 128\nOutput: fatal: Unable to create '/home/runner/work/mddb/mddb/data-e2e/.git/index.lock': File exists.\n\nAnother git process seems to be running in this repository, or the lock file may be stale\n"
INF http m=POST p=/api/v1/auth/register s=200 d=134ms s=391
INF http m=GET p=/assets/WorkspaceSettingsPanel-CsUOm22X.css s=200 d=42µs s=1025
INF http m=GET p=/ s=200 d=76µs s=542
INF http m=GET p=/assets/WorkspaceSettingsPanel-CM5oaFTF.js s=200 d=61µs s=4443
ERR Failed to commit DB changes err="failed to stage db changes: exit status 128\nOutput: fatal: Unable to create '/home/runner/work/mddb/mddb/data-e2e/.git/index.lock': File exists.\n\nAnother git process seems to be running in this repository, or the lock file may be stale\n"
INF http m=POST p=/api/v1/workspaces/44645OKC8000/nodes/0/page/create s=200 d=29.4ms s=35
INF http m=GET p=/assets/ServerSettingsPanel-pbgISWIv.css s=200 d=46µs s=596
INF http m=GET p=/api/v1/workspaces/44645OKC8000/nodes/0/children s=200 d=1.31ms s=257
INF http m=GET p=/assets/ServerSettingsPanel-C8C6nm9a.js s=200 d=52µs s=2550
INF http m=GET p=/api/v1/workspaces/44645OKC8000/nodes/44645Q4T4000 s=200 d=572µs s=245
INF http m=GET p=/registerSW.js s=200 d=52µs s=87
INF http m=GET p=/assets/index-SHhnYNGf.js s=200 d=115µs s=49792
INF http m=GET p=/assets/vendor-C3WBU0hm.js s=200 d=103µs s=29762
INF http m=GET p=/assets/editor-vendor-Bje_VwYD.js s=200 d=139µs s=117396
INF http m=GET p=/assets/index-DPQ8uk7g.css s=200 d=85µs s=12402
INF http m=GET p=/assets/ResourceQuotaForm-DTSj8Ta5.css s=200 d=24µs s=302
INF http m=GET p=/assets/ResourceQuotaForm-D6gJNn3N.js s=200 d=46µs s=812
INF http m=GET p=/assets/Editor-5FlZhQpN.js s=200 d=117µs s=13509
INF http m=GET p=/assets/Editor-BYBWY7b1.css s=200 d=43µs s=2240
INF http m=GET p=/assets/ProfileSettings-rthGIjGN.js s=200 d=78µs s=4319
INF http m=GET p=/assets/ProfileSettings-D5kbNfHV.css s=200 d=48µs s=1220
INF http m=GET p=/assets/OrgSettingsPanel-BP8s6T0h.css s=200 d=40µs s=511
INF http m=GET p=/assets/OrgSettingsPanel-B78NX7Vn.js s=200 d=46µs s=2302
INF http m=GET p=/assets/InviteForm-R7w4u6kW.js s=200 d=49µs s=1267
INF http m=GET p=/assets/InviteForm-CW-wgFWD.css s=200 d=54µs s=414
INF http m=GET p=/assets/AdminDashboard-R0heLGro.css s=200 d=40µs s=601
INF http m=GET p=/api/v1/auth/me s=200 d=562µs s=161
INF http m=GET p=/assets/en-BOb8f2G7.js s=200 d=82µs s=5207
INF http m=GET p=/api/v1/notifications/unread-count s=200 d=124µs s=25
INF http m=GET p=/assets/AdminDashboard-D3Sw1IyX.js s=200 d=38µs s=2075
INF http m=GET p=/api/v1/workspaces/44645OKC8000/events s=200 d=256ms s=202
INF http m=GET p=/manifest.webmanifest s=200 d=52µs s=199
INF http m=GET p=/api/v1/notifications/unread-count s=200 d=132µs s=25
INF http m=GET p=/api/v1/auth/providers s=200 d=229µs s=59
INF http m=GET p=/api/v1/notifications/preferences s=200 d=660µs s=127
ERR Failed to commit DB changes err="failed to stage db changes: exit status 128\nOutput: fatal: Unable to create '/home/runner/work/mddb/mddb/data-e2e/.git/index.lock': File exists.\n\nAnother git process seems to be running in this repository, or the lock file may be stale\n"
INF http m=POST p=/api/v1/organizations s=200 d=8.42ms s=349
INF http m=GET p=/sw.js s=200 d=67µs s=5540
INF http m=GET p=/favicon.png s=200 d=50µs s=449
INF http m=GET p=/api/v1/auth/me s=200 d=2.48ms s=249
INF http m=GET p=/registerSW.js s=200 d=25µs s=87
INF http m=GET p=/index.html s=200 d=34µs s=542
INF http m=GET p=/icon.svg s=200 d=41µs s=195
INF http m=GET p=/api/v1/notifications/unread-count s=200 d=163µs s=25
INF http m=GET p=/api/v1/workspaces/44645OKC8000/nodes/0/children s=200 d=1.3ms s=257
INF http m=GET p=/api/v1/workspaces/44645OKC8000/members s=200 d=3ms s=130
INF http m=GET p=/api/v1/workspaces/44645OKC8000/nodes/44645Q4T4000 s=200 d=3.76ms s=245
INF http m=GET p=/icon-512.png s=200 d=77µs s=6498
INF http m=GET p=/icon-192.png s=200 d=64µs s=2468
INF http m=GET p=/favicon.png s=200 d=3.22ms s=449
INF http m=GET p=/apple-touch-icon.png s=200 d=59µs s=2298
INF http m=GET p=/api/v1/workspaces/44645OKC8000/events s=200 d=31.7ms s=93
INF http m=GET p=/assets/material-symbols-names-mOXCVt15.js s=200 d=88µs s=15793
ERR Failed to add workspace submodule wsID=44645S26O000 err="failed to add submodule 44645S26O000: exit status 128\nOutput: Adding existing repo at '44645S26O000' to the index\nfatal: Unable to create '/home/runner/work/mddb/mddb/data-e2e/.git/index.lock': File exists.\n\nAnother git process seems to be running in this repository, or the lock file may be stale\nfatal: Failed to add submodule '44645S26O000'\n"
ERR Failed to commit DB changes err="failed to stage db changes: exit status 128\nOutput: fatal: Unable to create '/home/runner/work/mddb/mddb/data-e2e/.git/index.lock': File exists.\n\nAnother git process seems to be running in this repository, or the lock file may be stale\n"
INF http m=POST p=/api/v1/organizations/44645RJUE000/workspaces s=200 d=96.6ms s=299
INF http m=GET p=/assets/fr-CgauyyXq.js s=200 d=61µs s=6301
ERR Failed to commit DB changes err="failed to stage db changes: exit status 128\nOutput: fatal: Unable to create '/home/runner/work/mddb/mddb/data-e2e/.git/index.lock': File exists.\n\nAnother git process seems to be running in this repository, or the lock file may be stale\n"
INF http m=POST p=/api/v1/auth/switch-workspace s=200 d=7.16ms s=574
INF http m=GET p=/assets/es-DHO8DnB9.js s=200 d=99µs s=6015
INF http m=GET p=/api/v1/notifications/unread-count s=200 d=156µs s=25
INF http m=GET p=/api/v1/workspaces/44645S26O000/nodes/0/children s=200 d=307µs s=26
INF http m=GET p=/api/v1/workspaces/44645S26O000/members s=200 d=723µs s=128
INF http m=GET p=/assets/emoji-groups-tsNE8Axz.js s=200 d=108µs s=13852
ERR Failed to commit DB changes err="failed to stage db changes: exit status 128\nOutput: fatal: Unable to create '/home/runner/work/mddb/mddb/data-e2e/.git/index.lock': File exists.\n\nAnother git process seems to be running in this repository, or the lock file may be stale\n"
INF http m=POST p=/api/v1/workspaces/44645S26O000/nodes/0/page/create s=200 d=17ms s=35
INF http m=GET p=/api/v1/workspaces/44645S26O000/nodes/0/children s=200 d=489µs s=257
INF http m=GET p=/api/v1/workspaces/44645S26O000/nodes/44645SRS4000 s=200 d=1.1ms s=245
INF http m=GET p=/assets/de-qJeflSp6.js s=200 d=134µs s=6245
INF http m=GET p=/assets/Editor-BYBWY7b1.css s=200 d=68µs s=2240
INF http m=GET p=/assets/Editor-5FlZhQpN.js s=200 d=59µs s=13509
INF http m=GET p=/assets/WorkspaceSettingsPanel-CsUOm22X.css s=200 d=26µs s=1025
INF http m=GET p=/assets/WorkspaceSettingsPanel-CM5oaFTF.js s=200 d=57µs s=4443
INF http m=GET p=/assets/ServerSettingsPanel-pbgISWIv.css s=200 d=43µs s=596
INF http m=GET p=/assets/ServerSettingsPanel-C8C6nm9a.js s=200 d=55µs s=2550
INF http m=GET p=/assets/ResourceQuotaForm-DTSj8Ta5.css s=200 d=57µs s=302
INF http m=GET p=/assets/ResourceQuotaForm-D6gJNn3N.js s=200 d=39µs s=812
INF http m=GET p=/assets/ProfileSettings-rthGIjGN.js s=200 d=66µs s=4319
INF http m=GET p=/assets/ProfileSettings-D5kbNfHV.css s=200 d=38µs s=1220
INF http m=GET p=/assets/OrgSettingsPanel-BP8s6T0h.css s=200 d=25µs s=511
INF http m=GET p=/assets/OrgSettingsPanel-B78NX7Vn.js s=200 d=35µs s=2302
INF http m=GET p=/assets/InviteForm-R7w4u6kW.js s=200 d=29µs s=1267
INF http m=GET p=/assets/InviteForm-CW-wgFWD.css s=200 d=24µs s=414
INF http m=GET p=/assets/AdminDashboard-R0heLGro.css s=200 d=46µs s=601
INF http m=GET p=/assets/AdminDashboard-D3Sw1IyX.js s=200 d=96µs s=2075
INF http m=GET p=/manifest.webmanifest s=200 d=57µs s=199
ERR Failed to commit DB changes err="failed to stage db changes: exit status 128\nOutput: fatal: Unable to create '/home/runner/work/mddb/mddb/data-e2e/.git/index.lock': File exists.\n\nAnother git process seems to be running in this repository, or the lock file may be stale\n"
INF http m=POST p=/api/v1/auth/register s=200 d=101ms s=392
INF http m=GET p=/ s=200 d=58µs s=542
INF http m=GET p=/assets/index-SHhnYNGf.js s=200 d=144µs s=49792
INF http m=GET p=/api/v1/notifications/unread-count s=200 d=558µs s=25
INF http m=GET p=/assets/index-DPQ8uk7g.css s=200 d=108µs s=12402
INF http m=GET p=/assets/editor-vendor-Bje_VwYD.js s=200 d=241µs s=117396
INF http m=GET p=/assets/vendor-C3WBU0hm.js s=200 d=126µs s=29762
INF http m=GET p=/registerSW.js s=200 d=37µs s=87
INF http m=GET p=/api/v1/workspaces/44645S26O000/events s=200 d=275ms s=202
INF http m=GET p=/api/v1/organizations/44645RJUE000/users s=200 d=1.84ms s=324
INF http m=GET p=/api/v1/workspaces/44645S26O000/invitations s=200 d=2.03ms s=34
INF http m=GET p=/api/v1/auth/me s=200 d=731µs s=162
INF http m=GET p=/assets/en-BOb8f2G7.js s=200 d=150µs s=5207
INF http m=GET p=/api/v1/notifications/unread-count s=200 d=715µs s=25
ERR Failed to commit DB changes err="failed to stage db changes: exit status 128\nOutput: fatal: Unable to create '/home/runner/work/mddb/mddb/data-e2e/.git/index.lock': File exists.\n\nAnother git process seems to be running in this repository, or the lock file may be stale\n"
INF http m=POST p=/api/v1/organizations s=200 d=6.88ms s=349
INF http m=GET p=/sw.js s=200 d=1.81ms s=5540
INF http m=GET p=/api/v1/auth/me s=200 d=13ms s=249
INF http m=GET p=/favicon.png s=200 d=36µs s=449
INF http m=GET p=/registerSW.js s=200 d=32µs s=87
INF http m=GET p=/index.html s=200 d=39µs s=542
INF http m=GET p=/icon.svg s=200 d=36µs s=195
INF http m=GET p=/icon-512.png s=200 d=116µs s=6498
INF http m=GET p=/icon-192.png s=200 d=53µs s=2468
INF http m=GET p=/favicon.png s=200 d=36µs s=449
INF http m=GET p=/apple-touch-icon.png s=200 d=55µs s=2298
INF http m=GET p=/assets/material-symbols-names-mOXCVt15.js s=200 d=267µs s=15793
ERR Failed to add workspace submodule wsID=44645VUQQ000 err="failed to add submodule 44645VUQQ000: exit status 128\nOutput: Adding existing repo at '44645VUQQ000' to the index\nfatal: Unable to create '/home/runner/work/mddb/mddb/data-e2e/.git/index.lock': File exists.\n\nAnother git process seems to be running in this repository, or the lock file may be stale\nfatal: Failed to add submodule '44645VUQQ000'\n"
ERR Failed to commit DB changes err="failed to stage db changes: exit status 128\nOutput: fatal: Unable to create '/home/runner/work/mddb/mddb/data-e2e/.git/index.lock': File exists.\n\nAnother git process seems to be running in this repository, or the lock file may be stale\n"
INF http m=POST p=/api/v1/organizations/44645VEJK000/workspaces s=200 d=143ms s=298
ERR Failed to commit DB changes err="failed to stage db changes: exit status 128\nOutput: fatal: Unable to create '/home/runner/work/mddb/mddb/data-e2e/.git/index.lock': File exists.\n\nAnother git process seems to be running in this repository, or the lock file may be stale\n"
INF http m=POST p=/api/v1/auth/register s=200 d=119ms s=383
ERR Failed to commit DB changes err="failed to stage db changes: exit status 128\nOutput: fatal: Unable to create '/home/runner/work/mddb/mddb/data-e2e/.git/index.lock': File exists.\n\nAnother git process seems to be running in this repository, or the lock file may be stale\n"
INF http m=POST p=/api/v1/auth/switch-workspace s=200 d=6.96ms s=553
INF http m=GET p=/ s=200 d=55µs s=542
INF http m=GET p=/assets/fr-CgauyyXq.js s=200 d=48µs s=6301
INF http m=GET p=/assets/es-DHO8DnB9.js s=200 d=314µs s=6015
INF http m=GET p=/api/v1/notifications/unread-count s=200 d=184µs s=25
INF http m=GET p=/api/v1/workspaces/44645VUQQ000/members s=200 d=9.66ms s=120
INF http m=GET p=/assets/emoji-groups-tsNE8Axz.js s=200 d=165µs s=13852
INF http m=GET p=/assets/editor-vendor-Bje_VwYD.js s=200 d=178µs s=117396
INF http m=GET p=/assets/index-SHhnYNGf.js s=200 d=129µs s=49792
INF http m=GET p=/assets/index-DPQ8uk7g.css s=200 d=1.31ms s=12402
INF http m=GET p=/assets/vendor-C3WBU0hm.js s=200 d=146µs s=29762
INF http m=GET p=/api/v1/workspaces/44645VUQQ000/nodes/0/children s=200 d=16.8ms s=26
INF http m=GET p=/registerSW.js s=200 d=67µs s=87
ERR Failed to commit DB changes err="failed to stage db changes: exit status 128\nOutput: fatal: Unable to create '/home/runner/work/mddb/mddb/data-e2e/.git/index.lock': File exists.\n\nAnother git process seems to be running in this repository, or the lock file may be stale\n"
INF http m=POST p=/api/v1/workspaces/44645VUQQ000/nodes/0/page/create s=200 d=29.8ms s=35
INF http m=GET p=/api/v1/workspaces/44645VUQQ000/nodes/0/children s=200 d=642µs s=257
INF http m=GET p=/assets/de-qJeflSp6.js s=200 d=105µs s=6245
INF http m=GET p=/api/v1/workspaces/44645VUQQ000/nodes/446461B5I000 s=200 d=610µs s=245
INF http m=GET p=/assets/WorkspaceSettingsPanel-CsUOm22X.css s=200 d=32µs s=1025
INF http m=GET p=/assets/WorkspaceSettingsPanel-CM5oaFTF.js s=200 d=60µs s=4443
INF http m=GET p=/assets/ServerSettingsPanel-pbgISWIv.css s=200 d=43µs s=596
INF http m=GET p=/assets/ServerSettingsPanel-C8C6nm9a.js s=200 d=46µs s=2550
INF http m=GET p=/assets/Editor-5FlZhQpN.js s=200 d=85µs s=13509
INF http m=GET p=/assets/Editor-BYBWY7b1.css s=200 d=81µs s=2240
INF http m=GET p=/assets/ResourceQuotaForm-DTSj8Ta5.css s=200 d=38µs s=302
INF http m=GET p=/assets/ResourceQuotaForm-D6gJNn3N.js s=200 d=63µs s=812
INF http m=GET p=/assets/ProfileSettings-rthGIjGN.js s=200 d=54µs s=4319
INF http m=GET p=/assets/ProfileSettings-D5kbNfHV.css s=200 d=34µs s=1220
INF http m=GET p=/assets/OrgSettingsPanel-BP8s6T0h.css s=200 d=34µs s=511
INF http m=GET p=/api/v1/auth/me s=200 d=564µs s=165
INF http m=GET p=/assets/OrgSettingsPanel-B78NX7Vn.js s=200 d=51µs s=2302
INF http m=GET p=/assets/en-BOb8f2G7.js s=200 d=72µs s=5207
INF http m=GET p=/assets/InviteForm-R7w4u6kW.js s=200 d=44µs s=1267
INF http m=GET p=/api/v1/notifications/unread-count s=200 d=160µs s=25
INF http m=GET p=/assets/InviteForm-CW-wgFWD.css s=200 d=40µs s=414
INF http m=GET p=/sw.js s=200 d=84µs s=5540
INF http m=GET p=/assets/AdminDashboard-R0heLGro.css s=200 d=30µs s=601
INF http m=GET p=/assets/AdminDashboard-D3Sw1IyX.js s=200 d=46µs s=2075
INF http m=GET p=/manifest.webmanifest s=200 d=30µs s=199
ERR Failed to commit DB changes err="failed to stage db changes: exit status 128\nOutput: fatal: Unable to create '/home/runner/work/mddb/mddb/data-e2e/.git/index.lock': File exists.\n\nAnother git process seems to be running in this repository, or the lock file may be stale\n"
INF http m=POST p=/api/v1/organizations s=200 d=3.52ms s=348
INF http m=GET p=/favicon.png s=200 d=40µs s=449
INF http m=GET p=/api/v1/auth/me s=200 d=528µs s=251
INF http m=GET p=/registerSW.js s=200 d=37µs s=87
INF http m=GET p=/index.html s=200 d=38µs s=542
INF http m=GET p=/icon.svg s=200 d=30µs s=195
INF http m=GET p=/api/v1/notifications/unread-count s=200 d=162µs s=25
INF http m=GET p=/icon-512.png s=200 d=50µs s=6498
INF http m=GET p=/icon-192.png s=200 d=101µs s=2468
INF http m=GET p=/favicon.png s=200 d=34µs s=449
INF http m=GET p=/api/v1/workspaces/44645VUQQ000/events s=200 d=270ms s=202
INF http m=GET p=/apple-touch-icon.png s=200 d=47µs s=2298
INF http m=GET p=/api/v1/workspaces/44645VUQQ000/invitations s=200 d=3.67ms s=34
INF http m=GET p=/api/v1/organizations/44645VEJK000/users s=200 d=7.45ms s=327
INF http m=GET p=/assets/material-symbols-names-mOXCVt15.js s=200 d=125µs s=15793
ERR Failed to add workspace submodule wsID=446462FR0000 err="failed to add submodule 446462FR0000: exit status 128\nOutput: Adding existing repo at '446462FR0000' to the index\nfatal: Unable to create '/home/runner/work/mddb/mddb/data-e2e/.git/index.lock': File exists.\n\nAnother git process seems to be running in this repository, or the lock file may be stale\nfatal: Failed to add submodule '446462FR0000'\n"
ERR Failed to commit DB changes err="failed to stage db changes: exit status 128\nOutput: fatal: Unable to create '/home/runner/work/mddb/mddb/data-e2e/.git/index.lock': File exists.\n\nAnother git process seems to be running in this repository, or the lock file may be stale\n"
INF http m=POST p=/api/v1/organizations/446462BHC000/workspaces s=200 d=98ms s=298
ERR Failed to commit DB changes err="failed to stage db changes: exit status 128\nOutput: fatal: Unable to create '/home/runner/work/mddb/mddb/data-e2e/.git/index.lock': File exists.\n\nAnother git process seems to be running in this repository, or the lock file may be stale\n"
INF http m=POST p=/api/v1/auth/switch-workspace s=200 d=4.35ms s=567
INF http m=GET p=/assets/fr-CgauyyXq.js s=200 d=82µs s=6301
INF http m=GET p=/api/v1/workspaces/446462FR0000/members s=200 d=3.21ms s=112
INF http m=GET p=/assets/es-DHO8DnB9.js s=200 d=5.73ms s=6015
INF http m=GET p=/api/v1/notifications/unread-count s=200 d=13.2ms s=25
INF http m=GET p=/api/v1/workspaces/446462FR0000/nodes/0/children s=200 d=14.6ms s=26
INF http m=GET p=/assets/emoji-groups-tsNE8Axz.js s=200 d=144µs s=13852
ERR Failed to commit DB changes err="failed to stage db changes: exit status 128\nOutput: fatal: Unable to create '/home/runner/work/mddb/mddb/data-e2e/.git/index.lock': File exists.\n\nAnother git process seems to be running in this repository, or the lock file may be stale\n"
INF http m=POST p=/api/v1/workspaces/446462FR0000/nodes/0/page/create s=200 d=41.8ms s=35
INF http m=GET p=/api/v1/workspaces/446462FR0000/nodes/0/children s=200 d=973µs s=257
INF http m=GET p=/api/v1/workspaces/446462FR0000/nodes/446463BFI000 s=200 d=1.29ms s=245
INF http m=GET p=/assets/Editor-BYBWY7b1.css s=200 d=36µs s=2240
INF http m=GET p=/assets/Editor-5FlZhQpN.js s=200 d=2.37ms s=13509
INF http m=GET p=/api/v1/workspaces/44645VUQQ000 s=200 d=552µs s=298
INF http m=GET p=/assets/de-qJeflSp6.js s=200 d=233µs s=6245
INF http m=GET p=/assets/WorkspaceSettingsPanel-CsUOm22X.css s=200 d=42µs s=1025
INF http m=GET p=/assets/WorkspaceSettingsPanel-CM5oaFTF.js s=200 d=55µs s=4443
INF http m=GET p=/assets/ServerSettingsPanel-pbgISWIv.css s=200 d=44µs s=596
INF http m=GET p=/assets/ServerSettingsPanel-C8C6nm9a.js s=200 d=34µs s=2550
INF http m=GET p=/assets/ResourceQuotaForm-DTSj8Ta5.css s=200 d=40µs s=302
INF http m=GET p=/assets/ResourceQuotaForm-D6gJNn3N.js s=200 d=33µs s=812
INF http m=GET p=/assets/ProfileSettings-rthGIjGN.js s=200 d=41µs s=4319
INF http m=GET p=/assets/ProfileSettings-D5kbNfHV.css s=200 d=31µs s=1220
INF http m=GET p=/assets/OrgSettingsPanel-BP8s6T0h.css s=200 d=22µs s=511
INF http m=GET p=/assets/OrgSettingsPanel-B78NX7Vn.js s=200 d=38µs s=2302
INF http m=GET p=/assets/InviteForm-R7w4u6kW.js s=200 d=28µs s=1267
INF http m=GET p=/assets/InviteForm-CW-wgFWD.css s=200 d=39µs s=414
INF http m=GET p=/assets/AdminDashboard-R0heLGro.css s=200 d=28µs s=601
INF http m=GET p=/assets/AdminDashboard-D3Sw1IyX.js s=200 d=27µs s=2075
INF http m=GET p=/manifest.webmanifest s=200 d=17µs s=199
INF http m=GET p=/api/v1/notifications/unread-count s=200 d=183µs s=25
INF http m=GET p=/api/v1/workspaces/446462FR0000/events s=200 d=181ms s=202
INF http m=GET p=/api/v1/github-app/available s=200 d=239µs s=33
INF http m=GET p=/api/v1/organizations/446462BHC000/users s=200 d=1ms s=326
INF http m=GET p=/api/v1/workspaces/446462FR0000/invitations s=200 d=196µs s=34
INF http m=GET p=/api/v1/workspaces/44645VUQQ000/settings/git s=200 d=1.49ms s=18
INF http m=GET p=/api/v1/workspaces/44645VUQQ000/settings/git/status s=200 d=140µs s=32
ERR Failed to commit DB changes err="failed to stage db changes: exit status 128\nOutput: fatal: Unable to create '/home/runner/work/mddb/mddb/data-e2e/.git/index.lock': File exists.\n\nAnother git process seems to be running in this repository, or the lock file may be stale\n"
INF http m=POST p=/api/v1/auth/register s=200 d=99.2ms s=391
INF http m=GET p=/ s=200 d=56µs s=542
INF http m=GET p=/assets/index-DPQ8uk7g.css s=200 d=147µs s=12402
INF http m=GET p=/assets/index-SHhnYNGf.js s=200 d=168µs s=49792
INF http m=GET p=/assets/editor-vendor-Bje_VwYD.js s=200 d=170µs s=117396
INF http m=GET p=/registerSW.js s=200 d=45µs s=87
INF http m=GET p=/assets/vendor-C3WBU0hm.js s=200 d=103µs s=29762
ERR Failed to commit DB changes err="failed to stage db changes: exit status 128\nOutput: fatal: Unable to create '/home/runner/work/mddb/mddb/data-e2e/.git/index.lock': File exists.\n\nAnother git process seems to be running in this repository, or the lock file may be stale\n"
INF http m=POST p=/api/v1/auth/register s=200 d=125ms s=386
INF http m=GET p=/ s=200 d=59µs s=542
INF http m=GET p=/assets/index-SHhnYNGf.js s=200 d=147µs s=49792
INF http m=GET p=/assets/index-DPQ8uk7g.css s=200 d=109µs s=12402
INF http m=GET p=/assets/editor-vendor-Bje_VwYD.js s=200 d=2.68ms s=117396
INF http m=GET p=/registerSW.js s=200 d=44µs s=87
INF http m=GET p=/assets/vendor-C3WBU0hm.js s=200 d=136µs s=29762
INF http m=GET p=/api/v1/auth/me s=200 d=531µs s=165
INF http m=GET p=/assets/en-BOb8f2G7.js s=200 d=93µs s=5207
INF http m=GET p=/api/v1/notifications/unread-count s=200 d=8.09ms s=25
ERR Failed to commit DB changes err="failed to stage db changes: exit status 128\nOutput: fatal: Unable to create '/home/runner/work/mddb/mddb/data-e2e/.git/index.lock': File exists.\n\nAnother git process seems to be running in this repository, or the lock file may be stale\n"
INF http m=POST p=/api/v1/organizations s=200 d=13.7ms s=350
INF http m=GET p=/sw.js s=200 d=83µs s=5540
INF http m=GET p=/favicon.png s=200 d=33µs s=449
INF http m=GET p=/api/v1/auth/me s=200 d=4.74ms s=249
INF http m=GET p=/api/v1/auth/me s=200 d=514µs s=162
INF http m=GET p=/assets/en-BOb8f2G7.js s=200 d=110µs s=5207
INF http m=GET p=/registerSW.js s=200 d=30µs s=87
INF http m=GET p=/index.html s=200 d=37µs s=542
INF http m=GET p=/sw.js s=200 d=83µs s=5540
INF http m=GET p=/icon.svg s=200 d=23µs s=195
INF http m=GET p=/favicon.png s=200 d=12µs s=449
INF http m=GET p=/icon-512.png s=200 d=83µs s=6498
INF http m=GET p=/api/v1/notifications/unread-count s=200 d=3.22ms s=25
INF http m=GET p=/icon-192.png s=200 d=49µs s=2468
INF http m=GET p=/favicon.png s=200 d=46µs s=449
INF http m=GET p=/apple-touch-icon.png s=200 d=82µs s=2298
INF http m=GET p=/registerSW.js s=200 d=38µs s=87
INF http m=GET p=/index.html s=200 d=41µs s=542
INF http m=GET p=/assets/material-symbols-names-mOXCVt15.js s=200 d=80µs s=15793
INF http m=GET p=/icon.svg s=200 d=20µs s=195
INF http m=GET p=/icon-512.png s=200 d=99µs s=6498
INF http m=GET p=/icon-192.png s=200 d=40µs s=2468
ERR Failed to add workspace submodule wsID=44646876S000 err="failed to add submodule 44646876S000: exit status 128\nOutput: Adding existing repo at '44646876S000' to the index\nfatal: Unable to create '/home/runner/work/mddb/mddb/data-e2e/.git/index.lock': File exists.\n\nAnother git process seems to be running in this repository, or the lock file may be stale\nfatal: Failed to add submodule '44646876S000'\n"
INF http m=GET p=/assets/fr-CgauyyXq.js s=200 d=64µs s=6301
INF http m=GET p=/favicon.png s=200 d=36µs s=449
ERR Failed to commit DB changes err="failed to stage db changes: exit status 128\nOutput: fatal: Unable to create '/home/runner/work/mddb/mddb/data-e2e/.git/index.lock': File exists.\n\nAnother git process seems to be running in this repository, or the lock file may be stale\n"
INF http m=POST p=/api/v1/organizations s=200 d=83ms s=349
INF http m=GET p=/assets/es-DHO8DnB9.js s=200 d=103µs s=6015
ERR Failed to commit DB changes err="failed to stage db changes: exit status 128\nOutput: fatal: Unable to create '/home/runner/work/mddb/mddb/data-e2e/.git/index.lock': File exists.\n\nAnother git process seems to be running in this repository, or the lock file may be stale\n"
INF http m=GET p=/apple-touch-icon.png s=200 d=97µs s=2298
INF http m=POST p=/api/v1/organizations/446467STM000/workspaces s=200 d=153ms s=299
INF http m=GET p=/api/v1/auth/me s=200 d=8.87ms s=248
ERR Failed to commit DB changes err="failed to stage db changes: exit status 128\nOutput: fatal: Unable to create '/home/runner/work/mddb/mddb/data-e2e/.git/index.lock': File exists.\n\nAnother git process seems to be running in this repository, or the lock file may be stale\n"
INF http m=POST p=/api/v1/auth/switch-workspace s=200 d=10.3ms s=574
INF http m=GET p=/assets/emoji-groups-tsNE8Axz.js s=200 d=104µs s=13852
INF http m=GET p=/assets/material-symbols-names-mOXCVt15.js s=200 d=84µs s=15793
INF http m=GET p=/assets/fr-CgauyyXq.js s=200 d=73µs s=6301
INF http m=GET p=/assets/es-DHO8DnB9.js s=200 d=60µs s=6015
INF http m=GET p=/api/v1/notifications/unread-count s=200 d=1.27ms s=25
INF http m=GET p=/assets/emoji-groups-tsNE8Axz.js s=200 d=140µs s=13852
INF http m=GET p=/api/v1/workspaces/44646876S000/nodes/0/children s=200 d=10.5ms s=26
INF http m=GET p=/api/v1/workspaces/44646876S000/members s=200 d=13.2ms s=128
INF http m=GET p=/assets/de-qJeflSp6.js s=200 d=99µs s=6245
INF http m=GET p=/assets/WorkspaceSettingsPanel-CsUOm22X.css s=200 d=40µs s=1025
ERR Failed to add workspace submodule wsID=4464696E0000 err="failed to add submodule 4464696E0000: exit status 128\nOutput: Adding existing repo at '4464696E0000' to the index\nfatal: Unable to create '/home/runner/work/mddb/mddb/data-e2e/.git/index.lock': File exists.\n\nAnother git process seems to be running in this repository, or the lock file may be stale\nfatal: Failed to add submodule '4464696E0000'\n"
INF http m=GET p=/assets/WorkspaceSettingsPanel-CM5oaFTF.js s=200 d=68µs s=4443
ERR Failed to commit DB changes err="failed to stage db changes: exit status 128\nOutput: fatal: Unable to create '/home/runner/work/mddb/mddb/data-e2e/.git/index.lock': File exists.\n\nAnother git process seems to be running in this repository, or the lock file may be stale\n"
INF http m=POST p=/api/v1/organizations/446468IKM000/workspaces s=200 d=116ms s=295
ERR Failed to commit DB changes err="failed to stage db changes: exit status 128\nOutput: fatal: Unable to create '/home/runner/work/mddb/mddb/data-e2e/.git/index.lock': File exists.\n\nAnother git process seems to be running in this repository, or the lock file may be stale\n"
INF http m=GET p=/assets/ServerSettingsPanel-pbgISWIv.css s=200 d=33µs s=596
INF http m=POST p=/api/v1/workspaces/44646876S000/nodes/0/page/create s=200 d=51.5ms s=35
ERR Failed to commit DB changes err="failed to stage db changes: exit status 128\nOutput: fatal: Unable to create '/home/runner/work/mddb/mddb/data-e2e/.git/index.lock': File exists.\n\nAnother git process seems to be running in this repository, or the lock file may be stale\n"
INF http m=POST p=/api/v1/auth/switch-workspace s=200 d=5.54ms s=603
INF http m=GET p=/assets/de-qJeflSp6.js s=200 d=81µs s=6245
INF http m=GET p=/assets/ServerSettingsPanel-C8C6nm9a.js s=200 d=77µs s=2550
INF http m=GET p=/assets/WorkspaceSettingsPanel-CsUOm22X.css s=200 d=25µs s=1025
INF http m=GET p=/api/v1/workspaces/44646876S000/nodes/0/children s=200 d=719µs s=257
INF http m=GET p=/assets/ResourceQuotaForm-DTSj8Ta5.css s=200 d=25µs s=302
INF http m=GET p=/assets/WorkspaceSettingsPanel-CM5oaFTF.js s=200 d=55µs s=4443
INF http m=GET p=/api/v1/workspaces/44646876S000/nodes/446469KQA000 s=200 d=589µs s=245
INF http m=GET p=/assets/ResourceQuotaForm-D6gJNn3N.js s=200 d=45µs s=812
INF http m=GET p=/api/v1/notifications/unread-count s=200 d=150µs s=25
INF http m=GET p=/api/v1/workspaces/4464696E0000/members s=200 d=417µs s=124
INF http m=GET p=/assets/ServerSettingsPanel-pbgISWIv.css s=200 d=47µs s=596
INF http m=GET p=/assets/ProfileSettings-rthGIjGN.js s=200 d=98µs s=4319
INF http m=GET p=/api/v1/workspaces/4464696E0000/nodes/0/children s=200 d=6.6ms s=26
INF http m=GET p=/assets/Editor-5FlZhQpN.js s=200 d=131µs s=13509
INF http m=GET p=/assets/Editor-BYBWY7b1.css s=200 d=49µs s=2240
INF http m=GET p=/assets/ServerSettingsPanel-C8C6nm9a.js s=200 d=52µs s=2550
INF http m=GET p=/assets/ProfileSettings-D5kbNfHV.css s=200 d=45µs s=1220
INF http m=GET p=/assets/OrgSettingsPanel-BP8s6T0h.css s=200 d=36µs s=511
INF http m=GET p=/assets/OrgSettingsPanel-B78NX7Vn.js s=200 d=36µs s=2302
INF http m=GET p=/assets/InviteForm-R7w4u6kW.js s=200 d=32µs s=1267
INF http m=GET p=/assets/ResourceQuotaForm-DTSj8Ta5.css s=200 d=24µs s=302
INF http m=GET p=/assets/InviteForm-CW-wgFWD.css s=200 d=29µs s=414
INF http m=GET p=/assets/ResourceQuotaForm-D6gJNn3N.js s=200 d=42µs s=812
ERR Failed to commit DB changes err="failed to stage db changes: exit status 128\nOutput: fatal: Unable to create '/home/runner/work/mddb/mddb/data-e2e/.git/index.lock': File exists.\n\nAnother git process seems to be running in this repository, or the lock file may be stale\n"
INF http m=POST p=/api/v1/workspaces/4464696E0000/nodes/0/page/create s=200 d=27ms s=35
INF http m=GET p=/assets/ProfileSettings-rthGIjGN.js s=200 d=109µs s=4319
INF http m=GET p=/api/v1/workspaces/4464696E0000/nodes/0/children s=200 d=304µs s=257
INF http m=GET p=/assets/AdminDashboard-R0heLGro.css s=200 d=22µs s=601
INF http m=GET p=/assets/AdminDashboard-D3Sw1IyX.js s=200 d=65µs s=2075
INF http m=GET p=/assets/ProfileSettings-D5kbNfHV.css s=200 d=21µs s=1220
INF http m=GET p=/api/v1/workspaces/4464696E0000/nodes/44646AA1K000 s=200 d=252µs s=245
INF http m=GET p=/manifest.webmanifest s=200 d=24µs s=199
INF http m=GET p=/assets/OrgSettingsPanel-BP8s6T0h.css s=200 d=25µs s=511
INF http m=GET p=/assets/Editor-5FlZhQpN.js s=200 d=125µs s=13509
INF http m=GET p=/assets/Editor-BYBWY7b1.css s=200 d=33µs s=2240
INF http m=GET p=/assets/OrgSettingsPanel-B78NX7Vn.js s=200 d=33µs s=2302
INF http m=GET p=/assets/InviteForm-R7w4u6kW.js s=200 d=31µs s=1267
ERR Failed to commit DB changes err="failed to stage db changes: exit status 128\nOutput: fatal: Unable to create '/home/runner/work/mddb/mddb/data-e2e/.git/index.lock': File exists.\n\nAnother git process seems to be running in this repository, or the lock file may be stale\n"
INF http m=POST p=/api/v1/auth/logout s=200 d=5.16ms s=25
INF http m=GET p=/assets/InviteForm-CW-wgFWD.css s=200 d=39µs s=414
INF http m=GET p=/api/v1/workspaces/44646876S000/members s=401 d=660µs s=26
INF http m=GET p=/api/v1/auth/providers s=200 d=540µs s=59
INF http m=GET p=/api/v1/auth/providers s=200 d=703µs s=59
INF http m=GET p=/api/v1/workspaces/44646876S000/events s=200 d=211ms s=202
INF http m=GET p=/assets/AdminDashboard-R0heLGro.css s=200 d=46µs s=601
INF http m=GET p=/assets/AdminDashboard-D3Sw1IyX.js s=200 d=52µs s=2075
INF http m=GET p=/manifest.webmanifest s=200 d=38µs s=199
INF http m=GET p=/api/v1/notifications/unread-count s=200 d=271µs s=25
INF http m=GET p=/api/v1/workspaces/4464696E0000/events s=200 d=187ms s=201
INF http m=GET p=/api/v1/organizations/446468IKM000/users s=200 d=953µs s=324
INF http m=GET p=/api/v1/workspaces/4464696E0000/invitations s=200 d=211µs s=34
INF http m=GET p=/api/v1/workspaces/4464696E0000 s=200 d=590µs s=295
INF http m=GET p=/ s=200 d=61µs s=542
INF http m=GET p=/assets/index-DPQ8uk7g.css s=200 d=130µs s=12402
INF http m=GET p=/assets/vendor-C3WBU0hm.js s=200 d=95µs s=29762
INF http m=GET p=/assets/editor-vendor-Bje_VwYD.js s=200 d=132µs s=117396
INF http m=GET p=/assets/index-SHhnYNGf.js s=200 d=657µs s=49792
INF http m=GET p=/registerSW.js s=200 d=58µs s=87
ERR Failed to commit DB changes err="failed to stage db changes: exit status 128\nOutput: fatal: Unable to create '/home/runner/work/mddb/mddb/data-e2e/.git/index.lock': File exists.\n\nAnother git process seems to be running in this repository, or the lock file may be stale\n"
INF http m=POST p=/api/v1/workspaces/4464696E0000 s=200 d=3.86ms s=292
INF http m=GET p=/api/v1/auth/me s=401 d=141µs s=27
INF http m=GET p=/assets/en-BOb8f2G7.js s=200 d=71µs s=5207
INF http m=POST p=/api/v1/auth/logout s=401 d=135µs s=27
INF http m=GET p=/sw.js s=200 d=93µs s=5540
INF http m=GET p=/favicon.png s=200 d=27µs s=449
INF http m=GET p=/api/v1/auth/providers s=200 d=257µs s=59
INF http m=GET p=/registerSW.js s=200 d=52µs s=87
INF http m=GET p=/index.html s=200 d=46µs s=542
INF http m=GET p=/icon.svg s=200 d=39µs s=195
INF http m=GET p=/icon-512.png s=200 d=57µs s=6498
INF http m=GET p=/icon-192.png s=200 d=58µs s=2468
INF http m=GET p=/favicon.png s=200 d=37µs s=449
INF http m=GET p=/apple-touch-icon.png s=200 d=75µs s=2298
ERR Failed to commit DB changes err="failed to stage db changes: exit status 128\nOutput: fatal: Unable to create '/home/runner/work/mddb/mddb/data-e2e/.git/index.lock': File exists.\n\nAnother git process seems to be running in this repository, or the lock file may be stale\n"
INF http m=POST p=/api/v1/auth/register s=200 d=83.1ms s=396
INF http m=GET p=/ s=200 d=64µs s=542
INF http m=GET p=/assets/material-symbols-names-mOXCVt15.js s=200 d=110µs s=15793
INF http m=GET p=/registerSW.js s=200 d=39µs s=87
INF http m=GET p=/assets/index-SHhnYNGf.js s=200 d=147µs s=49792
INF http m=GET p=/assets/vendor-C3WBU0hm.js s=200 d=104µs s=29762
INF http m=GET p=/assets/editor-vendor-Bje_VwYD.js s=200 d=140µs s=117396
INF http m=GET p=/assets/index-DPQ8uk7g.css s=200 d=71µs s=12402
INF http m=GET p=/api/v1/auth/me s=200 d=530µs s=164
INF http m=GET p=/assets/en-BOb8f2G7.js s=200 d=81µs s=5207
INF http m=GET p=/api/v1/notifications/unread-count s=200 d=195µs s=25
INF http m=GET p=/favicon.png s=200 d=31µs s=449
ERR Failed to commit DB changes err="failed to stage db changes: exit status 128\nOutput: fatal: Unable to create '/home/runner/work/mddb/mddb/data-e2e/.git/index.lock': File exists.\n\nAnother git process seems to be running in this repository, or the lock file may be stale\n"
INF http m=POST p=/api/v1/organizations s=200 d=12.9ms s=349
INF http m=GET p=/sw.js s=200 d=116µs s=5540
INF http m=GET p=/api/v1/auth/me s=200 d=251µs s=251
INF http m=GET p=/registerSW.js s=200 d=38µs s=87
INF http m=GET p=/index.html s=200 d=31µs s=542
INF http m=GET p=/icon.svg s=200 d=43µs s=195
INF http m=GET p=/icon-512.png s=200 d=110µs s=6498
INF http m=GET p=/icon-192.png s=200 d=86µs s=2468
INF http m=GET p=/favicon.png s=200 d=25µs s=449
INF http m=GET p=/apple-touch-icon.png s=200 d=40µs s=2298
INF http m=GET p=/assets/material-symbols-names-mOXCVt15.js s=200 d=90µs s=15793
INF http m=GET p=/assets/fr-CgauyyXq.js s=200 d=114µs s=6301
INF http m=GET p=/assets/es-DHO8DnB9.js s=200 d=88µs s=6015
INF http m=GET p=/assets/emoji-groups-tsNE8Axz.js s=200 d=108µs s=13852
INF http m=GET p=/assets/de-qJeflSp6.js s=200 d=158µs s=6245
ERR Failed to add workspace submodule wsID=44646FT56000 err="failed to add submodule 44646FT56000: exit status 128\nOutput: Adding existing repo at '44646FT56000' to the index\nfatal: Unable to create '/home/runner/work/mddb/mddb/data-e2e/.git/index.lock': File exists.\n\nAnother git process seems to be running in this repository, or the lock file may be stale\nfatal: Failed to add submodule '44646FT56000'\n"
ERR Failed to commit DB changes err="failed to stage db changes: exit status 128\nOutput: fatal: Unable to create '/home/runner/work/mddb/mddb/data-e2e/.git/index.lock': File exists.\n\nAnother git process seems to be running in this repository, or the lock file may be stale\n"
INF http m=POST p=/api/v1/organizations/44646FJAA000/workspaces s=200 d=229ms s=298
INF http m=GET p=/assets/WorkspaceSettingsPanel-CsUOm22X.css s=200 d=34µs s=1025
ERR Failed to commit DB changes err="failed to stage db changes: exit status 128\nOutput: fatal: Unable to create '/home/runner/work/mddb/mddb/data-e2e/.git/index.lock': File exists.\n\nAnother git process seems to be running in this repository, or the lock file may be stale\n"
INF http m=POST p=/api/v1/auth/register s=200 d=197ms s=395
INF http m=GET p=/assets/WorkspaceSettingsPanel-CM5oaFTF.js s=200 d=77µs s=4443
ERR Failed to commit DB changes err="failed to stage db changes: exit status 128\nOutput: fatal: Unable to create '/home/runner/work/mddb/mddb/data-e2e/.git/index.lock': File exists.\n\nAnother git process seems to be running in this repository, or the lock file may be stale\n"
INF http m=POST p=/api/v1/auth/switch-workspace s=200 d=7.74ms s=564
INF http m=GET p=/ s=200 d=45µs s=542
INF http m=GET p=/assets/ServerSettingsPanel-pbgISWIv.css s=200 d=41µs s=596
INF http m=GET p=/assets/ServerSettingsPanel-C8C6nm9a.js s=200 d=78µs s=2550
INF http m=GET p=/api/v1/workspaces/44646FT56000/members s=200 d=729µs s=130
INF http m=GET p=/api/v1/workspaces/44646FT56000/nodes/0/children s=200 d=365µs s=26
INF http m=GET p=/api/v1/notifications/unread-count s=200 d=16.1ms s=25
INF http m=GET p=/assets/ResourceQuotaForm-DTSj8Ta5.css s=200 d=44µs s=302
INF http m=GET p=/assets/index-DPQ8uk7g.css s=200 d=149µs s=12402
INF http m=GET p=/assets/index-SHhnYNGf.js s=200 d=123µs s=49792
INF http m=GET p=/registerSW.js s=200 d=29µs s=87
INF http m=GET p=/assets/vendor-C3WBU0hm.js s=200 d=90µs s=29762
INF http m=GET p=/assets/editor-vendor-Bje_VwYD.js s=200 d=136µs s=117396
INF http m=GET p=/assets/ResourceQuotaForm-D6gJNn3N.js s=200 d=27µs s=812
INF http m=GET p=/assets/ProfileSettings-rthGIjGN.js s=200 d=97µs s=4319
INF http m=GET p=/assets/ProfileSettings-D5kbNfHV.css s=200 d=31µs s=1220
ERR Failed to commit DB changes err="failed to stage db changes: exit status 128\nOutput: fatal: Unable to create '/home/runner/work/mddb/mddb/data-e2e/.git/index.lock': File exists.\n\nAnother git process seems to be running in this repository, or the lock file may be stale\n"
INF http m=POST p=/api/v1/workspaces/44646FT56000/nodes/0/page/create s=200 d=33ms s=35
INF http m=GET p=/assets/OrgSettingsPanel-BP8s6T0h.css s=200 d=31µs s=511
INF http m=GET p=/assets/OrgSettingsPanel-B78NX7Vn.js s=200 d=45µs s=2302
INF http m=GET p=/api/v1/workspaces/44646FT56000/nodes/0/children s=200 d=730µs s=257
INF http m=GET p=/assets/InviteForm-R7w4u6kW.js s=200 d=34µs s=1267
INF http m=GET p=/api/v1/workspaces/44646FT56000/nodes/44646HMLK000 s=200 d=750µs s=245
INF http m=GET p=/assets/InviteForm-CW-wgFWD.css s=200 d=34µs s=414
INF http m=GET p=/assets/Editor-BYBWY7b1.css s=200 d=45µs s=2240
INF http m=GET p=/assets/Editor-5FlZhQpN.js s=200 d=135µs s=13509
ERR Failed to commit DB changes err="failed to stage db changes: exit status 128\nOutput: fatal: Unable to create '/home/runner/work/mddb/mddb/data-e2e/.git/index.lock': File exists.\n\nAnother git process seems to be running in this repository, or the lock file may be stale\n"
INF http m=POST p=/api/v1/workspaces/44646FT56000/nodes/0/table/create s=200 d=36.7ms s=26
INF http m=GET p=/assets/AdminDashboard-R0heLGro.css s=200 d=177µs s=601
INF http m=GET p=/assets/AdminDashboard-D3Sw1IyX.js s=200 d=40µs s=2075
INF http m=GET p=/manifest.webmanifest s=200 d=36µs s=199
INF http m=GET p=/w/@44646FT56000+workspace/@44646HMLK000+welcome s=200 d=26µs s=542
INF http m=GET p=/api/v1/workspaces/44646FT56000/events s=200 d=135ms s=233
INF http m=GET p=/registerSW.js s=200 d=35µs s=87
INF http m=GET p=/api/v1/auth/me s=200 d=508µs s=168
INF http m=GET p=/assets/en-BOb8f2G7.js s=200 d=107µs s=5207
INF http m=GET p=/api/v1/auth/me s=200 d=564µs s=347
INF http m=GET p=/sw.js s=200 d=100µs s=5540
INF http m=GET p=/api/v1/notifications/unread-count s=200 d=196µs s=25
ERR Failed to commit DB changes err="failed to stage db changes: exit status 128\nOutput: fatal: Unable to create '/home/runner/work/mddb/mddb/data-e2e/.git/index.lock': File exists.\n\nAnother git process seems to be running in this repository, or the lock file may be stale\n"
INF http m=POST p=/api/v1/organizations s=200 d=8.51ms s=350
INF http m=GET p=/api/v1/notifications/unread-count s=200 d=191µs s=25
INF http m=GET p=/favicon.png s=200 d=39µs s=449
INF http m=GET p=/api/v1/workspaces/44646FT56000/nodes/0/children s=200 d=1.46ms s=358
INF http m=GET p=/api/v1/workspaces/44646FT56000/members s=200 d=2.2ms s=130
INF http m=GET p=/registerSW.js s=200 d=29µs s=87
INF http m=GET p=/api/v1/workspaces/44646FT56000/nodes/44646HMLK000 s=200 d=202µs s=245
INF http m=GET p=/index.html s=200 d=2.93ms s=542
INF http m=GET p=/api/v1/auth/me s=200 d=12.1ms s=252
INF http m=GET p=/icon.svg s=200 d=30µs s=195
INF http m=GET p=/icon-512.png s=200 d=78µs s=6498
INF http m=GET p=/icon-192.png s=200 d=35µs s=2468
INF http m=GET p=/favicon.png s=200 d=30µs s=449
INF http m=GET p=/apple-touch-icon.png s=200 d=31µs s=2298
INF http m=GET p=/api/v1/workspaces/44646FT56000/nodes/44646I04E000 s=200 d=641µs s=219
INF http m=GET p=/assets/material-symbols-names-mOXCVt15.js s=200 d=101µs s=15793
INF http m=GET p=/api/v1/workspaces/44646FT56000/nodes/44646I04E000/table/records s=200 d=561µs s=28
INF http m=GET p=/assets/fr-CgauyyXq.js s=200 d=76µs s=6301
ERR Failed to add workspace submodule wsID=44646J5MC000 err="failed to add submodule 44646J5MC000: exit status 128\nOutput: Adding existing repo at '44646J5MC000' to the index\nfatal: Unable to create '/home/runner/work/mddb/mddb/data-e2e/.git/index.lock': File exists.\n\nAnother git process seems to be running in this repository, or the lock file may be stale\nfatal: Failed to add submodule '44646J5MC000'\n"
INF http m=GET p=/assets/es-DHO8DnB9.js s=200 d=93µs s=6015
ERR Failed to commit DB changes err="failed to stage db changes: exit status 128\nOutput: fatal: Unable to create '/home/runner/work/mddb/mddb/data-e2e/.git/index.lock': File exists.\n\nAnother git process seems to be running in this repository, or the lock file may be stale\n"
INF http m=POST p=/api/v1/organizations/44646IO7I000/workspaces s=200 d=86.1ms s=300
ERR Failed to commit DB changes err="failed to stage db changes: exit status 128\nOutput: fatal: Unable to create '/home/runner/work/mddb/mddb/data-e2e/.git/index.lock': File exists.\n\nAnother git process seems to be running in this repository, or the lock file may be stale\n"
INF http m=POST p=/api/v1/auth/switch-workspace s=200 d=4.97ms s=582
INF http m=GET p=/assets/emoji-groups-tsNE8Axz.js s=200 d=93µs s=13852
INF http m=GET p=/api/v1/workspaces/44646J5MC000/nodes/0/children s=200 d=680µs s=26
INF http m=GET p=/api/v1/notifications/unread-count s=200 d=534µs s=25
INF http m=GET p=/api/v1/workspaces/44646J5MC000/members s=200 d=218µs s=132
ERR Failed to commit DB changes err="failed to stage db changes: exit status 128\nOutput: fatal: Unable to create '/home/runner/work/mddb/mddb/data-e2e/.git/index.lock': File exists.\n\nAnother git process seems to be running in this repository, or the lock file may be stale\n"
INF http m=POST p=/api/v1/workspaces/44646J5MC000/nodes/0/page/create s=200 d=18.1ms s=35
INF http m=GET p=/assets/de-qJeflSp6.js s=200 d=82µs s=6245
INF http m=GET p=/api/v1/workspaces/44646J5MC000/nodes/0/children s=200 d=408µs s=257
INF http m=GET p=/assets/WorkspaceSettingsPanel-CsUOm22X.css s=200 d=52µs s=1025
INF http m=GET p=/api/v1/workspaces/44646FT56000/events s=200 d=198ms s=93
INF http m=GET p=/api/v1/workspaces/44646J5MC000/nodes/44646JUJI000 s=200 d=265µs s=245
INF http m=GET p=/assets/WorkspaceSettingsPanel-CM5oaFTF.js s=200 d=62µs s=4443
INF http m=GET p=/assets/ServerSettingsPanel-pbgISWIv.css s=200 d=40µs s=596
INF http m=GET p=/assets/Editor-5FlZhQpN.js s=200 d=88µs s=13509
INF http m=GET p=/assets/Editor-BYBWY7b1.css s=200 d=21µs s=2240
INF http m=GET p=/assets/ServerSettingsPanel-C8C6nm9a.js s=200 d=54µs s=2550
INF http m=GET p=/assets/ResourceQuotaForm-DTSj8Ta5.css s=200 d=40µs s=302
INF http m=GET p=/assets/ResourceQuotaForm-D6gJNn3N.js s=200 d=30µs s=812
INF http m=GET p=/assets/ProfileSettings-rthGIjGN.js s=200 d=78µs s=4319
INF http m=GET p=/assets/ProfileSettings-D5kbNfHV.css s=200 d=40µs s=1220
INF http m=GET p=/assets/OrgSettingsPanel-BP8s6T0h.css s=200 d=25µs s=511
ERR Failed to commit DB changes err="failed to stage db changes: exit status 128\nOutput: fatal: Unable to create '/home/runner/work/mddb/mddb/data-e2e/.git/index.lock': File exists.\n\nAnother git process seems to be running in this repository, or the lock file may be stale\n"
INF http m=POST p=/api/v1/workspaces/44646J5MC000/nodes/0/table/create s=200 d=28.4ms s=26
INF http m=GET p=/assets/OrgSettingsPanel-B78NX7Vn.js s=200 d=41µs s=2302
INF http m=GET p=/assets/InviteForm-R7w4u6kW.js s=200 d=42µs s=1267
INF http m=GET p=/assets/InviteForm-CW-wgFWD.css s=200 d=33µs s=414
ERR Failed to commit DB changes err="failed to stage db changes: exit status 128\nOutput: fatal: Unable to create '/home/runner/work/mddb/mddb/data-e2e/.git/index.lock': File exists.\n\nAnother git process seems to be running in this repository, or the lock file may be stale\n"
INF http m=POST p=/api/v1/workspaces/44646J5MC000/nodes/44646KERS000/table/records/create s=200 d=23.7ms s=26
INF http m=GET p=/assets/AdminDashboard-R0heLGro.css s=200 d=33µs s=601
INF http m=GET p=/assets/AdminDashboard-D3Sw1IyX.js s=200 d=61µs s=2075
INF http m=GET p=/manifest.webmanifest s=200 d=36µs s=199
ERR Failed to commit DB changes err="failed to stage db changes: exit status 128\nOutput: fatal: Unable to create '/home/runner/work/mddb/mddb/data-e2e/.git/index.lock': File exists.\n\nAnother git process seems to be running in this repository, or the lock file may be stale\n"
INF http m=POST p=/api/v1/workspaces/44646J5MC000/nodes/44646KERS000/table/records/create s=200 d=41.3ms s=26
INF http m=GET p=/w/@44646J5MC000+workspace/@44646JUJI000+welcome s=200 d=42µs s=542
INF http m=GET p=/api/v1/workspaces/44646J5MC000/events s=200 d=232ms s=309
INF http m=GET p=/api/v1/auth/me s=200 d=245µs s=355
INF http m=GET p=/api/v1/notifications/unread-count s=200 d=190µs s=25
INF http m=GET p=/api/v1/workspaces/44646J5MC000/nodes/44646JUJI000 s=200 d=251µs s=245
INF http m=GET p=/api/v1/workspaces/44646J5MC000/nodes/0/children s=200 d=280µs s=298
INF http m=GET p=/api/v1/workspaces/44646J5MC000/members s=200 d=329µs s=132
ERR Failed to commit DB changes err="failed to stage db changes: exit status 128\nOutput: fatal: Unable to create '/home/runner/work/mddb/mddb/data-e2e/.git/index.lock': File exists.\n\nAnother git process seems to be running in this repository, or the lock file may be stale\n"
INF http m=POST p=/api/v1/auth/register s=200 d=104ms s=394
INF http m=GET p=/ s=200 d=79µs s=542
INF http m=GET p=/assets/index-SHhnYNGf.js s=200 d=152µs s=49792
INF http m=GET p=/assets/index-DPQ8uk7g.css s=200 d=101µs s=12402
INF http m=GET p=/registerSW.js s=200 d=54µs s=87
INF http m=GET p=/assets/vendor-C3WBU0hm.js s=200 d=125µs s=29762
INF http m=GET p=/assets/editor-vendor-Bje_VwYD.js s=200 d=141µs s=117396
INF http m=GET p=/api/v1/workspaces/44646J5MC000/nodes/44646KERS000 s=200 d=6.53ms s=158
INF http m=GET p=/api/v1/workspaces/44646J5MC000/nodes/44646KERS000/table/records s=200 d=324µs s=135
INF http m=GET p=/api/v1/auth/me s=200 d=217µs s=166
INF http m=GET p=/assets/en-BOb8f2G7.js s=200 d=97µs s=5207
INF http m=GET p=/api/v1/notifications/unread-count s=200 d=163µs s=25
INF http m=GET p=/sw.js s=200 d=96µs s=5540
INF http m=GET p=/favicon.png s=200 d=29µs s=449
ERR Failed to commit DB changes err="failed to stage db changes: exit status 128\nOutput: fatal: Unable to create '/home/runner/work/mddb/mddb/data-e2e/.git/index.lock': File exists.\n\nAnother git process seems to be running in this repository, or the lock file may be stale\n"
INF http m=POST p=/api/v1/organizations s=200 d=11.8ms s=349
INF http m=GET p=/api/v1/auth/me s=200 d=222µs s=250
INF http m=GET p=/registerSW.js s=200 d=36µs s=87
INF http m=GET p=/index.html s=200 d=40µs s=542
INF http m=GET p=/icon.svg s=200 d=31µs s=195
INF http m=GET p=/icon-512.png s=200 d=54µs s=6498
INF http m=GET p=/icon-192.png s=200 d=33µs s=2468
INF http m=GET p=/favicon.png s=200 d=23µs s=449
INF http m=GET p=/api/v1/workspaces/44646J5MC000/nodes/44646KERS000/table/records s=200 d=243µs s=159
INF http m=GET p=/apple-touch-icon.png s=200 d=74µs s=2298
INF http m=GET p=/assets/material-symbols-names-mOXCVt15.js s=200 d=98µs s=15793
INF http m=GET p=/api/v1/workspaces/44646J5MC000/events s=200 d=282ms s=222
INF http m=GET p=/assets/fr-CgauyyXq.js s=200 d=78µs s=6301
INF http m=GET p=/assets/es-DHO8DnB9.js s=200 d=80µs s=6015
INF http m=GET p=/assets/emoji-groups-tsNE8Axz.js s=200 d=108µs s=13852
ERR Failed to add workspace submodule wsID=44646N7H6000 err="failed to add submodule 44646N7H6000: exit status 128\nOutput: Adding existing repo at '44646N7H6000' to the index\nfatal: Unable to create '/home/runner/work/mddb/mddb/data-e2e/.git/index.lock': File exists.\n\nAnother git process seems to be running in this repository, or the lock file may be stale\nfatal: Failed to add submodule '44646N7H6000'\n"
ERR Failed to commit DB changes err="failed to stage db changes: exit status 128\nOutput: fatal: Unable to create '/home/runner/work/mddb/mddb/data-e2e/.git/index.lock': File exists.\n\nAnother git process seems to be running in this repository, or the lock file may be stale\n"
INF http m=POST p=/api/v1/workspaces/44646J5MC000/nodes/44646KERS000/table/records/44646KKSU000 s=200 d=95.9ms s=35
ERR Failed to commit DB changes err="failed to stage db changes: exit status 128\nOutput: fatal: Unable to create '/home/runner/work/mddb/mddb/data-e2e/.git/index.lock': File exists.\n\nAnother git process seems to be running in this repository, or the lock file may be stale\n"
INF http m=POST p=/api/v1/organizations/44646N1KI000/workspaces s=200 d=139ms s=298
ERR Failed to commit DB changes err="failed to stage db changes: exit status 128\nOutput: fatal: Unable to create '/home/runner/work/mddb/mddb/data-e2e/.git/index.lock': File exists.\n\nAnother git process seems to be running in this repository, or the lock file may be stale\n"
INF http m=POST p=/api/v1/auth/switch-workspace s=200 d=14.2ms s=568
INF http m=GET p=/api/v1/notifications/unread-count s=200 d=195µs s=25
INF http m=GET p=/api/v1/workspaces/44646N7H6000/nodes/0/children s=200 d=520µs s=26
INF http m=GET p=/api/v1/workspaces/44646N7H6000/members s=200 d=3.37ms s=130
INF http m=GET p=/assets/de-qJeflSp6.js s=200 d=1.12ms s=6245
INF http m=GET p=/assets/WorkspaceSettingsPanel-CsUOm22X.css s=200 d=43µs s=1025
INF http m=GET p=/assets/WorkspaceSettingsPanel-CM5oaFTF.js s=200 d=789µs s=4443
INF http m=GET p=/assets/ServerSettingsPanel-pbgISWIv.css s=200 d=41µs s=596
ERR Failed to commit DB changes err="failed to stage db changes: exit status 128\nOutput: fatal: Unable to create '/home/runner/work/mddb/mddb/data-e2e/.git/index.lock': File exists.\n\nAnother git process seems to be running in this repository, or the lock file may be stale\n"
INF http m=POST p=/api/v1/workspaces/44646N7H6000/nodes/0/page/create s=200 d=32.8ms s=35
INF http m=GET p=/assets/ServerSettingsPanel-C8C6nm9a.js s=200 d=46µs s=2550
INF http m=GET p=/api/v1/workspaces/44646N7H6000/nodes/0/children s=200 d=299µs s=281
INF http m=GET p=/assets/ResourceQuotaForm-DTSj8Ta5.css s=200 d=36µs s=302
ERR Failed to commit DB changes err="failed to stage db changes: exit status 128\nOutput: fatal: Unable to create '/home/runner/work/mddb/mddb/data-e2e/.git/index.lock': File exists.\n\nAnother git process seems to be running in this repository, or the lock file may be stale\n"
INF http m=POST p=/api/v1/workspaces/44646N7H6000/nodes/0/table/create s=200 d=45.4ms s=26
INF http m=GET p=/assets/ResourceQuotaForm-D6gJNn3N.js s=200 d=26µs s=812
INF http m=GET p=/api/v1/workspaces/44646N7H6000/nodes/44646ORHI000 s=200 d=531µs s=245
INF http m=GET p=/assets/Editor-BYBWY7b1.css s=200 d=89µs s=2240
INF http m=GET p=/assets/ProfileSettings-rthGIjGN.js s=200 d=71µs s=4319
INF http m=GET p=/assets/Editor-5FlZhQpN.js s=200 d=65µs s=13509
INF http m=GET p=/assets/ProfileSettings-D5kbNfHV.css s=200 d=54µs s=1220
INF http m=GET p=/assets/OrgSettingsPanel-BP8s6T0h.css s=200 d=28µs s=511
INF http m=GET p=/assets/OrgSettingsPanel-B78NX7Vn.js s=200 d=46µs s=2302
INF http m=GET p=/assets/InviteForm-R7w4u6kW.js s=200 d=32µs s=1267
ERR Failed to commit DB changes err="failed to stage db changes: exit status 128\nOutput: fatal: Unable to create '/home/runner/work/mddb/mddb/data-e2e/.git/index.lock': File exists.\n\nAnother git process seems to be running in this repository, or the lock file may be stale\n"
INF http m=POST p=/api/v1/auth/register s=200 d=115ms s=397
INF http m=GET p=/assets/InviteForm-CW-wgFWD.css s=200 d=37µs s=414
INF http m=GET p=/ s=200 d=62µs s=542
INF http m=GET p=/assets/AdminDashboard-R0heLGro.css s=200 d=22µs s=601
ERR Failed to commit DB changes err="failed to stage db changes: exit status 128\nOutput: fatal: Unable to create '/home/runner/work/mddb/mddb/data-e2e/.git/index.lock': File exists.\n\nAnother git process seems to be running in this repository, or the lock file may be stale\n"
INF http m=POST p=/api/v1/workspaces/44646N7H6000/nodes/44646OVRK000/table/records/create s=200 d=81.8ms s=26
INF http m=GET p=/assets/AdminDashboard-D3Sw1IyX.js s=200 d=62µs s=2075
INF http m=GET p=/w/@44646N7H6000+workspace/@44646ORHI000+welcome s=200 d=23µs s=542
INF http m=GET p=/manifest.webmanifest s=200 d=29µs s=199
INF http m=GET p=/registerSW.js s=200 d=47µs s=87
INF http m=GET p=/assets/vendor-C3WBU0hm.js s=200 d=133µs s=29762
INF http m=GET p=/assets/index-DPQ8uk7g.css s=200 d=74µs s=12402
INF http m=GET p=/assets/index-SHhnYNGf.js s=200 d=89µs s=49792
INF http m=GET p=/api/v1/workspaces/44646N7H6000/events s=200 d=185ms s=287
INF http m=GET p=/assets/editor-vendor-Bje_VwYD.js s=200 d=900µs s=117396
INF http m=GET p=/registerSW.js s=200 d=41µs s=87
INF http m=GET p=/api/v1/auth/me s=200 d=650µs s=350
INF http m=GET p=/api/v1/notifications/unread-count s=200 d=196µs s=25
INF http m=GET p=/api/v1/workspaces/44646N7H6000/nodes/0/children s=200 d=464µs s=281
INF http m=GET p=/api/v1/workspaces/44646N7H6000/nodes/44646ORHI000 s=200 d=1.01ms s=245
INF http m=GET p=/api/v1/workspaces/44646N7H6000/members s=200 d=1.07ms s=130
INF http m=GET p=/assets/en-BOb8f2G7.js s=200 d=135µs s=5207
INF http m=GET p=/api/v1/auth/me s=200 d=195µs s=167
INF http m=GET p=/api/v1/notifications/unread-count s=200 d=221µs s=25
INF http m=GET p=/favicon.png s=200 d=29µs s=449
ERR Failed to commit DB changes err="failed to stage db changes: exit status 128\nOutput: fatal: Unable to create '/home/runner/work/mddb/mddb/data-e2e/.git/index.lock': File exists.\n\nAnother git process seems to be running in this repository, or the lock file may be stale\n"
INF http m=POST p=/api/v1/organizations s=200 d=5.65ms s=351
INF http m=GET p=/sw.js s=200 d=128µs s=5540
INF http m=GET p=/api/v1/auth/me s=200 d=597µs s=252
INF http m=GET p=/api/v1/workspaces/44646N7H6000/nodes/44646OVRK000 s=200 d=640µs s=168
INF http m=GET p=/registerSW.js s=200 d=30µs s=87
INF http m=GET p=/index.html s=200 d=39µs s=542
INF http m=GET p=/icon.svg s=200 d=25µs s=195
INF http m=GET p=/api/v1/workspaces/44646N7H6000/nodes/44646OVRK000/table/records s=200 d=552µs s=114
INF http m=GET p=/icon-512.png s=200 d=72µs s=6498
INF http m=GET p=/icon-192.png s=200 d=54µs s=2468
INF http m=GET p=/favicon.png s=200 d=36µs s=449
INF http m=GET p=/apple-touch-icon.png s=200 d=62µs s=2298
INF http m=GET p=/assets/material-symbols-names-mOXCVt15.js s=200 d=99µs s=15793
ERR Failed to add workspace submodule wsID=44646QVMQ000 err="failed to add submodule 44646QVMQ000: exit status 128\nOutput: Adding existing repo at '44646QVMQ000' to the index\nfatal: Unable to create '/home/runner/work/mddb/mddb/data-e2e/.git/index.lock': File exists.\n\nAnother git process seems to be running in this repository, or the lock file may be stale\nfatal: Failed to add submodule '44646QVMQ000'\n"
ERR Failed to commit DB changes err="failed to stage db changes: exit status 128\nOutput: fatal: Unable to create '/home/runner/work/mddb/mddb/data-e2e/.git/index.lock': File exists.\n\nAnother git process seems to be running in this repository, or the lock file may be stale\n"
INF http m=POST p=/api/v1/organizations/44646QO4E000/workspaces s=200 d=91.2ms s=300
INF http m=GET p=/assets/fr-CgauyyXq.js s=200 d=73µs s=6301
ERR Failed to commit DB changes err="failed to stage db changes: exit status 128\nOutput: fatal: Unable to create '/home/runner/work/mddb/mddb/data-e2e/.git/index.lock': File exists.\n\nAnother git process seems to be running in this repository, or the lock file may be stale\n"
INF http m=POST p=/api/v1/auth/switch-workspace s=200 d=8.12ms s=570
INF http m=GET p=/assets/es-DHO8DnB9.js s=200 d=81µs s=6015
INF http m=GET p=/api/v1/notifications/unread-count s=200 d=189µs s=25
INF http m=GET p=/api/v1/workspaces/44646QVMQ000/members s=200 d=178µs s=130
INF http m=GET p=/api/v1/workspaces/44646QVMQ000/nodes/0/children s=200 d=208µs s=26
INF http m=GET p=/assets/emoji-groups-tsNE8Axz.js s=200 d=126µs s=13852
ERR Failed to commit DB changes err="failed to stage db changes: exit status 128\nOutput: fatal: Unable to create '/home/runner/work/mddb/mddb/data-e2e/.git/index.lock': File exists.\n\nAnother git process seems to be running in this repository, or the lock file may be stale\n"
INF http m=POST p=/api/v1/workspaces/44646N7H6000/nodes/44646OVRK000/table/records/44646P67A000/delete s=200 d=33.9ms s=25
INF http m=GET p=/api/v1/workspaces/44646N7H6000/nodes/44646OVRK000/table/records s=200 d=1.6ms s=28
ERR Failed to commit DB changes err="failed to stage db changes: exit status 128\nOutput: fatal: Unable to create '/home/runner/work/mddb/mddb/data-e2e/.git/index.lock': File exists.\n\nAnother git process seems to be running in this repository, or the lock file may be stale\n"
INF http m=POST p=/api/v1/workspaces/44646QVMQ000/nodes/0/page/create s=200 d=27.1ms s=35
INF http m=GET p=/api/v1/workspaces/44646N7H6000/events s=200 d=258ms s=217
INF http m=GET p=/api/v1/workspaces/44646QVMQ000/nodes/0/children s=200 d=295µs s=257
INF http m=GET p=/api/v1/workspaces/44646QVMQ000/nodes/44646RSTQ000 s=200 d=274µs s=245
INF http m=GET p=/assets/Editor-5FlZhQpN.js s=200 d=132µs s=13509
INF http m=GET p=/assets/Editor-BYBWY7b1.css s=200 d=40µs s=2240
INF http m=GET p=/assets/de-qJeflSp6.js s=200 d=589µs s=6245
INF http m=GET p=/assets/WorkspaceSettingsPanel-CsUOm22X.css s=200 d=42µs s=1025
INF http m=GET p=/assets/WorkspaceSettingsPanel-CM5oaFTF.js s=200 d=90µs s=4443
INF http m=GET p=/assets/ServerSettingsPanel-pbgISWIv.css s=200 d=42µs s=596
INF http m=GET p=/assets/ServerSettingsPanel-C8C6nm9a.js s=200 d=41µs s=2550
INF http m=GET p=/assets/ResourceQuotaForm-DTSj8Ta5.css s=200 d=26µs s=302
INF http m=GET p=/assets/ResourceQuotaForm-D6gJNn3N.js s=200 d=34µs s=812
ERR Failed to commit DB changes err="failed to stage db changes: exit status 128\nOutput: fatal: Unable to create '/home/runner/work/mddb/mddb/data-e2e/.git/index.lock': File exists.\n\nAnother git process seems to be running in this repository, or the lock file may be stale\n"
INF http m=POST p=/api/v1/workspaces/44646QVMQ000/nodes/0/table/create s=200 d=17.2ms s=26
INF http m=GET p=/assets/ProfileSettings-rthGIjGN.js s=200 d=75µs s=4319
INF http m=GET p=/w/@44646QVMQ000+workspace/@44646RSTQ000+welcome s=200 d=30µs s=542
INF http m=GET p=/api/v1/workspaces/44646QVMQ000/events s=200 d=157ms s=233
INF http m=GET p=/registerSW.js s=200 d=41µs s=87
INF http m=GET p=/assets/ProfileSettings-D5kbNfHV.css s=200 d=39µs s=1220
INF http m=GET p=/assets/OrgSettingsPanel-BP8s6T0h.css s=200 d=39µs s=511
INF http m=GET p=/api/v1/auth/me s=200 d=572µs s=353
INF http m=GET p=/assets/OrgSettingsPanel-B78NX7Vn.js s=200 d=60µs s=2302
INF http m=GET p=/assets/InviteForm-R7w4u6kW.js s=200 d=59µs s=1267
INF http m=GET p=/assets/InviteForm-CW-wgFWD.css s=200 d=46µs s=414
INF http m=GET p=/api/v1/notifications/unread-count s=200 d=356µs s=25
INF http m=GET p=/api/v1/workspaces/44646QVMQ000/nodes/44646RSTQ000 s=200 d=736µs s=245
INF http m=GET p=/api/v1/workspaces/44646QVMQ000/members s=200 d=6.29ms s=130
INF http m=GET p=/api/v1/workspaces/44646QVMQ000/nodes/0/children s=200 d=4.94ms s=282
INF http m=GET p=/assets/AdminDashboard-R0heLGro.css s=200 d=60µs s=601
INF http m=GET p=/assets/AdminDashboard-D3Sw1IyX.js s=200 d=53µs s=2075
INF http m=GET p=/manifest.webmanifest s=200 d=39µs s=199
ERR Failed to commit DB changes err="failed to stage db changes: exit status 128\nOutput: fatal: Unable to create '/home/runner/work/mddb/mddb/data-e2e/.git/index.lock': File exists.\n\nAnother git process seems to be running in this repository, or the lock file may be stale\n"
INF http m=POST p=/api/v1/auth/register s=200 d=124ms s=393
INF http m=GET p=/api/v1/workspaces/44646QVMQ000/nodes/44646SJ74000 s=200 d=284µs s=168
INF http m=GET p=/ s=200 d=54µs s=542
INF http m=GET p=/api/v1/workspaces/44646QVMQ000/nodes/44646SJ74000/table/records s=200 d=200µs s=28
INF http m=GET p=/assets/index-DPQ8uk7g.css s=200 d=150µs s=12402
INF http m=GET p=/assets/editor-vendor-Bje_VwYD.js s=200 d=114µs s=117396
INF http m=GET p=/assets/vendor-C3WBU0hm.js s=200 d=68µs s=29762
INF http m=GET p=/assets/index-SHhnYNGf.js s=200 d=1.53ms s=49792
INF http m=GET p=/registerSW.js s=200 d=55µs s=87
INF http m=GET p=/api/v1/workspaces/44646QVMQ000/nodes/44646SJ74000/table/records s=200 d=213µs s=101
INF http m=GET p=/assets/en-BOb8f2G7.js s=200 d=78µs s=5207
INF http m=GET p=/api/v1/auth/me s=200 d=1.34ms s=165
INF http m=GET p=/api/v1/workspaces/44646QVMQ000/events s=200 d=252ms s=93
INF http m=GET p=/api/v1/notifications/unread-count s=200 d=160µs s=25
INF http m=GET p=/favicon.png s=200 d=74µs s=449
ERR Failed to commit DB changes err="failed to stage db changes: exit status 128\nOutput: fatal: Unable to create '/home/runner/work/mddb/mddb/data-e2e/.git/index.lock': File exists.\n\nAnother git process seems to be running in this repository, or the lock file may be stale\n"
INF http m=POST p=/api/v1/organizations s=200 d=15.6ms s=351
INF http m=GET p=/api/v1/auth/me s=200 d=244µs s=252
INF http m=GET p=/sw.js s=200 d=51µs s=5540
ERR Failed to commit DB changes err="failed to stage db changes: exit status 128\nOutput: fatal: Unable to create '/home/runner/work/mddb/mddb/data-e2e/.git/index.lock': File exists.\n\nAnother git process seems to be running in this repository, or the lock file may be stale\n"
INF http m=POST p=/api/v1/workspaces/44646QVMQ000/nodes/44646SJ74000/table/records/create s=200 d=93.8ms s=35
INF http m=GET p=/registerSW.js s=200 d=30µs s=87
INF http m=GET p=/index.html s=200 d=38µs s=542
INF http m=GET p=/icon.svg s=200 d=28µs s=195
INF http m=GET p=/icon-512.png s=200 d=63µs s=6498
INF http m=GET p=/icon-192.png s=200 d=51µs s=2468
INF http m=GET p=/favicon.png s=200 d=68µs s=449
INF http m=GET p=/apple-touch-icon.png s=200 d=36µs s=2298
INF http m=GET p=/assets/material-symbols-names-mOXCVt15.js s=200 d=91µs s=15793
ERR Failed to add workspace submodule wsID=44646VED2000 err="failed to add submodule 44646VED2000: exit status 128\nOutput: Adding existing repo at '44646VED2000' to the index\nfatal: Unable to create '/home/runner/work/mddb/mddb/data-e2e/.git/index.lock': File exists.\n\nAnother git process seems to be running in this repository, or the lock file may be stale\nfatal: Failed to add submodule '44646VED2000'\n"
ERR Failed to commit DB changes err="failed to stage db changes: exit status 128\nOutput: fatal: Unable to create '/home/runner/work/mddb/mddb/data-e2e/.git/index.lock': File exists.\n\nAnother git process seems to be running in this repository, or the lock file may be stale\n"
INF http m=POST p=/api/v1/organizations/44646V3MC000/workspaces s=200 d=121ms s=300
INF http m=GET p=/assets/fr-CgauyyXq.js s=200 d=68µs s=6301
ERR Failed to commit DB changes err="failed to stage db changes: exit status 128\nOutput: fatal: Unable to create '/home/runner/work/mddb/mddb/data-e2e/.git/index.lock': File exists.\n\nAnother git process seems to be running in this repository, or the lock file may be stale\n"
INF http m=POST p=/api/v1/auth/switch-workspace s=200 d=14.3ms s=610
INF http m=GET p=/assets/es-DHO8DnB9.js s=200 d=69µs s=6015
INF http m=GET p=/api/v1/notifications/unread-count s=200 d=187µs s=25
INF http m=GET p=/api/v1/workspaces/44646VED2000/nodes/0/children s=200 d=282µs s=26
INF http m=GET p=/assets/emoji-groups-tsNE8Axz.js s=200 d=113µs s=13852
INF http m=GET p=/api/v1/workspaces/44646VED2000/members s=200 d=12.5ms s=126
ERR Failed to commit DB changes err="failed to stage db changes: exit status 128\nOutput: fatal: Unable to create '/home/runner/work/mddb/mddb/data-e2e/.git/index.lock': File exists.\n\nAnother git process seems to be running in this repository, or the lock file may be stale\n"
INF http m=POST p=/api/v1/workspaces/44646VED2000/nodes/0/page/create s=200 d=38.5ms s=35
INF http m=GET p=/api/v1/workspaces/44646VED2000/nodes/0/children s=200 d=569µs s=257
INF http m=GET p=/api/v1/workspaces/44646VED2000/nodes/446470ICI000 s=200 d=490µs s=245
INF http m=GET p=/assets/Editor-5FlZhQpN.js s=200 d=133µs s=13509
INF http m=GET p=/assets/Editor-BYBWY7b1.css s=200 d=70µs s=2240
INF http m=GET p=/assets/de-qJeflSp6.js s=200 d=80µs s=6245
INF http m=GET p=/assets/WorkspaceSettingsPanel-CsUOm22X.css s=200 d=34µs s=1025
INF http m=GET p=/assets/WorkspaceSettingsPanel-CM5oaFTF.js s=200 d=53µs s=4443
INF http m=GET p=/assets/ServerSettingsPanel-pbgISWIv.css s=200 d=35µs s=596
INF http m=GET p=/assets/ServerSettingsPanel-C8C6nm9a.js s=200 d=42µs s=2550
ERR Failed to commit DB changes err="failed to stage db changes: exit status 128\nOutput: fatal: Unable to create '/home/runner/work/mddb/mddb/data-e2e/.git/index.lock': File exists.\n\nAnother git process seems to be running in this repository, or the lock file may be stale\n"
INF http m=POST p=/api/v1/auth/register s=200 d=127ms s=389
INF http m=GET p=/ s=200 d=52µs s=542
INF http m=GET p=/assets/ResourceQuotaForm-DTSj8Ta5.css s=200 d=38µs s=302
INF http m=GET p=/assets/ResourceQuotaForm-D6gJNn3N.js s=200 d=29µs s=812
INF http m=GET p=/assets/ProfileSettings-rthGIjGN.js s=200 d=62µs s=4319
INF http m=GET p=/assets/ProfileSettings-D5kbNfHV.css s=200 d=44µs s=1220
INF http m=GET p=/assets/index-SHhnYNGf.js s=200 d=135µs s=49792
INF http m=GET p=/assets/OrgSettingsPanel-BP8s6T0h.css s=200 d=34µs s=511
INF http m=GET p=/assets/index-DPQ8uk7g.css s=200 d=1.91ms s=12402
INF http m=GET p=/registerSW.js s=200 d=25µs s=87
INF http m=GET p=/assets/vendor-C3WBU0hm.js s=200 d=92µs s=29762
INF http m=GET p=/assets/OrgSettingsPanel-B78NX7Vn.js s=200 d=21µs s=2302
INF http m=GET p=/assets/editor-vendor-Bje_VwYD.js s=200 d=130µs s=117396
INF http m=GET p=/assets/InviteForm-R7w4u6kW.js s=200 d=31µs s=1267
INF http m=GET p=/assets/InviteForm-CW-wgFWD.css s=200 d=34µs s=414
INF http m=GET p=/assets/AdminDashboard-R0heLGro.css s=200 d=52µs s=601
INF http m=GET p=/assets/AdminDashboard-D3Sw1IyX.js s=200 d=57µs s=2075
INF http m=GET p=/manifest.webmanifest s=200 d=37µs s=199
ERR Failed to commit DB changes err="failed to stage db changes: exit status 128\nOutput: fatal: Unable to create '/home/runner/work/mddb/mddb/data-e2e/.git/index.lock': File exists.\n\nAnother git process seems to be running in this repository, or the lock file may be stale\n"
INF http m=POST p=/api/v1/workspaces/44646VED2000/nodes/0/table/create s=200 d=174ms s=26
ERR Failed to commit DB changes err="failed to stage db changes: exit status 128\nOutput: fatal: Unable to create '/home/runner/work/mddb/mddb/data-e2e/.git/index.lock': File exists.\n\nAnother git process seems to be running in this repository, or the lock file may be stale\n"
INF http m=POST p=/api/v1/workspaces/44646VED2000/nodes/446470RPG000/table/records/create s=200 d=27.7ms s=26
ERR Failed to commit DB changes err="failed to stage db changes: exit status 128\nOutput: fatal: Unable to create '/home/runner/work/mddb/mddb/data-e2e/.git/index.lock': File exists.\n\nAnother git process seems to be running in this repository, or the lock file may be stale\n"
INF http m=POST p=/api/v1/workspaces/44646VED2000/nodes/446470RPG000/table/records/create s=200 d=17ms s=26
INF http m=GET p=/api/v1/auth/me s=200 d=445µs s=159
INF http m=GET p=/assets/en-BOb8f2G7.js s=200 d=45µs s=5207
INF http m=GET p=/favicon.png s=200 d=37µs s=449
INF http m=GET p=/api/v1/notifications/unread-count s=200 d=144µs s=25
INF http m=GET p=/w/@44646VED2000+workspace/@446470ICI000+welcome s=200 d=43µs s=542
INF http m=GET p=/sw.js s=200 d=58µs s=5540
ERR Failed to commit DB changes err="failed to stage db changes: exit status 128\nOutput: fatal: Unable to create '/home/runner/work/mddb/mddb/data-e2e/.git/index.lock': File exists.\n\nAnother git process seems to be running in this repository, or the lock file may be stale\n"
INF http m=POST p=/api/v1/organizations s=200 d=12.2ms s=348
INF http m=GET p=/api/v1/workspaces/44646VED2000/events s=200 d=316ms s=309
INF http m=GET p=/registerSW.js s=200 d=37µs s=87
INF http m=GET p=/index.html s=200 d=48µs s=542
INF http m=GET p=/api/v1/auth/me s=200 d=580µs s=247
INF http m=GET p=/icon.svg s=200 d=31µs s=195
INF http m=GET p=/icon-512.png s=200 d=77µs s=6498
INF http m=GET p=/icon-192.png s=200 d=60µs s=2468
INF http m=GET p=/favicon.png s=200 d=35µs s=449
INF http m=GET p=/apple-touch-icon.png s=200 d=40µs s=2298
INF http m=GET p=/api/v1/auth/me s=200 d=3ms s=352
INF http m=GET p=/assets/material-symbols-names-mOXCVt15.js s=200 d=144µs s=15793
INF http m=GET p=/assets/fr-CgauyyXq.js s=200 d=82µs s=6301
INF http m=GET p=/api/v1/notifications/unread-count s=200 d=159µs s=25
INF http m=GET p=/api/v1/workspaces/44646VED2000/nodes/0/children s=200 d=7.98ms s=342
INF http m=GET p=/api/v1/workspaces/44646VED2000/members s=200 d=9.36ms s=126
INF http m=GET p=/assets/es-DHO8DnB9.js s=200 d=1.38ms s=6015
INF http m=GET p=/api/v1/workspaces/44646VED2000/nodes/446470ICI000 s=200 d=10.1ms s=245
INF http m=GET p=/assets/emoji-groups-tsNE8Axz.js s=200 d=125µs s=13852
INF http m=GET p=/assets/de-qJeflSp6.js s=200 d=79µs s=6245
ERR Failed to add workspace submodule wsID=446472LVU000 err="failed to add submodule 446472LVU000: exit status 128\nOutput: Adding existing repo at '446472LVU000' to the index\nfatal: Unable to create '/home/runner/work/mddb/mddb/data-e2e/.git/index.lock': File exists.\n\nAnother git process seems to be running in this repository, or the lock file may be stale\nfatal: Failed to add submodule '446472LVU000'\n"
ERR Failed to commit DB changes err="failed to stage db changes: exit status 128\nOutput: fatal: Unable to create '/home/runner/work/mddb/mddb/data-e2e/.git/index.lock': File exists.\n\nAnother git process seems to be running in this repository, or the lock file may be stale\n"
INF http m=POST p=/api/v1/organizations/446472CLC000/workspaces s=200 d=161ms s=297
INF http m=GET p=/api/v1/workspaces/44646VED2000/nodes/446470RPG000 s=200 d=290µs s=207
INF http m=GET p=/assets/WorkspaceSettingsPanel-CsUOm22X.css s=200 d=35µs s=1025
ERR Failed to commit DB changes err="failed to stage db changes: exit status 128\nOutput: fatal: Unable to create '/home/runner/work/mddb/mddb/data-e2e/.git/index.lock': File exists.\n\nAnother git process seems to be running in this repository, or the lock file may be stale\n"
INF http m=POST p=/api/v1/auth/switch-workspace s=200 d=9.77ms s=548
INF http m=GET p=/assets/WorkspaceSettingsPanel-CM5oaFTF.js s=200 d=81µs s=4443
INF http m=GET p=/api/v1/workspaces/44646VED2000/nodes/446470RPG000/table/records s=200 d=713µs s=143
INF http m=GET p=/assets/ServerSettingsPanel-pbgISWIv.css s=200 d=35µs s=596
INF http m=GET p=/assets/ServerSettingsPanel-C8C6nm9a.js s=200 d=65µs s=2550
INF http m=GET p=/assets/ResourceQuotaForm-DTSj8Ta5.css s=200 d=44µs s=302
INF http m=GET p=/api/v1/workspaces/446472LVU000/members s=200 d=455µs s=120
INF http m=GET p=/api/v1/workspaces/446472LVU000/nodes/0/children s=200 d=247µs s=26
INF http m=GET p=/api/v1/notifications/unread-count s=200 d=101µs s=25
INF http m=GET p=/assets/ResourceQuotaForm-D6gJNn3N.js s=200 d=81µs s=812
INF http m=GET p=/assets/ProfileSettings-rthGIjGN.js s=200 d=96µs s=4319
INF http m=GET p=/assets/ProfileSettings-D5kbNfHV.css s=200 d=36µs s=1220
INF http m=GET p=/assets/OrgSettingsPanel-BP8s6T0h.css s=200 d=25µs s=511
INF http m=GET p=/assets/OrgSettingsPanel-B78NX7Vn.js s=200 d=40µs s=2302
ERR Failed to commit DB changes err="failed to stage db changes: exit status 128\nOutput: fatal: Unable to create '/home/runner/work/mddb/mddb/data-e2e/.git/index.lock': File exists.\n\nAnother git process seems to be running in this repository, or the lock file may be stale\n"
INF http m=POST p=/api/v1/workspaces/446472LVU000/nodes/0/page/create s=200 d=17.8ms s=35
INF http m=GET p=/api/v1/workspaces/446472LVU000/nodes/0/children s=200 d=273µs s=278
INF http m=GET p=/assets/InviteForm-R7w4u6kW.js s=200 d=26µs s=1267
INF http m=GET p=/assets/InviteForm-CW-wgFWD.css s=200 d=23µs s=414
INF http m=GET p=/api/v1/workspaces/446472LVU000/nodes/44647424Q000 s=200 d=221µs s=245
INF http m=GET p=/assets/Editor-BYBWY7b1.css s=200 d=38µs s=2240
INF http m=GET p=/assets/Editor-5FlZhQpN.js s=200 d=60µs s=13509
INF http m=GET p=/assets/AdminDashboard-R0heLGro.css s=200 d=56µs s=601
INF http m=GET p=/assets/AdminDashboard-D3Sw1IyX.js s=200 d=39µs s=2075
INF http m=GET p=/manifest.webmanifest s=200 d=25µs s=199
ERR Failed to commit DB changes err="failed to stage db changes: exit status 128\nOutput: fatal: Unable to create '/home/runner/work/mddb/mddb/data-e2e/.git/index.lock': File exists.\n\nAnother git process seems to be running in this repository, or the lock file may be stale\n"
INF http m=POST p=/api/v1/workspaces/446472LVU000/nodes/0/table/create s=200 d=75.2ms s=26
ERR Failed to commit DB changes err="failed to stage db changes: exit status 128\nOutput: fatal: Unable to create '/home/runner/work/mddb/mddb/data-e2e/.git/index.lock': File exists.\n\nAnother git process seems to be running in this repository, or the lock file may be stale\n"
INF http m=POST p=/api/v1/workspaces/446472LVU000/nodes/44647450O000/table/records/create s=200 d=10.6ms s=26
INF http m=GET p=/w/@446472LVU000+workspace/@44647424Q000+welcome s=200 d=36µs s=542
INF http m=GET p=/api/v1/workspaces/446472LVU000/events s=200 d=107ms s=276
INF http m=GET p=/api/v1/auth/me s=200 d=250µs s=348
INF http m=GET p=/api/v1/notifications/unread-count s=200 d=264µs s=25
INF http m=GET p=/api/v1/workspaces/446472LVU000/members s=200 d=539µs s=120
INF http m=GET p=/api/v1/workspaces/446472LVU000/nodes/44647424Q000 s=200 d=888µs s=245
INF http m=GET p=/api/v1/workspaces/446472LVU000/nodes/0/children s=200 d=1ms s=278
INF http m=GET p=/api/v1/workspaces/446472LVU000/nodes/44647450O000 s=200 d=1.3ms s=163
INF http m=GET p=/api/v1/workspaces/44646VED2000/events s=200 d=361ms s=93
INF http m=GET p=/api/v1/workspaces/446472LVU000/nodes/44647450O000/table/records s=200 d=339µs s=105
INF http m=GET p=/api/v1/workspaces/446472LVU000/events s=200 d=187ms s=93
ERR Failed to commit DB changes err="failed to stage db changes: exit status 128\nOutput: fatal: Unable to create '/home/runner/work/mddb/mddb/data-e2e/.git/index.lock': File exists.\n\nAnother git process seems to be running in this repository, or the lock file may be stale\n"
INF http m=POST p=/api/v1/auth/register s=200 d=114ms s=385
INF http m=GET p=/ s=200 d=58µs s=542
INF http m=GET p=/assets/index-SHhnYNGf.js s=200 d=143µs s=49792
INF http m=GET p=/assets/index-DPQ8uk7g.css s=200 d=115µs s=12402
INF http m=GET p=/assets/editor-vendor-Bje_VwYD.js s=200 d=174µs s=117396
INF http m=GET p=/registerSW.js s=200 d=55µs s=87
INF http m=GET p=/assets/vendor-C3WBU0hm.js s=200 d=101µs s=29762
ERR Failed to commit DB changes err="failed to stage db changes: exit status 128\nOutput: fatal: Unable to create '/home/runner/work/mddb/mddb/data-e2e/.git/index.lock': File exists.\n\nAnother git process seems to be running in this repository, or the lock file may be stale\n"
INF http m=POST p=/api/v1/auth/register s=200 d=78.5ms s=387
INF http m=GET p=/api/v1/auth/me s=200 d=172µs s=162
INF http m=GET p=/assets/en-BOb8f2G7.js s=200 d=56µs s=5207
INF http m=GET p=/ s=200 d=57µs s=542
INF http m=GET p=/api/v1/notifications/unread-count s=200 d=167µs s=25
INF http m=GET p=/favicon.png s=200 d=30µs s=449
INF http m=GET p=/sw.js s=200 d=80µs s=5540
ERR Failed to commit DB changes err="failed to stage db changes: exit status 128\nOutput: fatal: Unable to create '/home/runner/work/mddb/mddb/data-e2e/.git/index.lock': File exists.\n\nAnother git process seems to be running in this repository, or the lock file may be stale\n"
INF http m=POST p=/api/v1/organizations s=200 d=13.4ms s=347
INF http m=GET p=/assets/index-SHhnYNGf.js s=200 d=146µs s=49792
INF http m=GET p=/assets/index-DPQ8uk7g.css s=200 d=86µs s=12402
INF http m=GET p=/assets/editor-vendor-Bje_VwYD.js s=200 d=167µs s=117396
INF http m=GET p=/registerSW.js s=200 d=54µs s=87
INF http m=GET p=/assets/vendor-C3WBU0hm.js s=200 d=97µs s=29762
INF http m=GET p=/api/v1/auth/me s=200 d=214µs s=248
INF http m=GET p=/registerSW.js s=200 d=53µs s=87
INF http m=GET p=/index.html s=200 d=34µs s=542
INF http m=GET p=/icon.svg s=200 d=35µs s=195
INF http m=GET p=/icon-512.png s=200 d=62µs s=6498
INF http m=GET p=/icon-192.png s=200 d=46µs s=2468
INF http m=GET p=/favicon.png s=200 d=33µs s=449
INF http m=GET p=/apple-touch-icon.png s=200 d=88µs s=2298
INF http m=GET p=/assets/material-symbols-names-mOXCVt15.js s=200 d=89µs s=15793
INF http m=GET p=/assets/fr-CgauyyXq.js s=200 d=75µs s=6301
INF http m=GET p=/assets/es-DHO8DnB9.js s=200 d=71µs s=6015
INF http m=GET p=/api/v1/auth/me s=200 d=215µs s=162
INF http m=GET p=/assets/en-BOb8f2G7.js s=200 d=49µs s=5207
ERR Failed to add workspace submodule wsID=446478TFQ000 err="failed to add submodule 446478TFQ000: exit status 128\nOutput: Adding existing repo at '446478TFQ000' to the index\nfatal: Unable to create '/home/runner/work/mddb/mddb/data-e2e/.git/index.lock': File exists.\n\nAnother git process seems to be running in this repository, or the lock file may be stale\nfatal: Failed to add submodule '446478TFQ000'\n"
ERR Failed to commit DB changes err="failed to stage db changes: exit status 128\nOutput: fatal: Unable to create '/home/runner/work/mddb/mddb/data-e2e/.git/index.lock': File exists.\n\nAnother git process seems to be running in this repository, or the lock file may be stale\n"
INF http m=POST p=/api/v1/organizations/446478FJM000/workspaces s=200 d=131ms s=296
INF http m=GET p=/sw.js s=200 d=58µs s=5540
INF http m=GET p=/assets/emoji-groups-tsNE8Axz.js s=200 d=82µs s=13852
ERR Failed to commit DB changes err="failed to stage db changes: exit status 128\nOutput: fatal: Unable to create '/home/runner/work/mddb/mddb/data-e2e/.git/index.lock': File exists.\n\nAnother git process seems to be running in this repository, or the lock file may be stale\n"
INF http m=POST p=/api/v1/auth/switch-workspace s=200 d=8.71ms s=549
INF http m=GET p=/api/v1/notifications/unread-count s=200 d=219µs s=25
INF http m=GET p=/api/v1/workspaces/446478TFQ000/members s=200 d=404µs s=122
INF http m=GET p=/api/v1/notifications/unread-count s=200 d=92µs s=25
INF http m=GET p=/favicon.png s=200 d=46µs s=449
INF http m=GET p=/api/v1/workspaces/446478TFQ000/nodes/0/children s=200 d=236µs s=26
INF http m=GET p=/registerSW.js s=200 d=142µs s=87
ERR Failed to commit DB changes err="failed to stage db changes: exit status 128\nOutput: fatal: Unable to create '/home/runner/work/mddb/mddb/data-e2e/.git/index.lock': File exists.\n\nAnother git process seems to be running in this repository, or the lock file may be stale\n"
INF http m=POST p=/api/v1/organizations s=200 d=12.1ms s=345
INF http m=GET p=/assets/de-qJeflSp6.js s=200 d=124µs s=6245
INF http m=GET p=/index.html s=200 d=31µs s=542
INF http m=GET p=/assets/WorkspaceSettingsPanel-CsUOm22X.css s=200 d=25µs s=1025
ERR Failed to commit DB changes err="failed to stage db changes: exit status 128\nOutput: fatal: Unable to create '/home/runner/work/mddb/mddb/data-e2e/.git/index.lock': File exists.\n\nAnother git process seems to be running in this repository, or the lock file may be stale\n"
INF http m=POST p=/api/v1/workspaces/446478TFQ000/nodes/0/page/create s=200 d=24.7ms s=35
INF http m=GET p=/api/v1/workspaces/446478TFQ000/nodes/0/children s=200 d=271µs s=257
INF http m=GET p=/icon.svg s=200 d=24µs s=195
INF http m=GET p=/assets/WorkspaceSettingsPanel-CM5oaFTF.js s=200 d=111µs s=4443
INF http m=GET p=/api/v1/workspaces/446478TFQ000/nodes/44647A38K000 s=200 d=226µs s=245
INF http m=GET p=/icon-512.png s=200 d=59µs s=6498
INF http m=GET p=/api/v1/auth/me s=200 d=223µs s=245
INF http m=GET p=/assets/Editor-5FlZhQpN.js s=200 d=87µs s=13509
INF http m=GET p=/assets/Editor-BYBWY7b1.css s=200 d=66µs s=2240
INF http m=GET p=/assets/ServerSettingsPanel-pbgISWIv.css s=200 d=24µs s=596
INF http m=GET p=/icon-192.png s=200 d=44µs s=2468
INF http m=GET p=/favicon.png s=200 d=35µs s=449
INF http m=GET p=/assets/ServerSettingsPanel-C8C6nm9a.js s=200 d=30µs s=2550
ERR Failed to commit DB changes err="failed to stage db changes: exit status 128\nOutput: fatal: Unable to create '/home/runner/work/mddb/mddb/data-e2e/.git/index.lock': File exists.\n\nAnother git process seems to be running in this repository, or the lock file may be stale\n"
INF http m=POST p=/api/v1/workspaces/446478TFQ000/nodes/0/table/create s=200 d=40.4ms s=26
INF http m=GET p=/apple-touch-icon.png s=200 d=41µs s=2298
INF http m=GET p=/assets/ResourceQuotaForm-DTSj8Ta5.css s=200 d=24µs s=302
INF http m=GET p=/assets/ResourceQuotaForm-D6gJNn3N.js s=200 d=21µs s=812
INF http m=GET p=/assets/material-symbols-names-mOXCVt15.js s=200 d=95µs s=15793
INF http m=GET p=/assets/ProfileSettings-rthGIjGN.js s=200 d=58µs s=4319
INF http m=GET p=/assets/ProfileSettings-D5kbNfHV.css s=200 d=34µs s=1220
INF http m=GET p=/assets/OrgSettingsPanel-BP8s6T0h.css s=200 d=43µs s=511
INF http m=GET p=/assets/OrgSettingsPanel-B78NX7Vn.js s=200 d=51µs s=2302
INF http m=GET p=/assets/fr-CgauyyXq.js s=200 d=62µs s=6301
INF http m=GET p=/assets/InviteForm-R7w4u6kW.js s=200 d=30µs s=1267
INF http m=GET p=/assets/es-DHO8DnB9.js s=200 d=59µs s=6015
INF http m=GET p=/assets/InviteForm-CW-wgFWD.css s=200 d=28µs s=414
ERR Failed to add workspace submodule wsID=44647AD78000 err="failed to add submodule 44647AD78000: exit status 128\nOutput: Adding existing repo at '44647AD78000' to the index\nfatal: Unable to create '/home/runner/work/mddb/mddb/data-e2e/.git/index.lock': File exists.\n\nAnother git process seems to be running in this repository, or the lock file may be stale\nfatal: Failed to add submodule '44647AD78000'\n"
INF http m=GET p=/assets/AdminDashboard-R0heLGro.css s=200 d=35µs s=601
INF http m=GET p=/assets/emoji-groups-tsNE8Axz.js s=200 d=48µs s=13852
ERR Failed to commit DB changes err="failed to stage db changes: exit status 128\nOutput: fatal: Unable to create '/home/runner/work/mddb/mddb/data-e2e/.git/index.lock': File exists.\n\nAnother git process seems to be running in this repository, or the lock file may be stale\n"
INF http m=POST p=/api/v1/organizations/446479V7I000/workspaces s=200 d=93.6ms s=294
INF http m=GET p=/assets/AdminDashboard-D3Sw1IyX.js s=200 d=28µs s=2075
INF http m=GET p=/manifest.webmanifest s=200 d=27µs s=199
ERR Failed to commit DB changes err="failed to stage db changes: exit status 128\nOutput: fatal: Unable to create '/home/runner/work/mddb/mddb/data-e2e/.git/index.lock': File exists.\n\nAnother git process seems to be running in this repository, or the lock file may be stale\n"
INF http m=POST p=/api/v1/workspaces/446478TFQ000/nodes/44647A8RK000/table/records/create s=200 d=82ms s=26
ERR Failed to commit DB changes err="failed to stage db changes: exit status 128\nOutput: fatal: Unable to create '/home/runner/work/mddb/mddb/data-e2e/.git/index.lock': File exists.\n\nAnother git process seems to be running in this repository, or the lock file may be stale\n"
INF http m=POST p=/api/v1/auth/switch-workspace s=200 d=8.78ms s=597
ERR Failed to commit DB changes err="failed to stage db changes: exit status 128\nOutput: fatal: Unable to create '/home/runner/work/mddb/mddb/data-e2e/.git/index.lock': File exists.\n\nAnother git process seems to be running in this repository, or the lock file may be stale\n"
INF http m=POST p=/api/v1/workspaces/446478TFQ000/nodes/44647A8RK000/table/records/create s=200 d=17.6ms s=26
INF http m=GET p=/api/v1/notifications/unread-count s=200 d=146µs s=25
INF http m=GET p=/api/v1/workspaces/44647AD78000/nodes/0/children s=200 d=232µs s=26
INF http m=GET p=/api/v1/workspaces/44647AD78000/members s=200 d=121µs s=124
INF http m=GET p=/assets/de-qJeflSp6.js s=200 d=111µs s=6245
ERR Failed to commit DB changes err="failed to stage db changes: exit status 128\nOutput: fatal: Unable to create '/home/runner/work/mddb/mddb/data-e2e/.git/index.lock': File exists.\n\nAnother git process seems to be running in this repository, or the lock file may be stale\n"
INF http m=POST p=/api/v1/workspaces/446478TFQ000/nodes/44647A8RK000/table/records/create s=200 d=27.9ms s=26
INF http m=GET p=/assets/WorkspaceSettingsPanel-CsUOm22X.css s=200 d=34µs s=1025
INF http m=GET p=/w/@446478TFQ000+workspace/@44647A38K000+welcome s=200 d=33µs s=542
INF http m=GET p=/assets/WorkspaceSettingsPanel-CM5oaFTF.js s=200 d=94µs s=4443
INF http m=GET p=/assets/ServerSettingsPanel-pbgISWIv.css s=200 d=32µs s=596
INF http m=GET p=/assets/ServerSettingsPanel-C8C6nm9a.js s=200 d=41µs s=2550
INF http m=GET p=/assets/ResourceQuotaForm-DTSj8Ta5.css s=200 d=32µs s=302
INF http m=GET p=/api/v1/workspaces/446478TFQ000/events s=200 d=260ms s=329
ERR Failed to commit DB changes err="failed to stage db changes: exit status 128\nOutput: fatal: Unable to create '/home/runner/work/mddb/mddb/data-e2e/.git/index.lock': File exists.\n\nAnother git process seems to be running in this repository, or the lock file may be stale\n"
INF http m=GET p=/assets/ResourceQuotaForm-D6gJNn3N.js s=200 d=25µs s=812
INF http m=POST p=/api/v1/workspaces/44647AD78000/nodes/0/page/create s=200 d=32.8ms s=35
INF http m=GET p=/api/v1/workspaces/44647AD78000/nodes/0/children s=200 d=259µs s=257
INF http m=GET p=/assets/ProfileSettings-rthGIjGN.js s=200 d=512µs s=4319
INF http m=GET p=/api/v1/workspaces/44647AD78000/nodes/44647BC8Q000 s=200 d=188µs s=245
INF http m=GET p=/assets/ProfileSettings-D5kbNfHV.css s=200 d=41µs s=1220
INF http m=GET p=/assets/Editor-5FlZhQpN.js s=200 d=59µs s=13509
INF http m=GET p=/assets/Editor-BYBWY7b1.css s=200 d=32µs s=2240
INF http m=GET p=/assets/OrgSettingsPanel-BP8s6T0h.css s=200 d=37µs s=511
INF http m=GET p=/assets/OrgSettingsPanel-B78NX7Vn.js s=200 d=91µs s=2302
INF http m=GET p=/assets/InviteForm-R7w4u6kW.js s=200 d=30µs s=1267
INF http m=GET p=/assets/InviteForm-CW-wgFWD.css s=200 d=24µs s=414
ERR Failed to commit DB changes err="failed to stage db changes: exit status 128\nOutput: fatal: Unable to create '/home/runner/work/mddb/mddb/data-e2e/.git/index.lock': File exists.\n\nAnother git process seems to be running in this repository, or the lock file may be stale\n"
INF http m=POST p=/api/v1/workspaces/44647AD78000/nodes/0/table/create s=200 d=40.8ms s=26
INF http m=GET p=/api/v1/auth/me s=200 d=190µs s=347
INF http m=GET p=/assets/AdminDashboard-R0heLGro.css s=200 d=30µs s=601
INF http m=GET p=/assets/AdminDashboard-D3Sw1IyX.js s=200 d=49µs s=2075
INF http m=GET p=/manifest.webmanifest s=200 d=28µs s=199
ERR Failed to commit DB changes err="failed to stage db changes: exit status 128\nOutput: fatal: Unable to create '/home/runner/work/mddb/mddb/data-e2e/.git/index.lock': File exists.\n\nAnother git process seems to be running in this repository, or the lock file may be stale\n"
INF http m=POST p=/api/v1/workspaces/44647AD78000/nodes/44647BKNK000/table/records/create s=200 d=25.9ms s=26
INF http m=GET p=/api/v1/notifications/unread-count s=200 d=247µs s=25
INF http m=GET p=/api/v1/workspaces/446478TFQ000/nodes/44647A38K000 s=200 d=293µs s=245
INF http m=GET p=/api/v1/workspaces/446478TFQ000/nodes/0/children s=200 d=241µs s=277
INF http m=GET p=/api/v1/workspaces/446478TFQ000/members s=200 d=715µs s=122
ERR Failed to commit DB changes err="failed to stage db changes: exit status 128\nOutput: fatal: Unable to create '/home/runner/work/mddb/mddb/data-e2e/.git/index.lock': File exists.\n\nAnother git process seems to be running in this repository, or the lock file may be stale\n"
INF http m=POST p=/api/v1/workspaces/44647AD78000/nodes/44647BKNK000/table/records/create s=200 d=20.1ms s=26
ERR Failed to commit DB changes err="failed to stage db changes: exit status 128\nOutput: fatal: Unable to create '/home/runner/work/mddb/mddb/data-e2e/.git/index.lock': File exists.\n\nAnother git process seems to be running in this repository, or the lock file may be stale\n"
INF http m=POST p=/api/v1/workspaces/44647AD78000/nodes/44647BKNK000/table/records/create s=200 d=18.9ms s=26
INF http m=GET p=/w/@44647AD78000+workspace/@44647BC8Q000+welcome s=200 d=44µs s=542
INF http m=GET p=/api/v1/workspaces/44647AD78000/events s=200 d=197ms s=333
INF http m=GET p=/api/v1/workspaces/446478TFQ000/nodes/44647A8RK000 s=200 d=314µs s=164
INF http m=GET p=/api/v1/workspaces/446478TFQ000/nodes/44647A8RK000/table/records s=200 d=321µs s=147
INF http m=GET p=/api/v1/auth/me s=200 d=270µs s=348
INF http m=GET p=/api/v1/notifications/unread-count s=200 d=170µs s=25
INF http m=GET p=/api/v1/workspaces/44647AD78000/nodes/0/children s=200 d=540µs s=278
INF http m=GET p=/api/v1/workspaces/44647AD78000/members s=200 d=1.25ms s=124
INF http m=GET p=/api/v1/workspaces/44647AD78000/nodes/44647BC8Q000 s=200 d=675µs s=245
INF http m=GET p=/api/v1/workspaces/44647AD78000/nodes/44647BKNK000 s=200 d=478µs s=165
INF http m=GET p=/api/v1/workspaces/446478TFQ000/events s=200 d=200ms s=93
INF http m=GET p=/api/v1/workspaces/44647AD78000/nodes/44647BKNK000/table/records s=200 d=2.57ms s=147
INF http m=GET p=/api/v1/workspaces/44647AD78000/events s=200 d=270ms s=93
ERR Failed to commit DB changes err="failed to stage db changes: exit status 128\nOutput: fatal: Unable to create '/home/runner/work/mddb/mddb/data-e2e/.git/index.lock': File exists.\n\nAnother git process seems to be running in this repository, or the lock file may be stale\n"
INF http m=POST p=/api/v1/auth/register s=200 d=104ms s=390
INF http m=GET p=/ s=200 d=60µs s=542
INF http m=GET p=/assets/index-SHhnYNGf.js s=200 d=168µs s=49792
INF http m=GET p=/assets/index-DPQ8uk7g.css s=200 d=94µs s=12402
INF http m=GET p=/assets/editor-vendor-Bje_VwYD.js s=200 d=124µs s=117396
INF http m=GET p=/assets/vendor-C3WBU0hm.js s=200 d=93µs s=29762
INF http m=GET p=/registerSW.js s=200 d=33µs s=87
INF http m=GET p=/api/v1/auth/me s=200 d=221µs s=165
INF http m=GET p=/assets/en-BOb8f2G7.js s=200 d=90µs s=5207
INF http m=GET p=/api/v1/notifications/unread-count s=200 d=157µs s=25
INF http m=GET p=/favicon.png s=200 d=40µs s=449
ERR Failed to commit DB changes err="failed to stage db changes: exit status 128\nOutput: fatal: Unable to create '/home/runner/work/mddb/mddb/data-e2e/.git/index.lock': File exists.\n\nAnother git process seems to be running in this repository, or the lock file may be stale\n"
INF http m=POST p=/api/v1/organizations s=200 d=17.8ms s=351
INF http m=GET p=/sw.js s=200 d=44µs s=5540
INF http m=GET p=/api/v1/auth/me s=200 d=218µs s=252
INF http m=GET p=/registerSW.js s=200 d=37µs s=87
INF http m=GET p=/index.html s=200 d=32µs s=542
INF http m=GET p=/icon.svg s=200 d=20µs s=195
INF http m=GET p=/icon-512.png s=200 d=59µs s=6498
INF http m=GET p=/icon-192.png s=200 d=85µs s=2468
INF http m=GET p=/favicon.png s=200 d=23µs s=449
ERR Failed to commit DB changes err="failed to stage db changes: exit status 128\nOutput: fatal: Unable to create '/home/runner/work/mddb/mddb/data-e2e/.git/index.lock': File exists.\n\nAnother git process seems to be running in this repository, or the lock file may be stale\n"
INF http m=POST p=/api/v1/auth/register s=200 d=138ms s=394
INF http m=GET p=/ s=200 d=85µs s=542
INF http m=GET p=/apple-touch-icon.png s=200 d=29µs s=2298
INF http m=GET p=/assets/material-symbols-names-mOXCVt15.js s=200 d=97µs s=15793
INF http m=GET p=/assets/index-SHhnYNGf.js s=200 d=142µs s=49792
INF http m=GET p=/assets/index-DPQ8uk7g.css s=200 d=115µs s=12402
INF http m=GET p=/assets/editor-vendor-Bje_VwYD.js s=200 d=150µs s=117396
INF http m=GET p=/assets/vendor-C3WBU0hm.js s=200 d=93µs s=29762
INF http m=GET p=/registerSW.js s=200 d=33µs s=87
INF http m=GET p=/assets/fr-CgauyyXq.js s=200 d=76µs s=6301
INF http m=GET p=/assets/es-DHO8DnB9.js s=200 d=72µs s=6015
ERR Failed to add workspace submodule wsID=44647GJ4Q000 err="failed to add submodule 44647GJ4Q000: exit status 128\nOutput: Adding existing repo at '44647GJ4Q000' to the index\nfatal: Unable to create '/home/runner/work/mddb/mddb/data-e2e/.git/index.lock': File exists.\n\nAnother git process seems to be running in this repository, or the lock file may be stale\nfatal: Failed to add submodule '44647GJ4Q000'\n"
INF http m=GET p=/assets/emoji-groups-tsNE8Axz.js s=200 d=75µs s=13852
ERR Failed to commit DB changes err="failed to stage db changes: exit status 128\nOutput: fatal: Unable to create '/home/runner/work/mddb/mddb/data-e2e/.git/index.lock': File exists.\n\nAnother git process seems to be running in this repository, or the lock file may be stale\n"
INF http m=POST p=/api/v1/organizations/44647G9SG000/workspaces s=200 d=150ms s=299
ERR Failed to commit DB changes err="failed to stage db changes: exit status 128\nOutput: fatal: Unable to create '/home/runner/work/mddb/mddb/data-e2e/.git/index.lock': File exists.\n\nAnother git process seems to be running in this repository, or the lock file may be stale\n"
INF http m=POST p=/api/v1/auth/switch-workspace s=200 d=7.97ms s=576
INF http m=GET p=/api/v1/notifications/unread-count s=200 d=228µs s=25
INF http m=GET p=/api/v1/workspaces/44647GJ4Q000/members s=200 d=438µs s=128
INF http m=GET p=/api/v1/workspaces/44647GJ4Q000/nodes/0/children s=200 d=10.1ms s=26
INF http m=GET p=/api/v1/auth/me s=200 d=232µs s=165
INF http m=GET p=/assets/en-BOb8f2G7.js s=200 d=93µs s=5207
INF http m=GET p=/assets/de-qJeflSp6.js s=200 d=107µs s=6245
INF http m=GET p=/api/v1/notifications/unread-count s=200 d=134µs s=25
INF http m=GET p=/favicon.png s=200 d=35µs s=449
INF http m=GET p=/assets/WorkspaceSettingsPanel-CsUOm22X.css s=200 d=26µs s=1025
ERR Failed to commit DB changes err="failed to stage db changes: exit status 128\nOutput: fatal: Unable to create '/home/runner/work/mddb/mddb/data-e2e/.git/index.lock': File exists.\n\nAnother git process seems to be running in this repository, or the lock file may be stale\n"
INF http m=POST p=/api/v1/organizations s=200 d=8.28ms s=351
INF http m=GET p=/assets/WorkspaceSettingsPanel-CM5oaFTF.js s=200 d=54µs s=4443
INF http m=GET p=/assets/ServerSettingsPanel-pbgISWIv.css s=200 d=38µs s=596
INF http m=GET p=/assets/ServerSettingsPanel-C8C6nm9a.js s=200 d=36µs s=2550
INF http m=GET p=/assets/ResourceQuotaForm-DTSj8Ta5.css s=200 d=32µs s=302
ERR Failed to commit DB changes err="failed to stage db changes: exit status 128\nOutput: fatal: Unable to create '/home/runner/work/mddb/mddb/data-e2e/.git/index.lock': File exists.\n\nAnother git process seems to be running in this repository, or the lock file may be stale\n"
INF http m=POST p=/api/v1/workspaces/44647GJ4Q000/nodes/0/page/create s=200 d=51.9ms s=35
INF http m=GET p=/sw.js s=200 d=61µs s=5540
INF http m=GET p=/assets/ResourceQuotaForm-D6gJNn3N.js s=200 d=30µs s=812
INF http m=GET p=/api/v1/workspaces/44647GJ4Q000/nodes/0/children s=200 d=336µs s=279
INF http m=GET p=/assets/ProfileSettings-rthGIjGN.js s=200 d=72µs s=4319
INF http m=GET p=/api/v1/auth/me s=200 d=518µs s=252
ERR Failed to commit DB changes err="failed to stage db changes: exit status 128\nOutput: fatal: Unable to create '/home/runner/work/mddb/mddb/data-e2e/.git/index.lock': File exists.\n\nAnother git process seems to be running in this repository, or the lock file may be stale\n"
INF http m=POST p=/api/v1/workspaces/44647GJ4Q000/nodes/0/table/create s=200 d=68.5ms s=26
INF http m=GET p=/assets/ProfileSettings-D5kbNfHV.css s=200 d=32µs s=1220
INF http m=GET p=/api/v1/workspaces/44647GJ4Q000/nodes/44647I382000 s=200 d=553µs s=245
INF http m=GET p=/assets/OrgSettingsPanel-BP8s6T0h.css s=200 d=30µs s=511
INF http m=GET p=/registerSW.js s=200 d=25µs s=87
INF http m=GET p=/assets/OrgSettingsPanel-B78NX7Vn.js s=200 d=96µs s=2302
INF http m=GET p=/assets/Editor-5FlZhQpN.js s=200 d=64µs s=13509
INF http m=GET p=/assets/Editor-BYBWY7b1.css s=200 d=25µs s=2240
INF http m=GET p=/index.html s=200 d=24µs s=542
INF http m=GET p=/assets/InviteForm-R7w4u6kW.js s=200 d=36µs s=1267
ERR Failed to commit DB changes err="failed to stage db changes: exit status 128\nOutput: fatal: Unable to create '/home/runner/work/mddb/mddb/data-e2e/.git/index.lock': File exists.\n\nAnother git process seems to be running in this repository, or the lock file may be stale\n"
INF http m=POST p=/api/v1/workspaces/44647GJ4Q000/nodes/44647IBA6000/table/records/create s=200 d=39.1ms s=26
INF http m=GET p=/icon.svg s=200 d=21µs s=195
INF http m=GET p=/icon-512.png s=200 d=92µs s=6498
INF http m=GET p=/assets/InviteForm-CW-wgFWD.css s=200 d=23µs s=414
INF http m=GET p=/icon-192.png s=200 d=62µs s=2468
INF http m=GET p=/assets/AdminDashboard-R0heLGro.css s=200 d=36µs s=601
INF http m=GET p=/favicon.png s=200 d=30µs s=449
INF http m=GET p=/assets/AdminDashboard-D3Sw1IyX.js s=200 d=35µs s=2075
INF http m=GET p=/apple-touch-icon.png s=200 d=35µs s=2298
INF http m=GET p=/manifest.webmanifest s=200 d=45µs s=199
INF http m=GET p=/assets/material-symbols-names-mOXCVt15.js s=200 d=71µs s=15793
ERR Failed to add workspace submodule wsID=44647IL1A000 err="failed to add submodule 44647IL1A000: exit status 128\nOutput: Adding existing repo at '44647IL1A000' to the index\nfatal: Unable to create '/home/runner/work/mddb/mddb/data-e2e/.git/index.lock': File exists.\n\nAnother git process seems to be running in this repository, or the lock file may be stale\nfatal: Failed to add submodule '44647IL1A000'\n"
ERR Failed to commit DB changes err="failed to stage db changes: exit status 128\nOutput: fatal: Unable to create '/home/runner/work/mddb/mddb/data-e2e/.git/index.lock': File exists.\n\nAnother git process seems to be running in this repository, or the lock file may be stale\n"
INF http m=POST p=/api/v1/workspaces/44647GJ4Q000/nodes/44647IBA6000/table/records/create s=200 d=68.9ms s=26
ERR Failed to commit DB changes err="failed to stage db changes: exit status 128\nOutput: fatal: Unable to create '/home/runner/work/mddb/mddb/data-e2e/.git/index.lock': File exists.\n\nAnother git process seems to be running in this repository, or the lock file may be stale\n"
INF http m=POST p=/api/v1/organizations/44647I7FM000/workspaces s=200 d=100ms s=297
INF http m=GET p=/w/@44647GJ4Q000+workspace/@44647I382000+welcome s=200 d=48µs s=542
INF http m=GET p=/assets/fr-CgauyyXq.js s=200 d=56µs s=6301
ERR Failed to commit DB changes err="failed to stage db changes: exit status 128\nOutput: fatal: Unable to create '/home/runner/work/mddb/mddb/data-e2e/.git/index.lock': File exists.\n\nAnother git process seems to be running in this repository, or the lock file may be stale\n"
INF http m=GET p=/assets/es-DHO8DnB9.js s=200 d=87µs s=6015
INF http m=GET p=/api/v1/workspaces/44647GJ4Q000/events s=200 d=256ms s=304
INF http m=POST p=/api/v1/auth/switch-workspace s=200 d=10.1ms s=609
INF http m=GET p=/assets/emoji-groups-tsNE8Axz.js s=200 d=135µs s=13852
INF http m=GET p=/api/v1/notifications/unread-count s=200 d=193µs s=25
INF http m=GET p=/api/v1/workspaces/44647IL1A000/members s=200 d=3.95ms s=126
INF http m=GET p=/api/v1/workspaces/44647IL1A000/nodes/0/children s=200 d=969µs s=26
INF http m=GET p=/api/v1/auth/me s=200 d=235µs s=353
ERR Failed to commit DB changes err="failed to stage db changes: exit status 128\nOutput: fatal: Unable to create '/home/runner/work/mddb/mddb/data-e2e/.git/index.lock': File exists.\n\nAnother git process seems to be running in this repository, or the lock file may be stale\n"
INF http m=POST p=/api/v1/workspaces/44647IL1A000/nodes/0/page/create s=200 d=17.5ms s=35
INF http m=GET p=/api/v1/workspaces/44647IL1A000/nodes/0/children s=200 d=283µs s=257
INF http m=GET p=/api/v1/workspaces/44647IL1A000/nodes/44647JNGC000 s=200 d=845µs s=245
INF http m=GET p=/assets/Editor-5FlZhQpN.js s=200 d=142µs s=13509
INF http m=GET p=/assets/de-qJeflSp6.js s=200 d=38µs s=6245
INF http m=GET p=/assets/Editor-BYBWY7b1.css s=200 d=2.42ms s=2240
INF http m=GET p=/api/v1/workspaces/44647GJ4Q000/members s=200 d=467µs s=128
INF http m=GET p=/api/v1/workspaces/44647GJ4Q000/nodes/0/children s=200 d=427µs s=279
INF http m=GET p=/api/v1/workspaces/44647GJ4Q000/nodes/44647I382000 s=200 d=1.02ms s=245
INF http m=GET p=/api/v1/notifications/unread-count s=200 d=459µs s=25
INF http m=GET p=/assets/WorkspaceSettingsPanel-CsUOm22X.css s=200 d=32µs s=1025
INF http m=GET p=/assets/WorkspaceSettingsPanel-CM5oaFTF.js s=200 d=68µs s=4443
INF http m=GET p=/assets/ServerSettingsPanel-pbgISWIv.css s=200 d=37µs s=596
INF http m=GET p=/assets/ServerSettingsPanel-C8C6nm9a.js s=200 d=81µs s=2550
ERR Failed to commit DB changes err="failed to stage db changes: exit status 128\nOutput: fatal: Unable to create '/home/runner/work/mddb/mddb/data-e2e/.git/index.lock': File exists.\n\nAnother git process seems to be running in this repository, or the lock file may be stale\n"
INF http m=POST p=/api/v1/workspaces/44647IL1A000/nodes/0/table/create s=200 d=29.3ms s=26
INF http m=GET p=/assets/ResourceQuotaForm-DTSj8Ta5.css s=200 d=34µs s=302
INF http m=GET p=/assets/ResourceQuotaForm-D6gJNn3N.js s=200 d=37µs s=812
INF http m=GET p=/assets/ProfileSettings-rthGIjGN.js s=200 d=60µs s=4319
ERR Failed to commit DB changes err="failed to stage db changes: exit status 128\nOutput: fatal: Unable to create '/home/runner/work/mddb/mddb/data-e2e/.git/index.lock': File exists.\n\nAnother git process seems to be running in this repository, or the lock file may be stale\n"
INF http m=POST p=/api/v1/workspaces/44647IL1A000/nodes/44647K2H0000/table/records/create s=200 d=20.6ms s=26
INF http m=GET p=/assets/ProfileSettings-D5kbNfHV.css s=200 d=51µs s=1220
INF http m=GET p=/assets/OrgSettingsPanel-BP8s6T0h.css s=200 d=26µs s=511
INF http m=GET p=/assets/OrgSettingsPanel-B78NX7Vn.js s=200 d=35µs s=2302
INF http m=GET p=/assets/InviteForm-R7w4u6kW.js s=200 d=20µs s=1267
INF http m=GET p=/assets/InviteForm-CW-wgFWD.css s=200 d=27µs s=414
ERR Failed to commit DB changes err="failed to stage db changes: exit status 128\nOutput: fatal: Unable to create '/home/runner/work/mddb/mddb/data-e2e/.git/index.lock': File exists.\n\nAnother git process seems to be running in this repository, or the lock file may be stale\n"
INF http m=POST p=/api/v1/workspaces/44647IL1A000/nodes/44647K2H0000/table/records/create s=200 d=14.8ms s=26
INF http m=GET p=/api/v1/workspaces/44647GJ4Q000/nodes/44647IBA6000 s=200 d=188µs s=167
INF http m=GET p=/assets/AdminDashboard-R0heLGro.css s=200 d=42µs s=601
INF http m=GET p=/api/v1/workspaces/44647GJ4Q000/nodes/44647IBA6000/table/records s=200 d=265µs s=126
INF http m=GET p=/assets/AdminDashboard-D3Sw1IyX.js s=200 d=30µs s=2075
ERR Failed to commit DB changes err="failed to stage db changes: exit status 128\nOutput: fatal: Unable to create '/home/runner/work/mddb/mddb/data-e2e/.git/index.lock': File exists.\n\nAnother git process seems to be running in this repository, or the lock file may be stale\n"
INF http m=POST p=/api/v1/workspaces/44647IL1A000/nodes/44647K2H0000/table/records/create s=200 d=24.4ms s=26
INF http m=GET p=/manifest.webmanifest s=200 d=31µs s=199
ERR Failed to commit DB changes err="failed to stage db changes: exit status 128\nOutput: fatal: Unable to create '/home/runner/work/mddb/mddb/data-e2e/.git/index.lock': File exists.\n\nAnother git process seems to be running in this repository, or the lock file may be stale\n"
INF http m=POST p=/api/v1/workspaces/44647IL1A000/nodes/44647K2H0000/table/records/create s=200 d=24.9ms s=26
INF http m=GET p=/w/@44647IL1A000+workspace/@44647JNGC000+welcome s=200 d=40µs s=542
INF http m=GET p=/api/v1/workspaces/44647IL1A000/events s=200 d=213ms s=362
INF http m=GET p=/api/v1/auth/me s=200 d=255µs s=353
INF http m=GET p=/api/v1/notifications/unread-count s=200 d=163µs s=25
INF http m=GET p=/api/v1/workspaces/44647IL1A000/nodes/0/children s=200 d=320µs s=296
INF http m=GET p=/api/v1/workspaces/44647IL1A000/members s=200 d=116µs s=126
INF http m=GET p=/api/v1/workspaces/44647IL1A000/nodes/44647JNGC000 s=200 d=382µs s=245
INF http m=GET p=/api/v1/workspaces/44647GJ4Q000/events s=200 d=221ms s=93
INF http m=GET p=/api/v1/workspaces/44647IL1A000/nodes/44647K2H0000 s=200 d=976µs s=154
INF http m=GET p=/api/v1/workspaces/44647IL1A000/nodes/44647K2H0000/table/records s=200 d=366µs s=172
ERR Failed to commit DB changes err="failed to stage db changes: exit status 128\nOutput: fatal: Unable to create '/home/runner/work/mddb/mddb/data-e2e/.git/index.lock': File exists.\n\nAnother git process seems to be running in this repository, or the lock file may be stale\n"
INF http m=POST p=/api/v1/auth/register s=200 d=72.6ms s=395
INF http m=GET p=/ s=200 d=37µs s=542
INF http m=GET p=/assets/index-SHhnYNGf.js s=200 d=135µs s=49792
INF http m=GET p=/assets/vendor-C3WBU0hm.js s=200 d=73µs s=29762
INF http m=GET p=/assets/index-DPQ8uk7g.css s=200 d=69µs s=12402
INF http m=GET p=/assets/editor-vendor-Bje_VwYD.js s=200 d=142µs s=117396
INF http m=GET p=/registerSW.js s=200 d=20µs s=87
INF http m=GET p=/api/v1/workspaces/44647IL1A000/events s=200 d=314ms s=93
INF http m=GET p=/api/v1/auth/me s=200 d=228µs s=165
INF http m=GET p=/assets/en-BOb8f2G7.js s=200 d=88µs s=5207
INF http m=GET p=/sw.js s=200 d=77µs s=5540
INF http m=GET p=/api/v1/notifications/unread-count s=200 d=169µs s=25
INF http m=GET p=/favicon.png s=200 d=27µs s=449
ERR Failed to commit DB changes err="failed to stage db changes: exit status 128\nOutput: fatal: Unable to create '/home/runner/work/mddb/mddb/data-e2e/.git/index.lock': File exists.\n\nAnother git process seems to be running in this repository, or the lock file may be stale\n"
INF http m=POST p=/api/v1/organizations s=200 d=7.09ms s=351
INF http m=GET p=/registerSW.js s=200 d=39µs s=87
INF http m=GET p=/api/v1/auth/me s=200 d=221µs s=251
INF http m=GET p=/index.html s=200 d=34µs s=542
INF http m=GET p=/icon.svg s=200 d=29µs s=195
INF http m=GET p=/icon-512.png s=200 d=58µs s=6498
INF http m=GET p=/icon-192.png s=200 d=61µs s=2468
INF http m=GET p=/favicon.png s=200 d=40µs s=449
INF http m=GET p=/apple-touch-icon.png s=200 d=51µs s=2298
INF http m=GET p=/assets/material-symbols-names-mOXCVt15.js s=200 d=90µs s=15793
INF http m=GET p=/assets/fr-CgauyyXq.js s=200 d=79µs s=6301
INF http m=GET p=/assets/es-DHO8DnB9.js s=200 d=78µs s=6015
ERR Failed to add workspace submodule wsID=44647OE2E000 err="failed to add submodule 44647OE2E000: exit status 128\nOutput: Adding existing repo at '44647OE2E000' to the index\nfatal: Unable to create '/home/runner/work/mddb/mddb/data-e2e/.git/index.lock': File exists.\n\nAnother git process seems to be running in this repository, or the lock file may be stale\nfatal: Failed to add submodule '44647OE2E000'\n"
INF http m=GET p=/assets/emoji-groups-tsNE8Axz.js s=200 d=84µs s=13852
ERR Failed to commit DB changes err="failed to stage db changes: exit status 128\nOutput: fatal: Unable to create '/home/runner/work/mddb/mddb/data-e2e/.git/index.lock': File exists.\n\nAnother git process seems to be running in this repository, or the lock file may be stale\n"
INF http m=POST p=/api/v1/organizations/44647NTBS000/workspaces s=200 d=137ms s=300
ERR Failed to commit DB changes err="failed to stage db changes: exit status 128\nOutput: fatal: Unable to create '/home/runner/work/mddb/mddb/data-e2e/.git/index.lock': File exists.\n\nAnother git process seems to be running in this repository, or the lock file may be stale\n"
INF http m=POST p=/api/v1/auth/switch-workspace s=200 d=11.1ms s=570
ERR Failed to commit DB changes err="failed to stage db changes: exit status 128\nOutput: fatal: Unable to create '/home/runner/work/mddb/mddb/data-e2e/.git/index.lock': File exists.\n\nAnother git process seems to be running in this repository, or the lock file may be stale\n"
INF http m=POST p=/api/v1/auth/register s=200 d=154ms s=393
INF http m=GET p=/api/v1/notifications/unread-count s=200 d=153µs s=25
INF http m=GET p=/api/v1/workspaces/44647OE2E000/members s=200 d=8.1ms s=130
INF http m=GET p=/api/v1/workspaces/44647OE2E000/nodes/0/children s=200 d=8.23ms s=26
INF http m=GET p=/ s=200 d=60µs s=542
INF http m=GET p=/assets/de-qJeflSp6.js s=200 d=107µs s=6245
INF http m=GET p=/assets/WorkspaceSettingsPanel-CsUOm22X.css s=200 d=26µs s=1025
INF http m=GET p=/assets/WorkspaceSettingsPanel-CM5oaFTF.js s=200 d=72µs s=4443
ERR Failed to commit DB changes err="failed to stage db changes: exit status 128\nOutput: fatal: Unable to create '/home/runner/work/mddb/mddb/data-e2e/.git/index.lock': File exists.\n\nAnother git process seems to be running in this repository, or the lock file may be stale\n"
INF http m=POST p=/api/v1/workspaces/44647OE2E000/nodes/0/page/create s=200 d=18.7ms s=35
INF http m=GET p=/api/v1/workspaces/44647OE2E000/nodes/0/children s=200 d=538µs s=257
INF http m=GET p=/assets/ServerSettingsPanel-pbgISWIv.css s=200 d=23µs s=596
INF http m=GET p=/assets/index-SHhnYNGf.js s=200 d=121µs s=49792
INF http m=GET p=/assets/index-DPQ8uk7g.css s=200 d=101µs s=12402
INF http m=GET p=/api/v1/workspaces/44647OE2E000/nodes/44647PO2Q000 s=200 d=912µs s=245
INF http m=GET p=/assets/ServerSettingsPanel-C8C6nm9a.js s=200 d=3.59ms s=2550
INF http m=GET p=/assets/vendor-C3WBU0hm.js s=200 d=84µs s=29762
INF http m=GET p=/assets/editor-vendor-Bje_VwYD.js s=200 d=478µs s=117396
INF http m=GET p=/registerSW.js s=200 d=30µs s=87
INF http m=GET p=/assets/Editor-BYBWY7b1.css s=200 d=212µs s=2240
INF http m=GET p=/assets/Editor-5FlZhQpN.js s=200 d=72µs s=13509
INF http m=GET p=/assets/ResourceQuotaForm-DTSj8Ta5.css s=200 d=43µs s=302
ERR Failed to commit DB changes err="failed to stage db changes: exit status 128\nOutput: fatal: Unable to create '/home/runner/work/mddb/mddb/data-e2e/.git/index.lock': File exists.\n\nAnother git process seems to be running in this repository, or the lock file may be stale\n"
INF http m=POST p=/api/v1/workspaces/44647OE2E000/nodes/0/table/create s=200 d=36.3ms s=26
INF http m=GET p=/assets/ResourceQuotaForm-D6gJNn3N.js s=200 d=26µs s=812
INF http m=GET p=/assets/ProfileSettings-rthGIjGN.js s=200 d=66µs s=4319
INF http m=GET p=/assets/ProfileSettings-D5kbNfHV.css s=200 d=41µs s=1220
INF http m=GET p=/assets/OrgSettingsPanel-BP8s6T0h.css s=200 d=37µs s=511
INF http m=GET p=/assets/OrgSettingsPanel-B78NX7Vn.js s=200 d=65µs s=2302
INF http m=GET p=/assets/InviteForm-R7w4u6kW.js s=200 d=23µs s=1267
ERR Failed to commit DB changes err="failed to stage db changes: exit status 128\nOutput: fatal: Unable to create '/home/runner/work/mddb/mddb/data-e2e/.git/index.lock': File exists.\n\nAnother git process seems to be running in this repository, or the lock file may be stale\n"
INF http m=POST p=/api/v1/workspaces/44647OE2E000/nodes/44647Q0MC000/table/records/create s=200 d=37.7ms s=26
INF http m=GET p=/assets/InviteForm-CW-wgFWD.css s=200 d=22µs s=414
INF http m=GET p=/assets/AdminDashboard-R0heLGro.css s=200 d=38µs s=601
INF http m=GET p=/assets/AdminDashboard-D3Sw1IyX.js s=200 d=45µs s=2075
INF http m=GET p=/api/v1/auth/me s=200 d=246µs s=166
INF http m=GET p=/manifest.webmanifest s=200 d=72µs s=199
INF http m=GET p=/assets/en-BOb8f2G7.js s=200 d=60µs s=5207
INF http m=GET p=/favicon.png s=200 d=40µs s=449
INF http m=GET p=/api/v1/notifications/unread-count s=200 d=291µs s=25
ERR Failed to commit DB changes err="failed to stage db changes: exit status 128\nOutput: fatal: Unable to create '/home/runner/work/mddb/mddb/data-e2e/.git/index.lock': File exists.\n\nAnother git process seems to be running in this repository, or the lock file may be stale\n"
INF http m=POST p=/api/v1/organizations s=200 d=7.15ms s=349
INF http m=GET p=/api/v1/auth/me s=200 d=642µs s=250
INF http m=GET p=/sw.js s=200 d=91µs s=5540
INF http m=GET p=/registerSW.js s=200 d=35µs s=87
INF http m=GET p=/index.html s=200 d=45µs s=542
INF http m=GET p=/icon.svg s=200 d=30µs s=195
INF http m=GET p=/icon-512.png s=200 d=98µs s=6498
INF http m=GET p=/icon-192.png s=200 d=41µs s=2468
INF http m=GET p=/favicon.png s=200 d=28µs s=449
INF http m=GET p=/apple-touch-icon.png s=200 d=81µs s=2298
INF http m=GET p=/assets/material-symbols-names-mOXCVt15.js s=200 d=86µs s=15793
ERR Failed to add workspace submodule wsID=44647R054000 err="failed to add submodule 44647R054000: exit status 128\nOutput: Adding existing repo at '44647R054000' to the index\nfatal: Unable to create '/home/runner/work/mddb/mddb/data-e2e/.git/index.lock': File exists.\n\nAnother git process seems to be running in this repository, or the lock file may be stale\nfatal: Failed to add submodule '44647R054000'\n"
ERR Failed to commit DB changes err="failed to stage db changes: exit status 128\nOutput: fatal: Unable to create '/home/runner/work/mddb/mddb/data-e2e/.git/index.lock': File exists.\n\nAnother git process seems to be running in this repository, or the lock file may be stale\n"
INF http m=POST p=/api/v1/organizations/44647QPQ8000/workspaces s=200 d=71.7ms s=298
ERR Failed to commit DB changes err="failed to stage db changes: exit status 128\nOutput: fatal: Unable to create '/home/runner/work/mddb/mddb/data-e2e/.git/index.lock': File exists.\n\nAnother git process seems to be running in this repository, or the lock file may be stale\n"
INF http m=POST p=/api/v1/workspaces/44647OE2E000/nodes/44647Q0MC000/table/records/create s=200 d=150ms s=26
ERR Failed to commit DB changes err="failed to stage db changes: exit status 128\nOutput: fatal: Unable to create '/home/runner/work/mddb/mddb/data-e2e/.git/index.lock': File exists.\n\nAnother git process seems to be running in this repository, or the lock file may be stale\n"
INF http m=POST p=/api/v1/auth/switch-workspace s=200 d=4.15ms s=575
INF http m=GET p=/assets/fr-CgauyyXq.js s=200 d=71µs s=6301
ERR Failed to commit DB changes err="failed to stage db changes: exit status 128\nOutput: fatal: Unable to create '/home/runner/work/mddb/mddb/data-e2e/.git/index.lock': File exists.\n\nAnother git process seems to be running in this repository, or the lock file may be stale\n"
INF http m=POST p=/api/v1/workspaces/44647OE2E000/nodes/44647Q0MC000/table/records/create s=200 d=13.7ms s=26
INF http m=GET p=/api/v1/notifications/unread-count s=200 d=143µs s=25
INF http m=GET p=/api/v1/workspaces/44647R054000/members s=200 d=115µs s=128
INF http m=GET p=/assets/es-DHO8DnB9.js s=200 d=277µs s=6015
INF http m=GET p=/api/v1/workspaces/44647R054000/nodes/0/children s=200 d=5.08ms s=26
INF http m=GET p=/w/@44647OE2E000+workspace/@44647PO2Q000+welcome s=200 d=45µs s=542
INF http m=GET p=/api/v1/workspaces/44647OE2E000/events s=200 d=352ms s=333
INF http m=GET p=/assets/emoji-groups-tsNE8Axz.js s=200 d=103µs s=13852
ERR Failed to commit DB changes err="failed to stage db changes: exit status 128\nOutput: fatal: Unable to create '/home/runner/work/mddb/mddb/data-e2e/.git/index.lock': File exists.\n\nAnother git process seems to be running in this repository, or the lock file may be stale\n"
INF http m=POST p=/api/v1/workspaces/44647R054000/nodes/0/page/create s=200 d=37.6ms s=35
INF http m=GET p=/api/v1/workspaces/44647R054000/nodes/0/children s=200 d=351µs s=279
INF http m=GET p=/api/v1/auth/me s=200 d=164µs s=351
INF http m=GET p=/api/v1/workspaces/44647R054000/nodes/44647RNVK000 s=200 d=615µs s=245
INF http m=GET p=/api/v1/notifications/unread-count s=200 d=98µs s=25
INF http m=GET p=/api/v1/workspaces/44647OE2E000/nodes/0/children s=200 d=639µs s=283
INF http m=GET p=/api/v1/workspaces/44647OE2E000/members s=200 d=340µs s=130
INF http m=GET p=/api/v1/workspaces/44647OE2E000/nodes/44647PO2Q000 s=200 d=614µs s=245
ERR Failed to commit DB changes err="failed to stage db changes: exit status 128\nOutput: fatal: Unable to create '/home/runner/work/mddb/mddb/data-e2e/.git/index.lock': File exists.\n\nAnother git process seems to be running in this repository, or the lock file may be stale\n"
INF http m=POST p=/api/v1/workspaces/44647R054000/nodes/0/table/create s=200 d=71ms s=26
INF http m=GET p=/assets/Editor-5FlZhQpN.js s=200 d=120µs s=13509
INF http m=GET p=/assets/Editor-BYBWY7b1.css s=200 d=51µs s=2240
INF http m=GET p=/assets/de-qJeflSp6.js s=200 d=5.56ms s=6245
INF http m=GET p=/assets/WorkspaceSettingsPanel-CsUOm22X.css s=200 d=46µs s=1025
INF http m=GET p=/assets/WorkspaceSettingsPanel-CM5oaFTF.js s=200 d=59µs s=4443
INF http m=GET p=/assets/ServerSettingsPanel-pbgISWIv.css s=200 d=24µs s=596
ERR Failed to commit DB changes err="failed to stage db changes: exit status 128\nOutput: fatal: Unable to create '/home/runner/work/mddb/mddb/data-e2e/.git/index.lock': File exists.\n\nAnother git process seems to be running in this repository, or the lock file may be stale\n"
INF http m=POST p=/api/v1/workspaces/44647R054000/nodes/44647RU78000/table/records/create s=200 d=41.1ms s=26
INF http m=GET p=/assets/ServerSettingsPanel-C8C6nm9a.js s=200 d=63µs s=2550
INF http m=GET p=/assets/ResourceQuotaForm-DTSj8Ta5.css s=200 d=33µs s=302
INF http m=GET p=/assets/ResourceQuotaForm-D6gJNn3N.js s=200 d=24µs s=812
INF http m=GET p=/assets/ProfileSettings-rthGIjGN.js s=200 d=42µs s=4319
ERR Failed to commit DB changes err="failed to stage db changes: exit status 128\nOutput: fatal: Unable to create '/home/runner/work/mddb/mddb/data-e2e/.git/index.lock': File exists.\n\nAnother git process seems to be running in this repository, or the lock file may be stale\n"
INF http m=POST p=/api/v1/workspaces/44647R054000/nodes/44647RU78000/table/records/create s=200 d=17.1ms s=26
INF http m=GET p=/assets/ProfileSettings-D5kbNfHV.css s=200 d=21µs s=1220
INF http m=GET p=/assets/OrgSettingsPanel-BP8s6T0h.css s=200 d=64µs s=511
INF http m=GET p=/w/@44647R054000+workspace/@44647RNVK000+welcome s=200 d=19µs s=542
INF http m=GET p=/assets/OrgSettingsPanel-B78NX7Vn.js s=200 d=38µs s=2302
INF http m=GET p=/api/v1/workspaces/44647R054000/events s=200 d=184ms s=317
INF http m=GET p=/registerSW.js s=200 d=41µs s=87
INF http m=GET p=/assets/InviteForm-R7w4u6kW.js s=200 d=38µs s=1267
INF http m=GET p=/api/v1/workspaces/44647OE2E000/nodes/44647Q0MC000 s=200 d=271µs s=168
INF http m=GET p=/assets/InviteForm-CW-wgFWD.css s=200 d=45µs s=414
INF http m=GET p=/api/v1/workspaces/44647OE2E000/nodes/44647Q0MC000/table/records s=200 d=320µs s=148
INF http m=GET p=/api/v1/auth/me s=200 d=247µs s=350
INF http m=GET p=/assets/AdminDashboard-R0heLGro.css s=200 d=50µs s=601
INF http m=GET p=/api/v1/notifications/unread-count s=200 d=161µs s=25
INF http m=GET p=/api/v1/workspaces/44647R054000/nodes/0/children s=200 d=422µs s=279
INF http m=GET p=/assets/AdminDashboard-D3Sw1IyX.js s=200 d=33µs s=2075
INF http m=GET p=/api/v1/workspaces/44647R054000/nodes/44647RNVK000 s=200 d=499µs s=245
INF http m=GET p=/api/v1/workspaces/44647R054000/members s=200 d=692µs s=128
INF http m=GET p=/manifest.webmanifest s=200 d=28µs s=199
ERR Failed to commit DB changes err="failed to stage db changes: exit status 128\nOutput: fatal: Unable to create '/home/runner/work/mddb/mddb/data-e2e/.git/index.lock': File exists.\n\nAnother git process seems to be running in this repository, or the lock file may be stale\n"
INF http m=POST p=/api/v1/workspaces/44647OE2E000/nodes/44647Q0MC000/views/create s=200 d=21.5ms s=26
INF http m=GET p=/w/@44647OE2E000+sort-persists-workspace/@44647Q0MC000+sort-persist-table s=200 d=48µs s=542
INF http m=GET p=/api/v1/workspaces/44647OE2E000/events s=200 d=162ms s=212
INF http m=GET p=/api/v1/workspaces/44647R054000/nodes/44647RU78000 s=200 d=2.75ms s=167
INF http m=GET p=/api/v1/auth/me s=200 d=236µs s=351
INF http m=GET p=/api/v1/workspaces/44647R054000/nodes/44647RU78000/table/records s=200 d=282µs s=129
INF http m=GET p=/api/v1/notifications/unread-count s=200 d=101µs s=25
INF http m=GET p=/api/v1/workspaces/44647OE2E000/nodes/0/children s=200 d=404µs s=308
INF http m=GET p=/api/v1/workspaces/44647OE2E000/members s=200 d=106µs s=130
INF http m=GET p=/api/v1/workspaces/44647OE2E000/nodes/44647Q0MC000 s=200 d=507µs s=170
INF http m=GET p=/api/v1/workspaces/44647OE2E000/nodes/44647Q0MC000/table/records s=200 d=376µs s=148
INF http m=GET p=/api/v1/workspaces/44647R054000/events s=200 d=174ms s=93
ERR Failed to commit DB changes err="failed to stage db changes: exit status 128\nOutput: fatal: Unable to create '/home/runner/work/mddb/mddb/data-e2e/.git/index.lock': File exists.\n\nAnother git process seems to be running in this repository, or the lock file may be stale\n"
INF http m=POST p=/api/v1/workspaces/44647OE2E000/nodes/44647Q0MC000/views/44647T3NO000 s=200 d=46.3ms s=35
INF http m=GET p=/api/v1/workspaces/44647OE2E000/nodes/44647Q0MC000/table/records s=200 d=338µs s=155
INF http m=GET p=/api/v1/workspaces/44647OE2E000/events s=200 d=229ms s=212
ERR Failed to commit DB changes err="failed to stage db changes: exit status 128\nOutput: fatal: Unable to create '/home/runner/work/mddb/mddb/data-e2e/.git/index.lock': File exists.\n\nAnother git process seems to be running in this repository, or the lock file may be stale\n"
INF http m=POST p=/api/v1/auth/register s=200 d=130ms s=399
INF http m=GET p=/ s=200 d=60µs s=542
INF http m=GET p=/assets/editor-vendor-Bje_VwYD.js s=200 d=226µs s=117396
INF http m=GET p=/assets/index-DPQ8uk7g.css s=200 d=69µs s=12402
INF http m=GET p=/assets/index-SHhnYNGf.js s=200 d=99µs s=49792
INF http m=GET p=/assets/vendor-C3WBU0hm.js s=200 d=76µs s=29762
INF http m=GET p=/registerSW.js s=200 d=23µs s=87
ERR Failed to commit DB changes err="failed to stage db changes: exit status 128\nOutput: fatal: Unable to create '/home/runner/work/mddb/mddb/data-e2e/.git/index.lock': File exists.\n\nAnother git process seems to be running in this repository, or the lock file may be stale\n"
INF http m=POST p=/api/v1/auth/register s=200 d=121ms s=396
INF http m=GET p=/api/v1/auth/me s=200 d=197µs s=169
INF http m=GET p=/assets/en-BOb8f2G7.js s=200 d=54µs s=5207
INF http m=GET p=/ s=200 d=59µs s=542
INF http m=GET p=/favicon.png s=200 d=35µs s=449
INF http m=GET p=/api/v1/notifications/unread-count s=200 d=162µs s=25
INF http m=GET p=/sw.js s=200 d=58µs s=5540
ERR Failed to commit DB changes err="failed to stage db changes: exit status 128\nOutput: fatal: Unable to create '/home/runner/work/mddb/mddb/data-e2e/.git/index.lock': File exists.\n\nAnother git process seems to be running in this repository, or the lock file may be stale\n"
INF http m=POST p=/api/v1/organizations s=200 d=7.86ms s=350
INF http m=GET p=/assets/index-SHhnYNGf.js s=200 d=156µs s=49792
INF http m=GET p=/assets/index-DPQ8uk7g.css s=200 d=112µs s=12402
INF http m=GET p=/registerSW.js s=200 d=56µs s=87
INF http m=GET p=/assets/vendor-C3WBU0hm.js s=200 d=87µs s=29762
INF http m=GET p=/assets/editor-vendor-Bje_VwYD.js s=200 d=114µs s=117396
INF http m=GET p=/api/v1/auth/me s=200 d=724µs s=252
INF http m=GET p=/registerSW.js s=200 d=26µs s=87
INF http m=GET p=/index.html s=200 d=43µs s=542
INF http m=GET p=/icon.svg s=200 d=36µs s=195
INF http m=GET p=/icon-512.png s=200 d=54µs s=6498
INF http m=GET p=/icon-192.png s=200 d=45µs s=2468
INF http m=GET p=/favicon.png s=200 d=33µs s=449
INF http m=GET p=/apple-touch-icon.png s=200 d=73µs s=2298
INF http m=GET p=/assets/material-symbols-names-mOXCVt15.js s=200 d=108µs s=15793
INF http m=GET p=/api/v1/auth/me s=200 d=216µs s=167
INF http m=GET p=/assets/en-BOb8f2G7.js s=200 d=54µs s=5207
INF http m=GET p=/assets/fr-CgauyyXq.js s=200 d=167µs s=6301
ERR Failed to add workspace submodule wsID=446481JR0000 err="failed to add submodule 446481JR0000: exit status 128\nOutput: Adding existing repo at '446481JR0000' to the index\nfatal: Unable to create '/home/runner/work/mddb/mddb/data-e2e/.git/index.lock': File exists.\n\nAnother git process seems to be running in this repository, or the lock file may be stale\nfatal: Failed to add submodule '446481JR0000'\n"
INF http m=GET p=/assets/es-DHO8DnB9.js s=200 d=83µs s=6015
ERR Failed to commit DB changes err="failed to stage db changes: exit status 128\nOutput: fatal: Unable to create '/home/runner/work/mddb/mddb/data-e2e/.git/index.lock': File exists.\n\nAnother git process seems to be running in this repository, or the lock file may be stale\n"
INF http m=POST p=/api/v1/organizations/446481980000/workspaces s=200 d=138ms s=298
INF http m=GET p=/api/v1/notifications/unread-count s=200 d=158µs s=25
INF http m=GET p=/favicon.png s=200 d=24µs s=449
ERR Failed to commit DB changes err="failed to stage db changes: exit status 128\nOutput: fatal: Unable to create '/home/runner/work/mddb/mddb/data-e2e/.git/index.lock': File exists.\n\nAnother git process seems to be running in this repository, or the lock file may be stale\n"
INF http m=POST p=/api/v1/auth/switch-workspace s=200 d=8.24ms s=582
INF http m=GET p=/sw.js s=200 d=97µs s=5540
ERR Failed to commit DB changes err="failed to stage db changes: exit status 128\nOutput: fatal: Unable to create '/home/runner/work/mddb/mddb/data-e2e/.git/index.lock': File exists.\n\nAnother git process seems to be running in this repository, or the lock file may be stale\n"
INF http m=POST p=/api/v1/organizations s=200 d=18.4ms s=352
INF http m=GET p=/assets/emoji-groups-tsNE8Axz.js s=200 d=80µs s=13852
INF http m=GET p=/api/v1/workspaces/446481JR0000/members s=200 d=437µs s=120
INF http m=GET p=/api/v1/workspaces/446481JR0000/nodes/0/children s=200 d=251µs s=26
INF http m=GET p=/api/v1/notifications/unread-count s=200 d=97µs s=25
INF http m=GET p=/api/v1/auth/me s=200 d=471µs s=253
INF http m=GET p=/registerSW.js s=200 d=35µs s=87
INF http m=GET p=/index.html s=200 d=91µs s=542
INF http m=GET p=/icon.svg s=200 d=26µs s=195
INF http m=GET p=/icon-512.png s=200 d=82µs s=6498
INF http m=GET p=/icon-192.png s=200 d=39µs s=2468
ERR Failed to commit DB changes err="failed to stage db changes: exit status 128\nOutput: fatal: Unable to create '/home/runner/work/mddb/mddb/data-e2e/.git/index.lock': File exists.\n\nAnother git process seems to be running in this repository, or the lock file may be stale\n"
INF http m=POST p=/api/v1/workspaces/446481JR0000/nodes/0/page/create s=200 d=38.7ms s=35
INF http m=GET p=/api/v1/workspaces/446481JR0000/nodes/0/children s=200 d=323µs s=283
INF http m=GET p=/favicon.png s=200 d=36µs s=449
INF http m=GET p=/apple-touch-icon.png s=200 d=37µs s=2298
INF http m=GET p=/api/v1/workspaces/446481JR0000/nodes/446482S56000 s=200 d=224µs s=245
INF http m=GET p=/assets/Editor-BYBWY7b1.css s=200 d=91µs s=2240
INF http m=GET p=/assets/de-qJeflSp6.js s=200 d=54µs s=6245
INF http m=GET p=/assets/Editor-5FlZhQpN.js s=200 d=99µs s=13509
INF http m=GET p=/assets/material-symbols-names-mOXCVt15.js s=200 d=77µs s=15793
INF http m=GET p=/assets/WorkspaceSettingsPanel-CsUOm22X.css s=200 d=33µs s=1025
INF http m=GET p=/assets/WorkspaceSettingsPanel-CM5oaFTF.js s=200 d=70µs s=4443
INF http m=GET p=/assets/fr-CgauyyXq.js s=200 d=75µs s=6301
INF http m=GET p=/assets/ServerSettingsPanel-pbgISWIv.css s=200 d=31µs s=596
INF http m=GET p=/assets/es-DHO8DnB9.js s=200 d=46µs s=6015
INF http m=GET p=/assets/ServerSettingsPanel-C8C6nm9a.js s=200 d=49µs s=2550
INF http m=GET p=/assets/ResourceQuotaForm-DTSj8Ta5.css s=200 d=27µs s=302
INF http m=GET p=/assets/emoji-groups-tsNE8Axz.js s=200 d=89µs s=13852
ERR Failed to add workspace submodule wsID=446482S0G000 err="failed to add submodule 446482S0G000: exit status 128\nOutput: Adding existing repo at '446482S0G000' to the index\nfatal: Unable to create '/home/runner/work/mddb/mddb/data-e2e/.git/index.lock': File exists.\n\nAnother git process seems to be running in this repository, or the lock file may be stale\nfatal: Failed to add submodule '446482S0G000'\n"
INF http m=GET p=/assets/ResourceQuotaForm-D6gJNn3N.js s=200 d=36µs s=812
ERR Failed to commit DB changes err="failed to stage db changes: exit status 128\nOutput: fatal: Unable to create '/home/runner/work/mddb/mddb/data-e2e/.git/index.lock': File exists.\n\nAnother git process seems to be running in this repository, or the lock file may be stale\n"
INF http m=POST p=/api/v1/organizations/446482FK4000/workspaces s=200 d=125ms s=296
ERR Failed to commit DB changes err="failed to stage db changes: exit status 128\nOutput: fatal: Unable to create '/home/runner/work/mddb/mddb/data-e2e/.git/index.lock': File exists.\n\nAnother git process seems to be running in this repository, or the lock file may be stale\n"
INF http m=POST p=/api/v1/workspaces/446481JR0000/nodes/0/table/create s=200 d=107ms s=26
INF http m=GET p=/assets/ProfileSettings-rthGIjGN.js s=200 d=57µs s=4319
ERR Failed to commit DB changes err="failed to stage db changes: exit status 128\nOutput: fatal: Unable to create '/home/runner/work/mddb/mddb/data-e2e/.git/index.lock': File exists.\n\nAnother git process seems to be running in this repository, or the lock file may be stale\n"
INF http m=POST p=/api/v1/auth/switch-workspace s=200 d=4.91ms s=582
INF http m=GET p=/assets/ProfileSettings-D5kbNfHV.css s=200 d=33µs s=1220
INF http m=GET p=/assets/OrgSettingsPanel-BP8s6T0h.css s=200 d=27µs s=511
ERR Failed to commit DB changes err="failed to stage db changes: exit status 128\nOutput: fatal: Unable to create '/home/runner/work/mddb/mddb/data-e2e/.git/index.lock': File exists.\n\nAnother git process seems to be running in this repository, or the lock file may be stale\n"
INF http m=POST p=/api/v1/workspaces/446481JR0000/nodes/4464832A6000/table/records/create s=200 d=20.4ms s=26
INF http m=GET p=/assets/OrgSettingsPanel-B78NX7Vn.js s=200 d=31µs s=2302
INF http m=GET p=/api/v1/notifications/unread-count s=200 d=399µs s=25
INF http m=GET p=/assets/InviteForm-R7w4u6kW.js s=200 d=31µs s=1267
INF http m=GET p=/assets/InviteForm-CW-wgFWD.css s=200 d=49µs s=414
INF http m=GET p=/api/v1/workspaces/446482S0G000/members s=200 d=446µs s=132
INF http m=GET p=/api/v1/workspaces/446482S0G000/nodes/0/children s=200 d=7.75ms s=26
INF http m=GET p=/assets/AdminDashboard-R0heLGro.css s=200 d=36µs s=601
ERR Failed to commit DB changes err="failed to stage db changes: exit status 128\nOutput: fatal: Unable to create '/home/runner/work/mddb/mddb/data-e2e/.git/index.lock': File exists.\n\nAnother git process seems to be running in this repository, or the lock file may be stale\n"
INF http m=POST p=/api/v1/workspaces/446481JR0000/nodes/4464832A6000/table/records/create s=200 d=36.2ms s=26
INF http m=GET p=/assets/AdminDashboard-D3Sw1IyX.js s=200 d=68µs s=2075
INF http m=GET p=/manifest.webmanifest s=200 d=35µs s=199
INF http m=GET p=/assets/de-qJeflSp6.js s=200 d=84µs s=6245
ERR Failed to commit DB changes err="failed to stage db changes: exit status 128\nOutput: fatal: Unable to create '/home/runner/work/mddb/mddb/data-e2e/.git/index.lock': File exists.\n\nAnother git process seems to be running in this repository, or the lock file may be stale\n"
INF http m=POST p=/api/v1/workspaces/446482S0G000/nodes/0/page/create s=200 d=20.9ms s=35
INF http m=GET p=/api/v1/workspaces/446482S0G000/nodes/0/children s=200 d=260µs s=281
INF http m=GET p=/assets/WorkspaceSettingsPanel-CsUOm22X.css s=200 d=26µs s=1025
INF http m=GET p=/assets/WorkspaceSettingsPanel-CM5oaFTF.js s=200 d=50µs s=4443
INF http m=GET p=/api/v1/workspaces/446482S0G000/nodes/446483VVG000 s=200 d=5.63ms s=245
INF http m=GET p=/assets/ServerSettingsPanel-pbgISWIv.css s=200 d=57µs s=596
ERR Failed to commit DB changes err="failed to stage db changes: exit status 128\nOutput: fatal: Unable to create '/home/runner/work/mddb/mddb/data-e2e/.git/index.lock': File exists.\n\nAnother git process seems to be running in this repository, or the lock file may be stale\n"
INF http m=POST p=/api/v1/workspaces/446481JR0000/nodes/4464832A6000/table/records/create s=200 d=27.6ms s=26
INF http m=GET p=/assets/ServerSettingsPanel-C8C6nm9a.js s=200 d=64µs s=2550
ERR Failed to commit DB changes err="failed to stage db changes: exit status 128\nOutput: fatal: Unable to create '/home/runner/work/mddb/mddb/data-e2e/.git/index.lock': File exists.\n\nAnother git process seems to be running in this repository, or the lock file may be stale\n"
INF http m=POST p=/api/v1/workspaces/446482S0G000/nodes/0/table/create s=200 d=24.8ms s=26
INF http m=GET p=/assets/Editor-BYBWY7b1.css s=200 d=30µs s=2240
INF http m=GET p=/assets/Editor-5FlZhQpN.js s=200 d=50µs s=13509
INF http m=GET p=/assets/ResourceQuotaForm-DTSj8Ta5.css s=200 d=36µs s=302
INF http m=GET p=/w/@446481JR0000+workspace/@446482S56000+welcome s=200 d=24µs s=542
INF http m=GET p=/assets/ResourceQuotaForm-D6gJNn3N.js s=200 d=33µs s=812
INF http m=GET p=/api/v1/workspaces/446481JR0000/events s=200 d=274ms s=329
ERR Failed to commit DB changes err="failed to stage db changes: exit status 128\nOutput: fatal: Unable to create '/home/runner/work/mddb/mddb/data-e2e/.git/index.lock': File exists.\n\nAnother git process seems to be running in this repository, or the lock file may be stale\n"
INF http m=POST p=/api/v1/workspaces/446482S0G000/nodes/44648446S000/table/records/create s=200 d=19.7ms s=26
INF http m=GET p=/assets/ProfileSettings-rthGIjGN.js s=200 d=66µs s=4319
INF http m=GET p=/assets/ProfileSettings-D5kbNfHV.css s=200 d=36µs s=1220
ERR Failed to commit DB changes err="failed to stage db changes: exit status 128\nOutput: fatal: Unable to create '/home/runner/work/mddb/mddb/data-e2e/.git/index.lock': File exists.\n\nAnother git process seems to be running in this repository, or the lock file may be stale\n"
INF http m=POST p=/api/v1/workspaces/446482S0G000/nodes/44648446S000/table/records/create s=200 d=16.7ms s=26
INF http m=GET p=/assets/OrgSettingsPanel-BP8s6T0h.css s=200 d=31µs s=511
INF http m=GET p=/assets/OrgSettingsPanel-B78NX7Vn.js s=200 d=56µs s=2302
INF http m=GET p=/assets/InviteForm-R7w4u6kW.js s=200 d=45µs s=1267
INF http m=GET p=/assets/InviteForm-CW-wgFWD.css s=200 d=44µs s=414
ERR Failed to commit DB changes err="failed to stage db changes: exit status 128\nOutput: fatal: Unable to create '/home/runner/work/mddb/mddb/data-e2e/.git/index.lock': File exists.\n\nAnother git process seems to be running in this repository, or the lock file may be stale\n"
INF http m=POST p=/api/v1/workspaces/446482S0G000/nodes/44648446S000/table/records/create s=200 d=34.8ms s=26
INF http m=GET p=/assets/AdminDashboard-R0heLGro.css s=200 d=46µs s=601
INF http m=GET p=/w/@446482S0G000+workspace/@446483VVG000+welcome s=200 d=40µs s=542
INF http m=GET p=/api/v1/auth/me s=200 d=229µs s=370
INF http m=GET p=/api/v1/workspaces/446482S0G000/events s=200 d=156ms s=336
INF http m=GET p=/assets/AdminDashboard-D3Sw1IyX.js s=200 d=38µs s=2075
INF http m=GET p=/manifest.webmanifest s=200 d=43µs s=199
INF http m=GET p=/registerSW.js s=200 d=35µs s=87
INF http m=GET p=/api/v1/auth/me s=200 d=282µs s=355
INF http m=GET p=/api/v1/notifications/unread-count s=200 d=164µs s=25
INF http m=GET p=/api/v1/workspaces/446481JR0000/nodes/446482S56000 s=200 d=239µs s=245
INF http m=GET p=/api/v1/workspaces/446481JR0000/members s=200 d=152µs s=120
INF http m=GET p=/api/v1/workspaces/446481JR0000/nodes/0/children s=200 d=268µs s=283
INF http m=GET p=/api/v1/notifications/unread-count s=200 d=187µs s=25
INF http m=GET p=/api/v1/workspaces/446482S0G000/nodes/0/children s=200 d=864µs s=281
INF http m=GET p=/api/v1/workspaces/446482S0G000/nodes/446483VVG000 s=200 d=5.45ms s=245
INF http m=GET p=/api/v1/workspaces/446482S0G000/members s=200 d=2.24ms s=132
INF http m=GET p=/api/v1/workspaces/446481JR0000/nodes/4464832A6000 s=200 d=313µs s=171
INF http m=GET p=/api/v1/workspaces/446481JR0000/nodes/4464832A6000/table/records s=200 d=318µs s=147
INF http m=GET p=/api/v1/workspaces/446482S0G000/nodes/44648446S000 s=200 d=719µs s=169
INF http m=GET p=/api/v1/workspaces/446482S0G000/nodes/44648446S000/table/records s=200 d=351µs s=146
INF http m=GET p=/api/v1/workspaces/446481JR0000/events s=200 d=216ms s=93
INF http m=GET p=/api/v1/workspaces/446482S0G000/events s=200 d=238ms s=93
ERR Failed to commit DB changes err="failed to stage db changes: exit status 128\nOutput: fatal: Unable to create '/home/runner/work/mddb/mddb/data-e2e/.git/index.lock': File exists.\n\nAnother git process seems to be running in this repository, or the lock file may be stale\n"
INF http m=POST p=/api/v1/auth/register s=200 d=161ms s=397
INF http m=GET p=/ s=200 d=87µs s=542
INF http m=GET p=/assets/index-DPQ8uk7g.css s=200 d=115µs s=12402
INF http m=GET p=/assets/index-SHhnYNGf.js s=200 d=138µs s=49792
INF http m=GET p=/assets/vendor-C3WBU0hm.js s=200 d=67µs s=29762
INF http m=GET p=/assets/editor-vendor-Bje_VwYD.js s=200 d=238µs s=117396
INF http m=GET p=/registerSW.js s=200 d=170µs s=87
ERR Failed to commit DB changes err="failed to stage db changes: exit status 128\nOutput: fatal: Unable to create '/home/runner/work/mddb/mddb/data-e2e/.git/index.lock': File exists.\n\nAnother git process seems to be running in this repository, or the lock file may be stale\n"
INF http m=POST p=/api/v1/auth/register s=200 d=99.4ms s=410
INF http m=GET p=/ s=200 d=59µs s=542
INF http m=GET p=/registerSW.js s=200 d=46µs s=87
INF http m=GET p=/assets/editor-vendor-Bje_VwYD.js s=200 d=165µs s=117396
INF http m=GET p=/assets/index-SHhnYNGf.js s=200 d=73µs s=49792
INF http m=GET p=/assets/index-DPQ8uk7g.css s=200 d=62µs s=12402
INF http m=GET p=/assets/vendor-C3WBU0hm.js s=200 d=109µs s=29762
INF http m=GET p=/assets/en-BOb8f2G7.js s=200 d=90µs s=5207
INF http m=GET p=/api/v1/auth/me s=200 d=268µs s=167
INF http m=GET p=/api/v1/notifications/unread-count s=200 d=172µs s=25
INF http m=GET p=/sw.js s=200 d=64µs s=5540
INF http m=GET p=/favicon.png s=200 d=42µs s=449
ERR Failed to commit DB changes err="failed to stage db changes: exit status 128\nOutput: fatal: Unable to create '/home/runner/work/mddb/mddb/data-e2e/.git/index.lock': File exists.\n\nAnother git process seems to be running in this repository, or the lock file may be stale\n"
INF http m=POST p=/api/v1/organizations s=200 d=8.7ms s=352
INF http m=GET p=/api/v1/auth/me s=200 d=237µs s=168
INF http m=GET p=/assets/en-BOb8f2G7.js s=200 d=68µs s=5207
INF http m=GET p=/api/v1/auth/me s=200 d=230µs s=250
INF http m=GET p=/api/v1/notifications/unread-count s=200 d=264µs s=25
INF http m=GET p=/registerSW.js s=200 d=34µs s=87
INF http m=GET p=/favicon.png s=200 d=30µs s=449
ERR Failed to commit DB changes err="failed to stage db changes: exit status 128\nOutput: fatal: Unable to create '/home/runner/work/mddb/mddb/data-e2e/.git/index.lock': File exists.\n\nAnother git process seems to be running in this repository, or the lock file may be stale\n"
INF http m=POST p=/api/v1/organizations s=200 d=6.25ms s=353
INF http m=GET p=/index.html s=200 d=34µs s=542
INF http m=GET p=/icon.svg s=200 d=38µs s=195
INF http m=GET p=/icon-512.png s=200 d=67µs s=6498
INF http m=GET p=/icon-192.png s=200 d=40µs s=2468
INF http m=GET p=/sw.js s=200 d=98µs s=5540
INF http m=GET p=/favicon.png s=200 d=35µs s=449
INF http m=GET p=/api/v1/auth/me s=200 d=559µs s=254
INF http m=GET p=/apple-touch-icon.png s=200 d=43µs s=2298
INF http m=GET p=/registerSW.js s=200 d=37µs s=87
INF http m=GET p=/index.html s=200 d=31µs s=542
INF http m=GET p=/icon.svg s=200 d=29µs s=195
INF http m=GET p=/assets/material-symbols-names-mOXCVt15.js s=200 d=60µs s=15793
INF http m=GET p=/icon-512.png s=200 d=82µs s=6498
INF http m=GET p=/icon-192.png s=200 d=92µs s=2468
INF http m=GET p=/favicon.png s=200 d=40µs s=449
INF http m=GET p=/assets/fr-CgauyyXq.js s=200 d=42µs s=6301
INF http m=GET p=/apple-touch-icon.png s=200 d=38µs s=2298
INF http m=GET p=/assets/es-DHO8DnB9.js s=200 d=72µs s=6015
ERR Failed to add workspace submodule wsID=44648A35Q000 err="failed to add submodule 44648A35Q000: exit status 128\nOutput: Adding existing repo at '44648A35Q000' to the index\nfatal: Unable to create '/home/runner/work/mddb/mddb/data-e2e/.git/index.lock': File exists.\n\nAnother git process seems to be running in this repository, or the lock file may be stale\nfatal: Failed to add submodule '44648A35Q000'\n"
INF http m=GET p=/assets/emoji-groups-tsNE8Axz.js s=200 d=73µs s=13852
INF http m=GET p=/assets/material-symbols-names-mOXCVt15.js s=200 d=69µs s=15793
ERR Failed to commit DB changes err="failed to stage db changes: exit status 128\nOutput: fatal: Unable to create '/home/runner/work/mddb/mddb/data-e2e/.git/index.lock': File exists.\n\nAnother git process seems to be running in this repository, or the lock file may be stale\n"
INF http m=POST p=/api/v1/organizations/446489OIC000/workspaces s=200 d=145ms s=299
INF http m=GET p=/assets/fr-CgauyyXq.js s=200 d=84µs s=6301
INF http m=GET p=/assets/es-DHO8DnB9.js s=200 d=56µs s=6015
INF http m=GET p=/assets/emoji-groups-tsNE8Axz.js s=200 d=79µs s=13852
INF http m=GET p=/assets/de-qJeflSp6.js s=200 d=78µs s=6245
ERR Failed to add workspace submodule wsID=44648AE8C000 err="failed to add submodule 44648AE8C000: exit status 128\nOutput: Adding existing repo at '44648AE8C000' to the index\nfatal: Unable to create '/home/runner/work/mddb/mddb/data-e2e/.git/index.lock': File exists.\n\nAnother git process seems to be running in this repository, or the lock file may be stale\nfatal: Failed to add submodule '44648AE8C000'\n"
INF http m=GET p=/assets/WorkspaceSettingsPanel-CsUOm22X.css s=200 d=36µs s=1025
ERR Failed to commit DB changes err="failed to stage db changes: exit status 128\nOutput: fatal: Unable to create '/home/runner/work/mddb/mddb/data-e2e/.git/index.lock': File exists.\n\nAnother git process seems to be running in this repository, or the lock file may be stale\n"
INF http m=POST p=/api/v1/organizations/44648A2DK000/workspaces s=200 d=151ms s=298
INF http m=GET p=/assets/WorkspaceSettingsPanel-CM5oaFTF.js s=200 d=74µs s=4443
ERR Failed to commit DB changes err="failed to stage db changes: exit status 128\nOutput: fatal: Unable to create '/home/runner/work/mddb/mddb/data-e2e/.git/index.lock': File exists.\n\nAnother git process seems to be running in this repository, or the lock file may be stale\n"
INF http m=POST p=/api/v1/auth/switch-workspace s=200 d=64.2ms s=582
ERR Failed to commit DB changes err="failed to stage db changes: exit status 128\nOutput: fatal: Unable to create '/home/runner/work/mddb/mddb/data-e2e/.git/index.lock': File exists.\n\nAnother git process seems to be running in this repository, or the lock file may be stale\n"
INF http m=POST p=/api/v1/auth/switch-workspace s=200 d=10.1ms s=564
INF http m=GET p=/assets/ServerSettingsPanel-pbgISWIv.css s=200 d=38µs s=596
INF http m=GET p=/assets/de-qJeflSp6.js s=200 d=67µs s=6245
INF http m=GET p=/assets/ServerSettingsPanel-C8C6nm9a.js s=200 d=32µs s=2550
INF http m=GET p=/api/v1/notifications/unread-count s=200 d=167µs s=25
INF http m=GET p=/assets/ResourceQuotaForm-DTSj8Ta5.css s=200 d=32µs s=302
INF http m=GET p=/assets/WorkspaceSettingsPanel-CsUOm22X.css s=200 d=17µs s=1025
INF http m=GET p=/api/v1/workspaces/44648A35Q000/nodes/0/children s=200 d=256µs s=26
INF http m=GET p=/api/v1/workspaces/44648A35Q000/members s=200 d=408µs s=132
INF http m=GET p=/api/v1/notifications/unread-count s=200 d=1.52ms s=25
INF http m=GET p=/api/v1/workspaces/44648AE8C000/members s=200 d=233µs s=119
INF http m=GET p=/assets/WorkspaceSettingsPanel-CM5oaFTF.js s=200 d=70µs s=4443
INF http m=GET p=/assets/ResourceQuotaForm-D6gJNn3N.js s=200 d=14µs s=812
INF http m=GET p=/api/v1/workspaces/44648AE8C000/nodes/0/children s=200 d=15.5ms s=26
INF http m=GET p=/assets/ProfileSettings-rthGIjGN.js s=200 d=96µs s=4319
INF http m=GET p=/assets/ServerSettingsPanel-pbgISWIv.css s=200 d=36µs s=596
INF http m=GET p=/assets/ProfileSettings-D5kbNfHV.css s=200 d=18µs s=1220
INF http m=GET p=/assets/OrgSettingsPanel-BP8s6T0h.css s=200 d=26µs s=511
INF http m=GET p=/assets/ServerSettingsPanel-C8C6nm9a.js s=200 d=57µs s=2550
INF http m=GET p=/assets/ResourceQuotaForm-DTSj8Ta5.css s=200 d=31µs s=302
INF http m=GET p=/assets/OrgSettingsPanel-B78NX7Vn.js s=200 d=87µs s=2302
INF http m=GET p=/assets/ResourceQuotaForm-D6gJNn3N.js s=200 d=22µs s=812
ERR Failed to commit DB changes err="failed to stage db changes: exit status 128\nOutput: fatal: Unable to create '/home/runner/work/mddb/mddb/data-e2e/.git/index.lock': File exists.\n\nAnother git process seems to be running in this repository, or the lock file may be stale\n"
INF http m=POST p=/api/v1/workspaces/44648A35Q000/nodes/0/page/create s=200 d=31.7ms s=35
INF http m=GET p=/assets/InviteForm-R7w4u6kW.js s=200 d=25µs s=1267
INF http m=GET p=/api/v1/workspaces/44648A35Q000/nodes/0/children s=200 d=227µs s=257
INF http m=GET p=/assets/ProfileSettings-rthGIjGN.js s=200 d=73µs s=4319
INF http m=GET p=/assets/ProfileSettings-D5kbNfHV.css s=200 d=25µs s=1220
INF http m=GET p=/assets/InviteForm-CW-wgFWD.css s=200 d=25µs s=414
INF http m=GET p=/assets/OrgSettingsPanel-BP8s6T0h.css s=200 d=19µs s=511
INF http m=GET p=/assets/Editor-BYBWY7b1.css s=200 d=28µs s=2240
INF http m=GET p=/assets/OrgSettingsPanel-B78NX7Vn.js s=200 d=26µs s=2302
INF http m=GET p=/assets/InviteForm-R7w4u6kW.js s=200 d=21µs s=1267
INF http m=GET p=/api/v1/workspaces/44648A35Q000/nodes/44648BP08000 s=200 d=233µs s=245
ERR Failed to commit DB changes err="failed to stage db changes: exit status 128\nOutput: fatal: Unable to create '/home/runner/work/mddb/mddb/data-e2e/.git/index.lock': File exists.\n\nAnother git process seems to be running in this repository, or the lock file may be stale\n"
INF http m=POST p=/api/v1/workspaces/44648AE8C000/nodes/0/page/create s=200 d=39.1ms s=35
INF http m=GET p=/api/v1/workspaces/44648AE8C000/nodes/0/children s=200 d=603µs s=283
INF http m=GET p=/assets/Editor-5FlZhQpN.js s=200 d=63µs s=13509
INF http m=GET p=/assets/InviteForm-CW-wgFWD.css s=200 d=32µs s=414
ERR Failed to commit DB changes err="failed to stage db changes: exit status 128\nOutput: fatal: Unable to create '/home/runner/work/mddb/mddb/data-e2e/.git/index.lock': File exists.\n\nAnother git process seems to be running in this repository, or the lock file may be stale\n"
INF http m=POST p=/api/v1/workspaces/44648A35Q000/nodes/0/table/create s=200 d=34.5ms s=26
INF http m=GET p=/api/v1/workspaces/44648AE8C000/nodes/44648BT0M000 s=200 d=680µs s=245
INF http m=GET p=/assets/Editor-BYBWY7b1.css s=200 d=38µs s=2240
INF http m=GET p=/assets/AdminDashboard-R0heLGro.css s=200 d=23µs s=601
ERR Failed to commit DB changes err="failed to stage db changes: exit status 128\nOutput: fatal: Unable to create '/home/runner/work/mddb/mddb/data-e2e/.git/index.lock': File exists.\n\nAnother git process seems to be running in this repository, or the lock file may be stale\n"
INF http m=POST p=/api/v1/workspaces/44648AE8C000/nodes/0/table/create s=200 d=59.8ms s=26
INF http m=GET p=/assets/AdminDashboard-D3Sw1IyX.js s=200 d=76µs s=2075
INF http m=GET p=/assets/Editor-5FlZhQpN.js s=200 d=75µs s=13509
INF http m=GET p=/manifest.webmanifest s=200 d=36µs s=199
INF http m=GET p=/assets/AdminDashboard-R0heLGro.css s=200 d=34µs s=601
ERR Failed to commit DB changes err="failed to stage db changes: exit status 128\nOutput: fatal: Unable to create '/home/runner/work/mddb/mddb/data-e2e/.git/index.lock': File exists.\n\nAnother git process seems to be running in this repository, or the lock file may be stale\n"
INF http m=POST p=/api/v1/workspaces/44648A35Q000/nodes/44648C19G000/table/records/create s=200 d=38.7ms s=26
INF http m=GET p=/assets/AdminDashboard-D3Sw1IyX.js s=200 d=64µs s=2075
ERR Failed to commit DB changes err="failed to stage db changes: exit status 128\nOutput: fatal: Unable to create '/home/runner/work/mddb/mddb/data-e2e/.git/index.lock': File exists.\n\nAnother git process seems to be running in this repository, or the lock file may be stale\n"
INF http m=POST p=/api/v1/workspaces/44648AE8C000/nodes/44648C3BM000/table/records/create s=200 d=39.6ms s=26
INF http m=GET p=/manifest.webmanifest s=200 d=31µs s=199
ERR Failed to commit DB changes err="failed to stage db changes: exit status 128\nOutput: fatal: Unable to create '/home/runner/work/mddb/mddb/data-e2e/.git/index.lock': File exists.\n\nAnother git process seems to be running in this repository, or the lock file may be stale\n"
INF http m=POST p=/api/v1/workspaces/44648A35Q000/nodes/44648C19G000/table/records/create s=200 d=23.7ms s=26
ERR Failed to commit DB changes err="failed to stage db changes: exit status 128\nOutput: fatal: Unable to create '/home/runner/work/mddb/mddb/data-e2e/.git/index.lock': File exists.\n\nAnother git process seems to be running in this repository, or the lock file may be stale\n"
INF http m=POST p=/api/v1/workspaces/44648AE8C000/nodes/44648C3BM000/table/records/create s=200 d=21.3ms s=26
INF http m=GET p=/w/@44648A35Q000+workspace/@44648BP08000+welcome s=200 d=64µs s=542
INF http m=GET p=/w/@44648AE8C000+workspace/@44648BT0M000+welcome s=200 d=32µs s=542
INF http m=GET p=/api/v1/workspaces/44648A35Q000/events s=200 d=193ms s=307
INF http m=GET p=/api/v1/workspaces/44648AE8C000/events s=200 d=190ms s=307
INF http m=GET p=/api/v1/auth/me s=200 d=625µs s=354
INF http m=GET p=/api/v1/auth/me s=200 d=630µs s=352
INF http m=GET p=/api/v1/notifications/unread-count s=200 d=172µs s=25
INF http m=GET p=/api/v1/workspaces/44648AE8C000/nodes/0/children s=200 d=2.51ms s=283
INF http m=GET p=/api/v1/workspaces/44648AE8C000/nodes/44648BT0M000 s=200 d=216µs s=245
INF http m=GET p=/api/v1/workspaces/44648AE8C000/members s=200 d=112µs s=119
INF http m=GET p=/api/v1/workspaces/44648A35Q000/members s=200 d=119µs s=132
INF http m=GET p=/api/v1/workspaces/44648A35Q000/nodes/0/children s=200 d=271µs s=281
INF http m=GET p=/api/v1/workspaces/44648A35Q000/nodes/44648BP08000 s=200 d=160µs s=245
INF http m=GET p=/api/v1/notifications/unread-count s=200 d=4.26ms s=25
INF http m=GET p=/api/v1/workspaces/44648AE8C000/nodes/44648C3BM000 s=200 d=320µs s=172
INF http m=GET p=/api/v1/workspaces/44648AE8C000/nodes/44648C3BM000/table/records s=200 d=331µs s=124
INF http m=GET p=/api/v1/workspaces/44648A35Q000/nodes/44648C19G000 s=200 d=314µs s=169
INF http m=GET p=/api/v1/workspaces/44648A35Q000/nodes/44648C19G000/table/records s=200 d=362µs s=126
INF http m=GET p=/api/v1/workspaces/44648AE8C000/events s=200 d=231ms s=93
ERR Failed to commit DB changes err="failed to stage db changes: exit status 128\nOutput: fatal: Unable to create '/home/runner/work/mddb/mddb/data-e2e/.git/index.lock': File exists.\n\nAnother git process seems to be running in this repository, or the lock file may be stale\n"
INF http m=POST p=/api/v1/auth/register s=200 d=71.3ms s=397
INF http m=GET p=/ s=200 d=61µs s=542
INF http m=GET p=/assets/index-SHhnYNGf.js s=200 d=150µs s=49792
INF http m=GET p=/assets/index-DPQ8uk7g.css s=200 d=147µs s=12402
INF http m=GET p=/assets/editor-vendor-Bje_VwYD.js s=200 d=148µs s=117396
INF http m=GET p=/assets/vendor-C3WBU0hm.js s=200 d=89µs s=29762
INF http m=GET p=/registerSW.js s=200 d=31µs s=87
INF http m=GET p=/api/v1/workspaces/44648A35Q000/events s=200 d=450ms s=93
INF http m=GET p=/assets/en-BOb8f2G7.js s=200 d=98µs s=5207
INF http m=GET p=/api/v1/auth/me s=200 d=260µs s=167
INF http m=GET p=/favicon.png s=200 d=42µs s=449
INF http m=GET p=/api/v1/notifications/unread-count s=200 d=120µs s=25
INF http m=GET p=/sw.js s=200 d=57µs s=5540
ERR Failed to commit DB changes err="failed to stage db changes: exit status 128\nOutput: fatal: Unable to create '/home/runner/work/mddb/mddb/data-e2e/.git/index.lock': File exists.\n\nAnother git process seems to be running in this repository, or the lock file may be stale\n"
INF http m=POST p=/api/v1/organizations s=200 d=10.9ms s=352
INF http m=GET p=/registerSW.js s=200 d=40µs s=87
INF http m=GET p=/api/v1/auth/me s=200 d=520µs s=251
INF http m=GET p=/index.html s=200 d=37µs s=542
INF http m=GET p=/icon.svg s=200 d=37µs s=195
INF http m=GET p=/icon-512.png s=200 d=83µs s=6498
INF http m=GET p=/icon-192.png s=200 d=52µs s=2468
INF http m=GET p=/favicon.png s=200 d=27µs s=449
INF http m=GET p=/apple-touch-icon.png s=200 d=75µs s=2298
INF http m=GET p=/assets/material-symbols-names-mOXCVt15.js s=200 d=97µs s=15793
ERR Failed to add workspace submodule wsID=44648HI5K000 err="failed to add submodule 44648HI5K000: exit status 128\nOutput: Adding existing repo at '44648HI5K000' to the index\nfatal: Unable to create '/home/runner/work/mddb/mddb/data-e2e/.git/index.lock': File exists.\n\nAnother git process seems to be running in this repository, or the lock file may be stale\nfatal: Failed to add submodule '44648HI5K000'\n"
ERR Failed to commit DB changes err="failed to stage db changes: exit status 128\nOutput: fatal: Unable to create '/home/runner/work/mddb/mddb/data-e2e/.git/index.lock': File exists.\n\nAnother git process seems to be running in this repository, or the lock file may be stale\n"
INF http m=POST p=/api/v1/organizations/44648H33G000/workspaces s=200 d=150ms s=301
ERR Failed to commit DB changes err="failed to stage db changes: exit status 128\nOutput: fatal: Unable to create '/home/runner/work/mddb/mddb/data-e2e/.git/index.lock': File exists.\n\nAnother git process seems to be running in this repository, or the lock file may be stale\n"
INF http m=POST p=/api/v1/auth/register s=200 d=165ms s=390
INF http m=GET p=/assets/fr-CgauyyXq.js s=200 d=62µs s=6301
ERR Failed to commit DB changes err="failed to stage db changes: exit status 128\nOutput: fatal: Unable to create '/home/runner/work/mddb/mddb/data-e2e/.git/index.lock': File exists.\n\nAnother git process seems to be running in this repository, or the lock file may be stale\n"
INF http m=POST p=/api/v1/auth/switch-workspace s=200 d=9.81ms s=575
INF http m=GET p=/assets/es-DHO8DnB9.js s=200 d=59µs s=6015
INF http m=GET p=/ s=200 d=84µs s=542
INF http m=GET p=/api/v1/notifications/unread-count s=200 d=472µs s=25
INF http m=GET p=/api/v1/workspaces/44648HI5K000/members s=200 d=9.33ms s=119
INF http m=GET p=/api/v1/workspaces/44648HI5K000/nodes/0/children s=200 d=7.29ms s=26
INF http m=GET p=/assets/emoji-groups-tsNE8Axz.js s=200 d=89µs s=13852
INF http m=GET p=/assets/index-SHhnYNGf.js s=200 d=328µs s=49792
INF http m=GET p=/registerSW.js s=200 d=28µs s=87
INF http m=GET p=/assets/index-DPQ8uk7g.css s=200 d=73µs s=12402
INF http m=GET p=/assets/editor-vendor-Bje_VwYD.js s=200 d=129µs s=117396
INF http m=GET p=/assets/vendor-C3WBU0hm.js s=200 d=71µs s=29762
ERR Failed to commit DB changes err="failed to stage db changes: exit status 128\nOutput: fatal: Unable to create '/home/runner/work/mddb/mddb/data-e2e/.git/index.lock': File exists.\n\nAnother git process seems to be running in this repository, or the lock file may be stale\n"
INF http m=POST p=/api/v1/workspaces/44648HI5K000/nodes/0/page/create s=200 d=28.6ms s=35
INF http m=GET p=/assets/de-qJeflSp6.js s=200 d=65µs s=6245
INF http m=GET p=/api/v1/workspaces/44648HI5K000/nodes/0/children s=200 d=403µs s=294
INF http m=GET p=/assets/WorkspaceSettingsPanel-CsUOm22X.css s=200 d=34µs s=1025
INF http m=GET p=/api/v1/workspaces/44648HI5K000/nodes/44648J1B4000 s=200 d=274µs s=245
INF http m=GET p=/assets/WorkspaceSettingsPanel-CM5oaFTF.js s=200 d=60µs s=4443
ERR Failed to commit DB changes err="failed to stage db changes: exit status 128\nOutput: fatal: Unable to create '/home/runner/work/mddb/mddb/data-e2e/.git/index.lock': File exists.\n\nAnother git process seems to be running in this repository, or the lock file may be stale\n"
INF http m=POST p=/api/v1/workspaces/44648HI5K000/nodes/0/table/create s=200 d=54.5ms s=26
INF http m=GET p=/assets/ServerSettingsPanel-pbgISWIv.css s=200 d=30µs s=596
INF http m=GET p=/assets/Editor-5FlZhQpN.js s=200 d=92µs s=13509
INF http m=GET p=/assets/Editor-BYBWY7b1.css s=200 d=80µs s=2240
INF http m=GET p=/assets/ServerSettingsPanel-C8C6nm9a.js s=200 d=26µs s=2550
INF http m=GET p=/assets/ResourceQuotaForm-DTSj8Ta5.css s=200 d=33µs s=302
INF http m=GET p=/assets/ResourceQuotaForm-D6gJNn3N.js s=200 d=42µs s=812
ERR Failed to commit DB changes err="failed to stage db changes: exit status 128\nOutput: fatal: Unable to create '/home/runner/work/mddb/mddb/data-e2e/.git/index.lock': File exists.\n\nAnother git process seems to be running in this repository, or the lock file may be stale\n"
INF http m=POST p=/api/v1/workspaces/44648HI5K000/nodes/44648J58U000/table/records/create s=200 d=30.1ms s=26
INF http m=GET p=/assets/ProfileSettings-rthGIjGN.js s=200 d=70µs s=4319
INF http m=GET p=/assets/ProfileSettings-D5kbNfHV.css s=200 d=25µs s=1220
INF http m=GET p=/api/v1/auth/me s=200 d=170µs s=167
INF http m=GET p=/assets/en-BOb8f2G7.js s=200 d=75µs s=5207
INF http m=GET p=/assets/OrgSettingsPanel-BP8s6T0h.css s=200 d=19µs s=511
INF http m=GET p=/assets/OrgSettingsPanel-B78NX7Vn.js s=200 d=61µs s=2302
INF http m=GET p=/api/v1/notifications/unread-count s=200 d=221µs s=25
INF http m=GET p=/favicon.png s=200 d=522µs s=449
INF http m=GET p=/assets/InviteForm-R7w4u6kW.js s=200 d=21µs s=1267
ERR Failed to commit DB changes err="failed to stage db changes: exit status 128\nOutput: fatal: Unable to create '/home/runner/work/mddb/mddb/data-e2e/.git/index.lock': File exists.\n\nAnother git process seems to be running in this repository, or the lock file may be stale\n"
INF http m=POST p=/api/v1/organizations s=200 d=9.14ms s=352
ERR Failed to commit DB changes err="failed to stage db changes: exit status 128\nOutput: fatal: Unable to create '/home/runner/work/mddb/mddb/data-e2e/.git/index.lock': File exists.\n\nAnother git process seems to be running in this repository, or the lock file may be stale\n"
INF http m=POST p=/api/v1/workspaces/44648HI5K000/nodes/44648J58U000/table/records/create s=200 d=43.1ms s=26
INF http m=GET p=/api/v1/auth/me s=200 d=178µs s=251
INF http m=GET p=/assets/InviteForm-CW-wgFWD.css s=200 d=33µs s=414
INF http m=GET p=/sw.js s=200 d=43µs s=5540
INF http m=GET p=/assets/AdminDashboard-R0heLGro.css s=200 d=39µs s=601
ERR Failed to commit DB changes err="failed to stage db changes: exit status 128\nOutput: fatal: Unable to create '/home/runner/work/mddb/mddb/data-e2e/.git/index.lock': File exists.\n\nAnother git process seems to be running in this repository, or the lock file may be stale\n"
INF http m=POST p=/api/v1/workspaces/44648HI5K000/nodes/44648J58U000/table/records/create s=200 d=21ms s=26
INF http m=GET p=/assets/AdminDashboard-D3Sw1IyX.js s=200 d=97µs s=2075
INF http m=GET p=/w/@44648HI5K000+workspace/@44648J1B4000+welcome s=200 d=29µs s=542
INF http m=GET p=/registerSW.js s=200 d=32µs s=87
INF http m=GET p=/api/v1/workspaces/44648HI5K000/events s=200 d=236ms s=327
INF http m=GET p=/registerSW.js s=200 d=34µs s=87
INF http m=GET p=/manifest.webmanifest s=200 d=34µs s=199
INF http m=GET p=/index.html s=200 d=24µs s=542
INF http m=GET p=/icon.svg s=200 d=34µs s=195
INF http m=GET p=/icon-512.png s=200 d=102µs s=6498
INF http m=GET p=/api/v1/auth/me s=200 d=228µs s=353
INF http m=GET p=/icon-192.png s=200 d=34µs s=2468
INF http m=GET p=/favicon.png s=200 d=29µs s=449
INF http m=GET p=/apple-touch-icon.png s=200 d=54µs s=2298
INF http m=GET p=/assets/material-symbols-names-mOXCVt15.js s=200 d=102µs s=15793
INF http m=GET p=/api/v1/workspaces/44648HI5K000/members s=200 d=207µs s=119
INF http m=GET p=/api/v1/notifications/unread-count s=200 d=101µs s=25
INF http m=GET p=/api/v1/workspaces/44648HI5K000/nodes/0/children s=200 d=952µs s=294
INF http m=GET p=/api/v1/workspaces/44648HI5K000/nodes/44648J1B4000 s=200 d=210µs s=245
INF http m=GET p=/assets/fr-CgauyyXq.js s=200 d=64µs s=6301
INF http m=GET p=/assets/es-DHO8DnB9.js s=200 d=115µs s=6015
INF http m=GET p=/assets/emoji-groups-tsNE8Axz.js s=200 d=138µs s=13852
ERR Failed to add workspace submodule wsID=44648K47U000 err="failed to add submodule 44648K47U000: exit status 128\nOutput: Adding existing repo at '44648K47U000' to the index\nfatal: Unable to create '/home/runner/work/mddb/mddb/data-e2e/.git/index.lock': File exists.\n\nAnother git process seems to be running in this repository, or the lock file may be stale\nfatal: Failed to add submodule '44648K47U000'\n"
ERR Failed to commit DB changes err="failed to stage db changes: exit status 128\nOutput: fatal: Unable to create '/home/runner/work/mddb/mddb/data-e2e/.git/index.lock': File exists.\n\nAnother git process seems to be running in this repository, or the lock file may be stale\n"
INF http m=POST p=/api/v1/organizations/44648JQUO000/workspaces s=200 d=146ms s=301
ERR Failed to commit DB changes err="failed to stage db changes: exit status 128\nOutput: fatal: Unable to create '/home/runner/work/mddb/mddb/data-e2e/.git/index.lock': File exists.\n\nAnother git process seems to be running in this repository, or the lock file may be stale\n"
INF http m=POST p=/api/v1/auth/switch-workspace s=200 d=4.03ms s=573
INF http m=GET p=/api/v1/notifications/unread-count s=200 d=196µs s=25
INF http m=GET p=/api/v1/workspaces/44648K47U000/nodes/0/children s=200 d=239µs s=26
INF http m=GET p=/api/v1/workspaces/44648K47U000/members s=200 d=127µs s=128
INF http m=GET p=/api/v1/workspaces/44648HI5K000/nodes/44648J58U000 s=200 d=498µs s=202
INF http m=GET p=/assets/de-qJeflSp6.js s=200 d=108µs s=6245
INF http m=GET p=/api/v1/workspaces/44648HI5K000/nodes/44648J58U000/table/records s=200 d=327µs s=161
INF http m=GET p=/assets/WorkspaceSettingsPanel-CsUOm22X.css s=200 d=41µs s=1025
ERR Failed to commit DB changes err="failed to stage db changes: exit status 128\nOutput: fatal: Unable to create '/home/runner/work/mddb/mddb/data-e2e/.git/index.lock': File exists.\n\nAnother git process seems to be running in this repository, or the lock file may be stale\n"
INF http m=POST p=/api/v1/workspaces/44648K47U000/nodes/0/page/create s=200 d=31.8ms s=35
INF http m=GET p=/assets/WorkspaceSettingsPanel-CM5oaFTF.js s=200 d=89µs s=4443
INF http m=GET p=/api/v1/workspaces/44648K47U000/nodes/0/children s=200 d=301µs s=281
INF http m=GET p=/assets/ServerSettingsPanel-pbgISWIv.css s=200 d=44µs s=596
INF http m=GET p=/api/v1/workspaces/44648K47U000/nodes/44648LAQA000 s=200 d=238µs s=245
ERR Failed to commit DB changes err="failed to stage db changes: exit status 128\nOutput: fatal: Unable to create '/home/runner/work/mddb/mddb/data-e2e/.git/index.lock': File exists.\n\nAnother git process seems to be running in this repository, or the lock file may be stale\n"
INF http m=GET p=/assets/Editor-5FlZhQpN.js s=200 d=70µs s=13509
INF http m=POST p=/api/v1/workspaces/44648K47U000/nodes/0/table/create s=200 d=29.6ms s=26
INF http m=GET p=/assets/ServerSettingsPanel-C8C6nm9a.js s=200 d=317µs s=2550
INF http m=GET p=/assets/Editor-BYBWY7b1.css s=200 d=75µs s=2240
INF http m=GET p=/w/@44648K47U000+workspace/@44648LAQA000+welcome s=200 d=45µs s=542
INF http m=GET p=/assets/ResourceQuotaForm-DTSj8Ta5.css s=200 d=29µs s=302
INF http m=GET p=/assets/ResourceQuotaForm-D6gJNn3N.js s=200 d=34µs s=812
INF http m=GET p=/assets/ProfileSettings-rthGIjGN.js s=200 d=48µs s=4319
INF http m=GET p=/assets/ProfileSettings-D5kbNfHV.css s=200 d=28µs s=1220
INF http m=GET p=/api/v1/workspaces/44648K47U000/events s=200 d=119ms s=231
INF http m=GET p=/registerSW.js s=200 d=34µs s=87
INF http m=GET p=/assets/OrgSettingsPanel-BP8s6T0h.css s=200 d=31µs s=511
INF http m=GET p=/assets/OrgSettingsPanel-B78NX7Vn.js s=200 d=43µs s=2302
INF http m=GET p=/assets/InviteForm-R7w4u6kW.js s=200 d=31µs s=1267
INF http m=GET p=/api/v1/auth/me s=200 d=577µs s=353
INF http m=GET p=/assets/InviteForm-CW-wgFWD.css s=200 d=30µs s=414
INF http m=GET p=/api/v1/notifications/unread-count s=200 d=234µs s=25
INF http m=GET p=/api/v1/workspaces/44648K47U000/members s=200 d=433µs s=128
INF http m=GET p=/api/v1/workspaces/44648K47U000/nodes/0/children s=200 d=674µs s=281
INF http m=GET p=/api/v1/workspaces/44648K47U000/nodes/44648LAQA000 s=200 d=1.07ms s=245
INF http m=GET p=/assets/AdminDashboard-R0heLGro.css s=200 d=37µs s=601
INF http m=GET p=/assets/AdminDashboard-D3Sw1IyX.js s=200 d=101µs s=2075
INF http m=GET p=/manifest.webmanifest s=200 d=41µs s=199
INF http m=GET p=/api/v1/workspaces/44648K47U000/nodes/44648LHF8000 s=200 d=670µs s=165
INF http m=GET p=/api/v1/workspaces/44648K47U000/nodes/44648LHF8000/table/records s=200 d=229µs s=28
INF http m=GET p=/api/v1/workspaces/44648K47U000/events s=200 d=113ms s=93
INF http m=GET p=/api/v1/workspaces/44648HI5K000/events s=200 d=480ms s=93
ERR Failed to commit DB changes err="failed to stage db changes: exit status 128\nOutput: fatal: Unable to create '/home/runner/work/mddb/mddb/data-e2e/.git/index.lock': File exists.\n\nAnother git process seems to be running in this repository, or the lock file may be stale\n"
INF http m=POST p=/api/v1/auth/register s=200 d=73.7ms s=392
INF http m=GET p=/ s=200 d=61µs s=542
INF http m=GET p=/assets/index-SHhnYNGf.js s=200 d=147µs s=49792
INF http m=GET p=/assets/index-DPQ8uk7g.css s=200 d=89µs s=12402
INF http m=GET p=/assets/editor-vendor-Bje_VwYD.js s=200 d=286µs s=117396
INF http m=GET p=/assets/vendor-C3WBU0hm.js s=200 d=110µs s=29762
INF http m=GET p=/registerSW.js s=200 d=37µs s=87
INF http m=GET p=/api/v1/auth/me s=200 d=213µs s=166
INF http m=GET p=/assets/en-BOb8f2G7.js s=200 d=70µs s=5207
INF http m=GET p=/api/v1/notifications/unread-count s=200 d=159µs s=25
INF http m=GET p=/sw.js s=200 d=80µs s=5540
INF http m=GET p=/favicon.png s=200 d=27µs s=449
ERR Failed to commit DB changes err="failed to stage db changes: exit status 128\nOutput: fatal: Unable to create '/home/runner/work/mddb/mddb/data-e2e/.git/index.lock': File exists.\n\nAnother git process seems to be running in this repository, or the lock file may be stale\n"
INF http m=POST p=/api/v1/organizations s=200 d=8.38ms s=351
INF http m=GET p=/api/v1/auth/me s=200 d=292µs s=251
INF http m=GET p=/registerSW.js s=200 d=43µs s=87
INF http m=GET p=/index.html s=200 d=33µs s=542
INF http m=GET p=/icon.svg s=200 d=48µs s=195
INF http m=GET p=/icon-512.png s=200 d=65µs s=6498
INF http m=GET p=/icon-192.png s=200 d=38µs s=2468
INF http m=GET p=/favicon.png s=200 d=27µs s=449
INF http m=GET p=/apple-touch-icon.png s=200 d=90µs s=2298
ERR Failed to add workspace submodule wsID=44648PILG000 err="failed to add submodule 44648PILG000: exit status 128\nOutput: Adding existing repo at '44648PILG000' to the index\nfatal: Unable to create '/home/runner/work/mddb/mddb/data-e2e/.git/index.lock': File exists.\n\nAnother git process seems to be running in this repository, or the lock file may be stale\nfatal: Failed to add submodule '44648PILG000'\n"
ERR Failed to commit DB changes err="failed to stage db changes: exit status 128\nOutput: fatal: Unable to create '/home/runner/work/mddb/mddb/data-e2e/.git/index.lock': File exists.\n\nAnother git process seems to be running in this repository, or the lock file may be stale\n"
INF http m=POST p=/api/v1/organizations/44648PCMI000/workspaces s=200 d=90.6ms s=300
ERR Failed to commit DB changes err="failed to stage db changes: exit status 128\nOutput: fatal: Unable to create '/home/runner/work/mddb/mddb/data-e2e/.git/index.lock': File exists.\n\nAnother git process seems to be running in this repository, or the lock file may be stale\n"
INF http m=POST p=/api/v1/auth/register s=200 d=170ms s=393
ERR Failed to commit DB changes err="failed to stage db changes: exit status 128\nOutput: fatal: Unable to create '/home/runner/work/mddb/mddb/data-e2e/.git/index.lock': File exists.\n\nAnother git process seems to be running in this repository, or the lock file may be stale\n"
INF http m=POST p=/api/v1/auth/switch-workspace s=200 d=8.73ms s=572
INF http m=GET p=/ s=200 d=76µs s=542
INF http m=GET p=/assets/material-symbols-names-mOXCVt15.js s=200 d=78µs s=15793
INF http m=GET p=/api/v1/workspaces/44648PILG000/nodes/0/children s=200 d=782µs s=26
INF http m=GET p=/api/v1/workspaces/44648PILG000/members s=200 d=545µs s=128
INF http m=GET p=/api/v1/notifications/unread-count s=200 d=2.46ms s=25
INF http m=GET p=/assets/index-DPQ8uk7g.css s=200 d=148µs s=12402
INF http m=GET p=/registerSW.js s=200 d=21µs s=87
INF http m=GET p=/assets/index-SHhnYNGf.js s=200 d=152µs s=49792
INF http m=GET p=/assets/vendor-C3WBU0hm.js s=200 d=80µs s=29762
INF http m=GET p=/assets/editor-vendor-Bje_VwYD.js s=200 d=9.17ms s=117396
INF http m=GET p=/assets/fr-CgauyyXq.js s=200 d=95µs s=6301
ERR Failed to commit DB changes err="failed to stage db changes: exit status 128\nOutput: fatal: Unable to create '/home/runner/work/mddb/mddb/data-e2e/.git/index.lock': File exists.\n\nAnother git process seems to be running in this repository, or the lock file may be stale\n"
INF http m=POST p=/api/v1/workspaces/44648PILG000/nodes/0/page/create s=200 d=52.8ms s=35
INF http m=GET p=/assets/es-DHO8DnB9.js s=200 d=65µs s=6015
INF http m=GET p=/api/v1/workspaces/44648PILG000/nodes/0/children s=200 d=292µs s=257
INF http m=GET p=/api/v1/workspaces/44648PILG000/nodes/44648QFAA000 s=200 d=281µs s=245
INF http m=GET p=/assets/emoji-groups-tsNE8Axz.js s=200 d=75µs s=13852
INF http m=GET p=/assets/Editor-BYBWY7b1.css s=200 d=52µs s=2240
INF http m=GET p=/assets/Editor-5FlZhQpN.js s=200 d=52µs s=13509
ERR Failed to commit DB changes err="failed to stage db changes: exit status 128\nOutput: fatal: Unable to create '/home/runner/work/mddb/mddb/data-e2e/.git/index.lock': File exists.\n\nAnother git process seems to be running in this repository, or the lock file may be stale\n"
INF http m=POST p=/api/v1/workspaces/44648PILG000/nodes/0/page/create s=200 d=38.9ms s=26
INF http m=GET p=/w/@44648PILG000+workspace/@44648QFAA000+welcome s=200 d=44µs s=542
INF http m=GET p=/api/v1/workspaces/44648PILG000/events s=200 d=154ms s=235
INF http m=GET p=/api/v1/auth/me s=200 d=216µs s=164
INF http m=GET p=/assets/en-BOb8f2G7.js s=200 d=81µs s=5207
INF http m=GET p=/registerSW.js s=200 d=33µs s=87
INF http m=GET p=/api/v1/notifications/unread-count s=200 d=152µs s=25
INF http m=GET p=/favicon.png s=200 d=26µs s=449
ERR Failed to commit DB changes err="failed to stage db changes: exit status 128\nOutput: fatal: Unable to create '/home/runner/work/mddb/mddb/data-e2e/.git/index.lock': File exists.\n\nAnother git process seems to be running in this repository, or the lock file may be stale\n"
INF http m=POST p=/api/v1/organizations s=200 d=7.18ms s=352
INF http m=GET p=/assets/de-qJeflSp6.js s=200 d=72µs s=6245
INF http m=GET p=/sw.js s=200 d=220µs s=5540
INF http m=GET p=/assets/WorkspaceSettingsPanel-CsUOm22X.css s=200 d=47µs s=1025
INF http m=GET p=/assets/WorkspaceSettingsPanel-CM5oaFTF.js s=200 d=48µs s=4443
INF http m=GET p=/api/v1/auth/me s=200 d=253µs s=351
INF http m=GET p=/api/v1/auth/me s=200 d=4.49ms s=253
INF http m=GET p=/assets/ServerSettingsPanel-pbgISWIv.css s=200 d=38µs s=596
INF http m=GET p=/assets/ServerSettingsPanel-C8C6nm9a.js s=200 d=2.05ms s=2550
INF http m=GET p=/registerSW.js s=200 d=17µs s=87
INF http m=GET p=/assets/ResourceQuotaForm-DTSj8Ta5.css s=200 d=41µs s=302
INF http m=GET p=/index.html s=200 d=20µs s=542
INF http m=GET p=/assets/ResourceQuotaForm-D6gJNn3N.js s=200 d=26µs s=812
INF http m=GET p=/icon.svg s=200 d=19µs s=195
INF http m=GET p=/icon-512.png s=200 d=157µs s=6498
INF http m=GET p=/assets/ProfileSettings-rthGIjGN.js s=200 d=56µs s=4319
INF http m=GET p=/assets/ProfileSettings-D5kbNfHV.css s=200 d=32µs s=1220
INF http m=GET p=/icon-192.png s=200 d=28µs s=2468
INF http m=GET p=/favicon.png s=200 d=25µs s=449
INF http m=GET p=/assets/OrgSettingsPanel-BP8s6T0h.css s=200 d=29µs s=511
INF http m=GET p=/assets/OrgSettingsPanel-B78NX7Vn.js s=200 d=40µs s=2302
INF http m=GET p=/apple-touch-icon.png s=200 d=89µs s=2298
INF http m=GET p=/api/v1/notifications/unread-count s=200 d=144µs s=25
INF http m=GET p=/api/v1/workspaces/44648PILG000/nodes/44648QFAA000 s=200 d=1.73ms s=245
INF http m=GET p=/assets/InviteForm-R7w4u6kW.js s=200 d=35µs s=1267
INF http m=GET p=/assets/material-symbols-names-mOXCVt15.js s=200 d=134µs s=15793
INF http m=GET p=/assets/InviteForm-CW-wgFWD.css s=200 d=22µs s=414
INF http m=GET p=/api/v1/workspaces/44648PILG000/nodes/0/children s=200 d=1.69ms s=264
INF http m=GET p=/api/v1/workspaces/44648PILG000/members s=200 d=16.5ms s=128
INF http m=GET p=/assets/AdminDashboard-R0heLGro.css s=200 d=46µs s=601
INF http m=GET p=/assets/AdminDashboard-D3Sw1IyX.js s=200 d=73µs s=2075
INF http m=GET p=/assets/fr-CgauyyXq.js s=200 d=61µs s=6301
INF http m=GET p=/manifest.webmanifest s=200 d=22µs s=199
INF http m=GET p=/assets/es-DHO8DnB9.js s=200 d=498µs s=6015
ERR Failed to add workspace submodule wsID=44648RUNS000 err="failed to add submodule 44648RUNS000: exit status 128\nOutput: Adding existing repo at '44648RUNS000' to the index\nfatal: Unable to create '/home/runner/work/mddb/mddb/data-e2e/.git/index.lock': File exists.\n\nAnother git process seems to be running in this repository, or the lock file may be stale\nfatal: Failed to add submodule '44648RUNS000'\n"
ERR Failed to commit DB changes err="failed to stage db changes: exit status 128\nOutput: fatal: Unable to create '/home/runner/work/mddb/mddb/data-e2e/.git/index.lock': File exists.\n\nAnother git process seems to be running in this repository, or the lock file may be stale\n"
INF http m=POST p=/api/v1/organizations/44648RHVI000/workspaces s=200 d=126ms s=300
ERR Failed to commit DB changes err="failed to stage db changes: exit status 128\nOutput: fatal: Unable to create '/home/runner/work/mddb/mddb/data-e2e/.git/index.lock': File exists.\n\nAnother git process seems to be running in this repository, or the lock file may be stale\n"
INF http m=POST p=/api/v1/auth/switch-workspace s=200 d=4.23ms s=623
INF http m=GET p=/assets/emoji-groups-tsNE8Axz.js s=200 d=89µs s=13852
INF http m=GET p=/api/v1/workspaces/44648RUNS000/nodes/0/children s=200 d=1.39ms s=26
INF http m=GET p=/api/v1/notifications/unread-count s=200 d=178µs s=25
INF http m=GET p=/api/v1/workspaces/44648RUNS000/members s=200 d=7.86ms s=126
INF http m=GET p=/api/v1/workspaces/44648PILG000/nodes/44648R0FQ000 s=200 d=238µs s=152
ERR Failed to commit DB changes err="failed to stage db changes: exit status 128\nOutput: fatal: Unable to create '/home/runner/work/mddb/mddb/data-e2e/.git/index.lock': File exists.\n\nAnother git process seems to be running in this repository, or the lock file may be stale\n"
INF http m=POST p=/api/v1/workspaces/44648RUNS000/nodes/0/page/create s=200 d=43.9ms s=35
INF http m=GET p=/api/v1/workspaces/44648RUNS000/nodes/0/children s=200 d=790µs s=282
INF http m=GET p=/assets/de-qJeflSp6.js s=200 d=80µs s=6245
INF http m=GET p=/api/v1/workspaces/44648RUNS000/nodes/44648SUIK000 s=200 d=691µs s=245
INF http m=GET p=/assets/WorkspaceSettingsPanel-CsUOm22X.css s=200 d=26µs s=1025
INF http m=GET p=/assets/WorkspaceSettingsPanel-CM5oaFTF.js s=200 d=70µs s=4443
INF http m=GET p=/assets/Editor-BYBWY7b1.css s=200 d=77µs s=2240
INF http m=GET p=/assets/Editor-5FlZhQpN.js s=200 d=59µs s=13509
ERR Failed to commit DB changes err="failed to stage db changes: exit status 128\nOutput: fatal: Unable to create '/home/runner/work/mddb/mddb/data-e2e/.git/index.lock': File exists.\n\nAnother git process seems to be running in this repository, or the lock file may be stale\n"
INF http m=POST p=/api/v1/workspaces/44648RUNS000/nodes/0/table/create s=200 d=21.6ms s=26
INF http m=GET p=/assets/ServerSettingsPanel-pbgISWIv.css s=200 d=40µs s=596
INF http m=GET p=/assets/ServerSettingsPanel-C8C6nm9a.js s=200 d=51µs s=2550
INF http m=GET p=/assets/ResourceQuotaForm-DTSj8Ta5.css s=200 d=32µs s=302
INF http m=GET p=/assets/ResourceQuotaForm-D6gJNn3N.js s=200 d=28µs s=812
INF http m=GET p=/assets/ProfileSettings-rthGIjGN.js s=200 d=86µs s=4319
ERR Failed to commit DB changes err="failed to stage db changes: exit status 128\nOutput: fatal: Unable to create '/home/runner/work/mddb/mddb/data-e2e/.git/index.lock': File exists.\n\nAnother git process seems to be running in this repository, or the lock file may be stale\n"
INF http m=POST p=/api/v1/workspaces/44648RUNS000/nodes/44648T762000/views/create s=200 d=28.7ms s=26
INF http m=GET p=/assets/ProfileSettings-D5kbNfHV.css s=200 d=66µs s=1220
INF http m=GET p=/assets/OrgSettingsPanel-BP8s6T0h.css s=200 d=30µs s=511
INF http m=GET p=/api/v1/workspaces/44648PILG000/events s=200 d=199ms s=93
INF http m=GET p=/assets/OrgSettingsPanel-B78NX7Vn.js s=200 d=53µs s=2302
INF http m=GET p=/assets/InviteForm-R7w4u6kW.js s=200 d=32µs s=1267
INF http m=GET p=/assets/InviteForm-CW-wgFWD.css s=200 d=37µs s=414
ERR Failed to commit DB changes err="failed to stage db changes: exit status 128\nOutput: fatal: Unable to create '/home/runner/work/mddb/mddb/data-e2e/.git/index.lock': File exists.\n\nAnother git process seems to be running in this repository, or the lock file may be stale\n"
INF http m=POST p=/api/v1/workspaces/44648RUNS000/nodes/44648T762000/views/create s=200 d=27ms s=26
INF http m=GET p=/w/@44648RUNS000+workspace/@44648T762000 s=200 d=34µs s=542
INF http m=GET p=/assets/AdminDashboard-R0heLGro.css s=200 d=36µs s=601
INF http m=GET p=/api/v1/workspaces/44648RUNS000/events s=200 d=159ms s=287
INF http m=GET p=/assets/AdminDashboard-D3Sw1IyX.js s=200 d=78µs s=2075
INF http m=GET p=/registerSW.js s=200 d=36µs s=87
INF http m=GET p=/manifest.webmanifest s=200 d=50µs s=199
INF http m=GET p=/api/v1/auth/me s=200 d=2.67ms s=355
INF http m=GET p=/api/v1/notifications/unread-count s=200 d=186µs s=25
INF http m=GET p=/api/v1/workspaces/44648RUNS000/nodes/0/children s=200 d=663µs s=324
INF http m=GET p=/api/v1/workspaces/44648RUNS000/members s=200 d=363µs s=126
INF http m=GET p=/api/v1/workspaces/44648RUNS000/nodes/44648T762000 s=200 d=13.2ms s=183
INF http m=GET p=/api/v1/workspaces/44648RUNS000/nodes/44648T762000/table/records s=200 d=278µs s=28
INF http m=GET p=/api/v1/workspaces/44648RUNS000/events s=200 d=116ms s=93
ERR Failed to commit DB changes err="failed to stage db changes: exit status 128\nOutput: fatal: Unable to create '/home/runner/work/mddb/mddb/data-e2e/.git/index.lock': File exists.\n\nAnother git process seems to be running in this repository, or the lock file may be stale\n"
INF http m=POST p=/api/v1/auth/register s=200 d=91.6ms s=386
INF http m=GET p=/ s=200 d=37µs s=542
INF http m=GET p=/registerSW.js s=200 d=38µs s=87
INF http m=GET p=/assets/index-SHhnYNGf.js s=200 d=105µs s=49792
INF http m=GET p=/assets/vendor-C3WBU0hm.js s=200 d=73µs s=29762
INF http m=GET p=/assets/editor-vendor-Bje_VwYD.js s=200 d=127µs s=117396
INF http m=GET p=/assets/index-DPQ8uk7g.css s=200 d=72µs s=12402
INF http m=GET p=/assets/en-BOb8f2G7.js s=200 d=94µs s=5207
INF http m=GET p=/api/v1/auth/me s=200 d=210µs s=162
INF http m=GET p=/api/v1/notifications/unread-count s=200 d=179µs s=25
INF http m=GET p=/favicon.png s=200 d=40µs s=449
INF http m=GET p=/sw.js s=200 d=63µs s=5540
ERR Failed to commit DB changes err="failed to stage db changes: exit status 128\nOutput: fatal: Unable to create '/home/runner/work/mddb/mddb/data-e2e/.git/index.lock': File exists.\n\nAnother git process seems to be running in this repository, or the lock file may be stale\n"
INF http m=POST p=/api/v1/organizations s=200 d=9.93ms s=350
INF http m=GET p=/api/v1/auth/me s=200 d=359µs s=252
INF http m=GET p=/registerSW.js s=200 d=35µs s=87
INF http m=GET p=/index.html s=200 d=37µs s=542
INF http m=GET p=/icon.svg s=200 d=31µs s=195
INF http m=GET p=/icon-512.png s=200 d=88µs s=6498
INF http m=GET p=/icon-192.png s=200 d=48µs s=2468
INF http m=GET p=/favicon.png s=200 d=31µs s=449
INF http m=GET p=/apple-touch-icon.png s=200 d=43µs s=2298
INF http m=GET p=/assets/material-symbols-names-mOXCVt15.js s=200 d=128µs s=15793
INF http m=GET p=/assets/fr-CgauyyXq.js s=200 d=353µs s=6301
ERR Failed to add workspace submodule wsID=446490PMQ000 err="failed to add submodule 446490PMQ000: exit status 128\nOutput: Adding existing repo at '446490PMQ000' to the index\nfatal: Unable to create '/home/runner/work/mddb/mddb/data-e2e/.git/index.lock': File exists.\n\nAnother git process seems to be running in this repository, or the lock file may be stale\nfatal: Failed to add submodule '446490PMQ000'\n"
INF http m=GET p=/assets/es-DHO8DnB9.js s=200 d=88µs s=6015
ERR Failed to commit DB changes err="failed to stage db changes: exit status 128\nOutput: fatal: Unable to create '/home/runner/work/mddb/mddb/data-e2e/.git/index.lock': File exists.\n\nAnother git process seems to be running in this repository, or the lock file may be stale\n"
INF http m=POST p=/api/v1/auth/register s=200 d=185ms s=391
ERR Failed to commit DB changes err="failed to stage db changes: exit status 128\nOutput: fatal: Unable to create '/home/runner/work/mddb/mddb/data-e2e/.git/index.lock': File exists.\n\nAnother git process seems to be running in this repository, or the lock file may be stale\n"
INF http m=POST p=/api/v1/organizations/446490KB2000/workspaces s=200 d=133ms s=295
INF http m=GET p=/ s=200 d=29µs s=542
ERR Failed to commit DB changes err="failed to stage db changes: exit status 128\nOutput: fatal: Unable to create '/home/runner/work/mddb/mddb/data-e2e/.git/index.lock': File exists.\n\nAnother git process seems to be running in this repository, or the lock file may be stale\n"
INF http m=POST p=/api/v1/auth/switch-workspace s=200 d=10.3ms s=608
INF http m=GET p=/assets/emoji-groups-tsNE8Axz.js s=200 d=90µs s=13852
INF http m=GET p=/assets/vendor-C3WBU0hm.js s=200 d=130µs s=29762
INF http m=GET p=/assets/editor-vendor-Bje_VwYD.js s=200 d=194µs s=117396
INF http m=GET p=/registerSW.js s=200 d=21µs s=87
INF http m=GET p=/assets/index-DPQ8uk7g.css s=200 d=83µs s=12402
INF http m=GET p=/assets/index-SHhnYNGf.js s=200 d=83µs s=49792
INF http m=GET p=/api/v1/notifications/unread-count s=200 d=165µs s=25
INF http m=GET p=/api/v1/workspaces/446490PMQ000/members s=200 d=4.36ms s=124
INF http m=GET p=/api/v1/workspaces/446490PMQ000/nodes/0/children s=200 d=4.5ms s=26
INF http m=GET p=/assets/de-qJeflSp6.js s=200 d=83µs s=6245
INF http m=GET p=/assets/WorkspaceSettingsPanel-CsUOm22X.css s=200 d=41µs s=1025
INF http m=GET p=/assets/WorkspaceSettingsPanel-CM5oaFTF.js s=200 d=115µs s=4443
INF http m=GET p=/assets/ServerSettingsPanel-pbgISWIv.css s=200 d=31µs s=596
INF http m=GET p=/assets/ServerSettingsPanel-C8C6nm9a.js s=200 d=45µs s=2550
ERR Failed to commit DB changes err="failed to stage db changes: exit status 128\nOutput: fatal: Unable to create '/home/runner/work/mddb/mddb/data-e2e/.git/index.lock': File exists.\n\nAnother git process seems to be running in this repository, or the lock file may be stale\n"
INF http m=POST p=/api/v1/workspaces/446490PMQ000/nodes/0/page/create s=200 d=41.8ms s=35
INF http m=GET p=/assets/ResourceQuotaForm-DTSj8Ta5.css s=200 d=25µs s=302
INF http m=GET p=/api/v1/workspaces/446490PMQ000/nodes/0/children s=200 d=368µs s=292
INF http m=GET p=/assets/ResourceQuotaForm-D6gJNn3N.js s=200 d=29µs s=812
INF http m=GET p=/api/v1/workspaces/446490PMQ000/nodes/4464925UI000 s=200 d=528µs s=245
ERR Failed to commit DB changes err="failed to stage db changes: exit status 128\nOutput: fatal: Unable to create '/home/runner/work/mddb/mddb/data-e2e/.git/index.lock': File exists.\n\nAnother git process seems to be running in this repository, or the lock file may be stale\n"
INF http m=POST p=/api/v1/workspaces/446490PMQ000/nodes/0/table/create s=200 d=47.2ms s=26
INF http m=GET p=/assets/ProfileSettings-rthGIjGN.js s=200 d=594µs s=4319
INF http m=GET p=/assets/Editor-5FlZhQpN.js s=200 d=114µs s=13509
INF http m=GET p=/assets/ProfileSettings-D5kbNfHV.css s=200 d=17µs s=1220
INF http m=GET p=/assets/Editor-BYBWY7b1.css s=200 d=65µs s=2240
INF http m=GET p=/assets/OrgSettingsPanel-BP8s6T0h.css s=200 d=27µs s=511
INF http m=GET p=/assets/OrgSettingsPanel-B78NX7Vn.js s=200 d=55µs s=2302
INF http m=GET p=/assets/InviteForm-R7w4u6kW.js s=200 d=43µs s=1267
ERR Failed to commit DB changes err="failed to stage db changes: exit status 128\nOutput: fatal: Unable to create '/home/runner/work/mddb/mddb/data-e2e/.git/index.lock': File exists.\n\nAnother git process seems to be running in this repository, or the lock file may be stale\n"
INF http m=POST p=/api/v1/workspaces/446490PMQ000/nodes/446492CIS000/table/records/create s=200 d=37.7ms s=26
INF http m=GET p=/assets/InviteForm-CW-wgFWD.css s=200 d=38µs s=414
INF http m=GET p=/assets/en-BOb8f2G7.js s=200 d=136µs s=5207
INF http m=GET p=/api/v1/auth/me s=200 d=548µs s=166
ERR Failed to commit DB changes err="failed to stage db changes: exit status 128\nOutput: fatal: Unable to create '/home/runner/work/mddb/mddb/data-e2e/.git/index.lock': File exists.\n\nAnother git process seems to be running in this repository, or the lock file may be stale\n"
INF http m=POST p=/api/v1/workspaces/446490PMQ000/nodes/446492CIS000/table/records/create s=200 d=26ms s=26
INF http m=GET p=/api/v1/workspaces/446490PMQ000/nodes/446492CIS000/table/records s=200 d=258µs s=143
INF http m=GET p=/api/v1/notifications/unread-count s=200 d=174µs s=25
INF http m=GET p=/favicon.png s=200 d=36µs s=449
ERR Failed to commit DB changes err="failed to stage db changes: exit status 128\nOutput: fatal: Unable to create '/home/runner/work/mddb/mddb/data-e2e/.git/index.lock': File exists.\n\nAnother git process seems to be running in this repository, or the lock file may be stale\n"
INF http m=POST p=/api/v1/organizations s=200 d=4.31ms s=353
INF http m=GET p=/assets/AdminDashboard-R0heLGro.css s=200 d=37µs s=601
INF http m=GET p=/sw.js s=200 d=124µs s=5540
INF http m=GET p=/assets/AdminDashboard-D3Sw1IyX.js s=200 d=50µs s=2075
ERR Failed to commit DB changes err="failed to stage db changes: exit status 128\nOutput: fatal: Unable to create '/home/runner/work/mddb/mddb/data-e2e/.git/index.lock': File exists.\n\nAnother git process seems to be running in this repository, or the lock file may be stale\n"
INF http m=POST p=/api/v1/workspaces/446490PMQ000/nodes/446492CIS000/views/create s=200 d=37.6ms s=26
INF http m=GET p=/api/v1/auth/me s=200 d=237µs s=251
INF http m=GET p=/manifest.webmanifest s=200 d=76µs s=199
INF http m=GET p=/registerSW.js s=200 d=55µs s=87
INF http m=GET p=/index.html s=200 d=32µs s=542
ERR Failed to commit DB changes err="failed to stage db changes: exit status 128\nOutput: fatal: Unable to create '/home/runner/work/mddb/mddb/data-e2e/.git/index.lock': File exists.\n\nAnother git process seems to be running in this repository, or the lock file may be stale\n"
INF http m=POST p=/api/v1/workspaces/446490PMQ000/nodes/446492CIS000/views/4464931GE000 s=200 d=25.8ms s=26
INF http m=GET p=/api/v1/workspaces/446490PMQ000/nodes/446492CIS000/table/records s=200 d=258µs s=122
INF http m=GET p=/icon.svg s=200 d=25µs s=195
INF http m=GET p=/api/v1/workspaces/446490PMQ000/nodes/446492CIS000/table/records s=200 d=190µs s=120
INF http m=GET p=/icon-512.png s=200 d=867µs s=6498
INF http m=GET p=/icon-192.png s=200 d=72µs s=2468
INF http m=GET p=/favicon.png s=200 d=44µs s=449
INF http m=GET p=/api/v1/workspaces/446490PMQ000/events s=200 d=267ms s=367
INF http m=GET p=/apple-touch-icon.png s=200 d=62µs s=2298
ERR Failed to add workspace submodule wsID=446493A4Q000 err="failed to add submodule 446493A4Q000: exit status 128\nOutput: Adding existing repo at '446493A4Q000' to the index\nfatal: Unable to create '/home/runner/work/mddb/mddb/data-e2e/.git/index.lock': File exists.\n\nAnother git process seems to be running in this repository, or the lock file may be stale\nfatal: Failed to add submodule '446493A4Q000'\n"
ERR Failed to commit DB changes err="failed to stage db changes: exit status 128\nOutput: fatal: Unable to create '/home/runner/work/mddb/mddb/data-e2e/.git/index.lock': File exists.\n\nAnother git process seems to be running in this repository, or the lock file may be stale\n"
INF http m=POST p=/api/v1/organizations/4464934DK000/workspaces s=200 d=107ms s=301
INF http m=GET p=/assets/material-symbols-names-mOXCVt15.js s=200 d=81µs s=15793
ERR Failed to commit DB changes err="failed to stage db changes: exit status 128\nOutput: fatal: Unable to create '/home/runner/work/mddb/mddb/data-e2e/.git/index.lock': File exists.\n\nAnother git process seems to be running in this repository, or the lock file may be stale\n"
INF http m=POST p=/api/v1/auth/switch-workspace s=200 d=8.44ms s=602
INF http m=GET p=/assets/fr-CgauyyXq.js s=200 d=77µs s=6301
INF http m=GET p=/api/v1/notifications/unread-count s=200 d=508µs s=25
INF http m=GET p=/api/v1/workspaces/446493A4Q000/members s=200 d=689µs s=117
INF http m=GET p=/api/v1/workspaces/446493A4Q000/nodes/0/children s=200 d=576µs s=26
INF http m=GET p=/assets/es-DHO8DnB9.js s=200 d=130µs s=6015
INF http m=GET p=/assets/emoji-groups-tsNE8Axz.js s=200 d=90µs s=13852
ERR Failed to commit DB changes err="failed to stage db changes: exit status 128\nOutput: fatal: Unable to create '/home/runner/work/mddb/mddb/data-e2e/.git/index.lock': File exists.\n\nAnother git process seems to be running in this repository, or the lock file may be stale\n"
INF http m=POST p=/api/v1/workspaces/446493A4Q000/nodes/0/page/create s=200 d=45.9ms s=35
INF http m=GET p=/api/v1/workspaces/446493A4Q000/nodes/0/children s=200 d=311µs s=257
INF http m=GET p=/api/v1/workspaces/446493A4Q000/nodes/4464949OA000 s=200 d=251µs s=245
ERR Failed to commit DB changes err="failed to stage db changes: exit status 128\nOutput: fatal: Unable to create '/home/runner/work/mddb/mddb/data-e2e/.git/index.lock': File exists.\n\nAnother git process seems to be running in this repository, or the lock file may be stale\n"
INF http m=POST p=/api/v1/workspaces/446493A4Q000/nodes/0/table/create s=200 d=42.7ms s=26
INF http m=GET p=/assets/Editor-5FlZhQpN.js s=200 d=117µs s=13509
INF http m=GET p=/assets/Editor-BYBWY7b1.css s=200 d=22µs s=2240
INF http m=GET p=/assets/de-qJeflSp6.js s=200 d=80µs s=6245
ERR Failed to commit DB changes err="failed to stage db changes: exit status 128\nOutput: fatal: Unable to create '/home/runner/work/mddb/mddb/data-e2e/.git/index.lock': File exists.\n\nAnother git process seems to be running in this repository, or the lock file may be stale\n"
INF http m=POST p=/api/v1/workspaces/446493A4Q000/nodes/446494ME2000/table/records/create s=200 d=37ms s=26
INF http m=GET p=/assets/WorkspaceSettingsPanel-CsUOm22X.css s=200 d=31µs s=1025
INF http m=GET p=/assets/WorkspaceSettingsPanel-CM5oaFTF.js s=200 d=58µs s=4443
INF http m=GET p=/assets/ServerSettingsPanel-pbgISWIv.css s=200 d=38µs s=596
INF http m=GET p=/assets/ServerSettingsPanel-C8C6nm9a.js s=200 d=41µs s=2550
ERR Failed to commit DB changes err="failed to stage db changes: exit status 128\nOutput: fatal: Unable to create '/home/runner/work/mddb/mddb/data-e2e/.git/index.lock': File exists.\n\nAnother git process seems to be running in this repository, or the lock file may be stale\n"
INF http m=POST p=/api/v1/workspaces/446493A4Q000/nodes/446494ME2000/table/records/create s=200 d=31.7ms s=26
INF http m=GET p=/assets/ResourceQuotaForm-DTSj8Ta5.css s=200 d=36µs s=302
INF http m=GET p=/assets/ResourceQuotaForm-D6gJNn3N.js s=200 d=25µs s=812
INF http m=GET p=/assets/ProfileSettings-rthGIjGN.js s=200 d=44µs s=4319
INF http m=GET p=/assets/ProfileSettings-D5kbNfHV.css s=200 d=25µs s=1220
ERR Failed to commit DB changes err="failed to stage db changes: exit status 128\nOutput: fatal: Unable to create '/home/runner/work/mddb/mddb/data-e2e/.git/index.lock': File exists.\n\nAnother git process seems to be running in this repository, or the lock file may be stale\n"
INF http m=POST p=/api/v1/workspaces/446493A4Q000/nodes/446494ME2000/table/records/create s=200 d=17.3ms s=26
INF http m=GET p=/api/v1/workspaces/446493A4Q000/nodes/446494ME2000/table/records s=200 d=243µs s=167
INF http m=GET p=/api/v1/workspaces/446493A4Q000/nodes/446494ME2000/table/records s=200 d=274µs s=167
INF http m=GET p=/assets/OrgSettingsPanel-BP8s6T0h.css s=200 d=28µs s=511
INF http m=GET p=/assets/OrgSettingsPanel-B78NX7Vn.js s=200 d=40µs s=2302
ERR Failed to commit DB changes err="failed to stage db changes: exit status 128\nOutput: fatal: Unable to create '/home/runner/work/mddb/mddb/data-e2e/.git/index.lock': File exists.\n\nAnother git process seems to be running in this repository, or the lock file may be stale\n"
INF http m=POST p=/api/v1/auth/register s=200 d=117ms s=401
ERR Failed to commit DB changes err="failed to stage db changes: exit status 128\nOutput: fatal: Unable to create '/home/runner/work/mddb/mddb/data-e2e/.git/index.lock': File exists.\n\nAnother git process seems to be running in this repository, or the lock file may be stale\n"
INF http m=POST p=/api/v1/workspaces/446493A4Q000/nodes/446494ME2000/table/records/create s=200 d=20.6ms s=26
INF http m=GET p=/assets/InviteForm-R7w4u6kW.js s=200 d=32µs s=1267
INF http m=GET p=/api/v1/workspaces/446493A4Q000/nodes/446494ME2000/table/records s=200 d=533µs s=188
INF http m=GET p=/ s=200 d=57µs s=542
INF http m=GET p=/assets/InviteForm-CW-wgFWD.css s=200 d=48µs s=414
INF http m=GET p=/api/v1/workspaces/446493A4Q000/events s=200 d=266ms s=356
INF http m=GET p=/assets/index-SHhnYNGf.js s=200 d=197µs s=49792
INF http m=GET p=/registerSW.js s=200 d=43µs s=87
INF http m=GET p=/assets/index-DPQ8uk7g.css s=200 d=85µs s=12402
INF http m=GET p=/assets/editor-vendor-Bje_VwYD.js s=200 d=114µs s=117396
INF http m=GET p=/assets/vendor-C3WBU0hm.js s=200 d=72µs s=29762
INF http m=GET p=/api/v1/auth/me s=200 d=557µs s=169
INF http m=GET p=/assets/en-BOb8f2G7.js s=200 d=63µs s=5207
INF http m=GET p=/api/v1/notifications/unread-count s=200 d=157µs s=25
ERR Failed to commit DB changes err="failed to stage db changes: exit status 128\nOutput: fatal: Unable to create '/home/runner/work/mddb/mddb/data-e2e/.git/index.lock': File exists.\n\nAnother git process seems to be running in this repository, or the lock file may be stale\n"
INF http m=POST p=/api/v1/organizations s=200 d=9.03ms s=355
INF http m=GET p=/sw.js s=200 d=86µs s=5540
INF http m=GET p=/favicon.png s=200 d=43µs s=449
INF http m=GET p=/api/v1/auth/me s=200 d=270µs s=253
INF http m=GET p=/registerSW.js s=200 d=27µs s=87
INF http m=GET p=/index.html s=200 d=46µs s=542
ERR Failed to commit DB changes err="failed to stage db changes: exit status 128\nOutput: fatal: Unable to create '/home/runner/work/mddb/mddb/data-e2e/.git/index.lock': File exists.\n\nAnother git process seems to be running in this repository, or the lock file may be stale\n"
INF http m=POST p=/api/v1/auth/register s=200 d=131ms s=400
INF http m=GET p=/icon.svg s=200 d=27µs s=195
INF http m=GET p=/ s=200 d=48µs s=542
INF http m=GET p=/icon-512.png s=200 d=51µs s=6498
INF http m=GET p=/icon-192.png s=200 d=51µs s=2468
INF http m=GET p=/favicon.png s=200 d=51µs s=449
INF http m=GET p=/apple-touch-icon.png s=200 d=48µs s=2298
INF http m=GET p=/assets/index-SHhnYNGf.js s=200 d=139µs s=49792
INF http m=GET p=/assets/index-DPQ8uk7g.css s=200 d=114µs s=12402
INF http m=GET p=/registerSW.js s=200 d=45µs s=87
INF http m=GET p=/assets/vendor-C3WBU0hm.js s=200 d=113µs s=29762
INF http m=GET p=/assets/editor-vendor-Bje_VwYD.js s=200 d=117µs s=117396
INF http m=GET p=/assets/material-symbols-names-mOXCVt15.js s=200 d=93µs s=15793
INF http m=GET p=/assets/fr-CgauyyXq.js s=200 d=88µs s=6301
ERR Failed to add workspace submodule wsID=446497JQI000 err="failed to add submodule 446497JQI000: exit status 128\nOutput: Adding existing repo at '446497JQI000' to the index\nfatal: Unable to create '/home/runner/work/mddb/mddb/data-e2e/.git/index.lock': File exists.\n\nAnother git process seems to be running in this repository, or the lock file may be stale\nfatal: Failed to add submodule '446497JQI000'\n"
INF http m=GET p=/assets/es-DHO8DnB9.js s=200 d=70µs s=6015
ERR Failed to commit DB changes err="failed to stage db changes: exit status 128\nOutput: fatal: Unable to create '/home/runner/work/mddb/mddb/data-e2e/.git/index.lock': File exists.\n\nAnother git process seems to be running in this repository, or the lock file may be stale\n"
INF http m=POST p=/api/v1/organizations/44649770M000/workspaces s=200 d=158ms s=301
INF http m=GET p=/assets/emoji-groups-tsNE8Axz.js s=200 d=2.12ms s=13852
ERR Failed to commit DB changes err="failed to stage db changes: exit status 128\nOutput: fatal: Unable to create '/home/runner/work/mddb/mddb/data-e2e/.git/index.lock': File exists.\n\nAnother git process seems to be running in this repository, or the lock file may be stale\n"
INF http m=POST p=/api/v1/auth/switch-workspace s=200 d=7.64ms s=571
INF http m=GET p=/api/v1/notifications/unread-count s=200 d=582µs s=25
INF http m=GET p=/api/v1/workspaces/446497JQI000/nodes/0/children s=200 d=3.38ms s=26
INF http m=GET p=/api/v1/workspaces/446497JQI000/members s=200 d=167µs s=121
INF http m=GET p=/api/v1/auth/me s=200 d=157µs s=170
INF http m=GET p=/assets/en-BOb8f2G7.js s=200 d=97µs s=5207
INF http m=GET p=/api/v1/notifications/unread-count s=200 d=155µs s=25
INF http m=GET p=/favicon.png s=200 d=29µs s=449
INF http m=GET p=/assets/de-qJeflSp6.js s=200 d=77µs s=6245
ERR Failed to commit DB changes err="failed to stage db changes: exit status 128\nOutput: fatal: Unable to create '/home/runner/work/mddb/mddb/data-e2e/.git/index.lock': File exists.\n\nAnother git process seems to be running in this repository, or the lock file may be stale\n"
INF http m=POST p=/api/v1/workspaces/446497JQI000/nodes/0/page/create s=200 d=39.5ms s=35
INF http m=GET p=/api/v1/workspaces/446497JQI000/nodes/0/children s=200 d=1.04ms s=281
INF http m=GET p=/assets/WorkspaceSettingsPanel-CsUOm22X.css s=200 d=31µs s=1025
INF http m=GET p=/sw.js s=200 d=87µs s=5540
INF http m=GET p=/assets/WorkspaceSettingsPanel-CM5oaFTF.js s=200 d=57µs s=4443
ERR Failed to commit DB changes err="failed to stage db changes: exit status 128\nOutput: fatal: Unable to create '/home/runner/work/mddb/mddb/data-e2e/.git/index.lock': File exists.\n\nAnother git process seems to be running in this repository, or the lock file may be stale\n"
INF http m=POST p=/api/v1/organizations s=200 d=27.6ms s=354
INF http m=GET p=/api/v1/workspaces/446497JQI000/nodes/446498R3I000 s=200 d=546µs s=245
INF http m=GET p=/registerSW.js s=200 d=38µs s=87
INF http m=GET p=/assets/ServerSettingsPanel-pbgISWIv.css s=200 d=26µs s=596
INF http m=GET p=/assets/Editor-BYBWY7b1.css s=200 d=86µs s=2240
INF http m=GET p=/assets/ServerSettingsPanel-C8C6nm9a.js s=200 d=46µs s=2550
INF http m=GET p=/api/v1/auth/me s=200 d=541µs s=253
INF http m=GET p=/assets/Editor-5FlZhQpN.js s=200 d=97µs s=13509
ERR Failed to commit DB changes err="failed to stage db changes: exit status 128\nOutput: fatal: Unable to create '/home/runner/work/mddb/mddb/data-e2e/.git/index.lock': File exists.\n\nAnother git process seems to be running in this repository, or the lock file may be stale\n"
INF http m=POST p=/api/v1/workspaces/446497JQI000/nodes/0/table/create s=200 d=51.1ms s=26
INF http m=GET p=/index.html s=200 d=32µs s=542
INF http m=GET p=/assets/ResourceQuotaForm-DTSj8Ta5.css s=200 d=21µs s=302
INF http m=GET p=/assets/ResourceQuotaForm-D6gJNn3N.js s=200 d=53µs s=812
INF http m=GET p=/icon.svg s=200 d=48µs s=195
INF http m=GET p=/assets/ProfileSettings-rthGIjGN.js s=200 d=85µs s=4319
INF http m=GET p=/assets/ProfileSettings-D5kbNfHV.css s=200 d=63µs s=1220
INF http m=GET p=/icon-512.png s=200 d=102µs s=6498
INF http m=GET p=/assets/OrgSettingsPanel-BP8s6T0h.css s=200 d=32µs s=511
INF http m=GET p=/icon-192.png s=200 d=48µs s=2468
INF http m=GET p=/assets/OrgSettingsPanel-B78NX7Vn.js s=200 d=39µs s=2302
INF http m=GET p=/favicon.png s=200 d=24µs s=449
ERR Failed to commit DB changes err="failed to stage db changes: exit status 128\nOutput: fatal: Unable to create '/home/runner/work/mddb/mddb/data-e2e/.git/index.lock': File exists.\n\nAnother git process seems to be running in this repository, or the lock file may be stale\n"
INF http m=POST p=/api/v1/workspaces/446497JQI000/nodes/446499158000/table/records/create s=200 d=45.6ms s=26
INF http m=GET p=/assets/InviteForm-R7w4u6kW.js s=200 d=31µs s=1267
INF http m=GET p=/apple-touch-icon.png s=200 d=36µs s=2298
INF http m=GET p=/assets/InviteForm-CW-wgFWD.css s=200 d=18µs s=414
INF http m=GET p=/assets/material-symbols-names-mOXCVt15.js s=200 d=94µs s=15793
INF http m=GET p=/assets/AdminDashboard-R0heLGro.css s=200 d=22µs s=601
INF http m=GET p=/assets/AdminDashboard-D3Sw1IyX.js s=200 d=43µs s=2075
INF http m=GET p=/manifest.webmanifest s=200 d=29µs s=199
INF http m=GET p=/assets/fr-CgauyyXq.js s=200 d=74µs s=6301
ERR Failed to add workspace submodule wsID=446499EP2000 err="failed to add submodule 446499EP2000: exit status 128\nOutput: Adding existing repo at '446499EP2000' to the index\nfatal: Unable to create '/home/runner/work/mddb/mddb/data-e2e/.git/index.lock': File exists.\n\nAnother git process seems to be running in this repository, or the lock file may be stale\nfatal: Failed to add submodule '446499EP2000'\n"
INF http m=GET p=/assets/es-DHO8DnB9.js s=200 d=95µs s=6015
ERR Failed to commit DB changes err="failed to stage db changes: exit status 128\nOutput: fatal: Unable to create '/home/runner/work/mddb/mddb/data-e2e/.git/index.lock': File exists.\n\nAnother git process seems to be running in this repository, or the lock file may be stale\n"
INF http m=POST p=/api/v1/organizations/4464990U6000/workspaces s=200 d=106ms s=299
ERR Failed to commit DB changes err="failed to stage db changes: exit status 128\nOutput: fatal: Unable to create '/home/runner/work/mddb/mddb/data-e2e/.git/index.lock': File exists.\n\nAnother git process seems to be running in this repository, or the lock file may be stale\n"
INF http m=POST p=/api/v1/workspaces/446497JQI000/nodes/446499158000/table/records/create s=200 d=71.9ms s=26
INF http m=GET p=/assets/emoji-groups-tsNE8Axz.js s=200 d=72µs s=13852
ERR Failed to commit DB changes err="failed to stage db changes: exit status 128\nOutput: fatal: Unable to create '/home/runner/work/mddb/mddb/data-e2e/.git/index.lock': File exists.\n\nAnother git process seems to be running in this repository, or the lock file may be stale\n"
INF http m=POST p=/api/v1/auth/switch-workspace s=200 d=4.81ms s=571
ERR Failed to commit DB changes err="failed to stage db changes: exit status 128\nOutput: fatal: Unable to create '/home/runner/work/mddb/mddb/data-e2e/.git/index.lock': File exists.\n\nAnother git process seems to be running in this repository, or the lock file may be stale\n"
INF http m=POST p=/api/v1/workspaces/446497JQI000/nodes/446499158000/views/create s=200 d=21.4ms s=26
INF http m=GET p=/api/v1/workspaces/446499EP2000/members s=200 d=205µs s=121
INF http m=GET p=/api/v1/workspaces/446499EP2000/nodes/0/children s=200 d=401µs s=26
INF http m=GET p=/api/v1/notifications/unread-count s=200 d=436µs s=25
ERR Failed to commit DB changes err="failed to stage db changes: exit status 128\nOutput: fatal: Unable to create '/home/runner/work/mddb/mddb/data-e2e/.git/index.lock': File exists.\n\nAnother git process seems to be running in this repository, or the lock file may be stale\n"
INF http m=POST p=/api/v1/workspaces/446497JQI000/nodes/446499158000/views/44649A4KE000 s=200 d=35.9ms s=26
ERR Failed to commit DB changes err="failed to stage db changes: exit status 128\nOutput: fatal: Unable to create '/home/runner/work/mddb/mddb/data-e2e/.git/index.lock': File exists.\n\nAnother git process seems to be running in this repository, or the lock file may be stale\n"
INF http m=POST p=/api/v1/workspaces/446499EP2000/nodes/0/page/create s=200 d=23.7ms s=35
INF http m=GET p=/assets/de-qJeflSp6.js s=200 d=93µs s=6245
INF http m=GET p=/api/v1/workspaces/446497JQI000/nodes/446499158000/table/records s=200 d=244µs s=143
INF http m=GET p=/api/v1/workspaces/446499EP2000/nodes/0/children s=200 d=219µs s=257
INF http m=GET p=/assets/WorkspaceSettingsPanel-CsUOm22X.css s=200 d=36µs s=1025
INF http m=GET p=/api/v1/workspaces/446499EP2000/nodes/44649ACQ8000 s=200 d=259µs s=245
INF http m=GET p=/assets/WorkspaceSettingsPanel-CM5oaFTF.js s=200 d=49µs s=4443
INF http m=GET p=/api/v1/workspaces/446497JQI000/events s=200 d=307ms s=361
INF http m=GET p=/assets/Editor-5FlZhQpN.js s=200 d=107µs s=13509
INF http m=GET p=/assets/Editor-BYBWY7b1.css s=200 d=60µs s=2240
INF http m=GET p=/assets/ServerSettingsPanel-pbgISWIv.css s=200 d=32µs s=596
INF http m=GET p=/assets/ServerSettingsPanel-C8C6nm9a.js s=200 d=59µs s=2550
INF http m=GET p=/assets/ResourceQuotaForm-DTSj8Ta5.css s=200 d=33µs s=302
INF http m=GET p=/assets/ResourceQuotaForm-D6gJNn3N.js s=200 d=36µs s=812
INF http m=GET p=/assets/ProfileSettings-rthGIjGN.js s=200 d=51µs s=4319
INF http m=GET p=/assets/ProfileSettings-D5kbNfHV.css s=200 d=29µs s=1220
INF http m=GET p=/assets/OrgSettingsPanel-BP8s6T0h.css s=200 d=30µs s=511
INF http m=GET p=/assets/OrgSettingsPanel-B78NX7Vn.js s=200 d=38µs s=2302
INF http m=GET p=/assets/InviteForm-R7w4u6kW.js s=200 d=25µs s=1267
INF http m=GET p=/assets/InviteForm-CW-wgFWD.css s=200 d=26µs s=414
ERR Failed to commit DB changes err="failed to stage db changes: exit status 128\nOutput: fatal: Unable to create '/home/runner/work/mddb/mddb/data-e2e/.git/index.lock': File exists.\n\nAnother git process seems to be running in this repository, or the lock file may be stale\n"
INF http m=POST p=/api/v1/workspaces/446499EP2000/nodes/0/table/create s=200 d=31.4ms s=26
INF http m=GET p=/assets/AdminDashboard-R0heLGro.css s=200 d=28µs s=601
INF http m=GET p=/assets/AdminDashboard-D3Sw1IyX.js s=200 d=31µs s=2075
INF http m=GET p=/manifest.webmanifest s=200 d=31µs s=199
ERR Failed to commit DB changes err="failed to stage db changes: exit status 128\nOutput: fatal: Unable to create '/home/runner/work/mddb/mddb/data-e2e/.git/index.lock': File exists.\n\nAnother git process seems to be running in this repository, or the lock file may be stale\n"
INF http m=POST p=/api/v1/workspaces/446499EP2000/nodes/44649B17Q000/table/records/create s=200 d=32.8ms s=26
ERR Failed to commit DB changes err="failed to stage db changes: exit status 128\nOutput: fatal: Unable to create '/home/runner/work/mddb/mddb/data-e2e/.git/index.lock': File exists.\n\nAnother git process seems to be running in this repository, or the lock file may be stale\n"
INF http m=POST p=/api/v1/workspaces/446499EP2000/nodes/44649B17Q000/table/records/create s=200 d=38.5ms s=26
ERR Failed to commit DB changes err="failed to stage db changes: exit status 128\nOutput: fatal: Unable to create '/home/runner/work/mddb/mddb/data-e2e/.git/index.lock': File exists.\n\nAnother git process seems to be running in this repository, or the lock file may be stale\n"
INF http m=POST p=/api/v1/workspaces/446499EP2000/nodes/44649B17Q000/table/records/create s=200 d=26.9ms s=26
ERR Failed to commit DB changes err="failed to stage db changes: exit status 128\nOutput: fatal: Unable to create '/home/runner/work/mddb/mddb/data-e2e/.git/index.lock': File exists.\n\nAnother git process seems to be running in this repository, or the lock file may be stale\n"
INF http m=POST p=/api/v1/workspaces/446499EP2000/nodes/44649B17Q000/table/records/create s=200 d=13.9ms s=26
INF http m=GET p=/api/v1/workspaces/446499EP2000/nodes/44649B17Q000/table/records s=200 d=269µs s=173
INF http m=GET p=/api/v1/workspaces/446499EP2000/events s=200 d=298ms s=355
ERR Failed to commit DB changes err="failed to stage db changes: exit status 128\nOutput: fatal: Unable to create '/home/runner/work/mddb/mddb/data-e2e/.git/index.lock': File exists.\n\nAnother git process seems to be running in this repository, or the lock file may be stale\n"
INF http m=POST p=/api/v1/auth/register s=200 d=92.1ms s=394
INF http m=GET p=/ s=200 d=60µs s=542
INF http m=GET p=/assets/index-SHhnYNGf.js s=200 d=167µs s=49792
INF http m=GET p=/registerSW.js s=200 d=68µs s=87
INF http m=GET p=/assets/vendor-C3WBU0hm.js s=200 d=79µs s=29762
INF http m=GET p=/assets/editor-vendor-Bje_VwYD.js s=200 d=102µs s=117396
INF http m=GET p=/assets/index-DPQ8uk7g.css s=200 d=60µs s=12402
INF http m=GET p=/api/v1/auth/me s=200 d=764µs s=166
INF http m=GET p=/assets/en-BOb8f2G7.js s=200 d=65µs s=5207
INF http m=GET p=/api/v1/notifications/unread-count s=200 d=255µs s=25
INF http m=GET p=/favicon.png s=200 d=36µs s=449
ERR Failed to commit DB changes err="failed to stage db changes: exit status 128\nOutput: fatal: Unable to create '/home/runner/work/mddb/mddb/data-e2e/.git/index.lock': File exists.\n\nAnother git process seems to be running in this repository, or the lock file may be stale\n"
INF http m=POST p=/api/v1/organizations s=200 d=4.37ms s=355
INF http m=GET p=/sw.js s=200 d=75µs s=5540
INF http m=GET p=/api/v1/auth/me s=200 d=604µs s=255
INF http m=GET p=/registerSW.js s=200 d=34µs s=87
INF http m=GET p=/index.html s=200 d=54µs s=542
INF http m=GET p=/icon.svg s=200 d=31µs s=195
INF http m=GET p=/icon-512.png s=200 d=91µs s=6498
INF http m=GET p=/icon-192.png s=200 d=80µs s=2468
INF http m=GET p=/favicon.png s=200 d=48µs s=449
INF http m=GET p=/apple-touch-icon.png s=200 d=45µs s=2298
INF http m=GET p=/assets/material-symbols-names-mOXCVt15.js s=200 d=101µs s=15793
ERR Failed to add workspace submodule wsID=44649DR7U000 err="failed to add submodule 44649DR7U000: exit status 128\nOutput: Adding existing repo at '44649DR7U000' to the index\nfatal: Unable to create '/home/runner/work/mddb/mddb/data-e2e/.git/index.lock': File exists.\n\nAnother git process seems to be running in this repository, or the lock file may be stale\nfatal: Failed to add submodule '44649DR7U000'\n"
ERR Failed to commit DB changes err="failed to stage db changes: exit status 128\nOutput: fatal: Unable to create '/home/runner/work/mddb/mddb/data-e2e/.git/index.lock': File exists.\n\nAnother git process seems to be running in this repository, or the lock file may be stale\n"
INF http m=POST p=/api/v1/organizations/44649DIAC000/workspaces s=200 d=147ms s=299
ERR Failed to commit DB changes err="failed to stage db changes: exit status 128\nOutput: fatal: Unable to create '/home/runner/work/mddb/mddb/data-e2e/.git/index.lock': File exists.\n\nAnother git process seems to be running in this repository, or the lock file may be stale\n"
INF http m=POST p=/api/v1/auth/register s=200 d=222ms s=392
ERR Failed to commit DB changes err="failed to stage db changes: exit status 128\nOutput: fatal: Unable to create '/home/runner/work/mddb/mddb/data-e2e/.git/index.lock': File exists.\n\nAnother git process seems to be running in this repository, or the lock file may be stale\n"
INF http m=POST p=/api/v1/auth/switch-workspace s=200 d=6.32ms s=584
INF http m=GET p=/assets/fr-CgauyyXq.js s=200 d=67µs s=6301
INF http m=GET p=/ s=200 d=54µs s=542
INF http m=GET p=/assets/es-DHO8DnB9.js s=200 d=82µs s=6015
INF http m=GET p=/api/v1/notifications/unread-count s=200 d=161µs s=25
INF http m=GET p=/api/v1/workspaces/44649DR7U000/nodes/0/children s=200 d=244µs s=26
INF http m=GET p=/api/v1/workspaces/44649DR7U000/members s=200 d=6.31ms s=132
INF http m=GET p=/assets/editor-vendor-Bje_VwYD.js s=200 d=206µs s=117396
INF http m=GET p=/assets/index-DPQ8uk7g.css s=200 d=72µs s=12402
INF http m=GET p=/assets/index-SHhnYNGf.js s=200 d=80µs s=49792
INF http m=GET p=/registerSW.js s=200 d=27µs s=87
INF http m=GET p=/assets/vendor-C3WBU0hm.js s=200 d=73µs s=29762
INF http m=GET p=/assets/emoji-groups-tsNE8Axz.js s=200 d=109µs s=13852
ERR Failed to commit DB changes err="failed to stage db changes: exit status 128\nOutput: fatal: Unable to create '/home/runner/work/mddb/mddb/data-e2e/.git/index.lock': File exists.\n\nAnother git process seems to be running in this repository, or the lock file may be stale\n"
INF http m=POST p=/api/v1/workspaces/44649DR7U000/nodes/0/page/create s=200 d=38.4ms s=35
INF http m=GET p=/api/v1/workspaces/44649DR7U000/nodes/0/children s=200 d=320µs s=244
INF http m=GET p=/api/v1/workspaces/44649DR7U000/nodes/44649F4MK000 s=200 d=216µs s=245
ERR Failed to commit DB changes err="failed to stage db changes: exit status 128\nOutput: fatal: Unable to create '/home/runner/work/mddb/mddb/data-e2e/.git/index.lock': File exists.\n\nAnother git process seems to be running in this repository, or the lock file may be stale\n"
INF http m=POST p=/api/v1/workspaces/44649DR7U000/nodes/0/page/create s=200 d=45.6ms s=26
ERR Failed to commit DB changes err="failed to stage db changes: exit status 128\nOutput: fatal: Unable to create '/home/runner/work/mddb/mddb/data-e2e/.git/index.lock': File exists.\n\nAnother git process seems to be running in this repository, or the lock file may be stale\n"
INF http m=POST p=/api/v1/workspaces/44649DR7U000/nodes/0/page/create s=200 d=16.7ms s=26
INF http m=GET p=/assets/Editor-BYBWY7b1.css s=200 d=51µs s=2240
INF http m=GET p=/assets/Editor-5FlZhQpN.js s=200 d=86µs s=13509
INF http m=GET p=/w/@44649DR7U000+workspace/@44649F4MK000+welcome s=200 d=30µs s=542
INF http m=GET p=/api/v1/workspaces/44649DR7U000/events s=200 d=135ms s=253
INF http m=GET p=/registerSW.js s=200 d=36µs s=87
INF http m=GET p=/assets/de-qJeflSp6.js s=200 d=106µs s=6245
INF http m=GET p=/api/v1/auth/me s=200 d=211µs s=166
INF http m=GET p=/assets/en-BOb8f2G7.js s=200 d=48µs s=5207
INF http m=GET p=/assets/WorkspaceSettingsPanel-CsUOm22X.css s=200 d=150µs s=1025
INF http m=GET p=/api/v1/auth/me s=200 d=235µs s=359
INF http m=GET p=/assets/WorkspaceSettingsPanel-CM5oaFTF.js s=200 d=94µs s=4443
INF http m=GET p=/assets/ServerSettingsPanel-pbgISWIv.css s=200 d=43µs s=596
INF http m=GET p=/api/v1/notifications/unread-count s=200 d=283µs s=25
INF http m=GET p=/sw.js s=200 d=97µs s=5540
INF http m=GET p=/assets/ServerSettingsPanel-C8C6nm9a.js s=200 d=55µs s=2550
ERR Failed to commit DB changes err="failed to stage db changes: exit status 128\nOutput: fatal: Unable to create '/home/runner/work/mddb/mddb/data-e2e/.git/index.lock': File exists.\n\nAnother git process seems to be running in this repository, or the lock file may be stale\n"
INF http m=GET p=/assets/ResourceQuotaForm-DTSj8Ta5.css s=200 d=35µs s=302
INF http m=POST p=/api/v1/organizations s=200 d=8.3ms s=351
INF http m=GET p=/assets/ResourceQuotaForm-D6gJNn3N.js s=200 d=38µs s=812
INF http m=GET p=/api/v1/notifications/unread-count s=200 d=155µs s=25
INF http m=GET p=/assets/ProfileSettings-rthGIjGN.js s=200 d=107µs s=4319
INF http m=GET p=/api/v1/workspaces/44649DR7U000/members s=200 d=5.07ms s=132
INF http m=GET p=/api/v1/workspaces/44649DR7U000/nodes/0/children s=200 d=5.53ms s=260
INF http m=GET p=/api/v1/workspaces/44649DR7U000/nodes/44649F4MK000 s=200 d=5.8ms s=245
INF http m=GET p=/favicon.png s=200 d=33µs s=449
INF http m=GET p=/assets/ProfileSettings-D5kbNfHV.css s=200 d=30µs s=1220
INF http m=GET p=/assets/OrgSettingsPanel-BP8s6T0h.css s=200 d=22µs s=511
INF http m=GET p=/assets/OrgSettingsPanel-B78NX7Vn.js s=200 d=65µs s=2302
INF http m=GET p=/api/v1/auth/me s=200 d=523µs s=252
INF http m=GET p=/assets/InviteForm-R7w4u6kW.js s=200 d=26µs s=1267
INF http m=GET p=/registerSW.js s=200 d=36µs s=87
INF http m=GET p=/assets/InviteForm-CW-wgFWD.css s=200 d=35µs s=414
INF http m=GET p=/index.html s=200 d=58µs s=542
INF http m=GET p=/assets/AdminDashboard-R0heLGro.css s=200 d=52µs s=601
INF http m=GET p=/icon.svg s=200 d=37µs s=195
INF http m=GET p=/assets/AdminDashboard-D3Sw1IyX.js s=200 d=31µs s=2075
INF http m=GET p=/icon-512.png s=200 d=80µs s=6498
INF http m=GET p=/manifest.webmanifest s=200 d=20µs s=199
INF http m=GET p=/icon-192.png s=200 d=39µs s=2468
INF http m=GET p=/favicon.png s=200 d=44µs s=449
INF http m=GET p=/apple-touch-icon.png s=200 d=51µs s=2298
INF http m=GET p=/assets/material-symbols-names-mOXCVt15.js s=200 d=105µs s=15793
ERR Failed to add workspace submodule wsID=44649GP0A000 err="failed to add submodule 44649GP0A000: exit status 128\nOutput: Adding existing repo at '44649GP0A000' to the index\nfatal: Unable to create '/home/runner/work/mddb/mddb/data-e2e/.git/index.lock': File exists.\n\nAnother git process seems to be running in this repository, or the lock file may be stale\nfatal: Failed to add submodule '44649GP0A000'\n"
ERR Failed to commit DB changes err="failed to stage db changes: exit status 128\nOutput: fatal: Unable to create '/home/runner/work/mddb/mddb/data-e2e/.git/index.lock': File exists.\n\nAnother git process seems to be running in this repository, or the lock file may be stale\n"
INF http m=POST p=/api/v1/organizations/44649G8FA000/workspaces s=200 d=79.9ms s=299
ERR Failed to commit DB changes err="failed to stage db changes: exit status 128\nOutput: fatal: Unable to create '/home/runner/work/mddb/mddb/data-e2e/.git/index.lock': File exists.\n\nAnother git process seems to be running in this repository, or the lock file may be stale\n"
INF http m=POST p=/api/v1/auth/switch-workspace s=200 d=7.56ms s=583
INF http m=GET p=/assets/fr-CgauyyXq.js s=200 d=59µs s=6301
INF http m=GET p=/assets/es-DHO8DnB9.js s=200 d=114µs s=6015
INF http m=GET p=/api/v1/workspaces/44649GP0A000/nodes/0/children s=200 d=260µs s=26
INF http m=GET p=/api/v1/notifications/unread-count s=200 d=98µs s=25
INF http m=GET p=/api/v1/workspaces/44649GP0A000/members s=200 d=523µs s=128
INF http m=GET p=/assets/emoji-groups-tsNE8Axz.js s=200 d=122µs s=13852
ERR Failed to commit DB changes err="failed to stage db changes: exit status 128\nOutput: fatal: Unable to create '/home/runner/work/mddb/mddb/data-e2e/.git/index.lock': File exists.\n\nAnother git process seems to be running in this repository, or the lock file may be stale\n"
INF http m=POST p=/api/v1/workspaces/44649GP0A000/nodes/0/page/create s=200 d=27.2ms s=35
INF http m=GET p=/api/v1/workspaces/44649GP0A000/nodes/0/children s=200 d=676µs s=257
INF http m=GET p=/api/v1/workspaces/44649DR7U000/nodes/44649FBHS000 s=200 d=649µs s=133
INF http m=GET p=/api/v1/workspaces/44649GP0A000/nodes/44649HJHA000 s=200 d=669µs s=245
INF http m=GET p=/assets/Editor-BYBWY7b1.css s=200 d=61µs s=2240
INF http m=GET p=/assets/Editor-5FlZhQpN.js s=200 d=91µs s=13509
INF http m=GET p=/assets/de-qJeflSp6.js s=200 d=84µs s=6245
INF http m=GET p=/assets/WorkspaceSettingsPanel-CsUOm22X.css s=200 d=40µs s=1025
INF http m=GET p=/assets/WorkspaceSettingsPanel-CM5oaFTF.js s=200 d=58µs s=4443
INF http m=GET p=/assets/ServerSettingsPanel-pbgISWIv.css s=200 d=39µs s=596
INF http m=GET p=/assets/ServerSettingsPanel-C8C6nm9a.js s=200 d=60µs s=2550
INF http m=GET p=/assets/ResourceQuotaForm-DTSj8Ta5.css s=200 d=62µs s=302
INF http m=GET p=/assets/ResourceQuotaForm-D6gJNn3N.js s=200 d=48µs s=812
INF http m=GET p=/api/v1/workspaces/44649GP0A000/events s=200 d=115ms s=206
ERR Failed to commit DB changes err="failed to stage db changes: exit status 128\nOutput: fatal: Unable to create '/home/runner/work/mddb/mddb/data-e2e/.git/index.lock': File exists.\n\nAnother git process seems to be running in this repository, or the lock file may be stale\n"
INF http m=POST p=/api/v1/workspaces/44649DR7U000/nodes/44649FBHS000/move s=200 d=34.6ms s=25
INF http m=GET p=/api/v1/workspaces/44649DR7U000/nodes/44649FHAA000/children s=200 d=764µs s=156
ERR Failed to commit DB changes err="failed to stage db changes: exit status 128\nOutput: fatal: Unable to create '/home/runner/work/mddb/mddb/data-e2e/.git/index.lock': File exists.\n\nAnother git process seems to be running in this repository, or the lock file may be stale\n"
INF http m=POST p=/api/v1/workspaces/44649DR7U000/nodes/44649FBHS000/move s=200 d=27.3ms s=25
INF http m=GET p=/api/v1/workspaces/44649DR7U000/events s=200 d=453ms s=225
ERR Failed to commit DB changes err="failed to stage db changes: exit status 128\nOutput: fatal: Unable to create '/home/runner/work/mddb/mddb/data-e2e/.git/index.lock': File exists.\n\nAnother git process seems to be running in this repository, or the lock file may be stale\n"
INF http m=POST p=/api/v1/auth/register s=200 d=125ms s=385
INF http m=GET p=/ s=200 d=60µs s=542
INF http m=GET p=/assets/index-DPQ8uk7g.css s=200 d=119µs s=12402
INF http m=GET p=/assets/index-SHhnYNGf.js s=200 d=136µs s=49792
INF http m=GET p=/registerSW.js s=200 d=23µs s=87
INF http m=GET p=/assets/editor-vendor-Bje_VwYD.js s=200 d=125µs s=117396
INF http m=GET p=/assets/vendor-C3WBU0hm.js s=200 d=116µs s=29762
ERR Failed to commit DB changes err="failed to stage db changes: exit status 128\nOutput: fatal: Unable to create '/home/runner/work/mddb/mddb/data-e2e/.git/index.lock': File exists.\n\nAnother git process seems to be running in this repository, or the lock file may be stale\n"
INF http m=POST p=/api/v1/auth/register s=200 d=110ms s=385
INF http m=GET p=/ s=200 d=68µs s=542
INF http m=GET p=/assets/en-BOb8f2G7.js s=200 d=57µs s=5207
INF http m=GET p=/api/v1/auth/me s=200 d=676µs s=161
INF http m=GET p=/api/v1/notifications/unread-count s=200 d=541µs s=25
INF http m=GET p=/favicon.png s=200 d=43µs s=449
ERR Failed to commit DB changes err="failed to stage db changes: exit status 128\nOutput: fatal: Unable to create '/home/runner/work/mddb/mddb/data-e2e/.git/index.lock': File exists.\n\nAnother git process seems to be running in this repository, or the lock file may be stale\n"
INF http m=POST p=/api/v1/organizations s=200 d=7.1ms s=348
INF http m=GET p=/assets/index-SHhnYNGf.js s=200 d=161µs s=49792
INF http m=GET p=/assets/editor-vendor-Bje_VwYD.js s=200 d=151µs s=117396
INF http m=GET p=/assets/index-DPQ8uk7g.css s=200 d=167µs s=12402
INF http m=GET p=/assets/vendor-C3WBU0hm.js s=200 d=111µs s=29762
INF http m=GET p=/api/v1/auth/me s=200 d=596µs s=245
INF http m=GET p=/registerSW.js s=200 d=46µs s=87
INF http m=GET p=/sw.js s=200 d=88µs s=5540
INF http m=GET p=/registerSW.js s=200 d=29µs s=87
INF http m=GET p=/index.html s=200 d=38µs s=542
INF http m=GET p=/icon.svg s=200 d=29µs s=195
INF http m=GET p=/icon-512.png s=200 d=66µs s=6498
INF http m=GET p=/icon-192.png s=200 d=40µs s=2468
INF http m=GET p=/favicon.png s=200 d=80µs s=449
INF http m=GET p=/apple-touch-icon.png s=200 d=58µs s=2298
INF http m=GET p=/assets/material-symbols-names-mOXCVt15.js s=200 d=96µs s=15793
INF http m=GET p=/api/v1/auth/me s=200 d=528µs s=161
INF http m=GET p=/assets/en-BOb8f2G7.js s=200 d=84µs s=5207
INF http m=GET p=/api/v1/notifications/unread-count s=200 d=196µs s=25
ERR Failed to add workspace submodule wsID=44649LR5O000 err="failed to add submodule 44649LR5O000: exit status 128\nOutput: Adding existing repo at '44649LR5O000' to the index\nfatal: Unable to create '/home/runner/work/mddb/mddb/data-e2e/.git/index.lock': File exists.\n\nAnother git process seems to be running in this repository, or the lock file may be stale\nfatal: Failed to add submodule '44649LR5O000'\n"
ERR Failed to commit DB changes err="failed to stage db changes: exit status 128\nOutput: fatal: Unable to create '/home/runner/work/mddb/mddb/data-e2e/.git/index.lock': File exists.\n\nAnother git process seems to be running in this repository, or the lock file may be stale\n"
INF http m=POST p=/api/v1/organizations/44649LBV0000/workspaces s=200 d=163ms s=298
INF http m=GET p=/assets/fr-CgauyyXq.js s=200 d=72µs s=6301
ERR Failed to commit DB changes err="failed to stage db changes: exit status 128\nOutput: fatal: Unable to create '/home/runner/work/mddb/mddb/data-e2e/.git/index.lock': File exists.\n\nAnother git process seems to be running in this repository, or the lock file may be stale\n"
INF http m=POST p=/api/v1/organizations s=200 d=23ms s=352
INF http m=GET p=/sw.js s=200 d=60µs s=5540
ERR Failed to commit DB changes err="failed to stage db changes: exit status 128\nOutput: fatal: Unable to create '/home/runner/work/mddb/mddb/data-e2e/.git/index.lock': File exists.\n\nAnother git process seems to be running in this repository, or the lock file may be stale\n"
INF http m=GET p=/favicon.png s=200 d=46µs s=449
INF http m=GET p=/api/v1/auth/me s=200 d=1.38ms s=249
INF http m=GET p=/assets/es-DHO8DnB9.js s=200 d=97µs s=6015
INF http m=POST p=/api/v1/auth/switch-workspace s=200 d=30.1ms s=554
INF http m=GET p=/registerSW.js s=200 d=38µs s=87
INF http m=GET p=/assets/emoji-groups-tsNE8Axz.js s=200 d=101µs s=13852
INF http m=GET p=/api/v1/workspaces/44649LR5O000/members s=200 d=6.26ms s=122
INF http m=GET p=/api/v1/workspaces/44649LR5O000/nodes/0/children s=200 d=12.8ms s=26
INF http m=GET p=/api/v1/notifications/unread-count s=200 d=14.1ms s=25
INF http m=GET p=/index.html s=200 d=27µs s=542
INF http m=GET p=/icon.svg s=200 d=31µs s=195
INF http m=GET p=/api/v1/auth/me s=200 d=269µs s=362
INF http m=GET p=/icon-512.png s=200 d=282µs s=6498
INF http m=GET p=/icon-192.png s=200 d=100µs s=2468
INF http m=GET p=/api/v1/workspaces/44649LR5O000/events s=200 d=26.3ms s=93
INF http m=GET p=/favicon.png s=200 d=43µs s=449
INF http m=GET p=/apple-touch-icon.png s=200 d=48µs s=2298
INF http m=GET p=/assets/material-symbols-names-mOXCVt15.js s=200 d=94µs s=15793
INF http m=GET p=/assets/fr-CgauyyXq.js s=200 d=83µs s=6301
ERR Failed to add workspace submodule wsID=44649N4PO000 err="failed to add submodule 44649N4PO000: exit status 128\nOutput: Adding existing repo at '44649N4PO000' to the index\nfatal: Unable to create '/home/runner/work/mddb/mddb/data-e2e/.git/index.lock': File exists.\n\nAnother git process seems to be running in this repository, or the lock file may be stale\nfatal: Failed to add submodule '44649N4PO000'\n"
INF http m=GET p=/assets/es-DHO8DnB9.js s=200 d=53µs s=6015
ERR Failed to commit DB changes err="failed to stage db changes: exit status 128\nOutput: fatal: Unable to create '/home/runner/work/mddb/mddb/data-e2e/.git/index.lock': File exists.\n\nAnother git process seems to be running in this repository, or the lock file may be stale\n"
INF http m=POST p=/api/v1/organizations/44649MNVG000/workspaces s=200 d=157ms s=298
ERR Failed to commit DB changes err="failed to stage db changes: exit status 128\nOutput: fatal: Unable to create '/home/runner/work/mddb/mddb/data-e2e/.git/index.lock': File exists.\n\nAnother git process seems to be running in this repository, or the lock file may be stale\n"
INF http m=POST p=/api/v1/workspaces/44649LR5O000/nodes/0/page/create s=200 d=106ms s=35
ERR Failed to commit DB changes err="failed to stage db changes: exit status 128\nOutput: fatal: Unable to create '/home/runner/work/mddb/mddb/data-e2e/.git/index.lock': File exists.\n\nAnother git process seems to be running in this repository, or the lock file may be stale\n"
INF http m=GET p=/assets/emoji-groups-tsNE8Axz.js s=200 d=74µs s=13852
INF http m=POST p=/api/v1/auth/switch-workspace s=200 d=4.86ms s=573
INF http m=GET p=/api/v1/notifications/unread-count s=200 d=212µs s=25
INF http m=GET p=/api/v1/workspaces/44649N4PO000/nodes/0/children s=200 d=235µs s=26
INF http m=GET p=/api/v1/workspaces/44649N4PO000/members s=200 d=382µs s=124
INF http m=GET p=/api/v1/auth/me s=200 d=232µs s=366
ERR Failed to commit DB changes err="failed to stage db changes: exit status 128\nOutput: fatal: Unable to create '/home/runner/work/mddb/mddb/data-e2e/.git/index.lock': File exists.\n\nAnother git process seems to be running in this repository, or the lock file may be stale\n"
INF http m=POST p=/api/v1/workspaces/44649N4PO000/nodes/0/page/create s=200 d=44.3ms s=35
INF http m=GET p=/api/v1/workspaces/44649N4PO000/nodes/0/children s=200 d=267µs s=257
INF http m=GET p=/assets/de-qJeflSp6.js s=200 d=112µs s=6245
INF http m=GET p=/assets/WorkspaceSettingsPanel-CsUOm22X.css s=200 d=44µs s=1025
INF http m=GET p=/api/v1/workspaces/44649N4PO000/nodes/44649OIMQ000 s=200 d=483µs s=245
INF http m=GET p=/assets/WorkspaceSettingsPanel-CM5oaFTF.js s=200 d=63µs s=4443
INF http m=GET p=/assets/ServerSettingsPanel-pbgISWIv.css s=200 d=59µs s=596
INF http m=GET p=/assets/Editor-5FlZhQpN.js s=200 d=57µs s=13509
INF http m=GET p=/assets/Editor-BYBWY7b1.css s=200 d=69µs s=2240
INF http m=GET p=/assets/ServerSettingsPanel-C8C6nm9a.js s=200 d=36µs s=2550
INF http m=GET p=/assets/ResourceQuotaForm-DTSj8Ta5.css s=200 d=34µs s=302
INF http m=GET p=/assets/ResourceQuotaForm-D6gJNn3N.js s=200 d=37µs s=812
INF http m=GET p=/assets/ProfileSettings-rthGIjGN.js s=200 d=75µs s=4319
INF http m=GET p=/assets/ProfileSettings-D5kbNfHV.css s=200 d=40µs s=1220
INF http m=GET p=/assets/OrgSettingsPanel-BP8s6T0h.css s=200 d=31µs s=511
INF http m=GET p=/assets/OrgSettingsPanel-B78NX7Vn.js s=200 d=42µs s=2302
ERR Failed to add workspace submodule wsID=44649OIPE000 err="failed to add submodule 44649OIPE000: exit status 128\nOutput: Adding existing repo at '44649OIPE000' to the index\nfatal: Unable to create '/home/runner/work/mddb/mddb/data-e2e/.git/index.lock': File exists.\n\nAnother git process seems to be running in this repository, or the lock file may be stale\nfatal: Failed to add submodule '44649OIPE000'\n"
INF http m=GET p=/assets/InviteForm-R7w4u6kW.js s=200 d=33µs s=1267
ERR Failed to commit DB changes err="failed to stage db changes: exit status 128\nOutput: fatal: Unable to create '/home/runner/work/mddb/mddb/data-e2e/.git/index.lock': File exists.\n\nAnother git process seems to be running in this repository, or the lock file may be stale\n"
INF http m=POST p=/api/v1/organizations/44649MNVG000/workspaces s=200 d=150ms s=310
INF http m=GET p=/assets/InviteForm-CW-wgFWD.css s=200 d=27µs s=414
ERR Failed to commit DB changes err="failed to stage db changes: exit status 128\nOutput: fatal: Unable to create '/home/runner/work/mddb/mddb/data-e2e/.git/index.lock': File exists.\n\nAnother git process seems to be running in this repository, or the lock file may be stale\n"
INF http m=POST p=/api/v1/auth/register s=200 d=129ms s=390
INF http m=GET p=/ s=200 d=50µs s=542
INF http m=GET p=/w/@44649N4PO000+workspace/@44649OIMQ000+welcome s=200 d=33µs s=542
INF http m=GET p=/api/v1/workspaces/44649N4PO000/events s=200 d=219ms s=202
INF http m=GET p=/registerSW.js s=200 d=58µs s=87
INF http m=GET p=/assets/index-SHhnYNGf.js s=200 d=149µs s=49792
INF http m=GET p=/registerSW.js s=200 d=45µs s=87
INF http m=GET p=/assets/vendor-C3WBU0hm.js s=200 d=123µs s=29762
INF http m=GET p=/assets/editor-vendor-Bje_VwYD.js s=200 d=129µs s=117396
INF http m=GET p=/assets/index-DPQ8uk7g.css s=200 d=100µs s=12402
INF http m=GET p=/assets/AdminDashboard-R0heLGro.css s=200 d=39µs s=601
INF http m=GET p=/api/v1/auth/me s=200 d=576µs s=380
INF http m=GET p=/assets/AdminDashboard-D3Sw1IyX.js s=200 d=68µs s=2075
INF http m=GET p=/manifest.webmanifest s=200 d=27µs s=199
INF http m=GET p=/api/v1/workspaces/44649N4PO000/nodes/44649OIMQ000 s=200 d=631µs s=245
INF http m=GET p=/api/v1/workspaces/44649N4PO000/members s=200 d=823µs s=124
INF http m=GET p=/api/v1/notifications/unread-count s=200 d=1.89ms s=25
INF http m=GET p=/api/v1/workspaces/44649N4PO000/nodes/0/children s=200 d=15.9ms s=257
INF http m=GET p=/assets/en-BOb8f2G7.js s=200 d=119µs s=5207
INF http m=GET p=/api/v1/auth/me s=200 d=573µs s=166
INF http m=GET p=/api/v1/workspaces/44649N4PO000/events s=200 d=54.7ms s=93
INF http m=GET p=/api/v1/notifications/unread-count s=200 d=413µs s=25
INF http m=GET p=/favicon.png s=200 d=30µs s=449
ERR Failed to commit DB changes err="failed to stage db changes: exit status 128\nOutput: fatal: Unable to create '/home/runner/work/mddb/mddb/data-e2e/.git/index.lock': File exists.\n\nAnother git process seems to be running in this repository, or the lock file may be stale\n"
INF http m=POST p=/api/v1/organizations s=200 d=5.21ms s=350
INF http m=GET p=/api/v1/auth/me s=200 d=497µs s=250
INF http m=GET p=/sw.js s=200 d=88µs s=5540
INF http m=GET p=/registerSW.js s=200 d=36µs s=87
INF http m=GET p=/index.html s=200 d=36µs s=542
INF http m=GET p=/icon.svg s=200 d=32µs s=195
INF http m=GET p=/icon-512.png s=200 d=174µs s=6498
INF http m=GET p=/icon-192.png s=200 d=33µs s=2468
INF http m=GET p=/favicon.png s=200 d=32µs s=449
INF http m=GET p=/apple-touch-icon.png s=200 d=55µs s=2298
INF http m=GET p=/assets/material-symbols-names-mOXCVt15.js s=200 d=107µs s=15793
INF http m=GET p=/assets/fr-CgauyyXq.js s=200 d=88µs s=6301
ERR Failed to add workspace submodule wsID=44649QQDO000 err="failed to add submodule 44649QQDO000: exit status 128\nOutput: Adding existing repo at '44649QQDO000' to the index\nfatal: Unable to create '/home/runner/work/mddb/mddb/data-e2e/.git/index.lock': File exists.\n\nAnother git process seems to be running in this repository, or the lock file may be stale\nfatal: Failed to add submodule '44649QQDO000'\n"
INF http m=GET p=/assets/es-DHO8DnB9.js s=200 d=87µs s=6015
ERR Failed to commit DB changes err="failed to stage db changes: exit status 128\nOutput: fatal: Unable to create '/home/runner/work/mddb/mddb/data-e2e/.git/index.lock': File exists.\n\nAnother git process seems to be running in this repository, or the lock file may be stale\n"
INF http m=POST p=/api/v1/organizations/44649QIEQ000/workspaces s=200 d=162ms s=299
ERR Failed to commit DB changes err="failed to stage db changes: exit status 128\nOutput: fatal: Unable to create '/home/runner/work/mddb/mddb/data-e2e/.git/index.lock': File exists.\n\nAnother git process seems to be running in this repository, or the lock file may be stale\n"
INF http m=POST p=/api/v1/auth/switch-workspace s=200 d=16.4ms s=554
INF http m=GET p=/assets/emoji-groups-tsNE8Axz.js s=200 d=118µs s=13852
INF http m=GET p=/api/v1/notifications/unread-count s=200 d=182µs s=25
INF http m=GET p=/api/v1/workspaces/44649QQDO000/nodes/0/children s=200 d=6.48ms s=26
INF http m=GET p=/api/v1/workspaces/44649QQDO000/members s=200 d=23.7ms s=122
INF http m=GET p=/assets/de-qJeflSp6.js s=200 d=108µs s=6245
INF http m=GET p=/assets/WorkspaceSettingsPanel-CsUOm22X.css s=200 d=31µs s=1025
INF http m=GET p=/assets/WorkspaceSettingsPanel-CM5oaFTF.js s=200 d=66µs s=4443
INF http m=GET p=/assets/ServerSettingsPanel-pbgISWIv.css s=200 d=44µs s=596
INF http m=GET p=/assets/ServerSettingsPanel-C8C6nm9a.js s=200 d=38µs s=2550
ERR Failed to commit DB changes err="failed to stage db changes: exit status 128\nOutput: fatal: Unable to create '/home/runner/work/mddb/mddb/data-e2e/.git/index.lock': File exists.\n\nAnother git process seems to be running in this repository, or the lock file may be stale\n"
INF http m=POST p=/api/v1/workspaces/44649QQDO000/nodes/0/page/create s=200 d=47.3ms s=35
INF http m=GET p=/api/v1/workspaces/44649QQDO000/nodes/0/children s=200 d=446µs s=241
INF http m=GET p=/assets/ResourceQuotaForm-DTSj8Ta5.css s=200 d=40µs s=302
INF http m=GET p=/api/v1/workspaces/44649QQDO000/nodes/44649SDES000 s=200 d=603µs s=245
INF http m=GET p=/assets/ResourceQuotaForm-D6gJNn3N.js s=200 d=39µs s=812
ERR Failed to commit DB changes err="failed to stage db changes: exit status 128\nOutput: fatal: Unable to create '/home/runner/work/mddb/mddb/data-e2e/.git/index.lock': File exists.\n\nAnother git process seems to be running in this repository, or the lock file may be stale\n"
INF http m=POST p=/api/v1/workspaces/44649QQDO000/nodes/0/page/create s=200 d=67.2ms s=26
INF http m=GET p=/assets/ProfileSettings-rthGIjGN.js s=200 d=61µs s=4319
INF http m=GET p=/assets/Editor-BYBWY7b1.css s=200 d=52µs s=2240
INF http m=GET p=/assets/Editor-5FlZhQpN.js s=200 d=85µs s=13509
ERR Failed to commit DB changes err="failed to stage db changes: exit status 128\nOutput: fatal: Unable to create '/home/runner/work/mddb/mddb/data-e2e/.git/index.lock': File exists.\n\nAnother git process seems to be running in this repository, or the lock file may be stale\n"
INF http m=POST p=/api/v1/auth/register s=200 d=181ms s=393
INF http m=GET p=/w/@44649QQDO000+workspace/@44649SDES000+welcome s=200 d=44µs s=542
INF http m=GET p=/assets/ProfileSettings-D5kbNfHV.css s=200 d=52µs s=1220
INF http m=GET p=/ s=200 d=43µs s=542
INF http m=GET p=/api/v1/workspaces/44649QQDO000/events s=200 d=161ms s=231
INF http m=GET p=/assets/OrgSettingsPanel-BP8s6T0h.css s=200 d=32µs s=511
INF http m=GET p=/registerSW.js s=200 d=55µs s=87
INF http m=GET p=/assets/OrgSettingsPanel-B78NX7Vn.js s=200 d=68µs s=2302
INF http m=GET p=/assets/editor-vendor-Bje_VwYD.js s=200 d=182µs s=117396
INF http m=GET p=/assets/index-DPQ8uk7g.css s=200 d=96µs s=12402
INF http m=GET p=/assets/index-SHhnYNGf.js s=200 d=2.53ms s=49792
INF http m=GET p=/registerSW.js s=200 d=23µs s=87
INF http m=GET p=/assets/vendor-C3WBU0hm.js s=200 d=99µs s=29762
INF http m=GET p=/assets/InviteForm-R7w4u6kW.js s=200 d=46µs s=1267
INF http m=GET p=/assets/InviteForm-CW-wgFWD.css s=200 d=37µs s=414
INF http m=GET p=/api/v1/auth/me s=200 d=596µs s=350
INF http m=GET p=/assets/AdminDashboard-R0heLGro.css s=200 d=85µs s=601
INF http m=GET p=/assets/AdminDashboard-D3Sw1IyX.js s=200 d=57µs s=2075
INF http m=GET p=/manifest.webmanifest s=200 d=43µs s=199
INF http m=GET p=/api/v1/notifications/unread-count s=200 d=211µs s=25
INF http m=GET p=/api/v1/workspaces/44649QQDO000/nodes/0/children s=200 d=561µs s=241
INF http m=GET p=/api/v1/workspaces/44649QQDO000/members s=200 d=2.82ms s=122
INF http m=GET p=/api/v1/workspaces/44649QQDO000/nodes/44649SDES000 s=200 d=3.7ms s=245
INF http m=GET p=/assets/en-BOb8f2G7.js s=200 d=142µs s=5207
INF http m=GET p=/api/v1/auth/me s=200 d=289µs s=163
INF http m=GET p=/sw.js s=200 d=81µs s=5540
INF http m=GET p=/api/v1/notifications/unread-count s=200 d=1.64ms s=25
ERR Failed to commit DB changes err="failed to stage db changes: exit status 128\nOutput: fatal: Unable to create '/home/runner/work/mddb/mddb/data-e2e/.git/index.lock': File exists.\n\nAnother git process seems to be running in this repository, or the lock file may be stale\n"
INF http m=POST p=/api/v1/organizations s=200 d=16.7ms s=350
INF http m=GET p=/api/v1/workspaces/44649QQDO000/nodes/44649SK2O000 s=200 d=446µs s=166
INF http m=GET p=/favicon.png s=200 d=42µs s=449
INF http m=GET p=/api/v1/auth/me s=200 d=448µs s=250
INF http m=GET p=/registerSW.js s=200 d=41µs s=87
INF http m=GET p=/api/v1/auth/me s=200 d=175µs s=367
INF http m=GET p=/index.html s=200 d=30µs s=542
INF http m=GET p=/icon.svg s=200 d=29µs s=195
INF http m=GET p=/icon-512.png s=200 d=80µs s=6498
INF http m=GET p=/icon-192.png s=200 d=36µs s=2468
INF http m=GET p=/favicon.png s=200 d=40µs s=449
INF http m=GET p=/apple-touch-icon.png s=200 d=32µs s=2298
INF http m=GET p=/assets/material-symbols-names-mOXCVt15.js s=200 d=94µs s=15793
ERR Failed to add workspace submodule wsID=44649UNUM000 err="failed to add submodule 44649UNUM000: exit status 128\nOutput: Adding existing repo at '44649UNUM000' to the index\nfatal: Unable to create '/home/runner/work/mddb/mddb/data-e2e/.git/index.lock': File exists.\n\nAnother git process seems to be running in this repository, or the lock file may be stale\nfatal: Failed to add submodule '44649UNUM000'\n"
ERR Failed to commit DB changes err="failed to stage db changes: exit status 128\nOutput: fatal: Unable to create '/home/runner/work/mddb/mddb/data-e2e/.git/index.lock': File exists.\n\nAnother git process seems to be running in this repository, or the lock file may be stale\n"
INF http m=POST p=/api/v1/organizations/44649QIEQ000/workspaces s=200 d=62.3ms s=316
INF http m=GET p=/assets/fr-CgauyyXq.js s=200 d=79µs s=6301
INF http m=GET p=/assets/es-DHO8DnB9.js s=200 d=67µs s=6015
INF http m=GET p=/assets/emoji-groups-tsNE8Axz.js s=200 d=383µs s=13852
ERR Failed to add workspace submodule wsID=44649ULPA000 err="failed to add submodule 44649ULPA000: exit status 128\nOutput: Adding existing repo at '44649ULPA000' to the index\nfatal: Unable to create '/home/runner/work/mddb/mddb/data-e2e/.git/index.lock': File exists.\n\nAnother git process seems to be running in this repository, or the lock file may be stale\nfatal: Failed to add submodule '44649ULPA000'\n"
ERR Failed to commit DB changes err="failed to stage db changes: exit status 128\nOutput: fatal: Unable to create '/home/runner/work/mddb/mddb/data-e2e/.git/index.lock': File exists.\n\nAnother git process seems to be running in this repository, or the lock file may be stale\n"
ERR Failed to commit DB changes err="failed to stage db changes: exit status 128\nOutput: fatal: Unable to create '/home/runner/work/mddb/mddb/data-e2e/.git/index.lock': File exists.\n\nAnother git process seems to be running in this repository, or the lock file may be stale\n"
INF http m=POST p=/api/v1/organizations/44649UBMU000/workspaces s=200 d=127ms s=300
INF http m=POST p=/api/v1/auth/switch-workspace s=200 d=45.2ms s=614
ERR Failed to commit DB changes err="failed to stage db changes: exit status 128\nOutput: fatal: Unable to create '/home/runner/work/mddb/mddb/data-e2e/.git/index.lock': File exists.\n\nAnother git process seems to be running in this repository, or the lock file may be stale\n"
INF http m=POST p=/api/v1/auth/switch-workspace s=200 d=4ms s=612
INF http m=GET p=/assets/de-qJeflSp6.js s=200 d=74µs s=6245
INF http m=GET p=/api/v1/workspaces/44649ULPA000/nodes/0/children s=200 d=279µs s=26
INF http m=GET p=/assets/WorkspaceSettingsPanel-CsUOm22X.css s=200 d=29µs s=1025
INF http m=GET p=/api/v1/workspaces/44649QQDO000/events s=200 d=276ms s=93
INF http m=GET p=/api/v1/workspaces/44649ULPA000/members s=200 d=4.79ms s=126
INF http m=GET p=/api/v1/notifications/unread-count s=200 d=5.6ms s=25
INF http m=GET p=/assets/WorkspaceSettingsPanel-CM5oaFTF.js s=200 d=104µs s=4443
ERR Failed to commit DB changes err="failed to stage db changes: exit status 128\nOutput: fatal: Unable to create '/home/runner/work/mddb/mddb/data-e2e/.git/index.lock': File exists.\n\nAnother git process seems to be running in this repository, or the lock file may be stale\n"
INF http m=POST p=/api/v1/workspaces/44649ULPA000/nodes/0/page/create s=200 d=21ms s=35
INF http m=GET p=/api/v1/workspaces/44649ULPA000/nodes/0/children s=200 d=347µs s=257
INF http m=GET p=/assets/ServerSettingsPanel-pbgISWIv.css s=200 d=36µs s=596
INF http m=GET p=/api/v1/workspaces/44649ULPA000/nodes/44649VLCC000 s=200 d=612µs s=245
INF http m=GET p=/assets/ServerSettingsPanel-C8C6nm9a.js s=200 d=47µs s=2550
INF http m=GET p=/assets/ResourceQuotaForm-DTSj8Ta5.css s=200 d=38µs s=302
INF http m=GET p=/assets/Editor-BYBWY7b1.css s=200 d=76µs s=2240
INF http m=GET p=/assets/Editor-5FlZhQpN.js s=200 d=68µs s=13509
INF http m=GET p=/assets/ResourceQuotaForm-D6gJNn3N.js s=200 d=42µs s=812
INF http m=GET p=/api/v1/auth/me s=200 d=482µs s=405
INF http m=GET p=/api/v1/auth/me s=200 d=195µs s=364
INF http m=GET p=/assets/ProfileSettings-rthGIjGN.js s=200 d=63µs s=4319
INF http m=GET p=/assets/ProfileSettings-D5kbNfHV.css s=200 d=44µs s=1220
INF http m=GET p=/api/v1/notifications/unread-count s=200 d=762µs s=25
INF http m=GET p=/api/v1/workspaces/44649UNUM000/nodes/0/children s=200 d=836µs s=26
INF http m=GET p=/assets/OrgSettingsPanel-BP8s6T0h.css s=200 d=32µs s=511
INF http m=GET p=/api/v1/workspaces/44649UNUM000/members s=200 d=587µs s=122
INF http m=GET p=/api/v1/workspaces/44649ULPA000/events s=200 d=128ms s=202
ERR Failed to commit DB changes err="failed to stage db changes: exit status 128\nOutput: fatal: Unable to create '/home/runner/work/mddb/mddb/data-e2e/.git/index.lock': File exists.\n\nAnother git process seems to be running in this repository, or the lock file may be stale\n"
INF http m=POST p=/api/v1/workspaces/44649UNUM000/nodes/0/page/create s=200 d=34.8ms s=35
INF http m=GET p=/api/v1/workspaces/44649UNUM000/nodes/0/children s=200 d=246µs s=257
INF http m=GET p=/api/v1/workspaces/44649UNUM000/nodes/4464A0ERQ000 s=200 d=241µs s=245
INF http m=GET p=/api/v1/workspaces/44649UNUM000/events s=200 d=95.3ms s=208
ERR Failed to commit DB changes err="failed to stage db changes: exit status 128\nOutput: fatal: Unable to create '/home/runner/work/mddb/mddb/data-e2e/.git/index.lock': File exists.\n\nAnother git process seems to be running in this repository, or the lock file may be stale\n"
INF http m=POST p=/api/v1/auth/register s=200 d=141ms s=386
INF http m=GET p=/ s=200 d=58µs s=542
ERR Failed to commit DB changes err="failed to stage db changes: exit status 128\nOutput: fatal: Unable to create '/home/runner/work/mddb/mddb/data-e2e/.git/index.lock': File exists.\n\nAnother git process seems to be running in this repository, or the lock file may be stale\n"
INF http m=POST p=/api/v1/auth/register s=200 d=79.1ms s=394
INF http m=GET p=/ s=200 d=57µs s=542
INF http m=GET p=/assets/index-SHhnYNGf.js s=200 d=138µs s=49792
INF http m=GET p=/assets/index-DPQ8uk7g.css s=200 d=136µs s=12402
INF http m=GET p=/assets/editor-vendor-Bje_VwYD.js s=200 d=143µs s=117396
INF http m=GET p=/assets/vendor-C3WBU0hm.js s=200 d=215µs s=29762
INF http m=GET p=/registerSW.js s=200 d=28µs s=87
INF http m=GET p=/assets/index-SHhnYNGf.js s=200 d=183µs s=49792
INF http m=GET p=/registerSW.js s=200 d=24µs s=87
INF http m=GET p=/assets/index-DPQ8uk7g.css s=200 d=73µs s=12402
INF http m=GET p=/assets/editor-vendor-Bje_VwYD.js s=200 d=100µs s=117396
INF http m=GET p=/assets/vendor-C3WBU0hm.js s=200 d=60µs s=29762
INF http m=GET p=/assets/en-BOb8f2G7.js s=200 d=81µs s=5207
INF http m=GET p=/api/v1/auth/me s=200 d=212µs s=165
INF http m=GET p=/api/v1/notifications/unread-count s=200 d=170µs s=25
ERR Failed to commit DB changes err="failed to stage db changes: exit status 128\nOutput: fatal: Unable to create '/home/runner/work/mddb/mddb/data-e2e/.git/index.lock': File exists.\n\nAnother git process seems to be running in this repository, or the lock file may be stale\n"
INF http m=POST p=/api/v1/organizations s=200 d=9.68ms s=350
INF http m=GET p=/assets/en-BOb8f2G7.js s=200 d=95µs s=5207
INF http m=GET p=/api/v1/auth/me s=200 d=2.03ms s=162
INF http m=GET p=/api/v1/auth/me s=200 d=223µs s=248
INF http m=GET p=/api/v1/notifications/unread-count s=200 d=129µs s=25
INF http m=GET p=/favicon.png s=200 d=45µs s=449
INF http m=GET p=/favicon.png s=200 d=32µs s=449
INF http m=GET p=/sw.js s=200 d=86µs s=5540
INF http m=GET p=/sw.js s=200 d=122µs s=5540
ERR Failed to commit DB changes err="failed to stage db changes: exit status 128\nOutput: fatal: Unable to create '/home/runner/work/mddb/mddb/data-e2e/.git/index.lock': File exists.\n\nAnother git process seems to be running in this repository, or the lock file may be stale\n"
INF http m=POST p=/api/v1/organizations s=200 d=13ms s=349
INF http m=GET p=/registerSW.js s=200 d=37µs s=87
INF http m=GET p=/registerSW.js s=200 d=38µs s=87
INF http m=GET p=/index.html s=200 d=29µs s=542
INF http m=GET p=/api/v1/auth/me s=200 d=6.94ms s=246
INF http m=GET p=/icon.svg s=200 d=41µs s=195
INF http m=GET p=/icon-512.png s=200 d=102µs s=6498
INF http m=GET p=/index.html s=200 d=21µs s=542
INF http m=GET p=/icon.svg s=200 d=33µs s=195
INF http m=GET p=/icon-192.png s=200 d=30µs s=2468
INF http m=GET p=/icon-512.png s=200 d=121µs s=6498
INF http m=GET p=/favicon.png s=200 d=23µs s=449
INF http m=GET p=/icon-192.png s=200 d=60µs s=2468
INF http m=GET p=/apple-touch-icon.png s=200 d=38µs s=2298
INF http m=GET p=/favicon.png s=200 d=40µs s=449
INF http m=GET p=/assets/material-symbols-names-mOXCVt15.js s=200 d=87µs s=15793
INF http m=GET p=/apple-touch-icon.png s=200 d=39µs s=2298
ERR Failed to add workspace submodule wsID=4464A3PK0000 err="failed to add submodule 4464A3PK0000: exit status 128\nOutput: Adding existing repo at '4464A3PK0000' to the index\nfatal: Unable to create '/home/runner/work/mddb/mddb/data-e2e/.git/index.lock': File exists.\n\nAnother git process seems to be running in this repository, or the lock file may be stale\nfatal: Failed to add submodule '4464A3PK0000'\n"
ERR Failed to commit DB changes err="failed to stage db changes: exit status 128\nOutput: fatal: Unable to create '/home/runner/work/mddb/mddb/data-e2e/.git/index.lock': File exists.\n\nAnother git process seems to be running in this repository, or the lock file may be stale\n"
INF http m=POST p=/api/v1/organizations/4464A3D02000/workspaces s=200 d=156ms s=299
INF http m=GET p=/assets/fr-CgauyyXq.js s=200 d=111µs s=6301
INF http m=GET p=/assets/es-DHO8DnB9.js s=200 d=63µs s=6015
INF http m=GET p=/assets/emoji-groups-tsNE8Axz.js s=200 d=94µs s=13852
INF http m=GET p=/assets/material-symbols-names-mOXCVt15.js s=200 d=103µs s=15793
INF http m=GET p=/assets/de-qJeflSp6.js s=200 d=78µs s=6245
INF http m=GET p=/assets/WorkspaceSettingsPanel-CsUOm22X.css s=200 d=31µs s=1025
INF http m=GET p=/assets/WorkspaceSettingsPanel-CM5oaFTF.js s=200 d=50µs s=4443
INF http m=GET p=/assets/ServerSettingsPanel-pbgISWIv.css s=200 d=40µs s=596
INF http m=GET p=/assets/fr-CgauyyXq.js s=200 d=51µs s=6301
INF http m=GET p=/assets/ServerSettingsPanel-C8C6nm9a.js s=200 d=77µs s=2550
INF http m=GET p=/assets/es-DHO8DnB9.js s=200 d=51µs s=6015
INF http m=GET p=/assets/ResourceQuotaForm-DTSj8Ta5.css s=200 d=21µs s=302
ERR Failed to add workspace submodule wsID=4464A492E000 err="failed to add submodule 4464A492E000: exit status 128\nOutput: Adding existing repo at '4464A492E000' to the index\nfatal: Unable to create '/home/runner/work/mddb/mddb/data-e2e/.git/index.lock': File exists.\n\nAnother git process seems to be running in this repository, or the lock file may be stale\nfatal: Failed to add submodule '4464A492E000'\n"
INF http m=GET p=/assets/ResourceQuotaForm-D6gJNn3N.js s=200 d=22µs s=812
INF http m=GET p=/assets/ProfileSettings-rthGIjGN.js s=200 d=50µs s=4319
ERR Failed to commit DB changes err="failed to stage db changes: exit status 128\nOutput: fatal: Unable to create '/home/runner/work/mddb/mddb/data-e2e/.git/index.lock': File exists.\n\nAnother git process seems to be running in this repository, or the lock file may be stale\n"
INF http m=POST p=/api/v1/organizations/4464A3Q4E000/workspaces s=200 d=179ms s=294
INF http m=GET p=/assets/ProfileSettings-D5kbNfHV.css s=200 d=28µs s=1220
INF http m=GET p=/assets/emoji-groups-tsNE8Axz.js s=200 d=71µs s=13852
ERR Failed to commit DB changes err="failed to stage db changes: exit status 128\nOutput: fatal: Unable to create '/home/runner/work/mddb/mddb/data-e2e/.git/index.lock': File exists.\n\nAnother git process seems to be running in this repository, or the lock file may be stale\n"
INF http m=POST p=/api/v1/auth/switch-workspace s=200 d=111ms s=567
INF http m=GET p=/assets/OrgSettingsPanel-BP8s6T0h.css s=200 d=35µs s=511
ERR Failed to commit DB changes err="failed to stage db changes: exit status 128\nOutput: fatal: Unable to create '/home/runner/work/mddb/mddb/data-e2e/.git/index.lock': File exists.\n\nAnother git process seems to be running in this repository, or the lock file may be stale\n"
INF http m=POST p=/api/v1/auth/switch-workspace s=200 d=21.8ms s=599
INF http m=GET p=/assets/OrgSettingsPanel-B78NX7Vn.js s=200 d=49µs s=2302
INF http m=GET p=/assets/InviteForm-R7w4u6kW.js s=200 d=56µs s=1267
INF http m=GET p=/api/v1/workspaces/4464A3PK0000/nodes/0/children s=200 d=293µs s=26
INF http m=GET p=/api/v1/notifications/unread-count s=200 d=5.63ms s=25
INF http m=GET p=/api/v1/workspaces/4464A3PK0000/members s=200 d=5.42ms s=130
INF http m=GET p=/api/v1/workspaces/4464A492E000/members s=200 d=8.6ms s=124
INF http m=GET p=/api/v1/workspaces/4464A492E000/nodes/0/children s=200 d=11ms s=26
INF http m=GET p=/assets/InviteForm-CW-wgFWD.css s=200 d=32µs s=414
INF http m=GET p=/api/v1/notifications/unread-count s=200 d=11.4ms s=25
INF http m=GET p=/assets/Editor-BYBWY7b1.css s=200 d=84µs s=2240
INF http m=GET p=/assets/Editor-5FlZhQpN.js s=200 d=83µs s=13509
INF http m=GET p=/assets/AdminDashboard-R0heLGro.css s=200 d=33µs s=601
INF http m=GET p=/assets/de-qJeflSp6.js s=200 d=119µs s=6245
ERR Failed to commit DB changes err="failed to stage db changes: exit status 128\nOutput: fatal: Unable to create '/home/runner/work/mddb/mddb/data-e2e/.git/index.lock': File exists.\n\nAnother git process seems to be running in this repository, or the lock file may be stale\n"
INF http m=POST p=/api/v1/workspaces/4464A3PK0000/nodes/0/page/create s=200 d=45.7ms s=35
INF http m=GET p=/api/v1/workspaces/4464A3PK0000/nodes/0/children s=200 d=572µs s=257
INF http m=GET p=/assets/AdminDashboard-D3Sw1IyX.js s=200 d=76µs s=2075
ERR Failed to commit DB changes err="failed to stage db changes: exit status 128\nOutput: fatal: Unable to create '/home/runner/work/mddb/mddb/data-e2e/.git/index.lock': File exists.\n\nAnother git process seems to be running in this repository, or the lock file may be stale\n"
INF http m=GET p=/assets/WorkspaceSettingsPanel-CsUOm22X.css s=200 d=29µs s=1025
INF http m=POST p=/api/v1/workspaces/4464A492E000/nodes/0/page/create s=200 d=28.6ms s=35
INF http m=GET p=/api/v1/workspaces/4464A3PK0000/nodes/4464A5P78000 s=200 d=561µs s=245
INF http m=GET p=/api/v1/workspaces/4464A492E000/nodes/0/children s=200 d=8.04ms s=257
INF http m=GET p=/assets/WorkspaceSettingsPanel-CM5oaFTF.js s=200 d=67µs s=4443
INF http m=GET p=/manifest.webmanifest s=200 d=21µs s=199
INF http m=GET p=/assets/ServerSettingsPanel-pbgISWIv.css s=200 d=31µs s=596
INF http m=GET p=/api/v1/workspaces/4464A492E000/nodes/4464A5UAQ000 s=200 d=576µs s=245
INF http m=GET p=/assets/ServerSettingsPanel-C8C6nm9a.js s=200 d=113µs s=2550
INF http m=GET p=/assets/Editor-5FlZhQpN.js s=200 d=102µs s=13509
INF http m=GET p=/assets/Editor-BYBWY7b1.css s=200 d=100µs s=2240
INF http m=GET p=/assets/ResourceQuotaForm-DTSj8Ta5.css s=200 d=52µs s=302
INF http m=GET p=/assets/ResourceQuotaForm-D6gJNn3N.js s=200 d=46µs s=812
INF http m=GET p=/assets/ProfileSettings-rthGIjGN.js s=200 d=91µs s=4319
INF http m=GET p=/assets/ProfileSettings-D5kbNfHV.css s=200 d=37µs s=1220
INF http m=GET p=/assets/OrgSettingsPanel-BP8s6T0h.css s=200 d=31µs s=511
INF http m=GET p=/assets/OrgSettingsPanel-B78NX7Vn.js s=200 d=62µs s=2302
INF http m=GET p=/assets/InviteForm-R7w4u6kW.js s=200 d=57µs s=1267
INF http m=GET p=/assets/InviteForm-CW-wgFWD.css s=200 d=52µs s=414
INF http m=GET p=/api/v1/workspaces/4464A3PK0000/events s=200 d=209ms s=201
INF http m=GET p=/assets/AdminDashboard-R0heLGro.css s=200 d=58µs s=601
INF http m=GET p=/assets/AdminDashboard-D3Sw1IyX.js s=200 d=59µs s=2075
INF http m=GET p=/manifest.webmanifest s=200 d=44µs s=199
INF http m=GET p=/api/v1/workspaces/4464A492E000/events s=200 d=239ms s=201
ERR Failed to commit DB changes err="failed to stage db changes: exit status 128\nOutput: fatal: Unable to create '/home/runner/work/mddb/mddb/data-e2e/.git/index.lock': File exists.\n\nAnother git process seems to be running in this repository, or the lock file may be stale\n"
INF http m=POST p=/api/v1/auth/register s=200 d=115ms s=397
ERR Failed to commit DB changes err="failed to stage db changes: exit status 128\nOutput: fatal: Unable to create '/home/runner/work/mddb/mddb/data-e2e/.git/index.lock': File exists.\n\nAnother git process seems to be running in this repository, or the lock file may be stale\n"
INF http m=POST p=/api/v1/auth/register s=200 d=77.2ms s=393
INF http m=GET p=/ s=200 d=47µs s=542
INF http m=GET p=/ s=200 d=46µs s=542
INF http m=GET p=/assets/index-DPQ8uk7g.css s=200 d=137µs s=12402
INF http m=GET p=/assets/index-DPQ8uk7g.css s=200 d=75µs s=12402
INF http m=GET p=/assets/index-SHhnYNGf.js s=200 d=101µs s=49792
INF http m=GET p=/registerSW.js s=200 d=26µs s=87
INF http m=GET p=/registerSW.js s=200 d=47µs s=87
INF http m=GET p=/assets/vendor-C3WBU0hm.js s=200 d=88µs s=29762
INF http m=GET p=/assets/index-SHhnYNGf.js s=200 d=101µs s=49792
INF http m=GET p=/assets/vendor-C3WBU0hm.js s=200 d=105µs s=29762
INF http m=GET p=/assets/editor-vendor-Bje_VwYD.js s=200 d=142µs s=117396
INF http m=GET p=/assets/editor-vendor-Bje_VwYD.js s=200 d=122µs s=117396
INF http m=GET p=/assets/en-BOb8f2G7.js s=200 d=87µs s=5207
INF http m=GET p=/api/v1/auth/me s=200 d=2.55ms s=166
INF http m=GET p=/assets/en-BOb8f2G7.js s=200 d=98µs s=5207
INF http m=GET p=/api/v1/auth/me s=200 d=565µs s=162
INF http m=GET p=/api/v1/notifications/unread-count s=200 d=165µs s=25
INF http m=GET p=/api/v1/notifications/unread-count s=200 d=178µs s=25
INF http m=GET p=/favicon.png s=200 d=30µs s=449
ERR Failed to commit DB changes err="failed to stage db changes: exit status 128\nOutput: fatal: Unable to create '/home/runner/work/mddb/mddb/data-e2e/.git/index.lock': File exists.\n\nAnother git process seems to be running in this repository, or the lock file may be stale\n"
INF http m=POST p=/api/v1/organizations s=200 d=11.4ms s=352
ERR Failed to commit DB changes err="failed to stage db changes: exit status 128\nOutput: fatal: Unable to create '/home/runner/work/mddb/mddb/data-e2e/.git/index.lock': File exists.\n\nAnother git process seems to be running in this repository, or the lock file may be stale\n"
INF http m=GET p=/sw.js s=200 d=72µs s=5540
INF http m=POST p=/api/v1/organizations s=200 d=9.21ms s=351
INF http m=GET p=/api/v1/auth/me s=200 d=562µs s=252
INF http m=GET p=/sw.js s=200 d=108µs s=5540
INF http m=GET p=/api/v1/auth/me s=200 d=4.65ms s=251
INF http m=GET p=/favicon.png s=200 d=32µs s=449
INF http m=GET p=/registerSW.js s=200 d=23µs s=87
INF http m=GET p=/registerSW.js s=200 d=27µs s=87
INF http m=GET p=/index.html s=200 d=29µs s=542
INF http m=GET p=/icon.svg s=200 d=27µs s=195
INF http m=GET p=/index.html s=200 d=36µs s=542
INF http m=GET p=/icon-512.png s=200 d=103µs s=6498
INF http m=GET p=/icon-192.png s=200 d=43µs s=2468
INF http m=GET p=/icon.svg s=200 d=21µs s=195
INF http m=GET p=/icon-512.png s=200 d=97µs s=6498
INF http m=GET p=/favicon.png s=200 d=18µs s=449
INF http m=GET p=/icon-192.png s=200 d=34µs s=2468
INF http m=GET p=/favicon.png s=200 d=43µs s=449
INF http m=GET p=/apple-touch-icon.png s=200 d=34µs s=2298
INF http m=GET p=/apple-touch-icon.png s=200 d=33µs s=2298
INF http m=GET p=/assets/material-symbols-names-mOXCVt15.js s=200 d=101µs s=15793
INF http m=GET p=/assets/material-symbols-names-mOXCVt15.js s=200 d=72µs s=15793
ERR Failed to add workspace submodule wsID=4464AAOS0000 err="failed to add submodule 4464AAOS0000: exit status 128\nOutput: Adding existing repo at '4464AAOS0000' to the index\nfatal: Unable to create '/home/runner/work/mddb/mddb/data-e2e/.git/index.lock': File exists.\n\nAnother git process seems to be running in this repository, or the lock file may be stale\nfatal: Failed to add submodule '4464AAOS0000'\n"
ERR Failed to commit DB changes err="failed to stage db changes: exit status 128\nOutput: fatal: Unable to create '/home/runner/work/mddb/mddb/data-e2e/.git/index.lock': File exists.\n\nAnother git process seems to be running in this repository, or the lock file may be stale\n"
INF http m=POST p=/api/v1/organizations/4464AAFE6000/workspaces s=200 d=123ms s=300
INF http m=GET p=/assets/fr-CgauyyXq.js s=200 d=138µs s=6301
INF http m=GET p=/assets/es-DHO8DnB9.js s=200 d=58µs s=6015
INF http m=GET p=/assets/fr-CgauyyXq.js s=200 d=56µs s=6301
INF http m=GET p=/assets/es-DHO8DnB9.js s=200 d=75µs s=6015
INF http m=GET p=/assets/emoji-groups-tsNE8Axz.js s=200 d=103µs s=13852
INF http m=GET p=/assets/emoji-groups-tsNE8Axz.js s=200 d=64µs s=13852
ERR Failed to add workspace submodule wsID=4464AAUP6000 err="failed to add submodule 4464AAUP6000: exit status 128\nOutput: Adding existing repo at '4464AAUP6000' to the index\nfatal: Unable to create '/home/runner/work/mddb/mddb/data-e2e/.git/index.lock': File exists.\n\nAnother git process seems to be running in this repository, or the lock file may be stale\nfatal: Failed to add submodule '4464AAUP6000'\n"
ERR Failed to commit DB changes err="failed to stage db changes: exit status 128\nOutput: fatal: Unable to create '/home/runner/work/mddb/mddb/data-e2e/.git/index.lock': File exists.\n\nAnother git process seems to be running in this repository, or the lock file may be stale\n"
INF http m=POST p=/api/v1/organizations/4464AAJ7S000/workspaces s=200 d=165ms s=299
ERR Failed to commit DB changes err="failed to stage db changes: exit status 128\nOutput: fatal: Unable to create '/home/runner/work/mddb/mddb/data-e2e/.git/index.lock': File exists.\n\nAnother git process seems to be running in this repository, or the lock file may be stale\n"
INF http m=POST p=/api/v1/auth/switch-workspace s=200 d=69.5ms s=571
ERR Failed to commit DB changes err="failed to stage db changes: exit status 128\nOutput: fatal: Unable to create '/home/runner/work/mddb/mddb/data-e2e/.git/index.lock': File exists.\n\nAnother git process seems to be running in this repository, or the lock file may be stale\n"
INF http m=POST p=/api/v1/auth/switch-workspace s=200 d=16.8ms s=613
INF http m=GET p=/api/v1/notifications/unread-count s=200 d=501µs s=25
INF http m=GET p=/api/v1/workspaces/4464AAOS0000/nodes/0/children s=200 d=617µs s=26
INF http m=GET p=/api/v1/workspaces/4464AAOS0000/members s=200 d=1.91ms s=130
INF http m=GET p=/api/v1/notifications/unread-count s=200 d=326µs s=25
INF http m=GET p=/api/v1/workspaces/4464AAUP6000/members s=200 d=214µs s=126
INF http m=GET p=/api/v1/workspaces/4464AAUP6000/nodes/0/children s=200 d=2.77ms s=26
INF http m=GET p=/assets/de-qJeflSp6.js s=200 d=96µs s=6245
INF http m=GET p=/assets/de-qJeflSp6.js s=200 d=69µs s=6245
INF http m=GET p=/assets/WorkspaceSettingsPanel-CsUOm22X.css s=200 d=44µs s=1025
INF http m=GET p=/assets/WorkspaceSettingsPanel-CM5oaFTF.js s=200 d=114µs s=4443
INF http m=GET p=/assets/ServerSettingsPanel-pbgISWIv.css s=200 d=22µs s=596
INF http m=GET p=/assets/WorkspaceSettingsPanel-CsUOm22X.css s=200 d=26µs s=1025
INF http m=GET p=/assets/ServerSettingsPanel-C8C6nm9a.js s=200 d=36µs s=2550
INF http m=GET p=/assets/WorkspaceSettingsPanel-CM5oaFTF.js s=200 d=78µs s=4443
INF http m=GET p=/assets/ResourceQuotaForm-DTSj8Ta5.css s=200 d=24µs s=302
ERR Failed to commit DB changes err="failed to stage db changes: exit status 128\nOutput: fatal: Unable to create '/home/runner/work/mddb/mddb/data-e2e/.git/index.lock': File exists.\n\nAnother git process seems to be running in this repository, or the lock file may be stale\n"
INF http m=POST p=/api/v1/workspaces/4464AAOS0000/nodes/0/page/create s=200 d=31.8ms s=35
INF http m=GET p=/assets/ServerSettingsPanel-pbgISWIv.css s=200 d=30µs s=596
INF http m=GET p=/api/v1/workspaces/4464AAOS0000/nodes/0/children s=200 d=667µs s=257
INF http m=GET p=/assets/ServerSettingsPanel-C8C6nm9a.js s=200 d=60µs s=2550
INF http m=GET p=/assets/ResourceQuotaForm-D6gJNn3N.js s=200 d=21µs s=812
INF http m=GET p=/assets/ResourceQuotaForm-DTSj8Ta5.css s=200 d=20µs s=302
INF http m=GET p=/assets/ProfileSettings-rthGIjGN.js s=200 d=50µs s=4319
INF http m=GET p=/assets/ResourceQuotaForm-D6gJNn3N.js s=200 d=22µs s=812
INF http m=GET p=/assets/ProfileSettings-rthGIjGN.js s=200 d=60µs s=4319
INF http m=GET p=/assets/ProfileSettings-D5kbNfHV.css s=200 d=21µs s=1220
INF http m=GET p=/api/v1/workspaces/4464AAOS0000/nodes/4464ACC0C000 s=200 d=1.8ms s=245
INF http m=GET p=/assets/ProfileSettings-D5kbNfHV.css s=200 d=29µs s=1220
ERR Failed to commit DB changes err="failed to stage db changes: exit status 128\nOutput: fatal: Unable to create '/home/runner/work/mddb/mddb/data-e2e/.git/index.lock': File exists.\n\nAnother git process seems to be running in this repository, or the lock file may be stale\n"
INF http m=POST p=/api/v1/workspaces/4464AAUP6000/nodes/0/page/create s=200 d=29.8ms s=35
INF http m=GET p=/assets/OrgSettingsPanel-BP8s6T0h.css s=200 d=31µs s=511
INF http m=GET p=/api/v1/workspaces/4464AAUP6000/nodes/0/children s=200 d=589µs s=257
INF http m=GET p=/assets/Editor-BYBWY7b1.css s=200 d=93µs s=2240
INF http m=GET p=/assets/OrgSettingsPanel-BP8s6T0h.css s=200 d=25µs s=511
INF http m=GET p=/assets/Editor-5FlZhQpN.js s=200 d=554µs s=13509
INF http m=GET p=/api/v1/workspaces/4464AAUP6000/nodes/4464ACIFU000 s=200 d=557µs s=245
INF http m=GET p=/assets/OrgSettingsPanel-B78NX7Vn.js s=200 d=35µs s=2302
INF http m=GET p=/assets/OrgSettingsPanel-B78NX7Vn.js s=200 d=213µs s=2302
INF http m=GET p=/assets/InviteForm-R7w4u6kW.js s=200 d=20µs s=1267
INF http m=GET p=/assets/Editor-5FlZhQpN.js s=200 d=69µs s=13509
INF http m=GET p=/assets/Editor-BYBWY7b1.css s=200 d=77µs s=2240
INF http m=GET p=/assets/InviteForm-R7w4u6kW.js s=200 d=15µs s=1267
INF http m=GET p=/assets/InviteForm-CW-wgFWD.css s=200 d=34µs s=414
INF http m=GET p=/assets/InviteForm-CW-wgFWD.css s=200 d=46µs s=414
INF http m=GET p=/assets/AdminDashboard-R0heLGro.css s=200 d=40µs s=601
INF http m=GET p=/assets/AdminDashboard-D3Sw1IyX.js s=200 d=112µs s=2075
INF http m=GET p=/manifest.webmanifest s=200 d=25µs s=199
INF http m=GET p=/assets/AdminDashboard-R0heLGro.css s=200 d=28µs s=601
INF http m=GET p=/assets/AdminDashboard-D3Sw1IyX.js s=200 d=32µs s=2075
INF http m=GET p=/api/v1/workspaces/4464AAUP6000/events s=200 d=112ms s=207
INF http m=GET p=/manifest.webmanifest s=200 d=21µs s=199
INF http m=GET p=/api/v1/notifications/unread-count s=200 d=181µs s=25
INF http m=GET p=/api/v1/workspaces/4464AAOS0000/events s=200 d=212ms s=201
INF http m=GET p=/api/v1/auth/providers s=200 d=299µs s=59
INF http m=GET p=/api/v1/notifications/preferences s=200 d=490µs s=127
INF http m=GET p=/settings/user s=200 d=49µs s=542
ERR Failed to commit DB changes err="failed to stage db changes: exit status 128\nOutput: fatal: Unable to create '/home/runner/work/mddb/mddb/data-e2e/.git/index.lock': File exists.\n\nAnother git process seems to be running in this repository, or the lock file may be stale\n"
INF http m=POST p=/api/v1/auth/register s=200 d=66.9ms s=402
INF http m=GET p=/ s=200 d=73µs s=542
INF http m=GET p=/assets/vendor-C3WBU0hm.js s=200 d=172µs s=29762
INF http m=GET p=/registerSW.js s=200 d=31µs s=87
INF http m=GET p=/assets/index-DPQ8uk7g.css s=200 d=67µs s=12402
INF http m=GET p=/assets/editor-vendor-Bje_VwYD.js s=200 d=153µs s=117396
INF http m=GET p=/assets/index-SHhnYNGf.js s=200 d=98µs s=49792
INF http m=GET p=/api/v1/auth/me s=200 d=644µs s=351
INF http m=GET p=/api/v1/notifications/unread-count s=200 d=198µs s=25
INF http m=GET p=/api/v1/auth/providers s=200 d=285µs s=59
INF http m=GET p=/api/v1/notifications/preferences s=200 d=488µs s=127
INF http m=GET p=/api/v1/auth/me s=200 d=530µs s=167
INF http m=GET p=/assets/en-BOb8f2G7.js s=200 d=64µs s=5207
INF http m=GET p=/api/v1/notifications/unread-count s=200 d=177µs s=25
INF http m=GET p=/favicon.png s=200 d=39µs s=449
ERR Failed to commit DB changes err="failed to stage db changes: exit status 128\nOutput: fatal: Unable to create '/home/runner/work/mddb/mddb/data-e2e/.git/index.lock': File exists.\n\nAnother git process seems to be running in this repository, or the lock file may be stale\n"
INF http m=POST p=/api/v1/organizations s=200 d=11.1ms s=354
INF http m=GET p=/api/v1/auth/me s=200 d=532µs s=251
INF http m=GET p=/sw.js s=200 d=84µs s=5540
INF http m=GET p=/registerSW.js s=200 d=45µs s=87
INF http m=GET p=/index.html s=200 d=42µs s=542
INF http m=GET p=/icon.svg s=200 d=921µs s=195
INF http m=GET p=/icon-512.png s=200 d=86µs s=6498
INF http m=GET p=/icon-192.png s=200 d=83µs s=2468
INF http m=GET p=/favicon.png s=200 d=56µs s=449
INF http m=GET p=/apple-touch-icon.png s=200 d=54µs s=2298
INF http m=GET p=/assets/material-symbols-names-mOXCVt15.js s=200 d=102µs s=15793
ERR Failed to add workspace submodule wsID=4464AFN0A000 err="failed to add submodule 4464AFN0A000: exit status 128\nOutput: Adding existing repo at '4464AFN0A000' to the index\nfatal: Unable to create '/home/runner/work/mddb/mddb/data-e2e/.git/index.lock': File exists.\n\nAnother git process seems to be running in this repository, or the lock file may be stale\nfatal: Failed to add submodule '4464AFN0A000'\n"
ERR Failed to commit DB changes err="failed to stage db changes: exit status 128\nOutput: fatal: Unable to create '/home/runner/work/mddb/mddb/data-e2e/.git/index.lock': File exists.\n\nAnother git process seems to be running in this repository, or the lock file may be stale\n"
INF http m=POST p=/api/v1/organizations/4464AFGF0000/workspaces s=200 d=150ms s=300
ERR Failed to commit DB changes err="failed to stage db changes: exit status 128\nOutput: fatal: Unable to create '/home/runner/work/mddb/mddb/data-e2e/.git/index.lock': File exists.\n\nAnother git process seems to be running in this repository, or the lock file may be stale\n"
INF http m=POST p=/api/v1/auth/switch-workspace s=200 d=8.45ms s=570
INF http m=GET p=/assets/fr-CgauyyXq.js s=200 d=89µs s=6301
INF http m=GET p=/api/v1/notifications/unread-count s=200 d=1.17ms s=25
INF http m=GET p=/api/v1/workspaces/4464AFN0A000/nodes/0/children s=200 d=535µs s=26
INF http m=GET p=/api/v1/workspaces/4464AFN0A000/members s=200 d=295µs s=121
INF http m=GET p=/assets/es-DHO8DnB9.js s=200 d=82µs s=6015
INF http m=GET p=/assets/emoji-groups-tsNE8Axz.js s=200 d=136µs s=13852
ERR Failed to commit DB changes err="failed to stage db changes: exit status 128\nOutput: fatal: Unable to create '/home/runner/work/mddb/mddb/data-e2e/.git/index.lock': File exists.\n\nAnother git process seems to be running in this repository, or the lock file may be stale\n"
INF http m=POST p=/api/v1/workspaces/4464AFN0A000/nodes/0/page/create s=200 d=43.4ms s=35
INF http m=GET p=/api/v1/workspaces/4464AFN0A000/nodes/0/children s=200 d=308µs s=257
INF http m=GET p=/api/v1/workspaces/4464AFN0A000/nodes/4464AH4M6000 s=200 d=399µs s=245
INF http m=GET p=/assets/Editor-BYBWY7b1.css s=200 d=56µs s=2240
INF http m=GET p=/assets/Editor-5FlZhQpN.js s=200 d=150µs s=13509
INF http m=GET p=/assets/de-qJeflSp6.js s=200 d=69µs s=6245
INF http m=GET p=/assets/WorkspaceSettingsPanel-CsUOm22X.css s=200 d=49µs s=1025
ERR Failed to commit DB changes err="failed to stage db changes: exit status 128\nOutput: fatal: Unable to create '/home/runner/work/mddb/mddb/data-e2e/.git/index.lock': File exists.\n\nAnother git process seems to be running in this repository, or the lock file may be stale\n"
INF http m=GET p=/assets/WorkspaceSettingsPanel-CM5oaFTF.js s=200 d=71µs s=4443
INF http m=POST p=/api/v1/auth/register s=200 d=92ms s=390
INF http m=GET p=/assets/ServerSettingsPanel-pbgISWIv.css s=200 d=36µs s=596
INF http m=GET p=/ s=200 d=40µs s=542
INF http m=GET p=/assets/ServerSettingsPanel-C8C6nm9a.js s=200 d=37µs s=2550
INF http m=GET p=/assets/ResourceQuotaForm-DTSj8Ta5.css s=200 d=36µs s=302
INF http m=GET p=/assets/ResourceQuotaForm-D6gJNn3N.js s=200 d=219µs s=812
INF http m=GET p=/assets/index-SHhnYNGf.js s=200 d=155µs s=49792
INF http m=GET p=/assets/index-DPQ8uk7g.css s=200 d=107µs s=12402
INF http m=GET p=/assets/editor-vendor-Bje_VwYD.js s=200 d=192µs s=117396
INF http m=GET p=/assets/ProfileSettings-rthGIjGN.js s=200 d=39µs s=4319
INF http m=GET p=/assets/vendor-C3WBU0hm.js s=200 d=104µs s=29762
INF http m=GET p=/registerSW.js s=200 d=254µs s=87
INF http m=GET p=/assets/ProfileSettings-D5kbNfHV.css s=200 d=28µs s=1220
INF http m=GET p=/assets/InviteForm-R7w4u6kW.js s=200 d=32µs s=1267
INF http m=GET p=/assets/InviteForm-CW-wgFWD.css s=200 d=19µs s=414
INF http m=GET p=/assets/OrgSettingsPanel-BP8s6T0h.css s=200 d=35µs s=511
INF http m=GET p=/assets/OrgSettingsPanel-B78NX7Vn.js s=200 d=33µs s=2302
INF http m=GET p=/api/v1/notifications/unread-count s=200 d=543µs s=25
INF http m=GET p=/api/v1/workspaces/4464AFN0A000/events s=200 d=238ms s=201
INF http m=GET p=/api/v1/organizations/4464AFGF0000/users s=200 d=1.17ms s=325
INF http m=GET p=/api/v1/workspaces/4464AFN0A000/invitations s=200 d=525µs s=34
INF http m=GET p=/assets/AdminDashboard-R0heLGro.css s=200 d=44µs s=601
INF http m=GET p=/assets/AdminDashboard-D3Sw1IyX.js s=200 d=29µs s=2075
INF http m=GET p=/manifest.webmanifest s=200 d=42µs s=199
INF http m=GET p=/api/v1/auth/me s=200 d=552µs s=166
INF http m=GET p=/assets/en-BOb8f2G7.js s=200 d=51µs s=5207
INF http m=GET p=/api/v1/notifications/unread-count s=200 d=2.95ms s=25
INF http m=GET p=/sw.js s=200 d=93µs s=5540
ERR Failed to commit DB changes err="failed to stage db changes: exit status 128\nOutput: fatal: Unable to create '/home/runner/work/mddb/mddb/data-e2e/.git/index.lock': File exists.\n\nAnother git process seems to be running in this repository, or the lock file may be stale\n"
INF http m=POST p=/api/v1/organizations s=200 d=9.44ms s=353
INF http m=GET p=/favicon.png s=200 d=47µs s=449
INF http m=GET p=/api/v1/auth/me s=200 d=4.66ms s=252
INF http m=GET p=/registerSW.js s=200 d=37µs s=87
INF http m=GET p=/index.html s=200 d=38µs s=542
INF http m=GET p=/icon.svg s=200 d=34µs s=195
INF http m=GET p=/icon-512.png s=200 d=108µs s=6498
INF http m=GET p=/icon-192.png s=200 d=52µs s=2468
INF http m=GET p=/favicon.png s=200 d=33µs s=449
INF http m=GET p=/apple-touch-icon.png s=200 d=44µs s=2298
INF http m=GET p=/assets/material-symbols-names-mOXCVt15.js s=200 d=126µs s=15793
ERR Failed to add workspace submodule wsID=4464AJBSO000 err="failed to add submodule 4464AJBSO000: exit status 128\nOutput: Adding existing repo at '4464AJBSO000' to the index\nfatal: Unable to create '/home/runner/work/mddb/mddb/data-e2e/.git/index.lock': File exists.\n\nAnother git process seems to be running in this repository, or the lock file may be stale\nfatal: Failed to add submodule '4464AJBSO000'\n"
INF http m=GET p=/assets/fr-CgauyyXq.js s=200 d=74µs s=6301
ERR Failed to commit DB changes err="failed to stage db changes: exit status 128\nOutput: fatal: Unable to create '/home/runner/work/mddb/mddb/data-e2e/.git/index.lock': File exists.\n\nAnother git process seems to be running in this repository, or the lock file may be stale\n"
INF http m=POST p=/api/v1/organizations/4464AIVNA000/workspaces s=200 d=131ms s=303
INF http m=GET p=/assets/es-DHO8DnB9.js s=200 d=114µs s=6015
ERR Failed to commit DB changes err="failed to stage db changes: exit status 128\nOutput: fatal: Unable to create '/home/runner/work/mddb/mddb/data-e2e/.git/index.lock': File exists.\n\nAnother git process seems to be running in this repository, or the lock file may be stale\n"
INF http m=POST p=/api/v1/auth/switch-workspace s=200 d=16.2ms s=572
INF http m=GET p=/assets/emoji-groups-tsNE8Axz.js s=200 d=108µs s=13852
INF http m=GET p=/api/v1/notifications/unread-count s=200 d=171µs s=25
INF http m=GET p=/api/v1/workspaces/4464AJBSO000/nodes/0/children s=200 d=277µs s=26
INF http m=GET p=/api/v1/workspaces/4464AJBSO000/members s=200 d=10.3ms s=128
ERR Failed to commit DB changes err="failed to stage db changes: exit status 128\nOutput: fatal: Unable to create '/home/runner/work/mddb/mddb/data-e2e/.git/index.lock': File exists.\n\nAnother git process seems to be running in this repository, or the lock file may be stale\n"
INF http m=POST p=/api/v1/workspaces/4464AJBSO000/nodes/0/page/create s=200 d=36.5ms s=35
INF http m=GET p=/api/v1/workspaces/4464AJBSO000/nodes/0/children s=200 d=527µs s=257
INF http m=GET p=/assets/de-qJeflSp6.js s=200 d=106µs s=6245
INF http m=GET p=/api/v1/workspaces/4464AJBSO000/events s=200 d=89.4ms s=202
ERR Failed to commit DB changes err="failed to stage db changes: exit status 128\nOutput: fatal: Unable to create '/home/runner/work/mddb/mddb/data-e2e/.git/index.lock': File exists.\n\nAnother git process seems to be running in this repository, or the lock file may be stale\n"
INF http m=POST p=/api/v1/auth/register s=200 d=155ms s=390
INF http m=GET p=/ s=200 d=63µs s=542
INF http m=GET p=/assets/index-SHhnYNGf.js s=200 d=158µs s=49792
INF http m=GET p=/assets/editor-vendor-Bje_VwYD.js s=200 d=158µs s=117396
INF http m=GET p=/assets/index-DPQ8uk7g.css s=200 d=88µs s=12402
INF http m=GET p=/registerSW.js s=200 d=37µs s=87
INF http m=GET p=/assets/vendor-C3WBU0hm.js s=200 d=122µs s=29762
INF http m=GET p=/api/v1/auth/me s=200 d=511µs s=167
INF http m=GET p=/assets/en-BOb8f2G7.js s=200 d=68µs s=5207
INF http m=GET p=/api/v1/notifications/unread-count s=200 d=167µs s=25
INF http m=GET p=/favicon.png s=200 d=45µs s=449
ERR Failed to commit DB changes err="failed to stage db changes: exit status 128\nOutput: fatal: Unable to create '/home/runner/work/mddb/mddb/data-e2e/.git/index.lock': File exists.\n\nAnother git process seems to be running in this repository, or the lock file may be stale\n"
INF http m=POST p=/api/v1/organizations s=200 d=9.1ms s=353
INF http m=GET p=/api/v1/auth/me s=200 d=543µs s=253
INF http m=GET p=/sw.js s=200 d=88µs s=5540
INF http m=GET p=/registerSW.js s=200 d=47µs s=87
INF http m=GET p=/index.html s=200 d=72µs s=542
INF http m=GET p=/icon.svg s=200 d=31µs s=195
INF http m=GET p=/icon-512.png s=200 d=88µs s=6498
INF http m=GET p=/icon-192.png s=200 d=33µs s=2468
INF http m=GET p=/favicon.png s=200 d=36µs s=449
INF http m=GET p=/apple-touch-icon.png s=200 d=43µs s=2298
INF http m=GET p=/assets/material-symbols-names-mOXCVt15.js s=200 d=94µs s=15793
ERR Failed to add workspace submodule wsID=4464AMFJG000 err="failed to add submodule 4464AMFJG000: exit status 128\nOutput: Adding existing repo at '4464AMFJG000' to the index\nfatal: Unable to create '/home/runner/work/mddb/mddb/data-e2e/.git/index.lock': File exists.\n\nAnother git process seems to be running in this repository, or the lock file may be stale\nfatal: Failed to add submodule '4464AMFJG000'\n"
ERR Failed to commit DB changes err="failed to stage db changes: exit status 128\nOutput: fatal: Unable to create '/home/runner/work/mddb/mddb/data-e2e/.git/index.lock': File exists.\n\nAnother git process seems to be running in this repository, or the lock file may be stale\n"
INF http m=POST p=/api/v1/auth/register s=200 d=149ms s=395
ERR Failed to commit DB changes err="failed to stage db changes: exit status 128\nOutput: fatal: Unable to create '/home/runner/work/mddb/mddb/data-e2e/.git/index.lock': File exists.\n\nAnother git process seems to be running in this repository, or the lock file may be stale\n"
INF http m=POST p=/api/v1/organizations/4464AMAAM000/workspaces s=200 d=92.2ms s=304
INF http m=GET p=/ s=200 d=68µs s=542
ERR Failed to commit DB changes err="failed to stage db changes: exit status 128\nOutput: fatal: Unable to create '/home/runner/work/mddb/mddb/data-e2e/.git/index.lock': File exists.\n\nAnother git process seems to be running in this repository, or the lock file may be stale\n"
INF http m=POST p=/api/v1/auth/switch-workspace s=200 d=12ms s=603
INF http m=GET p=/registerSW.js s=200 d=46µs s=87
INF http m=GET p=/assets/vendor-C3WBU0hm.js s=200 d=133µs s=29762
INF http m=GET p=/assets/index-SHhnYNGf.js s=200 d=86µs s=49792
INF http m=GET p=/assets/editor-vendor-Bje_VwYD.js s=200 d=147µs s=117396
INF http m=GET p=/assets/index-DPQ8uk7g.css s=200 d=90µs s=12402
INF http m=GET p=/assets/fr-CgauyyXq.js s=200 d=78µs s=6301
INF http m=GET p=/api/v1/notifications/unread-count s=200 d=6.89ms s=25
INF http m=GET p=/api/v1/workspaces/4464AMFJG000/nodes/0/children s=200 d=7.09ms s=26
INF http m=GET p=/api/v1/workspaces/4464AMFJG000/members s=200 d=5.81ms s=117
INF http m=GET p=/assets/es-DHO8DnB9.js s=200 d=107µs s=6015
INF http m=GET p=/assets/emoji-groups-tsNE8Axz.js s=200 d=112µs s=13852
ERR Failed to commit DB changes err="failed to stage db changes: exit status 128\nOutput: fatal: Unable to create '/home/runner/work/mddb/mddb/data-e2e/.git/index.lock': File exists.\n\nAnother git process seems to be running in this repository, or the lock file may be stale\n"
INF http m=POST p=/api/v1/workspaces/4464AMFJG000/nodes/0/page/create s=200 d=46.7ms s=35
INF http m=GET p=/api/v1/workspaces/4464AMFJG000/nodes/0/children s=200 d=533µs s=257
INF http m=GET p=/api/v1/workspaces/4464AMFJG000/nodes/4464ANIOU000 s=200 d=591µs s=245
INF http m=GET p=/assets/de-qJeflSp6.js s=200 d=45µs s=6245
INF http m=GET p=/assets/Editor-5FlZhQpN.js s=200 d=95µs s=13509
INF http m=GET p=/assets/Editor-BYBWY7b1.css s=200 d=55µs s=2240
INF http m=GET p=/assets/WorkspaceSettingsPanel-CsUOm22X.css s=200 d=28µs s=1025
INF http m=GET p=/api/v1/auth/me s=200 d=505µs s=168
INF http m=GET p=/assets/WorkspaceSettingsPanel-CM5oaFTF.js s=200 d=69µs s=4443
INF http m=GET p=/assets/en-BOb8f2G7.js s=200 d=1.63ms s=5207
INF http m=GET p=/assets/ServerSettingsPanel-pbgISWIv.css s=200 d=46µs s=596
INF http m=GET p=/api/v1/notifications/unread-count s=200 d=187µs s=25
INF http m=GET p=/assets/ServerSettingsPanel-C8C6nm9a.js s=200 d=43µs s=2550
ERR Failed to commit DB changes err="failed to stage db changes: exit status 128\nOutput: fatal: Unable to create '/home/runner/work/mddb/mddb/data-e2e/.git/index.lock': File exists.\n\nAnother git process seems to be running in this repository, or the lock file may be stale\n"
INF http m=POST p=/api/v1/organizations s=200 d=7.44ms s=353
INF http m=GET p=/sw.js s=200 d=99µs s=5540
INF http m=GET p=/assets/ResourceQuotaForm-DTSj8Ta5.css s=200 d=25µs s=302
INF http m=GET p=/favicon.png s=200 d=45µs s=449
INF http m=GET p=/api/v1/auth/me s=200 d=564µs s=253
INF http m=GET p=/assets/ResourceQuotaForm-D6gJNn3N.js s=200 d=26µs s=812
INF http m=GET p=/assets/ProfileSettings-rthGIjGN.js s=200 d=62µs s=4319
INF http m=GET p=/assets/ProfileSettings-D5kbNfHV.css s=200 d=52µs s=1220
INF http m=GET p=/assets/OrgSettingsPanel-BP8s6T0h.css s=200 d=23µs s=511
INF http m=GET p=/assets/OrgSettingsPanel-B78NX7Vn.js s=200 d=58µs s=2302
INF http m=GET p=/registerSW.js s=200 d=22µs s=87
INF http m=GET p=/assets/InviteForm-R7w4u6kW.js s=200 d=20µs s=1267
INF http m=GET p=/index.html s=200 d=22µs s=542
INF http m=GET p=/assets/InviteForm-CW-wgFWD.css s=200 d=34µs s=414
INF http m=GET p=/icon.svg s=200 d=30µs s=195
INF http m=GET p=/icon-512.png s=200 d=109µs s=6498
INF http m=GET p=/icon-192.png s=200 d=60µs s=2468
INF http m=GET p=/assets/AdminDashboard-R0heLGro.css s=200 d=77µs s=601
INF http m=GET p=/assets/AdminDashboard-D3Sw1IyX.js s=200 d=39µs s=2075
INF http m=GET p=/favicon.png s=200 d=29µs s=449
INF http m=GET p=/manifest.webmanifest s=200 d=25µs s=199
ERR Failed to add workspace submodule wsID=4464AOING000 err="failed to add submodule 4464AOING000: exit status 128\nOutput: Adding existing repo at '4464AOING000' to the index\nfatal: Unable to create '/home/runner/work/mddb/mddb/data-e2e/.git/index.lock': File exists.\n\nAnother git process seems to be running in this repository, or the lock file may be stale\nfatal: Failed to add submodule '4464AOING000'\n"
INF http m=GET p=/apple-touch-icon.png s=200 d=55µs s=2298
ERR Failed to commit DB changes err="failed to stage db changes: exit status 128\nOutput: fatal: Unable to create '/home/runner/work/mddb/mddb/data-e2e/.git/index.lock': File exists.\n\nAnother git process seems to be running in this repository, or the lock file may be stale\n"
INF http m=POST p=/api/v1/organizations/4464AOCTO000/workspaces s=200 d=109ms s=300
INF http m=GET p=/api/v1/workspaces/4464AMFJG000/events s=200 d=280ms s=207
ERR Failed to commit DB changes err="failed to stage db changes: exit status 128\nOutput: fatal: Unable to create '/home/runner/work/mddb/mddb/data-e2e/.git/index.lock': File exists.\n\nAnother git process seems to be running in this repository, or the lock file may be stale\n"
INF http m=POST p=/api/v1/auth/switch-workspace s=200 d=11.9ms s=583
INF http m=GET p=/api/v1/notifications/unread-count s=200 d=566µs s=25
INF http m=GET p=/api/v1/workspaces/4464AOING000/members s=200 d=549µs s=132
INF http m=GET p=/api/v1/workspaces/4464AOING000/nodes/0/children s=200 d=647µs s=26
INF http m=GET p=/assets/material-symbols-names-mOXCVt15.js s=200 d=2.82ms s=15793
ERR Failed to commit DB changes err="failed to stage db changes: exit status 128\nOutput: fatal: Unable to create '/home/runner/work/mddb/mddb/data-e2e/.git/index.lock': File exists.\n\nAnother git process seems to be running in this repository, or the lock file may be stale\n"
INF http m=POST p=/api/v1/workspaces/4464AOING000/nodes/0/page/create s=200 d=24.7ms s=35
INF http m=GET p=/api/v1/workspaces/4464AOING000/nodes/0/children s=200 d=251µs s=257
INF http m=GET p=/assets/fr-CgauyyXq.js s=200 d=91µs s=6301
INF http m=GET p=/api/v1/workspaces/4464AOING000/nodes/4464APIDO000 s=200 d=327µs s=245
INF http m=GET p=/assets/es-DHO8DnB9.js s=200 d=77µs s=6015
INF http m=GET p=/assets/Editor-5FlZhQpN.js s=200 d=94µs s=13509
INF http m=GET p=/assets/Editor-BYBWY7b1.css s=200 d=39µs s=2240
INF http m=GET p=/assets/emoji-groups-tsNE8Axz.js s=200 d=96µs s=13852
INF http m=GET p=/assets/de-qJeflSp6.js s=200 d=71µs s=6245
INF http m=GET p=/assets/WorkspaceSettingsPanel-CsUOm22X.css s=200 d=36µs s=1025
INF http m=GET p=/assets/WorkspaceSettingsPanel-CM5oaFTF.js s=200 d=73µs s=4443
ERR Failed to commit DB changes err="failed to stage db changes: exit status 128\nOutput: fatal: Unable to create '/home/runner/work/mddb/mddb/data-e2e/.git/index.lock': File exists.\n\nAnother git process seems to be running in this repository, or the lock file may be stale\n"
INF http m=POST p=/api/v1/workspaces/4464AOING000/nodes/0/page/create s=200 d=37ms s=26
INF http m=GET p=/assets/ServerSettingsPanel-pbgISWIv.css s=200 d=98µs s=596
INF http m=GET p=/w/@4464AOING000+workspace/@4464APIDO000+welcome s=200 d=38µs s=542
INF http m=GET p=/assets/ServerSettingsPanel-C8C6nm9a.js s=200 d=35µs s=2550
INF http m=GET p=/api/v1/workspaces/4464AOING000/events s=200 d=176ms s=233
INF http m=GET p=/registerSW.js s=200 d=35µs s=87
INF http m=GET p=/assets/ResourceQuotaForm-DTSj8Ta5.css s=200 d=26µs s=302
INF http m=GET p=/assets/ResourceQuotaForm-D6gJNn3N.js s=200 d=41µs s=812
INF http m=GET p=/assets/ProfileSettings-rthGIjGN.js s=200 d=69µs s=4319
INF http m=GET p=/api/v1/auth/me s=200 d=624µs s=357
INF http m=GET p=/assets/ProfileSettings-D5kbNfHV.css s=200 d=31µs s=1220
INF http m=GET p=/assets/OrgSettingsPanel-BP8s6T0h.css s=200 d=40µs s=511
INF http m=GET p=/assets/OrgSettingsPanel-B78NX7Vn.js s=200 d=49µs s=2302
ERR Failed to commit DB changes err="failed to stage db changes: exit status 128\nOutput: fatal: Unable to create '/home/runner/work/mddb/mddb/data-e2e/.git/index.lock': File exists.\n\nAnother git process seems to be running in this repository, or the lock file may be stale\n"
INF http m=POST p=/api/v1/auth/register s=200 d=99ms s=390
INF http m=GET p=/assets/InviteForm-R7w4u6kW.js s=200 d=34µs s=1267
INF http m=GET p=/assets/InviteForm-CW-wgFWD.css s=200 d=39µs s=414
INF http m=GET p=/ s=200 d=41µs s=542
INF http m=GET p=/api/v1/notifications/unread-count s=200 d=183µs s=25
INF http m=GET p=/assets/AdminDashboard-R0heLGro.css s=200 d=30µs s=601
INF http m=GET p=/api/v1/workspaces/4464AOING000/nodes/4464APIDO000 s=200 d=563µs s=245
INF http m=GET p=/api/v1/workspaces/4464AOING000/members s=200 d=380µs s=132
INF http m=GET p=/api/v1/workspaces/4464AOING000/nodes/0/children s=200 d=8.8ms s=272
INF http m=GET p=/assets/AdminDashboard-D3Sw1IyX.js s=200 d=68µs s=2075
INF http m=GET p=/manifest.webmanifest s=200 d=41µs s=199
INF http m=GET p=/registerSW.js s=200 d=39µs s=87
INF http m=GET p=/assets/vendor-C3WBU0hm.js s=200 d=113µs s=29762
INF http m=GET p=/assets/index-SHhnYNGf.js s=200 d=77µs s=49792
INF http m=GET p=/assets/editor-vendor-Bje_VwYD.js s=200 d=105µs s=117396
INF http m=GET p=/assets/index-DPQ8uk7g.css s=200 d=90µs s=12402
INF http m=GET p=/api/v1/workspaces/4464AOING000/nodes/4464AQ7CU000 s=200 d=278µs s=188
INF http m=GET p=/api/v1/auth/me s=200 d=294µs s=161
INF http m=GET p=/assets/en-BOb8f2G7.js s=200 d=68µs s=5207
INF http m=GET p=/favicon.png s=200 d=22µs s=449
INF http m=GET p=/sw.js s=200 d=4ms s=5540
INF http m=GET p=/api/v1/notifications/unread-count s=200 d=515µs s=25
INF http m=GET p=/api/v1/workspaces/4464AOING000/events s=200 d=174ms s=93
ERR Failed to commit DB changes err="failed to stage db changes: exit status 128\nOutput: fatal: Unable to create '/home/runner/work/mddb/mddb/data-e2e/.git/index.lock': File exists.\n\nAnother git process seems to be running in this repository, or the lock file may be stale\n"
INF http m=POST p=/api/v1/organizations s=200 d=9ms s=348
INF http m=GET p=/registerSW.js s=200 d=42µs s=87
INF http m=GET p=/api/v1/auth/me s=200 d=441µs s=246
INF http m=GET p=/index.html s=200 d=27µs s=542
INF http m=GET p=/icon.svg s=200 d=52µs s=195
INF http m=GET p=/icon-512.png s=200 d=78µs s=6498
INF http m=GET p=/icon-192.png s=200 d=52µs s=2468
INF http m=GET p=/favicon.png s=200 d=26µs s=449
INF http m=GET p=/apple-touch-icon.png s=200 d=66µs s=2298
INF http m=GET p=/assets/material-symbols-names-mOXCVt15.js s=200 d=111µs s=15793
ERR Failed to add workspace submodule wsID=4464ASN32000 err="failed to add submodule 4464ASN32000: exit status 128\nOutput: Adding existing repo at '4464ASN32000' to the index\nfatal: Unable to create '/home/runner/work/mddb/mddb/data-e2e/.git/index.lock': File exists.\n\nAnother git process seems to be running in this repository, or the lock file may be stale\nfatal: Failed to add submodule '4464ASN32000'\n"
ERR Failed to commit DB changes err="failed to stage db changes: exit status 128\nOutput: fatal: Unable to create '/home/runner/work/mddb/mddb/data-e2e/.git/index.lock': File exists.\n\nAnother git process seems to be running in this repository, or the lock file may be stale\n"
INF http m=POST p=/api/v1/organizations/4464ASB96000/workspaces s=200 d=105ms s=295
ERR Failed to commit DB changes err="failed to stage db changes: exit status 128\nOutput: fatal: Unable to create '/home/runner/work/mddb/mddb/data-e2e/.git/index.lock': File exists.\n\nAnother git process seems to be running in this repository, or the lock file may be stale\n"
INF http m=GET p=/assets/fr-CgauyyXq.js s=200 d=89µs s=6301
INF http m=POST p=/api/v1/auth/switch-workspace s=200 d=6.61ms s=548
INF http m=GET p=/assets/es-DHO8DnB9.js s=200 d=92µs s=6015
INF http m=GET p=/api/v1/notifications/unread-count s=200 d=1.52ms s=25
INF http m=GET p=/api/v1/workspaces/4464ASN32000/nodes/0/children s=200 d=304µs s=26
INF http m=GET p=/api/v1/workspaces/4464ASN32000/members s=200 d=7.78ms s=120
INF http m=GET p=/assets/emoji-groups-tsNE8Axz.js s=200 d=120µs s=13852
ERR Failed to commit DB changes err="failed to stage db changes: exit status 128\nOutput: fatal: Unable to create '/home/runner/work/mddb/mddb/data-e2e/.git/index.lock': File exists.\n\nAnother git process seems to be running in this repository, or the lock file may be stale\n"
INF http m=POST p=/api/v1/workspaces/4464ASN32000/nodes/0/page/create s=200 d=14.4ms s=35
INF http m=GET p=/api/v1/workspaces/4464ASN32000/nodes/0/children s=200 d=278µs s=257
INF http m=GET p=/api/v1/workspaces/4464ASN32000/nodes/4464ATLM0000 s=200 d=586µs s=245
INF http m=GET p=/assets/Editor-BYBWY7b1.css s=200 d=52µs s=2240
INF http m=GET p=/assets/Editor-5FlZhQpN.js s=200 d=105µs s=13509
INF http m=GET p=/assets/de-qJeflSp6.js s=200 d=80µs s=6245
INF http m=GET p=/assets/WorkspaceSettingsPanel-CsUOm22X.css s=200 d=25µs s=1025
INF http m=GET p=/assets/WorkspaceSettingsPanel-CM5oaFTF.js s=200 d=103µs s=4443
INF http m=GET p=/assets/ServerSettingsPanel-pbgISWIv.css s=200 d=35µs s=596
INF http m=GET p=/assets/ServerSettingsPanel-C8C6nm9a.js s=200 d=38µs s=2550
INF http m=GET p=/assets/ResourceQuotaForm-DTSj8Ta5.css s=200 d=28µs s=302
INF http m=GET p=/assets/ResourceQuotaForm-D6gJNn3N.js s=200 d=22µs s=812
INF http m=GET p=/assets/ProfileSettings-rthGIjGN.js s=200 d=48µs s=4319
ERR Failed to commit DB changes err="failed to stage db changes: exit status 128\nOutput: fatal: Unable to create '/home/runner/work/mddb/mddb/data-e2e/.git/index.lock': File exists.\n\nAnother git process seems to be running in this repository, or the lock file may be stale\n"
INF http m=POST p=/api/v1/workspaces/4464ASN32000/nodes/0/page/create s=200 d=15.5ms s=26
INF http m=GET p=/assets/ProfileSettings-D5kbNfHV.css s=200 d=68µs s=1220
INF http m=GET p=/w/@4464ASN32000+workspace/@4464ATLM0000+welcome s=200 d=20µs s=542
INF http m=GET p=/assets/OrgSettingsPanel-BP8s6T0h.css s=200 d=48µs s=511
INF http m=GET p=/api/v1/workspaces/4464ASN32000/events s=200 d=110ms s=230
INF http m=GET p=/registerSW.js s=200 d=35µs s=87
INF http m=GET p=/assets/OrgSettingsPanel-B78NX7Vn.js s=200 d=32µs s=2302
INF http m=GET p=/assets/InviteForm-R7w4u6kW.js s=200 d=53µs s=1267
INF http m=GET p=/assets/InviteForm-CW-wgFWD.css s=200 d=23µs s=414
INF http m=GET p=/api/v1/auth/me s=200 d=570µs s=345
INF http m=GET p=/assets/AdminDashboard-R0heLGro.css s=200 d=46µs s=601
INF http m=GET p=/assets/AdminDashboard-D3Sw1IyX.js s=200 d=46µs s=2075
INF http m=GET p=/manifest.webmanifest s=200 d=30µs s=199
INF http m=GET p=/api/v1/notifications/unread-count s=200 d=158µs s=25
INF http m=GET p=/api/v1/workspaces/4464ASN32000/nodes/0/children s=200 d=686µs s=261
INF http m=GET p=/api/v1/workspaces/4464ASN32000/members s=200 d=581µs s=120
INF http m=GET p=/api/v1/workspaces/4464ASN32000/nodes/4464ATLM0000 s=200 d=1.29ms s=245
INF http m=GET p=/api/v1/workspaces/4464ASN32000/nodes/4464AU2K2000 s=200 d=323µs s=185
INF http m=GET p=/api/v1/auth/me s=200 d=193µs s=370
ERR Failed to add workspace submodule wsID=4464AV6Q6000 err="failed to add submodule 4464AV6Q6000: exit status 128\nOutput: Adding existing repo at '4464AV6Q6000' to the index\nfatal: Unable to create '/home/runner/work/mddb/mddb/data-e2e/.git/index.lock': File exists.\n\nAnother git process seems to be running in this repository, or the lock file may be stale\nfatal: Failed to add submodule '4464AV6Q6000'\n"
ERR Failed to commit DB changes err="failed to stage db changes: exit status 128\nOutput: fatal: Unable to create '/home/runner/work/mddb/mddb/data-e2e/.git/index.lock': File exists.\n\nAnother git process seems to be running in this repository, or the lock file may be stale\n"
INF http m=POST p=/api/v1/organizations/4464ASB96000/workspaces s=200 d=38.6ms s=309
INF http m=GET p=/w/@4464ASN32000+ws-loops-workspace/@4464AU2K2000+ws1-only-page s=200 d=37µs s=542
INF http m=GET p=/api/v1/workspaces/4464ASN32000/events s=200 d=145ms s=93
INF http m=GET p=/api/v1/auth/me s=200 d=293µs s=383
INF http m=GET p=/api/v1/notifications/unread-count s=200 d=496µs s=25
INF http m=GET p=/api/v1/workspaces/4464ASN32000/nodes/0/children s=200 d=684µs s=261
INF http m=GET p=/api/v1/workspaces/4464ASN32000/members s=200 d=530µs s=120
INF http m=GET p=/api/v1/workspaces/4464ASN32000/nodes/4464AU2K2000 s=200 d=545µs s=185
ERR Failed to commit DB changes err="failed to stage db changes: exit status 128\nOutput: fatal: Unable to create '/home/runner/work/mddb/mddb/data-e2e/.git/index.lock': File exists.\n\nAnother git process seems to be running in this repository, or the lock file may be stale\n"
INF http m=POST p=/api/v1/auth/switch-workspace s=200 d=4.2ms s=596
INF http m=GET p=/api/v1/workspaces/4464ASN32000/members s=200 d=143µs s=120
INF http m=GET p=/api/v1/workspaces/4464AV6Q6000/members s=200 d=85µs s=120
INF http m=GET p=/api/v1/workspaces/4464AV6Q6000/nodes/0/children s=200 d=228µs s=26
ERR Handler error err="node not found" statusCode=404 code=NOT_FOUND
INF http m=GET p=/api/v1/workspaces/4464AV6Q6000/nodes/4464AU2K2000 s=404 d=189µs s=71
INF http m=GET p=/api/v1/workspaces/4464ASN32000/events s=200 d=128ms s=93
ERR Failed to commit DB changes err="failed to stage db changes: exit status 128\nOutput: fatal: Unable to create '/home/runner/work/mddb/mddb/data-e2e/.git/index.lock': File exists.\n\nAnother git process seems to be running in this repository, or the lock file may be stale\n"
INF http m=POST p=/api/v1/workspaces/4464AV6Q6000/nodes/0/page/create s=200 d=12.7ms s=35
INF http m=GET p=/api/v1/workspaces/4464AV6Q6000/nodes/0/children s=200 d=233µs s=257
INF http m=GET p=/api/v1/workspaces/4464AV6Q6000/nodes/4464B0KNU000 s=200 d=525µs s=245
INF http m=GET p=/sw.js s=200 d=120µs s=5540
INF http m=GET p=/api/v1/workspaces/4464AV6Q6000/events s=200 d=2.03s s=208
