make[1]: Entering directory '/home/runner/work/mddb/mddb'
Created data-e2e/.env from .env.example
INF TEST_OAUTH=1: Using fake Google OAuth credentials
INF TEST_OAUTH=1: Using fake Microsoft OAuth credentials
INF TEST_OAUTH=1: Using fake GitHub OAuth credentials
INF OAuth providers initialized providers="[google microsoft github]"
INF Starting server addr=localhost:8080 baseURL=http://localhost:8080 version=v0.0.0-20260920134456-d0aeace410b8+dirty
INF http m=GET p=/api/v1/health s=200 d=82µs s=160
INF http m=POST p=/api/v1/auth/register s=200 d=84.7ms s=415
INF http m=POST p=/api/v1/auth/register s=200 d=103ms s=396
INF http m=GET p=/ s=200 d=43µs s=542
INF http m=GET p=/ s=200 d=23µs s=542
INF http m=GET p=/assets/index-SHhnYNGf.js s=200 d=188µs s=49792
INF http m=GET p=/assets/index-DPQ8uk7g.css s=200 d=102µs s=12402
INF http m=GET p=/assets/index-SHhnYNGf.js s=200 d=117µs s=49792
INF http m=GET p=/assets/editor-vendor-Bje_VwYD.js s=200 d=209µs s=117396
INF http m=GET p=/assets/vendor-C3WBU0hm.js s=200 d=117µs s=29762
INF http m=GET p=/assets/index-DPQ8uk7g.css s=200 d=130µs s=12402
INF http m=GET p=/registerSW.js s=200 d=34µs s=87
INF http m=GET p=/assets/vendor-C3WBU0hm.js s=200 d=120µs s=29762
INF http m=GET p=/registerSW.js s=200 d=39µs s=87
INF http m=GET p=/assets/editor-vendor-Bje_VwYD.js s=200 d=152µs s=117396
INF http m=GET p=/api/v1/auth/me s=200 d=304µs s=179
INF http m=GET p=/assets/en-BOb8f2G7.js s=200 d=108µs s=5207
INF http m=GET p=/assets/en-BOb8f2G7.js s=200 d=168µs s=5207
INF http m=GET p=/api/v1/auth/me s=200 d=4ms s=166
INF http m=GET p=/api/v1/notifications/unread-count s=200 d=171µs s=25
INF http m=GET p=/api/v1/notifications/unread-count s=200 d=1.21ms s=25
INF http m=POST p=/api/v1/organizations s=200 d=21.8ms s=354
INF http m=POST p=/api/v1/organizations s=200 d=25.6ms s=350
INF http m=GET p=/sw.js s=200 d=130µs s=5540
INF http m=GET p=/sw.js s=200 d=76µs s=5540
INF http m=GET p=/favicon.png s=200 d=44µs s=449
INF http m=GET p=/favicon.png s=200 d=24µs s=449
INF http m=GET p=/api/v1/auth/me s=200 d=3.99ms s=266
INF http m=GET p=/api/v1/auth/me s=200 d=5.9ms s=254
INF http m=GET p=/registerSW.js s=200 d=35µs s=87
INF http m=GET p=/registerSW.js s=200 d=63µs s=87
INF http m=GET p=/index.html s=200 d=49µs s=542
INF http m=GET p=/index.html s=200 d=87µs s=542
INF http m=GET p=/icon.svg s=200 d=30µs s=195
INF http m=GET p=/icon.svg s=200 d=31µs s=195
INF http m=GET p=/icon-512.png s=200 d=106µs s=6498
INF http m=GET p=/icon-512.png s=200 d=112µs s=6498
INF http m=GET p=/icon-192.png s=200 d=42µs s=2468
INF http m=GET p=/favicon.png s=200 d=29µs s=449
INF http m=GET p=/icon-192.png s=200 d=64µs s=2468
INF http m=GET p=/apple-touch-icon.png s=200 d=34µs s=2298
INF http m=GET p=/favicon.png s=200 d=31µs s=449
INF http m=GET p=/apple-touch-icon.png s=200 d=67µs s=2298
INF http m=GET p=/assets/material-symbols-names-mOXCVt15.js s=200 d=118µs s=15793
INF http m=GET p=/assets/material-symbols-names-mOXCVt15.js s=200 d=95µs s=15793
INF http m=GET p=/assets/fr-CgauyyXq.js s=200 d=217µs s=6301
INF http m=GET p=/assets/es-DHO8DnB9.js s=200 d=82µs s=6015
INF http m=POST p=/api/v1/organizations/441NSK6IG000/workspaces s=200 d=234ms s=293
INF http m=GET p=/assets/fr-CgauyyXq.js s=200 d=81µs s=6301
INF http m=GET p=/assets/emoji-groups-tsNE8Axz.js s=200 d=133µs s=13852
INF http m=GET p=/assets/es-DHO8DnB9.js s=200 d=76µs s=6015
INF http m=GET p=/assets/emoji-groups-tsNE8Axz.js s=200 d=93µs s=13852
INF http m=GET p=/assets/de-qJeflSp6.js s=200 d=120µs s=6245
INF http m=GET p=/assets/WorkspaceSettingsPanel-CsUOm22X.css s=200 d=39µs s=1025
INF http m=GET p=/assets/WorkspaceSettingsPanel-CM5oaFTF.js s=200 d=96µs s=4443
INF http m=GET p=/assets/ServerSettingsPanel-pbgISWIv.css s=200 d=32µs s=596
INF http m=GET p=/assets/ServerSettingsPanel-C8C6nm9a.js s=200 d=69µs s=2550
INF http m=GET p=/assets/ResourceQuotaForm-DTSj8Ta5.css s=200 d=49µs s=302
INF http m=GET p=/assets/de-qJeflSp6.js s=200 d=87µs s=6245
INF http m=GET p=/assets/WorkspaceSettingsPanel-CsUOm22X.css s=200 d=33µs s=1025
INF http m=GET p=/assets/ResourceQuotaForm-D6gJNn3N.js s=200 d=28µs s=812
INF http m=GET p=/assets/WorkspaceSettingsPanel-CM5oaFTF.js s=200 d=55µs s=4443
INF http m=GET p=/assets/ProfileSettings-rthGIjGN.js s=200 d=51µs s=4319
INF http m=GET p=/assets/ServerSettingsPanel-pbgISWIv.css s=200 d=23µs s=596
INF http m=GET p=/assets/ProfileSettings-D5kbNfHV.css s=200 d=31µs s=1220
INF http m=GET p=/assets/ServerSettingsPanel-C8C6nm9a.js s=200 d=56µs s=2550
INF http m=GET p=/assets/ResourceQuotaForm-DTSj8Ta5.css s=200 d=34µs s=302
INF http m=GET p=/assets/OrgSettingsPanel-BP8s6T0h.css s=200 d=23µs s=511
INF http m=GET p=/assets/ResourceQuotaForm-D6gJNn3N.js s=200 d=23µs s=812
INF http m=GET p=/assets/OrgSettingsPanel-B78NX7Vn.js s=200 d=36µs s=2302
INF http m=GET p=/assets/ProfileSettings-rthGIjGN.js s=200 d=94µs s=4319
INF http m=GET p=/assets/InviteForm-R7w4u6kW.js s=200 d=43µs s=1267
INF http m=GET p=/assets/ProfileSettings-D5kbNfHV.css s=200 d=36µs s=1220
INF http m=GET p=/assets/OrgSettingsPanel-BP8s6T0h.css s=200 d=25µs s=511
INF http m=GET p=/assets/InviteForm-CW-wgFWD.css s=200 d=25µs s=414
INF http m=GET p=/assets/OrgSettingsPanel-B78NX7Vn.js s=200 d=35µs s=2302
INF http m=GET p=/assets/Editor-BYBWY7b1.css s=200 d=29µs s=2240
INF http m=GET p=/assets/InviteForm-R7w4u6kW.js s=200 d=26µs s=1267
INF http m=GET p=/assets/Editor-5FlZhQpN.js s=200 d=73µs s=13509
INF http m=GET p=/assets/InviteForm-CW-wgFWD.css s=200 d=61µs s=414
INF http m=GET p=/assets/Editor-BYBWY7b1.css s=200 d=68µs s=2240
INF http m=GET p=/assets/AdminDashboard-R0heLGro.css s=200 d=21µs s=601
INF http m=POST p=/api/v1/organizations/441NSK6AM000/workspaces s=200 d=436ms s=299
INF http m=GET p=/assets/AdminDashboard-D3Sw1IyX.js s=200 d=80µs s=2075
INF http m=GET p=/assets/Editor-5FlZhQpN.js s=200 d=64µs s=13509
INF http m=POST p=/api/v1/auth/switch-workspace s=200 d=193ms s=567
INF http m=GET p=/manifest.webmanifest s=200 d=33µs s=199
INF http m=GET p=/assets/AdminDashboard-R0heLGro.css s=200 d=44µs s=601
INF http m=GET p=/assets/AdminDashboard-D3Sw1IyX.js s=200 d=62µs s=2075
INF http m=GET p=/api/v1/notifications/unread-count s=200 d=173µs s=25
INF http m=GET p=/manifest.webmanifest s=200 d=28µs s=199
INF http m=GET p=/api/v1/workspaces/441NSKPJO000/nodes/0/children s=200 d=2.49ms s=26
INF http m=GET p=/api/v1/workspaces/441NSKPJO000/members s=200 d=505µs s=124
INF http m=POST p=/api/v1/auth/switch-workspace s=200 d=47.2ms s=578
INF http m=GET p=/api/v1/workspaces/441NSKM3E000/nodes/0/children s=200 d=671µs s=26
INF http m=GET p=/api/v1/notifications/unread-count s=200 d=196µs s=25
INF http m=POST p=/api/v1/workspaces/441NSKPJO000/nodes/0/page/create s=200 d=18ms s=35
INF http m=GET p=/api/v1/workspaces/441NSKM3E000/members s=200 d=3.02ms s=132
INF http m=GET p=/api/v1/workspaces/441NSKPJO000/nodes/0/children s=200 d=345µs s=257
INF http m=GET p=/api/v1/workspaces/441NSKPJO000/nodes/441NSNQT0000 s=200 d=445µs s=245
INF http m=POST p=/api/v1/workspaces/441NSKM3E000/nodes/0/page/create s=200 d=29.7ms s=35
INF http m=GET p=/api/v1/workspaces/441NSKM3E000/nodes/0/children s=200 d=280µs s=257
INF http m=GET p=/api/v1/workspaces/441NSKM3E000/nodes/441NSNV2M000 s=200 d=205µs s=245
INF http m=POST p=/api/v1/workspaces/441NSKM3E000/nodes/0/table/create s=200 d=15.3ms s=26
INF http m=POST p=/api/v1/workspaces/441NSKM3E000/nodes/441NSQ09K000/table/records/create s=200 d=14.2ms s=26
INF http m=POST p=/api/v1/workspaces/441NSKM3E000/nodes/441NSQ09K000/table/records/create s=200 d=14.6ms s=26
INF http m=POST p=/api/v1/workspaces/441NSKM3E000/nodes/441NSQ09K000/table/records/create s=200 d=16.7ms s=26
INF http m=POST p=/api/v1/workspaces/441NSKPJO000/nodes/0/page/create s=200 d=16.2ms s=26
INF http m=GET p=/w/@441NSKM3E000+workspace/@441NSNV2M000+welcome s=200 d=38µs s=542
INF http m=GET p=/w/@441NSKPJO000+workspace/@441NSNQT0000+welcome s=200 d=43µs s=542
INF http m=GET p=/api/v1/workspaces/441NSKM3E000/events s=200 d=439ms s=336
INF http m=GET p=/api/v1/workspaces/441NSKPJO000/events s=200 d=490ms s=232
INF http m=GET p=/api/v1/auth/me s=200 d=298µs s=354
INF http m=GET p=/api/v1/auth/me s=200 d=217µs s=363
INF http m=GET p=/api/v1/notifications/unread-count s=200 d=252µs s=25
INF http m=GET p=/api/v1/workspaces/441NSKM3E000/nodes/441NSNV2M000 s=200 d=308µs s=245
INF http m=GET p=/api/v1/workspaces/441NSKM3E000/nodes/0/children s=200 d=564µs s=463
INF http m=GET p=/api/v1/workspaces/441NSKM3E000/members s=200 d=345µs s=132
INF http m=GET p=/api/v1/notifications/unread-count s=200 d=287µs s=25
INF http m=GET p=/api/v1/workspaces/441NSKPJO000/nodes/0/children s=200 d=450µs s=262
INF http m=GET p=/api/v1/workspaces/441NSKPJO000/nodes/441NSNQT0000 s=200 d=543µs s=245
INF http m=GET p=/api/v1/workspaces/441NSKPJO000/members s=200 d=17.5ms s=124
INF http m=GET p=/api/v1/workspaces/441NSKM3E000/nodes/441NSQ09K000 s=200 d=514µs s=326
INF http m=GET p=/api/v1/workspaces/441NSKPJO000/nodes/441NSQCK2000 s=200 d=325µs s=155
INF http m=GET p=/api/v1/workspaces/441NSKM3E000/nodes/441NSQ09K000/table/records s=200 d=495µs s=362
INF http m=GET p=/api/v1/workspaces/441NSKPJO000/events s=200 d=358ms s=93
INF http m=POST p=/api/v1/workspaces/441NSKM3E000/nodes/441NSQ09K000/views/create s=200 d=48.5ms s=35
INF http m=POST p=/api/v1/auth/register s=200 d=120ms s=384
INF http m=GET p=/ s=200 d=63µs s=542
INF http m=GET p=/registerSW.js s=200 d=28µs s=87
INF http m=GET p=/assets/vendor-C3WBU0hm.js s=200 d=155µs s=29762
INF http m=GET p=/assets/index-SHhnYNGf.js s=200 d=124µs s=49792
INF http m=GET p=/assets/editor-vendor-Bje_VwYD.js s=200 d=155µs s=117396
INF http m=GET p=/assets/index-DPQ8uk7g.css s=200 d=89µs s=12402
INF http m=GET p=/api/v1/auth/me s=200 d=250µs s=167
INF http m=GET p=/assets/en-BOb8f2G7.js s=200 d=71µs s=5207
INF http m=GET p=/api/v1/notifications/unread-count s=200 d=338µs s=25
INF http m=POST p=/api/v1/workspaces/441NSKM3E000/nodes/441NSQ09K000/views/create s=200 d=54.6ms s=35
INF http m=GET p=/sw.js s=200 d=76µs s=5540
INF http m=GET p=/registerSW.js s=200 d=40µs s=87
INF http m=GET p=/favicon.png s=200 d=38µs s=449
INF http m=GET p=/index.html s=200 d=42µs s=542
INF http m=GET p=/icon.svg s=200 d=36µs s=195
INF http m=GET p=/icon-512.png s=200 d=139µs s=6498
INF http m=GET p=/icon-192.png s=200 d=56µs s=2468
INF http m=GET p=/favicon.png s=200 d=38µs s=449
INF http m=POST p=/api/v1/organizations s=200 d=42ms s=351
INF http m=GET p=/api/v1/auth/me s=200 d=243µs s=256
INF http m=GET p=/apple-touch-icon.png s=200 d=42µs s=2298
INF http m=GET p=/assets/material-symbols-names-mOXCVt15.js s=200 d=90µs s=15793
INF http m=GET p=/assets/fr-CgauyyXq.js s=200 d=91µs s=6301
INF http m=GET p=/assets/es-DHO8DnB9.js s=200 d=273µs s=6015
INF http m=GET p=/assets/emoji-groups-tsNE8Axz.js s=200 d=135µs s=13852
INF http m=GET p=/assets/de-qJeflSp6.js s=200 d=73µs s=6245
INF http m=GET p=/assets/WorkspaceSettingsPanel-CsUOm22X.css s=200 d=31µs s=1025
INF http m=GET p=/assets/WorkspaceSettingsPanel-CM5oaFTF.js s=200 d=68µs s=4443
INF http m=GET p=/assets/ServerSettingsPanel-pbgISWIv.css s=200 d=28µs s=596
INF http m=GET p=/assets/ServerSettingsPanel-C8C6nm9a.js s=200 d=34µs s=2550
INF http m=GET p=/assets/ResourceQuotaForm-DTSj8Ta5.css s=200 d=27µs s=302
INF http m=GET p=/assets/ResourceQuotaForm-D6gJNn3N.js s=200 d=29µs s=812
INF http m=POST p=/api/v1/organizations/441NT1ECQ000/workspaces s=200 d=191ms s=295
INF http m=GET p=/assets/ProfileSettings-rthGIjGN.js s=200 d=60µs s=4319
INF http m=GET p=/assets/ProfileSettings-D5kbNfHV.css s=200 d=33µs s=1220
INF http m=GET p=/assets/OrgSettingsPanel-BP8s6T0h.css s=200 d=37µs s=511
INF http m=GET p=/assets/OrgSettingsPanel-B78NX7Vn.js s=200 d=39µs s=2302
INF http m=GET p=/assets/InviteForm-R7w4u6kW.js s=200 d=29µs s=1267
INF http m=POST p=/api/v1/auth/switch-workspace s=200 d=17.4ms s=609
INF http m=GET p=/assets/InviteForm-CW-wgFWD.css s=200 d=30µs s=414
INF http m=GET p=/assets/Editor-BYBWY7b1.css s=200 d=35µs s=2240
INF http m=GET p=/assets/Editor-5FlZhQpN.js s=200 d=612µs s=13509
INF http m=GET p=/api/v1/notifications/unread-count s=200 d=154µs s=25
INF http m=GET p=/api/v1/workspaces/441NT1P1I000/nodes/0/children s=200 d=312µs s=26
INF http m=GET p=/assets/AdminDashboard-R0heLGro.css s=200 d=35µs s=601
INF http m=GET p=/api/v1/workspaces/441NT1P1I000/members s=200 d=1.61ms s=124
INF http m=GET p=/assets/AdminDashboard-D3Sw1IyX.js s=200 d=53µs s=2075
INF http m=GET p=/manifest.webmanifest s=200 d=30µs s=199
INF http m=POST p=/api/v1/workspaces/441NT1P1I000/nodes/0/page/create s=200 d=30.5ms s=35
INF http m=GET p=/api/v1/workspaces/441NT1P1I000/nodes/0/children s=200 d=2.78ms s=257
INF http m=GET p=/api/v1/workspaces/441NT1P1I000/nodes/441NT35UU000 s=200 d=292µs s=245
INF http m=POST p=/api/v1/workspaces/441NSKM3E000/nodes/441NSQ09K000/views/create s=200 d=34.9ms s=35
INF http m=POST p=/api/v1/workspaces/441NT1P1I000/nodes/0/page/create s=200 d=26.2ms s=26
INF http m=GET p=/w/@441NT1P1I000+workspace/@441NT35UU000+welcome s=200 d=73µs s=542
INF http m=GET p=/api/v1/workspaces/441NT1P1I000/events s=200 d=125ms s=236
INF http m=GET p=/api/v1/auth/me s=200 d=256µs s=359
INF http m=GET p=/api/v1/workspaces/441NT1P1I000/nodes/0/children s=200 d=315µs s=263
INF http m=GET p=/api/v1/notifications/unread-count s=200 d=2.16ms s=25
INF http m=GET p=/api/v1/workspaces/441NT1P1I000/members s=200 d=125µs s=124
INF http m=GET p=/api/v1/workspaces/441NT1P1I000/nodes/441NT35UU000 s=200 d=217µs s=245
INF http m=GET p=/api/v1/workspaces/441NSKM3E000/events s=200 d=1.53s s=255
INF http m=GET p=/api/v1/workspaces/441NT1P1I000/nodes/441NT3LPA000 s=200 d=319µs s=155
INF http m=POST p=/api/v1/auth/register s=200 d=103ms s=383
INF http m=GET p=/ s=200 d=55µs s=542
INF http m=GET p=/registerSW.js s=200 d=51µs s=87
INF http m=GET p=/assets/vendor-C3WBU0hm.js s=200 d=154µs s=29762
INF http m=GET p=/assets/index-SHhnYNGf.js s=200 d=126µs s=49792
INF http m=GET p=/assets/editor-vendor-Bje_VwYD.js s=200 d=161µs s=117396
INF http m=GET p=/assets/index-DPQ8uk7g.css s=200 d=111µs s=12402
INF http m=GET p=/assets/en-BOb8f2G7.js s=200 d=131µs s=5207
INF http m=GET p=/api/v1/auth/me s=200 d=6.16ms s=165
INF http m=GET p=/favicon.png s=200 d=60µs s=449
INF http m=GET p=/api/v1/notifications/unread-count s=200 d=166µs s=25
INF http m=GET p=/sw.js s=200 d=79µs s=5540
INF http m=POST p=/api/v1/organizations s=200 d=38.2ms s=351
INF http m=GET p=/registerSW.js s=200 d=41µs s=87
INF http m=GET p=/api/v1/auth/me s=200 d=246µs s=250
INF http m=GET p=/index.html s=200 d=41µs s=542
INF http m=GET p=/icon.svg s=200 d=38µs s=195
INF http m=GET p=/icon-512.png s=200 d=110µs s=6498
INF http m=GET p=/icon-192.png s=200 d=49µs s=2468
INF http m=GET p=/favicon.png s=200 d=44µs s=449
INF http m=GET p=/apple-touch-icon.png s=200 d=61µs s=2298
INF http m=GET p=/assets/material-symbols-names-mOXCVt15.js s=200 d=87µs s=15793
INF http m=GET p=/assets/fr-CgauyyXq.js s=200 d=92µs s=6301
INF http m=GET p=/assets/es-DHO8DnB9.js s=200 d=77µs s=6015
INF http m=GET p=/assets/emoji-groups-tsNE8Axz.js s=200 d=94µs s=13852
INF http m=GET p=/api/v1/workspaces/441NT1P1I000/events s=200 d=810ms s=93
INF http m=POST p=/api/v1/organizations/441NT7LJ6000/workspaces s=200 d=236ms s=295
INF http m=GET p=/assets/de-qJeflSp6.js s=200 d=75µs s=6245
INF http m=GET p=/assets/WorkspaceSettingsPanel-CsUOm22X.css s=200 d=44µs s=1025
INF http m=GET p=/assets/WorkspaceSettingsPanel-CM5oaFTF.js s=200 d=63µs s=4443
INF http m=GET p=/assets/ServerSettingsPanel-pbgISWIv.css s=200 d=34µs s=596
INF http m=GET p=/assets/ServerSettingsPanel-C8C6nm9a.js s=200 d=58µs s=2550
INF http m=POST p=/api/v1/auth/switch-workspace s=200 d=21.1ms s=606
INF http m=GET p=/assets/ResourceQuotaForm-DTSj8Ta5.css s=200 d=48µs s=302
INF http m=GET p=/assets/ResourceQuotaForm-D6gJNn3N.js s=200 d=29µs s=812
INF http m=GET p=/api/v1/notifications/unread-count s=200 d=171µs s=25
INF http m=GET p=/api/v1/workspaces/441NT8234000/nodes/0/children s=200 d=310µs s=26
INF http m=GET p=/assets/ProfileSettings-rthGIjGN.js s=200 d=147µs s=4319
INF http m=GET p=/api/v1/workspaces/441NT8234000/members s=200 d=4.37ms s=124
INF http m=GET p=/assets/ProfileSettings-D5kbNfHV.css s=200 d=61µs s=1220
INF http m=GET p=/assets/OrgSettingsPanel-BP8s6T0h.css s=200 d=42µs s=511
INF http m=GET p=/assets/OrgSettingsPanel-B78NX7Vn.js s=200 d=94µs s=2302
INF http m=GET p=/assets/InviteForm-R7w4u6kW.js s=200 d=69µs s=1267
INF http m=POST p=/api/v1/workspaces/441NT8234000/nodes/0/page/create s=200 d=56.3ms s=35
INF http m=GET p=/assets/InviteForm-CW-wgFWD.css s=200 d=38µs s=414
INF http m=GET p=/api/v1/workspaces/441NT8234000/nodes/0/children s=200 d=291µs s=257
INF http m=GET p=/assets/Editor-BYBWY7b1.css s=200 d=95µs s=2240
INF http m=GET p=/api/v1/workspaces/441NT8234000/nodes/441NT9STS000 s=200 d=323µs s=245
INF http m=GET p=/assets/Editor-5FlZhQpN.js s=200 d=106µs s=13509
INF http m=POST p=/api/v1/workspaces/441NT8234000/nodes/0/page/create s=200 d=54ms s=26
INF http m=GET p=/assets/AdminDashboard-R0heLGro.css s=200 d=42µs s=601
INF http m=GET p=/assets/AdminDashboard-D3Sw1IyX.js s=200 d=40µs s=2075
INF http m=GET p=/w/@441NT8234000+workspace/@441NT9STS000+welcome s=200 d=49µs s=542
INF http m=GET p=/api/v1/workspaces/441NT8234000/events s=200 d=168ms s=234
INF http m=GET p=/manifest.webmanifest s=200 d=33µs s=199
INF http m=GET p=/registerSW.js s=200 d=23µs s=87
INF http m=GET p=/api/v1/auth/me s=200 d=259µs s=352
INF http m=POST p=/api/v1/auth/register s=200 d=140ms s=385
INF http m=GET p=/api/v1/notifications/unread-count s=200 d=159µs s=25
INF http m=GET p=/api/v1/workspaces/441NT8234000/nodes/0/children s=200 d=297µs s=261
INF http m=GET p=/api/v1/workspaces/441NT8234000/members s=200 d=1.18ms s=124
INF http m=GET p=/api/v1/workspaces/441NT8234000/nodes/441NT9STS000 s=200 d=841µs s=245
INF http m=GET p=/ s=200 d=47µs s=542
INF http m=GET p=/assets/index-SHhnYNGf.js s=200 d=157µs s=49792
INF http m=GET p=/assets/editor-vendor-Bje_VwYD.js s=200 d=169µs s=117396
INF http m=GET p=/assets/index-DPQ8uk7g.css s=200 d=127µs s=12402
INF http m=GET p=/assets/vendor-C3WBU0hm.js s=200 d=431µs s=29762
INF http m=GET p=/registerSW.js s=200 d=46µs s=87
INF http m=GET p=/api/v1/workspaces/441NT8234000/nodes/441NTAB7Q000 s=200 d=341µs s=153
INF http m=GET p=/api/v1/auth/me s=200 d=234µs s=166
INF http m=GET p=/assets/en-BOb8f2G7.js s=200 d=62µs s=5207
INF http m=GET p=/api/v1/notifications/unread-count s=200 d=174µs s=25
INF http m=GET p=/sw.js s=200 d=82µs s=5540
INF http m=GET p=/favicon.png s=200 d=41µs s=449
INF http m=GET p=/registerSW.js s=200 d=43µs s=87
INF http m=GET p=/index.html s=200 d=42µs s=542
INF http m=POST p=/api/v1/organizations s=200 d=43.3ms s=350
INF http m=GET p=/icon.svg s=200 d=34µs s=195
INF http m=GET p=/api/v1/auth/me s=200 d=231µs s=251
INF http m=GET p=/icon-512.png s=200 d=73µs s=6498
INF http m=GET p=/icon-192.png s=200 d=58µs s=2468
INF http m=GET p=/favicon.png s=200 d=32µs s=449
INF http m=GET p=/apple-touch-icon.png s=200 d=46µs s=2298
INF http m=GET p=/assets/material-symbols-names-mOXCVt15.js s=200 d=86µs s=15793
INF http m=GET p=/assets/fr-CgauyyXq.js s=200 d=103µs s=6301
INF http m=GET p=/assets/es-DHO8DnB9.js s=200 d=73µs s=6015
INF http m=GET p=/assets/emoji-groups-tsNE8Axz.js s=200 d=140µs s=13852
INF http m=GET p=/api/v1/workspaces/441NT8234000/events s=200 d=407ms s=93
INF http m=GET p=/assets/de-qJeflSp6.js s=200 d=468µs s=6245
INF http m=GET p=/assets/WorkspaceSettingsPanel-CsUOm22X.css s=200 d=37µs s=1025
INF http m=GET p=/assets/WorkspaceSettingsPanel-CM5oaFTF.js s=200 d=65µs s=4443
INF http m=GET p=/assets/ServerSettingsPanel-pbgISWIv.css s=200 d=33µs s=596
INF http m=GET p=/assets/ServerSettingsPanel-C8C6nm9a.js s=200 d=60µs s=2550
INF http m=GET p=/assets/ResourceQuotaForm-DTSj8Ta5.css s=200 d=28µs s=302
INF http m=GET p=/assets/ResourceQuotaForm-D6gJNn3N.js s=200 d=29µs s=812
INF http m=GET p=/assets/ProfileSettings-rthGIjGN.js s=200 d=65µs s=4319
INF http m=GET p=/assets/ProfileSettings-D5kbNfHV.css s=200 d=37µs s=1220
INF http m=GET p=/assets/OrgSettingsPanel-BP8s6T0h.css s=200 d=35µs s=511
INF http m=GET p=/assets/OrgSettingsPanel-B78NX7Vn.js s=200 d=98µs s=2302
INF http m=GET p=/assets/InviteForm-R7w4u6kW.js s=200 d=39µs s=1267
INF http m=POST p=/api/v1/organizations/441NTCU3I000/workspaces s=200 d=271ms s=298
INF http m=GET p=/assets/InviteForm-CW-wgFWD.css s=200 d=40µs s=414
INF http m=GET p=/assets/Editor-BYBWY7b1.css s=200 d=55µs s=2240
INF http m=GET p=/assets/Editor-5FlZhQpN.js s=200 d=98µs s=13509
INF http m=GET p=/assets/AdminDashboard-R0heLGro.css s=200 d=66µs s=601
INF http m=POST p=/api/v1/auth/switch-workspace s=200 d=41.3ms s=607
INF http m=GET p=/assets/AdminDashboard-D3Sw1IyX.js s=200 d=59µs s=2075
INF http m=GET p=/manifest.webmanifest s=200 d=72µs s=199
INF http m=GET p=/api/v1/notifications/unread-count s=200 d=3.74ms s=25
INF http m=GET p=/api/v1/workspaces/441NTD9SC000/members s=200 d=5.4ms s=124
INF http m=GET p=/api/v1/workspaces/441NTD9SC000/nodes/0/children s=200 d=25.9ms s=26
INF http m=POST p=/api/v1/workspaces/441NTD9SC000/nodes/0/page/create s=200 d=29.3ms s=35
INF http m=GET p=/api/v1/workspaces/441NTD9SC000/nodes/0/children s=200 d=336µs s=257
INF http m=GET p=/api/v1/workspaces/441NTD9SC000/nodes/441NTFN9U000 s=200 d=825µs s=245
INF http m=POST p=/api/v1/auth/register s=200 d=126ms s=383
INF http m=GET p=/ s=200 d=61µs s=542
INF http m=GET p=/assets/index-SHhnYNGf.js s=200 d=172µs s=49792
INF http m=GET p=/assets/index-DPQ8uk7g.css s=200 d=138µs s=12402
INF http m=GET p=/registerSW.js s=200 d=60µs s=87
INF http m=GET p=/assets/vendor-C3WBU0hm.js s=200 d=175µs s=29762
INF http m=GET p=/assets/editor-vendor-Bje_VwYD.js s=200 d=277µs s=117396
INF http m=GET p=/assets/en-BOb8f2G7.js s=200 d=114µs s=5207
INF http m=GET p=/api/v1/auth/me s=200 d=1.04ms s=164
INF http m=GET p=/api/v1/notifications/unread-count s=200 d=381µs s=25
INF http m=GET p=/sw.js s=200 d=132µs s=5540
INF http m=GET p=/favicon.png s=200 d=45µs s=449
INF http m=POST p=/api/v1/organizations s=200 d=36.4ms s=350
INF http m=GET p=/registerSW.js s=200 d=35µs s=87
INF http m=GET p=/api/v1/auth/me s=200 d=1.59ms s=251
INF http m=GET p=/index.html s=200 d=42µs s=542
INF http m=GET p=/icon.svg s=200 d=30µs s=195
INF http m=GET p=/icon-512.png s=200 d=116µs s=6498
INF http m=GET p=/icon-192.png s=200 d=53µs s=2468
INF http m=GET p=/favicon.png s=200 d=31µs s=449
INF http m=GET p=/apple-touch-icon.png s=200 d=52µs s=2298
INF http m=GET p=/assets/material-symbols-names-mOXCVt15.js s=200 d=98µs s=15793
INF http m=GET p=/assets/fr-CgauyyXq.js s=200 d=80µs s=6301
INF http m=GET p=/assets/es-DHO8DnB9.js s=200 d=76µs s=6015
INF http m=GET p=/assets/emoji-groups-tsNE8Axz.js s=200 d=85µs s=13852
INF http m=GET p=/assets/de-qJeflSp6.js s=200 d=86µs s=6245
INF http m=GET p=/assets/WorkspaceSettingsPanel-CsUOm22X.css s=200 d=31µs s=1025
INF http m=GET p=/assets/WorkspaceSettingsPanel-CM5oaFTF.js s=200 d=544µs s=4443
INF http m=POST p=/api/v1/organizations/441NTHB96000/workspaces s=200 d=183ms s=295
INF http m=GET p=/assets/ServerSettingsPanel-pbgISWIv.css s=200 d=30µs s=596
INF http m=GET p=/assets/ServerSettingsPanel-C8C6nm9a.js s=200 d=59µs s=2550
INF http m=POST p=/api/v1/workspaces/441NTD9SC000/nodes/0/page/create s=200 d=102ms s=26
INF http m=GET p=/assets/ResourceQuotaForm-DTSj8Ta5.css s=200 d=32µs s=302
INF http m=GET p=/w/@441NTD9SC000+workspace/@441NTFN9U000+welcome s=200 d=39µs s=542
INF http m=POST p=/api/v1/auth/switch-workspace s=200 d=21.6ms s=607
INF http m=GET p=/assets/ResourceQuotaForm-D6gJNn3N.js s=200 d=41µs s=812
INF http m=GET p=/api/v1/workspaces/441NTD9SC000/events s=200 d=561ms s=234
INF http m=GET p=/assets/ProfileSettings-rthGIjGN.js s=200 d=72µs s=4319
INF http m=GET p=/api/v1/notifications/unread-count s=200 d=530µs s=25
INF http m=GET p=/api/v1/workspaces/441NTHL18000/members s=200 d=1.6ms s=124
INF http m=GET p=/api/v1/workspaces/441NTHL18000/nodes/0/children s=200 d=4.07ms s=26
INF http m=GET p=/assets/ProfileSettings-D5kbNfHV.css s=200 d=41µs s=1220
INF http m=GET p=/assets/OrgSettingsPanel-BP8s6T0h.css s=200 d=41µs s=511
INF http m=GET p=/assets/OrgSettingsPanel-B78NX7Vn.js s=200 d=92µs s=2302
INF http m=GET p=/assets/InviteForm-R7w4u6kW.js s=200 d=35µs s=1267
INF http m=GET p=/assets/InviteForm-CW-wgFWD.css s=200 d=37µs s=414
INF http m=GET p=/assets/Editor-BYBWY7b1.css s=200 d=33µs s=2240
INF http m=GET p=/assets/Editor-5FlZhQpN.js s=200 d=76µs s=13509
INF http m=GET p=/assets/AdminDashboard-R0heLGro.css s=200 d=40µs s=601
INF http m=POST p=/api/v1/workspaces/441NTHL18000/nodes/0/page/create s=200 d=39.7ms s=35
INF http m=GET p=/api/v1/auth/me s=200 d=250µs s=353
INF http m=GET p=/api/v1/workspaces/441NTHL18000/nodes/0/children s=200 d=310µs s=257
INF http m=GET p=/assets/AdminDashboard-D3Sw1IyX.js s=200 d=27µs s=2075
INF http m=GET p=/manifest.webmanifest s=200 d=42µs s=199
INF http m=GET p=/api/v1/workspaces/441NTHL18000/nodes/441NTJ56S000 s=200 d=291µs s=245
INF http m=GET p=/api/v1/notifications/unread-count s=200 d=182µs s=25
INF http m=GET p=/api/v1/workspaces/441NTD9SC000/members s=200 d=473µs s=124
INF http m=GET p=/api/v1/workspaces/441NTD9SC000/nodes/0/children s=200 d=813µs s=260
INF http m=GET p=/api/v1/workspaces/441NTD9SC000/nodes/441NTFN9U000 s=200 d=3.08ms s=245
INF http m=POST p=/api/v1/workspaces/441NTHL18000/nodes/0/page/create s=200 d=46ms s=26
INF http m=GET p=/w/@441NTHL18000+workspace/@441NTJ56S000+welcome s=200 d=37µs s=542
INF http m=GET p=/api/v1/workspaces/441NTHL18000/events s=200 d=151ms s=234
INF http m=GET p=/api/v1/workspaces/441NTD9SC000/nodes/441NTI61K000 s=200 d=357µs s=153
INF http m=GET p=/api/v1/auth/me s=200 d=466µs s=351
INF http m=GET p=/api/v1/notifications/unread-count s=200 d=209µs s=25
INF http m=GET p=/api/v1/workspaces/441NTHL18000/nodes/0/children s=200 d=379µs s=268
INF http m=GET p=/api/v1/workspaces/441NTHL18000/nodes/441NTJ56S000 s=200 d=626µs s=245
INF http m=GET p=/api/v1/workspaces/441NTHL18000/members s=200 d=1.02ms s=124
INF http m=GET p=/api/v1/workspaces/441NTHL18000/nodes/441NTJNAQ000 s=200 d=335µs s=154
INF http m=GET p=/api/v1/workspaces/441NTD9SC000/events s=200 d=251ms s=93
INF http m=GET p=/api/v1/workspaces/441NTHL18000/events s=200 d=339ms s=93
INF http m=POST p=/api/v1/auth/register s=200 d=137ms s=385
INF http m=GET p=/ s=200 d=107µs s=542
INF http m=GET p=/assets/index-SHhnYNGf.js s=200 d=181µs s=49792
INF http m=GET p=/assets/index-DPQ8uk7g.css s=200 d=142µs s=12402
INF http m=GET p=/assets/editor-vendor-Bje_VwYD.js s=200 d=171µs s=117396
INF http m=GET p=/assets/vendor-C3WBU0hm.js s=200 d=121µs s=29762
INF http m=GET p=/registerSW.js s=200 d=42µs s=87
INF http m=GET p=/api/v1/auth/me s=200 d=272µs s=165
INF http m=GET p=/assets/en-BOb8f2G7.js s=200 d=68µs s=5207
INF http m=GET p=/api/v1/notifications/unread-count s=200 d=162µs s=25
INF http m=GET p=/favicon.png s=200 d=41µs s=449
INF http m=GET p=/sw.js s=200 d=51µs s=5540
INF http m=POST p=/api/v1/auth/register s=200 d=142ms s=387
INF http m=GET p=/ s=200 d=74µs s=542
INF http m=POST p=/api/v1/organizations s=200 d=44.7ms s=349
INF http m=GET p=/registerSW.js s=200 d=40µs s=87
INF http m=GET p=/api/v1/auth/me s=200 d=843µs s=251
INF http m=GET p=/assets/index-SHhnYNGf.js s=200 d=261µs s=49792
INF http m=GET p=/assets/index-DPQ8uk7g.css s=200 d=165µs s=12402
INF http m=GET p=/assets/editor-vendor-Bje_VwYD.js s=200 d=229µs s=117396
INF http m=GET p=/assets/vendor-C3WBU0hm.js s=200 d=119µs s=29762
INF http m=GET p=/index.html s=200 d=29µs s=542
INF http m=GET p=/registerSW.js s=200 d=37µs s=87
INF http m=GET p=/icon.svg s=200 d=38µs s=195
INF http m=GET p=/icon-512.png s=200 d=556µs s=6498
INF http m=GET p=/icon-192.png s=200 d=58µs s=2468
INF http m=GET p=/favicon.png s=200 d=37µs s=449
INF http m=GET p=/apple-touch-icon.png s=200 d=47µs s=2298
INF http m=GET p=/assets/material-symbols-names-mOXCVt15.js s=200 d=121µs s=15793
INF http m=GET p=/assets/en-BOb8f2G7.js s=200 d=99µs s=5207
INF http m=GET p=/api/v1/auth/me s=200 d=710µs s=166
INF http m=GET p=/assets/fr-CgauyyXq.js s=200 d=60µs s=6301
INF http m=GET p=/assets/es-DHO8DnB9.js s=200 d=111µs s=6015
INF http m=GET p=/sw.js s=200 d=90µs s=5540
INF http m=GET p=/api/v1/notifications/unread-count s=200 d=359µs s=25
INF http m=GET p=/assets/emoji-groups-tsNE8Axz.js s=200 d=3.16ms s=13852
INF http m=GET p=/registerSW.js s=200 d=46µs s=87
INF http m=GET p=/index.html s=200 d=55µs s=542
INF http m=GET p=/favicon.png s=200 d=28µs s=449
INF http m=GET p=/icon.svg s=200 d=34µs s=195
INF http m=GET p=/assets/de-qJeflSp6.js s=200 d=91µs s=6245
INF http m=GET p=/icon-512.png s=200 d=80µs s=6498
INF http m=GET p=/assets/WorkspaceSettingsPanel-CsUOm22X.css s=200 d=39µs s=1025
INF http m=GET p=/assets/WorkspaceSettingsPanel-CM5oaFTF.js s=200 d=80µs s=4443
INF http m=GET p=/assets/ServerSettingsPanel-pbgISWIv.css s=200 d=67µs s=596
INF http m=GET p=/icon-192.png s=200 d=35µs s=2468
INF http m=GET p=/assets/ServerSettingsPanel-C8C6nm9a.js s=200 d=40µs s=2550
INF http m=GET p=/assets/ResourceQuotaForm-DTSj8Ta5.css s=200 d=36µs s=302
INF http m=GET p=/favicon.png s=200 d=35µs s=449
INF http m=GET p=/assets/ResourceQuotaForm-D6gJNn3N.js s=200 d=39µs s=812
INF http m=GET p=/assets/ProfileSettings-rthGIjGN.js s=200 d=121µs s=4319
INF http m=GET p=/apple-touch-icon.png s=200 d=63µs s=2298
INF http m=GET p=/assets/ProfileSettings-D5kbNfHV.css s=200 d=35µs s=1220
INF http m=GET p=/assets/OrgSettingsPanel-BP8s6T0h.css s=200 d=37µs s=511
INF http m=GET p=/assets/OrgSettingsPanel-B78NX7Vn.js s=200 d=46µs s=2302
INF http m=GET p=/assets/InviteForm-R7w4u6kW.js s=200 d=48µs s=1267
INF http m=GET p=/assets/InviteForm-CW-wgFWD.css s=200 d=62µs s=414
INF http m=GET p=/assets/material-symbols-names-mOXCVt15.js s=200 d=82µs s=15793
INF http m=POST p=/api/v1/organizations/441NTP0S2000/workspaces s=200 d=350ms s=294
INF http m=GET p=/assets/Editor-BYBWY7b1.css s=200 d=42µs s=2240
INF http m=GET p=/assets/Editor-5FlZhQpN.js s=200 d=82µs s=13509
INF http m=GET p=/assets/AdminDashboard-R0heLGro.css s=200 d=38µs s=601
INF http m=GET p=/assets/AdminDashboard-D3Sw1IyX.js s=200 d=64µs s=2075
INF http m=GET p=/assets/fr-CgauyyXq.js s=200 d=68µs s=6301
INF http m=GET p=/manifest.webmanifest s=200 d=66µs s=199
INF http m=POST p=/api/v1/organizations s=200 d=223ms s=350
INF http m=GET p=/assets/es-DHO8DnB9.js s=200 d=87µs s=6015
INF http m=GET p=/api/v1/auth/me s=200 d=614µs s=252
INF http m=POST p=/api/v1/auth/switch-workspace s=200 d=55.7ms s=605
INF http m=GET p=/assets/emoji-groups-tsNE8Axz.js s=200 d=79µs s=13852
INF http m=GET p=/api/v1/notifications/unread-count s=200 d=173µs s=25
INF http m=GET p=/api/v1/workspaces/441NTPFOI000/members s=200 d=1.19ms s=124
INF http m=GET p=/api/v1/workspaces/441NTPFOI000/nodes/0/children s=200 d=3.45ms s=26
INF http m=GET p=/assets/de-qJeflSp6.js s=200 d=114µs s=6245
INF http m=GET p=/assets/WorkspaceSettingsPanel-CsUOm22X.css s=200 d=30µs s=1025
INF http m=GET p=/assets/WorkspaceSettingsPanel-CM5oaFTF.js s=200 d=146µs s=4443
INF http m=GET p=/assets/ServerSettingsPanel-pbgISWIv.css s=200 d=30µs s=596
INF http m=GET p=/assets/ServerSettingsPanel-C8C6nm9a.js s=200 d=38µs s=2550
INF http m=GET p=/assets/ResourceQuotaForm-DTSj8Ta5.css s=200 d=36µs s=302
INF http m=GET p=/assets/ResourceQuotaForm-D6gJNn3N.js s=200 d=57µs s=812
INF http m=GET p=/assets/ProfileSettings-rthGIjGN.js s=200 d=116µs s=4319
INF http m=GET p=/assets/ProfileSettings-D5kbNfHV.css s=200 d=33µs s=1220
INF http m=GET p=/assets/OrgSettingsPanel-BP8s6T0h.css s=200 d=65µs s=511
INF http m=GET p=/assets/OrgSettingsPanel-B78NX7Vn.js s=200 d=36µs s=2302
INF http m=GET p=/assets/InviteForm-R7w4u6kW.js s=200 d=26µs s=1267
INF http m=GET p=/assets/InviteForm-CW-wgFWD.css s=200 d=25µs s=414
INF http m=GET p=/assets/Editor-BYBWY7b1.css s=200 d=40µs s=2240
INF http m=GET p=/assets/Editor-5FlZhQpN.js s=200 d=119µs s=13509
INF http m=GET p=/assets/AdminDashboard-R0heLGro.css s=200 d=45µs s=601
INF http m=GET p=/assets/AdminDashboard-D3Sw1IyX.js s=200 d=65µs s=2075
INF http m=GET p=/manifest.webmanifest s=200 d=34µs s=199
INF http m=POST p=/api/v1/organizations/441NTQGT6000/workspaces s=200 d=198ms s=297
INF http m=POST p=/api/v1/workspaces/441NTPFOI000/nodes/0/page/create s=200 d=147ms s=35
INF http m=GET p=/api/v1/workspaces/441NTPFOI000/nodes/0/children s=200 d=277µs s=257
INF http m=GET p=/api/v1/workspaces/441NTPFOI000/nodes/441NTS9JC000 s=200 d=629µs s=245
INF http m=POST p=/api/v1/auth/switch-workspace s=200 d=21.1ms s=606
INF http m=GET p=/api/v1/notifications/unread-count s=200 d=6.89ms s=25
INF http m=GET p=/api/v1/workspaces/441NTRUNK000/nodes/0/children s=200 d=6.76ms s=26
INF http m=GET p=/api/v1/workspaces/441NTRUNK000/members s=200 d=6.21ms s=124
INF http m=POST p=/api/v1/workspaces/441NTRUNK000/nodes/0/page/create s=200 d=18.1ms s=35
INF http m=GET p=/api/v1/workspaces/441NTRUNK000/nodes/0/children s=200 d=304µs s=257
INF http m=GET p=/api/v1/workspaces/441NTRUNK000/nodes/441NTTJ9G000 s=200 d=2ms s=245
INF http m=POST p=/api/v1/workspaces/441NTPFOI000/nodes/0/page/create s=200 d=15.5ms s=26
INF http m=GET p=/w/@441NTPFOI000+workspace/@441NTS9JC000+welcome s=200 d=41µs s=542
INF http m=GET p=/api/v1/workspaces/441NTPFOI000/events s=200 d=384ms s=235
INF http m=GET p=/api/v1/auth/me s=200 d=265µs s=352
INF http m=GET p=/api/v1/notifications/unread-count s=200 d=177µs s=25
INF http m=GET p=/api/v1/workspaces/441NTPFOI000/nodes/0/children s=200 d=309µs s=261
INF http m=GET p=/api/v1/workspaces/441NTPFOI000/members s=200 d=175µs s=124
INF http m=GET p=/api/v1/workspaces/441NTPFOI000/nodes/441NTS9JC000 s=200 d=213µs s=245
INF http m=GET p=/api/v1/workspaces/441NTPFOI000/nodes/441NTUET6000 s=200 d=564µs s=153
INF http m=POST p=/api/v1/workspaces/441NTRUNK000/nodes/0/page/create s=200 d=18.7ms s=26
INF http m=GET p=/w/@441NTRUNK000+workspace/@441NTTJ9G000+welcome s=200 d=42µs s=542
INF http m=GET p=/api/v1/workspaces/441NTRUNK000/events s=200 d=471ms s=238
INF http m=GET p=/api/v1/workspaces/441NTPFOI000/events s=200 d=232ms s=93
INF http m=GET p=/api/v1/auth/me s=200 d=1.33ms s=354
INF http m=GET p=/api/v1/notifications/unread-count s=200 d=198µs s=25
INF http m=GET p=/api/v1/workspaces/441NTRUNK000/members s=200 d=5.84ms s=124
INF http m=GET p=/api/v1/workspaces/441NTRUNK000/nodes/441NTTJ9G000 s=200 d=6.15ms s=245
INF http m=GET p=/api/v1/workspaces/441NTRUNK000/nodes/0/children s=200 d=9.44ms s=266
INF http m=GET p=/api/v1/workspaces/441NTRUNK000/nodes/441NU02K8000 s=200 d=366µs s=154
INF http m=POST p=/api/v1/auth/register s=200 d=108ms s=382
INF http m=GET p=/ s=200 d=38µs s=542
INF http m=GET p=/assets/index-SHhnYNGf.js s=200 d=238µs s=49792
INF http m=GET p=/assets/index-DPQ8uk7g.css s=200 d=125µs s=12402
INF http m=GET p=/assets/editor-vendor-Bje_VwYD.js s=200 d=193µs s=117396
INF http m=GET p=/registerSW.js s=200 d=24µs s=87
INF http m=GET p=/assets/vendor-C3WBU0hm.js s=200 d=94µs s=29762
INF http m=GET p=/assets/en-BOb8f2G7.js s=200 d=138µs s=5207
INF http m=GET p=/api/v1/auth/me s=200 d=1.04ms s=165
INF http m=GET p=/favicon.png s=200 d=45µs s=449
INF http m=GET p=/api/v1/notifications/unread-count s=200 d=140µs s=25
INF http m=GET p=/sw.js s=200 d=72µs s=5540
INF http m=GET p=/registerSW.js s=200 d=41µs s=87
INF http m=POST p=/api/v1/organizations s=200 d=66.4ms s=349
INF http m=GET p=/api/v1/auth/me s=200 d=288µs s=250
INF http m=GET p=/index.html s=200 d=46µs s=542
INF http m=GET p=/icon.svg s=200 d=42µs s=195
INF http m=GET p=/icon-512.png s=200 d=78µs s=6498
INF http m=GET p=/icon-192.png s=200 d=53µs s=2468
INF http m=GET p=/api/v1/workspaces/441NTRUNK000/events s=200 d=483ms s=93
INF http m=GET p=/favicon.png s=200 d=41µs s=449
INF http m=GET p=/apple-touch-icon.png s=200 d=60µs s=2298
INF http m=GET p=/assets/material-symbols-names-mOXCVt15.js s=200 d=99µs s=15793
INF http m=GET p=/assets/fr-CgauyyXq.js s=200 d=71µs s=6301
INF http m=GET p=/assets/es-DHO8DnB9.js s=200 d=88µs s=6015
INF http m=GET p=/assets/emoji-groups-tsNE8Axz.js s=200 d=203µs s=13852
INF http m=POST p=/api/v1/organizations/441NU3DP6000/workspaces s=200 d=275ms s=296
INF http m=GET p=/assets/de-qJeflSp6.js s=200 d=85µs s=6245
INF http m=GET p=/assets/WorkspaceSettingsPanel-CsUOm22X.css s=200 d=44µs s=1025
INF http m=GET p=/assets/WorkspaceSettingsPanel-CM5oaFTF.js s=200 d=94µs s=4443
INF http m=POST p=/api/v1/auth/switch-workspace s=200 d=44.9ms s=603
INF http m=GET p=/assets/ServerSettingsPanel-pbgISWIv.css s=200 d=37µs s=596
INF http m=GET p=/assets/ServerSettingsPanel-C8C6nm9a.js s=200 d=61µs s=2550
INF http m=GET p=/assets/ResourceQuotaForm-DTSj8Ta5.css s=200 d=42µs s=302
INF http m=GET p=/assets/ResourceQuotaForm-D6gJNn3N.js s=200 d=42µs s=812
INF http m=GET p=/api/v1/notifications/unread-count s=200 d=192µs s=25
INF http m=GET p=/api/v1/workspaces/441NU3TCE000/members s=200 d=12.9ms s=124
INF http m=GET p=/api/v1/workspaces/441NU3TCE000/nodes/0/children s=200 d=18.8ms s=26
INF http m=GET p=/assets/ProfileSettings-rthGIjGN.js s=200 d=136µs s=4319
INF http m=GET p=/assets/ProfileSettings-D5kbNfHV.css s=200 d=43µs s=1220
INF http m=GET p=/assets/OrgSettingsPanel-BP8s6T0h.css s=200 d=43µs s=511
INF http m=GET p=/assets/OrgSettingsPanel-B78NX7Vn.js s=200 d=82µs s=2302
INF http m=GET p=/assets/InviteForm-R7w4u6kW.js s=200 d=34µs s=1267
INF http m=GET p=/assets/InviteForm-CW-wgFWD.css s=200 d=41µs s=414
INF http m=GET p=/assets/Editor-BYBWY7b1.css s=200 d=53µs s=2240
INF http m=GET p=/assets/Editor-5FlZhQpN.js s=200 d=91µs s=13509
INF http m=POST p=/api/v1/workspaces/441NU3TCE000/nodes/0/page/create s=200 d=38ms s=35
INF http m=GET p=/api/v1/workspaces/441NU3TCE000/nodes/0/children s=200 d=834µs s=257
INF http m=GET p=/assets/AdminDashboard-R0heLGro.css s=200 d=56µs s=601
INF http m=GET p=/api/v1/workspaces/441NU3TCE000/nodes/441NU6CGE000 s=200 d=769µs s=245
INF http m=GET p=/assets/AdminDashboard-D3Sw1IyX.js s=200 d=127µs s=2075
INF http m=GET p=/manifest.webmanifest s=200 d=42µs s=199
INF http m=POST p=/api/v1/auth/register s=200 d=181ms s=389
INF http m=GET p=/ s=200 d=62µs s=542
INF http m=GET p=/assets/index-SHhnYNGf.js s=200 d=203µs s=49792
INF http m=GET p=/assets/index-DPQ8uk7g.css s=200 d=199µs s=12402
INF http m=GET p=/assets/editor-vendor-Bje_VwYD.js s=200 d=246µs s=117396
INF http m=GET p=/assets/vendor-C3WBU0hm.js s=200 d=139µs s=29762
INF http m=GET p=/registerSW.js s=200 d=34µs s=87
INF http m=GET p=/assets/en-BOb8f2G7.js s=200 d=81µs s=5207
INF http m=GET p=/api/v1/auth/me s=200 d=1.49ms s=167
INF http m=GET p=/api/v1/notifications/unread-count s=200 d=270µs s=25
INF http m=GET p=/favicon.png s=200 d=29µs s=449
INF http m=GET p=/sw.js s=200 d=81µs s=5540
INF http m=POST p=/api/v1/organizations s=200 d=31.6ms s=350
INF http m=GET p=/registerSW.js s=200 d=44µs s=87
INF http m=GET p=/api/v1/auth/me s=200 d=683µs s=252
INF http m=GET p=/index.html s=200 d=36µs s=542
INF http m=GET p=/icon.svg s=200 d=71µs s=195
INF http m=GET p=/icon-512.png s=200 d=134µs s=6498
INF http m=GET p=/icon-192.png s=200 d=40µs s=2468
INF http m=GET p=/favicon.png s=200 d=27µs s=449
INF http m=GET p=/apple-touch-icon.png s=200 d=32µs s=2298
INF http m=GET p=/assets/material-symbols-names-mOXCVt15.js s=200 d=173µs s=15793
INF http m=GET p=/assets/fr-CgauyyXq.js s=200 d=87µs s=6301
INF http m=GET p=/assets/es-DHO8DnB9.js s=200 d=78µs s=6015
INF http m=GET p=/assets/emoji-groups-tsNE8Axz.js s=200 d=103µs s=13852
INF http m=GET p=/assets/de-qJeflSp6.js s=200 d=109µs s=6245
INF http m=GET p=/assets/WorkspaceSettingsPanel-CsUOm22X.css s=200 d=38µs s=1025
INF http m=GET p=/assets/WorkspaceSettingsPanel-CM5oaFTF.js s=200 d=65µs s=4443
INF http m=GET p=/assets/ServerSettingsPanel-pbgISWIv.css s=200 d=41µs s=596
INF http m=GET p=/assets/ServerSettingsPanel-C8C6nm9a.js s=200 d=36µs s=2550
INF http m=GET p=/assets/ResourceQuotaForm-DTSj8Ta5.css s=200 d=28µs s=302
INF http m=GET p=/assets/ResourceQuotaForm-D6gJNn3N.js s=200 d=28µs s=812
INF http m=GET p=/assets/ProfileSettings-rthGIjGN.js s=200 d=60µs s=4319
INF http m=GET p=/assets/ProfileSettings-D5kbNfHV.css s=200 d=31µs s=1220
INF http m=POST p=/api/v1/organizations/441NU83SA000/workspaces s=200 d=196ms s=296
INF http m=GET p=/assets/OrgSettingsPanel-BP8s6T0h.css s=200 d=24µs s=511
INF http m=POST p=/api/v1/workspaces/441NU3TCE000/nodes/0/page/create s=200 d=123ms s=26
INF http m=GET p=/assets/OrgSettingsPanel-B78NX7Vn.js s=200 d=31µs s=2302
INF http m=GET p=/assets/InviteForm-R7w4u6kW.js s=200 d=41µs s=1267
INF http m=GET p=/w/@441NU3TCE000+workspace/@441NU6CGE000+welcome s=200 d=49µs s=542
INF http m=GET p=/assets/InviteForm-CW-wgFWD.css s=200 d=38µs s=414
INF http m=POST p=/api/v1/auth/switch-workspace s=200 d=21.6ms s=605
INF http m=GET p=/api/v1/workspaces/441NU3TCE000/events s=200 d=601ms s=236
INF http m=GET p=/assets/Editor-BYBWY7b1.css s=200 d=38µs s=2240
INF http m=GET p=/assets/Editor-5FlZhQpN.js s=200 d=82µs s=13509
INF http m=GET p=/assets/AdminDashboard-R0heLGro.css s=200 d=30µs s=601
INF http m=GET p=/api/v1/notifications/unread-count s=200 d=602µs s=25
INF http m=GET p=/api/v1/workspaces/441NU8FGK000/members s=200 d=574µs s=124
INF http m=GET p=/api/v1/workspaces/441NU8FGK000/nodes/0/children s=200 d=856µs s=26
INF http m=GET p=/assets/AdminDashboard-D3Sw1IyX.js s=200 d=75µs s=2075
INF http m=GET p=/manifest.webmanifest s=200 d=32µs s=199
INF http m=POST p=/api/v1/workspaces/441NU8FGK000/nodes/0/page/create s=200 d=29ms s=35
INF http m=GET p=/api/v1/workspaces/441NU8FGK000/nodes/0/children s=200 d=284µs s=257
INF http m=GET p=/api/v1/auth/me s=200 d=476µs s=350
INF http m=GET p=/api/v1/workspaces/441NU8FGK000/nodes/441NUA1U2000 s=200 d=269µs s=245
INF http m=GET p=/api/v1/notifications/unread-count s=200 d=217µs s=25
INF http m=GET p=/api/v1/workspaces/441NU3TCE000/members s=200 d=1.05ms s=124
INF http m=GET p=/api/v1/workspaces/441NU3TCE000/nodes/441NU6CGE000 s=200 d=1.58ms s=245
INF http m=GET p=/api/v1/workspaces/441NU3TCE000/nodes/0/children s=200 d=2.66ms s=264
INF http m=POST p=/api/v1/workspaces/441NU8FGK000/nodes/0/page/create s=200 d=32.5ms s=26
INF http m=GET p=/w/@441NU8FGK000+workspace/@441NUA1U2000+welcome s=200 d=36µs s=542
INF http m=GET p=/api/v1/workspaces/441NU8FGK000/events s=200 d=137ms s=233
INF http m=GET p=/api/v1/workspaces/441NU3TCE000/nodes/441NU8URS000 s=200 d=394µs s=155
INF http m=GET p=/api/v1/auth/me s=200 d=269µs s=351
INF http m=GET p=/api/v1/notifications/unread-count s=200 d=616µs s=25
INF http m=GET p=/api/v1/workspaces/441NU8FGK000/nodes/0/children s=200 d=524µs s=262
INF http m=GET p=/api/v1/workspaces/441NU8FGK000/members s=200 d=170µs s=124
INF http m=GET p=/api/v1/workspaces/441NU8FGK000/nodes/441NUA1U2000 s=200 d=2.95ms s=245
INF http m=GET p=/api/v1/workspaces/441NU8FGK000/nodes/441NUAJ3O000 s=200 d=371µs s=155
INF http m=GET p=/api/v1/workspaces/441NU3TCE000/events s=200 d=310ms s=93
INF http m=GET p=/api/v1/workspaces/441NU8FGK000/events s=200 d=381ms s=93
INF http m=POST p=/api/v1/auth/register s=200 d=115ms s=385
INF http m=GET p=/ s=200 d=70µs s=542
INF http m=GET p=/assets/index-SHhnYNGf.js s=200 d=178µs s=49792
INF http m=GET p=/assets/index-DPQ8uk7g.css s=200 d=176µs s=12402
INF http m=GET p=/registerSW.js s=200 d=63µs s=87
INF http m=GET p=/assets/vendor-C3WBU0hm.js s=200 d=117µs s=29762
INF http m=GET p=/assets/editor-vendor-Bje_VwYD.js s=200 d=148µs s=117396
INF http m=GET p=/assets/en-BOb8f2G7.js s=200 d=105µs s=5207
INF http m=GET p=/api/v1/auth/me s=200 d=543µs s=166
INF http m=GET p=/api/v1/notifications/unread-count s=200 d=197µs s=25
INF http m=GET p=/favicon.png s=200 d=31µs s=449
INF http m=GET p=/sw.js s=200 d=93µs s=5540
INF http m=POST p=/api/v1/organizations s=200 d=43.1ms s=350
INF http m=GET p=/api/v1/auth/me s=200 d=764µs s=250
INF http m=GET p=/registerSW.js s=200 d=36µs s=87
INF http m=GET p=/index.html s=200 d=38µs s=542
INF http m=GET p=/icon.svg s=200 d=36µs s=195
INF http m=GET p=/icon-512.png s=200 d=80µs s=6498
INF http m=GET p=/icon-192.png s=200 d=58µs s=2468
INF http m=GET p=/favicon.png s=200 d=33µs s=449
INF http m=GET p=/apple-touch-icon.png s=200 d=58µs s=2298
INF http m=GET p=/assets/material-symbols-names-mOXCVt15.js s=200 d=966µs s=15793
INF http m=GET p=/assets/fr-CgauyyXq.js s=200 d=92µs s=6301
INF http m=GET p=/assets/es-DHO8DnB9.js s=200 d=128µs s=6015
INF http m=GET p=/assets/emoji-groups-tsNE8Axz.js s=200 d=117µs s=13852
INF http m=POST p=/api/v1/organizations/441NUFT4M000/workspaces s=200 d=258ms s=296
INF http m=GET p=/assets/de-qJeflSp6.js s=200 d=67µs s=6245
INF http m=POST p=/api/v1/auth/register s=200 d=365ms s=382
INF http m=GET p=/assets/WorkspaceSettingsPanel-CsUOm22X.css s=200 d=51µs s=1025
INF http m=GET p=/assets/WorkspaceSettingsPanel-CM5oaFTF.js s=200 d=81µs s=4443
INF http m=POST p=/api/v1/auth/switch-workspace s=200 d=29.4ms s=577
INF http m=GET p=/assets/ServerSettingsPanel-pbgISWIv.css s=200 d=38µs s=596
INF http m=GET p=/ s=200 d=52µs s=542
INF http m=GET p=/assets/ServerSettingsPanel-C8C6nm9a.js s=200 d=61µs s=2550
INF http m=GET p=/assets/ResourceQuotaForm-DTSj8Ta5.css s=200 d=55µs s=302
INF http m=GET p=/assets/ResourceQuotaForm-D6gJNn3N.js s=200 d=45µs s=812
INF http m=GET p=/api/v1/notifications/unread-count s=200 d=165µs s=25
INF http m=GET p=/api/v1/workspaces/441NUG7P6000/nodes/0/children s=200 d=1.31ms s=26
INF http m=GET p=/assets/index-SHhnYNGf.js s=200 d=207µs s=49792
INF http m=GET p=/assets/ProfileSettings-rthGIjGN.js s=200 d=69µs s=4319
INF http m=GET p=/assets/index-DPQ8uk7g.css s=200 d=172µs s=12402
INF http m=GET p=/api/v1/workspaces/441NUG7P6000/members s=200 d=577µs s=124
INF http m=GET p=/assets/vendor-C3WBU0hm.js s=200 d=193µs s=29762
INF http m=GET p=/assets/editor-vendor-Bje_VwYD.js s=200 d=171µs s=117396
INF http m=GET p=/assets/ProfileSettings-D5kbNfHV.css s=200 d=31µs s=1220
INF http m=GET p=/registerSW.js s=200 d=34µs s=87
INF http m=GET p=/assets/OrgSettingsPanel-BP8s6T0h.css s=200 d=55µs s=511
INF http m=GET p=/assets/OrgSettingsPanel-B78NX7Vn.js s=200 d=135µs s=2302
INF http m=GET p=/assets/InviteForm-R7w4u6kW.js s=200 d=35µs s=1267
INF http m=GET p=/assets/InviteForm-CW-wgFWD.css s=200 d=45µs s=414
INF http m=GET p=/assets/Editor-BYBWY7b1.css s=200 d=50µs s=2240
INF http m=POST p=/api/v1/workspaces/441NUG7P6000/nodes/0/page/create s=200 d=37.9ms s=35
INF http m=GET p=/assets/Editor-5FlZhQpN.js s=200 d=82µs s=13509
INF http m=GET p=/api/v1/workspaces/441NUG7P6000/nodes/0/children s=200 d=592µs s=263
INF http m=GET p=/assets/AdminDashboard-R0heLGro.css s=200 d=35µs s=601
INF http m=GET p=/api/v1/workspaces/441NUG7P6000/nodes/441NUIKTK000 s=200 d=294µs s=245
INF http m=GET p=/assets/AdminDashboard-D3Sw1IyX.js s=200 d=47µs s=2075
INF http m=POST p=/api/v1/workspaces/441NUG7P6000/nodes/0/page/create s=200 d=70.2ms s=26
INF http m=GET p=/manifest.webmanifest s=200 d=42µs s=199
INF http m=GET p=/api/v1/auth/me s=200 d=305µs s=166
INF http m=GET p=/w/@441NUG7P6000+workspace/@441NUIKTK000+welcome s=200 d=42µs s=542
INF http m=GET p=/assets/en-BOb8f2G7.js s=200 d=102µs s=5207
INF http m=GET p=/api/v1/notifications/unread-count s=200 d=591µs s=25
INF http m=GET p=/sw.js s=200 d=69µs s=5540
INF http m=GET p=/api/v1/workspaces/441NUG7P6000/events s=200 d=148ms s=232
INF http m=GET p=/registerSW.js s=200 d=37µs s=87
INF http m=GET p=/favicon.png s=200 d=55µs s=449
INF http m=POST p=/api/v1/organizations s=200 d=42.7ms s=351
INF http m=GET p=/registerSW.js s=200 d=40µs s=87
INF http m=GET p=/api/v1/auth/me s=200 d=680µs s=253
INF http m=GET p=/api/v1/auth/me s=200 d=490µs s=351
INF http m=GET p=/index.html s=200 d=40µs s=542
INF http m=GET p=/icon.svg s=200 d=57µs s=195
INF http m=GET p=/icon-512.png s=200 d=166µs s=6498
INF http m=GET p=/icon-192.png s=200 d=44µs s=2468
INF http m=GET p=/favicon.png s=200 d=40µs s=449
INF http m=GET p=/apple-touch-icon.png s=200 d=58µs s=2298
INF http m=GET p=/api/v1/notifications/unread-count s=200 d=2.62ms s=25
INF http m=GET p=/api/v1/workspaces/441NUG7P6000/nodes/0/children s=200 d=8.61ms s=263
INF http m=GET p=/api/v1/workspaces/441NUG7P6000/members s=200 d=9.5ms s=124
INF http m=GET p=/assets/material-symbols-names-mOXCVt15.js s=200 d=140µs s=15793
INF http m=GET p=/api/v1/workspaces/441NUG7P6000/nodes/441NUIKTK000 s=200 d=30.8ms s=245
INF http m=GET p=/assets/fr-CgauyyXq.js s=200 d=778µs s=6301
INF http m=GET p=/assets/es-DHO8DnB9.js s=200 d=157µs s=6015
INF http m=GET p=/api/v1/workspaces/441NUG7P6000/nodes/441NUIQ38000 s=200 d=790µs s=155
INF http m=GET p=/assets/emoji-groups-tsNE8Axz.js s=200 d=106µs s=13852
INF http m=GET p=/assets/de-qJeflSp6.js s=200 d=98µs s=6245
INF http m=GET p=/assets/WorkspaceSettingsPanel-CsUOm22X.css s=200 d=33µs s=1025
INF http m=GET p=/assets/WorkspaceSettingsPanel-CM5oaFTF.js s=200 d=143µs s=4443
INF http m=GET p=/assets/ServerSettingsPanel-pbgISWIv.css s=200 d=41µs s=596
INF http m=GET p=/assets/ServerSettingsPanel-C8C6nm9a.js s=200 d=51µs s=2550
INF http m=GET p=/assets/ResourceQuotaForm-DTSj8Ta5.css s=200 d=31µs s=302
INF http m=POST p=/api/v1/organizations/441NUJEJ4000/workspaces s=200 d=231ms s=295
INF http m=GET p=/assets/ResourceQuotaForm-D6gJNn3N.js s=200 d=39µs s=812
INF http m=GET p=/assets/ProfileSettings-rthGIjGN.js s=200 d=119µs s=4319
INF http m=GET p=/assets/ProfileSettings-D5kbNfHV.css s=200 d=36µs s=1220
INF http m=GET p=/assets/OrgSettingsPanel-BP8s6T0h.css s=200 d=50µs s=511
INF http m=GET p=/assets/OrgSettingsPanel-B78NX7Vn.js s=200 d=48µs s=2302
INF http m=POST p=/api/v1/auth/switch-workspace s=200 d=21.3ms s=605
INF http m=GET p=/assets/InviteForm-R7w4u6kW.js s=200 d=36µs s=1267
INF http m=GET p=/assets/InviteForm-CW-wgFWD.css s=200 d=49µs s=414
INF http m=GET p=/api/v1/notifications/unread-count s=200 d=212µs s=25
INF http m=GET p=/api/v1/workspaces/441NUJRS8000/nodes/0/children s=200 d=329µs s=26
INF http m=GET p=/api/v1/workspaces/441NUJRS8000/members s=200 d=455µs s=124
INF http m=GET p=/assets/Editor-BYBWY7b1.css s=200 d=115µs s=2240
INF http m=GET p=/assets/Editor-5FlZhQpN.js s=200 d=129µs s=13509
INF http m=GET p=/assets/AdminDashboard-R0heLGro.css s=200 d=41µs s=601
INF http m=GET p=/assets/AdminDashboard-D3Sw1IyX.js s=200 d=49µs s=2075
INF http m=POST p=/api/v1/workspaces/441NUJRS8000/nodes/0/page/create s=200 d=43.5ms s=35
INF http m=GET p=/api/v1/workspaces/441NUJRS8000/nodes/0/children s=200 d=1.09ms s=263
INF http m=GET p=/manifest.webmanifest s=200 d=36µs s=199
INF http m=GET p=/api/v1/workspaces/441NUJRS8000/nodes/441NULK4O000 s=200 d=493µs s=245
INF http m=GET p=/api/v1/workspaces/441NUG7P6000/events s=200 d=322ms s=93
INF http m=POST p=/api/v1/workspaces/441NUJRS8000/nodes/0/page/create s=200 d=57.7ms s=26
INF http m=GET p=/w/@441NUJRS8000+workspace/@441NULK4O000+welcome s=200 d=42µs s=542
INF http m=GET p=/api/v1/workspaces/441NUJRS8000/events s=200 d=154ms s=234
INF http m=GET p=/api/v1/auth/me s=200 d=551µs s=355
INF http m=GET p=/api/v1/notifications/unread-count s=200 d=690µs s=25
INF http m=GET p=/api/v1/workspaces/441NUJRS8000/members s=200 d=1.48ms s=124
INF http m=GET p=/api/v1/workspaces/441NUJRS8000/nodes/0/children s=200 d=1.34ms s=263
INF http m=GET p=/api/v1/workspaces/441NUJRS8000/nodes/441NULK4O000 s=200 d=666µs s=245
INF http m=GET p=/api/v1/workspaces/441NUJRS8000/nodes/441NULTN6000 s=200 d=346µs s=155
INF http m=POST p=/api/v1/auth/register s=200 d=119ms s=385
INF http m=GET p=/ s=200 d=65µs s=542
INF http m=GET p=/assets/index-SHhnYNGf.js s=200 d=172µs s=49792
INF http m=GET p=/assets/index-DPQ8uk7g.css s=200 d=2.01ms s=12402
INF http m=GET p=/assets/editor-vendor-Bje_VwYD.js s=200 d=200µs s=117396
INF http m=GET p=/assets/vendor-C3WBU0hm.js s=200 d=152µs s=29762
INF http m=GET p=/registerSW.js s=200 d=41µs s=87
INF http m=GET p=/assets/en-BOb8f2G7.js s=200 d=106µs s=5207
INF http m=GET p=/api/v1/auth/me s=200 d=8.95ms s=167
INF http m=GET p=/favicon.png s=200 d=54µs s=449
INF http m=GET p=/api/v1/notifications/unread-count s=200 d=186µs s=25
INF http m=GET p=/sw.js s=200 d=69µs s=5540
INF http m=POST p=/api/v1/organizations s=200 d=51.9ms s=352
INF http m=GET p=/registerSW.js s=200 d=38µs s=87
INF http m=GET p=/api/v1/auth/me s=200 d=260µs s=252
INF http m=GET p=/api/v1/workspaces/441NUJRS8000/events s=200 d=437ms s=93
INF http m=GET p=/index.html s=200 d=34µs s=542
INF http m=GET p=/icon.svg s=200 d=47µs s=195
INF http m=GET p=/icon-512.png s=200 d=78µs s=6498
INF http m=GET p=/icon-192.png s=200 d=55µs s=2468
INF http m=GET p=/favicon.png s=200 d=38µs s=449
INF http m=GET p=/apple-touch-icon.png s=200 d=54µs s=2298
INF http m=GET p=/assets/material-symbols-names-mOXCVt15.js s=200 d=118µs s=15793
INF http m=GET p=/assets/fr-CgauyyXq.js s=200 d=89µs s=6301
INF http m=GET p=/assets/es-DHO8DnB9.js s=200 d=74µs s=6015
INF http m=GET p=/assets/emoji-groups-tsNE8Axz.js s=200 d=115µs s=13852
INF http m=GET p=/assets/de-qJeflSp6.js s=200 d=80µs s=6245
INF http m=GET p=/assets/WorkspaceSettingsPanel-CsUOm22X.css s=200 d=39µs s=1025
INF http m=GET p=/assets/WorkspaceSettingsPanel-CM5oaFTF.js s=200 d=57µs s=4443
INF http m=GET p=/assets/ServerSettingsPanel-pbgISWIv.css s=200 d=40µs s=596
INF http m=GET p=/assets/ServerSettingsPanel-C8C6nm9a.js s=200 d=69µs s=2550
INF http m=GET p=/assets/ResourceQuotaForm-DTSj8Ta5.css s=200 d=41µs s=302
INF http m=POST p=/api/v1/organizations/441NUPL6S000/workspaces s=200 d=347ms s=298
INF http m=GET p=/assets/ResourceQuotaForm-D6gJNn3N.js s=200 d=32µs s=812
INF http m=GET p=/assets/ProfileSettings-rthGIjGN.js s=200 d=77µs s=4319
INF http m=GET p=/assets/ProfileSettings-D5kbNfHV.css s=200 d=40µs s=1220
INF http m=GET p=/assets/OrgSettingsPanel-BP8s6T0h.css s=200 d=31µs s=511
INF http m=GET p=/assets/OrgSettingsPanel-B78NX7Vn.js s=200 d=46µs s=2302
INF http m=GET p=/assets/InviteForm-R7w4u6kW.js s=200 d=44µs s=1267
INF http m=POST p=/api/v1/auth/switch-workspace s=200 d=33.9ms s=604
INF http m=GET p=/assets/InviteForm-CW-wgFWD.css s=200 d=33µs s=414
INF http m=GET p=/assets/Editor-BYBWY7b1.css s=200 d=61µs s=2240
INF http m=POST p=/api/v1/auth/register s=200 d=146ms s=385
INF http m=GET p=/assets/Editor-5FlZhQpN.js s=200 d=91µs s=13509
INF http m=GET p=/api/v1/notifications/unread-count s=200 d=207µs s=25
INF http m=GET p=/ s=200 d=1.14ms s=542
INF http m=GET p=/assets/AdminDashboard-R0heLGro.css s=200 d=26µs s=601
INF http m=GET p=/api/v1/workspaces/441NUQ3EG000/nodes/0/children s=200 d=6.93ms s=26
INF http m=GET p=/api/v1/workspaces/441NUQ3EG000/members s=200 d=4.26ms s=124
INF http m=GET p=/assets/AdminDashboard-D3Sw1IyX.js s=200 d=68µs s=2075
INF http m=GET p=/assets/editor-vendor-Bje_VwYD.js s=200 d=232µs s=117396
INF http m=GET p=/assets/index-SHhnYNGf.js s=200 d=145µs s=49792
INF http m=GET p=/assets/index-DPQ8uk7g.css s=200 d=358µs s=12402
INF http m=GET p=/manifest.webmanifest s=200 d=31µs s=199
INF http m=GET p=/assets/vendor-C3WBU0hm.js s=200 d=168µs s=29762
INF http m=GET p=/registerSW.js s=200 d=67µs s=87
INF http m=POST p=/api/v1/workspaces/441NUQ3EG000/nodes/0/page/create s=200 d=50.9ms s=35
INF http m=GET p=/api/v1/workspaces/441NUQ3EG000/nodes/0/children s=200 d=721µs s=257
INF http m=GET p=/api/v1/workspaces/441NUQ3EG000/nodes/441NUT1S4000 s=200 d=706µs s=245
INF http m=GET p=/assets/en-BOb8f2G7.js s=200 d=125µs s=5207
INF http m=GET p=/api/v1/auth/me s=200 d=1.05ms s=163
INF http m=GET p=/api/v1/notifications/unread-count s=200 d=182µs s=25
INF http m=GET p=/sw.js s=200 d=121µs s=5540
INF http m=GET p=/favicon.png s=200 d=41µs s=449
INF http m=POST p=/api/v1/organizations s=200 d=31.8ms s=351
INF http m=GET p=/api/v1/auth/me s=200 d=1.56ms s=250
INF http m=GET p=/registerSW.js s=200 d=35µs s=87
INF http m=GET p=/index.html s=200 d=42µs s=542
INF http m=GET p=/icon.svg s=200 d=35µs s=195
INF http m=GET p=/icon-512.png s=200 d=108µs s=6498
INF http m=GET p=/icon-192.png s=200 d=49µs s=2468
INF http m=GET p=/favicon.png s=200 d=36µs s=449
INF http m=GET p=/apple-touch-icon.png s=200 d=40µs s=2298
INF http m=GET p=/assets/material-symbols-names-mOXCVt15.js s=200 d=96µs s=15793
INF http m=GET p=/assets/fr-CgauyyXq.js s=200 d=90µs s=6301
INF http m=GET p=/assets/es-DHO8DnB9.js s=200 d=65µs s=6015
INF http m=GET p=/assets/emoji-groups-tsNE8Axz.js s=200 d=803µs s=13852
INF http m=GET p=/assets/de-qJeflSp6.js s=200 d=90µs s=6245
INF http m=POST p=/api/v1/organizations/441NUTSI2000/workspaces s=200 d=212ms s=296
INF http m=GET p=/assets/WorkspaceSettingsPanel-CsUOm22X.css s=200 d=33µs s=1025
INF http m=POST p=/api/v1/workspaces/441NUQ3EG000/nodes/0/page/create s=200 d=51.2ms s=26
INF http m=GET p=/assets/WorkspaceSettingsPanel-CM5oaFTF.js s=200 d=73µs s=4443
INF http m=GET p=/w/@441NUQ3EG000+workspace/@441NUT1S4000+welcome s=200 d=28µs s=542
INF http m=GET p=/assets/ServerSettingsPanel-pbgISWIv.css s=200 d=29µs s=596
INF http m=GET p=/assets/ServerSettingsPanel-C8C6nm9a.js s=200 d=36µs s=2550
INF http m=GET p=/api/v1/workspaces/441NUQ3EG000/events s=200 d=436ms s=237
INF http m=POST p=/api/v1/auth/switch-workspace s=200 d=24.5ms s=605
INF http m=GET p=/assets/ResourceQuotaForm-DTSj8Ta5.css s=200 d=42µs s=302
INF http m=GET p=/assets/ResourceQuotaForm-D6gJNn3N.js s=200 d=41µs s=812
INF http m=GET p=/api/v1/notifications/unread-count s=200 d=850µs s=25
INF http m=GET p=/assets/ProfileSettings-rthGIjGN.js s=200 d=88µs s=4319
INF http m=GET p=/api/v1/workspaces/441NUU5S0000/members s=200 d=3.24ms s=124
INF http m=GET p=/api/v1/workspaces/441NUU5S0000/nodes/0/children s=200 d=3.19ms s=26
INF http m=GET p=/assets/ProfileSettings-D5kbNfHV.css s=200 d=48µs s=1220
INF http m=GET p=/assets/OrgSettingsPanel-BP8s6T0h.css s=200 d=33µs s=511
INF http m=GET p=/assets/OrgSettingsPanel-B78NX7Vn.js s=200 d=68µs s=2302
INF http m=GET p=/assets/InviteForm-R7w4u6kW.js s=200 d=28µs s=1267
INF http m=GET p=/assets/InviteForm-CW-wgFWD.css s=200 d=25µs s=414
INF http m=GET p=/assets/Editor-BYBWY7b1.css s=200 d=43µs s=2240
INF http m=GET p=/api/v1/auth/me s=200 d=252µs s=353
INF http m=GET p=/assets/Editor-5FlZhQpN.js s=200 d=71µs s=13509
INF http m=POST p=/api/v1/workspaces/441NUU5S0000/nodes/0/page/create s=200 d=30.6ms s=35
INF http m=GET p=/api/v1/workspaces/441NUU5S0000/nodes/0/children s=200 d=807µs s=257
INF http m=GET p=/assets/AdminDashboard-R0heLGro.css s=200 d=33µs s=601
INF http m=GET p=/assets/AdminDashboard-D3Sw1IyX.js s=200 d=78µs s=2075
INF http m=GET p=/api/v1/workspaces/441NUU5S0000/nodes/441NUVUIA000 s=200 d=588µs s=245
INF http m=GET p=/manifest.webmanifest s=200 d=34µs s=199
INF http m=GET p=/api/v1/notifications/unread-count s=200 d=2.64ms s=25
INF http m=GET p=/api/v1/workspaces/441NUQ3EG000/nodes/0/children s=200 d=6.08ms s=266
INF http m=GET p=/api/v1/workspaces/441NUQ3EG000/members s=200 d=955µs s=124
INF http m=GET p=/api/v1/workspaces/441NUQ3EG000/nodes/441NUT1S4000 s=200 d=2.22ms s=245
INF http m=POST p=/api/v1/workspaces/441NUU5S0000/nodes/0/page/create s=200 d=37.8ms s=26
INF http m=GET p=/w/@441NUU5S0000+workspace/@441NUVUIA000+welcome s=200 d=52µs s=542
INF http m=GET p=/api/v1/workspaces/441NUU5S0000/events s=200 d=155ms s=236
INF http m=GET p=/api/v1/workspaces/441NUQ3EG000/nodes/441NUV6D8000 s=200 d=2.09ms s=155
INF http m=GET p=/api/v1/auth/me s=200 d=275µs s=352
INF http m=GET p=/api/v1/notifications/unread-count s=200 d=198µs s=25
INF http m=GET p=/api/v1/workspaces/441NUU5S0000/nodes/441NUVUIA000 s=200 d=1.29ms s=245
INF http m=GET p=/api/v1/workspaces/441NUU5S0000/members s=200 d=142µs s=124
INF http m=GET p=/api/v1/workspaces/441NUU5S0000/nodes/0/children s=200 d=3.52ms s=264
INF http m=GET p=/api/v1/workspaces/441NUU5S0000/nodes/441NV0BA2000 s=200 d=759µs s=154
INF http m=GET p=/api/v1/workspaces/441NUQ3EG000/events s=200 d=254ms s=93
INF http m=GET p=/api/v1/workspaces/441NUU5S0000/events s=200 d=418ms s=93
INF http m=POST p=/api/v1/auth/register s=200 d=144ms s=386
INF http m=GET p=/ s=200 d=64µs s=542
INF http m=GET p=/assets/editor-vendor-Bje_VwYD.js s=200 d=203µs s=117396
INF http m=GET p=/assets/index-DPQ8uk7g.css s=200 d=122µs s=12402
INF http m=GET p=/registerSW.js s=200 d=28µs s=87
INF http m=GET p=/assets/index-SHhnYNGf.js s=200 d=122µs s=49792
INF http m=GET p=/assets/vendor-C3WBU0hm.js s=200 d=6.41ms s=29762
INF http m=GET p=/api/v1/auth/me s=200 d=696µs s=165
INF http m=GET p=/assets/en-BOb8f2G7.js s=200 d=89µs s=5207
INF http m=GET p=/api/v1/notifications/unread-count s=200 d=161µs s=25
INF http m=GET p=/sw.js s=200 d=58µs s=5540
INF http m=GET p=/favicon.png s=200 d=31µs s=449
INF http m=POST p=/api/v1/auth/register s=200 d=144ms s=386
INF http m=GET p=/registerSW.js s=200 d=47µs s=87
INF http m=GET p=/ s=200 d=64µs s=542
INF http m=GET p=/index.html s=200 d=53µs s=542
INF http m=POST p=/api/v1/organizations s=200 d=65.2ms s=350
INF http m=GET p=/icon.svg s=200 d=93µs s=195
INF http m=GET p=/api/v1/auth/me s=200 d=764µs s=253
INF http m=GET p=/icon-512.png s=200 d=78µs s=6498
INF http m=GET p=/assets/index-DPQ8uk7g.css s=200 d=127µs s=12402
INF http m=GET p=/icon-192.png s=200 d=34µs s=2468
INF http m=GET p=/assets/index-SHhnYNGf.js s=200 d=2.03ms s=49792
INF http m=GET p=/assets/editor-vendor-Bje_VwYD.js s=200 d=222µs s=117396
INF http m=GET p=/assets/vendor-C3WBU0hm.js s=200 d=144µs s=29762
INF http m=GET p=/favicon.png s=200 d=32µs s=449
INF http m=GET p=/registerSW.js s=200 d=52µs s=87
INF http m=GET p=/apple-touch-icon.png s=200 d=66µs s=2298
INF http m=GET p=/assets/material-symbols-names-mOXCVt15.js s=200 d=124µs s=15793
INF http m=GET p=/assets/fr-CgauyyXq.js s=200 d=104µs s=6301
INF http m=GET p=/api/v1/auth/me s=200 d=329µs s=166
INF http m=GET p=/assets/es-DHO8DnB9.js s=200 d=77µs s=6015
INF http m=GET p=/assets/en-BOb8f2G7.js s=200 d=89µs s=5207
INF http m=GET p=/assets/emoji-groups-tsNE8Axz.js s=200 d=113µs s=13852
INF http m=GET p=/api/v1/notifications/unread-count s=200 d=135µs s=25
INF http m=GET p=/sw.js s=200 d=77µs s=5540
INF http m=GET p=/favicon.png s=200 d=39µs s=449
INF http m=GET p=/registerSW.js s=200 d=43µs s=87
INF http m=GET p=/index.html s=200 d=44µs s=542
INF http m=GET p=/assets/de-qJeflSp6.js s=200 d=212µs s=6245
INF http m=GET p=/icon.svg s=200 d=55µs s=195
INF http m=GET p=/assets/WorkspaceSettingsPanel-CsUOm22X.css s=200 d=42µs s=1025
INF http m=GET p=/icon-512.png s=200 d=55µs s=6498
INF http m=GET p=/icon-192.png s=200 d=34µs s=2468
INF http m=GET p=/assets/WorkspaceSettingsPanel-CM5oaFTF.js s=200 d=58µs s=4443
INF http m=GET p=/favicon.png s=200 d=25µs s=449
INF http m=GET p=/apple-touch-icon.png s=200 d=156µs s=2298
INF http m=GET p=/assets/ServerSettingsPanel-pbgISWIv.css s=200 d=30µs s=596
INF http m=GET p=/assets/ServerSettingsPanel-C8C6nm9a.js s=200 d=51µs s=2550
INF http m=GET p=/assets/ResourceQuotaForm-DTSj8Ta5.css s=200 d=44µs s=302
INF http m=GET p=/assets/material-symbols-names-mOXCVt15.js s=200 d=309µs s=15793
INF http m=GET p=/assets/ResourceQuotaForm-D6gJNn3N.js s=200 d=32µs s=812
INF http m=GET p=/assets/ProfileSettings-rthGIjGN.js s=200 d=79µs s=4319
INF http m=GET p=/assets/ProfileSettings-D5kbNfHV.css s=200 d=41µs s=1220
INF http m=GET p=/assets/OrgSettingsPanel-BP8s6T0h.css s=200 d=32µs s=511
INF http m=GET p=/assets/fr-CgauyyXq.js s=200 d=98µs s=6301
INF http m=GET p=/assets/OrgSettingsPanel-B78NX7Vn.js s=200 d=35µs s=2302
INF http m=GET p=/assets/InviteForm-R7w4u6kW.js s=200 d=31µs s=1267
INF http m=POST p=/api/v1/organizations/441NV5VI6000/workspaces s=200 d=381ms s=298
INF http m=GET p=/assets/es-DHO8DnB9.js s=200 d=269µs s=6015
INF http m=GET p=/assets/InviteForm-CW-wgFWD.css s=200 d=39µs s=414
INF http m=GET p=/assets/Editor-BYBWY7b1.css s=200 d=53µs s=2240
INF http m=GET p=/assets/emoji-groups-tsNE8Axz.js s=200 d=84µs s=13852
INF http m=GET p=/assets/Editor-5FlZhQpN.js s=200 d=71µs s=13509
INF http m=GET p=/assets/AdminDashboard-R0heLGro.css s=200 d=32µs s=601
INF http m=GET p=/assets/AdminDashboard-D3Sw1IyX.js s=200 d=37µs s=2075
INF http m=GET p=/manifest.webmanifest s=200 d=41µs s=199
INF http m=POST p=/api/v1/organizations s=200 d=213ms s=349
INF http m=GET p=/api/v1/auth/me s=200 d=2.07ms s=250
INF http m=POST p=/api/v1/auth/switch-workspace s=200 d=55.2ms s=603
INF http m=GET p=/assets/de-qJeflSp6.js s=200 d=107µs s=6245
INF http m=GET p=/assets/WorkspaceSettingsPanel-CsUOm22X.css s=200 d=39µs s=1025
INF http m=GET p=/assets/WorkspaceSettingsPanel-CM5oaFTF.js s=200 d=144µs s=4443
INF http m=GET p=/assets/ServerSettingsPanel-pbgISWIv.css s=200 d=56µs s=596
INF http m=GET p=/api/v1/notifications/unread-count s=200 d=11.6ms s=25
INF http m=GET p=/api/v1/workspaces/441NV6FCK000/members s=200 d=243µs s=124
INF http m=GET p=/api/v1/workspaces/441NV6FCK000/nodes/0/children s=200 d=6.95ms s=26
INF http m=GET p=/assets/ServerSettingsPanel-C8C6nm9a.js s=200 d=66µs s=2550
INF http m=GET p=/assets/ResourceQuotaForm-DTSj8Ta5.css s=200 d=40µs s=302
INF http m=GET p=/assets/ResourceQuotaForm-D6gJNn3N.js s=200 d=38µs s=812
INF http m=GET p=/assets/ProfileSettings-rthGIjGN.js s=200 d=598µs s=4319
INF http m=GET p=/assets/ProfileSettings-D5kbNfHV.css s=200 d=36µs s=1220
INF http m=GET p=/assets/OrgSettingsPanel-BP8s6T0h.css s=200 d=40µs s=511
INF http m=GET p=/assets/OrgSettingsPanel-B78NX7Vn.js s=200 d=52µs s=2302
INF http m=GET p=/assets/InviteForm-R7w4u6kW.js s=200 d=98µs s=1267
INF http m=GET p=/assets/InviteForm-CW-wgFWD.css s=200 d=36µs s=414
INF http m=GET p=/assets/Editor-BYBWY7b1.css s=200 d=43µs s=2240
INF http m=GET p=/assets/Editor-5FlZhQpN.js s=200 d=64µs s=13509
INF http m=GET p=/assets/AdminDashboard-R0heLGro.css s=200 d=40µs s=601
INF http m=GET p=/assets/AdminDashboard-D3Sw1IyX.js s=200 d=51µs s=2075
INF http m=GET p=/manifest.webmanifest s=200 d=33µs s=199
INF http m=POST p=/api/v1/organizations/441NV7P82000/workspaces s=200 d=213ms s=295
INF http m=POST p=/api/v1/workspaces/441NV6FCK000/nodes/0/page/create s=200 d=140ms s=35
INF http m=GET p=/api/v1/workspaces/441NV6FCK000/nodes/0/children s=200 d=641µs s=257
INF http m=GET p=/api/v1/workspaces/441NV6FCK000/nodes/441NV9K6K000 s=200 d=2.33ms s=245
INF http m=POST p=/api/v1/auth/switch-workspace s=200 d=20.8ms s=602
INF http m=GET p=/api/v1/notifications/unread-count s=200 d=186µs s=25
INF http m=GET p=/api/v1/workspaces/441NV953I000/nodes/0/children s=200 d=293µs s=26
INF http m=GET p=/api/v1/workspaces/441NV953I000/members s=200 d=11.3ms s=124
INF http m=POST p=/api/v1/workspaces/441NV953I000/nodes/0/page/create s=200 d=25.8ms s=35
INF http m=GET p=/api/v1/workspaces/441NV953I000/nodes/0/children s=200 d=242µs s=257
INF http m=GET p=/api/v1/workspaces/441NV953I000/nodes/441NVAPMA000 s=200 d=628µs s=245
INF http m=POST p=/api/v1/workspaces/441NV6FCK000/nodes/0/page/create s=200 d=15ms s=26
INF http m=GET p=/w/@441NV6FCK000+workspace/@441NV9K6K000+welcome s=200 d=30µs s=542
INF http m=GET p=/api/v1/workspaces/441NV6FCK000/events s=200 d=339ms s=238
INF http m=GET p=/api/v1/auth/me s=200 d=726µs s=355
INF http m=GET p=/api/v1/notifications/unread-count s=200 d=611µs s=25
INF http m=GET p=/api/v1/workspaces/441NV6FCK000/nodes/0/children s=200 d=943µs s=267
INF http m=GET p=/api/v1/workspaces/441NV6FCK000/nodes/441NV9K6K000 s=200 d=682µs s=245
INF http m=GET p=/api/v1/workspaces/441NV6FCK000/members s=200 d=708µs s=124
INF http m=GET p=/api/v1/workspaces/441NV6FCK000/nodes/441NVBG08000 s=200 d=729µs s=154
INF http m=POST p=/api/v1/workspaces/441NV953I000/nodes/0/page/create s=200 d=18.7ms s=26
INF http m=GET p=/w/@441NV953I000+workspace/@441NVAPMA000+welcome s=200 d=45µs s=542
INF http m=GET p=/api/v1/workspaces/441NV953I000/events s=200 d=420ms s=236
INF http m=GET p=/api/v1/auth/me s=200 d=281µs s=350
INF http m=GET p=/api/v1/notifications/unread-count s=200 d=700µs s=25
INF http m=GET p=/api/v1/workspaces/441NV953I000/nodes/441NVAPMA000 s=200 d=260µs s=245
INF http m=GET p=/api/v1/workspaces/441NV953I000/members s=200 d=132µs s=124
INF http m=GET p=/api/v1/workspaces/441NV953I000/nodes/0/children s=200 d=306µs s=256
INF http m=GET p=/api/v1/workspaces/441NV953I000/nodes/441NVD40G000 s=200 d=374µs s=145
INF http m=GET p=/api/v1/workspaces/441NV6FCK000/events s=200 d=489ms s=93
INF http m=POST p=/api/v1/auth/register s=200 d=105ms s=386
INF http m=GET p=/ s=200 d=65µs s=542
INF http m=GET p=/assets/index-SHhnYNGf.js s=200 d=170µs s=49792
INF http m=GET p=/assets/index-DPQ8uk7g.css s=200 d=117µs s=12402
INF http m=GET p=/registerSW.js s=200 d=42µs s=87
INF http m=GET p=/assets/vendor-C3WBU0hm.js s=200 d=132µs s=29762
INF http m=GET p=/assets/editor-vendor-Bje_VwYD.js s=200 d=147µs s=117396
INF http m=GET p=/api/v1/workspaces/441NV953I000/events s=200 d=531ms s=93
INF http m=GET p=/api/v1/auth/me s=200 d=232µs s=168
INF http m=GET p=/assets/en-BOb8f2G7.js s=200 d=73µs s=5207
INF http m=GET p=/api/v1/notifications/unread-count s=200 d=1.14ms s=25
INF http m=GET p=/favicon.png s=200 d=39µs s=449
INF http m=GET p=/sw.js s=200 d=91µs s=5540
INF http m=POST p=/api/v1/organizations s=200 d=63.9ms s=351
INF http m=GET p=/registerSW.js s=200 d=40µs s=87
INF http m=GET p=/api/v1/auth/me s=200 d=10.4ms s=253
INF http m=GET p=/index.html s=200 d=32µs s=542
INF http m=GET p=/icon.svg s=200 d=46µs s=195
INF http m=GET p=/icon-512.png s=200 d=123µs s=6498
INF http m=GET p=/icon-192.png s=200 d=141µs s=2468
INF http m=GET p=/favicon.png s=200 d=38µs s=449
INF http m=GET p=/apple-touch-icon.png s=200 d=54µs s=2298
INF http m=GET p=/assets/material-symbols-names-mOXCVt15.js s=200 d=103µs s=15793
INF http m=GET p=/assets/fr-CgauyyXq.js s=200 d=97µs s=6301
INF http m=GET p=/assets/es-DHO8DnB9.js s=200 d=80µs s=6015
INF http m=GET p=/assets/emoji-groups-tsNE8Axz.js s=200 d=99µs s=13852
INF http m=GET p=/assets/de-qJeflSp6.js s=200 d=105µs s=6245
INF http m=GET p=/assets/WorkspaceSettingsPanel-CsUOm22X.css s=200 d=32µs s=1025
INF http m=GET p=/assets/WorkspaceSettingsPanel-CM5oaFTF.js s=200 d=91µs s=4443
INF http m=GET p=/assets/ServerSettingsPanel-pbgISWIv.css s=200 d=29µs s=596
INF http m=GET p=/assets/ServerSettingsPanel-C8C6nm9a.js s=200 d=39µs s=2550
INF http m=GET p=/assets/ResourceQuotaForm-DTSj8Ta5.css s=200 d=40µs s=302
INF http m=GET p=/assets/ResourceQuotaForm-D6gJNn3N.js s=200 d=2.29ms s=812
INF http m=GET p=/assets/ProfileSettings-rthGIjGN.js s=200 d=94µs s=4319
INF http m=GET p=/assets/ProfileSettings-D5kbNfHV.css s=200 d=52µs s=1220
INF http m=POST p=/api/v1/organizations/441NVI1IS000/workspaces s=200 d=306ms s=296
INF http m=GET p=/assets/OrgSettingsPanel-BP8s6T0h.css s=200 d=55µs s=511
INF http m=GET p=/assets/OrgSettingsPanel-B78NX7Vn.js s=200 d=113µs s=2302
INF http m=GET p=/assets/InviteForm-R7w4u6kW.js s=200 d=35µs s=1267
INF http m=POST p=/api/v1/auth/register s=200 d=277ms s=386
INF http m=GET p=/assets/InviteForm-CW-wgFWD.css s=200 d=35µs s=414
INF http m=GET p=/assets/Editor-BYBWY7b1.css s=200 d=36µs s=2240
INF http m=GET p=/assets/Editor-5FlZhQpN.js s=200 d=85µs s=13509
INF http m=POST p=/api/v1/auth/switch-workspace s=200 d=52.3ms s=604
INF http m=GET p=/ s=200 d=51µs s=542
INF http m=GET p=/assets/AdminDashboard-R0heLGro.css s=200 d=42µs s=601
INF http m=GET p=/api/v1/notifications/unread-count s=200 d=353µs s=25
INF http m=GET p=/api/v1/workspaces/441NVIN2M000/members s=200 d=593µs s=124
INF http m=GET p=/assets/AdminDashboard-D3Sw1IyX.js s=200 d=73µs s=2075
INF http m=GET p=/api/v1/workspaces/441NVIN2M000/nodes/0/children s=200 d=10.2ms s=26
INF http m=GET p=/registerSW.js s=200 d=72µs s=87
INF http m=GET p=/assets/editor-vendor-Bje_VwYD.js s=200 d=224µs s=117396
INF http m=GET p=/manifest.webmanifest s=200 d=20µs s=199
INF http m=GET p=/assets/index-DPQ8uk7g.css s=200 d=96µs s=12402
INF http m=GET p=/assets/vendor-C3WBU0hm.js s=200 d=1.63ms s=29762
INF http m=GET p=/assets/index-SHhnYNGf.js s=200 d=117µs s=49792
INF http m=POST p=/api/v1/workspaces/441NVIN2M000/nodes/0/page/create s=200 d=58.1ms s=35
INF http m=GET p=/api/v1/workspaces/441NVIN2M000/nodes/0/children s=200 d=897µs s=257
INF http m=GET p=/api/v1/workspaces/441NVIN2M000/nodes/441NVL92S000 s=200 d=664µs s=245
INF http m=GET p=/api/v1/auth/me s=200 d=725µs s=164
INF http m=GET p=/assets/en-BOb8f2G7.js s=200 d=68µs s=5207
INF http m=GET p=/api/v1/notifications/unread-count s=200 d=210µs s=25
INF http m=GET p=/favicon.png s=200 d=39µs s=449
INF http m=GET p=/sw.js s=200 d=67µs s=5540
INF http m=GET p=/registerSW.js s=200 d=53µs s=87
INF http m=POST p=/api/v1/organizations s=200 d=57.7ms s=352
INF http m=GET p=/index.html s=200 d=43µs s=542
INF http m=GET p=/api/v1/auth/me s=200 d=706µs s=250
INF http m=GET p=/icon.svg s=200 d=35µs s=195
INF http m=GET p=/icon-512.png s=200 d=89µs s=6498
INF http m=GET p=/icon-192.png s=200 d=55µs s=2468
INF http m=GET p=/favicon.png s=200 d=37µs s=449
INF http m=GET p=/apple-touch-icon.png s=200 d=44µs s=2298
INF http m=GET p=/assets/material-symbols-names-mOXCVt15.js s=200 d=120µs s=15793
INF http m=GET p=/assets/fr-CgauyyXq.js s=200 d=123µs s=6301
INF http m=GET p=/assets/es-DHO8DnB9.js s=200 d=109µs s=6015
INF http m=GET p=/assets/emoji-groups-tsNE8Axz.js s=200 d=110µs s=13852
INF http m=GET p=/assets/de-qJeflSp6.js s=200 d=72µs s=6245
INF http m=GET p=/assets/WorkspaceSettingsPanel-CsUOm22X.css s=200 d=28µs s=1025
INF http m=GET p=/assets/WorkspaceSettingsPanel-CM5oaFTF.js s=200 d=53µs s=4443
INF http m=GET p=/assets/ServerSettingsPanel-pbgISWIv.css s=200 d=26µs s=596
INF http m=GET p=/assets/ServerSettingsPanel-C8C6nm9a.js s=200 d=46µs s=2550
INF http m=GET p=/assets/ResourceQuotaForm-DTSj8Ta5.css s=200 d=29µs s=302
INF http m=GET p=/assets/ResourceQuotaForm-D6gJNn3N.js s=200 d=41µs s=812
INF http m=GET p=/assets/ProfileSettings-rthGIjGN.js s=200 d=62µs s=4319
INF http m=GET p=/assets/ProfileSettings-D5kbNfHV.css s=200 d=34µs s=1220
INF http m=GET p=/assets/OrgSettingsPanel-BP8s6T0h.css s=200 d=27µs s=511
INF http m=GET p=/assets/OrgSettingsPanel-B78NX7Vn.js s=200 d=35µs s=2302
INF http m=GET p=/assets/InviteForm-R7w4u6kW.js s=200 d=21µs s=1267
INF http m=POST p=/api/v1/organizations/441NVM6US000/workspaces s=200 d=180ms s=297
INF http m=GET p=/assets/InviteForm-CW-wgFWD.css s=200 d=30µs s=414
INF http m=POST p=/api/v1/workspaces/441NVIN2M000/nodes/0/page/create s=200 d=23.8ms s=26
INF http m=GET p=/assets/Editor-BYBWY7b1.css s=200 d=38µs s=2240
INF http m=GET p=/assets/Editor-5FlZhQpN.js s=200 d=80µs s=13509
INF http m=GET p=/w/@441NVIN2M000+workspace/@441NVL92S000+welcome s=200 d=28µs s=542
INF http m=GET p=/api/v1/workspaces/441NVIN2M000/events s=200 d=437ms s=237
INF http m=GET p=/assets/AdminDashboard-R0heLGro.css s=200 d=36µs s=601
INF http m=GET p=/assets/AdminDashboard-D3Sw1IyX.js s=200 d=40µs s=2075
INF http m=GET p=/manifest.webmanifest s=200 d=33µs s=199
INF http m=POST p=/api/v1/auth/switch-workspace s=200 d=29.4ms s=584
INF http m=GET p=/api/v1/notifications/unread-count s=200 d=472µs s=25
INF http m=GET p=/api/v1/workspaces/441NVMK9Q000/nodes/0/children s=200 d=872µs s=26
INF http m=GET p=/api/v1/workspaces/441NVMK9Q000/members s=200 d=559µs s=124
INF http m=GET p=/api/v1/auth/me s=200 d=275µs s=354
INF http m=POST p=/api/v1/workspaces/441NVMK9Q000/nodes/0/page/create s=200 d=38.4ms s=35
INF http m=GET p=/api/v1/workspaces/441NVMK9Q000/nodes/0/children s=200 d=388µs s=256
INF http m=GET p=/api/v1/workspaces/441NVMK9Q000/nodes/441NVO4DC000 s=200 d=381µs s=245
INF http m=GET p=/api/v1/notifications/unread-count s=200 d=188µs s=25
INF http m=GET p=/api/v1/workspaces/441NVIN2M000/nodes/0/children s=200 d=4.77ms s=260
INF http m=GET p=/api/v1/workspaces/441NVIN2M000/nodes/441NVL92S000 s=200 d=11.7ms s=245
INF http m=POST p=/api/v1/workspaces/441NVMK9Q000/nodes/0/page/create s=200 d=46.5ms s=26
INF http m=GET p=/api/v1/workspaces/441NVIN2M000/members s=200 d=6.96ms s=124
INF http m=GET p=/w/@441NVMK9Q000+workspace/@441NVO4DC000+welcome s=200 d=56µs s=542
INF http m=GET p=/api/v1/workspaces/441NVMK9Q000/events s=200 d=116ms s=232
INF http m=GET p=/api/v1/workspaces/441NVIN2M000/nodes/441NVNJV2000 s=200 d=349µs s=145
INF http m=GET p=/api/v1/auth/me s=200 d=370µs s=351
INF http m=GET p=/api/v1/notifications/unread-count s=200 d=548µs s=25
INF http m=GET p=/api/v1/workspaces/441NVMK9Q000/nodes/0/children s=200 d=761µs s=256
INF http m=GET p=/api/v1/workspaces/441NVMK9Q000/members s=200 d=612µs s=124
INF http m=GET p=/api/v1/workspaces/441NVMK9Q000/nodes/441NVO4DC000 s=200 d=581µs s=245
INF http m=GET p=/api/v1/workspaces/441NVMK9Q000/nodes/441NVOC3O000 s=200 d=1.96ms s=148
INF http m=GET p=/api/v1/workspaces/441NVIN2M000/events s=200 d=293ms s=93
INF http m=GET p=/api/v1/workspaces/441NVMK9Q000/events s=200 d=271ms s=93
INF http m=POST p=/api/v1/auth/register s=200 d=192ms s=386
INF http m=GET p=/ s=200 d=62µs s=542
INF http m=GET p=/assets/index-DPQ8uk7g.css s=200 d=134µs s=12402
INF http m=GET p=/assets/editor-vendor-Bje_VwYD.js s=200 d=180µs s=117396
INF http m=GET p=/assets/index-SHhnYNGf.js s=200 d=99µs s=49792
INF http m=GET p=/registerSW.js s=200 d=73µs s=87
INF http m=GET p=/assets/vendor-C3WBU0hm.js s=200 d=122µs s=29762
INF http m=POST p=/api/v1/auth/register s=200 d=208ms s=385
INF http m=GET p=/ s=200 d=56µs s=542
INF http m=GET p=/api/v1/auth/me s=200 d=218µs s=165
INF http m=GET p=/assets/en-BOb8f2G7.js s=200 d=77µs s=5207
INF http m=GET p=/registerSW.js s=200 d=56µs s=87
INF http m=GET p=/assets/index-SHhnYNGf.js s=200 d=128µs s=49792
INF http m=GET p=/assets/vendor-C3WBU0hm.js s=200 d=114µs s=29762
INF http m=GET p=/assets/editor-vendor-Bje_VwYD.js s=200 d=163µs s=117396
INF http m=GET p=/assets/index-DPQ8uk7g.css s=200 d=127µs s=12402
INF http m=GET p=/favicon.png s=200 d=46µs s=449
INF http m=GET p=/sw.js s=200 d=103µs s=5540
INF http m=GET p=/api/v1/notifications/unread-count s=200 d=206µs s=25
INF http m=POST p=/api/v1/organizations s=200 d=87.1ms s=351
INF http m=GET p=/registerSW.js s=200 d=41µs s=87
INF http m=GET p=/api/v1/auth/me s=200 d=298µs s=253
INF http m=GET p=/api/v1/auth/me s=200 d=191µs s=166
INF http m=GET p=/assets/en-BOb8f2G7.js s=200 d=55µs s=5207
INF http m=GET p=/index.html s=200 d=42µs s=542
INF http m=GET p=/api/v1/notifications/unread-count s=200 d=176µs s=25
INF http m=GET p=/icon.svg s=200 d=33µs s=195
INF http m=GET p=/favicon.png s=200 d=31µs s=449
INF http m=GET p=/icon-512.png s=200 d=79µs s=6498
INF http m=GET p=/sw.js s=200 d=90µs s=5540
INF http m=GET p=/icon-192.png s=200 d=40µs s=2468
INF http m=GET p=/favicon.png s=200 d=50µs s=449
INF http m=GET p=/apple-touch-icon.png s=200 d=61µs s=2298
INF http m=POST p=/api/v1/organizations s=200 d=56.3ms s=350
INF http m=GET p=/registerSW.js s=200 d=37µs s=87
INF http m=GET p=/api/v1/auth/me s=200 d=533µs s=250
INF http m=GET p=/index.html s=200 d=43µs s=542
INF http m=GET p=/assets/material-symbols-names-mOXCVt15.js s=200 d=121µs s=15793
INF http m=GET p=/icon.svg s=200 d=30µs s=195
INF http m=GET p=/icon-512.png s=200 d=796µs s=6498
INF http m=GET p=/icon-192.png s=200 d=53µs s=2468
INF http m=GET p=/favicon.png s=200 d=40µs s=449
INF http m=GET p=/apple-touch-icon.png s=200 d=72µs s=2298
INF http m=GET p=/assets/fr-CgauyyXq.js s=200 d=83µs s=6301
INF http m=GET p=/assets/es-DHO8DnB9.js s=200 d=95µs s=6015
INF http m=GET p=/assets/material-symbols-names-mOXCVt15.js s=200 d=135µs s=15793
INF http m=GET p=/assets/emoji-groups-tsNE8Axz.js s=200 d=108µs s=13852
INF http m=GET p=/assets/fr-CgauyyXq.js s=200 d=103µs s=6301
INF http m=GET p=/assets/es-DHO8DnB9.js s=200 d=80µs s=6015
INF http m=GET p=/assets/emoji-groups-tsNE8Axz.js s=200 d=88µs s=13852
INF http m=GET p=/assets/de-qJeflSp6.js s=200 d=72µs s=6245
INF http m=GET p=/assets/WorkspaceSettingsPanel-CsUOm22X.css s=200 d=47µs s=1025
INF http m=GET p=/assets/WorkspaceSettingsPanel-CM5oaFTF.js s=200 d=89µs s=4443
INF http m=GET p=/assets/ServerSettingsPanel-pbgISWIv.css s=200 d=44µs s=596
INF http m=GET p=/assets/ServerSettingsPanel-C8C6nm9a.js s=200 d=61µs s=2550
INF http m=GET p=/assets/ResourceQuotaForm-DTSj8Ta5.css s=200 d=53µs s=302
INF http m=GET p=/assets/ResourceQuotaForm-D6gJNn3N.js s=200 d=43µs s=812
INF http m=GET p=/assets/ProfileSettings-rthGIjGN.js s=200 d=106µs s=4319
INF http m=GET p=/assets/de-qJeflSp6.js s=200 d=64µs s=6245
INF http m=GET p=/assets/ProfileSettings-D5kbNfHV.css s=200 d=27µs s=1220
INF http m=GET p=/assets/OrgSettingsPanel-BP8s6T0h.css s=200 d=27µs s=511
INF http m=GET p=/assets/WorkspaceSettingsPanel-CsUOm22X.css s=200 d=30µs s=1025
INF http m=GET p=/assets/OrgSettingsPanel-B78NX7Vn.js s=200 d=35µs s=2302
INF http m=GET p=/assets/WorkspaceSettingsPanel-CM5oaFTF.js s=200 d=125µs s=4443
INF http m=GET p=/assets/InviteForm-R7w4u6kW.js s=200 d=20µs s=1267
INF http m=GET p=/assets/ServerSettingsPanel-pbgISWIv.css s=200 d=49µs s=596
INF http m=GET p=/assets/InviteForm-CW-wgFWD.css s=200 d=25µs s=414
INF http m=GET p=/assets/ServerSettingsPanel-C8C6nm9a.js s=200 d=34µs s=2550
INF http m=POST p=/api/v1/organizations/441NVUMFC000/workspaces s=200 d=329ms s=298
INF http m=GET p=/assets/Editor-BYBWY7b1.css s=200 d=37µs s=2240
INF http m=GET p=/assets/ResourceQuotaForm-DTSj8Ta5.css s=200 d=40µs s=302
INF http m=GET p=/assets/Editor-5FlZhQpN.js s=200 d=133µs s=13509
INF http m=GET p=/assets/ResourceQuotaForm-D6gJNn3N.js s=200 d=31µs s=812
INF http m=GET p=/assets/AdminDashboard-R0heLGro.css s=200 d=21µs s=601
INF http m=GET p=/assets/AdminDashboard-D3Sw1IyX.js s=200 d=43µs s=2075
INF http m=GET p=/assets/ProfileSettings-rthGIjGN.js s=200 d=96µs s=4319
INF http m=GET p=/manifest.webmanifest s=200 d=27µs s=199
INF http m=GET p=/assets/ProfileSettings-D5kbNfHV.css s=200 d=826µs s=1220
INF http m=GET p=/assets/OrgSettingsPanel-BP8s6T0h.css s=200 d=62µs s=511
INF http m=GET p=/assets/OrgSettingsPanel-B78NX7Vn.js s=200 d=32µs s=2302
INF http m=GET p=/assets/InviteForm-R7w4u6kW.js s=200 d=27µs s=1267
INF http m=GET p=/assets/InviteForm-CW-wgFWD.css s=200 d=31µs s=414
INF http m=GET p=/assets/Editor-BYBWY7b1.css s=200 d=42µs s=2240
INF http m=GET p=/assets/Editor-5FlZhQpN.js s=200 d=229µs s=13509
INF http m=GET p=/assets/AdminDashboard-R0heLGro.css s=200 d=42µs s=601
INF http m=GET p=/assets/AdminDashboard-D3Sw1IyX.js s=200 d=45µs s=2075
INF http m=GET p=/manifest.webmanifest s=200 d=39µs s=199
INF http m=POST p=/api/v1/organizations/441NVVH1Q000/workspaces s=200 d=397ms s=295
INF http m=POST p=/api/v1/auth/switch-workspace s=200 d=150ms s=606
INF http m=GET p=/api/v1/workspaces/441NVVERE000/nodes/0/children s=200 d=359µs s=26
INF http m=GET p=/api/v1/notifications/unread-count s=200 d=149µs s=25
INF http m=GET p=/api/v1/workspaces/441NVVERE000/members s=200 d=494µs s=124
INF http m=POST p=/api/v1/auth/switch-workspace s=200 d=27ms s=604
INF http m=GET p=/api/v1/notifications/unread-count s=200 d=128µs s=25
INF http m=GET p=/api/v1/workspaces/441NVVVEO000/nodes/0/children s=200 d=273µs s=26
INF http m=GET p=/api/v1/workspaces/441NVVVEO000/members s=200 d=198µs s=124
INF http m=POST p=/api/v1/workspaces/441NVVERE000/nodes/0/page/create s=200 d=31.5ms s=35
INF http m=GET p=/api/v1/workspaces/441NVVERE000/nodes/0/children s=200 d=274µs s=257
INF http m=GET p=/api/v1/workspaces/441NVVERE000/nodes/441O02KCE000 s=200 d=255µs s=245
INF http m=POST p=/api/v1/workspaces/441NVVVEO000/nodes/0/page/create s=200 d=22.1ms s=35
INF http m=GET p=/api/v1/workspaces/441NVVVEO000/nodes/0/children s=200 d=421µs s=257
INF http m=GET p=/api/v1/workspaces/441NVVVEO000/nodes/441O02QV4000 s=200 d=615µs s=245
INF http m=POST p=/api/v1/workspaces/441NVVERE000/nodes/0/page/create s=200 d=14.7ms s=26
INF http m=GET p=/w/@441NVVERE000+workspace/@441O02KCE000+welcome s=200 d=41µs s=542
INF http m=GET p=/api/v1/workspaces/441NVVERE000/events s=200 d=331ms s=233
INF http m=GET p=/api/v1/auth/me s=200 d=383µs s=357
INF http m=GET p=/api/v1/notifications/unread-count s=200 d=293µs s=25
INF http m=GET p=/api/v1/workspaces/441NVVERE000/nodes/0/children s=200 d=7.2ms s=261
INF http m=GET p=/api/v1/workspaces/441NVVERE000/nodes/441O02KCE000 s=200 d=3.18ms s=245
INF http m=GET p=/api/v1/workspaces/441NVVERE000/members s=200 d=4.73ms s=124
INF http m=POST p=/api/v1/workspaces/441NVVVEO000/nodes/0/page/create s=200 d=28ms s=26
INF http m=GET p=/w/@441NVVVEO000+workspace/@441O02QV4000+welcome s=200 d=51µs s=542
INF http m=GET p=/api/v1/workspaces/441NVVVEO000/events s=200 d=406ms s=233
INF http m=GET p=/api/v1/workspaces/441NVVERE000/nodes/441O04ETG000 s=200 d=394µs s=148
INF http m=GET p=/api/v1/auth/me s=200 d=689µs s=350
INF http m=GET p=/api/v1/notifications/unread-count s=200 d=185µs s=25
INF http m=GET p=/api/v1/workspaces/441NVVVEO000/nodes/441O02QV4000 s=200 d=281µs s=245
INF http m=GET p=/api/v1/workspaces/441NVVVEO000/members s=200 d=135µs s=124
INF http m=GET p=/api/v1/workspaces/441NVVVEO000/nodes/0/children s=200 d=380µs s=256
INF http m=GET p=/api/v1/workspaces/441NVVVEO000/nodes/441O04VL2000 s=200 d=804µs s=148
INF http m=GET p=/api/v1/workspaces/441NVVERE000/events s=200 d=298ms s=93
INF http m=GET p=/api/v1/workspaces/441NVVVEO000/events s=200 d=396ms s=93
INF http m=POST p=/api/v1/auth/register s=200 d=157ms s=387
INF http m=GET p=/ s=200 d=66µs s=542
INF http m=GET p=/assets/index-SHhnYNGf.js s=200 d=186µs s=49792
INF http m=GET p=/assets/index-DPQ8uk7g.css s=200 d=192µs s=12402
INF http m=GET p=/assets/editor-vendor-Bje_VwYD.js s=200 d=382µs s=117396
INF http m=GET p=/assets/vendor-C3WBU0hm.js s=200 d=193µs s=29762
INF http m=GET p=/registerSW.js s=200 d=45µs s=87
INF http m=GET p=/api/v1/auth/me s=200 d=278µs s=166
INF http m=GET p=/assets/en-BOb8f2G7.js s=200 d=102µs s=5207
INF http m=GET p=/api/v1/notifications/unread-count s=200 d=7.22ms s=25
INF http m=GET p=/favicon.png s=200 d=44µs s=449
INF http m=POST p=/api/v1/auth/register s=200 d=180ms s=393
INF http m=GET p=/sw.js s=200 d=100µs s=5540
INF http m=GET p=/ s=200 d=80µs s=542
INF http m=GET p=/registerSW.js s=200 d=39µs s=87
INF http m=GET p=/registerSW.js s=200 d=56µs s=87
INF http m=GET p=/assets/index-SHhnYNGf.js s=200 d=113µs s=49792
INF http m=GET p=/assets/vendor-C3WBU0hm.js s=200 d=104µs s=29762
INF http m=GET p=/assets/editor-vendor-Bje_VwYD.js s=200 d=180µs s=117396
INF http m=GET p=/assets/index-DPQ8uk7g.css s=200 d=106µs s=12402
INF http m=GET p=/index.html s=200 d=39µs s=542
INF http m=POST p=/api/v1/organizations s=200 d=133ms s=352
INF http m=GET p=/api/v1/auth/me s=200 d=409µs s=253
INF http m=GET p=/icon.svg s=200 d=33µs s=195
INF http m=GET p=/icon-512.png s=200 d=111µs s=6498
INF http m=GET p=/icon-192.png s=200 d=95µs s=2468
INF http m=GET p=/favicon.png s=200 d=41µs s=449
INF http m=GET p=/apple-touch-icon.png s=200 d=63µs s=2298
INF http m=GET p=/assets/material-symbols-names-mOXCVt15.js s=200 d=95µs s=15793
INF http m=GET p=/assets/fr-CgauyyXq.js s=200 d=94µs s=6301
INF http m=GET p=/api/v1/auth/me s=200 d=3.67ms s=167
INF http m=GET p=/assets/en-BOb8f2G7.js s=200 d=94µs s=5207
INF http m=GET p=/assets/es-DHO8DnB9.js s=200 d=132µs s=6015
INF http m=GET p=/api/v1/notifications/unread-count s=200 d=304µs s=25
INF http m=GET p=/favicon.png s=200 d=37µs s=449
INF http m=GET p=/assets/emoji-groups-tsNE8Axz.js s=200 d=144µs s=13852
INF http m=GET p=/sw.js s=200 d=110µs s=5540
INF http m=GET p=/registerSW.js s=200 d=62µs s=87
INF http m=GET p=/index.html s=200 d=42µs s=542
INF http m=GET p=/icon.svg s=200 d=51µs s=195
INF http m=GET p=/assets/de-qJeflSp6.js s=200 d=82µs s=6245
INF http m=GET p=/icon-512.png s=200 d=74µs s=6498
INF http m=GET p=/icon-192.png s=200 d=38µs s=2468
INF http m=GET p=/assets/WorkspaceSettingsPanel-CsUOm22X.css s=200 d=32µs s=1025
INF http m=GET p=/favicon.png s=200 d=28µs s=449
INF http m=GET p=/assets/WorkspaceSettingsPanel-CM5oaFTF.js s=200 d=54µs s=4443
INF http m=GET p=/apple-touch-icon.png s=200 d=47µs s=2298
INF http m=GET p=/assets/ServerSettingsPanel-pbgISWIv.css s=200 d=28µs s=596
INF http m=GET p=/assets/ServerSettingsPanel-C8C6nm9a.js s=200 d=51µs s=2550
INF http m=GET p=/assets/ResourceQuotaForm-DTSj8Ta5.css s=200 d=1.73ms s=302
INF http m=GET p=/assets/material-symbols-names-mOXCVt15.js s=200 d=161µs s=15793
INF http m=GET p=/assets/ResourceQuotaForm-D6gJNn3N.js s=200 d=36µs s=812
INF http m=GET p=/assets/ProfileSettings-rthGIjGN.js s=200 d=108µs s=4319
INF http m=GET p=/assets/ProfileSettings-D5kbNfHV.css s=200 d=45µs s=1220
INF http m=POST p=/api/v1/organizations/441O0AHVE000/workspaces s=200 d=334ms s=301
INF http m=GET p=/assets/fr-CgauyyXq.js s=200 d=74µs s=6301
INF http m=GET p=/assets/OrgSettingsPanel-BP8s6T0h.css s=200 d=40µs s=511
INF http m=POST p=/api/v1/organizations s=200 d=173ms s=352
INF http m=GET p=/assets/OrgSettingsPanel-B78NX7Vn.js s=200 d=75µs s=2302
INF http m=GET p=/api/v1/auth/me s=200 d=627µs s=252
INF http m=GET p=/assets/es-DHO8DnB9.js s=200 d=94µs s=6015
INF http m=GET p=/assets/InviteForm-R7w4u6kW.js s=200 d=30µs s=1267
INF http m=GET p=/assets/InviteForm-CW-wgFWD.css s=200 d=48µs s=414
INF http m=GET p=/assets/emoji-groups-tsNE8Axz.js s=200 d=82µs s=13852
INF http m=GET p=/assets/Editor-BYBWY7b1.css s=200 d=484µs s=2240
INF http m=GET p=/assets/Editor-5FlZhQpN.js s=200 d=115µs s=13509
INF http m=GET p=/assets/AdminDashboard-R0heLGro.css s=200 d=39µs s=601
INF http m=POST p=/api/v1/auth/switch-workspace s=200 d=51.7ms s=573
INF http m=GET p=/assets/AdminDashboard-D3Sw1IyX.js s=200 d=60µs s=2075
INF http m=GET p=/manifest.webmanifest s=200 d=71µs s=199
INF http m=GET p=/api/v1/notifications/unread-count s=200 d=323µs s=25
INF http m=GET p=/api/v1/workspaces/441O0BIBO000/members s=200 d=16.8ms s=130
INF http m=GET p=/api/v1/workspaces/441O0BIBO000/nodes/0/children s=200 d=7.76ms s=26
INF http m=GET p=/assets/de-qJeflSp6.js s=200 d=91µs s=6245
INF http m=GET p=/assets/WorkspaceSettingsPanel-CsUOm22X.css s=200 d=40µs s=1025
INF http m=GET p=/assets/WorkspaceSettingsPanel-CM5oaFTF.js s=200 d=62µs s=4443
INF http m=GET p=/assets/ServerSettingsPanel-pbgISWIv.css s=200 d=177µs s=596
INF http m=GET p=/assets/ServerSettingsPanel-C8C6nm9a.js s=200 d=41µs s=2550
INF http m=GET p=/assets/ResourceQuotaForm-DTSj8Ta5.css s=200 d=39µs s=302
INF http m=GET p=/assets/ResourceQuotaForm-D6gJNn3N.js s=200 d=34µs s=812
INF http m=GET p=/assets/ProfileSettings-rthGIjGN.js s=200 d=112µs s=4319
INF http m=GET p=/assets/ProfileSettings-D5kbNfHV.css s=200 d=29µs s=1220
INF http m=GET p=/assets/OrgSettingsPanel-BP8s6T0h.css s=200 d=32µs s=511
INF http m=GET p=/assets/OrgSettingsPanel-B78NX7Vn.js s=200 d=51µs s=2302
INF http m=GET p=/assets/InviteForm-R7w4u6kW.js s=200 d=30µs s=1267
INF http m=GET p=/assets/InviteForm-CW-wgFWD.css s=200 d=31µs s=414
INF http m=GET p=/assets/Editor-BYBWY7b1.css s=200 d=51µs s=2240
INF http m=GET p=/assets/Editor-5FlZhQpN.js s=200 d=80µs s=13509
INF http m=GET p=/assets/AdminDashboard-R0heLGro.css s=200 d=27µs s=601
INF http m=GET p=/assets/AdminDashboard-D3Sw1IyX.js s=200 d=45µs s=2075
INF http m=GET p=/manifest.webmanifest s=200 d=37µs s=199
INF http m=POST p=/api/v1/organizations/441O0CJT0000/workspaces s=200 d=241ms s=299
INF http m=POST p=/api/v1/workspaces/441O0BIBO000/nodes/0/page/create s=200 d=145ms s=35
INF http m=GET p=/api/v1/workspaces/441O0BIBO000/nodes/0/children s=200 d=771µs s=257
INF http m=GET p=/api/v1/workspaces/441O0BIBO000/nodes/441O0EBFU000 s=200 d=635µs s=245
INF http m=POST p=/api/v1/auth/switch-workspace s=200 d=25.7ms s=610
INF http m=GET p=/api/v1/notifications/unread-count s=200 d=780µs s=25
INF http m=GET p=/api/v1/workspaces/441O0DNM8000/nodes/0/children s=200 d=452µs s=26
INF http m=GET p=/api/v1/workspaces/441O0DNM8000/members s=200 d=4.69ms s=126
INF http m=POST p=/api/v1/workspaces/441O0DNM8000/nodes/0/page/create s=200 d=22.9ms s=35
INF http m=GET p=/api/v1/workspaces/441O0DNM8000/nodes/0/children s=200 d=542µs s=257
INF http m=GET p=/api/v1/workspaces/441O0DNM8000/nodes/441O0FGV0000 s=200 d=727µs s=245
INF http m=POST p=/api/v1/workspaces/441O0BIBO000/nodes/0/page/create s=200 d=15.5ms s=26
INF http m=GET p=/w/@441O0BIBO000+workspace/@441O0EBFU000+welcome s=200 d=47µs s=542
INF http m=GET p=/api/v1/workspaces/441O0BIBO000/events s=200 d=353ms s=238
INF http m=GET p=/api/v1/auth/me s=200 d=1.12ms s=354
INF http m=GET p=/api/v1/notifications/unread-count s=200 d=1.09ms s=25
INF http m=GET p=/api/v1/workspaces/441O0BIBO000/nodes/0/children s=200 d=937µs s=377
INF http m=GET p=/api/v1/workspaces/441O0BIBO000/nodes/441O0EBFU000 s=200 d=956µs s=245
INF http m=GET p=/api/v1/workspaces/441O0BIBO000/members s=200 d=1.23ms s=130
INF http m=GET p=/api/v1/workspaces/441O0BIBO000/nodes/441O0G5GI000 s=200 d=1.92ms s=265
INF http m=GET p=/api/v1/workspaces/441O0BIBO000/events s=200 d=97.4ms s=93
INF http m=POST p=/api/v1/workspaces/441O0DNM8000/nodes/0/page/create s=200 d=43.4ms s=26
INF http m=GET p=/w/@441O0DNM8000+workspace/@441O0FGV0000+welcome s=200 d=38µs s=542
INF http m=GET p=/api/v1/workspaces/441O0DNM8000/events s=200 d=487ms s=236
INF http m=GET p=/api/v1/auth/me s=200 d=580µs s=354
INF http m=POST p=/api/v1/auth/register s=200 d=176ms s=410
INF http m=GET p=/api/v1/notifications/unread-count s=200 d=391µs s=25
INF http m=GET p=/api/v1/workspaces/441O0DNM8000/nodes/0/children s=200 d=421µs s=330
INF http m=GET p=/api/v1/workspaces/441O0DNM8000/members s=200 d=124µs s=126
INF http m=GET p=/api/v1/workspaces/441O0DNM8000/nodes/441O0FGV0000 s=200 d=289µs s=245
INF http m=GET p=/ s=200 d=53µs s=542
INF http m=GET p=/assets/index-SHhnYNGf.js s=200 d=172µs s=49792
INF http m=GET p=/registerSW.js s=200 d=52µs s=87
INF http m=GET p=/assets/vendor-C3WBU0hm.js s=200 d=101µs s=29762
INF http m=GET p=/assets/editor-vendor-Bje_VwYD.js s=200 d=138µs s=117396
INF http m=GET p=/assets/index-DPQ8uk7g.css s=200 d=80µs s=12402
INF http m=GET p=/api/v1/workspaces/441O0DNM8000/nodes/441O0I13U000 s=200 d=364µs s=296
INF http m=GET p=/assets/en-BOb8f2G7.js s=200 d=92µs s=5207
INF http m=GET p=/api/v1/auth/me s=200 d=331µs s=172
INF http m=GET p=/sw.js s=200 d=2.55ms s=5540
INF http m=GET p=/favicon.png s=200 d=40µs s=449
INF http m=GET p=/api/v1/notifications/unread-count s=200 d=411µs s=25
INF http m=GET p=/registerSW.js s=200 d=37µs s=87
INF http m=POST p=/api/v1/organizations s=200 d=51.3ms s=358
INF http m=GET p=/api/v1/auth/me s=200 d=271µs s=256
INF http m=GET p=/index.html s=200 d=39µs s=542
INF http m=GET p=/icon.svg s=200 d=45µs s=195
INF http m=GET p=/icon-512.png s=200 d=123µs s=6498
INF http m=GET p=/icon-192.png s=200 d=51µs s=2468
INF http m=GET p=/favicon.png s=200 d=45µs s=449
INF http m=GET p=/apple-touch-icon.png s=200 d=58µs s=2298
INF http m=GET p=/assets/material-symbols-names-mOXCVt15.js s=200 d=276µs s=15793
INF http m=GET p=/api/v1/workspaces/441O0DNM8000/events s=200 d=378ms s=93
INF http m=GET p=/assets/fr-CgauyyXq.js s=200 d=86µs s=6301
INF http m=GET p=/assets/es-DHO8DnB9.js s=200 d=100µs s=6015
INF http m=GET p=/assets/emoji-groups-tsNE8Axz.js s=200 d=109µs s=13852
INF http m=GET p=/assets/de-qJeflSp6.js s=200 d=99µs s=6245
INF http m=GET p=/assets/WorkspaceSettingsPanel-CsUOm22X.css s=200 d=45µs s=1025
INF http m=GET p=/assets/WorkspaceSettingsPanel-CM5oaFTF.js s=200 d=89µs s=4443
INF http m=GET p=/assets/ServerSettingsPanel-pbgISWIv.css s=200 d=39µs s=596
INF http m=GET p=/assets/ServerSettingsPanel-C8C6nm9a.js s=200 d=56µs s=2550
INF http m=GET p=/assets/ResourceQuotaForm-DTSj8Ta5.css s=200 d=57µs s=302
INF http m=GET p=/assets/ResourceQuotaForm-D6gJNn3N.js s=200 d=45µs s=812
INF http m=GET p=/assets/ProfileSettings-rthGIjGN.js s=200 d=67µs s=4319
INF http m=GET p=/assets/ProfileSettings-D5kbNfHV.css s=200 d=85µs s=1220
INF http m=GET p=/assets/OrgSettingsPanel-BP8s6T0h.css s=200 d=35µs s=511
INF http m=GET p=/assets/OrgSettingsPanel-B78NX7Vn.js s=200 d=58µs s=2302
INF http m=GET p=/assets/InviteForm-R7w4u6kW.js s=200 d=43µs s=1267
INF http m=POST p=/api/v1/organizations/441O0KSH8000/workspaces s=200 d=339ms s=306
INF http m=GET p=/assets/InviteForm-CW-wgFWD.css s=200 d=35µs s=414
INF http m=GET p=/assets/Editor-BYBWY7b1.css s=200 d=46µs s=2240
INF http m=GET p=/assets/Editor-5FlZhQpN.js s=200 d=69µs s=13509
INF http m=GET p=/assets/AdminDashboard-R0heLGro.css s=200 d=32µs s=601
INF http m=GET p=/assets/AdminDashboard-D3Sw1IyX.js s=200 d=40µs s=2075
INF http m=GET p=/manifest.webmanifest s=200 d=30µs s=199
INF http m=POST p=/api/v1/auth/switch-workspace s=200 d=40.7ms s=580
INF http m=GET p=/api/v1/notifications/unread-count s=200 d=194µs s=25
INF http m=GET p=/api/v1/workspaces/441O0L9QS000/members s=200 d=221µs s=124
INF http m=GET p=/api/v1/workspaces/441O0L9QS000/nodes/0/children s=200 d=284µs s=26
INF http m=POST p=/api/v1/auth/register s=200 d=149ms s=447
INF http m=POST p=/api/v1/workspaces/441O0L9QS000/nodes/0/page/create s=200 d=33ms s=35
INF http m=GET p=/ s=200 d=57µs s=542
INF http m=GET p=/api/v1/workspaces/441O0L9QS000/nodes/0/children s=200 d=284µs s=257
INF http m=GET p=/api/v1/workspaces/441O0L9QS000/nodes/441O0NTK0000 s=200 d=286µs s=245
INF http m=GET p=/assets/index-SHhnYNGf.js s=200 d=185µs s=49792
INF http m=GET p=/assets/index-DPQ8uk7g.css s=200 d=107µs s=12402
INF http m=GET p=/assets/editor-vendor-Bje_VwYD.js s=200 d=209µs s=117396
INF http m=GET p=/assets/vendor-C3WBU0hm.js s=200 d=165µs s=29762
INF http m=GET p=/registerSW.js s=200 d=39µs s=87
INF http m=GET p=/api/v1/auth/me s=200 d=237µs s=174
INF http m=GET p=/assets/en-BOb8f2G7.js s=200 d=203µs s=5207
INF http m=GET p=/api/v1/notifications/unread-count s=200 d=185µs s=25
INF http m=GET p=/favicon.png s=200 d=40µs s=449
INF http m=GET p=/sw.js s=200 d=107µs s=5540
INF http m=POST p=/api/v1/organizations s=200 d=59.5ms s=359
INF http m=GET p=/registerSW.js s=200 d=41µs s=87
INF http m=GET p=/api/v1/auth/me s=200 d=243µs s=259
INF http m=GET p=/index.html s=200 d=32µs s=542
INF http m=GET p=/icon.svg s=200 d=27µs s=195
INF http m=GET p=/icon-512.png s=200 d=739µs s=6498
INF http m=GET p=/icon-192.png s=200 d=46µs s=2468
INF http m=GET p=/favicon.png s=200 d=33µs s=449
INF http m=GET p=/apple-touch-icon.png s=200 d=71µs s=2298
INF http m=GET p=/assets/material-symbols-names-mOXCVt15.js s=200 d=125µs s=15793
INF http m=GET p=/assets/fr-CgauyyXq.js s=200 d=74µs s=6301
INF http m=GET p=/assets/es-DHO8DnB9.js s=200 d=72µs s=6015
INF http m=GET p=/assets/emoji-groups-tsNE8Axz.js s=200 d=108µs s=13852
INF http m=GET p=/assets/de-qJeflSp6.js s=200 d=440µs s=6245
INF http m=GET p=/assets/WorkspaceSettingsPanel-CsUOm22X.css s=200 d=26µs s=1025
INF http m=GET p=/assets/WorkspaceSettingsPanel-CM5oaFTF.js s=200 d=78µs s=4443
INF http m=GET p=/assets/ServerSettingsPanel-pbgISWIv.css s=200 d=31µs s=596
INF http m=GET p=/assets/ServerSettingsPanel-C8C6nm9a.js s=200 d=38µs s=2550
INF http m=GET p=/assets/ResourceQuotaForm-DTSj8Ta5.css s=200 d=27µs s=302
INF http m=GET p=/assets/ResourceQuotaForm-D6gJNn3N.js s=200 d=29µs s=812
INF http m=GET p=/assets/ProfileSettings-rthGIjGN.js s=200 d=63µs s=4319
INF http m=GET p=/assets/ProfileSettings-D5kbNfHV.css s=200 d=53µs s=1220
INF http m=GET p=/assets/OrgSettingsPanel-BP8s6T0h.css s=200 d=26µs s=511
INF http m=GET p=/assets/OrgSettingsPanel-B78NX7Vn.js s=200 d=36µs s=2302
INF http m=GET p=/assets/InviteForm-R7w4u6kW.js s=200 d=29µs s=1267
INF http m=GET p=/assets/InviteForm-CW-wgFWD.css s=200 d=31µs s=414
INF http m=GET p=/assets/Editor-BYBWY7b1.css s=200 d=37µs s=2240
INF http m=GET p=/assets/Editor-5FlZhQpN.js s=200 d=166µs s=13509
INF http m=GET p=/assets/AdminDashboard-R0heLGro.css s=200 d=56µs s=601
INF http m=GET p=/assets/AdminDashboard-D3Sw1IyX.js s=200 d=37µs s=2075
INF http m=GET p=/manifest.webmanifest s=200 d=28µs s=199
INF http m=POST p=/api/v1/organizations/441O0P5FA000/workspaces s=200 d=213ms s=305
INF http m=POST p=/api/v1/workspaces/441O0L9QS000/nodes/0/page/create s=200 d=86.6ms s=26
INF http m=GET p=/w/@441O0L9QS000+workspace/@441O0NTK0000+welcome s=200 d=35µs s=542
INF http m=GET p=/api/v1/workspaces/441O0L9QS000/events s=200 d=514ms s=231
INF http m=POST p=/api/v1/auth/switch-workspace s=200 d=29.4ms s=617
INF http m=GET p=/api/v1/notifications/unread-count s=200 d=196µs s=25
INF http m=GET p=/api/v1/workspaces/441O0PJTC000/members s=200 d=199µs s=125
INF http m=GET p=/api/v1/workspaces/441O0PJTC000/nodes/0/children s=200 d=365µs s=26
INF http m=GET p=/api/v1/auth/me s=200 d=313µs s=359
INF http m=POST p=/api/v1/workspaces/441O0PJTC000/nodes/0/page/create s=200 d=37.9ms s=35
INF http m=GET p=/api/v1/workspaces/441O0PJTC000/nodes/0/children s=200 d=377µs s=332
INF http m=GET p=/api/v1/notifications/unread-count s=200 d=144µs s=25
INF http m=GET p=/api/v1/workspaces/441O0PJTC000/nodes/441O0R9QS000 s=200 d=653µs s=245
INF http m=GET p=/api/v1/workspaces/441O0L9QS000/nodes/0/children s=200 d=1.09ms s=334
INF http m=GET p=/api/v1/workspaces/441O0L9QS000/members s=200 d=545µs s=124
INF http m=POST p=/api/v1/workspaces/441O0PJTC000/nodes/0/page/create s=200 d=27.4ms s=26
INF http m=GET p=/api/v1/workspaces/441O0L9QS000/nodes/441O0NTK0000 s=200 d=1.27ms s=245
INF http m=GET p=/w/@441O0PJTC000+workspace/@441O0R9QS000+welcome s=200 d=44µs s=542
INF http m=GET p=/api/v1/workspaces/441O0PJTC000/events s=200 d=99.1ms s=233
INF http m=GET p=/api/v1/workspaces/441O0L9QS000/nodes/441O0QDFA000 s=200 d=395µs s=239
INF http m=GET p=/api/v1/auth/me s=200 d=2.2ms s=360
INF http m=GET p=/api/v1/notifications/unread-count s=200 d=173µs s=25
INF http m=GET p=/api/v1/workspaces/441O0PJTC000/nodes/441O0R9QS000 s=200 d=303µs s=245
INF http m=GET p=/api/v1/workspaces/441O0PJTC000/members s=200 d=207µs s=125
INF http m=GET p=/api/v1/workspaces/441O0PJTC000/nodes/0/children s=200 d=2.25ms s=332
INF http m=GET p=/api/v1/workspaces/441O0PJTC000/nodes/441O0RGBK000 s=200 d=415µs s=228
INF http m=GET p=/api/v1/workspaces/441O0PJTC000/events s=200 d=216ms s=93
INF http m=POST p=/api/v1/auth/register s=200 d=113ms s=416
INF http m=GET p=/ s=200 d=57µs s=542
INF http m=GET p=/api/v1/workspaces/441O0L9QS000/events s=200 d=641ms s=93
INF http m=GET p=/assets/index-SHhnYNGf.js s=200 d=174µs s=49792
INF http m=GET p=/assets/index-DPQ8uk7g.css s=200 d=191µs s=12402
INF http m=GET p=/assets/editor-vendor-Bje_VwYD.js s=200 d=197µs s=117396
INF http m=GET p=/registerSW.js s=200 d=35µs s=87
INF http m=GET p=/assets/vendor-C3WBU0hm.js s=200 d=402µs s=29762
INF http m=GET p=/api/v1/auth/me s=200 d=285µs s=170
INF http m=GET p=/assets/en-BOb8f2G7.js s=200 d=86µs s=5207
INF http m=GET p=/api/v1/notifications/unread-count s=200 d=201µs s=25
INF http m=GET p=/sw.js s=200 d=96µs s=5540
INF http m=POST p=/api/v1/organizations s=200 d=49.3ms s=355
INF http m=GET p=/favicon.png s=200 d=57µs s=449
INF http m=GET p=/api/v1/auth/me s=200 d=1.02ms s=257
INF http m=GET p=/registerSW.js s=200 d=41µs s=87
INF http m=GET p=/index.html s=200 d=40µs s=542
INF http m=GET p=/icon.svg s=200 d=36µs s=195
INF http m=GET p=/icon-512.png s=200 d=80µs s=6498
INF http m=GET p=/icon-192.png s=200 d=59µs s=2468
INF http m=POST p=/api/v1/auth/register s=200 d=181ms s=412
INF http m=GET p=/favicon.png s=200 d=44µs s=449
INF http m=GET p=/apple-touch-icon.png s=200 d=54µs s=2298
INF http m=GET p=/ s=200 d=57µs s=542
INF http m=GET p=/assets/index-SHhnYNGf.js s=200 d=232µs s=49792
INF http m=GET p=/assets/material-symbols-names-mOXCVt15.js s=200 d=100µs s=15793
INF http m=GET p=/assets/index-DPQ8uk7g.css s=200 d=184µs s=12402
INF http m=GET p=/assets/editor-vendor-Bje_VwYD.js s=200 d=243µs s=117396
INF http m=GET p=/registerSW.js s=200 d=43µs s=87
INF http m=GET p=/assets/vendor-C3WBU0hm.js s=200 d=154µs s=29762
INF http m=GET p=/assets/fr-CgauyyXq.js s=200 d=111µs s=6301
INF http m=GET p=/assets/es-DHO8DnB9.js s=200 d=95µs s=6015
INF http m=GET p=/assets/emoji-groups-tsNE8Axz.js s=200 d=111µs s=13852
INF http m=GET p=/api/v1/auth/me s=200 d=274µs s=167
INF http m=GET p=/assets/en-BOb8f2G7.js s=200 d=78µs s=5207
INF http m=GET p=/assets/de-qJeflSp6.js s=200 d=120µs s=6245
INF http m=GET p=/api/v1/notifications/unread-count s=200 d=198µs s=25
INF http m=GET p=/favicon.png s=200 d=42µs s=449
INF http m=GET p=/sw.js s=200 d=74µs s=5540
INF http m=GET p=/assets/WorkspaceSettingsPanel-CsUOm22X.css s=200 d=39µs s=1025
INF http m=GET p=/assets/WorkspaceSettingsPanel-CM5oaFTF.js s=200 d=94µs s=4443
INF http m=GET p=/assets/ServerSettingsPanel-pbgISWIv.css s=200 d=39µs s=596
INF http m=GET p=/registerSW.js s=200 d=52µs s=87
INF http m=GET p=/assets/ServerSettingsPanel-C8C6nm9a.js s=200 d=64µs s=2550
INF http m=GET p=/index.html s=200 d=80µs s=542
INF http m=GET p=/assets/ResourceQuotaForm-DTSj8Ta5.css s=200 d=35µs s=302
INF http m=GET p=/icon.svg s=200 d=36µs s=195
INF http m=GET p=/assets/ResourceQuotaForm-D6gJNn3N.js s=200 d=33µs s=812
INF http m=GET p=/icon-512.png s=200 d=73µs s=6498
INF http m=GET p=/assets/ProfileSettings-rthGIjGN.js s=200 d=132µs s=4319
INF http m=GET p=/assets/ProfileSettings-D5kbNfHV.css s=200 d=46µs s=1220
INF http m=GET p=/icon-192.png s=200 d=65µs s=2468
INF http m=GET p=/assets/OrgSettingsPanel-BP8s6T0h.css s=200 d=120µs s=511
INF http m=POST p=/api/v1/organizations/441O11D4O000/workspaces s=200 d=408ms s=299
INF http m=GET p=/assets/OrgSettingsPanel-B78NX7Vn.js s=200 d=56µs s=2302
INF http m=GET p=/favicon.png s=200 d=25µs s=449
INF http m=GET p=/assets/InviteForm-R7w4u6kW.js s=200 d=142µs s=1267
INF http m=GET p=/apple-touch-icon.png s=200 d=44µs s=2298
INF http m=POST p=/api/v1/organizations s=200 d=115ms s=354
INF http m=GET p=/api/v1/auth/me s=200 d=669µs s=252
INF http m=GET p=/assets/InviteForm-CW-wgFWD.css s=200 d=58µs s=414
INF http m=GET p=/assets/Editor-BYBWY7b1.css s=200 d=67µs s=2240
INF http m=GET p=/assets/Editor-5FlZhQpN.js s=200 d=84µs s=13509
INF http m=GET p=/assets/AdminDashboard-R0heLGro.css s=200 d=33µs s=601
INF http m=POST p=/api/v1/auth/switch-workspace s=200 d=40.8ms s=567
INF http m=GET p=/assets/AdminDashboard-D3Sw1IyX.js s=200 d=52µs s=2075
INF http m=GET p=/manifest.webmanifest s=200 d=36µs s=199
INF http m=GET p=/assets/material-symbols-names-mOXCVt15.js s=200 d=89µs s=15793
INF http m=GET p=/api/v1/workspaces/441O11UAG000/members s=200 d=282µs s=121
INF http m=GET p=/api/v1/notifications/unread-count s=200 d=87µs s=25
INF http m=GET p=/api/v1/workspaces/441O11UAG000/nodes/0/children s=200 d=5.66ms s=26
INF http m=GET p=/assets/fr-CgauyyXq.js s=200 d=243µs s=6301
INF http m=GET p=/assets/es-DHO8DnB9.js s=200 d=73µs s=6015
INF http m=GET p=/assets/emoji-groups-tsNE8Axz.js s=200 d=191µs s=13852
INF http m=GET p=/assets/de-qJeflSp6.js s=200 d=95µs s=6245
INF http m=GET p=/assets/WorkspaceSettingsPanel-CsUOm22X.css s=200 d=46µs s=1025
INF http m=GET p=/assets/WorkspaceSettingsPanel-CM5oaFTF.js s=200 d=65µs s=4443
INF http m=GET p=/assets/ServerSettingsPanel-pbgISWIv.css s=200 d=29µs s=596
INF http m=GET p=/assets/ServerSettingsPanel-C8C6nm9a.js s=200 d=34µs s=2550
INF http m=GET p=/assets/ResourceQuotaForm-DTSj8Ta5.css s=200 d=40µs s=302
INF http m=GET p=/assets/ResourceQuotaForm-D6gJNn3N.js s=200 d=27µs s=812
INF http m=GET p=/assets/ProfileSettings-rthGIjGN.js s=200 d=76µs s=4319
INF http m=GET p=/assets/ProfileSettings-D5kbNfHV.css s=200 d=33µs s=1220
INF http m=GET p=/assets/OrgSettingsPanel-BP8s6T0h.css s=200 d=28µs s=511
INF http m=GET p=/assets/OrgSettingsPanel-B78NX7Vn.js s=200 d=38µs s=2302
INF http m=GET p=/assets/InviteForm-R7w4u6kW.js s=200 d=60µs s=1267
INF http m=GET p=/assets/InviteForm-CW-wgFWD.css s=200 d=30µs s=414
INF http m=GET p=/assets/Editor-BYBWY7b1.css s=200 d=136µs s=2240
INF http m=GET p=/assets/Editor-5FlZhQpN.js s=200 d=693µs s=13509
INF http m=GET p=/assets/AdminDashboard-R0heLGro.css s=200 d=30µs s=601
INF http m=GET p=/assets/AdminDashboard-D3Sw1IyX.js s=200 d=39µs s=2075
INF http m=GET p=/manifest.webmanifest s=200 d=27µs s=199
INF http m=POST p=/api/v1/organizations/441O13PVQ000/workspaces s=200 d=271ms s=301
INF http m=POST p=/api/v1/workspaces/441O11UAG000/nodes/0/page/create s=200 d=214ms s=35
INF http m=GET p=/api/v1/workspaces/441O11UAG000/nodes/0/children s=200 d=245µs s=257
INF http m=POST p=/api/v1/auth/switch-workspace s=200 d=23.9ms s=563
INF http m=GET p=/api/v1/workspaces/441O11UAG000/nodes/441O151K8000 s=200 d=418µs s=245
INF http m=GET p=/api/v1/notifications/unread-count s=200 d=489µs s=25
INF http m=GET p=/api/v1/workspaces/441O14ICU000/members s=200 d=1.65ms s=118
INF http m=GET p=/api/v1/workspaces/441O14ICU000/nodes/0/children s=200 d=373µs s=26
INF http m=POST p=/api/v1/workspaces/441O14ICU000/nodes/0/page/create s=200 d=24.5ms s=35
INF http m=GET p=/api/v1/workspaces/441O14ICU000/nodes/0/children s=200 d=306µs s=257
INF http m=GET p=/api/v1/workspaces/441O14ICU000/nodes/441O16I6M000 s=200 d=302µs s=245
INF http m=POST p=/api/v1/workspaces/441O11UAG000/nodes/0/page/create s=200 d=15.3ms s=26
INF http m=GET p=/w/@441O11UAG000+workspace/@441O151K8000+welcome s=200 d=46µs s=542
INF http m=GET p=/api/v1/workspaces/441O11UAG000/events s=200 d=373ms s=230
INF http m=GET p=/api/v1/auth/me s=200 d=295µs s=362
INF http m=GET p=/api/v1/notifications/unread-count s=200 d=176µs s=25
INF http m=GET p=/api/v1/workspaces/441O11UAG000/nodes/0/children s=200 d=397µs s=248
INF http m=GET p=/api/v1/workspaces/441O11UAG000/members s=200 d=181µs s=121
INF http m=GET p=/api/v1/workspaces/441O11UAG000/nodes/441O151K8000 s=200 d=279µs s=245
INF http m=GET p=/api/v1/workspaces/441O11UAG000/nodes/441O1704S000 s=200 d=1.75ms s=171
INF http m=GET p=/api/v1/workspaces/441O11UAG000/events s=200 d=255ms s=93
INF http m=POST p=/api/v1/workspaces/441O14ICU000/nodes/0/page/create s=200 d=19.9ms s=26
INF http m=GET p=/w/@441O14ICU000+workspace/@441O16I6M000+welcome s=200 d=51µs s=542
INF http m=GET p=/api/v1/workspaces/441O14ICU000/events s=200 d=459ms s=238
INF http m=GET p=/api/v1/auth/me s=200 d=276µs s=355
INF http m=GET p=/api/v1/workspaces/441O14ICU000/nodes/441O16I6M000 s=200 d=328µs s=245
INF http m=GET p=/api/v1/workspaces/441O14ICU000/members s=200 d=151µs s=118
INF http m=GET p=/api/v1/workspaces/441O14ICU000/nodes/0/children s=200 d=272µs s=268
INF http m=GET p=/api/v1/notifications/unread-count s=200 d=118µs s=25
INF http m=GET p=/api/v1/workspaces/441O14ICU000/nodes/441O191C4000 s=200 d=358µs s=154
INF http m=POST p=/api/v1/auth/register s=200 d=151ms s=407
INF http m=GET p=/ s=200 d=106µs s=542
INF http m=GET p=/api/v1/workspaces/441O14ICU000/events s=200 d=197ms s=93
INF http m=GET p=/assets/editor-vendor-Bje_VwYD.js s=200 d=256µs s=117396
INF http m=GET p=/registerSW.js s=200 d=43µs s=87
INF http m=GET p=/assets/vendor-C3WBU0hm.js s=200 d=124µs s=29762
INF http m=GET p=/assets/index-DPQ8uk7g.css s=200 d=97µs s=12402
INF http m=GET p=/assets/index-SHhnYNGf.js s=200 d=133µs s=49792
INF http m=GET p=/assets/en-BOb8f2G7.js s=200 d=100µs s=5207
INF http m=GET p=/api/v1/auth/me s=200 d=339µs s=168
INF http m=GET p=/favicon.png s=200 d=45µs s=449
INF http m=GET p=/api/v1/notifications/unread-count s=200 d=3.1ms s=25
INF http m=GET p=/sw.js s=200 d=135µs s=5540
INF http m=GET p=/registerSW.js s=200 d=43µs s=87
INF http m=GET p=/index.html s=200 d=72µs s=542
INF http m=POST p=/api/v1/organizations s=200 d=136ms s=351
INF http m=GET p=/icon.svg s=200 d=37µs s=195
INF http m=GET p=/api/v1/auth/me s=200 d=4.11ms s=254
INF http m=GET p=/icon-512.png s=200 d=123µs s=6498
INF http m=GET p=/icon-192.png s=200 d=65µs s=2468
INF http m=GET p=/favicon.png s=200 d=38µs s=449
INF http m=GET p=/apple-touch-icon.png s=200 d=46µs s=2298
INF http m=POST p=/api/v1/auth/register s=200 d=136ms s=399
INF http m=GET p=/assets/material-symbols-names-mOXCVt15.js s=200 d=81µs s=15793
INF http m=GET p=/ s=200 d=93µs s=542
INF http m=GET p=/assets/fr-CgauyyXq.js s=200 d=85µs s=6301
INF http m=GET p=/assets/es-DHO8DnB9.js s=200 d=92µs s=6015
INF http m=GET p=/assets/editor-vendor-Bje_VwYD.js s=200 d=197µs s=117396
INF http m=GET p=/assets/index-DPQ8uk7g.css s=200 d=104µs s=12402
INF http m=GET p=/assets/index-SHhnYNGf.js s=200 d=149µs s=49792
INF http m=GET p=/assets/vendor-C3WBU0hm.js s=200 d=449µs s=29762
INF http m=GET p=/registerSW.js s=200 d=63µs s=87
INF http m=GET p=/assets/emoji-groups-tsNE8Axz.js s=200 d=91µs s=13852
INF http m=GET p=/assets/de-qJeflSp6.js s=200 d=96µs s=6245
INF http m=GET p=/assets/en-BOb8f2G7.js s=200 d=107µs s=5207
INF http m=GET p=/api/v1/auth/me s=200 d=9.19ms s=169
INF http m=GET p=/assets/WorkspaceSettingsPanel-CsUOm22X.css s=200 d=43µs s=1025
INF http m=GET p=/assets/WorkspaceSettingsPanel-CM5oaFTF.js s=200 d=129µs s=4443
INF http m=GET p=/api/v1/notifications/unread-count s=200 d=192µs s=25
INF http m=GET p=/favicon.png s=200 d=41µs s=449
INF http m=GET p=/assets/ServerSettingsPanel-pbgISWIv.css s=200 d=27µs s=596
INF http m=GET p=/assets/ServerSettingsPanel-C8C6nm9a.js s=200 d=46µs s=2550
INF http m=GET p=/assets/ResourceQuotaForm-DTSj8Ta5.css s=200 d=35µs s=302
INF http m=GET p=/assets/ResourceQuotaForm-D6gJNn3N.js s=200 d=40µs s=812
INF http m=GET p=/assets/ProfileSettings-rthGIjGN.js s=200 d=79µs s=4319
INF http m=GET p=/assets/ProfileSettings-D5kbNfHV.css s=200 d=78µs s=1220
INF http m=GET p=/assets/OrgSettingsPanel-BP8s6T0h.css s=200 d=52µs s=511
INF http m=GET p=/sw.js s=200 d=338µs s=5540
INF http m=GET p=/assets/OrgSettingsPanel-B78NX7Vn.js s=200 d=99µs s=2302
INF http m=GET p=/assets/InviteForm-R7w4u6kW.js s=200 d=39µs s=1267
INF http m=GET p=/registerSW.js s=200 d=37µs s=87
INF http m=GET p=/assets/InviteForm-CW-wgFWD.css s=200 d=79µs s=414
INF http m=GET p=/assets/Editor-BYBWY7b1.css s=200 d=65µs s=2240
INF http m=GET p=/assets/Editor-5FlZhQpN.js s=200 d=92µs s=13509
INF http m=GET p=/index.html s=200 d=23µs s=542
INF http m=GET p=/assets/AdminDashboard-R0heLGro.css s=200 d=37µs s=601
INF http m=GET p=/icon.svg s=200 d=29µs s=195
INF http m=GET p=/assets/AdminDashboard-D3Sw1IyX.js s=200 d=54µs s=2075
INF http m=GET p=/icon-512.png s=200 d=94µs s=6498
INF http m=GET p=/manifest.webmanifest s=200 d=30µs s=199
INF http m=GET p=/icon-192.png s=200 d=44µs s=2468
INF http m=GET p=/favicon.png s=200 d=37µs s=449
INF http m=GET p=/apple-touch-icon.png s=200 d=35µs s=2298
INF http m=GET p=/assets/material-symbols-names-mOXCVt15.js s=200 d=95µs s=15793
INF http m=POST p=/api/v1/organizations/441O1D2R4000/workspaces s=200 d=445ms s=297
INF http m=POST p=/api/v1/organizations s=200 d=172ms s=353
INF http m=GET p=/api/v1/auth/me s=200 d=1.4ms s=252
INF http m=GET p=/assets/fr-CgauyyXq.js s=200 d=111µs s=6301
INF http m=GET p=/assets/es-DHO8DnB9.js s=200 d=122µs s=6015
INF http m=POST p=/api/v1/auth/switch-workspace s=200 d=45.2ms s=565
INF http m=GET p=/assets/emoji-groups-tsNE8Axz.js s=200 d=113µs s=13852
INF http m=GET p=/api/v1/notifications/unread-count s=200 d=287µs s=25
INF http m=GET p=/api/v1/workspaces/441O1E0R2000/nodes/0/children s=200 d=3.3ms s=26
INF http m=GET p=/api/v1/workspaces/441O1E0R2000/members s=200 d=3.26ms s=119
INF http m=GET p=/assets/de-qJeflSp6.js s=200 d=136µs s=6245
INF http m=GET p=/assets/WorkspaceSettingsPanel-CsUOm22X.css s=200 d=38µs s=1025
INF http m=GET p=/assets/WorkspaceSettingsPanel-CM5oaFTF.js s=200 d=89µs s=4443
INF http m=GET p=/assets/ServerSettingsPanel-pbgISWIv.css s=200 d=32µs s=596
INF http m=GET p=/assets/ServerSettingsPanel-C8C6nm9a.js s=200 d=40µs s=2550
INF http m=GET p=/assets/ResourceQuotaForm-DTSj8Ta5.css s=200 d=43µs s=302
INF http m=GET p=/assets/ResourceQuotaForm-D6gJNn3N.js s=200 d=36µs s=812
INF http m=GET p=/assets/ProfileSettings-rthGIjGN.js s=200 d=85µs s=4319
INF http m=GET p=/assets/ProfileSettings-D5kbNfHV.css s=200 d=37µs s=1220
INF http m=GET p=/assets/OrgSettingsPanel-BP8s6T0h.css s=200 d=45µs s=511
INF http m=GET p=/assets/OrgSettingsPanel-B78NX7Vn.js s=200 d=45µs s=2302
INF http m=GET p=/assets/InviteForm-R7w4u6kW.js s=200 d=27µs s=1267
INF http m=GET p=/assets/InviteForm-CW-wgFWD.css s=200 d=67µs s=414
INF http m=GET p=/assets/Editor-BYBWY7b1.css s=200 d=59µs s=2240
INF http m=GET p=/assets/Editor-5FlZhQpN.js s=200 d=140µs s=13509
INF http m=GET p=/assets/AdminDashboard-R0heLGro.css s=200 d=44µs s=601
INF http m=GET p=/assets/AdminDashboard-D3Sw1IyX.js s=200 d=47µs s=2075
INF http m=GET p=/manifest.webmanifest s=200 d=32µs s=199
INF http m=POST p=/api/v1/organizations/441O1FO0U000/workspaces s=200 d=249ms s=305
INF http m=POST p=/api/v1/workspaces/441O1E0R2000/nodes/0/page/create s=200 d=160ms s=35
INF http m=GET p=/api/v1/workspaces/441O1E0R2000/nodes/0/children s=200 d=1.11ms s=257
INF http m=GET p=/api/v1/workspaces/441O1E0R2000/nodes/441O1HEI4000 s=200 d=783µs s=245
INF http m=POST p=/api/v1/auth/switch-workspace s=200 d=30.2ms s=576
INF http m=GET p=/api/v1/notifications/unread-count s=200 d=200µs s=25
INF http m=GET p=/api/v1/workspaces/441O1GS5C000/nodes/0/children s=200 d=276µs s=26
INF http m=GET p=/api/v1/workspaces/441O1GS5C000/members s=200 d=3.2ms s=120
INF http m=POST p=/api/v1/workspaces/441O1E0R2000/nodes/0/page/create s=200 d=37.9ms s=26
INF http m=GET p=/w/@441O1E0R2000+workspace/@441O1HEI4000+welcome s=200 d=39µs s=542
INF http m=GET p=/api/v1/workspaces/441O1E0R2000/events s=200 d=276ms s=236
INF http m=POST p=/api/v1/workspaces/441O1GS5C000/nodes/0/page/create s=200 d=32.9ms s=35
INF http m=GET p=/api/v1/workspaces/441O1GS5C000/nodes/0/children s=200 d=745µs s=257
INF http m=GET p=/api/v1/workspaces/441O1GS5C000/nodes/441O1IRB6000 s=200 d=675µs s=245
INF http m=GET p=/api/v1/auth/me s=200 d=751µs s=354
INF http m=GET p=/api/v1/notifications/unread-count s=200 d=733µs s=25
INF http m=GET p=/api/v1/workspaces/441O1E0R2000/nodes/0/children s=200 d=1.05ms s=302
INF http m=GET p=/api/v1/workspaces/441O1E0R2000/members s=200 d=769µs s=119
INF http m=GET p=/api/v1/workspaces/441O1E0R2000/nodes/441O1HEI4000 s=200 d=1.16ms s=245
INF http m=GET p=/api/v1/workspaces/441O1E0R2000/nodes/441O1IMKG000 s=200 d=363µs s=198
INF http m=GET p=/api/v1/workspaces/441O1E0R2000/events s=200 d=106ms s=93
INF http m=POST p=/api/v1/workspaces/441O1GS5C000/nodes/0/page/create s=200 d=22.2ms s=26
INF http m=GET p=/w/@441O1GS5C000+workspace/@441O1IRB6000+welcome s=200 d=40µs s=542
INF http m=GET p=/api/v1/workspaces/441O1GS5C000/events s=200 d=452ms s=238
INF http m=POST p=/api/v1/auth/register s=200 d=108ms s=389
INF http m=GET p=/ s=200 d=63µs s=542
INF http m=GET p=/api/v1/auth/me s=200 d=378µs s=354
INF http m=GET p=/assets/index-SHhnYNGf.js s=200 d=159µs s=49792
INF http m=GET p=/assets/editor-vendor-Bje_VwYD.js s=200 d=162µs s=117396
INF http m=GET p=/assets/index-DPQ8uk7g.css s=200 d=87µs s=12402
INF http m=GET p=/assets/vendor-C3WBU0hm.js s=200 d=118µs s=29762
INF http m=GET p=/registerSW.js s=200 d=47µs s=87
INF http m=GET p=/api/v1/workspaces/441O1GS5C000/members s=200 d=218µs s=120
INF http m=GET p=/api/v1/workspaces/441O1GS5C000/nodes/0/children s=200 d=362µs s=270
INF http m=GET p=/api/v1/workspaces/441O1GS5C000/nodes/441O1IRB6000 s=200 d=231µs s=245
INF http m=GET p=/api/v1/notifications/unread-count s=200 d=102µs s=25
INF http m=GET p=/assets/en-BOb8f2G7.js s=200 d=90µs s=5207
INF http m=GET p=/api/v1/auth/me s=200 d=6.44ms s=164
INF http m=GET p=/favicon.png s=200 d=61µs s=449
INF http m=GET p=/sw.js s=200 d=134µs s=5540
INF http m=GET p=/api/v1/notifications/unread-count s=200 d=203µs s=25
INF http m=GET p=/api/v1/workspaces/441O1GS5C000/nodes/441O1L6E8000 s=200 d=314µs s=157
INF http m=GET p=/registerSW.js s=200 d=43µs s=87
INF http m=POST p=/api/v1/organizations s=200 d=74.3ms s=349
INF http m=GET p=/api/v1/auth/me s=200 d=249µs s=249
INF http m=GET p=/index.html s=200 d=33µs s=542
INF http m=GET p=/icon.svg s=200 d=36µs s=195
INF http m=GET p=/icon-512.png s=200 d=83µs s=6498
INF http m=GET p=/icon-192.png s=200 d=52µs s=2468
INF http m=GET p=/favicon.png s=200 d=35µs s=449
INF http m=GET p=/apple-touch-icon.png s=200 d=45µs s=2298
INF http m=GET p=/assets/material-symbols-names-mOXCVt15.js s=200 d=101µs s=15793
INF http m=GET p=/assets/fr-CgauyyXq.js s=200 d=86µs s=6301
INF http m=GET p=/assets/es-DHO8DnB9.js s=200 d=79µs s=6015
INF http m=GET p=/assets/emoji-groups-tsNE8Axz.js s=200 d=205µs s=13852
INF http m=GET p=/api/v1/workspaces/441O1GS5C000/events s=200 d=370ms s=93
INF http m=GET p=/assets/de-qJeflSp6.js s=200 d=92µs s=6245
INF http m=GET p=/assets/WorkspaceSettingsPanel-CsUOm22X.css s=200 d=33µs s=1025
INF http m=GET p=/assets/WorkspaceSettingsPanel-CM5oaFTF.js s=200 d=49µs s=4443
INF http m=GET p=/assets/ServerSettingsPanel-pbgISWIv.css s=200 d=30µs s=596
INF http m=GET p=/assets/ServerSettingsPanel-C8C6nm9a.js s=200 d=45µs s=2550
INF http m=GET p=/assets/ResourceQuotaForm-DTSj8Ta5.css s=200 d=26µs s=302
INF http m=GET p=/assets/ResourceQuotaForm-D6gJNn3N.js s=200 d=28µs s=812
INF http m=GET p=/assets/ProfileSettings-rthGIjGN.js s=200 d=63µs s=4319
INF http m=GET p=/assets/ProfileSettings-D5kbNfHV.css s=200 d=41µs s=1220
INF http m=GET p=/assets/OrgSettingsPanel-BP8s6T0h.css s=200 d=42µs s=511
INF http m=GET p=/assets/OrgSettingsPanel-B78NX7Vn.js s=200 d=68µs s=2302
INF http m=GET p=/assets/InviteForm-R7w4u6kW.js s=200 d=42µs s=1267
INF http m=GET p=/assets/InviteForm-CW-wgFWD.css s=200 d=43µs s=414
INF http m=GET p=/assets/Editor-BYBWY7b1.css s=200 d=54µs s=2240
INF http m=GET p=/assets/Editor-5FlZhQpN.js s=200 d=109µs s=13509
INF http m=GET p=/assets/AdminDashboard-R0heLGro.css s=200 d=39µs s=601
INF http m=GET p=/assets/AdminDashboard-D3Sw1IyX.js s=200 d=57µs s=2075
INF http m=GET p=/manifest.webmanifest s=200 d=54µs s=199
INF http m=POST p=/api/v1/organizations/441O1N9IM000/workspaces s=200 d=408ms s=295
INF http m=POST p=/api/v1/auth/switch-workspace s=200 d=37.1ms s=612
INF http m=GET p=/api/v1/notifications/unread-count s=200 d=3.63ms s=25
INF http m=GET p=/api/v1/workspaces/441O1NR2M000/members s=200 d=2.05ms s=126
INF http m=GET p=/api/v1/workspaces/441O1NR2M000/nodes/0/children s=200 d=308µs s=26
INF http m=POST p=/api/v1/auth/register s=200 d=131ms s=387
INF http m=POST p=/api/v1/workspaces/441O1NR2M000/nodes/0/page/create s=200 d=39.6ms s=35
INF http m=GET p=/api/v1/workspaces/441O1NR2M000/nodes/0/children s=200 d=328µs s=257
INF http m=GET p=/ s=200 d=65µs s=542
INF http m=GET p=/api/v1/workspaces/441O1NR2M000/nodes/441O1QQ78000 s=200 d=365µs s=245
INF http m=GET p=/registerSW.js s=200 d=60µs s=87
INF http m=GET p=/assets/index-SHhnYNGf.js s=200 d=141µs s=49792
INF http m=GET p=/assets/vendor-C3WBU0hm.js s=200 d=106µs s=29762
INF http m=GET p=/assets/editor-vendor-Bje_VwYD.js s=200 d=210µs s=117396
INF http m=GET p=/assets/index-DPQ8uk7g.css s=200 d=121µs s=12402
INF http m=GET p=/assets/en-BOb8f2G7.js s=200 d=70µs s=5207
INF http m=GET p=/api/v1/auth/me s=200 d=831µs s=165
INF http m=GET p=/api/v1/notifications/unread-count s=200 d=173µs s=25
INF http m=GET p=/favicon.png s=200 d=32µs s=449
INF http m=GET p=/sw.js s=200 d=96µs s=5540
INF http m=POST p=/api/v1/organizations s=200 d=48ms s=347
INF http m=GET p=/registerSW.js s=200 d=35µs s=87
INF http m=GET p=/api/v1/auth/me s=200 d=260µs s=250
INF http m=GET p=/index.html s=200 d=38µs s=542
INF http m=GET p=/icon.svg s=200 d=36µs s=195
INF http m=GET p=/icon-512.png s=200 d=761µs s=6498
INF http m=GET p=/icon-192.png s=200 d=45µs s=2468
INF http m=GET p=/favicon.png s=200 d=36µs s=449
INF http m=GET p=/apple-touch-icon.png s=200 d=39µs s=2298
INF http m=GET p=/assets/material-symbols-names-mOXCVt15.js s=200 d=93µs s=15793
INF http m=GET p=/assets/fr-CgauyyXq.js s=200 d=80µs s=6301
INF http m=GET p=/assets/es-DHO8DnB9.js s=200 d=91µs s=6015
INF http m=GET p=/assets/emoji-groups-tsNE8Axz.js s=200 d=104µs s=13852
INF http m=GET p=/assets/de-qJeflSp6.js s=200 d=94µs s=6245
INF http m=GET p=/assets/WorkspaceSettingsPanel-CsUOm22X.css s=200 d=31µs s=1025
INF http m=GET p=/assets/WorkspaceSettingsPanel-CM5oaFTF.js s=200 d=67µs s=4443
INF http m=GET p=/assets/ServerSettingsPanel-pbgISWIv.css s=200 d=29µs s=596
INF http m=GET p=/assets/ServerSettingsPanel-C8C6nm9a.js s=200 d=39µs s=2550
INF http m=GET p=/assets/ResourceQuotaForm-DTSj8Ta5.css s=200 d=24µs s=302
INF http m=GET p=/assets/ResourceQuotaForm-D6gJNn3N.js s=200 d=26µs s=812
INF http m=GET p=/assets/ProfileSettings-rthGIjGN.js s=200 d=78µs s=4319
INF http m=GET p=/assets/ProfileSettings-D5kbNfHV.css s=200 d=38µs s=1220
INF http m=GET p=/assets/OrgSettingsPanel-BP8s6T0h.css s=200 d=39µs s=511
INF http m=GET p=/assets/OrgSettingsPanel-B78NX7Vn.js s=200 d=36µs s=2302
INF http m=GET p=/assets/InviteForm-R7w4u6kW.js s=200 d=30µs s=1267
INF http m=GET p=/assets/InviteForm-CW-wgFWD.css s=200 d=28µs s=414
INF http m=GET p=/assets/Editor-BYBWY7b1.css s=200 d=33µs s=2240
INF http m=GET p=/assets/Editor-5FlZhQpN.js s=200 d=78µs s=13509
INF http m=GET p=/assets/AdminDashboard-R0heLGro.css s=200 d=46µs s=601
INF http m=GET p=/assets/AdminDashboard-D3Sw1IyX.js s=200 d=58µs s=2075
INF http m=POST p=/api/v1/organizations/441O1SA22000/workspaces s=200 d=230ms s=293
INF http m=GET p=/manifest.webmanifest s=200 d=35µs s=199
INF http m=POST p=/api/v1/workspaces/441O1NR2M000/nodes/0/page/create s=200 d=225ms s=26
INF http m=POST p=/api/v1/auth/switch-workspace s=200 d=27.4ms s=607
INF http m=GET p=/w/@441O1NR2M000+workspace/@441O1QQ78000+welcome s=200 d=38µs s=542
INF http m=GET p=/api/v1/workspaces/441O1NR2M000/events s=200 d=588ms s=236
INF http m=GET p=/api/v1/notifications/unread-count s=200 d=193µs s=25
INF http m=GET p=/api/v1/workspaces/441O1SLK4000/members s=200 d=212µs s=124
INF http m=GET p=/api/v1/workspaces/441O1SLK4000/nodes/0/children s=200 d=3.41ms s=26
INF http m=POST p=/api/v1/workspaces/441O1SLK4000/nodes/0/page/create s=200 d=20.1ms s=35
INF http m=GET p=/api/v1/workspaces/441O1SLK4000/nodes/0/children s=200 d=275µs s=252
INF http m=GET p=/api/v1/auth/me s=200 d=278µs s=363
INF http m=GET p=/api/v1/workspaces/441O1SLK4000/nodes/441O1UI4E000 s=200 d=306µs s=245
INF http m=POST p=/api/v1/workspaces/441O1SLK4000/nodes/0/page/create s=200 d=40.8ms s=26
INF http m=GET p=/api/v1/notifications/unread-count s=200 d=236µs s=25
INF http m=GET p=/api/v1/workspaces/441O1NR2M000/members s=200 d=569µs s=126
INF http m=GET p=/w/@441O1SLK4000+workspace/@441O1UI4E000+welcome s=200 d=49µs s=542
INF http m=GET p=/api/v1/workspaces/441O1NR2M000/nodes/0/children s=200 d=4.97ms s=229
INF http m=GET p=/api/v1/workspaces/441O1NR2M000/nodes/441O1QQ78000 s=200 d=7.43ms s=245
INF http m=GET p=/api/v1/workspaces/441O1SLK4000/events s=200 d=124ms s=233
INF http m=GET p=/api/v1/workspaces/441O1NR2M000/nodes/441O1SR82000 s=200 d=2.45ms s=133
INF http m=GET p=/api/v1/auth/me s=200 d=276µs s=350
INF http m=GET p=/api/v1/notifications/unread-count s=200 d=274µs s=25
INF http m=GET p=/api/v1/workspaces/441O1SLK4000/members s=200 d=432µs s=124
INF http m=GET p=/api/v1/workspaces/441O1SLK4000/nodes/441O1UI4E000 s=200 d=1.03ms s=245
INF http m=GET p=/api/v1/workspaces/441O1SLK4000/nodes/0/children s=200 d=4.22ms s=252
INF http m=GET p=/api/v1/workspaces/441O1NR2M000/events s=200 d=200ms s=93
INF http m=GET p=/api/v1/workspaces/441O1SLK4000/nodes/441O1UL0G000 s=200 d=312µs s=173
INF http m=GET p=/api/v1/workspaces/441O1SLK4000/events s=200 d=268ms s=93
INF http m=POST p=/api/v1/auth/register s=200 d=138ms s=389
INF http m=GET p=/ s=200 d=64µs s=542
INF http m=GET p=/assets/index-SHhnYNGf.js s=200 d=171µs s=49792
INF http m=GET p=/assets/index-DPQ8uk7g.css s=200 d=134µs s=12402
INF http m=GET p=/assets/editor-vendor-Bje_VwYD.js s=200 d=193µs s=117396
INF http m=GET p=/registerSW.js s=200 d=51µs s=87
INF http m=GET p=/assets/vendor-C3WBU0hm.js s=200 d=114µs s=29762
INF http m=GET p=/api/v1/auth/me s=200 d=227µs s=159
INF http m=GET p=/assets/en-BOb8f2G7.js s=200 d=77µs s=5207
INF http m=GET p=/favicon.png s=200 d=36µs s=449
INF http m=GET p=/api/v1/notifications/unread-count s=200 d=138µs s=25
INF http m=GET p=/sw.js s=200 d=1.82ms s=5540
INF http m=POST p=/api/v1/auth/register s=200 d=221ms s=387
INF http m=GET p=/ s=200 d=66µs s=542
INF http m=POST p=/api/v1/organizations s=200 d=98.4ms s=346
INF http m=GET p=/assets/index-SHhnYNGf.js s=200 d=157µs s=49792
INF http m=GET p=/assets/index-DPQ8uk7g.css s=200 d=107µs s=12402
INF http m=GET p=/api/v1/auth/me s=200 d=690µs s=244
INF http m=GET p=/assets/editor-vendor-Bje_VwYD.js s=200 d=255µs s=117396
INF http m=GET p=/assets/vendor-C3WBU0hm.js s=200 d=139µs s=29762
INF http m=GET p=/registerSW.js s=200 d=31µs s=87
INF http m=GET p=/registerSW.js s=200 d=35µs s=87
INF http m=GET p=/index.html s=200 d=67µs s=542
INF http m=GET p=/icon.svg s=200 d=51µs s=195
INF http m=GET p=/icon-512.png s=200 d=114µs s=6498
INF http m=GET p=/icon-192.png s=200 d=62µs s=2468
INF http m=GET p=/favicon.png s=200 d=39µs s=449
INF http m=GET p=/apple-touch-icon.png s=200 d=73µs s=2298
INF http m=GET p=/assets/material-symbols-names-mOXCVt15.js s=200 d=111µs s=15793
INF http m=GET p=/assets/fr-CgauyyXq.js s=200 d=110µs s=6301
INF http m=GET p=/assets/es-DHO8DnB9.js s=200 d=125µs s=6015
INF http m=GET p=/assets/emoji-groups-tsNE8Axz.js s=200 d=104µs s=13852
INF http m=GET p=/api/v1/auth/me s=200 d=697µs s=163
INF http m=GET p=/assets/en-BOb8f2G7.js s=200 d=78µs s=5207
INF http m=GET p=/assets/de-qJeflSp6.js s=200 d=86µs s=6245
INF http m=GET p=/assets/WorkspaceSettingsPanel-CsUOm22X.css s=200 d=52µs s=1025
INF http m=GET p=/favicon.png s=200 d=35µs s=449
INF http m=GET p=/assets/WorkspaceSettingsPanel-CM5oaFTF.js s=200 d=61µs s=4443
INF http m=GET p=/sw.js s=200 d=58µs s=5540
INF http m=GET p=/api/v1/notifications/unread-count s=200 d=172µs s=25
INF http m=GET p=/assets/ServerSettingsPanel-pbgISWIv.css s=200 d=49µs s=596
INF http m=GET p=/assets/ServerSettingsPanel-C8C6nm9a.js s=200 d=60µs s=2550
INF http m=GET p=/assets/ResourceQuotaForm-DTSj8Ta5.css s=200 d=46µs s=302
INF http m=GET p=/assets/ResourceQuotaForm-D6gJNn3N.js s=200 d=51µs s=812
INF http m=GET p=/assets/ProfileSettings-rthGIjGN.js s=200 d=62µs s=4319
INF http m=GET p=/assets/ProfileSettings-D5kbNfHV.css s=200 d=45µs s=1220
INF http m=GET p=/registerSW.js s=200 d=27µs s=87
INF http m=GET p=/assets/OrgSettingsPanel-BP8s6T0h.css s=200 d=27µs s=511
INF http m=GET p=/assets/OrgSettingsPanel-B78NX7Vn.js s=200 d=56µs s=2302
INF http m=GET p=/index.html s=200 d=28µs s=542
INF http m=GET p=/assets/InviteForm-R7w4u6kW.js s=200 d=61µs s=1267
INF http m=GET p=/icon.svg s=200 d=27µs s=195
INF http m=GET p=/assets/InviteForm-CW-wgFWD.css s=200 d=32µs s=414
INF http m=GET p=/icon-512.png s=200 d=63µs s=6498
INF http m=GET p=/assets/Editor-BYBWY7b1.css s=200 d=40µs s=2240
INF http m=GET p=/assets/Editor-5FlZhQpN.js s=200 d=158µs s=13509
INF http m=GET p=/icon-192.png s=200 d=45µs s=2468
INF http m=GET p=/assets/AdminDashboard-R0heLGro.css s=200 d=35µs s=601
INF http m=GET p=/favicon.png s=200 d=35µs s=449
INF http m=GET p=/assets/AdminDashboard-D3Sw1IyX.js s=200 d=39µs s=2075
INF http m=GET p=/apple-touch-icon.png s=200 d=35µs s=2298
INF http m=GET p=/manifest.webmanifest s=200 d=39µs s=199
INF http m=GET p=/assets/material-symbols-names-mOXCVt15.js s=200 d=102µs s=15793
INF http m=GET p=/assets/fr-CgauyyXq.js s=200 d=82µs s=6301
INF http m=GET p=/assets/es-DHO8DnB9.js s=200 d=83µs s=6015
INF http m=GET p=/assets/emoji-groups-tsNE8Axz.js s=200 d=148µs s=13852
INF http m=POST p=/api/v1/organizations/441O24260000/workspaces s=200 d=444ms s=294
INF http m=POST p=/api/v1/organizations s=200 d=182ms s=347
INF http m=GET p=/api/v1/auth/me s=200 d=801µs s=248
INF http m=POST p=/api/v1/auth/switch-workspace s=200 d=33.8ms s=546
INF http m=GET p=/assets/de-qJeflSp6.js s=200 d=81µs s=6245
INF http m=GET p=/assets/WorkspaceSettingsPanel-CsUOm22X.css s=200 d=45µs s=1025
INF http m=GET p=/api/v1/notifications/unread-count s=200 d=187µs s=25
INF http m=GET p=/assets/WorkspaceSettingsPanel-CM5oaFTF.js s=200 d=91µs s=4443
INF http m=GET p=/assets/ServerSettingsPanel-pbgISWIv.css s=200 d=36µs s=596
INF http m=GET p=/api/v1/workspaces/441O24O9M000/members s=200 d=9.42ms s=120
INF http m=GET p=/api/v1/workspaces/441O24O9M000/nodes/0/children s=200 d=4.09ms s=26
INF http m=GET p=/assets/ServerSettingsPanel-C8C6nm9a.js s=200 d=102µs s=2550
INF http m=GET p=/assets/ResourceQuotaForm-DTSj8Ta5.css s=200 d=34µs s=302
INF http m=GET p=/assets/ResourceQuotaForm-D6gJNn3N.js s=200 d=36µs s=812
INF http m=GET p=/assets/ProfileSettings-rthGIjGN.js s=200 d=87µs s=4319
INF http m=GET p=/assets/ProfileSettings-D5kbNfHV.css s=200 d=35µs s=1220
INF http m=GET p=/assets/OrgSettingsPanel-BP8s6T0h.css s=200 d=20µs s=511
INF http m=GET p=/assets/OrgSettingsPanel-B78NX7Vn.js s=200 d=34µs s=2302
INF http m=GET p=/assets/InviteForm-R7w4u6kW.js s=200 d=32µs s=1267
INF http m=GET p=/assets/InviteForm-CW-wgFWD.css s=200 d=56µs s=414
INF http m=GET p=/assets/Editor-BYBWY7b1.css s=200 d=37µs s=2240
INF http m=GET p=/assets/Editor-5FlZhQpN.js s=200 d=86µs s=13509
INF http m=GET p=/assets/AdminDashboard-R0heLGro.css s=200 d=58µs s=601
INF http m=GET p=/assets/AdminDashboard-D3Sw1IyX.js s=200 d=39µs s=2075
INF http m=GET p=/manifest.webmanifest s=200 d=30µs s=199
INF http m=POST p=/api/v1/organizations/441O26D7Q000/workspaces s=200 d=220ms s=295
INF http m=POST p=/api/v1/workspaces/441O24O9M000/nodes/0/page/create s=200 d=148ms s=35
INF http m=GET p=/api/v1/workspaces/441O24O9M000/nodes/0/children s=200 d=226µs s=257
INF http m=GET p=/api/v1/workspaces/441O24O9M000/nodes/441O28160000 s=200 d=233µs s=245
INF http m=POST p=/api/v1/auth/switch-workspace s=200 d=27.5ms s=614
INF http m=GET p=/api/v1/workspaces/441O27I1Q000/nodes/0/children s=200 d=377µs s=26
INF http m=GET p=/api/v1/notifications/unread-count s=200 d=147µs s=25
INF http m=GET p=/api/v1/workspaces/441O27I1Q000/members s=200 d=191µs s=118
INF http m=POST p=/api/v1/workspaces/441O27I1Q000/nodes/0/page/create s=200 d=25.4ms s=35
INF http m=GET p=/api/v1/workspaces/441O27I1Q000/nodes/0/children s=200 d=254µs s=257
INF http m=GET p=/api/v1/workspaces/441O27I1Q000/nodes/441O296TO000 s=200 d=250µs s=245
INF http m=POST p=/api/v1/workspaces/441O24O9M000/nodes/0/page/create s=200 d=15.4ms s=26
INF http m=GET p=/w/@441O24O9M000+workspace/@441O28160000+welcome s=200 d=83µs s=542
INF http m=GET p=/api/v1/workspaces/441O24O9M000/events s=200 d=343ms s=227
INF http m=GET p=/api/v1/auth/me s=200 d=862µs s=343
INF http m=GET p=/api/v1/notifications/unread-count s=200 d=214µs s=25
INF http m=GET p=/api/v1/workspaces/441O24O9M000/nodes/0/children s=200 d=466µs s=232
INF http m=GET p=/api/v1/workspaces/441O24O9M000/members s=200 d=532µs s=120
INF http m=GET p=/api/v1/workspaces/441O24O9M000/nodes/441O28160000 s=200 d=969µs s=245
INF http m=GET p=/api/v1/workspaces/441O24O9M000/nodes/441O29QHS000 s=200 d=1.79ms s=137
INF http m=GET p=/api/v1/workspaces/441O24O9M000/events s=200 d=117ms s=93
INF http m=POST p=/api/v1/workspaces/441O27I1Q000/nodes/0/page/create s=200 d=50.6ms s=26
INF http m=GET p=/w/@441O27I1Q000+workspace/@441O296TO000+welcome s=200 d=56µs s=542
INF http m=GET p=/api/v1/workspaces/441O27I1Q000/events s=200 d=518ms s=236
INF http m=GET p=/api/v1/auth/me s=200 d=672µs s=350
INF http m=POST p=/api/v1/auth/register s=200 d=172ms s=386
INF http m=GET p=/ s=200 d=63µs s=542
INF http m=GET p=/api/v1/notifications/unread-count s=200 d=193µs s=25
INF http m=GET p=/api/v1/workspaces/441O27I1Q000/nodes/0/children s=200 d=395µs s=262
INF http m=GET p=/api/v1/workspaces/441O27I1Q000/nodes/441O296TO000 s=200 d=410µs s=245
INF http m=GET p=/api/v1/workspaces/441O27I1Q000/members s=200 d=1.03ms s=118
INF http m=GET p=/assets/index-SHhnYNGf.js s=200 d=191µs s=49792
INF http m=GET p=/assets/index-DPQ8uk7g.css s=200 d=150µs s=12402
INF http m=GET p=/registerSW.js s=200 d=47µs s=87
INF http m=GET p=/assets/editor-vendor-Bje_VwYD.js s=200 d=765µs s=117396
INF http m=GET p=/assets/vendor-C3WBU0hm.js s=200 d=928µs s=29762
INF http m=GET p=/api/v1/workspaces/441O27I1Q000/nodes/441O2BRTM000 s=200 d=760µs s=188
INF http m=GET p=/api/v1/auth/me s=200 d=904µs s=163
INF http m=GET p=/assets/en-BOb8f2G7.js s=200 d=101µs s=5207
INF http m=GET p=/api/v1/notifications/unread-count s=200 d=357µs s=25
INF http m=GET p=/favicon.png s=200 d=43µs s=449
INF http m=GET p=/sw.js s=200 d=142µs s=5540
INF http m=POST p=/api/v1/organizations s=200 d=63.7ms s=347
INF http m=GET p=/api/v1/workspaces/441O27I1Q000/events s=200 d=243ms s=93
INF http m=GET p=/api/v1/auth/me s=200 d=217µs s=247
INF http m=GET p=/registerSW.js s=200 d=39µs s=87
INF http m=GET p=/index.html s=200 d=37µs s=542
INF http m=GET p=/icon.svg s=200 d=35µs s=195
INF http m=GET p=/icon-512.png s=200 d=74µs s=6498
INF http m=GET p=/icon-192.png s=200 d=51µs s=2468
INF http m=GET p=/favicon.png s=200 d=38µs s=449
INF http m=GET p=/apple-touch-icon.png s=200 d=52µs s=2298
INF http m=GET p=/assets/material-symbols-names-mOXCVt15.js s=200 d=97µs s=15793
INF http m=GET p=/assets/fr-CgauyyXq.js s=200 d=84µs s=6301
INF http m=GET p=/assets/es-DHO8DnB9.js s=200 d=120µs s=6015
INF http m=GET p=/assets/emoji-groups-tsNE8Axz.js s=200 d=105µs s=13852
INF http m=GET p=/assets/de-qJeflSp6.js s=200 d=79µs s=6245
INF http m=GET p=/assets/WorkspaceSettingsPanel-CsUOm22X.css s=200 d=43µs s=1025
INF http m=GET p=/assets/WorkspaceSettingsPanel-CM5oaFTF.js s=200 d=92µs s=4443
INF http m=GET p=/assets/ServerSettingsPanel-pbgISWIv.css s=200 d=36µs s=596
INF http m=GET p=/assets/ServerSettingsPanel-C8C6nm9a.js s=200 d=42µs s=2550
INF http m=GET p=/assets/ResourceQuotaForm-DTSj8Ta5.css s=200 d=33µs s=302
INF http m=GET p=/assets/ResourceQuotaForm-D6gJNn3N.js s=200 d=27µs s=812
INF http m=GET p=/assets/ProfileSettings-rthGIjGN.js s=200 d=75µs s=4319
INF http m=GET p=/assets/ProfileSettings-D5kbNfHV.css s=200 d=43µs s=1220
INF http m=GET p=/assets/OrgSettingsPanel-BP8s6T0h.css s=200 d=61µs s=511
INF http m=GET p=/assets/OrgSettingsPanel-B78NX7Vn.js s=200 d=40µs s=2302
INF http m=GET p=/assets/InviteForm-R7w4u6kW.js s=200 d=31µs s=1267
INF http m=GET p=/assets/InviteForm-CW-wgFWD.css s=200 d=34µs s=414
INF http m=GET p=/assets/Editor-BYBWY7b1.css s=200 d=39µs s=2240
INF http m=GET p=/assets/Editor-5FlZhQpN.js s=200 d=63µs s=13509
INF http m=GET p=/assets/AdminDashboard-R0heLGro.css s=200 d=30µs s=601
INF http m=GET p=/assets/AdminDashboard-D3Sw1IyX.js s=200 d=35µs s=2075
INF http m=GET p=/manifest.webmanifest s=200 d=27µs s=199
INF http m=POST p=/api/v1/organizations/441O2EA7O000/workspaces s=200 d=447ms s=292
INF http m=POST p=/api/v1/auth/register s=200 d=209ms s=387
INF http m=GET p=/ s=200 d=69µs s=542
INF http m=GET p=/assets/index-DPQ8uk7g.css s=200 d=165µs s=12402
INF http m=GET p=/assets/editor-vendor-Bje_VwYD.js s=200 d=216µs s=117396
INF http m=GET p=/assets/index-SHhnYNGf.js s=200 d=97µs s=49792
INF http m=GET p=/registerSW.js s=200 d=32µs s=87
INF http m=GET p=/assets/vendor-C3WBU0hm.js s=200 d=97µs s=29762
INF http m=POST p=/api/v1/auth/switch-workspace s=200 d=75ms s=548
INF http m=GET p=/api/v1/notifications/unread-count s=200 d=179µs s=25
INF http m=GET p=/api/v1/workspaces/441O2EP1C000/nodes/0/children s=200 d=347µs s=26
INF http m=GET p=/api/v1/workspaces/441O2EP1C000/members s=200 d=568µs s=114
INF http m=GET p=/api/v1/auth/me s=200 d=221µs s=164
INF http m=GET p=/assets/en-BOb8f2G7.js s=200 d=97µs s=5207
INF http m=POST p=/api/v1/workspaces/441O2EP1C000/nodes/0/page/create s=200 d=68.2ms s=35
INF http m=GET p=/api/v1/workspaces/441O2EP1C000/nodes/0/children s=200 d=278µs s=257
INF http m=GET p=/favicon.png s=200 d=42µs s=449
INF http m=GET p=/sw.js s=200 d=123µs s=5540
INF http m=GET p=/api/v1/workspaces/441O2EP1C000/nodes/441O2IB64000 s=200 d=301µs s=245
INF http m=GET p=/api/v1/notifications/unread-count s=200 d=117µs s=25
INF http m=GET p=/registerSW.js s=200 d=38µs s=87
INF http m=GET p=/index.html s=200 d=50µs s=542
INF http m=GET p=/icon.svg s=200 d=40µs s=195
INF http m=GET p=/icon-512.png s=200 d=88µs s=6498
INF http m=GET p=/icon-192.png s=200 d=45µs s=2468
INF http m=POST p=/api/v1/organizations s=200 d=75.3ms s=349
INF http m=GET p=/api/v1/auth/me s=200 d=266µs s=248
INF http m=GET p=/favicon.png s=200 d=37µs s=449
INF http m=GET p=/apple-touch-icon.png s=200 d=51µs s=2298
INF http m=GET p=/assets/material-symbols-names-mOXCVt15.js s=200 d=144µs s=15793
INF http m=GET p=/assets/fr-CgauyyXq.js s=200 d=88µs s=6301
INF http m=GET p=/assets/es-DHO8DnB9.js s=200 d=73µs s=6015
INF http m=GET p=/assets/emoji-groups-tsNE8Axz.js s=200 d=104µs s=13852
INF http m=GET p=/assets/de-qJeflSp6.js s=200 d=100µs s=6245
INF http m=GET p=/assets/WorkspaceSettingsPanel-CsUOm22X.css s=200 d=38µs s=1025
INF http m=GET p=/assets/WorkspaceSettingsPanel-CM5oaFTF.js s=200 d=66µs s=4443
INF http m=GET p=/assets/ServerSettingsPanel-pbgISWIv.css s=200 d=30µs s=596
INF http m=GET p=/assets/ServerSettingsPanel-C8C6nm9a.js s=200 d=55µs s=2550
INF http m=GET p=/assets/ResourceQuotaForm-DTSj8Ta5.css s=200 d=38µs s=302
INF http m=GET p=/assets/ResourceQuotaForm-D6gJNn3N.js s=200 d=32µs s=812
INF http m=GET p=/assets/ProfileSettings-rthGIjGN.js s=200 d=130µs s=4319
INF http m=GET p=/assets/ProfileSettings-D5kbNfHV.css s=200 d=33µs s=1220
INF http m=GET p=/assets/OrgSettingsPanel-BP8s6T0h.css s=200 d=26µs s=511
INF http m=GET p=/assets/OrgSettingsPanel-B78NX7Vn.js s=200 d=92µs s=2302
INF http m=GET p=/assets/InviteForm-R7w4u6kW.js s=200 d=26µs s=1267
INF http m=GET p=/assets/InviteForm-CW-wgFWD.css s=200 d=157µs s=414
INF http m=GET p=/assets/Editor-BYBWY7b1.css s=200 d=41µs s=2240
INF http m=GET p=/assets/Editor-5FlZhQpN.js s=200 d=103µs s=13509
INF http m=GET p=/assets/AdminDashboard-R0heLGro.css s=200 d=34µs s=601
INF http m=GET p=/assets/AdminDashboard-D3Sw1IyX.js s=200 d=61µs s=2075
INF http m=GET p=/manifest.webmanifest s=200 d=30µs s=199
INF http m=POST p=/api/v1/organizations/441O2IT4G000/workspaces s=200 d=232ms s=298
INF http m=POST p=/api/v1/workspaces/441O2EP1C000/nodes/0/page/create s=200 d=156ms s=26
INF http m=GET p=/w/@441O2EP1C000+workspace/@441O2IB64000+welcome s=200 d=80µs s=542
INF http m=GET p=/api/v1/workspaces/441O2EP1C000/events s=200 d=432ms s=236
INF http m=POST p=/api/v1/auth/switch-workspace s=200 d=33ms s=557
INF http m=GET p=/api/v1/notifications/unread-count s=200 d=176µs s=25
INF http m=GET p=/api/v1/workspaces/441O2JEJ8000/nodes/0/children s=200 d=317µs s=26
INF http m=GET p=/api/v1/workspaces/441O2JEJ8000/members s=200 d=143µs s=122
INF http m=GET p=/api/v1/auth/me s=200 d=239µs s=350
INF http m=POST p=/api/v1/workspaces/441O2JEJ8000/nodes/0/page/create s=200 d=31.3ms s=35
INF http m=GET p=/api/v1/workspaces/441O2JEJ8000/nodes/0/children s=200 d=376µs s=233
INF http m=GET p=/api/v1/workspaces/441O2JEJ8000/nodes/441O2LC48000 s=200 d=448µs s=245
INF http m=GET p=/api/v1/notifications/unread-count s=200 d=152µs s=25
INF http m=POST p=/api/v1/workspaces/441O2JEJ8000/nodes/0/page/create s=200 d=40.6ms s=26
INF http m=GET p=/api/v1/workspaces/441O2EP1C000/members s=200 d=502µs s=114
INF http m=GET p=/api/v1/workspaces/441O2EP1C000/nodes/0/children s=200 d=797µs s=282
INF http m=GET p=/api/v1/workspaces/441O2EP1C000/nodes/441O2IB64000 s=200 d=684µs s=245
INF http m=GET p=/w/@441O2JEJ8000+workspace/@441O2LC48000+welcome s=200 d=35µs s=542
INF http m=GET p=/api/v1/workspaces/441O2JEJ8000/events s=200 d=77.5ms s=233
INF http m=GET p=/api/v1/workspaces/441O2EP1C000/nodes/441O2JUMM000 s=200 d=341µs s=183
INF http m=GET p=/api/v1/auth/me s=200 d=273µs s=352
INF http m=GET p=/api/v1/notifications/unread-count s=200 d=864µs s=25
INF http m=GET p=/api/v1/workspaces/441O2JEJ8000/nodes/441O2LC48000 s=200 d=333µs s=245
INF http m=GET p=/api/v1/workspaces/441O2JEJ8000/members s=200 d=1.09ms s=122
INF http m=GET p=/api/v1/workspaces/441O2JEJ8000/nodes/0/children s=200 d=7.86ms s=233
INF http m=POST p=/api/v1/workspaces/441O2EP1C000/nodes/0/page/create s=200 d=17.6ms s=26
INF http m=GET p=/api/v1/workspaces/441O2JEJ8000/nodes/441O2LGME000 s=200 d=282µs s=136
INF http m=GET p=/w/@441O2EP1C000+rt-hs-workspace/@441O2JUMM000+round-trip s=200 d=40µs s=542
INF http m=GET p=/api/v1/workspaces/441O2EP1C000/events s=200 d=198ms s=206
INF http m=GET p=/api/v1/auth/me s=200 d=271µs s=350
INF http m=GET p=/api/v1/notifications/unread-count s=200 d=181µs s=25
INF http m=GET p=/api/v1/workspaces/441O2EP1C000/members s=200 d=601µs s=114
INF http m=GET p=/api/v1/workspaces/441O2EP1C000/nodes/0/children s=200 d=632µs s=299
INF http m=GET p=/api/v1/workspaces/441O2JEJ8000/events s=200 d=160ms s=93
INF http m=GET p=/api/v1/workspaces/441O2EP1C000/nodes/441O2JUMM000 s=200 d=8.41ms s=183
INF http m=GET p=/api/v1/workspaces/441O2EP1C000/nodes/441O2MOHU000 s=200 d=1.27ms s=135
INF http m=GET p=/api/v1/workspaces/441O2EP1C000/events s=200 d=323ms s=93
INF http m=POST p=/api/v1/auth/register s=200 d=161ms s=411
INF http m=GET p=/ s=200 d=63µs s=542
INF http m=GET p=/registerSW.js s=200 d=39µs s=87
INF http m=GET p=/assets/index-SHhnYNGf.js s=200 d=181µs s=49792
INF http m=GET p=/assets/index-DPQ8uk7g.css s=200 d=111µs s=12402
INF http m=GET p=/assets/editor-vendor-Bje_VwYD.js s=200 d=198µs s=117396
INF http m=GET p=/assets/vendor-C3WBU0hm.js s=200 d=114µs s=29762
INF http m=GET p=/api/v1/auth/me s=200 d=5.09ms s=173
INF http m=GET p=/assets/en-BOb8f2G7.js s=200 d=101µs s=5207
INF http m=GET p=/favicon.png s=200 d=47µs s=449
INF http m=GET p=/sw.js s=200 d=107µs s=5540
INF http m=GET p=/api/v1/notifications/unread-count s=200 d=212µs s=25
INF http m=GET p=/registerSW.js s=200 d=40µs s=87
INF http m=GET p=/index.html s=200 d=51µs s=542
INF http m=GET p=/icon.svg s=200 d=41µs s=195
INF http m=POST p=/api/v1/organizations s=200 d=80.3ms s=358
INF http m=GET p=/api/v1/auth/me s=200 d=259µs s=258
INF http m=GET p=/icon-512.png s=200 d=75µs s=6498
INF http m=GET p=/icon-192.png s=200 d=53µs s=2468
INF http m=GET p=/favicon.png s=200 d=42µs s=449
INF http m=GET p=/apple-touch-icon.png s=200 d=1.92ms s=2298
INF http m=POST p=/api/v1/auth/register s=200 d=218ms s=404
INF http m=GET p=/ s=200 d=75µs s=542
INF http m=GET p=/assets/material-symbols-names-mOXCVt15.js s=200 d=122µs s=15793
INF http m=GET p=/assets/index-SHhnYNGf.js s=200 d=163µs s=49792
INF http m=GET p=/assets/index-DPQ8uk7g.css s=200 d=112µs s=12402
INF http m=GET p=/registerSW.js s=200 d=58µs s=87
INF http m=GET p=/assets/vendor-C3WBU0hm.js s=200 d=144µs s=29762
INF http m=GET p=/assets/editor-vendor-Bje_VwYD.js s=200 d=146µs s=117396
INF http m=GET p=/assets/fr-CgauyyXq.js s=200 d=88µs s=6301
INF http m=GET p=/assets/es-DHO8DnB9.js s=200 d=81µs s=6015
INF http m=GET p=/assets/emoji-groups-tsNE8Axz.js s=200 d=863µs s=13852
INF http m=GET p=/assets/en-BOb8f2G7.js s=200 d=149µs s=5207
INF http m=GET p=/api/v1/auth/me s=200 d=7.12ms s=174
INF http m=GET p=/api/v1/notifications/unread-count s=200 d=270µs s=25
INF http m=GET p=/sw.js s=200 d=101µs s=5540
INF http m=GET p=/assets/de-qJeflSp6.js s=200 d=110µs s=6245
INF http m=GET p=/assets/WorkspaceSettingsPanel-CsUOm22X.css s=200 d=44µs s=1025
INF http m=GET p=/assets/WorkspaceSettingsPanel-CM5oaFTF.js s=200 d=72µs s=4443
INF http m=GET p=/assets/ServerSettingsPanel-pbgISWIv.css s=200 d=50µs s=596
INF http m=GET p=/favicon.png s=200 d=29µs s=449
INF http m=GET p=/assets/ServerSettingsPanel-C8C6nm9a.js s=200 d=60µs s=2550
INF http m=GET p=/assets/ResourceQuotaForm-DTSj8Ta5.css s=200 d=32µs s=302
INF http m=GET p=/registerSW.js s=200 d=35µs s=87
INF http m=GET p=/assets/ResourceQuotaForm-D6gJNn3N.js s=200 d=29µs s=812
INF http m=GET p=/assets/ProfileSettings-rthGIjGN.js s=200 d=81µs s=4319
INF http m=GET p=/assets/ProfileSettings-D5kbNfHV.css s=200 d=96µs s=1220
INF http m=GET p=/index.html s=200 d=27µs s=542
INF http m=GET p=/assets/OrgSettingsPanel-BP8s6T0h.css s=200 d=28µs s=511
INF http m=GET p=/icon.svg s=200 d=53µs s=195
INF http m=GET p=/assets/OrgSettingsPanel-B78NX7Vn.js s=200 d=49µs s=2302
INF http m=GET p=/icon-512.png s=200 d=61µs s=6498
INF http m=GET p=/assets/InviteForm-R7w4u6kW.js s=200 d=30µs s=1267
INF http m=GET p=/icon-192.png s=200 d=34µs s=2468
INF http m=GET p=/assets/InviteForm-CW-wgFWD.css s=200 d=33µs s=414
INF http m=GET p=/favicon.png s=200 d=22µs s=449
INF http m=GET p=/assets/Editor-BYBWY7b1.css s=200 d=130µs s=2240
INF http m=GET p=/apple-touch-icon.png s=200 d=49µs s=2298
INF http m=GET p=/assets/Editor-5FlZhQpN.js s=200 d=87µs s=13509
INF http m=GET p=/assets/AdminDashboard-R0heLGro.css s=200 d=50µs s=601
INF http m=GET p=/assets/material-symbols-names-mOXCVt15.js s=200 d=110µs s=15793
INF http m=GET p=/assets/AdminDashboard-D3Sw1IyX.js s=200 d=36µs s=2075
INF http m=GET p=/manifest.webmanifest s=200 d=40µs s=199
INF http m=GET p=/assets/fr-CgauyyXq.js s=200 d=83µs s=6301
INF http m=GET p=/assets/es-DHO8DnB9.js s=200 d=509µs s=6015
INF http m=POST p=/api/v1/organizations/441O2RB18000/workspaces s=200 d=460ms s=306
INF http m=POST p=/api/v1/organizations s=200 d=181ms s=355
INF http m=GET p=/api/v1/auth/me s=200 d=1.84ms s=257
INF http m=GET p=/assets/emoji-groups-tsNE8Axz.js s=200 d=102µs s=13852
INF http m=POST p=/api/v1/auth/switch-workspace s=200 d=45.5ms s=654
INF http m=GET p=/api/v1/notifications/unread-count s=200 d=10ms s=25
INF http m=GET p=/assets/de-qJeflSp6.js s=200 d=94µs s=6245
INF http m=GET p=/api/v1/workspaces/441O2RT10000/nodes/0/children s=200 d=5.4ms s=26
INF http m=GET p=/api/v1/workspaces/441O2RT10000/members s=200 d=14.4ms s=125
INF http m=GET p=/assets/WorkspaceSettingsPanel-CsUOm22X.css s=200 d=44µs s=1025
INF http m=GET p=/assets/WorkspaceSettingsPanel-CM5oaFTF.js s=200 d=85µs s=4443
INF http m=GET p=/assets/ServerSettingsPanel-pbgISWIv.css s=200 d=43µs s=596
INF http m=GET p=/assets/ServerSettingsPanel-C8C6nm9a.js s=200 d=45µs s=2550
INF http m=GET p=/assets/ResourceQuotaForm-DTSj8Ta5.css s=200 d=40µs s=302
INF http m=GET p=/assets/ResourceQuotaForm-D6gJNn3N.js s=200 d=27µs s=812
INF http m=GET p=/assets/ProfileSettings-rthGIjGN.js s=200 d=76µs s=4319
INF http m=GET p=/assets/ProfileSettings-D5kbNfHV.css s=200 d=33µs s=1220
INF http m=GET p=/assets/OrgSettingsPanel-BP8s6T0h.css s=200 d=48µs s=511
INF http m=GET p=/assets/OrgSettingsPanel-B78NX7Vn.js s=200 d=37µs s=2302
INF http m=GET p=/assets/InviteForm-R7w4u6kW.js s=200 d=30µs s=1267
INF http m=GET p=/assets/InviteForm-CW-wgFWD.css s=200 d=30µs s=414
INF http m=GET p=/assets/Editor-BYBWY7b1.css s=200 d=41µs s=2240
INF http m=GET p=/assets/Editor-5FlZhQpN.js s=200 d=69µs s=13509
INF http m=GET p=/assets/AdminDashboard-R0heLGro.css s=200 d=36µs s=601
INF http m=GET p=/assets/AdminDashboard-D3Sw1IyX.js s=200 d=40µs s=2075
INF http m=GET p=/manifest.webmanifest s=200 d=35µs s=199
INF http m=POST p=/api/v1/organizations/441O2TKOE000/workspaces s=200 d=266ms s=306
INF http m=POST p=/api/v1/workspaces/441O2RT10000/nodes/0/page/create s=200 d=172ms s=35
INF http m=GET p=/api/v1/workspaces/441O2RT10000/nodes/0/children s=200 d=631µs s=257
INF http m=GET p=/api/v1/workspaces/441O2RT10000/nodes/441O2VDL4000 s=200 d=650µs s=245
INF http m=POST p=/api/v1/auth/switch-workspace s=200 d=32.3ms s=574
INF http m=GET p=/api/v1/notifications/unread-count s=200 d=192µs s=25
INF http m=GET p=/api/v1/workspaces/441O2UQ46000/nodes/0/children s=200 d=782µs s=26
INF http m=GET p=/api/v1/workspaces/441O2UQ46000/members s=200 d=2.02ms s=123
INF http m=POST p=/api/v1/workspaces/441O2UQ46000/nodes/0/page/create s=200 d=23.5ms s=35
INF http m=GET p=/api/v1/workspaces/441O2UQ46000/nodes/0/children s=200 d=326µs s=257
INF http m=POST p=/api/v1/workspaces/441O2RT10000/nodes/0/page/create s=200 d=20.5ms s=26
INF http m=GET p=/api/v1/workspaces/441O2UQ46000/nodes/441O30OVI000 s=200 d=1.63ms s=245
INF http m=GET p=/w/@441O2RT10000+workspace/@441O2VDL4000+welcome s=200 d=69µs s=542
INF http m=GET p=/api/v1/workspaces/441O2RT10000/events s=200 d=277ms s=236
INF http m=GET p=/api/v1/auth/me s=200 d=315µs s=358
INF http m=GET p=/api/v1/workspaces/441O2RT10000/nodes/0/children s=200 d=430µs s=257
INF http m=GET p=/api/v1/notifications/unread-count s=200 d=643µs s=25
INF http m=GET p=/api/v1/workspaces/441O2RT10000/members s=200 d=575µs s=125
INF http m=GET p=/api/v1/workspaces/441O2RT10000/nodes/441O2VDL4000 s=200 d=682µs s=245
INF http m=GET p=/api/v1/workspaces/441O2RT10000/nodes/441O30QKU000 s=200 d=814µs s=149
INF http m=GET p=/api/v1/workspaces/441O2RT10000/events s=200 d=81.8ms s=93
INF http m=POST p=/api/v1/workspaces/441O2UQ46000/nodes/0/page/create s=200 d=32.6ms s=26
INF http m=GET p=/w/@441O2UQ46000+workspace/@441O30OVI000+welcome s=200 d=60µs s=542
INF http m=GET p=/api/v1/workspaces/441O2UQ46000/events s=200 d=423ms s=239
INF http m=POST p=/api/v1/auth/register s=200 d=154ms s=411
INF http m=GET p=/ s=200 d=147µs s=542
INF http m=GET p=/api/v1/auth/me s=200 d=874µs s=358
INF http m=GET p=/assets/index-SHhnYNGf.js s=200 d=279µs s=49792
INF http m=GET p=/api/v1/notifications/unread-count s=200 d=702µs s=25
INF http m=GET p=/api/v1/workspaces/441O2UQ46000/nodes/441O30OVI000 s=200 d=1.47ms s=245
INF http m=GET p=/registerSW.js s=200 d=66µs s=87
INF http m=GET p=/api/v1/workspaces/441O2UQ46000/members s=200 d=7.5ms s=123
INF http m=GET p=/assets/vendor-C3WBU0hm.js s=200 d=182µs s=29762
INF http m=GET p=/api/v1/workspaces/441O2UQ46000/nodes/0/children s=200 d=2.8ms s=250
INF http m=GET p=/assets/editor-vendor-Bje_VwYD.js s=200 d=207µs s=117396
INF http m=GET p=/assets/index-DPQ8uk7g.css s=200 d=102µs s=12402
INF http m=GET p=/api/v1/workspaces/441O2UQ46000/nodes/441O330K2000 s=200 d=338µs s=142
INF http m=GET p=/api/v1/auth/me s=200 d=280µs s=173
INF http m=GET p=/assets/en-BOb8f2G7.js s=200 d=96µs s=5207
INF http m=GET p=/api/v1/notifications/unread-count s=200 d=217µs s=25
INF http m=GET p=/favicon.png s=200 d=36µs s=449
INF http m=GET p=/sw.js s=200 d=115µs s=5540
INF http m=GET p=/registerSW.js s=200 d=47µs s=87
INF http m=GET p=/index.html s=200 d=42µs s=542
INF http m=POST p=/api/v1/organizations s=200 d=60.6ms s=358
INF http m=GET p=/api/v1/auth/me s=200 d=274µs s=260
INF http m=GET p=/icon.svg s=200 d=35µs s=195
INF http m=GET p=/icon-512.png s=200 d=73µs s=6498
INF http m=GET p=/icon-192.png s=200 d=58µs s=2468
INF http m=GET p=/favicon.png s=200 d=35µs s=449
INF http m=GET p=/apple-touch-icon.png s=200 d=43µs s=2298
INF http m=GET p=/assets/material-symbols-names-mOXCVt15.js s=200 d=88µs s=15793
INF http m=GET p=/assets/fr-CgauyyXq.js s=200 d=78µs s=6301
INF http m=GET p=/assets/es-DHO8DnB9.js s=200 d=643µs s=6015
INF http m=GET p=/assets/emoji-groups-tsNE8Axz.js s=200 d=101µs s=13852
INF http m=GET p=/api/v1/workspaces/441O2UQ46000/events s=200 d=364ms s=93
INF http m=GET p=/assets/de-qJeflSp6.js s=200 d=94µs s=6245
INF http m=GET p=/assets/WorkspaceSettingsPanel-CsUOm22X.css s=200 d=48µs s=1025
INF http m=GET p=/assets/WorkspaceSettingsPanel-CM5oaFTF.js s=200 d=68µs s=4443
INF http m=GET p=/assets/ServerSettingsPanel-pbgISWIv.css s=200 d=45µs s=596
INF http m=GET p=/assets/ServerSettingsPanel-C8C6nm9a.js s=200 d=43µs s=2550
INF http m=GET p=/assets/ResourceQuotaForm-DTSj8Ta5.css s=200 d=32µs s=302
INF http m=GET p=/assets/ResourceQuotaForm-D6gJNn3N.js s=200 d=38µs s=812
INF http m=GET p=/assets/ProfileSettings-rthGIjGN.js s=200 d=66µs s=4319
INF http m=GET p=/assets/ProfileSettings-D5kbNfHV.css s=200 d=37µs s=1220
INF http m=GET p=/assets/OrgSettingsPanel-BP8s6T0h.css s=200 d=95µs s=511
INF http m=GET p=/assets/OrgSettingsPanel-B78NX7Vn.js s=200 d=40µs s=2302
INF http m=GET p=/assets/InviteForm-R7w4u6kW.js s=200 d=39µs s=1267
INF http m=GET p=/assets/InviteForm-CW-wgFWD.css s=200 d=38µs s=414
INF http m=GET p=/assets/Editor-BYBWY7b1.css s=200 d=84µs s=2240
INF http m=GET p=/assets/Editor-5FlZhQpN.js s=200 d=92µs s=13509
INF http m=GET p=/assets/AdminDashboard-R0heLGro.css s=200 d=43µs s=601
INF http m=GET p=/assets/AdminDashboard-D3Sw1IyX.js s=200 d=125µs s=2075
INF http m=GET p=/manifest.webmanifest s=200 d=33µs s=199
INF http m=POST p=/api/v1/organizations/441O35C84000/workspaces s=200 d=340ms s=306
INF http m=POST p=/api/v1/auth/switch-workspace s=200 d=42.6ms s=577
INF http m=GET p=/api/v1/workspaces/441O35QAO000/members s=200 d=10.4ms s=125
INF http m=GET p=/api/v1/workspaces/441O35QAO000/nodes/0/children s=200 d=27.3ms s=26
INF http m=GET p=/api/v1/notifications/unread-count s=200 d=32.9ms s=25
INF http m=POST p=/api/v1/auth/register s=200 d=137ms s=405
INF http m=POST p=/api/v1/workspaces/441O35QAO000/nodes/0/page/create s=200 d=35.8ms s=35
INF http m=GET p=/ s=200 d=57µs s=542
INF http m=GET p=/api/v1/workspaces/441O35QAO000/nodes/0/children s=200 d=795µs s=257
INF http m=GET p=/api/v1/workspaces/441O35QAO000/nodes/441O38J2O000 s=200 d=796µs s=245
INF http m=GET p=/assets/index-SHhnYNGf.js s=200 d=174µs s=49792
INF http m=GET p=/assets/index-DPQ8uk7g.css s=200 d=171µs s=12402
INF http m=GET p=/registerSW.js s=200 d=64µs s=87
INF http m=GET p=/assets/vendor-C3WBU0hm.js s=200 d=199µs s=29762
INF http m=GET p=/assets/editor-vendor-Bje_VwYD.js s=200 d=286µs s=117396
INF http m=GET p=/assets/en-BOb8f2G7.js s=200 d=80µs s=5207
INF http m=GET p=/api/v1/auth/me s=200 d=1.85ms s=170
INF http m=GET p=/favicon.png s=200 d=75µs s=449
INF http m=GET p=/sw.js s=200 d=72µs s=5540
INF http m=GET p=/api/v1/notifications/unread-count s=200 d=2ms s=25
INF http m=GET p=/registerSW.js s=200 d=42µs s=87
INF http m=GET p=/index.html s=200 d=42µs s=542
INF http m=POST p=/api/v1/organizations s=200 d=51.7ms s=352
INF http m=GET p=/icon.svg s=200 d=44µs s=195
INF http m=GET p=/api/v1/auth/me s=200 d=586µs s=252
INF http m=GET p=/icon-512.png s=200 d=77µs s=6498
INF http m=GET p=/icon-192.png s=200 d=58µs s=2468
INF http m=GET p=/favicon.png s=200 d=46µs s=449
INF http m=GET p=/apple-touch-icon.png s=200 d=53µs s=2298
INF http m=GET p=/assets/material-symbols-names-mOXCVt15.js s=200 d=95µs s=15793
INF http m=GET p=/assets/fr-CgauyyXq.js s=200 d=86µs s=6301
INF http m=GET p=/assets/es-DHO8DnB9.js s=200 d=119µs s=6015
INF http m=GET p=/assets/emoji-groups-tsNE8Axz.js s=200 d=111µs s=13852
INF http m=GET p=/assets/de-qJeflSp6.js s=200 d=793µs s=6245
INF http m=GET p=/assets/WorkspaceSettingsPanel-CsUOm22X.css s=200 d=38µs s=1025
INF http m=GET p=/assets/WorkspaceSettingsPanel-CM5oaFTF.js s=200 d=1.48ms s=4443
INF http m=GET p=/assets/ServerSettingsPanel-pbgISWIv.css s=200 d=34µs s=596
INF http m=GET p=/assets/ServerSettingsPanel-C8C6nm9a.js s=200 d=53µs s=2550
INF http m=GET p=/assets/ResourceQuotaForm-DTSj8Ta5.css s=200 d=33µs s=302
INF http m=GET p=/assets/ResourceQuotaForm-D6gJNn3N.js s=200 d=26µs s=812
INF http m=GET p=/assets/ProfileSettings-rthGIjGN.js s=200 d=62µs s=4319
INF http m=GET p=/assets/ProfileSettings-D5kbNfHV.css s=200 d=42µs s=1220
INF http m=GET p=/assets/OrgSettingsPanel-BP8s6T0h.css s=200 d=34µs s=511
INF http m=GET p=/assets/OrgSettingsPanel-B78NX7Vn.js s=200 d=41µs s=2302
INF http m=GET p=/assets/InviteForm-R7w4u6kW.js s=200 d=28µs s=1267
INF http m=GET p=/assets/InviteForm-CW-wgFWD.css s=200 d=28µs s=414
INF http m=GET p=/assets/Editor-BYBWY7b1.css s=200 d=37µs s=2240
INF http m=GET p=/assets/Editor-5FlZhQpN.js s=200 d=74µs s=13509
INF http m=GET p=/assets/AdminDashboard-R0heLGro.css s=200 d=41µs s=601
INF http m=GET p=/assets/AdminDashboard-D3Sw1IyX.js s=200 d=34µs s=2075
INF http m=GET p=/manifest.webmanifest s=200 d=31µs s=199
INF http m=POST p=/api/v1/workspaces/441O35QAO000/nodes/0/page/create s=200 d=213ms s=26
INF http m=POST p=/api/v1/organizations/441O3A18A000/workspaces s=200 d=263ms s=298
INF http m=GET p=/w/@441O35QAO000+workspace/@441O38J2O000+welcome s=200 d=94µs s=542
INF http m=GET p=/api/v1/workspaces/441O35QAO000/events s=200 d=609ms s=233
INF http m=POST p=/api/v1/auth/switch-workspace s=200 d=38ms s=570
INF http m=GET p=/api/v1/auth/me s=200 d=787µs s=363
INF http m=GET p=/api/v1/notifications/unread-count s=200 d=702µs s=25
INF http m=GET p=/api/v1/workspaces/441O3AEEC000/nodes/0/children s=200 d=510µs s=26
INF http m=GET p=/api/v1/workspaces/441O3AEEC000/members s=200 d=3ms s=121
INF http m=GET p=/api/v1/workspaces/441O35QAO000/nodes/0/children s=200 d=920µs s=269
INF http m=GET p=/api/v1/workspaces/441O35QAO000/nodes/441O38J2O000 s=200 d=230µs s=245
INF http m=GET p=/api/v1/workspaces/441O35QAO000/members s=200 d=520µs s=125
INF http m=POST p=/api/v1/workspaces/441O3AEEC000/nodes/0/page/create s=200 d=34.1ms s=35
INF http m=GET p=/api/v1/notifications/unread-count s=200 d=180µs s=25
INF http m=GET p=/api/v1/workspaces/441O3AEEC000/nodes/0/children s=200 d=3.8ms s=257
INF http m=GET p=/api/v1/workspaces/441O3AEEC000/nodes/441O3CH9Q000 s=200 d=562µs s=245
INF http m=GET p=/api/v1/workspaces/441O35QAO000/nodes/441O3AMT6000 s=200 d=713µs s=154
INF http m=GET p=/api/v1/workspaces/441O35QAO000/events s=200 d=236ms s=93
INF http m=POST p=/api/v1/workspaces/441O3AEEC000/nodes/0/page/create s=200 d=28.6ms s=26
INF http m=GET p=/w/@441O3AEEC000+workspace/@441O3CH9Q000+welcome s=200 d=49µs s=542
INF http m=GET p=/api/v1/workspaces/441O3AEEC000/events s=200 d=531ms s=236
INF http m=POST p=/api/v1/auth/register s=200 d=137ms s=402
INF http m=GET p=/ s=200 d=61µs s=542
INF http m=GET p=/assets/index-SHhnYNGf.js s=200 d=267µs s=49792
INF http m=GET p=/registerSW.js s=200 d=40µs s=87
INF http m=GET p=/assets/vendor-C3WBU0hm.js s=200 d=122µs s=29762
INF http m=GET p=/assets/index-DPQ8uk7g.css s=200 d=97µs s=12402
INF http m=GET p=/assets/editor-vendor-Bje_VwYD.js s=200 d=176µs s=117396
INF http m=GET p=/api/v1/auth/me s=200 d=718µs s=356
INF http m=GET p=/api/v1/notifications/unread-count s=200 d=241µs s=25
INF http m=GET p=/api/v1/workspaces/441O3AEEC000/nodes/0/children s=200 d=852µs s=270
INF http m=GET p=/api/v1/workspaces/441O3AEEC000/members s=200 d=1.43ms s=121
INF http m=GET p=/api/v1/auth/me s=200 d=735µs s=171
INF http m=GET p=/assets/en-BOb8f2G7.js s=200 d=451µs s=5207
INF http m=GET p=/api/v1/workspaces/441O3AEEC000/nodes/441O3CH9Q000 s=200 d=713µs s=245
INF http m=GET p=/api/v1/notifications/unread-count s=200 d=211µs s=25
INF http m=GET p=/sw.js s=200 d=103µs s=5540
INF http m=GET p=/favicon.png s=200 d=47µs s=449
INF http m=GET p=/registerSW.js s=200 d=50µs s=87
INF http m=POST p=/api/v1/organizations s=200 d=71.7ms s=354
INF http m=GET p=/api/v1/auth/me s=200 d=292µs s=255
INF http m=GET p=/index.html s=200 d=29µs s=542
INF http m=GET p=/icon.svg s=200 d=40µs s=195
INF http m=GET p=/api/v1/workspaces/441O3AEEC000/nodes/441O3FAVK000 s=200 d=322µs s=164
INF http m=GET p=/icon-512.png s=200 d=61µs s=6498
INF http m=GET p=/icon-192.png s=200 d=46µs s=2468
INF http m=GET p=/favicon.png s=200 d=49µs s=449
INF http m=GET p=/apple-touch-icon.png s=200 d=930µs s=2298
INF http m=GET p=/assets/material-symbols-names-mOXCVt15.js s=200 d=134µs s=15793
INF http m=GET p=/assets/fr-CgauyyXq.js s=200 d=86µs s=6301
INF http m=GET p=/assets/es-DHO8DnB9.js s=200 d=85µs s=6015
INF http m=GET p=/assets/emoji-groups-tsNE8Axz.js s=200 d=97µs s=13852
INF http m=GET p=/assets/de-qJeflSp6.js s=200 d=94µs s=6245
INF http m=GET p=/assets/WorkspaceSettingsPanel-CsUOm22X.css s=200 d=42µs s=1025
INF http m=GET p=/assets/WorkspaceSettingsPanel-CM5oaFTF.js s=200 d=70µs s=4443
INF http m=GET p=/assets/ServerSettingsPanel-pbgISWIv.css s=200 d=35µs s=596
INF http m=GET p=/assets/ServerSettingsPanel-C8C6nm9a.js s=200 d=47µs s=2550
INF http m=GET p=/assets/ResourceQuotaForm-DTSj8Ta5.css s=200 d=28µs s=302
INF http m=GET p=/assets/ResourceQuotaForm-D6gJNn3N.js s=200 d=36µs s=812
INF http m=GET p=/assets/ProfileSettings-rthGIjGN.js s=200 d=64µs s=4319
INF http m=GET p=/assets/ProfileSettings-D5kbNfHV.css s=200 d=42µs s=1220
INF http m=GET p=/assets/OrgSettingsPanel-BP8s6T0h.css s=200 d=31µs s=511
INF http m=GET p=/assets/OrgSettingsPanel-B78NX7Vn.js s=200 d=37µs s=2302
INF http m=GET p=/assets/InviteForm-R7w4u6kW.js s=200 d=33µs s=1267
INF http m=GET p=/assets/InviteForm-CW-wgFWD.css s=200 d=32µs s=414
INF http m=GET p=/assets/Editor-BYBWY7b1.css s=200 d=42µs s=2240
INF http m=GET p=/assets/Editor-5FlZhQpN.js s=200 d=69µs s=13509
INF http m=GET p=/assets/AdminDashboard-R0heLGro.css s=200 d=26µs s=601
INF http m=GET p=/assets/AdminDashboard-D3Sw1IyX.js s=200 d=38µs s=2075
INF http m=GET p=/manifest.webmanifest s=200 d=103µs s=199
INF http m=POST p=/api/v1/organizations/441O3H7V8000/workspaces s=200 d=292ms s=299
INF http m=POST p=/api/v1/auth/switch-workspace s=200 d=29.8ms s=576
INF http m=GET p=/api/v1/workspaces/441O3AEEC000/events s=200 d=454ms s=93
INF http m=GET p=/api/v1/notifications/unread-count s=200 d=5.63ms s=25
INF http m=GET p=/api/v1/workspaces/441O3HNPO000/nodes/0/children s=200 d=1.71ms s=26
INF http m=GET p=/api/v1/workspaces/441O3HNPO000/members s=200 d=9.48ms s=121
INF http m=POST p=/api/v1/workspaces/441O3HNPO000/nodes/0/page/create s=200 d=22.7ms s=35
INF http m=GET p=/api/v1/workspaces/441O3HNPO000/nodes/0/children s=200 d=466µs s=257
INF http m=GET p=/api/v1/workspaces/441O3HNPO000/nodes/441O3K1HS000 s=200 d=359µs s=245
INF http m=POST p=/api/v1/auth/register s=200 d=126ms s=411
INF http m=GET p=/ s=200 d=67µs s=542
INF http m=GET p=/assets/index-DPQ8uk7g.css s=200 d=149µs s=12402
INF http m=GET p=/assets/index-SHhnYNGf.js s=200 d=95µs s=49792
INF http m=GET p=/assets/editor-vendor-Bje_VwYD.js s=200 d=175µs s=117396
INF http m=GET p=/assets/vendor-C3WBU0hm.js s=200 d=107µs s=29762
INF http m=GET p=/registerSW.js s=200 d=34µs s=87
INF http m=GET p=/assets/en-BOb8f2G7.js s=200 d=86µs s=5207
INF http m=GET p=/api/v1/auth/me s=200 d=332µs s=172
INF http m=GET p=/api/v1/notifications/unread-count s=200 d=215µs s=25
INF http m=GET p=/favicon.png s=200 d=38µs s=449
INF http m=GET p=/sw.js s=200 d=82µs s=5540
INF http m=GET p=/registerSW.js s=200 d=42µs s=87
INF http m=POST p=/api/v1/organizations s=200 d=66ms s=356
INF http m=GET p=/api/v1/auth/me s=200 d=2.29ms s=255
INF http m=GET p=/index.html s=200 d=33µs s=542
INF http m=POST p=/api/v1/workspaces/441O3HNPO000/nodes/0/page/create s=200 d=48.1ms s=26
INF http m=GET p=/w/@441O3HNPO000+workspace/@441O3K1HS000+welcome s=200 d=41µs s=542
INF http m=GET p=/icon.svg s=200 d=28µs s=195
INF http m=GET p=/icon-512.png s=200 d=110µs s=6498
INF http m=GET p=/icon-192.png s=200 d=55µs s=2468
INF http m=GET p=/api/v1/workspaces/441O3HNPO000/events s=200 d=539ms s=232
INF http m=GET p=/favicon.png s=200 d=40µs s=449
INF http m=GET p=/apple-touch-icon.png s=200 d=41µs s=2298
INF http m=GET p=/assets/material-symbols-names-mOXCVt15.js s=200 d=137µs s=15793
INF http m=GET p=/assets/fr-CgauyyXq.js s=200 d=94µs s=6301
INF http m=GET p=/assets/es-DHO8DnB9.js s=200 d=155µs s=6015
INF http m=GET p=/api/v1/auth/me s=200 d=289µs s=357
INF http m=GET p=/assets/emoji-groups-tsNE8Axz.js s=200 d=105µs s=13852
INF http m=GET p=/api/v1/notifications/unread-count s=200 d=206µs s=25
INF http m=GET p=/api/v1/workspaces/441O3HNPO000/nodes/441O3K1HS000 s=200 d=247µs s=245
INF http m=GET p=/api/v1/workspaces/441O3HNPO000/members s=200 d=160µs s=121
INF http m=GET p=/api/v1/workspaces/441O3HNPO000/nodes/0/children s=200 d=284µs s=269
INF http m=GET p=/assets/de-qJeflSp6.js s=200 d=178µs s=6245
INF http m=GET p=/assets/WorkspaceSettingsPanel-CsUOm22X.css s=200 d=38µs s=1025
INF http m=GET p=/assets/WorkspaceSettingsPanel-CM5oaFTF.js s=200 d=117µs s=4443
INF http m=GET p=/assets/ServerSettingsPanel-pbgISWIv.css s=200 d=22µs s=596
INF http m=GET p=/assets/ServerSettingsPanel-C8C6nm9a.js s=200 d=34µs s=2550
INF http m=GET p=/assets/ResourceQuotaForm-DTSj8Ta5.css s=200 d=21µs s=302
INF http m=GET p=/assets/ResourceQuotaForm-D6gJNn3N.js s=200 d=30µs s=812
INF http m=GET p=/assets/ProfileSettings-rthGIjGN.js s=200 d=63µs s=4319
INF http m=GET p=/assets/ProfileSettings-D5kbNfHV.css s=200 d=38µs s=1220
INF http m=GET p=/api/v1/workspaces/441O3HNPO000/nodes/441O3MMKI000 s=200 d=303µs s=156
INF http m=GET p=/assets/OrgSettingsPanel-BP8s6T0h.css s=200 d=39µs s=511
INF http m=GET p=/assets/OrgSettingsPanel-B78NX7Vn.js s=200 d=51µs s=2302
INF http m=GET p=/assets/InviteForm-R7w4u6kW.js s=200 d=38µs s=1267
INF http m=GET p=/assets/InviteForm-CW-wgFWD.css s=200 d=61µs s=414
INF http m=GET p=/assets/Editor-BYBWY7b1.css s=200 d=59µs s=2240
INF http m=GET p=/assets/Editor-5FlZhQpN.js s=200 d=84µs s=13509
INF http m=GET p=/assets/AdminDashboard-R0heLGro.css s=200 d=35µs s=601
INF http m=GET p=/assets/AdminDashboard-D3Sw1IyX.js s=200 d=29µs s=2075
INF http m=GET p=/manifest.webmanifest s=200 d=264µs s=199
INF http m=POST p=/api/v1/organizations/441O3MHF6000/workspaces s=200 d=347ms s=305
INF http m=POST p=/api/v1/auth/switch-workspace s=200 d=25.8ms s=580
INF http m=GET p=/api/v1/notifications/unread-count s=200 d=184µs s=25
INF http m=GET p=/api/v1/workspaces/441O3N11I000/members s=200 d=521µs s=123
INF http m=GET p=/api/v1/workspaces/441O3N11I000/nodes/0/children s=200 d=388µs s=26
INF http m=POST p=/api/v1/workspaces/441O3N11I000/nodes/0/page/create s=200 d=25.5ms s=35
INF http m=GET p=/api/v1/workspaces/441O3N11I000/nodes/0/children s=200 d=272µs s=257
INF http m=GET p=/api/v1/workspaces/441O3N11I000/nodes/441O3PDT4000 s=200 d=306µs s=245
INF http m=GET p=/api/v1/workspaces/441O3HNPO000/events s=200 d=332ms s=93
INF http m=POST p=/api/v1/auth/register s=200 d=104ms s=410
INF http m=GET p=/ s=200 d=60µs s=542
INF http m=GET p=/assets/index-SHhnYNGf.js s=200 d=385µs s=49792
INF http m=GET p=/assets/index-DPQ8uk7g.css s=200 d=455µs s=12402
INF http m=GET p=/assets/editor-vendor-Bje_VwYD.js s=200 d=184µs s=117396
INF http m=GET p=/assets/vendor-C3WBU0hm.js s=200 d=192µs s=29762
INF http m=GET p=/registerSW.js s=200 d=38µs s=87
INF http m=POST p=/api/v1/workspaces/441O3N11I000/nodes/0/page/create s=200 d=51.4ms s=26
INF http m=GET p=/api/v1/auth/me s=200 d=223µs s=170
INF http m=GET p=/assets/en-BOb8f2G7.js s=200 d=72µs s=5207
INF http m=GET p=/w/@441O3N11I000+workspace/@441O3PDT4000+welcome s=200 d=44µs s=542
INF http m=GET p=/api/v1/notifications/unread-count s=200 d=178µs s=25
INF http m=GET p=/api/v1/workspaces/441O3N11I000/events s=200 d=533ms s=235
INF http m=GET p=/sw.js s=200 d=105µs s=5540
INF http m=POST p=/api/v1/organizations s=200 d=54.3ms s=354
INF http m=GET p=/favicon.png s=200 d=45µs s=449
INF http m=GET p=/api/v1/auth/me s=200 d=710µs s=254
INF http m=GET p=/registerSW.js s=200 d=47µs s=87
INF http m=GET p=/api/v1/auth/me s=200 d=698µs s=357
INF http m=GET p=/index.html s=200 d=36µs s=542
INF http m=GET p=/icon.svg s=200 d=37µs s=195
INF http m=GET p=/icon-512.png s=200 d=648µs s=6498
INF http m=GET p=/icon-192.png s=200 d=57µs s=2468
INF http m=GET p=/favicon.png s=200 d=42µs s=449
INF http m=GET p=/apple-touch-icon.png s=200 d=61µs s=2298
INF http m=GET p=/api/v1/workspaces/441O3N11I000/nodes/0/children s=200 d=893µs s=271
INF http m=GET p=/api/v1/notifications/unread-count s=200 d=144µs s=25
INF http m=GET p=/api/v1/workspaces/441O3N11I000/nodes/441O3PDT4000 s=200 d=890µs s=245
INF http m=GET p=/api/v1/workspaces/441O3N11I000/members s=200 d=874µs s=123
INF http m=GET p=/assets/material-symbols-names-mOXCVt15.js s=200 d=133µs s=15793
INF http m=GET p=/assets/fr-CgauyyXq.js s=200 d=79µs s=6301
INF http m=GET p=/assets/es-DHO8DnB9.js s=200 d=82µs s=6015
INF http m=GET p=/api/v1/workspaces/441O3N11I000/nodes/441O3S3E0000 s=200 d=341µs s=165
INF http m=GET p=/assets/emoji-groups-tsNE8Axz.js s=200 d=77µs s=13852
INF http m=GET p=/assets/de-qJeflSp6.js s=200 d=117µs s=6245
INF http m=GET p=/assets/WorkspaceSettingsPanel-CsUOm22X.css s=200 d=36µs s=1025
INF http m=GET p=/assets/WorkspaceSettingsPanel-CM5oaFTF.js s=200 d=69µs s=4443
INF http m=GET p=/assets/ServerSettingsPanel-pbgISWIv.css s=200 d=26µs s=596
INF http m=GET p=/assets/ServerSettingsPanel-C8C6nm9a.js s=200 d=37µs s=2550
INF http m=GET p=/assets/ResourceQuotaForm-DTSj8Ta5.css s=200 d=30µs s=302
INF http m=GET p=/assets/ResourceQuotaForm-D6gJNn3N.js s=200 d=45µs s=812
INF http m=GET p=/assets/ProfileSettings-rthGIjGN.js s=200 d=67µs s=4319
INF http m=GET p=/assets/ProfileSettings-D5kbNfHV.css s=200 d=36µs s=1220
INF http m=GET p=/assets/OrgSettingsPanel-BP8s6T0h.css s=200 d=30µs s=511
INF http m=GET p=/assets/OrgSettingsPanel-B78NX7Vn.js s=200 d=36µs s=2302
INF http m=GET p=/assets/InviteForm-R7w4u6kW.js s=200 d=30µs s=1267
INF http m=GET p=/assets/InviteForm-CW-wgFWD.css s=200 d=54µs s=414
INF http m=GET p=/assets/Editor-BYBWY7b1.css s=200 d=45µs s=2240
INF http m=GET p=/assets/Editor-5FlZhQpN.js s=200 d=79µs s=13509
INF http m=GET p=/assets/AdminDashboard-R0heLGro.css s=200 d=23µs s=601
INF http m=GET p=/assets/AdminDashboard-D3Sw1IyX.js s=200 d=37µs s=2075
INF http m=GET p=/manifest.webmanifest s=200 d=33µs s=199
INF http m=POST p=/api/v1/organizations/441O3SLDE000/workspaces s=200 d=339ms s=300
INF http m=POST p=/api/v1/auth/switch-workspace s=200 d=23.7ms s=569
INF http m=GET p=/api/v1/notifications/unread-count s=200 d=178µs s=25
INF http m=GET p=/api/v1/workspaces/441O3T7LO000/nodes/0/children s=200 d=509µs s=26
INF http m=GET p=/api/v1/workspaces/441O3T7LO000/members s=200 d=593µs s=120
INF http m=POST p=/api/v1/workspaces/441O3T7LO000/nodes/0/page/create s=200 d=30.7ms s=35
INF http m=GET p=/api/v1/workspaces/441O3T7LO000/nodes/0/children s=200 d=355µs s=257
INF http m=GET p=/api/v1/workspaces/441O3T7LO000/nodes/441O3VM1U000 s=200 d=320µs s=245
INF http m=GET p=/api/v1/workspaces/441O3N11I000/events s=200 d=383ms s=93
INF http m=POST p=/api/v1/auth/register s=200 d=105ms s=412
INF http m=GET p=/ s=200 d=56µs s=542
INF http m=GET p=/registerSW.js s=200 d=67µs s=87
INF http m=GET p=/assets/index-SHhnYNGf.js s=200 d=129µs s=49792
INF http m=GET p=/assets/vendor-C3WBU0hm.js s=200 d=94µs s=29762
INF http m=GET p=/assets/editor-vendor-Bje_VwYD.js s=200 d=124µs s=117396
INF http m=GET p=/assets/index-DPQ8uk7g.css s=200 d=72µs s=12402
INF http m=POST p=/api/v1/workspaces/441O3T7LO000/nodes/0/page/create s=200 d=39.3ms s=26
INF http m=GET p=/api/v1/auth/me s=200 d=228µs s=169
INF http m=GET p=/assets/en-BOb8f2G7.js s=200 d=68µs s=5207
INF http m=GET p=/favicon.png s=200 d=38µs s=449
INF http m=GET p=/api/v1/notifications/unread-count s=200 d=176µs s=25
INF http m=GET p=/sw.js s=200 d=82µs s=5540
INF http m=GET p=/w/@441O3T7LO000+workspace/@441O3VM1U000+welcome s=200 d=26µs s=542
INF http m=GET p=/api/v1/workspaces/441O3T7LO000/events s=200 d=532ms s=236
INF http m=GET p=/registerSW.js s=200 d=40µs s=87
INF http m=GET p=/index.html s=200 d=44µs s=542
INF http m=GET p=/icon.svg s=200 d=42µs s=195
INF http m=GET p=/icon-512.png s=200 d=74µs s=6498
INF http m=POST p=/api/v1/organizations s=200 d=94.4ms s=352
INF http m=GET p=/api/v1/auth/me s=200 d=731µs s=252
INF http m=GET p=/icon-192.png s=200 d=50µs s=2468
INF http m=GET p=/favicon.png s=200 d=47µs s=449
INF http m=GET p=/apple-touch-icon.png s=200 d=46µs s=2298
INF http m=GET p=/api/v1/auth/me s=200 d=625µs s=357
INF http m=GET p=/assets/material-symbols-names-mOXCVt15.js s=200 d=104µs s=15793
INF http m=GET p=/assets/fr-CgauyyXq.js s=200 d=84µs s=6301
INF http m=GET p=/api/v1/notifications/unread-count s=200 d=616µs s=25
INF http m=GET p=/api/v1/workspaces/441O3T7LO000/nodes/0/children s=200 d=823µs s=264
INF http m=GET p=/api/v1/workspaces/441O3T7LO000/nodes/441O3VM1U000 s=200 d=994µs s=245
INF http m=GET p=/api/v1/workspaces/441O3T7LO000/members s=200 d=731µs s=120
INF http m=GET p=/assets/es-DHO8DnB9.js s=200 d=97µs s=6015
INF http m=GET p=/assets/emoji-groups-tsNE8Axz.js s=200 d=144µs s=13852
INF http m=GET p=/api/v1/workspaces/441O3T7LO000/nodes/441O42B9U000 s=200 d=345µs s=156
INF http m=GET p=/assets/de-qJeflSp6.js s=200 d=87µs s=6245
INF http m=GET p=/assets/WorkspaceSettingsPanel-CsUOm22X.css s=200 d=44µs s=1025
INF http m=GET p=/assets/WorkspaceSettingsPanel-CM5oaFTF.js s=200 d=69µs s=4443
INF http m=GET p=/assets/ServerSettingsPanel-pbgISWIv.css s=200 d=42µs s=596
INF http m=GET p=/assets/ServerSettingsPanel-C8C6nm9a.js s=200 d=51µs s=2550
INF http m=GET p=/assets/ResourceQuotaForm-DTSj8Ta5.css s=200 d=129µs s=302
INF http m=GET p=/assets/ResourceQuotaForm-D6gJNn3N.js s=200 d=29µs s=812
INF http m=GET p=/assets/ProfileSettings-rthGIjGN.js s=200 d=89µs s=4319
INF http m=GET p=/assets/ProfileSettings-D5kbNfHV.css s=200 d=29µs s=1220
INF http m=GET p=/assets/OrgSettingsPanel-BP8s6T0h.css s=200 d=23µs s=511
INF http m=GET p=/assets/OrgSettingsPanel-B78NX7Vn.js s=200 d=35µs s=2302
INF http m=GET p=/assets/InviteForm-R7w4u6kW.js s=200 d=28µs s=1267
INF http m=GET p=/assets/InviteForm-CW-wgFWD.css s=200 d=37µs s=414
INF http m=GET p=/assets/Editor-BYBWY7b1.css s=200 d=39µs s=2240
INF http m=GET p=/assets/Editor-5FlZhQpN.js s=200 d=92µs s=13509
INF http m=GET p=/assets/AdminDashboard-R0heLGro.css s=200 d=39µs s=601
INF http m=GET p=/assets/AdminDashboard-D3Sw1IyX.js s=200 d=42µs s=2075
INF http m=GET p=/manifest.webmanifest s=200 d=34µs s=199
INF http m=POST p=/api/v1/organizations/441O42NT2000/workspaces s=200 d=332ms s=296
INF http m=POST p=/api/v1/auth/switch-workspace s=200 d=25.7ms s=564
INF http m=GET p=/api/v1/notifications/unread-count s=200 d=164µs s=25
INF http m=GET p=/api/v1/workspaces/441O43EC2000/nodes/0/children s=200 d=293µs s=26
INF http m=GET p=/api/v1/workspaces/441O43EC2000/members s=200 d=156µs s=120
INF http m=POST p=/api/v1/workspaces/441O43EC2000/nodes/0/page/create s=200 d=21.7ms s=35
INF http m=GET p=/api/v1/workspaces/441O43EC2000/nodes/0/children s=200 d=328µs s=257
INF http m=GET p=/api/v1/workspaces/441O3T7LO000/events s=200 d=305ms s=93
INF http m=GET p=/api/v1/workspaces/441O43EC2000/nodes/441O45PBK000 s=200 d=308µs s=245
INF http m=POST p=/api/v1/auth/register s=200 d=110ms s=410
INF http m=GET p=/ s=200 d=60µs s=542
INF http m=GET p=/registerSW.js s=200 d=50µs s=87
INF http m=GET p=/assets/vendor-C3WBU0hm.js s=200 d=149µs s=29762
INF http m=GET p=/assets/editor-vendor-Bje_VwYD.js s=200 d=240µs s=117396
INF http m=GET p=/assets/index-SHhnYNGf.js s=200 d=92µs s=49792
INF http m=GET p=/assets/index-DPQ8uk7g.css s=200 d=119µs s=12402
INF http m=POST p=/api/v1/workspaces/441O43EC2000/nodes/0/page/create s=200 d=31.9ms s=26
INF http m=GET p=/w/@441O43EC2000+workspace/@441O45PBK000+welcome s=200 d=41µs s=542
INF http m=GET p=/api/v1/workspaces/441O43EC2000/events s=200 d=457ms s=232
INF http m=GET p=/api/v1/auth/me s=200 d=269µs s=174
INF http m=GET p=/assets/en-BOb8f2G7.js s=200 d=78µs s=5207
INF http m=GET p=/sw.js s=200 d=2.46ms s=5540
INF http m=GET p=/favicon.png s=200 d=53µs s=449
INF http m=GET p=/api/v1/notifications/unread-count s=200 d=218µs s=25
INF http m=GET p=/registerSW.js s=200 d=42µs s=87
INF http m=GET p=/api/v1/auth/me s=200 d=271µs s=354
INF http m=GET p=/index.html s=200 d=44µs s=542
INF http m=GET p=/icon.svg s=200 d=45µs s=195
INF http m=GET p=/icon-512.png s=200 d=98µs s=6498
INF http m=GET p=/icon-192.png s=200 d=54µs s=2468
INF http m=GET p=/favicon.png s=200 d=35µs s=449
INF http m=GET p=/api/v1/notifications/unread-count s=200 d=177µs s=25
INF http m=GET p=/apple-touch-icon.png s=200 d=54µs s=2298
INF http m=POST p=/api/v1/organizations s=200 d=95.6ms s=357
INF http m=GET p=/api/v1/workspaces/441O43EC2000/nodes/441O45PBK000 s=200 d=7.02ms s=245
INF http m=GET p=/api/v1/auth/me s=200 d=196µs s=261
INF http m=GET p=/api/v1/workspaces/441O43EC2000/nodes/0/children s=200 d=281µs s=261
INF http m=GET p=/api/v1/workspaces/441O43EC2000/members s=200 d=26.3ms s=120
INF http m=GET p=/assets/material-symbols-names-mOXCVt15.js s=200 d=147µs s=15793
INF http m=GET p=/api/v1/workspaces/441O43EC2000/nodes/441O4848K000 s=200 d=382µs s=152
INF http m=GET p=/assets/fr-CgauyyXq.js s=200 d=77µs s=6301
INF http m=GET p=/assets/es-DHO8DnB9.js s=200 d=265µs s=6015
INF http m=GET p=/assets/emoji-groups-tsNE8Axz.js s=200 d=132µs s=13852
INF http m=GET p=/assets/de-qJeflSp6.js s=200 d=90µs s=6245
INF http m=GET p=/assets/WorkspaceSettingsPanel-CsUOm22X.css s=200 d=46µs s=1025
INF http m=GET p=/assets/WorkspaceSettingsPanel-CM5oaFTF.js s=200 d=64µs s=4443
INF http m=GET p=/assets/ServerSettingsPanel-pbgISWIv.css s=200 d=33µs s=596
INF http m=GET p=/assets/ServerSettingsPanel-C8C6nm9a.js s=200 d=47µs s=2550
INF http m=GET p=/assets/ResourceQuotaForm-DTSj8Ta5.css s=200 d=31µs s=302
INF http m=GET p=/assets/ResourceQuotaForm-D6gJNn3N.js s=200 d=29µs s=812
INF http m=GET p=/assets/ProfileSettings-rthGIjGN.js s=200 d=56µs s=4319
INF http m=GET p=/assets/ProfileSettings-D5kbNfHV.css s=200 d=32µs s=1220
INF http m=GET p=/assets/OrgSettingsPanel-BP8s6T0h.css s=200 d=18µs s=511
INF http m=GET p=/assets/OrgSettingsPanel-B78NX7Vn.js s=200 d=37µs s=2302
INF http m=GET p=/assets/InviteForm-R7w4u6kW.js s=200 d=25µs s=1267
INF http m=GET p=/assets/InviteForm-CW-wgFWD.css s=200 d=30µs s=414
INF http m=GET p=/assets/Editor-BYBWY7b1.css s=200 d=47µs s=2240
INF http m=GET p=/assets/Editor-5FlZhQpN.js s=200 d=79µs s=13509
INF http m=GET p=/assets/AdminDashboard-R0heLGro.css s=200 d=34µs s=601
INF http m=GET p=/assets/AdminDashboard-D3Sw1IyX.js s=200 d=47µs s=2075
INF http m=GET p=/manifest.webmanifest s=200 d=28µs s=199
INF http m=POST p=/api/v1/organizations/441O49278000/workspaces s=200 d=280ms s=303
INF http m=GET p=/api/v1/workspaces/441O43EC2000/events s=200 d=304ms s=93
INF http m=POST p=/api/v1/auth/switch-workspace s=200 d=37.2ms s=652
INF http m=GET p=/api/v1/notifications/unread-count s=200 d=734µs s=25
INF http m=GET p=/api/v1/workspaces/441O49PLO000/nodes/0/children s=200 d=8.49ms s=26
INF http m=GET p=/api/v1/workspaces/441O49PLO000/members s=200 d=23.5ms s=123
INF http m=POST p=/api/v1/workspaces/441O49PLO000/nodes/0/page/create s=200 d=50.5ms s=35
INF http m=GET p=/api/v1/workspaces/441O49PLO000/nodes/0/children s=200 d=285µs s=257
INF http m=GET p=/api/v1/workspaces/441O49PLO000/nodes/441O4C41Q000 s=200 d=1.19ms s=245
INF http m=POST p=/api/v1/auth/register s=200 d=124ms s=414
INF http m=GET p=/ s=200 d=65µs s=542
INF http m=GET p=/assets/index-SHhnYNGf.js s=200 d=150µs s=49792
INF http m=GET p=/assets/index-DPQ8uk7g.css s=200 d=314µs s=12402
INF http m=GET p=/registerSW.js s=200 d=55µs s=87
INF http m=GET p=/assets/vendor-C3WBU0hm.js s=200 d=146µs s=29762
INF http m=GET p=/assets/editor-vendor-Bje_VwYD.js s=200 d=153µs s=117396
INF http m=GET p=/api/v1/auth/me s=200 d=389µs s=174
INF http m=GET p=/assets/en-BOb8f2G7.js s=200 d=147µs s=5207
INF http m=GET p=/api/v1/notifications/unread-count s=200 d=284µs s=25
INF http m=GET p=/favicon.png s=200 d=35µs s=449
INF http m=GET p=/sw.js s=200 d=93µs s=5540
INF http m=GET p=/registerSW.js s=200 d=54µs s=87
INF http m=POST p=/api/v1/organizations s=200 d=64.5ms s=357
INF http m=GET p=/api/v1/auth/me s=200 d=4.42ms s=258
INF http m=GET p=/index.html s=200 d=34µs s=542
INF http m=POST p=/api/v1/workspaces/441O49PLO000/nodes/0/page/create s=200 d=42.3ms s=26
INF http m=GET p=/icon.svg s=200 d=45µs s=195
INF http m=GET p=/w/@441O49PLO000+workspace/@441O4C41Q000+welcome s=200 d=39µs s=542
INF http m=GET p=/icon-512.png s=200 d=146µs s=6498
INF http m=GET p=/icon-192.png s=200 d=40µs s=2468
INF http m=GET p=/api/v1/workspaces/441O49PLO000/events s=200 d=502ms s=229
INF http m=GET p=/favicon.png s=200 d=28µs s=449
INF http m=GET p=/apple-touch-icon.png s=200 d=41µs s=2298
INF http m=GET p=/assets/material-symbols-names-mOXCVt15.js s=200 d=107µs s=15793
INF http m=GET p=/assets/fr-CgauyyXq.js s=200 d=91µs s=6301
INF http m=GET p=/assets/es-DHO8DnB9.js s=200 d=99µs s=6015
INF http m=GET p=/api/v1/auth/me s=200 d=259µs s=358
INF http m=GET p=/assets/emoji-groups-tsNE8Axz.js s=200 d=96µs s=13852
INF http m=GET p=/api/v1/notifications/unread-count s=200 d=300µs s=25
INF http m=GET p=/api/v1/workspaces/441O49PLO000/nodes/0/children s=200 d=350µs s=251
INF http m=GET p=/api/v1/workspaces/441O49PLO000/members s=200 d=157µs s=123
INF http m=GET p=/api/v1/workspaces/441O49PLO000/nodes/441O4C41Q000 s=200 d=760µs s=245
INF http m=GET p=/assets/de-qJeflSp6.js s=200 d=136µs s=6245
INF http m=GET p=/assets/WorkspaceSettingsPanel-CsUOm22X.css s=200 d=46µs s=1025
INF http m=GET p=/assets/WorkspaceSettingsPanel-CM5oaFTF.js s=200 d=78µs s=4443
INF http m=GET p=/assets/ServerSettingsPanel-pbgISWIv.css s=200 d=40µs s=596
INF http m=GET p=/assets/ServerSettingsPanel-C8C6nm9a.js s=200 d=39µs s=2550
INF http m=GET p=/assets/ResourceQuotaForm-DTSj8Ta5.css s=200 d=28µs s=302
INF http m=GET p=/assets/ResourceQuotaForm-D6gJNn3N.js s=200 d=21µs s=812
INF http m=GET p=/assets/ProfileSettings-rthGIjGN.js s=200 d=71µs s=4319
INF http m=GET p=/assets/ProfileSettings-D5kbNfHV.css s=200 d=33µs s=1220
INF http m=GET p=/assets/OrgSettingsPanel-BP8s6T0h.css s=200 d=29µs s=511
INF http m=GET p=/assets/OrgSettingsPanel-B78NX7Vn.js s=200 d=43µs s=2302
INF http m=GET p=/assets/InviteForm-R7w4u6kW.js s=200 d=29µs s=1267
INF http m=GET p=/assets/InviteForm-CW-wgFWD.css s=200 d=29µs s=414
INF http m=GET p=/assets/Editor-BYBWY7b1.css s=200 d=75µs s=2240
INF http m=GET p=/api/v1/workspaces/441O49PLO000/nodes/441O4EHEU000 s=200 d=1.22ms s=174
INF http m=GET p=/assets/Editor-5FlZhQpN.js s=200 d=75µs s=13509
INF http m=GET p=/assets/AdminDashboard-R0heLGro.css s=200 d=45µs s=601
INF http m=GET p=/assets/AdminDashboard-D3Sw1IyX.js s=200 d=60µs s=2075
INF http m=GET p=/manifest.webmanifest s=200 d=41µs s=199
INF http m=POST p=/api/v1/organizations/441O4E9J6000/workspaces s=200 d=359ms s=305
INF http m=POST p=/api/v1/auth/switch-workspace s=200 d=26.4ms s=571
INF http m=GET p=/api/v1/notifications/unread-count s=200 d=170µs s=25
INF http m=GET p=/api/v1/workspaces/441O4EQ2A000/nodes/0/children s=200 d=353µs s=26
INF http m=GET p=/api/v1/workspaces/441O4EQ2A000/members s=200 d=468µs s=124
INF http m=POST p=/api/v1/workspaces/441O4EQ2A000/nodes/0/page/create s=200 d=26.3ms s=35
INF http m=GET p=/api/v1/workspaces/441O4EQ2A000/nodes/0/children s=200 d=294µs s=257
INF http m=GET p=/api/v1/workspaces/441O4EQ2A000/nodes/441O4H92E000 s=200 d=299µs s=245
INF http m=GET p=/api/v1/workspaces/441O49PLO000/events s=200 d=234ms s=93
INF http m=POST p=/api/v1/auth/register s=200 d=115ms s=412
INF http m=GET p=/ s=200 d=55µs s=542
INF http m=GET p=/assets/index-SHhnYNGf.js s=200 d=352µs s=49792
INF http m=GET p=/assets/index-DPQ8uk7g.css s=200 d=142µs s=12402
INF http m=GET p=/assets/editor-vendor-Bje_VwYD.js s=200 d=217µs s=117396
INF http m=GET p=/registerSW.js s=200 d=35µs s=87
INF http m=GET p=/assets/vendor-C3WBU0hm.js s=200 d=106µs s=29762
INF http m=GET p=/api/v1/auth/me s=200 d=381µs s=174
INF http m=GET p=/assets/en-BOb8f2G7.js s=200 d=86µs s=5207
INF http m=GET p=/favicon.png s=200 d=38µs s=449
INF http m=POST p=/api/v1/workspaces/441O4EQ2A000/nodes/0/page/create s=200 d=49.8ms s=26
INF http m=GET p=/api/v1/notifications/unread-count s=200 d=696µs s=25
INF http m=GET p=/sw.js s=200 d=99µs s=5540
INF http m=GET p=/w/@441O4EQ2A000+workspace/@441O4H92E000+welcome s=200 d=43µs s=542
INF http m=GET p=/api/v1/workspaces/441O4EQ2A000/events s=200 d=515ms s=230
INF http m=GET p=/registerSW.js s=200 d=79µs s=87
INF http m=GET p=/index.html s=200 d=54µs s=542
INF http m=POST p=/api/v1/organizations s=200 d=107ms s=358
INF http m=GET p=/api/v1/auth/me s=200 d=812µs s=259
INF http m=GET p=/icon.svg s=200 d=40µs s=195
INF http m=GET p=/icon-512.png s=200 d=113µs s=6498
INF http m=GET p=/icon-192.png s=200 d=46µs s=2468
INF http m=GET p=/api/v1/auth/me s=200 d=777µs s=359
INF http m=GET p=/favicon.png s=200 d=47µs s=449
INF http m=GET p=/apple-touch-icon.png s=200 d=56µs s=2298
INF http m=GET p=/assets/material-symbols-names-mOXCVt15.js s=200 d=125µs s=15793
INF http m=GET p=/api/v1/notifications/unread-count s=200 d=198µs s=25
INF http m=GET p=/api/v1/workspaces/441O4EQ2A000/members s=200 d=606µs s=124
INF http m=GET p=/api/v1/workspaces/441O4EQ2A000/nodes/441O4H92E000 s=200 d=820µs s=245
INF http m=GET p=/api/v1/workspaces/441O4EQ2A000/nodes/0/children s=200 d=1.04ms s=257
INF http m=GET p=/assets/fr-CgauyyXq.js s=200 d=189µs s=6301
INF http m=GET p=/assets/es-DHO8DnB9.js s=200 d=85µs s=6015
INF http m=GET p=/assets/emoji-groups-tsNE8Axz.js s=200 d=91µs s=13852
INF http m=GET p=/api/v1/workspaces/441O4EQ2A000/nodes/441O4JS4K000 s=200 d=307µs s=182
INF http m=GET p=/assets/de-qJeflSp6.js s=200 d=84µs s=6245
INF http m=GET p=/assets/WorkspaceSettingsPanel-CsUOm22X.css s=200 d=53µs s=1025
INF http m=GET p=/assets/WorkspaceSettingsPanel-CM5oaFTF.js s=200 d=70µs s=4443
INF http m=GET p=/assets/ServerSettingsPanel-pbgISWIv.css s=200 d=36µs s=596
INF http m=GET p=/assets/ServerSettingsPanel-C8C6nm9a.js s=200 d=39µs s=2550
INF http m=GET p=/assets/ResourceQuotaForm-DTSj8Ta5.css s=200 d=29µs s=302
INF http m=GET p=/assets/ResourceQuotaForm-D6gJNn3N.js s=200 d=31µs s=812
INF http m=GET p=/assets/ProfileSettings-rthGIjGN.js s=200 d=59µs s=4319
INF http m=GET p=/assets/ProfileSettings-D5kbNfHV.css s=200 d=66µs s=1220
INF http m=GET p=/assets/OrgSettingsPanel-BP8s6T0h.css s=200 d=26µs s=511
INF http m=GET p=/assets/OrgSettingsPanel-B78NX7Vn.js s=200 d=41µs s=2302
INF http m=GET p=/assets/InviteForm-R7w4u6kW.js s=200 d=35µs s=1267
INF http m=GET p=/assets/InviteForm-CW-wgFWD.css s=200 d=64µs s=414
INF http m=GET p=/assets/Editor-BYBWY7b1.css s=200 d=40µs s=2240
INF http m=GET p=/assets/Editor-5FlZhQpN.js s=200 d=146µs s=13509
INF http m=GET p=/assets/AdminDashboard-R0heLGro.css s=200 d=26µs s=601
INF http m=GET p=/assets/AdminDashboard-D3Sw1IyX.js s=200 d=44µs s=2075
INF http m=GET p=/manifest.webmanifest s=200 d=25µs s=199
INF http m=POST p=/api/v1/organizations/441O4K7LM000/workspaces s=200 d=308ms s=308
INF http m=GET p=/api/v1/workspaces/441O4EQ2A000/events s=200 d=225ms s=93
INF http m=POST p=/api/v1/auth/switch-workspace s=200 d=37ms s=572
INF http m=GET p=/api/v1/notifications/unread-count s=200 d=208µs s=25
INF http m=GET p=/api/v1/workspaces/441O4KUGO000/nodes/0/children s=200 d=303µs s=26
INF http m=GET p=/api/v1/workspaces/441O4KUGO000/members s=200 d=366µs s=125
INF http m=POST p=/api/v1/workspaces/441O4KUGO000/nodes/0/page/create s=200 d=27.4ms s=35
INF http m=GET p=/api/v1/workspaces/441O4KUGO000/nodes/0/children s=200 d=280µs s=257
INF http m=GET p=/api/v1/workspaces/441O4KUGO000/nodes/441O4N6U2000 s=200 d=306µs s=245
INF http m=POST p=/api/v1/auth/register s=200 d=107ms s=399
INF http m=GET p=/ s=200 d=63µs s=542
INF http m=GET p=/assets/index-SHhnYNGf.js s=200 d=410µs s=49792
INF http m=GET p=/assets/index-DPQ8uk7g.css s=200 d=116µs s=12402
INF http m=GET p=/assets/editor-vendor-Bje_VwYD.js s=200 d=164µs s=117396
INF http m=GET p=/assets/vendor-C3WBU0hm.js s=200 d=104µs s=29762
INF http m=GET p=/registerSW.js s=200 d=39µs s=87
INF http m=GET p=/api/v1/auth/me s=200 d=241µs s=171
INF http m=GET p=/assets/en-BOb8f2G7.js s=200 d=67µs s=5207
INF http m=GET p=/api/v1/notifications/unread-count s=200 d=331µs s=25
INF http m=GET p=/favicon.png s=200 d=41µs s=449
INF http m=GET p=/sw.js s=200 d=64µs s=5540
INF http m=POST p=/api/v1/organizations s=200 d=47.3ms s=355
INF http m=GET p=/registerSW.js s=200 d=40µs s=87
INF http m=GET p=/api/v1/auth/me s=200 d=772µs s=256
INF http m=GET p=/index.html s=200 d=40µs s=542
INF http m=GET p=/icon.svg s=200 d=39µs s=195
INF http m=GET p=/icon-512.png s=200 d=85µs s=6498
INF http m=GET p=/icon-192.png s=200 d=75µs s=2468
INF http m=GET p=/favicon.png s=200 d=50µs s=449
INF http m=GET p=/apple-touch-icon.png s=200 d=65µs s=2298
INF http m=GET p=/assets/material-symbols-names-mOXCVt15.js s=200 d=1.15ms s=15793
INF http m=GET p=/assets/fr-CgauyyXq.js s=200 d=77µs s=6301
INF http m=GET p=/assets/es-DHO8DnB9.js s=200 d=99µs s=6015
INF http m=GET p=/assets/emoji-groups-tsNE8Axz.js s=200 d=121µs s=13852
INF http m=GET p=/assets/de-qJeflSp6.js s=200 d=79µs s=6245
INF http m=GET p=/assets/WorkspaceSettingsPanel-CsUOm22X.css s=200 d=30µs s=1025
INF http m=GET p=/assets/WorkspaceSettingsPanel-CM5oaFTF.js s=200 d=56µs s=4443
INF http m=GET p=/assets/ServerSettingsPanel-pbgISWIv.css s=200 d=34µs s=596
INF http m=GET p=/assets/ServerSettingsPanel-C8C6nm9a.js s=200 d=39µs s=2550
INF http m=GET p=/assets/ResourceQuotaForm-DTSj8Ta5.css s=200 d=34µs s=302
INF http m=GET p=/assets/ResourceQuotaForm-D6gJNn3N.js s=200 d=25µs s=812
INF http m=GET p=/assets/ProfileSettings-rthGIjGN.js s=200 d=66µs s=4319
INF http m=GET p=/assets/ProfileSettings-D5kbNfHV.css s=200 d=33µs s=1220
INF http m=GET p=/assets/OrgSettingsPanel-BP8s6T0h.css s=200 d=28µs s=511
INF http m=GET p=/assets/OrgSettingsPanel-B78NX7Vn.js s=200 d=38µs s=2302
INF http m=GET p=/assets/InviteForm-R7w4u6kW.js s=200 d=33µs s=1267
INF http m=GET p=/assets/InviteForm-CW-wgFWD.css s=200 d=32µs s=414
INF http m=GET p=/assets/Editor-BYBWY7b1.css s=200 d=34µs s=2240
INF http m=GET p=/assets/Editor-5FlZhQpN.js s=200 d=91µs s=13509
INF http m=GET p=/assets/AdminDashboard-R0heLGro.css s=200 d=36µs s=601
INF http m=GET p=/assets/AdminDashboard-D3Sw1IyX.js s=200 d=41µs s=2075
INF http m=GET p=/manifest.webmanifest s=200 d=40µs s=199
INF http m=POST p=/api/v1/organizations/441O4PGGU000/workspaces s=200 d=298ms s=303
INF http m=POST p=/api/v1/workspaces/441O4KUGO000/nodes/0/page/create s=200 d=282ms s=26
INF http m=GET p=/w/@441O4KUGO000+workspace/@441O4N6U2000+welcome s=200 d=37µs s=542
INF http m=GET p=/api/v1/workspaces/441O4KUGO000/events s=200 d=753ms s=236
INF http m=POST p=/api/v1/auth/switch-workspace s=200 d=36.4ms s=568
INF http m=GET p=/api/v1/workspaces/441O4PRC4000/nodes/0/children s=200 d=367µs s=26
INF http m=GET p=/api/v1/notifications/unread-count s=200 d=153µs s=25
INF http m=GET p=/api/v1/workspaces/441O4PRC4000/members s=200 d=430µs s=119
INF http m=GET p=/api/v1/auth/me s=200 d=261µs s=359
INF http m=POST p=/api/v1/workspaces/441O4PRC4000/nodes/0/page/create s=200 d=27.5ms s=35
INF http m=GET p=/api/v1/workspaces/441O4PRC4000/nodes/0/children s=200 d=326µs s=257
INF http m=GET p=/api/v1/workspaces/441O4PRC4000/nodes/441O4S2SK000 s=200 d=279µs s=245
INF http m=GET p=/api/v1/notifications/unread-count s=200 d=192µs s=25
INF http m=GET p=/api/v1/workspaces/441O4KUGO000/nodes/0/children s=200 d=1.47ms s=269
INF http m=GET p=/api/v1/workspaces/441O4KUGO000/members s=200 d=2.12ms s=125
INF http m=GET p=/api/v1/workspaces/441O4KUGO000/nodes/441O4N6U2000 s=200 d=1.1ms s=245
INF http m=GET p=/api/v1/workspaces/441O4KUGO000/nodes/441O4PVHU000 s=200 d=354µs s=163
INF http m=GET p=/api/v1/workspaces/441O4KUGO000/events s=200 d=177ms s=93
INF http m=POST p=/api/v1/workspaces/441O4PRC4000/nodes/0/page/create s=200 d=22ms s=26
INF http m=GET p=/w/@441O4PRC4000+workspace/@441O4S2SK000+welcome s=200 d=51µs s=542
INF http m=GET p=/api/v1/workspaces/441O4PRC4000/events s=200 d=490ms s=230
INF http m=POST p=/api/v1/auth/register s=200 d=160ms s=409
INF http m=GET p=/ s=200 d=67µs s=542
INF http m=GET p=/api/v1/auth/me s=200 d=340µs s=355
INF http m=GET p=/assets/index-SHhnYNGf.js s=200 d=171µs s=49792
INF http m=GET p=/assets/vendor-C3WBU0hm.js s=200 d=148µs s=29762
INF http m=GET p=/assets/editor-vendor-Bje_VwYD.js s=200 d=188µs s=117396
INF http m=GET p=/assets/index-DPQ8uk7g.css s=200 d=94µs s=12402
INF http m=GET p=/registerSW.js s=200 d=36µs s=87
INF http m=GET p=/api/v1/notifications/unread-count s=200 d=510µs s=25
INF http m=GET p=/api/v1/workspaces/441O4PRC4000/members s=200 d=478µs s=119
INF http m=GET p=/api/v1/workspaces/441O4PRC4000/nodes/441O4S2SK000 s=200 d=1.44ms s=245
INF http m=GET p=/api/v1/workspaces/441O4PRC4000/nodes/0/children s=200 d=871µs s=264
INF http m=GET p=/api/v1/auth/me s=200 d=283µs s=170
INF http m=GET p=/assets/en-BOb8f2G7.js s=200 d=95µs s=5207
INF http m=GET p=/api/v1/notifications/unread-count s=200 d=243µs s=25
INF http m=GET p=/favicon.png s=200 d=36µs s=449
INF http m=GET p=/api/v1/workspaces/441O4PRC4000/nodes/441O4UO42000 s=200 d=325µs s=160
INF http m=GET p=/sw.js s=200 d=135µs s=5540
INF http m=GET p=/registerSW.js s=200 d=40µs s=87
INF http m=POST p=/api/v1/organizations s=200 d=80.7ms s=352
INF http m=GET p=/index.html s=200 d=39µs s=542
INF http m=GET p=/api/v1/auth/me s=200 d=248µs s=252
INF http m=GET p=/icon.svg s=200 d=28µs s=195
INF http m=GET p=/icon-512.png s=200 d=76µs s=6498
INF http m=GET p=/icon-192.png s=200 d=56µs s=2468
INF http m=GET p=/favicon.png s=200 d=35µs s=449
INF http m=GET p=/apple-touch-icon.png s=200 d=69µs s=2298
INF http m=GET p=/assets/material-symbols-names-mOXCVt15.js s=200 d=157µs s=15793
INF http m=GET p=/assets/fr-CgauyyXq.js s=200 d=96µs s=6301
INF http m=GET p=/assets/es-DHO8DnB9.js s=200 d=92µs s=6015
INF http m=GET p=/assets/emoji-groups-tsNE8Axz.js s=200 d=127µs s=13852
INF http m=GET p=/api/v1/workspaces/441O4PRC4000/events s=200 d=315ms s=93
INF http m=GET p=/assets/de-qJeflSp6.js s=200 d=65µs s=6245
INF http m=GET p=/assets/WorkspaceSettingsPanel-CsUOm22X.css s=200 d=57µs s=1025
INF http m=GET p=/assets/WorkspaceSettingsPanel-CM5oaFTF.js s=200 d=114µs s=4443
INF http m=GET p=/assets/ServerSettingsPanel-pbgISWIv.css s=200 d=50µs s=596
INF http m=GET p=/assets/ServerSettingsPanel-C8C6nm9a.js s=200 d=51µs s=2550
INF http m=GET p=/assets/ResourceQuotaForm-DTSj8Ta5.css s=200 d=35µs s=302
INF http m=GET p=/assets/ResourceQuotaForm-D6gJNn3N.js s=200 d=38µs s=812
INF http m=GET p=/assets/ProfileSettings-rthGIjGN.js s=200 d=87µs s=4319
INF http m=GET p=/assets/ProfileSettings-D5kbNfHV.css s=200 d=38µs s=1220
INF http m=GET p=/assets/OrgSettingsPanel-BP8s6T0h.css s=200 d=45µs s=511
INF http m=GET p=/assets/OrgSettingsPanel-B78NX7Vn.js s=200 d=49µs s=2302
INF http m=GET p=/assets/InviteForm-R7w4u6kW.js s=200 d=40µs s=1267
INF http m=GET p=/assets/InviteForm-CW-wgFWD.css s=200 d=45µs s=414
INF http m=GET p=/assets/Editor-BYBWY7b1.css s=200 d=61µs s=2240
INF http m=GET p=/assets/Editor-5FlZhQpN.js s=200 d=129µs s=13509
INF http m=GET p=/assets/AdminDashboard-R0heLGro.css s=200 d=51µs s=601
INF http m=GET p=/assets/AdminDashboard-D3Sw1IyX.js s=200 d=81µs s=2075
INF http m=GET p=/manifest.webmanifest s=200 d=40µs s=199
INF http m=POST p=/api/v1/organizations/441O50M02000/workspaces s=200 d=408ms s=297
INF http m=POST p=/api/v1/auth/switch-workspace s=200 d=29.4ms s=560
INF http m=POST p=/api/v1/auth/register s=200 d=136ms s=413
INF http m=GET p=/api/v1/notifications/unread-count s=200 d=197µs s=25
INF http m=GET p=/ s=200 d=47µs s=542
INF http m=GET p=/api/v1/workspaces/441O517OE000/nodes/0/children s=200 d=3.74ms s=26
INF http m=GET p=/api/v1/workspaces/441O517OE000/members s=200 d=13.2ms s=119
INF http m=GET p=/assets/index-DPQ8uk7g.css s=200 d=195µs s=12402
INF http m=GET p=/registerSW.js s=200 d=43µs s=87
INF http m=GET p=/assets/vendor-C3WBU0hm.js s=200 d=106µs s=29762
INF http m=GET p=/assets/editor-vendor-Bje_VwYD.js s=200 d=162µs s=117396
INF http m=GET p=/assets/index-SHhnYNGf.js s=200 d=196µs s=49792
INF http m=POST p=/api/v1/workspaces/441O517OE000/nodes/0/page/create s=200 d=55.2ms s=35
INF http m=GET p=/api/v1/workspaces/441O517OE000/nodes/0/children s=200 d=771µs s=257
INF http m=GET p=/api/v1/workspaces/441O517OE000/nodes/441O545LO000 s=200 d=881µs s=245
INF http m=GET p=/api/v1/auth/me s=200 d=928µs s=168
INF http m=GET p=/assets/en-BOb8f2G7.js s=200 d=89µs s=5207
INF http m=GET p=/api/v1/notifications/unread-count s=200 d=218µs s=25
INF http m=GET p=/sw.js s=200 d=100µs s=5540
INF http m=GET p=/favicon.png s=200 d=43µs s=449
INF http m=GET p=/registerSW.js s=200 d=50µs s=87
INF http m=POST p=/api/v1/organizations s=200 d=60.4ms s=353
INF http m=GET p=/index.html s=200 d=34µs s=542
INF http m=GET p=/api/v1/auth/me s=200 d=684µs s=255
INF http m=GET p=/icon.svg s=200 d=37µs s=195
INF http m=GET p=/icon-512.png s=200 d=87µs s=6498
INF http m=GET p=/icon-192.png s=200 d=55µs s=2468
INF http m=GET p=/favicon.png s=200 d=34µs s=449
INF http m=GET p=/apple-touch-icon.png s=200 d=73µs s=2298
INF http m=GET p=/assets/material-symbols-names-mOXCVt15.js s=200 d=126µs s=15793
INF http m=GET p=/assets/fr-CgauyyXq.js s=200 d=101µs s=6301
INF http m=GET p=/assets/es-DHO8DnB9.js s=200 d=87µs s=6015
INF http m=GET p=/assets/emoji-groups-tsNE8Axz.js s=200 d=413µs s=13852
INF http m=GET p=/assets/de-qJeflSp6.js s=200 d=140µs s=6245
INF http m=GET p=/assets/WorkspaceSettingsPanel-CsUOm22X.css s=200 d=39µs s=1025
INF http m=GET p=/assets/WorkspaceSettingsPanel-CM5oaFTF.js s=200 d=60µs s=4443
INF http m=GET p=/assets/ServerSettingsPanel-pbgISWIv.css s=200 d=33µs s=596
INF http m=GET p=/assets/ServerSettingsPanel-C8C6nm9a.js s=200 d=53µs s=2550
INF http m=GET p=/assets/ResourceQuotaForm-DTSj8Ta5.css s=200 d=29µs s=302
INF http m=GET p=/assets/ResourceQuotaForm-D6gJNn3N.js s=200 d=28µs s=812
INF http m=GET p=/assets/ProfileSettings-rthGIjGN.js s=200 d=65µs s=4319
INF http m=GET p=/assets/ProfileSettings-D5kbNfHV.css s=200 d=32µs s=1220
INF http m=GET p=/assets/OrgSettingsPanel-BP8s6T0h.css s=200 d=25µs s=511
INF http m=GET p=/assets/OrgSettingsPanel-B78NX7Vn.js s=200 d=34µs s=2302
INF http m=GET p=/assets/InviteForm-R7w4u6kW.js s=200 d=29µs s=1267
INF http m=GET p=/assets/InviteForm-CW-wgFWD.css s=200 d=26µs s=414
INF http m=GET p=/assets/Editor-BYBWY7b1.css s=200 d=36µs s=2240
INF http m=GET p=/assets/Editor-5FlZhQpN.js s=200 d=71µs s=13509
INF http m=GET p=/assets/AdminDashboard-R0heLGro.css s=200 d=25µs s=601
INF http m=GET p=/assets/AdminDashboard-D3Sw1IyX.js s=200 d=27µs s=2075
INF http m=GET p=/manifest.webmanifest s=200 d=30µs s=199
INF http m=POST p=/api/v1/organizations/441O55AJO000/workspaces s=200 d=291ms s=299
INF http m=POST p=/api/v1/workspaces/441O517OE000/nodes/0/page/create s=200 d=243ms s=26
INF http m=GET p=/w/@441O517OE000+workspace/@441O545LO000+welcome s=200 d=33µs s=542
INF http m=GET p=/api/v1/workspaces/441O517OE000/events s=200 d=585ms s=230
INF http m=POST p=/api/v1/auth/switch-workspace s=200 d=36.9ms s=566
INF http m=GET p=/api/v1/notifications/unread-count s=200 d=607µs s=25
INF http m=GET p=/api/v1/workspaces/441O55OIS000/nodes/0/children s=200 d=852µs s=26
INF http m=GET p=/api/v1/workspaces/441O55OIS000/members s=200 d=700µs s=120
INF http m=GET p=/api/v1/auth/me s=200 d=237µs s=355
INF http m=POST p=/api/v1/workspaces/441O55OIS000/nodes/0/page/create s=200 d=24.3ms s=35
INF http m=GET p=/api/v1/workspaces/441O55OIS000/nodes/0/children s=200 d=390µs s=257
INF http m=GET p=/api/v1/workspaces/441O55OIS000/nodes/441O581E2000 s=200 d=313µs s=245
INF http m=GET p=/api/v1/notifications/unread-count s=200 d=188µs s=25
INF http m=GET p=/api/v1/workspaces/441O517OE000/members s=200 d=500µs s=119
INF http m=GET p=/api/v1/workspaces/441O517OE000/nodes/0/children s=200 d=897µs s=264
INF http m=GET p=/api/v1/workspaces/441O517OE000/nodes/441O545LO000 s=200 d=696µs s=245
INF http m=GET p=/api/v1/workspaces/441O517OE000/nodes/441O562TU000 s=200 d=381µs s=155
INF http m=GET p=/api/v1/workspaces/441O517OE000/events s=200 d=205ms s=93
INF http m=POST p=/api/v1/workspaces/441O55OIS000/nodes/0/page/create s=200 d=23ms s=26
INF http m=GET p=/w/@441O55OIS000+workspace/@441O581E2000+welcome s=200 d=51µs s=542
INF http m=GET p=/api/v1/workspaces/441O55OIS000/events s=200 d=493ms s=226
INF http m=POST p=/api/v1/auth/register s=200 d=133ms s=404
INF http m=GET p=/ s=200 d=63µs s=542
INF http m=GET p=/api/v1/auth/me s=200 d=2.62ms s=355
INF http m=GET p=/assets/index-SHhnYNGf.js s=200 d=509µs s=49792
INF http m=GET p=/assets/index-DPQ8uk7g.css s=200 d=182µs s=12402
INF http m=GET p=/assets/editor-vendor-Bje_VwYD.js s=200 d=217µs s=117396
INF http m=GET p=/assets/vendor-C3WBU0hm.js s=200 d=153µs s=29762
INF http m=GET p=/registerSW.js s=200 d=40µs s=87
INF http m=GET p=/api/v1/notifications/unread-count s=200 d=197µs s=25
INF http m=GET p=/api/v1/workspaces/441O55OIS000/nodes/0/children s=200 d=19.5ms s=268
INF http m=GET p=/api/v1/workspaces/441O55OIS000/members s=200 d=18.3ms s=120
INF http m=GET p=/api/v1/workspaces/441O55OIS000/nodes/441O581E2000 s=200 d=42.5ms s=245
INF http m=GET p=/api/v1/workspaces/441O55OIS000/nodes/441O5AJTO000 s=200 d=344µs s=160
INF http m=GET p=/assets/en-BOb8f2G7.js s=200 d=128µs s=5207
INF http m=GET p=/api/v1/auth/me s=200 d=1.94ms s=171
INF http m=GET p=/api/v1/notifications/unread-count s=200 d=279µs s=25
INF http m=GET p=/sw.js s=200 d=120µs s=5540
INF http m=GET p=/favicon.png s=200 d=45µs s=449
INF http m=POST p=/api/v1/organizations s=200 d=67.1ms s=354
INF http m=GET p=/registerSW.js s=200 d=50µs s=87
INF http m=GET p=/api/v1/auth/me s=200 d=1.05ms s=255
INF http m=GET p=/index.html s=200 d=31µs s=542
INF http m=GET p=/icon.svg s=200 d=39µs s=195
INF http m=GET p=/icon-512.png s=200 d=87µs s=6498
INF http m=GET p=/icon-192.png s=200 d=32µs s=2468
INF http m=GET p=/favicon.png s=200 d=39µs s=449
INF http m=GET p=/apple-touch-icon.png s=200 d=42µs s=2298
INF http m=GET p=/assets/material-symbols-names-mOXCVt15.js s=200 d=119µs s=15793
INF http m=GET p=/assets/fr-CgauyyXq.js s=200 d=148µs s=6301
INF http m=GET p=/assets/es-DHO8DnB9.js s=200 d=101µs s=6015
INF http m=GET p=/assets/emoji-groups-tsNE8Axz.js s=200 d=397µs s=13852
INF http m=GET p=/api/v1/workspaces/441O55OIS000/events s=200 d=349ms s=93
INF http m=GET p=/assets/de-qJeflSp6.js s=200 d=97µs s=6245
INF http m=GET p=/assets/WorkspaceSettingsPanel-CsUOm22X.css s=200 d=47µs s=1025
INF http m=GET p=/assets/WorkspaceSettingsPanel-CM5oaFTF.js s=200 d=94µs s=4443
INF http m=GET p=/assets/ServerSettingsPanel-pbgISWIv.css s=200 d=50µs s=596
INF http m=GET p=/assets/ServerSettingsPanel-C8C6nm9a.js s=200 d=62µs s=2550
INF http m=GET p=/assets/ResourceQuotaForm-DTSj8Ta5.css s=200 d=30µs s=302
INF http m=GET p=/assets/ResourceQuotaForm-D6gJNn3N.js s=200 d=95µs s=812
INF http m=GET p=/assets/ProfileSettings-rthGIjGN.js s=200 d=66µs s=4319
INF http m=GET p=/assets/ProfileSettings-D5kbNfHV.css s=200 d=47µs s=1220
INF http m=GET p=/assets/OrgSettingsPanel-BP8s6T0h.css s=200 d=30µs s=511
INF http m=GET p=/assets/OrgSettingsPanel-B78NX7Vn.js s=200 d=49µs s=2302
INF http m=GET p=/assets/InviteForm-R7w4u6kW.js s=200 d=46µs s=1267
INF http m=GET p=/assets/InviteForm-CW-wgFWD.css s=200 d=82µs s=414
INF http m=GET p=/assets/Editor-BYBWY7b1.css s=200 d=56µs s=2240
INF http m=GET p=/assets/Editor-5FlZhQpN.js s=200 d=105µs s=13509
INF http m=GET p=/assets/AdminDashboard-R0heLGro.css s=200 d=45µs s=601
INF http m=GET p=/assets/AdminDashboard-D3Sw1IyX.js s=200 d=59µs s=2075
INF http m=GET p=/manifest.webmanifest s=200 d=58µs s=199
INF http m=POST p=/api/v1/organizations/441O5D0G8000/workspaces s=200 d=396ms s=302
INF http m=POST p=/api/v1/auth/switch-workspace s=200 d=37.4ms s=569
INF http m=GET p=/api/v1/notifications/unread-count s=200 d=239µs s=25
INF http m=GET p=/api/v1/workspaces/441O5DGFM000/nodes/0/children s=200 d=1.84ms s=26
INF http m=GET p=/api/v1/workspaces/441O5DGFM000/members s=200 d=5.46ms s=121
INF http m=POST p=/api/v1/auth/register s=200 d=142ms s=409
INF http m=GET p=/ s=200 d=66µs s=542
INF http m=GET p=/assets/index-DPQ8uk7g.css s=200 d=145µs s=12402
INF http m=GET p=/assets/editor-vendor-Bje_VwYD.js s=200 d=193µs s=117396
INF http m=GET p=/assets/index-SHhnYNGf.js s=200 d=98µs s=49792
INF http m=GET p=/registerSW.js s=200 d=30µs s=87
INF http m=GET p=/assets/vendor-C3WBU0hm.js s=200 d=102µs s=29762
INF http m=POST p=/api/v1/workspaces/441O5DGFM000/nodes/0/page/create s=200 d=42.2ms s=35
INF http m=GET p=/api/v1/workspaces/441O5DGFM000/nodes/0/children s=200 d=1.38ms s=257
INF http m=GET p=/api/v1/workspaces/441O5DGFM000/nodes/441O5GH7M000 s=200 d=756µs s=245
INF http m=GET p=/api/v1/auth/me s=200 d=716µs s=171
INF http m=GET p=/assets/en-BOb8f2G7.js s=200 d=150µs s=5207
INF http m=GET p=/api/v1/notifications/unread-count s=200 d=176µs s=25
INF http m=GET p=/favicon.png s=200 d=37µs s=449
INF http m=GET p=/sw.js s=200 d=79µs s=5540
INF http m=GET p=/registerSW.js s=200 d=43µs s=87
INF http m=GET p=/index.html s=200 d=52µs s=542
INF http m=GET p=/icon.svg s=200 d=37µs s=195
INF http m=GET p=/icon-512.png s=200 d=88µs s=6498
INF http m=POST p=/api/v1/organizations s=200 d=69.8ms s=358
INF http m=GET p=/icon-192.png s=200 d=56µs s=2468
INF http m=GET p=/api/v1/auth/me s=200 d=772µs s=256
INF http m=GET p=/favicon.png s=200 d=36µs s=449
INF http m=GET p=/apple-touch-icon.png s=200 d=88µs s=2298
INF http m=GET p=/assets/material-symbols-names-mOXCVt15.js s=200 d=134µs s=15793
INF http m=GET p=/assets/fr-CgauyyXq.js s=200 d=115µs s=6301
INF http m=GET p=/assets/es-DHO8DnB9.js s=200 d=146µs s=6015
INF http m=GET p=/assets/emoji-groups-tsNE8Axz.js s=200 d=97µs s=13852
INF http m=GET p=/assets/de-qJeflSp6.js s=200 d=221µs s=6245
INF http m=GET p=/assets/WorkspaceSettingsPanel-CsUOm22X.css s=200 d=36µs s=1025
INF http m=GET p=/assets/WorkspaceSettingsPanel-CM5oaFTF.js s=200 d=69µs s=4443
INF http m=GET p=/assets/ServerSettingsPanel-pbgISWIv.css s=200 d=30µs s=596
INF http m=GET p=/assets/ServerSettingsPanel-C8C6nm9a.js s=200 d=47µs s=2550
INF http m=GET p=/assets/ResourceQuotaForm-DTSj8Ta5.css s=200 d=29µs s=302
INF http m=GET p=/assets/ResourceQuotaForm-D6gJNn3N.js s=200 d=29µs s=812
INF http m=GET p=/assets/ProfileSettings-rthGIjGN.js s=200 d=66µs s=4319
INF http m=GET p=/assets/ProfileSettings-D5kbNfHV.css s=200 d=52µs s=1220
INF http m=GET p=/assets/OrgSettingsPanel-BP8s6T0h.css s=200 d=18µs s=511
INF http m=GET p=/assets/OrgSettingsPanel-B78NX7Vn.js s=200 d=34µs s=2302
INF http m=GET p=/assets/InviteForm-R7w4u6kW.js s=200 d=27µs s=1267
INF http m=GET p=/assets/InviteForm-CW-wgFWD.css s=200 d=22µs s=414
INF http m=GET p=/assets/Editor-BYBWY7b1.css s=200 d=36µs s=2240
INF http m=GET p=/assets/Editor-5FlZhQpN.js s=200 d=68µs s=13509
INF http m=GET p=/assets/AdminDashboard-R0heLGro.css s=200 d=23µs s=601
INF http m=GET p=/assets/AdminDashboard-D3Sw1IyX.js s=200 d=31µs s=2075
INF http m=GET p=/manifest.webmanifest s=200 d=30µs s=199
INF http m=POST p=/api/v1/workspaces/441O5DGFM000/nodes/0/page/create s=200 d=229ms s=26
INF http m=POST p=/api/v1/organizations/441O5HMNE000/workspaces s=200 d=279ms s=307
INF http m=GET p=/w/@441O5DGFM000+workspace/@441O5GH7M000+welcome s=200 d=60µs s=542
INF http m=GET p=/api/v1/workspaces/441O5DGFM000/events s=200 d=596ms s=228
INF http m=POST p=/api/v1/auth/switch-workspace s=200 d=36.8ms s=680
INF http m=GET p=/api/v1/notifications/unread-count s=200 d=652µs s=25
INF http m=GET p=/api/v1/auth/me s=200 d=841µs s=355
INF http m=GET p=/api/v1/workspaces/441O5I72O000/members s=200 d=591µs s=123
INF http m=GET p=/api/v1/workspaces/441O5I72O000/nodes/0/children s=200 d=421µs s=26
INF http m=GET p=/api/v1/workspaces/441O5DGFM000/members s=200 d=229µs s=121
INF http m=GET p=/api/v1/workspaces/441O5DGFM000/nodes/441O5GH7M000 s=200 d=258µs s=245
INF http m=GET p=/api/v1/notifications/unread-count s=200 d=118µs s=25
INF http m=GET p=/api/v1/workspaces/441O5DGFM000/nodes/0/children s=200 d=290µs s=268
INF http m=POST p=/api/v1/workspaces/441O5I72O000/nodes/0/page/create s=200 d=25.7ms s=35
INF http m=GET p=/api/v1/workspaces/441O5I72O000/nodes/0/children s=200 d=357µs s=257
INF http m=GET p=/api/v1/workspaces/441O5I72O000/nodes/441O5KD1E000 s=200 d=303µs s=245
INF http m=GET p=/api/v1/workspaces/441O5DGFM000/nodes/441O5IFPS000 s=200 d=361µs s=162
INF http m=GET p=/api/v1/workspaces/441O5DGFM000/events s=200 d=240ms s=93
INF http m=POST p=/api/v1/workspaces/441O5I72O000/nodes/0/page/create s=200 d=33.2ms s=26
INF http m=GET p=/w/@441O5I72O000+workspace/@441O5KD1E000+welcome s=200 d=71µs s=542
INF http m=GET p=/api/v1/workspaces/441O5I72O000/events s=200 d=490ms s=228
INF http m=POST p=/api/v1/auth/register s=200 d=144ms s=402
INF http m=GET p=/api/v1/auth/me s=200 d=329µs s=356
INF http m=GET p=/ s=200 d=66µs s=542
INF http m=GET p=/api/v1/notifications/unread-count s=200 d=173µs s=25
INF http m=GET p=/api/v1/workspaces/441O5I72O000/nodes/0/children s=200 d=636µs s=264
INF http m=GET p=/api/v1/workspaces/441O5I72O000/nodes/441O5KD1E000 s=200 d=666µs s=245
INF http m=GET p=/api/v1/workspaces/441O5I72O000/members s=200 d=684µs s=123
INF http m=GET p=/assets/index-DPQ8uk7g.css s=200 d=240µs s=12402
INF http m=GET p=/assets/editor-vendor-Bje_VwYD.js s=200 d=298µs s=117396
INF http m=GET p=/registerSW.js s=200 d=28µs s=87
INF http m=GET p=/assets/index-SHhnYNGf.js s=200 d=133µs s=49792
INF http m=GET p=/assets/vendor-C3WBU0hm.js s=200 d=221µs s=29762
INF http m=GET p=/api/v1/workspaces/441O5I72O000/nodes/441O5MTES000 s=200 d=402µs s=157
INF http m=GET p=/api/v1/auth/me s=200 d=261µs s=169
INF http m=GET p=/assets/en-BOb8f2G7.js s=200 d=108µs s=5207
INF http m=GET p=/api/v1/notifications/unread-count s=200 d=203µs s=25
INF http m=GET p=/favicon.png s=200 d=46µs s=449
INF http m=GET p=/sw.js s=200 d=122µs s=5540
INF http m=GET p=/registerSW.js s=200 d=37µs s=87
INF http m=POST p=/api/v1/organizations s=200 d=66.3ms s=352
INF http m=GET p=/index.html s=200 d=44µs s=542
INF http m=GET p=/api/v1/auth/me s=200 d=354µs s=252
INF http m=GET p=/icon.svg s=200 d=37µs s=195
INF http m=GET p=/icon-512.png s=200 d=88µs s=6498
INF http m=GET p=/icon-192.png s=200 d=48µs s=2468
INF http m=GET p=/favicon.png s=200 d=46µs s=449
INF http m=GET p=/apple-touch-icon.png s=200 d=38µs s=2298
INF http m=GET p=/assets/material-symbols-names-mOXCVt15.js s=200 d=226µs s=15793
INF http m=GET p=/assets/fr-CgauyyXq.js s=200 d=88µs s=6301
INF http m=GET p=/assets/es-DHO8DnB9.js s=200 d=88µs s=6015
INF http m=GET p=/assets/emoji-groups-tsNE8Axz.js s=200 d=92µs s=13852
INF http m=GET p=/assets/de-qJeflSp6.js s=200 d=210µs s=6245
INF http m=GET p=/assets/WorkspaceSettingsPanel-CsUOm22X.css s=200 d=40µs s=1025
INF http m=GET p=/assets/WorkspaceSettingsPanel-CM5oaFTF.js s=200 d=188µs s=4443
INF http m=GET p=/assets/ServerSettingsPanel-pbgISWIv.css s=200 d=39µs s=596
INF http m=GET p=/assets/ServerSettingsPanel-C8C6nm9a.js s=200 d=40µs s=2550
INF http m=GET p=/assets/ResourceQuotaForm-DTSj8Ta5.css s=200 d=33µs s=302
INF http m=GET p=/assets/ResourceQuotaForm-D6gJNn3N.js s=200 d=29µs s=812
INF http m=GET p=/assets/ProfileSettings-rthGIjGN.js s=200 d=77µs s=4319
INF http m=GET p=/assets/ProfileSettings-D5kbNfHV.css s=200 d=32µs s=1220
INF http m=GET p=/assets/OrgSettingsPanel-BP8s6T0h.css s=200 d=29µs s=511
INF http m=GET p=/assets/OrgSettingsPanel-B78NX7Vn.js s=200 d=41µs s=2302
INF http m=GET p=/assets/InviteForm-R7w4u6kW.js s=200 d=29µs s=1267
INF http m=GET p=/assets/InviteForm-CW-wgFWD.css s=200 d=27µs s=414
INF http m=GET p=/assets/Editor-BYBWY7b1.css s=200 d=38µs s=2240
INF http m=GET p=/assets/Editor-5FlZhQpN.js s=200 d=75µs s=13509
INF http m=GET p=/assets/AdminDashboard-R0heLGro.css s=200 d=34µs s=601
INF http m=GET p=/assets/AdminDashboard-D3Sw1IyX.js s=200 d=42µs s=2075
INF http m=GET p=/manifest.webmanifest s=200 d=26µs s=199
INF http m=POST p=/api/v1/organizations/441O5P80K000/workspaces s=200 d=306ms s=297
INF http m=POST p=/api/v1/auth/switch-workspace s=200 d=27.3ms s=568
INF http m=GET p=/api/v1/notifications/unread-count s=200 d=261µs s=25
INF http m=GET p=/api/v1/workspaces/441O5POAO000/nodes/0/children s=200 d=313µs s=26
INF http m=GET p=/api/v1/workspaces/441O5POAO000/members s=200 d=180µs s=119
INF http m=POST p=/api/v1/workspaces/441O5POAO000/nodes/0/page/create s=200 d=23.1ms s=35
INF http m=GET p=/api/v1/workspaces/441O5POAO000/nodes/0/children s=200 d=320µs s=257
INF http m=GET p=/api/v1/workspaces/441O5POAO000/nodes/441O5RTEE000 s=200 d=199µs s=245
INF http m=POST p=/api/v1/workspaces/441O5POAO000/nodes/0/page/create s=200 d=19.2ms s=26
INF http m=GET p=/w/@441O5POAO000+workspace/@441O5RTEE000+welcome s=200 d=39µs s=542
INF http m=GET p=/api/v1/workspaces/441O5POAO000/events s=200 d=464ms s=232
INF http m=GET p=/api/v1/auth/me s=200 d=277µs s=353
INF http m=GET p=/api/v1/workspaces/441O5I72O000/events s=200 d=1.13s s=93
INF http m=GET p=/api/v1/notifications/unread-count s=200 d=176µs s=25
INF http m=GET p=/api/v1/workspaces/441O5POAO000/nodes/0/children s=200 d=316µs s=249
INF http m=GET p=/api/v1/workspaces/441O5POAO000/members s=200 d=562µs s=119
INF http m=GET p=/api/v1/workspaces/441O5POAO000/nodes/441O5RTEE000 s=200 d=813µs s=245
INF http m=GET p=/api/v1/workspaces/441O5POAO000/nodes/441O5UHO6000 s=200 d=2.53ms s=140
INF http m=POST p=/api/v1/auth/register s=200 d=152ms s=408
INF http m=GET p=/ s=200 d=60µs s=542
INF http m=GET p=/assets/index-SHhnYNGf.js s=200 d=154µs s=49792
INF http m=GET p=/assets/index-DPQ8uk7g.css s=200 d=98µs s=12402
INF http m=GET p=/assets/editor-vendor-Bje_VwYD.js s=200 d=173µs s=117396
INF http m=GET p=/api/v1/workspaces/441O5POAO000/events s=200 d=389ms s=93
INF http m=GET p=/registerSW.js s=200 d=46µs s=87
INF http m=GET p=/assets/vendor-C3WBU0hm.js s=200 d=100µs s=29762
INF http m=GET p=/api/v1/auth/me s=200 d=242µs s=172
INF http m=GET p=/assets/en-BOb8f2G7.js s=200 d=60µs s=5207
INF http m=GET p=/api/v1/notifications/unread-count s=200 d=196µs s=25
INF http m=GET p=/sw.js s=200 d=90µs s=5540
INF http m=GET p=/favicon.png s=200 d=35µs s=449
INF http m=GET p=/registerSW.js s=200 d=48µs s=87
INF http m=POST p=/api/v1/organizations s=200 d=81.3ms s=359
INF http m=GET p=/api/v1/auth/me s=200 d=232µs s=259
INF http m=GET p=/index.html s=200 d=40µs s=542
INF http m=GET p=/icon.svg s=200 d=36µs s=195
INF http m=GET p=/icon-512.png s=200 d=92µs s=6498
INF http m=GET p=/icon-192.png s=200 d=61µs s=2468
INF http m=GET p=/favicon.png s=200 d=41µs s=449
INF http m=GET p=/apple-touch-icon.png s=200 d=55µs s=2298
INF http m=GET p=/assets/material-symbols-names-mOXCVt15.js s=200 d=92µs s=15793
INF http m=GET p=/assets/fr-CgauyyXq.js s=200 d=85µs s=6301
INF http m=GET p=/assets/es-DHO8DnB9.js s=200 d=87µs s=6015
INF http m=GET p=/assets/emoji-groups-tsNE8Axz.js s=200 d=100µs s=13852
INF http m=GET p=/assets/de-qJeflSp6.js s=200 d=74µs s=6245
INF http m=GET p=/assets/WorkspaceSettingsPanel-CsUOm22X.css s=200 d=43µs s=1025
INF http m=GET p=/assets/WorkspaceSettingsPanel-CM5oaFTF.js s=200 d=988µs s=4443
INF http m=GET p=/assets/ServerSettingsPanel-pbgISWIv.css s=200 d=50µs s=596
INF http m=GET p=/assets/ServerSettingsPanel-C8C6nm9a.js s=200 d=56µs s=2550
INF http m=GET p=/assets/ResourceQuotaForm-DTSj8Ta5.css s=200 d=37µs s=302
INF http m=GET p=/assets/ResourceQuotaForm-D6gJNn3N.js s=200 d=41µs s=812
INF http m=GET p=/assets/ProfileSettings-rthGIjGN.js s=200 d=90µs s=4319
INF http m=GET p=/assets/ProfileSettings-D5kbNfHV.css s=200 d=46µs s=1220
INF http m=GET p=/assets/OrgSettingsPanel-BP8s6T0h.css s=200 d=41µs s=511
INF http m=GET p=/assets/OrgSettingsPanel-B78NX7Vn.js s=200 d=52µs s=2302
INF http m=GET p=/assets/InviteForm-R7w4u6kW.js s=200 d=34µs s=1267
INF http m=GET p=/assets/InviteForm-CW-wgFWD.css s=200 d=38µs s=414
INF http m=GET p=/assets/Editor-BYBWY7b1.css s=200 d=98µs s=2240
INF http m=GET p=/assets/Editor-5FlZhQpN.js s=200 d=117µs s=13509
INF http m=GET p=/assets/AdminDashboard-R0heLGro.css s=200 d=67µs s=601
INF http m=GET p=/assets/AdminDashboard-D3Sw1IyX.js s=200 d=53µs s=2075
INF http m=GET p=/manifest.webmanifest s=200 d=40µs s=199
INF http m=POST p=/api/v1/organizations/441O62KEM000/workspaces s=200 d=437ms s=306
INF http m=POST p=/api/v1/auth/register s=200 d=358ms s=417
INF http m=GET p=/ s=200 d=56µs s=542
INF http m=GET p=/assets/index-SHhnYNGf.js s=200 d=254µs s=49792
INF http m=GET p=/registerSW.js s=200 d=67µs s=87
INF http m=GET p=/assets/vendor-C3WBU0hm.js s=200 d=131µs s=29762
INF http m=GET p=/assets/editor-vendor-Bje_VwYD.js s=200 d=207µs s=117396
INF http m=GET p=/assets/index-DPQ8uk7g.css s=200 d=88µs s=12402
INF http m=POST p=/api/v1/auth/switch-workspace s=200 d=62.9ms s=573
INF http m=GET p=/api/v1/notifications/unread-count s=200 d=4.19ms s=25
INF http m=GET p=/api/v1/workspaces/441O6366M000/members s=200 d=4.98ms s=124
INF http m=GET p=/api/v1/workspaces/441O6366M000/nodes/0/children s=200 d=19.9ms s=26
INF http m=POST p=/api/v1/workspaces/441O6366M000/nodes/0/page/create s=200 d=26.9ms s=35
INF http m=GET p=/api/v1/workspaces/441O6366M000/nodes/0/children s=200 d=264µs s=257
INF http m=GET p=/api/v1/workspaces/441O6366M000/nodes/441O66IGM000 s=200 d=309µs s=245
INF http m=GET p=/api/v1/auth/me s=200 d=194µs s=175
INF http m=GET p=/assets/en-BOb8f2G7.js s=200 d=106µs s=5207
INF http m=GET p=/api/v1/notifications/unread-count s=200 d=199µs s=25
INF http m=GET p=/sw.js s=200 d=112µs s=5540
INF http m=GET p=/favicon.png s=200 d=44µs s=449
INF http m=GET p=/registerSW.js s=200 d=40µs s=87
INF http m=GET p=/index.html s=200 d=44µs s=542
INF http m=POST p=/api/v1/organizations s=200 d=58.5ms s=359
INF http m=GET p=/api/v1/auth/me s=200 d=260µs s=261
INF http m=GET p=/icon.svg s=200 d=29µs s=195
INF http m=GET p=/icon-512.png s=200 d=102µs s=6498
INF http m=GET p=/icon-192.png s=200 d=56µs s=2468
INF http m=GET p=/favicon.png s=200 d=32µs s=449
INF http m=GET p=/apple-touch-icon.png s=200 d=48µs s=2298
INF http m=GET p=/assets/material-symbols-names-mOXCVt15.js s=200 d=106µs s=15793
INF http m=GET p=/assets/fr-CgauyyXq.js s=200 d=78µs s=6301
INF http m=GET p=/assets/es-DHO8DnB9.js s=200 d=67µs s=6015
INF http m=GET p=/assets/emoji-groups-tsNE8Axz.js s=200 d=88µs s=13852
INF http m=GET p=/assets/de-qJeflSp6.js s=200 d=629µs s=6245
INF http m=GET p=/assets/WorkspaceSettingsPanel-CsUOm22X.css s=200 d=30µs s=1025
INF http m=GET p=/assets/WorkspaceSettingsPanel-CM5oaFTF.js s=200 d=66µs s=4443
INF http m=GET p=/assets/ServerSettingsPanel-pbgISWIv.css s=200 d=32µs s=596
INF http m=GET p=/assets/ServerSettingsPanel-C8C6nm9a.js s=200 d=35µs s=2550
INF http m=GET p=/assets/ResourceQuotaForm-DTSj8Ta5.css s=200 d=25µs s=302
INF http m=GET p=/assets/ResourceQuotaForm-D6gJNn3N.js s=200 d=25µs s=812
INF http m=GET p=/assets/ProfileSettings-rthGIjGN.js s=200 d=66µs s=4319
INF http m=GET p=/assets/ProfileSettings-D5kbNfHV.css s=200 d=31µs s=1220
INF http m=GET p=/assets/OrgSettingsPanel-BP8s6T0h.css s=200 d=30µs s=511
INF http m=GET p=/assets/OrgSettingsPanel-B78NX7Vn.js s=200 d=32µs s=2302
INF http m=GET p=/assets/InviteForm-R7w4u6kW.js s=200 d=37µs s=1267
INF http m=GET p=/assets/InviteForm-CW-wgFWD.css s=200 d=28µs s=414
INF http m=GET p=/assets/Editor-BYBWY7b1.css s=200 d=39µs s=2240
INF http m=GET p=/assets/Editor-5FlZhQpN.js s=200 d=536µs s=13509
INF http m=GET p=/assets/AdminDashboard-R0heLGro.css s=200 d=29µs s=601
INF http m=GET p=/assets/AdminDashboard-D3Sw1IyX.js s=200 d=33µs s=2075
INF http m=GET p=/manifest.webmanifest s=200 d=28µs s=199
INF http m=POST p=/api/v1/organizations/441O670HU000/workspaces s=200 d=269ms s=308
INF http m=POST p=/api/v1/workspaces/441O6366M000/nodes/0/page/create s=200 d=172ms s=26
INF http m=GET p=/w/@441O6366M000+workspace/@441O66IGM000+welcome s=200 d=39µs s=542
INF http m=GET p=/api/v1/workspaces/441O6366M000/events s=200 d=458ms s=227
INF http m=POST p=/api/v1/auth/switch-workspace s=200 d=43.5ms s=606
INF http m=GET p=/api/v1/notifications/unread-count s=200 d=193µs s=25
INF http m=GET p=/api/v1/workspaces/441O67DGC000/members s=200 d=198µs s=127
INF http m=GET p=/api/v1/workspaces/441O67DGC000/nodes/0/children s=200 d=277µs s=26
INF http m=GET p=/api/v1/auth/me s=200 d=278µs s=358
INF http m=POST p=/api/v1/workspaces/441O67DGC000/nodes/0/page/create s=200 d=22.9ms s=35
INF http m=GET p=/api/v1/notifications/unread-count s=200 d=209µs s=25
INF http m=GET p=/api/v1/workspaces/441O67DGC000/nodes/0/children s=200 d=243µs s=257
INF http m=GET p=/api/v1/workspaces/441O6366M000/nodes/0/children s=200 d=833µs s=268
INF http m=GET p=/api/v1/workspaces/441O6366M000/members s=200 d=2.47ms s=124
INF http m=GET p=/api/v1/workspaces/441O67DGC000/nodes/441O69K3Q000 s=200 d=712µs s=245
INF http m=GET p=/api/v1/workspaces/441O6366M000/nodes/441O66IGM000 s=200 d=1.56ms s=245
INF http m=GET p=/api/v1/workspaces/441O6366M000/nodes/441O681UM000 s=200 d=1.33ms s=167
INF http m=GET p=/api/v1/workspaces/441O6366M000/events s=200 d=138ms s=93
INF http m=POST p=/api/v1/auth/register s=200 d=110ms s=413
INF http m=GET p=/ s=200 d=57µs s=542
INF http m=POST p=/api/v1/workspaces/441O67DGC000/nodes/0/page/create s=200 d=28ms s=26
INF http m=GET p=/w/@441O67DGC000+workspace/@441O69K3Q000+welcome s=200 d=51µs s=542
INF http m=GET p=/assets/index-SHhnYNGf.js s=200 d=152µs s=49792
INF http m=GET p=/assets/index-DPQ8uk7g.css s=200 d=138µs s=12402
INF http m=GET p=/assets/editor-vendor-Bje_VwYD.js s=200 d=223µs s=117396
INF http m=GET p=/api/v1/workspaces/441O67DGC000/events s=200 d=516ms s=230
INF http m=GET p=/registerSW.js s=200 d=59µs s=87
INF http m=GET p=/assets/vendor-C3WBU0hm.js s=200 d=102µs s=29762
INF http m=GET p=/api/v1/auth/me s=200 d=261µs s=364
INF http m=GET p=/assets/en-BOb8f2G7.js s=200 d=108µs s=5207
INF http m=GET p=/api/v1/auth/me s=200 d=274µs s=174
INF http m=GET p=/api/v1/notifications/unread-count s=200 d=195µs s=25
INF http m=GET p=/api/v1/workspaces/441O67DGC000/nodes/0/children s=200 d=609µs s=267
INF http m=GET p=/api/v1/workspaces/441O67DGC000/members s=200 d=629µs s=127
INF http m=GET p=/api/v1/workspaces/441O67DGC000/nodes/441O69K3Q000 s=200 d=670µs s=245
INF http m=GET p=/api/v1/notifications/unread-count s=200 d=402µs s=25
INF http m=GET p=/favicon.png s=200 d=51µs s=449
INF http m=GET p=/sw.js s=200 d=119µs s=5540
INF http m=GET p=/registerSW.js s=200 d=38µs s=87
INF http m=GET p=/index.html s=200 d=39µs s=542
INF http m=POST p=/api/v1/organizations s=200 d=73.4ms s=359
INF http m=GET p=/api/v1/auth/me s=200 d=257µs s=258
INF http m=GET p=/icon.svg s=200 d=40µs s=195
INF http m=GET p=/api/v1/workspaces/441O67DGC000/nodes/441O6C880000 s=200 d=239µs s=151
INF http m=GET p=/icon-512.png s=200 d=104µs s=6498
INF http m=GET p=/icon-192.png s=200 d=60µs s=2468
INF http m=GET p=/favicon.png s=200 d=36µs s=449
INF http m=GET p=/apple-touch-icon.png s=200 d=58µs s=2298
INF http m=GET p=/assets/material-symbols-names-mOXCVt15.js s=200 d=96µs s=15793
INF http m=GET p=/assets/fr-CgauyyXq.js s=200 d=89µs s=6301
INF http m=GET p=/assets/es-DHO8DnB9.js s=200 d=78µs s=6015
INF http m=GET p=/assets/emoji-groups-tsNE8Axz.js s=200 d=1.15ms s=13852
INF http m=GET p=/api/v1/workspaces/441O67DGC000/events s=200 d=250ms s=93
INF http m=GET p=/assets/de-qJeflSp6.js s=200 d=411µs s=6245
INF http m=GET p=/assets/WorkspaceSettingsPanel-CsUOm22X.css s=200 d=42µs s=1025
INF http m=GET p=/assets/WorkspaceSettingsPanel-CM5oaFTF.js s=200 d=86µs s=4443
INF http m=GET p=/assets/ServerSettingsPanel-pbgISWIv.css s=200 d=63µs s=596
INF http m=GET p=/assets/ServerSettingsPanel-C8C6nm9a.js s=200 d=62µs s=2550
INF http m=GET p=/assets/ResourceQuotaForm-DTSj8Ta5.css s=200 d=45µs s=302
INF http m=GET p=/assets/ResourceQuotaForm-D6gJNn3N.js s=200 d=43µs s=812
INF http m=GET p=/assets/ProfileSettings-rthGIjGN.js s=200 d=76µs s=4319
INF http m=GET p=/assets/ProfileSettings-D5kbNfHV.css s=200 d=43µs s=1220
INF http m=GET p=/assets/OrgSettingsPanel-BP8s6T0h.css s=200 d=35µs s=511
INF http m=GET p=/assets/OrgSettingsPanel-B78NX7Vn.js s=200 d=71µs s=2302
INF http m=GET p=/assets/InviteForm-R7w4u6kW.js s=200 d=33µs s=1267
INF http m=GET p=/assets/InviteForm-CW-wgFWD.css s=200 d=45µs s=414
INF http m=GET p=/assets/Editor-BYBWY7b1.css s=200 d=96µs s=2240
INF http m=GET p=/assets/Editor-5FlZhQpN.js s=200 d=166µs s=13509
INF http m=GET p=/assets/AdminDashboard-R0heLGro.css s=200 d=44µs s=601
INF http m=GET p=/assets/AdminDashboard-D3Sw1IyX.js s=200 d=53µs s=2075
INF http m=GET p=/manifest.webmanifest s=200 d=36µs s=199
INF http m=POST p=/api/v1/organizations/441O6DS1S000/workspaces s=200 d=468ms s=306
INF http m=POST p=/api/v1/auth/register s=200 d=158ms s=400
INF http m=GET p=/ s=200 d=57µs s=542
INF http m=GET p=/assets/index-SHhnYNGf.js s=200 d=165µs s=49792
INF http m=GET p=/assets/index-DPQ8uk7g.css s=200 d=93µs s=12402
INF http m=GET p=/assets/editor-vendor-Bje_VwYD.js s=200 d=160µs s=117396
INF http m=GET p=/assets/vendor-C3WBU0hm.js s=200 d=980µs s=29762
INF http m=GET p=/registerSW.js s=200 d=43µs s=87
INF http m=POST p=/api/v1/auth/switch-workspace s=200 d=83ms s=577
INF http m=GET p=/api/v1/notifications/unread-count s=200 d=255µs s=25
INF http m=GET p=/api/v1/workspaces/441O6ECQI000/members s=200 d=3.43ms s=125
INF http m=GET p=/api/v1/workspaces/441O6ECQI000/nodes/0/children s=200 d=5.64ms s=26
INF http m=GET p=/api/v1/auth/me s=200 d=226µs s=167
INF http m=GET p=/assets/en-BOb8f2G7.js s=200 d=97µs s=5207
INF http m=POST p=/api/v1/workspaces/441O6ECQI000/nodes/0/page/create s=200 d=27.7ms s=35
INF http m=GET p=/api/v1/workspaces/441O6ECQI000/nodes/0/children s=200 d=538µs s=257
INF http m=GET p=/api/v1/notifications/unread-count s=200 d=144µs s=25
INF http m=GET p=/favicon.png s=200 d=33µs s=449
INF http m=GET p=/api/v1/workspaces/441O6ECQI000/nodes/441O6I85C000 s=200 d=770µs s=245
INF http m=GET p=/sw.js s=200 d=128µs s=5540
INF http m=GET p=/registerSW.js s=200 d=50µs s=87
INF http m=GET p=/index.html s=200 d=45µs s=542
INF http m=GET p=/icon.svg s=200 d=43µs s=195
INF http m=GET p=/icon-512.png s=200 d=155µs s=6498
INF http m=POST p=/api/v1/organizations s=200 d=89.5ms s=353
INF http m=GET p=/api/v1/auth/me s=200 d=204µs s=254
INF http m=GET p=/icon-192.png s=200 d=69µs s=2468
INF http m=GET p=/favicon.png s=200 d=36µs s=449
INF http m=GET p=/apple-touch-icon.png s=200 d=45µs s=2298
INF http m=GET p=/assets/material-symbols-names-mOXCVt15.js s=200 d=123µs s=15793
INF http m=GET p=/assets/fr-CgauyyXq.js s=200 d=95µs s=6301
INF http m=GET p=/assets/es-DHO8DnB9.js s=200 d=82µs s=6015
INF http m=GET p=/assets/emoji-groups-tsNE8Axz.js s=200 d=109µs s=13852
INF http m=GET p=/assets/de-qJeflSp6.js s=200 d=95µs s=6245
INF http m=GET p=/assets/WorkspaceSettingsPanel-CsUOm22X.css s=200 d=39µs s=1025
INF http m=GET p=/assets/WorkspaceSettingsPanel-CM5oaFTF.js s=200 d=87µs s=4443
INF http m=GET p=/assets/ServerSettingsPanel-pbgISWIv.css s=200 d=25µs s=596
INF http m=GET p=/assets/ServerSettingsPanel-C8C6nm9a.js s=200 d=33µs s=2550
INF http m=GET p=/assets/ResourceQuotaForm-DTSj8Ta5.css s=200 d=25µs s=302
INF http m=GET p=/assets/ResourceQuotaForm-D6gJNn3N.js s=200 d=26µs s=812
INF http m=GET p=/assets/ProfileSettings-rthGIjGN.js s=200 d=59µs s=4319
INF http m=GET p=/assets/ProfileSettings-D5kbNfHV.css s=200 d=23µs s=1220
INF http m=GET p=/assets/OrgSettingsPanel-BP8s6T0h.css s=200 d=27µs s=511
INF http m=GET p=/assets/OrgSettingsPanel-B78NX7Vn.js s=200 d=56µs s=2302
INF http m=GET p=/assets/InviteForm-R7w4u6kW.js s=200 d=29µs s=1267
INF http m=GET p=/assets/InviteForm-CW-wgFWD.css s=200 d=32µs s=414
INF http m=GET p=/assets/Editor-BYBWY7b1.css s=200 d=33µs s=2240
INF http m=GET p=/assets/Editor-5FlZhQpN.js s=200 d=80µs s=13509
INF http m=GET p=/assets/AdminDashboard-R0heLGro.css s=200 d=26µs s=601
INF http m=GET p=/assets/AdminDashboard-D3Sw1IyX.js s=200 d=32µs s=2075
INF http m=GET p=/manifest.webmanifest s=200 d=25µs s=199
INF http m=POST p=/api/v1/organizations/441O6IGB6000/workspaces s=200 d=284ms s=301
INF http m=POST p=/api/v1/workspaces/441O6ECQI000/nodes/0/page/create s=200 d=270ms s=26
INF http m=GET p=/w/@441O6ECQI000+workspace/@441O6I85C000+welcome s=200 d=53µs s=542
INF http m=GET p=/api/v1/workspaces/441O6ECQI000/events s=200 d=465ms s=233
INF http m=POST p=/api/v1/auth/switch-workspace s=200 d=41.5ms s=574
INF http m=GET p=/api/v1/notifications/unread-count s=200 d=432µs s=25
INF http m=GET p=/api/v1/workspaces/441O6J3E6000/nodes/0/children s=200 d=520µs s=26
INF http m=GET p=/api/v1/workspaces/441O6J3E6000/members s=200 d=754µs s=130
INF http m=GET p=/api/v1/auth/me s=200 d=307µs s=363
INF http m=POST p=/api/v1/workspaces/441O6J3E6000/nodes/0/page/create s=200 d=27.3ms s=35
INF http m=GET p=/api/v1/workspaces/441O6J3E6000/nodes/0/children s=200 d=288µs s=257
INF http m=GET p=/api/v1/workspaces/441O6J3E6000/nodes/441O6L7LQ000 s=200 d=289µs s=245
INF http m=GET p=/api/v1/notifications/unread-count s=200 d=205µs s=25
INF http m=GET p=/api/v1/workspaces/441O6ECQI000/nodes/441O6I85C000 s=200 d=679µs s=245
INF http m=GET p=/api/v1/workspaces/441O6ECQI000/nodes/0/children s=200 d=1.06ms s=269
INF http m=GET p=/api/v1/workspaces/441O6ECQI000/members s=200 d=1.99ms s=125
INF http m=GET p=/api/v1/workspaces/441O6ECQI000/nodes/441O6J76A000 s=200 d=347µs s=160
INF http m=GET p=/api/v1/workspaces/441O6ECQI000/events s=200 d=114ms s=93
INF http m=POST p=/api/v1/auth/register s=200 d=115ms s=395
INF http m=GET p=/ s=200 d=58µs s=542
INF http m=GET p=/w/@441O6J3E6000/@nonexistent-page-id-12345 s=200 d=42µs s=542
INF http m=GET p=/api/v1/workspaces/441O6J3E6000/events s=200 d=479ms s=202
INF http m=GET p=/registerSW.js s=200 d=59µs s=87
INF http m=GET p=/assets/index-SHhnYNGf.js s=200 d=133µs s=49792
INF http m=GET p=/assets/vendor-C3WBU0hm.js s=200 d=127µs s=29762
INF http m=GET p=/assets/editor-vendor-Bje_VwYD.js s=200 d=154µs s=117396
INF http m=GET p=/assets/index-DPQ8uk7g.css s=200 d=90µs s=12402
INF http m=GET p=/api/v1/auth/me s=200 d=8.76ms s=356
INF http m=GET p=/api/v1/notifications/unread-count s=200 d=182µs s=25
ERR Handler error err="node not found" statusCode=404 code=NOT_FOUND
INF http m=GET p=/api/v1/workspaces/441O6J3E6000/members s=200 d=19.7ms s=130
INF http m=GET p=/api/v1/workspaces/441O6J3E6000/nodes/nonexistent-page-id-12345 s=404 d=21.5ms s=71
INF http m=GET p=/api/v1/workspaces/441O6J3E6000/nodes/0/children s=200 d=20.5ms s=257
ERR Handler error err="node not found" statusCode=404 code=NOT_FOUND
INF http m=GET p=/api/v1/workspaces/441O6J3E6000/nodes/nonexistent-page-id-12345 s=404 d=765µs s=71
ERR Handler error err="node not found" statusCode=404 code=NOT_FOUND
INF http m=GET p=/api/v1/workspaces/441O6J3E6000/nodes/nonexistent-page-id-12345 s=404 d=507µs s=71
ERR Handler error err="node not found" statusCode=404 code=NOT_FOUND
INF http m=GET p=/api/v1/workspaces/441O6J3E6000/nodes/nonexistent-page-id-12345 s=404 d=488µs s=71
INF http m=GET p=/api/v1/workspaces/441O6J3E6000/events s=200 d=47.1ms s=93
INF http m=GET p=/api/v1/auth/me s=200 d=694µs s=166
INF http m=GET p=/assets/en-BOb8f2G7.js s=200 d=102µs s=5207
INF http m=GET p=/api/v1/notifications/unread-count s=200 d=185µs s=25
INF http m=GET p=/favicon.png s=200 d=39µs s=449
INF http m=GET p=/sw.js s=200 d=182µs s=5540
INF http m=GET p=/registerSW.js s=200 d=38µs s=87
INF http m=GET p=/index.html s=200 d=41µs s=542
INF http m=GET p=/icon.svg s=200 d=39µs s=195
INF http m=POST p=/api/v1/organizations s=200 d=109ms s=352
INF http m=GET p=/api/v1/auth/me s=200 d=793µs s=251
INF http m=GET p=/icon-512.png s=200 d=122µs s=6498
INF http m=GET p=/icon-192.png s=200 d=125µs s=2468
INF http m=GET p=/favicon.png s=200 d=48µs s=449
INF http m=GET p=/apple-touch-icon.png s=200 d=59µs s=2298
INF http m=GET p=/assets/material-symbols-names-mOXCVt15.js s=200 d=131µs s=15793
INF http m=GET p=/privacy s=200 d=75µs s=542
INF http m=GET p=/assets/fr-CgauyyXq.js s=200 d=160µs s=6301
INF http m=GET p=/assets/index-SHhnYNGf.js s=200 d=185µs s=49792
INF http m=GET p=/assets/index-DPQ8uk7g.css s=200 d=136µs s=12402
INF http m=GET p=/registerSW.js s=200 d=52µs s=87
INF http m=GET p=/assets/vendor-C3WBU0hm.js s=200 d=181µs s=29762
INF http m=GET p=/assets/es-DHO8DnB9.js s=200 d=72µs s=6015
INF http m=GET p=/assets/editor-vendor-Bje_VwYD.js s=200 d=188µs s=117396
INF http m=GET p=/assets/emoji-groups-tsNE8Axz.js s=200 d=109µs s=13852
INF http m=GET p=/assets/de-qJeflSp6.js s=200 d=92µs s=6245
INF http m=GET p=/assets/en-BOb8f2G7.js s=200 d=100µs s=5207
INF http m=GET p=/assets/WorkspaceSettingsPanel-CsUOm22X.css s=200 d=28µs s=1025
INF http m=GET p=/assets/WorkspaceSettingsPanel-CM5oaFTF.js s=200 d=86µs s=4443
INF http m=GET p=/assets/ServerSettingsPanel-pbgISWIv.css s=200 d=51µs s=596
INF http m=GET p=/assets/ServerSettingsPanel-C8C6nm9a.js s=200 d=59µs s=2550
INF http m=GET p=/sw.js s=200 d=75µs s=5540
INF http m=GET p=/assets/ResourceQuotaForm-DTSj8Ta5.css s=200 d=33µs s=302
INF http m=GET p=/assets/ResourceQuotaForm-D6gJNn3N.js s=200 d=43µs s=812
INF http m=GET p=/assets/ProfileSettings-rthGIjGN.js s=200 d=78µs s=4319
INF http m=GET p=/assets/ProfileSettings-D5kbNfHV.css s=200 d=56µs s=1220
INF http m=GET p=/favicon.png s=200 d=67µs s=449
INF http m=GET p=/assets/OrgSettingsPanel-BP8s6T0h.css s=200 d=32µs s=511
INF http m=GET p=/registerSW.js s=200 d=35µs s=87
INF http m=GET p=/assets/OrgSettingsPanel-B78NX7Vn.js s=200 d=42µs s=2302
INF http m=GET p=/index.html s=200 d=46µs s=542
INF http m=GET p=/assets/InviteForm-R7w4u6kW.js s=200 d=47µs s=1267
INF http m=GET p=/icon.svg s=200 d=41µs s=195
INF http m=GET p=/assets/InviteForm-CW-wgFWD.css s=200 d=37µs s=414
INF http m=GET p=/assets/Editor-BYBWY7b1.css s=200 d=52µs s=2240
INF http m=GET p=/icon-512.png s=200 d=56µs s=6498
INF http m=GET p=/assets/Editor-5FlZhQpN.js s=200 d=172µs s=13509
INF http m=GET p=/assets/AdminDashboard-R0heLGro.css s=200 d=39µs s=601
INF http m=GET p=/assets/AdminDashboard-D3Sw1IyX.js s=200 d=86µs s=2075
INF http m=GET p=/manifest.webmanifest s=200 d=36µs s=199
INF http m=POST p=/api/v1/organizations/441O6PPKI000/workspaces s=200 d=504ms s=302
INF http m=GET p=/terms s=200 d=63µs s=542
INF http m=POST p=/api/v1/auth/switch-workspace s=200 d=75.3ms s=621
INF http m=GET p=/assets/index-SHhnYNGf.js s=200 d=167µs s=49792
INF http m=GET p=/assets/index-DPQ8uk7g.css s=200 d=141µs s=12402
INF http m=GET p=/assets/editor-vendor-Bje_VwYD.js s=200 d=233µs s=117396
INF http m=GET p=/registerSW.js s=200 d=35µs s=87
INF http m=GET p=/assets/vendor-C3WBU0hm.js s=200 d=135µs s=29762
INF http m=GET p=/api/v1/workspaces/441O6QI3M000/members s=200 d=769µs s=126
INF http m=GET p=/api/v1/notifications/unread-count s=200 d=10.5ms s=25
INF http m=GET p=/api/v1/workspaces/441O6QI3M000/nodes/0/children s=200 d=11.5ms s=26
INF http m=POST p=/api/v1/workspaces/441O6QI3M000/nodes/0/page/create s=200 d=42.4ms s=35
INF http m=GET p=/api/v1/workspaces/441O6QI3M000/nodes/0/children s=200 d=849µs s=257
INF http m=GET p=/api/v1/workspaces/441O6QI3M000/nodes/441O6UI5C000 s=200 d=882µs s=245
INF http m=GET p=/assets/en-BOb8f2G7.js s=200 d=172µs s=5207
INF http m=GET p=/sw.js s=200 d=88µs s=5540
INF http m=GET p=/favicon.png s=200 d=52µs s=449
INF http m=GET p=/registerSW.js s=200 d=35µs s=87
INF http m=GET p=/index.html s=200 d=40µs s=542
INF http m=GET p=/icon.svg s=200 d=45µs s=195
INF http m=GET p=/w/@invalid-workspace-12345/@some-page s=200 d=32µs s=542
INF http m=GET p=/icon-512.png s=200 d=110µs s=6498
INF http m=GET p=/api/v1/workspaces/441O6QI3M000/events s=200 d=212ms s=207
INF http m=GET p=/api/v1/auth/me s=200 d=872µs s=355
INF http m=GET p=/api/v1/notifications/unread-count s=200 d=241µs s=25
INF http m=GET p=/api/v1/workspaces/441O6QI3M000/nodes/0/children s=200 d=770µs s=257
ERR Handler error err="node not found" statusCode=404 code=NOT_FOUND
INF http m=GET p=/api/v1/workspaces/441O6QI3M000/nodes/some-page s=404 d=6.57ms s=71
INF http m=GET p=/api/v1/workspaces/441O6QI3M000/members s=200 d=1.11ms s=126
ERR Handler error err="node not found" statusCode=404 code=NOT_FOUND
INF http m=GET p=/api/v1/workspaces/441O6QI3M000/nodes/some-page s=404 d=7.15ms s=71
ERR Handler error err="node not found" statusCode=404 code=NOT_FOUND
INF http m=GET p=/api/v1/workspaces/441O6QI3M000/nodes/some-page s=404 d=313µs s=71
ERR Handler error err="node not found" statusCode=404 code=NOT_FOUND
INF http m=GET p=/api/v1/workspaces/441O6QI3M000/nodes/some-page s=404 d=327µs s=71
ERR Handler error err="node not found" statusCode=404 code=NOT_FOUND
INF http m=GET p=/api/v1/workspaces/441O6QI3M000/nodes/some-page s=404 d=693µs s=71
ERR Handler error err="node not found" statusCode=404 code=NOT_FOUND
INF http m=GET p=/api/v1/workspaces/441O6QI3M000/nodes/some-page s=404 d=738µs s=71
INF http m=GET p=/api/v1/workspaces/441O6QI3M000/events s=200 d=65.5ms s=93
INF http m=POST p=/api/v1/auth/register s=200 d=193ms s=396
INF http m=GET p=/ s=200 d=57µs s=542
INF http m=GET p=/registerSW.js s=200 d=61µs s=87
INF http m=GET p=/assets/vendor-C3WBU0hm.js s=200 d=146µs s=29762
INF http m=GET p=/assets/index-SHhnYNGf.js s=200 d=141µs s=49792
INF http m=GET p=/assets/editor-vendor-Bje_VwYD.js s=200 d=169µs s=117396
INF http m=GET p=/assets/index-DPQ8uk7g.css s=200 d=110µs s=12402
INF http m=GET p=/assets/en-BOb8f2G7.js s=200 d=91µs s=5207
INF http m=GET p=/api/v1/auth/me s=200 d=2.56ms s=168
INF http m=GET p=/favicon.png s=200 d=48µs s=449
INF http m=GET p=/api/v1/notifications/unread-count s=200 d=570µs s=25
INF http m=GET p=/sw.js s=200 d=103µs s=5540
INF http m=GET p=/registerSW.js s=200 d=41µs s=87
INF http m=GET p=/index.html s=200 d=49µs s=542
INF http m=POST p=/api/v1/organizations s=200 d=93.2ms s=351
INF http m=GET p=/icon.svg s=200 d=53µs s=195
INF http m=GET p=/api/v1/auth/me s=200 d=964µs s=250
INF http m=GET p=/icon-512.png s=200 d=68µs s=6498
INF http m=GET p=/icon-192.png s=200 d=82µs s=2468
INF http m=GET p=/favicon.png s=200 d=51µs s=449
INF http m=GET p=/apple-touch-icon.png s=200 d=48µs s=2298
INF http m=POST p=/api/v1/auth/register s=200 d=330ms s=399
INF http m=GET p=/ s=200 d=64µs s=542
INF http m=GET p=/assets/material-symbols-names-mOXCVt15.js s=200 d=118µs s=15793
INF http m=GET p=/assets/index-SHhnYNGf.js s=200 d=188µs s=49792
INF http m=GET p=/assets/index-DPQ8uk7g.css s=200 d=142µs s=12402
INF http m=GET p=/assets/editor-vendor-Bje_VwYD.js s=200 d=222µs s=117396
INF http m=GET p=/registerSW.js s=200 d=40µs s=87
INF http m=GET p=/assets/vendor-C3WBU0hm.js s=200 d=106µs s=29762
INF http m=GET p=/assets/fr-CgauyyXq.js s=200 d=95µs s=6301
INF http m=GET p=/assets/es-DHO8DnB9.js s=200 d=98µs s=6015
INF http m=GET p=/assets/emoji-groups-tsNE8Axz.js s=200 d=113µs s=13852
INF http m=GET p=/assets/de-qJeflSp6.js s=200 d=92µs s=6245
INF http m=GET p=/api/v1/auth/me s=200 d=283µs s=164
INF http m=GET p=/assets/en-BOb8f2G7.js s=200 d=77µs s=5207
INF http m=GET p=/assets/WorkspaceSettingsPanel-CsUOm22X.css s=200 d=51µs s=1025
INF http m=GET p=/api/v1/notifications/unread-count s=200 d=12.1ms s=25
INF http m=GET p=/assets/WorkspaceSettingsPanel-CM5oaFTF.js s=200 d=120µs s=4443
INF http m=GET p=/assets/ServerSettingsPanel-pbgISWIv.css s=200 d=46µs s=596
INF http m=GET p=/sw.js s=200 d=70µs s=5540
INF http m=GET p=/assets/ServerSettingsPanel-C8C6nm9a.js s=200 d=37µs s=2550
INF http m=GET p=/favicon.png s=200 d=46µs s=449
INF http m=GET p=/assets/ResourceQuotaForm-DTSj8Ta5.css s=200 d=33µs s=302
INF http m=GET p=/assets/ResourceQuotaForm-D6gJNn3N.js s=200 d=39µs s=812
INF http m=GET p=/registerSW.js s=200 d=25µs s=87
INF http m=GET p=/assets/ProfileSettings-rthGIjGN.js s=200 d=65µs s=4319
INF http m=GET p=/index.html s=200 d=32µs s=542
INF http m=GET p=/assets/ProfileSettings-D5kbNfHV.css s=200 d=27µs s=1220
INF http m=GET p=/assets/OrgSettingsPanel-BP8s6T0h.css s=200 d=29µs s=511
INF http m=GET p=/icon.svg s=200 d=23µs s=195
INF http m=GET p=/assets/OrgSettingsPanel-B78NX7Vn.js s=200 d=44µs s=2302
INF http m=GET p=/icon-512.png s=200 d=56µs s=6498
INF http m=GET p=/assets/InviteForm-R7w4u6kW.js s=200 d=36µs s=1267
INF http m=GET p=/icon-192.png s=200 d=36µs s=2468
INF http m=GET p=/favicon.png s=200 d=24µs s=449
INF http m=GET p=/assets/InviteForm-CW-wgFWD.css s=200 d=28µs s=414
INF http m=GET p=/apple-touch-icon.png s=200 d=39µs s=2298
INF http m=GET p=/assets/Editor-BYBWY7b1.css s=200 d=39µs s=2240
INF http m=GET p=/assets/Editor-5FlZhQpN.js s=200 d=110µs s=13509
INF http m=GET p=/assets/material-symbols-names-mOXCVt15.js s=200 d=63µs s=15793
INF http m=GET p=/assets/AdminDashboard-R0heLGro.css s=200 d=31µs s=601
INF http m=GET p=/assets/AdminDashboard-D3Sw1IyX.js s=200 d=46µs s=2075
INF http m=GET p=/manifest.webmanifest s=200 d=45µs s=199
INF http m=GET p=/assets/fr-CgauyyXq.js s=200 d=78µs s=6301
INF http m=GET p=/assets/es-DHO8DnB9.js s=200 d=63µs s=6015
INF http m=GET p=/assets/emoji-groups-tsNE8Axz.js s=200 d=95µs s=13852
INF http m=POST p=/api/v1/organizations/441O73QAI000/workspaces s=200 d=526ms s=297
INF http m=GET p=/assets/de-qJeflSp6.js s=200 d=760µs s=6245
INF http m=POST p=/api/v1/organizations s=200 d=220ms s=354
INF http m=GET p=/api/v1/auth/me s=200 d=1.36ms s=254
INF http m=GET p=/assets/WorkspaceSettingsPanel-CsUOm22X.css s=200 d=36µs s=1025
INF http m=GET p=/assets/WorkspaceSettingsPanel-CM5oaFTF.js s=200 d=87µs s=4443
INF http m=GET p=/assets/ServerSettingsPanel-pbgISWIv.css s=200 d=33µs s=596
INF http m=GET p=/assets/ServerSettingsPanel-C8C6nm9a.js s=200 d=38µs s=2550
INF http m=GET p=/assets/ResourceQuotaForm-DTSj8Ta5.css s=200 d=63µs s=302
INF http m=GET p=/assets/ResourceQuotaForm-D6gJNn3N.js s=200 d=33µs s=812
INF http m=GET p=/assets/ProfileSettings-rthGIjGN.js s=200 d=120µs s=4319
INF http m=POST p=/api/v1/auth/switch-workspace s=200 d=48.2ms s=580
INF http m=GET p=/assets/ProfileSettings-D5kbNfHV.css s=200 d=38µs s=1220
INF http m=GET p=/assets/OrgSettingsPanel-BP8s6T0h.css s=200 d=31µs s=511
INF http m=GET p=/assets/OrgSettingsPanel-B78NX7Vn.js s=200 d=78µs s=2302
INF http m=GET p=/api/v1/workspaces/441O74EEI000/nodes/0/children s=200 d=379µs s=26
INF http m=GET p=/api/v1/workspaces/441O74EEI000/members s=200 d=4.6ms s=132
INF http m=GET p=/assets/InviteForm-R7w4u6kW.js s=200 d=45µs s=1267
INF http m=GET p=/api/v1/notifications/unread-count s=200 d=12.4ms s=25
INF http m=GET p=/assets/InviteForm-CW-wgFWD.css s=200 d=37µs s=414
INF http m=GET p=/assets/Editor-BYBWY7b1.css s=200 d=108µs s=2240
INF http m=GET p=/assets/Editor-5FlZhQpN.js s=200 d=707µs s=13509
INF http m=GET p=/assets/AdminDashboard-R0heLGro.css s=200 d=31µs s=601
INF http m=GET p=/assets/AdminDashboard-D3Sw1IyX.js s=200 d=57µs s=2075
INF http m=GET p=/manifest.webmanifest s=200 d=31µs s=199
INF http m=POST p=/api/v1/organizations/441O76AQQ000/workspaces s=200 d=275ms s=303
INF http m=POST p=/api/v1/workspaces/441O74EEI000/nodes/0/page/create s=200 d=211ms s=35
INF http m=GET p=/api/v1/workspaces/441O74EEI000/nodes/0/children s=200 d=720µs s=243
INF http m=GET p=/api/v1/workspaces/441O74EEI000/nodes/441O785I2000 s=200 d=658µs s=245
INF http m=POST p=/api/v1/auth/switch-workspace s=200 d=41.1ms s=579
INF http m=POST p=/api/v1/workspaces/441O74EEI000/nodes/0/page/create s=200 d=42.8ms s=26
INF http m=GET p=/w/@441O74EEI000+workspace/@441O785I2000+welcome s=200 d=57µs s=542
INF http m=GET p=/api/v1/notifications/unread-count s=200 d=185µs s=25
INF http m=GET p=/api/v1/workspaces/441O77NP4000/nodes/0/children s=200 d=370µs s=26
INF http m=GET p=/api/v1/workspaces/441O74EEI000/events s=200 d=281ms s=228
INF http m=GET p=/api/v1/workspaces/441O77NP4000/members s=200 d=2.68ms s=117
INF http m=POST p=/api/v1/workspaces/441O77NP4000/nodes/0/page/create s=200 d=27.7ms s=35
INF http m=GET p=/api/v1/workspaces/441O77NP4000/nodes/0/children s=200 d=390µs s=257
INF http m=GET p=/api/v1/auth/me s=200 d=747µs s=350
INF http m=GET p=/api/v1/workspaces/441O77NP4000/nodes/441O79UTM000 s=200 d=636µs s=245
INF http m=GET p=/api/v1/workspaces/441O74EEI000/members s=200 d=579µs s=132
INF http m=GET p=/api/v1/workspaces/441O74EEI000/nodes/441O785I2000 s=200 d=569µs s=245
INF http m=GET p=/api/v1/workspaces/441O74EEI000/nodes/0/children s=200 d=676µs s=243
INF http m=GET p=/api/v1/notifications/unread-count s=200 d=3.61ms s=25
INF http m=GET p=/api/v1/workspaces/441O74EEI000/nodes/441O79F2K000 s=200 d=360µs s=161
INF http m=POST p=/api/v1/workspaces/441O77NP4000/nodes/0/page/create s=200 d=16.4ms s=26
INF http m=GET p=/w/@441O77NP4000/@441O7BKBU000 s=200 d=49µs s=542
INF http m=GET p=/api/v1/auth/me s=200 d=275µs s=358
INF http m=GET p=/api/v1/notifications/unread-count s=200 d=198µs s=25
INF http m=GET p=/api/v1/workspaces/441O77NP4000/nodes/441O7BKBU000 s=200 d=307µs s=137
INF http m=GET p=/api/v1/workspaces/441O77NP4000/nodes/0/children s=200 d=313µs s=253
INF http m=GET p=/api/v1/workspaces/441O77NP4000/members s=200 d=163µs s=117
INF http m=GET p=/w/@441O77NP4000+workspace/@441O79UTM000+welcome s=200 d=47µs s=542
INF http m=GET p=/api/v1/workspaces/441O77NP4000/events s=200 d=555ms s=227
INF http m=GET p=/api/v1/auth/me s=200 d=648µs s=358
INF http m=GET p=/api/v1/notifications/unread-count s=200 d=215µs s=25
INF http m=GET p=/api/v1/workspaces/441O77NP4000/nodes/0/children s=200 d=581µs s=253
INF http m=GET p=/api/v1/workspaces/441O77NP4000/members s=200 d=5.71ms s=117
INF http m=GET p=/api/v1/workspaces/441O77NP4000/nodes/441O79UTM000 s=200 d=7.45ms s=245
INF http m=GET p=/api/v1/workspaces/441O77NP4000/nodes/441O7BKBU000 s=200 d=359µs s=137
INF http m=GET p=/sw.js s=200 d=196µs s=5540
INF http m=GET p=/sw.js s=200 d=133µs s=5540
INF http m=GET p=/api/v1/workspaces/441O74EEI000/events s=200 d=2.52s s=93
INF http m=POST p=/api/v1/auth/register s=200 d=126ms s=390
INF http m=GET p=/ s=200 d=57µs s=542
INF http m=GET p=/assets/index-DPQ8uk7g.css s=200 d=104µs s=12402
INF http m=GET p=/assets/index-SHhnYNGf.js s=200 d=553µs s=49792
INF http m=GET p=/registerSW.js s=200 d=50µs s=87
INF http m=GET p=/assets/vendor-C3WBU0hm.js s=200 d=130µs s=29762
INF http m=GET p=/assets/editor-vendor-Bje_VwYD.js s=200 d=157µs s=117396
INF http m=GET p=/api/v1/auth/me s=200 d=253µs s=163
INF http m=GET p=/assets/en-BOb8f2G7.js s=200 d=97µs s=5207
INF http m=GET p=/api/v1/notifications/unread-count s=200 d=173µs s=25
INF http m=GET p=/favicon.png s=200 d=32µs s=449
INF http m=GET p=/sw.js s=200 d=704µs s=5540
INF http m=GET p=/registerSW.js s=200 d=43µs s=87
INF http m=POST p=/api/v1/organizations s=200 d=55.8ms s=351
INF http m=GET p=/api/v1/auth/me s=200 d=243µs s=252
INF http m=GET p=/index.html s=200 d=28µs s=542
INF http m=GET p=/icon.svg s=200 d=37µs s=195
INF http m=GET p=/icon-512.png s=200 d=73µs s=6498
INF http m=GET p=/icon-192.png s=200 d=61µs s=2468
INF http m=GET p=/favicon.png s=200 d=28µs s=449
INF http m=GET p=/apple-touch-icon.png s=200 d=45µs s=2298
INF http m=GET p=/assets/material-symbols-names-mOXCVt15.js s=200 d=110µs s=15793
INF http m=GET p=/assets/fr-CgauyyXq.js s=200 d=92µs s=6301
INF http m=GET p=/assets/es-DHO8DnB9.js s=200 d=81µs s=6015
INF http m=GET p=/assets/emoji-groups-tsNE8Axz.js s=200 d=107µs s=13852
INF http m=GET p=/assets/de-qJeflSp6.js s=200 d=352µs s=6245
INF http m=GET p=/assets/WorkspaceSettingsPanel-CsUOm22X.css s=200 d=40µs s=1025
INF http m=GET p=/assets/WorkspaceSettingsPanel-CM5oaFTF.js s=200 d=69µs s=4443
INF http m=GET p=/assets/ServerSettingsPanel-pbgISWIv.css s=200 d=32µs s=596
INF http m=GET p=/assets/ServerSettingsPanel-C8C6nm9a.js s=200 d=52µs s=2550
INF http m=GET p=/assets/ResourceQuotaForm-DTSj8Ta5.css s=200 d=34µs s=302
INF http m=GET p=/assets/ResourceQuotaForm-D6gJNn3N.js s=200 d=62µs s=812
INF http m=GET p=/assets/ProfileSettings-rthGIjGN.js s=200 d=76µs s=4319
INF http m=GET p=/assets/ProfileSettings-D5kbNfHV.css s=200 d=32µs s=1220
INF http m=GET p=/assets/OrgSettingsPanel-BP8s6T0h.css s=200 d=30µs s=511
INF http m=GET p=/assets/OrgSettingsPanel-B78NX7Vn.js s=200 d=39µs s=2302
INF http m=GET p=/assets/InviteForm-R7w4u6kW.js s=200 d=28µs s=1267
INF http m=GET p=/assets/InviteForm-CW-wgFWD.css s=200 d=38µs s=414
INF http m=GET p=/assets/Editor-BYBWY7b1.css s=200 d=37µs s=2240
INF http m=GET p=/assets/Editor-5FlZhQpN.js s=200 d=90µs s=13509
INF http m=GET p=/assets/AdminDashboard-R0heLGro.css s=200 d=29µs s=601
INF http m=GET p=/assets/AdminDashboard-D3Sw1IyX.js s=200 d=34µs s=2075
INF http m=GET p=/manifest.webmanifest s=200 d=27µs s=199
INF http m=POST p=/api/v1/organizations/441O7SCNS000/workspaces s=200 d=315ms s=299
INF http m=POST p=/api/v1/auth/switch-workspace s=200 d=25.6ms s=574
INF http m=GET p=/api/v1/notifications/unread-count s=200 d=751µs s=25
INF http m=GET p=/api/v1/workspaces/441O7SPEI000/nodes/0/children s=200 d=3.36ms s=26
INF http m=GET p=/api/v1/workspaces/441O7SPEI000/members s=200 d=2.44ms s=128
INF http m=POST p=/api/v1/workspaces/441O7SPEI000/nodes/0/page/create s=200 d=16.2ms s=35
INF http m=GET p=/api/v1/workspaces/441O7SPEI000/nodes/0/children s=200 d=291µs s=257
INF http m=GET p=/api/v1/workspaces/441O7SPEI000/nodes/441O7V0SQ000 s=200 d=251µs s=245
INF http m=GET p=/api/v1/workspaces/441O77NP4000/nodes/441O7BKBU000/page s=200 d=351µs s=130
INF http m=GET p=/api/v1/workspaces/441O77NP4000/nodes/441O7BKBU000/page s=200 d=248µs s=130
INF http m=POST p=/api/v1/workspaces/441O7SPEI000/nodes/0/page/create s=200 d=15.5ms s=26
INF http m=GET p=/w/@441O7SPEI000+workspace/@441O7V0SQ000+welcome s=200 d=62µs s=542
INF http m=GET p=/api/v1/workspaces/441O7SPEI000/events s=200 d=462ms s=233
INF http m=GET p=/api/v1/auth/me s=200 d=293µs s=352
INF http m=GET p=/api/v1/notifications/unread-count s=200 d=249µs s=25
INF http m=GET p=/api/v1/workspaces/441O7SPEI000/nodes/0/children s=200 d=364µs s=239
INF http m=GET p=/api/v1/workspaces/441O7SPEI000/members s=200 d=147µs s=128
INF http m=GET p=/api/v1/workspaces/441O7SPEI000/nodes/441O7V0SQ000 s=200 d=314µs s=245
INF http m=GET p=/api/v1/workspaces/441O7SPEI000/nodes/441O81K2Q000 s=200 d=328µs s=157
INF http m=GET p=/w/@441O7SPEI000+empty-titles-workspace/@441O81K2Q000+title-to-clear s=200 d=49µs s=542
INF http m=GET p=/api/v1/workspaces/441O7SPEI000/events s=200 d=126ms s=93
INF http m=GET p=/api/v1/workspaces/441O77NP4000/nodes/441O7BKBU000/page s=200 d=242µs s=130
INF http m=GET p=/api/v1/auth/me s=200 d=422µs s=352
INF http m=GET p=/api/v1/notifications/unread-count s=200 d=189µs s=25
INF http m=GET p=/api/v1/workspaces/441O7SPEI000/nodes/0/children s=200 d=408µs s=239
INF http m=GET p=/api/v1/workspaces/441O7SPEI000/nodes/441O81K2Q000 s=200 d=226µs s=157
INF http m=GET p=/api/v1/workspaces/441O7SPEI000/members s=200 d=1.43ms s=128
INF http m=GET p=/api/v1/workspaces/441O7SPEI000/events s=200 d=53.6ms s=93
INF http m=POST p=/api/v1/auth/register s=200 d=123ms s=391
INF http m=GET p=/ s=200 d=66µs s=542
INF http m=GET p=/assets/index-SHhnYNGf.js s=200 d=146µs s=49792
INF http m=GET p=/assets/index-DPQ8uk7g.css s=200 d=105µs s=12402
INF http m=GET p=/registerSW.js s=200 d=55µs s=87
INF http m=GET p=/assets/vendor-C3WBU0hm.js s=200 d=146µs s=29762
INF http m=GET p=/assets/editor-vendor-Bje_VwYD.js s=200 d=163µs s=117396
INF http m=GET p=/api/v1/workspaces/441O77NP4000/nodes/441O7BKBU000/page s=200 d=241µs s=130
INF http m=GET p=/assets/en-BOb8f2G7.js s=200 d=251µs s=5207
INF http m=GET p=/api/v1/auth/me s=200 d=341µs s=163
INF http m=GET p=/api/v1/notifications/unread-count s=200 d=260µs s=25
INF http m=GET p=/favicon.png s=200 d=33µs s=449
INF http m=GET p=/sw.js s=200 d=68µs s=5540
INF http m=GET p=/registerSW.js s=200 d=46µs s=87
INF http m=GET p=/index.html s=200 d=48µs s=542
INF http m=GET p=/icon.svg s=200 d=37µs s=195
INF http m=POST p=/api/v1/organizations s=200 d=67.8ms s=350
INF http m=GET p=/api/v1/auth/me s=200 d=416µs s=249
INF http m=GET p=/icon-512.png s=200 d=87µs s=6498
INF http m=GET p=/icon-192.png s=200 d=53µs s=2468
INF http m=GET p=/favicon.png s=200 d=36µs s=449
INF http m=GET p=/apple-touch-icon.png s=200 d=55µs s=2298
INF http m=GET p=/assets/material-symbols-names-mOXCVt15.js s=200 d=112µs s=15793
INF http m=GET p=/assets/fr-CgauyyXq.js s=200 d=93µs s=6301
INF http m=GET p=/assets/es-DHO8DnB9.js s=200 d=80µs s=6015
INF http m=GET p=/assets/emoji-groups-tsNE8Axz.js s=200 d=111µs s=13852
INF http m=GET p=/assets/de-qJeflSp6.js s=200 d=221µs s=6245
INF http m=GET p=/assets/WorkspaceSettingsPanel-CsUOm22X.css s=200 d=43µs s=1025
INF http m=GET p=/assets/WorkspaceSettingsPanel-CM5oaFTF.js s=200 d=81µs s=4443
INF http m=GET p=/assets/ServerSettingsPanel-pbgISWIv.css s=200 d=29µs s=596
INF http m=GET p=/assets/ServerSettingsPanel-C8C6nm9a.js s=200 d=51µs s=2550
INF http m=GET p=/assets/ResourceQuotaForm-DTSj8Ta5.css s=200 d=31µs s=302
INF http m=GET p=/assets/ResourceQuotaForm-D6gJNn3N.js s=200 d=29µs s=812
INF http m=GET p=/assets/ProfileSettings-rthGIjGN.js s=200 d=70µs s=4319
INF http m=GET p=/assets/ProfileSettings-D5kbNfHV.css s=200 d=42µs s=1220
INF http m=GET p=/assets/OrgSettingsPanel-BP8s6T0h.css s=200 d=133µs s=511
INF http m=GET p=/assets/OrgSettingsPanel-B78NX7Vn.js s=200 d=54µs s=2302
INF http m=GET p=/assets/InviteForm-R7w4u6kW.js s=200 d=38µs s=1267
INF http m=GET p=/assets/InviteForm-CW-wgFWD.css s=200 d=126µs s=414
INF http m=GET p=/assets/Editor-BYBWY7b1.css s=200 d=39µs s=2240
INF http m=GET p=/assets/Editor-5FlZhQpN.js s=200 d=561µs s=13509
INF http m=GET p=/assets/AdminDashboard-R0heLGro.css s=200 d=40µs s=601
INF http m=GET p=/assets/AdminDashboard-D3Sw1IyX.js s=200 d=34µs s=2075
INF http m=GET p=/manifest.webmanifest s=200 d=26µs s=199
INF http m=POST p=/api/v1/organizations/441O86EJM000/workspaces s=200 d=292ms s=298
INF http m=POST p=/api/v1/auth/switch-workspace s=200 d=27.4ms s=610
INF http m=GET p=/api/v1/notifications/unread-count s=200 d=315µs s=25
INF http m=GET p=/api/v1/workspaces/441O86TLE000/nodes/0/children s=200 d=496µs s=26
INF http m=GET p=/api/v1/workspaces/441O86TLE000/members s=200 d=1.24ms s=126
INF http m=POST p=/api/v1/workspaces/441O86TLE000/nodes/0/page/create s=200 d=19.1ms s=35
INF http m=GET p=/api/v1/workspaces/441O86TLE000/nodes/0/children s=200 d=280µs s=257
INF http m=GET p=/api/v1/workspaces/441O86TLE000/nodes/441O88VCM000 s=200 d=253µs s=245
INF http m=POST p=/api/v1/workspaces/441O86TLE000/nodes/0/page/create s=200 d=16.7ms s=26
INF http m=GET p=/w/@441O86TLE000+workspace/@441O88VCM000+welcome s=200 d=46µs s=542
INF http m=GET p=/api/v1/workspaces/441O86TLE000/events s=200 d=480ms s=231
INF http m=GET p=/api/v1/auth/me s=200 d=258µs s=349
INF http m=GET p=/api/v1/workspaces/441O77NP4000/nodes/441O7BKBU000/page s=200 d=261µs s=130
INF http m=GET p=/api/v1/notifications/unread-count s=200 d=477µs s=25
INF http m=GET p=/api/v1/workspaces/441O86TLE000/nodes/0/children s=200 d=332µs s=244
INF http m=GET p=/api/v1/workspaces/441O86TLE000/members s=200 d=363µs s=126
INF http m=GET p=/api/v1/workspaces/441O86TLE000/nodes/441O88VCM000 s=200 d=223µs s=245
INF http m=GET p=/api/v1/workspaces/441O86TLE000/nodes/441O8BNJ2000 s=200 d=344µs s=154
INF http m=GET p=/api/v1/workspaces/441O86TLE000/nodes/441O8BNJ2000/page s=200 d=183µs s=111
INF http m=GET p=/api/v1/workspaces/441O86TLE000/events s=200 d=100ms s=93
INF http m=POST p=/api/v1/workspaces/441O77NP4000/nodes/441O7BKBU000/page s=200 d=25.6ms s=35
INF http m=POST p=/api/v1/workspaces/441O77NP4000/nodes/441O7BKBU000/page s=200 d=26.9ms s=35
INF http m=POST p=/api/v1/auth/register s=200 d=115ms s=395
INF http m=GET p=/ s=200 d=61µs s=542
INF http m=GET p=/assets/index-SHhnYNGf.js s=200 d=147µs s=49792
INF http m=GET p=/assets/index-DPQ8uk7g.css s=200 d=200µs s=12402
INF http m=GET p=/registerSW.js s=200 d=55µs s=87
INF http m=GET p=/assets/vendor-C3WBU0hm.js s=200 d=117µs s=29762
INF http m=GET p=/assets/editor-vendor-Bje_VwYD.js s=200 d=281µs s=117396
INF http m=GET p=/assets/en-BOb8f2G7.js s=200 d=92µs s=5207
INF http m=GET p=/api/v1/auth/me s=200 d=272µs s=168
INF http m=GET p=/api/v1/notifications/unread-count s=200 d=377µs s=25
INF http m=GET p=/sw.js s=200 d=122µs s=5540
INF http m=GET p=/favicon.png s=200 d=43µs s=449
INF http m=GET p=/registerSW.js s=200 d=41µs s=87
INF http m=POST p=/api/v1/organizations s=200 d=55.2ms s=353
INF http m=GET p=/api/v1/auth/me s=200 d=217µs s=253
INF http m=GET p=/index.html s=200 d=388µs s=542
INF http m=GET p=/icon.svg s=200 d=28µs s=195
INF http m=GET p=/icon-512.png s=200 d=46µs s=6498
INF http m=GET p=/icon-192.png s=200 d=39µs s=2468
INF http m=GET p=/favicon.png s=200 d=32µs s=449
INF http m=GET p=/apple-touch-icon.png s=200 d=43µs s=2298
INF http m=GET p=/assets/material-symbols-names-mOXCVt15.js s=200 d=111µs s=15793
INF http m=GET p=/assets/fr-CgauyyXq.js s=200 d=82µs s=6301
INF http m=GET p=/assets/es-DHO8DnB9.js s=200 d=80µs s=6015
INF http m=GET p=/assets/emoji-groups-tsNE8Axz.js s=200 d=76µs s=13852
INF http m=GET p=/assets/de-qJeflSp6.js s=200 d=81µs s=6245
INF http m=GET p=/assets/WorkspaceSettingsPanel-CsUOm22X.css s=200 d=30µs s=1025
INF http m=GET p=/assets/WorkspaceSettingsPanel-CM5oaFTF.js s=200 d=122µs s=4443
INF http m=GET p=/assets/ServerSettingsPanel-pbgISWIv.css s=200 d=28µs s=596
INF http m=GET p=/assets/ServerSettingsPanel-C8C6nm9a.js s=200 d=34µs s=2550
INF http m=GET p=/assets/ResourceQuotaForm-DTSj8Ta5.css s=200 d=26µs s=302
INF http m=GET p=/assets/ResourceQuotaForm-D6gJNn3N.js s=200 d=80µs s=812
INF http m=GET p=/assets/ProfileSettings-rthGIjGN.js s=200 d=73µs s=4319
INF http m=GET p=/assets/ProfileSettings-D5kbNfHV.css s=200 d=30µs s=1220
INF http m=GET p=/assets/OrgSettingsPanel-BP8s6T0h.css s=200 d=25µs s=511
INF http m=GET p=/assets/OrgSettingsPanel-B78NX7Vn.js s=200 d=59µs s=2302
INF http m=GET p=/assets/InviteForm-R7w4u6kW.js s=200 d=28µs s=1267
INF http m=GET p=/assets/InviteForm-CW-wgFWD.css s=200 d=30µs s=414
INF http m=GET p=/assets/Editor-BYBWY7b1.css s=200 d=30µs s=2240
INF http m=GET p=/assets/Editor-5FlZhQpN.js s=200 d=77µs s=13509
INF http m=GET p=/assets/AdminDashboard-R0heLGro.css s=200 d=31µs s=601
INF http m=GET p=/assets/AdminDashboard-D3Sw1IyX.js s=200 d=33µs s=2075
INF http m=GET p=/manifest.webmanifest s=200 d=23µs s=199
INF http m=POST p=/api/v1/organizations/441O8FHP4000/workspaces s=200 d=288ms s=296
INF http m=POST p=/api/v1/auth/switch-workspace s=200 d=27.9ms s=585
INF http m=GET p=/api/v1/notifications/unread-count s=200 d=195µs s=25
INF http m=GET p=/api/v1/workspaces/441O8FU2K000/members s=200 d=217µs s=132
INF http m=GET p=/api/v1/workspaces/441O8FU2K000/nodes/0/children s=200 d=771µs s=26
INF http m=POST p=/api/v1/workspaces/441O8FU2K000/nodes/0/page/create s=200 d=19.1ms s=35
INF http m=GET p=/api/v1/workspaces/441O8FU2K000/nodes/0/children s=200 d=236µs s=257
INF http m=GET p=/api/v1/workspaces/441O8FU2K000/nodes/441O8HVH4000 s=200 d=220µs s=245
INF http m=GET p=/api/v1/workspaces/441O77NP4000/nodes/441O7BKBU000/page s=200 d=310µs s=131
INF http m=GET p=/api/v1/workspaces/441O77NP4000/events s=200 d=6.14s s=220
INF http m=GET p=/api/v1/workspaces/441O77NP4000/events s=200 d=6.07s s=220
INF http m=POST p=/api/v1/auth/register s=200 d=125ms s=390
INF http m=GET p=/ s=200 d=67µs s=542
INF http m=GET p=/assets/index-SHhnYNGf.js s=200 d=204µs s=49792
INF http m=GET p=/assets/index-DPQ8uk7g.css s=200 d=152µs s=12402
INF http m=GET p=/registerSW.js s=200 d=28µs s=87
INF http m=GET p=/assets/vendor-C3WBU0hm.js s=200 d=81µs s=29762
INF http m=GET p=/assets/editor-vendor-Bje_VwYD.js s=200 d=121µs s=117396
INF http m=POST p=/api/v1/workspaces/441O8FU2K000/nodes/0/page/create s=200 d=41.9ms s=26
INF http m=GET p=/api/v1/auth/me s=200 d=231µs s=165
INF http m=GET p=/assets/en-BOb8f2G7.js s=200 d=82µs s=5207
INF http m=GET p=/w/@441O8FU2K000+workspace/@441O8HVH4000+welcome s=200 d=43µs s=542
INF http m=GET p=/api/v1/workspaces/441O8FU2K000/events s=200 d=542ms s=233
INF http m=GET p=/favicon.png s=200 d=65µs s=449
INF http m=GET p=/sw.js s=200 d=67µs s=5540
INF http m=GET p=/api/v1/notifications/unread-count s=200 d=170µs s=25
INF http m=GET p=/registerSW.js s=200 d=43µs s=87
INF http m=GET p=/api/v1/auth/me s=200 d=272µs s=356
INF http m=GET p=/index.html s=200 d=68µs s=542
INF http m=GET p=/icon.svg s=200 d=39µs s=195
INF http m=GET p=/icon-512.png s=200 d=71µs s=6498
INF http m=POST p=/api/v1/organizations s=200 d=122ms s=352
INF http m=GET p=/api/v1/auth/me s=200 d=207µs s=254
INF http m=GET p=/icon-192.png s=200 d=78µs s=2468
INF http m=GET p=/api/v1/notifications/unread-count s=200 d=174µs s=25
INF http m=GET p=/favicon.png s=200 d=30µs s=449
INF http m=GET p=/api/v1/workspaces/441O8FU2K000/nodes/441O8HVH4000 s=200 d=264µs s=245
INF http m=GET p=/api/v1/workspaces/441O8FU2K000/members s=200 d=162µs s=132
INF http m=GET p=/api/v1/workspaces/441O8FU2K000/nodes/0/children s=200 d=396µs s=340
INF http m=GET p=/apple-touch-icon.png s=200 d=37µs s=2298
INF http m=GET p=/assets/material-symbols-names-mOXCVt15.js s=200 d=149µs s=15793
INF http m=GET p=/assets/fr-CgauyyXq.js s=200 d=88µs s=6301
INF http m=GET p=/assets/es-DHO8DnB9.js s=200 d=69µs s=6015
INF http m=GET p=/assets/emoji-groups-tsNE8Axz.js s=200 d=99µs s=13852
INF http m=GET p=/api/v1/workspaces/441O8FU2K000/nodes/441O8KRTQ000 s=200 d=351µs s=232
INF http m=GET p=/api/v1/workspaces/441O8FU2K000/nodes/441O8KRTQ000/page s=200 d=301µs s=228
INF http m=GET p=/assets/de-qJeflSp6.js s=200 d=83µs s=6245
INF http m=GET p=/assets/WorkspaceSettingsPanel-CsUOm22X.css s=200 d=46µs s=1025
INF http m=GET p=/api/v1/workspaces/441O8FU2K000/events s=200 d=143ms s=93
INF http m=GET p=/assets/WorkspaceSettingsPanel-CM5oaFTF.js s=200 d=71µs s=4443
INF http m=GET p=/assets/ServerSettingsPanel-pbgISWIv.css s=200 d=40µs s=596
INF http m=GET p=/assets/ServerSettingsPanel-C8C6nm9a.js s=200 d=50µs s=2550
INF http m=GET p=/assets/ResourceQuotaForm-DTSj8Ta5.css s=200 d=33µs s=302
INF http m=GET p=/assets/ResourceQuotaForm-D6gJNn3N.js s=200 d=35µs s=812
INF http m=GET p=/assets/ProfileSettings-rthGIjGN.js s=200 d=68µs s=4319
INF http m=GET p=/assets/ProfileSettings-D5kbNfHV.css s=200 d=34µs s=1220
INF http m=GET p=/assets/OrgSettingsPanel-BP8s6T0h.css s=200 d=33µs s=511
INF http m=GET p=/assets/OrgSettingsPanel-B78NX7Vn.js s=200 d=37µs s=2302
INF http m=GET p=/assets/InviteForm-R7w4u6kW.js s=200 d=33µs s=1267
INF http m=GET p=/assets/InviteForm-CW-wgFWD.css s=200 d=34µs s=414
INF http m=GET p=/assets/Editor-BYBWY7b1.css s=200 d=1.24ms s=2240
INF http m=GET p=/assets/Editor-5FlZhQpN.js s=200 d=81µs s=13509
INF http m=GET p=/assets/AdminDashboard-R0heLGro.css s=200 d=34µs s=601
INF http m=GET p=/assets/AdminDashboard-D3Sw1IyX.js s=200 d=41µs s=2075
INF http m=GET p=/manifest.webmanifest s=200 d=29µs s=199
INF http m=POST p=/api/v1/organizations/441O8LFDK000/workspaces s=200 d=466ms s=301
INF http m=POST p=/api/v1/auth/register s=200 d=123ms s=411
INF http m=GET p=/ s=200 d=68µs s=542
INF http m=GET p=/assets/index-SHhnYNGf.js s=200 d=165µs s=49792
INF http m=GET p=/assets/index-DPQ8uk7g.css s=200 d=159µs s=12402
INF http m=GET p=/registerSW.js s=200 d=49µs s=87
INF http m=GET p=/assets/vendor-C3WBU0hm.js s=200 d=122µs s=29762
INF http m=GET p=/assets/editor-vendor-Bje_VwYD.js s=200 d=185µs s=117396
INF http m=POST p=/api/v1/auth/switch-workspace s=200 d=99.8ms s=576
INF http m=GET p=/api/v1/notifications/unread-count s=200 d=192µs s=25
INF http m=GET p=/api/v1/workspaces/441O8M9EK000/members s=200 d=230µs s=128
INF http m=GET p=/api/v1/workspaces/441O8M9EK000/nodes/0/children s=200 d=10.8ms s=26
INF http m=POST p=/api/v1/workspaces/441O8M9EK000/nodes/0/page/create s=200 d=38.6ms s=35
INF http m=GET p=/api/v1/workspaces/441O8M9EK000/nodes/0/children s=200 d=292µs s=257
INF http m=GET p=/assets/en-BOb8f2G7.js s=200 d=106µs s=5207
INF http m=GET p=/api/v1/auth/me s=200 d=2.84ms s=175
INF http m=GET p=/api/v1/workspaces/441O8M9EK000/nodes/441O8Q4VG000 s=200 d=334µs s=245
INF http m=GET p=/api/v1/notifications/unread-count s=200 d=180µs s=25
INF http m=GET p=/favicon.png s=200 d=43µs s=449
INF http m=GET p=/sw.js s=200 d=101µs s=5540
INF http m=GET p=/registerSW.js s=200 d=41µs s=87
INF http m=GET p=/index.html s=200 d=26µs s=542
INF http m=GET p=/icon.svg s=200 d=29µs s=195
INF http m=POST p=/api/v1/organizations s=200 d=84.6ms s=361
INF http m=GET p=/api/v1/auth/me s=200 d=249µs s=260
INF http m=GET p=/icon-512.png s=200 d=72µs s=6498
INF http m=GET p=/icon-192.png s=200 d=79µs s=2468
INF http m=GET p=/favicon.png s=200 d=30µs s=449
INF http m=GET p=/apple-touch-icon.png s=200 d=36µs s=2298
INF http m=GET p=/assets/material-symbols-names-mOXCVt15.js s=200 d=140µs s=15793
INF http m=POST p=/api/v1/workspaces/441O8M9EK000/nodes/0/page/create s=200 d=90.5ms s=26
INF http m=GET p=/w/@441O8M9EK000+workspace/@441O8Q4VG000+welcome s=200 d=44µs s=542
INF http m=GET p=/api/v1/workspaces/441O8M9EK000/events s=200 d=271ms s=232
INF http m=GET p=/assets/fr-CgauyyXq.js s=200 d=108µs s=6301
INF http m=GET p=/assets/es-DHO8DnB9.js s=200 d=131µs s=6015
INF http m=GET p=/assets/emoji-groups-tsNE8Axz.js s=200 d=99µs s=13852
INF http m=GET p=/api/v1/auth/me s=200 d=4.59ms s=355
INF http m=GET p=/assets/de-qJeflSp6.js s=200 d=98µs s=6245
INF http m=GET p=/assets/WorkspaceSettingsPanel-CsUOm22X.css s=200 d=39µs s=1025
INF http m=GET p=/assets/WorkspaceSettingsPanel-CM5oaFTF.js s=200 d=58µs s=4443
INF http m=GET p=/assets/ServerSettingsPanel-pbgISWIv.css s=200 d=37µs s=596
INF http m=GET p=/assets/ServerSettingsPanel-C8C6nm9a.js s=200 d=44µs s=2550
INF http m=GET p=/assets/ResourceQuotaForm-DTSj8Ta5.css s=200 d=28µs s=302
INF http m=GET p=/assets/ResourceQuotaForm-D6gJNn3N.js s=200 d=48µs s=812
INF http m=GET p=/assets/ProfileSettings-rthGIjGN.js s=200 d=76µs s=4319
INF http m=GET p=/assets/ProfileSettings-D5kbNfHV.css s=200 d=31µs s=1220
INF http m=GET p=/assets/OrgSettingsPanel-BP8s6T0h.css s=200 d=27µs s=511
INF http m=GET p=/api/v1/notifications/unread-count s=200 d=190µs s=25
INF http m=GET p=/assets/OrgSettingsPanel-B78NX7Vn.js s=200 d=75µs s=2302
INF http m=GET p=/api/v1/workspaces/441O8M9EK000/members s=200 d=3.38ms s=128
INF http m=GET p=/api/v1/workspaces/441O8M9EK000/nodes/0/children s=200 d=6.65ms s=320
INF http m=GET p=/api/v1/workspaces/441O8M9EK000/nodes/441O8Q4VG000 s=200 d=319µs s=245
INF http m=GET p=/assets/InviteForm-R7w4u6kW.js s=200 d=32µs s=1267
INF http m=GET p=/assets/InviteForm-CW-wgFWD.css s=200 d=30µs s=414
INF http m=GET p=/assets/Editor-BYBWY7b1.css s=200 d=94µs s=2240
INF http m=GET p=/assets/Editor-5FlZhQpN.js s=200 d=129µs s=13509
INF http m=GET p=/assets/AdminDashboard-R0heLGro.css s=200 d=36µs s=601
INF http m=GET p=/assets/AdminDashboard-D3Sw1IyX.js s=200 d=40µs s=2075
INF http m=GET p=/manifest.webmanifest s=200 d=38µs s=199
INF http m=GET p=/api/v1/workspaces/441O8M9EK000/nodes/441O8R2IE000 s=200 d=727µs s=273
INF http m=GET p=/api/v1/workspaces/441O8M9EK000/events s=200 d=116ms s=93
INF http m=POST p=/api/v1/organizations/441O8QJUC000/workspaces s=200 d=395ms s=309
INF http m=POST p=/api/v1/auth/switch-workspace s=200 d=37.8ms s=687
INF http m=GET p=/api/v1/notifications/unread-count s=200 d=226µs s=25
INF http m=GET p=/api/v1/workspaces/441O8R7SI000/members s=200 d=3.54ms s=127
INF http m=GET p=/api/v1/workspaces/441O8R7SI000/nodes/0/children s=200 d=303µs s=26
INF http m=POST p=/api/v1/workspaces/441O8R7SI000/nodes/0/page/create s=200 d=51.6ms s=35
INF http m=GET p=/api/v1/workspaces/441O8R7SI000/nodes/0/children s=200 d=674µs s=257
INF http m=GET p=/api/v1/workspaces/441O8R7SI000/nodes/441O8UDBQ000 s=200 d=623µs s=245
INF http m=POST p=/api/v1/auth/register s=200 d=134ms s=420
INF http m=GET p=/ s=200 d=60µs s=542
INF http m=GET p=/assets/index-SHhnYNGf.js s=200 d=310µs s=49792
INF http m=GET p=/assets/editor-vendor-Bje_VwYD.js s=200 d=166µs s=117396
INF http m=GET p=/assets/index-DPQ8uk7g.css s=200 d=474µs s=12402
INF http m=GET p=/assets/vendor-C3WBU0hm.js s=200 d=119µs s=29762
INF http m=GET p=/registerSW.js s=200 d=37µs s=87
INF http m=POST p=/api/v1/workspaces/441O8R7SI000/nodes/0/page/create s=200 d=34.4ms s=26
INF http m=GET p=/w/@441O8R7SI000+workspace/@441O8UDBQ000+welcome s=200 d=58µs s=542
INF http m=GET p=/api/v1/auth/me s=200 d=734µs s=174
INF http m=GET p=/assets/en-BOb8f2G7.js s=200 d=69µs s=5207
INF http m=GET p=/api/v1/workspaces/441O8R7SI000/events s=200 d=353ms s=233
INF http m=GET p=/api/v1/notifications/unread-count s=200 d=380µs s=25
INF http m=GET p=/favicon.png s=200 d=52µs s=449
INF http m=GET p=/sw.js s=200 d=93µs s=5540
INF http m=GET p=/registerSW.js s=200 d=50µs s=87
INF http m=GET p=/index.html s=200 d=33µs s=542
INF http m=GET p=/api/v1/auth/me s=200 d=5.85ms s=361
INF http m=GET p=/icon.svg s=200 d=63µs s=195
INF http m=POST p=/api/v1/organizations s=200 d=91.9ms s=358
INF http m=GET p=/api/v1/auth/me s=200 d=303µs s=261
INF http m=GET p=/icon-512.png s=200 d=169µs s=6498
INF http m=GET p=/icon-192.png s=200 d=65µs s=2468
INF http m=GET p=/favicon.png s=200 d=44µs s=449
INF http m=GET p=/apple-touch-icon.png s=200 d=52µs s=2298
INF http m=GET p=/api/v1/workspaces/441O8R7SI000/members s=200 d=333µs s=127
INF http m=GET p=/api/v1/notifications/unread-count s=200 d=5.95ms s=25
INF http m=GET p=/api/v1/workspaces/441O8R7SI000/nodes/441O8UDBQ000 s=200 d=3.81ms s=245
INF http m=GET p=/api/v1/workspaces/441O8R7SI000/nodes/0/children s=200 d=11.9ms s=249
INF http m=GET p=/assets/material-symbols-names-mOXCVt15.js s=200 d=143µs s=15793
INF http m=GET p=/assets/fr-CgauyyXq.js s=200 d=85µs s=6301
INF http m=GET p=/assets/es-DHO8DnB9.js s=200 d=67µs s=6015
INF http m=GET p=/api/v1/workspaces/441O8R7SI000/nodes/441O9014E000 s=200 d=315µs s=170
INF http m=GET p=/assets/emoji-groups-tsNE8Axz.js s=200 d=119µs s=13852
INF http m=GET p=/assets/de-qJeflSp6.js s=200 d=83µs s=6245
INF http m=GET p=/assets/WorkspaceSettingsPanel-CsUOm22X.css s=200 d=34µs s=1025
INF http m=GET p=/assets/WorkspaceSettingsPanel-CM5oaFTF.js s=200 d=98µs s=4443
INF http m=GET p=/assets/ServerSettingsPanel-pbgISWIv.css s=200 d=33µs s=596
INF http m=GET p=/assets/ServerSettingsPanel-C8C6nm9a.js s=200 d=39µs s=2550
INF http m=GET p=/assets/ResourceQuotaForm-DTSj8Ta5.css s=200 d=36µs s=302
INF http m=GET p=/assets/ResourceQuotaForm-D6gJNn3N.js s=200 d=35µs s=812
INF http m=GET p=/assets/ProfileSettings-rthGIjGN.js s=200 d=58µs s=4319
INF http m=GET p=/assets/ProfileSettings-D5kbNfHV.css s=200 d=29µs s=1220
INF http m=GET p=/assets/OrgSettingsPanel-BP8s6T0h.css s=200 d=37µs s=511
INF http m=GET p=/assets/OrgSettingsPanel-B78NX7Vn.js s=200 d=42µs s=2302
INF http m=GET p=/assets/InviteForm-R7w4u6kW.js s=200 d=34µs s=1267
INF http m=GET p=/assets/InviteForm-CW-wgFWD.css s=200 d=31µs s=414
INF http m=GET p=/assets/Editor-BYBWY7b1.css s=200 d=38µs s=2240
INF http m=GET p=/assets/Editor-5FlZhQpN.js s=200 d=85µs s=13509
INF http m=GET p=/assets/AdminDashboard-R0heLGro.css s=200 d=29µs s=601
INF http m=GET p=/assets/AdminDashboard-D3Sw1IyX.js s=200 d=51µs s=2075
INF http m=GET p=/manifest.webmanifest s=200 d=33µs s=199
INF http m=POST p=/api/v1/organizations/441O90J7C000/workspaces s=200 d=368ms s=307
INF http m=GET p=/api/v1/workspaces/441O8R7SI000/events s=200 d=353ms s=93
INF http m=POST p=/api/v1/auth/switch-workspace s=200 d=48.4ms s=573
INF http m=GET p=/api/v1/notifications/unread-count s=200 d=189µs s=25
INF http m=GET p=/api/v1/workspaces/441O919SS000/nodes/0/children s=200 d=10.2ms s=26
INF http m=GET p=/api/v1/workspaces/441O919SS000/members s=200 d=204µs s=125
INF http m=POST p=/api/v1/workspaces/441O919SS000/nodes/0/page/create s=200 d=45.4ms s=35
INF http m=GET p=/api/v1/workspaces/441O919SS000/nodes/0/children s=200 d=425µs s=257
INF http m=GET p=/api/v1/workspaces/441O919SS000/nodes/441O9457U000 s=200 d=385µs s=245
INF http m=POST p=/api/v1/auth/register s=200 d=122ms s=407
INF http m=GET p=/ s=200 d=132µs s=542
INF http m=GET p=/assets/index-DPQ8uk7g.css s=200 d=120µs s=12402
INF http m=GET p=/assets/index-SHhnYNGf.js s=200 d=616µs s=49792
INF http m=GET p=/assets/editor-vendor-Bje_VwYD.js s=200 d=280µs s=117396
INF http m=GET p=/registerSW.js s=200 d=70µs s=87
INF http m=GET p=/assets/vendor-C3WBU0hm.js s=200 d=166µs s=29762
INF http m=POST p=/api/v1/workspaces/441O919SS000/nodes/0/page/create s=200 d=37.1ms s=26
INF http m=GET p=/w/@441O919SS000+workspace/@441O9457U000+welcome s=200 d=44µs s=542
INF http m=GET p=/api/v1/auth/me s=200 d=514µs s=173
INF http m=GET p=/assets/en-BOb8f2G7.js s=200 d=81µs s=5207
INF http m=GET p=/api/v1/workspaces/441O919SS000/events s=200 d=427ms s=232
INF http m=GET p=/api/v1/notifications/unread-count s=200 d=8.84ms s=25
INF http m=GET p=/favicon.png s=200 d=51µs s=449
INF http m=GET p=/sw.js s=200 d=154µs s=5540
INF http m=GET p=/registerSW.js s=200 d=43µs s=87
INF http m=GET p=/index.html s=200 d=40µs s=542
INF http m=GET p=/icon.svg s=200 d=54µs s=195
INF http m=GET p=/icon-512.png s=200 d=73µs s=6498
INF http m=POST p=/api/v1/organizations s=200 d=105ms s=356
INF http m=GET p=/icon-192.png s=200 d=50µs s=2468
INF http m=GET p=/api/v1/auth/me s=200 d=936µs s=257
INF http m=GET p=/favicon.png s=200 d=35µs s=449
INF http m=GET p=/api/v1/auth/me s=200 d=747µs s=362
INF http m=GET p=/apple-touch-icon.png s=200 d=84µs s=2298
INF http m=GET p=/assets/material-symbols-names-mOXCVt15.js s=200 d=154µs s=15793
INF http m=GET p=/assets/fr-CgauyyXq.js s=200 d=89µs s=6301
INF http m=GET p=/api/v1/workspaces/441O919SS000/nodes/0/children s=200 d=388µs s=248
INF http m=GET p=/api/v1/workspaces/441O919SS000/members s=200 d=10.1ms s=125
INF http m=GET p=/api/v1/workspaces/441O919SS000/nodes/441O9457U000 s=200 d=2.71ms s=245
INF http m=GET p=/api/v1/notifications/unread-count s=200 d=20.7ms s=25
INF http m=GET p=/assets/es-DHO8DnB9.js s=200 d=126µs s=6015
INF http m=GET p=/assets/emoji-groups-tsNE8Axz.js s=200 d=179µs s=13852
INF http m=GET p=/api/v1/workspaces/441O919SS000/nodes/441O9644I000 s=200 d=719µs s=172
INF http m=GET p=/assets/de-qJeflSp6.js s=200 d=83µs s=6245
INF http m=GET p=/assets/WorkspaceSettingsPanel-CsUOm22X.css s=200 d=37µs s=1025
INF http m=GET p=/assets/WorkspaceSettingsPanel-CM5oaFTF.js s=200 d=61µs s=4443
INF http m=GET p=/assets/ServerSettingsPanel-pbgISWIv.css s=200 d=37µs s=596
INF http m=GET p=/assets/ServerSettingsPanel-C8C6nm9a.js s=200 d=39µs s=2550
INF http m=GET p=/assets/ResourceQuotaForm-DTSj8Ta5.css s=200 d=22µs s=302
INF http m=GET p=/assets/ResourceQuotaForm-D6gJNn3N.js s=200 d=38µs s=812
INF http m=GET p=/assets/ProfileSettings-rthGIjGN.js s=200 d=61µs s=4319
INF http m=GET p=/assets/ProfileSettings-D5kbNfHV.css s=200 d=35µs s=1220
INF http m=GET p=/assets/OrgSettingsPanel-BP8s6T0h.css s=200 d=35µs s=511
INF http m=GET p=/assets/OrgSettingsPanel-B78NX7Vn.js s=200 d=55µs s=2302
INF http m=GET p=/assets/InviteForm-R7w4u6kW.js s=200 d=285µs s=1267
INF http m=GET p=/assets/InviteForm-CW-wgFWD.css s=200 d=44µs s=414
INF http m=GET p=/assets/Editor-BYBWY7b1.css s=200 d=42µs s=2240
INF http m=GET p=/assets/Editor-5FlZhQpN.js s=200 d=88µs s=13509
INF http m=GET p=/assets/AdminDashboard-R0heLGro.css s=200 d=40µs s=601
INF http m=GET p=/assets/AdminDashboard-D3Sw1IyX.js s=200 d=39µs s=2075
INF http m=GET p=/manifest.webmanifest s=200 d=24µs s=199
INF http m=GET p=/api/v1/workspaces/441O919SS000/events s=200 d=211ms s=93
INF http m=POST p=/api/v1/organizations/441O96I4C000/workspaces s=200 d=468ms s=304
INF http m=POST p=/api/v1/auth/switch-workspace s=200 d=47.6ms s=575
INF http m=GET p=/api/v1/notifications/unread-count s=200 d=181µs s=25
INF http m=GET p=/api/v1/workspaces/441O97996000/members s=200 d=610µs s=123
INF http m=GET p=/api/v1/workspaces/441O97996000/nodes/0/children s=200 d=740µs s=26
INF http m=POST p=/api/v1/auth/register s=200 d=138ms s=410
INF http m=POST p=/api/v1/workspaces/441O97996000/nodes/0/page/create s=200 d=53.9ms s=35
INF http m=GET p=/api/v1/workspaces/441O97996000/nodes/0/children s=200 d=643µs s=257
INF http m=GET p=/ s=200 d=45µs s=542
INF http m=GET p=/api/v1/workspaces/441O97996000/nodes/441O9APKK000 s=200 d=594µs s=245
INF http m=GET p=/registerSW.js s=200 d=60µs s=87
INF http m=GET p=/assets/index-SHhnYNGf.js s=200 d=116µs s=49792
INF http m=GET p=/assets/vendor-C3WBU0hm.js s=200 d=95µs s=29762
INF http m=GET p=/assets/editor-vendor-Bje_VwYD.js s=200 d=158µs s=117396
INF http m=GET p=/assets/index-DPQ8uk7g.css s=200 d=87µs s=12402
INF http m=GET p=/api/v1/auth/me s=200 d=570µs s=173
INF http m=GET p=/assets/en-BOb8f2G7.js s=200 d=122µs s=5207
INF http m=GET p=/api/v1/notifications/unread-count s=200 d=603µs s=25
INF http m=GET p=/favicon.png s=200 d=38µs s=449
INF http m=GET p=/sw.js s=200 d=95µs s=5540
INF http m=POST p=/api/v1/organizations s=200 d=44.5ms s=357
INF http m=POST p=/api/v1/workspaces/441O97996000/nodes/0/page/create s=200 d=77.6ms s=26
INF http m=GET p=/api/v1/auth/me s=200 d=3.61ms s=257
INF http m=GET p=/registerSW.js s=200 d=37µs s=87
INF http m=GET p=/w/@441O97996000+workspace/@441O9APKK000+welcome s=200 d=33µs s=542
INF http m=GET p=/index.html s=200 d=91µs s=542
INF http m=GET p=/api/v1/workspaces/441O97996000/events s=200 d=333ms s=233
INF http m=GET p=/icon.svg s=200 d=39µs s=195
INF http m=GET p=/icon-512.png s=200 d=132µs s=6498
INF http m=GET p=/icon-192.png s=200 d=60µs s=2468
INF http m=GET p=/favicon.png s=200 d=41µs s=449
INF http m=GET p=/apple-touch-icon.png s=200 d=313µs s=2298
INF http m=GET p=/assets/material-symbols-names-mOXCVt15.js s=200 d=138µs s=15793
INF http m=GET p=/api/v1/auth/me s=200 d=348µs s=356
INF http m=GET p=/assets/fr-CgauyyXq.js s=200 d=87µs s=6301
INF http m=GET p=/assets/es-DHO8DnB9.js s=200 d=86µs s=6015
INF http m=GET p=/api/v1/workspaces/441O97996000/members s=200 d=254µs s=123
INF http m=GET p=/api/v1/notifications/unread-count s=200 d=157µs s=25
INF http m=GET p=/api/v1/workspaces/441O97996000/nodes/0/children s=200 d=404µs s=254
INF http m=GET p=/api/v1/workspaces/441O97996000/nodes/441O9APKK000 s=200 d=374µs s=245
INF http m=GET p=/assets/emoji-groups-tsNE8Axz.js s=200 d=174µs s=13852
INF http m=GET p=/assets/de-qJeflSp6.js s=200 d=102µs s=6245
INF http m=GET p=/api/v1/workspaces/441O97996000/nodes/441O9C2T8000 s=200 d=347µs s=149
INF http m=GET p=/assets/WorkspaceSettingsPanel-CsUOm22X.css s=200 d=36µs s=1025
INF http m=GET p=/assets/WorkspaceSettingsPanel-CM5oaFTF.js s=200 d=89µs s=4443
INF http m=GET p=/assets/ServerSettingsPanel-pbgISWIv.css s=200 d=40µs s=596
INF http m=GET p=/assets/ServerSettingsPanel-C8C6nm9a.js s=200 d=57µs s=2550
INF http m=GET p=/assets/ResourceQuotaForm-DTSj8Ta5.css s=200 d=44µs s=302
INF http m=GET p=/assets/ResourceQuotaForm-D6gJNn3N.js s=200 d=32µs s=812
INF http m=GET p=/assets/ProfileSettings-rthGIjGN.js s=200 d=83µs s=4319
INF http m=GET p=/assets/ProfileSettings-D5kbNfHV.css s=200 d=40µs s=1220
INF http m=GET p=/assets/OrgSettingsPanel-BP8s6T0h.css s=200 d=51µs s=511
INF http m=GET p=/assets/OrgSettingsPanel-B78NX7Vn.js s=200 d=45µs s=2302
INF http m=GET p=/assets/InviteForm-R7w4u6kW.js s=200 d=28µs s=1267
INF http m=GET p=/assets/InviteForm-CW-wgFWD.css s=200 d=31µs s=414
INF http m=GET p=/assets/Editor-BYBWY7b1.css s=200 d=50µs s=2240
INF http m=GET p=/assets/Editor-5FlZhQpN.js s=200 d=141µs s=13509
INF http m=GET p=/assets/AdminDashboard-R0heLGro.css s=200 d=42µs s=601
INF http m=GET p=/assets/AdminDashboard-D3Sw1IyX.js s=200 d=38µs s=2075
INF http m=GET p=/manifest.webmanifest s=200 d=39µs s=199
INF http m=GET p=/api/v1/workspaces/441O97996000/events s=200 d=216ms s=93
INF http m=POST p=/api/v1/organizations/441O9C7DU000/workspaces s=200 d=456ms s=304
INF http m=POST p=/api/v1/auth/switch-workspace s=200 d=49.3ms s=652
INF http m=GET p=/api/v1/notifications/unread-count s=200 d=227µs s=25
INF http m=GET p=/api/v1/workspaces/441O9CLEU000/nodes/0/children s=200 d=549µs s=26
INF http m=GET p=/api/v1/workspaces/441O9CLEU000/members s=200 d=743µs s=123
INF http m=POST p=/api/v1/workspaces/441O9CLEU000/nodes/0/page/create s=200 d=34.2ms s=35
INF http m=GET p=/api/v1/workspaces/441O9CLEU000/nodes/0/children s=200 d=1.06ms s=257
INF http m=GET p=/api/v1/workspaces/441O9CLEU000/nodes/441O9G6F2000 s=200 d=304µs s=245
INF http m=POST p=/api/v1/auth/register s=200 d=155ms s=404
INF http m=GET p=/ s=200 d=59µs s=542
INF http m=GET p=/assets/index-SHhnYNGf.js s=200 d=177µs s=49792
INF http m=GET p=/assets/index-DPQ8uk7g.css s=200 d=129µs s=12402
INF http m=GET p=/registerSW.js s=200 d=67µs s=87
INF http m=GET p=/assets/vendor-C3WBU0hm.js s=200 d=133µs s=29762
INF http m=GET p=/assets/editor-vendor-Bje_VwYD.js s=200 d=534µs s=117396
INF http m=GET p=/assets/en-BOb8f2G7.js s=200 d=96µs s=5207
INF http m=GET p=/api/v1/auth/me s=200 d=228µs s=171
INF http m=GET p=/api/v1/notifications/unread-count s=200 d=396µs s=25
INF http m=GET p=/favicon.png s=200 d=34µs s=449
INF http m=GET p=/sw.js s=200 d=83µs s=5540
INF http m=GET p=/registerSW.js s=200 d=51µs s=87
INF http m=GET p=/index.html s=200 d=76µs s=542
INF http m=GET p=/icon.svg s=200 d=29µs s=195
INF http m=GET p=/icon-512.png s=200 d=70µs s=6498
INF http m=GET p=/icon-192.png s=200 d=51µs s=2468
INF http m=POST p=/api/v1/organizations s=200 d=75.5ms s=354
INF http m=GET p=/api/v1/auth/me s=200 d=741µs s=255
INF http m=GET p=/favicon.png s=200 d=44µs s=449
INF http m=POST p=/api/v1/workspaces/441O9CLEU000/nodes/0/table/create s=200 d=124ms s=26
INF http m=GET p=/apple-touch-icon.png s=200 d=47µs s=2298
INF http m=GET p=/assets/material-symbols-names-mOXCVt15.js s=200 d=116µs s=15793
INF http m=GET p=/assets/fr-CgauyyXq.js s=200 d=83µs s=6301
INF http m=GET p=/assets/es-DHO8DnB9.js s=200 d=76µs s=6015
INF http m=GET p=/assets/emoji-groups-tsNE8Axz.js s=200 d=302µs s=13852
INF http m=GET p=/assets/de-qJeflSp6.js s=200 d=109µs s=6245
INF http m=GET p=/assets/WorkspaceSettingsPanel-CsUOm22X.css s=200 d=36µs s=1025
INF http m=GET p=/assets/WorkspaceSettingsPanel-CM5oaFTF.js s=200 d=60µs s=4443
INF http m=GET p=/assets/ServerSettingsPanel-pbgISWIv.css s=200 d=29µs s=596
INF http m=GET p=/assets/ServerSettingsPanel-C8C6nm9a.js s=200 d=54µs s=2550
INF http m=GET p=/assets/ResourceQuotaForm-DTSj8Ta5.css s=200 d=27µs s=302
INF http m=GET p=/assets/ResourceQuotaForm-D6gJNn3N.js s=200 d=24µs s=812
INF http m=GET p=/assets/ProfileSettings-rthGIjGN.js s=200 d=67µs s=4319
INF http m=GET p=/assets/ProfileSettings-D5kbNfHV.css s=200 d=25µs s=1220
INF http m=GET p=/assets/OrgSettingsPanel-BP8s6T0h.css s=200 d=20µs s=511
INF http m=GET p=/assets/OrgSettingsPanel-B78NX7Vn.js s=200 d=114µs s=2302
INF http m=GET p=/assets/InviteForm-R7w4u6kW.js s=200 d=23µs s=1267
INF http m=GET p=/assets/InviteForm-CW-wgFWD.css s=200 d=26µs s=414
INF http m=GET p=/assets/Editor-BYBWY7b1.css s=200 d=31µs s=2240
INF http m=GET p=/assets/Editor-5FlZhQpN.js s=200 d=75µs s=13509
INF http m=GET p=/assets/AdminDashboard-R0heLGro.css s=200 d=23µs s=601
INF http m=GET p=/assets/AdminDashboard-D3Sw1IyX.js s=200 d=35µs s=2075
INF http m=GET p=/manifest.webmanifest s=200 d=34µs s=199
INF http m=POST p=/api/v1/organizations/441O9I116000/workspaces s=200 d=312ms s=304
INF http m=POST p=/api/v1/workspaces/441O9CLEU000/nodes/441O9HQ3Q000/table/records/create s=200 d=308ms s=26
INF http m=GET p=/w/@441O9CLEU000+workspace/@441O9G6F2000+welcome s=200 d=39µs s=542
INF http m=GET p=/api/v1/workspaces/441O9CLEU000/events s=200 d=728ms s=288
INF http m=POST p=/api/v1/auth/switch-workspace s=200 d=43.1ms s=569
INF http m=GET p=/api/v1/notifications/unread-count s=200 d=194µs s=25
INF http m=GET p=/api/v1/workspaces/441O9IHGC000/nodes/0/children s=200 d=279µs s=26
INF http m=GET p=/api/v1/workspaces/441O9IHGC000/members s=200 d=291µs s=124
INF http m=GET p=/api/v1/auth/me s=200 d=262µs s=372
INF http m=POST p=/api/v1/workspaces/441O9IHGC000/nodes/0/page/create s=200 d=30.4ms s=35
INF http m=GET p=/api/v1/workspaces/441O9IHGC000/nodes/0/children s=200 d=242µs s=257
INF http m=GET p=/api/v1/workspaces/441O9IHGC000/nodes/441O9KRPC000 s=200 d=375µs s=245
INF http m=GET p=/api/v1/workspaces/441O9CLEU000/members s=200 d=278µs s=123
INF http m=GET p=/api/v1/notifications/unread-count s=200 d=460µs s=25
INF http m=GET p=/api/v1/workspaces/441O9CLEU000/nodes/0/children s=200 d=1.19ms s=363
INF http m=GET p=/api/v1/workspaces/441O9CLEU000/nodes/441O9G6F2000 s=200 d=706µs s=245
INF http m=GET p=/api/v1/workspaces/441O9CLEU000/nodes/441O9HQ3Q000 s=200 d=490µs s=226
INF http m=GET p=/api/v1/workspaces/441O9CLEU000/nodes/441O9HQ3Q000/table/records s=200 d=541µs s=125
INF http m=GET p=/api/v1/workspaces/441O9IHGC000/events s=200 d=492ms s=202
INF http m=POST p=/api/v1/workspaces/441O9CLEU000/nodes/441O9HQ3Q000/table/records/441O9IJEI000 s=200 d=22.4ms s=35
INF http m=GET p=/api/v1/workspaces/441O9CLEU000/nodes/441O9HQ3Q000/table/records s=200 d=268µs s=162
INF http m=POST p=/api/v1/workspaces/441O9CLEU000/nodes/441O9HQ3Q000/table/records/441O9IJEI000 s=200 d=61.5ms s=35
INF http m=GET p=/api/v1/workspaces/441O9CLEU000/events s=200 d=683ms s=237
INF http m=POST p=/api/v1/auth/register s=200 d=224ms s=421
INF http m=GET p=/ s=200 d=90µs s=542
INF http m=GET p=/assets/index-SHhnYNGf.js s=200 d=172µs s=49792
INF http m=GET p=/assets/index-DPQ8uk7g.css s=200 d=137µs s=12402
INF http m=GET p=/registerSW.js s=200 d=75µs s=87
INF http m=GET p=/assets/vendor-C3WBU0hm.js s=200 d=120µs s=29762
INF http m=GET p=/assets/editor-vendor-Bje_VwYD.js s=200 d=164µs s=117396
INF http m=GET p=/api/v1/auth/me s=200 d=221µs s=179
INF http m=GET p=/assets/en-BOb8f2G7.js s=200 d=68µs s=5207
INF http m=GET p=/api/v1/notifications/unread-count s=200 d=580µs s=25
INF http m=GET p=/favicon.png s=200 d=36µs s=449
INF http m=GET p=/sw.js s=200 d=91µs s=5540
INF http m=POST p=/api/v1/auth/register s=200 d=205ms s=398
INF http m=GET p=/ s=200 d=54µs s=542
INF http m=GET p=/assets/index-SHhnYNGf.js s=200 d=157µs s=49792
INF http m=GET p=/assets/index-DPQ8uk7g.css s=200 d=221µs s=12402
INF http m=GET p=/assets/editor-vendor-Bje_VwYD.js s=200 d=245µs s=117396
INF http m=GET p=/assets/vendor-C3WBU0hm.js s=200 d=903µs s=29762
INF http m=GET p=/registerSW.js s=200 d=39µs s=87
INF http m=GET p=/registerSW.js s=200 d=44µs s=87
INF http m=GET p=/index.html s=200 d=42µs s=542
INF http m=GET p=/icon.svg s=200 d=42µs s=195
INF http m=POST p=/api/v1/organizations s=200 d=112ms s=362
INF http m=GET p=/api/v1/auth/me s=200 d=709µs s=262
INF http m=GET p=/icon-512.png s=200 d=79µs s=6498
INF http m=GET p=/icon-192.png s=200 d=56µs s=2468
INF http m=GET p=/favicon.png s=200 d=69µs s=449
INF http m=GET p=/apple-touch-icon.png s=200 d=55µs s=2298
INF http m=GET p=/assets/material-symbols-names-mOXCVt15.js s=200 d=86µs s=15793
INF http m=GET p=/assets/fr-CgauyyXq.js s=200 d=94µs s=6301
INF http m=GET p=/api/v1/auth/me s=200 d=844µs s=172
INF http m=GET p=/assets/en-BOb8f2G7.js s=200 d=65µs s=5207
INF http m=GET p=/assets/es-DHO8DnB9.js s=200 d=59µs s=6015
INF http m=GET p=/assets/emoji-groups-tsNE8Axz.js s=200 d=136µs s=13852
INF http m=GET p=/api/v1/notifications/unread-count s=200 d=191µs s=25
INF http m=GET p=/favicon.png s=200 d=42µs s=449
INF http m=GET p=/sw.js s=200 d=98µs s=5540
INF http m=GET p=/assets/de-qJeflSp6.js s=200 d=923µs s=6245
INF http m=GET p=/assets/WorkspaceSettingsPanel-CsUOm22X.css s=200 d=50µs s=1025
INF http m=GET p=/registerSW.js s=200 d=49µs s=87
INF http m=GET p=/assets/WorkspaceSettingsPanel-CM5oaFTF.js s=200 d=68µs s=4443
INF http m=GET p=/index.html s=200 d=53µs s=542
INF http m=GET p=/assets/ServerSettingsPanel-pbgISWIv.css s=200 d=26µs s=596
INF http m=GET p=/assets/ServerSettingsPanel-C8C6nm9a.js s=200 d=59µs s=2550
INF http m=GET p=/icon.svg s=200 d=42µs s=195
INF http m=GET p=/assets/ResourceQuotaForm-DTSj8Ta5.css s=200 d=39µs s=302
INF http m=GET p=/icon-512.png s=200 d=49µs s=6498
INF http m=GET p=/assets/ResourceQuotaForm-D6gJNn3N.js s=200 d=35µs s=812
INF http m=GET p=/icon-192.png s=200 d=53µs s=2468
INF http m=GET p=/assets/ProfileSettings-rthGIjGN.js s=200 d=85µs s=4319
INF http m=GET p=/favicon.png s=200 d=41µs s=449
INF http m=GET p=/assets/ProfileSettings-D5kbNfHV.css s=200 d=45µs s=1220
INF http m=GET p=/apple-touch-icon.png s=200 d=41µs s=2298
INF http m=GET p=/assets/OrgSettingsPanel-BP8s6T0h.css s=200 d=288µs s=511
INF http m=GET p=/assets/OrgSettingsPanel-B78NX7Vn.js s=200 d=42µs s=2302
INF http m=GET p=/assets/InviteForm-R7w4u6kW.js s=200 d=49µs s=1267
INF http m=GET p=/assets/InviteForm-CW-wgFWD.css s=200 d=51µs s=414
INF http m=GET p=/assets/material-symbols-names-mOXCVt15.js s=200 d=81µs s=15793
INF http m=GET p=/assets/Editor-BYBWY7b1.css s=200 d=39µs s=2240
INF http m=GET p=/assets/Editor-5FlZhQpN.js s=200 d=89µs s=13509
INF http m=GET p=/assets/AdminDashboard-R0heLGro.css s=200 d=52µs s=601
INF http m=GET p=/assets/AdminDashboard-D3Sw1IyX.js s=200 d=95µs s=2075
INF http m=GET p=/assets/fr-CgauyyXq.js s=200 d=78µs s=6301
INF http m=GET p=/manifest.webmanifest s=200 d=29µs s=199
INF http m=GET p=/assets/es-DHO8DnB9.js s=200 d=67µs s=6015
INF http m=GET p=/assets/emoji-groups-tsNE8Axz.js s=200 d=168µs s=13852
INF http m=GET p=/assets/de-qJeflSp6.js s=200 d=104µs s=6245
INF http m=GET p=/assets/WorkspaceSettingsPanel-CsUOm22X.css s=200 d=44µs s=1025
INF http m=GET p=/assets/WorkspaceSettingsPanel-CM5oaFTF.js s=200 d=60µs s=4443
INF http m=GET p=/assets/ServerSettingsPanel-pbgISWIv.css s=200 d=41µs s=596
INF http m=GET p=/assets/ServerSettingsPanel-C8C6nm9a.js s=200 d=52µs s=2550
INF http m=GET p=/assets/ResourceQuotaForm-DTSj8Ta5.css s=200 d=28µs s=302
INF http m=GET p=/assets/ResourceQuotaForm-D6gJNn3N.js s=200 d=32µs s=812
INF http m=GET p=/assets/ProfileSettings-rthGIjGN.js s=200 d=82µs s=4319
INF http m=GET p=/assets/ProfileSettings-D5kbNfHV.css s=200 d=38µs s=1220
INF http m=GET p=/assets/OrgSettingsPanel-BP8s6T0h.css s=200 d=35µs s=511
INF http m=GET p=/assets/OrgSettingsPanel-B78NX7Vn.js s=200 d=43µs s=2302
INF http m=GET p=/assets/InviteForm-R7w4u6kW.js s=200 d=37µs s=1267
INF http m=GET p=/assets/InviteForm-CW-wgFWD.css s=200 d=34µs s=414
INF http m=GET p=/assets/Editor-BYBWY7b1.css s=200 d=95µs s=2240
INF http m=GET p=/assets/Editor-5FlZhQpN.js s=200 d=115µs s=13509
INF http m=GET p=/assets/AdminDashboard-R0heLGro.css s=200 d=34µs s=601
INF http m=GET p=/assets/AdminDashboard-D3Sw1IyX.js s=200 d=37µs s=2075
INF http m=GET p=/manifest.webmanifest s=200 d=31µs s=199
INF http m=POST p=/api/v1/organizations/441O9RUK4000/workspaces s=200 d=508ms s=309
INF http m=POST p=/api/v1/organizations s=200 d=395ms s=357
INF http m=GET p=/api/v1/auth/me s=200 d=559µs s=256
INF http m=POST p=/api/v1/auth/switch-workspace s=200 d=42.1ms s=586
INF http m=GET p=/api/v1/notifications/unread-count s=200 d=3.86ms s=25
INF http m=GET p=/api/v1/workspaces/441O9SMBM000/members s=200 d=4.51ms s=129
INF http m=GET p=/api/v1/workspaces/441O9SMBM000/nodes/0/children s=200 d=6.63ms s=26
INF http m=POST p=/api/v1/organizations/441O9TDJK000/workspaces s=200 d=259ms s=305
INF http m=POST p=/api/v1/workspaces/441O9SMBM000/nodes/0/page/create s=200 d=196ms s=35
INF http m=GET p=/api/v1/workspaces/441O9SMBM000/nodes/0/children s=200 d=219µs s=257
INF http m=GET p=/api/v1/workspaces/441O9SMBM000/nodes/441OA08UK000 s=200 d=243µs s=245
INF http m=POST p=/api/v1/auth/switch-workspace s=200 d=37.8ms s=569
INF http m=GET p=/api/v1/notifications/unread-count s=200 d=181µs s=25
INF http m=GET p=/api/v1/workspaces/441O9VRN2000/nodes/0/children s=200 d=363µs s=26
INF http m=GET p=/api/v1/workspaces/441O9VRN2000/members s=200 d=1.65ms s=124
INF http m=POST p=/api/v1/workspaces/441O9VRN2000/nodes/0/page/create s=200 d=22.3ms s=35
INF http m=GET p=/api/v1/workspaces/441O9VRN2000/nodes/0/children s=200 d=1.35ms s=257
INF http m=GET p=/api/v1/workspaces/441O9VRN2000/nodes/441OA1PPS000 s=200 d=272µs s=245
INF http m=POST p=/api/v1/workspaces/441O9VRN2000/nodes/0/page/create s=200 d=17ms s=26
INF http m=POST p=/api/v1/workspaces/441O9VRN2000/nodes/0/page/create s=200 d=16.4ms s=26
INF http m=GET p=/w/@441O9VRN2000+workspace/@441OA1PPS000+welcome s=200 d=43µs s=542
INF http m=GET p=/api/v1/workspaces/441O9VRN2000/events s=200 d=216ms s=261
INF http m=GET p=/api/v1/auth/me s=200 d=232µs s=356
INF http m=GET p=/api/v1/notifications/unread-count s=200 d=215µs s=25
INF http m=GET p=/api/v1/workspaces/441O9VRN2000/nodes/0/children s=200 d=419µs s=266
INF http m=GET p=/api/v1/workspaces/441O9VRN2000/members s=200 d=320µs s=124
INF http m=GET p=/api/v1/workspaces/441O9VRN2000/nodes/441OA1PPS000 s=200 d=1.08ms s=245
INF http m=GET p=/api/v1/workspaces/441O9VRN2000/nodes/441OA2R14000 s=200 d=833µs s=136
INF http m=GET p=/api/v1/workspaces/441O9SMBM000/events s=200 d=649ms s=202
INF http m=POST p=/api/v1/auth/register s=200 d=143ms s=401
INF http m=GET p=/ s=200 d=70µs s=542
INF http m=GET p=/registerSW.js s=200 d=50µs s=87
INF http m=GET p=/assets/vendor-C3WBU0hm.js s=200 d=176µs s=29762
INF http m=GET p=/assets/index-SHhnYNGf.js s=200 d=119µs s=49792
INF http m=GET p=/assets/editor-vendor-Bje_VwYD.js s=200 d=176µs s=117396
INF http m=GET p=/assets/index-DPQ8uk7g.css s=200 d=100µs s=12402
INF http m=GET p=/api/v1/workspaces/441O9VRN2000/nodes/441OA2V1S000 s=200 d=3.44ms s=136
INF http m=POST p=/api/v1/workspaces/441O9VRN2000/nodes/441OA2R14000/page s=200 d=51.8ms s=35
INF http m=GET p=/assets/en-BOb8f2G7.js s=200 d=115µs s=5207
INF http m=GET p=/api/v1/auth/me s=200 d=596µs s=165
INF http m=GET p=/favicon.png s=200 d=42µs s=449
INF http m=GET p=/api/v1/notifications/unread-count s=200 d=264µs s=25
INF http m=GET p=/sw.js s=200 d=171µs s=5540
INF http m=GET p=/api/v1/workspaces/441O9VRN2000/events s=200 d=693ms s=203
INF http m=GET p=/registerSW.js s=200 d=40µs s=87
INF http m=GET p=/index.html s=200 d=42µs s=542
INF http m=GET p=/icon.svg s=200 d=66µs s=195
INF http m=GET p=/icon-512.png s=200 d=116µs s=6498
INF http m=GET p=/icon-192.png s=200 d=63µs s=2468
INF http m=GET p=/favicon.png s=200 d=39µs s=449
INF http m=GET p=/apple-touch-icon.png s=200 d=40µs s=2298
INF http m=POST p=/api/v1/organizations s=200 d=71.4ms s=354
INF http m=GET p=/api/v1/auth/me s=200 d=238µs s=254
INF http m=GET p=/assets/material-symbols-names-mOXCVt15.js s=200 d=99µs s=15793
INF http m=GET p=/assets/fr-CgauyyXq.js s=200 d=103µs s=6301
INF http m=GET p=/assets/es-DHO8DnB9.js s=200 d=88µs s=6015
INF http m=GET p=/assets/emoji-groups-tsNE8Axz.js s=200 d=3.62ms s=13852
INF http m=GET p=/assets/de-qJeflSp6.js s=200 d=78µs s=6245
INF http m=GET p=/assets/WorkspaceSettingsPanel-CsUOm22X.css s=200 d=48µs s=1025
INF http m=GET p=/assets/WorkspaceSettingsPanel-CM5oaFTF.js s=200 d=83µs s=4443
INF http m=GET p=/assets/ServerSettingsPanel-pbgISWIv.css s=200 d=1.78ms s=596
INF http m=GET p=/assets/ServerSettingsPanel-C8C6nm9a.js s=200 d=66µs s=2550
INF http m=GET p=/assets/ResourceQuotaForm-DTSj8Ta5.css s=200 d=34µs s=302
INF http m=GET p=/assets/ResourceQuotaForm-D6gJNn3N.js s=200 d=33µs s=812
INF http m=GET p=/assets/ProfileSettings-rthGIjGN.js s=200 d=79µs s=4319
INF http m=GET p=/assets/ProfileSettings-D5kbNfHV.css s=200 d=49µs s=1220
INF http m=GET p=/assets/OrgSettingsPanel-BP8s6T0h.css s=200 d=32µs s=511
INF http m=GET p=/assets/OrgSettingsPanel-B78NX7Vn.js s=200 d=39µs s=2302
INF http m=GET p=/assets/InviteForm-R7w4u6kW.js s=200 d=71µs s=1267
INF http m=GET p=/assets/InviteForm-CW-wgFWD.css s=200 d=41µs s=414
INF http m=GET p=/assets/Editor-BYBWY7b1.css s=200 d=39µs s=2240
INF http m=GET p=/assets/Editor-5FlZhQpN.js s=200 d=71µs s=13509
INF http m=GET p=/assets/AdminDashboard-R0heLGro.css s=200 d=46µs s=601
INF http m=GET p=/assets/AdminDashboard-D3Sw1IyX.js s=200 d=52µs s=2075
INF http m=GET p=/manifest.webmanifest s=200 d=35µs s=199
INF http m=POST p=/api/v1/organizations/441OA80LI000/workspaces s=200 d=486ms s=300
INF http m=POST p=/api/v1/auth/register s=200 d=381ms s=392
INF http m=GET p=/ s=200 d=60µs s=542
INF http m=GET p=/assets/index-SHhnYNGf.js s=200 d=172µs s=49792
INF http m=GET p=/assets/index-DPQ8uk7g.css s=200 d=530µs s=12402
INF http m=GET p=/assets/editor-vendor-Bje_VwYD.js s=200 d=182µs s=117396
INF http m=GET p=/assets/vendor-C3WBU0hm.js s=200 d=132µs s=29762
INF http m=GET p=/registerSW.js s=200 d=38µs s=87
INF http m=POST p=/api/v1/auth/switch-workspace s=200 d=93.3ms s=575
INF http m=GET p=/api/v1/notifications/unread-count s=200 d=328µs s=25
INF http m=GET p=/api/v1/workspaces/441OA8JK8000/members s=200 d=2.08ms s=122
INF http m=GET p=/api/v1/workspaces/441OA8JK8000/nodes/0/children s=200 d=4.44ms s=26
INF http m=POST p=/api/v1/workspaces/441OA8JK8000/nodes/0/page/create s=200 d=28.2ms s=35
INF http m=GET p=/api/v1/workspaces/441OA8JK8000/nodes/0/children s=200 d=357µs s=257
INF http m=GET p=/api/v1/auth/me s=200 d=1.29ms s=164
INF http m=GET p=/assets/en-BOb8f2G7.js s=200 d=639µs s=5207
INF http m=GET p=/api/v1/workspaces/441OA8JK8000/nodes/441OACHBA000 s=200 d=822µs s=245
INF http m=GET p=/favicon.png s=200 d=42µs s=449
INF http m=GET p=/api/v1/notifications/unread-count s=200 d=216µs s=25
INF http m=GET p=/sw.js s=200 d=145µs s=5540
INF http m=GET p=/registerSW.js s=200 d=30µs s=87
INF http m=GET p=/index.html s=200 d=37µs s=542
INF http m=GET p=/icon.svg s=200 d=39µs s=195
INF http m=GET p=/icon-512.png s=200 d=74µs s=6498
INF http m=POST p=/api/v1/organizations s=200 d=57.4ms s=354
INF http m=GET p=/icon-192.png s=200 d=45µs s=2468
INF http m=GET p=/api/v1/auth/me s=200 d=1.87ms s=252
INF http m=GET p=/favicon.png s=200 d=37µs s=449
INF http m=GET p=/apple-touch-icon.png s=200 d=80µs s=2298
INF http m=GET p=/assets/material-symbols-names-mOXCVt15.js s=200 d=187µs s=15793
INF http m=GET p=/assets/fr-CgauyyXq.js s=200 d=98µs s=6301
INF http m=GET p=/assets/es-DHO8DnB9.js s=200 d=134µs s=6015
INF http m=GET p=/assets/emoji-groups-tsNE8Axz.js s=200 d=110µs s=13852
INF http m=GET p=/assets/de-qJeflSp6.js s=200 d=97µs s=6245
INF http m=GET p=/api/v1/notifications/unread-count s=200 d=753µs s=25
INF http m=GET p=/assets/WorkspaceSettingsPanel-CsUOm22X.css s=200 d=38µs s=1025
INF http m=GET p=/api/v1/workspaces/441OA8JK8000/events s=200 d=283ms s=207
INF http m=GET p=/assets/WorkspaceSettingsPanel-CM5oaFTF.js s=200 d=92µs s=4443
INF http m=GET p=/assets/ServerSettingsPanel-pbgISWIv.css s=200 d=38µs s=596
INF http m=GET p=/assets/ServerSettingsPanel-C8C6nm9a.js s=200 d=50µs s=2550
INF http m=GET p=/api/v1/auth/providers s=200 d=286µs s=59
INF http m=GET p=/api/v1/notifications/preferences s=200 d=617µs s=127
INF http m=GET p=/assets/ResourceQuotaForm-DTSj8Ta5.css s=200 d=32µs s=302
INF http m=GET p=/assets/ResourceQuotaForm-D6gJNn3N.js s=200 d=34µs s=812
INF http m=GET p=/assets/ProfileSettings-rthGIjGN.js s=200 d=120µs s=4319
INF http m=GET p=/assets/ProfileSettings-D5kbNfHV.css s=200 d=50µs s=1220
INF http m=GET p=/assets/OrgSettingsPanel-BP8s6T0h.css s=200 d=35µs s=511
INF http m=GET p=/assets/OrgSettingsPanel-B78NX7Vn.js s=200 d=37µs s=2302
INF http m=GET p=/assets/InviteForm-R7w4u6kW.js s=200 d=40µs s=1267
INF http m=GET p=/assets/InviteForm-CW-wgFWD.css s=200 d=40µs s=414
INF http m=GET p=/assets/Editor-BYBWY7b1.css s=200 d=40µs s=2240
INF http m=GET p=/assets/Editor-5FlZhQpN.js s=200 d=119µs s=13509
INF http m=GET p=/assets/AdminDashboard-R0heLGro.css s=200 d=24µs s=601
INF http m=GET p=/assets/AdminDashboard-D3Sw1IyX.js s=200 d=35µs s=2075
INF http m=GET p=/manifest.webmanifest s=200 d=28µs s=199
INF http m=POST p=/api/v1/organizations/441OACSLG000/workspaces s=200 d=327ms s=301
INF http m=POST p=/api/v1/auth/settings s=200 d=112ms s=308
INF http m=POST p=/api/v1/auth/switch-workspace s=200 d=35.7ms s=578
INF http m=GET p=/api/v1/notifications/unread-count s=200 d=219µs s=25
INF http m=GET p=/api/v1/workspaces/441OAD9R0000/nodes/0/children s=200 d=552µs s=26
INF http m=GET p=/api/v1/workspaces/441OAD9R0000/members s=200 d=1.27ms s=128
INF http m=POST p=/api/v1/workspaces/441OAD9R0000/nodes/0/page/create s=200 d=22.9ms s=35
INF http m=GET p=/api/v1/workspaces/441OAD9R0000/nodes/0/children s=200 d=298µs s=257
INF http m=GET p=/api/v1/workspaces/441OAD9R0000/nodes/441OAFK46000 s=200 d=261µs s=245
INF http m=POST p=/api/v1/auth/register s=200 d=117ms s=394
INF http m=GET p=/ s=200 d=74µs s=542
INF http m=GET p=/registerSW.js s=200 d=59µs s=87
INF http m=GET p=/assets/editor-vendor-Bje_VwYD.js s=200 d=184µs s=117396
INF http m=GET p=/assets/vendor-C3WBU0hm.js s=200 d=118µs s=29762
INF http m=GET p=/assets/index-DPQ8uk7g.css s=200 d=100µs s=12402
INF http m=GET p=/assets/index-SHhnYNGf.js s=200 d=102µs s=49792
INF http m=GET p=/api/v1/auth/me s=200 d=328µs s=168
INF http m=GET p=/assets/en-BOb8f2G7.js s=200 d=103µs s=5207
INF http m=GET p=/api/v1/notifications/unread-count s=200 d=359µs s=25
INF http m=GET p=/sw.js s=200 d=79µs s=5540
INF http m=GET p=/api/v1/notifications/unread-count s=200 d=536µs s=25
INF http m=GET p=/favicon.png s=200 d=44µs s=449
INF http m=GET p=/api/v1/workspaces/441OAD9R0000/events s=200 d=583ms s=206
INF http m=GET p=/registerSW.js s=200 d=38µs s=87
INF http m=GET p=/api/v1/auth/providers s=200 d=585µs s=59
INF http m=GET p=/api/v1/notifications/preferences s=200 d=2.42ms s=127
INF http m=GET p=/index.html s=200 d=42µs s=542
INF http m=POST p=/api/v1/organizations s=200 d=80.5ms s=353
INF http m=GET p=/api/v1/auth/me s=200 d=242µs s=254
INF http m=GET p=/icon.svg s=200 d=33µs s=195
INF http m=GET p=/icon-512.png s=200 d=118µs s=6498
INF http m=GET p=/icon-192.png s=200 d=58µs s=2468
INF http m=GET p=/favicon.png s=200 d=92µs s=449
INF http m=GET p=/apple-touch-icon.png s=200 d=47µs s=2298
INF http m=GET p=/assets/material-symbols-names-mOXCVt15.js s=200 d=108µs s=15793
INF http m=GET p=/assets/fr-CgauyyXq.js s=200 d=71µs s=6301
INF http m=GET p=/assets/es-DHO8DnB9.js s=200 d=81µs s=6015
INF http m=GET p=/assets/emoji-groups-tsNE8Axz.js s=200 d=89µs s=13852
INF http m=GET p=/assets/de-qJeflSp6.js s=200 d=100µs s=6245
INF http m=GET p=/assets/WorkspaceSettingsPanel-CsUOm22X.css s=200 d=36µs s=1025
INF http m=GET p=/assets/WorkspaceSettingsPanel-CM5oaFTF.js s=200 d=64µs s=4443
INF http m=GET p=/assets/ServerSettingsPanel-pbgISWIv.css s=200 d=32µs s=596
INF http m=GET p=/assets/ServerSettingsPanel-C8C6nm9a.js s=200 d=40µs s=2550
INF http m=GET p=/assets/ResourceQuotaForm-DTSj8Ta5.css s=200 d=29µs s=302
INF http m=GET p=/assets/ResourceQuotaForm-D6gJNn3N.js s=200 d=26µs s=812
INF http m=GET p=/assets/ProfileSettings-rthGIjGN.js s=200 d=53µs s=4319
INF http m=GET p=/assets/ProfileSettings-D5kbNfHV.css s=200 d=29µs s=1220
INF http m=GET p=/assets/OrgSettingsPanel-BP8s6T0h.css s=200 d=27µs s=511
INF http m=GET p=/assets/OrgSettingsPanel-B78NX7Vn.js s=200 d=34µs s=2302
INF http m=GET p=/assets/InviteForm-R7w4u6kW.js s=200 d=26µs s=1267
INF http m=GET p=/assets/InviteForm-CW-wgFWD.css s=200 d=24µs s=414
INF http m=GET p=/assets/Editor-BYBWY7b1.css s=200 d=32µs s=2240
INF http m=GET p=/assets/Editor-5FlZhQpN.js s=200 d=80µs s=13509
INF http m=GET p=/assets/AdminDashboard-R0heLGro.css s=200 d=25µs s=601
INF http m=GET p=/assets/AdminDashboard-D3Sw1IyX.js s=200 d=34µs s=2075
INF http m=GET p=/manifest.webmanifest s=200 d=29µs s=199
INF http m=POST p=/api/v1/organizations/441OAIRQA000/workspaces s=200 d=337ms s=300
INF http m=POST p=/api/v1/auth/settings s=200 d=253ms s=308
INF http m=POST p=/api/v1/auth/switch-workspace s=200 d=35.6ms s=573
INF http m=GET p=/api/v1/notifications/unread-count s=200 d=235µs s=25
INF http m=GET p=/api/v1/workspaces/441OAJE52000/nodes/0/children s=200 d=2.39ms s=26
INF http m=GET p=/api/v1/workspaces/441OAJE52000/members s=200 d=3.74ms s=130
INF http m=POST p=/api/v1/workspaces/441OAJE52000/nodes/0/page/create s=200 d=19.4ms s=35
INF http m=GET p=/api/v1/workspaces/441OAJE52000/nodes/0/children s=200 d=480µs s=257
INF http m=GET p=/api/v1/workspaces/441OAJE52000/nodes/441OALQSE000 s=200 d=662µs s=245
INF http m=GET p=/api/v1/notifications/unread-count s=200 d=203µs s=25
INF http m=GET p=/api/v1/workspaces/441OAD9R0000/nodes/441OAFK46000 s=200 d=2.57ms s=245
INF http m=GET p=/api/v1/workspaces/441OAD9R0000/nodes/0/children s=200 d=4.8ms s=257
INF http m=GET p=/api/v1/workspaces/441OAD9R0000/members s=200 d=2.76ms s=128
INF http m=GET p=/api/v1/workspaces/441OAD9R0000/events s=200 d=24.7ms s=93
INF http m=POST p=/api/v1/auth/register s=200 d=132ms s=409
INF http m=GET p=/ s=200 d=53µs s=542
INF http m=GET p=/assets/index-SHhnYNGf.js s=200 d=241µs s=49792
INF http m=GET p=/assets/index-DPQ8uk7g.css s=200 d=133µs s=12402
INF http m=GET p=/assets/editor-vendor-Bje_VwYD.js s=200 d=199µs s=117396
INF http m=GET p=/assets/vendor-C3WBU0hm.js s=200 d=188µs s=29762
INF http m=GET p=/registerSW.js s=200 d=41µs s=87
INF http m=GET p=/assets/en-BOb8f2G7.js s=200 d=96µs s=5207
INF http m=GET p=/api/v1/auth/me s=200 d=2.36ms s=170
INF http m=GET p=/api/v1/notifications/unread-count s=200 d=636µs s=25
INF http m=GET p=/favicon.png s=200 d=42µs s=449
INF http m=GET p=/api/v1/notifications/unread-count s=200 d=272µs s=25
INF http m=GET p=/sw.js s=200 d=82µs s=5540
INF http m=GET p=/api/v1/workspaces/441OAJE52000/events s=200 d=565ms s=207
INF http m=GET p=/api/v1/auth/providers s=200 d=357µs s=59
INF http m=GET p=/api/v1/notifications/preferences s=200 d=1.01ms s=127
INF http m=GET p=/registerSW.js s=200 d=65µs s=87
INF http m=GET p=/index.html s=200 d=49µs s=542
INF http m=GET p=/icon.svg s=200 d=60µs s=195
INF http m=POST p=/api/v1/organizations s=200 d=111ms s=358
INF http m=GET p=/icon-512.png s=200 d=89µs s=6498
INF http m=GET p=/api/v1/auth/me s=200 d=810µs s=257
INF http m=GET p=/icon-192.png s=200 d=54µs s=2468
INF http m=GET p=/favicon.png s=200 d=55µs s=449
INF http m=GET p=/apple-touch-icon.png s=200 d=45µs s=2298
INF http m=GET p=/assets/material-symbols-names-mOXCVt15.js s=200 d=95µs s=15793
INF http m=GET p=/assets/fr-CgauyyXq.js s=200 d=133µs s=6301
INF http m=GET p=/assets/es-DHO8DnB9.js s=200 d=80µs s=6015
INF http m=GET p=/assets/emoji-groups-tsNE8Axz.js s=200 d=265µs s=13852
INF http m=GET p=/assets/de-qJeflSp6.js s=200 d=115µs s=6245
INF http m=GET p=/assets/WorkspaceSettingsPanel-CsUOm22X.css s=200 d=51µs s=1025
INF http m=GET p=/assets/WorkspaceSettingsPanel-CM5oaFTF.js s=200 d=65µs s=4443
INF http m=GET p=/assets/ServerSettingsPanel-pbgISWIv.css s=200 d=40µs s=596
INF http m=GET p=/assets/ServerSettingsPanel-C8C6nm9a.js s=200 d=46µs s=2550
INF http m=GET p=/assets/ResourceQuotaForm-DTSj8Ta5.css s=200 d=45µs s=302
INF http m=GET p=/assets/ResourceQuotaForm-D6gJNn3N.js s=200 d=30µs s=812
INF http m=GET p=/assets/ProfileSettings-rthGIjGN.js s=200 d=64µs s=4319
INF http m=GET p=/assets/ProfileSettings-D5kbNfHV.css s=200 d=32µs s=1220
INF http m=GET p=/assets/OrgSettingsPanel-BP8s6T0h.css s=200 d=32µs s=511
INF http m=GET p=/assets/OrgSettingsPanel-B78NX7Vn.js s=200 d=33µs s=2302
INF http m=GET p=/assets/InviteForm-R7w4u6kW.js s=200 d=30µs s=1267
INF http m=GET p=/assets/InviteForm-CW-wgFWD.css s=200 d=37µs s=414
INF http m=GET p=/assets/Editor-BYBWY7b1.css s=200 d=42µs s=2240
INF http m=GET p=/assets/Editor-5FlZhQpN.js s=200 d=88µs s=13509
INF http m=GET p=/assets/AdminDashboard-R0heLGro.css s=200 d=37µs s=601
INF http m=GET p=/assets/AdminDashboard-D3Sw1IyX.js s=200 d=46µs s=2075
INF http m=GET p=/manifest.webmanifest s=200 d=36µs s=199
INF http m=POST p=/api/v1/auth/settings s=200 d=262ms s=313
INF http m=POST p=/api/v1/organizations/441OAP0F6000/workspaces s=200 d=325ms s=301
INF http m=POST p=/api/v1/auth/switch-workspace s=200 d=31.7ms s=568
INF http m=GET p=/api/v1/notifications/unread-count s=200 d=165µs s=25
INF http m=GET p=/api/v1/workspaces/441OAPNVG000/nodes/0/children s=200 d=1.53ms s=26
INF http m=GET p=/api/v1/workspaces/441OAPNVG000/members s=200 d=2.36ms s=121
INF http m=POST p=/api/v1/workspaces/441OAPNVG000/nodes/0/page/create s=200 d=19.7ms s=35
INF http m=GET p=/api/v1/workspaces/441OAPNVG000/nodes/0/children s=200 d=274µs s=257
INF http m=GET p=/api/v1/workspaces/441OAPNVG000/nodes/441OAS1JA000 s=200 d=205µs s=245
INF http m=GET p=/api/v1/notifications/unread-count s=200 d=201µs s=25
INF http m=GET p=/api/v1/workspaces/441OAJE52000/members s=200 d=173µs s=130
INF http m=GET p=/api/v1/workspaces/441OAJE52000/nodes/0/children s=200 d=302µs s=257
INF http m=GET p=/api/v1/workspaces/441OAJE52000/nodes/441OALQSE000 s=200 d=703µs s=245
INF http m=GET p=/w/@441OAJE52000+workspace/@441OALQSE000+welcome s=200 d=38µs s=542
INF http m=GET p=/api/v1/workspaces/441OAJE52000/events s=200 d=21.7ms s=93
INF http m=GET p=/api/v1/auth/me s=200 d=645µs s=351
INF http m=GET p=/api/v1/notifications/unread-count s=200 d=268µs s=25
INF http m=GET p=/api/v1/workspaces/441OAJE52000/members s=200 d=493µs s=130
INF http m=GET p=/api/v1/workspaces/441OAJE52000/nodes/441OALQSE000 s=200 d=2.33ms s=245
INF http m=GET p=/api/v1/workspaces/441OAJE52000/nodes/0/children s=200 d=5.64ms s=257
INF http m=GET p=/api/v1/workspaces/441OAJE52000/events s=200 d=30ms s=93
INF http m=GET p=/api/v1/notifications/unread-count s=200 d=224µs s=25
INF http m=POST p=/api/v1/auth/register s=200 d=140ms s=392
INF http m=GET p=/ s=200 d=65µs s=542
INF http m=GET p=/api/v1/workspaces/441OAPNVG000/events s=200 d=484ms s=206
INF http m=GET p=/api/v1/auth/providers s=200 d=461µs s=59
INF http m=GET p=/api/v1/notifications/preferences s=200 d=749µs s=127
INF http m=GET p=/assets/index-SHhnYNGf.js s=200 d=212µs s=49792
INF http m=GET p=/assets/index-DPQ8uk7g.css s=200 d=161µs s=12402
INF http m=GET p=/assets/editor-vendor-Bje_VwYD.js s=200 d=205µs s=117396
INF http m=GET p=/registerSW.js s=200 d=30µs s=87
INF http m=GET p=/assets/vendor-C3WBU0hm.js s=200 d=170µs s=29762
INF http m=GET p=/api/v1/auth/me s=200 d=713µs s=167
INF http m=GET p=/assets/en-BOb8f2G7.js s=200 d=75µs s=5207
INF http m=GET p=/api/v1/notifications/unread-count s=200 d=177µs s=25
INF http m=GET p=/sw.js s=200 d=78µs s=5540
INF http m=POST p=/api/v1/auth/settings s=200 d=74.4ms s=314
INF http m=GET p=/favicon.png s=200 d=49µs s=449
INF http m=GET p=/registerSW.js s=200 d=46µs s=87
INF http m=GET p=/index.html s=200 d=35µs s=542
INF http m=GET p=/icon.svg s=200 d=38µs s=195
INF http m=GET p=/icon-512.png s=200 d=84µs s=6498
INF http m=GET p=/icon-192.png s=200 d=43µs s=2468
INF http m=POST p=/api/v1/organizations s=200 d=71.8ms s=353
INF http m=GET p=/api/v1/auth/me s=200 d=629µs s=255
INF http m=GET p=/favicon.png s=200 d=40µs s=449
INF http m=GET p=/apple-touch-icon.png s=200 d=50µs s=2298
INF http m=GET p=/assets/material-symbols-names-mOXCVt15.js s=200 d=138µs s=15793
INF http m=GET p=/assets/fr-CgauyyXq.js s=200 d=70µs s=6301
INF http m=GET p=/assets/es-DHO8DnB9.js s=200 d=101µs s=6015
INF http m=GET p=/assets/emoji-groups-tsNE8Axz.js s=200 d=95µs s=13852
INF http m=GET p=/assets/de-qJeflSp6.js s=200 d=71µs s=6245
INF http m=GET p=/assets/WorkspaceSettingsPanel-CsUOm22X.css s=200 d=94µs s=1025
INF http m=GET p=/assets/WorkspaceSettingsPanel-CM5oaFTF.js s=200 d=161µs s=4443
INF http m=GET p=/assets/ServerSettingsPanel-pbgISWIv.css s=200 d=41µs s=596
INF http m=GET p=/assets/ServerSettingsPanel-C8C6nm9a.js s=200 d=36µs s=2550
INF http m=GET p=/assets/ResourceQuotaForm-DTSj8Ta5.css s=200 d=45µs s=302
INF http m=GET p=/assets/ResourceQuotaForm-D6gJNn3N.js s=200 d=33µs s=812
INF http m=GET p=/assets/ProfileSettings-rthGIjGN.js s=200 d=94µs s=4319
INF http m=GET p=/assets/ProfileSettings-D5kbNfHV.css s=200 d=31µs s=1220
INF http m=GET p=/assets/OrgSettingsPanel-BP8s6T0h.css s=200 d=31µs s=511
INF http m=GET p=/assets/OrgSettingsPanel-B78NX7Vn.js s=200 d=49µs s=2302
INF http m=GET p=/assets/InviteForm-R7w4u6kW.js s=200 d=39µs s=1267
INF http m=GET p=/assets/InviteForm-CW-wgFWD.css s=200 d=31µs s=414
INF http m=GET p=/assets/Editor-BYBWY7b1.css s=200 d=38µs s=2240
INF http m=GET p=/assets/Editor-5FlZhQpN.js s=200 d=130µs s=13509
INF http m=GET p=/assets/AdminDashboard-R0heLGro.css s=200 d=30µs s=601
INF http m=GET p=/assets/AdminDashboard-D3Sw1IyX.js s=200 d=33µs s=2075
INF http m=GET p=/manifest.webmanifest s=200 d=26µs s=199
INF http m=POST p=/api/v1/organizations/441OB02FC000/workspaces s=200 d=315ms s=300
INF http m=POST p=/api/v1/auth/settings s=200 d=267ms s=313
INF http m=POST p=/api/v1/auth/switch-workspace s=200 d=35.8ms s=600
INF http m=GET p=/api/v1/notifications/unread-count s=200 d=184µs s=25
INF http m=GET p=/api/v1/workspaces/441OB0I0G000/nodes/0/children s=200 d=314µs s=26
INF http m=GET p=/api/v1/workspaces/441OB0I0G000/members s=200 d=2.76ms s=117
INF http m=POST p=/api/v1/workspaces/441OB0I0G000/nodes/0/page/create s=200 d=19.1ms s=35
INF http m=GET p=/api/v1/workspaces/441OB0I0G000/nodes/0/children s=200 d=302µs s=257
INF http m=GET p=/api/v1/workspaces/441OB0I0G000/nodes/441OB2QBI000 s=200 d=322µs s=245
INF http m=GET p=/api/v1/notifications/unread-count s=200 d=778µs s=25
INF http m=GET p=/api/v1/workspaces/441OAPNVG000/members s=200 d=636µs s=121
INF http m=GET p=/api/v1/workspaces/441OAPNVG000/nodes/441OAS1JA000 s=200 d=2.73ms s=245
INF http m=GET p=/api/v1/workspaces/441OAPNVG000/nodes/0/children s=200 d=4.39ms s=257
INF http m=GET p=/api/v1/workspaces/441OAPNVG000/events s=200 d=22.7ms s=93
INF http m=POST p=/api/v1/auth/register s=200 d=120ms s=395
INF http m=GET p=/ s=200 d=55µs s=542
INF http m=GET p=/assets/index-DPQ8uk7g.css s=200 d=136µs s=12402
INF http m=GET p=/assets/index-SHhnYNGf.js s=200 d=573µs s=49792
INF http m=GET p=/assets/editor-vendor-Bje_VwYD.js s=200 d=224µs s=117396
INF http m=GET p=/registerSW.js s=200 d=48µs s=87
INF http m=GET p=/assets/vendor-C3WBU0hm.js s=200 d=94µs s=29762
INF http m=GET p=/api/v1/auth/me s=200 d=270µs s=164
INF http m=GET p=/assets/en-BOb8f2G7.js s=200 d=61µs s=5207
INF http m=GET p=/api/v1/notifications/unread-count s=200 d=199µs s=25
INF http m=GET p=/sw.js s=200 d=122µs s=5540
INF http m=GET p=/favicon.png s=200 d=50µs s=449
INF http m=GET p=/registerSW.js s=200 d=44µs s=87
INF http m=GET p=/index.html s=200 d=44µs s=542
INF http m=GET p=/icon.svg s=200 d=45µs s=195
INF http m=POST p=/api/v1/organizations s=200 d=61.9ms s=354
INF http m=GET p=/icon-512.png s=200 d=70µs s=6498
INF http m=GET p=/api/v1/auth/me s=200 d=275µs s=253
INF http m=GET p=/icon-192.png s=200 d=48µs s=2468
INF http m=GET p=/favicon.png s=200 d=32µs s=449
INF http m=GET p=/apple-touch-icon.png s=200 d=55µs s=2298
INF http m=GET p=/assets/material-symbols-names-mOXCVt15.js s=200 d=108µs s=15793
INF http m=GET p=/assets/fr-CgauyyXq.js s=200 d=138µs s=6301
INF http m=GET p=/assets/es-DHO8DnB9.js s=200 d=76µs s=6015
INF http m=GET p=/assets/emoji-groups-tsNE8Axz.js s=200 d=260µs s=13852
INF http m=GET p=/assets/de-qJeflSp6.js s=200 d=94µs s=6245
INF http m=GET p=/assets/WorkspaceSettingsPanel-CsUOm22X.css s=200 d=34µs s=1025
INF http m=GET p=/assets/WorkspaceSettingsPanel-CM5oaFTF.js s=200 d=1.68ms s=4443
INF http m=GET p=/assets/ServerSettingsPanel-pbgISWIv.css s=200 d=40µs s=596
INF http m=GET p=/assets/ServerSettingsPanel-C8C6nm9a.js s=200 d=38µs s=2550
INF http m=GET p=/assets/ResourceQuotaForm-DTSj8Ta5.css s=200 d=26µs s=302
INF http m=GET p=/assets/ResourceQuotaForm-D6gJNn3N.js s=200 d=40µs s=812
INF http m=GET p=/assets/ProfileSettings-rthGIjGN.js s=200 d=77µs s=4319
INF http m=GET p=/assets/ProfileSettings-D5kbNfHV.css s=200 d=38µs s=1220
INF http m=GET p=/assets/OrgSettingsPanel-BP8s6T0h.css s=200 d=29µs s=511
INF http m=GET p=/assets/OrgSettingsPanel-B78NX7Vn.js s=200 d=44µs s=2302
INF http m=GET p=/assets/InviteForm-R7w4u6kW.js s=200 d=29µs s=1267
INF http m=GET p=/assets/InviteForm-CW-wgFWD.css s=200 d=40µs s=414
INF http m=GET p=/assets/Editor-BYBWY7b1.css s=200 d=36µs s=2240
INF http m=GET p=/assets/Editor-5FlZhQpN.js s=200 d=65µs s=13509
INF http m=GET p=/assets/AdminDashboard-R0heLGro.css s=200 d=38µs s=601
INF http m=GET p=/assets/AdminDashboard-D3Sw1IyX.js s=200 d=50µs s=2075
INF http m=GET p=/manifest.webmanifest s=200 d=30µs s=199
INF http m=GET p=/api/v1/workspaces/441OB0I0G000/events s=200 d=889ms s=203
INF http m=POST p=/api/v1/organizations/441OB5R6K000/workspaces s=200 d=381ms s=304
INF http m=POST p=/api/v1/auth/switch-workspace s=200 d=53.3ms s=575
INF http m=GET p=/api/v1/notifications/unread-count s=200 d=485µs s=25
INF http m=GET p=/api/v1/workspaces/441OB68RG000/nodes/0/children s=200 d=628µs s=26
INF http m=GET p=/api/v1/workspaces/441OB68RG000/members s=200 d=769µs s=118
INF http m=POST p=/api/v1/workspaces/441OB68RG000/nodes/0/page/create s=200 d=40.7ms s=35
INF http m=GET p=/api/v1/workspaces/441OB68RG000/nodes/0/children s=200 d=271µs s=257
INF http m=GET p=/api/v1/workspaces/441OB68RG000/nodes/441OB97QQ000 s=200 d=291µs s=245
INF http m=POST p=/api/v1/auth/register s=200 d=143ms s=396
INF http m=GET p=/ s=200 d=57µs s=542
INF http m=GET p=/assets/index-SHhnYNGf.js s=200 d=172µs s=49792
INF http m=GET p=/assets/index-DPQ8uk7g.css s=200 d=128µs s=12402
INF http m=GET p=/assets/vendor-C3WBU0hm.js s=200 d=411µs s=29762
INF http m=GET p=/assets/editor-vendor-Bje_VwYD.js s=200 d=944µs s=117396
INF http m=GET p=/registerSW.js s=200 d=44µs s=87
INF http m=GET p=/api/v1/auth/me s=200 d=322µs s=166
INF http m=GET p=/assets/en-BOb8f2G7.js s=200 d=93µs s=5207
INF http m=GET p=/api/v1/notifications/unread-count s=200 d=871µs s=25
INF http m=GET p=/favicon.png s=200 d=34µs s=449
INF http m=GET p=/sw.js s=200 d=762µs s=5540
INF http m=GET p=/registerSW.js s=200 d=42µs s=87
INF http m=GET p=/index.html s=200 d=46µs s=542
INF http m=POST p=/api/v1/organizations s=200 d=65.3ms s=351
INF http m=GET p=/api/v1/auth/me s=200 d=287µs s=251
INF http m=GET p=/icon.svg s=200 d=49µs s=195
INF http m=GET p=/icon-512.png s=200 d=120µs s=6498
INF http m=GET p=/icon-192.png s=200 d=53µs s=2468
INF http m=GET p=/favicon.png s=200 d=69µs s=449
INF http m=GET p=/apple-touch-icon.png s=200 d=39µs s=2298
INF http m=GET p=/assets/material-symbols-names-mOXCVt15.js s=200 d=98µs s=15793
INF http m=GET p=/assets/fr-CgauyyXq.js s=200 d=97µs s=6301
INF http m=GET p=/assets/es-DHO8DnB9.js s=200 d=85µs s=6015
INF http m=GET p=/api/v1/workspaces/441OB68RG000/events s=200 d=532ms s=202
INF http m=GET p=/assets/emoji-groups-tsNE8Axz.js s=200 d=137µs s=13852
INF http m=GET p=/assets/de-qJeflSp6.js s=200 d=86µs s=6245
INF http m=GET p=/assets/WorkspaceSettingsPanel-CsUOm22X.css s=200 d=41µs s=1025
INF http m=GET p=/assets/WorkspaceSettingsPanel-CM5oaFTF.js s=200 d=81µs s=4443
INF http m=GET p=/assets/ServerSettingsPanel-pbgISWIv.css s=200 d=44µs s=596
INF http m=GET p=/assets/ServerSettingsPanel-C8C6nm9a.js s=200 d=55µs s=2550
INF http m=GET p=/assets/ResourceQuotaForm-DTSj8Ta5.css s=200 d=42µs s=302
INF http m=GET p=/assets/ResourceQuotaForm-D6gJNn3N.js s=200 d=43µs s=812
INF http m=GET p=/assets/ProfileSettings-rthGIjGN.js s=200 d=81µs s=4319
INF http m=GET p=/assets/ProfileSettings-D5kbNfHV.css s=200 d=44µs s=1220
INF http m=GET p=/assets/OrgSettingsPanel-BP8s6T0h.css s=200 d=43µs s=511
INF http m=GET p=/assets/OrgSettingsPanel-B78NX7Vn.js s=200 d=78µs s=2302
INF http m=GET p=/assets/InviteForm-R7w4u6kW.js s=200 d=55µs s=1267
INF http m=GET p=/assets/InviteForm-CW-wgFWD.css s=200 d=50µs s=414
INF http m=GET p=/assets/Editor-BYBWY7b1.css s=200 d=44µs s=2240
INF http m=GET p=/assets/Editor-5FlZhQpN.js s=200 d=90µs s=13509
INF http m=GET p=/assets/AdminDashboard-R0heLGro.css s=200 d=46µs s=601
INF http m=GET p=/assets/AdminDashboard-D3Sw1IyX.js s=200 d=49µs s=2075
INF http m=GET p=/manifest.webmanifest s=200 d=52µs s=199
INF http m=POST p=/api/v1/organizations/441OBB69G000/workspaces s=200 d=516ms s=297
INF http m=POST p=/api/v1/auth/register s=200 d=277ms s=398
INF http m=POST p=/api/v1/auth/switch-workspace s=200 d=45.1ms s=583
INF http m=GET p=/ s=200 d=50µs s=542
INF http m=GET p=/api/v1/notifications/unread-count s=200 d=220µs s=25
INF http m=GET p=/api/v1/workspaces/441OBBM3K000/nodes/0/children s=200 d=297µs s=26
INF http m=GET p=/api/v1/workspaces/441OBBM3K000/members s=200 d=165µs s=132
INF http m=GET p=/assets/index-SHhnYNGf.js s=200 d=137µs s=49792
INF http m=GET p=/assets/index-DPQ8uk7g.css s=200 d=228µs s=12402
INF http m=GET p=/assets/editor-vendor-Bje_VwYD.js s=200 d=185µs s=117396
INF http m=GET p=/assets/vendor-C3WBU0hm.js s=200 d=177µs s=29762
INF http m=GET p=/registerSW.js s=200 d=39µs s=87
INF http m=POST p=/api/v1/workspaces/441OBBM3K000/nodes/0/page/create s=200 d=33.2ms s=35
INF http m=GET p=/api/v1/workspaces/441OBBM3K000/nodes/0/children s=200 d=358µs s=257
INF http m=GET p=/api/v1/workspaces/441OBBM3K000/nodes/441OBFEF0000 s=200 d=304µs s=245
INF http m=GET p=/assets/en-BOb8f2G7.js s=200 d=131µs s=5207
INF http m=GET p=/api/v1/auth/me s=200 d=233µs s=169
INF http m=GET p=/api/v1/notifications/unread-count s=200 d=173µs s=25
INF http m=GET p=/favicon.png s=200 d=34µs s=449
INF http m=GET p=/sw.js s=200 d=68µs s=5540
INF http m=GET p=/registerSW.js s=200 d=41µs s=87
INF http m=GET p=/index.html s=200 d=32µs s=542
INF http m=GET p=/icon.svg s=200 d=27µs s=195
INF http m=GET p=/icon-512.png s=200 d=70µs s=6498
INF http m=POST p=/api/v1/organizations s=200 d=47.8ms s=352
INF http m=GET p=/api/v1/auth/me s=200 d=698µs s=254
INF http m=GET p=/icon-192.png s=200 d=79µs s=2468
INF http m=GET p=/favicon.png s=200 d=29µs s=449
INF http m=GET p=/apple-touch-icon.png s=200 d=90µs s=2298
INF http m=GET p=/assets/material-symbols-names-mOXCVt15.js s=200 d=92µs s=15793
INF http m=GET p=/assets/fr-CgauyyXq.js s=200 d=160µs s=6301
INF http m=GET p=/assets/es-DHO8DnB9.js s=200 d=69µs s=6015
INF http m=GET p=/assets/emoji-groups-tsNE8Axz.js s=200 d=88µs s=13852
INF http m=GET p=/assets/de-qJeflSp6.js s=200 d=100µs s=6245
INF http m=GET p=/assets/WorkspaceSettingsPanel-CsUOm22X.css s=200 d=38µs s=1025
INF http m=GET p=/assets/WorkspaceSettingsPanel-CM5oaFTF.js s=200 d=65µs s=4443
INF http m=GET p=/assets/ServerSettingsPanel-pbgISWIv.css s=200 d=37µs s=596
INF http m=GET p=/assets/ServerSettingsPanel-C8C6nm9a.js s=200 d=41µs s=2550
INF http m=GET p=/assets/ResourceQuotaForm-DTSj8Ta5.css s=200 d=27µs s=302
INF http m=GET p=/assets/ResourceQuotaForm-D6gJNn3N.js s=200 d=34µs s=812
INF http m=GET p=/assets/ProfileSettings-rthGIjGN.js s=200 d=57µs s=4319
INF http m=GET p=/assets/ProfileSettings-D5kbNfHV.css s=200 d=33µs s=1220
INF http m=GET p=/assets/OrgSettingsPanel-BP8s6T0h.css s=200 d=24µs s=511
INF http m=GET p=/assets/OrgSettingsPanel-B78NX7Vn.js s=200 d=33µs s=2302
INF http m=GET p=/assets/InviteForm-R7w4u6kW.js s=200 d=23µs s=1267
INF http m=GET p=/assets/InviteForm-CW-wgFWD.css s=200 d=26µs s=414
INF http m=GET p=/assets/Editor-BYBWY7b1.css s=200 d=35µs s=2240
INF http m=GET p=/assets/Editor-5FlZhQpN.js s=200 d=70µs s=13509
INF http m=GET p=/assets/AdminDashboard-R0heLGro.css s=200 d=25µs s=601
INF http m=GET p=/assets/AdminDashboard-D3Sw1IyX.js s=200 d=31µs s=2075
INF http m=GET p=/manifest.webmanifest s=200 d=19µs s=199
INF http m=POST p=/api/v1/organizations/441OBG0HK000/workspaces s=200 d=289ms s=297
INF http m=POST p=/api/v1/workspaces/441OBBM3K000/nodes/0/page/create s=200 d=242ms s=26
INF http m=GET p=/w/@441OBBM3K000+workspace/@441OBFEF0000+welcome s=200 d=42µs s=542
INF http m=GET p=/api/v1/workspaces/441OBBM3K000/events s=200 d=461ms s=232
INF http m=POST p=/api/v1/auth/switch-workspace s=200 d=45.8ms s=584
INF http m=GET p=/api/v1/notifications/unread-count s=200 d=211µs s=25
INF http m=GET p=/api/v1/workspaces/441OBGASM000/members s=200 d=146µs s=132
INF http m=GET p=/api/v1/workspaces/441OBGASM000/nodes/0/children s=200 d=1.86ms s=26
INF http m=GET p=/api/v1/auth/me s=200 d=233µs s=354
INF http m=POST p=/api/v1/workspaces/441OBGASM000/nodes/0/page/create s=200 d=26.4ms s=35
INF http m=GET p=/api/v1/workspaces/441OBGASM000/nodes/0/children s=200 d=289µs s=257
INF http m=GET p=/api/v1/workspaces/441OBGASM000/nodes/441OBIHHM000 s=200 d=983µs s=245
INF http m=GET p=/api/v1/notifications/unread-count s=200 d=152µs s=25
INF http m=GET p=/api/v1/workspaces/441OBBM3K000/nodes/0/children s=200 d=796µs s=243
INF http m=GET p=/api/v1/workspaces/441OBBM3K000/nodes/441OBFEF0000 s=200 d=663µs s=245
INF http m=GET p=/api/v1/workspaces/441OBBM3K000/members s=200 d=6.96ms s=132
INF http m=GET p=/api/v1/workspaces/441OBBM3K000/nodes/441OBGL26000 s=200 d=328µs s=129
INF http m=GET p=/api/v1/workspaces/441OBBM3K000/events s=200 d=343ms s=93
INF http m=POST p=/api/v1/workspaces/441OBGASM000/nodes/0/page/create s=200 d=18.9ms s=26
INF http m=GET p=/w/@441OBGASM000+workspace/@441OBIHHM000+welcome s=200 d=41µs s=542
INF http m=GET p=/api/v1/workspaces/441OBGASM000/events s=200 d=461ms s=232
INF http m=GET p=/api/v1/auth/me s=200 d=280µs s=355
INF http m=GET p=/api/v1/notifications/unread-count s=200 d=173µs s=25
INF http m=GET p=/api/v1/workspaces/441OBGASM000/nodes/0/children s=200 d=387µs s=250
INF http m=GET p=/api/v1/workspaces/441OBGASM000/nodes/441OBIHHM000 s=200 d=521µs s=245
INF http m=GET p=/api/v1/workspaces/441OBGASM000/members s=200 d=3.99ms s=132
INF http m=POST p=/api/v1/auth/register s=200 d=173ms s=396
INF http m=GET p=/ s=200 d=61µs s=542
INF http m=GET p=/registerSW.js s=200 d=45µs s=87
INF http m=GET p=/assets/vendor-C3WBU0hm.js s=200 d=134µs s=29762
INF http m=GET p=/assets/index-SHhnYNGf.js s=200 d=103µs s=49792
INF http m=GET p=/assets/editor-vendor-Bje_VwYD.js s=200 d=131µs s=117396
INF http m=GET p=/assets/index-DPQ8uk7g.css s=200 d=86µs s=12402
INF http m=GET p=/assets/en-BOb8f2G7.js s=200 d=88µs s=5207
INF http m=GET p=/api/v1/auth/me s=200 d=254µs s=167
INF http m=GET p=/api/v1/notifications/unread-count s=200 d=229µs s=25
INF http m=GET p=/favicon.png s=200 d=22µs s=449
INF http m=GET p=/sw.js s=200 d=113µs s=5540
INF http m=GET p=/registerSW.js s=200 d=41µs s=87
INF http m=GET p=/index.html s=200 d=40µs s=542
INF http m=GET p=/icon.svg s=200 d=39µs s=195
INF http m=GET p=/api/v1/workspaces/441OBGASM000/nodes/441OBL39S000 s=200 d=341µs s=140
INF http m=GET p=/icon-512.png s=200 d=55µs s=6498
INF http m=GET p=/icon-192.png s=200 d=66µs s=2468
INF http m=POST p=/api/v1/organizations s=200 d=76ms s=351
INF http m=GET p=/api/v1/auth/me s=200 d=758µs s=251
INF http m=GET p=/favicon.png s=200 d=52µs s=449
INF http m=GET p=/apple-touch-icon.png s=200 d=57µs s=2298
INF http m=GET p=/assets/material-symbols-names-mOXCVt15.js s=200 d=111µs s=15793
INF http m=GET p=/assets/fr-CgauyyXq.js s=200 d=78µs s=6301
INF http m=GET p=/assets/es-DHO8DnB9.js s=200 d=158µs s=6015
INF http m=GET p=/assets/emoji-groups-tsNE8Axz.js s=200 d=104µs s=13852
INF http m=GET p=/assets/de-qJeflSp6.js s=200 d=98µs s=6245
INF http m=GET p=/assets/WorkspaceSettingsPanel-CsUOm22X.css s=200 d=31µs s=1025
INF http m=GET p=/api/v1/workspaces/441OBGASM000/events s=200 d=555ms s=93
INF http m=GET p=/assets/WorkspaceSettingsPanel-CM5oaFTF.js s=200 d=82µs s=4443
INF http m=GET p=/assets/ServerSettingsPanel-pbgISWIv.css s=200 d=48µs s=596
INF http m=GET p=/assets/ServerSettingsPanel-C8C6nm9a.js s=200 d=55µs s=2550
INF http m=GET p=/assets/ResourceQuotaForm-DTSj8Ta5.css s=200 d=46µs s=302
INF http m=GET p=/assets/ResourceQuotaForm-D6gJNn3N.js s=200 d=40µs s=812
INF http m=GET p=/assets/ProfileSettings-rthGIjGN.js s=200 d=70µs s=4319
INF http m=GET p=/assets/ProfileSettings-D5kbNfHV.css s=200 d=39µs s=1220
INF http m=GET p=/assets/OrgSettingsPanel-BP8s6T0h.css s=200 d=32µs s=511
INF http m=GET p=/assets/OrgSettingsPanel-B78NX7Vn.js s=200 d=77µs s=2302
INF http m=GET p=/assets/InviteForm-R7w4u6kW.js s=200 d=29µs s=1267
INF http m=GET p=/assets/InviteForm-CW-wgFWD.css s=200 d=39µs s=414
INF http m=GET p=/assets/Editor-BYBWY7b1.css s=200 d=49µs s=2240
INF http m=GET p=/assets/Editor-5FlZhQpN.js s=200 d=97µs s=13509
INF http m=GET p=/assets/AdminDashboard-R0heLGro.css s=200 d=52µs s=601
INF http m=GET p=/assets/AdminDashboard-D3Sw1IyX.js s=200 d=51µs s=2075
INF http m=GET p=/manifest.webmanifest s=200 d=47µs s=199
INF http m=POST p=/api/v1/organizations/441OBO44Q000/workspaces s=200 d=522ms s=296
INF http m=POST p=/api/v1/auth/register s=200 d=190ms s=393
INF http m=GET p=/ s=200 d=75µs s=542
INF http m=GET p=/assets/index-SHhnYNGf.js s=200 d=135µs s=49792
INF http m=GET p=/assets/index-DPQ8uk7g.css s=200 d=141µs s=12402
INF http m=GET p=/assets/editor-vendor-Bje_VwYD.js s=200 d=216µs s=117396
INF http m=GET p=/registerSW.js s=200 d=60µs s=87
INF http m=GET p=/assets/vendor-C3WBU0hm.js s=200 d=103µs s=29762
INF http m=POST p=/api/v1/auth/switch-workspace s=200 d=79.2ms s=581
INF http m=GET p=/api/v1/workspaces/441OBOM62000/nodes/0/children s=200 d=364µs s=26
INF http m=GET p=/api/v1/notifications/unread-count s=200 d=3.6ms s=25
INF http m=GET p=/api/v1/workspaces/441OBOM62000/members s=200 d=176µs s=132
INF http m=POST p=/api/v1/workspaces/441OBOM62000/nodes/0/page/create s=200 d=28.3ms s=35
INF http m=GET p=/api/v1/workspaces/441OBOM62000/nodes/0/children s=200 d=631µs s=257
INF http m=GET p=/api/v1/workspaces/441OBOM62000/nodes/441OBSIK6000 s=200 d=975µs s=245
INF http m=GET p=/api/v1/auth/me s=200 d=722µs s=165
INF http m=GET p=/assets/en-BOb8f2G7.js s=200 d=139µs s=5207
INF http m=GET p=/api/v1/notifications/unread-count s=200 d=213µs s=25
INF http m=GET p=/sw.js s=200 d=91µs s=5540
INF http m=GET p=/favicon.png s=200 d=33µs s=449
INF http m=GET p=/registerSW.js s=200 d=38µs s=87
INF http m=GET p=/index.html s=200 d=41µs s=542
INF http m=GET p=/icon.svg s=200 d=36µs s=195
INF http m=GET p=/icon-512.png s=200 d=489µs s=6498
INF http m=GET p=/icon-192.png s=200 d=57µs s=2468
INF http m=GET p=/favicon.png s=200 d=60µs s=449
INF http m=GET p=/apple-touch-icon.png s=200 d=46µs s=2298
INF http m=POST p=/api/v1/organizations s=200 d=89.6ms s=350
INF http m=GET p=/api/v1/auth/me s=200 d=1.59ms s=252
INF http m=POST p=/api/v1/workspaces/441OBOM62000/nodes/0/page/create s=200 d=47.4ms s=26
INF http m=GET p=/assets/material-symbols-names-mOXCVt15.js s=200 d=94µs s=15793
INF http m=GET p=/w/@441OBOM62000+workspace/@441OBSIK6000+welcome s=200 d=42µs s=542
INF http m=GET p=/api/v1/workspaces/441OBOM62000/events s=200 d=220ms s=240
INF http m=GET p=/assets/fr-CgauyyXq.js s=200 d=89µs s=6301
INF http m=GET p=/assets/es-DHO8DnB9.js s=200 d=83µs s=6015
INF http m=GET p=/assets/emoji-groups-tsNE8Axz.js s=200 d=130µs s=13852
INF http m=GET p=/api/v1/auth/me s=200 d=6.03ms s=354
INF http m=GET p=/assets/de-qJeflSp6.js s=200 d=147µs s=6245
INF http m=GET p=/assets/WorkspaceSettingsPanel-CsUOm22X.css s=200 d=39µs s=1025
INF http m=GET p=/api/v1/notifications/unread-count s=200 d=241µs s=25
INF http m=GET p=/assets/WorkspaceSettingsPanel-CM5oaFTF.js s=200 d=57µs s=4443
INF http m=GET p=/api/v1/workspaces/441OBOM62000/members s=200 d=5.13ms s=132
INF http m=GET p=/api/v1/workspaces/441OBOM62000/nodes/441OBSIK6000 s=200 d=1.81ms s=245
INF http m=GET p=/api/v1/workspaces/441OBOM62000/nodes/0/children s=200 d=4.92ms s=252
INF http m=GET p=/assets/ServerSettingsPanel-pbgISWIv.css s=200 d=36µs s=596
INF http m=GET p=/assets/ServerSettingsPanel-C8C6nm9a.js s=200 d=73µs s=2550
INF http m=GET p=/assets/ResourceQuotaForm-DTSj8Ta5.css s=200 d=41µs s=302
INF http m=GET p=/assets/ResourceQuotaForm-D6gJNn3N.js s=200 d=32µs s=812
INF http m=GET p=/assets/ProfileSettings-rthGIjGN.js s=200 d=125µs s=4319
INF http m=GET p=/assets/ProfileSettings-D5kbNfHV.css s=200 d=34µs s=1220
INF http m=GET p=/assets/OrgSettingsPanel-BP8s6T0h.css s=200 d=34µs s=511
INF http m=GET p=/assets/OrgSettingsPanel-B78NX7Vn.js s=200 d=127µs s=2302
INF http m=GET p=/assets/InviteForm-R7w4u6kW.js s=200 d=34µs s=1267
INF http m=GET p=/assets/InviteForm-CW-wgFWD.css s=200 d=38µs s=414
INF http m=GET p=/assets/Editor-BYBWY7b1.css s=200 d=38µs s=2240
INF http m=GET p=/assets/Editor-5FlZhQpN.js s=200 d=89µs s=13509
INF http m=GET p=/assets/AdminDashboard-R0heLGro.css s=200 d=26µs s=601
INF http m=GET p=/assets/AdminDashboard-D3Sw1IyX.js s=200 d=72µs s=2075
INF http m=GET p=/manifest.webmanifest s=200 d=31µs s=199
INF http m=POST p=/api/v1/organizations/441OBT3I4000/workspaces s=200 d=460ms s=298
INF http m=POST p=/api/v1/auth/switch-workspace s=200 d=32.8ms s=622
INF http m=GET p=/api/v1/notifications/unread-count s=200 d=127µs s=25
INF http m=GET p=/api/v1/workspaces/441OBTMPQ000/members s=200 d=679µs s=126
INF http m=GET p=/api/v1/workspaces/441OBTMPQ000/nodes/0/children s=200 d=1.02ms s=26
INF http m=GET p=/api/v1/workspaces/441OBOM62000/nodes/441OBTE78000 s=200 d=747µs s=134
INF http m=POST p=/api/v1/workspaces/441OBTMPQ000/nodes/0/page/create s=200 d=27.8ms s=35
INF http m=GET p=/api/v1/workspaces/441OBTMPQ000/nodes/0/children s=200 d=721µs s=257
INF http m=GET p=/api/v1/workspaces/441OBTMPQ000/nodes/441OC0REK000 s=200 d=776µs s=245
INF http m=GET p=/api/v1/workspaces/441OBOM62000/nodes/441OBTE78000/page s=200 d=247µs s=127
INF http m=GET p=/api/v1/workspaces/441OBOM62000/nodes/441OBTE78000/page s=200 d=227µs s=127
INF http m=POST p=/api/v1/workspaces/441OBTMPQ000/nodes/0/page/create s=200 d=16.4ms s=26
INF http m=POST p=/api/v1/workspaces/441OBTMPQ000/nodes/0/page/create s=200 d=16.2ms s=26
INF http m=GET p=/w/@441OBTMPQ000+workspace/@441OC0REK000+welcome s=200 d=28µs s=542
INF http m=GET p=/api/v1/workspaces/441OBTMPQ000/events s=200 d=291ms s=260
INF http m=GET p=/api/v1/auth/me s=200 d=855µs s=355
INF http m=GET p=/api/v1/notifications/unread-count s=200 d=612µs s=25
INF http m=GET p=/api/v1/workspaces/441OBTMPQ000/nodes/0/children s=200 d=971µs s=250
INF http m=GET p=/api/v1/workspaces/441OBTMPQ000/members s=200 d=1.26ms s=126
INF http m=GET p=/api/v1/workspaces/441OBTMPQ000/nodes/441OC0REK000 s=200 d=2.32ms s=245
INF http m=GET p=/api/v1/workspaces/441OBOM62000/nodes/441OBTE78000/page s=200 d=277µs s=127
INF http m=GET p=/api/v1/workspaces/441OBTMPQ000/nodes/441OC2AFK000 s=200 d=368µs s=124
INF http m=GET p=/api/v1/workspaces/441OBTMPQ000/nodes/441OC2E1A000 s=200 d=385µs s=124
INF http m=GET p=/api/v1/workspaces/441OBTMPQ000/events s=200 d=556ms s=93
INF http m=GET p=/api/v1/nonexistent/route s=404 d=265µs s=14
INF http m=GET p=/api/v1/workspaces/441OBOM62000/nodes/441OBTE78000/page s=200 d=715µs s=127
INF http m=GET p=/ s=200 d=82µs s=542
INF http m=GET p=/assets/index-DPQ8uk7g.css s=200 d=162µs s=12402
INF http m=GET p=/assets/index-SHhnYNGf.js s=200 d=122µs s=49792
INF http m=GET p=/registerSW.js s=200 d=31µs s=87
INF http m=GET p=/assets/vendor-C3WBU0hm.js s=200 d=102µs s=29762
INF http m=GET p=/assets/editor-vendor-Bje_VwYD.js s=200 d=546µs s=117396
INF http m=GET p=/assets/en-BOb8f2G7.js s=200 d=133µs s=5207
INF http m=GET p=/api/v1/auth/providers s=200 d=162µs s=59
INF http m=GET p=/favicon.png s=200 d=44µs s=449
INF http m=GET p=/sw.js s=200 d=1.03ms s=5540
INF http m=GET p=/registerSW.js s=200 d=40µs s=87
INF http m=GET p=/index.html s=200 d=92µs s=542
INF http m=GET p=/icon.svg s=200 d=38µs s=195
INF http m=GET p=/icon-512.png s=200 d=87µs s=6498
INF http m=GET p=/icon-192.png s=200 d=56µs s=2468
INF http m=GET p=/favicon.png s=200 d=38µs s=449
INF http m=GET p=/sw.js s=200 d=157µs s=5540
INF http m=GET p=/api/v1/auth/providers s=200 d=138µs s=50
INF http m=GET p=/ s=200 d=104µs s=542
INF http m=GET p=/assets/editor-vendor-Bje_VwYD.js s=200 d=247µs s=117396
INF http m=GET p=/assets/index-DPQ8uk7g.css s=200 d=123µs s=12402
INF http m=GET p=/assets/index-SHhnYNGf.js s=200 d=117µs s=49792
INF http m=GET p=/registerSW.js s=200 d=30µs s=87
INF http m=GET p=/assets/vendor-C3WBU0hm.js s=200 d=109µs s=29762
INF http m=GET p=/assets/en-BOb8f2G7.js s=200 d=110µs s=5207
INF http m=GET p=/api/v1/auth/providers s=200 d=190µs s=59
INF http m=GET p=/favicon.png s=200 d=51µs s=449
INF http m=GET p=/sw.js s=200 d=76µs s=5540
INF http m=GET p=/registerSW.js s=200 d=51µs s=87
INF http m=GET p=/index.html s=200 d=41µs s=542
INF http m=GET p=/icon.svg s=200 d=45µs s=195
INF http m=GET p=/icon-512.png s=200 d=104µs s=6498
INF http m=GET p=/ s=200 d=59µs s=542
INF http m=GET p=/registerSW.js s=200 d=58µs s=87
INF http m=GET p=/assets/vendor-C3WBU0hm.js s=200 d=180µs s=29762
INF http m=GET p=/assets/index-SHhnYNGf.js s=200 d=143µs s=49792
INF http m=GET p=/assets/index-DPQ8uk7g.css s=200 d=97µs s=12402
INF http m=GET p=/assets/editor-vendor-Bje_VwYD.js s=200 d=196µs s=117396
INF http m=GET p=/assets/en-BOb8f2G7.js s=200 d=297µs s=5207
INF http m=GET p=/api/v1/auth/providers s=200 d=133µs s=59
INF http m=GET p=/favicon.png s=200 d=66µs s=449
INF http m=GET p=/sw.js s=200 d=74µs s=5540
INF http m=GET p=/registerSW.js s=200 d=45µs s=87
INF http m=GET p=/index.html s=200 d=37µs s=542
INF http m=GET p=/icon.svg s=200 d=34µs s=195
INF http m=GET p=/api/v1/workspaces/441OBOM62000/nodes/441OBTE78000/page s=200 d=228µs s=127
INF http m=GET p=/icon-512.png s=200 d=71µs s=6498
INF http m=GET p=/icon-192.png s=200 d=56µs s=2468
INF http m=GET p=/favicon.png s=200 d=41µs s=449
INF TEST_OAUTH: bypassing real OAuth, using fake account provider=microsoft
INF http m=GET p=/apple-touch-icon.png s=200 d=64µs s=2298
INF http m=GET p=/assets/material-symbols-names-mOXCVt15.js s=200 d=128µs s=15793
INF http m=GET p=/assets/fr-CgauyyXq.js s=200 d=87µs s=6301
INF http m=GET p=/assets/es-DHO8DnB9.js s=200 d=86µs s=6015
INF http m=GET p=/assets/emoji-groups-tsNE8Axz.js s=200 d=95µs s=13852
INF OAuth: login successful, redirecting with token userID=441OCDRKC000 email=test-microsoft@example.com
INF http m=GET p=/api/v1/auth/oauth/microsoft s=302 d=164ms s=279
INF http m=GET p=/ s=200 d=38µs s=542
INF http m=POST p=/api/v1/workspaces/441OBOM62000/nodes/441OBTE78000/page s=200 d=86.2ms s=35
INF http m=GET p=/registerSW.js s=200 d=38µs s=87
INF http m=GET p=/assets/de-qJeflSp6.js s=200 d=101µs s=6245
INF http m=GET p=/assets/WorkspaceSettingsPanel-CsUOm22X.css s=200 d=53µs s=1025
INF http m=GET p=/api/v1/auth/me s=200 d=634µs s=232
INF http m=GET p=/assets/WorkspaceSettingsPanel-CM5oaFTF.js s=200 d=80µs s=4443
INF http m=GET p=/assets/ServerSettingsPanel-pbgISWIv.css s=200 d=52µs s=596
INF http m=GET p=/assets/ServerSettingsPanel-C8C6nm9a.js s=200 d=48µs s=2550
INF http m=GET p=/assets/ResourceQuotaForm-DTSj8Ta5.css s=200 d=30µs s=302
INF http m=GET p=/assets/ResourceQuotaForm-D6gJNn3N.js s=200 d=28µs s=812
INF http m=GET p=/assets/ProfileSettings-rthGIjGN.js s=200 d=495µs s=4319
INF http m=GET p=/assets/ProfileSettings-D5kbNfHV.css s=200 d=31µs s=1220
INF http m=GET p=/api/v1/notifications/unread-count s=200 d=202µs s=25
INF http m=GET p=/assets/OrgSettingsPanel-BP8s6T0h.css s=200 d=30µs s=511
INF http m=GET p=/assets/OrgSettingsPanel-B78NX7Vn.js s=200 d=46µs s=2302
INF http m=GET p=/assets/InviteForm-R7w4u6kW.js s=200 d=42µs s=1267
INF http m=GET p=/assets/InviteForm-CW-wgFWD.css s=200 d=44µs s=414
INF http m=GET p=/assets/Editor-BYBWY7b1.css s=200 d=37µs s=2240
INF http m=GET p=/assets/Editor-5FlZhQpN.js s=200 d=71µs s=13509
INF http m=GET p=/assets/AdminDashboard-R0heLGro.css s=200 d=28µs s=601
INF http m=GET p=/assets/AdminDashboard-D3Sw1IyX.js s=200 d=37µs s=2075
INF http m=GET p=/manifest.webmanifest s=200 d=17µs s=199
INF http m=POST p=/api/v1/organizations s=200 d=49.2ms s=349
INF http m=GET p=/api/v1/auth/me s=200 d=438µs s=314
INF http m=POST p=/api/v1/organizations/441OCETIC000/workspaces s=200 d=251ms s=298
INF http m=POST p=/api/v1/auth/switch-workspace s=200 d=31.3ms s=618
INF http m=GET p=/api/v1/notifications/unread-count s=200 d=2.42ms s=25
INF http m=GET p=/api/v1/workspaces/441OCF7VK000/members s=200 d=2.06ms s=115
INF http m=GET p=/api/v1/workspaces/441OCF7VK000/nodes/0/children s=200 d=3.19ms s=26
INF http m=POST p=/api/v1/workspaces/441OCF7VK000/nodes/0/page/create s=200 d=18.1ms s=35
INF http m=GET p=/api/v1/workspaces/441OCF7VK000/nodes/0/children s=200 d=260µs s=257
INF http m=GET p=/api/v1/workspaces/441OCF7VK000/nodes/441OCH3BO000 s=200 d=302µs s=245
INF http m=GET p=/api/v1/workspaces/441OBOM62000/nodes/441OBTE78000/page s=200 d=234µs s=125
INF http m=GET p=/api/v1/workspaces/441OBOM62000/events s=200 d=3.31s s=207
INF http m=GET p=/ s=200 d=79µs s=542
INF http m=GET p=/api/v1/workspaces/441OCF7VK000/events s=200 d=497ms s=207
INF http m=GET p=/registerSW.js s=200 d=64µs s=87
INF http m=GET p=/assets/index-SHhnYNGf.js s=200 d=135µs s=49792
INF http m=GET p=/assets/vendor-C3WBU0hm.js s=200 d=108µs s=29762
INF http m=GET p=/assets/editor-vendor-Bje_VwYD.js s=200 d=160µs s=117396
INF http m=GET p=/assets/index-DPQ8uk7g.css s=200 d=96µs s=12402
INF http m=GET p=/assets/en-BOb8f2G7.js s=200 d=90µs s=5207
INF http m=GET p=/api/v1/auth/providers s=200 d=188µs s=59
INF http m=GET p=/favicon.png s=200 d=48µs s=449
INF http m=GET p=/sw.js s=200 d=65µs s=5540
INF http m=GET p=/registerSW.js s=200 d=46µs s=87
INF http m=GET p=/index.html s=200 d=44µs s=542
INF http m=GET p=/ s=200 d=58µs s=542
INF http m=GET p=/icon.svg s=200 d=67µs s=195
INF http m=GET p=/icon-512.png s=200 d=86µs s=6498
INF http m=GET p=/icon-192.png s=200 d=63µs s=2468
INF http m=GET p=/assets/index-SHhnYNGf.js s=200 d=194µs s=49792
INF http m=GET p=/assets/index-DPQ8uk7g.css s=200 d=220µs s=12402
INF http m=GET p=/assets/editor-vendor-Bje_VwYD.js s=200 d=228µs s=117396
INF http m=GET p=/favicon.png s=200 d=34µs s=449
INF http m=GET p=/registerSW.js s=200 d=50µs s=87
INF http m=GET p=/assets/vendor-C3WBU0hm.js s=200 d=119µs s=29762
INF http m=GET p=/apple-touch-icon.png s=200 d=56µs s=2298
INF http m=GET p=/assets/material-symbols-names-mOXCVt15.js s=200 d=101µs s=15793
INF TEST_OAUTH: bypassing real OAuth, using fake account provider=google
INF http m=GET p=/assets/fr-CgauyyXq.js s=200 d=99µs s=6301
INF http m=GET p=/assets/es-DHO8DnB9.js s=200 d=69µs s=6015
INF http m=GET p=/api/v1/auth/me s=401 d=151µs s=27
INF http m=GET p=/assets/en-BOb8f2G7.js s=200 d=70µs s=5207
INF http m=GET p=/assets/emoji-groups-tsNE8Axz.js s=200 d=97µs s=13852
INF http m=POST p=/api/v1/auth/logout s=401 d=131µs s=27
INF http m=GET p=/api/v1/auth/providers s=200 d=135µs s=59
INF http m=GET p=/sw.js s=200 d=84µs s=5540
INF http m=GET p=/favicon.png s=200 d=33µs s=449
INF http m=GET p=/registerSW.js s=200 d=74µs s=87
INF http m=GET p=/assets/de-qJeflSp6.js s=200 d=80µs s=6245
INF http m=GET p=/assets/WorkspaceSettingsPanel-CsUOm22X.css s=200 d=35µs s=1025
INF http m=GET p=/assets/WorkspaceSettingsPanel-CM5oaFTF.js s=200 d=76µs s=4443
INF http m=GET p=/assets/ServerSettingsPanel-pbgISWIv.css s=200 d=37µs s=596
INF http m=GET p=/index.html s=200 d=28µs s=542
INF http m=GET p=/assets/ServerSettingsPanel-C8C6nm9a.js s=200 d=36µs s=2550
INF http m=GET p=/assets/ResourceQuotaForm-DTSj8Ta5.css s=200 d=46µs s=302
INF http m=GET p=/assets/ResourceQuotaForm-D6gJNn3N.js s=200 d=35µs s=812
INF http m=GET p=/icon.svg s=200 d=27µs s=195
INF http m=GET p=/assets/ProfileSettings-rthGIjGN.js s=200 d=87µs s=4319
INF http m=GET p=/icon-512.png s=200 d=73µs s=6498
INF http m=GET p=/assets/ProfileSettings-D5kbNfHV.css s=200 d=47µs s=1220
INF http m=GET p=/assets/OrgSettingsPanel-BP8s6T0h.css s=200 d=36µs s=511
INF http m=GET p=/assets/OrgSettingsPanel-B78NX7Vn.js s=200 d=59µs s=2302
INF http m=GET p=/assets/InviteForm-R7w4u6kW.js s=200 d=42µs s=1267
INF OAuth: login successful, redirecting with token userID=441OCNVDC000 email=test-google@example.com
INF http m=GET p=/api/v1/auth/oauth/google s=302 d=279ms s=275
INF http m=GET p=/ s=200 d=31µs s=542
INF http m=GET p=/assets/InviteForm-CW-wgFWD.css s=200 d=36µs s=414
INF http m=GET p=/assets/Editor-BYBWY7b1.css s=200 d=62µs s=2240
INF http m=GET p=/registerSW.js s=200 d=37µs s=87
INF http m=GET p=/assets/Editor-5FlZhQpN.js s=200 d=136µs s=13509
INF http m=GET p=/assets/AdminDashboard-R0heLGro.css s=200 d=55µs s=601
INF http m=GET p=/assets/AdminDashboard-D3Sw1IyX.js s=200 d=66µs s=2075
INF http m=GET p=/manifest.webmanifest s=200 d=40µs s=199
INF http m=GET p=/api/v1/auth/me s=200 d=630µs s=227
INF http m=GET p=/api/v1/notifications/unread-count s=200 d=748µs s=25
INF http m=POST p=/api/v1/organizations s=200 d=88.1ms s=357
INF http m=GET p=/api/v1/auth/me s=200 d=3.28ms s=311
INF http m=POST p=/api/v1/organizations/441OCPKIE000/workspaces s=200 d=379ms s=296
INF http m=POST p=/api/v1/auth/register s=200 d=462ms s=393
INF http m=GET p=/ s=200 d=86µs s=542
INF http m=GET p=/registerSW.js s=200 d=36µs s=87
INF http m=GET p=/assets/index-SHhnYNGf.js s=200 d=136µs s=49792
INF http m=GET p=/assets/vendor-C3WBU0hm.js s=200 d=121µs s=29762
INF http m=GET p=/assets/editor-vendor-Bje_VwYD.js s=200 d=173µs s=117396
INF http m=GET p=/assets/index-DPQ8uk7g.css s=200 d=99µs s=12402
INF http m=POST p=/api/v1/auth/switch-workspace s=200 d=63.4ms s=622
INF http m=GET p=/api/v1/notifications/unread-count s=200 d=198µs s=25
INF http m=GET p=/api/v1/workspaces/441OCQ8B4000/nodes/0/children s=200 d=640µs s=26
INF http m=GET p=/api/v1/workspaces/441OCQ8B4000/members s=200 d=380µs s=109
INF http m=POST p=/api/v1/workspaces/441OCQ8B4000/nodes/0/page/create s=200 d=26.6ms s=35
INF http m=GET p=/api/v1/workspaces/441OCQ8B4000/nodes/0/children s=200 d=958µs s=257
INF http m=GET p=/api/v1/auth/me s=200 d=698µs s=168
INF http m=GET p=/assets/en-BOb8f2G7.js s=200 d=886µs s=5207
INF http m=GET p=/api/v1/workspaces/441OCQ8B4000/nodes/441OCT3IE000 s=200 d=723µs s=245
INF http m=GET p=/api/v1/notifications/unread-count s=200 d=244µs s=25
INF http m=GET p=/favicon.png s=200 d=41µs s=449
INF http m=GET p=/sw.js s=200 d=129µs s=5540
INF http m=GET p=/registerSW.js s=200 d=39µs s=87
INF http m=POST p=/api/v1/organizations s=200 d=58.8ms s=355
INF http m=GET p=/index.html s=200 d=31µs s=542
INF http m=GET p=/api/v1/auth/me s=200 d=1.45ms s=255
INF http m=GET p=/icon.svg s=200 d=30µs s=195
INF http m=GET p=/icon-512.png s=200 d=84µs s=6498
INF http m=GET p=/icon-192.png s=200 d=42µs s=2468
INF http m=GET p=/favicon.png s=200 d=24µs s=449
INF http m=GET p=/apple-touch-icon.png s=200 d=25µs s=2298
INF http m=GET p=/assets/material-symbols-names-mOXCVt15.js s=200 d=110µs s=15793
INF http m=GET p=/assets/fr-CgauyyXq.js s=200 d=103µs s=6301
INF http m=GET p=/assets/es-DHO8DnB9.js s=200 d=65µs s=6015
INF http m=GET p=/assets/emoji-groups-tsNE8Axz.js s=200 d=114µs s=13852
INF http m=GET p=/assets/de-qJeflSp6.js s=200 d=89µs s=6245
INF http m=GET p=/assets/WorkspaceSettingsPanel-CsUOm22X.css s=200 d=46µs s=1025
INF http m=GET p=/assets/WorkspaceSettingsPanel-CM5oaFTF.js s=200 d=99µs s=4443
INF http m=GET p=/assets/ServerSettingsPanel-pbgISWIv.css s=200 d=39µs s=596
INF http m=GET p=/assets/ServerSettingsPanel-C8C6nm9a.js s=200 d=46µs s=2550
INF http m=GET p=/assets/ResourceQuotaForm-DTSj8Ta5.css s=200 d=35µs s=302
INF http m=GET p=/assets/ResourceQuotaForm-D6gJNn3N.js s=200 d=31µs s=812
INF http m=GET p=/assets/ProfileSettings-rthGIjGN.js s=200 d=104µs s=4319
INF http m=GET p=/assets/ProfileSettings-D5kbNfHV.css s=200 d=34µs s=1220
INF http m=GET p=/assets/OrgSettingsPanel-BP8s6T0h.css s=200 d=25µs s=511
INF http m=GET p=/assets/OrgSettingsPanel-B78NX7Vn.js s=200 d=36µs s=2302
INF http m=GET p=/assets/InviteForm-R7w4u6kW.js s=200 d=27µs s=1267
INF http m=GET p=/assets/InviteForm-CW-wgFWD.css s=200 d=26µs s=414
INF http m=GET p=/assets/Editor-BYBWY7b1.css s=200 d=31µs s=2240
INF http m=GET p=/assets/Editor-5FlZhQpN.js s=200 d=70µs s=13509
INF http m=GET p=/assets/AdminDashboard-R0heLGro.css s=200 d=39µs s=601
INF http m=GET p=/assets/AdminDashboard-D3Sw1IyX.js s=200 d=41µs s=2075
INF http m=GET p=/manifest.webmanifest s=200 d=22µs s=199
INF http m=GET p=/api/v1/workspaces/441OCQ8B4000/events s=200 d=301ms s=207
INF http m=POST p=/api/v1/organizations/441OCTDQS000/workspaces s=200 d=414ms s=304
INF http m=POST p=/api/v1/auth/switch-workspace s=200 d=51.7ms s=605
INF http m=GET p=/api/v1/notifications/unread-count s=200 d=435µs s=25
INF http m=GET p=/api/v1/workspaces/441OCTQN8000/nodes/0/children s=200 d=5.77ms s=26
INF http m=GET p=/api/v1/workspaces/441OCTQN8000/members s=200 d=8.89ms s=120
INF http m=POST p=/api/v1/auth/register s=200 d=178ms s=391
INF http m=GET p=/ s=200 d=57µs s=542
INF http m=POST p=/api/v1/workspaces/441OCTQN8000/nodes/0/page/create s=200 d=51.9ms s=35
INF http m=GET p=/api/v1/workspaces/441OCTQN8000/nodes/0/children s=200 d=768µs s=257
INF http m=GET p=/assets/editor-vendor-Bje_VwYD.js s=200 d=247µs s=117396
INF http m=GET p=/api/v1/workspaces/441OCTQN8000/nodes/441OD0VOM000 s=200 d=804µs s=245
INF http m=GET p=/assets/index-DPQ8uk7g.css s=200 d=136µs s=12402
INF http m=GET p=/assets/index-SHhnYNGf.js s=200 d=160µs s=49792
INF http m=GET p=/registerSW.js s=200 d=30µs s=87
INF http m=GET p=/assets/vendor-C3WBU0hm.js s=200 d=132µs s=29762
INF http m=GET p=/api/v1/auth/me s=200 d=766µs s=163
INF http m=GET p=/assets/en-BOb8f2G7.js s=200 d=74µs s=5207
INF http m=GET p=/favicon.png s=200 d=65µs s=449
INF http m=GET p=/api/v1/notifications/unread-count s=200 d=165µs s=25
INF http m=GET p=/sw.js s=200 d=73µs s=5540
INF http m=GET p=/registerSW.js s=200 d=37µs s=87
INF http m=GET p=/index.html s=200 d=51µs s=542
INF http m=POST p=/api/v1/organizations s=200 d=53.9ms s=351
INF http m=GET p=/icon.svg s=200 d=46µs s=195
INF http m=GET p=/api/v1/auth/me s=200 d=807µs s=251
INF http m=GET p=/icon-512.png s=200 d=147µs s=6498
INF http m=GET p=/icon-192.png s=200 d=65µs s=2468
INF http m=GET p=/api/v1/workspaces/441OCTQN8000/events s=200 d=322ms s=203
INF http m=GET p=/favicon.png s=200 d=46µs s=449
INF http m=GET p=/apple-touch-icon.png s=200 d=55µs s=2298
INF http m=GET p=/assets/material-symbols-names-mOXCVt15.js s=200 d=97µs s=15793
INF http m=GET p=/assets/fr-CgauyyXq.js s=200 d=140µs s=6301
INF http m=GET p=/assets/es-DHO8DnB9.js s=200 d=86µs s=6015
INF http m=GET p=/assets/emoji-groups-tsNE8Axz.js s=200 d=99µs s=13852
INF http m=GET p=/assets/de-qJeflSp6.js s=200 d=106µs s=6245
INF http m=GET p=/assets/WorkspaceSettingsPanel-CsUOm22X.css s=200 d=46µs s=1025
INF http m=GET p=/assets/WorkspaceSettingsPanel-CM5oaFTF.js s=200 d=62µs s=4443
INF http m=GET p=/assets/ServerSettingsPanel-pbgISWIv.css s=200 d=36µs s=596
INF http m=GET p=/assets/ServerSettingsPanel-C8C6nm9a.js s=200 d=51µs s=2550
INF http m=GET p=/assets/ResourceQuotaForm-DTSj8Ta5.css s=200 d=36µs s=302
INF http m=GET p=/assets/ResourceQuotaForm-D6gJNn3N.js s=200 d=40µs s=812
INF http m=GET p=/assets/ProfileSettings-rthGIjGN.js s=200 d=78µs s=4319
INF http m=GET p=/assets/ProfileSettings-D5kbNfHV.css s=200 d=53µs s=1220
INF http m=GET p=/assets/OrgSettingsPanel-BP8s6T0h.css s=200 d=34µs s=511
INF http m=GET p=/assets/OrgSettingsPanel-B78NX7Vn.js s=200 d=61µs s=2302
INF http m=GET p=/assets/InviteForm-R7w4u6kW.js s=200 d=65µs s=1267
INF http m=GET p=/assets/InviteForm-CW-wgFWD.css s=200 d=54µs s=414
INF http m=GET p=/assets/Editor-BYBWY7b1.css s=200 d=98µs s=2240
INF http m=GET p=/assets/Editor-5FlZhQpN.js s=200 d=120µs s=13509
INF http m=GET p=/assets/AdminDashboard-R0heLGro.css s=200 d=42µs s=601
INF http m=GET p=/assets/AdminDashboard-D3Sw1IyX.js s=200 d=56µs s=2075
INF http m=GET p=/manifest.webmanifest s=200 d=38µs s=199
INF http m=POST p=/api/v1/organizations/441OD2BEG000/workspaces s=200 d=609ms s=298
INF http m=POST p=/api/v1/auth/register s=200 d=425ms s=399
INF http m=POST p=/api/v1/auth/switch-workspace s=200 d=49.4ms s=572
INF http m=GET p=/ s=200 d=54µs s=542
INF http m=GET p=/api/v1/notifications/unread-count s=200 d=4.61ms s=25
INF http m=GET p=/assets/index-SHhnYNGf.js s=200 d=152µs s=49792
INF http m=GET p=/assets/vendor-C3WBU0hm.js s=200 d=150µs s=29762
INF http m=GET p=/assets/index-DPQ8uk7g.css s=200 d=116µs s=12402
INF http m=GET p=/assets/editor-vendor-Bje_VwYD.js s=200 d=462µs s=117396
INF http m=GET p=/registerSW.js s=200 d=44µs s=87
INF http m=GET p=/api/v1/workspaces/441OD2OBA000/members s=200 d=10.6ms s=128
INF http m=GET p=/api/v1/workspaces/441OD2OBA000/nodes/0/children s=200 d=10.6ms s=26
INF http m=POST p=/api/v1/workspaces/441OD2OBA000/nodes/0/page/create s=200 d=21.9ms s=35
INF http m=GET p=/api/v1/workspaces/441OD2OBA000/nodes/0/children s=200 d=628µs s=257
INF http m=GET p=/api/v1/workspaces/441OD2OBA000/nodes/441OD72QI000 s=200 d=695µs s=245
INF http m=GET p=/api/v1/auth/me s=200 d=745µs s=167
INF http m=GET p=/assets/en-BOb8f2G7.js s=200 d=143µs s=5207
INF http m=GET p=/api/v1/notifications/unread-count s=200 d=223µs s=25
INF http m=GET p=/favicon.png s=200 d=63µs s=449
INF http m=GET p=/sw.js s=200 d=128µs s=5540
INF http m=GET p=/registerSW.js s=200 d=39µs s=87
INF http m=GET p=/index.html s=200 d=37µs s=542
INF http m=GET p=/icon.svg s=200 d=33µs s=195
INF http m=GET p=/icon-512.png s=200 d=81µs s=6498
INF http m=GET p=/icon-192.png s=200 d=50µs s=2468
INF http m=POST p=/api/v1/organizations s=200 d=80.1ms s=352
INF http m=GET p=/favicon.png s=200 d=43µs s=449
INF http m=GET p=/api/v1/auth/me s=200 d=1.35ms s=252
INF http m=POST p=/api/v1/workspaces/441OD2OBA000/nodes/0/page/create s=200 d=43.6ms s=26
INF http m=GET p=/apple-touch-icon.png s=200 d=88µs s=2298
INF http m=GET p=/w/@441OD2OBA000+workspace/@441OD72QI000+welcome s=200 d=51µs s=542
INF http m=GET p=/api/v1/workspaces/441OD2OBA000/events s=200 d=224ms s=230
INF http m=GET p=/assets/material-symbols-names-mOXCVt15.js s=200 d=111µs s=15793
INF http m=GET p=/assets/fr-CgauyyXq.js s=200 d=90µs s=6301
INF http m=GET p=/assets/es-DHO8DnB9.js s=200 d=64µs s=6015
INF http m=GET p=/assets/emoji-groups-tsNE8Axz.js s=200 d=83µs s=13852
INF http m=GET p=/api/v1/auth/me s=200 d=437µs s=353
INF http m=GET p=/api/v1/notifications/unread-count s=200 d=550µs s=25
INF http m=GET p=/api/v1/workspaces/441OD2OBA000/nodes/0/children s=200 d=847µs s=255
INF http m=GET p=/api/v1/workspaces/441OD2OBA000/nodes/441OD72QI000 s=200 d=559µs s=245
INF http m=GET p=/api/v1/workspaces/441OD2OBA000/members s=200 d=622µs s=128
INF http m=GET p=/assets/de-qJeflSp6.js s=200 d=102µs s=6245
INF http m=GET p=/assets/WorkspaceSettingsPanel-CsUOm22X.css s=200 d=45µs s=1025
INF http m=GET p=/assets/WorkspaceSettingsPanel-CM5oaFTF.js s=200 d=114µs s=4443
INF http m=GET p=/assets/ServerSettingsPanel-pbgISWIv.css s=200 d=33µs s=596
INF http m=GET p=/assets/ServerSettingsPanel-C8C6nm9a.js s=200 d=52µs s=2550
INF http m=GET p=/assets/ResourceQuotaForm-DTSj8Ta5.css s=200 d=33µs s=302
INF http m=GET p=/assets/ResourceQuotaForm-D6gJNn3N.js s=200 d=29µs s=812
INF http m=GET p=/assets/ProfileSettings-rthGIjGN.js s=200 d=62µs s=4319
INF http m=GET p=/assets/ProfileSettings-D5kbNfHV.css s=200 d=32µs s=1220
INF http m=GET p=/assets/OrgSettingsPanel-BP8s6T0h.css s=200 d=30µs s=511
INF http m=GET p=/assets/OrgSettingsPanel-B78NX7Vn.js s=200 d=34µs s=2302
INF http m=GET p=/assets/InviteForm-R7w4u6kW.js s=200 d=43µs s=1267
INF http m=GET p=/assets/InviteForm-CW-wgFWD.css s=200 d=41µs s=414
INF http m=GET p=/api/v1/workspaces/441OD2OBA000/nodes/441OD7SM6000 s=200 d=315µs s=175
INF http m=GET p=/assets/Editor-BYBWY7b1.css s=200 d=35µs s=2240
INF http m=GET p=/assets/Editor-5FlZhQpN.js s=200 d=115µs s=13509
INF http m=GET p=/assets/AdminDashboard-R0heLGro.css s=200 d=43µs s=601
INF http m=GET p=/assets/AdminDashboard-D3Sw1IyX.js s=200 d=47µs s=2075
INF http m=GET p=/manifest.webmanifest s=200 d=40µs s=199
INF http m=POST p=/api/v1/organizations/441OD7JGC000/workspaces s=200 d=391ms s=301
INF http m=POST p=/api/v1/auth/switch-workspace s=200 d=41.9ms s=575
INF http m=POST p=/api/v1/workspaces/441OD2OBA000/nodes/441OD7SM6000/delete s=200 d=43.1ms s=25
INF http m=GET p=/api/v1/workspaces/441OD2OBA000/nodes/441OD72QI000 s=200 d=666µs s=245
INF http m=GET p=/api/v1/notifications/unread-count s=200 d=176µs s=25
INF http m=GET p=/api/v1/workspaces/441OD84TK000/members s=200 d=754µs s=130
INF http m=GET p=/api/v1/workspaces/441OD84TK000/nodes/0/children s=200 d=2.31ms s=26
ERR Handler error err="page not found" statusCode=404 code=NOT_FOUND
INF http m=GET p=/api/v1/workspaces/441OD2OBA000/nodes/441OD7SM6000/page s=404 d=269µs s=62
INF http m=POST p=/api/v1/workspaces/441OD84TK000/nodes/0/page/create s=200 d=22.1ms s=35
INF http m=GET p=/api/v1/workspaces/441OD2OBA000/events s=200 d=336ms s=199
INF http m=GET p=/api/v1/workspaces/441OD84TK000/nodes/0/children s=200 d=421µs s=257
INF http m=GET p=/api/v1/workspaces/441OD84TK000/nodes/441ODB01K000 s=200 d=345µs s=245
INF http m=POST p=/api/v1/auth/register s=200 d=136ms s=392
INF http m=GET p=/ s=200 d=59µs s=542
INF http m=POST p=/api/v1/workspaces/441OD84TK000/nodes/0/page/create s=200 d=32.1ms s=26
INF http m=GET p=/w/@441OD84TK000+workspace/@441ODB01K000+welcome s=200 d=38µs s=542
INF http m=GET p=/api/v1/workspaces/441OD84TK000/events s=200 d=357ms s=227
INF http m=GET p=/assets/index-SHhnYNGf.js s=200 d=158µs s=49792
INF http m=GET p=/assets/vendor-C3WBU0hm.js s=200 d=164µs s=29762
INF http m=GET p=/assets/index-DPQ8uk7g.css s=200 d=78µs s=12402
INF http m=GET p=/assets/editor-vendor-Bje_VwYD.js s=200 d=184µs s=117396
INF http m=GET p=/registerSW.js s=200 d=68µs s=87
INF http m=GET p=/api/v1/auth/me s=200 d=800µs s=354
INF http m=GET p=/api/v1/notifications/unread-count s=200 d=723µs s=25
INF http m=GET p=/api/v1/workspaces/441OD84TK000/members s=200 d=609µs s=130
INF http m=GET p=/api/v1/auth/me s=200 d=557µs s=165
INF http m=GET p=/assets/en-BOb8f2G7.js s=200 d=76µs s=5207
INF http m=GET p=/api/v1/workspaces/441OD84TK000/nodes/0/children s=200 d=9.9ms s=242
INF http m=GET p=/api/v1/workspaces/441OD84TK000/nodes/441ODB01K000 s=200 d=5.55ms s=245
INF http m=GET p=/api/v1/notifications/unread-count s=200 d=234µs s=25
INF http m=GET p=/favicon.png s=200 d=34µs s=449
INF http m=GET p=/sw.js s=200 d=135µs s=5540
INF http m=GET p=/api/v1/workspaces/441OD84TK000/nodes/441ODCRKI000 s=200 d=326µs s=162
INF http m=GET p=/registerSW.js s=200 d=36µs s=87
INF http m=GET p=/index.html s=200 d=69µs s=542
INF http m=POST p=/api/v1/organizations s=200 d=109ms s=352
INF http m=GET p=/api/v1/auth/me s=200 d=251µs s=251
INF http m=GET p=/icon.svg s=200 d=31µs s=195
INF http m=GET p=/icon-512.png s=200 d=97µs s=6498
INF http m=GET p=/icon-192.png s=200 d=57µs s=2468
INF http m=GET p=/favicon.png s=200 d=40µs s=449
INF http m=GET p=/apple-touch-icon.png s=200 d=57µs s=2298
INF http m=GET p=/api/v1/workspaces/441OD84TK000/events s=200 d=190ms s=93
INF http m=GET p=/assets/material-symbols-names-mOXCVt15.js s=200 d=98µs s=15793
INF http m=GET p=/assets/fr-CgauyyXq.js s=200 d=88µs s=6301
INF http m=GET p=/assets/es-DHO8DnB9.js s=200 d=109µs s=6015
INF http m=GET p=/assets/emoji-groups-tsNE8Axz.js s=200 d=79µs s=13852
INF http m=GET p=/assets/de-qJeflSp6.js s=200 d=338µs s=6245
INF http m=GET p=/assets/WorkspaceSettingsPanel-CsUOm22X.css s=200 d=38µs s=1025
INF http m=GET p=/assets/WorkspaceSettingsPanel-CM5oaFTF.js s=200 d=77µs s=4443
INF http m=GET p=/assets/ServerSettingsPanel-pbgISWIv.css s=200 d=43µs s=596
INF http m=GET p=/assets/ServerSettingsPanel-C8C6nm9a.js s=200 d=58µs s=2550
INF http m=GET p=/assets/ResourceQuotaForm-DTSj8Ta5.css s=200 d=51µs s=302
INF http m=GET p=/assets/ResourceQuotaForm-D6gJNn3N.js s=200 d=46µs s=812
INF http m=GET p=/assets/ProfileSettings-rthGIjGN.js s=200 d=79µs s=4319
INF http m=GET p=/assets/ProfileSettings-D5kbNfHV.css s=200 d=49µs s=1220
INF http m=GET p=/assets/OrgSettingsPanel-BP8s6T0h.css s=200 d=46µs s=511
INF http m=GET p=/assets/OrgSettingsPanel-B78NX7Vn.js s=200 d=53µs s=2302
INF http m=GET p=/assets/InviteForm-R7w4u6kW.js s=200 d=64µs s=1267
INF http m=GET p=/assets/InviteForm-CW-wgFWD.css s=200 d=57µs s=414
INF http m=GET p=/assets/Editor-BYBWY7b1.css s=200 d=51µs s=2240
INF http m=GET p=/assets/Editor-5FlZhQpN.js s=200 d=130µs s=13509
INF http m=GET p=/assets/AdminDashboard-R0heLGro.css s=200 d=43µs s=601
INF http m=GET p=/assets/AdminDashboard-D3Sw1IyX.js s=200 d=45µs s=2075
INF http m=GET p=/manifest.webmanifest s=200 d=56µs s=199
INF http m=POST p=/api/v1/organizations/441ODECJS000/workspaces s=200 d=599ms s=302
INF http m=POST p=/api/v1/auth/register s=200 d=327ms s=403
INF http m=GET p=/ s=200 d=56µs s=542
INF http m=GET p=/registerSW.js s=200 d=59µs s=87
INF http m=GET p=/assets/vendor-C3WBU0hm.js s=200 d=139µs s=29762
INF http m=GET p=/assets/editor-vendor-Bje_VwYD.js s=200 d=190µs s=117396
INF http m=GET p=/assets/index-DPQ8uk7g.css s=200 d=121µs s=12402
INF http m=GET p=/assets/index-SHhnYNGf.js s=200 d=113µs s=49792
INF http m=POST p=/api/v1/auth/switch-workspace s=200 d=61.1ms s=577
INF http m=GET p=/api/v1/notifications/unread-count s=200 d=853µs s=25
INF http m=GET p=/api/v1/workspaces/441ODF3UA000/nodes/0/children s=200 d=1.14ms s=26
INF http m=GET p=/api/v1/workspaces/441ODF3UA000/members s=200 d=4.88ms s=128
INF http m=POST p=/api/v1/workspaces/441ODF3UA000/nodes/0/page/create s=200 d=29.4ms s=35
INF http m=GET p=/api/v1/workspaces/441ODF3UA000/nodes/0/children s=200 d=307µs s=257
INF http m=GET p=/api/v1/workspaces/441ODF3UA000/nodes/441ODJDEK000 s=200 d=324µs s=245
INF http m=GET p=/api/v1/auth/me s=200 d=254µs s=172
INF http m=GET p=/assets/en-BOb8f2G7.js s=200 d=106µs s=5207
INF http m=GET p=/favicon.png s=200 d=43µs s=449
INF http m=GET p=/api/v1/notifications/unread-count s=200 d=185µs s=25
INF http m=GET p=/sw.js s=200 d=137µs s=5540
INF http m=GET p=/registerSW.js s=200 d=39µs s=87
INF http m=GET p=/index.html s=200 d=33µs s=542
INF http m=GET p=/icon.svg s=200 d=23µs s=195
INF http m=GET p=/icon-512.png s=200 d=62µs s=6498
INF http m=POST p=/api/v1/organizations s=200 d=59.8ms s=358
INF http m=GET p=/icon-192.png s=200 d=257µs s=2468
INF http m=GET p=/api/v1/auth/me s=200 d=383µs s=256
INF http m=POST p=/api/v1/workspaces/441ODF3UA000/nodes/0/page/create s=200 d=46.2ms s=26
INF http m=GET p=/favicon.png s=200 d=25µs s=449
INF http m=GET p=/apple-touch-icon.png s=200 d=628µs s=2298
INF http m=GET p=/w/@441ODF3UA000+workspace/@441ODJDEK000+welcome s=200 d=40µs s=542
INF http m=GET p=/api/v1/workspaces/441ODF3UA000/events s=200 d=180ms s=235
INF http m=GET p=/assets/material-symbols-names-mOXCVt15.js s=200 d=92µs s=15793
INF http m=GET p=/assets/fr-CgauyyXq.js s=200 d=92µs s=6301
INF http m=GET p=/assets/es-DHO8DnB9.js s=200 d=70µs s=6015
INF http m=GET p=/assets/emoji-groups-tsNE8Axz.js s=200 d=121µs s=13852
INF http m=GET p=/api/v1/auth/me s=200 d=280µs s=354
INF http m=GET p=/api/v1/notifications/unread-count s=200 d=248µs s=25
INF http m=GET p=/api/v1/workspaces/441ODF3UA000/nodes/0/children s=200 d=322µs s=242
INF http m=GET p=/api/v1/workspaces/441ODF3UA000/members s=200 d=158µs s=128
INF http m=GET p=/assets/de-qJeflSp6.js s=200 d=74µs s=6245
INF http m=GET p=/api/v1/workspaces/441ODF3UA000/nodes/441ODJDEK000 s=200 d=595µs s=245
INF http m=GET p=/assets/WorkspaceSettingsPanel-CsUOm22X.css s=200 d=42µs s=1025
INF http m=GET p=/assets/WorkspaceSettingsPanel-CM5oaFTF.js s=200 d=119µs s=4443
INF http m=GET p=/assets/ServerSettingsPanel-pbgISWIv.css s=200 d=42µs s=596
INF http m=GET p=/assets/ServerSettingsPanel-C8C6nm9a.js s=200 d=48µs s=2550
INF http m=GET p=/assets/ResourceQuotaForm-DTSj8Ta5.css s=200 d=34µs s=302
INF http m=GET p=/assets/ResourceQuotaForm-D6gJNn3N.js s=200 d=32µs s=812
INF http m=GET p=/assets/ProfileSettings-rthGIjGN.js s=200 d=59µs s=4319
INF http m=GET p=/assets/ProfileSettings-D5kbNfHV.css s=200 d=33µs s=1220
INF http m=GET p=/assets/OrgSettingsPanel-BP8s6T0h.css s=200 d=36µs s=511
INF http m=GET p=/assets/OrgSettingsPanel-B78NX7Vn.js s=200 d=42µs s=2302
INF http m=GET p=/api/v1/workspaces/441ODF3UA000/nodes/441ODK0BA000 s=200 d=328µs s=129
INF http m=GET p=/assets/InviteForm-R7w4u6kW.js s=200 d=30µs s=1267
INF http m=GET p=/assets/InviteForm-CW-wgFWD.css s=200 d=36µs s=414
INF http m=GET p=/assets/Editor-BYBWY7b1.css s=200 d=66µs s=2240
INF http m=GET p=/assets/Editor-5FlZhQpN.js s=200 d=99µs s=13509
INF http m=GET p=/assets/AdminDashboard-R0heLGro.css s=200 d=28µs s=601
INF http m=GET p=/assets/AdminDashboard-D3Sw1IyX.js s=200 d=44µs s=2075
INF http m=GET p=/manifest.webmanifest s=200 d=34µs s=199
INF http m=POST p=/api/v1/organizations/441ODJS9U000/workspaces s=200 d=407ms s=302
INF http m=POST p=/api/v1/auth/switch-workspace s=200 d=34.6ms s=571
INF http m=GET p=/api/v1/notifications/unread-count s=200 d=167µs s=25
INF http m=GET p=/api/v1/workspaces/441ODK98I000/nodes/0/children s=200 d=350µs s=26
INF http m=GET p=/api/v1/workspaces/441ODK98I000/members s=200 d=734µs s=123
INF http m=POST p=/api/v1/workspaces/441ODK98I000/nodes/0/page/create s=200 d=21.4ms s=35
INF http m=GET p=/api/v1/workspaces/441ODK98I000/nodes/0/children s=200 d=281µs s=257
INF http m=GET p=/api/v1/workspaces/441ODK98I000/nodes/441ODN2MM000 s=200 d=296µs s=245
INF http m=POST p=/api/v1/workspaces/441ODK98I000/nodes/0/page/create s=200 d=16ms s=26
INF http m=GET p=/w/@441ODK98I000+workspace/@441ODN2MM000+welcome s=200 d=30µs s=542
INF http m=GET p=/api/v1/workspaces/441ODK98I000/events s=200 d=350ms s=228
INF http m=GET p=/api/v1/auth/me s=200 d=378µs s=356
INF http m=GET p=/api/v1/notifications/unread-count s=200 d=555µs s=25
INF http m=GET p=/api/v1/workspaces/441ODK98I000/nodes/0/children s=200 d=592µs s=247
INF http m=GET p=/api/v1/workspaces/441ODK98I000/members s=200 d=709µs s=123
INF http m=GET p=/api/v1/workspaces/441ODK98I000/nodes/441ODN2MM000 s=200 d=1.44ms s=245
INF http m=GET p=/api/v1/workspaces/441ODK98I000/nodes/441ODP18S000 s=200 d=433µs s=134
INF http m=GET p=/sw.js s=200 d=126µs s=5540
INF http m=POST p=/api/v1/workspaces/441ODF3UA000/nodes/441ODK0BA000/page s=200 d=16.3ms s=35
INF http m=GET p=/sw.js s=200 d=106µs s=5540
INF http m=GET p=/api/v1/workspaces/441ODF3UA000/nodes/441ODK0BA000/page s=200 d=268µs s=118
INF http m=GET p=/api/v1/workspaces/441ODF3UA000/events s=200 d=2.47s s=207
INF http m=POST p=/api/v1/auth/register s=200 d=132ms s=390
INF http m=GET p=/ s=200 d=63µs s=542
INF http m=GET p=/assets/index-SHhnYNGf.js s=200 d=178µs s=49792
INF http m=GET p=/assets/index-DPQ8uk7g.css s=200 d=125µs s=12402
INF http m=GET p=/registerSW.js s=200 d=31µs s=87
INF http m=GET p=/assets/vendor-C3WBU0hm.js s=200 d=606µs s=29762
INF http m=GET p=/assets/editor-vendor-Bje_VwYD.js s=200 d=1.8ms s=117396
INF http m=GET p=/api/v1/auth/me s=200 d=229µs s=166
INF http m=GET p=/assets/en-BOb8f2G7.js s=200 d=62µs s=5207
INF http m=GET p=/api/v1/notifications/unread-count s=200 d=172µs s=25
INF http m=GET p=/sw.js s=200 d=150µs s=5540
INF http m=GET p=/favicon.png s=200 d=30µs s=449
INF http m=GET p=/registerSW.js s=200 d=45µs s=87
INF http m=GET p=/index.html s=200 d=49µs s=542
INF http m=GET p=/icon.svg s=200 d=39µs s=195
INF http m=GET p=/icon-512.png s=200 d=84µs s=6498
INF http m=POST p=/api/v1/organizations s=200 d=53ms s=351
INF http m=GET p=/icon-192.png s=200 d=38µs s=2468
INF http m=GET p=/api/v1/auth/me s=200 d=486µs s=251
INF http m=GET p=/favicon.png s=200 d=33µs s=449
INF http m=GET p=/apple-touch-icon.png s=200 d=50µs s=2298
INF http m=GET p=/assets/material-symbols-names-mOXCVt15.js s=200 d=109µs s=15793
INF http m=GET p=/assets/fr-CgauyyXq.js s=200 d=98µs s=6301
INF http m=GET p=/assets/es-DHO8DnB9.js s=200 d=68µs s=6015
INF http m=GET p=/assets/emoji-groups-tsNE8Axz.js s=200 d=109µs s=13852
INF http m=GET p=/assets/de-qJeflSp6.js s=200 d=101µs s=6245
INF http m=GET p=/assets/WorkspaceSettingsPanel-CsUOm22X.css s=200 d=31µs s=1025
INF http m=GET p=/assets/WorkspaceSettingsPanel-CM5oaFTF.js s=200 d=56µs s=4443
INF http m=GET p=/assets/ServerSettingsPanel-pbgISWIv.css s=200 d=30µs s=596
INF http m=GET p=/assets/ServerSettingsPanel-C8C6nm9a.js s=200 d=33µs s=2550
INF http m=GET p=/assets/ResourceQuotaForm-DTSj8Ta5.css s=200 d=30µs s=302
INF http m=GET p=/assets/ResourceQuotaForm-D6gJNn3N.js s=200 d=30µs s=812
INF http m=GET p=/assets/ProfileSettings-rthGIjGN.js s=200 d=526µs s=4319
INF http m=GET p=/assets/ProfileSettings-D5kbNfHV.css s=200 d=34µs s=1220
INF http m=GET p=/assets/OrgSettingsPanel-BP8s6T0h.css s=200 d=25µs s=511
INF http m=GET p=/assets/OrgSettingsPanel-B78NX7Vn.js s=200 d=42µs s=2302
INF http m=GET p=/assets/InviteForm-R7w4u6kW.js s=200 d=31µs s=1267
INF http m=GET p=/assets/InviteForm-CW-wgFWD.css s=200 d=38µs s=414
INF http m=GET p=/assets/Editor-BYBWY7b1.css s=200 d=33µs s=2240
INF http m=GET p=/assets/Editor-5FlZhQpN.js s=200 d=85µs s=13509
INF http m=GET p=/assets/AdminDashboard-R0heLGro.css s=200 d=30µs s=601
INF http m=GET p=/assets/AdminDashboard-D3Sw1IyX.js s=200 d=38µs s=2075
INF http m=GET p=/manifest.webmanifest s=200 d=28µs s=199
INF http m=POST p=/api/v1/organizations/441OE70UK000/workspaces s=200 d=314ms s=300
INF http m=POST p=/api/v1/auth/switch-workspace s=200 d=33.4ms s=576
INF http m=GET p=/api/v1/notifications/unread-count s=200 d=202µs s=25
INF http m=GET p=/api/v1/workspaces/441OE7D1I000/nodes/0/children s=200 d=425µs s=26
INF http m=GET p=/api/v1/workspaces/441OE7D1I000/members s=200 d=533µs s=128
INF http m=POST p=/api/v1/workspaces/441OE7D1I000/nodes/0/page/create s=200 d=16.4ms s=35
INF http m=GET p=/api/v1/workspaces/441OE7D1I000/nodes/0/children s=200 d=248µs s=257
INF http m=GET p=/api/v1/workspaces/441OE7D1I000/nodes/441OE9LS8000 s=200 d=236µs s=245
INF http m=POST p=/api/v1/workspaces/441OE7D1I000/nodes/0/page/create s=200 d=16.2ms s=26
INF http m=POST p=/api/v1/workspaces/441OE7D1I000/nodes/0/page/create s=200 d=15.5ms s=26
INF http m=GET p=/w/@441OE7D1I000+workspace/@441OE9LS8000+welcome s=200 d=45µs s=542
INF http m=GET p=/api/v1/workspaces/441OE7D1I000/events s=200 d=441ms s=256
INF http m=GET p=/api/v1/auth/me s=200 d=281µs s=353
INF http m=GET p=/api/v1/notifications/unread-count s=200 d=223µs s=25
INF http m=GET p=/api/v1/workspaces/441OE7D1I000/members s=200 d=152µs s=128
INF http m=GET p=/api/v1/workspaces/441OE7D1I000/nodes/441OE9LS8000 s=200 d=299µs s=245
INF http m=GET p=/api/v1/workspaces/441OE7D1I000/nodes/0/children s=200 d=422µs s=252
INF http m=GET p=/api/v1/workspaces/441OE7D1I000/nodes/441OEC264000 s=200 d=325µs s=129
INF http m=GET p=/api/v1/workspaces/441OE7D1I000/nodes/441OEC5LK000 s=200 d=323µs s=131
INF http m=GET p=/api/v1/workspaces/441OE7D1I000/nodes/441OEC264000 s=200 d=355µs s=129
INF http m=GET p=/api/v1/workspaces/441OE7D1I000/nodes/441OEC5LK000 s=200 d=328µs s=131
INF http m=GET p=/api/v1/workspaces/441OE7D1I000/events s=200 d=311ms s=93
INF http m=POST p=/api/v1/auth/register s=200 d=136ms s=390
INF http m=GET p=/ s=200 d=70µs s=542
INF http m=GET p=/assets/index-SHhnYNGf.js s=200 d=156µs s=49792
INF http m=GET p=/assets/index-DPQ8uk7g.css s=200 d=92µs s=12402
INF http m=GET p=/registerSW.js s=200 d=28µs s=87
INF http m=GET p=/assets/editor-vendor-Bje_VwYD.js s=200 d=138µs s=117396
INF http m=GET p=/assets/vendor-C3WBU0hm.js s=200 d=98µs s=29762
INF http m=GET p=/api/v1/auth/me s=200 d=226µs s=164
INF http m=GET p=/assets/en-BOb8f2G7.js s=200 d=69µs s=5207
INF http m=GET p=/api/v1/notifications/unread-count s=200 d=167µs s=25
INF http m=GET p=/sw.js s=200 d=78µs s=5540
INF http m=GET p=/favicon.png s=200 d=42µs s=449
INF http m=GET p=/registerSW.js s=200 d=42µs s=87
INF http m=POST p=/api/v1/organizations s=200 d=56.9ms s=350
INF http m=GET p=/api/v1/auth/me s=200 d=383µs s=248
INF http m=GET p=/index.html s=200 d=36µs s=542
INF http m=GET p=/icon.svg s=200 d=24µs s=195
INF http m=GET p=/icon-512.png s=200 d=56µs s=6498
INF http m=GET p=/icon-192.png s=200 d=50µs s=2468
INF http m=GET p=/favicon.png s=200 d=27µs s=449
INF http m=GET p=/apple-touch-icon.png s=200 d=47µs s=2298
INF http m=GET p=/assets/material-symbols-names-mOXCVt15.js s=200 d=122µs s=15793
INF http m=GET p=/assets/fr-CgauyyXq.js s=200 d=95µs s=6301
INF http m=GET p=/assets/es-DHO8DnB9.js s=200 d=151µs s=6015
INF http m=GET p=/assets/emoji-groups-tsNE8Axz.js s=200 d=152µs s=13852
INF http m=GET p=/assets/de-qJeflSp6.js s=200 d=89µs s=6245
INF http m=GET p=/assets/WorkspaceSettingsPanel-CsUOm22X.css s=200 d=41µs s=1025
INF http m=GET p=/assets/WorkspaceSettingsPanel-CM5oaFTF.js s=200 d=142µs s=4443
INF http m=GET p=/assets/ServerSettingsPanel-pbgISWIv.css s=200 d=34µs s=596
INF http m=GET p=/assets/ServerSettingsPanel-C8C6nm9a.js s=200 d=39µs s=2550
INF http m=GET p=/assets/ResourceQuotaForm-DTSj8Ta5.css s=200 d=30µs s=302
INF http m=GET p=/assets/ResourceQuotaForm-D6gJNn3N.js s=200 d=29µs s=812
INF http m=GET p=/assets/ProfileSettings-rthGIjGN.js s=200 d=56µs s=4319
INF http m=GET p=/assets/ProfileSettings-D5kbNfHV.css s=200 d=34µs s=1220
INF http m=GET p=/assets/OrgSettingsPanel-BP8s6T0h.css s=200 d=25µs s=511
INF http m=GET p=/assets/OrgSettingsPanel-B78NX7Vn.js s=200 d=33µs s=2302
INF http m=GET p=/assets/InviteForm-R7w4u6kW.js s=200 d=23µs s=1267
INF http m=GET p=/assets/InviteForm-CW-wgFWD.css s=200 d=23µs s=414
INF http m=GET p=/assets/Editor-BYBWY7b1.css s=200 d=34µs s=2240
INF http m=GET p=/assets/Editor-5FlZhQpN.js s=200 d=84µs s=13509
INF http m=GET p=/assets/AdminDashboard-R0heLGro.css s=200 d=33µs s=601
INF http m=GET p=/assets/AdminDashboard-D3Sw1IyX.js s=200 d=42µs s=2075
INF http m=GET p=/manifest.webmanifest s=200 d=36µs s=199
INF http m=POST p=/api/v1/organizations/441OEHBTU000/workspaces s=200 d=322ms s=297
INF http m=POST p=/api/v1/auth/switch-workspace s=200 d=33ms s=551
INF http m=GET p=/api/v1/workspaces/441OEHOI4000/nodes/0/children s=200 d=1.39ms s=26
INF http m=GET p=/api/v1/workspaces/441OEHOI4000/members s=200 d=1.48ms s=122
INF http m=GET p=/api/v1/notifications/unread-count s=200 d=3.2ms s=25
INF http m=POST p=/api/v1/workspaces/441OEHOI4000/nodes/0/page/create s=200 d=19.2ms s=35
INF http m=GET p=/api/v1/workspaces/441OEHOI4000/nodes/0/children s=200 d=282µs s=257
INF http m=GET p=/api/v1/workspaces/441OEHOI4000/nodes/441OEK1CQ000 s=200 d=244µs s=245
INF http m=POST p=/api/v1/workspaces/441OEHOI4000/nodes/0/page/create s=200 d=15.9ms s=26
INF http m=GET p=/w/@441OEHOI4000+workspace/@441OEK1CQ000+welcome s=200 d=34µs s=542
INF http m=GET p=/api/v1/workspaces/441OEHOI4000/events s=200 d=445ms s=228
INF http m=GET p=/api/v1/auth/me s=200 d=283µs s=348
INF http m=GET p=/api/v1/notifications/unread-count s=200 d=185µs s=25
INF http m=GET p=/api/v1/workspaces/441OEHOI4000/members s=200 d=154µs s=122
INF http m=GET p=/api/v1/workspaces/441OEHOI4000/nodes/441OEK1CQ000 s=200 d=445µs s=245
INF http m=GET p=/api/v1/workspaces/441OEHOI4000/nodes/0/children s=200 d=373µs s=244
INF http m=GET p=/api/v1/workspaces/441OEHOI4000/nodes/441OEMIKM000 s=200 d=319µs s=163
INF http m=GET p=/api/v1/workspaces/441OEHOI4000/events s=200 d=94.4ms s=93
INF http m=POST p=/api/v1/auth/register s=200 d=116ms s=396
INF http m=GET p=/ s=200 d=69µs s=542
INF http m=GET p=/registerSW.js s=200 d=80µs s=87
INF http m=GET p=/assets/index-SHhnYNGf.js s=200 d=172µs s=49792
INF http m=GET p=/assets/vendor-C3WBU0hm.js s=200 d=143µs s=29762
INF http m=GET p=/assets/editor-vendor-Bje_VwYD.js s=200 d=160µs s=117396
INF http m=GET p=/assets/index-DPQ8uk7g.css s=200 d=100µs s=12402
INF http m=GET p=/assets/en-BOb8f2G7.js s=200 d=91µs s=5207
INF http m=GET p=/api/v1/auth/me s=200 d=438µs s=165
INF http m=GET p=/favicon.png s=200 d=36µs s=449
INF http m=GET p=/sw.js s=200 d=82µs s=5540
INF http m=GET p=/api/v1/notifications/unread-count s=200 d=278µs s=25
INF http m=GET p=/registerSW.js s=200 d=38µs s=87
INF http m=GET p=/index.html s=200 d=90µs s=542
INF http m=GET p=/icon.svg s=200 d=35µs s=195
INF http m=GET p=/icon-512.png s=200 d=80µs s=6498
INF http m=GET p=/icon-192.png s=200 d=43µs s=2468
INF http m=POST p=/api/v1/organizations s=200 d=70.2ms s=350
INF http m=GET p=/api/v1/auth/me s=200 d=206µs s=249
INF http m=GET p=/favicon.png s=200 d=28µs s=449
INF http m=GET p=/apple-touch-icon.png s=200 d=45µs s=2298
INF http m=GET p=/assets/material-symbols-names-mOXCVt15.js s=200 d=88µs s=15793
INF http m=GET p=/assets/fr-CgauyyXq.js s=200 d=495µs s=6301
INF http m=GET p=/assets/es-DHO8DnB9.js s=200 d=73µs s=6015
INF http m=GET p=/assets/emoji-groups-tsNE8Axz.js s=200 d=79µs s=13852
INF http m=GET p=/assets/de-qJeflSp6.js s=200 d=87µs s=6245
INF http m=GET p=/assets/WorkspaceSettingsPanel-CsUOm22X.css s=200 d=31µs s=1025
INF http m=GET p=/assets/WorkspaceSettingsPanel-CM5oaFTF.js s=200 d=88µs s=4443
INF http m=GET p=/assets/ServerSettingsPanel-pbgISWIv.css s=200 d=34µs s=596
INF http m=GET p=/assets/ServerSettingsPanel-C8C6nm9a.js s=200 d=42µs s=2550
INF http m=GET p=/assets/ResourceQuotaForm-DTSj8Ta5.css s=200 d=29µs s=302
INF http m=GET p=/assets/ResourceQuotaForm-D6gJNn3N.js s=200 d=41µs s=812
INF http m=GET p=/assets/ProfileSettings-rthGIjGN.js s=200 d=77µs s=4319
INF http m=GET p=/assets/ProfileSettings-D5kbNfHV.css s=200 d=40µs s=1220
INF http m=GET p=/assets/OrgSettingsPanel-BP8s6T0h.css s=200 d=41µs s=511
INF http m=GET p=/assets/OrgSettingsPanel-B78NX7Vn.js s=200 d=49µs s=2302
INF http m=GET p=/assets/InviteForm-R7w4u6kW.js s=200 d=42µs s=1267
INF http m=GET p=/assets/InviteForm-CW-wgFWD.css s=200 d=30µs s=414
INF http m=GET p=/assets/Editor-BYBWY7b1.css s=200 d=31µs s=2240
INF http m=GET p=/assets/Editor-5FlZhQpN.js s=200 d=63µs s=13509
INF http m=GET p=/assets/AdminDashboard-R0heLGro.css s=200 d=29µs s=601
INF http m=GET p=/assets/AdminDashboard-D3Sw1IyX.js s=200 d=36µs s=2075
INF http m=GET p=/manifest.webmanifest s=200 d=83µs s=199
INF http m=POST p=/api/v1/organizations/441OEQ90O000/workspaces s=200 d=347ms s=297
INF http m=POST p=/api/v1/auth/switch-workspace s=200 d=34.3ms s=602
INF http m=GET p=/api/v1/notifications/unread-count s=200 d=156µs s=25
INF http m=GET p=/api/v1/workspaces/441OEQO04000/nodes/0/children s=200 d=299µs s=26
INF http m=GET p=/api/v1/workspaces/441OEQO04000/members s=200 d=484µs s=126
INF http m=POST p=/api/v1/workspaces/441OEQO04000/nodes/0/page/create s=200 d=20.5ms s=35
INF http m=GET p=/api/v1/workspaces/441OEQO04000/nodes/0/children s=200 d=261µs s=257
INF http m=GET p=/api/v1/workspaces/441OEQO04000/nodes/441OET5JE000 s=200 d=238µs s=245
INF http m=POST p=/api/v1/workspaces/441OEQO04000/nodes/0/page/create s=200 d=16ms s=26
INF http m=GET p=/w/@441OEQO04000/@441OEVES8000 s=200 d=41µs s=542
INF http m=GET p=/api/v1/workspaces/441OEQO04000/events s=200 d=403ms s=230
INF http m=GET p=/api/v1/auth/me s=200 d=264µs s=349
INF http m=GET p=/api/v1/notifications/unread-count s=200 d=192µs s=25
INF http m=GET p=/api/v1/workspaces/441OEQO04000/members s=200 d=141µs s=126
INF http m=GET p=/api/v1/workspaces/441OEQO04000/nodes/441OEVES8000 s=200 d=275µs s=138
INF http m=GET p=/api/v1/workspaces/441OEQO04000/nodes/0/children s=200 d=543µs s=253
INF http m=GET p=/api/v1/workspaces/441OEQO04000/events s=200 d=35.2ms s=93
INF http m=POST p=/api/v1/auth/register s=200 d=149ms s=409
INF http m=GET p=/ s=200 d=63µs s=542
INF http m=GET p=/assets/index-SHhnYNGf.js s=200 d=192µs s=49792
INF http m=GET p=/assets/index-DPQ8uk7g.css s=200 d=122µs s=12402
INF http m=GET p=/registerSW.js s=200 d=33µs s=87
INF http m=GET p=/assets/vendor-C3WBU0hm.js s=200 d=106µs s=29762
INF http m=GET p=/assets/editor-vendor-Bje_VwYD.js s=200 d=586µs s=117396
INF http m=GET p=/api/v1/auth/me s=200 d=229µs s=169
INF http m=GET p=/assets/en-BOb8f2G7.js s=200 d=73µs s=5207
INF http m=GET p=/api/v1/notifications/unread-count s=200 d=262µs s=25
INF http m=GET p=/favicon.png s=200 d=43µs s=449
INF http m=GET p=/sw.js s=200 d=93µs s=5540
INF http m=GET p=/registerSW.js s=200 d=83µs s=87
INF http m=GET p=/index.html s=200 d=33µs s=542
INF http m=GET p=/icon.svg s=200 d=30µs s=195
INF http m=GET p=/icon-512.png s=200 d=60µs s=6498
INF http m=GET p=/icon-192.png s=200 d=50µs s=2468
INF http m=GET p=/favicon.png s=200 d=28µs s=449
INF http m=POST p=/api/v1/organizations s=200 d=88.7ms s=353
INF http m=GET p=/apple-touch-icon.png s=200 d=35µs s=2298
INF http m=GET p=/api/v1/auth/me s=200 d=203µs s=251
INF http m=GET p=/assets/material-symbols-names-mOXCVt15.js s=200 d=96µs s=15793
INF http m=GET p=/assets/fr-CgauyyXq.js s=200 d=91µs s=6301
INF http m=GET p=/assets/es-DHO8DnB9.js s=200 d=93µs s=6015
INF http m=GET p=/assets/emoji-groups-tsNE8Axz.js s=200 d=93µs s=13852
INF http m=GET p=/assets/de-qJeflSp6.js s=200 d=90µs s=6245
INF http m=GET p=/assets/WorkspaceSettingsPanel-CsUOm22X.css s=200 d=36µs s=1025
INF http m=GET p=/assets/WorkspaceSettingsPanel-CM5oaFTF.js s=200 d=68µs s=4443
INF http m=GET p=/assets/ServerSettingsPanel-pbgISWIv.css s=200 d=37µs s=596
INF http m=GET p=/assets/ServerSettingsPanel-C8C6nm9a.js s=200 d=47µs s=2550
INF http m=GET p=/assets/ResourceQuotaForm-DTSj8Ta5.css s=200 d=40µs s=302
INF http m=GET p=/assets/ResourceQuotaForm-D6gJNn3N.js s=200 d=41µs s=812
INF http m=GET p=/assets/ProfileSettings-rthGIjGN.js s=200 d=67µs s=4319
INF http m=GET p=/assets/ProfileSettings-D5kbNfHV.css s=200 d=40µs s=1220
INF http m=GET p=/assets/OrgSettingsPanel-BP8s6T0h.css s=200 d=29µs s=511
INF http m=GET p=/assets/OrgSettingsPanel-B78NX7Vn.js s=200 d=41µs s=2302
INF http m=GET p=/assets/InviteForm-R7w4u6kW.js s=200 d=29µs s=1267
INF http m=GET p=/assets/InviteForm-CW-wgFWD.css s=200 d=29µs s=414
INF http m=GET p=/assets/Editor-BYBWY7b1.css s=200 d=33µs s=2240
INF http m=GET p=/assets/Editor-5FlZhQpN.js s=200 d=67µs s=13509
INF http m=GET p=/assets/AdminDashboard-R0heLGro.css s=200 d=33µs s=601
INF http m=GET p=/assets/AdminDashboard-D3Sw1IyX.js s=200 d=35µs s=2075
INF http m=GET p=/manifest.webmanifest s=200 d=24µs s=199
INF http m=POST p=/api/v1/organizations/441OF383S000/workspaces s=200 d=335ms s=301
INF http m=POST p=/api/v1/auth/switch-workspace s=200 d=35.1ms s=571
INF http m=GET p=/api/v1/notifications/unread-count s=200 d=414µs s=25
INF http m=GET p=/api/v1/workspaces/441OF3QKM000/nodes/0/children s=200 d=554µs s=26
INF http m=GET p=/api/v1/workspaces/441OF3QKM000/members s=200 d=565µs s=121
INF http m=POST p=/api/v1/workspaces/441OF3QKM000/nodes/0/page/create s=200 d=19.2ms s=35
INF http m=GET p=/api/v1/workspaces/441OF3QKM000/nodes/0/children s=200 d=269µs s=257
INF http m=GET p=/api/v1/workspaces/441OF3QKM000/nodes/441OF66SC000 s=200 d=267µs s=245
INF http m=POST p=/api/v1/workspaces/441OF3QKM000/nodes/0/page/create s=200 d=15.8ms s=26
INF http m=POST p=/api/v1/workspaces/441OF3QKM000/nodes/441OF8FFC000/page/create s=200 d=15ms s=26
INF http m=POST p=/api/v1/workspaces/441OF3QKM000/nodes/441OF8IT4000/page/create s=200 d=15.3ms s=26
INF http m=GET p=/w/@441OF3QKM000/@441OF8MDK000 s=200 d=40µs s=542
INF http m=GET p=/api/v1/workspaces/441OF3QKM000/events s=200 d=438ms s=282
INF http m=GET p=/api/v1/auth/me s=200 d=300µs s=354
INF http m=GET p=/api/v1/notifications/unread-count s=200 d=423µs s=25
INF http m=GET p=/api/v1/workspaces/441OF3QKM000/nodes/0/children s=200 d=322µs s=248
INF http m=GET p=/api/v1/workspaces/441OF3QKM000/nodes/441OF8MDK000 s=200 d=240µs s=136
INF http m=GET p=/api/v1/workspaces/441OF3QKM000/members s=200 d=162µs s=121
INF http m=GET p=/api/v1/workspaces/441OF3QKM000/nodes/441OF8FFC000/children s=200 d=285µs s=155
INF http m=GET p=/api/v1/workspaces/441OF3QKM000/nodes/441OF8IT4000 s=200 d=401µs s=131
INF http m=GET p=/api/v1/workspaces/441OF3QKM000/nodes/441OF8FFC000 s=200 d=352µs s=122
INF http m=GET p=/api/v1/workspaces/441OF3QKM000/nodes/441OF8IT4000/children s=200 d=320µs s=145
INF http m=GET p=/api/v1/workspaces/441OF3QKM000/events s=200 d=118ms s=93
INF http m=POST p=/api/v1/auth/register s=200 d=128ms s=418
INF http m=GET p=/ s=200 d=92µs s=542
INF http m=GET p=/assets/index-SHhnYNGf.js s=200 d=181µs s=49792
INF http m=GET p=/assets/index-DPQ8uk7g.css s=200 d=113µs s=12402
INF http m=GET p=/assets/editor-vendor-Bje_VwYD.js s=200 d=210µs s=117396
INF http m=GET p=/registerSW.js s=200 d=37µs s=87
INF http m=GET p=/assets/vendor-C3WBU0hm.js s=200 d=129µs s=29762
INF http m=GET p=/api/v1/auth/me s=200 d=215µs s=172
INF http m=GET p=/assets/en-BOb8f2G7.js s=200 d=61µs s=5207
INF http m=GET p=/api/v1/notifications/unread-count s=200 d=187µs s=25
INF http m=GET p=/sw.js s=200 d=93µs s=5540
INF http m=GET p=/favicon.png s=200 d=104µs s=449
INF http m=GET p=/registerSW.js s=200 d=39µs s=87
INF http m=POST p=/api/v1/organizations s=200 d=72.8ms s=354
INF http m=GET p=/api/v1/auth/me s=200 d=256µs s=255
INF http m=GET p=/index.html s=200 d=33µs s=542
INF http m=GET p=/icon.svg s=200 d=30µs s=195
INF http m=GET p=/icon-512.png s=200 d=87µs s=6498
INF http m=GET p=/icon-192.png s=200 d=41µs s=2468
INF http m=GET p=/favicon.png s=200 d=32µs s=449
INF http m=GET p=/apple-touch-icon.png s=200 d=42µs s=2298
INF http m=GET p=/assets/material-symbols-names-mOXCVt15.js s=200 d=91µs s=15793
INF http m=GET p=/assets/fr-CgauyyXq.js s=200 d=92µs s=6301
INF http m=GET p=/assets/es-DHO8DnB9.js s=200 d=70µs s=6015
INF http m=GET p=/assets/emoji-groups-tsNE8Axz.js s=200 d=91µs s=13852
INF http m=GET p=/assets/de-qJeflSp6.js s=200 d=80µs s=6245
INF http m=GET p=/assets/WorkspaceSettingsPanel-CsUOm22X.css s=200 d=29µs s=1025
INF http m=GET p=/assets/WorkspaceSettingsPanel-CM5oaFTF.js s=200 d=68µs s=4443
INF http m=GET p=/assets/ServerSettingsPanel-pbgISWIv.css s=200 d=28µs s=596
INF http m=GET p=/assets/ServerSettingsPanel-C8C6nm9a.js s=200 d=32µs s=2550
INF http m=GET p=/assets/ResourceQuotaForm-DTSj8Ta5.css s=200 d=24µs s=302
INF http m=GET p=/assets/ResourceQuotaForm-D6gJNn3N.js s=200 d=25µs s=812
INF http m=GET p=/assets/ProfileSettings-rthGIjGN.js s=200 d=66µs s=4319
INF http m=GET p=/assets/ProfileSettings-D5kbNfHV.css s=200 d=31µs s=1220
INF http m=GET p=/assets/OrgSettingsPanel-BP8s6T0h.css s=200 d=24µs s=511
INF http m=GET p=/assets/OrgSettingsPanel-B78NX7Vn.js s=200 d=33µs s=2302
INF http m=GET p=/assets/InviteForm-R7w4u6kW.js s=200 d=25µs s=1267
INF http m=GET p=/assets/InviteForm-CW-wgFWD.css s=200 d=29µs s=414
INF http m=GET p=/assets/Editor-BYBWY7b1.css s=200 d=34µs s=2240
INF http m=GET p=/assets/Editor-5FlZhQpN.js s=200 d=73µs s=13509
INF http m=GET p=/assets/AdminDashboard-R0heLGro.css s=200 d=32µs s=601
INF http m=GET p=/assets/AdminDashboard-D3Sw1IyX.js s=200 d=29µs s=2075
INF http m=GET p=/manifest.webmanifest s=200 d=28µs s=199
INF http m=POST p=/api/v1/organizations/441OFCJCS000/workspaces s=200 d=334ms s=302
INF http m=POST p=/api/v1/auth/switch-workspace s=200 d=34.8ms s=570
INF http m=GET p=/api/v1/notifications/unread-count s=200 d=158µs s=25
INF http m=GET p=/api/v1/workspaces/441OFD2QM000/nodes/0/children s=200 d=329µs s=26
INF http m=GET p=/api/v1/workspaces/441OFD2QM000/members s=200 d=544µs s=121
INF http m=POST p=/api/v1/workspaces/441OFD2QM000/nodes/0/page/create s=200 d=20.1ms s=35
INF http m=GET p=/api/v1/workspaces/441OFD2QM000/nodes/0/children s=200 d=244µs s=257
INF http m=GET p=/api/v1/workspaces/441OFD2QM000/nodes/441OFFED2000 s=200 d=239µs s=245
INF http m=POST p=/api/v1/workspaces/441OFD2QM000/nodes/0/page/create s=200 d=26.3ms s=26
INF http m=POST p=/api/v1/workspaces/441OFD2QM000/nodes/441OFHT2G000/page/create s=200 d=15.6ms s=26
INF http m=POST p=/api/v1/workspaces/441OFD2QM000/nodes/441OFI404000/page/create s=200 d=15.2ms s=26
INF http m=POST p=/api/v1/workspaces/441OFD2QM000/nodes/441OFI7CM000/page/create s=200 d=15.7ms s=26
INF http m=GET p=/w/@441OFD2QM000/@441OFIALO000 s=200 d=41µs s=542
INF http m=GET p=/api/v1/workspaces/441OFD2QM000/events s=200 d=503ms s=314
INF http m=GET p=/api/v1/auth/me s=200 d=865µs s=358
INF http m=GET p=/api/v1/notifications/unread-count s=200 d=189µs s=25
INF http m=GET p=/api/v1/workspaces/441OFD2QM000/nodes/0/children s=200 d=341µs s=247
INF http m=GET p=/api/v1/workspaces/441OFD2QM000/members s=200 d=181µs s=121
INF http m=GET p=/api/v1/workspaces/441OFD2QM000/nodes/441OFIALO000 s=200 d=227µs s=136
INF http m=GET p=/api/v1/workspaces/441OFD2QM000/nodes/441OFHT2G000/children s=200 d=287µs s=143
INF http m=GET p=/api/v1/workspaces/441OFD2QM000/nodes/441OFI7CM000 s=200 d=236µs s=122
INF http m=GET p=/api/v1/workspaces/441OFD2QM000/nodes/441OFI404000 s=200 d=342µs s=122
INF http m=GET p=/api/v1/workspaces/441OFD2QM000/nodes/441OFHT2G000 s=200 d=244µs s=129
INF http m=GET p=/api/v1/workspaces/441OFD2QM000/nodes/441OFI404000/children s=200 d=326µs s=142
INF http m=GET p=/api/v1/workspaces/441OFD2QM000/nodes/441OFI7CM000/children s=200 d=294µs s=147
INF http m=GET p=/api/v1/workspaces/441OFD2QM000/events s=200 d=78.4ms s=93
INF http m=GET p=/api/v1/workspaces/441ODK98I000/events s=200 d=9.59s s=93
INF http m=POST p=/api/v1/auth/register s=200 d=227ms s=393
INF http m=GET p=/ s=200 d=62µs s=542
INF http m=GET p=/registerSW.js s=200 d=85µs s=87
INF http m=GET p=/assets/index-DPQ8uk7g.css s=200 d=99µs s=12402
INF http m=GET p=/assets/index-SHhnYNGf.js s=200 d=89µs s=49792
INF http m=GET p=/assets/vendor-C3WBU0hm.js s=200 d=82µs s=29762
INF http m=GET p=/assets/editor-vendor-Bje_VwYD.js s=200 d=130µs s=117396
INF http m=GET p=/api/v1/auth/me s=200 d=268µs s=165
INF http m=GET p=/assets/en-BOb8f2G7.js s=200 d=57µs s=5207
INF http m=POST p=/api/v1/auth/register s=200 d=238ms s=394
INF http m=GET p=/ s=200 d=115µs s=542
INF http m=GET p=/api/v1/notifications/unread-count s=200 d=168µs s=25
INF http m=GET p=/favicon.png s=200 d=50µs s=449
INF http m=GET p=/assets/index-SHhnYNGf.js s=200 d=199µs s=49792
INF http m=GET p=/assets/index-DPQ8uk7g.css s=200 d=135µs s=12402
INF http m=GET p=/registerSW.js s=200 d=55µs s=87
INF http m=GET p=/assets/vendor-C3WBU0hm.js s=200 d=151µs s=29762
INF http m=GET p=/assets/editor-vendor-Bje_VwYD.js s=200 d=162µs s=117396
INF http m=GET p=/sw.js s=200 d=76µs s=5540
INF http m=GET p=/registerSW.js s=200 d=36µs s=87
INF http m=GET p=/index.html s=200 d=42µs s=542
INF http m=GET p=/icon.svg s=200 d=48µs s=195
INF http m=POST p=/api/v1/organizations s=200 d=136ms s=350
INF http m=GET p=/icon-512.png s=200 d=76µs s=6498
INF http m=GET p=/api/v1/auth/me s=200 d=457µs s=250
INF http m=GET p=/icon-192.png s=200 d=35µs s=2468
INF http m=GET p=/favicon.png s=200 d=45µs s=449
INF http m=GET p=/apple-touch-icon.png s=200 d=54µs s=2298
INF http m=GET p=/api/v1/auth/me s=200 d=555µs s=169
INF http m=GET p=/assets/en-BOb8f2G7.js s=200 d=61µs s=5207
INF http m=GET p=/assets/material-symbols-names-mOXCVt15.js s=200 d=109µs s=15793
INF http m=GET p=/api/v1/notifications/unread-count s=200 d=726µs s=25
INF http m=GET p=/favicon.png s=200 d=30µs s=449
INF http m=GET p=/sw.js s=200 d=742µs s=5540
INF http m=GET p=/assets/fr-CgauyyXq.js s=200 d=92µs s=6301
INF http m=GET p=/registerSW.js s=200 d=40µs s=87
INF http m=GET p=/assets/es-DHO8DnB9.js s=200 d=72µs s=6015
INF http m=GET p=/index.html s=200 d=54µs s=542
INF http m=GET p=/icon.svg s=200 d=33µs s=195
INF http m=GET p=/assets/emoji-groups-tsNE8Axz.js s=200 d=102µs s=13852
INF http m=GET p=/icon-512.png s=200 d=75µs s=6498
INF http m=GET p=/icon-192.png s=200 d=115µs s=2468
INF http m=GET p=/favicon.png s=200 d=28µs s=449
INF http m=GET p=/apple-touch-icon.png s=200 d=72µs s=2298
INF http m=GET p=/assets/material-symbols-names-mOXCVt15.js s=200 d=99µs s=15793
INF http m=GET p=/assets/de-qJeflSp6.js s=200 d=159µs s=6245
INF http m=GET p=/assets/fr-CgauyyXq.js s=200 d=92µs s=6301
INF http m=GET p=/assets/WorkspaceSettingsPanel-CsUOm22X.css s=200 d=24µs s=1025
INF http m=GET p=/assets/es-DHO8DnB9.js s=200 d=65µs s=6015
INF http m=GET p=/assets/WorkspaceSettingsPanel-CM5oaFTF.js s=200 d=53µs s=4443
INF http m=GET p=/assets/ServerSettingsPanel-pbgISWIv.css s=200 d=58µs s=596
INF http m=GET p=/assets/emoji-groups-tsNE8Axz.js s=200 d=77µs s=13852
INF http m=GET p=/assets/ServerSettingsPanel-C8C6nm9a.js s=200 d=37µs s=2550
INF http m=GET p=/assets/ResourceQuotaForm-DTSj8Ta5.css s=200 d=36µs s=302
INF http m=GET p=/assets/ResourceQuotaForm-D6gJNn3N.js s=200 d=30µs s=812
INF http m=GET p=/assets/ProfileSettings-rthGIjGN.js s=200 d=86µs s=4319
INF http m=GET p=/assets/ProfileSettings-D5kbNfHV.css s=200 d=45µs s=1220
INF http m=GET p=/assets/OrgSettingsPanel-BP8s6T0h.css s=200 d=30µs s=511
INF http m=GET p=/assets/OrgSettingsPanel-B78NX7Vn.js s=200 d=41µs s=2302
INF http m=GET p=/assets/InviteForm-R7w4u6kW.js s=200 d=37µs s=1267
INF http m=GET p=/assets/InviteForm-CW-wgFWD.css s=200 d=52µs s=414
INF http m=GET p=/assets/Editor-BYBWY7b1.css s=200 d=35µs s=2240
INF http m=GET p=/assets/Editor-5FlZhQpN.js s=200 d=97µs s=13509
INF http m=GET p=/assets/AdminDashboard-R0heLGro.css s=200 d=38µs s=601
INF http m=GET p=/assets/de-qJeflSp6.js s=200 d=228µs s=6245
INF http m=GET p=/assets/AdminDashboard-D3Sw1IyX.js s=200 d=40µs s=2075
INF http m=GET p=/assets/WorkspaceSettingsPanel-CsUOm22X.css s=200 d=28µs s=1025
INF http m=GET p=/manifest.webmanifest s=200 d=29µs s=199
INF http m=GET p=/assets/WorkspaceSettingsPanel-CM5oaFTF.js s=200 d=69µs s=4443
INF http m=GET p=/assets/ServerSettingsPanel-pbgISWIv.css s=200 d=31µs s=596
INF http m=GET p=/assets/ServerSettingsPanel-C8C6nm9a.js s=200 d=39µs s=2550
INF http m=GET p=/assets/ResourceQuotaForm-DTSj8Ta5.css s=200 d=32µs s=302
INF http m=GET p=/assets/ResourceQuotaForm-D6gJNn3N.js s=200 d=27µs s=812
INF http m=GET p=/assets/ProfileSettings-rthGIjGN.js s=200 d=68µs s=4319
INF http m=GET p=/assets/ProfileSettings-D5kbNfHV.css s=200 d=24µs s=1220
INF http m=GET p=/assets/OrgSettingsPanel-BP8s6T0h.css s=200 d=50µs s=511
INF http m=GET p=/assets/OrgSettingsPanel-B78NX7Vn.js s=200 d=44µs s=2302
INF http m=GET p=/assets/InviteForm-R7w4u6kW.js s=200 d=43µs s=1267
INF http m=GET p=/assets/InviteForm-CW-wgFWD.css s=200 d=34µs s=414
INF http m=GET p=/assets/Editor-BYBWY7b1.css s=200 d=50µs s=2240
INF http m=GET p=/assets/Editor-5FlZhQpN.js s=200 d=73µs s=13509
INF http m=GET p=/assets/AdminDashboard-R0heLGro.css s=200 d=41µs s=601
INF http m=GET p=/assets/AdminDashboard-D3Sw1IyX.js s=200 d=38µs s=2075
INF http m=GET p=/manifest.webmanifest s=200 d=25µs s=199
INF http m=POST p=/api/v1/organizations/441OFNEE0000/workspaces s=200 d=540ms s=300
INF http m=POST p=/api/v1/organizations s=200 d=472ms s=354
INF http m=GET p=/api/v1/auth/me s=200 d=526µs s=255
INF http m=POST p=/api/v1/auth/switch-workspace s=200 d=42.1ms s=623
INF http m=GET p=/api/v1/notifications/unread-count s=200 d=2.91ms s=25
INF http m=GET p=/api/v1/workspaces/441OFODLS000/members s=200 d=201µs s=126
INF http m=GET p=/api/v1/workspaces/441OFODLS000/nodes/0/children s=200 d=5.98ms s=26
INF http m=POST p=/api/v1/organizations/441OFOS4C000/workspaces s=200 d=311ms s=304
INF http m=POST p=/api/v1/workspaces/441OFODLS000/nodes/0/page/create s=200 d=259ms s=35
INF http m=GET p=/api/v1/workspaces/441OFODLS000/nodes/0/children s=200 d=272µs s=240
INF http m=GET p=/api/v1/workspaces/441OFODLS000/nodes/441OFS4GM000 s=200 d=204µs s=245
INF http m=POST p=/api/v1/workspaces/441OFODLS000/nodes/0/page/create s=200 d=133ms s=26
INF http m=POST p=/api/v1/auth/switch-workspace s=200 d=56ms s=608
INF http m=GET p=/api/v1/notifications/unread-count s=200 d=185µs s=25
INF http m=GET p=/api/v1/workspaces/441OFRPDK000/nodes/0/children s=200 d=296µs s=26
INF http m=GET p=/api/v1/workspaces/441OFRPDK000/members s=200 d=345µs s=120
INF http m=POST p=/api/v1/workspaces/441OFODLS000/nodes/441OFT6HU000/page/create s=200 d=19.3ms s=26
INF http m=POST p=/api/v1/workspaces/441OFODLS000/nodes/441OFU118000/page/create s=200 d=26ms s=26
INF http m=GET p=/w/@441OFODLS000+workspace/@441OFS4GM000+welcome s=200 d=72µs s=542
INF http m=POST p=/api/v1/workspaces/441OFRPDK000/nodes/0/page/create s=200 d=28.3ms s=35
INF http m=GET p=/api/v1/workspaces/441OFRPDK000/nodes/0/children s=200 d=378µs s=283
INF http m=GET p=/api/v1/workspaces/441OFODLS000/events s=200 d=389ms s=285
INF http m=POST p=/api/v1/workspaces/441OFRPDK000/nodes/0/page/create s=200 d=39.2ms s=26
INF http m=GET p=/api/v1/workspaces/441OFRPDK000/nodes/441OFU7J8000 s=200 d=341µs s=245
INF http m=GET p=/w/@441OFRPDK000+workspace/ s=200 d=38µs s=542
INF http m=GET p=/api/v1/workspaces/441OFRPDK000/events s=200 d=75.5ms s=226
INF http m=GET p=/api/v1/auth/me s=200 d=336µs s=354
INF http m=GET p=/api/v1/auth/me s=200 d=337µs s=359
INF http m=GET p=/api/v1/notifications/unread-count s=200 d=237µs s=25
INF http m=GET p=/api/v1/workspaces/441OFODLS000/nodes/441OFS4GM000 s=200 d=577µs s=245
INF http m=GET p=/api/v1/workspaces/441OFODLS000/members s=200 d=718µs s=126
INF http m=GET p=/api/v1/workspaces/441OFODLS000/nodes/0/children s=200 d=763µs s=252
INF http m=GET p=/api/v1/workspaces/441OFODLS000/nodes/441OFT6HU000/children s=200 d=2.31ms s=158
INF http m=GET p=/api/v1/notifications/unread-count s=200 d=986µs s=25
INF http m=GET p=/api/v1/workspaces/441OFRPDK000/members s=200 d=183µs s=120
INF http m=GET p=/api/v1/workspaces/441OFRPDK000/nodes/0/children s=200 d=21.3ms s=283
INF http m=GET p=/api/v1/workspaces/441OFRPDK000/nodes/441OFU7J8000 s=200 d=342µs s=245
INF http m=GET p=/api/v1/workspaces/441OFODLS000/nodes/441OFU118000 s=200 d=399µs s=136
INF http m=GET p=/api/v1/workspaces/441OFODLS000/nodes/441OFT6HU000 s=200 d=335µs s=126
INF http m=GET p=/api/v1/workspaces/441OFRPDK000/nodes/441OFUANE000 s=200 d=391µs s=179
INF http m=GET p=/api/v1/workspaces/441OFODLS000/nodes/441OFU118000/children s=200 d=354µs s=149
INF http m=GET p=/api/v1/workspaces/441OFODLS000/nodes/441OFU5LC000 s=200 d=396µs s=140
INF http m=GET p=/api/v1/workspaces/441OFRPDK000/events s=200 d=209ms s=93
INF http m=GET p=/api/v1/workspaces/441OFODLS000/nodes/441OFU118000 s=200 d=518µs s=136
INF http m=GET p=/api/v1/workspaces/441OFODLS000/nodes/441OFT6HU000 s=200 d=382µs s=126
INF http m=GET p=/api/v1/workspaces/441OFODLS000/nodes/441OFT6HU000 s=200 d=686µs s=126
INF http m=GET p=/api/v1/workspaces/441OFODLS000/events s=200 d=436ms s=93
INF http m=POST p=/api/v1/auth/register s=200 d=255ms s=392
INF http m=GET p=/ s=200 d=63µs s=542
INF http m=GET p=/registerSW.js s=200 d=61µs s=87
INF http m=GET p=/assets/index-DPQ8uk7g.css s=200 d=130µs s=12402
INF http m=GET p=/assets/index-SHhnYNGf.js s=200 d=105µs s=49792
INF http m=GET p=/assets/vendor-C3WBU0hm.js s=200 d=113µs s=29762
INF http m=GET p=/assets/editor-vendor-Bje_VwYD.js s=200 d=1.06ms s=117396
INF http m=POST p=/api/v1/auth/register s=200 d=232ms s=396
INF http m=GET p=/assets/en-BOb8f2G7.js s=200 d=103µs s=5207
INF http m=GET p=/api/v1/auth/me s=200 d=808µs s=166
INF http m=GET p=/ s=200 d=66µs s=542
INF http m=GET p=/api/v1/notifications/unread-count s=200 d=607µs s=25
INF http m=GET p=/sw.js s=200 d=98µs s=5540
INF http m=GET p=/assets/index-SHhnYNGf.js s=200 d=180µs s=49792
INF http m=GET p=/assets/index-DPQ8uk7g.css s=200 d=142µs s=12402
INF http m=GET p=/registerSW.js s=200 d=44µs s=87
INF http m=GET p=/assets/vendor-C3WBU0hm.js s=200 d=171µs s=29762
INF http m=GET p=/assets/editor-vendor-Bje_VwYD.js s=200 d=166µs s=117396
INF http m=GET p=/favicon.png s=200 d=58µs s=449
INF http m=GET p=/registerSW.js s=200 d=51µs s=87
INF http m=GET p=/index.html s=200 d=63µs s=542
INF http m=GET p=/icon.svg s=200 d=41µs s=195
INF http m=GET p=/icon-512.png s=200 d=146µs s=6498
INF http m=GET p=/icon-192.png s=200 d=76µs s=2468
INF http m=GET p=/favicon.png s=200 d=30µs s=449
INF http m=GET p=/apple-touch-icon.png s=200 d=57µs s=2298
INF http m=GET p=/assets/material-symbols-names-mOXCVt15.js s=200 d=132µs s=15793
INF http m=POST p=/api/v1/organizations s=200 d=143ms s=351
INF http m=GET p=/api/v1/auth/me s=200 d=1.24ms s=252
INF http m=GET p=/api/v1/auth/me s=200 d=639µs s=165
INF http m=GET p=/assets/en-BOb8f2G7.js s=200 d=72µs s=5207
INF http m=GET p=/sw.js s=200 d=82µs s=5540
INF http m=GET p=/api/v1/notifications/unread-count s=200 d=173µs s=25
INF http m=GET p=/assets/fr-CgauyyXq.js s=200 d=85µs s=6301
INF http m=GET p=/assets/es-DHO8DnB9.js s=200 d=81µs s=6015
INF http m=GET p=/assets/emoji-groups-tsNE8Axz.js s=200 d=109µs s=13852
INF http m=GET p=/registerSW.js s=200 d=35µs s=87
INF http m=GET p=/favicon.png s=200 d=28µs s=449
INF http m=GET p=/index.html s=200 d=37µs s=542
INF http m=GET p=/icon.svg s=200 d=40µs s=195
INF http m=GET p=/icon-512.png s=200 d=83µs s=6498
INF http m=GET p=/icon-192.png s=200 d=54µs s=2468
INF http m=GET p=/favicon.png s=200 d=42µs s=449
INF http m=GET p=/apple-touch-icon.png s=200 d=53µs s=2298
INF http m=POST p=/api/v1/organizations s=200 d=115ms s=353
INF http m=GET p=/assets/de-qJeflSp6.js s=200 d=157µs s=6245
INF http m=GET p=/api/v1/auth/me s=200 d=246µs s=250
INF http m=GET p=/assets/WorkspaceSettingsPanel-CsUOm22X.css s=200 d=38µs s=1025
INF http m=GET p=/assets/material-symbols-names-mOXCVt15.js s=200 d=118µs s=15793
INF http m=GET p=/assets/WorkspaceSettingsPanel-CM5oaFTF.js s=200 d=55µs s=4443
INF http m=GET p=/assets/ServerSettingsPanel-pbgISWIv.css s=200 d=90µs s=596
INF http m=GET p=/assets/ServerSettingsPanel-C8C6nm9a.js s=200 d=44µs s=2550
INF http m=GET p=/assets/ResourceQuotaForm-DTSj8Ta5.css s=200 d=29µs s=302
INF http m=GET p=/assets/ResourceQuotaForm-D6gJNn3N.js s=200 d=38µs s=812
INF http m=GET p=/assets/ProfileSettings-rthGIjGN.js s=200 d=87µs s=4319
INF http m=GET p=/assets/fr-CgauyyXq.js s=200 d=93µs s=6301
INF http m=GET p=/assets/ProfileSettings-D5kbNfHV.css s=200 d=28µs s=1220
INF http m=GET p=/assets/OrgSettingsPanel-BP8s6T0h.css s=200 d=36µs s=511
INF http m=GET p=/assets/es-DHO8DnB9.js s=200 d=71µs s=6015
INF http m=GET p=/assets/OrgSettingsPanel-B78NX7Vn.js s=200 d=44µs s=2302
INF http m=GET p=/assets/InviteForm-R7w4u6kW.js s=200 d=34µs s=1267
INF http m=GET p=/assets/InviteForm-CW-wgFWD.css s=200 d=38µs s=414
INF http m=GET p=/assets/emoji-groups-tsNE8Axz.js s=200 d=81µs s=13852
INF http m=GET p=/assets/Editor-BYBWY7b1.css s=200 d=26µs s=2240
INF http m=GET p=/assets/Editor-5FlZhQpN.js s=200 d=1.46ms s=13509
INF http m=GET p=/assets/AdminDashboard-R0heLGro.css s=200 d=32µs s=601
INF http m=GET p=/assets/AdminDashboard-D3Sw1IyX.js s=200 d=49µs s=2075
INF http m=GET p=/manifest.webmanifest s=200 d=39µs s=199
INF http m=GET p=/assets/de-qJeflSp6.js s=200 d=144µs s=6245
INF http m=GET p=/assets/WorkspaceSettingsPanel-CsUOm22X.css s=200 d=29µs s=1025
INF http m=GET p=/assets/WorkspaceSettingsPanel-CM5oaFTF.js s=200 d=59µs s=4443
INF http m=GET p=/assets/ServerSettingsPanel-pbgISWIv.css s=200 d=35µs s=596
INF http m=GET p=/assets/ServerSettingsPanel-C8C6nm9a.js s=200 d=43µs s=2550
INF http m=GET p=/assets/ResourceQuotaForm-DTSj8Ta5.css s=200 d=29µs s=302
INF http m=GET p=/assets/ResourceQuotaForm-D6gJNn3N.js s=200 d=29µs s=812
INF http m=GET p=/assets/ProfileSettings-rthGIjGN.js s=200 d=80µs s=4319
INF http m=GET p=/assets/ProfileSettings-D5kbNfHV.css s=200 d=29µs s=1220
INF http m=GET p=/assets/OrgSettingsPanel-BP8s6T0h.css s=200 d=32µs s=511
INF http m=GET p=/assets/OrgSettingsPanel-B78NX7Vn.js s=200 d=31µs s=2302
INF http m=GET p=/assets/InviteForm-R7w4u6kW.js s=200 d=29µs s=1267
INF http m=GET p=/assets/InviteForm-CW-wgFWD.css s=200 d=31µs s=414
INF http m=GET p=/assets/Editor-BYBWY7b1.css s=200 d=51µs s=2240
INF http m=GET p=/assets/Editor-5FlZhQpN.js s=200 d=114µs s=13509
INF http m=GET p=/assets/AdminDashboard-R0heLGro.css s=200 d=33µs s=601
INF http m=GET p=/assets/AdminDashboard-D3Sw1IyX.js s=200 d=51µs s=2075
INF http m=GET p=/manifest.webmanifest s=200 d=30µs s=199
INF http m=POST p=/api/v1/organizations/441OG5H4E000/workspaces s=200 d=567ms s=299
INF http m=POST p=/api/v1/organizations/441OG6OD8000/workspaces s=200 d=659ms s=299
INF http m=POST p=/api/v1/auth/switch-workspace s=200 d=273ms s=625
INF http m=GET p=/api/v1/workspaces/441OG6FCA000/nodes/0/children s=200 d=534µs s=26
INF http m=GET p=/api/v1/notifications/unread-count s=200 d=2.54ms s=25
INF http m=GET p=/api/v1/workspaces/441OG6FCA000/members s=200 d=3.63ms s=126
INF http m=POST p=/api/v1/auth/switch-workspace s=200 d=50.3ms s=584
INF http m=POST p=/api/v1/workspaces/441OG6FCA000/nodes/0/page/create s=200 d=33.5ms s=35
INF http m=GET p=/api/v1/workspaces/441OG6FCA000/nodes/0/children s=200 d=1.02ms s=257
INF http m=GET p=/api/v1/notifications/unread-count s=200 d=222µs s=25
INF http m=GET p=/api/v1/workspaces/441OG7HPE000/nodes/0/children s=200 d=2.11ms s=26
INF http m=GET p=/api/v1/workspaces/441OG7HPE000/members s=200 d=1.13ms s=132
INF http m=GET p=/api/v1/workspaces/441OG6FCA000/nodes/441OGBNFE000 s=200 d=1.99ms s=245
INF http m=POST p=/api/v1/workspaces/441OG7HPE000/nodes/0/page/create s=200 d=25.9ms s=35
INF http m=GET p=/api/v1/workspaces/441OG7HPE000/nodes/0/children s=200 d=707µs s=275
INF http m=GET p=/api/v1/workspaces/441OG7HPE000/nodes/441OGC4RS000 s=200 d=632µs s=245
INF http m=POST p=/api/v1/workspaces/441OG7HPE000/nodes/0/page/create s=200 d=39.7ms s=26
INF http m=GET p=/w/@441OG7HPE000+workspace/@441OGC4RS000+welcome s=200 d=55µs s=542
INF http m=GET p=/api/v1/workspaces/441OG7HPE000/events s=200 d=96.6ms s=228
INF http m=GET p=/api/v1/auth/me s=200 d=771µs s=355
INF http m=GET p=/api/v1/notifications/unread-count s=200 d=227µs s=25
INF http m=GET p=/api/v1/workspaces/441OG7HPE000/members s=200 d=492µs s=132
INF http m=GET p=/api/v1/workspaces/441OG7HPE000/nodes/441OGC4RS000 s=200 d=1.47ms s=245
INF http m=GET p=/api/v1/workspaces/441OG7HPE000/nodes/0/children s=200 d=2.23ms s=275
INF http m=GET p=/api/v1/workspaces/441OG7HPE000/nodes/441OGC80K000 s=200 d=367µs s=167
INF http m=GET p=/api/v1/workspaces/441OG7HPE000/events s=200 d=143ms s=93
INF http m=POST p=/api/v1/workspaces/441OG6FCA000/nodes/0/page/create s=200 d=22.1ms s=26
INF http m=GET p=/w/@441OG6FCA000+workspace/@441OGBNFE000+welcome s=200 d=40µs s=542
INF http m=GET p=/api/v1/workspaces/441OG6FCA000/events s=200 d=425ms s=233
INF http m=GET p=/api/v1/auth/me s=200 d=293µs s=355
INF http m=GET p=/api/v1/notifications/unread-count s=200 d=183µs s=25
INF http m=GET p=/api/v1/workspaces/441OG6FCA000/nodes/0/children s=200 d=371µs s=236
INF http m=GET p=/api/v1/workspaces/441OG6FCA000/members s=200 d=634µs s=126
INF http m=GET p=/api/v1/workspaces/441OG6FCA000/nodes/441OGBNFE000 s=200 d=3.72ms s=245
INF http m=GET p=/api/v1/workspaces/441OG6FCA000/nodes/441OGE3VO000 s=200 d=773µs s=138
INF http m=POST p=/api/v1/auth/register s=200 d=185ms s=384
INF http m=GET p=/ s=200 d=63µs s=542
INF http m=GET p=/assets/index-SHhnYNGf.js s=200 d=184µs s=49792
INF http m=GET p=/assets/vendor-C3WBU0hm.js s=200 d=130µs s=29762
INF http m=GET p=/assets/editor-vendor-Bje_VwYD.js s=200 d=193µs s=117396
INF http m=GET p=/registerSW.js s=200 d=42µs s=87
INF http m=GET p=/assets/index-DPQ8uk7g.css s=200 d=4.31ms s=12402
INF http m=GET p=/assets/en-BOb8f2G7.js s=200 d=137µs s=5207
INF http m=GET p=/api/v1/auth/me s=200 d=305µs s=166
INF http m=GET p=/api/v1/notifications/unread-count s=200 d=204µs s=25
INF http m=GET p=/favicon.png s=200 d=45µs s=449
INF http m=GET p=/sw.js s=200 d=158µs s=5540
INF http m=GET p=/registerSW.js s=200 d=43µs s=87
INF http m=GET p=/index.html s=200 d=34µs s=542
INF http m=POST p=/api/v1/organizations s=200 d=88.2ms s=351
INF http m=GET p=/icon.svg s=200 d=37µs s=195
INF http m=GET p=/api/v1/auth/me s=200 d=326µs s=251
INF http m=GET p=/icon-512.png s=200 d=62µs s=6498
INF http m=GET p=/icon-192.png s=200 d=54µs s=2468
INF http m=GET p=/favicon.png s=200 d=30µs s=449
INF http m=GET p=/apple-touch-icon.png s=200 d=35µs s=2298
INF http m=GET p=/assets/material-symbols-names-mOXCVt15.js s=200 d=101µs s=15793
INF http m=GET p=/assets/fr-CgauyyXq.js s=200 d=93µs s=6301
INF http m=GET p=/assets/es-DHO8DnB9.js s=200 d=60µs s=6015
INF http m=GET p=/assets/emoji-groups-tsNE8Axz.js s=200 d=72µs s=13852
INF http m=GET p=/assets/de-qJeflSp6.js s=200 d=83µs s=6245
INF http m=GET p=/assets/WorkspaceSettingsPanel-CsUOm22X.css s=200 d=32µs s=1025
INF http m=GET p=/assets/WorkspaceSettingsPanel-CM5oaFTF.js s=200 d=61µs s=4443
INF http m=GET p=/assets/ServerSettingsPanel-pbgISWIv.css s=200 d=33µs s=596
INF http m=GET p=/assets/ServerSettingsPanel-C8C6nm9a.js s=200 d=37µs s=2550
INF http m=GET p=/assets/ResourceQuotaForm-DTSj8Ta5.css s=200 d=33µs s=302
INF http m=GET p=/assets/ResourceQuotaForm-D6gJNn3N.js s=200 d=45µs s=812
INF http m=GET p=/assets/ProfileSettings-rthGIjGN.js s=200 d=65µs s=4319
INF http m=GET p=/assets/ProfileSettings-D5kbNfHV.css s=200 d=61µs s=1220
INF http m=GET p=/assets/OrgSettingsPanel-BP8s6T0h.css s=200 d=32µs s=511
INF http m=GET p=/assets/OrgSettingsPanel-B78NX7Vn.js s=200 d=34µs s=2302
INF http m=GET p=/assets/InviteForm-R7w4u6kW.js s=200 d=28µs s=1267
INF http m=GET p=/assets/InviteForm-CW-wgFWD.css s=200 d=1.43ms s=414
INF http m=GET p=/assets/Editor-BYBWY7b1.css s=200 d=42µs s=2240
INF http m=GET p=/assets/Editor-5FlZhQpN.js s=200 d=82µs s=13509
INF http m=GET p=/assets/AdminDashboard-R0heLGro.css s=200 d=29µs s=601
INF http m=GET p=/assets/AdminDashboard-D3Sw1IyX.js s=200 d=39µs s=2075
INF http m=GET p=/manifest.webmanifest s=200 d=29µs s=199
INF http m=POST p=/api/v1/organizations/441OGHEAC000/workspaces s=200 d=410ms s=297
INF http m=GET p=/api/v1/workspaces/441OG6FCA000/events s=200 d=849ms s=93
INF http m=POST p=/api/v1/auth/switch-workspace s=200 d=55.7ms s=604
INF http m=GET p=/api/v1/workspaces/441OGI1NU000/nodes/0/children s=200 d=2.59ms s=26
INF http m=GET p=/api/v1/workspaces/441OGI1NU000/members s=200 d=2.35ms s=124
INF http m=GET p=/api/v1/notifications/unread-count s=200 d=4.53ms s=25
INF http m=POST p=/api/v1/workspaces/441OGI1NU000/nodes/0/page/create s=200 d=51.1ms s=35
INF http m=GET p=/api/v1/workspaces/441OGI1NU000/nodes/0/children s=200 d=271µs s=257
INF http m=GET p=/api/v1/workspaces/441OGI1NU000/nodes/441OGLBLO000 s=200 d=369µs s=245
INF http m=POST p=/api/v1/auth/register s=200 d=141ms s=396
INF http m=GET p=/ s=200 d=64µs s=542
INF http m=GET p=/assets/index-SHhnYNGf.js s=200 d=208µs s=49792
INF http m=GET p=/assets/index-DPQ8uk7g.css s=200 d=136µs s=12402
INF http m=POST p=/api/v1/workspaces/441OGI1NU000/nodes/0/page/create s=200 d=40ms s=26
INF http m=GET p=/assets/editor-vendor-Bje_VwYD.js s=200 d=181µs s=117396
INF http m=GET p=/registerSW.js s=200 d=40µs s=87
INF http m=GET p=/assets/vendor-C3WBU0hm.js s=200 d=100µs s=29762
INF http m=GET p=/w/@441OGI1NU000+workspace/@441OGLBLO000+welcome s=200 d=48µs s=542
INF http m=GET p=/api/v1/workspaces/441OGI1NU000/events s=200 d=362ms s=235
INF http m=GET p=/api/v1/auth/me s=200 d=280µs s=168
INF http m=GET p=/assets/en-BOb8f2G7.js s=200 d=80µs s=5207
INF http m=GET p=/api/v1/auth/me s=200 d=256µs s=354
INF http m=GET p=/api/v1/notifications/unread-count s=200 d=934µs s=25
INF http m=GET p=/sw.js s=200 d=120µs s=5540
INF http m=GET p=/favicon.png s=200 d=35µs s=449
INF http m=GET p=/registerSW.js s=200 d=39µs s=87
INF http m=GET p=/index.html s=200 d=43µs s=542
INF http m=GET p=/icon.svg s=200 d=38µs s=195
INF http m=GET p=/api/v1/notifications/unread-count s=200 d=256µs s=25
INF http m=GET p=/api/v1/workspaces/441OGI1NU000/nodes/0/children s=200 d=1.22ms s=242
INF http m=GET p=/icon-512.png s=200 d=142µs s=6498
INF http m=POST p=/api/v1/organizations s=200 d=65.9ms s=351
INF http m=GET p=/api/v1/auth/me s=200 d=261µs s=251
INF http m=GET p=/api/v1/workspaces/441OGI1NU000/nodes/441OGLBLO000 s=200 d=348µs s=245
INF http m=GET p=/icon-192.png s=200 d=99µs s=2468
INF http m=GET p=/api/v1/workspaces/441OGI1NU000/members s=200 d=20.6ms s=124
INF http m=GET p=/favicon.png s=200 d=4.98ms s=449
INF http m=GET p=/apple-touch-icon.png s=200 d=76µs s=2298
INF http m=GET p=/assets/material-symbols-names-mOXCVt15.js s=200 d=441µs s=15793
INF http m=GET p=/assets/fr-CgauyyXq.js s=200 d=296µs s=6301
INF http m=GET p=/assets/es-DHO8DnB9.js s=200 d=96µs s=6015
INF http m=GET p=/api/v1/workspaces/441OGI1NU000/nodes/441OGMP3O000 s=200 d=632µs s=141
INF http m=GET p=/assets/emoji-groups-tsNE8Axz.js s=200 d=108µs s=13852
INF http m=GET p=/assets/de-qJeflSp6.js s=200 d=113µs s=6245
INF http m=GET p=/assets/WorkspaceSettingsPanel-CsUOm22X.css s=200 d=41µs s=1025
INF http m=GET p=/assets/WorkspaceSettingsPanel-CM5oaFTF.js s=200 d=80µs s=4443
INF http m=GET p=/assets/ServerSettingsPanel-pbgISWIv.css s=200 d=56µs s=596
INF http m=GET p=/assets/ServerSettingsPanel-C8C6nm9a.js s=200 d=35µs s=2550
INF http m=GET p=/assets/ResourceQuotaForm-DTSj8Ta5.css s=200 d=21µs s=302
INF http m=GET p=/assets/ResourceQuotaForm-D6gJNn3N.js s=200 d=51µs s=812
INF http m=GET p=/assets/ProfileSettings-rthGIjGN.js s=200 d=79µs s=4319
INF http m=GET p=/assets/ProfileSettings-D5kbNfHV.css s=200 d=34µs s=1220
INF http m=GET p=/assets/OrgSettingsPanel-BP8s6T0h.css s=200 d=34µs s=511
INF http m=GET p=/assets/OrgSettingsPanel-B78NX7Vn.js s=200 d=43µs s=2302
INF http m=GET p=/assets/InviteForm-R7w4u6kW.js s=200 d=63µs s=1267
INF http m=GET p=/assets/InviteForm-CW-wgFWD.css s=200 d=40µs s=414
INF http m=GET p=/assets/Editor-BYBWY7b1.css s=200 d=38µs s=2240
INF http m=GET p=/assets/Editor-5FlZhQpN.js s=200 d=94µs s=13509
INF http m=GET p=/assets/AdminDashboard-R0heLGro.css s=200 d=61µs s=601
INF http m=GET p=/assets/AdminDashboard-D3Sw1IyX.js s=200 d=29µs s=2075
INF http m=GET p=/manifest.webmanifest s=200 d=34µs s=199
INF http m=POST p=/api/v1/organizations/441OGO7RS000/workspaces s=200 d=421ms s=298
INF http m=POST p=/api/v1/auth/switch-workspace s=200 d=46.7ms s=569
INF http m=GET p=/api/v1/notifications/unread-count s=200 d=263µs s=25
INF http m=GET p=/api/v1/workspaces/441OGOO4O000/nodes/0/children s=200 d=371µs s=26
INF http m=GET p=/api/v1/workspaces/441OGOO4O000/members s=200 d=3.14ms s=130
INF http m=POST p=/api/v1/workspaces/441OGOO4O000/nodes/0/page/create s=200 d=20ms s=35
INF http m=GET p=/api/v1/workspaces/441OGOO4O000/nodes/0/children s=200 d=726µs s=257
INF http m=GET p=/api/v1/workspaces/441OGOO4O000/nodes/441OGRPNU000 s=200 d=398µs s=245
INF http m=POST p=/api/v1/workspaces/441OGOO4O000/nodes/0/page/create s=200 d=15.8ms s=26
INF http m=GET p=/w/@441OGOO4O000+workspace/@441OGRPNU000+welcome s=200 d=62µs s=542
INF http m=GET p=/api/v1/workspaces/441OGOO4O000/events s=200 d=301ms s=233
INF http m=GET p=/api/v1/auth/me s=200 d=867µs s=350
INF http m=GET p=/api/v1/notifications/unread-count s=200 d=700µs s=25
INF http m=GET p=/api/v1/workspaces/441OGOO4O000/nodes/0/children s=200 d=743µs s=265
INF http m=GET p=/api/v1/workspaces/441OGOO4O000/members s=200 d=410µs s=130
INF http m=GET p=/api/v1/workspaces/441OGOO4O000/nodes/441OGRPNU000 s=200 d=827µs s=245
INF http m=GET p=/api/v1/workspaces/441OGOO4O000/nodes/441OGTF06000 s=200 d=832µs s=163
INF http m=GET p=/api/v1/workspaces/441OGI1NU000/events s=200 d=1.01s s=93
INF http m=POST p=/api/v1/auth/register s=200 d=143ms s=395
INF http m=GET p=/ s=200 d=78µs s=542
INF http m=GET p=/assets/index-SHhnYNGf.js s=200 d=215µs s=49792
INF http m=GET p=/assets/index-DPQ8uk7g.css s=200 d=141µs s=12402
INF http m=GET p=/assets/editor-vendor-Bje_VwYD.js s=200 d=228µs s=117396
INF http m=GET p=/assets/vendor-C3WBU0hm.js s=200 d=159µs s=29762
INF http m=GET p=/registerSW.js s=200 d=30µs s=87
INF http m=GET p=/assets/en-BOb8f2G7.js s=200 d=83µs s=5207
INF http m=GET p=/api/v1/auth/me s=200 d=9.18ms s=168
INF http m=GET p=/api/v1/notifications/unread-count s=200 d=414µs s=25
INF http m=GET p=/sw.js s=200 d=104µs s=5540
INF http m=GET p=/favicon.png s=200 d=48µs s=449
INF http m=GET p=/registerSW.js s=200 d=38µs s=87
INF http m=GET p=/index.html s=200 d=42µs s=542
INF http m=GET p=/icon.svg s=200 d=34µs s=195
INF http m=GET p=/icon-512.png s=200 d=70µs s=6498
INF http m=GET p=/icon-192.png s=200 d=64µs s=2468
INF http m=GET p=/favicon.png s=200 d=47µs s=449
INF http m=GET p=/apple-touch-icon.png s=200 d=58µs s=2298
INF http m=POST p=/api/v1/organizations s=200 d=107ms s=353
INF http m=GET p=/api/v1/auth/me s=200 d=327µs s=253
INF http m=GET p=/api/v1/workspaces/441OGOO4O000/events s=200 d=796ms s=93
INF http m=GET p=/assets/material-symbols-names-mOXCVt15.js s=200 d=101µs s=15793
INF http m=GET p=/assets/fr-CgauyyXq.js s=200 d=85µs s=6301
INF http m=GET p=/assets/es-DHO8DnB9.js s=200 d=149µs s=6015
INF http m=GET p=/assets/emoji-groups-tsNE8Axz.js s=200 d=94µs s=13852
INF http m=GET p=/assets/de-qJeflSp6.js s=200 d=91µs s=6245
INF http m=GET p=/assets/WorkspaceSettingsPanel-CsUOm22X.css s=200 d=46µs s=1025
INF http m=GET p=/assets/WorkspaceSettingsPanel-CM5oaFTF.js s=200 d=65µs s=4443
INF http m=GET p=/assets/ServerSettingsPanel-pbgISWIv.css s=200 d=46µs s=596
INF http m=GET p=/assets/ServerSettingsPanel-C8C6nm9a.js s=200 d=60µs s=2550
INF http m=GET p=/assets/ResourceQuotaForm-DTSj8Ta5.css s=200 d=52µs s=302
INF http m=GET p=/assets/ResourceQuotaForm-D6gJNn3N.js s=200 d=44µs s=812
INF http m=GET p=/assets/ProfileSettings-rthGIjGN.js s=200 d=81µs s=4319
INF http m=GET p=/assets/ProfileSettings-D5kbNfHV.css s=200 d=41µs s=1220
INF http m=GET p=/assets/OrgSettingsPanel-BP8s6T0h.css s=200 d=43µs s=511
INF http m=GET p=/assets/OrgSettingsPanel-B78NX7Vn.js s=200 d=57µs s=2302
INF http m=GET p=/assets/InviteForm-R7w4u6kW.js s=200 d=36µs s=1267
INF http m=GET p=/assets/InviteForm-CW-wgFWD.css s=200 d=31µs s=414
INF http m=GET p=/assets/Editor-BYBWY7b1.css s=200 d=50µs s=2240
INF http m=GET p=/assets/Editor-5FlZhQpN.js s=200 d=74µs s=13509
INF http m=GET p=/assets/AdminDashboard-R0heLGro.css s=200 d=44µs s=601
INF http m=GET p=/assets/AdminDashboard-D3Sw1IyX.js s=200 d=45µs s=2075
INF http m=GET p=/manifest.webmanifest s=200 d=42µs s=199
INF http m=POST p=/api/v1/organizations/441OH25JS000/workspaces s=200 d=627ms s=297
INF http m=POST p=/api/v1/auth/register s=200 d=434ms s=397
INF http m=GET p=/ s=200 d=50µs s=542
INF http m=POST p=/api/v1/auth/switch-workspace s=200 d=41.1ms s=585
INF http m=GET p=/assets/index-SHhnYNGf.js s=200 d=163µs s=49792
INF http m=GET p=/assets/index-DPQ8uk7g.css s=200 d=121µs s=12402
INF http m=GET p=/api/v1/notifications/unread-count s=200 d=170µs s=25
INF http m=GET p=/api/v1/workspaces/441OH2SUU000/nodes/0/children s=200 d=675µs s=26
INF http m=GET p=/registerSW.js s=200 d=44µs s=87
INF http m=GET p=/assets/editor-vendor-Bje_VwYD.js s=200 d=169µs s=117396
INF http m=GET p=/assets/vendor-C3WBU0hm.js s=200 d=511µs s=29762
INF http m=GET p=/api/v1/workspaces/441OH2SUU000/members s=200 d=4.55ms s=132
INF http m=POST p=/api/v1/workspaces/441OH2SUU000/nodes/0/page/create s=200 d=25.9ms s=35
INF http m=GET p=/api/v1/workspaces/441OH2SUU000/nodes/0/children s=200 d=320µs s=257
INF http m=GET p=/api/v1/workspaces/441OH2SUU000/nodes/441OH7BCK000 s=200 d=867µs s=245
INF http m=GET p=/api/v1/auth/me s=200 d=266µs s=170
INF http m=GET p=/assets/en-BOb8f2G7.js s=200 d=160µs s=5207
INF http m=POST p=/api/v1/workspaces/441OH2SUU000/nodes/0/page/create s=200 d=37.7ms s=26
INF http m=GET p=/api/v1/notifications/unread-count s=200 d=213µs s=25
INF http m=GET p=/favicon.png s=200 d=38µs s=449
INF http m=GET p=/w/@441OH2SUU000+workspace/@441OH7BCK000+welcome s=200 d=34µs s=542
INF http m=GET p=/sw.js s=200 d=113µs s=5540
INF http m=GET p=/api/v1/workspaces/441OH2SUU000/events s=200 d=130ms s=230
INF http m=GET p=/registerSW.js s=200 d=43µs s=87
INF http m=GET p=/index.html s=200 d=39µs s=542
INF http m=POST p=/api/v1/organizations s=200 d=84.5ms s=354
INF http m=GET p=/icon.svg s=200 d=40µs s=195
INF http m=GET p=/api/v1/auth/me s=200 d=268µs s=252
INF http m=GET p=/api/v1/auth/me s=200 d=4.03ms s=356
INF http m=GET p=/icon-512.png s=200 d=120µs s=6498
INF http m=GET p=/icon-192.png s=200 d=58µs s=2468
INF http m=GET p=/favicon.png s=200 d=29µs s=449
INF http m=GET p=/apple-touch-icon.png s=200 d=60µs s=2298
INF http m=GET p=/api/v1/notifications/unread-count s=200 d=191µs s=25
INF http m=GET p=/api/v1/workspaces/441OH2SUU000/nodes/441OH7BCK000 s=200 d=2.1ms s=245
INF http m=GET p=/assets/material-symbols-names-mOXCVt15.js s=200 d=137µs s=15793
INF http m=GET p=/api/v1/workspaces/441OH2SUU000/nodes/0/children s=200 d=1.33ms s=229
INF http m=GET p=/api/v1/workspaces/441OH2SUU000/members s=200 d=24ms s=132
INF http m=GET p=/assets/fr-CgauyyXq.js s=200 d=323µs s=6301
INF http m=GET p=/assets/es-DHO8DnB9.js s=200 d=102µs s=6015
INF http m=GET p=/assets/emoji-groups-tsNE8Axz.js s=200 d=657µs s=13852
INF http m=GET p=/api/v1/workspaces/441OH2SUU000/nodes/441OH7HPA000 s=200 d=969µs s=132
INF http m=GET p=/assets/de-qJeflSp6.js s=200 d=91µs s=6245
INF http m=GET p=/assets/WorkspaceSettingsPanel-CsUOm22X.css s=200 d=47µs s=1025
INF http m=GET p=/assets/WorkspaceSettingsPanel-CM5oaFTF.js s=200 d=295µs s=4443
INF http m=GET p=/assets/ServerSettingsPanel-pbgISWIv.css s=200 d=41µs s=596
INF http m=GET p=/assets/ServerSettingsPanel-C8C6nm9a.js s=200 d=57µs s=2550
INF http m=GET p=/assets/ResourceQuotaForm-DTSj8Ta5.css s=200 d=34µs s=302
INF http m=GET p=/assets/ResourceQuotaForm-D6gJNn3N.js s=200 d=27µs s=812
INF http m=GET p=/assets/ProfileSettings-rthGIjGN.js s=200 d=62µs s=4319
INF http m=GET p=/assets/ProfileSettings-D5kbNfHV.css s=200 d=33µs s=1220
INF http m=GET p=/assets/OrgSettingsPanel-BP8s6T0h.css s=200 d=32µs s=511
INF http m=GET p=/assets/OrgSettingsPanel-B78NX7Vn.js s=200 d=40µs s=2302
INF http m=GET p=/assets/InviteForm-R7w4u6kW.js s=200 d=38µs s=1267
INF http m=GET p=/assets/InviteForm-CW-wgFWD.css s=200 d=35µs s=414
INF http m=GET p=/assets/Editor-BYBWY7b1.css s=200 d=40µs s=2240
INF http m=GET p=/assets/Editor-5FlZhQpN.js s=200 d=78µs s=13509
INF http m=GET p=/assets/AdminDashboard-R0heLGro.css s=200 d=37µs s=601
INF http m=GET p=/assets/AdminDashboard-D3Sw1IyX.js s=200 d=48µs s=2075
INF http m=GET p=/manifest.webmanifest s=200 d=31µs s=199
INF http m=POST p=/api/v1/organizations/441OH7R64000/workspaces s=200 d=416ms s=304
INF http m=POST p=/api/v1/workspaces/441OH2SUU000/nodes/441OH7HPA000/page/create s=200 d=114ms s=35
INF http m=GET p=/api/v1/workspaces/441OH2SUU000/nodes/441OH7HPA000/children s=200 d=679µs s=134
INF http m=GET p=/api/v1/workspaces/441OH2SUU000/nodes/441OHAB28000 s=200 d=749µs s=152
INF http m=GET p=/api/v1/workspaces/441OH2SUU000/nodes/441OH7HPA000 s=200 d=601µs s=181
INF http m=GET p=/api/v1/workspaces/441OH2SUU000/nodes/441OH7HPA000 s=200 d=1.77ms s=181
INF http m=GET p=/api/v1/workspaces/441OH2SUU000/nodes/titles s=200 d=480µs s=52
INF http m=GET p=/api/v1/workspaces/441OH2SUU000/nodes/441OHAB28000 s=200 d=2.64ms s=152
INF http m=GET p=/api/v1/workspaces/441OH2SUU000/nodes/441OH7HPA000 s=200 d=282µs s=181
INF http m=POST p=/api/v1/auth/switch-workspace s=200 d=61.3ms s=575
INF http m=POST p=/api/v1/workspaces/441OH2SUU000/nodes/441OH7HPA000/page s=200 d=58.8ms s=35
INF http m=GET p=/api/v1/notifications/unread-count s=200 d=651µs s=25
INF http m=GET p=/api/v1/workspaces/441OH8ER0000/nodes/0/children s=200 d=773µs s=26
INF http m=GET p=/api/v1/workspaces/441OH8ER0000/members s=200 d=2.31ms s=127
INF http m=POST p=/api/v1/workspaces/441OH8ER0000/nodes/0/page/create s=200 d=21.5ms s=35
INF http m=GET p=/api/v1/workspaces/441OH8ER0000/nodes/0/children s=200 d=294µs s=257
INF http m=GET p=/api/v1/workspaces/441OH8ER0000/nodes/441OHBH9M000 s=200 d=331µs s=245
INF http m=GET p=/api/v1/workspaces/441OH2SUU000/nodes/441OH7HPA000 s=200 d=363µs s=181
INF http m=GET p=/api/v1/workspaces/441OH2SUU000/nodes/titles s=200 d=306µs s=52
INF http m=GET p=/api/v1/workspaces/441OH2SUU000/events s=200 d=717ms s=232
INF http m=POST p=/api/v1/workspaces/441OH8ER0000/nodes/0/page/create s=200 d=31.3ms s=26
INF http m=POST p=/api/v1/workspaces/441OH8ER0000/nodes/441OHD7N2000/page s=200 d=25.1ms s=26
INF http m=POST p=/api/v1/workspaces/441OH8ER0000/nodes/441OHD7N2000/page s=200 d=48.2ms s=26
INF http m=POST p=/api/v1/workspaces/441OH8ER0000/nodes/441OHD7N2000/page s=200 d=43.7ms s=26
INF http m=GET p=/w/@441OH8ER0000+workspace/@441OHBH9M000+welcome s=200 d=57µs s=542
INF http m=GET p=/api/v1/workspaces/441OH8ER0000/events s=200 d=477ms s=302
INF http m=GET p=/api/v1/auth/me s=200 d=558µs s=354
INF http m=POST p=/api/v1/auth/register s=200 d=188ms s=386
INF http m=GET p=/api/v1/workspaces/441OH8ER0000/nodes/0/children s=200 d=993µs s=246
INF http m=GET p=/ s=200 d=1.29ms s=542
INF http m=GET p=/api/v1/notifications/unread-count s=200 d=3.23ms s=25
INF http m=GET p=/api/v1/workspaces/441OH8ER0000/nodes/441OHBH9M000 s=200 d=875µs s=245
INF http m=GET p=/api/v1/workspaces/441OH8ER0000/members s=200 d=6.11ms s=127
INF http m=GET p=/assets/index-SHhnYNGf.js s=200 d=210µs s=49792
INF http m=GET p=/registerSW.js s=200 d=58µs s=87
INF http m=GET p=/assets/vendor-C3WBU0hm.js s=200 d=100µs s=29762
INF http m=GET p=/assets/editor-vendor-Bje_VwYD.js s=200 d=6.68ms s=117396
INF http m=GET p=/assets/index-DPQ8uk7g.css s=200 d=121µs s=12402
INF http m=GET p=/api/v1/auth/me s=200 d=734µs s=162
INF http m=GET p=/assets/en-BOb8f2G7.js s=200 d=94µs s=5207
INF http m=GET p=/api/v1/workspaces/441OH8ER0000/nodes/441OHD7N2000 s=200 d=1.03ms s=165
INF http m=GET p=/favicon.png s=200 d=28µs s=449
INF http m=GET p=/sw.js s=200 d=94µs s=5540
INF http m=GET p=/api/v1/notifications/unread-count s=200 d=186µs s=25
INF http m=GET p=/registerSW.js s=200 d=41µs s=87
INF http m=GET p=/index.html s=200 d=42µs s=542
INF http m=GET p=/icon.svg s=200 d=38µs s=195
INF http m=GET p=/icon-512.png s=200 d=101µs s=6498
INF http m=GET p=/api/v1/workspaces/441OH8ER0000/nodes/441OHD7N2000/history s=200 d=10ms s=305
INF http m=GET p=/icon-192.png s=200 d=72µs s=2468
INF http m=POST p=/api/v1/organizations s=200 d=101ms s=351
INF http m=GET p=/api/v1/auth/me s=200 d=249µs s=250
INF http m=GET p=/favicon.png s=200 d=32µs s=449
INF http m=GET p=/apple-touch-icon.png s=200 d=48µs s=2298
INF http m=GET p=/api/v1/workspaces/441OH8ER0000/nodes/441OHD7N2000/history/c531787339f93b15b71f777b46d3e779c5aa020b s=200 d=5.17ms s=45
INF http m=GET p=/assets/material-symbols-names-mOXCVt15.js s=200 d=109µs s=15793
INF http m=GET p=/assets/fr-CgauyyXq.js s=200 d=89µs s=6301
INF http m=GET p=/assets/es-DHO8DnB9.js s=200 d=80µs s=6015
INF http m=GET p=/assets/emoji-groups-tsNE8Axz.js s=200 d=110µs s=13852
INF http m=GET p=/api/v1/workspaces/441OH8ER0000/events s=200 d=485ms s=93
INF http m=GET p=/assets/de-qJeflSp6.js s=200 d=79µs s=6245
INF http m=GET p=/assets/WorkspaceSettingsPanel-CsUOm22X.css s=200 d=49µs s=1025
INF http m=GET p=/assets/WorkspaceSettingsPanel-CM5oaFTF.js s=200 d=87µs s=4443
INF http m=GET p=/assets/ServerSettingsPanel-pbgISWIv.css s=200 d=40µs s=596
INF http m=GET p=/assets/ServerSettingsPanel-C8C6nm9a.js s=200 d=46µs s=2550
INF http m=GET p=/assets/ResourceQuotaForm-DTSj8Ta5.css s=200 d=35µs s=302
INF http m=GET p=/assets/ResourceQuotaForm-D6gJNn3N.js s=200 d=33µs s=812
INF http m=GET p=/assets/ProfileSettings-rthGIjGN.js s=200 d=67µs s=4319
INF http m=GET p=/assets/ProfileSettings-D5kbNfHV.css s=200 d=38µs s=1220
INF http m=GET p=/assets/OrgSettingsPanel-BP8s6T0h.css s=200 d=36µs s=511
INF http m=GET p=/assets/OrgSettingsPanel-B78NX7Vn.js s=200 d=53µs s=2302
INF http m=GET p=/assets/InviteForm-R7w4u6kW.js s=200 d=55µs s=1267
INF http m=GET p=/assets/InviteForm-CW-wgFWD.css s=200 d=34µs s=414
INF http m=GET p=/assets/Editor-BYBWY7b1.css s=200 d=47µs s=2240
INF http m=GET p=/assets/Editor-5FlZhQpN.js s=200 d=102µs s=13509
INF http m=GET p=/assets/AdminDashboard-R0heLGro.css s=200 d=82µs s=601
INF http m=GET p=/assets/AdminDashboard-D3Sw1IyX.js s=200 d=59µs s=2075
INF http m=GET p=/manifest.webmanifest s=200 d=44µs s=199
INF http m=POST p=/api/v1/organizations/441OHGRKQ000/workspaces s=200 d=579ms s=297
INF http m=POST p=/api/v1/auth/register s=200 d=221ms s=384
INF http m=GET p=/ s=200 d=66µs s=542
INF http m=GET p=/assets/index-SHhnYNGf.js s=200 d=181µs s=49792
INF http m=GET p=/assets/index-DPQ8uk7g.css s=200 d=115µs s=12402
INF http m=GET p=/assets/editor-vendor-Bje_VwYD.js s=200 d=206µs s=117396
INF http m=POST p=/api/v1/auth/switch-workspace s=200 d=69.7ms s=604
INF http m=GET p=/registerSW.js s=200 d=45µs s=87
INF http m=GET p=/assets/vendor-C3WBU0hm.js s=200 d=172µs s=29762
INF http m=GET p=/api/v1/workspaces/441OHHGU8000/members s=200 d=3.46ms s=124
INF http m=GET p=/api/v1/workspaces/441OHHGU8000/nodes/0/children s=200 d=2.41ms s=26
INF http m=GET p=/api/v1/notifications/unread-count s=200 d=20.2ms s=25
INF http m=POST p=/api/v1/workspaces/441OHHGU8000/nodes/0/page/create s=200 d=26.6ms s=35
INF http m=GET p=/api/v1/workspaces/441OHHGU8000/nodes/0/children s=200 d=692µs s=257
INF http m=GET p=/api/v1/workspaces/441OHHGU8000/nodes/441OHLUAQ000 s=200 d=936µs s=245
INF http m=GET p=/api/v1/auth/me s=200 d=727µs s=164
INF http m=GET p=/assets/en-BOb8f2G7.js s=200 d=129µs s=5207
INF http m=GET p=/api/v1/notifications/unread-count s=200 d=206µs s=25
INF http m=GET p=/favicon.png s=200 d=37µs s=449
INF http m=GET p=/sw.js s=200 d=129µs s=5540
INF http m=GET p=/registerSW.js s=200 d=41µs s=87
INF http m=GET p=/index.html s=200 d=46µs s=542
INF http m=GET p=/icon.svg s=200 d=36µs s=195
INF http m=GET p=/icon-512.png s=200 d=92µs s=6498
INF http m=GET p=/icon-192.png s=200 d=55µs s=2468
INF http m=GET p=/favicon.png s=200 d=64µs s=449
INF http m=POST p=/api/v1/organizations s=200 d=93.5ms s=352
INF http m=GET p=/apple-touch-icon.png s=200 d=49µs s=2298
INF http m=GET p=/api/v1/auth/me s=200 d=2.64ms s=252
INF http m=POST p=/api/v1/workspaces/441OHHGU8000/nodes/441OHLUAQ000/page/create s=200 d=61.6ms s=26
INF http m=GET p=/w/@441OHHGU8000+workspace/@441OHLUAQ000+welcome s=200 d=48µs s=542
INF http m=GET p=/api/v1/workspaces/441OHHGU8000/events s=200 d=243ms s=233
INF http m=GET p=/assets/material-symbols-names-mOXCVt15.js s=200 d=115µs s=15793
INF http m=GET p=/assets/fr-CgauyyXq.js s=200 d=451µs s=6301
INF http m=GET p=/assets/es-DHO8DnB9.js s=200 d=148µs s=6015
INF http m=GET p=/assets/emoji-groups-tsNE8Axz.js s=200 d=119µs s=13852
INF http m=GET p=/api/v1/auth/me s=200 d=599µs s=351
INF http m=GET p=/api/v1/notifications/unread-count s=200 d=1.48ms s=25
INF http m=GET p=/assets/de-qJeflSp6.js s=200 d=82µs s=6245
INF http m=GET p=/api/v1/workspaces/441OHHGU8000/nodes/441OHLUAQ000 s=200 d=556µs s=245
INF http m=GET p=/assets/WorkspaceSettingsPanel-CsUOm22X.css s=200 d=33µs s=1025
INF http m=GET p=/api/v1/workspaces/441OHHGU8000/members s=200 d=11.4ms s=124
INF http m=GET p=/assets/WorkspaceSettingsPanel-CM5oaFTF.js s=200 d=103µs s=4443
INF http m=GET p=/api/v1/workspaces/441OHHGU8000/nodes/0/children s=200 d=10.7ms s=279
INF http m=GET p=/assets/ServerSettingsPanel-pbgISWIv.css s=200 d=47µs s=596
INF http m=GET p=/assets/ServerSettingsPanel-C8C6nm9a.js s=200 d=59µs s=2550
INF http m=GET p=/api/v1/workspaces/441OHHGU8000/nodes/441OHLUAQ000/children s=200 d=840µs s=166
INF http m=GET p=/assets/ResourceQuotaForm-DTSj8Ta5.css s=200 d=33µs s=302
INF http m=GET p=/assets/ResourceQuotaForm-D6gJNn3N.js s=200 d=31µs s=812
INF http m=GET p=/assets/ProfileSettings-rthGIjGN.js s=200 d=76µs s=4319
INF http m=GET p=/assets/ProfileSettings-D5kbNfHV.css s=200 d=37µs s=1220
INF http m=GET p=/assets/OrgSettingsPanel-BP8s6T0h.css s=200 d=37µs s=511
INF http m=GET p=/assets/OrgSettingsPanel-B78NX7Vn.js s=200 d=45µs s=2302
INF http m=GET p=/assets/InviteForm-R7w4u6kW.js s=200 d=30µs s=1267
INF http m=GET p=/assets/InviteForm-CW-wgFWD.css s=200 d=43µs s=414
INF http m=GET p=/assets/Editor-BYBWY7b1.css s=200 d=47µs s=2240
INF http m=GET p=/assets/Editor-5FlZhQpN.js s=200 d=79µs s=13509
INF http m=GET p=/assets/AdminDashboard-R0heLGro.css s=200 d=34µs s=601
INF http m=GET p=/assets/AdminDashboard-D3Sw1IyX.js s=200 d=44µs s=2075
INF http m=GET p=/manifest.webmanifest s=200 d=29µs s=199
INF http m=GET p=/api/v1/workspaces/441OHHGU8000/nodes/441OHMMTE000 s=200 d=374µs s=153
INF http m=GET p=/api/v1/workspaces/441OHHGU8000/nodes/441OHLUAQ000 s=200 d=772µs s=245
INF http m=POST p=/api/v1/organizations/441OHMEIC000/workspaces s=200 d=439ms s=296
INF http m=POST p=/api/v1/workspaces/441OHHGU8000/nodes/441OHMMTE000/page/create s=200 d=157ms s=26
INF http m=GET p=/w/@441OHHGU8000+hierarchys-workspace/@441OHMMTE000+child-page s=200 d=39µs s=542
INF http m=GET p=/api/v1/workspaces/441OHHGU8000/events s=200 d=340ms s=206
INF http m=POST p=/api/v1/auth/switch-workspace s=200 d=90.1ms s=572
INF http m=GET p=/api/v1/auth/me s=200 d=752µs s=351
INF http m=GET p=/api/v1/notifications/unread-count s=200 d=189µs s=25
INF http m=GET p=/api/v1/workspaces/441OHN34A000/members s=200 d=2.79ms s=124
INF http m=GET p=/api/v1/workspaces/441OHN34A000/nodes/0/children s=200 d=1.06ms s=26
INF http m=GET p=/api/v1/workspaces/441OHHGU8000/nodes/0/children s=200 d=3.02ms s=279
INF http m=GET p=/api/v1/workspaces/441OHHGU8000/nodes/441OHMMTE000 s=200 d=3.96ms s=153
INF http m=GET p=/api/v1/workspaces/441OHHGU8000/members s=200 d=2.64ms s=124
INF http m=GET p=/api/v1/notifications/unread-count s=200 d=3.6ms s=25
INF http m=GET p=/api/v1/workspaces/441OHHGU8000/nodes/441OHLUAQ000/children s=200 d=277µs s=175
INF http m=GET p=/api/v1/workspaces/441OHHGU8000/nodes/441OHLUAQ000 s=200 d=366µs s=245
INF http m=POST p=/api/v1/workspaces/441OHN34A000/nodes/0/page/create s=200 d=23.6ms s=35
INF http m=GET p=/api/v1/workspaces/441OHN34A000/nodes/0/children s=200 d=335µs s=257
INF http m=GET p=/api/v1/workspaces/441OHHGU8000/nodes/441OHMMTE000/children s=200 d=872µs s=160
INF http m=GET p=/api/v1/workspaces/441OHN34A000/nodes/441OHQKBM000 s=200 d=642µs s=245
INF http m=GET p=/api/v1/workspaces/441OHHGU8000/nodes/441OHLUAQ000 s=200 d=795µs s=245
INF http m=GET p=/api/v1/workspaces/441OHHGU8000/nodes/441OHP1QC000 s=200 d=627µs s=151
INF http m=POST p=/api/v1/workspaces/441OHN34A000/nodes/441OHQKBM000/page/create s=200 d=20.5ms s=26
INF http m=GET p=/api/v1/workspaces/441OHHGU8000/nodes/441OHMMTE000 s=200 d=697µs s=153
INF http m=POST p=/api/v1/workspaces/441OHN34A000/nodes/441OHRSVM000/page/create s=200 d=21.6ms s=26
INF http m=GET p=/api/v1/workspaces/441OHHGU8000/nodes/441OHLUAQ000 s=200 d=1.49ms s=245
INF http m=GET p=/w/@441OHN34A000+workspace/@441OHQKBM000+welcome s=200 d=40µs s=542
INF http m=GET p=/api/v1/workspaces/441OHN34A000/events s=200 d=288ms s=259
INF http m=GET p=/api/v1/auth/me s=200 d=836µs s=352
INF http m=GET p=/api/v1/workspaces/441OHHGU8000/events s=200 d=373ms s=93
INF http m=GET p=/api/v1/workspaces/441OHN34A000/nodes/441OHQKBM000 s=200 d=771µs s=245
INF http m=GET p=/api/v1/workspaces/441OHN34A000/members s=200 d=553µs s=124
INF http m=GET p=/api/v1/notifications/unread-count s=200 d=2.75ms s=25
INF http m=GET p=/api/v1/workspaces/441OHN34A000/nodes/0/children s=200 d=6.43ms s=279
INF http m=GET p=/api/v1/workspaces/441OHN34A000/nodes/441OHQKBM000/children s=200 d=2.14ms s=161
INF http m=GET p=/api/v1/workspaces/441OHN34A000/nodes/441OHRSVM000/children s=200 d=327µs s=152
INF http m=POST p=/api/v1/auth/register s=200 d=155ms s=395
INF http m=GET p=/api/v1/workspaces/441OHN34A000/nodes/441OHS1TG000 s=200 d=355µs s=140
INF http m=GET p=/ s=200 d=30µs s=542
INF http m=GET p=/api/v1/workspaces/441OHN34A000/nodes/441OHRSVM000 s=200 d=388µs s=138
INF http m=GET p=/api/v1/workspaces/441OHN34A000/nodes/441OHQKBM000 s=200 d=470µs s=245
INF http m=GET p=/assets/index-DPQ8uk7g.css s=200 d=149µs s=12402
INF http m=GET p=/assets/index-SHhnYNGf.js s=200 d=176µs s=49792
INF http m=GET p=/registerSW.js s=200 d=20µs s=87
INF http m=GET p=/assets/editor-vendor-Bje_VwYD.js s=200 d=172µs s=117396
INF http m=GET p=/assets/vendor-C3WBU0hm.js s=200 d=139µs s=29762
INF http m=GET p=/api/v1/auth/me s=200 d=493µs s=167
INF http m=GET p=/assets/en-BOb8f2G7.js s=200 d=70µs s=5207
INF http m=GET p=/favicon.png s=200 d=51µs s=449
INF http m=GET p=/api/v1/notifications/unread-count s=200 d=7.57ms s=25
INF http m=GET p=/sw.js s=200 d=146µs s=5540
INF http m=GET p=/registerSW.js s=200 d=42µs s=87
INF http m=GET p=/index.html s=200 d=36µs s=542
INF http m=GET p=/icon.svg s=200 d=35µs s=195
INF http m=POST p=/api/v1/organizations s=200 d=74.2ms s=352
INF http m=GET p=/api/v1/auth/me s=200 d=229µs s=254
INF http m=GET p=/icon-512.png s=200 d=69µs s=6498
INF http m=POST p=/api/v1/workspaces/441OHN34A000/nodes/441OHS1TG000/delete s=200 d=126ms s=25
INF http m=GET p=/icon-192.png s=200 d=53µs s=2468
INF http m=GET p=/api/v1/workspaces/441OHN34A000/nodes/441OHRSVM000 s=200 d=375µs s=138
INF http m=GET p=/favicon.png s=200 d=35µs s=449
INF http m=GET p=/api/v1/workspaces/441OHN34A000/nodes/441OHQKBM000 s=200 d=674µs s=245
INF http m=GET p=/apple-touch-icon.png s=200 d=52µs s=2298
INF http m=GET p=/assets/material-symbols-names-mOXCVt15.js s=200 d=190µs s=15793
INF http m=GET p=/assets/fr-CgauyyXq.js s=200 d=94µs s=6301
INF http m=GET p=/assets/es-DHO8DnB9.js s=200 d=75µs s=6015
INF http m=GET p=/assets/emoji-groups-tsNE8Axz.js s=200 d=118µs s=13852
INF http m=GET p=/api/v1/workspaces/441OHN34A000/events s=200 d=763ms s=207
INF http m=GET p=/assets/de-qJeflSp6.js s=200 d=86µs s=6245
INF http m=GET p=/assets/WorkspaceSettingsPanel-CsUOm22X.css s=200 d=46µs s=1025
INF http m=GET p=/assets/WorkspaceSettingsPanel-CM5oaFTF.js s=200 d=87µs s=4443
INF http m=GET p=/assets/ServerSettingsPanel-pbgISWIv.css s=200 d=30µs s=596
INF http m=GET p=/assets/ServerSettingsPanel-C8C6nm9a.js s=200 d=42µs s=2550
INF http m=GET p=/assets/ResourceQuotaForm-DTSj8Ta5.css s=200 d=34µs s=302
INF http m=GET p=/assets/ResourceQuotaForm-D6gJNn3N.js s=200 d=46µs s=812
INF http m=GET p=/assets/ProfileSettings-rthGIjGN.js s=200 d=79µs s=4319
INF http m=GET p=/assets/ProfileSettings-D5kbNfHV.css s=200 d=39µs s=1220
INF http m=GET p=/assets/OrgSettingsPanel-BP8s6T0h.css s=200 d=34µs s=511
INF http m=GET p=/assets/OrgSettingsPanel-B78NX7Vn.js s=200 d=55µs s=2302
INF http m=GET p=/assets/InviteForm-R7w4u6kW.js s=200 d=44µs s=1267
INF http m=GET p=/assets/InviteForm-CW-wgFWD.css s=200 d=50µs s=414
INF http m=GET p=/assets/Editor-BYBWY7b1.css s=200 d=48µs s=2240
INF http m=GET p=/assets/Editor-5FlZhQpN.js s=200 d=321µs s=13509
INF http m=GET p=/assets/AdminDashboard-R0heLGro.css s=200 d=45µs s=601
INF http m=GET p=/assets/AdminDashboard-D3Sw1IyX.js s=200 d=52µs s=2075
INF http m=GET p=/manifest.webmanifest s=200 d=85µs s=199
INF http m=POST p=/api/v1/organizations/441OI05LQ000/workspaces s=200 d=633ms s=299
ERR Failed to commit DB changes err="failed to stage db changes: signal: bus error (core dumped)\nOutput: "
INF http m=POST p=/api/v1/auth/register s=200 d=410ms s=392
ERR Failed to commit DB changes err="failed to stage db changes: exit status 128\nOutput: fatal: Unable to create '/home/runner/work/mddb/mddb/data-e2e/.git/index.lock': File exists.\n\nAnother git process seems to be running in this repository, or the lock file may be stale\n"
INF http m=POST p=/api/v1/auth/switch-workspace s=200 d=91.7ms s=572
INF http m=GET p=/ s=200 d=75µs s=542
INF http m=GET p=/api/v1/workspaces/441OI0M5M000/nodes/0/children s=200 d=26.3ms s=26
INF http m=GET p=/api/v1/workspaces/441OI0M5M000/members s=200 d=22.1ms s=130
INF http m=GET p=/registerSW.js s=200 d=74µs s=87
INF http m=GET p=/assets/index-DPQ8uk7g.css s=200 d=122µs s=12402
INF http m=GET p=/assets/editor-vendor-Bje_VwYD.js s=200 d=170µs s=117396
INF http m=GET p=/assets/index-SHhnYNGf.js s=200 d=121µs s=49792
INF http m=GET p=/assets/vendor-C3WBU0hm.js s=200 d=116µs s=29762
INF http m=GET p=/api/v1/notifications/unread-count s=200 d=29.5ms s=25
ERR Failed to commit DB changes err="failed to stage db changes: exit status 128\nOutput: fatal: Unable to create '/home/runner/work/mddb/mddb/data-e2e/.git/index.lock': File exists.\n\nAnother git process seems to be running in this repository, or the lock file may be stale\n"
INF http m=POST p=/api/v1/workspaces/441OI0M5M000/nodes/0/page/create s=200 d=44.4ms s=35
INF http m=GET p=/api/v1/workspaces/441OI0M5M000/nodes/0/children s=200 d=866µs s=257
INF http m=GET p=/api/v1/workspaces/441OI0M5M000/nodes/441OI5G92000 s=200 d=871µs s=245
INF http m=GET p=/api/v1/auth/me s=200 d=864µs s=165
INF http m=GET p=/assets/en-BOb8f2G7.js s=200 d=71µs s=5207
INF http m=GET p=/api/v1/notifications/unread-count s=200 d=202µs s=25
INF http m=GET p=/favicon.png s=200 d=23µs s=449
ERR Failed to commit DB changes err="failed to stage db changes: exit status 128\nOutput: fatal: Unable to create '/home/runner/work/mddb/mddb/data-e2e/.git/index.lock': File exists.\n\nAnother git process seems to be running in this repository, or the lock file may be stale\n"
INF http m=POST p=/api/v1/organizations s=200 d=6.65ms s=350
INF http m=GET p=/sw.js s=200 d=90µs s=5540
ERR Failed to commit DB changes err="failed to stage db changes: exit status 128\nOutput: fatal: Unable to create '/home/runner/work/mddb/mddb/data-e2e/.git/index.lock': File exists.\n\nAnother git process seems to be running in this repository, or the lock file may be stale\n"
INF http m=POST p=/api/v1/workspaces/441OI0M5M000/nodes/441OI5G92000/page/create s=200 d=31.7ms s=26
INF http m=GET p=/api/v1/auth/me s=200 d=938µs s=250
INF http m=GET p=/registerSW.js s=200 d=57µs s=87
ERR Failed to commit DB changes err="failed to stage db changes: exit status 128\nOutput: fatal: Unable to create '/home/runner/work/mddb/mddb/data-e2e/.git/index.lock': File exists.\n\nAnother git process seems to be running in this repository, or the lock file may be stale\n"
INF http m=GET p=/index.html s=200 d=34µs s=542
INF http m=POST p=/api/v1/workspaces/441OI0M5M000/nodes/441OI68O2000/page/create s=200 d=36.2ms s=26
INF http m=GET p=/icon.svg s=200 d=30µs s=195
INF http m=GET p=/icon-512.png s=200 d=117µs s=6498
INF http m=GET p=/w/@441OI0M5M000+workspace/@441OI5G92000+welcome s=200 d=33µs s=542
INF http m=GET p=/icon-192.png s=200 d=56µs s=2468
INF http m=GET p=/api/v1/workspaces/441OI0M5M000/events s=200 d=281ms s=257
INF http m=GET p=/favicon.png s=200 d=75µs s=449
INF http m=GET p=/apple-touch-icon.png s=200 d=56µs s=2298
INF http m=GET p=/assets/material-symbols-names-mOXCVt15.js s=200 d=458µs s=15793
ERR Failed to add workspace submodule wsID=441OI6GNG000 err="failed to add submodule 441OI6GNG000: exit status 128\nOutput: Adding existing repo at '441OI6GNG000' to the index\nfatal: Unable to create '/home/runner/work/mddb/mddb/data-e2e/.git/index.lock': File exists.\n\nAnother git process seems to be running in this repository, or the lock file may be stale\nfatal: Failed to add submodule '441OI6GNG000'\n"
ERR Failed to commit DB changes err="failed to stage db changes: exit status 128\nOutput: fatal: Unable to create '/home/runner/work/mddb/mddb/data-e2e/.git/index.lock': File exists.\n\nAnother git process seems to be running in this repository, or the lock file may be stale\n"
INF http m=POST p=/api/v1/organizations/441OI69SM000/workspaces s=200 d=140ms s=298
INF http m=GET p=/assets/fr-CgauyyXq.js s=200 d=73µs s=6301
INF http m=GET p=/api/v1/auth/me s=200 d=2.09ms s=357
ERR Failed to commit DB changes err="failed to stage db changes: exit status 128\nOutput: fatal: Unable to create '/home/runner/work/mddb/mddb/data-e2e/.git/index.lock': File exists.\n\nAnother git process seems to be running in this repository, or the lock file may be stale\n"
INF http m=POST p=/api/v1/auth/switch-workspace s=200 d=14ms s=609
INF http m=GET p=/assets/es-DHO8DnB9.js s=200 d=82µs s=6015
INF http m=GET p=/api/v1/notifications/unread-count s=200 d=642µs s=25
INF http m=GET p=/assets/emoji-groups-tsNE8Axz.js s=200 d=190µs s=13852
INF http m=GET p=/api/v1/workspaces/441OI6GNG000/nodes/0/children s=200 d=672µs s=26
INF http m=GET p=/api/v1/workspaces/441OI6GNG000/members s=200 d=1.23ms s=126
INF http m=GET p=/api/v1/workspaces/441OI0M5M000/nodes/0/children s=200 d=379µs s=279
INF http m=GET p=/api/v1/notifications/unread-count s=200 d=5.35ms s=25
INF http m=GET p=/api/v1/workspaces/441OI0M5M000/members s=200 d=3.55ms s=130
INF http m=GET p=/api/v1/workspaces/441OI0M5M000/nodes/441OI5G92000 s=200 d=1.57ms s=245
INF http m=GET p=/api/v1/workspaces/441OI0M5M000/nodes/441OI5G92000/children s=200 d=389µs s=164
ERR Failed to commit DB changes err="failed to stage db changes: exit status 128\nOutput: fatal: Unable to create '/home/runner/work/mddb/mddb/data-e2e/.git/index.lock': File exists.\n\nAnother git process seems to be running in this repository, or the lock file may be stale\n"
INF http m=POST p=/api/v1/workspaces/441OI6GNG000/nodes/0/page/create s=200 d=60.2ms s=35
INF http m=GET p=/api/v1/workspaces/441OI6GNG000/nodes/0/children s=200 d=355µs s=257
INF http m=GET p=/api/v1/workspaces/441OI6GNG000/nodes/441OI7Q0C000 s=200 d=302µs s=245
INF http m=GET p=/assets/Editor-BYBWY7b1.css s=200 d=112µs s=2240
INF http m=GET p=/assets/Editor-5FlZhQpN.js s=200 d=105µs s=13509
INF http m=GET p=/assets/de-qJeflSp6.js s=200 d=79µs s=6245
ERR Failed to commit DB changes err="failed to stage db changes: exit status 128\nOutput: fatal: Unable to create '/home/runner/work/mddb/mddb/data-e2e/.git/index.lock': File exists.\n\nAnother git process seems to be running in this repository, or the lock file may be stale\n"
INF http m=POST p=/api/v1/workspaces/441OI6GNG000/nodes/0/page/create s=200 d=36.7ms s=26
INF http m=GET p=/assets/WorkspaceSettingsPanel-CsUOm22X.css s=200 d=42µs s=1025
INF http m=GET p=/assets/WorkspaceSettingsPanel-CM5oaFTF.js s=200 d=62µs s=4443
INF http m=GET p=/assets/ServerSettingsPanel-pbgISWIv.css s=200 d=39µs s=596
INF http m=GET p=/assets/ServerSettingsPanel-C8C6nm9a.js s=200 d=44µs s=2550
INF http m=GET p=/assets/ResourceQuotaForm-DTSj8Ta5.css s=200 d=37µs s=302
INF http m=GET p=/assets/ResourceQuotaForm-D6gJNn3N.js s=200 d=43µs s=812
INF http m=GET p=/assets/ProfileSettings-rthGIjGN.js s=200 d=108µs s=4319
ERR Failed to commit DB changes err="failed to stage db changes: exit status 128\nOutput: fatal: Unable to create '/home/runner/work/mddb/mddb/data-e2e/.git/index.lock': File exists.\n\nAnother git process seems to be running in this repository, or the lock file may be stale\n"
INF http m=POST p=/api/v1/workspaces/441OI6GNG000/nodes/0/page/create s=200 d=48.8ms s=26
INF http m=GET p=/assets/ProfileSettings-D5kbNfHV.css s=200 d=51µs s=1220
INF http m=GET p=/w/@441OI6GNG000+workspace/@441OI7Q0C000+welcome s=200 d=40µs s=542
INF http m=GET p=/api/v1/workspaces/441OI6GNG000/events s=200 d=197ms s=257
INF http m=GET p=/registerSW.js s=200 d=61µs s=87
INF http m=GET p=/assets/OrgSettingsPanel-BP8s6T0h.css s=200 d=26µs s=511
INF http m=GET p=/assets/OrgSettingsPanel-B78NX7Vn.js s=200 d=60µs s=2302
INF http m=GET p=/assets/InviteForm-R7w4u6kW.js s=200 d=292µs s=1267
INF http m=GET p=/api/v1/auth/me s=200 d=296µs s=351
INF http m=GET p=/assets/InviteForm-CW-wgFWD.css s=200 d=45µs s=414
INF http m=GET p=/api/v1/workspaces/441OI0M5M000/nodes/441OI68O2000/children s=200 d=878µs s=152
INF http m=GET p=/assets/AdminDashboard-R0heLGro.css s=200 d=51µs s=601
INF http m=GET p=/api/v1/notifications/unread-count s=200 d=201µs s=25
INF http m=GET p=/assets/AdminDashboard-D3Sw1IyX.js s=200 d=75µs s=2075
INF http m=GET p=/api/v1/workspaces/441OI6GNG000/nodes/0/children s=200 d=828µs s=254
INF http m=GET p=/api/v1/workspaces/441OI6GNG000/members s=200 d=492µs s=126
INF http m=GET p=/api/v1/workspaces/441OI6GNG000/nodes/441OI7Q0C000 s=200 d=3.04ms s=245
INF http m=GET p=/manifest.webmanifest s=200 d=38µs s=199
INF http m=GET p=/api/v1/workspaces/441OI0M5M000/nodes/441OI68O2000 s=200 d=554µs s=147
INF http m=GET p=/api/v1/workspaces/441OI0M5M000/nodes/441OI5G92000 s=200 d=374µs s=245
INF http m=GET p=/api/v1/workspaces/441OI6GNG000/nodes/441OI8EGU000 s=200 d=342µs s=128
ERR Failed to commit DB changes err="failed to stage db changes: exit status 128\nOutput: fatal: Unable to create '/home/runner/work/mddb/mddb/data-e2e/.git/index.lock': File exists.\n\nAnother git process seems to be running in this repository, or the lock file may be stale\n"
INF http m=POST p=/api/v1/workspaces/441OI0M5M000/nodes/441OI68O2000/delete s=200 d=19.2ms s=25
INF http m=GET p=/api/v1/workspaces/441OI0M5M000/nodes/441OI5G92000 s=200 d=316µs s=245
INF http m=GET p=/api/v1/workspaces/441OI0M5M000/events s=200 d=494ms s=208
ERR Failed to commit DB changes err="failed to stage db changes: exit status 128\nOutput: fatal: Unable to create '/home/runner/work/mddb/mddb/data-e2e/.git/index.lock': File exists.\n\nAnother git process seems to be running in this repository, or the lock file may be stale\n"
INF http m=POST p=/api/v1/workspaces/441OI6GNG000/nodes/441OI8EGU000/delete s=200 d=37.6ms s=25
INF http m=GET p=/api/v1/workspaces/441OI6GNG000/nodes/441OI85OM000 s=200 d=341µs s=126
INF http m=GET p=/api/v1/workspaces/441OI6GNG000/events s=200 d=302ms s=207
ERR Failed to commit DB changes err="failed to stage db changes: exit status 128\nOutput: fatal: Unable to create '/home/runner/work/mddb/mddb/data-e2e/.git/index.lock': File exists.\n\nAnother git process seems to be running in this repository, or the lock file may be stale\n"
INF http m=POST p=/api/v1/auth/register s=200 d=145ms s=391
INF http m=GET p=/ s=200 d=58µs s=542
INF http m=GET p=/registerSW.js s=200 d=60µs s=87
INF http m=GET p=/assets/index-DPQ8uk7g.css s=200 d=110µs s=12402
INF http m=GET p=/assets/index-SHhnYNGf.js s=200 d=119µs s=49792
INF http m=GET p=/assets/vendor-C3WBU0hm.js s=200 d=95µs s=29762
INF http m=GET p=/assets/editor-vendor-Bje_VwYD.js s=200 d=141µs s=117396
ERR Failed to commit DB changes err="failed to stage db changes: exit status 128\nOutput: fatal: Unable to create '/home/runner/work/mddb/mddb/data-e2e/.git/index.lock': File exists.\n\nAnother git process seems to be running in this repository, or the lock file may be stale\n"
INF http m=POST p=/api/v1/auth/register s=200 d=174ms s=394
INF http m=GET p=/ s=200 d=100µs s=542
INF http m=GET p=/assets/index-SHhnYNGf.js s=200 d=156µs s=49792
INF http m=GET p=/assets/index-DPQ8uk7g.css s=200 d=241µs s=12402
INF http m=GET p=/assets/editor-vendor-Bje_VwYD.js s=200 d=180µs s=117396
INF http m=GET p=/assets/vendor-C3WBU0hm.js s=200 d=119µs s=29762
INF http m=GET p=/registerSW.js s=200 d=41µs s=87
INF http m=GET p=/assets/en-BOb8f2G7.js s=200 d=96µs s=5207
INF http m=GET p=/api/v1/auth/me s=200 d=244µs s=165
INF http m=GET p=/api/v1/notifications/unread-count s=200 d=590µs s=25
INF http m=GET p=/favicon.png s=200 d=46µs s=449
ERR Failed to commit DB changes err="failed to stage db changes: exit status 128\nOutput: fatal: Unable to create '/home/runner/work/mddb/mddb/data-e2e/.git/index.lock': File exists.\n\nAnother git process seems to be running in this repository, or the lock file may be stale\n"
INF http m=POST p=/api/v1/organizations s=200 d=12.3ms s=349
INF http m=GET p=/sw.js s=200 d=110µs s=5540
INF http m=GET p=/api/v1/auth/me s=200 d=756µs s=249
INF http m=GET p=/registerSW.js s=200 d=36µs s=87
INF http m=GET p=/index.html s=200 d=44µs s=542
INF http m=GET p=/icon.svg s=200 d=40µs s=195
INF http m=GET p=/icon-512.png s=200 d=94µs s=6498
INF http m=GET p=/icon-192.png s=200 d=61µs s=2468
INF http m=GET p=/favicon.png s=200 d=38µs s=449
INF http m=GET p=/apple-touch-icon.png s=200 d=76µs s=2298
INF http m=GET p=/assets/material-symbols-names-mOXCVt15.js s=200 d=150µs s=15793
INF http m=GET p=/api/v1/auth/me s=200 d=773µs s=166
INF http m=GET p=/assets/en-BOb8f2G7.js s=200 d=57µs s=5207
INF http m=GET p=/assets/fr-CgauyyXq.js s=200 d=82µs s=6301
INF http m=GET p=/assets/es-DHO8DnB9.js s=200 d=88µs s=6015
INF http m=GET p=/api/v1/notifications/unread-count s=200 d=187µs s=25
ERR Failed to add workspace submodule wsID=441OIFNFS000 err="failed to add submodule 441OIFNFS000: exit status 128\nOutput: Adding existing repo at '441OIFNFS000' to the index\nfatal: Unable to create '/home/runner/work/mddb/mddb/data-e2e/.git/index.lock': File exists.\n\nAnother git process seems to be running in this repository, or the lock file may be stale\nfatal: Failed to add submodule '441OIFNFS000'\n"
INF http m=GET p=/sw.js s=200 d=76µs s=5540
INF http m=GET p=/favicon.png s=200 d=56µs s=449
INF http m=GET p=/assets/emoji-groups-tsNE8Axz.js s=200 d=4.84ms s=13852
ERR Failed to commit DB changes err="failed to stage db changes: exit status 128\nOutput: fatal: Unable to create '/home/runner/work/mddb/mddb/data-e2e/.git/index.lock': File exists.\n\nAnother git process seems to be running in this repository, or the lock file may be stale\n"
INF http m=POST p=/api/v1/organizations/441OIF8PQ000/workspaces s=200 d=213ms s=297
ERR Failed to commit DB changes err="failed to stage db changes: exit status 128\nOutput: fatal: Unable to create '/home/runner/work/mddb/mddb/data-e2e/.git/index.lock': File exists.\n\nAnother git process seems to be running in this repository, or the lock file may be stale\n"
INF http m=POST p=/api/v1/organizations s=200 d=26.4ms s=350
ERR Failed to commit DB changes err="failed to stage db changes: exit status 128\nOutput: fatal: Unable to create '/home/runner/work/mddb/mddb/data-e2e/.git/index.lock': File exists.\n\nAnother git process seems to be running in this repository, or the lock file may be stale\n"
INF http m=POST p=/api/v1/auth/switch-workspace s=200 d=30.3ms s=554
INF http m=GET p=/api/v1/auth/me s=200 d=290µs s=250
INF http m=GET p=/api/v1/notifications/unread-count s=200 d=892µs s=25
INF http m=GET p=/api/v1/workspaces/441OIFNFS000/nodes/0/children s=200 d=280µs s=26
INF http m=GET p=/api/v1/workspaces/441OIFNFS000/members s=200 d=10.4ms s=120
INF http m=GET p=/registerSW.js s=200 d=38µs s=87
INF http m=GET p=/index.html s=200 d=34µs s=542
INF http m=GET p=/icon.svg s=200 d=43µs s=195
INF http m=GET p=/assets/de-qJeflSp6.js s=200 d=162µs s=6245
INF http m=GET p=/assets/WorkspaceSettingsPanel-CsUOm22X.css s=200 d=38µs s=1025
INF http m=GET p=/assets/WorkspaceSettingsPanel-CM5oaFTF.js s=200 d=76µs s=4443
INF http m=GET p=/icon-512.png s=200 d=115µs s=6498
INF http m=GET p=/assets/ServerSettingsPanel-pbgISWIv.css s=200 d=35µs s=596
INF http m=GET p=/assets/ServerSettingsPanel-C8C6nm9a.js s=200 d=61µs s=2550
INF http m=GET p=/icon-192.png s=200 d=50µs s=2468
INF http m=GET p=/assets/ResourceQuotaForm-DTSj8Ta5.css s=200 d=38µs s=302
INF http m=GET p=/favicon.png s=200 d=40µs s=449
INF http m=GET p=/assets/ResourceQuotaForm-D6gJNn3N.js s=200 d=33µs s=812
INF http m=GET p=/assets/ProfileSettings-rthGIjGN.js s=200 d=66µs s=4319
INF http m=GET p=/assets/ProfileSettings-D5kbNfHV.css s=200 d=44µs s=1220
INF http m=GET p=/apple-touch-icon.png s=200 d=43µs s=2298
INF http m=GET p=/assets/OrgSettingsPanel-BP8s6T0h.css s=200 d=24µs s=511
INF http m=GET p=/assets/OrgSettingsPanel-B78NX7Vn.js s=200 d=33µs s=2302
INF http m=GET p=/assets/InviteForm-R7w4u6kW.js s=200 d=33µs s=1267
INF http m=GET p=/assets/InviteForm-CW-wgFWD.css s=200 d=49µs s=414
INF http m=GET p=/assets/Editor-BYBWY7b1.css s=200 d=45µs s=2240
ERR Failed to add workspace submodule wsID=441OIHIRC000 err="failed to add submodule 441OIHIRC000: exit status 128\nOutput: Adding existing repo at '441OIHIRC000' to the index\nfatal: Unable to create '/home/runner/work/mddb/mddb/data-e2e/.git/index.lock': File exists.\n\nAnother git process seems to be running in this repository, or the lock file may be stale\nfatal: Failed to add submodule '441OIHIRC000'\n"
INF http m=GET p=/assets/Editor-5FlZhQpN.js s=200 d=84µs s=13509
INF http m=GET p=/assets/material-symbols-names-mOXCVt15.js s=200 d=120µs s=15793
ERR Failed to commit DB changes err="failed to stage db changes: exit status 128\nOutput: fatal: Unable to create '/home/runner/work/mddb/mddb/data-e2e/.git/index.lock': File exists.\n\nAnother git process seems to be running in this repository, or the lock file may be stale\n"
INF http m=POST p=/api/v1/organizations/441OIGV68000/workspaces s=200 d=203ms s=300
ERR Failed to commit DB changes err="failed to stage db changes: exit status 128\nOutput: fatal: Unable to create '/home/runner/work/mddb/mddb/data-e2e/.git/index.lock': File exists.\n\nAnother git process seems to be running in this repository, or the lock file may be stale\n"
INF http m=POST p=/api/v1/workspaces/441OIFNFS000/nodes/0/page/create s=200 d=150ms s=26
INF http m=GET p=/assets/AdminDashboard-R0heLGro.css s=200 d=39µs s=601
ERR Failed to commit DB changes err="failed to stage db changes: exit status 128\nOutput: fatal: Unable to create '/home/runner/work/mddb/mddb/data-e2e/.git/index.lock': File exists.\n\nAnother git process seems to be running in this repository, or the lock file may be stale\n"
INF http m=POST p=/api/v1/workspaces/441OIFNFS000/nodes/0/page/create s=200 d=153ms s=35
INF http m=GET p=/api/v1/workspaces/441OIFNFS000/nodes/0/children s=200 d=908µs s=264
ERR Failed to commit DB changes err="failed to stage db changes: exit status 128\nOutput: fatal: Unable to create '/home/runner/work/mddb/mddb/data-e2e/.git/index.lock': File exists.\n\nAnother git process seems to be running in this repository, or the lock file may be stale\n"
INF http m=POST p=/api/v1/auth/switch-workspace s=200 d=19ms s=612
INF http m=GET p=/assets/AdminDashboard-D3Sw1IyX.js s=200 d=83µs s=2075
INF http m=GET p=/manifest.webmanifest s=200 d=41µs s=199
INF http m=GET p=/api/v1/notifications/unread-count s=200 d=152µs s=25
INF http m=GET p=/api/v1/workspaces/441OIFNFS000/nodes/441OIHVDE000 s=200 d=6.91ms s=134
INF http m=GET p=/assets/fr-CgauyyXq.js s=200 d=1.66ms s=6301
INF http m=GET p=/api/v1/workspaces/441OIHIRC000/members s=200 d=544µs s=126
INF http m=GET p=/api/v1/workspaces/441OIHIRC000/nodes/0/children s=200 d=8.68ms s=26
ERR Failed to commit DB changes err="failed to stage db changes: exit status 128\nOutput: fatal: Unable to create '/home/runner/work/mddb/mddb/data-e2e/.git/index.lock': File exists.\n\nAnother git process seems to be running in this repository, or the lock file may be stale\n"
INF http m=POST p=/api/v1/workspaces/441OIFNFS000/nodes/0/page/create s=200 d=63.5ms s=26
INF http m=GET p=/assets/es-DHO8DnB9.js s=200 d=161µs s=6015
INF http m=GET p=/w/@441OIFNFS000+workspace/@441OIHVDE000+first-page s=200 d=45µs s=542
ERR Failed to commit DB changes err="failed to stage db changes: exit status 128\nOutput: fatal: Unable to create '/home/runner/work/mddb/mddb/data-e2e/.git/index.lock': File exists.\n\nAnother git process seems to be running in this repository, or the lock file may be stale\n"
INF http m=POST p=/api/v1/workspaces/441OIHIRC000/nodes/0/page/create s=200 d=32.3ms s=35
INF http m=GET p=/api/v1/workspaces/441OIHIRC000/nodes/0/children s=200 d=528µs s=231
INF http m=GET p=/api/v1/workspaces/441OIFNFS000/events s=200 d=299ms s=260
INF http m=GET p=/assets/emoji-groups-tsNE8Axz.js s=200 d=113µs s=13852
INF http m=GET p=/api/v1/workspaces/441OIHIRC000/nodes/441OIJD9G000 s=200 d=544µs s=245
ERR Failed to commit DB changes err="failed to stage db changes: exit status 128\nOutput: fatal: Unable to create '/home/runner/work/mddb/mddb/data-e2e/.git/index.lock': File exists.\n\nAnother git process seems to be running in this repository, or the lock file may be stale\n"
INF http m=POST p=/api/v1/workspaces/441OIHIRC000/nodes/0/page/create s=200 d=70.6ms s=26
INF http m=GET p=/assets/Editor-5FlZhQpN.js s=200 d=88µs s=13509
INF http m=GET p=/assets/Editor-BYBWY7b1.css s=200 d=88µs s=2240
ERR Failed to commit DB changes err="failed to stage db changes: exit status 128\nOutput: fatal: Unable to create '/home/runner/work/mddb/mddb/data-e2e/.git/index.lock': File exists.\n\nAnother git process seems to be running in this repository, or the lock file may be stale\n"
INF http m=POST p=/api/v1/workspaces/441OIHIRC000/nodes/441OIJKDO000/page/create s=200 d=56.2ms s=26
INF http m=GET p=/api/v1/auth/me s=200 d=664µs s=352
INF http m=GET p=/assets/de-qJeflSp6.js s=200 d=88µs s=6245
INF http m=GET p=/assets/WorkspaceSettingsPanel-CsUOm22X.css s=200 d=44µs s=1025
ERR Failed to commit DB changes err="failed to stage db changes: exit status 128\nOutput: fatal: Unable to create '/home/runner/work/mddb/mddb/data-e2e/.git/index.lock': File exists.\n\nAnother git process seems to be running in this repository, or the lock file may be stale\n"
INF http m=POST p=/api/v1/workspaces/441OIHIRC000/nodes/441OIJKDO000/page s=200 d=56.6ms s=26
INF http m=GET p=/assets/WorkspaceSettingsPanel-CM5oaFTF.js s=200 d=91µs s=4443
INF http m=GET p=/w/@441OIHIRC000+workspace/@441OIJD9G000+welcome s=200 d=22µs s=542
INF http m=GET p=/api/v1/notifications/unread-count s=200 d=691µs s=25
INF http m=GET p=/api/v1/workspaces/441OIFNFS000/nodes/0/children s=200 d=1.05ms s=264
INF http m=GET p=/api/v1/workspaces/441OIFNFS000/members s=200 d=616µs s=120
INF http m=GET p=/api/v1/workspaces/441OIHIRC000/events s=200 d=244ms s=285
INF http m=GET p=/api/v1/workspaces/441OIFNFS000/nodes/441OIHVDE000 s=200 d=4.87ms s=134
INF http m=GET p=/registerSW.js s=200 d=38µs s=87
INF http m=GET p=/assets/ServerSettingsPanel-pbgISWIv.css s=200 d=97µs s=596
INF http m=GET p=/assets/ServerSettingsPanel-C8C6nm9a.js s=200 d=63µs s=2550
INF http m=GET p=/api/v1/auth/me s=200 d=695µs s=351
INF http m=GET p=/assets/ResourceQuotaForm-DTSj8Ta5.css s=200 d=55µs s=302
INF http m=GET p=/assets/ResourceQuotaForm-D6gJNn3N.js s=200 d=34µs s=812
INF http m=GET p=/assets/ProfileSettings-rthGIjGN.js s=200 d=69µs s=4319
INF http m=GET p=/api/v1/notifications/unread-count s=200 d=603µs s=25
INF http m=GET p=/api/v1/workspaces/441OIHIRC000/nodes/0/children s=200 d=1.07ms s=309
INF http m=GET p=/api/v1/workspaces/441OIHIRC000/members s=200 d=1ms s=126
INF http m=GET p=/assets/ProfileSettings-D5kbNfHV.css s=200 d=75µs s=1220
INF http m=GET p=/api/v1/workspaces/441OIHIRC000/nodes/441OIJD9G000 s=200 d=345µs s=245
INF http m=GET p=/assets/OrgSettingsPanel-BP8s6T0h.css s=200 d=44µs s=511
INF http m=GET p=/assets/OrgSettingsPanel-B78NX7Vn.js s=200 d=151µs s=2302
INF http m=GET p=/assets/InviteForm-R7w4u6kW.js s=200 d=38µs s=1267
INF http m=GET p=/assets/InviteForm-CW-wgFWD.css s=200 d=32µs s=414
INF http m=GET p=/api/v1/workspaces/441OIHIRC000/nodes/441OIJKDO000/children s=200 d=7.18ms s=153
INF http m=GET p=/assets/AdminDashboard-R0heLGro.css s=200 d=50µs s=601
INF http m=GET p=/assets/AdminDashboard-D3Sw1IyX.js s=200 d=345µs s=2075
INF http m=GET p=/manifest.webmanifest s=200 d=39µs s=199
INF http m=GET p=/api/v1/workspaces/441OIFNFS000/nodes/441OIIUCI000 s=200 d=759µs s=134
INF http m=GET p=/api/v1/workspaces/441OIHIRC000/nodes/441OIJKDO000 s=200 d=340µs s=197
INF http m=GET p=/api/v1/workspaces/441OIHIRC000/nodes/titles s=200 d=658µs s=64
INF http m=GET p=/api/v1/workspaces/441OIFNFS000/nodes/441OIHVDE000 s=200 d=338µs s=134
INF http m=GET p=/api/v1/workspaces/441OIFNFS000/events s=200 d=313ms s=93
ERR Failed to commit DB changes err="failed to stage db changes: exit status 128\nOutput: fatal: Unable to create '/home/runner/work/mddb/mddb/data-e2e/.git/index.lock': File exists.\n\nAnother git process seems to be running in this repository, or the lock file may be stale\n"
INF http m=POST p=/api/v1/workspaces/441OIHIRC000/nodes/441OIK2AS000/page s=200 d=18.3ms s=26
INF http m=GET p=/w/@441OIHIRC000+page-linkss-workspace/@441OIJKDO000+parent-page s=200 d=50µs s=542
INF http m=GET p=/api/v1/workspaces/441OIHIRC000/events s=200 d=304ms s=207
INF http m=GET p=/api/v1/auth/me s=200 d=252µs s=351
INF http m=GET p=/api/v1/notifications/unread-count s=200 d=298µs s=25
INF http m=GET p=/api/v1/workspaces/441OIHIRC000/nodes/441OIJKDO000 s=200 d=537µs s=197
INF http m=GET p=/api/v1/workspaces/441OIHIRC000/nodes/0/children s=200 d=1.42ms s=309
INF http m=GET p=/api/v1/workspaces/441OIHIRC000/members s=200 d=2.87ms s=126
INF http m=GET p=/api/v1/workspaces/441OIHIRC000/nodes/441OIJKDO000/children s=200 d=374µs s=158
INF http m=GET p=/api/v1/workspaces/441OIHIRC000/nodes/titles s=200 d=718µs s=63
ERR Failed to commit DB changes err="failed to stage db changes: exit status 128\nOutput: fatal: Unable to create '/home/runner/work/mddb/mddb/data-e2e/.git/index.lock': File exists.\n\nAnother git process seems to be running in this repository, or the lock file may be stale\n"
INF http m=POST p=/api/v1/auth/register s=200 d=121ms s=391
INF http m=GET p=/ s=200 d=67µs s=542
INF http m=GET p=/assets/index-SHhnYNGf.js s=200 d=175µs s=49792
INF http m=GET p=/assets/index-DPQ8uk7g.css s=200 d=190µs s=12402
INF http m=GET p=/assets/editor-vendor-Bje_VwYD.js s=200 d=213µs s=117396
INF http m=GET p=/assets/vendor-C3WBU0hm.js s=200 d=138µs s=29762
INF http m=GET p=/registerSW.js s=200 d=53µs s=87
INF http m=GET p=/api/v1/workspaces/441OIHIRC000/events s=200 d=234ms s=93
INF http m=GET p=/api/v1/auth/me s=200 d=247µs s=166
INF http m=GET p=/assets/en-BOb8f2G7.js s=200 d=68µs s=5207
INF http m=GET p=/favicon.png s=200 d=35µs s=449
INF http m=GET p=/api/v1/notifications/unread-count s=200 d=191µs s=25
INF http m=GET p=/sw.js s=200 d=85µs s=5540
ERR Failed to commit DB changes err="failed to stage db changes: exit status 128\nOutput: fatal: Unable to create '/home/runner/work/mddb/mddb/data-e2e/.git/index.lock': File exists.\n\nAnother git process seems to be running in this repository, or the lock file may be stale\n"
INF http m=POST p=/api/v1/organizations s=200 d=10.2ms s=350
INF http m=GET p=/registerSW.js s=200 d=40µs s=87
INF http m=GET p=/index.html s=200 d=40µs s=542
INF http m=GET p=/api/v1/auth/me s=200 d=247µs s=251
INF http m=GET p=/icon.svg s=200 d=33µs s=195
INF http m=GET p=/icon-512.png s=200 d=120µs s=6498
INF http m=GET p=/icon-192.png s=200 d=55µs s=2468
INF http m=GET p=/favicon.png s=200 d=41µs s=449
INF http m=GET p=/apple-touch-icon.png s=200 d=54µs s=2298
INF http m=GET p=/assets/material-symbols-names-mOXCVt15.js s=200 d=116µs s=15793
INF http m=GET p=/assets/fr-CgauyyXq.js s=200 d=100µs s=6301
INF http m=GET p=/assets/es-DHO8DnB9.js s=200 d=81µs s=6015
ERR Failed to add workspace submodule wsID=441OIRLFS000 err="failed to add submodule 441OIRLFS000: exit status 128\nOutput: Adding existing repo at '441OIRLFS000' to the index\nfatal: Unable to create '/home/runner/work/mddb/mddb/data-e2e/.git/index.lock': File exists.\n\nAnother git process seems to be running in this repository, or the lock file may be stale\nfatal: Failed to add submodule '441OIRLFS000'\n"
ERR Failed to commit DB changes err="failed to stage db changes: exit status 128\nOutput: fatal: Unable to create '/home/runner/work/mddb/mddb/data-e2e/.git/index.lock': File exists.\n\nAnother git process seems to be running in this repository, or the lock file may be stale\n"
INF http m=POST p=/api/v1/organizations/441OIR0E6000/workspaces s=200 d=166ms s=298
ERR Failed to commit DB changes err="failed to stage db changes: exit status 128\nOutput: fatal: Unable to create '/home/runner/work/mddb/mddb/data-e2e/.git/index.lock': File exists.\n\nAnother git process seems to be running in this repository, or the lock file may be stale\n"
INF http m=POST p=/api/v1/auth/register s=200 d=156ms s=384
INF http m=GET p=/assets/emoji-groups-tsNE8Axz.js s=200 d=89µs s=13852
INF http m=GET p=/ s=200 d=78µs s=542
ERR Failed to commit DB changes err="failed to stage db changes: exit status 128\nOutput: fatal: Unable to create '/home/runner/work/mddb/mddb/data-e2e/.git/index.lock': File exists.\n\nAnother git process seems to be running in this repository, or the lock file may be stale\n"
INF http m=POST p=/api/v1/auth/switch-workspace s=200 d=23.3ms s=605
INF http m=GET p=/registerSW.js s=200 d=987µs s=87
INF http m=GET p=/assets/index-SHhnYNGf.js s=200 d=151µs s=49792
INF http m=GET p=/assets/vendor-C3WBU0hm.js s=200 d=147µs s=29762
INF http m=GET p=/assets/editor-vendor-Bje_VwYD.js s=200 d=204µs s=117396
INF http m=GET p=/assets/index-DPQ8uk7g.css s=200 d=147µs s=12402
INF http m=GET p=/api/v1/workspaces/441OIRLFS000/nodes/0/children s=200 d=757µs s=26
INF http m=GET p=/api/v1/notifications/unread-count s=200 d=188µs s=25
INF http m=GET p=/api/v1/workspaces/441OIRLFS000/members s=200 d=13.8ms s=126
INF http m=GET p=/assets/de-qJeflSp6.js s=200 d=135µs s=6245
ERR Failed to commit DB changes err="failed to stage db changes: exit status 128\nOutput: fatal: Unable to create '/home/runner/work/mddb/mddb/data-e2e/.git/index.lock': File exists.\n\nAnother git process seems to be running in this repository, or the lock file may be stale\n"
INF http m=POST p=/api/v1/workspaces/441OIRLFS000/nodes/0/page/create s=200 d=30.7ms s=35
INF http m=GET p=/api/v1/workspaces/441OIRLFS000/nodes/0/children s=200 d=323µs s=257
INF http m=GET p=/assets/WorkspaceSettingsPanel-CsUOm22X.css s=200 d=77µs s=1025
INF http m=GET p=/assets/WorkspaceSettingsPanel-CM5oaFTF.js s=200 d=128µs s=4443
INF http m=GET p=/api/v1/workspaces/441OIRLFS000/nodes/441OITEBM000 s=200 d=346µs s=245
INF http m=GET p=/assets/ServerSettingsPanel-pbgISWIv.css s=200 d=35µs s=596
INF http m=GET p=/assets/Editor-BYBWY7b1.css s=200 d=63µs s=2240
INF http m=GET p=/assets/Editor-5FlZhQpN.js s=200 d=69µs s=13509
ERR Failed to commit DB changes err="failed to stage db changes: exit status 128\nOutput: fatal: Unable to create '/home/runner/work/mddb/mddb/data-e2e/.git/index.lock': File exists.\n\nAnother git process seems to be running in this repository, or the lock file may be stale\n"
INF http m=POST p=/api/v1/workspaces/441OIRLFS000/nodes/0/page/create s=200 d=31.3ms s=26
INF http m=GET p=/assets/ServerSettingsPanel-C8C6nm9a.js s=200 d=52µs s=2550
INF http m=GET p=/assets/ResourceQuotaForm-DTSj8Ta5.css s=200 d=43µs s=302
INF http m=GET p=/assets/ResourceQuotaForm-D6gJNn3N.js s=200 d=32µs s=812
INF http m=GET p=/api/v1/auth/me s=200 d=227µs s=166
INF http m=GET p=/assets/en-BOb8f2G7.js s=200 d=97µs s=5207
INF http m=GET p=/assets/ProfileSettings-rthGIjGN.js s=200 d=56µs s=4319
INF http m=GET p=/assets/ProfileSettings-D5kbNfHV.css s=200 d=40µs s=1220
ERR Failed to commit DB changes err="failed to stage db changes: exit status 128\nOutput: fatal: Unable to create '/home/runner/work/mddb/mddb/data-e2e/.git/index.lock': File exists.\n\nAnother git process seems to be running in this repository, or the lock file may be stale\n"
INF http m=POST p=/api/v1/workspaces/441OIRLFS000/nodes/0/page/create s=200 d=45.4ms s=26
INF http m=GET p=/assets/OrgSettingsPanel-BP8s6T0h.css s=200 d=30µs s=511
INF http m=GET p=/assets/OrgSettingsPanel-B78NX7Vn.js s=200 d=51µs s=2302
INF http m=GET p=/api/v1/workspaces/441OIRLFS000/nodes/titles s=200 d=247µs s=69
INF http m=GET p=/assets/InviteForm-R7w4u6kW.js s=200 d=69µs s=1267
INF http m=GET p=/api/v1/notifications/unread-count s=200 d=369µs s=25
INF http m=GET p=/sw.js s=200 d=513µs s=5540
INF http m=GET p=/assets/InviteForm-CW-wgFWD.css s=200 d=33µs s=414
ERR Failed to commit DB changes err="failed to stage db changes: exit status 128\nOutput: fatal: Unable to create '/home/runner/work/mddb/mddb/data-e2e/.git/index.lock': File exists.\n\nAnother git process seems to be running in this repository, or the lock file may be stale\n"
INF http m=POST p=/api/v1/organizations s=200 d=11.8ms s=352
INF http m=GET p=/favicon.png s=200 d=70µs s=449
INF http m=GET p=/api/v1/workspaces/441OIRLFS000/events s=200 d=215ms s=258
INF http m=GET p=/api/v1/auth/me s=200 d=254µs s=253
INF http m=GET p=/registerSW.js s=200 d=31µs s=87
INF http m=GET p=/index.html s=200 d=38µs s=542
INF http m=GET p=/icon.svg s=200 d=35µs s=195
INF http m=GET p=/icon-512.png s=200 d=107µs s=6498
INF http m=GET p=/icon-192.png s=200 d=88µs s=2468
INF http m=GET p=/favicon.png s=200 d=32µs s=449
INF http m=GET p=/apple-touch-icon.png s=200 d=53µs s=2298
INF http m=GET p=/assets/material-symbols-names-mOXCVt15.js s=200 d=93µs s=15793
ERR Failed to add workspace submodule wsID=441OIUQJ8000 err="failed to add submodule 441OIUQJ8000: exit status 128\nOutput: Adding existing repo at '441OIUQJ8000' to the index\nfatal: Unable to create '/home/runner/work/mddb/mddb/data-e2e/.git/index.lock': File exists.\n\nAnother git process seems to be running in this repository, or the lock file may be stale\nfatal: Failed to add submodule '441OIUQJ8000'\n"
ERR Failed to commit DB changes err="failed to stage db changes: exit status 128\nOutput: fatal: Unable to create '/home/runner/work/mddb/mddb/data-e2e/.git/index.lock': File exists.\n\nAnother git process seems to be running in this repository, or the lock file may be stale\n"
INF http m=POST p=/api/v1/organizations/441OIUGDQ000/workspaces s=200 d=194ms s=296
INF http m=GET p=/assets/fr-CgauyyXq.js s=200 d=85µs s=6301
ERR Failed to commit DB changes err="failed to stage db changes: exit status 128\nOutput: fatal: Unable to create '/home/runner/work/mddb/mddb/data-e2e/.git/index.lock': File exists.\n\nAnother git process seems to be running in this repository, or the lock file may be stale\n"
INF http m=POST p=/api/v1/auth/switch-workspace s=200 d=10.7ms s=602
INF http m=GET p=/assets/es-DHO8DnB9.js s=200 d=89µs s=6015
INF http m=GET p=/assets/emoji-groups-tsNE8Axz.js s=200 d=102µs s=13852
INF http m=GET p=/api/v1/workspaces/441OIUQJ8000/nodes/0/children s=200 d=349µs s=26
INF http m=GET p=/api/v1/workspaces/441OIUQJ8000/members s=200 d=175µs s=124
INF http m=GET p=/api/v1/notifications/unread-count s=200 d=589µs s=25
ERR Failed to commit DB changes err="failed to stage db changes: exit status 128\nOutput: fatal: Unable to create '/home/runner/work/mddb/mddb/data-e2e/.git/index.lock': File exists.\n\nAnother git process seems to be running in this repository, or the lock file may be stale\n"
INF http m=POST p=/api/v1/workspaces/441OIUQJ8000/nodes/0/page/create s=200 d=38.2ms s=35
INF http m=GET p=/api/v1/workspaces/441OIUQJ8000/nodes/0/children s=200 d=473µs s=231
INF http m=GET p=/assets/de-qJeflSp6.js s=200 d=159µs s=6245
ERR Failed to commit DB changes err="failed to stage db changes: exit status 128\nOutput: fatal: Unable to create '/home/runner/work/mddb/mddb/data-e2e/.git/index.lock': File exists.\n\nAnother git process seems to be running in this repository, or the lock file may be stale\n"
INF http m=POST p=/api/v1/workspaces/441OIUQJ8000/nodes/0/page/create s=200 d=54.3ms s=26
INF http m=GET p=/api/v1/workspaces/441OIUQJ8000/nodes/441OJ0NDC000 s=200 d=297µs s=245
INF http m=GET p=/assets/WorkspaceSettingsPanel-CsUOm22X.css s=200 d=36µs s=1025
INF http m=GET p=/assets/WorkspaceSettingsPanel-CM5oaFTF.js s=200 d=85µs s=4443
INF http m=GET p=/assets/Editor-BYBWY7b1.css s=200 d=63µs s=2240
INF http m=GET p=/assets/Editor-5FlZhQpN.js s=200 d=52µs s=13509
ERR Failed to commit DB changes err="failed to stage db changes: exit status 128\nOutput: fatal: Unable to create '/home/runner/work/mddb/mddb/data-e2e/.git/index.lock': File exists.\n\nAnother git process seems to be running in this repository, or the lock file may be stale\n"
INF http m=POST p=/api/v1/workspaces/441OIUQJ8000/nodes/0/page/create s=200 d=20ms s=26
INF http m=GET p=/api/v1/workspaces/441OIUQJ8000/nodes/441OJ0TQ2000 s=200 d=275µs s=160
ERR Failed to commit DB changes err="failed to stage db changes: exit status 128\nOutput: fatal: Unable to create '/home/runner/work/mddb/mddb/data-e2e/.git/index.lock': File exists.\n\nAnother git process seems to be running in this repository, or the lock file may be stale\n"
INF http m=POST p=/api/v1/auth/register s=200 d=131ms s=398
INF http m=GET p=/assets/ServerSettingsPanel-pbgISWIv.css s=200 d=44µs s=596
INF http m=GET p=/ s=200 d=52µs s=542
INF http m=GET p=/assets/ServerSettingsPanel-C8C6nm9a.js s=200 d=48µs s=2550
INF http m=GET p=/assets/ResourceQuotaForm-DTSj8Ta5.css s=200 d=46µs s=302
INF http m=GET p=/assets/ResourceQuotaForm-D6gJNn3N.js s=200 d=42µs s=812
INF http m=GET p=/assets/index-SHhnYNGf.js s=200 d=192µs s=49792
INF http m=GET p=/assets/index-DPQ8uk7g.css s=200 d=125µs s=12402
INF http m=GET p=/assets/ProfileSettings-rthGIjGN.js s=200 d=82µs s=4319
INF http m=GET p=/registerSW.js s=200 d=49µs s=87
INF http m=GET p=/assets/vendor-C3WBU0hm.js s=200 d=97µs s=29762
INF http m=GET p=/assets/editor-vendor-Bje_VwYD.js s=200 d=170µs s=117396
INF http m=GET p=/assets/ProfileSettings-D5kbNfHV.css s=200 d=49µs s=1220
INF http m=GET p=/api/v1/workspaces/441OIUQJ8000/events s=200 d=205ms s=259
INF http m=GET p=/api/v1/auth/me s=200 d=657µs s=169
INF http m=GET p=/assets/en-BOb8f2G7.js s=200 d=75µs s=5207
INF http m=GET p=/favicon.png s=200 d=39µs s=449
INF http m=GET p=/api/v1/notifications/unread-count s=200 d=174µs s=25
INF http m=GET p=/sw.js s=200 d=80µs s=5540
ERR Failed to commit DB changes err="failed to stage db changes: exit status 128\nOutput: fatal: Unable to create '/home/runner/work/mddb/mddb/data-e2e/.git/index.lock': File exists.\n\nAnother git process seems to be running in this repository, or the lock file may be stale\n"
INF http m=POST p=/api/v1/organizations s=200 d=9.27ms s=355
INF http m=GET p=/api/v1/auth/me s=200 d=301µs s=254
INF http m=GET p=/registerSW.js s=200 d=42µs s=87
INF http m=GET p=/index.html s=200 d=42µs s=542
INF http m=GET p=/icon.svg s=200 d=44µs s=195
INF http m=GET p=/icon-512.png s=200 d=128µs s=6498
INF http m=GET p=/icon-192.png s=200 d=62µs s=2468
INF http m=GET p=/favicon.png s=200 d=44µs s=449
INF http m=GET p=/apple-touch-icon.png s=200 d=64µs s=2298
ERR Failed to add workspace submodule wsID=441OJ337U000 err="failed to add submodule 441OJ337U000: exit status 128\nOutput: Adding existing repo at '441OJ337U000' to the index\nfatal: Unable to create '/home/runner/work/mddb/mddb/data-e2e/.git/index.lock': File exists.\n\nAnother git process seems to be running in this repository, or the lock file may be stale\nfatal: Failed to add submodule '441OJ337U000'\n"
ERR Failed to commit DB changes err="failed to stage db changes: exit status 128\nOutput: fatal: Unable to create '/home/runner/work/mddb/mddb/data-e2e/.git/index.lock': File exists.\n\nAnother git process seems to be running in this repository, or the lock file may be stale\n"
INF http m=GET p=/assets/material-symbols-names-mOXCVt15.js s=200 d=130µs s=15793
INF http m=POST p=/api/v1/organizations/441OJ2MSK000/workspaces s=200 d=188ms s=305
ERR Failed to commit DB changes err="failed to stage db changes: exit status 128\nOutput: fatal: Unable to create '/home/runner/work/mddb/mddb/data-e2e/.git/index.lock': File exists.\n\nAnother git process seems to be running in this repository, or the lock file may be stale\n"
INF http m=POST p=/api/v1/auth/register s=200 d=117ms s=392
ERR Failed to commit DB changes err="failed to stage db changes: exit status 128\nOutput: fatal: Unable to create '/home/runner/work/mddb/mddb/data-e2e/.git/index.lock': File exists.\n\nAnother git process seems to be running in this repository, or the lock file may be stale\n"
INF http m=POST p=/api/v1/auth/switch-workspace s=200 d=16.6ms s=574
INF http m=GET p=/ s=200 d=85µs s=542
INF http m=GET p=/api/v1/notifications/unread-count s=200 d=336µs s=25
INF http m=GET p=/assets/fr-CgauyyXq.js s=200 d=133µs s=6301
INF http m=GET p=/registerSW.js s=200 d=37µs s=87
INF http m=GET p=/assets/editor-vendor-Bje_VwYD.js s=200 d=190µs s=117396
INF http m=GET p=/assets/vendor-C3WBU0hm.js s=200 d=139µs s=29762
INF http m=GET p=/assets/index-DPQ8uk7g.css s=200 d=146µs s=12402
INF http m=GET p=/assets/index-SHhnYNGf.js s=200 d=143µs s=49792
INF http m=GET p=/api/v1/workspaces/441OJ337U000/members s=200 d=12.4ms s=120
INF http m=GET p=/api/v1/workspaces/441OJ337U000/nodes/0/children s=200 d=21.3ms s=26
INF http m=GET p=/assets/es-DHO8DnB9.js s=200 d=107µs s=6015
INF http m=GET p=/assets/emoji-groups-tsNE8Axz.js s=200 d=120µs s=13852
ERR Failed to commit DB changes err="failed to stage db changes: exit status 128\nOutput: fatal: Unable to create '/home/runner/work/mddb/mddb/data-e2e/.git/index.lock': File exists.\n\nAnother git process seems to be running in this repository, or the lock file may be stale\n"
INF http m=POST p=/api/v1/workspaces/441OJ337U000/nodes/0/page/create s=200 d=43.4ms s=35
INF http m=GET p=/api/v1/workspaces/441OJ337U000/nodes/0/children s=200 d=848µs s=244
INF http m=GET p=/api/v1/workspaces/441OJ337U000/nodes/441OJ4TNA000 s=200 d=788µs s=245
INF http m=GET p=/assets/Editor-5FlZhQpN.js s=200 d=154µs s=13509
ERR Failed to commit DB changes err="failed to stage db changes: exit status 128\nOutput: fatal: Unable to create '/home/runner/work/mddb/mddb/data-e2e/.git/index.lock': File exists.\n\nAnother git process seems to be running in this repository, or the lock file may be stale\n"
INF http m=POST p=/api/v1/workspaces/441OJ337U000/nodes/0/page/create s=200 d=73.8ms s=26
INF http m=GET p=/assets/Editor-BYBWY7b1.css s=200 d=68µs s=2240
INF http m=GET p=/w/@441OJ337U000+workspace/@441OJ4TNA000+welcome s=200 d=30µs s=542
INF http m=GET p=/api/v1/workspaces/441OJ337U000/events s=200 d=197ms s=231
INF http m=GET p=/registerSW.js s=200 d=49µs s=87
INF http m=GET p=/assets/de-qJeflSp6.js s=200 d=151µs s=6245
INF http m=GET p=/api/v1/auth/me s=200 d=702µs s=354
INF http m=GET p=/api/v1/auth/me s=200 d=1.31ms s=169
INF http m=GET p=/assets/WorkspaceSettingsPanel-CsUOm22X.css s=200 d=33µs s=1025
INF http m=GET p=/assets/en-BOb8f2G7.js s=200 d=115µs s=5207
INF http m=GET p=/assets/WorkspaceSettingsPanel-CM5oaFTF.js s=200 d=77µs s=4443
INF http m=GET p=/assets/ServerSettingsPanel-pbgISWIv.css s=200 d=55µs s=596
INF http m=GET p=/assets/ServerSettingsPanel-C8C6nm9a.js s=200 d=76µs s=2550
INF http m=GET p=/assets/ResourceQuotaForm-DTSj8Ta5.css s=200 d=65µs s=302
INF http m=GET p=/api/v1/notifications/unread-count s=200 d=264µs s=25
INF http m=GET p=/assets/ResourceQuotaForm-D6gJNn3N.js s=200 d=50µs s=812
INF http m=GET p=/sw.js s=200 d=81µs s=5540
ERR Failed to commit DB changes err="failed to stage db changes: exit status 128\nOutput: fatal: Unable to create '/home/runner/work/mddb/mddb/data-e2e/.git/index.lock': File exists.\n\nAnother git process seems to be running in this repository, or the lock file may be stale\n"
INF http m=POST p=/api/v1/organizations s=200 d=8.64ms s=353
INF http m=GET p=/assets/ProfileSettings-rthGIjGN.js s=200 d=80µs s=4319
INF http m=GET p=/assets/ProfileSettings-D5kbNfHV.css s=200 d=51µs s=1220
INF http m=GET p=/favicon.png s=200 d=46µs s=449
INF http m=GET p=/api/v1/auth/me s=200 d=5.15ms s=255
INF http m=GET p=/assets/OrgSettingsPanel-BP8s6T0h.css s=200 d=50µs s=511
INF http m=GET p=/api/v1/notifications/unread-count s=200 d=290µs s=25
INF http m=GET p=/api/v1/workspaces/441OJ337U000/nodes/441OJ4TNA000 s=200 d=1.74ms s=245
INF http m=GET p=/api/v1/workspaces/441OJ337U000/members s=200 d=9.09ms s=120
INF http m=GET p=/assets/OrgSettingsPanel-B78NX7Vn.js s=200 d=88µs s=2302
INF http m=GET p=/api/v1/workspaces/441OJ337U000/nodes/0/children s=200 d=23ms s=244
INF http m=GET p=/assets/InviteForm-R7w4u6kW.js s=200 d=62µs s=1267
INF http m=GET p=/registerSW.js s=200 d=63µs s=87
INF http m=GET p=/assets/InviteForm-CW-wgFWD.css s=200 d=46µs s=414
INF http m=GET p=/index.html s=200 d=44µs s=542
INF http m=GET p=/icon.svg s=200 d=47µs s=195
INF http m=GET p=/icon-512.png s=200 d=116µs s=6498
INF http m=GET p=/icon-192.png s=200 d=55µs s=2468
INF http m=GET p=/assets/AdminDashboard-R0heLGro.css s=200 d=38µs s=601
INF http m=GET p=/assets/AdminDashboard-D3Sw1IyX.js s=200 d=123µs s=2075
INF http m=GET p=/favicon.png s=200 d=47µs s=449
INF http m=GET p=/manifest.webmanifest s=200 d=44µs s=199
INF http m=GET p=/apple-touch-icon.png s=200 d=38µs s=2298
INF http m=GET p=/assets/material-symbols-names-mOXCVt15.js s=200 d=92µs s=15793
ERR Failed to add workspace submodule wsID=441OJ6SQO000 err="failed to add submodule 441OJ6SQO000: exit status 128\nOutput: Adding existing repo at '441OJ6SQO000' to the index\nfatal: Unable to create '/home/runner/work/mddb/mddb/data-e2e/.git/index.lock': File exists.\n\nAnother git process seems to be running in this repository, or the lock file may be stale\nfatal: Failed to add submodule '441OJ6SQO000'\n"
ERR Failed to commit DB changes err="failed to stage db changes: exit status 128\nOutput: fatal: Unable to create '/home/runner/work/mddb/mddb/data-e2e/.git/index.lock': File exists.\n\nAnother git process seems to be running in this repository, or the lock file may be stale\n"
INF http m=POST p=/api/v1/organizations/441OJ6IQI000/workspaces s=200 d=157ms s=302
ERR Failed to commit DB changes err="failed to stage db changes: exit status 128\nOutput: fatal: Unable to create '/home/runner/work/mddb/mddb/data-e2e/.git/index.lock': File exists.\n\nAnother git process seems to be running in this repository, or the lock file may be stale\n"
INF http m=POST p=/api/v1/auth/switch-workspace s=200 d=6.27ms s=572
INF http m=GET p=/api/v1/workspaces/441OJ337U000/nodes/441OJ56IQ000 s=200 d=270µs s=142
INF http m=GET p=/assets/fr-CgauyyXq.js s=200 d=84µs s=6301
INF http m=GET p=/api/v1/workspaces/441OJ6SQO000/nodes/0/children s=200 d=320µs s=26
INF http m=GET p=/api/v1/notifications/unread-count s=200 d=134µs s=25
INF http m=GET p=/api/v1/workspaces/441OJ6SQO000/members s=200 d=498µs s=130
INF http m=GET p=/assets/es-DHO8DnB9.js s=200 d=101µs s=6015
INF http m=GET p=/assets/emoji-groups-tsNE8Axz.js s=200 d=117µs s=13852
ERR Failed to commit DB changes err="failed to stage db changes: exit status 128\nOutput: fatal: Unable to create '/home/runner/work/mddb/mddb/data-e2e/.git/index.lock': File exists.\n\nAnother git process seems to be running in this repository, or the lock file may be stale\n"
INF http m=POST p=/api/v1/workspaces/441OJ6SQO000/nodes/0/page/create s=200 d=26.7ms s=35
INF http m=GET p=/api/v1/workspaces/441OJ6SQO000/nodes/0/children s=200 d=300µs s=257
INF http m=GET p=/api/v1/workspaces/441OJ6SQO000/nodes/441OJ86F0000 s=200 d=353µs s=245
INF http m=GET p=/assets/Editor-5FlZhQpN.js s=200 d=342µs s=13509
INF http m=GET p=/assets/Editor-BYBWY7b1.css s=200 d=64µs s=2240
INF http m=GET p=/assets/de-qJeflSp6.js s=200 d=77µs s=6245
ERR Failed to commit DB changes err="failed to stage db changes: exit status 128\nOutput: fatal: Unable to create '/home/runner/work/mddb/mddb/data-e2e/.git/index.lock': File exists.\n\nAnother git process seems to be running in this repository, or the lock file may be stale\n"
INF http m=POST p=/api/v1/workspaces/441OJ6SQO000/nodes/0/page/create s=200 d=39.4ms s=26
INF http m=GET p=/assets/WorkspaceSettingsPanel-CsUOm22X.css s=200 d=43µs s=1025
INF http m=GET p=/assets/WorkspaceSettingsPanel-CM5oaFTF.js s=200 d=116µs s=4443
INF http m=GET p=/assets/ServerSettingsPanel-pbgISWIv.css s=200 d=38µs s=596
INF http m=GET p=/assets/ServerSettingsPanel-C8C6nm9a.js s=200 d=47µs s=2550
ERR Failed to commit DB changes err="failed to stage db changes: exit status 128\nOutput: fatal: Unable to create '/home/runner/work/mddb/mddb/data-e2e/.git/index.lock': File exists.\n\nAnother git process seems to be running in this repository, or the lock file may be stale\n"
INF http m=POST p=/api/v1/workspaces/441OJ6SQO000/nodes/0/page/create s=200 d=22.6ms s=26
INF http m=GET p=/assets/ResourceQuotaForm-DTSj8Ta5.css s=200 d=35µs s=302
INF http m=GET p=/assets/ResourceQuotaForm-D6gJNn3N.js s=200 d=35µs s=812
INF http m=GET p=/assets/ProfileSettings-rthGIjGN.js s=200 d=92µs s=4319
INF http m=GET p=/assets/ProfileSettings-D5kbNfHV.css s=200 d=45µs s=1220
INF http m=GET p=/assets/OrgSettingsPanel-BP8s6T0h.css s=200 d=33µs s=511
ERR Failed to commit DB changes err="failed to stage db changes: exit status 128\nOutput: fatal: Unable to create '/home/runner/work/mddb/mddb/data-e2e/.git/index.lock': File exists.\n\nAnother git process seems to be running in this repository, or the lock file may be stale\n"
INF http m=POST p=/api/v1/workspaces/441OJ6SQO000/nodes/441OJ8JP8000/page s=200 d=28.5ms s=26
INF http m=GET p=/assets/OrgSettingsPanel-B78NX7Vn.js s=200 d=68µs s=2302
ERR Failed to commit DB changes err="failed to stage db changes: exit status 128\nOutput: fatal: Unable to create '/home/runner/work/mddb/mddb/data-e2e/.git/index.lock': File exists.\n\nAnother git process seems to be running in this repository, or the lock file may be stale\n"
INF http m=POST p=/api/v1/workspaces/441OJ337U000/nodes/441OJ56IQ000/page/create s=200 d=37.8ms s=35
INF http m=GET p=/w/@441OJ6SQO000+workspace/@441OJ86F0000+welcome s=200 d=33µs s=542
INF http m=GET p=/assets/InviteForm-R7w4u6kW.js s=200 d=35µs s=1267
INF http m=GET p=/api/v1/workspaces/441OJ337U000/nodes/441OJ56IQ000/children s=200 d=950µs s=134
INF http m=GET p=/api/v1/workspaces/441OJ6SQO000/events s=200 d=198ms s=287
INF http m=GET p=/api/v1/workspaces/441OJ337U000/nodes/441OJ91T8000 s=200 d=846µs s=125
INF http m=GET p=/registerSW.js s=200 d=39µs s=87
INF http m=GET p=/assets/InviteForm-CW-wgFWD.css s=200 d=65µs s=414
INF http m=GET p=/api/v1/workspaces/441OJ337U000/nodes/441OJ56IQ000 s=200 d=866µs s=191
ERR Failed to commit DB changes err="failed to stage db changes: exit status 128\nOutput: fatal: Unable to create '/home/runner/work/mddb/mddb/data-e2e/.git/index.lock': File exists.\n\nAnother git process seems to be running in this repository, or the lock file may be stale\n"
INF http m=POST p=/api/v1/workspaces/441OJ337U000/nodes/441OJ56IQ000/page s=200 d=41.9ms s=35
INF http m=GET p=/api/v1/workspaces/441OJ337U000/nodes/441OJ56IQ000 s=200 d=2.53ms s=191
INF http m=GET p=/api/v1/auth/me s=200 d=743µs s=357
INF http m=GET p=/api/v1/workspaces/441OJ337U000/nodes/titles s=200 d=419µs s=52
INF http m=GET p=/api/v1/workspaces/441OJ337U000/nodes/441OJ91T8000 s=200 d=4.32ms s=163
INF http m=GET p=/assets/AdminDashboard-R0heLGro.css s=200 d=109µs s=601
INF http m=GET p=/api/v1/notifications/unread-count s=200 d=419µs s=25
INF http m=GET p=/api/v1/workspaces/441OJ337U000/nodes/441OJ56IQ000 s=200 d=328µs s=191
INF http m=GET p=/api/v1/workspaces/441OJ6SQO000/members s=200 d=216µs s=130
INF http m=GET p=/api/v1/workspaces/441OJ6SQO000/nodes/0/children s=200 d=363µs s=299
INF http m=GET p=/api/v1/workspaces/441OJ6SQO000/nodes/441OJ86F0000 s=200 d=7.53ms s=245
INF http m=GET p=/assets/AdminDashboard-D3Sw1IyX.js s=200 d=74µs s=2075
INF http m=GET p=/manifest.webmanifest s=200 d=35µs s=199
INF http m=GET p=/api/v1/workspaces/441OJ6SQO000/nodes/441OJ8JP8000 s=200 d=363µs s=188
INF http m=GET p=/api/v1/workspaces/441OJ6SQO000/nodes/titles s=200 d=299µs s=55
ERR Failed to commit DB changes err="failed to stage db changes: exit status 128\nOutput: fatal: Unable to create '/home/runner/work/mddb/mddb/data-e2e/.git/index.lock': File exists.\n\nAnother git process seems to be running in this repository, or the lock file may be stale\n"
INF http m=POST p=/api/v1/workspaces/441OJ6SQO000/nodes/441OJ8SMU000/delete s=200 d=13.3ms s=16
INF http m=GET p=/w/@441OJ6SQO000+invalid-links-workspace/@441OJ8JP8000+page-with-link s=200 d=69µs s=542
INF http m=GET p=/api/v1/workspaces/441OJ6SQO000/events s=200 d=223ms s=207
INF http m=GET p=/api/v1/auth/me s=200 d=279µs s=357
INF http m=GET p=/api/v1/workspaces/441OJ6SQO000/nodes/0/children s=200 d=491µs s=289
INF http m=GET p=/api/v1/workspaces/441OJ6SQO000/members s=200 d=383µs s=130
INF http m=GET p=/api/v1/notifications/unread-count s=200 d=1.29ms s=25
INF http m=GET p=/api/v1/workspaces/441OJ6SQO000/nodes/441OJ8JP8000 s=200 d=547µs s=188
INF http m=GET p=/api/v1/workspaces/441OJ6SQO000/nodes/titles s=200 d=325µs s=27
INF http m=GET p=/api/v1/workspaces/441OJ6SQO000/events s=200 d=98.9ms s=93
ERR Failed to commit DB changes err="failed to stage db changes: exit status 128\nOutput: fatal: Unable to create '/home/runner/work/mddb/mddb/data-e2e/.git/index.lock': File exists.\n\nAnother git process seems to be running in this repository, or the lock file may be stale\n"
INF http m=POST p=/api/v1/auth/register s=200 d=79.1ms s=390
INF http m=GET p=/ s=200 d=94µs s=542
INF http m=GET p=/assets/index-SHhnYNGf.js s=200 d=538µs s=49792
INF http m=GET p=/assets/index-DPQ8uk7g.css s=200 d=139µs s=12402
INF http m=GET p=/assets/editor-vendor-Bje_VwYD.js s=200 d=447µs s=117396
INF http m=GET p=/assets/vendor-C3WBU0hm.js s=200 d=264µs s=29762
INF http m=GET p=/registerSW.js s=200 d=94µs s=87
INF http m=GET p=/assets/en-BOb8f2G7.js s=200 d=99µs s=5207
INF http m=GET p=/api/v1/auth/me s=200 d=1.52ms s=167
INF http m=GET p=/api/v1/notifications/unread-count s=200 d=172µs s=25
INF http m=GET p=/favicon.png s=200 d=32µs s=449
ERR Failed to commit DB changes err="failed to stage db changes: exit status 128\nOutput: fatal: Unable to create '/home/runner/work/mddb/mddb/data-e2e/.git/index.lock': File exists.\n\nAnother git process seems to be running in this repository, or the lock file may be stale\n"
INF http m=POST p=/api/v1/organizations s=200 d=9.86ms s=351
INF http m=GET p=/sw.js s=200 d=84µs s=5540
INF http m=GET p=/registerSW.js s=200 d=46µs s=87
INF http m=GET p=/api/v1/auth/me s=200 d=258µs s=252
INF http m=GET p=/index.html s=200 d=61µs s=542
INF http m=GET p=/icon.svg s=200 d=30µs s=195
INF http m=GET p=/icon-512.png s=200 d=75µs s=6498
INF http m=GET p=/icon-192.png s=200 d=50µs s=2468
INF http m=GET p=/favicon.png s=200 d=40µs s=449
INF http m=GET p=/apple-touch-icon.png s=200 d=61µs s=2298
INF http m=GET p=/assets/material-symbols-names-mOXCVt15.js s=200 d=101µs s=15793
ERR Failed to add workspace submodule wsID=441OJFB26000 err="failed to add submodule 441OJFB26000: exit status 128\nOutput: Adding existing repo at '441OJFB26000' to the index\nfatal: Unable to create '/home/runner/work/mddb/mddb/data-e2e/.git/index.lock': File exists.\n\nAnother git process seems to be running in this repository, or the lock file may be stale\nfatal: Failed to add submodule '441OJFB26000'\n"
ERR Failed to commit DB changes err="failed to stage db changes: exit status 128\nOutput: fatal: Unable to create '/home/runner/work/mddb/mddb/data-e2e/.git/index.lock': File exists.\n\nAnother git process seems to be running in this repository, or the lock file may be stale\n"
INF http m=POST p=/api/v1/organizations/441OJEUN0000/workspaces s=200 d=129ms s=300
ERR Failed to commit DB changes err="failed to stage db changes: exit status 128\nOutput: fatal: Unable to create '/home/runner/work/mddb/mddb/data-e2e/.git/index.lock': File exists.\n\nAnother git process seems to be running in this repository, or the lock file may be stale\n"
INF http m=POST p=/api/v1/auth/switch-workspace s=200 d=4.69ms s=610
INF http m=GET p=/assets/fr-CgauyyXq.js s=200 d=711µs s=6301
INF http m=GET p=/assets/es-DHO8DnB9.js s=200 d=677µs s=6015
INF http m=GET p=/api/v1/notifications/unread-count s=200 d=674µs s=25
INF http m=GET p=/api/v1/workspaces/441OJFB26000/nodes/0/children s=200 d=269µs s=26
INF http m=GET p=/api/v1/workspaces/441OJFB26000/members s=200 d=489µs s=126
INF http m=GET p=/assets/emoji-groups-tsNE8Axz.js s=200 d=106µs s=13852
ERR Failed to commit DB changes err="failed to stage db changes: exit status 128\nOutput: fatal: Unable to create '/home/runner/work/mddb/mddb/data-e2e/.git/index.lock': File exists.\n\nAnother git process seems to be running in this repository, or the lock file may be stale\n"
INF http m=POST p=/api/v1/workspaces/441OJFB26000/nodes/0/page/create s=200 d=22.4ms s=35
INF http m=GET p=/api/v1/workspaces/441OJFB26000/nodes/0/children s=200 d=316µs s=257
INF http m=GET p=/api/v1/workspaces/441OJFB26000/nodes/441OJGCMA000 s=200 d=315µs s=245
INF http m=GET p=/assets/Editor-5FlZhQpN.js s=200 d=124µs s=13509
INF http m=GET p=/assets/Editor-BYBWY7b1.css s=200 d=28µs s=2240
INF http m=GET p=/assets/de-qJeflSp6.js s=200 d=84µs s=6245
ERR Failed to commit DB changes err="failed to stage db changes: exit status 128\nOutput: fatal: Unable to create '/home/runner/work/mddb/mddb/data-e2e/.git/index.lock': File exists.\n\nAnother git process seems to be running in this repository, or the lock file may be stale\n"
INF http m=POST p=/api/v1/workspaces/441OJFB26000/nodes/0/page/create s=200 d=18.2ms s=26
INF http m=GET p=/assets/WorkspaceSettingsPanel-CsUOm22X.css s=200 d=32µs s=1025
INF http m=GET p=/assets/WorkspaceSettingsPanel-CM5oaFTF.js s=200 d=67µs s=4443
INF http m=GET p=/assets/ServerSettingsPanel-pbgISWIv.css s=200 d=39µs s=596
INF http m=GET p=/assets/ServerSettingsPanel-C8C6nm9a.js s=200 d=35µs s=2550
ERR Failed to commit DB changes err="failed to stage db changes: exit status 128\nOutput: fatal: Unable to create '/home/runner/work/mddb/mddb/data-e2e/.git/index.lock': File exists.\n\nAnother git process seems to be running in this repository, or the lock file may be stale\n"
INF http m=POST p=/api/v1/workspaces/441OJFB26000/nodes/0/page/create s=200 d=20.2ms s=26
INF http m=GET p=/assets/ResourceQuotaForm-DTSj8Ta5.css s=200 d=30µs s=302
INF http m=GET p=/assets/ResourceQuotaForm-D6gJNn3N.js s=200 d=28µs s=812
INF http m=GET p=/assets/ProfileSettings-rthGIjGN.js s=200 d=82µs s=4319
INF http m=GET p=/assets/ProfileSettings-D5kbNfHV.css s=200 d=36µs s=1220
INF http m=GET p=/assets/OrgSettingsPanel-BP8s6T0h.css s=200 d=29µs s=511
ERR Failed to commit DB changes err="failed to stage db changes: exit status 128\nOutput: fatal: Unable to create '/home/runner/work/mddb/mddb/data-e2e/.git/index.lock': File exists.\n\nAnother git process seems to be running in this repository, or the lock file may be stale\n"
INF http m=POST p=/api/v1/workspaces/441OJFB26000/nodes/441OJGO46000/page s=200 d=16.6ms s=26
INF http m=GET p=/assets/OrgSettingsPanel-B78NX7Vn.js s=200 d=46µs s=2302
INF http m=GET p=/w/@441OJFB26000+workspace/@441OJGCMA000+welcome s=200 d=36µs s=542
INF http m=GET p=/assets/InviteForm-R7w4u6kW.js s=200 d=36µs s=1267
INF http m=GET p=/api/v1/workspaces/441OJFB26000/events s=200 d=135ms s=286
INF http m=GET p=/registerSW.js s=200 d=42µs s=87
INF http m=GET p=/assets/InviteForm-CW-wgFWD.css s=200 d=36µs s=414
INF http m=GET p=/api/v1/auth/me s=200 d=302µs s=353
INF http m=GET p=/assets/AdminDashboard-R0heLGro.css s=200 d=38µs s=601
INF http m=GET p=/assets/AdminDashboard-D3Sw1IyX.js s=200 d=58µs s=2075
INF http m=GET p=/manifest.webmanifest s=200 d=80µs s=199
INF http m=GET p=/api/v1/notifications/unread-count s=200 d=239µs s=25
INF http m=GET p=/api/v1/workspaces/441OJFB26000/members s=200 d=151µs s=126
INF http m=GET p=/api/v1/workspaces/441OJFB26000/nodes/441OJGCMA000 s=200 d=238µs s=245
INF http m=GET p=/api/v1/workspaces/441OJFB26000/nodes/0/children s=200 d=789µs s=315
INF http m=GET p=/api/v1/workspaces/441OJFB26000/nodes/441OJGO46000 s=200 d=306µs s=227
INF http m=GET p=/api/v1/workspaces/441OJFB26000/nodes/titles s=200 d=274µs s=55
INF http m=GET p=/api/v1/workspaces/441OJFB26000/nodes/441OJGS94000 s=200 d=380µs s=143
INF http m=GET p=/api/v1/workspaces/441OJFB26000/events s=200 d=165ms s=93
INF http m=GET p=/login s=200 d=148µs s=542
INF http m=GET p=/assets/index-DPQ8uk7g.css s=200 d=150µs s=12402
INF http m=GET p=/assets/index-SHhnYNGf.js s=200 d=104µs s=49792
INF http m=GET p=/assets/editor-vendor-Bje_VwYD.js s=200 d=405µs s=117396
INF http m=GET p=/registerSW.js s=200 d=63µs s=87
INF http m=GET p=/assets/vendor-C3WBU0hm.js s=200 d=118µs s=29762
INF http m=GET p=/api/v1/auth/providers s=200 d=249µs s=59
INF http m=GET p=/assets/en-BOb8f2G7.js s=200 d=75µs s=5207
INF http m=GET p=/favicon.png s=200 d=40µs s=449
INF http m=GET p=/sw.js s=200 d=58µs s=5540
INF http m=GET p=/registerSW.js s=200 d=75µs s=87
INF http m=GET p=/index.html s=200 d=48µs s=542
INF http m=GET p=/icon.svg s=200 d=32µs s=195
INF http m=GET p=/icon-512.png s=200 d=96µs s=6498
INF http m=GET p=/icon-192.png s=200 d=66µs s=2468
INF http m=GET p=/favicon.png s=200 d=43µs s=449
INF http m=GET p=/apple-touch-icon.png s=200 d=57µs s=2298
INF http m=GET p=/assets/material-symbols-names-mOXCVt15.js s=200 d=370µs s=15793
INF http m=GET p=/assets/fr-CgauyyXq.js s=200 d=91µs s=6301
INF http m=GET p=/assets/es-DHO8DnB9.js s=200 d=158µs s=6015
INF http m=GET p=/assets/emoji-groups-tsNE8Axz.js s=200 d=106µs s=13852
INF http m=GET p=/assets/de-qJeflSp6.js s=200 d=106µs s=6245
INF http m=GET p=/assets/WorkspaceSettingsPanel-CsUOm22X.css s=200 d=42µs s=1025
INF http m=GET p=/assets/WorkspaceSettingsPanel-CM5oaFTF.js s=200 d=77µs s=4443
INF http m=GET p=/assets/ServerSettingsPanel-pbgISWIv.css s=200 d=27µs s=596
INF http m=GET p=/assets/ServerSettingsPanel-C8C6nm9a.js s=200 d=31µs s=2550
INF http m=GET p=/assets/ResourceQuotaForm-DTSj8Ta5.css s=200 d=25µs s=302
INF http m=GET p=/assets/ResourceQuotaForm-D6gJNn3N.js s=200 d=26µs s=812
INF http m=GET p=/assets/ProfileSettings-rthGIjGN.js s=200 d=191µs s=4319
ERR Failed to commit DB changes err="failed to stage db changes: exit status 128\nOutput: fatal: Unable to create '/home/runner/work/mddb/mddb/data-e2e/.git/index.lock': File exists.\n\nAnother git process seems to be running in this repository, or the lock file may be stale\n"
INF http m=POST p=/api/v1/auth/register s=200 d=98.8ms s=377
INF http m=GET p=/api/v1/auth/me s=200 d=197µs s=212
INF http m=GET p=/assets/ProfileSettings-D5kbNfHV.css s=200 d=31µs s=1220
INF http m=GET p=/assets/OrgSettingsPanel-BP8s6T0h.css s=200 d=25µs s=511
INF http m=GET p=/api/v1/notifications/unread-count s=200 d=207µs s=25
INF http m=GET p=/assets/OrgSettingsPanel-B78NX7Vn.js s=200 d=34µs s=2302
ERR Failed to commit DB changes err="failed to stage db changes: exit status 128\nOutput: fatal: Unable to create '/home/runner/work/mddb/mddb/data-e2e/.git/index.lock': File exists.\n\nAnother git process seems to be running in this repository, or the lock file may be stale\n"
INF http m=POST p=/api/v1/organizations s=200 d=3.94ms s=354
INF http m=GET p=/api/v1/auth/me s=200 d=390µs s=252
INF http m=GET p=/assets/InviteForm-R7w4u6kW.js s=200 d=35µs s=1267
INF http m=GET p=/assets/InviteForm-CW-wgFWD.css s=200 d=39µs s=414
INF http m=GET p=/assets/Editor-BYBWY7b1.css s=200 d=29µs s=2240
INF http m=GET p=/assets/Editor-5FlZhQpN.js s=200 d=76µs s=13509
INF http m=GET p=/assets/AdminDashboard-R0heLGro.css s=200 d=50µs s=601
INF http m=GET p=/assets/AdminDashboard-D3Sw1IyX.js s=200 d=37µs s=2075
INF http m=GET p=/manifest.webmanifest s=200 d=28µs s=199
ERR Failed to add workspace submodule wsID=441OJMLSE000 err="failed to add submodule 441OJMLSE000: exit status 128\nOutput: Adding existing repo at '441OJMLSE000' to the index\nfatal: Unable to create '/home/runner/work/mddb/mddb/data-e2e/.git/index.lock': File exists.\n\nAnother git process seems to be running in this repository, or the lock file may be stale\nfatal: Failed to add submodule '441OJMLSE000'\n"
ERR Failed to commit DB changes err="failed to stage db changes: exit status 128\nOutput: fatal: Unable to create '/home/runner/work/mddb/mddb/data-e2e/.git/index.lock': File exists.\n\nAnother git process seems to be running in this repository, or the lock file may be stale\n"
INF http m=POST p=/api/v1/organizations/441OJMINO000/workspaces s=200 d=60.6ms s=293
ERR Failed to commit DB changes err="failed to stage db changes: exit status 128\nOutput: fatal: Unable to create '/home/runner/work/mddb/mddb/data-e2e/.git/index.lock': File exists.\n\nAnother git process seems to be running in this repository, or the lock file may be stale\n"
INF http m=POST p=/api/v1/workspaces/441OJ337U000/nodes/441OJ91T8000/page s=200 d=30.2ms s=35
ERR Failed to commit DB changes err="failed to stage db changes: exit status 128\nOutput: fatal: Unable to create '/home/runner/work/mddb/mddb/data-e2e/.git/index.lock': File exists.\n\nAnother git process seems to be running in this repository, or the lock file may be stale\n"
INF http m=POST p=/api/v1/auth/switch-workspace s=200 d=4.3ms s=553
INF http m=GET p=/api/v1/notifications/unread-count s=200 d=210µs s=25
INF http m=GET p=/api/v1/workspaces/441OJMLSE000/nodes/0/children s=200 d=275µs s=26
INF http m=GET p=/api/v1/workspaces/441OJMLSE000/members s=200 d=508µs s=117
INF http m=GET p=/api/v1/workspaces/441OJMLSE000/events s=200 d=18.9ms s=93
INF http m=GET p=/api/v1/workspaces/441OJMLSE000/nodes/0/children s=200 d=336µs s=257
ERR Failed to commit DB changes err="failed to stage db changes: exit status 128\nOutput: fatal: Unable to create '/home/runner/work/mddb/mddb/data-e2e/.git/index.lock': File exists.\n\nAnother git process seems to be running in this repository, or the lock file may be stale\n"
INF http m=POST p=/api/v1/workspaces/441OJMLSE000/nodes/0/page/create s=200 d=22.2ms s=35
ERR Failed to commit DB changes err="failed to stage db changes: exit status 128\nOutput: fatal: Unable to create '/home/runner/work/mddb/mddb/data-e2e/.git/index.lock': File exists.\n\nAnother git process seems to be running in this repository, or the lock file may be stale\n"
INF http m=POST p=/api/v1/auth/register s=200 d=86.2ms s=401
INF http m=GET p=/ s=200 d=60µs s=542
INF http m=GET p=/assets/index-DPQ8uk7g.css s=200 d=104µs s=12402
INF http m=GET p=/assets/editor-vendor-Bje_VwYD.js s=200 d=149µs s=117396
INF http m=GET p=/assets/index-SHhnYNGf.js s=200 d=562µs s=49792
INF http m=GET p=/registerSW.js s=200 d=65µs s=87
INF http m=GET p=/assets/vendor-C3WBU0hm.js s=200 d=115µs s=29762
INF http m=GET p=/api/v1/workspaces/441OJ337U000/nodes/441OJ56IQ000 s=200 d=312µs s=191
INF http m=GET p=/api/v1/workspaces/441OJ337U000/nodes/titles s=200 d=357µs s=54
INF http m=GET p=/api/v1/workspaces/441OJ337U000/events s=200 d=3.01s s=258
INF http m=GET p=/assets/en-BOb8f2G7.js s=200 d=100µs s=5207
INF http m=GET p=/api/v1/auth/me s=200 d=644µs s=169
INF http m=GET p=/api/v1/notifications/unread-count s=200 d=231µs s=25
ERR Failed to commit DB changes err="failed to stage db changes: exit status 128\nOutput: fatal: Unable to create '/home/runner/work/mddb/mddb/data-e2e/.git/index.lock': File exists.\n\nAnother git process seems to be running in this repository, or the lock file may be stale\n"
INF http m=POST p=/api/v1/organizations s=200 d=9.91ms s=353
INF http m=GET p=/favicon.png s=200 d=36µs s=449
INF http m=GET p=/sw.js s=200 d=194µs s=5540
INF http m=GET p=/api/v1/auth/me s=200 d=1.03ms s=254
INF http m=GET p=/registerSW.js s=200 d=39µs s=87
INF http m=GET p=/index.html s=200 d=50µs s=542
INF http m=GET p=/icon.svg s=200 d=40µs s=195
INF http m=GET p=/icon-512.png s=200 d=77µs s=6498
INF http m=GET p=/icon-192.png s=200 d=70µs s=2468
INF http m=GET p=/favicon.png s=200 d=43µs s=449
INF http m=GET p=/apple-touch-icon.png s=200 d=55µs s=2298
ERR Failed to add workspace submodule wsID=441OJQ76E000 err="failed to add submodule 441OJQ76E000: exit status 128\nOutput: Adding existing repo at '441OJQ76E000' to the index\nfatal: Unable to create '/home/runner/work/mddb/mddb/data-e2e/.git/index.lock': File exists.\n\nAnother git process seems to be running in this repository, or the lock file may be stale\nfatal: Failed to add submodule '441OJQ76E000'\n"
INF http m=GET p=/assets/material-symbols-names-mOXCVt15.js s=200 d=126µs s=15793
ERR Failed to commit DB changes err="failed to stage db changes: exit status 128\nOutput: fatal: Unable to create '/home/runner/work/mddb/mddb/data-e2e/.git/index.lock': File exists.\n\nAnother git process seems to be running in this repository, or the lock file may be stale\n"
INF http m=POST p=/api/v1/organizations/441OJPR7I000/workspaces s=200 d=179ms s=303
ERR Failed to commit DB changes err="failed to stage db changes: exit status 128\nOutput: fatal: Unable to create '/home/runner/work/mddb/mddb/data-e2e/.git/index.lock': File exists.\n\nAnother git process seems to be running in this repository, or the lock file may be stale\n"
INF http m=POST p=/api/v1/auth/switch-workspace s=200 d=8.9ms s=572
INF http m=GET p=/assets/fr-CgauyyXq.js s=200 d=142µs s=6301
INF http m=GET p=/api/v1/notifications/unread-count s=200 d=200µs s=25
INF http m=GET p=/api/v1/workspaces/441OJQ76E000/nodes/0/children s=200 d=18.7ms s=26
INF http m=GET p=/assets/es-DHO8DnB9.js s=200 d=107µs s=6015
INF http m=GET p=/api/v1/workspaces/441OJQ76E000/members s=200 d=58ms s=122
INF http m=GET p=/assets/emoji-groups-tsNE8Axz.js s=200 d=113µs s=13852
INF http m=GET p=/api/v1/auth/me s=200 d=233µs s=374
ERR Failed to commit DB changes err="failed to stage db changes: exit status 128\nOutput: fatal: Unable to create '/home/runner/work/mddb/mddb/data-e2e/.git/index.lock': File exists.\n\nAnother git process seems to be running in this repository, or the lock file may be stale\n"
INF http m=POST p=/api/v1/workspaces/441OJQ76E000/nodes/0/page/create s=200 d=59.5ms s=35
INF http m=GET p=/api/v1/workspaces/441OJQ76E000/nodes/0/children s=200 d=739µs s=257
ERR Failed to commit DB changes err="failed to stage db changes: exit status 128\nOutput: fatal: Unable to create '/home/runner/work/mddb/mddb/data-e2e/.git/index.lock': File exists.\n\nAnother git process seems to be running in this repository, or the lock file may be stale\n"
INF http m=POST p=/api/v1/auth/register s=200 d=176ms s=401
INF http m=GET p=/api/v1/workspaces/441OJQ76E000/nodes/441OJRRR8000 s=200 d=3.75ms s=245
INF http m=GET p=/ s=200 d=70µs s=542
INF http m=GET p=/assets/Editor-5FlZhQpN.js s=200 d=185µs s=13509
INF http m=GET p=/assets/Editor-BYBWY7b1.css s=200 d=58µs s=2240
ERR Failed to commit DB changes err="failed to stage db changes: exit status 128\nOutput: fatal: Unable to create '/home/runner/work/mddb/mddb/data-e2e/.git/index.lock': File exists.\n\nAnother git process seems to be running in this repository, or the lock file may be stale\n"
INF http m=POST p=/api/v1/auth/register s=200 d=121ms s=401
INF http m=GET p=/api/v1/auth/me s=200 d=347µs s=181
INF http m=GET p=/assets/index-DPQ8uk7g.css s=200 d=151µs s=12402
INF http m=GET p=/assets/index-SHhnYNGf.js s=200 d=117µs s=49792
INF http m=GET p=/assets/editor-vendor-Bje_VwYD.js s=200 d=320µs s=117396
INF http m=GET p=/assets/vendor-C3WBU0hm.js s=200 d=202µs s=29762
INF http m=GET p=/registerSW.js s=200 d=52µs s=87
INF http m=GET p=/assets/de-qJeflSp6.js s=200 d=108µs s=6245
ERR Failed to commit DB changes err="failed to stage db changes: exit status 128\nOutput: fatal: Unable to create '/home/runner/work/mddb/mddb/data-e2e/.git/index.lock': File exists.\n\nAnother git process seems to be running in this repository, or the lock file may be stale\n"
INF http m=POST p=/api/v1/organizations/441OJPR7I000/users/role s=200 d=14.5ms s=256
INF http m=GET p=/assets/WorkspaceSettingsPanel-CsUOm22X.css s=200 d=39µs s=1025
INF http m=GET p=/assets/WorkspaceSettingsPanel-CM5oaFTF.js s=200 d=81µs s=4443
ERR Failed to commit DB changes err="failed to stage db changes: exit status 128\nOutput: fatal: Unable to create '/home/runner/work/mddb/mddb/data-e2e/.git/index.lock': File exists.\n\nAnother git process seems to be running in this repository, or the lock file may be stale\n"
INF http m=POST p=/api/v1/workspaces/441OJQ76E000/users/role s=200 d=8.25ms s=329
INF http m=GET p=/api/v1/organizations/441OJPR7I000/users s=200 d=565µs s=446
INF http m=GET p=/assets/ServerSettingsPanel-pbgISWIv.css s=200 d=63µs s=596
INF http m=GET p=/settings/org/441OJPR7I000 s=200 d=51µs s=542
INF http m=GET p=/api/v1/workspaces/441OJQ76E000/events s=200 d=287ms s=202
INF http m=GET p=/assets/ServerSettingsPanel-C8C6nm9a.js s=200 d=69µs s=2550
INF http m=GET p=/registerSW.js s=200 d=49µs s=87
INF http m=GET p=/assets/ResourceQuotaForm-DTSj8Ta5.css s=200 d=18µs s=302
INF http m=GET p=/assets/ResourceQuotaForm-D6gJNn3N.js s=200 d=41µs s=812
INF http m=GET p=/assets/ProfileSettings-rthGIjGN.js s=200 d=86µs s=4319
INF http m=GET p=/api/v1/auth/me s=200 d=749µs s=356
INF http m=GET p=/assets/ProfileSettings-D5kbNfHV.css s=200 d=53µs s=1220
INF http m=GET p=/api/v1/auth/me s=200 d=1.44ms s=167
INF http m=GET p=/assets/OrgSettingsPanel-B78NX7Vn.js s=200 d=86µs s=2302
INF http m=GET p=/assets/InviteForm-R7w4u6kW.js s=200 d=37µs s=1267
INF http m=GET p=/assets/InviteForm-CW-wgFWD.css s=200 d=44µs s=414
INF http m=GET p=/assets/OrgSettingsPanel-BP8s6T0h.css s=200 d=33µs s=511
INF http m=GET p=/assets/en-BOb8f2G7.js s=200 d=113µs s=5207
INF http m=GET p=/api/v1/notifications/unread-count s=200 d=424µs s=25
INF http m=GET p=/api/v1/notifications/unread-count s=200 d=302µs s=25
INF http m=GET p=/sw.js s=200 d=125µs s=5540
INF http m=GET p=/favicon.png s=200 d=47µs s=449
ERR Failed to commit DB changes err="failed to stage db changes: exit status 128\nOutput: fatal: Unable to create '/home/runner/work/mddb/mddb/data-e2e/.git/index.lock': File exists.\n\nAnother git process seems to be running in this repository, or the lock file may be stale\n"
INF http m=POST p=/api/v1/organizations s=200 d=9.78ms s=351
INF http m=GET p=/api/v1/organizations/441OJPR7I000/users s=200 d=3.09ms s=405
INF http m=GET p=/api/v1/organizations/441OJPR7I000/invitations s=200 d=299µs s=34
INF http m=GET p=/assets/AdminDashboard-R0heLGro.css s=200 d=52µs s=601
INF http m=GET p=/api/v1/auth/me s=200 d=6.74ms s=252
INF http m=GET p=/assets/AdminDashboard-D3Sw1IyX.js s=200 d=77µs s=2075
INF http m=GET p=/manifest.webmanifest s=200 d=49µs s=199
INF http m=GET p=/registerSW.js s=200 d=37µs s=87
INF http m=GET p=/index.html s=200 d=32µs s=542
INF http m=GET p=/icon.svg s=200 d=35µs s=195
INF http m=GET p=/icon-512.png s=200 d=107µs s=6498
INF http m=GET p=/icon-192.png s=200 d=66µs s=2468
INF http m=GET p=/favicon.png s=200 d=41µs s=449
INF http m=GET p=/apple-touch-icon.png s=200 d=51µs s=2298
INF http m=GET p=/assets/material-symbols-names-mOXCVt15.js s=200 d=103µs s=15793
ERR Failed to add workspace submodule wsID=441OJUMFQ000 err="failed to add submodule 441OJUMFQ000: exit status 128\nOutput: Adding existing repo at '441OJUMFQ000' to the index\nfatal: Unable to create '/home/runner/work/mddb/mddb/data-e2e/.git/index.lock': File exists.\n\nAnother git process seems to be running in this repository, or the lock file may be stale\nfatal: Failed to add submodule '441OJUMFQ000'\n"
ERR Failed to commit DB changes err="failed to stage db changes: exit status 128\nOutput: fatal: Unable to create '/home/runner/work/mddb/mddb/data-e2e/.git/index.lock': File exists.\n\nAnother git process seems to be running in this repository, or the lock file may be stale\n"
INF http m=POST p=/api/v1/organizations/441OJU892000/workspaces s=200 d=135ms s=299
ERR Failed to commit DB changes err="failed to stage db changes: exit status 128\nOutput: fatal: Unable to create '/home/runner/work/mddb/mddb/data-e2e/.git/index.lock': File exists.\n\nAnother git process seems to be running in this repository, or the lock file may be stale\n"
INF http m=POST p=/api/v1/organizations/441OJPR7I000/users/remove s=200 d=64.3ms s=25
INF http m=GET p=/api/v1/organizations/441OJPR7I000/invitations s=200 d=3.72ms s=34
INF http m=GET p=/api/v1/organizations/441OJPR7I000/users s=200 d=7.82ms s=331
INF http m=GET p=/assets/fr-CgauyyXq.js s=200 d=455µs s=6301
ERR Failed to commit DB changes err="failed to stage db changes: exit status 128\nOutput: fatal: Unable to create '/home/runner/work/mddb/mddb/data-e2e/.git/index.lock': File exists.\n\nAnother git process seems to be running in this repository, or the lock file may be stale\n"
INF http m=POST p=/api/v1/auth/switch-workspace s=200 d=28.3ms s=577
INF http m=GET p=/assets/es-DHO8DnB9.js s=200 d=81µs s=6015
INF http m=GET p=/api/v1/notifications/unread-count s=200 d=474µs s=25
INF http m=GET p=/api/v1/workspaces/441OJUMFQ000/nodes/0/children s=200 d=7.89ms s=26
INF http m=GET p=/assets/emoji-groups-tsNE8Axz.js s=200 d=6.68ms s=13852
INF http m=GET p=/api/v1/workspaces/441OJUMFQ000/members s=200 d=20.4ms s=128
INF http m=GET p=/api/v1/organizations/441OJPR7I000/users s=200 d=553µs s=361
INF http m=GET p=/api/v1/auth/me s=200 d=209µs s=375
INF http m=GET p=/api/v1/auth/me s=200 d=78µs s=181
ERR Failed to commit DB changes err="failed to stage db changes: exit status 128\nOutput: fatal: Unable to create '/home/runner/work/mddb/mddb/data-e2e/.git/index.lock': File exists.\n\nAnother git process seems to be running in this repository, or the lock file may be stale\n"
ERR Handler error err="cannot remove yourself" statusCode=403 code=FORBIDDEN
INF http m=POST p=/api/v1/organizations/441OJU892000/users/remove s=403 d=3.58ms s=70
INF http m=GET p=/api/v1/workspaces/441OJUMFQ000/events s=200 d=67.9ms s=202
ERR Failed to commit DB changes err="failed to stage db changes: exit status 128\nOutput: fatal: Unable to create '/home/runner/work/mddb/mddb/data-e2e/.git/index.lock': File exists.\n\nAnother git process seems to be running in this repository, or the lock file may be stale\n"
INF http m=POST p=/api/v1/workspaces/441OJUMFQ000/nodes/0/page/create s=200 d=43.6ms s=35
ERR Failed to commit DB changes err="failed to stage db changes: exit status 128\nOutput: fatal: Unable to create '/home/runner/work/mddb/mddb/data-e2e/.git/index.lock': File exists.\n\nAnother git process seems to be running in this repository, or the lock file may be stale\n"
INF http m=POST p=/api/v1/auth/register s=200 d=135ms s=391
ERR Failed to commit DB changes err="failed to stage db changes: exit status 128\nOutput: fatal: Unable to create '/home/runner/work/mddb/mddb/data-e2e/.git/index.lock': File exists.\n\nAnother git process seems to be running in this repository, or the lock file may be stale\n"
INF http m=POST p=/api/v1/auth/register s=200 d=112ms s=420
INF http m=GET p=/ s=200 d=70µs s=542
INF http m=GET p=/ s=200 d=40µs s=542
INF http m=GET p=/assets/vendor-C3WBU0hm.js s=200 d=174µs s=29762
INF http m=GET p=/registerSW.js s=200 d=36µs s=87
INF http m=GET p=/assets/editor-vendor-Bje_VwYD.js s=200 d=208µs s=117396
INF http m=GET p=/assets/index-DPQ8uk7g.css s=200 d=112µs s=12402
INF http m=GET p=/assets/index-SHhnYNGf.js s=200 d=162µs s=49792
INF http m=GET p=/assets/index-SHhnYNGf.js s=200 d=222µs s=49792
INF http m=GET p=/assets/index-DPQ8uk7g.css s=200 d=152µs s=12402
INF http m=GET p=/registerSW.js s=200 d=80µs s=87
INF http m=GET p=/assets/vendor-C3WBU0hm.js s=200 d=174µs s=29762
INF http m=GET p=/assets/editor-vendor-Bje_VwYD.js s=200 d=180µs s=117396
INF http m=GET p=/api/v1/auth/me s=200 d=703µs s=166
INF http m=GET p=/assets/en-BOb8f2G7.js s=200 d=71µs s=5207
INF http m=GET p=/api/v1/notifications/unread-count s=200 d=328µs s=25
INF http m=GET p=/assets/en-BOb8f2G7.js s=200 d=94µs s=5207
INF http m=GET p=/api/v1/auth/me s=200 d=773µs s=172
INF http m=GET p=/favicon.png s=200 d=44µs s=449
ERR Failed to commit DB changes err="failed to stage db changes: exit status 128\nOutput: fatal: Unable to create '/home/runner/work/mddb/mddb/data-e2e/.git/index.lock': File exists.\n\nAnother git process seems to be running in this repository, or the lock file may be stale\n"
INF http m=GET p=/sw.js s=200 d=78µs s=5540
INF http m=POST p=/api/v1/organizations s=200 d=43.8ms s=350
INF http m=GET p=/favicon.png s=200 d=64µs s=449
INF http m=GET p=/api/v1/notifications/unread-count s=200 d=177µs s=25
INF http m=GET p=/api/v1/auth/me s=200 d=771µs s=249
INF http m=GET p=/sw.js s=200 d=96µs s=5540
ERR Failed to commit DB changes err="failed to stage db changes: exit status 128\nOutput: fatal: Unable to create '/home/runner/work/mddb/mddb/data-e2e/.git/index.lock': File exists.\n\nAnother git process seems to be running in this repository, or the lock file may be stale\n"
INF http m=POST p=/api/v1/organizations s=200 d=28.7ms s=355
INF http m=GET p=/registerSW.js s=200 d=61µs s=87
INF http m=GET p=/registerSW.js s=200 d=42µs s=87
INF http m=GET p=/index.html s=200 d=34µs s=542
INF http m=GET p=/api/v1/auth/me s=200 d=275µs s=255
INF http m=GET p=/icon.svg s=200 d=39µs s=195
INF http m=GET p=/icon-512.png s=200 d=136µs s=6498
INF http m=GET p=/index.html s=200 d=38µs s=542
INF http m=GET p=/icon-192.png s=200 d=53µs s=2468
INF http m=GET p=/icon.svg s=200 d=29µs s=195
INF http m=GET p=/favicon.png s=200 d=32µs s=449
INF http m=GET p=/apple-touch-icon.png s=200 d=54µs s=2298
INF http m=GET p=/icon-512.png s=200 d=87µs s=6498
INF http m=GET p=/icon-192.png s=200 d=63µs s=2468
INF http m=GET p=/favicon.png s=200 d=84µs s=449
INF http m=GET p=/apple-touch-icon.png s=200 d=2.09ms s=2298
INF http m=GET p=/assets/material-symbols-names-mOXCVt15.js s=200 d=343µs s=15793
INF http m=GET p=/assets/material-symbols-names-mOXCVt15.js s=200 d=95µs s=15793
ERR Failed to add workspace submodule wsID=441OK4OP4000 err="failed to add submodule 441OK4OP4000: exit status 128\nOutput: Adding existing repo at '441OK4OP4000' to the index\nfatal: Unable to create '/home/runner/work/mddb/mddb/data-e2e/.git/index.lock': File exists.\n\nAnother git process seems to be running in this repository, or the lock file may be stale\nfatal: Failed to add submodule '441OK4OP4000'\n"
ERR Failed to commit DB changes err="failed to stage db changes: exit status 128\nOutput: fatal: Unable to create '/home/runner/work/mddb/mddb/data-e2e/.git/index.lock': File exists.\n\nAnother git process seems to be running in this repository, or the lock file may be stale\n"
INF http m=POST p=/api/v1/organizations/441OK42IC000/workspaces s=200 d=207ms s=298
INF http m=GET p=/assets/fr-CgauyyXq.js s=200 d=109µs s=6301
INF http m=GET p=/assets/fr-CgauyyXq.js s=200 d=84µs s=6301
INF http m=GET p=/assets/es-DHO8DnB9.js s=200 d=114µs s=6015
INF http m=GET p=/assets/es-DHO8DnB9.js s=200 d=106µs s=6015
INF http m=GET p=/assets/emoji-groups-tsNE8Axz.js s=200 d=107µs s=13852
INF http m=GET p=/assets/emoji-groups-tsNE8Axz.js s=200 d=116µs s=13852
ERR Failed to add workspace submodule wsID=441OK58CK000 err="failed to add submodule 441OK58CK000: exit status 128\nOutput: Adding existing repo at '441OK58CK000' to the index\nfatal: Unable to create '/home/runner/work/mddb/mddb/data-e2e/.git/index.lock': File exists.\n\nAnother git process seems to be running in this repository, or the lock file may be stale\nfatal: Failed to add submodule '441OK58CK000'\n"
ERR Failed to commit DB changes err="failed to stage db changes: exit status 128\nOutput: fatal: Unable to create '/home/runner/work/mddb/mddb/data-e2e/.git/index.lock': File exists.\n\nAnother git process seems to be running in this repository, or the lock file may be stale\n"
INF http m=POST p=/api/v1/organizations/441OK4IT8000/workspaces s=200 d=227ms s=300
ERR Failed to commit DB changes err="failed to stage db changes: exit status 128\nOutput: fatal: Unable to create '/home/runner/work/mddb/mddb/data-e2e/.git/index.lock': File exists.\n\nAnother git process seems to be running in this repository, or the lock file may be stale\n"
INF http m=POST p=/api/v1/auth/switch-workspace s=200 d=100ms s=620
ERR Failed to commit DB changes err="failed to stage db changes: exit status 128\nOutput: fatal: Unable to create '/home/runner/work/mddb/mddb/data-e2e/.git/index.lock': File exists.\n\nAnother git process seems to be running in this repository, or the lock file may be stale\n"
INF http m=POST p=/api/v1/auth/switch-workspace s=200 d=9.63ms s=573
INF http m=GET p=/assets/de-qJeflSp6.js s=200 d=721µs s=6245
INF http m=GET p=/api/v1/notifications/unread-count s=200 d=1.01ms s=25
INF http m=GET p=/api/v1/workspaces/441OK4OP4000/members s=200 d=403µs s=126
INF http m=GET p=/api/v1/workspaces/441OK4OP4000/nodes/0/children s=200 d=4.98ms s=26
INF http m=GET p=/api/v1/workspaces/441OK58CK000/nodes/0/children s=200 d=329µs s=26
INF http m=GET p=/api/v1/notifications/unread-count s=200 d=6.52ms s=25
INF http m=GET p=/assets/WorkspaceSettingsPanel-CsUOm22X.css s=200 d=39µs s=1025
INF http m=GET p=/api/v1/workspaces/441OK58CK000/members s=200 d=512µs s=121
INF http m=GET p=/assets/WorkspaceSettingsPanel-CM5oaFTF.js s=200 d=845µs s=4443
INF http m=GET p=/assets/ServerSettingsPanel-pbgISWIv.css s=200 d=41µs s=596
ERR Failed to commit DB changes err="failed to stage db changes: exit status 128\nOutput: fatal: Unable to create '/home/runner/work/mddb/mddb/data-e2e/.git/index.lock': File exists.\n\nAnother git process seems to be running in this repository, or the lock file may be stale\n"
INF http m=POST p=/api/v1/workspaces/441OK4OP4000/nodes/0/page/create s=200 d=23.2ms s=35
INF http m=GET p=/api/v1/workspaces/441OK4OP4000/nodes/0/children s=200 d=614µs s=249
INF http m=GET p=/assets/ServerSettingsPanel-C8C6nm9a.js s=200 d=75µs s=2550
INF http m=GET p=/assets/de-qJeflSp6.js s=200 d=116µs s=6245
INF http m=GET p=/api/v1/auth/me s=200 d=223µs s=382
INF http m=GET p=/api/v1/workspaces/441OK4OP4000/nodes/441OK73J6000 s=200 d=771µs s=245
INF http m=GET p=/assets/ResourceQuotaForm-DTSj8Ta5.css s=200 d=38µs s=302
INF http m=GET p=/assets/WorkspaceSettingsPanel-CsUOm22X.css s=200 d=40µs s=1025
INF http m=GET p=/assets/WorkspaceSettingsPanel-CM5oaFTF.js s=200 d=67µs s=4443
INF http m=GET p=/assets/Editor-5FlZhQpN.js s=200 d=79µs s=13509
ERR Failed to commit DB changes err="failed to stage db changes: exit status 128\nOutput: fatal: Unable to create '/home/runner/work/mddb/mddb/data-e2e/.git/index.lock': File exists.\n\nAnother git process seems to be running in this repository, or the lock file may be stale\n"
INF http m=POST p=/api/v1/workspaces/441OK4OP4000/nodes/0/page/create s=200 d=57.8ms s=26
INF http m=GET p=/assets/Editor-BYBWY7b1.css s=200 d=89µs s=2240
INF http m=GET p=/assets/ResourceQuotaForm-D6gJNn3N.js s=200 d=38µs s=812
INF http m=GET p=/assets/ServerSettingsPanel-pbgISWIv.css s=200 d=63µs s=596
ERR Failed to commit DB changes err="failed to stage db changes: exit status 128\nOutput: fatal: Unable to create '/home/runner/work/mddb/mddb/data-e2e/.git/index.lock': File exists.\n\nAnother git process seems to be running in this repository, or the lock file may be stale\n"
INF http m=POST p=/api/v1/workspaces/441OK58CK000/nodes/0/page/create s=200 d=46.4ms s=35
INF http m=GET p=/assets/ServerSettingsPanel-C8C6nm9a.js s=200 d=88µs s=2550
INF http m=GET p=/api/v1/workspaces/441OK58CK000/nodes/0/children s=200 d=695µs s=257
INF http m=GET p=/assets/ResourceQuotaForm-DTSj8Ta5.css s=200 d=46µs s=302
INF http m=GET p=/assets/ProfileSettings-rthGIjGN.js s=200 d=71µs s=4319
INF http m=GET p=/api/v1/workspaces/441OK58CK000/nodes/441OK7BP6000 s=200 d=778µs s=245
INF http m=GET p=/assets/ResourceQuotaForm-D6gJNn3N.js s=200 d=27µs s=812
INF http m=GET p=/assets/ProfileSettings-D5kbNfHV.css s=200 d=36µs s=1220
INF http m=GET p=/assets/ProfileSettings-rthGIjGN.js s=200 d=84µs s=4319
INF http m=GET p=/assets/OrgSettingsPanel-BP8s6T0h.css s=200 d=50µs s=511
INF http m=GET p=/assets/Editor-BYBWY7b1.css s=200 d=81µs s=2240
INF http m=GET p=/assets/Editor-5FlZhQpN.js s=200 d=89µs s=13509
INF http m=GET p=/assets/OrgSettingsPanel-B78NX7Vn.js s=200 d=57µs s=2302
ERR Failed to commit DB changes err="failed to stage db changes: exit status 128\nOutput: fatal: Unable to create '/home/runner/work/mddb/mddb/data-e2e/.git/index.lock': File exists.\n\nAnother git process seems to be running in this repository, or the lock file may be stale\n"
INF http m=POST p=/api/v1/workspaces/441OK4OP4000/nodes/0/page/create s=200 d=50.6ms s=26
INF http m=GET p=/assets/ProfileSettings-D5kbNfHV.css s=200 d=39µs s=1220
INF http m=GET p=/assets/InviteForm-R7w4u6kW.js s=200 d=39µs s=1267
INF http m=GET p=/w/@441OK4OP4000+workspace/@441OK73J6000+welcome s=200 d=51µs s=542
INF http m=GET p=/assets/OrgSettingsPanel-BP8s6T0h.css s=200 d=35µs s=511
INF http m=GET p=/assets/InviteForm-CW-wgFWD.css s=200 d=38µs s=414
INF http m=GET p=/assets/OrgSettingsPanel-B78NX7Vn.js s=200 d=44µs s=2302
INF http m=GET p=/api/v1/workspaces/441OK4OP4000/events s=200 d=191ms s=258
INF http m=GET p=/assets/InviteForm-R7w4u6kW.js s=200 d=41µs s=1267
INF http m=GET p=/registerSW.js s=200 d=29µs s=87
INF http m=GET p=/assets/InviteForm-CW-wgFWD.css s=200 d=26µs s=414
INF http m=GET p=/assets/AdminDashboard-R0heLGro.css s=200 d=70µs s=601
INF http m=GET p=/assets/AdminDashboard-R0heLGro.css s=200 d=45µs s=601
INF http m=GET p=/assets/AdminDashboard-D3Sw1IyX.js s=200 d=48µs s=2075
INF http m=GET p=/assets/AdminDashboard-D3Sw1IyX.js s=200 d=45µs s=2075
ERR Failed to commit DB changes err="failed to stage db changes: exit status 128\nOutput: fatal: Unable to create '/home/runner/work/mddb/mddb/data-e2e/.git/index.lock': File exists.\n\nAnother git process seems to be running in this repository, or the lock file may be stale\n"
INF http m=POST p=/api/v1/auth/register s=200 d=165ms s=436
INF http m=GET p=/manifest.webmanifest s=200 d=23µs s=199
INF http m=GET p=/api/v1/auth/me s=200 d=151µs s=183
INF http m=GET p=/api/v1/auth/me s=200 d=796µs s=352
ERR Failed to commit DB changes err="failed to stage db changes: exit status 128\nOutput: fatal: Unable to create '/home/runner/work/mddb/mddb/data-e2e/.git/index.lock': File exists.\n\nAnother git process seems to be running in this repository, or the lock file may be stale\n"
INF http m=POST p=/api/v1/organizations/441OK4IT8000/users/role s=200 d=3.5ms s=262
INF http m=GET p=/manifest.webmanifest s=200 d=33µs s=199
ERR Failed to commit DB changes err="failed to stage db changes: exit status 128\nOutput: fatal: Unable to create '/home/runner/work/mddb/mddb/data-e2e/.git/index.lock': File exists.\n\nAnother git process seems to be running in this repository, or the lock file may be stale\n"
ERR Handler error err="cannot remove the last owner" statusCode=403 code=FORBIDDEN
INF http m=POST p=/api/v1/organizations/441OK4IT8000/users/remove s=403 d=3.6ms s=76
INF http m=GET p=/api/v1/notifications/unread-count s=200 d=224µs s=25
INF http m=GET p=/api/v1/workspaces/441OK4OP4000/nodes/0/children s=200 d=868µs s=274
INF http m=GET p=/api/v1/workspaces/441OK58CK000/events s=200 d=272ms s=207
INF http m=GET p=/api/v1/workspaces/441OK4OP4000/nodes/441OK73J6000 s=200 d=708µs s=245
INF http m=GET p=/api/v1/workspaces/441OK4OP4000/members s=200 d=2.36ms s=126
INF http m=GET p=/api/v1/workspaces/441OK4OP4000/nodes/441OK7740000 s=200 d=442µs s=139
INF http m=GET p=/api/v1/workspaces/441OK4OP4000/nodes/441OK7LOE000 s=200 d=402µs s=133
ERR Failed to commit DB changes err="failed to stage db changes: exit status 128\nOutput: fatal: Unable to create '/home/runner/work/mddb/mddb/data-e2e/.git/index.lock': File exists.\n\nAnother git process seems to be running in this repository, or the lock file may be stale\n"
INF http m=POST p=/api/v1/workspaces/441OK4OP4000/nodes/441OK7740000/page s=200 d=50.4ms s=35
ERR Failed to commit DB changes err="failed to stage db changes: exit status 128\nOutput: fatal: Unable to create '/home/runner/work/mddb/mddb/data-e2e/.git/index.lock': File exists.\n\nAnother git process seems to be running in this repository, or the lock file may be stale\n"
INF http m=POST p=/api/v1/auth/register s=200 d=137ms s=394
INF http m=GET p=/ s=200 d=61µs s=542
INF http m=GET p=/api/v1/workspaces/441OK4OP4000/nodes/441OK7740000 s=200 d=767µs s=179
INF http m=GET p=/registerSW.js s=200 d=47µs s=87
INF http m=GET p=/assets/index-SHhnYNGf.js s=200 d=197µs s=49792
INF http m=GET p=/assets/vendor-C3WBU0hm.js s=200 d=124µs s=29762
INF http m=GET p=/assets/editor-vendor-Bje_VwYD.js s=200 d=192µs s=117396
INF http m=GET p=/assets/index-DPQ8uk7g.css s=200 d=128µs s=12402
INF http m=GET p=/api/v1/workspaces/441OK4OP4000/nodes/441OK7740000/page s=200 d=359µs s=136
INF http m=GET p=/w/@441OK4OP4000+rename-navs-workspace/@441OK7740000+renamed-page-title s=200 d=58µs s=542
INF http m=GET p=/api/v1/workspaces/441OK4OP4000/events s=200 d=443ms s=200
INF http m=GET p=/assets/en-BOb8f2G7.js s=200 d=88µs s=5207
INF http m=GET p=/api/v1/auth/me s=200 d=266µs s=164
INF http m=GET p=/favicon.png s=200 d=39µs s=449
INF http m=GET p=/sw.js s=200 d=61µs s=5540
INF http m=GET p=/api/v1/notifications/unread-count s=200 d=617µs s=25
ERR Failed to commit DB changes err="failed to stage db changes: exit status 128\nOutput: fatal: Unable to create '/home/runner/work/mddb/mddb/data-e2e/.git/index.lock': File exists.\n\nAnother git process seems to be running in this repository, or the lock file may be stale\n"
INF http m=GET p=/api/v1/auth/me s=200 d=724µs s=352
INF http m=POST p=/api/v1/organizations s=200 d=12.9ms s=349
INF http m=GET p=/registerSW.js s=200 d=50µs s=87
INF http m=GET p=/api/v1/auth/me s=200 d=270µs s=249
INF http m=GET p=/index.html s=200 d=39µs s=542
INF http m=GET p=/icon.svg s=200 d=39µs s=195
INF http m=GET p=/icon-512.png s=200 d=103µs s=6498
INF http m=GET p=/api/v1/notifications/unread-count s=200 d=185µs s=25
INF http m=GET p=/api/v1/workspaces/441OK4OP4000/members s=200 d=995µs s=126
INF http m=GET p=/api/v1/workspaces/441OK4OP4000/nodes/441OK7740000 s=200 d=2.3ms s=179
INF http m=GET p=/api/v1/workspaces/441OK4OP4000/nodes/0/children s=200 d=4.13ms s=291
INF http m=GET p=/icon-192.png s=200 d=71µs s=2468
INF http m=GET p=/favicon.png s=200 d=32µs s=449
INF http m=GET p=/apple-touch-icon.png s=200 d=90µs s=2298
INF http m=GET p=/assets/material-symbols-names-mOXCVt15.js s=200 d=127µs s=15793
INF http m=GET p=/assets/fr-CgauyyXq.js s=200 d=92µs s=6301
INF http m=GET p=/assets/es-DHO8DnB9.js s=200 d=99µs s=6015
ERR Failed to add workspace submodule wsID=441OKCJR4000 err="failed to add submodule 441OKCJR4000: exit status 128\nOutput: Adding existing repo at '441OKCJR4000' to the index\nfatal: Unable to create '/home/runner/work/mddb/mddb/data-e2e/.git/index.lock': File exists.\n\nAnother git process seems to be running in this repository, or the lock file may be stale\nfatal: Failed to add submodule '441OKCJR4000'\n"
ERR Failed to commit DB changes err="failed to stage db changes: exit status 128\nOutput: fatal: Unable to create '/home/runner/work/mddb/mddb/data-e2e/.git/index.lock': File exists.\n\nAnother git process seems to be running in this repository, or the lock file may be stale\n"
INF http m=POST p=/api/v1/organizations/441OKC724000/workspaces s=200 d=145ms s=297
INF http m=GET p=/assets/emoji-groups-tsNE8Axz.js s=200 d=78µs s=13852
INF http m=GET p=/api/v1/workspaces/441OK4OP4000/events s=200 d=125ms s=93
ERR Failed to commit DB changes err="failed to stage db changes: exit status 128\nOutput: fatal: Unable to create '/home/runner/work/mddb/mddb/data-e2e/.git/index.lock': File exists.\n\nAnother git process seems to be running in this repository, or the lock file may be stale\n"
INF http m=POST p=/api/v1/auth/switch-workspace s=200 d=9.54ms s=580
INF http m=GET p=/api/v1/notifications/unread-count s=200 d=199µs s=25
INF http m=GET p=/api/v1/workspaces/441OKCJR4000/nodes/0/children s=200 d=359µs s=26
INF http m=GET p=/api/v1/workspaces/441OKCJR4000/members s=200 d=549µs s=128
INF http m=GET p=/assets/de-qJeflSp6.js s=200 d=1.43ms s=6245
ERR Failed to commit DB changes err="failed to stage db changes: exit status 128\nOutput: fatal: Unable to create '/home/runner/work/mddb/mddb/data-e2e/.git/index.lock': File exists.\n\nAnother git process seems to be running in this repository, or the lock file may be stale\n"
INF http m=POST p=/api/v1/workspaces/441OKCJR4000/nodes/0/page/create s=200 d=31.4ms s=26
INF http m=GET p=/assets/WorkspaceSettingsPanel-CsUOm22X.css s=200 d=36µs s=1025
INF http m=GET p=/assets/WorkspaceSettingsPanel-CM5oaFTF.js s=200 d=89µs s=4443
INF http m=GET p=/w/@441OKCJR4000+workspace/ s=200 d=48µs s=542
INF http m=GET p=/assets/ServerSettingsPanel-pbgISWIv.css s=200 d=29µs s=596
INF http m=GET p=/assets/ServerSettingsPanel-C8C6nm9a.js s=200 d=51µs s=2550
ERR Failed to commit DB changes err="failed to stage db changes: exit status 128\nOutput: fatal: Unable to create '/home/runner/work/mddb/mddb/data-e2e/.git/index.lock': File exists.\n\nAnother git process seems to be running in this repository, or the lock file may be stale\n"
INF http m=POST p=/api/v1/workspaces/441OKCJR4000/nodes/0/page/create s=200 d=68.5ms s=35
INF http m=GET p=/api/v1/workspaces/441OKCJR4000/events s=200 d=84.5ms s=231
INF http m=GET p=/assets/ResourceQuotaForm-DTSj8Ta5.css s=200 d=63µs s=302
INF http m=GET p=/assets/ResourceQuotaForm-D6gJNn3N.js s=200 d=72µs s=812
INF http m=GET p=/registerSW.js s=200 d=27µs s=87
INF http m=GET p=/assets/ProfileSettings-rthGIjGN.js s=200 d=127µs s=4319
INF http m=GET p=/assets/ProfileSettings-D5kbNfHV.css s=200 d=46µs s=1220
INF http m=GET p=/api/v1/auth/me s=200 d=239µs s=364
INF http m=GET p=/assets/OrgSettingsPanel-BP8s6T0h.css s=200 d=38µs s=511
INF http m=GET p=/assets/OrgSettingsPanel-B78NX7Vn.js s=200 d=57µs s=2302
INF http m=GET p=/assets/InviteForm-R7w4u6kW.js s=200 d=39µs s=1267
INF http m=GET p=/assets/InviteForm-CW-wgFWD.css s=200 d=45µs s=414
INF http m=GET p=/assets/Editor-BYBWY7b1.css s=200 d=59µs s=2240
INF http m=GET p=/assets/Editor-5FlZhQpN.js s=200 d=88µs s=13509
INF http m=GET p=/assets/AdminDashboard-R0heLGro.css s=200 d=30µs s=601
INF http m=GET p=/assets/AdminDashboard-D3Sw1IyX.js s=200 d=60µs s=2075
INF http m=GET p=/api/v1/notifications/unread-count s=200 d=177µs s=25
INF http m=GET p=/api/v1/workspaces/441OKCJR4000/nodes/0/children s=200 d=652µs s=231
INF http m=GET p=/api/v1/workspaces/441OKCJR4000/members s=200 d=599µs s=128
INF http m=GET p=/manifest.webmanifest s=200 d=29µs s=199
INF http m=GET p=/api/v1/workspaces/441OKCJR4000/nodes/441OKE4C0000 s=200 d=6.54ms s=129
ERR Failed to commit DB changes err="failed to stage db changes: exit status 128\nOutput: fatal: Unable to create '/home/runner/work/mddb/mddb/data-e2e/.git/index.lock': File exists.\n\nAnother git process seems to be running in this repository, or the lock file may be stale\n"
INF http m=POST p=/api/v1/auth/register s=200 d=130ms s=399
INF http m=GET p=/ s=200 d=62µs s=542
INF http m=GET p=/assets/index-SHhnYNGf.js s=200 d=168µs s=49792
INF http m=GET p=/assets/index-DPQ8uk7g.css s=200 d=193µs s=12402
INF http m=GET p=/assets/editor-vendor-Bje_VwYD.js s=200 d=207µs s=117396
INF http m=GET p=/assets/vendor-C3WBU0hm.js s=200 d=149µs s=29762
INF http m=GET p=/registerSW.js s=200 d=43µs s=87
INF http m=GET p=/api/v1/workspaces/441OKCJR4000/nodes/441OKE4C0000/page s=200 d=307µs s=119
INF http m=GET p=/api/v1/auth/me s=200 d=232µs s=167
INF http m=GET p=/assets/en-BOb8f2G7.js s=200 d=72µs s=5207
INF http m=GET p=/api/v1/notifications/unread-count s=200 d=214µs s=25
INF http m=GET p=/favicon.png s=200 d=29µs s=449
ERR Failed to commit DB changes err="failed to stage db changes: exit status 128\nOutput: fatal: Unable to create '/home/runner/work/mddb/mddb/data-e2e/.git/index.lock': File exists.\n\nAnother git process seems to be running in this repository, or the lock file may be stale\n"
INF http m=POST p=/api/v1/organizations s=200 d=5.19ms s=352
INF http m=GET p=/api/v1/auth/me s=200 d=232µs s=252
INF http m=GET p=/sw.js s=200 d=72µs s=5540
INF http m=GET p=/registerSW.js s=200 d=35µs s=87
INF http m=GET p=/api/v1/workspaces/441OKCJR4000/nodes/441OKE4C0000/page s=200 d=231µs s=119
INF http m=GET p=/index.html s=200 d=50µs s=542
INF http m=GET p=/icon.svg s=200 d=31µs s=195
INF http m=GET p=/icon-512.png s=200 d=56µs s=6498
INF http m=GET p=/icon-192.png s=200 d=61µs s=2468
INF http m=GET p=/favicon.png s=200 d=33µs s=449
INF http m=GET p=/apple-touch-icon.png s=200 d=72µs s=2298
INF http m=GET p=/assets/material-symbols-names-mOXCVt15.js s=200 d=113µs s=15793
ERR Failed to add workspace submodule wsID=441OKHA6Q000 err="failed to add submodule 441OKHA6Q000: exit status 128\nOutput: Adding existing repo at '441OKHA6Q000' to the index\nfatal: Unable to create '/home/runner/work/mddb/mddb/data-e2e/.git/index.lock': File exists.\n\nAnother git process seems to be running in this repository, or the lock file may be stale\nfatal: Failed to add submodule '441OKHA6Q000'\n"
ERR Failed to commit DB changes err="failed to stage db changes: exit status 128\nOutput: fatal: Unable to create '/home/runner/work/mddb/mddb/data-e2e/.git/index.lock': File exists.\n\nAnother git process seems to be running in this repository, or the lock file may be stale\n"
INF http m=POST p=/api/v1/organizations/441OKH2QU000/workspaces s=200 d=97ms s=300
ERR Failed to commit DB changes err="failed to stage db changes: exit status 128\nOutput: fatal: Unable to create '/home/runner/work/mddb/mddb/data-e2e/.git/index.lock': File exists.\n\nAnother git process seems to be running in this repository, or the lock file may be stale\n"
INF http m=POST p=/api/v1/auth/switch-workspace s=200 d=6.82ms s=572
INF http m=GET p=/assets/fr-CgauyyXq.js s=200 d=84µs s=6301
INF http m=GET p=/assets/es-DHO8DnB9.js s=200 d=72µs s=6015
INF http m=GET p=/api/v1/workspaces/441OKHA6Q000/members s=200 d=3.19ms s=130
INF http m=GET p=/api/v1/workspaces/441OKHA6Q000/nodes/0/children s=200 d=858µs s=26
INF http m=GET p=/api/v1/notifications/unread-count s=200 d=873µs s=25
INF http m=GET p=/assets/emoji-groups-tsNE8Axz.js s=200 d=171µs s=13852
ERR Failed to commit DB changes err="failed to stage db changes: exit status 128\nOutput: fatal: Unable to create '/home/runner/work/mddb/mddb/data-e2e/.git/index.lock': File exists.\n\nAnother git process seems to be running in this repository, or the lock file may be stale\n"
INF http m=POST p=/api/v1/workspaces/441OKHA6Q000/nodes/0/page/create s=200 d=24.2ms s=35
INF http m=GET p=/api/v1/workspaces/441OKHA6Q000/nodes/0/children s=200 d=941µs s=257
INF http m=GET p=/api/v1/workspaces/441OKHA6Q000/nodes/441OKI62A000 s=200 d=309µs s=245
INF http m=GET p=/assets/Editor-5FlZhQpN.js s=200 d=154µs s=13509
INF http m=GET p=/assets/Editor-BYBWY7b1.css s=200 d=103µs s=2240
INF http m=GET p=/assets/de-qJeflSp6.js s=200 d=91µs s=6245
INF http m=GET p=/assets/WorkspaceSettingsPanel-CsUOm22X.css s=200 d=37µs s=1025
INF http m=GET p=/assets/WorkspaceSettingsPanel-CM5oaFTF.js s=200 d=54µs s=4443
INF http m=GET p=/assets/ServerSettingsPanel-pbgISWIv.css s=200 d=34µs s=596
INF http m=GET p=/assets/ServerSettingsPanel-C8C6nm9a.js s=200 d=42µs s=2550
INF http m=GET p=/assets/ResourceQuotaForm-DTSj8Ta5.css s=200 d=31µs s=302
INF http m=GET p=/assets/ResourceQuotaForm-D6gJNn3N.js s=200 d=30µs s=812
ERR Failed to commit DB changes err="failed to stage db changes: exit status 128\nOutput: fatal: Unable to create '/home/runner/work/mddb/mddb/data-e2e/.git/index.lock': File exists.\n\nAnother git process seems to be running in this repository, or the lock file may be stale\n"
INF http m=POST p=/api/v1/workspaces/441OKHA6Q000/nodes/0/page/create s=200 d=17.3ms s=26
INF http m=GET p=/assets/ProfileSettings-rthGIjGN.js s=200 d=65µs s=4319
INF http m=GET p=/assets/ProfileSettings-D5kbNfHV.css s=200 d=29µs s=1220
INF http m=GET p=/assets/OrgSettingsPanel-BP8s6T0h.css s=200 d=25µs s=511
INF http m=GET p=/assets/OrgSettingsPanel-B78NX7Vn.js s=200 d=31µs s=2302
INF http m=GET p=/api/v1/workspaces/441OKCJR4000/nodes/441OKE4C0000/page s=200 d=225µs s=119
INF http m=GET p=/assets/InviteForm-R7w4u6kW.js s=200 d=28µs s=1267
ERR Failed to commit DB changes err="failed to stage db changes: exit status 128\nOutput: fatal: Unable to create '/home/runner/work/mddb/mddb/data-e2e/.git/index.lock': File exists.\n\nAnother git process seems to be running in this repository, or the lock file may be stale\n"
INF http m=POST p=/api/v1/workspaces/441OKHA6Q000/nodes/0/page/create s=200 d=18.9ms s=26
INF http m=GET p=/assets/InviteForm-CW-wgFWD.css s=200 d=38µs s=414
INF http m=GET p=/w/@441OKHA6Q000+workspace/@441OKI62A000+welcome s=200 d=30µs s=542
INF http m=GET p=/api/v1/workspaces/441OKHA6Q000/events s=200 d=156ms s=255
INF http m=GET p=/registerSW.js s=200 d=44µs s=87
INF http m=GET p=/assets/AdminDashboard-R0heLGro.css s=200 d=46µs s=601
INF http m=GET p=/assets/AdminDashboard-D3Sw1IyX.js s=200 d=71µs s=2075
INF http m=GET p=/api/v1/auth/me s=200 d=342µs s=353
INF http m=GET p=/manifest.webmanifest s=200 d=35µs s=199
INF http m=GET p=/api/v1/notifications/unread-count s=200 d=1.58ms s=25
INF http m=GET p=/api/v1/workspaces/441OKHA6Q000/nodes/0/children s=200 d=922µs s=286
INF http m=GET p=/api/v1/workspaces/441OKHA6Q000/members s=200 d=843µs s=130
INF http m=GET p=/api/v1/workspaces/441OKHA6Q000/nodes/441OKI62A000 s=200 d=755µs s=245
INF http m=GET p=/api/v1/workspaces/441OKHA6Q000/nodes/441OKIQ68000 s=200 d=871µs s=182
INF http m=GET p=/api/v1/workspaces/441OKHA6Q000/nodes/441OKIU5K000 s=200 d=2.27ms s=135
ERR Failed to commit DB changes err="failed to stage db changes: exit status 128\nOutput: fatal: Unable to create '/home/runner/work/mddb/mddb/data-e2e/.git/index.lock': File exists.\n\nAnother git process seems to be running in this repository, or the lock file may be stale\n"
INF http m=POST p=/api/v1/workspaces/441OKHA6Q000/nodes/441OKIQ68000/page s=200 d=19.7ms s=35
INF http m=GET p=/api/v1/workspaces/441OKHA6Q000/nodes/441OKIQ68000 s=200 d=360µs s=177
INF http m=GET p=/api/v1/workspaces/441OKHA6Q000/nodes/441OKIQ68000/page s=200 d=249µs s=134
INF http m=GET p=/api/v1/workspaces/441OKHA6Q000/events s=200 d=238ms s=207
INF http m=GET p=/api/v1/workspaces/441OKCJR4000/nodes/441OKE4C0000/page s=200 d=317µs s=119
ERR Failed to commit DB changes err="failed to stage db changes: exit status 128\nOutput: fatal: Unable to create '/home/runner/work/mddb/mddb/data-e2e/.git/index.lock': File exists.\n\nAnother git process seems to be running in this repository, or the lock file may be stale\n"
INF http m=POST p=/api/v1/auth/register s=200 d=79.6ms s=392
INF http m=GET p=/ s=200 d=68µs s=542
INF http m=GET p=/assets/index-SHhnYNGf.js s=200 d=159µs s=49792
INF http m=GET p=/assets/index-DPQ8uk7g.css s=200 d=114µs s=12402
INF http m=GET p=/assets/editor-vendor-Bje_VwYD.js s=200 d=179µs s=117396
INF http m=GET p=/registerSW.js s=200 d=36µs s=87
INF http m=GET p=/assets/vendor-C3WBU0hm.js s=200 d=111µs s=29762
INF http m=GET p=/api/v1/auth/me s=200 d=279µs s=166
INF http m=GET p=/assets/en-BOb8f2G7.js s=200 d=84µs s=5207
INF http m=GET p=/api/v1/notifications/unread-count s=200 d=237µs s=25
ERR Failed to commit DB changes err="failed to stage db changes: exit status 128\nOutput: fatal: Unable to create '/home/runner/work/mddb/mddb/data-e2e/.git/index.lock': File exists.\n\nAnother git process seems to be running in this repository, or the lock file may be stale\n"
INF http m=POST p=/api/v1/organizations s=200 d=8.36ms s=351
INF http m=GET p=/sw.js s=200 d=110µs s=5540
INF http m=GET p=/favicon.png s=200 d=42µs s=449
INF http m=GET p=/api/v1/auth/me s=200 d=270µs s=251
INF http m=GET p=/registerSW.js s=200 d=44µs s=87
INF http m=GET p=/index.html s=200 d=34µs s=542
INF http m=GET p=/icon.svg s=200 d=33µs s=195
INF http m=GET p=/icon-512.png s=200 d=70µs s=6498
INF http m=GET p=/icon-192.png s=200 d=53µs s=2468
INF http m=GET p=/favicon.png s=200 d=39µs s=449
INF http m=GET p=/apple-touch-icon.png s=200 d=45µs s=2298
ERR Failed to add workspace submodule wsID=441OKNFUM000 err="failed to add submodule 441OKNFUM000: exit status 128\nOutput: Adding existing repo at '441OKNFUM000' to the index\nfatal: Unable to create '/home/runner/work/mddb/mddb/data-e2e/.git/index.lock': File exists.\n\nAnother git process seems to be running in this repository, or the lock file may be stale\nfatal: Failed to add submodule '441OKNFUM000'\n"
ERR Failed to commit DB changes err="failed to stage db changes: exit status 128\nOutput: fatal: Unable to create '/home/runner/work/mddb/mddb/data-e2e/.git/index.lock': File exists.\n\nAnother git process seems to be running in this repository, or the lock file may be stale\n"
INF http m=POST p=/api/v1/organizations/441OKN6DA000/workspaces s=200 d=81.5ms s=301
INF http m=GET p=/assets/material-symbols-names-mOXCVt15.js s=200 d=70µs s=15793
ERR Failed to commit DB changes err="failed to stage db changes: exit status 128\nOutput: fatal: Unable to create '/home/runner/work/mddb/mddb/data-e2e/.git/index.lock': File exists.\n\nAnother git process seems to be running in this repository, or the lock file may be stale\n"
INF http m=POST p=/api/v1/auth/switch-workspace s=200 d=8.27ms s=572
INF http m=GET p=/assets/fr-CgauyyXq.js s=200 d=81µs s=6301
INF http m=GET p=/api/v1/notifications/unread-count s=200 d=204µs s=25
INF http m=GET p=/api/v1/workspaces/441OKNFUM000/members s=200 d=488µs s=128
INF http m=GET p=/api/v1/workspaces/441OKNFUM000/nodes/0/children s=200 d=647µs s=26
INF http m=GET p=/assets/es-DHO8DnB9.js s=200 d=172µs s=6015
INF http m=GET p=/assets/emoji-groups-tsNE8Axz.js s=200 d=127µs s=13852
ERR Failed to commit DB changes err="failed to stage db changes: exit status 128\nOutput: fatal: Unable to create '/home/runner/work/mddb/mddb/data-e2e/.git/index.lock': File exists.\n\nAnother git process seems to be running in this repository, or the lock file may be stale\n"
INF http m=POST p=/api/v1/workspaces/441OKNFUM000/nodes/0/page/create s=200 d=28.3ms s=35
INF http m=GET p=/api/v1/workspaces/441OKNFUM000/nodes/0/children s=200 d=327µs s=244
INF http m=GET p=/api/v1/workspaces/441OKNFUM000/nodes/441OKOCG2000 s=200 d=325µs s=245
ERR Failed to commit DB changes err="failed to stage db changes: exit status 128\nOutput: fatal: Unable to create '/home/runner/work/mddb/mddb/data-e2e/.git/index.lock': File exists.\n\nAnother git process seems to be running in this repository, or the lock file may be stale\n"
INF http m=POST p=/api/v1/workspaces/441OKNFUM000/nodes/0/page/create s=200 d=42.9ms s=26
INF http m=GET p=/assets/Editor-5FlZhQpN.js s=200 d=113µs s=13509
INF http m=GET p=/assets/Editor-BYBWY7b1.css s=200 d=41µs s=2240
INF http m=GET p=/assets/de-qJeflSp6.js s=200 d=95µs s=6245
INF http m=GET p=/assets/WorkspaceSettingsPanel-CsUOm22X.css s=200 d=41µs s=1025
ERR Failed to commit DB changes err="failed to stage db changes: exit status 128\nOutput: fatal: Unable to create '/home/runner/work/mddb/mddb/data-e2e/.git/index.lock': File exists.\n\nAnother git process seems to be running in this repository, or the lock file may be stale\n"
INF http m=POST p=/api/v1/workspaces/441OKNFUM000/nodes/0/page/create s=200 d=24.1ms s=26
INF http m=GET p=/assets/WorkspaceSettingsPanel-CM5oaFTF.js s=200 d=65µs s=4443
INF http m=GET p=/w/@441OKNFUM000+workspace/@441OKOCG2000+welcome s=200 d=34µs s=542
INF http m=GET p=/assets/ServerSettingsPanel-pbgISWIv.css s=200 d=38µs s=596
INF http m=GET p=/api/v1/workspaces/441OKNFUM000/events s=200 d=104ms s=250
INF http m=GET p=/assets/ServerSettingsPanel-C8C6nm9a.js s=200 d=44µs s=2550
INF http m=GET p=/registerSW.js s=200 d=41µs s=87
INF http m=GET p=/assets/ResourceQuotaForm-DTSj8Ta5.css s=200 d=25µs s=302
INF http m=GET p=/assets/ResourceQuotaForm-D6gJNn3N.js s=200 d=33µs s=812
INF http m=GET p=/assets/ProfileSettings-rthGIjGN.js s=200 d=69µs s=4319
INF http m=GET p=/api/v1/auth/me s=200 d=303µs s=352
INF http m=GET p=/assets/ProfileSettings-D5kbNfHV.css s=200 d=33µs s=1220
INF http m=GET p=/assets/OrgSettingsPanel-BP8s6T0h.css s=200 d=34µs s=511
INF http m=GET p=/assets/OrgSettingsPanel-B78NX7Vn.js s=200 d=41µs s=2302
INF http m=GET p=/assets/InviteForm-R7w4u6kW.js s=200 d=26µs s=1267
INF http m=GET p=/assets/InviteForm-CW-wgFWD.css s=200 d=29µs s=414
INF http m=GET p=/assets/AdminDashboard-R0heLGro.css s=200 d=31µs s=601
INF http m=GET p=/api/v1/notifications/unread-count s=200 d=174µs s=25
INF http m=GET p=/api/v1/workspaces/441OKNFUM000/members s=200 d=211µs s=128
INF http m=GET p=/api/v1/workspaces/441OKNFUM000/nodes/441OKOCG2000 s=200 d=470µs s=245
INF http m=GET p=/assets/AdminDashboard-D3Sw1IyX.js s=200 d=36µs s=2075
INF http m=GET p=/api/v1/workspaces/441OKNFUM000/nodes/0/children s=200 d=353µs s=265
INF http m=GET p=/manifest.webmanifest s=200 d=36µs s=199
INF http m=GET p=/api/v1/workspaces/441OKNFUM000/nodes/441OKOH3C000 s=200 d=483µs s=133
INF http m=GET p=/api/v1/workspaces/441OKNFUM000/nodes/441OKON6O000 s=200 d=354µs s=127
ERR Failed to commit DB changes err="failed to stage db changes: exit status 128\nOutput: fatal: Unable to create '/home/runner/work/mddb/mddb/data-e2e/.git/index.lock': File exists.\n\nAnother git process seems to be running in this repository, or the lock file may be stale\n"
INF http m=POST p=/api/v1/workspaces/441OKNFUM000/nodes/441OKOH3C000/page s=200 d=17.2ms s=35
INF http m=GET p=/api/v1/workspaces/441OKNFUM000/nodes/441OKOH3C000 s=200 d=331µs s=158
INF http m=GET p=/api/v1/workspaces/441OKNFUM000/nodes/441OKOH3C000/page s=200 d=227µs s=148
INF http m=GET p=/api/v1/workspaces/441OKNFUM000/events s=200 d=331ms s=207
INF http m=GET p=/api/v1/workspaces/441OKCJR4000/nodes/441OKE4C0000/page s=200 d=256µs s=119
ERR Failed to commit DB changes err="failed to stage db changes: exit status 128\nOutput: fatal: Unable to create '/home/runner/work/mddb/mddb/data-e2e/.git/index.lock': File exists.\n\nAnother git process seems to be running in this repository, or the lock file may be stale\n"
INF http m=POST p=/api/v1/auth/register s=200 d=78.6ms s=390
INF http m=GET p=/ s=200 d=61µs s=542
INF http m=GET p=/assets/index-SHhnYNGf.js s=200 d=159µs s=49792
INF http m=GET p=/assets/index-DPQ8uk7g.css s=200 d=119µs s=12402
INF http m=GET p=/assets/vendor-C3WBU0hm.js s=200 d=120µs s=29762
INF http m=GET p=/registerSW.js s=200 d=30µs s=87
INF http m=GET p=/assets/editor-vendor-Bje_VwYD.js s=200 d=756µs s=117396
ERR Failed to commit DB changes err="failed to stage db changes: exit status 128\nOutput: fatal: Unable to create '/home/runner/work/mddb/mddb/data-e2e/.git/index.lock': File exists.\n\nAnother git process seems to be running in this repository, or the lock file may be stale\n"
INF http m=POST p=/api/v1/workspaces/441OKCJR4000/nodes/441OKE4C0000/page s=200 d=52ms s=35
INF http m=GET p=/api/v1/auth/me s=200 d=271µs s=166
INF http m=GET p=/assets/en-BOb8f2G7.js s=200 d=72µs s=5207
INF http m=GET p=/sw.js s=200 d=115µs s=5540
INF http m=GET p=/api/v1/notifications/unread-count s=200 d=136µs s=25
ERR Failed to commit DB changes err="failed to stage db changes: exit status 128\nOutput: fatal: Unable to create '/home/runner/work/mddb/mddb/data-e2e/.git/index.lock': File exists.\n\nAnother git process seems to be running in this repository, or the lock file may be stale\n"
INF http m=POST p=/api/v1/organizations s=200 d=7.8ms s=350
INF http m=GET p=/favicon.png s=200 d=51µs s=449
INF http m=GET p=/api/v1/auth/me s=200 d=242µs s=250
INF http m=GET p=/registerSW.js s=200 d=38µs s=87
INF http m=GET p=/index.html s=200 d=35µs s=542
INF http m=GET p=/icon.svg s=200 d=34µs s=195
INF http m=GET p=/icon-512.png s=200 d=84µs s=6498
INF http m=GET p=/icon-192.png s=200 d=47µs s=2468
INF http m=GET p=/favicon.png s=200 d=83µs s=449
INF http m=GET p=/apple-touch-icon.png s=200 d=61µs s=2298
ERR Failed to add workspace submodule wsID=441OKU1HO000 err="failed to add submodule 441OKU1HO000: exit status 128\nOutput: Adding existing repo at '441OKU1HO000' to the index\nfatal: Unable to create '/home/runner/work/mddb/mddb/data-e2e/.git/index.lock': File exists.\n\nAnother git process seems to be running in this repository, or the lock file may be stale\nfatal: Failed to add submodule '441OKU1HO000'\n"
ERR Failed to commit DB changes err="failed to stage db changes: exit status 128\nOutput: fatal: Unable to create '/home/runner/work/mddb/mddb/data-e2e/.git/index.lock': File exists.\n\nAnother git process seems to be running in this repository, or the lock file may be stale\n"
INF http m=POST p=/api/v1/organizations/441OKTON8000/workspaces s=200 d=89ms s=300
INF http m=GET p=/assets/material-symbols-names-mOXCVt15.js s=200 d=139µs s=15793
ERR Failed to commit DB changes err="failed to stage db changes: exit status 128\nOutput: fatal: Unable to create '/home/runner/work/mddb/mddb/data-e2e/.git/index.lock': File exists.\n\nAnother git process seems to be running in this repository, or the lock file may be stale\n"
INF http m=POST p=/api/v1/auth/switch-workspace s=200 d=6.53ms s=552
INF http m=GET p=/api/v1/notifications/unread-count s=200 d=193µs s=25
INF http m=GET p=/api/v1/workspaces/441OKU1HO000/nodes/0/children s=200 d=257µs s=26
INF http m=GET p=/api/v1/workspaces/441OKU1HO000/members s=200 d=466µs s=122
INF http m=GET p=/assets/fr-CgauyyXq.js s=200 d=119µs s=6301
INF http m=GET p=/assets/es-DHO8DnB9.js s=200 d=87µs s=6015
ERR Failed to commit DB changes err="failed to stage db changes: exit status 128\nOutput: fatal: Unable to create '/home/runner/work/mddb/mddb/data-e2e/.git/index.lock': File exists.\n\nAnother git process seems to be running in this repository, or the lock file may be stale\n"
INF http m=POST p=/api/v1/workspaces/441OKU1HO000/nodes/0/page/create s=200 d=22.9ms s=35
INF http m=GET p=/assets/emoji-groups-tsNE8Axz.js s=200 d=104µs s=13852
INF http m=GET p=/api/v1/workspaces/441OKU1HO000/nodes/0/children s=200 d=1.37ms s=257
INF http m=GET p=/api/v1/workspaces/441OKU1HO000/nodes/441OKUS0U000 s=200 d=281µs s=245
INF http m=GET p=/assets/Editor-5FlZhQpN.js s=200 d=98µs s=13509
INF http m=GET p=/assets/Editor-BYBWY7b1.css s=200 d=65µs s=2240
INF http m=GET p=/assets/de-qJeflSp6.js s=200 d=134µs s=6245
INF http m=GET p=/assets/WorkspaceSettingsPanel-CsUOm22X.css s=200 d=33µs s=1025
INF http m=GET p=/assets/WorkspaceSettingsPanel-CM5oaFTF.js s=200 d=68µs s=4443
INF http m=GET p=/assets/ServerSettingsPanel-pbgISWIv.css s=200 d=29µs s=596
INF http m=GET p=/assets/ServerSettingsPanel-C8C6nm9a.js s=200 d=33µs s=2550
ERR Failed to commit DB changes err="failed to stage db changes: exit status 128\nOutput: fatal: Unable to create '/home/runner/work/mddb/mddb/data-e2e/.git/index.lock': File exists.\n\nAnother git process seems to be running in this repository, or the lock file may be stale\n"
INF http m=POST p=/api/v1/workspaces/441OKU1HO000/nodes/0/page/create s=200 d=17.3ms s=26
INF http m=GET p=/assets/ResourceQuotaForm-DTSj8Ta5.css s=200 d=25µs s=302
INF http m=GET p=/assets/ResourceQuotaForm-D6gJNn3N.js s=200 d=25µs s=812
INF http m=GET p=/assets/ProfileSettings-rthGIjGN.js s=200 d=84µs s=4319
INF http m=GET p=/assets/ProfileSettings-D5kbNfHV.css s=200 d=27µs s=1220
INF http m=GET p=/assets/OrgSettingsPanel-BP8s6T0h.css s=200 d=18µs s=511
INF http m=GET p=/assets/OrgSettingsPanel-B78NX7Vn.js s=200 d=37µs s=2302
ERR Failed to commit DB changes err="failed to stage db changes: exit status 128\nOutput: fatal: Unable to create '/home/runner/work/mddb/mddb/data-e2e/.git/index.lock': File exists.\n\nAnother git process seems to be running in this repository, or the lock file may be stale\n"
INF http m=POST p=/api/v1/workspaces/441OKU1HO000/nodes/0/page/create s=200 d=16.3ms s=26
INF http m=GET p=/assets/InviteForm-R7w4u6kW.js s=200 d=28µs s=1267
INF http m=GET p=/w/@441OKU1HO000+workspace/@441OKUS0U000+welcome s=200 d=22µs s=542
INF http m=GET p=/api/v1/workspaces/441OKU1HO000/events s=200 d=139ms s=261
INF http m=GET p=/assets/InviteForm-CW-wgFWD.css s=200 d=29µs s=414
INF http m=GET p=/registerSW.js s=200 d=40µs s=87
INF http m=GET p=/assets/AdminDashboard-R0heLGro.css s=200 d=42µs s=601
INF http m=GET p=/assets/AdminDashboard-D3Sw1IyX.js s=200 d=54µs s=2075
INF http m=GET p=/manifest.webmanifest s=200 d=29µs s=199
INF http m=GET p=/api/v1/auth/me s=200 d=276µs s=350
INF http m=GET p=/api/v1/notifications/unread-count s=200 d=219µs s=25
INF http m=GET p=/api/v1/workspaces/441OKU1HO000/nodes/0/children s=200 d=428µs s=265
INF http m=GET p=/api/v1/workspaces/441OKU1HO000/members s=200 d=174µs s=122
INF http m=GET p=/api/v1/workspaces/441OKU1HO000/nodes/441OKUS0U000 s=200 d=203µs s=245
INF http m=GET p=/api/v1/workspaces/441OKU1HO000/nodes/441OKVCF8000 s=200 d=488µs s=128
INF http m=GET p=/api/v1/workspaces/441OKU1HO000/nodes/441OKVGB2000 s=200 d=303µs s=128
ERR Failed to commit DB changes err="failed to stage db changes: exit status 128\nOutput: fatal: Unable to create '/home/runner/work/mddb/mddb/data-e2e/.git/index.lock': File exists.\n\nAnother git process seems to be running in this repository, or the lock file may be stale\n"
INF http m=POST p=/api/v1/workspaces/441OKU1HO000/nodes/441OKVCF8000/page s=200 d=18.6ms s=35
INF http m=GET p=/api/v1/workspaces/441OKU1HO000/nodes/441OKVCF8000 s=200 d=371µs s=132
INF http m=GET p=/api/v1/workspaces/441OKU1HO000/nodes/441OKVCF8000/page s=200 d=230µs s=113
INF http m=GET p=/api/v1/workspaces/441OKU1HO000/events s=200 d=305ms s=206
INF http m=GET p=/api/v1/workspaces/441OKCJR4000/nodes/441OKE4C0000/page s=200 d=293µs s=118
INF http m=GET p=/w/@441OKCJR4000+rename-waits-workspace/@441OKE4C0000+updated-title s=200 d=43µs s=542
INF http m=GET p=/api/v1/workspaces/441OKCJR4000/events s=200 d=3.12s s=207
INF http m=GET p=/api/v1/auth/me s=200 d=336µs s=364
ERR Failed to commit DB changes err="failed to stage db changes: exit status 128\nOutput: fatal: Unable to create '/home/runner/work/mddb/mddb/data-e2e/.git/index.lock': File exists.\n\nAnother git process seems to be running in this repository, or the lock file may be stale\n"
INF http m=POST p=/api/v1/auth/register s=200 d=94.9ms s=408
INF http m=GET p=/ s=200 d=60µs s=542
INF http m=GET p=/api/v1/notifications/unread-count s=200 d=178µs s=25
INF http m=GET p=/api/v1/workspaces/441OKCJR4000/nodes/441OKE4C0000 s=200 d=322µs s=131
INF http m=GET p=/api/v1/workspaces/441OKCJR4000/nodes/0/children s=200 d=253µs s=237
INF http m=GET p=/api/v1/workspaces/441OKCJR4000/members s=200 d=504µs s=128
INF http m=GET p=/assets/index-DPQ8uk7g.css s=200 d=122µs s=12402
INF http m=GET p=/assets/vendor-C3WBU0hm.js s=200 d=92µs s=29762
INF http m=GET p=/assets/editor-vendor-Bje_VwYD.js s=200 d=139µs s=117396
INF http m=GET p=/assets/index-SHhnYNGf.js s=200 d=791µs s=49792
INF http m=GET p=/registerSW.js s=200 d=55µs s=87
INF http m=GET p=/api/v1/workspaces/441OKCJR4000/nodes/441OKE4C0000/page s=200 d=227µs s=118
INF http m=GET p=/api/v1/workspaces/441OKCJR4000/events s=200 d=145ms s=93
INF http m=GET p=/assets/en-BOb8f2G7.js s=200 d=84µs s=5207
INF http m=GET p=/api/v1/auth/me s=200 d=588µs s=174
INF http m=GET p=/favicon.png s=200 d=43µs s=449
INF http m=GET p=/api/v1/notifications/unread-count s=200 d=152µs s=25
INF http m=GET p=/sw.js s=200 d=76µs s=5540
ERR Failed to commit DB changes err="failed to stage db changes: exit status 128\nOutput: fatal: Unable to create '/home/runner/work/mddb/mddb/data-e2e/.git/index.lock': File exists.\n\nAnother git process seems to be running in this repository, or the lock file may be stale\n"
INF http m=POST p=/api/v1/organizations s=200 d=5.79ms s=354
INF http m=GET p=/api/v1/auth/me s=200 d=272µs s=257
INF http m=GET p=/registerSW.js s=200 d=36µs s=87
INF http m=GET p=/index.html s=200 d=37µs s=542
INF http m=GET p=/icon.svg s=200 d=35µs s=195
INF http m=GET p=/icon-512.png s=200 d=121µs s=6498
INF http m=GET p=/icon-192.png s=200 d=60µs s=2468
INF http m=GET p=/favicon.png s=200 d=37µs s=449
INF http m=GET p=/apple-touch-icon.png s=200 d=60µs s=2298
INF http m=GET p=/assets/material-symbols-names-mOXCVt15.js s=200 d=91µs s=15793
ERR Failed to add workspace submodule wsID=441OL59D4000 err="failed to add submodule 441OL59D4000: exit status 128\nOutput: Adding existing repo at '441OL59D4000' to the index\nfatal: Unable to create '/home/runner/work/mddb/mddb/data-e2e/.git/index.lock': File exists.\n\nAnother git process seems to be running in this repository, or the lock file may be stale\nfatal: Failed to add submodule '441OL59D4000'\n"
ERR Failed to commit DB changes err="failed to stage db changes: exit status 128\nOutput: fatal: Unable to create '/home/runner/work/mddb/mddb/data-e2e/.git/index.lock': File exists.\n\nAnother git process seems to be running in this repository, or the lock file may be stale\n"
INF http m=POST p=/api/v1/organizations/441OL52FC000/workspaces s=200 d=183ms s=300
INF http m=GET p=/assets/fr-CgauyyXq.js s=200 d=111µs s=6301
ERR Failed to commit DB changes err="failed to stage db changes: exit status 128\nOutput: fatal: Unable to create '/home/runner/work/mddb/mddb/data-e2e/.git/index.lock': File exists.\n\nAnother git process seems to be running in this repository, or the lock file may be stale\n"
INF http m=POST p=/api/v1/auth/switch-workspace s=200 d=10.6ms s=571
INF http m=GET p=/assets/es-DHO8DnB9.js s=200 d=95µs s=6015
INF http m=GET p=/api/v1/notifications/unread-count s=200 d=7.67ms s=25
INF http m=GET p=/api/v1/workspaces/441OL59D4000/members s=200 d=8.49ms s=124
INF http m=GET p=/assets/emoji-groups-tsNE8Axz.js s=200 d=157µs s=13852
INF http m=GET p=/api/v1/workspaces/441OL59D4000/nodes/0/children s=200 d=3.22ms s=26
ERR Failed to commit DB changes err="failed to stage db changes: exit status 128\nOutput: fatal: Unable to create '/home/runner/work/mddb/mddb/data-e2e/.git/index.lock': File exists.\n\nAnother git process seems to be running in this repository, or the lock file may be stale\n"
INF http m=POST p=/api/v1/workspaces/441OL59D4000/nodes/0/page/create s=200 d=53.2ms s=35
INF http m=GET p=/assets/de-qJeflSp6.js s=200 d=123µs s=6245
INF http m=GET p=/api/v1/workspaces/441OL59D4000/nodes/0/children s=200 d=641µs s=257
INF http m=GET p=/assets/WorkspaceSettingsPanel-CsUOm22X.css s=200 d=41µs s=1025
INF http m=GET p=/assets/WorkspaceSettingsPanel-CM5oaFTF.js s=200 d=94µs s=4443
ERR Failed to commit DB changes err="failed to stage db changes: exit status 128\nOutput: fatal: Unable to create '/home/runner/work/mddb/mddb/data-e2e/.git/index.lock': File exists.\n\nAnother git process seems to be running in this repository, or the lock file may be stale\n"
INF http m=POST p=/api/v1/auth/register s=200 d=165ms s=411
INF http m=GET p=/api/v1/workspaces/441OL59D4000/nodes/441OL72BO000 s=200 d=866µs s=245
INF http m=GET p=/assets/ServerSettingsPanel-pbgISWIv.css s=200 d=46µs s=596
INF http m=GET p=/settings/user s=200 d=61µs s=542
INF http m=GET p=/assets/ServerSettingsPanel-C8C6nm9a.js s=200 d=108µs s=2550
INF http m=GET p=/assets/Editor-5FlZhQpN.js s=200 d=133µs s=13509
INF http m=GET p=/assets/Editor-BYBWY7b1.css s=200 d=49µs s=2240
INF http m=GET p=/assets/ResourceQuotaForm-DTSj8Ta5.css s=200 d=33µs s=302
INF http m=GET p=/assets/ResourceQuotaForm-D6gJNn3N.js s=200 d=60µs s=812
INF http m=GET p=/assets/index-SHhnYNGf.js s=200 d=256µs s=49792
INF http m=GET p=/assets/index-DPQ8uk7g.css s=200 d=143µs s=12402
INF http m=GET p=/registerSW.js s=200 d=32µs s=87
INF http m=GET p=/assets/vendor-C3WBU0hm.js s=200 d=141µs s=29762
INF http m=GET p=/assets/editor-vendor-Bje_VwYD.js s=200 d=190µs s=117396
INF http m=GET p=/assets/ProfileSettings-rthGIjGN.js s=200 d=119µs s=4319
INF http m=GET p=/assets/ProfileSettings-D5kbNfHV.css s=200 d=720µs s=1220
INF http m=GET p=/assets/OrgSettingsPanel-BP8s6T0h.css s=200 d=48µs s=511
INF http m=GET p=/assets/OrgSettingsPanel-B78NX7Vn.js s=200 d=72µs s=2302
INF http m=GET p=/assets/InviteForm-R7w4u6kW.js s=200 d=63µs s=1267
INF http m=GET p=/assets/InviteForm-CW-wgFWD.css s=200 d=48µs s=414
INF http m=GET p=/assets/AdminDashboard-R0heLGro.css s=200 d=53µs s=601
INF http m=GET p=/assets/AdminDashboard-D3Sw1IyX.js s=200 d=176µs s=2075
INF http m=GET p=/manifest.webmanifest s=200 d=36µs s=199
INF http m=GET p=/api/v1/auth/me s=200 d=750µs s=169
INF http m=GET p=/assets/en-BOb8f2G7.js s=200 d=526µs s=5207
INF http m=GET p=/sw.js s=200 d=103µs s=5540
INF http m=GET p=/assets/ProfileSettings-D5kbNfHV.css s=200 d=32µs s=1220
INF http m=GET p=/assets/ProfileSettings-rthGIjGN.js s=200 d=67µs s=4319
INF http m=GET p=/api/v1/notifications/unread-count s=200 d=157µs s=25
INF http m=GET p=/favicon.png s=200 d=62µs s=449
INF http m=GET p=/registerSW.js s=200 d=40µs s=87
INF http m=GET p=/index.html s=200 d=50µs s=542
INF http m=GET p=/api/v1/notifications/preferences s=200 d=715µs s=127
INF http m=GET p=/api/v1/auth/providers s=200 d=314µs s=59
INF http m=GET p=/icon.svg s=200 d=51µs s=195
INF http m=GET p=/icon-512.png s=200 d=74µs s=6498
INF http m=GET p=/icon-192.png s=200 d=68µs s=2468
INF http m=GET p=/favicon.png s=200 d=38µs s=449
INF http m=GET p=/apple-touch-icon.png s=200 d=56µs s=2298
INF http m=GET p=/assets/material-symbols-names-mOXCVt15.js s=200 d=854µs s=15793
INF http m=GET p=/assets/fr-CgauyyXq.js s=200 d=154µs s=6301
INF http m=GET p=/assets/es-DHO8DnB9.js s=200 d=116µs s=6015
INF http m=GET p=/assets/emoji-groups-tsNE8Axz.js s=200 d=142µs s=13852
INF http m=GET p=/api/v1/workspaces/441OL59D4000/events s=200 d=581ms s=202
ERR Failed to commit DB changes err="failed to stage db changes: exit status 128\nOutput: fatal: Unable to create '/home/runner/work/mddb/mddb/data-e2e/.git/index.lock': File exists.\n\nAnother git process seems to be running in this repository, or the lock file may be stale\n"
INF http m=POST p=/api/v1/auth/register s=200 d=190ms s=419
ERR Failed to commit DB changes err="failed to stage db changes: exit status 128\nOutput: fatal: Unable to create '/home/runner/work/mddb/mddb/data-e2e/.git/index.lock': File exists.\n\nAnother git process seems to be running in this repository, or the lock file may be stale\n"
INF http m=POST p=/api/v1/auth/register s=200 d=86.2ms s=414
INF http m=GET p=/ s=200 d=87µs s=542
INF http m=GET p=/ s=200 d=56µs s=542
INF http m=GET p=/assets/index-DPQ8uk7g.css s=200 d=151µs s=12402
INF http m=GET p=/assets/editor-vendor-Bje_VwYD.js s=200 d=167µs s=117396
INF http m=GET p=/assets/vendor-C3WBU0hm.js s=200 d=119µs s=29762
INF http m=GET p=/registerSW.js s=200 d=310µs s=87
INF http m=GET p=/assets/index-SHhnYNGf.js s=200 d=130µs s=49792
INF http m=GET p=/assets/index-SHhnYNGf.js s=200 d=195µs s=49792
INF http m=GET p=/assets/index-DPQ8uk7g.css s=200 d=146µs s=12402
INF http m=GET p=/registerSW.js s=200 d=57µs s=87
INF http m=GET p=/assets/vendor-C3WBU0hm.js s=200 d=179µs s=29762
INF http m=GET p=/assets/editor-vendor-Bje_VwYD.js s=200 d=175µs s=117396
INF http m=GET p=/api/v1/auth/me s=200 d=1.98ms s=175
INF http m=GET p=/assets/en-BOb8f2G7.js s=200 d=336µs s=5207
INF http m=GET p=/api/v1/notifications/unread-count s=200 d=1.15ms s=25
INF http m=GET p=/favicon.png s=200 d=54µs s=449
ERR Failed to commit DB changes err="failed to stage db changes: exit status 128\nOutput: fatal: Unable to create '/home/runner/work/mddb/mddb/data-e2e/.git/index.lock': File exists.\n\nAnother git process seems to be running in this repository, or the lock file may be stale\n"
INF http m=POST p=/api/v1/organizations s=200 d=8.24ms s=360
INF http m=GET p=/sw.js s=200 d=136µs s=5540
INF http m=GET p=/assets/en-BOb8f2G7.js s=200 d=150µs s=5207
INF http m=GET p=/api/v1/auth/me s=200 d=677µs s=178
INF http m=GET p=/api/v1/auth/me s=200 d=1.21ms s=259
INF http m=GET p=/registerSW.js s=200 d=40µs s=87
INF http m=GET p=/api/v1/notifications/unread-count s=200 d=185µs s=25
INF http m=GET p=/sw.js s=200 d=126µs s=5540
ERR Failed to commit DB changes err="failed to stage db changes: exit status 128\nOutput: fatal: Unable to create '/home/runner/work/mddb/mddb/data-e2e/.git/index.lock': File exists.\n\nAnother git process seems to be running in this repository, or the lock file may be stale\n"
INF http m=POST p=/api/v1/organizations s=200 d=22.1ms s=359
INF http m=GET p=/index.html s=200 d=47µs s=542
INF http m=GET p=/favicon.png s=200 d=59µs s=449
INF http m=GET p=/icon.svg s=200 d=33µs s=195
INF http m=GET p=/icon-512.png s=200 d=115µs s=6498
INF http m=GET p=/icon-192.png s=200 d=61µs s=2468
INF http m=GET p=/favicon.png s=200 d=35µs s=449
INF http m=GET p=/registerSW.js s=200 d=38µs s=87
INF http m=GET p=/api/v1/auth/me s=200 d=685µs s=265
INF http m=GET p=/apple-touch-icon.png s=200 d=36µs s=2298
INF http m=GET p=/assets/material-symbols-names-mOXCVt15.js s=200 d=120µs s=15793
INF http m=GET p=/index.html s=200 d=32µs s=542
INF http m=GET p=/icon.svg s=200 d=41µs s=195
INF http m=GET p=/icon-512.png s=200 d=111µs s=6498
INF http m=GET p=/assets/fr-CgauyyXq.js s=200 d=75µs s=6301
INF http m=GET p=/icon-192.png s=200 d=54µs s=2468
INF http m=GET p=/favicon.png s=200 d=59µs s=449
INF http m=GET p=/assets/es-DHO8DnB9.js s=200 d=138µs s=6015
INF http m=GET p=/apple-touch-icon.png s=200 d=110µs s=2298
INF http m=GET p=/assets/emoji-groups-tsNE8Axz.js s=200 d=156µs s=13852
INF http m=GET p=/assets/material-symbols-names-mOXCVt15.js s=200 d=133µs s=15793
ERR Failed to add workspace submodule wsID=441OLF2LI000 err="failed to add submodule 441OLF2LI000: exit status 128\nOutput: Adding existing repo at '441OLF2LI000' to the index\nfatal: Unable to create '/home/runner/work/mddb/mddb/data-e2e/.git/index.lock': File exists.\n\nAnother git process seems to be running in this repository, or the lock file may be stale\nfatal: Failed to add submodule '441OLF2LI000'\n"
ERR Failed to commit DB changes err="failed to stage db changes: exit status 128\nOutput: fatal: Unable to create '/home/runner/work/mddb/mddb/data-e2e/.git/index.lock': File exists.\n\nAnother git process seems to be running in this repository, or the lock file may be stale\n"
INF http m=POST p=/api/v1/organizations/441OLEDUE000/workspaces s=200 d=207ms s=308
INF http m=GET p=/assets/fr-CgauyyXq.js s=200 d=125µs s=6301
INF http m=GET p=/assets/es-DHO8DnB9.js s=200 d=90µs s=6015
INF http m=GET p=/assets/emoji-groups-tsNE8Axz.js s=200 d=124µs s=13852
INF http m=GET p=/assets/de-qJeflSp6.js s=200 d=192µs s=6245
INF http m=GET p=/assets/WorkspaceSettingsPanel-CsUOm22X.css s=200 d=48µs s=1025
INF http m=GET p=/assets/WorkspaceSettingsPanel-CM5oaFTF.js s=200 d=72µs s=4443
ERR Failed to add workspace submodule wsID=441OLFHUM000 err="failed to add submodule 441OLFHUM000: exit status 128\nOutput: Adding existing repo at '441OLFHUM000' to the index\nfatal: Unable to create '/home/runner/work/mddb/mddb/data-e2e/.git/index.lock': File exists.\n\nAnother git process seems to be running in this repository, or the lock file may be stale\nfatal: Failed to add submodule '441OLFHUM000'\n"
INF http m=GET p=/assets/ServerSettingsPanel-pbgISWIv.css s=200 d=71µs s=596
ERR Failed to commit DB changes err="failed to stage db changes: exit status 128\nOutput: fatal: Unable to create '/home/runner/work/mddb/mddb/data-e2e/.git/index.lock': File exists.\n\nAnother git process seems to be running in this repository, or the lock file may be stale\n"
INF http m=POST p=/api/v1/organizations/441OLEUUE000/workspaces s=200 d=230ms s=307
ERR Failed to commit DB changes err="failed to stage db changes: exit status 128\nOutput: fatal: Unable to create '/home/runner/work/mddb/mddb/data-e2e/.git/index.lock': File exists.\n\nAnother git process seems to be running in this repository, or the lock file may be stale\n"
INF http m=GET p=/assets/de-qJeflSp6.js s=200 d=123µs s=6245
INF http m=POST p=/api/v1/auth/switch-workspace s=200 d=101ms s=607
ERR Failed to commit DB changes err="failed to stage db changes: exit status 128\nOutput: fatal: Unable to create '/home/runner/work/mddb/mddb/data-e2e/.git/index.lock': File exists.\n\nAnother git process seems to be running in this repository, or the lock file may be stale\n"
INF http m=POST p=/api/v1/auth/switch-workspace s=200 d=8.32ms s=643
INF http m=GET p=/assets/ServerSettingsPanel-C8C6nm9a.js s=200 d=41µs s=2550
INF http m=GET p=/assets/WorkspaceSettingsPanel-CsUOm22X.css s=200 d=31µs s=1025
INF http m=GET p=/assets/ResourceQuotaForm-DTSj8Ta5.css s=200 d=29µs s=302
INF http m=GET p=/api/v1/notifications/unread-count s=200 d=222µs s=25
INF http m=GET p=/api/v1/notifications/unread-count s=200 d=3.84ms s=25
INF http m=GET p=/assets/WorkspaceSettingsPanel-CM5oaFTF.js s=200 d=126µs s=4443
INF http m=GET p=/api/v1/workspaces/441OLF2LI000/nodes/0/children s=200 d=873µs s=26
INF http m=GET p=/assets/ResourceQuotaForm-D6gJNn3N.js s=200 d=28µs s=812
INF http m=GET p=/api/v1/workspaces/441OLF2LI000/members s=200 d=2.05ms s=126
INF http m=GET p=/api/v1/workspaces/441OLFHUM000/nodes/0/children s=200 d=12.3ms s=26
INF http m=GET p=/api/v1/workspaces/441OLFHUM000/members s=200 d=14.3ms s=129
INF http m=GET p=/assets/ServerSettingsPanel-pbgISWIv.css s=200 d=43µs s=596
INF http m=GET p=/assets/ProfileSettings-rthGIjGN.js s=200 d=115µs s=4319
INF http m=GET p=/assets/ServerSettingsPanel-C8C6nm9a.js s=200 d=75µs s=2550
INF http m=GET p=/assets/ProfileSettings-D5kbNfHV.css s=200 d=37µs s=1220
INF http m=GET p=/assets/ResourceQuotaForm-DTSj8Ta5.css s=200 d=27µs s=302
ERR Failed to commit DB changes err="failed to stage db changes: exit status 128\nOutput: fatal: Unable to create '/home/runner/work/mddb/mddb/data-e2e/.git/index.lock': File exists.\n\nAnother git process seems to be running in this repository, or the lock file may be stale\n"
INF http m=POST p=/api/v1/workspaces/441OLFHUM000/nodes/0/page/create s=200 d=25.2ms s=35
INF http m=GET p=/assets/OrgSettingsPanel-BP8s6T0h.css s=200 d=32µs s=511
INF http m=GET p=/assets/ResourceQuotaForm-D6gJNn3N.js s=200 d=44µs s=812
INF http m=GET p=/api/v1/workspaces/441OLFHUM000/nodes/0/children s=200 d=1.27ms s=257
INF http m=GET p=/assets/OrgSettingsPanel-B78NX7Vn.js s=200 d=81µs s=2302
INF http m=GET p=/assets/ProfileSettings-rthGIjGN.js s=200 d=67µs s=4319
INF http m=GET p=/api/v1/workspaces/441OLFHUM000/nodes/441OLHD1O000 s=200 d=744µs s=245
INF http m=GET p=/assets/InviteForm-R7w4u6kW.js s=200 d=37µs s=1267
INF http m=GET p=/assets/ProfileSettings-D5kbNfHV.css s=200 d=38µs s=1220
ERR Failed to commit DB changes err="failed to stage db changes: exit status 128\nOutput: fatal: Unable to create '/home/runner/work/mddb/mddb/data-e2e/.git/index.lock': File exists.\n\nAnother git process seems to be running in this repository, or the lock file may be stale\n"
INF http m=POST p=/api/v1/workspaces/441OLF2LI000/nodes/0/page/create s=200 d=46.7ms s=35
INF http m=GET p=/assets/OrgSettingsPanel-BP8s6T0h.css s=200 d=34µs s=511
INF http m=GET p=/api/v1/workspaces/441OLF2LI000/nodes/0/children s=200 d=755µs s=257
INF http m=GET p=/assets/InviteForm-CW-wgFWD.css s=200 d=36µs s=414
INF http m=GET p=/assets/Editor-5FlZhQpN.js s=200 d=83µs s=13509
INF http m=GET p=/assets/Editor-BYBWY7b1.css s=200 d=40µs s=2240
INF http m=GET p=/api/v1/workspaces/441OLF2LI000/nodes/441OLHE1E000 s=200 d=728µs s=245
INF http m=GET p=/assets/OrgSettingsPanel-B78NX7Vn.js s=200 d=71µs s=2302
INF http m=GET p=/assets/Editor-BYBWY7b1.css s=200 d=61µs s=2240
INF http m=GET p=/assets/Editor-5FlZhQpN.js s=200 d=113µs s=13509
INF http m=GET p=/assets/InviteForm-R7w4u6kW.js s=200 d=38µs s=1267
INF http m=GET p=/assets/AdminDashboard-R0heLGro.css s=200 d=47µs s=601
INF http m=GET p=/assets/AdminDashboard-D3Sw1IyX.js s=200 d=57µs s=2075
INF http m=GET p=/assets/InviteForm-CW-wgFWD.css s=200 d=28µs s=414
INF http m=GET p=/manifest.webmanifest s=200 d=40µs s=199
INF http m=GET p=/assets/AdminDashboard-R0heLGro.css s=200 d=55µs s=601
INF http m=GET p=/assets/AdminDashboard-D3Sw1IyX.js s=200 d=61µs s=2075
INF http m=GET p=/manifest.webmanifest s=200 d=39µs s=199
INF http m=GET p=/api/v1/workspaces/441OLFHUM000/events s=200 d=315ms s=206
ERR Failed to commit DB changes err="failed to stage db changes: exit status 128\nOutput: fatal: Unable to create '/home/runner/work/mddb/mddb/data-e2e/.git/index.lock': File exists.\n\nAnother git process seems to be running in this repository, or the lock file may be stale\n"
INF http m=POST p=/api/v1/auth/register s=200 d=98.9ms s=441
INF http m=GET p=/api/v1/auth/me s=200 d=128µs s=188
INF http m=GET p=/w/@first-workspace s=200 d=68µs s=542
INF http m=GET p=/assets/index-SHhnYNGf.js s=200 d=241µs s=49792
INF http m=GET p=/assets/index-DPQ8uk7g.css s=200 d=133µs s=12402
INF http m=GET p=/assets/vendor-C3WBU0hm.js s=200 d=141µs s=29762
INF http m=GET p=/registerSW.js s=200 d=39µs s=87
INF http m=GET p=/assets/editor-vendor-Bje_VwYD.js s=200 d=217µs s=117396
INF http m=GET p=/assets/en-BOb8f2G7.js s=200 d=86µs s=5207
INF http m=GET p=/sw.js s=200 d=128µs s=5540
INF http m=GET p=/favicon.png s=200 d=35µs s=449
INF http m=GET p=/api/v1/notifications/unread-count s=200 d=369µs s=25
INF http m=GET p=/registerSW.js s=200 d=36µs s=87
INF http m=GET p=/index.html s=200 d=42µs s=542
ERR Failed to commit DB changes err="failed to stage db changes: exit status 128\nOutput: fatal: Unable to create '/home/runner/work/mddb/mddb/data-e2e/.git/index.lock': File exists.\n\nAnother git process seems to be running in this repository, or the lock file may be stale\n"
INF http m=POST p=/api/v1/organizations s=200 d=11.1ms s=359
INF http m=GET p=/icon.svg s=200 d=44µs s=195
INF http m=GET p=/icon-512.png s=200 d=64µs s=6498
ERR Failed to commit DB changes err="failed to stage db changes: exit status 128\nOutput: fatal: Unable to create '/home/runner/work/mddb/mddb/data-e2e/.git/index.lock': File exists.\n\nAnother git process seems to be running in this repository, or the lock file may be stale\n"
INF http m=POST p=/api/v1/organizations s=200 d=4.39ms s=359
INF http m=GET p=/icon-192.png s=200 d=53µs s=2468
INF http m=GET p=/favicon.png s=200 d=31µs s=449
INF http m=GET p=/apple-touch-icon.png s=200 d=65µs s=2298
ERR Failed to commit DB changes err="failed to stage db changes: exit status 128\nOutput: fatal: Unable to create '/home/runner/work/mddb/mddb/data-e2e/.git/index.lock': File exists.\n\nAnother git process seems to be running in this repository, or the lock file may be stale\n"
INF http m=POST p=/api/v1/organizations s=200 d=9.74ms s=360
ERR Failed to commit DB changes err="failed to stage db changes: exit status 128\nOutput: fatal: Unable to create '/home/runner/work/mddb/mddb/data-e2e/.git/index.lock': File exists.\n\nAnother git process seems to be running in this repository, or the lock file may be stale\n"
ERR Handler error err="Failed to create membership: quota exceeded" statusCode=500 code=INTERNAL_ERROR
INF http m=POST p=/api/v1/organizations s=500 d=7.54ms s=105
INF http m=GET p=/assets/material-symbols-names-mOXCVt15.js s=200 d=93µs s=15793
INF http m=GET p=/api/v1/workspaces/441OLF2LI000/events s=200 d=916ms s=207
INF http m=GET p=/assets/fr-CgauyyXq.js s=200 d=95µs s=6301
INF http m=GET p=/assets/es-DHO8DnB9.js s=200 d=110µs s=6015
INF http m=GET p=/assets/emoji-groups-tsNE8Axz.js s=200 d=123µs s=13852
INF http m=GET p=/assets/de-qJeflSp6.js s=200 d=124µs s=6245
INF http m=GET p=/assets/WorkspaceSettingsPanel-CsUOm22X.css s=200 d=40µs s=1025
INF http m=GET p=/assets/WorkspaceSettingsPanel-CM5oaFTF.js s=200 d=88µs s=4443
INF http m=GET p=/assets/ServerSettingsPanel-pbgISWIv.css s=200 d=37µs s=596
INF http m=GET p=/assets/ServerSettingsPanel-C8C6nm9a.js s=200 d=61µs s=2550
INF http m=GET p=/assets/ResourceQuotaForm-DTSj8Ta5.css s=200 d=47µs s=302
INF http m=GET p=/assets/ResourceQuotaForm-D6gJNn3N.js s=200 d=52µs s=812
INF http m=GET p=/assets/ProfileSettings-rthGIjGN.js s=200 d=96µs s=4319
INF http m=GET p=/assets/ProfileSettings-D5kbNfHV.css s=200 d=41µs s=1220
INF http m=GET p=/assets/OrgSettingsPanel-BP8s6T0h.css s=200 d=49µs s=511
INF http m=GET p=/assets/OrgSettingsPanel-B78NX7Vn.js s=200 d=55µs s=2302
INF http m=GET p=/assets/InviteForm-R7w4u6kW.js s=200 d=64µs s=1267
INF http m=GET p=/assets/InviteForm-CW-wgFWD.css s=200 d=33µs s=414
INF http m=GET p=/assets/Editor-BYBWY7b1.css s=200 d=40µs s=2240
INF http m=GET p=/assets/Editor-5FlZhQpN.js s=200 d=124µs s=13509
INF http m=GET p=/assets/AdminDashboard-R0heLGro.css s=200 d=75µs s=601
INF http m=GET p=/assets/AdminDashboard-D3Sw1IyX.js s=200 d=70µs s=2075
ERR Failed to commit DB changes err="failed to stage db changes: exit status 128\nOutput: fatal: Unable to create '/home/runner/work/mddb/mddb/data-e2e/.git/index.lock': File exists.\n\nAnother git process seems to be running in this repository, or the lock file may be stale\n"
INF http m=POST p=/api/v1/auth/register s=200 d=129ms s=385
INF http m=GET p=/ s=200 d=69µs s=542
INF http m=GET p=/assets/index-SHhnYNGf.js s=200 d=184µs s=49792
INF http m=GET p=/assets/vendor-C3WBU0hm.js s=200 d=126µs s=29762
INF http m=GET p=/assets/editor-vendor-Bje_VwYD.js s=200 d=234µs s=117396
INF http m=GET p=/assets/index-DPQ8uk7g.css s=200 d=131µs s=12402
INF http m=GET p=/registerSW.js s=200 d=62µs s=87
INF http m=GET p=/api/v1/auth/me s=200 d=686µs s=165
INF http m=GET p=/assets/en-BOb8f2G7.js s=200 d=76µs s=5207
INF http m=GET p=/api/v1/notifications/unread-count s=200 d=4.38ms s=25
ERR Failed to commit DB changes err="failed to stage db changes: exit status 128\nOutput: fatal: Unable to create '/home/runner/work/mddb/mddb/data-e2e/.git/index.lock': File exists.\n\nAnother git process seems to be running in this repository, or the lock file may be stale\n"
INF http m=POST p=/api/v1/organizations s=200 d=6.97ms s=350
INF http m=GET p=/favicon.png s=200 d=65µs s=449
INF http m=GET p=/sw.js s=200 d=122µs s=5540
INF http m=GET p=/api/v1/auth/me s=200 d=1.39ms s=252
ERR Failed to commit DB changes err="failed to stage db changes: exit status 128\nOutput: fatal: Unable to create '/home/runner/work/mddb/mddb/data-e2e/.git/index.lock': File exists.\n\nAnother git process seems to be running in this repository, or the lock file may be stale\n"
INF http m=POST p=/api/v1/auth/register s=200 d=169ms s=388
INF http m=GET p=/registerSW.js s=200 d=58µs s=87
INF http m=GET p=/ s=200 d=38µs s=542
INF http m=GET p=/index.html s=200 d=36µs s=542
INF http m=GET p=/icon.svg s=200 d=46µs s=195
INF http m=GET p=/icon-512.png s=200 d=122µs s=6498
INF http m=GET p=/icon-192.png s=200 d=65µs s=2468
INF http m=GET p=/favicon.png s=200 d=74µs s=449
INF http m=GET p=/assets/editor-vendor-Bje_VwYD.js s=200 d=213µs s=117396
INF http m=GET p=/registerSW.js s=200 d=21µs s=87
INF http m=GET p=/assets/vendor-C3WBU0hm.js s=200 d=97µs s=29762
INF http m=GET p=/assets/index-DPQ8uk7g.css s=200 d=84µs s=12402
INF http m=GET p=/assets/index-SHhnYNGf.js s=200 d=133µs s=49792
INF http m=GET p=/apple-touch-icon.png s=200 d=25µs s=2298
INF http m=GET p=/assets/material-symbols-names-mOXCVt15.js s=200 d=225µs s=15793
ERR Failed to add workspace submodule wsID=441OLR568000 err="failed to add submodule 441OLR568000: exit status 128\nOutput: Adding existing repo at '441OLR568000' to the index\nfatal: Unable to create '/home/runner/work/mddb/mddb/data-e2e/.git/index.lock': File exists.\n\nAnother git process seems to be running in this repository, or the lock file may be stale\nfatal: Failed to add submodule '441OLR568000'\n"
ERR Failed to commit DB changes err="failed to stage db changes: exit status 128\nOutput: fatal: Unable to create '/home/runner/work/mddb/mddb/data-e2e/.git/index.lock': File exists.\n\nAnother git process seems to be running in this repository, or the lock file may be stale\n"
INF http m=POST p=/api/v1/organizations/441OLQJ58000/workspaces s=200 d=159ms s=294
INF http m=GET p=/assets/fr-CgauyyXq.js s=200 d=121µs s=6301
ERR Failed to commit DB changes err="failed to stage db changes: exit status 128\nOutput: fatal: Unable to create '/home/runner/work/mddb/mddb/data-e2e/.git/index.lock': File exists.\n\nAnother git process seems to be running in this repository, or the lock file may be stale\n"
INF http m=POST p=/api/v1/auth/switch-workspace s=200 d=10.6ms s=606
INF http m=GET p=/assets/es-DHO8DnB9.js s=200 d=79µs s=6015
INF http m=GET p=/assets/emoji-groups-tsNE8Axz.js s=200 d=98µs s=13852
INF http m=GET p=/api/v1/notifications/unread-count s=200 d=2.51ms s=25
INF http m=GET p=/api/v1/workspaces/441OLR568000/members s=200 d=1.94ms s=124
INF http m=GET p=/api/v1/workspaces/441OLR568000/nodes/0/children s=200 d=2.3ms s=26
INF http m=GET p=/api/v1/auth/me s=200 d=531µs s=166
INF http m=GET p=/assets/en-BOb8f2G7.js s=200 d=112µs s=5207
INF http m=GET p=/api/v1/notifications/unread-count s=200 d=14.9ms s=25
ERR Failed to commit DB changes err="failed to stage db changes: exit status 128\nOutput: fatal: Unable to create '/home/runner/work/mddb/mddb/data-e2e/.git/index.lock': File exists.\n\nAnother git process seems to be running in this repository, or the lock file may be stale\n"
INF http m=POST p=/api/v1/organizations s=200 d=13.5ms s=350
INF http m=GET p=/api/v1/auth/me s=200 d=782µs s=249
ERR Failed to commit DB changes err="failed to stage db changes: exit status 128\nOutput: fatal: Unable to create '/home/runner/work/mddb/mddb/data-e2e/.git/index.lock': File exists.\n\nAnother git process seems to be running in this repository, or the lock file may be stale\n"
INF http m=POST p=/api/v1/workspaces/441OLR568000/nodes/0/page/create s=200 d=46.8ms s=35
INF http m=GET p=/api/v1/workspaces/441OLR568000/nodes/0/children s=200 d=3.33ms s=315
INF http m=GET p=/sw.js s=200 d=113µs s=5540
ERR Failed to commit DB changes err="failed to stage db changes: exit status 128\nOutput: fatal: Unable to create '/home/runner/work/mddb/mddb/data-e2e/.git/index.lock': File exists.\n\nAnother git process seems to be running in this repository, or the lock file may be stale\n"
INF http m=POST p=/api/v1/workspaces/441OLR568000/nodes/0/table/create s=200 d=57.7ms s=26
INF http m=GET p=/assets/de-qJeflSp6.js s=200 d=64µs s=6245
INF http m=GET p=/w/@441OLR568000+workspace/ s=200 d=51µs s=542
INF http m=GET p=/api/v1/workspaces/441OLR568000/nodes/441OLSPS4000 s=200 d=781µs s=245
INF http m=GET p=/assets/WorkspaceSettingsPanel-CsUOm22X.css s=200 d=30µs s=1025
INF http m=GET p=/favicon.png s=200 d=68µs s=449
INF http m=GET p=/assets/WorkspaceSettingsPanel-CM5oaFTF.js s=200 d=144µs s=4443
INF http m=GET p=/api/v1/workspaces/441OLR568000/events s=200 d=107ms s=231
INF http m=GET p=/registerSW.js s=200 d=49µs s=87
INF http m=GET p=/assets/ServerSettingsPanel-pbgISWIv.css s=200 d=43µs s=596
INF http m=GET p=/index.html s=200 d=39µs s=542
INF http m=GET p=/registerSW.js s=200 d=36µs s=87
INF http m=GET p=/assets/ServerSettingsPanel-C8C6nm9a.js s=200 d=58µs s=2550
INF http m=GET p=/icon.svg s=200 d=43µs s=195
INF http m=GET p=/assets/ResourceQuotaForm-DTSj8Ta5.css s=200 d=52µs s=302
INF http m=GET p=/icon-512.png s=200 d=74µs s=6498
INF http m=GET p=/assets/ResourceQuotaForm-D6gJNn3N.js s=200 d=48µs s=812
INF http m=GET p=/icon-192.png s=200 d=62µs s=2468
INF http m=GET p=/favicon.png s=200 d=66µs s=449
INF http m=GET p=/assets/ProfileSettings-rthGIjGN.js s=200 d=68µs s=4319
INF http m=GET p=/apple-touch-icon.png s=200 d=65µs s=2298
INF http m=GET p=/api/v1/auth/me s=200 d=4.64ms s=353
INF http m=GET p=/assets/ProfileSettings-D5kbNfHV.css s=200 d=44µs s=1220
INF http m=GET p=/assets/OrgSettingsPanel-BP8s6T0h.css s=200 d=43µs s=511
ERR Failed to add workspace submodule wsID=441OLTB1S000 err="failed to add submodule 441OLTB1S000: exit status 128\nOutput: Adding existing repo at '441OLTB1S000' to the index\nfatal: Unable to create '/home/runner/work/mddb/mddb/data-e2e/.git/index.lock': File exists.\n\nAnother git process seems to be running in this repository, or the lock file may be stale\nfatal: Failed to add submodule '441OLTB1S000'\n"
ERR Failed to commit DB changes err="failed to stage db changes: exit status 128\nOutput: fatal: Unable to create '/home/runner/work/mddb/mddb/data-e2e/.git/index.lock': File exists.\n\nAnother git process seems to be running in this repository, or the lock file may be stale\n"
INF http m=POST p=/api/v1/organizations/441OLSRKO000/workspaces s=200 d=164ms s=298
INF http m=GET p=/assets/OrgSettingsPanel-B78NX7Vn.js s=200 d=58µs s=2302
ERR Failed to commit DB changes err="failed to stage db changes: exit status 128\nOutput: fatal: Unable to create '/home/runner/work/mddb/mddb/data-e2e/.git/index.lock': File exists.\n\nAnother git process seems to be running in this repository, or the lock file may be stale\n"
INF http m=POST p=/api/v1/auth/switch-workspace s=200 d=8.81ms s=554
INF http m=GET p=/assets/material-symbols-names-mOXCVt15.js s=200 d=3.96ms s=15793
INF http m=GET p=/assets/InviteForm-R7w4u6kW.js s=200 d=42µs s=1267
INF http m=GET p=/api/v1/workspaces/441OLR568000/nodes/0/children s=200 d=453µs s=315
INF http m=GET p=/assets/InviteForm-CW-wgFWD.css s=200 d=38µs s=414
INF http m=GET p=/api/v1/notifications/unread-count s=200 d=9.41ms s=25
INF http m=GET p=/api/v1/notifications/unread-count s=200 d=294µs s=25
INF http m=GET p=/assets/Editor-BYBWY7b1.css s=200 d=67µs s=2240
INF http m=GET p=/assets/fr-CgauyyXq.js s=200 d=57µs s=6301
INF http m=GET p=/api/v1/workspaces/441OLR568000/nodes/441OLSPS4000 s=200 d=628µs s=245
INF http m=GET p=/api/v1/workspaces/441OLTB1S000/members s=200 d=489µs s=122
INF http m=GET p=/api/v1/workspaces/441OLTB1S000/nodes/0/children s=200 d=229µs s=26
INF http m=GET p=/api/v1/workspaces/441OLR568000/members s=200 d=37.9ms s=124
INF http m=GET p=/assets/Editor-5FlZhQpN.js s=200 d=122µs s=13509
INF http m=GET p=/assets/es-DHO8DnB9.js s=200 d=107µs s=6015
INF http m=GET p=/assets/AdminDashboard-R0heLGro.css s=200 d=42µs s=601
INF http m=GET p=/assets/AdminDashboard-D3Sw1IyX.js s=200 d=61µs s=2075
INF http m=GET p=/manifest.webmanifest s=200 d=44µs s=199
INF http m=GET p=/assets/emoji-groups-tsNE8Axz.js s=200 d=116µs s=13852
ERR Failed to commit DB changes err="failed to stage db changes: exit status 128\nOutput: fatal: Unable to create '/home/runner/work/mddb/mddb/data-e2e/.git/index.lock': File exists.\n\nAnother git process seems to be running in this repository, or the lock file may be stale\n"
INF http m=POST p=/api/v1/workspaces/441OLTB1S000/nodes/0/page/create s=200 d=43.6ms s=35
INF http m=GET p=/api/v1/workspaces/441OLTB1S000/nodes/0/children s=200 d=669µs s=312
INF http m=GET p=/api/v1/workspaces/441OLR568000/nodes/441OLT0SU000 s=200 d=890µs s=175
INF http m=GET p=/api/v1/workspaces/441OLTB1S000/nodes/441OLV1Q6000 s=200 d=1.36ms s=245
ERR Failed to commit DB changes err="failed to stage db changes: exit status 128\nOutput: fatal: Unable to create '/home/runner/work/mddb/mddb/data-e2e/.git/index.lock': File exists.\n\nAnother git process seems to be running in this repository, or the lock file may be stale\n"
INF http m=POST p=/api/v1/workspaces/441OLTB1S000/nodes/0/table/create s=200 d=69.8ms s=26
INF http m=GET p=/assets/Editor-5FlZhQpN.js s=200 d=101µs s=13509
INF http m=GET p=/api/v1/workspaces/441OLR568000/nodes/441OLT0SU000/table/records s=200 d=702µs s=28
INF http m=GET p=/w/@441OLTB1S000+workspace/@441OLV1Q6000+welcome s=200 d=40µs s=542
INF http m=GET p=/assets/Editor-BYBWY7b1.css s=200 d=66µs s=2240
INF http m=GET p=/api/v1/workspaces/441OLTB1S000/events s=200 d=149ms s=232
INF http m=GET p=/assets/de-qJeflSp6.js s=200 d=79µs s=6245
INF http m=GET p=/registerSW.js s=200 d=42µs s=87
INF http m=GET p=/assets/WorkspaceSettingsPanel-CsUOm22X.css s=200 d=40µs s=1025
INF http m=GET p=/assets/WorkspaceSettingsPanel-CM5oaFTF.js s=200 d=128µs s=4443
INF http m=GET p=/api/v1/auth/me s=200 d=893µs s=349
INF http m=GET p=/assets/ServerSettingsPanel-pbgISWIv.css s=200 d=51µs s=596
INF http m=GET p=/assets/ServerSettingsPanel-C8C6nm9a.js s=200 d=52µs s=2550
INF http m=GET p=/assets/ResourceQuotaForm-DTSj8Ta5.css s=200 d=68µs s=302
INF http m=GET p=/assets/ResourceQuotaForm-D6gJNn3N.js s=200 d=55µs s=812
INF http m=GET p=/assets/ProfileSettings-rthGIjGN.js s=200 d=112µs s=4319
INF http m=GET p=/assets/ProfileSettings-D5kbNfHV.css s=200 d=42µs s=1220
INF http m=GET p=/api/v1/notifications/unread-count s=200 d=139µs s=25
INF http m=GET p=/assets/OrgSettingsPanel-BP8s6T0h.css s=200 d=29µs s=511
INF http m=GET p=/api/v1/workspaces/441OLTB1S000/nodes/0/children s=200 d=941µs s=312
INF http m=GET p=/api/v1/workspaces/441OLTB1S000/members s=200 d=565µs s=122
INF http m=GET p=/api/v1/workspaces/441OLTB1S000/nodes/441OLV1Q6000 s=200 d=9.81ms s=245
INF http m=GET p=/assets/OrgSettingsPanel-B78NX7Vn.js s=200 d=75µs s=2302
INF http m=GET p=/assets/InviteForm-R7w4u6kW.js s=200 d=50µs s=1267
INF http m=GET p=/assets/InviteForm-CW-wgFWD.css s=200 d=60µs s=414
INF http m=GET p=/assets/AdminDashboard-R0heLGro.css s=200 d=42µs s=601
INF http m=GET p=/api/v1/workspaces/441OLR568000/events s=200 d=345ms s=93
INF http m=GET p=/assets/AdminDashboard-D3Sw1IyX.js s=200 d=64µs s=2075
INF http m=GET p=/manifest.webmanifest s=200 d=33µs s=199
INF http m=GET p=/api/v1/workspaces/441OLTB1S000/nodes/441OLV8F0000 s=200 d=428µs s=175
INF http m=GET p=/api/v1/workspaces/441OLTB1S000/nodes/441OLV8F0000/table/records s=200 d=251µs s=28
ERR Failed to commit DB changes err="failed to stage db changes: exit status 128\nOutput: fatal: Unable to create '/home/runner/work/mddb/mddb/data-e2e/.git/index.lock': File exists.\n\nAnother git process seems to be running in this repository, or the lock file may be stale\n"
INF http m=POST p=/api/v1/auth/register s=200 d=98ms s=390
INF http m=GET p=/api/v1/workspaces/441OLTB1S000/nodes/441OLV8F0000/table s=200 d=369µs s=179
INF http m=GET p=/ s=200 d=40µs s=542
ERR Failed to commit DB changes err="failed to stage db changes: exit status 128\nOutput: fatal: Unable to create '/home/runner/work/mddb/mddb/data-e2e/.git/index.lock': File exists.\n\nAnother git process seems to be running in this repository, or the lock file may be stale\n"
INF http m=POST p=/api/v1/workspaces/441OLTB1S000/nodes/441OLV8F0000/table s=200 d=32.8ms s=35
INF http m=GET p=/assets/vendor-C3WBU0hm.js s=200 d=154µs s=29762
INF http m=GET p=/registerSW.js s=200 d=30µs s=87
INF http m=GET p=/assets/editor-vendor-Bje_VwYD.js s=200 d=162µs s=117396
INF http m=GET p=/assets/index-DPQ8uk7g.css s=200 d=154µs s=12402
INF http m=GET p=/assets/index-SHhnYNGf.js s=200 d=97µs s=49792
INF http m=GET p=/api/v1/workspaces/441OLTB1S000/events s=200 d=475ms s=212
INF http m=GET p=/api/v1/auth/me s=200 d=304µs s=162
INF http m=GET p=/sw.js s=200 d=85µs s=5540
INF http m=GET p=/assets/en-BOb8f2G7.js s=200 d=55µs s=5207
INF http m=GET p=/favicon.png s=200 d=50µs s=449
INF http m=GET p=/api/v1/notifications/unread-count s=200 d=568µs s=25
ERR Failed to commit DB changes err="failed to stage db changes: exit status 128\nOutput: fatal: Unable to create '/home/runner/work/mddb/mddb/data-e2e/.git/index.lock': File exists.\n\nAnother git process seems to be running in this repository, or the lock file may be stale\n"
INF http m=POST p=/api/v1/organizations s=200 d=11.1ms s=348
INF http m=GET p=/api/v1/auth/me s=200 d=791µs s=248
INF http m=GET p=/registerSW.js s=200 d=45µs s=87
INF http m=GET p=/index.html s=200 d=76µs s=542
INF http m=GET p=/icon.svg s=200 d=35µs s=195
INF http m=GET p=/icon-512.png s=200 d=63µs s=6498
INF http m=GET p=/icon-192.png s=200 d=69µs s=2468
INF http m=GET p=/favicon.png s=200 d=41µs s=449
INF http m=GET p=/apple-touch-icon.png s=200 d=48µs s=2298
ERR Failed to add workspace submodule wsID=441OM4ILC000 err="failed to add submodule 441OM4ILC000: exit status 128\nOutput: Adding existing repo at '441OM4ILC000' to the index\nfatal: Unable to create '/home/runner/work/mddb/mddb/data-e2e/.git/index.lock': File exists.\n\nAnother git process seems to be running in this repository, or the lock file may be stale\nfatal: Failed to add submodule '441OM4ILC000'\n"
ERR Failed to commit DB changes err="failed to stage db changes: exit status 128\nOutput: fatal: Unable to create '/home/runner/work/mddb/mddb/data-e2e/.git/index.lock': File exists.\n\nAnother git process seems to be running in this repository, or the lock file may be stale\n"
INF http m=POST p=/api/v1/organizations/441OM44R0000/workspaces s=200 d=111ms s=298
ERR Failed to commit DB changes err="failed to stage db changes: exit status 128\nOutput: fatal: Unable to create '/home/runner/work/mddb/mddb/data-e2e/.git/index.lock': File exists.\n\nAnother git process seems to be running in this repository, or the lock file may be stale\n"
INF http m=POST p=/api/v1/auth/switch-workspace s=200 d=12.1ms s=572
ERR Failed to commit DB changes err="failed to stage db changes: exit status 128\nOutput: fatal: Unable to create '/home/runner/work/mddb/mddb/data-e2e/.git/index.lock': File exists.\n\nAnother git process seems to be running in this repository, or the lock file may be stale\n"
INF http m=POST p=/api/v1/auth/register s=200 d=98.8ms s=398
INF http m=GET p=/ s=200 d=57µs s=542
INF http m=GET p=/assets/material-symbols-names-mOXCVt15.js s=200 d=289µs s=15793
INF http m=GET p=/api/v1/notifications/unread-count s=200 d=161µs s=25
INF http m=GET p=/api/v1/workspaces/441OM4ILC000/members s=200 d=469µs s=128
INF http m=GET p=/api/v1/workspaces/441OM4ILC000/nodes/0/children s=200 d=276µs s=26
INF http m=GET p=/registerSW.js s=200 d=47µs s=87
INF http m=GET p=/assets/index-DPQ8uk7g.css s=200 d=122µs s=12402
INF http m=GET p=/assets/index-SHhnYNGf.js s=200 d=140µs s=49792
INF http m=GET p=/assets/vendor-C3WBU0hm.js s=200 d=130µs s=29762
INF http m=GET p=/assets/editor-vendor-Bje_VwYD.js s=200 d=316µs s=117396
INF http m=GET p=/assets/fr-CgauyyXq.js s=200 d=108µs s=6301
INF http m=GET p=/assets/es-DHO8DnB9.js s=200 d=93µs s=6015
ERR Failed to commit DB changes err="failed to stage db changes: exit status 128\nOutput: fatal: Unable to create '/home/runner/work/mddb/mddb/data-e2e/.git/index.lock': File exists.\n\nAnother git process seems to be running in this repository, or the lock file may be stale\n"
INF http m=POST p=/api/v1/workspaces/441OM4ILC000/nodes/0/page/create s=200 d=45.7ms s=35
INF http m=GET p=/assets/emoji-groups-tsNE8Axz.js s=200 d=109µs s=13852
INF http m=GET p=/api/v1/workspaces/441OM4ILC000/nodes/0/children s=200 d=435µs s=316
INF http m=GET p=/api/v1/workspaces/441OM4ILC000/nodes/441OM640S000 s=200 d=349µs s=245
ERR Failed to commit DB changes err="failed to stage db changes: exit status 128\nOutput: fatal: Unable to create '/home/runner/work/mddb/mddb/data-e2e/.git/index.lock': File exists.\n\nAnother git process seems to be running in this repository, or the lock file may be stale\n"
INF http m=POST p=/api/v1/workspaces/441OM4ILC000/nodes/0/table/create s=200 d=75ms s=26
INF http m=GET p=/api/v1/auth/me s=200 d=268µs s=167
INF http m=GET p=/assets/en-BOb8f2G7.js s=200 d=95µs s=5207
INF http m=GET p=/api/v1/notifications/unread-count s=200 d=181µs s=25
INF http m=GET p=/w/@441OM4ILC000+workspace/@441OM640S000+welcome s=200 d=31µs s=542
INF http m=GET p=/assets/Editor-5FlZhQpN.js s=200 d=107µs s=13509
INF http m=GET p=/assets/Editor-BYBWY7b1.css s=200 d=71µs s=2240
INF http m=GET p=/favicon.png s=200 d=42µs s=449
ERR Failed to commit DB changes err="failed to stage db changes: exit status 128\nOutput: fatal: Unable to create '/home/runner/work/mddb/mddb/data-e2e/.git/index.lock': File exists.\n\nAnother git process seems to be running in this repository, or the lock file may be stale\n"
INF http m=POST p=/api/v1/organizations s=200 d=9.65ms s=351
INF http m=GET p=/sw.js s=200 d=80µs s=5540
INF http m=GET p=/api/v1/workspaces/441OM4ILC000/events s=200 d=149ms s=225
INF http m=GET p=/registerSW.js s=200 d=57µs s=87
INF http m=GET p=/api/v1/auth/me s=200 d=273µs s=251
INF http m=GET p=/registerSW.js s=200 d=52µs s=87
INF http m=GET p=/api/v1/auth/me s=200 d=263µs s=351
INF http m=GET p=/assets/de-qJeflSp6.js s=200 d=54µs s=6245
INF http m=GET p=/index.html s=200 d=88µs s=542
INF http m=GET p=/icon.svg s=200 d=45µs s=195
INF http m=GET p=/assets/WorkspaceSettingsPanel-CsUOm22X.css s=200 d=38µs s=1025
INF http m=GET p=/assets/WorkspaceSettingsPanel-CM5oaFTF.js s=200 d=111µs s=4443
INF http m=GET p=/icon-512.png s=200 d=83µs s=6498
INF http m=GET p=/assets/ServerSettingsPanel-pbgISWIv.css s=200 d=33µs s=596
INF http m=GET p=/icon-192.png s=200 d=46µs s=2468
INF http m=GET p=/assets/ServerSettingsPanel-C8C6nm9a.js s=200 d=48µs s=2550
INF http m=GET p=/favicon.png s=200 d=34µs s=449
INF http m=GET p=/assets/ResourceQuotaForm-DTSj8Ta5.css s=200 d=32µs s=302
INF http m=GET p=/api/v1/notifications/unread-count s=200 d=177µs s=25
INF http m=GET p=/api/v1/workspaces/441OM4ILC000/members s=200 d=313µs s=128
INF http m=GET p=/assets/ResourceQuotaForm-D6gJNn3N.js s=200 d=47µs s=812
INF http m=GET p=/apple-touch-icon.png s=200 d=1.36ms s=2298
INF http m=GET p=/assets/ProfileSettings-rthGIjGN.js s=200 d=2.4ms s=4319
INF http m=GET p=/api/v1/workspaces/441OM4ILC000/nodes/441OM640S000 s=200 d=24.5ms s=245
INF http m=GET p=/api/v1/workspaces/441OM4ILC000/nodes/0/children s=200 d=39ms s=316
INF http m=GET p=/assets/ProfileSettings-D5kbNfHV.css s=200 d=51µs s=1220
INF http m=GET p=/assets/OrgSettingsPanel-BP8s6T0h.css s=200 d=45µs s=511
INF http m=GET p=/assets/OrgSettingsPanel-B78NX7Vn.js s=200 d=67µs s=2302
INF http m=GET p=/assets/material-symbols-names-mOXCVt15.js s=200 d=116µs s=15793
INF http m=GET p=/assets/InviteForm-R7w4u6kW.js s=200 d=23µs s=1267
INF http m=GET p=/assets/InviteForm-CW-wgFWD.css s=200 d=40µs s=414
ERR Failed to add workspace submodule wsID=441OM77VO000 err="failed to add submodule 441OM77VO000: exit status 128\nOutput: Adding existing repo at '441OM77VO000' to the index\nfatal: Unable to create '/home/runner/work/mddb/mddb/data-e2e/.git/index.lock': File exists.\n\nAnother git process seems to be running in this repository, or the lock file may be stale\nfatal: Failed to add submodule '441OM77VO000'\n"
ERR Failed to commit DB changes err="failed to stage db changes: exit status 128\nOutput: fatal: Unable to create '/home/runner/work/mddb/mddb/data-e2e/.git/index.lock': File exists.\n\nAnother git process seems to be running in this repository, or the lock file may be stale\n"
INF http m=GET p=/assets/AdminDashboard-R0heLGro.css s=200 d=42µs s=601
INF http m=POST p=/api/v1/organizations/441OM6Q2Q000/workspaces s=200 d=192ms s=300
INF http m=GET p=/assets/fr-CgauyyXq.js s=200 d=67µs s=6301
INF http m=GET p=/assets/AdminDashboard-D3Sw1IyX.js s=200 d=44µs s=2075
ERR Failed to commit DB changes err="failed to stage db changes: exit status 128\nOutput: fatal: Unable to create '/home/runner/work/mddb/mddb/data-e2e/.git/index.lock': File exists.\n\nAnother git process seems to be running in this repository, or the lock file may be stale\n"
INF http m=POST p=/api/v1/auth/switch-workspace s=200 d=9.18ms s=575
INF http m=GET p=/manifest.webmanifest s=200 d=41µs s=199
INF http m=GET p=/assets/es-DHO8DnB9.js s=200 d=68µs s=6015
INF http m=GET p=/assets/emoji-groups-tsNE8Axz.js s=200 d=113µs s=13852
INF http m=GET p=/api/v1/notifications/unread-count s=200 d=184µs s=25
INF http m=GET p=/api/v1/workspaces/441OM4ILC000/nodes/441OM6AR2000 s=200 d=732µs s=176
INF http m=GET p=/api/v1/workspaces/441OM77VO000/nodes/0/children s=200 d=306µs s=26
INF http m=GET p=/api/v1/workspaces/441OM77VO000/members s=200 d=526µs s=130
INF http m=GET p=/api/v1/workspaces/441OM4ILC000/nodes/441OM6AR2000/table/records s=200 d=285µs s=28
ERR Failed to commit DB changes err="failed to stage db changes: exit status 128\nOutput: fatal: Unable to create '/home/runner/work/mddb/mddb/data-e2e/.git/index.lock': File exists.\n\nAnother git process seems to be running in this repository, or the lock file may be stale\n"
INF http m=POST p=/api/v1/workspaces/441OM77VO000/nodes/0/page/create s=200 d=30.5ms s=35
INF http m=GET p=/api/v1/workspaces/441OM77VO000/nodes/0/children s=200 d=1.46ms s=314
INF http m=GET p=/api/v1/workspaces/441OM77VO000/nodes/441OM8VVU000 s=200 d=1.39ms s=245
INF http m=GET p=/assets/de-qJeflSp6.js s=200 d=77µs s=6245
ERR Failed to commit DB changes err="failed to stage db changes: exit status 128\nOutput: fatal: Unable to create '/home/runner/work/mddb/mddb/data-e2e/.git/index.lock': File exists.\n\nAnother git process seems to be running in this repository, or the lock file may be stale\n"
INF http m=POST p=/api/v1/workspaces/441OM77VO000/nodes/0/table/create s=200 d=42.7ms s=26
INF http m=GET p=/assets/Editor-BYBWY7b1.css s=200 d=132µs s=2240
INF http m=GET p=/assets/Editor-5FlZhQpN.js s=200 d=79µs s=13509
INF http m=GET p=/w/@441OM77VO000+workspace/@441OM8VVU000+welcome s=200 d=30µs s=542
INF http m=GET p=/assets/WorkspaceSettingsPanel-CsUOm22X.css s=200 d=40µs s=1025
INF http m=GET p=/api/v1/workspaces/441OM77VO000/events s=200 d=106ms s=232
INF http m=GET p=/assets/WorkspaceSettingsPanel-CM5oaFTF.js s=200 d=98µs s=4443
INF http m=GET p=/registerSW.js s=200 d=79µs s=87
INF http m=GET p=/assets/ServerSettingsPanel-pbgISWIv.css s=200 d=42µs s=596
INF http m=GET p=/assets/ServerSettingsPanel-C8C6nm9a.js s=200 d=62µs s=2550
INF http m=GET p=/assets/ResourceQuotaForm-DTSj8Ta5.css s=200 d=40µs s=302
INF http m=GET p=/api/v1/auth/me s=200 d=761µs s=354
INF http m=GET p=/assets/ResourceQuotaForm-D6gJNn3N.js s=200 d=39µs s=812
INF http m=GET p=/api/v1/workspaces/441OM77VO000/members s=200 d=878µs s=130
INF http m=GET p=/api/v1/workspaces/441OM77VO000/nodes/0/children s=200 d=758µs s=314
INF http m=GET p=/api/v1/notifications/unread-count s=200 d=996µs s=25
INF http m=GET p=/api/v1/workspaces/441OM77VO000/nodes/441OM8VVU000 s=200 d=4.9ms s=245
INF http m=GET p=/assets/ProfileSettings-rthGIjGN.js s=200 d=172µs s=4319
INF http m=GET p=/assets/ProfileSettings-D5kbNfHV.css s=200 d=53µs s=1220
INF http m=GET p=/assets/OrgSettingsPanel-BP8s6T0h.css s=200 d=44µs s=511
INF http m=GET p=/assets/OrgSettingsPanel-B78NX7Vn.js s=200 d=53µs s=2302
INF http m=GET p=/assets/InviteForm-R7w4u6kW.js s=200 d=44µs s=1267
INF http m=GET p=/assets/InviteForm-CW-wgFWD.css s=200 d=52µs s=414
INF http m=GET p=/assets/AdminDashboard-R0heLGro.css s=200 d=57µs s=601
INF http m=GET p=/api/v1/workspaces/441OM4ILC000/nodes/441OM6AR2000/table s=200 d=339µs s=166
ERR Failed to commit DB changes err="failed to stage db changes: exit status 128\nOutput: fatal: Unable to create '/home/runner/work/mddb/mddb/data-e2e/.git/index.lock': File exists.\n\nAnother git process seems to be running in this repository, or the lock file may be stale\n"
INF http m=GET p=/assets/AdminDashboard-D3Sw1IyX.js s=200 d=1.14ms s=2075
INF http m=POST p=/api/v1/workspaces/441OM4ILC000/nodes/441OM6AR2000/table s=200 d=31.8ms s=35
INF http m=GET p=/manifest.webmanifest s=200 d=36µs s=199
INF http m=GET p=/api/v1/workspaces/441OM77VO000/nodes/441OM94U8000 s=200 d=414µs s=175
INF http m=GET p=/api/v1/workspaces/441OM77VO000/nodes/441OM94U8000/table/records s=200 d=295µs s=28
INF http m=GET p=/api/v1/workspaces/441OM4ILC000/events s=200 d=482ms s=212
ERR Failed to commit DB changes err="failed to stage db changes: exit status 128\nOutput: fatal: Unable to create '/home/runner/work/mddb/mddb/data-e2e/.git/index.lock': File exists.\n\nAnother git process seems to be running in this repository, or the lock file may be stale\n"
INF http m=POST p=/api/v1/auth/register s=200 d=78.4ms s=391
INF http m=GET p=/ s=200 d=60µs s=542
INF http m=GET p=/assets/index-SHhnYNGf.js s=200 d=188µs s=49792
INF http m=GET p=/assets/index-DPQ8uk7g.css s=200 d=147µs s=12402
INF http m=GET p=/assets/editor-vendor-Bje_VwYD.js s=200 d=244µs s=117396
INF http m=GET p=/api/v1/workspaces/441OM77VO000/nodes/441OM94U8000/table s=200 d=300µs s=178
INF http m=GET p=/assets/vendor-C3WBU0hm.js s=200 d=155µs s=29762
INF http m=GET p=/registerSW.js s=200 d=48µs s=87
ERR Failed to commit DB changes err="failed to stage db changes: exit status 128\nOutput: fatal: Unable to create '/home/runner/work/mddb/mddb/data-e2e/.git/index.lock': File exists.\n\nAnother git process seems to be running in this repository, or the lock file may be stale\n"
INF http m=POST p=/api/v1/workspaces/441OM77VO000/nodes/441OM94U8000/table s=200 d=44.3ms s=35
INF http m=GET p=/api/v1/workspaces/441OM77VO000/events s=200 d=466ms s=206
INF http m=GET p=/assets/en-BOb8f2G7.js s=200 d=93µs s=5207
INF http m=GET p=/api/v1/auth/me s=200 d=235µs s=167
INF http m=GET p=/api/v1/notifications/unread-count s=200 d=196µs s=25
INF http m=GET p=/sw.js s=200 d=81µs s=5540
ERR Failed to commit DB changes err="failed to stage db changes: exit status 128\nOutput: fatal: Unable to create '/home/runner/work/mddb/mddb/data-e2e/.git/index.lock': File exists.\n\nAnother git process seems to be running in this repository, or the lock file may be stale\n"
INF http m=POST p=/api/v1/organizations s=200 d=11.5ms s=352
INF http m=GET p=/favicon.png s=200 d=63µs s=449
INF http m=GET p=/api/v1/auth/me s=200 d=388µs s=253
INF http m=GET p=/registerSW.js s=200 d=33µs s=87
INF http m=GET p=/index.html s=200 d=36µs s=542
INF http m=GET p=/icon.svg s=200 d=40µs s=195
INF http m=GET p=/icon-512.png s=200 d=104µs s=6498
INF http m=GET p=/icon-192.png s=200 d=75µs s=2468
INF http m=GET p=/favicon.png s=200 d=33µs s=449
INF http m=GET p=/apple-touch-icon.png s=200 d=55µs s=2298
INF http m=GET p=/assets/material-symbols-names-mOXCVt15.js s=200 d=103µs s=15793
INF http m=GET p=/assets/fr-CgauyyXq.js s=200 d=90µs s=6301
INF http m=GET p=/assets/es-DHO8DnB9.js s=200 d=90µs s=6015
ERR Failed to add workspace submodule wsID=441OMDSUC000 err="failed to add submodule 441OMDSUC000: exit status 128\nOutput: Adding existing repo at '441OMDSUC000' to the index\nfatal: Unable to create '/home/runner/work/mddb/mddb/data-e2e/.git/index.lock': File exists.\n\nAnother git process seems to be running in this repository, or the lock file may be stale\nfatal: Failed to add submodule '441OMDSUC000'\n"
ERR Failed to commit DB changes err="failed to stage db changes: exit status 128\nOutput: fatal: Unable to create '/home/runner/work/mddb/mddb/data-e2e/.git/index.lock': File exists.\n\nAnother git process seems to be running in this repository, or the lock file may be stale\n"
INF http m=POST p=/api/v1/organizations/441OMDI0I000/workspaces s=200 d=179ms s=298
INF http m=GET p=/assets/emoji-groups-tsNE8Axz.js s=200 d=102µs s=13852
ERR Failed to commit DB changes err="failed to stage db changes: exit status 128\nOutput: fatal: Unable to create '/home/runner/work/mddb/mddb/data-e2e/.git/index.lock': File exists.\n\nAnother git process seems to be running in this repository, or the lock file may be stale\n"
INF http m=POST p=/api/v1/auth/switch-workspace s=200 d=13ms s=577
INF http m=GET p=/api/v1/notifications/unread-count s=200 d=230µs s=25
INF http m=GET p=/api/v1/workspaces/441OMDSUC000/nodes/0/children s=200 d=353µs s=26
INF http m=GET p=/api/v1/workspaces/441OMDSUC000/members s=200 d=645µs s=128
INF http m=GET p=/assets/de-qJeflSp6.js s=200 d=128µs s=6245
ERR Failed to commit DB changes err="failed to stage db changes: exit status 128\nOutput: fatal: Unable to create '/home/runner/work/mddb/mddb/data-e2e/.git/index.lock': File exists.\n\nAnother git process seems to be running in this repository, or the lock file may be stale\n"
INF http m=POST p=/api/v1/workspaces/441OMDSUC000/nodes/0/table/create s=200 d=35ms s=26
INF http m=GET p=/w/@441OMDSUC000+workspace/ s=200 d=38µs s=542
INF http m=GET p=/assets/WorkspaceSettingsPanel-CsUOm22X.css s=200 d=33µs s=1025
INF http m=GET p=/api/v1/workspaces/441OMDSUC000/events s=200 d=72.2ms s=207
INF http m=GET p=/assets/WorkspaceSettingsPanel-CM5oaFTF.js s=200 d=72µs s=4443
ERR Failed to commit DB changes err="failed to stage db changes: exit status 128\nOutput: fatal: Unable to create '/home/runner/work/mddb/mddb/data-e2e/.git/index.lock': File exists.\n\nAnother git process seems to be running in this repository, or the lock file may be stale\n"
INF http m=POST p=/api/v1/auth/register s=200 d=161ms s=392
ERR Failed to commit DB changes err="failed to stage db changes: exit status 128\nOutput: fatal: Unable to create '/home/runner/work/mddb/mddb/data-e2e/.git/index.lock': File exists.\n\nAnother git process seems to be running in this repository, or the lock file may be stale\n"
INF http m=POST p=/api/v1/workspaces/441OMDSUC000/nodes/0/page/create s=200 d=71.5ms s=35
INF http m=GET p=/ s=200 d=52µs s=542
INF http m=GET p=/assets/ServerSettingsPanel-pbgISWIv.css s=200 d=31µs s=596
INF http m=GET p=/registerSW.js s=200 d=27µs s=87
INF http m=GET p=/assets/ServerSettingsPanel-C8C6nm9a.js s=200 d=64µs s=2550
INF http m=GET p=/api/v1/auth/me s=200 d=273µs s=356
INF http m=GET p=/assets/index-DPQ8uk7g.css s=200 d=106µs s=12402
INF http m=GET p=/assets/index-SHhnYNGf.js s=200 d=1.22ms s=49792
INF http m=GET p=/assets/ResourceQuotaForm-DTSj8Ta5.css s=200 d=43µs s=302
INF http m=GET p=/registerSW.js s=200 d=51µs s=87
INF http m=GET p=/assets/vendor-C3WBU0hm.js s=200 d=133µs s=29762
INF http m=GET p=/assets/editor-vendor-Bje_VwYD.js s=200 d=185µs s=117396
INF http m=GET p=/assets/ResourceQuotaForm-D6gJNn3N.js s=200 d=52µs s=812
INF http m=GET p=/assets/ProfileSettings-rthGIjGN.js s=200 d=121µs s=4319
INF http m=GET p=/assets/ProfileSettings-D5kbNfHV.css s=200 d=53µs s=1220
INF http m=GET p=/assets/OrgSettingsPanel-BP8s6T0h.css s=200 d=48µs s=511
INF http m=GET p=/assets/OrgSettingsPanel-B78NX7Vn.js s=200 d=62µs s=2302
INF http m=GET p=/api/v1/workspaces/441OMDSUC000/nodes/0/children s=200 d=506µs s=304
INF http m=GET p=/api/v1/notifications/unread-count s=200 d=180µs s=25
INF http m=GET p=/api/v1/workspaces/441OMDSUC000/members s=200 d=207µs s=128
INF http m=GET p=/assets/InviteForm-R7w4u6kW.js s=200 d=55µs s=1267
INF http m=GET p=/assets/InviteForm-CW-wgFWD.css s=200 d=61µs s=414
INF http m=GET p=/assets/en-BOb8f2G7.js s=200 d=109µs s=5207
INF http m=GET p=/api/v1/auth/me s=200 d=220µs s=164
INF http m=GET p=/assets/Editor-BYBWY7b1.css s=200 d=97µs s=2240
INF http m=GET p=/assets/Editor-5FlZhQpN.js s=200 d=82µs s=13509
INF http m=GET p=/api/v1/workspaces/441OMDSUC000/nodes/441OMFIGK000 s=200 d=402µs s=176
INF http m=GET p=/favicon.png s=200 d=38µs s=449
INF http m=GET p=/api/v1/notifications/unread-count s=200 d=180µs s=25
INF http m=GET p=/assets/AdminDashboard-R0heLGro.css s=200 d=33µs s=601
ERR Failed to commit DB changes err="failed to stage db changes: exit status 128\nOutput: fatal: Unable to create '/home/runner/work/mddb/mddb/data-e2e/.git/index.lock': File exists.\n\nAnother git process seems to be running in this repository, or the lock file may be stale\n"
INF http m=POST p=/api/v1/organizations s=200 d=11.4ms s=350
INF http m=GET p=/assets/AdminDashboard-D3Sw1IyX.js s=200 d=47µs s=2075
INF http m=GET p=/manifest.webmanifest s=200 d=38µs s=199
INF http m=GET p=/api/v1/workspaces/441OMDSUC000/nodes/441OMFIGK000/table/records s=200 d=228µs s=28
INF http m=GET p=/sw.js s=200 d=268µs s=5540
INF http m=GET p=/api/v1/auth/me s=200 d=821µs s=249
INF http m=GET p=/registerSW.js s=200 d=38µs s=87
INF http m=GET p=/index.html s=200 d=39µs s=542
INF http m=GET p=/icon.svg s=200 d=38µs s=195
INF http m=GET p=/icon-512.png s=200 d=76µs s=6498
INF http m=GET p=/icon-192.png s=200 d=65µs s=2468
INF http m=GET p=/favicon.png s=200 d=36µs s=449
INF http m=GET p=/apple-touch-icon.png s=200 d=53µs s=2298
INF http m=GET p=/assets/material-symbols-names-mOXCVt15.js s=200 d=147µs s=15793
ERR Failed to add workspace submodule wsID=441OMHLNE000 err="failed to add submodule 441OMHLNE000: exit status 128\nOutput: Adding existing repo at '441OMHLNE000' to the index\nfatal: Unable to create '/home/runner/work/mddb/mddb/data-e2e/.git/index.lock': File exists.\n\nAnother git process seems to be running in this repository, or the lock file may be stale\nfatal: Failed to add submodule '441OMHLNE000'\n"
ERR Failed to commit DB changes err="failed to stage db changes: exit status 128\nOutput: fatal: Unable to create '/home/runner/work/mddb/mddb/data-e2e/.git/index.lock': File exists.\n\nAnother git process seems to be running in this repository, or the lock file may be stale\n"
INF http m=POST p=/api/v1/organizations/441OMH9N8000/workspaces s=200 d=103ms s=298
ERR Failed to commit DB changes err="failed to stage db changes: exit status 128\nOutput: fatal: Unable to create '/home/runner/work/mddb/mddb/data-e2e/.git/index.lock': File exists.\n\nAnother git process seems to be running in this repository, or the lock file may be stale\n"
INF http m=POST p=/api/v1/auth/switch-workspace s=200 d=11.2ms s=609
INF http m=GET p=/assets/fr-CgauyyXq.js s=200 d=262µs s=6301
INF http m=GET p=/assets/es-DHO8DnB9.js s=200 d=85µs s=6015
INF http m=GET p=/api/v1/notifications/unread-count s=200 d=171µs s=25
INF http m=GET p=/api/v1/workspaces/441OMHLNE000/members s=200 d=3.87ms s=126
INF http m=GET p=/api/v1/workspaces/441OMHLNE000/nodes/0/children s=200 d=5.07ms s=26
INF http m=GET p=/assets/emoji-groups-tsNE8Axz.js s=200 d=149µs s=13852
ERR Failed to commit DB changes err="failed to stage db changes: exit status 128\nOutput: fatal: Unable to create '/home/runner/work/mddb/mddb/data-e2e/.git/index.lock': File exists.\n\nAnother git process seems to be running in this repository, or the lock file may be stale\n"
INF http m=POST p=/api/v1/workspaces/441OMHLNE000/nodes/0/page/create s=200 d=40.4ms s=35
INF http m=GET p=/api/v1/workspaces/441OMHLNE000/nodes/0/children s=200 d=691µs s=257
INF http m=GET p=/assets/de-qJeflSp6.js s=200 d=81µs s=6245
INF http m=GET p=/api/v1/workspaces/441OMHLNE000/nodes/441OMIOIO000 s=200 d=639µs s=245
INF http m=GET p=/assets/WorkspaceSettingsPanel-CsUOm22X.css s=200 d=39µs s=1025
INF http m=GET p=/assets/Editor-5FlZhQpN.js s=200 d=100µs s=13509
INF http m=GET p=/api/v1/workspaces/441OMDSUC000/nodes/441OMFIGK000/table s=200 d=403µs s=155
INF http m=GET p=/assets/Editor-BYBWY7b1.css s=200 d=88µs s=2240
ERR Failed to commit DB changes err="failed to stage db changes: exit status 128\nOutput: fatal: Unable to create '/home/runner/work/mddb/mddb/data-e2e/.git/index.lock': File exists.\n\nAnother git process seems to be running in this repository, or the lock file may be stale\n"
INF http m=POST p=/api/v1/workspaces/441OMHLNE000/nodes/0/table/create s=200 d=43.3ms s=26
INF http m=GET p=/assets/WorkspaceSettingsPanel-CM5oaFTF.js s=200 d=96µs s=4443
ERR Failed to commit DB changes err="failed to stage db changes: exit status 128\nOutput: fatal: Unable to create '/home/runner/work/mddb/mddb/data-e2e/.git/index.lock': File exists.\n\nAnother git process seems to be running in this repository, or the lock file may be stale\n"
INF http m=POST p=/api/v1/workspaces/441OMDSUC000/nodes/441OMFIGK000/table s=200 d=35.2ms s=35
INF http m=GET p=/assets/ServerSettingsPanel-pbgISWIv.css s=200 d=43µs s=596
INF http m=GET p=/w/@441OMHLNE000+workspace/@441OMIOIO000+welcome s=200 d=29µs s=542
INF http m=GET p=/api/v1/workspaces/441OMDSUC000/events s=200 d=416ms s=212
INF http m=GET p=/assets/ServerSettingsPanel-C8C6nm9a.js s=200 d=55µs s=2550
INF http m=GET p=/assets/ResourceQuotaForm-DTSj8Ta5.css s=200 d=33µs s=302
INF http m=GET p=/api/v1/workspaces/441OMHLNE000/events s=200 d=179ms s=231
INF http m=GET p=/registerSW.js s=200 d=40µs s=87
INF http m=GET p=/assets/ResourceQuotaForm-D6gJNn3N.js s=200 d=28µs s=812
INF http m=GET p=/assets/ProfileSettings-rthGIjGN.js s=200 d=107µs s=4319
INF http m=GET p=/api/v1/auth/me s=200 d=811µs s=351
INF http m=GET p=/assets/ProfileSettings-D5kbNfHV.css s=200 d=43µs s=1220
INF http m=GET p=/assets/OrgSettingsPanel-BP8s6T0h.css s=200 d=412µs s=511
INF http m=GET p=/assets/OrgSettingsPanel-B78NX7Vn.js s=200 d=41µs s=2302
INF http m=GET p=/assets/InviteForm-R7w4u6kW.js s=200 d=52µs s=1267
INF http m=GET p=/assets/InviteForm-CW-wgFWD.css s=200 d=49µs s=414
INF http m=GET p=/assets/AdminDashboard-R0heLGro.css s=200 d=89µs s=601
INF http m=GET p=/assets/AdminDashboard-D3Sw1IyX.js s=200 d=49µs s=2075
INF http m=GET p=/api/v1/workspaces/441OMHLNE000/members s=200 d=696µs s=126
INF http m=GET p=/api/v1/workspaces/441OMHLNE000/nodes/0/children s=200 d=1.05ms s=312
INF http m=GET p=/api/v1/notifications/unread-count s=200 d=187µs s=25
INF http m=GET p=/api/v1/workspaces/441OMHLNE000/nodes/441OMIOIO000 s=200 d=1.55ms s=245
INF http m=GET p=/manifest.webmanifest s=200 d=57µs s=199
INF http m=GET p=/api/v1/workspaces/441OMHLNE000/nodes/441OMJ2V6000 s=200 d=396µs s=176
INF http m=GET p=/api/v1/workspaces/441OMHLNE000/nodes/441OMJ2V6000/table/records s=200 d=227µs s=28
ERR Failed to commit DB changes err="failed to stage db changes: exit status 128\nOutput: fatal: Unable to create '/home/runner/work/mddb/mddb/data-e2e/.git/index.lock': File exists.\n\nAnother git process seems to be running in this repository, or the lock file may be stale\n"
INF http m=POST p=/api/v1/workspaces/441OMHLNE000/nodes/441OMJ2V6000/table/records/create s=200 d=28.1ms s=26
ERR Failed to commit DB changes err="failed to stage db changes: exit status 128\nOutput: fatal: Unable to create '/home/runner/work/mddb/mddb/data-e2e/.git/index.lock': File exists.\n\nAnother git process seems to be running in this repository, or the lock file may be stale\n"
INF http m=POST p=/api/v1/auth/register s=200 d=107ms s=393
INF http m=GET p=/w/@441OMHLNE000+opts-usages-workspace/@441OMJ2V6000+opts-usage-table s=200 d=37µs s=542
INF http m=GET p=/api/v1/workspaces/441OMHLNE000/events s=200 d=208ms s=223
INF http m=GET p=/ s=200 d=41µs s=542
INF http m=GET p=/assets/index-SHhnYNGf.js s=200 d=156µs s=49792
INF http m=GET p=/assets/index-DPQ8uk7g.css s=200 d=117µs s=12402
INF http m=GET p=/assets/editor-vendor-Bje_VwYD.js s=200 d=144µs s=117396
INF http m=GET p=/assets/vendor-C3WBU0hm.js s=200 d=171µs s=29762
INF http m=GET p=/registerSW.js s=200 d=23µs s=87
INF http m=GET p=/api/v1/auth/me s=200 d=273µs s=351
INF http m=GET p=/api/v1/notifications/unread-count s=200 d=294µs s=25
INF http m=GET p=/api/v1/workspaces/441OMHLNE000/nodes/0/children s=200 d=409µs s=312
INF http m=GET p=/api/v1/workspaces/441OMHLNE000/members s=200 d=131µs s=126
INF http m=GET p=/api/v1/workspaces/441OMHLNE000/nodes/441OMJ2V6000 s=200 d=275µs s=176
INF http m=GET p=/assets/en-BOb8f2G7.js s=200 d=235µs s=5207
INF http m=GET p=/api/v1/auth/me s=200 d=7.06ms s=165
INF http m=GET p=/api/v1/workspaces/441OMHLNE000/nodes/441OMJ2V6000/table/records s=200 d=295µs s=125
INF http m=GET p=/favicon.png s=200 d=42µs s=449
INF http m=GET p=/api/v1/notifications/unread-count s=200 d=191µs s=25
INF http m=GET p=/sw.js s=200 d=98µs s=5540
ERR Failed to commit DB changes err="failed to stage db changes: exit status 128\nOutput: fatal: Unable to create '/home/runner/work/mddb/mddb/data-e2e/.git/index.lock': File exists.\n\nAnother git process seems to be running in this repository, or the lock file may be stale\n"
INF http m=POST p=/api/v1/organizations s=200 d=10.9ms s=350
INF http m=GET p=/registerSW.js s=200 d=43µs s=87
INF http m=GET p=/api/v1/auth/me s=200 d=293µs s=250
INF http m=GET p=/index.html s=200 d=39µs s=542
INF http m=GET p=/icon.svg s=200 d=33µs s=195
INF http m=GET p=/icon-512.png s=200 d=131µs s=6498
INF http m=GET p=/icon-192.png s=200 d=58µs s=2468
INF http m=GET p=/favicon.png s=200 d=38µs s=449
INF http m=GET p=/apple-touch-icon.png s=200 d=62µs s=2298
INF http m=GET p=/assets/material-symbols-names-mOXCVt15.js s=200 d=106µs s=15793
INF http m=GET p=/assets/fr-CgauyyXq.js s=200 d=153µs s=6301
INF http m=GET p=/assets/es-DHO8DnB9.js s=200 d=82µs s=6015
INF http m=GET p=/assets/emoji-groups-tsNE8Axz.js s=200 d=100µs s=13852
ERR Failed to add workspace submodule wsID=441OMNJGG000 err="failed to add submodule 441OMNJGG000: exit status 128\nOutput: Adding existing repo at '441OMNJGG000' to the index\nfatal: Unable to create '/home/runner/work/mddb/mddb/data-e2e/.git/index.lock': File exists.\n\nAnother git process seems to be running in this repository, or the lock file may be stale\nfatal: Failed to add submodule '441OMNJGG000'\n"
ERR Failed to commit DB changes err="failed to stage db changes: exit status 128\nOutput: fatal: Unable to create '/home/runner/work/mddb/mddb/data-e2e/.git/index.lock': File exists.\n\nAnother git process seems to be running in this repository, or the lock file may be stale\n"
INF http m=POST p=/api/v1/organizations/441OMN5ES000/workspaces s=200 d=136ms s=298
ERR Failed to commit DB changes err="failed to stage db changes: exit status 128\nOutput: fatal: Unable to create '/home/runner/work/mddb/mddb/data-e2e/.git/index.lock': File exists.\n\nAnother git process seems to be running in this repository, or the lock file may be stale\n"
INF http m=POST p=/api/v1/auth/switch-workspace s=200 d=11.4ms s=609
INF http m=GET p=/api/v1/workspaces/441OMHLNE000/events s=200 d=296ms s=93
INF http m=GET p=/api/v1/notifications/unread-count s=200 d=724µs s=25
INF http m=GET p=/api/v1/workspaces/441OMNJGG000/nodes/0/children s=200 d=5.69ms s=26
INF http m=GET p=/assets/de-qJeflSp6.js s=200 d=79µs s=6245
INF http m=GET p=/api/v1/workspaces/441OMNJGG000/members s=200 d=213µs s=126
INF http m=GET p=/assets/WorkspaceSettingsPanel-CsUOm22X.css s=200 d=49µs s=1025
INF http m=GET p=/assets/WorkspaceSettingsPanel-CM5oaFTF.js s=200 d=177µs s=4443
INF http m=GET p=/assets/ServerSettingsPanel-pbgISWIv.css s=200 d=41µs s=596
INF http m=GET p=/assets/ServerSettingsPanel-C8C6nm9a.js s=200 d=50µs s=2550
INF http m=GET p=/assets/ResourceQuotaForm-DTSj8Ta5.css s=200 d=31µs s=302
ERR Failed to commit DB changes err="failed to stage db changes: exit status 128\nOutput: fatal: Unable to create '/home/runner/work/mddb/mddb/data-e2e/.git/index.lock': File exists.\n\nAnother git process seems to be running in this repository, or the lock file may be stale\n"
INF http m=POST p=/api/v1/workspaces/441OMNJGG000/nodes/0/page/create s=200 d=39ms s=35
INF http m=GET p=/assets/ResourceQuotaForm-D6gJNn3N.js s=200 d=55µs s=812
INF http m=GET p=/api/v1/workspaces/441OMNJGG000/nodes/0/children s=200 d=387µs s=312
INF http m=GET p=/assets/ProfileSettings-rthGIjGN.js s=200 d=62µs s=4319
INF http m=GET p=/api/v1/workspaces/441OMNJGG000/nodes/441OMP1DQ000 s=200 d=257µs s=245
ERR Failed to commit DB changes err="failed to stage db changes: exit status 128\nOutput: fatal: Unable to create '/home/runner/work/mddb/mddb/data-e2e/.git/index.lock': File exists.\n\nAnother git process seems to be running in this repository, or the lock file may be stale\n"
INF http m=POST p=/api/v1/workspaces/441OMNJGG000/nodes/0/table/create s=200 d=46ms s=26
INF http m=GET p=/assets/ProfileSettings-D5kbNfHV.css s=200 d=40µs s=1220
INF http m=GET p=/assets/Editor-BYBWY7b1.css s=200 d=39µs s=2240
INF http m=GET p=/assets/Editor-5FlZhQpN.js s=200 d=102µs s=13509
INF http m=GET p=/assets/OrgSettingsPanel-BP8s6T0h.css s=200 d=40µs s=511
INF http m=GET p=/w/@441OMNJGG000+workspace/@441OMP1DQ000+welcome s=200 d=38µs s=542
INF http m=GET p=/api/v1/workspaces/441OMNJGG000/events s=200 d=92.2ms s=231
INF http m=GET p=/assets/OrgSettingsPanel-B78NX7Vn.js s=200 d=45µs s=2302
INF http m=GET p=/registerSW.js s=200 d=30µs s=87
INF http m=GET p=/assets/InviteForm-R7w4u6kW.js s=200 d=37µs s=1267
INF http m=GET p=/assets/InviteForm-CW-wgFWD.css s=200 d=76µs s=414
INF http m=GET p=/api/v1/auth/me s=200 d=416µs s=351
INF http m=GET p=/assets/AdminDashboard-R0heLGro.css s=200 d=45µs s=601
INF http m=GET p=/assets/AdminDashboard-D3Sw1IyX.js s=200 d=61µs s=2075
INF http m=GET p=/manifest.webmanifest s=200 d=39µs s=199
INF http m=GET p=/api/v1/notifications/unread-count s=200 d=533µs s=25
INF http m=GET p=/api/v1/workspaces/441OMNJGG000/nodes/0/children s=200 d=745µs s=312
INF http m=GET p=/api/v1/workspaces/441OMNJGG000/members s=200 d=7.44ms s=126
INF http m=GET p=/api/v1/workspaces/441OMNJGG000/nodes/441OMP1DQ000 s=200 d=8.05ms s=245
INF http m=GET p=/api/v1/workspaces/441OMNJGG000/nodes/441OMP7Q2000 s=200 d=430µs s=174
ERR Failed to commit DB changes err="failed to stage db changes: exit status 128\nOutput: fatal: Unable to create '/home/runner/work/mddb/mddb/data-e2e/.git/index.lock': File exists.\n\nAnother git process seems to be running in this repository, or the lock file may be stale\n"
INF http m=POST p=/api/v1/auth/register s=200 d=134ms s=387
INF http m=GET p=/api/v1/workspaces/441OMNJGG000/nodes/441OMP7Q2000/table/records s=200 d=245µs s=28
INF http m=GET p=/ s=200 d=59µs s=542
INF http m=GET p=/registerSW.js s=200 d=95µs s=87
INF http m=GET p=/assets/vendor-C3WBU0hm.js s=200 d=117µs s=29762
INF http m=GET p=/assets/editor-vendor-Bje_VwYD.js s=200 d=156µs s=117396
INF http m=GET p=/assets/index-DPQ8uk7g.css s=200 d=93µs s=12402
INF http m=GET p=/assets/index-SHhnYNGf.js s=200 d=105µs s=49792
ERR Failed to commit DB changes err="failed to stage db changes: exit status 128\nOutput: fatal: Unable to create '/home/runner/work/mddb/mddb/data-e2e/.git/index.lock': File exists.\n\nAnother git process seems to be running in this repository, or the lock file may be stale\n"
INF http m=POST p=/api/v1/workspaces/441OMNJGG000/nodes/441OMP7Q2000/table s=200 d=36.7ms s=26
INF http m=GET p=/w/@441OMNJGG000+opts-orders-workspace/@441OMP7Q2000+opts-order-table s=200 d=50µs s=542
INF http m=GET p=/api/v1/workspaces/441OMNJGG000/events s=200 d=199ms s=212
INF http m=GET p=/api/v1/auth/me s=200 d=287µs s=351
INF http m=GET p=/api/v1/auth/me s=200 d=268µs s=164
INF http m=GET p=/assets/en-BOb8f2G7.js s=200 d=78µs s=5207
INF http m=GET p=/favicon.png s=200 d=40µs s=449
INF http m=GET p=/api/v1/notifications/unread-count s=200 d=171µs s=25
ERR Failed to commit DB changes err="failed to stage db changes: exit status 128\nOutput: fatal: Unable to create '/home/runner/work/mddb/mddb/data-e2e/.git/index.lock': File exists.\n\nAnother git process seems to be running in this repository, or the lock file may be stale\n"
INF http m=POST p=/api/v1/organizations s=200 d=9.14ms s=351
INF http m=GET p=/api/v1/notifications/unread-count s=200 d=328µs s=25
INF http m=GET p=/api/v1/workspaces/441OMNJGG000/nodes/441OMP7Q2000 s=200 d=1.24ms s=174
INF http m=GET p=/api/v1/workspaces/441OMNJGG000/nodes/0/children s=200 d=4.67ms s=312
INF http m=GET p=/api/v1/workspaces/441OMNJGG000/members s=200 d=8.02ms s=126
INF http m=GET p=/sw.js s=200 d=121µs s=5540
INF http m=GET p=/api/v1/auth/me s=200 d=352µs s=250
INF http m=GET p=/api/v1/workspaces/441OMNJGG000/nodes/441OMP7Q2000/table/records s=200 d=204µs s=28
INF http m=GET p=/registerSW.js s=200 d=40µs s=87
INF http m=GET p=/index.html s=200 d=39µs s=542
INF http m=GET p=/icon.svg s=200 d=41µs s=195
INF http m=GET p=/icon-512.png s=200 d=115µs s=6498
INF http m=GET p=/icon-192.png s=200 d=45µs s=2468
INF http m=GET p=/favicon.png s=200 d=43µs s=449
INF http m=GET p=/apple-touch-icon.png s=200 d=68µs s=2298
ERR Failed to add workspace submodule wsID=441OMSSL0000 err="failed to add submodule 441OMSSL0000: exit status 128\nOutput: Adding existing repo at '441OMSSL0000' to the index\nfatal: Unable to create '/home/runner/work/mddb/mddb/data-e2e/.git/index.lock': File exists.\n\nAnother git process seems to be running in this repository, or the lock file may be stale\nfatal: Failed to add submodule '441OMSSL0000'\n"
ERR Failed to commit DB changes err="failed to stage db changes: exit status 128\nOutput: fatal: Unable to create '/home/runner/work/mddb/mddb/data-e2e/.git/index.lock': File exists.\n\nAnother git process seems to be running in this repository, or the lock file may be stale\n"
INF http m=POST p=/api/v1/organizations/441OMSIBC000/workspaces s=200 d=127ms s=295
ERR Failed to commit DB changes err="failed to stage db changes: exit status 128\nOutput: fatal: Unable to create '/home/runner/work/mddb/mddb/data-e2e/.git/index.lock': File exists.\n\nAnother git process seems to be running in this repository, or the lock file may be stale\n"
INF http m=POST p=/api/v1/auth/switch-workspace s=200 d=10.5ms s=608
INF http m=GET p=/assets/material-symbols-names-mOXCVt15.js s=200 d=77µs s=15793
INF http m=GET p=/api/v1/workspaces/441OMSSL0000/nodes/0/children s=200 d=342µs s=26
INF http m=GET p=/api/v1/workspaces/441OMSSL0000/members s=200 d=134µs s=124
INF http m=GET p=/api/v1/notifications/unread-count s=200 d=436µs s=25
INF http m=GET p=/assets/fr-CgauyyXq.js s=200 d=411µs s=6301
INF http m=GET p=/assets/es-DHO8DnB9.js s=200 d=75µs s=6015
ERR Failed to commit DB changes err="failed to stage db changes: exit status 128\nOutput: fatal: Unable to create '/home/runner/work/mddb/mddb/data-e2e/.git/index.lock': File exists.\n\nAnother git process seems to be running in this repository, or the lock file may be stale\n"
INF http m=POST p=/api/v1/workspaces/441OMSSL0000/nodes/0/page/create s=200 d=32.4ms s=35
INF http m=GET p=/api/v1/workspaces/441OMSSL0000/nodes/0/children s=200 d=2.73ms s=257
INF http m=GET p=/assets/emoji-groups-tsNE8Axz.js s=200 d=114µs s=13852
INF http m=GET p=/api/v1/workspaces/441OMSSL0000/nodes/441OMU0Q6000 s=200 d=368µs s=245
INF http m=GET p=/assets/Editor-5FlZhQpN.js s=200 d=98µs s=13509
INF http m=GET p=/assets/Editor-BYBWY7b1.css s=200 d=2.64ms s=2240
INF http m=GET p=/api/v1/workspaces/441OMNJGG000/events s=200 d=293ms s=93
ERR Failed to commit DB changes err="failed to stage db changes: exit status 128\nOutput: fatal: Unable to create '/home/runner/work/mddb/mddb/data-e2e/.git/index.lock': File exists.\n\nAnother git process seems to be running in this repository, or the lock file may be stale\n"
INF http m=POST p=/api/v1/workspaces/441OMSSL0000/nodes/0/table/create s=200 d=54.5ms s=26
INF http m=GET p=/w/@441OMSSL0000+workspace/@441OMU0Q6000+welcome s=200 d=73µs s=542
INF http m=GET p=/api/v1/workspaces/441OMSSL0000/events s=200 d=149ms s=227
INF http m=GET p=/assets/de-qJeflSp6.js s=200 d=75µs s=6245
INF http m=GET p=/registerSW.js s=200 d=23µs s=87
INF http m=GET p=/assets/WorkspaceSettingsPanel-CsUOm22X.css s=200 d=46µs s=1025
INF http m=GET p=/api/v1/auth/me s=200 d=271µs s=350
INF http m=GET p=/assets/WorkspaceSettingsPanel-CM5oaFTF.js s=200 d=79µs s=4443
INF http m=GET p=/assets/ServerSettingsPanel-pbgISWIv.css s=200 d=38µs s=596
INF http m=GET p=/assets/ServerSettingsPanel-C8C6nm9a.js s=200 d=37µs s=2550
INF http m=GET p=/assets/ResourceQuotaForm-DTSj8Ta5.css s=200 d=43µs s=302
INF http m=GET p=/assets/ResourceQuotaForm-D6gJNn3N.js s=200 d=39µs s=812
INF http m=GET p=/api/v1/workspaces/441OMSSL0000/members s=200 d=262µs s=124
INF http m=GET p=/api/v1/workspaces/441OMSSL0000/nodes/0/children s=200 d=419µs s=316
INF http m=GET p=/api/v1/notifications/unread-count s=200 d=126µs s=25
INF http m=GET p=/assets/ProfileSettings-rthGIjGN.js s=200 d=57µs s=4319
INF http m=GET p=/api/v1/workspaces/441OMSSL0000/nodes/441OMU0Q6000 s=200 d=3.53ms s=245
INF http m=GET p=/assets/ProfileSettings-D5kbNfHV.css s=200 d=46µs s=1220
INF http m=GET p=/assets/OrgSettingsPanel-BP8s6T0h.css s=200 d=49µs s=511
INF http m=GET p=/assets/OrgSettingsPanel-B78NX7Vn.js s=200 d=91µs s=2302
INF http m=GET p=/assets/InviteForm-R7w4u6kW.js s=200 d=44µs s=1267
INF http m=GET p=/assets/InviteForm-CW-wgFWD.css s=200 d=45µs s=414
INF http m=GET p=/api/v1/workspaces/441OMSSL0000/nodes/441OMUAFQ000 s=200 d=367µs s=177
INF http m=GET p=/assets/AdminDashboard-R0heLGro.css s=200 d=47µs s=601
INF http m=GET p=/api/v1/workspaces/441OMSSL0000/nodes/441OMUAFQ000/table/records s=200 d=242µs s=28
INF http m=GET p=/assets/AdminDashboard-D3Sw1IyX.js s=200 d=87µs s=2075
INF http m=GET p=/manifest.webmanifest s=200 d=51µs s=199
ERR Failed to commit DB changes err="failed to stage db changes: exit status 128\nOutput: fatal: Unable to create '/home/runner/work/mddb/mddb/data-e2e/.git/index.lock': File exists.\n\nAnother git process seems to be running in this repository, or the lock file may be stale\n"
INF http m=POST p=/api/v1/auth/register s=200 d=95.5ms s=395
INF http m=GET p=/ s=200 d=61µs s=542
INF http m=GET p=/assets/index-SHhnYNGf.js s=200 d=143µs s=49792
INF http m=GET p=/assets/index-DPQ8uk7g.css s=200 d=130µs s=12402
INF http m=GET p=/assets/editor-vendor-Bje_VwYD.js s=200 d=181µs s=117396
INF http m=GET p=/assets/vendor-C3WBU0hm.js s=200 d=162µs s=29762
INF http m=GET p=/registerSW.js s=200 d=42µs s=87
INF http m=GET p=/api/v1/auth/me s=200 d=335µs s=166
INF http m=GET p=/assets/en-BOb8f2G7.js s=200 d=78µs s=5207
INF http m=GET p=/sw.js s=200 d=173µs s=5540
INF http m=GET p=/api/v1/notifications/unread-count s=200 d=199µs s=25
ERR Failed to commit DB changes err="failed to stage db changes: exit status 128\nOutput: fatal: Unable to create '/home/runner/work/mddb/mddb/data-e2e/.git/index.lock': File exists.\n\nAnother git process seems to be running in this repository, or the lock file may be stale\n"
INF http m=POST p=/api/v1/organizations s=200 d=6.85ms s=350
INF http m=GET p=/favicon.png s=200 d=31µs s=449
INF http m=GET p=/api/v1/auth/me s=200 d=677µs s=248
INF http m=GET p=/registerSW.js s=200 d=43µs s=87
INF http m=GET p=/index.html s=200 d=37µs s=542
INF http m=GET p=/icon.svg s=200 d=36µs s=195
INF http m=GET p=/icon-512.png s=200 d=87µs s=6498
INF http m=GET p=/icon-192.png s=200 d=48µs s=2468
INF http m=GET p=/api/v1/workspaces/441OMSSL0000/nodes/441OMUAFQ000/table s=200 d=388µs s=164
ERR Failed to commit DB changes err="failed to stage db changes: exit status 128\nOutput: fatal: Unable to create '/home/runner/work/mddb/mddb/data-e2e/.git/index.lock': File exists.\n\nAnother git process seems to be running in this repository, or the lock file may be stale\n"
INF http m=GET p=/favicon.png s=200 d=46µs s=449
INF http m=POST p=/api/v1/workspaces/441OMSSL0000/nodes/441OMUAFQ000/table s=200 d=49.4ms s=35
INF http m=GET p=/apple-touch-icon.png s=200 d=126µs s=2298
INF http m=GET p=/api/v1/workspaces/441OMSSL0000/events s=200 d=558ms s=231
INF http m=GET p=/assets/material-symbols-names-mOXCVt15.js s=200 d=130µs s=15793
ERR Failed to add workspace submodule wsID=441ON257C000 err="failed to add submodule 441ON257C000: exit status 128\nOutput: Adding existing repo at '441ON257C000' to the index\nfatal: Unable to create '/home/runner/work/mddb/mddb/data-e2e/.git/index.lock': File exists.\n\nAnother git process seems to be running in this repository, or the lock file may be stale\nfatal: Failed to add submodule '441ON257C000'\n"
ERR Failed to commit DB changes err="failed to stage db changes: exit status 128\nOutput: fatal: Unable to create '/home/runner/work/mddb/mddb/data-e2e/.git/index.lock': File exists.\n\nAnother git process seems to be running in this repository, or the lock file may be stale\n"
INF http m=POST p=/api/v1/organizations/441ON1RR8000/workspaces s=200 d=151ms s=298
ERR Failed to commit DB changes err="failed to stage db changes: exit status 128\nOutput: fatal: Unable to create '/home/runner/work/mddb/mddb/data-e2e/.git/index.lock': File exists.\n\nAnother git process seems to be running in this repository, or the lock file may be stale\n"
INF http m=POST p=/api/v1/workspaces/441OMSSL0000/nodes/441OMUAFQ000/table s=200 d=160ms s=35
ERR Failed to commit DB changes err="failed to stage db changes: exit status 128\nOutput: fatal: Unable to create '/home/runner/work/mddb/mddb/data-e2e/.git/index.lock': File exists.\n\nAnother git process seems to be running in this repository, or the lock file may be stale\n"
INF http m=POST p=/api/v1/auth/switch-workspace s=200 d=9.44ms s=609
INF http m=GET p=/assets/fr-CgauyyXq.js s=200 d=99µs s=6301
INF http m=GET p=/api/v1/workspaces/441ON257C000/nodes/0/children s=200 d=314µs s=26
INF http m=GET p=/api/v1/notifications/unread-count s=200 d=15ms s=25
INF http m=GET p=/api/v1/workspaces/441ON257C000/members s=200 d=16.3ms s=126
INF http m=GET p=/assets/es-DHO8DnB9.js s=200 d=142µs s=6015
INF http m=GET p=/assets/emoji-groups-tsNE8Axz.js s=200 d=98µs s=13852
ERR Failed to commit DB changes err="failed to stage db changes: exit status 128\nOutput: fatal: Unable to create '/home/runner/work/mddb/mddb/data-e2e/.git/index.lock': File exists.\n\nAnother git process seems to be running in this repository, or the lock file may be stale\n"
INF http m=POST p=/api/v1/workspaces/441ON257C000/nodes/0/page/create s=200 d=64.8ms s=35
INF http m=GET p=/api/v1/workspaces/441ON257C000/nodes/0/children s=200 d=1.12ms s=315
ERR Failed to commit DB changes err="failed to stage db changes: exit status 128\nOutput: fatal: Unable to create '/home/runner/work/mddb/mddb/data-e2e/.git/index.lock': File exists.\n\nAnother git process seems to be running in this repository, or the lock file may be stale\n"
INF http m=POST p=/api/v1/workspaces/441ON257C000/nodes/0/table/create s=200 d=69.9ms s=26
INF http m=GET p=/api/v1/workspaces/441ON257C000/nodes/441ON3GGG000 s=200 d=715µs s=245
INF http m=GET p=/assets/Editor-5FlZhQpN.js s=200 d=122µs s=13509
INF http m=GET p=/assets/Editor-BYBWY7b1.css s=200 d=49µs s=2240
INF http m=GET p=/assets/de-qJeflSp6.js s=200 d=81µs s=6245
ERR Failed to commit DB changes err="failed to stage db changes: exit status 128\nOutput: fatal: Unable to create '/home/runner/work/mddb/mddb/data-e2e/.git/index.lock': File exists.\n\nAnother git process seems to be running in this repository, or the lock file may be stale\n"
INF http m=POST p=/api/v1/workspaces/441ON257C000/nodes/441ON3Q5E000/table/records/create s=200 d=90.3ms s=26
INF http m=GET p=/assets/WorkspaceSettingsPanel-CsUOm22X.css s=200 d=43µs s=1025
INF http m=GET p=/w/@441ON257C000+workspace/@441ON3GGG000+welcome s=200 d=25µs s=542
INF http m=GET p=/assets/WorkspaceSettingsPanel-CM5oaFTF.js s=200 d=82µs s=4443
INF http m=GET p=/assets/ServerSettingsPanel-pbgISWIv.css s=200 d=45µs s=596
INF http m=GET p=/assets/ServerSettingsPanel-C8C6nm9a.js s=200 d=60µs s=2550
INF http m=GET p=/api/v1/workspaces/441ON257C000/events s=200 d=274ms s=278
INF http m=GET p=/assets/ResourceQuotaForm-DTSj8Ta5.css s=200 d=42µs s=302
INF http m=GET p=/registerSW.js s=200 d=42µs s=87
INF http m=GET p=/assets/ResourceQuotaForm-D6gJNn3N.js s=200 d=42µs s=812
INF http m=GET p=/assets/ProfileSettings-rthGIjGN.js s=200 d=109µs s=4319
INF http m=GET p=/assets/ProfileSettings-D5kbNfHV.css s=200 d=54µs s=1220
ERR Failed to commit DB changes err="failed to stage db changes: exit status 128\nOutput: fatal: Unable to create '/home/runner/work/mddb/mddb/data-e2e/.git/index.lock': File exists.\n\nAnother git process seems to be running in this repository, or the lock file may be stale\n"
INF http m=POST p=/api/v1/auth/register s=200 d=132ms s=392
INF http m=GET p=/api/v1/auth/me s=200 d=782µs s=347
INF http m=GET p=/ s=200 d=67µs s=542
INF http m=GET p=/assets/OrgSettingsPanel-BP8s6T0h.css s=200 d=32µs s=511
INF http m=GET p=/assets/OrgSettingsPanel-B78NX7Vn.js s=200 d=69µs s=2302
INF http m=GET p=/assets/InviteForm-R7w4u6kW.js s=200 d=505µs s=1267
INF http m=GET p=/assets/InviteForm-CW-wgFWD.css s=200 d=77µs s=414
INF http m=GET p=/assets/index-SHhnYNGf.js s=200 d=250µs s=49792
INF http m=GET p=/assets/index-DPQ8uk7g.css s=200 d=149µs s=12402
INF http m=GET p=/assets/vendor-C3WBU0hm.js s=200 d=178µs s=29762
INF http m=GET p=/assets/editor-vendor-Bje_VwYD.js s=200 d=188µs s=117396
INF http m=GET p=/registerSW.js s=200 d=58µs s=87
INF http m=GET p=/assets/AdminDashboard-R0heLGro.css s=200 d=50µs s=601
INF http m=GET p=/api/v1/workspaces/441ON257C000/members s=200 d=567µs s=126
INF http m=GET p=/api/v1/workspaces/441ON257C000/nodes/0/children s=200 d=1.19ms s=315
INF http m=GET p=/api/v1/notifications/unread-count s=200 d=847µs s=25
INF http m=GET p=/assets/AdminDashboard-D3Sw1IyX.js s=200 d=96µs s=2075
INF http m=GET p=/manifest.webmanifest s=200 d=45µs s=199
INF http m=GET p=/api/v1/workspaces/441ON257C000/nodes/441ON3GGG000 s=200 d=2.67ms s=245
INF http m=GET p=/api/v1/workspaces/441ON257C000/nodes/441ON3Q5E000 s=200 d=546µs s=177
INF http m=GET p=/api/v1/workspaces/441ON257C000/nodes/441ON3Q5E000/table/records s=200 d=631µs s=103
INF http m=GET p=/api/v1/auth/me s=200 d=696µs s=168
INF http m=GET p=/assets/en-BOb8f2G7.js s=200 d=108µs s=5207
INF http m=GET p=/api/v1/notifications/unread-count s=200 d=357µs s=25
ERR Failed to commit DB changes err="failed to stage db changes: exit status 128\nOutput: fatal: Unable to create '/home/runner/work/mddb/mddb/data-e2e/.git/index.lock': File exists.\n\nAnother git process seems to be running in this repository, or the lock file may be stale\n"
INF http m=POST p=/api/v1/organizations s=200 d=7.68ms s=354
INF http m=GET p=/sw.js s=200 d=112µs s=5540
INF http m=GET p=/favicon.png s=200 d=39µs s=449
INF http m=GET p=/api/v1/auth/me s=200 d=676µs s=253
INF http m=GET p=/registerSW.js s=200 d=43µs s=87
INF http m=GET p=/index.html s=200 d=42µs s=542
INF http m=GET p=/icon.svg s=200 d=36µs s=195
INF http m=GET p=/icon-512.png s=200 d=122µs s=6498
INF http m=GET p=/icon-192.png s=200 d=56µs s=2468
INF http m=GET p=/favicon.png s=200 d=51µs s=449
INF http m=GET p=/apple-touch-icon.png s=200 d=57µs s=2298
INF http m=GET p=/api/v1/workspaces/441ON257C000/events s=200 d=248ms s=93
INF http m=GET p=/assets/material-symbols-names-mOXCVt15.js s=200 d=119µs s=15793
INF http m=GET p=/assets/fr-CgauyyXq.js s=200 d=86µs s=6301
INF http m=GET p=/assets/es-DHO8DnB9.js s=200 d=73µs s=6015
INF http m=GET p=/assets/emoji-groups-tsNE8Axz.js s=200 d=110µs s=13852
ERR Failed to add workspace submodule wsID=441ON7B5C000 err="failed to add submodule 441ON7B5C000: exit status 128\nOutput: Adding existing repo at '441ON7B5C000' to the index\nfatal: Unable to create '/home/runner/work/mddb/mddb/data-e2e/.git/index.lock': File exists.\n\nAnother git process seems to be running in this repository, or the lock file may be stale\nfatal: Failed to add submodule '441ON7B5C000'\n"
ERR Failed to commit DB changes err="failed to stage db changes: exit status 128\nOutput: fatal: Unable to create '/home/runner/work/mddb/mddb/data-e2e/.git/index.lock': File exists.\n\nAnother git process seems to be running in this repository, or the lock file may be stale\n"
INF http m=POST p=/api/v1/organizations/441ON6UKC000/workspaces s=200 d=179ms s=301
ERR Failed to commit DB changes err="failed to stage db changes: exit status 128\nOutput: fatal: Unable to create '/home/runner/work/mddb/mddb/data-e2e/.git/index.lock': File exists.\n\nAnother git process seems to be running in this repository, or the lock file may be stale\n"
INF http m=POST p=/api/v1/auth/switch-workspace s=200 d=9.4ms s=601
INF http m=GET p=/api/v1/workspaces/441ON7B5C000/nodes/0/children s=200 d=12.7ms s=26
INF http m=GET p=/api/v1/notifications/unread-count s=200 d=14.1ms s=25
INF http m=GET p=/api/v1/workspaces/441ON7B5C000/members s=200 d=1.99ms s=119
INF http m=GET p=/assets/de-qJeflSp6.js s=200 d=121µs s=6245
INF http m=GET p=/assets/WorkspaceSettingsPanel-CsUOm22X.css s=200 d=51µs s=1025
INF http m=GET p=/assets/WorkspaceSettingsPanel-CM5oaFTF.js s=200 d=89µs s=4443
INF http m=GET p=/assets/ServerSettingsPanel-pbgISWIv.css s=200 d=53µs s=596
INF http m=GET p=/assets/ServerSettingsPanel-C8C6nm9a.js s=200 d=90µs s=2550
INF http m=GET p=/assets/ResourceQuotaForm-DTSj8Ta5.css s=200 d=42µs s=302
ERR Failed to commit DB changes err="failed to stage db changes: exit status 128\nOutput: fatal: Unable to create '/home/runner/work/mddb/mddb/data-e2e/.git/index.lock': File exists.\n\nAnother git process seems to be running in this repository, or the lock file may be stale\n"
INF http m=POST p=/api/v1/workspaces/441ON7B5C000/nodes/0/page/create s=200 d=36.7ms s=35
INF http m=GET p=/api/v1/workspaces/441ON7B5C000/nodes/0/children s=200 d=313µs s=257
INF http m=GET p=/assets/ResourceQuotaForm-D6gJNn3N.js s=200 d=305µs s=812
INF http m=GET p=/api/v1/workspaces/441ON7B5C000/nodes/441ON99DC000 s=200 d=311µs s=245
INF http m=GET p=/assets/ProfileSettings-rthGIjGN.js s=200 d=130µs s=4319
INF http m=GET p=/assets/ProfileSettings-D5kbNfHV.css s=200 d=51µs s=1220
INF http m=GET p=/assets/OrgSettingsPanel-BP8s6T0h.css s=200 d=44µs s=511
INF http m=GET p=/assets/Editor-BYBWY7b1.css s=200 d=84µs s=2240
INF http m=GET p=/assets/Editor-5FlZhQpN.js s=200 d=94µs s=13509
INF http m=GET p=/assets/OrgSettingsPanel-B78NX7Vn.js s=200 d=103µs s=2302
INF http m=GET p=/assets/InviteForm-R7w4u6kW.js s=200 d=45µs s=1267
INF http m=GET p=/assets/InviteForm-CW-wgFWD.css s=200 d=48µs s=414
ERR Failed to commit DB changes err="failed to stage db changes: exit status 128\nOutput: fatal: Unable to create '/home/runner/work/mddb/mddb/data-e2e/.git/index.lock': File exists.\n\nAnother git process seems to be running in this repository, or the lock file may be stale\n"
INF http m=POST p=/api/v1/auth/register s=200 d=117ms s=393
INF http m=GET p=/ s=200 d=62µs s=542
INF http m=GET p=/assets/AdminDashboard-R0heLGro.css s=200 d=48µs s=601
INF http m=GET p=/assets/AdminDashboard-D3Sw1IyX.js s=200 d=59µs s=2075
INF http m=GET p=/manifest.webmanifest s=200 d=38µs s=199
ERR Failed to commit DB changes err="failed to stage db changes: exit status 128\nOutput: fatal: Unable to create '/home/runner/work/mddb/mddb/data-e2e/.git/index.lock': File exists.\n\nAnother git process seems to be running in this repository, or the lock file may be stale\n"
INF http m=POST p=/api/v1/workspaces/441ON7B5C000/nodes/0/table/create s=200 d=28.3ms s=26
INF http m=GET p=/assets/index-SHhnYNGf.js s=200 d=198µs s=49792
INF http m=GET p=/assets/index-DPQ8uk7g.css s=200 d=1.3ms s=12402
ERR Failed to commit DB changes err="failed to stage db changes: exit status 128\nOutput: fatal: Unable to create '/home/runner/work/mddb/mddb/data-e2e/.git/index.lock': File exists.\n\nAnother git process seems to be running in this repository, or the lock file may be stale\n"
INF http m=POST p=/api/v1/workspaces/441ON7B5C000/nodes/441ONA78M000/table/records/create s=200 d=21.8ms s=26
INF http m=GET p=/registerSW.js s=200 d=77µs s=87
INF http m=GET p=/assets/vendor-C3WBU0hm.js s=200 d=171µs s=29762
INF http m=GET p=/assets/editor-vendor-Bje_VwYD.js s=200 d=204µs s=117396
INF http m=GET p=/w/@441ON7B5C000+workspace/@441ON99DC000+welcome s=200 d=50µs s=542
INF http m=GET p=/api/v1/workspaces/441ON7B5C000/events s=200 d=243ms s=285
INF http m=GET p=/api/v1/auth/me s=200 d=748µs s=166
INF http m=GET p=/assets/en-BOb8f2G7.js s=200 d=521µs s=5207
INF http m=GET p=/favicon.png s=200 d=54µs s=449
INF http m=GET p=/api/v1/notifications/unread-count s=200 d=187µs s=25
ERR Failed to commit DB changes err="failed to stage db changes: exit status 128\nOutput: fatal: Unable to create '/home/runner/work/mddb/mddb/data-e2e/.git/index.lock': File exists.\n\nAnother git process seems to be running in this repository, or the lock file may be stale\n"
INF http m=POST p=/api/v1/organizations s=200 d=18.8ms s=352
INF http m=GET p=/api/v1/auth/me s=200 d=293µs s=354
INF http m=GET p=/sw.js s=200 d=134µs s=5540
INF http m=GET p=/api/v1/auth/me s=200 d=486µs s=252
INF http m=GET p=/registerSW.js s=200 d=39µs s=87
INF http m=GET p=/index.html s=200 d=43µs s=542
INF http m=GET p=/icon.svg s=200 d=44µs s=195
INF http m=GET p=/icon-512.png s=200 d=155µs s=6498
INF http m=GET p=/api/v1/notifications/unread-count s=200 d=204µs s=25
INF http m=GET p=/icon-192.png s=200 d=94µs s=2468
INF http m=GET p=/api/v1/workspaces/441ON7B5C000/nodes/0/children s=200 d=7.56ms s=316
INF http m=GET p=/api/v1/workspaces/441ON7B5C000/nodes/441ON99DC000 s=200 d=9ms s=245
INF http m=GET p=/api/v1/workspaces/441ON7B5C000/members s=200 d=9.83ms s=119
INF http m=GET p=/favicon.png s=200 d=45µs s=449
INF http m=GET p=/apple-touch-icon.png s=200 d=115µs s=2298
INF http m=GET p=/assets/material-symbols-names-mOXCVt15.js s=200 d=120µs s=15793
INF http m=GET p=/api/v1/workspaces/441ON7B5C000/nodes/441ONA78M000 s=200 d=548µs s=182
INF http m=GET p=/assets/fr-CgauyyXq.js s=200 d=65µs s=6301
INF http m=GET p=/assets/es-DHO8DnB9.js s=200 d=121µs s=6015
INF http m=GET p=/api/v1/workspaces/441ON7B5C000/nodes/441ONA78M000/table/records s=200 d=736µs s=104
ERR Failed to add workspace submodule wsID=441ONBVIU000 err="failed to add submodule 441ONBVIU000: exit status 128\nOutput: Adding existing repo at '441ONBVIU000' to the index\nfatal: Unable to create '/home/runner/work/mddb/mddb/data-e2e/.git/index.lock': File exists.\n\nAnother git process seems to be running in this repository, or the lock file may be stale\nfatal: Failed to add submodule '441ONBVIU000'\n"
ERR Failed to commit DB changes err="failed to stage db changes: exit status 128\nOutput: fatal: Unable to create '/home/runner/work/mddb/mddb/data-e2e/.git/index.lock': File exists.\n\nAnother git process seems to be running in this repository, or the lock file may be stale\n"
INF http m=POST p=/api/v1/organizations/441ONBGJ8000/workspaces s=200 d=165ms s=299
INF http m=GET p=/assets/emoji-groups-tsNE8Axz.js s=200 d=150µs s=13852
ERR Failed to commit DB changes err="failed to stage db changes: exit status 128\nOutput: fatal: Unable to create '/home/runner/work/mddb/mddb/data-e2e/.git/index.lock': File exists.\n\nAnother git process seems to be running in this repository, or the lock file may be stale\n"
INF http m=POST p=/api/v1/auth/switch-workspace s=200 d=11.4ms s=577
INF http m=GET p=/api/v1/notifications/unread-count s=200 d=214µs s=25
INF http m=GET p=/api/v1/workspaces/441ONBVIU000/nodes/0/children s=200 d=291µs s=26
INF http m=GET p=/api/v1/workspaces/441ONBVIU000/members s=200 d=1.13ms s=128
ERR Failed to commit DB changes err="failed to stage db changes: exit status 128\nOutput: fatal: Unable to create '/home/runner/work/mddb/mddb/data-e2e/.git/index.lock': File exists.\n\nAnother git process seems to be running in this repository, or the lock file may be stale\n"
INF http m=POST p=/api/v1/workspaces/441ONBVIU000/nodes/0/page/create s=200 d=30.9ms s=35
INF http m=GET p=/api/v1/workspaces/441ONBVIU000/nodes/0/children s=200 d=652µs s=257
INF http m=GET p=/assets/de-qJeflSp6.js s=200 d=113µs s=6245
INF http m=GET p=/assets/WorkspaceSettingsPanel-CsUOm22X.css s=200 d=50µs s=1025
INF http m=GET p=/api/v1/workspaces/441ONBVIU000/nodes/441ONDC38000 s=200 d=703µs s=245
INF http m=GET p=/assets/WorkspaceSettingsPanel-CM5oaFTF.js s=200 d=218µs s=4443
INF http m=GET p=/assets/Editor-5FlZhQpN.js s=200 d=91µs s=13509
INF http m=GET p=/assets/Editor-BYBWY7b1.css s=200 d=71µs s=2240
INF http m=GET p=/assets/ServerSettingsPanel-pbgISWIv.css s=200 d=52µs s=596
ERR Failed to commit DB changes err="failed to stage db changes: exit status 128\nOutput: fatal: Unable to create '/home/runner/work/mddb/mddb/data-e2e/.git/index.lock': File exists.\n\nAnother git process seems to be running in this repository, or the lock file may be stale\n"
INF http m=POST p=/api/v1/workspaces/441ONBVIU000/nodes/0/table/create s=200 d=35.8ms s=26
INF http m=GET p=/assets/ServerSettingsPanel-C8C6nm9a.js s=200 d=51µs s=2550
INF http m=GET p=/assets/ResourceQuotaForm-DTSj8Ta5.css s=200 d=42µs s=302
INF http m=GET p=/assets/ResourceQuotaForm-D6gJNn3N.js s=200 d=40µs s=812
INF http m=GET p=/assets/ProfileSettings-rthGIjGN.js s=200 d=77µs s=4319
INF http m=GET p=/assets/ProfileSettings-D5kbNfHV.css s=200 d=46µs s=1220
INF http m=GET p=/assets/OrgSettingsPanel-BP8s6T0h.css s=200 d=32µs s=511
INF http m=GET p=/assets/OrgSettingsPanel-B78NX7Vn.js s=200 d=122µs s=2302
INF http m=GET p=/assets/InviteForm-R7w4u6kW.js s=200 d=49µs s=1267
INF http m=GET p=/assets/InviteForm-CW-wgFWD.css s=200 d=32µs s=414
INF http m=GET p=/assets/AdminDashboard-R0heLGro.css s=200 d=46µs s=601
ERR Failed to commit DB changes err="failed to stage db changes: exit status 128\nOutput: fatal: Unable to create '/home/runner/work/mddb/mddb/data-e2e/.git/index.lock': File exists.\n\nAnother git process seems to be running in this repository, or the lock file may be stale\n"
INF http m=POST p=/api/v1/workspaces/441ONBVIU000/nodes/441ONDN2G000/table/records/create s=200 d=61.8ms s=26
INF http m=GET p=/api/v1/workspaces/441ON7B5C000/events s=200 d=338ms s=93
INF http m=GET p=/w/@441ONBVIU000+workspace/@441ONDC38000+welcome s=200 d=48µs s=542
INF http m=GET p=/assets/AdminDashboard-D3Sw1IyX.js s=200 d=64µs s=2075
INF http m=GET p=/manifest.webmanifest s=200 d=49µs s=199
INF http m=GET p=/api/v1/workspaces/441ONBVIU000/events s=200 d=204ms s=283
INF http m=GET p=/registerSW.js s=200 d=40µs s=87
INF http m=GET p=/api/v1/auth/me s=200 d=693µs s=355
INF http m=GET p=/api/v1/workspaces/441ONBVIU000/nodes/441ONDC38000 s=200 d=729µs s=245
INF http m=GET p=/api/v1/workspaces/441ONBVIU000/members s=200 d=683µs s=128
INF http m=GET p=/api/v1/workspaces/441ONBVIU000/nodes/0/children s=200 d=3.74ms s=316
INF http m=GET p=/api/v1/notifications/unread-count s=200 d=5.75ms s=25
INF http m=GET p=/api/v1/workspaces/441ONBVIU000/nodes/441ONDN2G000 s=200 d=395µs s=177
INF http m=GET p=/api/v1/workspaces/441ONBVIU000/nodes/441ONDN2G000/table/records s=200 d=361µs s=103
ERR Failed to commit DB changes err="failed to stage db changes: exit status 128\nOutput: fatal: Unable to create '/home/runner/work/mddb/mddb/data-e2e/.git/index.lock': File exists.\n\nAnother git process seems to be running in this repository, or the lock file may be stale\n"
INF http m=POST p=/api/v1/auth/register s=200 d=110ms s=390
INF http m=GET p=/ s=200 d=38µs s=542
INF http m=GET p=/assets/index-DPQ8uk7g.css s=200 d=120µs s=12402
INF http m=GET p=/assets/index-SHhnYNGf.js s=200 d=1.12ms s=49792
INF http m=GET p=/assets/vendor-C3WBU0hm.js s=200 d=142µs s=29762
INF http m=GET p=/registerSW.js s=200 d=23µs s=87
INF http m=GET p=/assets/editor-vendor-Bje_VwYD.js s=200 d=297µs s=117396
INF http m=GET p=/api/v1/auth/me s=200 d=391µs s=164
INF http m=GET p=/assets/en-BOb8f2G7.js s=200 d=90µs s=5207
INF http m=GET p=/api/v1/notifications/unread-count s=200 d=501µs s=25
ERR Failed to commit DB changes err="failed to stage db changes: exit status 128\nOutput: fatal: Unable to create '/home/runner/work/mddb/mddb/data-e2e/.git/index.lock': File exists.\n\nAnother git process seems to be running in this repository, or the lock file may be stale\n"
INF http m=POST p=/api/v1/organizations s=200 d=14.5ms s=352
INF http m=GET p=/api/v1/workspaces/441ONBVIU000/events s=200 d=323ms s=93
INF http m=GET p=/sw.js s=200 d=94µs s=5540
INF http m=GET p=/api/v1/auth/me s=200 d=653µs s=250
INF http m=GET p=/favicon.png s=200 d=29µs s=449
INF http m=GET p=/registerSW.js s=200 d=35µs s=87
INF http m=GET p=/index.html s=200 d=43µs s=542
INF http m=GET p=/icon.svg s=200 d=38µs s=195
INF http m=GET p=/icon-512.png s=200 d=95µs s=6498
INF http m=GET p=/icon-192.png s=200 d=55µs s=2468
INF http m=GET p=/favicon.png s=200 d=54µs s=449
INF http m=GET p=/apple-touch-icon.png s=200 d=60µs s=2298
ERR Failed to add workspace submodule wsID=441ONHQKO000 err="failed to add submodule 441ONHQKO000: exit status 128\nOutput: Adding existing repo at '441ONHQKO000' to the index\nfatal: Unable to create '/home/runner/work/mddb/mddb/data-e2e/.git/index.lock': File exists.\n\nAnother git process seems to be running in this repository, or the lock file may be stale\nfatal: Failed to add submodule '441ONHQKO000'\n"
ERR Failed to commit DB changes err="failed to stage db changes: exit status 128\nOutput: fatal: Unable to create '/home/runner/work/mddb/mddb/data-e2e/.git/index.lock': File exists.\n\nAnother git process seems to be running in this repository, or the lock file may be stale\n"
INF http m=POST p=/api/v1/organizations/441ONHC8Q000/workspaces s=200 d=123ms s=299
ERR Failed to commit DB changes err="failed to stage db changes: exit status 128\nOutput: fatal: Unable to create '/home/runner/work/mddb/mddb/data-e2e/.git/index.lock': File exists.\n\nAnother git process seems to be running in this repository, or the lock file may be stale\n"
INF http m=POST p=/api/v1/auth/switch-workspace s=200 d=8.78ms s=576
INF http m=GET p=/assets/material-symbols-names-mOXCVt15.js s=200 d=168µs s=15793
INF http m=GET p=/api/v1/workspaces/441ONHQKO000/nodes/0/children s=200 d=506µs s=26
INF http m=GET p=/api/v1/workspaces/441ONHQKO000/members s=200 d=497µs s=128
INF http m=GET p=/api/v1/notifications/unread-count s=200 d=261µs s=25
INF http m=GET p=/assets/fr-CgauyyXq.js s=200 d=124µs s=6301
INF http m=GET p=/assets/es-DHO8DnB9.js s=200 d=113µs s=6015
ERR Failed to commit DB changes err="failed to stage db changes: exit status 128\nOutput: fatal: Unable to create '/home/runner/work/mddb/mddb/data-e2e/.git/index.lock': File exists.\n\nAnother git process seems to be running in this repository, or the lock file may be stale\n"
INF http m=POST p=/api/v1/workspaces/441ONHQKO000/nodes/0/page/create s=200 d=57.3ms s=35
INF http m=GET p=/assets/emoji-groups-tsNE8Axz.js s=200 d=114µs s=13852
INF http m=GET p=/api/v1/workspaces/441ONHQKO000/nodes/0/children s=200 d=529µs s=307
INF http m=GET p=/api/v1/workspaces/441ONHQKO000/nodes/441ONJ1G2000 s=200 d=720µs s=245
ERR Failed to commit DB changes err="failed to stage db changes: exit status 128\nOutput: fatal: Unable to create '/home/runner/work/mddb/mddb/data-e2e/.git/index.lock': File exists.\n\nAnother git process seems to be running in this repository, or the lock file may be stale\n"
INF http m=POST p=/api/v1/workspaces/441ONHQKO000/nodes/0/table/create s=200 d=59.8ms s=26
INF http m=GET p=/assets/Editor-5FlZhQpN.js s=200 d=106µs s=13509
INF http m=GET p=/assets/Editor-BYBWY7b1.css s=200 d=30µs s=2240
ERR Failed to commit DB changes err="failed to stage db changes: exit status 128\nOutput: fatal: Unable to create '/home/runner/work/mddb/mddb/data-e2e/.git/index.lock': File exists.\n\nAnother git process seems to be running in this repository, or the lock file may be stale\n"
INF http m=POST p=/api/v1/workspaces/441ONHQKO000/nodes/441ONJAAS000/table/records/create s=200 d=50.7ms s=26
INF http m=GET p=/w/@441ONHQKO000+workspace/@441ONJ1G2000+welcome s=200 d=58µs s=542
INF http m=GET p=/assets/de-qJeflSp6.js s=200 d=80µs s=6245
INF http m=GET p=/api/v1/workspaces/441ONHQKO000/events s=200 d=209ms s=282
INF http m=GET p=/registerSW.js s=200 d=38µs s=87
ERR Failed to commit DB changes err="failed to stage db changes: exit status 128\nOutput: fatal: Unable to create '/home/runner/work/mddb/mddb/data-e2e/.git/index.lock': File exists.\n\nAnother git process seems to be running in this repository, or the lock file may be stale\n"
INF http m=POST p=/api/v1/auth/register s=200 d=135ms s=395
INF http m=GET p=/assets/WorkspaceSettingsPanel-CsUOm22X.css s=200 d=31µs s=1025
INF http m=GET p=/ s=200 d=58µs s=542
INF http m=GET p=/assets/WorkspaceSettingsPanel-CM5oaFTF.js s=200 d=129µs s=4443
INF http m=GET p=/assets/ServerSettingsPanel-pbgISWIv.css s=200 d=50µs s=596
INF http m=GET p=/api/v1/auth/me s=200 d=782µs s=354
INF http m=GET p=/assets/ServerSettingsPanel-C8C6nm9a.js s=200 d=70µs s=2550
INF http m=GET p=/assets/ResourceQuotaForm-DTSj8Ta5.css s=200 d=51µs s=302
INF http m=GET p=/assets/index-SHhnYNGf.js s=200 d=221µs s=49792
INF http m=GET p=/assets/index-DPQ8uk7g.css s=200 d=148µs s=12402
INF http m=GET p=/assets/editor-vendor-Bje_VwYD.js s=200 d=265µs s=117396
INF http m=GET p=/assets/vendor-C3WBU0hm.js s=200 d=228µs s=29762
INF http m=GET p=/registerSW.js s=200 d=39µs s=87
INF http m=GET p=/assets/ResourceQuotaForm-D6gJNn3N.js s=200 d=33µs s=812
INF http m=GET p=/assets/ProfileSettings-rthGIjGN.js s=200 d=96µs s=4319
INF http m=GET p=/assets/ProfileSettings-D5kbNfHV.css s=200 d=52µs s=1220
INF http m=GET p=/assets/OrgSettingsPanel-BP8s6T0h.css s=200 d=40µs s=511
INF http m=GET p=/api/v1/workspaces/441ONHQKO000/members s=200 d=560µs s=128
INF http m=GET p=/api/v1/workspaces/441ONHQKO000/nodes/441ONJ1G2000 s=200 d=901µs s=245
INF http m=GET p=/api/v1/notifications/unread-count s=200 d=3.66ms s=25
INF http m=GET p=/api/v1/workspaces/441ONHQKO000/nodes/0/children s=200 d=6.15ms s=307
INF http m=GET p=/assets/OrgSettingsPanel-B78NX7Vn.js s=200 d=5.34ms s=2302
INF http m=GET p=/assets/InviteForm-R7w4u6kW.js s=200 d=59µs s=1267
INF http m=GET p=/assets/InviteForm-CW-wgFWD.css s=200 d=71µs s=414
INF http m=GET p=/assets/en-BOb8f2G7.js s=200 d=131µs s=5207
INF http m=GET p=/api/v1/auth/me s=200 d=238µs s=168
INF http m=GET p=/api/v1/notifications/unread-count s=200 d=164µs s=25
INF http m=GET p=/api/v1/workspaces/441ONHQKO000/nodes/441ONJAAS000 s=200 d=324µs s=169
INF http m=GET p=/assets/AdminDashboard-R0heLGro.css s=200 d=27µs s=601
INF http m=GET p=/favicon.png s=200 d=26µs s=449
ERR Failed to commit DB changes err="failed to stage db changes: exit status 128\nOutput: fatal: Unable to create '/home/runner/work/mddb/mddb/data-e2e/.git/index.lock': File exists.\n\nAnother git process seems to be running in this repository, or the lock file may be stale\n"
INF http m=POST p=/api/v1/organizations s=200 d=12.9ms s=351
INF http m=GET p=/assets/AdminDashboard-D3Sw1IyX.js s=200 d=51µs s=2075
INF http m=GET p=/sw.js s=200 d=87µs s=5540
INF http m=GET p=/api/v1/workspaces/441ONHQKO000/nodes/441ONJAAS000/table/records s=200 d=722µs s=105
INF http m=GET p=/manifest.webmanifest s=200 d=38µs s=199
INF http m=GET p=/api/v1/auth/me s=200 d=3.74ms s=252
INF http m=GET p=/registerSW.js s=200 d=34µs s=87
INF http m=GET p=/index.html s=200 d=38µs s=542
INF http m=GET p=/icon.svg s=200 d=37µs s=195
INF http m=GET p=/icon-512.png s=200 d=72µs s=6498
INF http m=GET p=/api/v1/workspaces/441ONHQKO000/events s=200 d=225ms s=93
INF http m=GET p=/icon-192.png s=200 d=57µs s=2468
INF http m=GET p=/favicon.png s=200 d=41µs s=449
INF http m=GET p=/apple-touch-icon.png s=200 d=69µs s=2298
INF http m=GET p=/assets/material-symbols-names-mOXCVt15.js s=200 d=367µs s=15793
ERR Failed to add workspace submodule wsID=441ONM7RU000 err="failed to add submodule 441ONM7RU000: exit status 128\nOutput: Adding existing repo at '441ONM7RU000' to the index\nfatal: Unable to create '/home/runner/work/mddb/mddb/data-e2e/.git/index.lock': File exists.\n\nAnother git process seems to be running in this repository, or the lock file may be stale\nfatal: Failed to add submodule '441ONM7RU000'\n"
ERR Failed to commit DB changes err="failed to stage db changes: exit status 128\nOutput: fatal: Unable to create '/home/runner/work/mddb/mddb/data-e2e/.git/index.lock': File exists.\n\nAnother git process seems to be running in this repository, or the lock file may be stale\n"
INF http m=POST p=/api/v1/organizations/441ONLOKA000/workspaces s=200 d=163ms s=301
ERR Failed to commit DB changes err="failed to stage db changes: exit status 128\nOutput: fatal: Unable to create '/home/runner/work/mddb/mddb/data-e2e/.git/index.lock': File exists.\n\nAnother git process seems to be running in this repository, or the lock file may be stale\n"
INF http m=POST p=/api/v1/auth/switch-workspace s=200 d=6.59ms s=611
INF http m=GET p=/assets/fr-CgauyyXq.js s=200 d=87µs s=6301
INF http m=GET p=/assets/es-DHO8DnB9.js s=200 d=105µs s=6015
INF http m=GET p=/api/v1/workspaces/441ONM7RU000/nodes/0/children s=200 d=379µs s=26
INF http m=GET p=/api/v1/notifications/unread-count s=200 d=375µs s=25
INF http m=GET p=/api/v1/workspaces/441ONM7RU000/members s=200 d=258µs s=126
INF http m=GET p=/assets/emoji-groups-tsNE8Axz.js s=200 d=146µs s=13852
ERR Failed to commit DB changes err="failed to stage db changes: exit status 128\nOutput: fatal: Unable to create '/home/runner/work/mddb/mddb/data-e2e/.git/index.lock': File exists.\n\nAnother git process seems to be running in this repository, or the lock file may be stale\n"
INF http m=POST p=/api/v1/workspaces/441ONM7RU000/nodes/0/page/create s=200 d=59.5ms s=35
INF http m=GET p=/api/v1/workspaces/441ONM7RU000/nodes/0/children s=200 d=442µs s=310
INF http m=GET p=/api/v1/workspaces/441ONM7RU000/nodes/441ONO12O000 s=200 d=766µs s=245
ERR Failed to commit DB changes err="failed to stage db changes: exit status 128\nOutput: fatal: Unable to create '/home/runner/work/mddb/mddb/data-e2e/.git/index.lock': File exists.\n\nAnother git process seems to be running in this repository, or the lock file may be stale\n"
INF http m=GET p=/assets/de-qJeflSp6.js s=200 d=73µs s=6245
INF http m=POST p=/api/v1/workspaces/441ONM7RU000/nodes/0/table/create s=200 d=85.4ms s=26
INF http m=GET p=/assets/Editor-5FlZhQpN.js s=200 d=93µs s=13509
INF http m=GET p=/assets/Editor-BYBWY7b1.css s=200 d=101µs s=2240
INF http m=GET p=/assets/WorkspaceSettingsPanel-CsUOm22X.css s=200 d=47µs s=1025
INF http m=GET p=/assets/WorkspaceSettingsPanel-CM5oaFTF.js s=200 d=91µs s=4443
ERR Failed to commit DB changes err="failed to stage db changes: exit status 128\nOutput: fatal: Unable to create '/home/runner/work/mddb/mddb/data-e2e/.git/index.lock': File exists.\n\nAnother git process seems to be running in this repository, or the lock file may be stale\n"
INF http m=POST p=/api/v1/workspaces/441ONM7RU000/nodes/441ONOA18000/table/records/create s=200 d=55.1ms s=26
INF http m=GET p=/assets/ServerSettingsPanel-pbgISWIv.css s=200 d=35µs s=596
INF http m=GET p=/assets/ServerSettingsPanel-C8C6nm9a.js s=200 d=77µs s=2550
INF http m=GET p=/w/@441ONM7RU000+workspace/@441ONO12O000+welcome s=200 d=38µs s=542
INF http m=GET p=/assets/ResourceQuotaForm-DTSj8Ta5.css s=200 d=41µs s=302
INF http m=GET p=/api/v1/workspaces/441ONM7RU000/events s=200 d=194ms s=277
INF http m=GET p=/assets/ResourceQuotaForm-D6gJNn3N.js s=200 d=38µs s=812
INF http m=GET p=/registerSW.js s=200 d=37µs s=87
INF http m=GET p=/assets/ProfileSettings-rthGIjGN.js s=200 d=96µs s=4319
INF http m=GET p=/assets/ProfileSettings-D5kbNfHV.css s=200 d=49µs s=1220
INF http m=GET p=/assets/OrgSettingsPanel-BP8s6T0h.css s=200 d=37µs s=511
INF http m=GET p=/assets/OrgSettingsPanel-B78NX7Vn.js s=200 d=55µs s=2302
ERR Failed to commit DB changes err="failed to stage db changes: exit status 128\nOutput: fatal: Unable to create '/home/runner/work/mddb/mddb/data-e2e/.git/index.lock': File exists.\n\nAnother git process seems to be running in this repository, or the lock file may be stale\n"
INF http m=POST p=/api/v1/auth/register s=200 d=158ms s=397
INF http m=GET p=/api/v1/auth/me s=200 d=804µs s=354
INF http m=GET p=/assets/InviteForm-R7w4u6kW.js s=200 d=39µs s=1267
INF http m=GET p=/ s=200 d=69µs s=542
INF http m=GET p=/assets/InviteForm-CW-wgFWD.css s=200 d=56µs s=414
INF http m=GET p=/assets/index-SHhnYNGf.js s=200 d=172µs s=49792
INF http m=GET p=/assets/index-DPQ8uk7g.css s=200 d=248µs s=12402
INF http m=GET p=/assets/editor-vendor-Bje_VwYD.js s=200 d=235µs s=117396
INF http m=GET p=/registerSW.js s=200 d=52µs s=87
INF http m=GET p=/assets/vendor-C3WBU0hm.js s=200 d=178µs s=29762
INF http m=GET p=/assets/AdminDashboard-R0heLGro.css s=200 d=54µs s=601
INF http m=GET p=/assets/AdminDashboard-D3Sw1IyX.js s=200 d=69µs s=2075
INF http m=GET p=/manifest.webmanifest s=200 d=38µs s=199
INF http m=GET p=/api/v1/notifications/unread-count s=200 d=239µs s=25
INF http m=GET p=/api/v1/workspaces/441ONM7RU000/members s=200 d=1.17ms s=126
INF http m=GET p=/api/v1/workspaces/441ONM7RU000/nodes/0/children s=200 d=921µs s=310
INF http m=GET p=/api/v1/workspaces/441ONM7RU000/nodes/441ONO12O000 s=200 d=11.1ms s=245
INF http m=GET p=/api/v1/workspaces/441ONM7RU000/nodes/441ONOA18000 s=200 d=484µs s=174
INF http m=GET p=/api/v1/workspaces/441ONM7RU000/nodes/441ONOA18000/table/records s=200 d=395µs s=117
INF http m=GET p=/api/v1/auth/me s=200 d=266µs s=168
INF http m=GET p=/assets/en-BOb8f2G7.js s=200 d=135µs s=5207
INF http m=GET p=/sw.js s=200 d=109µs s=5540
INF http m=GET p=/api/v1/notifications/unread-count s=200 d=618µs s=25
INF http m=GET p=/favicon.png s=200 d=38µs s=449
ERR Failed to commit DB changes err="failed to stage db changes: exit status 128\nOutput: fatal: Unable to create '/home/runner/work/mddb/mddb/data-e2e/.git/index.lock': File exists.\n\nAnother git process seems to be running in this repository, or the lock file may be stale\n"
INF http m=POST p=/api/v1/organizations s=200 d=9.11ms s=352
INF http m=GET p=/api/v1/auth/me s=200 d=579µs s=254
INF http m=GET p=/registerSW.js s=200 d=30µs s=87
INF http m=GET p=/index.html s=200 d=43µs s=542
INF http m=GET p=/icon.svg s=200 d=39µs s=195
INF http m=GET p=/icon-512.png s=200 d=110µs s=6498
INF http m=GET p=/icon-192.png s=200 d=55µs s=2468
INF http m=GET p=/favicon.png s=200 d=39µs s=449
INF http m=GET p=/apple-touch-icon.png s=200 d=64µs s=2298
INF http m=GET p=/assets/material-symbols-names-mOXCVt15.js s=200 d=85µs s=15793
INF http m=GET p=/api/v1/workspaces/441ONM7RU000/nodes/441ONOA18000/table/records/441ONON1M000 s=200 d=373µs s=100
INF http m=GET p=/assets/fr-CgauyyXq.js s=200 d=75µs s=6301
ERR Failed to add workspace submodule wsID=441ONRDVU000 err="failed to add submodule 441ONRDVU000: exit status 128\nOutput: Adding existing repo at '441ONRDVU000' to the index\nfatal: Unable to create '/home/runner/work/mddb/mddb/data-e2e/.git/index.lock': File exists.\n\nAnother git process seems to be running in this repository, or the lock file may be stale\nfatal: Failed to add submodule '441ONRDVU000'\n"
ERR Failed to commit DB changes err="failed to stage db changes: exit status 128\nOutput: fatal: Unable to create '/home/runner/work/mddb/mddb/data-e2e/.git/index.lock': File exists.\n\nAnother git process seems to be running in this repository, or the lock file may be stale\n"
INF http m=POST p=/api/v1/organizations/441ONR8BI000/workspaces s=200 d=126ms s=298
INF http m=GET p=/assets/es-DHO8DnB9.js s=200 d=118µs s=6015
INF http m=GET p=/api/v1/workspaces/441ONM7RU000/events s=200 d=343ms s=216
ERR Failed to commit DB changes err="failed to stage db changes: exit status 128\nOutput: fatal: Unable to create '/home/runner/work/mddb/mddb/data-e2e/.git/index.lock': File exists.\n\nAnother git process seems to be running in this repository, or the lock file may be stale\n"
INF http m=POST p=/api/v1/workspaces/441ONM7RU000/nodes/441ONOA18000/table/records/441ONON1M000 s=200 d=55.6ms s=35
ERR Failed to commit DB changes err="failed to stage db changes: exit status 128\nOutput: fatal: Unable to create '/home/runner/work/mddb/mddb/data-e2e/.git/index.lock': File exists.\n\nAnother git process seems to be running in this repository, or the lock file may be stale\n"
INF http m=POST p=/api/v1/auth/switch-workspace s=200 d=11.9ms s=585
INF http m=GET p=/assets/emoji-groups-tsNE8Axz.js s=200 d=130µs s=13852
INF http m=GET p=/api/v1/notifications/unread-count s=200 d=192µs s=25
INF http m=GET p=/api/v1/workspaces/441ONRDVU000/nodes/0/children s=200 d=280µs s=26
INF http m=GET p=/api/v1/workspaces/441ONRDVU000/members s=200 d=695µs s=132
ERR Failed to commit DB changes err="failed to stage db changes: exit status 128\nOutput: fatal: Unable to create '/home/runner/work/mddb/mddb/data-e2e/.git/index.lock': File exists.\n\nAnother git process seems to be running in this repository, or the lock file may be stale\n"
INF http m=POST p=/api/v1/workspaces/441ONRDVU000/nodes/0/page/create s=200 d=27.5ms s=35
INF http m=GET p=/assets/de-qJeflSp6.js s=200 d=104µs s=6245
INF http m=GET p=/api/v1/workspaces/441ONRDVU000/nodes/0/children s=200 d=391µs s=312
INF http m=GET p=/assets/WorkspaceSettingsPanel-CsUOm22X.css s=200 d=49µs s=1025
INF http m=GET p=/api/v1/workspaces/441ONRDVU000/nodes/441ONSR2K000 s=200 d=298µs s=245
ERR Failed to commit DB changes err="failed to stage db changes: exit status 128\nOutput: fatal: Unable to create '/home/runner/work/mddb/mddb/data-e2e/.git/index.lock': File exists.\n\nAnother git process seems to be running in this repository, or the lock file may be stale\n"
INF http m=POST p=/api/v1/workspaces/441ONRDVU000/nodes/0/table/create s=200 d=46.2ms s=26
INF http m=GET p=/assets/WorkspaceSettingsPanel-CM5oaFTF.js s=200 d=89µs s=4443
INF http m=GET p=/assets/Editor-5FlZhQpN.js s=200 d=105µs s=13509
INF http m=GET p=/assets/Editor-BYBWY7b1.css s=200 d=60µs s=2240
INF http m=GET p=/assets/ServerSettingsPanel-pbgISWIv.css s=200 d=95µs s=596
ERR Failed to commit DB changes err="failed to stage db changes: exit status 128\nOutput: fatal: Unable to create '/home/runner/work/mddb/mddb/data-e2e/.git/index.lock': File exists.\n\nAnother git process seems to be running in this repository, or the lock file may be stale\n"
INF http m=POST p=/api/v1/workspaces/441ONRDVU000/nodes/441ONSVK2000/table/records/create s=200 d=39.6ms s=26
INF http m=GET p=/w/@441ONRDVU000+workspace/@441ONSR2K000+welcome s=200 d=40µs s=542
INF http m=GET p=/assets/ServerSettingsPanel-C8C6nm9a.js s=200 d=84µs s=2550
INF http m=GET p=/assets/ResourceQuotaForm-DTSj8Ta5.css s=200 d=43µs s=302
INF http m=GET p=/assets/ResourceQuotaForm-D6gJNn3N.js s=200 d=43µs s=812
INF http m=GET p=/api/v1/workspaces/441ONRDVU000/events s=200 d=190ms s=284
INF http m=GET p=/registerSW.js s=200 d=36µs s=87
INF http m=GET p=/assets/ProfileSettings-rthGIjGN.js s=200 d=73µs s=4319
INF http m=GET p=/assets/ProfileSettings-D5kbNfHV.css s=200 d=49µs s=1220
INF http m=GET p=/api/v1/auth/me s=200 d=752µs s=355
INF http m=GET p=/assets/OrgSettingsPanel-BP8s6T0h.css s=200 d=32µs s=511
INF http m=GET p=/assets/OrgSettingsPanel-B78NX7Vn.js s=200 d=56µs s=2302
INF http m=GET p=/assets/InviteForm-R7w4u6kW.js s=200 d=40µs s=1267
INF http m=GET p=/assets/InviteForm-CW-wgFWD.css s=200 d=38µs s=414
INF http m=GET p=/assets/AdminDashboard-R0heLGro.css s=200 d=43µs s=601
INF http m=GET p=/assets/AdminDashboard-D3Sw1IyX.js s=200 d=38µs s=2075
ERR Failed to commit DB changes err="failed to stage db changes: exit status 128\nOutput: fatal: Unable to create '/home/runner/work/mddb/mddb/data-e2e/.git/index.lock': File exists.\n\nAnother git process seems to be running in this repository, or the lock file may be stale\n"
INF http m=POST p=/api/v1/auth/register s=200 d=100ms s=396
INF http m=GET p=/ s=200 d=58µs s=542
INF http m=GET p=/manifest.webmanifest s=200 d=32µs s=199
INF http m=GET p=/api/v1/notifications/unread-count s=200 d=238µs s=25
INF http m=GET p=/api/v1/workspaces/441ONRDVU000/nodes/0/children s=200 d=1ms s=312
INF http m=GET p=/api/v1/workspaces/441ONRDVU000/nodes/441ONSR2K000 s=200 d=6.56ms s=245
INF http m=GET p=/registerSW.js s=200 d=109µs s=87
INF http m=GET p=/assets/vendor-C3WBU0hm.js s=200 d=155µs s=29762
INF http m=GET p=/assets/editor-vendor-Bje_VwYD.js s=200 d=188µs s=117396
INF http m=GET p=/assets/index-SHhnYNGf.js s=200 d=172µs s=49792
INF http m=GET p=/api/v1/workspaces/441ONRDVU000/members s=200 d=37.7ms s=132
INF http m=GET p=/assets/index-DPQ8uk7g.css s=200 d=243µs s=12402
INF http m=GET p=/api/v1/workspaces/441ONRDVU000/nodes/441ONSVK2000 s=200 d=474µs s=174
INF http m=GET p=/api/v1/workspaces/441ONRDVU000/nodes/441ONSVK2000/table/records s=200 d=421µs s=105
INF http m=GET p=/api/v1/auth/me s=200 d=266µs s=168
INF http m=GET p=/assets/en-BOb8f2G7.js s=200 d=74µs s=5207
INF http m=GET p=/sw.js s=200 d=84µs s=5540
INF http m=GET p=/api/v1/notifications/unread-count s=200 d=163µs s=25
ERR Failed to commit DB changes err="failed to stage db changes: exit status 128\nOutput: fatal: Unable to create '/home/runner/work/mddb/mddb/data-e2e/.git/index.lock': File exists.\n\nAnother git process seems to be running in this repository, or the lock file may be stale\n"
INF http m=POST p=/api/v1/organizations s=200 d=7.06ms s=354
INF http m=GET p=/favicon.png s=200 d=46µs s=449
INF http m=GET p=/api/v1/auth/me s=200 d=624µs s=253
INF http m=GET p=/registerSW.js s=200 d=38µs s=87
INF http m=GET p=/index.html s=200 d=37µs s=542
INF http m=GET p=/icon.svg s=200 d=33µs s=195
INF http m=GET p=/icon-512.png s=200 d=82µs s=6498
INF http m=GET p=/api/v1/workspaces/441ONRDVU000/events s=200 d=290ms s=93
INF http m=GET p=/icon-192.png s=200 d=62µs s=2468
INF http m=GET p=/favicon.png s=200 d=42µs s=449
INF http m=GET p=/apple-touch-icon.png s=200 d=69µs s=2298
INF http m=GET p=/assets/material-symbols-names-mOXCVt15.js s=200 d=121µs s=15793
ERR Failed to add workspace submodule wsID=441OO08HO000 err="failed to add submodule 441OO08HO000: exit status 128\nOutput: Adding existing repo at '441OO08HO000' to the index\nfatal: Unable to create '/home/runner/work/mddb/mddb/data-e2e/.git/index.lock': File exists.\n\nAnother git process seems to be running in this repository, or the lock file may be stale\nfatal: Failed to add submodule '441OO08HO000'\n"
ERR Failed to commit DB changes err="failed to stage db changes: exit status 128\nOutput: fatal: Unable to create '/home/runner/work/mddb/mddb/data-e2e/.git/index.lock': File exists.\n\nAnother git process seems to be running in this repository, or the lock file may be stale\n"
INF http m=POST p=/api/v1/organizations/441ONVUQA000/workspaces s=200 d=136ms s=301
ERR Failed to commit DB changes err="failed to stage db changes: exit status 128\nOutput: fatal: Unable to create '/home/runner/work/mddb/mddb/data-e2e/.git/index.lock': File exists.\n\nAnother git process seems to be running in this repository, or the lock file may be stale\n"
INF http m=POST p=/api/v1/auth/switch-workspace s=200 d=19.7ms s=581
INF http m=GET p=/assets/fr-CgauyyXq.js s=200 d=245µs s=6301
INF http m=GET p=/assets/es-DHO8DnB9.js s=200 d=107µs s=6015
INF http m=GET p=/api/v1/notifications/unread-count s=200 d=199µs s=25
INF http m=GET p=/api/v1/workspaces/441OO08HO000/nodes/0/children s=200 d=3.37ms s=26
INF http m=GET p=/api/v1/workspaces/441OO08HO000/members s=200 d=241µs s=132
INF http m=GET p=/assets/emoji-groups-tsNE8Axz.js s=200 d=158µs s=13852
ERR Failed to commit DB changes err="failed to stage db changes: exit status 128\nOutput: fatal: Unable to create '/home/runner/work/mddb/mddb/data-e2e/.git/index.lock': File exists.\n\nAnother git process seems to be running in this repository, or the lock file may be stale\n"
INF http m=POST p=/api/v1/workspaces/441OO08HO000/nodes/0/page/create s=200 d=50.9ms s=35
INF http m=GET p=/api/v1/workspaces/441OO08HO000/nodes/0/children s=200 d=483µs s=318
INF http m=GET p=/api/v1/workspaces/441OO08HO000/nodes/441OO1R46000 s=200 d=297µs s=245
ERR Failed to commit DB changes err="failed to stage db changes: exit status 128\nOutput: fatal: Unable to create '/home/runner/work/mddb/mddb/data-e2e/.git/index.lock': File exists.\n\nAnother git process seems to be running in this repository, or the lock file may be stale\n"
INF http m=POST p=/api/v1/workspaces/441OO08HO000/nodes/0/table/create s=200 d=63ms s=26
INF http m=GET p=/assets/de-qJeflSp6.js s=200 d=81µs s=6245
INF http m=GET p=/assets/Editor-5FlZhQpN.js s=200 d=116µs s=13509
INF http m=GET p=/assets/Editor-BYBWY7b1.css s=200 d=70µs s=2240
INF http m=GET p=/assets/WorkspaceSettingsPanel-CsUOm22X.css s=200 d=43µs s=1025
INF http m=GET p=/assets/WorkspaceSettingsPanel-CM5oaFTF.js s=200 d=87µs s=4443
INF http m=GET p=/assets/ServerSettingsPanel-pbgISWIv.css s=200 d=34µs s=596
ERR Failed to commit DB changes err="failed to stage db changes: exit status 128\nOutput: fatal: Unable to create '/home/runner/work/mddb/mddb/data-e2e/.git/index.lock': File exists.\n\nAnother git process seems to be running in this repository, or the lock file may be stale\n"
INF http m=POST p=/api/v1/workspaces/441OO08HO000/nodes/441OO22RE000/table/records/create s=200 d=57.2ms s=26
INF http m=GET p=/assets/ServerSettingsPanel-C8C6nm9a.js s=200 d=41µs s=2550
INF http m=GET p=/assets/ResourceQuotaForm-DTSj8Ta5.css s=200 d=37µs s=302
INF http m=GET p=/assets/ResourceQuotaForm-D6gJNn3N.js s=200 d=42µs s=812
INF http m=GET p=/assets/ProfileSettings-rthGIjGN.js s=200 d=69µs s=4319
INF http m=GET p=/assets/ProfileSettings-D5kbNfHV.css s=200 d=37µs s=1220
INF http m=GET p=/assets/OrgSettingsPanel-BP8s6T0h.css s=200 d=30µs s=511
ERR Failed to commit DB changes err="failed to stage db changes: exit status 128\nOutput: fatal: Unable to create '/home/runner/work/mddb/mddb/data-e2e/.git/index.lock': File exists.\n\nAnother git process seems to be running in this repository, or the lock file may be stale\n"
INF http m=POST p=/api/v1/workspaces/441OO08HO000/nodes/441OO22RE000/table/records/create s=200 d=37.8ms s=26
INF http m=GET p=/assets/OrgSettingsPanel-B78NX7Vn.js s=200 d=54µs s=2302
INF http m=GET p=/w/@441OO08HO000+workspace/@441OO1R46000+welcome s=200 d=27µs s=542
ERR Failed to commit DB changes err="failed to stage db changes: exit status 128\nOutput: fatal: Unable to create '/home/runner/work/mddb/mddb/data-e2e/.git/index.lock': File exists.\n\nAnother git process seems to be running in this repository, or the lock file may be stale\n"
INF http m=POST p=/api/v1/auth/register s=200 d=139ms s=395
INF http m=GET p=/ s=200 d=66µs s=542
INF http m=GET p=/api/v1/workspaces/441OO08HO000/events s=200 d=260ms s=318
INF http m=GET p=/registerSW.js s=200 d=49µs s=87
INF http m=GET p=/assets/InviteForm-R7w4u6kW.js s=200 d=35µs s=1267
INF http m=GET p=/assets/index-SHhnYNGf.js s=200 d=199µs s=49792
INF http m=GET p=/assets/index-DPQ8uk7g.css s=200 d=104µs s=12402
INF http m=GET p=/assets/InviteForm-CW-wgFWD.css s=200 d=28µs s=414
INF http m=GET p=/registerSW.js s=200 d=41µs s=87
INF http m=GET p=/assets/vendor-C3WBU0hm.js s=200 d=107µs s=29762
INF http m=GET p=/assets/editor-vendor-Bje_VwYD.js s=200 d=164µs s=117396
INF http m=GET p=/api/v1/auth/me s=200 d=804µs s=356
INF http m=GET p=/assets/AdminDashboard-R0heLGro.css s=200 d=69µs s=601
INF http m=GET p=/assets/AdminDashboard-D3Sw1IyX.js s=200 d=59µs s=2075
INF http m=GET p=/manifest.webmanifest s=200 d=52µs s=199
INF http m=GET p=/api/v1/notifications/unread-count s=200 d=179µs s=25
INF http m=GET p=/api/v1/workspaces/441OO08HO000/members s=200 d=1.36ms s=132
INF http m=GET p=/api/v1/workspaces/441OO08HO000/nodes/441OO1R46000 s=200 d=3.42ms s=245
INF http m=GET p=/api/v1/workspaces/441OO08HO000/nodes/0/children s=200 d=12.1ms s=318
INF http m=GET p=/assets/en-BOb8f2G7.js s=200 d=190µs s=5207
INF http m=GET p=/api/v1/auth/me s=200 d=536µs s=165
INF http m=GET p=/api/v1/notifications/unread-count s=200 d=224µs s=25
INF http m=GET p=/favicon.png s=200 d=38µs s=449
ERR Failed to commit DB changes err="failed to stage db changes: exit status 128\nOutput: fatal: Unable to create '/home/runner/work/mddb/mddb/data-e2e/.git/index.lock': File exists.\n\nAnother git process seems to be running in this repository, or the lock file may be stale\n"
INF http m=POST p=/api/v1/organizations s=200 d=7.76ms s=353
INF http m=GET p=/api/v1/workspaces/441OO08HO000/nodes/441OO22RE000 s=200 d=475µs s=180
INF http m=GET p=/sw.js s=200 d=150µs s=5540
INF http m=GET p=/api/v1/auth/me s=200 d=742µs s=252
INF http m=GET p=/api/v1/workspaces/441OO08HO000/nodes/441OO22RE000/table/records s=200 d=679µs s=134
INF http m=GET p=/registerSW.js s=200 d=53µs s=87
INF http m=GET p=/index.html s=200 d=41µs s=542
INF http m=GET p=/icon.svg s=200 d=37µs s=195
INF http m=GET p=/icon-512.png s=200 d=80µs s=6498
INF http m=GET p=/icon-192.png s=200 d=76µs s=2468
INF http m=GET p=/favicon.png s=200 d=43µs s=449
ERR Failed to add workspace submodule wsID=441OO4SHS000 err="failed to add submodule 441OO4SHS000: exit status 128\nOutput: Adding existing repo at '441OO4SHS000' to the index\nfatal: Unable to create '/home/runner/work/mddb/mddb/data-e2e/.git/index.lock': File exists.\n\nAnother git process seems to be running in this repository, or the lock file may be stale\nfatal: Failed to add submodule '441OO4SHS000'\n"
INF http m=GET p=/apple-touch-icon.png s=200 d=41µs s=2298
ERR Failed to commit DB changes err="failed to stage db changes: exit status 128\nOutput: fatal: Unable to create '/home/runner/work/mddb/mddb/data-e2e/.git/index.lock': File exists.\n\nAnother git process seems to be running in this repository, or the lock file may be stale\n"
INF http m=POST p=/api/v1/organizations/441OO4KE0000/workspaces s=200 d=105ms s=301
ERR Failed to commit DB changes err="failed to stage db changes: exit status 128\nOutput: fatal: Unable to create '/home/runner/work/mddb/mddb/data-e2e/.git/index.lock': File exists.\n\nAnother git process seems to be running in this repository, or the lock file may be stale\n"
INF http m=POST p=/api/v1/auth/switch-workspace s=200 d=5.86ms s=574
INF http m=GET p=/assets/material-symbols-names-mOXCVt15.js s=200 d=97µs s=15793
INF http m=GET p=/api/v1/notifications/unread-count s=200 d=185µs s=25
INF http m=GET p=/api/v1/workspaces/441OO4SHS000/nodes/0/children s=200 d=286µs s=26
INF http m=GET p=/api/v1/workspaces/441OO4SHS000/members s=200 d=178µs s=130
INF http m=GET p=/assets/fr-CgauyyXq.js s=200 d=107µs s=6301
INF http m=GET p=/assets/es-DHO8DnB9.js s=200 d=73µs s=6015
ERR Failed to commit DB changes err="failed to stage db changes: exit status 128\nOutput: fatal: Unable to create '/home/runner/work/mddb/mddb/data-e2e/.git/index.lock': File exists.\n\nAnother git process seems to be running in this repository, or the lock file may be stale\n"
INF http m=POST p=/api/v1/workspaces/441OO4SHS000/nodes/0/page/create s=200 d=25.9ms s=35
INF http m=GET p=/api/v1/workspaces/441OO4SHS000/nodes/0/children s=200 d=304µs s=257
INF http m=GET p=/assets/emoji-groups-tsNE8Axz.js s=200 d=152µs s=13852
INF http m=GET p=/api/v1/workspaces/441OO4SHS000/nodes/441OO5USG000 s=200 d=324µs s=245
INF http m=GET p=/assets/Editor-BYBWY7b1.css s=200 d=67µs s=2240
INF http m=GET p=/assets/Editor-5FlZhQpN.js s=200 d=84µs s=13509
INF http m=GET p=/assets/de-qJeflSp6.js s=200 d=99µs s=6245
INF http m=GET p=/assets/WorkspaceSettingsPanel-CsUOm22X.css s=200 d=42µs s=1025
INF http m=GET p=/assets/WorkspaceSettingsPanel-CM5oaFTF.js s=200 d=79µs s=4443
INF http m=GET p=/assets/ServerSettingsPanel-pbgISWIv.css s=200 d=38µs s=596
INF http m=GET p=/assets/ServerSettingsPanel-C8C6nm9a.js s=200 d=52µs s=2550
INF http m=GET p=/assets/ResourceQuotaForm-DTSj8Ta5.css s=200 d=29µs s=302
INF http m=GET p=/assets/ResourceQuotaForm-D6gJNn3N.js s=200 d=25µs s=812
INF http m=GET p=/assets/ProfileSettings-rthGIjGN.js s=200 d=60µs s=4319
INF http m=GET p=/assets/ProfileSettings-D5kbNfHV.css s=200 d=32µs s=1220
INF http m=GET p=/assets/OrgSettingsPanel-BP8s6T0h.css s=200 d=21µs s=511
INF http m=GET p=/assets/OrgSettingsPanel-B78NX7Vn.js s=200 d=269µs s=2302
INF http m=GET p=/assets/InviteForm-R7w4u6kW.js s=200 d=41µs s=1267
INF http m=GET p=/assets/InviteForm-CW-wgFWD.css s=200 d=42µs s=414
INF http m=GET p=/api/v1/workspaces/441OO08HO000/events s=200 d=501ms s=93
INF http m=GET p=/api/v1/notifications/unread-count s=200 d=209µs s=25
INF http m=GET p=/api/v1/workspaces/441OO4SHS000/events s=200 d=223ms s=202
INF http m=GET p=/api/v1/notifications/preferences s=200 d=821µs s=127
INF http m=GET p=/api/v1/auth/providers s=200 d=471µs s=59
INF http m=GET p=/assets/AdminDashboard-R0heLGro.css s=200 d=32µs s=601
INF http m=GET p=/assets/AdminDashboard-D3Sw1IyX.js s=200 d=33µs s=2075
INF http m=GET p=/manifest.webmanifest s=200 d=43µs s=199
ERR Failed to commit DB changes err="failed to stage db changes: exit status 128\nOutput: fatal: Unable to create '/home/runner/work/mddb/mddb/data-e2e/.git/index.lock': File exists.\n\nAnother git process seems to be running in this repository, or the lock file may be stale\n"
INF http m=POST p=/api/v1/auth/register s=200 d=128ms s=398
INF http m=GET p=/ s=200 d=65µs s=542
INF http m=GET p=/assets/index-SHhnYNGf.js s=200 d=189µs s=49792
INF http m=GET p=/registerSW.js s=200 d=42µs s=87
INF http m=GET p=/assets/vendor-C3WBU0hm.js s=200 d=130µs s=29762
INF http m=GET p=/assets/index-DPQ8uk7g.css s=200 d=92µs s=12402
INF http m=GET p=/assets/editor-vendor-Bje_VwYD.js s=200 d=177µs s=117396
INF http m=GET p=/api/v1/auth/me s=200 d=750µs s=163
INF http m=GET p=/assets/en-BOb8f2G7.js s=200 d=71µs s=5207
INF http m=GET p=/api/v1/notifications/unread-count s=200 d=170µs s=25
INF http m=GET p=/sw.js s=200 d=65µs s=5540
ERR Failed to commit DB changes err="failed to stage db changes: exit status 128\nOutput: fatal: Unable to create '/home/runner/work/mddb/mddb/data-e2e/.git/index.lock': File exists.\n\nAnother git process seems to be running in this repository, or the lock file may be stale\n"
INF http m=POST p=/api/v1/organizations s=200 d=16.4ms s=355
INF http m=GET p=/favicon.png s=200 d=46µs s=449
INF http m=GET p=/api/v1/auth/me s=200 d=713µs s=252
ERR Failed to commit DB changes err="failed to stage db changes: exit status 128\nOutput: fatal: Unable to create '/home/runner/work/mddb/mddb/data-e2e/.git/index.lock': File exists.\n\nAnother git process seems to be running in this repository, or the lock file may be stale\n"
INF http m=POST p=/api/v1/auth/register s=200 d=192ms s=396
INF http m=GET p=/registerSW.js s=200 d=37µs s=87
INF http m=GET p=/ s=200 d=68µs s=542
INF http m=GET p=/index.html s=200 d=48µs s=542
INF http m=GET p=/icon.svg s=200 d=39µs s=195
INF http m=GET p=/icon-512.png s=200 d=87µs s=6498
INF http m=GET p=/assets/index-DPQ8uk7g.css s=200 d=173µs s=12402
INF http m=GET p=/assets/index-SHhnYNGf.js s=200 d=191µs s=49792
INF http m=GET p=/icon-192.png s=200 d=36µs s=2468
INF http m=GET p=/registerSW.js s=200 d=25µs s=87
INF http m=GET p=/assets/editor-vendor-Bje_VwYD.js s=200 d=174µs s=117396
INF http m=GET p=/assets/vendor-C3WBU0hm.js s=200 d=135µs s=29762
INF http m=GET p=/favicon.png s=200 d=57µs s=449
INF http m=GET p=/apple-touch-icon.png s=200 d=55µs s=2298
INF http m=GET p=/assets/material-symbols-names-mOXCVt15.js s=200 d=113µs s=15793
ERR Failed to add workspace submodule wsID=441OOASQ2000 err="failed to add submodule 441OOASQ2000: exit status 128\nOutput: Adding existing repo at '441OOASQ2000' to the index\nfatal: Unable to create '/home/runner/work/mddb/mddb/data-e2e/.git/index.lock': File exists.\n\nAnother git process seems to be running in this repository, or the lock file may be stale\nfatal: Failed to add submodule '441OOASQ2000'\n"
ERR Failed to commit DB changes err="failed to stage db changes: exit status 128\nOutput: fatal: Unable to create '/home/runner/work/mddb/mddb/data-e2e/.git/index.lock': File exists.\n\nAnother git process seems to be running in this repository, or the lock file may be stale\n"
INF http m=POST p=/api/v1/organizations/441OOAJNM000/workspaces s=200 d=176ms s=301
INF http m=GET p=/assets/fr-CgauyyXq.js s=200 d=73µs s=6301
ERR Failed to commit DB changes err="failed to stage db changes: exit status 128\nOutput: fatal: Unable to create '/home/runner/work/mddb/mddb/data-e2e/.git/index.lock': File exists.\n\nAnother git process seems to be running in this repository, or the lock file may be stale\n"
INF http m=POST p=/api/v1/auth/switch-workspace s=200 d=11.3ms s=577
INF http m=GET p=/assets/es-DHO8DnB9.js s=200 d=124µs s=6015
INF http m=GET p=/api/v1/workspaces/441OOASQ2000/nodes/0/children s=200 d=350µs s=26
INF http m=GET p=/api/v1/workspaces/441OOASQ2000/members s=200 d=983µs s=118
INF http m=GET p=/api/v1/notifications/unread-count s=200 d=3.2ms s=25
INF http m=GET p=/assets/emoji-groups-tsNE8Axz.js s=200 d=112µs s=13852
INF http m=GET p=/assets/en-BOb8f2G7.js s=200 d=114µs s=5207
INF http m=GET p=/api/v1/auth/me s=200 d=210µs s=166
INF http m=GET p=/api/v1/notifications/unread-count s=200 d=242µs s=25
ERR Failed to commit DB changes err="failed to stage db changes: exit status 128\nOutput: fatal: Unable to create '/home/runner/work/mddb/mddb/data-e2e/.git/index.lock': File exists.\n\nAnother git process seems to be running in this repository, or the lock file may be stale\n"
INF http m=POST p=/api/v1/organizations s=200 d=7.7ms s=353
ERR Failed to commit DB changes err="failed to stage db changes: exit status 128\nOutput: fatal: Unable to create '/home/runner/work/mddb/mddb/data-e2e/.git/index.lock': File exists.\n\nAnother git process seems to be running in this repository, or the lock file may be stale\n"
INF http m=POST p=/api/v1/workspaces/441OOASQ2000/nodes/0/page/create s=200 d=42.9ms s=35
INF http m=GET p=/api/v1/auth/me s=200 d=573µs s=251
INF http m=GET p=/api/v1/workspaces/441OOASQ2000/nodes/0/children s=200 d=664µs s=257
INF http m=GET p=/assets/de-qJeflSp6.js s=200 d=124µs s=6245
INF http m=GET p=/sw.js s=200 d=98µs s=5540
INF http m=GET p=/assets/WorkspaceSettingsPanel-CsUOm22X.css s=200 d=27µs s=1025
INF http m=GET p=/api/v1/workspaces/441OOASQ2000/nodes/441OOCLFQ000 s=200 d=453µs s=245
INF http m=GET p=/assets/WorkspaceSettingsPanel-CM5oaFTF.js s=200 d=124µs s=4443
INF http m=GET p=/favicon.png s=200 d=38µs s=449
INF http m=GET p=/assets/ServerSettingsPanel-pbgISWIv.css s=200 d=35µs s=596
INF http m=GET p=/assets/Editor-5FlZhQpN.js s=200 d=134µs s=13509
INF http m=GET p=/assets/Editor-BYBWY7b1.css s=200 d=44µs s=2240
INF http m=GET p=/registerSW.js s=200 d=21µs s=87
INF http m=GET p=/assets/ServerSettingsPanel-C8C6nm9a.js s=200 d=93µs s=2550
INF http m=GET p=/assets/ResourceQuotaForm-DTSj8Ta5.css s=200 d=32µs s=302
INF http m=GET p=/assets/ResourceQuotaForm-D6gJNn3N.js s=200 d=40µs s=812
INF http m=GET p=/index.html s=200 d=29µs s=542
INF http m=GET p=/assets/ProfileSettings-rthGIjGN.js s=200 d=92µs s=4319
INF http m=GET p=/icon.svg s=200 d=39µs s=195
INF http m=GET p=/assets/ProfileSettings-D5kbNfHV.css s=200 d=40µs s=1220
INF http m=GET p=/icon-512.png s=200 d=97µs s=6498
INF http m=GET p=/assets/OrgSettingsPanel-BP8s6T0h.css s=200 d=33µs s=511
INF http m=GET p=/assets/OrgSettingsPanel-B78NX7Vn.js s=200 d=40µs s=2302
INF http m=GET p=/icon-192.png s=200 d=34µs s=2468
INF http m=GET p=/favicon.png s=200 d=40µs s=449
INF http m=GET p=/assets/InviteForm-R7w4u6kW.js s=200 d=50µs s=1267
INF http m=GET p=/apple-touch-icon.png s=200 d=42µs s=2298
INF http m=GET p=/assets/InviteForm-CW-wgFWD.css s=200 d=40µs s=414
INF http m=GET p=/assets/material-symbols-names-mOXCVt15.js s=200 d=115µs s=15793
INF http m=GET p=/assets/AdminDashboard-R0heLGro.css s=200 d=76µs s=601
ERR Failed to add workspace submodule wsID=441OOD7MU000 err="failed to add submodule 441OOD7MU000: exit status 128\nOutput: Adding existing repo at '441OOD7MU000' to the index\nfatal: Unable to create '/home/runner/work/mddb/mddb/data-e2e/.git/index.lock': File exists.\n\nAnother git process seems to be running in this repository, or the lock file may be stale\nfatal: Failed to add submodule '441OOD7MU000'\n"
INF http m=GET p=/assets/AdminDashboard-D3Sw1IyX.js s=200 d=72µs s=2075
INF http m=GET p=/assets/fr-CgauyyXq.js s=200 d=68µs s=6301
INF http m=GET p=/manifest.webmanifest s=200 d=34µs s=199
ERR Failed to commit DB changes err="failed to stage db changes: exit status 128\nOutput: fatal: Unable to create '/home/runner/work/mddb/mddb/data-e2e/.git/index.lock': File exists.\n\nAnother git process seems to be running in this repository, or the lock file may be stale\n"
INF http m=POST p=/api/v1/organizations/441OOCPTA000/workspaces s=200 d=174ms s=302
INF http m=GET p=/assets/es-DHO8DnB9.js s=200 d=154µs s=6015
ERR Failed to commit DB changes err="failed to stage db changes: exit status 128\nOutput: fatal: Unable to create '/home/runner/work/mddb/mddb/data-e2e/.git/index.lock': File exists.\n\nAnother git process seems to be running in this repository, or the lock file may be stale\n"
INF http m=POST p=/api/v1/auth/switch-workspace s=200 d=14.7ms s=575
INF http m=GET p=/assets/emoji-groups-tsNE8Axz.js s=200 d=94µs s=13852
INF http m=GET p=/api/v1/notifications/unread-count s=200 d=208µs s=25
INF http m=GET p=/api/v1/workspaces/441OOD7MU000/members s=200 d=176µs s=130
INF http m=GET p=/api/v1/workspaces/441OOD7MU000/nodes/0/children s=200 d=257µs s=26
INF http m=GET p=/api/v1/notifications/unread-count s=200 d=4.71ms s=25
INF http m=GET p=/api/v1/workspaces/441OOASQ2000/events s=200 d=394ms s=202
INF http m=GET p=/api/v1/auth/providers s=200 d=175µs s=59
INF http m=GET p=/api/v1/notifications/preferences s=200 d=201µs s=127
INF http m=GET p=/assets/de-qJeflSp6.js s=200 d=120µs s=6245
ERR Failed to commit DB changes err="failed to stage db changes: exit status 128\nOutput: fatal: Unable to create '/home/runner/work/mddb/mddb/data-e2e/.git/index.lock': File exists.\n\nAnother git process seems to be running in this repository, or the lock file may be stale\n"
INF http m=POST p=/api/v1/workspaces/441OOD7MU000/nodes/0/page/create s=200 d=38.6ms s=35
INF http m=GET p=/api/v1/workspaces/441OOD7MU000/nodes/0/children s=200 d=372µs s=257
INF http m=GET p=/assets/WorkspaceSettingsPanel-CsUOm22X.css s=200 d=33µs s=1025
INF http m=GET p=/api/v1/workspaces/441OOD7MU000/nodes/441OOEP3G000 s=200 d=591µs s=245
INF http m=GET p=/assets/WorkspaceSettingsPanel-CM5oaFTF.js s=200 d=72µs s=4443
INF http m=GET p=/assets/Editor-BYBWY7b1.css s=200 d=87µs s=2240
INF http m=GET p=/assets/Editor-5FlZhQpN.js s=200 d=99µs s=13509
INF http m=GET p=/assets/ServerSettingsPanel-pbgISWIv.css s=200 d=37µs s=596
INF http m=GET p=/assets/ServerSettingsPanel-C8C6nm9a.js s=200 d=53µs s=2550
INF http m=GET p=/assets/ResourceQuotaForm-DTSj8Ta5.css s=200 d=41µs s=302
ERR Failed to commit DB changes err="failed to stage db changes: exit status 128\nOutput: fatal: Unable to create '/home/runner/work/mddb/mddb/data-e2e/.git/index.lock': File exists.\n\nAnother git process seems to be running in this repository, or the lock file may be stale\n"
INF http m=POST p=/api/v1/auth/settings s=200 d=11.6ms s=307
INF http m=GET p=/assets/ResourceQuotaForm-D6gJNn3N.js s=200 d=45µs s=812
INF http m=GET p=/assets/ProfileSettings-rthGIjGN.js s=200 d=74µs s=4319
INF http m=GET p=/assets/ProfileSettings-D5kbNfHV.css s=200 d=96µs s=1220
INF http m=GET p=/assets/OrgSettingsPanel-BP8s6T0h.css s=200 d=35µs s=511
INF http m=GET p=/assets/OrgSettingsPanel-B78NX7Vn.js s=200 d=56µs s=2302
INF http m=GET p=/assets/InviteForm-R7w4u6kW.js s=200 d=43µs s=1267
INF http m=GET p=/assets/InviteForm-CW-wgFWD.css s=200 d=54µs s=414
INF http m=GET p=/assets/AdminDashboard-R0heLGro.css s=200 d=38µs s=601
INF http m=GET p=/assets/AdminDashboard-D3Sw1IyX.js s=200 d=35µs s=2075
INF http m=GET p=/manifest.webmanifest s=200 d=36µs s=199
INF http m=GET p=/api/v1/notifications/unread-count s=200 d=428µs s=25
INF http m=GET p=/api/v1/workspaces/441OOD7MU000/events s=200 d=282ms s=207
INF http m=GET p=/api/v1/auth/providers s=200 d=337µs s=59
INF http m=GET p=/api/v1/notifications/preferences s=200 d=764µs s=127
ERR Failed to commit DB changes err="failed to stage db changes: exit status 128\nOutput: fatal: Unable to create '/home/runner/work/mddb/mddb/data-e2e/.git/index.lock': File exists.\n\nAnother git process seems to be running in this repository, or the lock file may be stale\n"
INF http m=POST p=/api/v1/auth/settings s=200 d=11.6ms s=307
ERR Failed to commit DB changes err="failed to stage db changes: exit status 128\nOutput: fatal: Unable to create '/home/runner/work/mddb/mddb/data-e2e/.git/index.lock': File exists.\n\nAnother git process seems to be running in this repository, or the lock file may be stale\n"
INF http m=POST p=/api/v1/auth/register s=200 d=108ms s=394
INF http m=GET p=/ s=200 d=61µs s=542
INF http m=GET p=/assets/editor-vendor-Bje_VwYD.js s=200 d=243µs s=117396
INF http m=GET p=/assets/index-DPQ8uk7g.css s=200 d=156µs s=12402
INF http m=GET p=/assets/index-SHhnYNGf.js s=200 d=142µs s=49792
INF http m=GET p=/registerSW.js s=200 d=33µs s=87
INF http m=GET p=/assets/vendor-C3WBU0hm.js s=200 d=129µs s=29762
INF http m=GET p=/api/v1/auth/me s=200 d=721µs s=165
INF http m=GET p=/assets/en-BOb8f2G7.js s=200 d=66µs s=5207
ERR Failed to commit DB changes err="failed to stage db changes: exit status 128\nOutput: fatal: Unable to create '/home/runner/work/mddb/mddb/data-e2e/.git/index.lock': File exists.\n\nAnother git process seems to be running in this repository, or the lock file may be stale\n"
INF http m=POST p=/api/v1/auth/register s=200 d=87.3ms s=388
INF http m=GET p=/ s=200 d=67µs s=542
INF http m=GET p=/api/v1/notifications/unread-count s=200 d=268µs s=25
INF http m=GET p=/sw.js s=200 d=83µs s=5540
INF http m=GET p=/favicon.png s=200 d=47µs s=449
ERR Failed to commit DB changes err="failed to stage db changes: exit status 128\nOutput: fatal: Unable to create '/home/runner/work/mddb/mddb/data-e2e/.git/index.lock': File exists.\n\nAnother git process seems to be running in this repository, or the lock file may be stale\n"
INF http m=POST p=/api/v1/organizations s=200 d=13.5ms s=354
INF http m=GET p=/assets/index-SHhnYNGf.js s=200 d=204µs s=49792
INF http m=GET p=/assets/index-DPQ8uk7g.css s=200 d=142µs s=12402
INF http m=GET p=/assets/editor-vendor-Bje_VwYD.js s=200 d=249µs s=117396
INF http m=GET p=/assets/vendor-C3WBU0hm.js s=200 d=156µs s=29762
INF http m=GET p=/registerSW.js s=200 d=38µs s=87
INF http m=GET p=/registerSW.js s=200 d=45µs s=87
INF http m=GET p=/api/v1/auth/me s=200 d=708µs s=253
INF http m=GET p=/index.html s=200 d=34µs s=542
INF http m=GET p=/icon.svg s=200 d=43µs s=195
INF http m=GET p=/icon-512.png s=200 d=84µs s=6498
INF http m=GET p=/icon-192.png s=200 d=69µs s=2468
INF http m=GET p=/favicon.png s=200 d=58µs s=449
INF http m=GET p=/apple-touch-icon.png s=200 d=58µs s=2298
INF http m=GET p=/assets/material-symbols-names-mOXCVt15.js s=200 d=110µs s=15793
INF http m=GET p=/assets/en-BOb8f2G7.js s=200 d=162µs s=5207
INF http m=GET p=/api/v1/auth/me s=200 d=4.74ms s=163
INF http m=GET p=/assets/fr-CgauyyXq.js s=200 d=376µs s=6301
INF http m=GET p=/assets/es-DHO8DnB9.js s=200 d=96µs s=6015
INF http m=GET p=/api/v1/notifications/unread-count s=200 d=470µs s=25
INF http m=GET p=/favicon.png s=200 d=33µs s=449
INF http m=GET p=/assets/emoji-groups-tsNE8Axz.js s=200 d=83µs s=13852
ERR Failed to add workspace submodule wsID=441OOKC8U000 err="failed to add submodule 441OOKC8U000: exit status 128\nOutput: Adding existing repo at '441OOKC8U000' to the index\nfatal: Unable to create '/home/runner/work/mddb/mddb/data-e2e/.git/index.lock': File exists.\n\nAnother git process seems to be running in this repository, or the lock file may be stale\nfatal: Failed to add submodule '441OOKC8U000'\n"
ERR Failed to commit DB changes err="failed to stage db changes: exit status 128\nOutput: fatal: Unable to create '/home/runner/work/mddb/mddb/data-e2e/.git/index.lock': File exists.\n\nAnother git process seems to be running in this repository, or the lock file may be stale\n"
INF http m=POST p=/api/v1/organizations/441OOJUDS000/workspaces s=200 d=202ms s=302
INF http m=GET p=/sw.js s=200 d=133µs s=5540
ERR Failed to commit DB changes err="failed to stage db changes: exit status 128\nOutput: fatal: Unable to create '/home/runner/work/mddb/mddb/data-e2e/.git/index.lock': File exists.\n\nAnother git process seems to be running in this repository, or the lock file may be stale\n"
INF http m=POST p=/api/v1/organizations s=200 d=39.5ms s=350
INF http m=GET p=/api/v1/auth/me s=200 d=1.2ms s=249
ERR Failed to commit DB changes err="failed to stage db changes: exit status 128\nOutput: fatal: Unable to create '/home/runner/work/mddb/mddb/data-e2e/.git/index.lock': File exists.\n\nAnother git process seems to be running in this repository, or the lock file may be stale\n"
INF http m=POST p=/api/v1/auth/switch-workspace s=200 d=21.1ms s=573
INF http m=GET p=/registerSW.js s=200 d=30µs s=87
INF http m=GET p=/index.html s=200 d=43µs s=542
INF http m=GET p=/icon.svg s=200 d=38µs s=195
INF http m=GET p=/icon-512.png s=200 d=112µs s=6498
INF http m=GET p=/api/v1/notifications/unread-count s=200 d=10.5ms s=25
INF http m=GET p=/api/v1/workspaces/441OOKC8U000/members s=200 d=6.4ms s=130
INF http m=GET p=/icon-192.png s=200 d=58µs s=2468
INF http m=GET p=/api/v1/workspaces/441OOKC8U000/nodes/0/children s=200 d=11.1ms s=26
INF http m=GET p=/favicon.png s=200 d=42µs s=449
INF http m=GET p=/assets/de-qJeflSp6.js s=200 d=112µs s=6245
INF http m=GET p=/apple-touch-icon.png s=200 d=65µs s=2298
INF http m=GET p=/assets/WorkspaceSettingsPanel-CsUOm22X.css s=200 d=43µs s=1025
INF http m=GET p=/assets/WorkspaceSettingsPanel-CM5oaFTF.js s=200 d=86µs s=4443
INF http m=GET p=/assets/material-symbols-names-mOXCVt15.js s=200 d=88µs s=15793
INF http m=GET p=/assets/ServerSettingsPanel-pbgISWIv.css s=200 d=29µs s=596
INF http m=GET p=/assets/ServerSettingsPanel-C8C6nm9a.js s=200 d=58µs s=2550
INF http m=GET p=/assets/ResourceQuotaForm-DTSj8Ta5.css s=200 d=40µs s=302
ERR Failed to add workspace submodule wsID=441OOLT1A000 err="failed to add submodule 441OOLT1A000: exit status 128\nOutput: Adding existing repo at '441OOLT1A000' to the index\nfatal: Unable to create '/home/runner/work/mddb/mddb/data-e2e/.git/index.lock': File exists.\n\nAnother git process seems to be running in this repository, or the lock file may be stale\nfatal: Failed to add submodule '441OOLT1A000'\n"
INF http m=GET p=/assets/ResourceQuotaForm-D6gJNn3N.js s=200 d=65µs s=812
ERR Failed to commit DB changes err="failed to stage db changes: exit status 128\nOutput: fatal: Unable to create '/home/runner/work/mddb/mddb/data-e2e/.git/index.lock': File exists.\n\nAnother git process seems to be running in this repository, or the lock file may be stale\n"
INF http m=POST p=/api/v1/workspaces/441OOKC8U000/nodes/0/page/create s=200 d=76.1ms s=35
INF http m=GET p=/assets/fr-CgauyyXq.js s=200 d=80µs s=6301
INF http m=GET p=/assets/ProfileSettings-rthGIjGN.js s=200 d=107µs s=4319
ERR Failed to commit DB changes err="failed to stage db changes: exit status 128\nOutput: fatal: Unable to create '/home/runner/work/mddb/mddb/data-e2e/.git/index.lock': File exists.\n\nAnother git process seems to be running in this repository, or the lock file may be stale\n"
INF http m=POST p=/api/v1/organizations/441OOLESK000/workspaces s=200 d=159ms s=298
INF http m=GET p=/assets/ProfileSettings-D5kbNfHV.css s=200 d=33µs s=1220
INF http m=GET p=/assets/es-DHO8DnB9.js s=200 d=60µs s=6015
INF http m=GET p=/api/v1/workspaces/441OOKC8U000/nodes/0/children s=200 d=336µs s=257
ERR Failed to commit DB changes err="failed to stage db changes: exit status 128\nOutput: fatal: Unable to create '/home/runner/work/mddb/mddb/data-e2e/.git/index.lock': File exists.\n\nAnother git process seems to be running in this repository, or the lock file may be stale\n"
INF http m=POST p=/api/v1/auth/switch-workspace s=200 d=9.88ms s=572
INF http m=GET p=/assets/OrgSettingsPanel-BP8s6T0h.css s=200 d=35µs s=511
INF http m=GET p=/api/v1/workspaces/441OOKC8U000/nodes/441OOMBQ8000 s=200 d=670µs s=245
INF http m=GET p=/assets/OrgSettingsPanel-B78NX7Vn.js s=200 d=51µs s=2302
INF http m=GET p=/assets/emoji-groups-tsNE8Axz.js s=200 d=119µs s=13852
INF http m=GET p=/api/v1/notifications/unread-count s=200 d=206µs s=25
INF http m=GET p=/assets/Editor-5FlZhQpN.js s=200 d=87µs s=13509
INF http m=GET p=/assets/Editor-BYBWY7b1.css s=200 d=36µs s=2240
INF http m=GET p=/api/v1/workspaces/441OOLT1A000/nodes/0/children s=200 d=327µs s=26
INF http m=GET p=/assets/InviteForm-R7w4u6kW.js s=200 d=46µs s=1267
INF http m=GET p=/api/v1/workspaces/441OOLT1A000/members s=200 d=4.68ms s=128
INF http m=GET p=/assets/InviteForm-CW-wgFWD.css s=200 d=47µs s=414
INF http m=GET p=/assets/AdminDashboard-R0heLGro.css s=200 d=38µs s=601
ERR Failed to commit DB changes err="failed to stage db changes: exit status 128\nOutput: fatal: Unable to create '/home/runner/work/mddb/mddb/data-e2e/.git/index.lock': File exists.\n\nAnother git process seems to be running in this repository, or the lock file may be stale\n"
INF http m=POST p=/api/v1/workspaces/441OOLT1A000/nodes/0/page/create s=200 d=29ms s=35
INF http m=GET p=/assets/AdminDashboard-D3Sw1IyX.js s=200 d=153µs s=2075
INF http m=GET p=/api/v1/workspaces/441OOLT1A000/nodes/0/children s=200 d=4.08ms s=257
INF http m=GET p=/manifest.webmanifest s=200 d=37µs s=199
INF http m=GET p=/assets/de-qJeflSp6.js s=200 d=99µs s=6245
INF http m=GET p=/api/v1/workspaces/441OOLT1A000/nodes/441OONDCG000 s=200 d=301µs s=245
INF http m=GET p=/api/v1/notifications/unread-count s=200 d=228µs s=25
INF http m=GET p=/assets/WorkspaceSettingsPanel-CsUOm22X.css s=200 d=37µs s=1025
INF http m=GET p=/assets/Editor-BYBWY7b1.css s=200 d=48µs s=2240
INF http m=GET p=/assets/Editor-5FlZhQpN.js s=200 d=122µs s=13509
INF http m=GET p=/api/v1/workspaces/441OOKC8U000/events s=200 d=275ms s=207
INF http m=GET p=/assets/WorkspaceSettingsPanel-CM5oaFTF.js s=200 d=94µs s=4443
INF http m=GET p=/api/v1/auth/providers s=200 d=350µs s=59
INF http m=GET p=/api/v1/notifications/preferences s=200 d=681µs s=127
INF http m=GET p=/assets/ServerSettingsPanel-pbgISWIv.css s=200 d=41µs s=596
INF http m=GET p=/assets/ServerSettingsPanel-C8C6nm9a.js s=200 d=53µs s=2550
INF http m=GET p=/assets/ResourceQuotaForm-DTSj8Ta5.css s=200 d=41µs s=302
INF http m=GET p=/assets/ResourceQuotaForm-D6gJNn3N.js s=200 d=48µs s=812
INF http m=GET p=/assets/ProfileSettings-rthGIjGN.js s=200 d=254µs s=4319
INF http m=GET p=/assets/ProfileSettings-D5kbNfHV.css s=200 d=32µs s=1220
INF http m=GET p=/assets/OrgSettingsPanel-BP8s6T0h.css s=200 d=33µs s=511
INF http m=GET p=/assets/OrgSettingsPanel-B78NX7Vn.js s=200 d=34µs s=2302
INF http m=GET p=/assets/InviteForm-R7w4u6kW.js s=200 d=39µs s=1267
INF http m=GET p=/assets/InviteForm-CW-wgFWD.css s=200 d=29µs s=414
INF http m=GET p=/assets/AdminDashboard-R0heLGro.css s=200 d=49µs s=601
INF http m=GET p=/api/v1/notifications/unread-count s=200 d=176µs s=25
INF http m=GET p=/api/v1/workspaces/441OOKC8U000/members s=200 d=570µs s=130
INF http m=GET p=/api/v1/workspaces/441OOKC8U000/nodes/0/children s=200 d=888µs s=257
INF http m=GET p=/api/v1/workspaces/441OOKC8U000/nodes/441OOMBQ8000 s=200 d=643µs s=245
INF http m=GET p=/assets/AdminDashboard-D3Sw1IyX.js s=200 d=54µs s=2075
INF http m=GET p=/api/v1/notifications/unread-count s=200 d=214µs s=25
INF http m=GET p=/manifest.webmanifest s=200 d=37µs s=199
INF http m=GET p=/api/v1/workspaces/441OOLT1A000/events s=200 d=216ms s=207
INF http m=GET p=/api/v1/organizations/441OOLESK000/users s=200 d=8.75ms s=324
INF http m=GET p=/api/v1/workspaces/441OOLT1A000/invitations s=200 d=9.22ms s=34
INF http m=GET p=/api/v1/workspaces/441OOKC8U000/events s=200 d=57.1ms s=93
ERR Failed to commit DB changes err="failed to stage db changes: exit status 128\nOutput: fatal: Unable to create '/home/runner/work/mddb/mddb/data-e2e/.git/index.lock': File exists.\n\nAnother git process seems to be running in this repository, or the lock file may be stale\n"
INF http m=POST p=/api/v1/auth/register s=200 d=125ms s=393
INF http m=GET p=/ s=200 d=61µs s=542
INF http m=GET p=/assets/index-SHhnYNGf.js s=200 d=155µs s=49792
INF http m=GET p=/assets/index-DPQ8uk7g.css s=200 d=105µs s=12402
INF http m=GET p=/assets/editor-vendor-Bje_VwYD.js s=200 d=172µs s=117396
INF http m=GET p=/assets/vendor-C3WBU0hm.js s=200 d=101µs s=29762
INF http m=GET p=/registerSW.js s=200 d=44µs s=87
ERR Failed to commit DB changes err="failed to stage db changes: exit status 128\nOutput: fatal: Unable to create '/home/runner/work/mddb/mddb/data-e2e/.git/index.lock': File exists.\n\nAnother git process seems to be running in this repository, or the lock file may be stale\n"
INF http m=POST p=/api/v1/auth/register s=200 d=149ms s=387
INF http m=GET p=/ s=200 d=58µs s=542
INF http m=GET p=/assets/index-DPQ8uk7g.css s=200 d=166µs s=12402
INF http m=GET p=/assets/index-SHhnYNGf.js s=200 d=122µs s=49792
INF http m=GET p=/assets/editor-vendor-Bje_VwYD.js s=200 d=175µs s=117396
INF http m=GET p=/assets/vendor-C3WBU0hm.js s=200 d=150µs s=29762
INF http m=GET p=/registerSW.js s=200 d=49µs s=87
INF http m=GET p=/api/v1/auth/me s=200 d=247µs s=165
INF http m=GET p=/assets/en-BOb8f2G7.js s=200 d=73µs s=5207
INF http m=GET p=/api/v1/notifications/unread-count s=200 d=238µs s=25
INF http m=GET p=/sw.js s=200 d=118µs s=5540
ERR Failed to commit DB changes err="failed to stage db changes: exit status 128\nOutput: fatal: Unable to create '/home/runner/work/mddb/mddb/data-e2e/.git/index.lock': File exists.\n\nAnother git process seems to be running in this repository, or the lock file may be stale\n"
INF http m=POST p=/api/v1/organizations s=200 d=11.6ms s=349
INF http m=GET p=/api/v1/auth/me s=200 d=558µs s=166
INF http m=GET p=/assets/en-BOb8f2G7.js s=200 d=129µs s=5207
INF http m=GET p=/favicon.png s=200 d=42µs s=449
INF http m=GET p=/api/v1/notifications/unread-count s=200 d=630µs s=25
INF http m=GET p=/api/v1/auth/me s=200 d=1.05ms s=251
INF http m=GET p=/favicon.png s=200 d=37µs s=449
INF http m=GET p=/registerSW.js s=200 d=34µs s=87
ERR Failed to commit DB changes err="failed to stage db changes: exit status 128\nOutput: fatal: Unable to create '/home/runner/work/mddb/mddb/data-e2e/.git/index.lock': File exists.\n\nAnother git process seems to be running in this repository, or the lock file may be stale\n"
INF http m=POST p=/api/v1/organizations s=200 d=11.5ms s=351
INF http m=GET p=/index.html s=200 d=51µs s=542
INF http m=GET p=/icon.svg s=200 d=46µs s=195
INF http m=GET p=/sw.js s=200 d=83µs s=5540
INF http m=GET p=/icon-512.png s=200 d=63µs s=6498
INF http m=GET p=/icon-192.png s=200 d=59µs s=2468
INF http m=GET p=/favicon.png s=200 d=36µs s=449
INF http m=GET p=/api/v1/auth/me s=200 d=469µs s=254
INF http m=GET p=/apple-touch-icon.png s=200 d=61µs s=2298
INF http m=GET p=/registerSW.js s=200 d=27µs s=87
INF http m=GET p=/index.html s=200 d=209µs s=542
INF http m=GET p=/icon.svg s=200 d=42µs s=195
INF http m=GET p=/assets/material-symbols-names-mOXCVt15.js s=200 d=89µs s=15793
INF http m=GET p=/icon-512.png s=200 d=77µs s=6498
INF http m=GET p=/icon-192.png s=200 d=65µs s=2468
INF http m=GET p=/favicon.png s=200 d=60µs s=449
INF http m=GET p=/apple-touch-icon.png s=200 d=43µs s=2298
ERR Failed to add workspace submodule wsID=441OOTHQK000 err="failed to add submodule 441OOTHQK000: exit status 128\nOutput: Adding existing repo at '441OOTHQK000' to the index\nfatal: Unable to create '/home/runner/work/mddb/mddb/data-e2e/.git/index.lock': File exists.\n\nAnother git process seems to be running in this repository, or the lock file may be stale\nfatal: Failed to add submodule '441OOTHQK000'\n"
INF http m=GET p=/assets/fr-CgauyyXq.js s=200 d=503µs s=6301
ERR Failed to commit DB changes err="failed to stage db changes: exit status 128\nOutput: fatal: Unable to create '/home/runner/work/mddb/mddb/data-e2e/.git/index.lock': File exists.\n\nAnother git process seems to be running in this repository, or the lock file may be stale\n"
INF http m=POST p=/api/v1/organizations/441OOSTKO000/workspaces s=200 d=155ms s=300
INF http m=GET p=/assets/es-DHO8DnB9.js s=200 d=130µs s=6015
INF http m=GET p=/assets/material-symbols-names-mOXCVt15.js s=200 d=134µs s=15793
INF http m=GET p=/assets/emoji-groups-tsNE8Axz.js s=200 d=124µs s=13852
INF http m=GET p=/assets/fr-CgauyyXq.js s=200 d=79µs s=6301
INF http m=GET p=/assets/es-DHO8DnB9.js s=200 d=79µs s=6015
INF http m=GET p=/assets/emoji-groups-tsNE8Axz.js s=200 d=101µs s=13852
ERR Failed to add workspace submodule wsID=441OOTUCM000 err="failed to add submodule 441OOTUCM000: exit status 128\nOutput: Adding existing repo at '441OOTUCM000' to the index\nfatal: Unable to create '/home/runner/work/mddb/mddb/data-e2e/.git/index.lock': File exists.\n\nAnother git process seems to be running in this repository, or the lock file may be stale\nfatal: Failed to add submodule '441OOTUCM000'\n"
ERR Failed to commit DB changes err="failed to stage db changes: exit status 128\nOutput: fatal: Unable to create '/home/runner/work/mddb/mddb/data-e2e/.git/index.lock': File exists.\n\nAnother git process seems to be running in this repository, or the lock file may be stale\n"
INF http m=POST p=/api/v1/organizations/441OOTBM6000/workspaces s=200 d=196ms s=299
ERR Failed to commit DB changes err="failed to stage db changes: exit status 128\nOutput: fatal: Unable to create '/home/runner/work/mddb/mddb/data-e2e/.git/index.lock': File exists.\n\nAnother git process seems to be running in this repository, or the lock file may be stale\n"
INF http m=POST p=/api/v1/auth/switch-workspace s=200 d=108ms s=557
ERR Failed to commit DB changes err="failed to stage db changes: exit status 128\nOutput: fatal: Unable to create '/home/runner/work/mddb/mddb/data-e2e/.git/index.lock': File exists.\n\nAnother git process seems to be running in this repository, or the lock file may be stale\n"
INF http m=POST p=/api/v1/auth/switch-workspace s=200 d=9.62ms s=571
INF http m=GET p=/api/v1/notifications/unread-count s=200 d=195µs s=25
INF http m=GET p=/assets/de-qJeflSp6.js s=200 d=97µs s=6245
INF http m=GET p=/assets/de-qJeflSp6.js s=200 d=93µs s=6245
INF http m=GET p=/api/v1/workspaces/441OOTHQK000/nodes/0/children s=200 d=1.31ms s=26
INF http m=GET p=/api/v1/workspaces/441OOTHQK000/members s=200 d=2.23ms s=120
INF http m=GET p=/api/v1/notifications/unread-count s=200 d=153µs s=25
INF http m=GET p=/api/v1/workspaces/441OOTUCM000/nodes/0/children s=200 d=255µs s=26
INF http m=GET p=/api/v1/workspaces/441OOTUCM000/members s=200 d=2.39ms s=117
INF http m=GET p=/assets/WorkspaceSettingsPanel-CsUOm22X.css s=200 d=30µs s=1025
INF http m=GET p=/assets/WorkspaceSettingsPanel-CsUOm22X.css s=200 d=46µs s=1025
INF http m=GET p=/assets/WorkspaceSettingsPanel-CM5oaFTF.js s=200 d=118µs s=4443
INF http m=GET p=/assets/WorkspaceSettingsPanel-CM5oaFTF.js s=200 d=415µs s=4443
INF http m=GET p=/assets/ServerSettingsPanel-pbgISWIv.css s=200 d=41µs s=596
INF http m=GET p=/assets/ServerSettingsPanel-pbgISWIv.css s=200 d=29µs s=596
INF http m=GET p=/assets/ServerSettingsPanel-C8C6nm9a.js s=200 d=75µs s=2550
INF http m=GET p=/assets/ServerSettingsPanel-C8C6nm9a.js s=200 d=68µs s=2550
ERR Failed to commit DB changes err="failed to stage db changes: exit status 128\nOutput: fatal: Unable to create '/home/runner/work/mddb/mddb/data-e2e/.git/index.lock': File exists.\n\nAnother git process seems to be running in this repository, or the lock file may be stale\n"
INF http m=POST p=/api/v1/workspaces/441OOTHQK000/nodes/0/page/create s=200 d=39.4ms s=35
INF http m=GET p=/assets/ResourceQuotaForm-DTSj8Ta5.css s=200 d=31µs s=302
INF http m=GET p=/api/v1/workspaces/441OOTHQK000/nodes/0/children s=200 d=813µs s=257
ERR Failed to commit DB changes err="failed to stage db changes: exit status 128\nOutput: fatal: Unable to create '/home/runner/work/mddb/mddb/data-e2e/.git/index.lock': File exists.\n\nAnother git process seems to be running in this repository, or the lock file may be stale\n"
INF http m=POST p=/api/v1/workspaces/441OOTUCM000/nodes/0/page/create s=200 d=32.8ms s=35
INF http m=GET p=/api/v1/workspaces/441OOTUCM000/nodes/0/children s=200 d=713µs s=257
INF http m=GET p=/assets/ResourceQuotaForm-DTSj8Ta5.css s=200 d=52µs s=302
INF http m=GET p=/assets/ResourceQuotaForm-D6gJNn3N.js s=200 d=370µs s=812
INF http m=GET p=/assets/ResourceQuotaForm-D6gJNn3N.js s=200 d=34µs s=812
INF http m=GET p=/assets/ProfileSettings-rthGIjGN.js s=200 d=113µs s=4319
INF http m=GET p=/api/v1/workspaces/441OOTHQK000/nodes/441OOVIQC000 s=200 d=3.48ms s=245
INF http m=GET p=/api/v1/workspaces/441OOTUCM000/nodes/441OOVL0O000 s=200 d=805µs s=245
INF http m=GET p=/assets/ProfileSettings-rthGIjGN.js s=200 d=118µs s=4319
INF http m=GET p=/assets/ProfileSettings-D5kbNfHV.css s=200 d=38µs s=1220
INF http m=GET p=/assets/Editor-5FlZhQpN.js s=200 d=102µs s=13509
INF http m=GET p=/assets/Editor-BYBWY7b1.css s=200 d=260µs s=2240
INF http m=GET p=/assets/Editor-BYBWY7b1.css s=200 d=59µs s=2240
INF http m=GET p=/assets/Editor-5FlZhQpN.js s=200 d=72µs s=13509
INF http m=GET p=/assets/OrgSettingsPanel-BP8s6T0h.css s=200 d=28µs s=511
INF http m=GET p=/assets/ProfileSettings-D5kbNfHV.css s=200 d=52µs s=1220
INF http m=GET p=/assets/OrgSettingsPanel-B78NX7Vn.js s=200 d=62µs s=2302
INF http m=GET p=/assets/InviteForm-R7w4u6kW.js s=200 d=48µs s=1267
INF http m=GET p=/assets/InviteForm-CW-wgFWD.css s=200 d=66µs s=414
INF http m=GET p=/assets/OrgSettingsPanel-BP8s6T0h.css s=200 d=34µs s=511
INF http m=GET p=/assets/OrgSettingsPanel-B78NX7Vn.js s=200 d=56µs s=2302
INF http m=GET p=/assets/AdminDashboard-R0heLGro.css s=200 d=56µs s=601
INF http m=GET p=/assets/InviteForm-R7w4u6kW.js s=200 d=22µs s=1267
INF http m=GET p=/assets/AdminDashboard-D3Sw1IyX.js s=200 d=42µs s=2075
INF http m=GET p=/assets/InviteForm-CW-wgFWD.css s=200 d=43µs s=414
INF http m=GET p=/manifest.webmanifest s=200 d=23µs s=199
INF http m=GET p=/assets/AdminDashboard-R0heLGro.css s=200 d=42µs s=601
INF http m=GET p=/assets/AdminDashboard-D3Sw1IyX.js s=200 d=45µs s=2075
INF http m=GET p=/manifest.webmanifest s=200 d=38µs s=199
INF http m=GET p=/api/v1/notifications/unread-count s=200 d=216µs s=25
INF http m=GET p=/api/v1/workspaces/441OOTHQK000/events s=200 d=203ms s=205
INF http m=GET p=/api/v1/workspaces/441OOTHQK000/invitations s=200 d=253µs s=34
INF http m=GET p=/api/v1/organizations/441OOSTKO000/users s=200 d=5.27ms s=328
INF http m=GET p=/api/v1/notifications/unread-count s=200 d=210µs s=25
INF http m=GET p=/api/v1/workspaces/441OOTUCM000/events s=200 d=234ms s=207
INF http m=GET p=/api/v1/workspaces/441OOTUCM000/invitations s=200 d=659µs s=34
INF http m=GET p=/api/v1/organizations/441OOTBM6000/users s=200 d=4.15ms s=331
INF http m=GET p=/api/v1/workspaces/441OOTHQK000 s=200 d=809µs s=300
INF http m=GET p=/api/v1/github-app/available s=200 d=266µs s=33
INF http m=GET p=/api/v1/workspaces/441OOTHQK000/settings/git s=200 d=161µs s=18
INF http m=GET p=/api/v1/workspaces/441OOTHQK000/settings/git/status s=200 d=558µs s=32
ERR Failed to commit DB changes err="failed to stage db changes: exit status 128\nOutput: fatal: Unable to create '/home/runner/work/mddb/mddb/data-e2e/.git/index.lock': File exists.\n\nAnother git process seems to be running in this repository, or the lock file may be stale\n"
INF http m=POST p=/api/v1/auth/register s=200 d=88.2ms s=388
INF http m=GET p=/ s=200 d=63µs s=542
INF http m=GET p=/assets/index-SHhnYNGf.js s=200 d=196µs s=49792
INF http m=GET p=/assets/vendor-C3WBU0hm.js s=200 d=158µs s=29762
INF http m=GET p=/assets/editor-vendor-Bje_VwYD.js s=200 d=190µs s=117396
INF http m=GET p=/assets/index-DPQ8uk7g.css s=200 d=115µs s=12402
INF http m=GET p=/registerSW.js s=200 d=41µs s=87
INF http m=GET p=/api/v1/auth/me s=200 d=850µs s=163
INF http m=GET p=/assets/en-BOb8f2G7.js s=200 d=144µs s=5207
INF http m=GET p=/api/v1/notifications/unread-count s=200 d=500µs s=25
INF http m=GET p=/favicon.png s=200 d=36µs s=449
ERR Failed to commit DB changes err="failed to stage db changes: exit status 128\nOutput: fatal: Unable to create '/home/runner/work/mddb/mddb/data-e2e/.git/index.lock': File exists.\n\nAnother git process seems to be running in this repository, or the lock file may be stale\n"
INF http m=POST p=/api/v1/organizations s=200 d=13.7ms s=349
INF http m=GET p=/sw.js s=200 d=108µs s=5540
INF http m=GET p=/api/v1/auth/me s=200 d=726µs s=247
INF http m=GET p=/registerSW.js s=200 d=41µs s=87
INF http m=GET p=/index.html s=200 d=47µs s=542
INF http m=GET p=/icon.svg s=200 d=45µs s=195
INF http m=GET p=/icon-512.png s=200 d=102µs s=6498
INF http m=GET p=/icon-192.png s=200 d=61µs s=2468
INF http m=GET p=/favicon.png s=200 d=55µs s=449
INF http m=GET p=/apple-touch-icon.png s=200 d=83µs s=2298
ERR Failed to add workspace submodule wsID=441OP5C5I000 err="failed to add submodule 441OP5C5I000: exit status 128\nOutput: Adding existing repo at '441OP5C5I000' to the index\nfatal: Unable to create '/home/runner/work/mddb/mddb/data-e2e/.git/index.lock': File exists.\n\nAnother git process seems to be running in this repository, or the lock file may be stale\nfatal: Failed to add submodule '441OP5C5I000'\n"
ERR Failed to commit DB changes err="failed to stage db changes: exit status 128\nOutput: fatal: Unable to create '/home/runner/work/mddb/mddb/data-e2e/.git/index.lock': File exists.\n\nAnother git process seems to be running in this repository, or the lock file may be stale\n"
INF http m=POST p=/api/v1/organizations/441OP50G2000/workspaces s=200 d=199ms s=293
ERR Failed to commit DB changes err="failed to stage db changes: exit status 128\nOutput: fatal: Unable to create '/home/runner/work/mddb/mddb/data-e2e/.git/index.lock': File exists.\n\nAnother git process seems to be running in this repository, or the lock file may be stale\n"
INF http m=POST p=/api/v1/auth/register s=200 d=158ms s=390
INF http m=GET p=/assets/material-symbols-names-mOXCVt15.js s=200 d=113µs s=15793
INF http m=GET p=/ s=200 d=54µs s=542
ERR Failed to commit DB changes err="failed to stage db changes: exit status 128\nOutput: fatal: Unable to create '/home/runner/work/mddb/mddb/data-e2e/.git/index.lock': File exists.\n\nAnother git process seems to be running in this repository, or the lock file may be stale\n"
INF http m=POST p=/api/v1/auth/switch-workspace s=200 d=12.6ms s=603
INF http m=GET p=/registerSW.js s=200 d=56µs s=87
INF http m=GET p=/assets/vendor-C3WBU0hm.js s=200 d=158µs s=29762
INF http m=GET p=/assets/index-SHhnYNGf.js s=200 d=116µs s=49792
INF http m=GET p=/assets/editor-vendor-Bje_VwYD.js s=200 d=160µs s=117396
INF http m=GET p=/assets/index-DPQ8uk7g.css s=200 d=104µs s=12402
INF http m=GET p=/api/v1/notifications/unread-count s=200 d=2.2ms s=25
INF http m=GET p=/assets/fr-CgauyyXq.js s=200 d=104µs s=6301
INF http m=GET p=/api/v1/workspaces/441OP5C5I000/members s=200 d=541µs s=124
INF http m=GET p=/api/v1/workspaces/441OP5C5I000/nodes/0/children s=200 d=2.07ms s=26
INF http m=GET p=/assets/es-DHO8DnB9.js s=200 d=120µs s=6015
INF http m=GET p=/assets/emoji-groups-tsNE8Axz.js s=200 d=139µs s=13852
ERR Failed to commit DB changes err="failed to stage db changes: exit status 128\nOutput: fatal: Unable to create '/home/runner/work/mddb/mddb/data-e2e/.git/index.lock': File exists.\n\nAnother git process seems to be running in this repository, or the lock file may be stale\n"
INF http m=POST p=/api/v1/workspaces/441OP5C5I000/nodes/0/page/create s=200 d=57.2ms s=35
INF http m=GET p=/assets/en-BOb8f2G7.js s=200 d=121µs s=5207
INF http m=GET p=/api/v1/auth/me s=200 d=705µs s=165
INF http m=GET p=/api/v1/workspaces/441OP5C5I000/nodes/0/children s=200 d=1.03ms s=257
INF http m=GET p=/api/v1/notifications/unread-count s=200 d=491µs s=25
INF http m=GET p=/api/v1/workspaces/441OP5C5I000/nodes/441OP7AO4000 s=200 d=812µs s=245
INF http m=GET p=/sw.js s=200 d=133µs s=5540
INF http m=GET p=/favicon.png s=200 d=26µs s=449
ERR Failed to commit DB changes err="failed to stage db changes: exit status 128\nOutput: fatal: Unable to create '/home/runner/work/mddb/mddb/data-e2e/.git/index.lock': File exists.\n\nAnother git process seems to be running in this repository, or the lock file may be stale\n"
INF http m=POST p=/api/v1/organizations s=200 d=13.6ms s=351
INF http m=GET p=/assets/Editor-5FlZhQpN.js s=200 d=171µs s=13509
INF http m=GET p=/assets/Editor-BYBWY7b1.css s=200 d=4.97ms s=2240
INF http m=GET p=/registerSW.js s=200 d=44µs s=87
INF http m=GET p=/assets/de-qJeflSp6.js s=200 d=85µs s=6245
INF http m=GET p=/api/v1/auth/me s=200 d=3.39ms s=249
INF http m=GET p=/index.html s=200 d=34µs s=542
INF http m=GET p=/assets/WorkspaceSettingsPanel-CsUOm22X.css s=200 d=37µs s=1025
INF http m=GET p=/icon.svg s=200 d=35µs s=195
INF http m=GET p=/assets/WorkspaceSettingsPanel-CM5oaFTF.js s=200 d=100µs s=4443
INF http m=GET p=/icon-512.png s=200 d=138µs s=6498
INF http m=GET p=/assets/ServerSettingsPanel-pbgISWIv.css s=200 d=33µs s=596
INF http m=GET p=/icon-192.png s=200 d=51µs s=2468
INF http m=GET p=/favicon.png s=200 d=39µs s=449
INF http m=GET p=/assets/ServerSettingsPanel-C8C6nm9a.js s=200 d=47µs s=2550
INF http m=GET p=/apple-touch-icon.png s=200 d=57µs s=2298
INF http m=GET p=/assets/ResourceQuotaForm-DTSj8Ta5.css s=200 d=46µs s=302
INF http m=GET p=/assets/material-symbols-names-mOXCVt15.js s=200 d=263µs s=15793
INF http m=GET p=/assets/ResourceQuotaForm-D6gJNn3N.js s=200 d=25µs s=812
INF http m=GET p=/assets/ProfileSettings-rthGIjGN.js s=200 d=133µs s=4319
INF http m=GET p=/assets/ProfileSettings-D5kbNfHV.css s=200 d=45µs s=1220
INF http m=GET p=/assets/OrgSettingsPanel-BP8s6T0h.css s=200 d=67µs s=511
INF http m=GET p=/assets/InviteForm-CW-wgFWD.css s=200 d=42µs s=414
INF http m=GET p=/assets/fr-CgauyyXq.js s=200 d=88µs s=6301
INF http m=GET p=/assets/InviteForm-R7w4u6kW.js s=200 d=29µs s=1267
INF http m=GET p=/assets/OrgSettingsPanel-B78NX7Vn.js s=200 d=68µs s=2302
INF http m=GET p=/assets/es-DHO8DnB9.js s=200 d=60µs s=6015
INF http m=GET p=/api/v1/notifications/unread-count s=200 d=202µs s=25
INF http m=GET p=/api/v1/workspaces/441OP5C5I000/events s=200 d=305ms s=200
INF http m=GET p=/assets/emoji-groups-tsNE8Axz.js s=200 d=112µs s=13852
INF http m=GET p=/api/v1/organizations/441OP50G2000/users s=200 d=639µs s=321
ERR Failed to add workspace submodule wsID=441OP8BNI000 err="failed to add submodule 441OP8BNI000: exit status 128\nOutput: Adding existing repo at '441OP8BNI000' to the index\nfatal: Unable to create '/home/runner/work/mddb/mddb/data-e2e/.git/index.lock': File exists.\n\nAnother git process seems to be running in this repository, or the lock file may be stale\nfatal: Failed to add submodule '441OP8BNI000'\n"
INF http m=GET p=/api/v1/workspaces/441OP5C5I000/invitations s=200 d=190µs s=34
ERR Failed to commit DB changes err="failed to stage db changes: exit status 128\nOutput: fatal: Unable to create '/home/runner/work/mddb/mddb/data-e2e/.git/index.lock': File exists.\n\nAnother git process seems to be running in this repository, or the lock file may be stale\n"
INF http m=POST p=/api/v1/organizations/441OP7TSA000/workspaces s=200 d=166ms s=301
ERR Failed to commit DB changes err="failed to stage db changes: exit status 128\nOutput: fatal: Unable to create '/home/runner/work/mddb/mddb/data-e2e/.git/index.lock': File exists.\n\nAnother git process seems to be running in this repository, or the lock file may be stale\n"
INF http m=GET p=/assets/AdminDashboard-R0heLGro.css s=200 d=50µs s=601
INF http m=POST p=/api/v1/auth/switch-workspace s=200 d=10.6ms s=572
INF http m=GET p=/assets/AdminDashboard-D3Sw1IyX.js s=200 d=42µs s=2075
INF http m=GET p=/manifest.webmanifest s=200 d=38µs s=199
INF http m=GET p=/api/v1/notifications/unread-count s=200 d=233µs s=25
INF http m=GET p=/api/v1/workspaces/441OP8BNI000/members s=200 d=3.64ms s=128
INF http m=GET p=/assets/de-qJeflSp6.js s=200 d=101µs s=6245
INF http m=GET p=/api/v1/workspaces/441OP8BNI000/nodes/0/children s=200 d=4.57ms s=26
INF http m=GET p=/assets/WorkspaceSettingsPanel-CsUOm22X.css s=200 d=31µs s=1025
INF http m=GET p=/assets/WorkspaceSettingsPanel-CM5oaFTF.js s=200 d=97µs s=4443
INF http m=GET p=/api/v1/workspaces/441OP5C5I000 s=200 d=250µs s=293
INF http m=GET p=/assets/ServerSettingsPanel-pbgISWIv.css s=200 d=33µs s=596
INF http m=GET p=/assets/ServerSettingsPanel-C8C6nm9a.js s=200 d=63µs s=2550
ERR Failed to commit DB changes err="failed to stage db changes: exit status 128\nOutput: fatal: Unable to create '/home/runner/work/mddb/mddb/data-e2e/.git/index.lock': File exists.\n\nAnother git process seems to be running in this repository, or the lock file may be stale\n"
INF http m=POST p=/api/v1/workspaces/441OP8BNI000/nodes/0/page/create s=200 d=43.2ms s=35
INF http m=GET p=/api/v1/workspaces/441OP8BNI000/nodes/0/children s=200 d=333µs s=257
INF http m=GET p=/assets/ResourceQuotaForm-DTSj8Ta5.css s=200 d=57µs s=302
INF http m=GET p=/api/v1/workspaces/441OP8BNI000/nodes/441OP9RH4000 s=200 d=300µs s=245
INF http m=GET p=/assets/ResourceQuotaForm-D6gJNn3N.js s=200 d=49µs s=812
INF http m=GET p=/assets/ProfileSettings-rthGIjGN.js s=200 d=89µs s=4319
INF http m=GET p=/assets/Editor-5FlZhQpN.js s=200 d=125µs s=13509
INF http m=GET p=/assets/Editor-BYBWY7b1.css s=200 d=48µs s=2240
INF http m=GET p=/assets/ProfileSettings-D5kbNfHV.css s=200 d=75µs s=1220
INF http m=GET p=/assets/OrgSettingsPanel-BP8s6T0h.css s=200 d=43µs s=511
INF http m=GET p=/assets/OrgSettingsPanel-B78NX7Vn.js s=200 d=67µs s=2302
INF http m=GET p=/assets/InviteForm-R7w4u6kW.js s=200 d=49µs s=1267
INF http m=GET p=/assets/InviteForm-CW-wgFWD.css s=200 d=47µs s=414
ERR Failed to commit DB changes err="failed to stage db changes: exit status 128\nOutput: fatal: Unable to create '/home/runner/work/mddb/mddb/data-e2e/.git/index.lock': File exists.\n\nAnother git process seems to be running in this repository, or the lock file may be stale\n"
INF http m=POST p=/api/v1/workspaces/441OP5C5I000 s=200 d=7.66ms s=290
INF http m=GET p=/assets/AdminDashboard-R0heLGro.css s=200 d=49µs s=601
INF http m=GET p=/assets/AdminDashboard-D3Sw1IyX.js s=200 d=59µs s=2075
INF http m=GET p=/manifest.webmanifest s=200 d=43µs s=199
ERR Failed to commit DB changes err="failed to stage db changes: exit status 128\nOutput: fatal: Unable to create '/home/runner/work/mddb/mddb/data-e2e/.git/index.lock': File exists.\n\nAnother git process seems to be running in this repository, or the lock file may be stale\n"
INF http m=POST p=/api/v1/auth/logout s=200 d=8.47ms s=25
INF http m=GET p=/api/v1/auth/providers s=200 d=645µs s=59
INF http m=GET p=/api/v1/workspaces/441OP8BNI000/members s=401 d=6.21ms s=26
INF http m=GET p=/api/v1/workspaces/441OP8BNI000/events s=200 d=260ms s=202
INF http m=GET p=/api/v1/auth/providers s=200 d=132µs s=59
INF http m=GET p=/ s=200 d=119µs s=542
INF http m=GET p=/assets/index-SHhnYNGf.js s=200 d=205µs s=49792
INF http m=GET p=/assets/index-DPQ8uk7g.css s=200 d=131µs s=12402
INF http m=GET p=/registerSW.js s=200 d=72µs s=87
INF http m=GET p=/assets/vendor-C3WBU0hm.js s=200 d=114µs s=29762
INF http m=GET p=/assets/editor-vendor-Bje_VwYD.js s=200 d=147µs s=117396
INF http m=GET p=/api/v1/auth/me s=401 d=153µs s=27
INF http m=GET p=/assets/en-BOb8f2G7.js s=200 d=63µs s=5207
INF http m=POST p=/api/v1/auth/logout s=401 d=125µs s=27
INF http m=GET p=/api/v1/auth/providers s=200 d=1.68ms s=59
INF http m=GET p=/sw.js s=200 d=81µs s=5540
INF http m=GET p=/favicon.png s=200 d=34µs s=449
INF http m=GET p=/registerSW.js s=200 d=37µs s=87
ERR Failed to commit DB changes err="failed to stage db changes: exit status 128\nOutput: fatal: Unable to create '/home/runner/work/mddb/mddb/data-e2e/.git/index.lock': File exists.\n\nAnother git process seems to be running in this repository, or the lock file may be stale\n"
INF http m=POST p=/api/v1/auth/register s=200 d=148ms s=396
INF http m=GET p=/ s=200 d=62µs s=542
INF http m=GET p=/index.html s=200 d=42µs s=542
INF http m=GET p=/icon.svg s=200 d=45µs s=195
INF http m=GET p=/assets/index-SHhnYNGf.js s=200 d=158µs s=49792
INF http m=GET p=/assets/editor-vendor-Bje_VwYD.js s=200 d=163µs s=117396
INF http m=GET p=/assets/index-DPQ8uk7g.css s=200 d=122µs s=12402
INF http m=GET p=/assets/vendor-C3WBU0hm.js s=200 d=164µs s=29762
INF http m=GET p=/icon-512.png s=200 d=87µs s=6498
INF http m=GET p=/registerSW.js s=200 d=65µs s=87
INF http m=GET p=/icon-192.png s=200 d=62µs s=2468
INF http m=GET p=/favicon.png s=200 d=41µs s=449
INF http m=GET p=/api/v1/auth/me s=200 d=257µs s=168
INF http m=GET p=/assets/en-BOb8f2G7.js s=200 d=80µs s=5207
INF http m=GET p=/sw.js s=200 d=85µs s=5540
INF http m=GET p=/api/v1/notifications/unread-count s=200 d=231µs s=25
ERR Failed to commit DB changes err="failed to stage db changes: exit status 128\nOutput: fatal: Unable to create '/home/runner/work/mddb/mddb/data-e2e/.git/index.lock': File exists.\n\nAnother git process seems to be running in this repository, or the lock file may be stale\n"
INF http m=POST p=/api/v1/organizations s=200 d=11.7ms s=351
INF http m=GET p=/registerSW.js s=200 d=49µs s=87
INF http m=GET p=/favicon.png s=200 d=55µs s=449
INF http m=GET p=/api/v1/auth/me s=200 d=2.12ms s=257
INF http m=GET p=/index.html s=200 d=46µs s=542
INF http m=GET p=/icon.svg s=200 d=46µs s=195
INF http m=GET p=/icon-512.png s=200 d=85µs s=6498
INF http m=GET p=/icon-192.png s=200 d=61µs s=2468
INF http m=GET p=/favicon.png s=200 d=53µs s=449
INF http m=GET p=/apple-touch-icon.png s=200 d=63µs s=2298
INF http m=GET p=/assets/material-symbols-names-mOXCVt15.js s=200 d=106µs s=15793
INF http m=GET p=/assets/fr-CgauyyXq.js s=200 d=115µs s=6301
INF http m=GET p=/assets/es-DHO8DnB9.js s=200 d=83µs s=6015
INF http m=GET p=/assets/emoji-groups-tsNE8Axz.js s=200 d=165µs s=13852
ERR Failed to add workspace submodule wsID=441OPGIIO000 err="failed to add submodule 441OPGIIO000: exit status 128\nOutput: Adding existing repo at '441OPGIIO000' to the index\nfatal: Unable to create '/home/runner/work/mddb/mddb/data-e2e/.git/index.lock': File exists.\n\nAnother git process seems to be running in this repository, or the lock file may be stale\nfatal: Failed to add submodule '441OPGIIO000'\n"
ERR Failed to commit DB changes err="failed to stage db changes: exit status 128\nOutput: fatal: Unable to create '/home/runner/work/mddb/mddb/data-e2e/.git/index.lock': File exists.\n\nAnother git process seems to be running in this repository, or the lock file may be stale\n"
INF http m=POST p=/api/v1/organizations/441OPG46O000/workspaces s=200 d=184ms s=299
ERR Failed to commit DB changes err="failed to stage db changes: exit status 128\nOutput: fatal: Unable to create '/home/runner/work/mddb/mddb/data-e2e/.git/index.lock': File exists.\n\nAnother git process seems to be running in this repository, or the lock file may be stale\n"
INF http m=POST p=/api/v1/auth/switch-workspace s=200 d=12.3ms s=577
ERR Failed to commit DB changes err="failed to stage db changes: exit status 128\nOutput: fatal: Unable to create '/home/runner/work/mddb/mddb/data-e2e/.git/index.lock': File exists.\n\nAnother git process seems to be running in this repository, or the lock file may be stale\n"
INF http m=POST p=/api/v1/auth/register s=200 d=132ms s=405
INF http m=GET p=/api/v1/workspaces/441OPGIIO000/members s=200 d=2.18ms s=130
INF http m=GET p=/api/v1/workspaces/441OPGIIO000/nodes/0/children s=200 d=3.52ms s=26
INF http m=GET p=/api/v1/notifications/unread-count s=200 d=5.72ms s=25
INF http m=GET p=/ s=200 d=62µs s=542
INF http m=GET p=/assets/de-qJeflSp6.js s=200 d=107µs s=6245
INF http m=GET p=/assets/WorkspaceSettingsPanel-CsUOm22X.css s=200 d=44µs s=1025
INF http m=GET p=/assets/WorkspaceSettingsPanel-CM5oaFTF.js s=200 d=83µs s=4443
INF http m=GET p=/assets/index-SHhnYNGf.js s=200 d=168µs s=49792
ERR Failed to commit DB changes err="failed to stage db changes: exit status 128\nOutput: fatal: Unable to create '/home/runner/work/mddb/mddb/data-e2e/.git/index.lock': File exists.\n\nAnother git process seems to be running in this repository, or the lock file may be stale\n"
INF http m=POST p=/api/v1/workspaces/441OPGIIO000/nodes/0/page/create s=200 d=34.7ms s=35
INF http m=GET p=/assets/index-DPQ8uk7g.css s=200 d=116µs s=12402
INF http m=GET p=/api/v1/workspaces/441OPGIIO000/nodes/0/children s=200 d=432µs s=357
INF http m=GET p=/assets/ServerSettingsPanel-pbgISWIv.css s=200 d=31µs s=596
ERR Failed to commit DB changes err="failed to stage db changes: exit status 128\nOutput: fatal: Unable to create '/home/runner/work/mddb/mddb/data-e2e/.git/index.lock': File exists.\n\nAnother git process seems to be running in this repository, or the lock file may be stale\n"
INF http m=POST p=/api/v1/workspaces/441OPGIIO000/nodes/0/table/create s=200 d=43.1ms s=26
INF http m=GET p=/assets/editor-vendor-Bje_VwYD.js s=200 d=178µs s=117396
INF http m=GET p=/registerSW.js s=200 d=35µs s=87
INF http m=GET p=/assets/vendor-C3WBU0hm.js s=200 d=117µs s=29762
INF http m=GET p=/w/@441OPGIIO000+workspace/ s=200 d=45µs s=542
INF http m=GET p=/assets/ServerSettingsPanel-C8C6nm9a.js s=200 d=36µs s=2550
INF http m=GET p=/api/v1/workspaces/441OPGIIO000/nodes/441OPI58U000 s=200 d=772µs s=245
INF http m=GET p=/assets/Editor-5FlZhQpN.js s=200 d=192µs s=13509
INF http m=GET p=/assets/Editor-BYBWY7b1.css s=200 d=39µs s=2240
INF http m=GET p=/api/v1/workspaces/441OPGIIO000/events s=200 d=96.3ms s=231
INF http m=GET p=/assets/ResourceQuotaForm-DTSj8Ta5.css s=200 d=47µs s=302
INF http m=GET p=/registerSW.js s=200 d=34µs s=87
INF http m=GET p=/assets/ResourceQuotaForm-D6gJNn3N.js s=200 d=75µs s=812
INF http m=GET p=/assets/ProfileSettings-rthGIjGN.js s=200 d=101µs s=4319
INF http m=GET p=/assets/ProfileSettings-D5kbNfHV.css s=200 d=50µs s=1220
INF http m=GET p=/api/v1/auth/me s=200 d=2.93ms s=370
INF http m=GET p=/assets/OrgSettingsPanel-BP8s6T0h.css s=200 d=42µs s=511
INF http m=GET p=/assets/OrgSettingsPanel-B78NX7Vn.js s=200 d=57µs s=2302
INF http m=GET p=/assets/InviteForm-R7w4u6kW.js s=200 d=39µs s=1267
INF http m=GET p=/api/v1/auth/me s=200 d=676µs s=169
INF http m=GET p=/api/v1/workspaces/441OPGIIO000/members s=200 d=531µs s=130
INF http m=GET p=/api/v1/notifications/unread-count s=200 d=4.72ms s=25
INF http m=GET p=/assets/en-BOb8f2G7.js s=200 d=79µs s=5207
INF http m=GET p=/assets/InviteForm-CW-wgFWD.css s=200 d=36µs s=414
INF http m=GET p=/api/v1/workspaces/441OPGIIO000/nodes/0/children s=200 d=7.35ms s=357
INF http m=GET p=/favicon.png s=200 d=47µs s=449
INF http m=GET p=/api/v1/notifications/unread-count s=200 d=163µs s=25
INF http m=GET p=/assets/Editor-5FlZhQpN.js s=200 d=107µs s=13509
ERR Failed to commit DB changes err="failed to stage db changes: exit status 128\nOutput: fatal: Unable to create '/home/runner/work/mddb/mddb/data-e2e/.git/index.lock': File exists.\n\nAnother git process seems to be running in this repository, or the lock file may be stale\n"
INF http m=POST p=/api/v1/organizations s=200 d=8.21ms s=351
INF http m=GET p=/sw.js s=200 d=144µs s=5540
INF http m=GET p=/api/v1/workspaces/441OPGIIO000/nodes/441OPI58U000 s=200 d=259µs s=245
INF http m=GET p=/assets/AdminDashboard-R0heLGro.css s=200 d=21µs s=601
INF http m=GET p=/assets/AdminDashboard-D3Sw1IyX.js s=200 d=94µs s=2075
INF http m=GET p=/manifest.webmanifest s=200 d=111µs s=199
INF http m=GET p=/api/v1/auth/me s=200 d=254µs s=254
INF http m=GET p=/registerSW.js s=200 d=41µs s=87
INF http m=GET p=/index.html s=200 d=35µs s=542
INF http m=GET p=/icon.svg s=200 d=44µs s=195
INF http m=GET p=/icon-512.png s=200 d=101µs s=6498
INF http m=GET p=/icon-192.png s=200 d=53µs s=2468
INF http m=GET p=/favicon.png s=200 d=38µs s=449
INF http m=GET p=/apple-touch-icon.png s=200 d=77µs s=2298
INF http m=GET p=/api/v1/workspaces/441OPGIIO000/nodes/441OPI9L0000 s=200 d=751µs s=220
INF http m=GET p=/api/v1/workspaces/441OPGIIO000/nodes/441OPI9L0000/table/records s=200 d=485µs s=28
INF http m=GET p=/assets/material-symbols-names-mOXCVt15.js s=200 d=152µs s=15793
ERR Failed to add workspace submodule wsID=441OPJVUM000 err="failed to add submodule 441OPJVUM000: exit status 128\nOutput: Adding existing repo at '441OPJVUM000' to the index\nfatal: Unable to create '/home/runner/work/mddb/mddb/data-e2e/.git/index.lock': File exists.\n\nAnother git process seems to be running in this repository, or the lock file may be stale\nfatal: Failed to add submodule '441OPJVUM000'\n"
ERR Failed to commit DB changes err="failed to stage db changes: exit status 128\nOutput: fatal: Unable to create '/home/runner/work/mddb/mddb/data-e2e/.git/index.lock': File exists.\n\nAnother git process seems to be running in this repository, or the lock file may be stale\n"
INF http m=POST p=/api/v1/organizations/441OPJI9M000/workspaces s=200 d=138ms s=300
ERR Failed to commit DB changes err="failed to stage db changes: exit status 128\nOutput: fatal: Unable to create '/home/runner/work/mddb/mddb/data-e2e/.git/index.lock': File exists.\n\nAnother git process seems to be running in this repository, or the lock file may be stale\n"
INF http m=POST p=/api/v1/auth/switch-workspace s=200 d=7.47ms s=591
INF http m=GET p=/assets/fr-CgauyyXq.js s=200 d=158µs s=6301
INF http m=GET p=/api/v1/notifications/unread-count s=200 d=565µs s=25
INF http m=GET p=/api/v1/workspaces/441OPJVUM000/nodes/0/children s=200 d=314µs s=26
INF http m=GET p=/api/v1/workspaces/441OPJVUM000/members s=200 d=151µs s=132
INF http m=GET p=/assets/es-DHO8DnB9.js s=200 d=132µs s=6015
INF http m=GET p=/assets/emoji-groups-tsNE8Axz.js s=200 d=92µs s=13852
ERR Failed to commit DB changes err="failed to stage db changes: exit status 128\nOutput: fatal: Unable to create '/home/runner/work/mddb/mddb/data-e2e/.git/index.lock': File exists.\n\nAnother git process seems to be running in this repository, or the lock file may be stale\n"
INF http m=POST p=/api/v1/workspaces/441OPJVUM000/nodes/0/page/create s=200 d=29.7ms s=35
INF http m=GET p=/api/v1/workspaces/441OPJVUM000/nodes/0/children s=200 d=429µs s=294
INF http m=GET p=/api/v1/workspaces/441OPJVUM000/nodes/441OPLA12000 s=200 d=261µs s=245
ERR Failed to commit DB changes err="failed to stage db changes: exit status 128\nOutput: fatal: Unable to create '/home/runner/work/mddb/mddb/data-e2e/.git/index.lock': File exists.\n\nAnother git process seems to be running in this repository, or the lock file may be stale\n"
INF http m=POST p=/api/v1/workspaces/441OPJVUM000/nodes/0/table/create s=200 d=43.3ms s=26
INF http m=GET p=/assets/Editor-BYBWY7b1.css s=200 d=89µs s=2240
INF http m=GET p=/assets/Editor-5FlZhQpN.js s=200 d=76µs s=13509
INF http m=GET p=/api/v1/workspaces/441OPGIIO000/events s=200 d=361ms s=93
INF http m=GET p=/assets/de-qJeflSp6.js s=200 d=88µs s=6245
INF http m=GET p=/assets/WorkspaceSettingsPanel-CsUOm22X.css s=200 d=41µs s=1025
ERR Failed to commit DB changes err="failed to stage db changes: exit status 128\nOutput: fatal: Unable to create '/home/runner/work/mddb/mddb/data-e2e/.git/index.lock': File exists.\n\nAnother git process seems to be running in this repository, or the lock file may be stale\n"
INF http m=POST p=/api/v1/workspaces/441OPJVUM000/nodes/441OPLE04000/table/records/create s=200 d=45.2ms s=26
INF http m=GET p=/assets/WorkspaceSettingsPanel-CM5oaFTF.js s=200 d=75µs s=4443
INF http m=GET p=/assets/ServerSettingsPanel-pbgISWIv.css s=200 d=38µs s=596
INF http m=GET p=/assets/ServerSettingsPanel-C8C6nm9a.js s=200 d=64µs s=2550
ERR Failed to commit DB changes err="failed to stage db changes: exit status 128\nOutput: fatal: Unable to create '/home/runner/work/mddb/mddb/data-e2e/.git/index.lock': File exists.\n\nAnother git process seems to be running in this repository, or the lock file may be stale\n"
INF http m=POST p=/api/v1/workspaces/441OPJVUM000/nodes/441OPLE04000/table/records/create s=200 d=28ms s=26
INF http m=GET p=/assets/ResourceQuotaForm-DTSj8Ta5.css s=200 d=38µs s=302
INF http m=GET p=/assets/ResourceQuotaForm-D6gJNn3N.js s=200 d=42µs s=812
INF http m=GET p=/w/@441OPJVUM000+workspace/@441OPLA12000+welcome s=200 d=31µs s=542
INF http m=GET p=/api/v1/workspaces/441OPJVUM000/events s=200 d=192ms s=308
INF http m=GET p=/assets/ProfileSettings-rthGIjGN.js s=200 d=80µs s=4319
INF http m=GET p=/registerSW.js s=200 d=35µs s=87
INF http m=GET p=/assets/ProfileSettings-D5kbNfHV.css s=200 d=47µs s=1220
INF http m=GET p=/assets/OrgSettingsPanel-BP8s6T0h.css s=200 d=53µs s=511
INF http m=GET p=/api/v1/auth/me s=200 d=442µs s=368
INF http m=GET p=/assets/OrgSettingsPanel-B78NX7Vn.js s=200 d=55µs s=2302
INF http m=GET p=/assets/InviteForm-R7w4u6kW.js s=200 d=45µs s=1267
INF http m=GET p=/assets/InviteForm-CW-wgFWD.css s=200 d=55µs s=414
INF http m=GET p=/assets/AdminDashboard-R0heLGro.css s=200 d=52µs s=601
INF http m=GET p=/assets/AdminDashboard-D3Sw1IyX.js s=200 d=100µs s=2075
INF http m=GET p=/manifest.webmanifest s=200 d=47µs s=199
INF http m=GET p=/api/v1/notifications/unread-count s=200 d=178µs s=25
INF http m=GET p=/api/v1/workspaces/441OPJVUM000/nodes/0/children s=200 d=530µs s=294
INF http m=GET p=/api/v1/workspaces/441OPJVUM000/members s=200 d=874µs s=132
INF http m=GET p=/api/v1/workspaces/441OPJVUM000/nodes/441OPLA12000 s=200 d=748µs s=245
INF http m=GET p=/api/v1/workspaces/441OPJVUM000/nodes/441OPLE04000 s=200 d=795µs s=158
INF http m=GET p=/api/v1/workspaces/441OPJVUM000/nodes/441OPLE04000/table/records s=200 d=5.68ms s=137
ERR Failed to commit DB changes err="failed to stage db changes: exit status 128\nOutput: fatal: Unable to create '/home/runner/work/mddb/mddb/data-e2e/.git/index.lock': File exists.\n\nAnother git process seems to be running in this repository, or the lock file may be stale\n"
INF http m=POST p=/api/v1/auth/register s=200 d=135ms s=393
INF http m=GET p=/ s=200 d=61µs s=542
INF http m=GET p=/assets/index-SHhnYNGf.js s=200 d=163µs s=49792
INF http m=GET p=/assets/index-DPQ8uk7g.css s=200 d=130µs s=12402
INF http m=GET p=/assets/editor-vendor-Bje_VwYD.js s=200 d=178µs s=117396
INF http m=GET p=/assets/vendor-C3WBU0hm.js s=200 d=143µs s=29762
INF http m=GET p=/registerSW.js s=200 d=35µs s=87
INF http m=GET p=/api/v1/workspaces/441OPJVUM000/nodes/441OPLE04000/table/records s=200 d=350µs s=157
ERR Failed to commit DB changes err="failed to stage db changes: exit status 128\nOutput: fatal: Unable to create '/home/runner/work/mddb/mddb/data-e2e/.git/index.lock': File exists.\n\nAnother git process seems to be running in this repository, or the lock file may be stale\n"
INF http m=POST p=/api/v1/workspaces/441OPJVUM000/nodes/441OPLE04000/table/records/441OPLMQE000 s=200 d=45.7ms s=35
INF http m=GET p=/api/v1/workspaces/441OPJVUM000/nodes/441OPLE04000/table/records s=200 d=315µs s=147
INF http m=GET p=/api/v1/workspaces/441OPJVUM000/events s=200 d=318ms s=215
INF http m=GET p=/api/v1/auth/me s=200 d=267µs s=167
INF http m=GET p=/assets/en-BOb8f2G7.js s=200 d=76µs s=5207
INF http m=GET p=/api/v1/notifications/unread-count s=200 d=138µs s=25
INF http m=GET p=/sw.js s=200 d=84µs s=5540
ERR Failed to commit DB changes err="failed to stage db changes: exit status 128\nOutput: fatal: Unable to create '/home/runner/work/mddb/mddb/data-e2e/.git/index.lock': File exists.\n\nAnother git process seems to be running in this repository, or the lock file may be stale\n"
INF http m=POST p=/api/v1/organizations s=200 d=12.1ms s=351
INF http m=GET p=/favicon.png s=200 d=67µs s=449
INF http m=GET p=/api/v1/auth/me s=200 d=269µs s=252
INF http m=GET p=/registerSW.js s=200 d=29µs s=87
INF http m=GET p=/index.html s=200 d=55µs s=542
INF http m=GET p=/icon.svg s=200 d=34µs s=195
INF http m=GET p=/icon-512.png s=200 d=55µs s=6498
INF http m=GET p=/icon-192.png s=200 d=53µs s=2468
INF http m=GET p=/favicon.png s=200 d=40µs s=449
INF http m=GET p=/apple-touch-icon.png s=200 d=60µs s=2298
INF http m=GET p=/assets/material-symbols-names-mOXCVt15.js s=200 d=108µs s=15793
ERR Failed to add workspace submodule wsID=441OPQ04I000 err="failed to add submodule 441OPQ04I000: exit status 128\nOutput: Adding existing repo at '441OPQ04I000' to the index\nfatal: Unable to create '/home/runner/work/mddb/mddb/data-e2e/.git/index.lock': File exists.\n\nAnother git process seems to be running in this repository, or the lock file may be stale\nfatal: Failed to add submodule '441OPQ04I000'\n"
ERR Failed to commit DB changes err="failed to stage db changes: exit status 128\nOutput: fatal: Unable to create '/home/runner/work/mddb/mddb/data-e2e/.git/index.lock': File exists.\n\nAnother git process seems to be running in this repository, or the lock file may be stale\n"
INF http m=POST p=/api/v1/organizations/441OPPKVE000/workspaces s=200 d=155ms s=300
INF http m=GET p=/assets/fr-CgauyyXq.js s=200 d=71µs s=6301
ERR Failed to commit DB changes err="failed to stage db changes: exit status 128\nOutput: fatal: Unable to create '/home/runner/work/mddb/mddb/data-e2e/.git/index.lock': File exists.\n\nAnother git process seems to be running in this repository, or the lock file may be stale\n"
INF http m=POST p=/api/v1/auth/switch-workspace s=200 d=7.44ms s=572
INF http m=GET p=/assets/es-DHO8DnB9.js s=200 d=77µs s=6015
INF http m=GET p=/assets/emoji-groups-tsNE8Axz.js s=200 d=146µs s=13852
INF http m=GET p=/api/v1/notifications/unread-count s=200 d=35.4ms s=25
INF http m=GET p=/api/v1/workspaces/441OPQ04I000/nodes/0/children s=200 d=39.1ms s=26
INF http m=GET p=/api/v1/workspaces/441OPQ04I000/members s=200 d=48.7ms s=130
ERR Failed to commit DB changes err="failed to stage db changes: exit status 128\nOutput: fatal: Unable to create '/home/runner/work/mddb/mddb/data-e2e/.git/index.lock': File exists.\n\nAnother git process seems to be running in this repository, or the lock file may be stale\n"
INF http m=POST p=/api/v1/workspaces/441OPQ04I000/nodes/0/table/create s=200 d=42ms s=26
INF http m=GET p=/assets/de-qJeflSp6.js s=200 d=106µs s=6245
INF http m=GET p=/assets/WorkspaceSettingsPanel-CsUOm22X.css s=200 d=94µs s=1025
ERR Failed to commit DB changes err="failed to stage db changes: exit status 128\nOutput: fatal: Unable to create '/home/runner/work/mddb/mddb/data-e2e/.git/index.lock': File exists.\n\nAnother git process seems to be running in this repository, or the lock file may be stale\n"
INF http m=GET p=/assets/WorkspaceSettingsPanel-CM5oaFTF.js s=200 d=103µs s=4443
INF http m=POST p=/api/v1/workspaces/441OPQ04I000/nodes/0/page/create s=200 d=70.1ms s=35
INF http m=GET p=/assets/ServerSettingsPanel-pbgISWIv.css s=200 d=33µs s=596
INF http m=GET p=/api/v1/workspaces/441OPQ04I000/nodes/0/children s=200 d=327µs s=268
INF http m=GET p=/assets/ServerSettingsPanel-C8C6nm9a.js s=200 d=60µs s=2550
INF http m=GET p=/api/v1/workspaces/441OPQ04I000/nodes/441OPRGVM000 s=200 d=272µs s=168
INF http m=GET p=/assets/ResourceQuotaForm-DTSj8Ta5.css s=200 d=32µs s=302
ERR Failed to commit DB changes err="failed to stage db changes: exit status 128\nOutput: fatal: Unable to create '/home/runner/work/mddb/mddb/data-e2e/.git/index.lock': File exists.\n\nAnother git process seems to be running in this repository, or the lock file may be stale\n"
INF http m=POST p=/api/v1/workspaces/441OPQ04I000/nodes/441OPRGVM000/table/records/create s=200 d=63.4ms s=26
ERR Failed to commit DB changes err="failed to stage db changes: exit status 128\nOutput: fatal: Unable to create '/home/runner/work/mddb/mddb/data-e2e/.git/index.lock': File exists.\n\nAnother git process seems to be running in this repository, or the lock file may be stale\n"
INF http m=POST p=/api/v1/auth/register s=200 d=148ms s=399
INF http m=GET p=/assets/ResourceQuotaForm-D6gJNn3N.js s=200 d=38µs s=812
INF http m=GET p=/w/@441OPQ04I000+workspace/@441OPRGVM000+table-delete-table s=200 d=36µs s=542
INF http m=GET p=/api/v1/workspaces/441OPQ04I000/nodes/441OPRGVM000/table/records s=200 d=316µs s=115
INF http m=GET p=/ s=200 d=97µs s=542
INF http m=GET p=/assets/ProfileSettings-rthGIjGN.js s=200 d=74µs s=4319
INF http m=GET p=/api/v1/workspaces/441OPQ04I000/events s=200 d=192ms s=286
INF http m=GET p=/assets/ProfileSettings-D5kbNfHV.css s=200 d=44µs s=1220
INF http m=GET p=/assets/index-SHhnYNGf.js s=200 d=151µs s=49792
INF http m=GET p=/registerSW.js s=200 d=26µs s=87
INF http m=GET p=/assets/OrgSettingsPanel-BP8s6T0h.css s=200 d=24µs s=511
INF http m=GET p=/assets/index-DPQ8uk7g.css s=200 d=555µs s=12402
INF http m=GET p=/registerSW.js s=200 d=39µs s=87
INF http m=GET p=/assets/vendor-C3WBU0hm.js s=200 d=118µs s=29762
INF http m=GET p=/assets/editor-vendor-Bje_VwYD.js s=200 d=156µs s=117396
INF http m=GET p=/assets/OrgSettingsPanel-B78NX7Vn.js s=200 d=74µs s=2302
INF http m=GET p=/assets/InviteForm-R7w4u6kW.js s=200 d=68µs s=1267
INF http m=GET p=/assets/InviteForm-CW-wgFWD.css s=200 d=37µs s=414
INF http m=GET p=/api/v1/auth/me s=200 d=290µs s=352
INF http m=GET p=/assets/Editor-BYBWY7b1.css s=200 d=41µs s=2240
INF http m=GET p=/assets/Editor-5FlZhQpN.js s=200 d=115µs s=13509
INF http m=GET p=/assets/AdminDashboard-R0heLGro.css s=200 d=45µs s=601
INF http m=GET p=/assets/AdminDashboard-D3Sw1IyX.js s=200 d=64µs s=2075
INF http m=GET p=/manifest.webmanifest s=200 d=40µs s=199
INF http m=GET p=/api/v1/notifications/unread-count s=200 d=162µs s=25
INF http m=GET p=/api/v1/workspaces/441OPQ04I000/nodes/0/children s=200 d=790µs s=268
INF http m=GET p=/api/v1/workspaces/441OPQ04I000/members s=200 d=1.01ms s=130
INF http m=GET p=/api/v1/workspaces/441OPQ04I000/nodes/441OPRGVM000 s=200 d=672µs s=168
INF http m=GET p=/api/v1/workspaces/441OPQ04I000/nodes/441OPRGVM000/table/records s=200 d=328µs s=115
INF http m=GET p=/api/v1/auth/me s=200 d=241µs s=168
INF http m=GET p=/assets/en-BOb8f2G7.js s=200 d=111µs s=5207
INF http m=GET p=/api/v1/notifications/unread-count s=200 d=184µs s=25
INF http m=GET p=/favicon.png s=200 d=17µs s=449
INF http m=GET p=/sw.js s=200 d=110µs s=5540
ERR Failed to commit DB changes err="failed to stage db changes: exit status 128\nOutput: fatal: Unable to create '/home/runner/work/mddb/mddb/data-e2e/.git/index.lock': File exists.\n\nAnother git process seems to be running in this repository, or the lock file may be stale\n"
INF http m=POST p=/api/v1/organizations s=200 d=11.5ms s=351
INF http m=GET p=/api/v1/auth/me s=200 d=248µs s=251
INF http m=GET p=/registerSW.js s=200 d=37µs s=87
INF http m=GET p=/index.html s=200 d=45µs s=542
INF http m=GET p=/icon.svg s=200 d=33µs s=195
INF http m=GET p=/icon-512.png s=200 d=75µs s=6498
INF http m=GET p=/icon-192.png s=200 d=44µs s=2468
INF http m=GET p=/favicon.png s=200 d=34µs s=449
INF http m=GET p=/apple-touch-icon.png s=200 d=60µs s=2298
INF http m=GET p=/assets/material-symbols-names-mOXCVt15.js s=200 d=88µs s=15793
INF http m=GET p=/assets/fr-CgauyyXq.js s=200 d=76µs s=6301
INF http m=GET p=/assets/es-DHO8DnB9.js s=200 d=99µs s=6015
ERR Failed to add workspace submodule wsID=441OPU084000 err="failed to add submodule 441OPU084000: exit status 128\nOutput: Adding existing repo at '441OPU084000' to the index\nfatal: Unable to create '/home/runner/work/mddb/mddb/data-e2e/.git/index.lock': File exists.\n\nAnother git process seems to be running in this repository, or the lock file may be stale\nfatal: Failed to add submodule '441OPU084000'\n"
ERR Failed to commit DB changes err="failed to stage db changes: exit status 128\nOutput: fatal: Unable to create '/home/runner/work/mddb/mddb/data-e2e/.git/index.lock': File exists.\n\nAnother git process seems to be running in this repository, or the lock file may be stale\n"
INF http m=POST p=/api/v1/organizations/441OPTNN2000/workspaces s=200 d=130ms s=300
INF http m=GET p=/assets/emoji-groups-tsNE8Axz.js s=200 d=111µs s=13852
ERR Failed to commit DB changes err="failed to stage db changes: exit status 128\nOutput: fatal: Unable to create '/home/runner/work/mddb/mddb/data-e2e/.git/index.lock': File exists.\n\nAnother git process seems to be running in this repository, or the lock file may be stale\n"
INF http m=POST p=/api/v1/workspaces/441OPQ04I000/nodes/441OPRGVM000/table/records/441OPRQ5S000/delete s=200 d=32.9ms s=25
INF http m=GET p=/api/v1/workspaces/441OPQ04I000/nodes/441OPRGVM000/table/records s=200 d=286µs s=28
ERR Failed to commit DB changes err="failed to stage db changes: exit status 128\nOutput: fatal: Unable to create '/home/runner/work/mddb/mddb/data-e2e/.git/index.lock': File exists.\n\nAnother git process seems to be running in this repository, or the lock file may be stale\n"
INF http m=POST p=/api/v1/auth/switch-workspace s=200 d=7.85ms s=571
INF http m=GET p=/api/v1/workspaces/441OPU084000/nodes/0/children s=200 d=372µs s=26
INF http m=GET p=/api/v1/workspaces/441OPU084000/members s=200 d=148µs s=130
INF http m=GET p=/api/v1/notifications/unread-count s=200 d=123µs s=25
ERR Failed to commit DB changes err="failed to stage db changes: exit status 128\nOutput: fatal: Unable to create '/home/runner/work/mddb/mddb/data-e2e/.git/index.lock': File exists.\n\nAnother git process seems to be running in this repository, or the lock file may be stale\n"
INF http m=POST p=/api/v1/workspaces/441OPU084000/nodes/0/page/create s=200 d=26ms s=35
INF http m=GET p=/api/v1/workspaces/441OPU084000/nodes/0/children s=200 d=291µs s=257
INF http m=GET p=/api/v1/workspaces/441OPQ04I000/events s=200 d=342ms s=221
INF http m=GET p=/api/v1/workspaces/441OPU084000/nodes/441OPV5G8000 s=200 d=321µs s=245
INF http m=GET p=/assets/Editor-5FlZhQpN.js s=200 d=137µs s=13509
INF http m=GET p=/assets/Editor-BYBWY7b1.css s=200 d=95µs s=2240
INF http m=GET p=/assets/de-qJeflSp6.js s=200 d=115µs s=6245
ERR Failed to commit DB changes err="failed to stage db changes: exit status 128\nOutput: fatal: Unable to create '/home/runner/work/mddb/mddb/data-e2e/.git/index.lock': File exists.\n\nAnother git process seems to be running in this repository, or the lock file may be stale\n"
INF http m=POST p=/api/v1/workspaces/441OPU084000/nodes/0/table/create s=200 d=58.1ms s=26
INF http m=GET p=/assets/WorkspaceSettingsPanel-CsUOm22X.css s=200 d=43µs s=1025
INF http m=GET p=/w/@441OPU084000+workspace/@441OPV5G8000+welcome s=200 d=50µs s=542
INF http m=GET p=/assets/WorkspaceSettingsPanel-CM5oaFTF.js s=200 d=64µs s=4443
INF http m=GET p=/api/v1/workspaces/441OPU084000/events s=200 d=139ms s=232
INF http m=GET p=/assets/ServerSettingsPanel-pbgISWIv.css s=200 d=46µs s=596
INF http m=GET p=/registerSW.js s=200 d=30µs s=87
INF http m=GET p=/assets/ServerSettingsPanel-C8C6nm9a.js s=200 d=49µs s=2550
INF http m=GET p=/assets/ResourceQuotaForm-DTSj8Ta5.css s=200 d=62µs s=302
INF http m=GET p=/assets/ResourceQuotaForm-D6gJNn3N.js s=200 d=31µs s=812
INF http m=GET p=/api/v1/auth/me s=200 d=340µs s=350
INF http m=GET p=/assets/ProfileSettings-rthGIjGN.js s=200 d=89µs s=4319
INF http m=GET p=/assets/ProfileSettings-D5kbNfHV.css s=200 d=47µs s=1220
INF http m=GET p=/assets/OrgSettingsPanel-BP8s6T0h.css s=200 d=34µs s=511
INF http m=GET p=/assets/OrgSettingsPanel-B78NX7Vn.js s=200 d=63µs s=2302
INF http m=GET p=/assets/InviteForm-R7w4u6kW.js s=200 d=39µs s=1267
INF http m=GET p=/assets/InviteForm-CW-wgFWD.css s=200 d=47µs s=414
INF http m=GET p=/api/v1/notifications/unread-count s=200 d=213µs s=25
INF http m=GET p=/api/v1/workspaces/441OPU084000/nodes/0/children s=200 d=413µs s=283
INF http m=GET p=/api/v1/workspaces/441OPU084000/nodes/441OPV5G8000 s=200 d=611µs s=245
INF http m=GET p=/api/v1/workspaces/441OPU084000/members s=200 d=468µs s=130
INF http m=GET p=/assets/AdminDashboard-R0heLGro.css s=200 d=48µs s=601
INF http m=GET p=/assets/AdminDashboard-D3Sw1IyX.js s=200 d=92µs s=2075
INF http m=GET p=/manifest.webmanifest s=200 d=38µs s=199
INF http m=GET p=/api/v1/workspaces/441OPU084000/nodes/441OPVCFA000 s=200 d=346µs s=168
INF http m=GET p=/api/v1/workspaces/441OPU084000/nodes/441OPVCFA000/table/records s=200 d=255µs s=28
ERR Failed to commit DB changes err="failed to stage db changes: exit status 128\nOutput: fatal: Unable to create '/home/runner/work/mddb/mddb/data-e2e/.git/index.lock': File exists.\n\nAnother git process seems to be running in this repository, or the lock file may be stale\n"
INF http m=POST p=/api/v1/auth/register s=200 d=121ms s=391
INF http m=GET p=/ s=200 d=37µs s=542
INF http m=GET p=/assets/editor-vendor-Bje_VwYD.js s=200 d=191µs s=117396
INF http m=GET p=/assets/index-DPQ8uk7g.css s=200 d=101µs s=12402
INF http m=GET p=/assets/index-SHhnYNGf.js s=200 d=105µs s=49792
INF http m=GET p=/registerSW.js s=200 d=25µs s=87
INF http m=GET p=/assets/vendor-C3WBU0hm.js s=200 d=175µs s=29762
INF http m=GET p=/api/v1/workspaces/441OPU084000/nodes/441OPVCFA000/table/records s=200 d=306µs s=101
ERR Failed to commit DB changes err="failed to stage db changes: exit status 128\nOutput: fatal: Unable to create '/home/runner/work/mddb/mddb/data-e2e/.git/index.lock': File exists.\n\nAnother git process seems to be running in this repository, or the lock file may be stale\n"
INF http m=POST p=/api/v1/workspaces/441OPU084000/nodes/441OPVCFA000/table/records/create s=200 d=41.4ms s=35
INF http m=GET p=/api/v1/workspaces/441OPU084000/nodes/441OPVCFA000/table/records s=200 d=300µs s=101
INF http m=GET p=/api/v1/workspaces/441OPU084000/events s=200 d=249ms s=225
INF http m=GET p=/assets/en-BOb8f2G7.js s=200 d=97µs s=5207
INF http m=GET p=/api/v1/auth/me s=200 d=248µs s=167
INF http m=GET p=/api/v1/notifications/unread-count s=200 d=189µs s=25
INF http m=GET p=/favicon.png s=200 d=33µs s=449
ERR Failed to commit DB changes err="failed to stage db changes: exit status 128\nOutput: fatal: Unable to create '/home/runner/work/mddb/mddb/data-e2e/.git/index.lock': File exists.\n\nAnother git process seems to be running in this repository, or the lock file may be stale\n"
INF http m=POST p=/api/v1/organizations s=200 d=10.8ms s=350
INF http m=GET p=/sw.js s=200 d=121µs s=5540
INF http m=GET p=/api/v1/auth/me s=200 d=258µs s=250
INF http m=GET p=/registerSW.js s=200 d=40µs s=87
INF http m=GET p=/index.html s=200 d=58µs s=542
INF http m=GET p=/icon.svg s=200 d=37µs s=195
INF http m=GET p=/icon-512.png s=200 d=112µs s=6498
INF http m=GET p=/icon-192.png s=200 d=152µs s=2468
INF http m=GET p=/favicon.png s=200 d=47µs s=449
INF http m=GET p=/apple-touch-icon.png s=200 d=46µs s=2298
INF http m=GET p=/assets/material-symbols-names-mOXCVt15.js s=200 d=98µs s=15793
INF http m=GET p=/assets/fr-CgauyyXq.js s=200 d=74µs s=6301
ERR Failed to add workspace submodule wsID=441OQ3A3U000 err="failed to add submodule 441OQ3A3U000: exit status 128\nOutput: Adding existing repo at '441OQ3A3U000' to the index\nfatal: Unable to create '/home/runner/work/mddb/mddb/data-e2e/.git/index.lock': File exists.\n\nAnother git process seems to be running in this repository, or the lock file may be stale\nfatal: Failed to add submodule '441OQ3A3U000'\n"
INF http m=GET p=/assets/es-DHO8DnB9.js s=200 d=79µs s=6015
ERR Failed to commit DB changes err="failed to stage db changes: exit status 128\nOutput: fatal: Unable to create '/home/runner/work/mddb/mddb/data-e2e/.git/index.lock': File exists.\n\nAnother git process seems to be running in this repository, or the lock file may be stale\n"
INF http m=POST p=/api/v1/organizations/441OQ30SE000/workspaces s=200 d=189ms s=300
INF http m=GET p=/assets/emoji-groups-tsNE8Axz.js s=200 d=134µs s=13852
ERR Failed to commit DB changes err="failed to stage db changes: exit status 128\nOutput: fatal: Unable to create '/home/runner/work/mddb/mddb/data-e2e/.git/index.lock': File exists.\n\nAnother git process seems to be running in this repository, or the lock file may be stale\n"
INF http m=POST p=/api/v1/auth/switch-workspace s=200 d=14.4ms s=608
INF http m=GET p=/api/v1/notifications/unread-count s=200 d=22.4ms s=25
INF http m=GET p=/api/v1/workspaces/441OQ3A3U000/nodes/0/children s=200 d=24.2ms s=26
INF http m=GET p=/api/v1/workspaces/441OQ3A3U000/members s=200 d=17.5ms s=126
ERR Failed to commit DB changes err="failed to stage db changes: exit status 128\nOutput: fatal: Unable to create '/home/runner/work/mddb/mddb/data-e2e/.git/index.lock': File exists.\n\nAnother git process seems to be running in this repository, or the lock file may be stale\n"
INF http m=POST p=/api/v1/auth/register s=200 d=157ms s=392
INF http m=GET p=/ s=200 d=59µs s=542
INF http m=GET p=/assets/de-qJeflSp6.js s=200 d=131µs s=6245
INF http m=GET p=/assets/WorkspaceSettingsPanel-CsUOm22X.css s=200 d=36µs s=1025
INF http m=GET p=/assets/WorkspaceSettingsPanel-CM5oaFTF.js s=200 d=76µs s=4443
ERR Failed to commit DB changes err="failed to stage db changes: exit status 128\nOutput: fatal: Unable to create '/home/runner/work/mddb/mddb/data-e2e/.git/index.lock': File exists.\n\nAnother git process seems to be running in this repository, or the lock file may be stale\n"
INF http m=POST p=/api/v1/workspaces/441OQ3A3U000/nodes/0/page/create s=200 d=54.1ms s=35
INF http m=GET p=/assets/index-SHhnYNGf.js s=200 d=240µs s=49792
INF http m=GET p=/api/v1/workspaces/441OQ3A3U000/nodes/0/children s=200 d=889µs s=342
INF http m=GET p=/assets/index-DPQ8uk7g.css s=200 d=188µs s=12402
INF http m=GET p=/registerSW.js s=200 d=84µs s=87
INF http m=GET p=/assets/vendor-C3WBU0hm.js s=200 d=145µs s=29762
INF http m=GET p=/assets/editor-vendor-Bje_VwYD.js s=200 d=199µs s=117396
INF http m=GET p=/api/v1/workspaces/441OQ3A3U000/nodes/441OQ55LS000 s=200 d=732µs s=245
INF http m=GET p=/assets/ServerSettingsPanel-pbgISWIv.css s=200 d=56µs s=596
INF http m=GET p=/assets/ServerSettingsPanel-C8C6nm9a.js s=200 d=71µs s=2550
ERR Failed to commit DB changes err="failed to stage db changes: exit status 128\nOutput: fatal: Unable to create '/home/runner/work/mddb/mddb/data-e2e/.git/index.lock': File exists.\n\nAnother git process seems to be running in this repository, or the lock file may be stale\n"
INF http m=POST p=/api/v1/workspaces/441OQ3A3U000/nodes/0/table/create s=200 d=88.8ms s=26
INF http m=GET p=/assets/Editor-5FlZhQpN.js s=200 d=106µs s=13509
INF http m=GET p=/assets/Editor-BYBWY7b1.css s=200 d=54µs s=2240
INF http m=GET p=/assets/ResourceQuotaForm-DTSj8Ta5.css s=200 d=38µs s=302
INF http m=GET p=/assets/ResourceQuotaForm-D6gJNn3N.js s=200 d=56µs s=812
ERR Failed to commit DB changes err="failed to stage db changes: exit status 128\nOutput: fatal: Unable to create '/home/runner/work/mddb/mddb/data-e2e/.git/index.lock': File exists.\n\nAnother git process seems to be running in this repository, or the lock file may be stale\n"
INF http m=POST p=/api/v1/workspaces/441OQ3A3U000/nodes/441OQ5E96000/table/records/create s=200 d=36.5ms s=26
INF http m=GET p=/assets/ProfileSettings-rthGIjGN.js s=200 d=105µs s=4319
INF http m=GET p=/assets/ProfileSettings-D5kbNfHV.css s=200 d=48µs s=1220
INF http m=GET p=/assets/OrgSettingsPanel-BP8s6T0h.css s=200 d=39µs s=511
ERR Failed to commit DB changes err="failed to stage db changes: exit status 128\nOutput: fatal: Unable to create '/home/runner/work/mddb/mddb/data-e2e/.git/index.lock': File exists.\n\nAnother git process seems to be running in this repository, or the lock file may be stale\n"
INF http m=POST p=/api/v1/workspaces/441OQ3A3U000/nodes/441OQ5E96000/table/records/create s=200 d=51.9ms s=26
INF http m=GET p=/assets/OrgSettingsPanel-B78NX7Vn.js s=200 d=66µs s=2302
INF http m=GET p=/assets/InviteForm-R7w4u6kW.js s=200 d=54µs s=1267
INF http m=GET p=/w/@441OQ3A3U000+workspace/@441OQ55LS000+welcome s=200 d=217µs s=542
INF http m=GET p=/api/v1/workspaces/441OQ3A3U000/events s=200 d=235ms s=309
INF http m=GET p=/registerSW.js s=200 d=40µs s=87
INF http m=GET p=/assets/InviteForm-CW-wgFWD.css s=200 d=50µs s=414
INF http m=GET p=/assets/en-BOb8f2G7.js s=200 d=93µs s=5207
INF http m=GET p=/api/v1/auth/me s=200 d=700µs s=161
INF http m=GET p=/favicon.png s=200 d=40µs s=449
INF http m=GET p=/api/v1/auth/me s=200 d=859µs s=350
INF http m=GET p=/api/v1/notifications/unread-count s=200 d=155µs s=25
INF http m=GET p=/assets/AdminDashboard-R0heLGro.css s=200 d=41µs s=601
INF http m=GET p=/sw.js s=200 d=90µs s=5540
INF http m=GET p=/assets/AdminDashboard-D3Sw1IyX.js s=200 d=51µs s=2075
ERR Failed to commit DB changes err="failed to stage db changes: exit status 128\nOutput: fatal: Unable to create '/home/runner/work/mddb/mddb/data-e2e/.git/index.lock': File exists.\n\nAnother git process seems to be running in this repository, or the lock file may be stale\n"
INF http m=POST p=/api/v1/organizations s=200 d=7.35ms s=349
INF http m=GET p=/manifest.webmanifest s=200 d=50µs s=199
INF http m=GET p=/api/v1/auth/me s=200 d=1.78ms s=249
INF http m=GET p=/api/v1/notifications/unread-count s=200 d=2.55ms s=25
INF http m=GET p=/api/v1/workspaces/441OQ3A3U000/members s=200 d=655µs s=126
INF http m=GET p=/registerSW.js s=200 d=44µs s=87
INF http m=GET p=/api/v1/workspaces/441OQ3A3U000/nodes/441OQ55LS000 s=200 d=16.1ms s=245
INF http m=GET p=/api/v1/workspaces/441OQ3A3U000/nodes/0/children s=200 d=29.7ms s=342
INF http m=GET p=/index.html s=200 d=43µs s=542
INF http m=GET p=/icon.svg s=200 d=58µs s=195
INF http m=GET p=/icon-512.png s=200 d=107µs s=6498
INF http m=GET p=/icon-192.png s=200 d=58µs s=2468
INF http m=GET p=/favicon.png s=200 d=39µs s=449
INF http m=GET p=/apple-touch-icon.png s=200 d=41µs s=2298
INF http m=GET p=/assets/material-symbols-names-mOXCVt15.js s=200 d=94µs s=15793
INF http m=GET p=/api/v1/workspaces/441OQ3A3U000/nodes/441OQ5E96000 s=200 d=1.79ms s=209
ERR Failed to add workspace submodule wsID=441OQ7E5I000 err="failed to add submodule 441OQ7E5I000: exit status 128\nOutput: Adding existing repo at '441OQ7E5I000' to the index\nfatal: Unable to create '/home/runner/work/mddb/mddb/data-e2e/.git/index.lock': File exists.\n\nAnother git process seems to be running in this repository, or the lock file may be stale\nfatal: Failed to add submodule '441OQ7E5I000'\n"
ERR Failed to commit DB changes err="failed to stage db changes: exit status 128\nOutput: fatal: Unable to create '/home/runner/work/mddb/mddb/data-e2e/.git/index.lock': File exists.\n\nAnother git process seems to be running in this repository, or the lock file may be stale\n"
INF http m=POST p=/api/v1/organizations/441OQ6U74000/workspaces s=200 d=101ms s=296
INF http m=GET p=/api/v1/workspaces/441OQ3A3U000/nodes/441OQ5E96000/table/records s=200 d=858µs s=142
INF http m=GET p=/assets/fr-CgauyyXq.js s=200 d=63µs s=6301
ERR Failed to commit DB changes err="failed to stage db changes: exit status 128\nOutput: fatal: Unable to create '/home/runner/work/mddb/mddb/data-e2e/.git/index.lock': File exists.\n\nAnother git process seems to be running in this repository, or the lock file may be stale\n"
INF http m=POST p=/api/v1/auth/switch-workspace s=200 d=12.4ms s=556
INF http m=GET p=/assets/es-DHO8DnB9.js s=200 d=90µs s=6015
INF http m=GET p=/api/v1/notifications/unread-count s=200 d=193µs s=25
INF http m=GET p=/assets/emoji-groups-tsNE8Axz.js s=200 d=97µs s=13852
INF http m=GET p=/api/v1/workspaces/441OQ7E5I000/members s=200 d=1.05ms s=120
INF http m=GET p=/api/v1/workspaces/441OQ7E5I000/nodes/0/children s=200 d=9.04ms s=26
ERR Failed to commit DB changes err="failed to stage db changes: exit status 128\nOutput: fatal: Unable to create '/home/runner/work/mddb/mddb/data-e2e/.git/index.lock': File exists.\n\nAnother git process seems to be running in this repository, or the lock file may be stale\n"
INF http m=POST p=/api/v1/workspaces/441OQ7E5I000/nodes/0/page/create s=200 d=31.7ms s=35
INF http m=GET p=/api/v1/workspaces/441OQ7E5I000/nodes/0/children s=200 d=363µs s=277
INF http m=GET p=/api/v1/workspaces/441OQ7E5I000/nodes/441OQ8G22000 s=200 d=254µs s=245
ERR Failed to commit DB changes err="failed to stage db changes: exit status 128\nOutput: fatal: Unable to create '/home/runner/work/mddb/mddb/data-e2e/.git/index.lock': File exists.\n\nAnother git process seems to be running in this repository, or the lock file may be stale\n"
INF http m=POST p=/api/v1/workspaces/441OQ7E5I000/nodes/0/table/create s=200 d=27.2ms s=26
INF http m=GET p=/assets/de-qJeflSp6.js s=200 d=137µs s=6245
INF http m=GET p=/assets/Editor-5FlZhQpN.js s=200 d=103µs s=13509
INF http m=GET p=/assets/Editor-BYBWY7b1.css s=200 d=65µs s=2240
INF http m=GET p=/assets/WorkspaceSettingsPanel-CsUOm22X.css s=200 d=32µs s=1025
INF http m=GET p=/assets/WorkspaceSettingsPanel-CM5oaFTF.js s=200 d=102µs s=4443
INF http m=GET p=/assets/ServerSettingsPanel-pbgISWIv.css s=200 d=40µs s=596
INF http m=GET p=/assets/ServerSettingsPanel-C8C6nm9a.js s=200 d=48µs s=2550
INF http m=GET p=/assets/ResourceQuotaForm-DTSj8Ta5.css s=200 d=29µs s=302
INF http m=GET p=/assets/ResourceQuotaForm-D6gJNn3N.js s=200 d=68µs s=812
INF http m=GET p=/assets/ProfileSettings-rthGIjGN.js s=200 d=168µs s=4319
ERR Failed to commit DB changes err="failed to stage db changes: exit status 128\nOutput: fatal: Unable to create '/home/runner/work/mddb/mddb/data-e2e/.git/index.lock': File exists.\n\nAnother git process seems to be running in this repository, or the lock file may be stale\n"
INF http m=POST p=/api/v1/workspaces/441OQ7E5I000/nodes/441OQ8L7U000/table/records/create s=200 d=46.9ms s=26
INF http m=GET p=/assets/ProfileSettings-D5kbNfHV.css s=200 d=57µs s=1220
INF http m=GET p=/assets/OrgSettingsPanel-BP8s6T0h.css s=200 d=38µs s=511
INF http m=GET p=/w/@441OQ7E5I000+workspace/@441OQ8G22000+welcome s=200 d=27µs s=542
INF http m=GET p=/api/v1/workspaces/441OQ7E5I000/events s=200 d=145ms s=282
INF http m=GET p=/registerSW.js s=200 d=38µs s=87
INF http m=GET p=/assets/OrgSettingsPanel-B78NX7Vn.js s=200 d=47µs s=2302
INF http m=GET p=/assets/InviteForm-R7w4u6kW.js s=200 d=52µs s=1267
INF http m=GET p=/assets/InviteForm-CW-wgFWD.css s=200 d=43µs s=414
INF http m=GET p=/api/v1/auth/me s=200 d=450µs s=352
INF http m=GET p=/assets/AdminDashboard-R0heLGro.css s=200 d=44µs s=601
INF http m=GET p=/api/v1/notifications/unread-count s=200 d=548µs s=25
INF http m=GET p=/api/v1/workspaces/441OQ7E5I000/nodes/0/children s=200 d=1.24ms s=277
INF http m=GET p=/api/v1/workspaces/441OQ7E5I000/nodes/441OQ8G22000 s=200 d=782µs s=245
INF http m=GET p=/api/v1/workspaces/441OQ7E5I000/members s=200 d=1.48ms s=120
INF http m=GET p=/assets/AdminDashboard-D3Sw1IyX.js s=200 d=48µs s=2075
INF http m=GET p=/manifest.webmanifest s=200 d=51µs s=199
INF http m=GET p=/api/v1/workspaces/441OQ7E5I000/nodes/441OQ8L7U000 s=200 d=1.57ms s=163
INF http m=GET p=/api/v1/workspaces/441OQ7E5I000/nodes/441OQ8L7U000/table/records s=200 d=349µs s=107
INF http m=GET p=/api/v1/workspaces/441OQ3A3U000/events s=200 d=507ms s=93
INF http m=GET p=/api/v1/workspaces/441OQ7E5I000/events s=200 d=311ms s=93
ERR Failed to commit DB changes err="failed to stage db changes: exit status 128\nOutput: fatal: Unable to create '/home/runner/work/mddb/mddb/data-e2e/.git/index.lock': File exists.\n\nAnother git process seems to be running in this repository, or the lock file may be stale\n"
INF http m=POST p=/api/v1/auth/register s=200 d=109ms s=387
INF http m=GET p=/ s=200 d=59µs s=542
INF http m=GET p=/assets/vendor-C3WBU0hm.js s=200 d=180µs s=29762
INF http m=GET p=/assets/index-SHhnYNGf.js s=200 d=125µs s=49792
INF http m=GET p=/registerSW.js s=200 d=43µs s=87
INF http m=GET p=/assets/editor-vendor-Bje_VwYD.js s=200 d=374µs s=117396
INF http m=GET p=/assets/index-DPQ8uk7g.css s=200 d=109µs s=12402
INF http m=GET p=/assets/en-BOb8f2G7.js s=200 d=89µs s=5207
INF http m=GET p=/api/v1/auth/me s=200 d=254µs s=164
INF http m=GET p=/sw.js s=200 d=86µs s=5540
INF http m=GET p=/favicon.png s=200 d=40µs s=449
INF http m=GET p=/api/v1/notifications/unread-count s=200 d=179µs s=25
ERR Failed to commit DB changes err="failed to stage db changes: exit status 128\nOutput: fatal: Unable to create '/home/runner/work/mddb/mddb/data-e2e/.git/index.lock': File exists.\n\nAnother git process seems to be running in this repository, or the lock file may be stale\n"
INF http m=POST p=/api/v1/organizations s=200 d=18.6ms s=349
INF http m=GET p=/registerSW.js s=200 d=53µs s=87
INF http m=GET p=/api/v1/auth/me s=200 d=256µs s=249
INF http m=GET p=/index.html s=200 d=40µs s=542
ERR Failed to commit DB changes err="failed to stage db changes: exit status 128\nOutput: fatal: Unable to create '/home/runner/work/mddb/mddb/data-e2e/.git/index.lock': File exists.\n\nAnother git process seems to be running in this repository, or the lock file may be stale\n"
INF http m=POST p=/api/v1/auth/register s=200 d=153ms s=387
INF http m=GET p=/icon.svg s=200 d=32µs s=195
INF http m=GET p=/ s=200 d=62µs s=542
INF http m=GET p=/icon-512.png s=200 d=66µs s=6498
INF http m=GET p=/icon-192.png s=200 d=56µs s=2468
INF http m=GET p=/favicon.png s=200 d=40µs s=449
INF http m=GET p=/apple-touch-icon.png s=200 d=83µs s=2298
INF http m=GET p=/assets/index-SHhnYNGf.js s=200 d=153µs s=49792
INF http m=GET p=/assets/index-DPQ8uk7g.css s=200 d=203µs s=12402
INF http m=GET p=/registerSW.js s=200 d=60µs s=87
INF http m=GET p=/assets/vendor-C3WBU0hm.js s=200 d=134µs s=29762
INF http m=GET p=/assets/editor-vendor-Bje_VwYD.js s=200 d=161µs s=117396
INF http m=GET p=/assets/material-symbols-names-mOXCVt15.js s=200 d=158µs s=15793
ERR Failed to add workspace submodule wsID=441OQEAN6000 err="failed to add submodule 441OQEAN6000: exit status 128\nOutput: Adding existing repo at '441OQEAN6000' to the index\nfatal: Unable to create '/home/runner/work/mddb/mddb/data-e2e/.git/index.lock': File exists.\n\nAnother git process seems to be running in this repository, or the lock file may be stale\nfatal: Failed to add submodule '441OQEAN6000'\n"
ERR Failed to commit DB changes err="failed to stage db changes: exit status 128\nOutput: fatal: Unable to create '/home/runner/work/mddb/mddb/data-e2e/.git/index.lock': File exists.\n\nAnother git process seems to be running in this repository, or the lock file may be stale\n"
INF http m=POST p=/api/v1/organizations/441OQDTE8000/workspaces s=200 d=182ms s=299
ERR Failed to commit DB changes err="failed to stage db changes: exit status 128\nOutput: fatal: Unable to create '/home/runner/work/mddb/mddb/data-e2e/.git/index.lock': File exists.\n\nAnother git process seems to be running in this repository, or the lock file may be stale\n"
INF http m=POST p=/api/v1/auth/switch-workspace s=200 d=7.56ms s=555
INF http m=GET p=/assets/fr-CgauyyXq.js s=200 d=95µs s=6301
INF http m=GET p=/api/v1/workspaces/441OQEAN6000/nodes/0/children s=200 d=757µs s=26
INF http m=GET p=/api/v1/notifications/unread-count s=200 d=1.67ms s=25
INF http m=GET p=/api/v1/workspaces/441OQEAN6000/members s=200 d=678µs s=122
INF http m=GET p=/assets/es-DHO8DnB9.js s=200 d=81µs s=6015
INF http m=GET p=/assets/emoji-groups-tsNE8Axz.js s=200 d=130µs s=13852
INF http m=GET p=/api/v1/auth/me s=200 d=313µs s=163
INF http m=GET p=/assets/en-BOb8f2G7.js s=200 d=104µs s=5207
INF http m=GET p=/api/v1/notifications/unread-count s=200 d=169µs s=25
ERR Failed to commit DB changes err="failed to stage db changes: exit status 128\nOutput: fatal: Unable to create '/home/runner/work/mddb/mddb/data-e2e/.git/index.lock': File exists.\n\nAnother git process seems to be running in this repository, or the lock file may be stale\n"
INF http m=POST p=/api/v1/workspaces/441OQEAN6000/nodes/0/page/create s=200 d=53ms s=35
INF http m=GET p=/api/v1/workspaces/441OQEAN6000/nodes/0/children s=200 d=380µs s=282
INF http m=GET p=/favicon.png s=200 d=31µs s=449
ERR Failed to commit DB changes err="failed to stage db changes: exit status 128\nOutput: fatal: Unable to create '/home/runner/work/mddb/mddb/data-e2e/.git/index.lock': File exists.\n\nAnother git process seems to be running in this repository, or the lock file may be stale\n"
INF http m=POST p=/api/v1/organizations s=200 d=8.02ms s=349
ERR Failed to commit DB changes err="failed to stage db changes: exit status 128\nOutput: fatal: Unable to create '/home/runner/work/mddb/mddb/data-e2e/.git/index.lock': File exists.\n\nAnother git process seems to be running in this repository, or the lock file may be stale\n"
INF http m=POST p=/api/v1/workspaces/441OQEAN6000/nodes/0/table/create s=200 d=75.8ms s=26
INF http m=GET p=/sw.js s=200 d=77µs s=5540
INF http m=GET p=/api/v1/workspaces/441OQEAN6000/nodes/441OQFUP8000 s=200 d=277µs s=245
INF http m=GET p=/api/v1/auth/me s=200 d=278µs s=248
ERR Failed to commit DB changes err="failed to stage db changes: exit status 128\nOutput: fatal: Unable to create '/home/runner/work/mddb/mddb/data-e2e/.git/index.lock': File exists.\n\nAnother git process seems to be running in this repository, or the lock file may be stale\n"
INF http m=POST p=/api/v1/workspaces/441OQEAN6000/nodes/441OQG7VS000/table/records/create s=200 d=30.7ms s=26
INF http m=GET p=/assets/Editor-BYBWY7b1.css s=200 d=93µs s=2240
INF http m=GET p=/assets/Editor-5FlZhQpN.js s=200 d=99µs s=13509
INF http m=GET p=/registerSW.js s=200 d=37µs s=87
ERR Failed to commit DB changes err="failed to stage db changes: exit status 128\nOutput: fatal: Unable to create '/home/runner/work/mddb/mddb/data-e2e/.git/index.lock': File exists.\n\nAnother git process seems to be running in this repository, or the lock file may be stale\n"
INF http m=POST p=/api/v1/workspaces/441OQEAN6000/nodes/441OQG7VS000/table/records/create s=200 d=53.8ms s=26
INF http m=GET p=/index.html s=200 d=41µs s=542
INF http m=GET p=/assets/de-qJeflSp6.js s=200 d=67µs s=6245
INF http m=GET p=/icon.svg s=200 d=34µs s=195
INF http m=GET p=/icon-512.png s=200 d=118µs s=6498
INF http m=GET p=/assets/WorkspaceSettingsPanel-CsUOm22X.css s=200 d=41µs s=1025
INF http m=GET p=/icon-192.png s=200 d=58µs s=2468
INF http m=GET p=/favicon.png s=200 d=41µs s=449
INF http m=GET p=/assets/WorkspaceSettingsPanel-CM5oaFTF.js s=200 d=78µs s=4443
INF http m=GET p=/assets/ServerSettingsPanel-pbgISWIv.css s=200 d=38µs s=596
INF http m=GET p=/apple-touch-icon.png s=200 d=61µs s=2298
INF http m=GET p=/assets/ServerSettingsPanel-C8C6nm9a.js s=200 d=38µs s=2550
INF http m=GET p=/assets/ResourceQuotaForm-DTSj8Ta5.css s=200 d=44µs s=302
INF http m=GET p=/assets/ResourceQuotaForm-D6gJNn3N.js s=200 d=36µs s=812
INF http m=GET p=/assets/ProfileSettings-rthGIjGN.js s=200 d=106µs s=4319
INF http m=GET p=/assets/material-symbols-names-mOXCVt15.js s=200 d=596µs s=15793
INF http m=GET p=/assets/ProfileSettings-D5kbNfHV.css s=200 d=39µs s=1220
INF http m=GET p=/assets/OrgSettingsPanel-BP8s6T0h.css s=200 d=34µs s=511
INF http m=GET p=/assets/OrgSettingsPanel-B78NX7Vn.js s=200 d=44µs s=2302
ERR Failed to add workspace submodule wsID=441OQGMI6000 err="failed to add submodule 441OQGMI6000: exit status 128\nOutput: Adding existing repo at '441OQGMI6000' to the index\nfatal: Unable to create '/home/runner/work/mddb/mddb/data-e2e/.git/index.lock': File exists.\n\nAnother git process seems to be running in this repository, or the lock file may be stale\nfatal: Failed to add submodule '441OQGMI6000'\n"
ERR Failed to commit DB changes err="failed to stage db changes: exit status 128\nOutput: fatal: Unable to create '/home/runner/work/mddb/mddb/data-e2e/.git/index.lock': File exists.\n\nAnother git process seems to be running in this repository, or the lock file may be stale\n"
INF http m=POST p=/api/v1/organizations/441OQGA28000/workspaces s=200 d=184ms s=295
INF http m=GET p=/assets/InviteForm-R7w4u6kW.js s=200 d=34µs s=1267
ERR Failed to commit DB changes err="failed to stage db changes: exit status 128\nOutput: fatal: Unable to create '/home/runner/work/mddb/mddb/data-e2e/.git/index.lock': File exists.\n\nAnother git process seems to be running in this repository, or the lock file may be stale\n"
INF http m=POST p=/api/v1/workspaces/441OQEAN6000/nodes/441OQG7VS000/table/records/create s=200 d=131ms s=26
INF http m=GET p=/assets/InviteForm-CW-wgFWD.css s=200 d=31µs s=414
ERR Failed to commit DB changes err="failed to stage db changes: exit status 128\nOutput: fatal: Unable to create '/home/runner/work/mddb/mddb/data-e2e/.git/index.lock': File exists.\n\nAnother git process seems to be running in this repository, or the lock file may be stale\n"
INF http m=POST p=/api/v1/auth/switch-workspace s=200 d=12ms s=604
INF http m=GET p=/w/@441OQEAN6000+workspace/@441OQFUP8000+welcome s=200 d=36µs s=542
INF http m=GET p=/assets/fr-CgauyyXq.js s=200 d=61µs s=6301
INF http m=GET p=/api/v1/workspaces/441OQEAN6000/events s=200 d=367ms s=333
INF http m=GET p=/assets/es-DHO8DnB9.js s=200 d=62µs s=6015
INF http m=GET p=/registerSW.js s=200 d=37µs s=87
INF http m=GET p=/assets/emoji-groups-tsNE8Axz.js s=200 d=97µs s=13852
INF http m=GET p=/api/v1/notifications/unread-count s=200 d=212µs s=25
INF http m=GET p=/api/v1/workspaces/441OQGMI6000/nodes/0/children s=200 d=7.62ms s=26
INF http m=GET p=/assets/AdminDashboard-R0heLGro.css s=200 d=33µs s=601
INF http m=GET p=/api/v1/workspaces/441OQGMI6000/members s=200 d=14.2ms s=124
INF http m=GET p=/assets/AdminDashboard-D3Sw1IyX.js s=200 d=93µs s=2075
INF http m=GET p=/api/v1/auth/me s=200 d=728µs s=350
INF http m=GET p=/manifest.webmanifest s=200 d=54µs s=199
ERR Failed to commit DB changes err="failed to stage db changes: exit status 128\nOutput: fatal: Unable to create '/home/runner/work/mddb/mddb/data-e2e/.git/index.lock': File exists.\n\nAnother git process seems to be running in this repository, or the lock file may be stale\n"
INF http m=POST p=/api/v1/workspaces/441OQGMI6000/nodes/0/page/create s=200 d=40.5ms s=35
INF http m=GET p=/api/v1/workspaces/441OQGMI6000/nodes/0/children s=200 d=903µs s=280
INF http m=GET p=/assets/de-qJeflSp6.js s=200 d=554µs s=6245
INF http m=GET p=/api/v1/notifications/unread-count s=200 d=199µs s=25
INF http m=GET p=/assets/WorkspaceSettingsPanel-CsUOm22X.css s=200 d=80µs s=1025
INF http m=GET p=/api/v1/workspaces/441OQGMI6000/nodes/441OQIH7C000 s=200 d=706µs s=245
ERR Failed to commit DB changes err="failed to stage db changes: exit status 128\nOutput: fatal: Unable to create '/home/runner/work/mddb/mddb/data-e2e/.git/index.lock': File exists.\n\nAnother git process seems to be running in this repository, or the lock file may be stale\n"
INF http m=POST p=/api/v1/workspaces/441OQGMI6000/nodes/0/table/create s=200 d=68.1ms s=26
INF http m=GET p=/api/v1/workspaces/441OQEAN6000/nodes/0/children s=200 d=1.17ms s=282
INF http m=GET p=/assets/WorkspaceSettingsPanel-CM5oaFTF.js s=200 d=69µs s=4443
INF http m=GET p=/api/v1/workspaces/441OQEAN6000/nodes/441OQFUP8000 s=200 d=10.7ms s=245
INF http m=GET p=/api/v1/workspaces/441OQEAN6000/members s=200 d=12.9ms s=122
INF http m=GET p=/assets/ServerSettingsPanel-pbgISWIv.css s=200 d=33µs s=596
INF http m=GET p=/assets/Editor-5FlZhQpN.js s=200 d=112µs s=13509
INF http m=GET p=/assets/ServerSettingsPanel-C8C6nm9a.js s=200 d=103µs s=2550
INF http m=GET p=/assets/Editor-BYBWY7b1.css s=200 d=45µs s=2240
INF http m=GET p=/assets/ResourceQuotaForm-DTSj8Ta5.css s=200 d=47µs s=302
INF http m=GET p=/assets/ResourceQuotaForm-D6gJNn3N.js s=200 d=39µs s=812
ERR Failed to commit DB changes err="failed to stage db changes: exit status 128\nOutput: fatal: Unable to create '/home/runner/work/mddb/mddb/data-e2e/.git/index.lock': File exists.\n\nAnother git process seems to be running in this repository, or the lock file may be stale\n"
INF http m=POST p=/api/v1/workspaces/441OQGMI6000/nodes/441OQINV0000/table/records/create s=200 d=45.3ms s=26
INF http m=GET p=/assets/ProfileSettings-rthGIjGN.js s=200 d=66µs s=4319
INF http m=GET p=/assets/ProfileSettings-D5kbNfHV.css s=200 d=41µs s=1220
INF http m=GET p=/assets/OrgSettingsPanel-BP8s6T0h.css s=200 d=42µs s=511
ERR Failed to commit DB changes err="failed to stage db changes: exit status 128\nOutput: fatal: Unable to create '/home/runner/work/mddb/mddb/data-e2e/.git/index.lock': File exists.\n\nAnother git process seems to be running in this repository, or the lock file may be stale\n"
INF http m=POST p=/api/v1/workspaces/441OQGMI6000/nodes/441OQINV0000/table/records/create s=200 d=23.8ms s=26
INF http m=GET p=/assets/OrgSettingsPanel-B78NX7Vn.js s=200 d=79µs s=2302
INF http m=GET p=/assets/InviteForm-R7w4u6kW.js s=200 d=27µs s=1267
INF http m=GET p=/assets/InviteForm-CW-wgFWD.css s=200 d=56µs s=414
INF http m=GET p=/api/v1/workspaces/441OQEAN6000/nodes/441OQG7VS000 s=200 d=331µs s=164
INF http m=GET p=/assets/AdminDashboard-R0heLGro.css s=200 d=35µs s=601
ERR Failed to commit DB changes err="failed to stage db changes: exit status 128\nOutput: fatal: Unable to create '/home/runner/work/mddb/mddb/data-e2e/.git/index.lock': File exists.\n\nAnother git process seems to be running in this repository, or the lock file may be stale\n"
INF http m=POST p=/api/v1/workspaces/441OQGMI6000/nodes/441OQINV0000/table/records/create s=200 d=29.1ms s=26
INF http m=GET p=/assets/AdminDashboard-D3Sw1IyX.js s=200 d=45µs s=2075
INF http m=GET p=/w/@441OQGMI6000+workspace/@441OQIH7C000+welcome s=200 d=39µs s=542
INF http m=GET p=/manifest.webmanifest s=200 d=34µs s=199
INF http m=GET p=/api/v1/workspaces/441OQEAN6000/nodes/441OQG7VS000/table/records s=200 d=627µs s=149
INF http m=GET p=/api/v1/workspaces/441OQGMI6000/events s=200 d=260ms s=341
INF http m=GET p=/registerSW.js s=200 d=43µs s=87
INF http m=GET p=/api/v1/auth/me s=200 d=803µs s=350
INF http m=GET p=/api/v1/notifications/unread-count s=200 d=656µs s=25
INF http m=GET p=/api/v1/workspaces/441OQGMI6000/members s=200 d=560µs s=124
INF http m=GET p=/api/v1/workspaces/441OQGMI6000/nodes/0/children s=200 d=798µs s=280
INF http m=GET p=/api/v1/workspaces/441OQGMI6000/nodes/441OQIH7C000 s=200 d=581µs s=245
INF http m=GET p=/api/v1/workspaces/441OQGMI6000/nodes/441OQINV0000 s=200 d=355µs s=165
INF http m=GET p=/api/v1/workspaces/441OQGMI6000/nodes/441OQINV0000/table/records s=200 d=480µs s=147
INF http m=GET p=/api/v1/workspaces/441OQEAN6000/events s=200 d=341ms s=93
ERR Failed to commit DB changes err="failed to stage db changes: exit status 128\nOutput: fatal: Unable to create '/home/runner/work/mddb/mddb/data-e2e/.git/index.lock': File exists.\n\nAnother git process seems to be running in this repository, or the lock file may be stale\n"
INF http m=POST p=/api/v1/auth/register s=200 d=90.7ms s=391
INF http m=GET p=/api/v1/workspaces/441OQGMI6000/events s=200 d=353ms s=93
INF http m=GET p=/ s=200 d=982µs s=542
INF http m=GET p=/assets/index-SHhnYNGf.js s=200 d=199µs s=49792
INF http m=GET p=/registerSW.js s=200 d=29µs s=87
INF http m=GET p=/assets/vendor-C3WBU0hm.js s=200 d=116µs s=29762
INF http m=GET p=/assets/index-DPQ8uk7g.css s=200 d=97µs s=12402
INF http m=GET p=/assets/editor-vendor-Bje_VwYD.js s=200 d=148µs s=117396
INF http m=GET p=/api/v1/auth/me s=200 d=267µs s=164
INF http m=GET p=/assets/en-BOb8f2G7.js s=200 d=87µs s=5207
INF http m=GET p=/favicon.png s=200 d=47µs s=449
INF http m=GET p=/api/v1/notifications/unread-count s=200 d=210µs s=25
INF http m=GET p=/sw.js s=200 d=80µs s=5540
ERR Failed to commit DB changes err="failed to stage db changes: exit status 128\nOutput: fatal: Unable to create '/home/runner/work/mddb/mddb/data-e2e/.git/index.lock': File exists.\n\nAnother git process seems to be running in this repository, or the lock file may be stale\n"
INF http m=POST p=/api/v1/organizations s=200 d=15.5ms s=351
INF http m=GET p=/registerSW.js s=200 d=44µs s=87
INF http m=GET p=/api/v1/auth/me s=200 d=538µs s=253
INF http m=GET p=/index.html s=200 d=41µs s=542
INF http m=GET p=/icon.svg s=200 d=34µs s=195
INF http m=GET p=/icon-512.png s=200 d=122µs s=6498
INF http m=GET p=/icon-192.png s=200 d=46µs s=2468
INF http m=GET p=/favicon.png s=200 d=39µs s=449
INF http m=GET p=/apple-touch-icon.png s=200 d=62µs s=2298
ERR Failed to add workspace submodule wsID=441OQOKQ6000 err="failed to add submodule 441OQOKQ6000: exit status 128\nOutput: Adding existing repo at '441OQOKQ6000' to the index\nfatal: Unable to create '/home/runner/work/mddb/mddb/data-e2e/.git/index.lock': File exists.\n\nAnother git process seems to be running in this repository, or the lock file may be stale\nfatal: Failed to add submodule '441OQOKQ6000'\n"
ERR Failed to commit DB changes err="failed to stage db changes: exit status 128\nOutput: fatal: Unable to create '/home/runner/work/mddb/mddb/data-e2e/.git/index.lock': File exists.\n\nAnother git process seems to be running in this repository, or the lock file may be stale\n"
INF http m=POST p=/api/v1/organizations/441OQNV2Q000/workspaces s=200 d=88.6ms s=302
INF http m=GET p=/assets/material-symbols-names-mOXCVt15.js s=200 d=104µs s=15793
ERR Failed to commit DB changes err="failed to stage db changes: exit status 128\nOutput: fatal: Unable to create '/home/runner/work/mddb/mddb/data-e2e/.git/index.lock': File exists.\n\nAnother git process seems to be running in this repository, or the lock file may be stale\n"
INF http m=POST p=/api/v1/auth/switch-workspace s=200 d=9.14ms s=573
ERR Failed to commit DB changes err="failed to stage db changes: exit status 128\nOutput: fatal: Unable to create '/home/runner/work/mddb/mddb/data-e2e/.git/index.lock': File exists.\n\nAnother git process seems to be running in this repository, or the lock file may be stale\n"
INF http m=POST p=/api/v1/auth/register s=200 d=153ms s=396
INF http m=GET p=/assets/fr-CgauyyXq.js s=200 d=2.62ms s=6301
INF http m=GET p=/ s=200 d=45µs s=542
INF http m=GET p=/api/v1/notifications/unread-count s=200 d=419µs s=25
INF http m=GET p=/api/v1/workspaces/441OQOKQ6000/nodes/0/children s=200 d=300µs s=26
INF http m=GET p=/api/v1/workspaces/441OQOKQ6000/members s=200 d=721µs s=128
INF http m=GET p=/assets/es-DHO8DnB9.js s=200 d=735µs s=6015
INF http m=GET p=/assets/emoji-groups-tsNE8Axz.js s=200 d=147µs s=13852
INF http m=GET p=/assets/index-SHhnYNGf.js s=200 d=174µs s=49792
INF http m=GET p=/assets/index-DPQ8uk7g.css s=200 d=185µs s=12402
INF http m=GET p=/assets/editor-vendor-Bje_VwYD.js s=200 d=214µs s=117396
INF http m=GET p=/registerSW.js s=200 d=40µs s=87
INF http m=GET p=/assets/vendor-C3WBU0hm.js s=200 d=145µs s=29762
ERR Failed to commit DB changes err="failed to stage db changes: exit status 128\nOutput: fatal: Unable to create '/home/runner/work/mddb/mddb/data-e2e/.git/index.lock': File exists.\n\nAnother git process seems to be running in this repository, or the lock file may be stale\n"
INF http m=POST p=/api/v1/workspaces/441OQOKQ6000/nodes/0/page/create s=200 d=43.4ms s=35
INF http m=GET p=/api/v1/workspaces/441OQOKQ6000/nodes/0/children s=200 d=341µs s=257
INF http m=GET p=/api/v1/workspaces/441OQOKQ6000/nodes/441OQPL4G000 s=200 d=292µs s=245
INF http m=GET p=/assets/Editor-BYBWY7b1.css s=200 d=61µs s=2240
INF http m=GET p=/assets/Editor-5FlZhQpN.js s=200 d=97µs s=13509
INF http m=GET p=/assets/de-qJeflSp6.js s=200 d=102µs s=6245
ERR Failed to commit DB changes err="failed to stage db changes: exit status 128\nOutput: fatal: Unable to create '/home/runner/work/mddb/mddb/data-e2e/.git/index.lock': File exists.\n\nAnother git process seems to be running in this repository, or the lock file may be stale\n"
INF http m=POST p=/api/v1/workspaces/441OQOKQ6000/nodes/0/table/create s=200 d=44.7ms s=26
INF http m=GET p=/assets/WorkspaceSettingsPanel-CsUOm22X.css s=200 d=43µs s=1025
INF http m=GET p=/assets/WorkspaceSettingsPanel-CM5oaFTF.js s=200 d=67µs s=4443
INF http m=GET p=/assets/ServerSettingsPanel-pbgISWIv.css s=200 d=39µs s=596
INF http m=GET p=/assets/ServerSettingsPanel-C8C6nm9a.js s=200 d=58µs s=2550
ERR Failed to commit DB changes err="failed to stage db changes: exit status 128\nOutput: fatal: Unable to create '/home/runner/work/mddb/mddb/data-e2e/.git/index.lock': File exists.\n\nAnother git process seems to be running in this repository, or the lock file may be stale\n"
INF http m=POST p=/api/v1/workspaces/441OQOKQ6000/nodes/441OQQ1GQ000/table/records/create s=200 d=38.2ms s=26
INF http m=GET p=/assets/ResourceQuotaForm-DTSj8Ta5.css s=200 d=37µs s=302
INF http m=GET p=/assets/ResourceQuotaForm-D6gJNn3N.js s=200 d=40µs s=812
ERR Failed to commit DB changes err="failed to stage db changes: exit status 128\nOutput: fatal: Unable to create '/home/runner/work/mddb/mddb/data-e2e/.git/index.lock': File exists.\n\nAnother git process seems to be running in this repository, or the lock file may be stale\n"
INF http m=GET p=/assets/ProfileSettings-rthGIjGN.js s=200 d=73µs s=4319
INF http m=POST p=/api/v1/workspaces/441OQOKQ6000/nodes/441OQQ1GQ000/table/records/create s=200 d=23.7ms s=26
INF http m=GET p=/w/@441OQOKQ6000+workspace/@441OQPL4G000+welcome s=200 d=50µs s=542
INF http m=GET p=/assets/ProfileSettings-D5kbNfHV.css s=200 d=37µs s=1220
INF http m=GET p=/api/v1/workspaces/441OQOKQ6000/events s=200 d=209ms s=309
INF http m=GET p=/assets/OrgSettingsPanel-BP8s6T0h.css s=200 d=43µs s=511
INF http m=GET p=/registerSW.js s=200 d=33µs s=87
INF http m=GET p=/assets/OrgSettingsPanel-B78NX7Vn.js s=200 d=50µs s=2302
INF http m=GET p=/assets/InviteForm-R7w4u6kW.js s=200 d=48µs s=1267
INF http m=GET p=/assets/InviteForm-CW-wgFWD.css s=200 d=58µs s=414
INF http m=GET p=/api/v1/auth/me s=200 d=273µs s=352
INF http m=GET p=/api/v1/auth/me s=200 d=212µs s=166
INF http m=GET p=/assets/en-BOb8f2G7.js s=200 d=101µs s=5207
INF http m=GET p=/api/v1/notifications/unread-count s=200 d=1ms s=25
INF http m=GET p=/assets/AdminDashboard-R0heLGro.css s=200 d=49µs s=601
INF http m=GET p=/favicon.png s=200 d=32µs s=449
ERR Failed to commit DB changes err="failed to stage db changes: exit status 128\nOutput: fatal: Unable to create '/home/runner/work/mddb/mddb/data-e2e/.git/index.lock': File exists.\n\nAnother git process seems to be running in this repository, or the lock file may be stale\n"
INF http m=POST p=/api/v1/organizations s=200 d=11.5ms s=353
INF http m=GET p=/assets/AdminDashboard-D3Sw1IyX.js s=200 d=81µs s=2075
INF http m=GET p=/sw.js s=200 d=620µs s=5540
INF http m=GET p=/manifest.webmanifest s=200 d=29µs s=199
INF http m=GET p=/api/v1/notifications/unread-count s=200 d=760µs s=25
INF http m=GET p=/api/v1/workspaces/441OQOKQ6000/members s=200 d=251µs s=128
INF http m=GET p=/api/v1/workspaces/441OQOKQ6000/nodes/441OQPL4G000 s=200 d=7.42ms s=245
INF http m=GET p=/api/v1/workspaces/441OQOKQ6000/nodes/0/children s=200 d=12.4ms s=283
INF http m=GET p=/api/v1/auth/me s=200 d=28ms s=252
INF http m=GET p=/registerSW.js s=200 d=56µs s=87
INF http m=GET p=/index.html s=200 d=41µs s=542
INF http m=GET p=/icon.svg s=200 d=47µs s=195
INF http m=GET p=/icon-512.png s=200 d=101µs s=6498
INF http m=GET p=/icon-192.png s=200 d=70µs s=2468
INF http m=GET p=/api/v1/workspaces/441OQOKQ6000/nodes/441OQQ1GQ000 s=200 d=644µs s=167
INF http m=GET p=/favicon.png s=200 d=48µs s=449
INF http m=GET p=/apple-touch-icon.png s=200 d=67µs s=2298
INF http m=GET p=/api/v1/workspaces/441OQOKQ6000/nodes/441OQQ1GQ000/table/records s=200 d=623µs s=129
ERR Failed to add workspace submodule wsID=441OQS0VA000 err="failed to add submodule 441OQS0VA000: exit status 128\nOutput: Adding existing repo at '441OQS0VA000' to the index\nfatal: Unable to create '/home/runner/work/mddb/mddb/data-e2e/.git/index.lock': File exists.\n\nAnother git process seems to be running in this repository, or the lock file may be stale\nfatal: Failed to add submodule '441OQS0VA000'\n"
INF http m=GET p=/assets/material-symbols-names-mOXCVt15.js s=200 d=103µs s=15793
ERR Failed to commit DB changes err="failed to stage db changes: exit status 128\nOutput: fatal: Unable to create '/home/runner/work/mddb/mddb/data-e2e/.git/index.lock': File exists.\n\nAnother git process seems to be running in this repository, or the lock file may be stale\n"
INF http m=POST p=/api/v1/organizations/441OQRFUI000/workspaces s=200 d=100ms s=301
ERR Failed to commit DB changes err="failed to stage db changes: exit status 128\nOutput: fatal: Unable to create '/home/runner/work/mddb/mddb/data-e2e/.git/index.lock': File exists.\n\nAnother git process seems to be running in this repository, or the lock file may be stale\n"
INF http m=POST p=/api/v1/auth/switch-workspace s=200 d=6.03ms s=610
INF http m=GET p=/api/v1/notifications/unread-count s=200 d=187µs s=25
INF http m=GET p=/api/v1/workspaces/441OQS0VA000/nodes/0/children s=200 d=406µs s=26
INF http m=GET p=/api/v1/workspaces/441OQS0VA000/members s=200 d=520µs s=126
INF http m=GET p=/assets/fr-CgauyyXq.js s=200 d=87µs s=6301
INF http m=GET p=/assets/es-DHO8DnB9.js s=200 d=125µs s=6015
INF http m=GET p=/assets/emoji-groups-tsNE8Axz.js s=200 d=108µs s=13852
ERR Failed to commit DB changes err="failed to stage db changes: exit status 128\nOutput: fatal: Unable to create '/home/runner/work/mddb/mddb/data-e2e/.git/index.lock': File exists.\n\nAnother git process seems to be running in this repository, or the lock file may be stale\n"
INF http m=POST p=/api/v1/workspaces/441OQS0VA000/nodes/0/page/create s=200 d=29.8ms s=35
INF http m=GET p=/api/v1/workspaces/441OQS0VA000/nodes/0/children s=200 d=704µs s=257
INF http m=GET p=/api/v1/workspaces/441OQS0VA000/nodes/441OQSTCO000 s=200 d=690µs s=245
INF http m=GET p=/assets/Editor-5FlZhQpN.js s=200 d=160µs s=13509
INF http m=GET p=/assets/Editor-BYBWY7b1.css s=200 d=39µs s=2240
INF http m=GET p=/assets/de-qJeflSp6.js s=200 d=80µs s=6245
ERR Failed to commit DB changes err="failed to stage db changes: exit status 128\nOutput: fatal: Unable to create '/home/runner/work/mddb/mddb/data-e2e/.git/index.lock': File exists.\n\nAnother git process seems to be running in this repository, or the lock file may be stale\n"
INF http m=POST p=/api/v1/workspaces/441OQS0VA000/nodes/0/table/create s=200 d=28.8ms s=26
INF http m=GET p=/assets/WorkspaceSettingsPanel-CsUOm22X.css s=200 d=42µs s=1025
INF http m=GET p=/assets/WorkspaceSettingsPanel-CM5oaFTF.js s=200 d=98µs s=4443
INF http m=GET p=/assets/ServerSettingsPanel-pbgISWIv.css s=200 d=48µs s=596
INF http m=GET p=/api/v1/workspaces/441OQOKQ6000/events s=200 d=298ms s=93
ERR Failed to commit DB changes err="failed to stage db changes: exit status 128\nOutput: fatal: Unable to create '/home/runner/work/mddb/mddb/data-e2e/.git/index.lock': File exists.\n\nAnother git process seems to be running in this repository, or the lock file may be stale\n"
INF http m=POST p=/api/v1/workspaces/441OQS0VA000/nodes/441OQTBM8000/table/records/create s=200 d=28.4ms s=26
INF http m=GET p=/assets/ServerSettingsPanel-C8C6nm9a.js s=200 d=54µs s=2550
INF http m=GET p=/assets/ResourceQuotaForm-DTSj8Ta5.css s=200 d=43µs s=302
INF http m=GET p=/assets/ResourceQuotaForm-D6gJNn3N.js s=200 d=37µs s=812
INF http m=GET p=/assets/ProfileSettings-rthGIjGN.js s=200 d=133µs s=4319
INF http m=GET p=/assets/ProfileSettings-D5kbNfHV.css s=200 d=42µs s=1220
ERR Failed to commit DB changes err="failed to stage db changes: exit status 128\nOutput: fatal: Unable to create '/home/runner/work/mddb/mddb/data-e2e/.git/index.lock': File exists.\n\nAnother git process seems to be running in this repository, or the lock file may be stale\n"
INF http m=POST p=/api/v1/workspaces/441OQS0VA000/nodes/441OQTBM8000/table/records/create s=200 d=42.1ms s=26
INF http m=GET p=/assets/OrgSettingsPanel-BP8s6T0h.css s=200 d=33µs s=511
INF http m=GET p=/assets/OrgSettingsPanel-B78NX7Vn.js s=200 d=55µs s=2302
INF http m=GET p=/assets/InviteForm-R7w4u6kW.js s=200 d=36µs s=1267
INF http m=GET p=/assets/InviteForm-CW-wgFWD.css s=200 d=31µs s=414
ERR Failed to commit DB changes err="failed to stage db changes: exit status 128\nOutput: fatal: Unable to create '/home/runner/work/mddb/mddb/data-e2e/.git/index.lock': File exists.\n\nAnother git process seems to be running in this repository, or the lock file may be stale\n"
INF http m=POST p=/api/v1/workspaces/441OQS0VA000/nodes/441OQTBM8000/table/records/create s=200 d=26.4ms s=26
INF http m=GET p=/assets/AdminDashboard-R0heLGro.css s=200 d=50µs s=601
ERR Failed to commit DB changes err="failed to stage db changes: exit status 128\nOutput: fatal: Unable to create '/home/runner/work/mddb/mddb/data-e2e/.git/index.lock': File exists.\n\nAnother git process seems to be running in this repository, or the lock file may be stale\n"
INF http m=POST p=/api/v1/workspaces/441OQS0VA000/nodes/441OQTBM8000/table/records/create s=200 d=25.2ms s=26
INF http m=GET p=/assets/AdminDashboard-D3Sw1IyX.js s=200 d=56µs s=2075
INF http m=GET p=/w/@441OQS0VA000+workspace/@441OQSTCO000+welcome s=200 d=34µs s=542
INF http m=GET p=/manifest.webmanifest s=200 d=40µs s=199
INF http m=GET p=/api/v1/workspaces/441OQS0VA000/events s=200 d=285ms s=365
INF http m=GET p=/registerSW.js s=200 d=45µs s=87
INF http m=GET p=/api/v1/auth/me s=200 d=841µs s=353
INF http m=GET p=/api/v1/notifications/unread-count s=200 d=704µs s=25
INF http m=GET p=/api/v1/workspaces/441OQS0VA000/nodes/0/children s=200 d=1.77ms s=297
INF http m=GET p=/api/v1/workspaces/441OQS0VA000/nodes/441OQSTCO000 s=200 d=705µs s=245
INF http m=GET p=/api/v1/workspaces/441OQS0VA000/members s=200 d=508µs s=126
ERR Failed to commit DB changes err="failed to stage db changes: exit status 128\nOutput: fatal: Unable to create '/home/runner/work/mddb/mddb/data-e2e/.git/index.lock': File exists.\n\nAnother git process seems to be running in this repository, or the lock file may be stale\n"
INF http m=POST p=/api/v1/auth/register s=200 d=106ms s=395
INF http m=GET p=/ s=200 d=62µs s=542
INF http m=GET p=/assets/index-SHhnYNGf.js s=200 d=314µs s=49792
INF http m=GET p=/assets/index-DPQ8uk7g.css s=200 d=156µs s=12402
INF http m=GET p=/assets/editor-vendor-Bje_VwYD.js s=200 d=208µs s=117396
INF http m=GET p=/api/v1/workspaces/441OQS0VA000/nodes/441OQTBM8000 s=200 d=395µs s=157
INF http m=GET p=/assets/vendor-C3WBU0hm.js s=200 d=137µs s=29762
INF http m=GET p=/registerSW.js s=200 d=30µs s=87
INF http m=GET p=/api/v1/workspaces/441OQS0VA000/nodes/441OQTBM8000/table/records s=200 d=633µs s=171
INF http m=GET p=/api/v1/auth/me s=200 d=263µs s=167
INF http m=GET p=/assets/en-BOb8f2G7.js s=200 d=83µs s=5207
INF http m=GET p=/sw.js s=200 d=107µs s=5540
INF http m=GET p=/api/v1/notifications/unread-count s=200 d=280µs s=25
INF http m=GET p=/favicon.png s=200 d=41µs s=449
ERR Failed to commit DB changes err="failed to stage db changes: exit status 128\nOutput: fatal: Unable to create '/home/runner/work/mddb/mddb/data-e2e/.git/index.lock': File exists.\n\nAnother git process seems to be running in this repository, or the lock file may be stale\n"
INF http m=POST p=/api/v1/organizations s=200 d=16.6ms s=349
INF http m=GET p=/registerSW.js s=200 d=34µs s=87
INF http m=GET p=/api/v1/auth/me s=200 d=1.17ms s=251
INF http m=GET p=/index.html s=200 d=61µs s=542
INF http m=GET p=/icon.svg s=200 d=81µs s=195
INF http m=GET p=/icon-512.png s=200 d=72µs s=6498
INF http m=GET p=/icon-192.png s=200 d=43µs s=2468
INF http m=GET p=/favicon.png s=200 d=30µs s=449
INF http m=GET p=/apple-touch-icon.png s=200 d=46µs s=2298
INF http m=GET p=/assets/material-symbols-names-mOXCVt15.js s=200 d=131µs s=15793
INF http m=GET p=/assets/fr-CgauyyXq.js s=200 d=79µs s=6301
INF http m=GET p=/assets/es-DHO8DnB9.js s=200 d=69µs s=6015
INF http m=GET p=/assets/emoji-groups-tsNE8Axz.js s=200 d=93µs s=13852
ERR Failed to add workspace submodule wsID=441OR1CSE000 err="failed to add submodule 441OR1CSE000: exit status 128\nOutput: Adding existing repo at '441OR1CSE000' to the index\nfatal: Unable to create '/home/runner/work/mddb/mddb/data-e2e/.git/index.lock': File exists.\n\nAnother git process seems to be running in this repository, or the lock file may be stale\nfatal: Failed to add submodule '441OR1CSE000'\n"
ERR Failed to commit DB changes err="failed to stage db changes: exit status 128\nOutput: fatal: Unable to create '/home/runner/work/mddb/mddb/data-e2e/.git/index.lock': File exists.\n\nAnother git process seems to be running in this repository, or the lock file may be stale\n"
INF http m=POST p=/api/v1/organizations/441OR10R4000/workspaces s=200 d=143ms s=298
ERR Failed to commit DB changes err="failed to stage db changes: exit status 128\nOutput: fatal: Unable to create '/home/runner/work/mddb/mddb/data-e2e/.git/index.lock': File exists.\n\nAnother git process seems to be running in this repository, or the lock file may be stale\n"
INF http m=POST p=/api/v1/auth/switch-workspace s=200 d=10.1ms s=567
INF http m=GET p=/api/v1/workspaces/441OQS0VA000/events s=200 d=488ms s=93
INF http m=GET p=/api/v1/notifications/unread-count s=200 d=189µs s=25
INF http m=GET p=/api/v1/workspaces/441OR1CSE000/nodes/0/children s=200 d=443µs s=26
INF http m=GET p=/assets/de-qJeflSp6.js s=200 d=157µs s=6245
INF http m=GET p=/api/v1/workspaces/441OR1CSE000/members s=200 d=4.84ms s=130
INF http m=GET p=/assets/WorkspaceSettingsPanel-CsUOm22X.css s=200 d=39µs s=1025
INF http m=GET p=/assets/WorkspaceSettingsPanel-CM5oaFTF.js s=200 d=121µs s=4443
ERR Failed to commit DB changes err="failed to stage db changes: exit status 128\nOutput: fatal: Unable to create '/home/runner/work/mddb/mddb/data-e2e/.git/index.lock': File exists.\n\nAnother git process seems to be running in this repository, or the lock file may be stale\n"
INF http m=POST p=/api/v1/workspaces/441OR1CSE000/nodes/0/page/create s=200 d=29.1ms s=35
INF http m=GET p=/assets/ServerSettingsPanel-pbgISWIv.css s=200 d=36µs s=596
INF http m=GET p=/api/v1/workspaces/441OR1CSE000/nodes/0/children s=200 d=341µs s=283
INF http m=GET p=/assets/ServerSettingsPanel-C8C6nm9a.js s=200 d=59µs s=2550
INF http m=GET p=/api/v1/workspaces/441OR1CSE000/nodes/441OR2PSQ000 s=200 d=783µs s=245
INF http m=GET p=/assets/ResourceQuotaForm-DTSj8Ta5.css s=200 d=37µs s=302
INF http m=GET p=/assets/ResourceQuotaForm-D6gJNn3N.js s=200 d=34µs s=812
ERR Failed to commit DB changes err="failed to stage db changes: exit status 128\nOutput: fatal: Unable to create '/home/runner/work/mddb/mddb/data-e2e/.git/index.lock': File exists.\n\nAnother git process seems to be running in this repository, or the lock file may be stale\n"
INF http m=POST p=/api/v1/workspaces/441OR1CSE000/nodes/0/table/create s=200 d=48.1ms s=26
INF http m=GET p=/assets/Editor-5FlZhQpN.js s=200 d=96µs s=13509
INF http m=GET p=/assets/ProfileSettings-rthGIjGN.js s=200 d=74µs s=4319
INF http m=GET p=/assets/Editor-BYBWY7b1.css s=200 d=54µs s=2240
INF http m=GET p=/assets/ProfileSettings-D5kbNfHV.css s=200 d=46µs s=1220
ERR Failed to commit DB changes err="failed to stage db changes: exit status 128\nOutput: fatal: Unable to create '/home/runner/work/mddb/mddb/data-e2e/.git/index.lock': File exists.\n\nAnother git process seems to be running in this repository, or the lock file may be stale\n"
INF http m=POST p=/api/v1/workspaces/441OR1CSE000/nodes/441OR2U6E000/table/records/create s=200 d=37.6ms s=26
INF http m=GET p=/assets/OrgSettingsPanel-BP8s6T0h.css s=200 d=35µs s=511
INF http m=GET p=/assets/OrgSettingsPanel-B78NX7Vn.js s=200 d=67µs s=2302
INF http m=GET p=/assets/InviteForm-R7w4u6kW.js s=200 d=42µs s=1267
INF http m=GET p=/assets/InviteForm-CW-wgFWD.css s=200 d=65µs s=414
ERR Failed to commit DB changes err="failed to stage db changes: exit status 128\nOutput: fatal: Unable to create '/home/runner/work/mddb/mddb/data-e2e/.git/index.lock': File exists.\n\nAnother git process seems to be running in this repository, or the lock file may be stale\n"
INF http m=POST p=/api/v1/workspaces/441OR1CSE000/nodes/441OR2U6E000/table/records/create s=200 d=68.4ms s=26
INF http m=GET p=/assets/AdminDashboard-R0heLGro.css s=200 d=35µs s=601
INF http m=GET p=/assets/AdminDashboard-D3Sw1IyX.js s=200 d=49µs s=2075
INF http m=GET p=/manifest.webmanifest s=200 d=40µs s=199
ERR Failed to commit DB changes err="failed to stage db changes: exit status 128\nOutput: fatal: Unable to create '/home/runner/work/mddb/mddb/data-e2e/.git/index.lock': File exists.\n\nAnother git process seems to be running in this repository, or the lock file may be stale\n"
INF http m=POST p=/api/v1/workspaces/441OR1CSE000/nodes/441OR2U6E000/table/records/create s=200 d=26.7ms s=26
INF http m=GET p=/w/@441OR1CSE000+workspace/@441OR2PSQ000+welcome s=200 d=32µs s=542
INF http m=GET p=/api/v1/workspaces/441OR1CSE000/events s=200 d=265ms s=338
ERR Failed to commit DB changes err="failed to stage db changes: exit status 128\nOutput: fatal: Unable to create '/home/runner/work/mddb/mddb/data-e2e/.git/index.lock': File exists.\n\nAnother git process seems to be running in this repository, or the lock file may be stale\n"
INF http m=POST p=/api/v1/auth/register s=200 d=106ms s=391
INF http m=GET p=/ s=200 d=69µs s=542
INF http m=GET p=/api/v1/auth/me s=200 d=806µs s=354
INF http m=GET p=/assets/index-DPQ8uk7g.css s=200 d=146µs s=12402
INF http m=GET p=/assets/index-SHhnYNGf.js s=200 d=172µs s=49792
INF http m=GET p=/registerSW.js s=200 d=28µs s=87
INF http m=GET p=/assets/vendor-C3WBU0hm.js s=200 d=133µs s=29762
INF http m=GET p=/assets/editor-vendor-Bje_VwYD.js s=200 d=201µs s=117396
INF http m=GET p=/api/v1/notifications/unread-count s=200 d=194µs s=25
INF http m=GET p=/api/v1/workspaces/441OR1CSE000/nodes/441OR2PSQ000 s=200 d=2.08ms s=245
INF http m=GET p=/api/v1/workspaces/441OR1CSE000/members s=200 d=2.36ms s=130
INF http m=GET p=/api/v1/workspaces/441OR1CSE000/nodes/0/children s=200 d=8.82ms s=283
INF http m=GET p=/api/v1/auth/me s=200 d=244µs s=164
INF http m=GET p=/assets/en-BOb8f2G7.js s=200 d=121µs s=5207
INF http m=GET p=/api/v1/notifications/unread-count s=200 d=186µs s=25
INF http m=GET p=/sw.js s=200 d=102µs s=5540
INF http m=GET p=/favicon.png s=200 d=37µs s=449
ERR Failed to commit DB changes err="failed to stage db changes: exit status 128\nOutput: fatal: Unable to create '/home/runner/work/mddb/mddb/data-e2e/.git/index.lock': File exists.\n\nAnother git process seems to be running in this repository, or the lock file may be stale\n"
INF http m=POST p=/api/v1/organizations s=200 d=8.42ms s=350
INF http m=GET p=/api/v1/auth/me s=200 d=424µs s=250
INF http m=GET p=/api/v1/workspaces/441OR1CSE000/nodes/441OR2U6E000 s=200 d=546µs s=168
INF http m=GET p=/registerSW.js s=200 d=30µs s=87
INF http m=GET p=/index.html s=200 d=41µs s=542
INF http m=GET p=/icon.svg s=200 d=39µs s=195
INF http m=GET p=/api/v1/workspaces/441OR1CSE000/nodes/441OR2U6E000/table/records s=200 d=1.18ms s=148
INF http m=GET p=/icon-512.png s=200 d=83µs s=6498
INF http m=GET p=/icon-192.png s=200 d=129µs s=2468
INF http m=GET p=/favicon.png s=200 d=40µs s=449
INF http m=GET p=/apple-touch-icon.png s=200 d=62µs s=2298
INF http m=GET p=/assets/material-symbols-names-mOXCVt15.js s=200 d=104µs s=15793
ERR Failed to add workspace submodule wsID=441OR67LI000 err="failed to add submodule 441OR67LI000: exit status 128\nOutput: Adding existing repo at '441OR67LI000' to the index\nfatal: Unable to create '/home/runner/work/mddb/mddb/data-e2e/.git/index.lock': File exists.\n\nAnother git process seems to be running in this repository, or the lock file may be stale\nfatal: Failed to add submodule '441OR67LI000'\n"
ERR Failed to commit DB changes err="failed to stage db changes: exit status 128\nOutput: fatal: Unable to create '/home/runner/work/mddb/mddb/data-e2e/.git/index.lock': File exists.\n\nAnother git process seems to be running in this repository, or the lock file may be stale\n"
INF http m=POST p=/api/v1/organizations/441OR609S000/workspaces s=200 d=186ms s=299
ERR Failed to commit DB changes err="failed to stage db changes: exit status 128\nOutput: fatal: Unable to create '/home/runner/work/mddb/mddb/data-e2e/.git/index.lock': File exists.\n\nAnother git process seems to be running in this repository, or the lock file may be stale\n"
INF http m=POST p=/api/v1/workspaces/441OR1CSE000/nodes/441OR2U6E000/views/create s=200 d=55.6ms s=26
INF http m=GET p=/assets/fr-CgauyyXq.js s=200 d=107µs s=6301
ERR Failed to commit DB changes err="failed to stage db changes: exit status 128\nOutput: fatal: Unable to create '/home/runner/work/mddb/mddb/data-e2e/.git/index.lock': File exists.\n\nAnother git process seems to be running in this repository, or the lock file may be stale\n"
INF http m=POST p=/api/v1/auth/switch-workspace s=200 d=17.4ms s=576
INF http m=GET p=/w/@441OR1CSE000+sort-persists-workspace/@441OR2U6E000+sort-persist-table s=200 d=48µs s=542
INF http m=GET p=/assets/es-DHO8DnB9.js s=200 d=84µs s=6015
INF http m=GET p=/api/v1/workspaces/441OR1CSE000/events s=200 d=356ms s=213
INF http m=GET p=/api/v1/notifications/unread-count s=200 d=219µs s=25
INF http m=GET p=/api/v1/workspaces/441OR67LI000/nodes/0/children s=200 d=293µs s=26
INF http m=GET p=/api/v1/workspaces/441OR67LI000/members s=200 d=132µs s=128
INF http m=GET p=/assets/emoji-groups-tsNE8Axz.js s=200 d=189µs s=13852
INF http m=GET p=/api/v1/auth/me s=200 d=358µs s=354
ERR Failed to commit DB changes err="failed to stage db changes: exit status 128\nOutput: fatal: Unable to create '/home/runner/work/mddb/mddb/data-e2e/.git/index.lock': File exists.\n\nAnother git process seems to be running in this repository, or the lock file may be stale\n"
INF http m=POST p=/api/v1/workspaces/441OR67LI000/nodes/0/table/create s=200 d=46.1ms s=26
INF http m=GET p=/api/v1/notifications/unread-count s=200 d=155µs s=25
INF http m=GET p=/api/v1/workspaces/441OR1CSE000/members s=200 d=143µs s=130
INF http m=GET p=/api/v1/workspaces/441OR1CSE000/nodes/0/children s=200 d=444µs s=307
INF http m=GET p=/api/v1/workspaces/441OR1CSE000/nodes/441OR2U6E000 s=200 d=701µs s=172
INF http m=GET p=/assets/de-qJeflSp6.js s=200 d=197µs s=6245
ERR Failed to commit DB changes err="failed to stage db changes: exit status 128\nOutput: fatal: Unable to create '/home/runner/work/mddb/mddb/data-e2e/.git/index.lock': File exists.\n\nAnother git process seems to be running in this repository, or the lock file may be stale\n"
INF http m=POST p=/api/v1/workspaces/441OR67LI000/nodes/0/page/create s=200 d=74.8ms s=35
INF http m=GET p=/api/v1/workspaces/441OR67LI000/nodes/0/children s=200 d=411µs s=268
INF http m=GET p=/assets/WorkspaceSettingsPanel-CsUOm22X.css s=200 d=31µs s=1025
INF http m=GET p=/assets/WorkspaceSettingsPanel-CM5oaFTF.js s=200 d=78µs s=4443
INF http m=GET p=/api/v1/workspaces/441OR1CSE000/nodes/441OR2U6E000/table/records s=200 d=437µs s=148
INF http m=GET p=/api/v1/workspaces/441OR67LI000/nodes/441OR800I000 s=200 d=1.37ms s=167
INF http m=GET p=/assets/ServerSettingsPanel-pbgISWIv.css s=200 d=56µs s=596
ERR Failed to commit DB changes err="failed to stage db changes: exit status 128\nOutput: fatal: Unable to create '/home/runner/work/mddb/mddb/data-e2e/.git/index.lock': File exists.\n\nAnother git process seems to be running in this repository, or the lock file may be stale\n"
INF http m=POST p=/api/v1/workspaces/441OR67LI000/nodes/441OR800I000/table/records/create s=200 d=74.9ms s=26
INF http m=GET p=/api/v1/workspaces/441OR67LI000/nodes/441OR800I000/table/records s=200 d=449µs s=106
INF http m=GET p=/assets/ServerSettingsPanel-C8C6nm9a.js s=200 d=56µs s=2550
INF http m=GET p=/assets/ResourceQuotaForm-DTSj8Ta5.css s=200 d=39µs s=302
ERR Failed to commit DB changes err="failed to stage db changes: exit status 128\nOutput: fatal: Unable to create '/home/runner/work/mddb/mddb/data-e2e/.git/index.lock': File exists.\n\nAnother git process seems to be running in this repository, or the lock file may be stale\n"
INF http m=POST p=/api/v1/workspaces/441OR67LI000/nodes/441OR800I000/table/records/create s=200 d=34ms s=26
INF http m=GET p=/assets/ResourceQuotaForm-D6gJNn3N.js s=200 d=37µs s=812
INF http m=GET p=/w/@441OR67LI000+workspace/@441OR800I000+filter-open-table s=200 d=48µs s=542
INF http m=GET p=/assets/ProfileSettings-rthGIjGN.js s=200 d=114µs s=4319
INF http m=GET p=/api/v1/workspaces/441OR67LI000/events s=200 d=178ms s=305
INF http m=GET p=/registerSW.js s=200 d=38µs s=87
INF http m=GET p=/assets/ProfileSettings-D5kbNfHV.css s=200 d=26µs s=1220
INF http m=GET p=/assets/OrgSettingsPanel-BP8s6T0h.css s=200 d=53µs s=511
INF http m=GET p=/assets/OrgSettingsPanel-B78NX7Vn.js s=200 d=49µs s=2302
INF http m=GET p=/assets/InviteForm-R7w4u6kW.js s=200 d=45µs s=1267
INF http m=GET p=/assets/InviteForm-CW-wgFWD.css s=200 d=39µs s=414
INF http m=GET p=/api/v1/auth/me s=200 d=840µs s=353
INF http m=GET p=/assets/Editor-BYBWY7b1.css s=200 d=42µs s=2240
INF http m=GET p=/assets/Editor-5FlZhQpN.js s=200 d=108µs s=13509
INF http m=GET p=/assets/AdminDashboard-R0heLGro.css s=200 d=37µs s=601
INF http m=GET p=/assets/AdminDashboard-D3Sw1IyX.js s=200 d=62µs s=2075
INF http m=GET p=/manifest.webmanifest s=200 d=28µs s=199
INF http m=GET p=/api/v1/notifications/unread-count s=200 d=183µs s=25
INF http m=GET p=/api/v1/workspaces/441OR67LI000/nodes/0/children s=200 d=1.16ms s=268
INF http m=GET p=/api/v1/workspaces/441OR67LI000/members s=200 d=393µs s=128
INF http m=GET p=/api/v1/workspaces/441OR67LI000/nodes/441OR800I000 s=200 d=993µs s=167
INF http m=GET p=/api/v1/workspaces/441OR67LI000/nodes/441OR800I000/table/records s=200 d=583µs s=126
ERR Failed to commit DB changes err="failed to stage db changes: exit status 128\nOutput: fatal: Unable to create '/home/runner/work/mddb/mddb/data-e2e/.git/index.lock': File exists.\n\nAnother git process seems to be running in this repository, or the lock file may be stale\n"
INF http m=POST p=/api/v1/workspaces/441OR1CSE000/nodes/441OR2U6E000/views/441OR732Q000 s=200 d=16.6ms s=35
INF http m=GET p=/api/v1/workspaces/441OR1CSE000/nodes/441OR2U6E000/table/records s=200 d=400µs s=154
INF http m=GET p=/api/v1/workspaces/441OR1CSE000/events s=200 d=361ms s=212
INF http m=GET p=/api/v1/workspaces/441OR67LI000/events s=200 d=206ms s=93
ERR Failed to commit DB changes err="failed to stage db changes: exit status 128\nOutput: fatal: Unable to create '/home/runner/work/mddb/mddb/data-e2e/.git/index.lock': File exists.\n\nAnother git process seems to be running in this repository, or the lock file may be stale\n"
INF http m=POST p=/api/v1/auth/register s=200 d=153ms s=396
INF http m=GET p=/ s=200 d=58µs s=542
INF http m=GET p=/registerSW.js s=200 d=60µs s=87
INF http m=GET p=/assets/vendor-C3WBU0hm.js s=200 d=150µs s=29762
INF http m=GET p=/assets/index-DPQ8uk7g.css s=200 d=83µs s=12402
INF http m=GET p=/assets/editor-vendor-Bje_VwYD.js s=200 d=156µs s=117396
INF http m=GET p=/assets/index-SHhnYNGf.js s=200 d=92µs s=49792
ERR Failed to commit DB changes err="failed to stage db changes: exit status 128\nOutput: fatal: Unable to create '/home/runner/work/mddb/mddb/data-e2e/.git/index.lock': File exists.\n\nAnother git process seems to be running in this repository, or the lock file may be stale\n"
INF http m=POST p=/api/v1/auth/register s=200 d=129ms s=397
INF http m=GET p=/ s=200 d=68µs s=542
INF http m=GET p=/assets/index-DPQ8uk7g.css s=200 d=207µs s=12402
INF http m=GET p=/assets/index-SHhnYNGf.js s=200 d=139µs s=49792
INF http m=GET p=/assets/editor-vendor-Bje_VwYD.js s=200 d=164µs s=117396
INF http m=GET p=/assets/vendor-C3WBU0hm.js s=200 d=2.21ms s=29762
INF http m=GET p=/registerSW.js s=200 d=58µs s=87
INF http m=GET p=/api/v1/auth/me s=200 d=294µs s=169
INF http m=GET p=/assets/en-BOb8f2G7.js s=200 d=80µs s=5207
INF http m=GET p=/api/v1/notifications/unread-count s=200 d=236µs s=25
INF http m=GET p=/sw.js s=200 d=94µs s=5540
ERR Failed to commit DB changes err="failed to stage db changes: exit status 128\nOutput: fatal: Unable to create '/home/runner/work/mddb/mddb/data-e2e/.git/index.lock': File exists.\n\nAnother git process seems to be running in this repository, or the lock file may be stale\n"
INF http m=POST p=/api/v1/organizations s=200 d=9.78ms s=353
INF http m=GET p=/api/v1/auth/me s=200 d=280µs s=170
INF http m=GET p=/assets/en-BOb8f2G7.js s=200 d=119µs s=5207
INF http m=GET p=/registerSW.js s=200 d=36µs s=87
INF http m=GET p=/favicon.png s=200 d=46µs s=449
INF http m=GET p=/api/v1/notifications/unread-count s=200 d=414µs s=25
INF http m=GET p=/index.html s=200 d=34µs s=542
INF http m=GET p=/api/v1/auth/me s=200 d=765µs s=254
INF http m=GET p=/sw.js s=200 d=83µs s=5540
INF http m=GET p=/icon.svg s=200 d=22µs s=195
INF http m=GET p=/favicon.png s=200 d=44µs s=449
ERR Failed to commit DB changes err="failed to stage db changes: exit status 128\nOutput: fatal: Unable to create '/home/runner/work/mddb/mddb/data-e2e/.git/index.lock': File exists.\n\nAnother git process seems to be running in this repository, or the lock file may be stale\n"
INF http m=POST p=/api/v1/organizations s=200 d=12.4ms s=352
INF http m=GET p=/icon-512.png s=200 d=79µs s=6498
INF http m=GET p=/icon-192.png s=200 d=72µs s=2468
INF http m=GET p=/favicon.png s=200 d=48µs s=449
INF http m=GET p=/registerSW.js s=200 d=39µs s=87
INF http m=GET p=/api/v1/auth/me s=200 d=887µs s=253
INF http m=GET p=/apple-touch-icon.png s=200 d=42µs s=2298
INF http m=GET p=/index.html s=200 d=50µs s=542
INF http m=GET p=/icon.svg s=200 d=52µs s=195
INF http m=GET p=/assets/material-symbols-names-mOXCVt15.js s=200 d=105µs s=15793
INF http m=GET p=/icon-512.png s=200 d=72µs s=6498
INF http m=GET p=/icon-192.png s=200 d=68µs s=2468
INF http m=GET p=/favicon.png s=200 d=48µs s=449
ERR Failed to add workspace submodule wsID=441ORF2GU000 err="failed to add submodule 441ORF2GU000: exit status 128\nOutput: Adding existing repo at '441ORF2GU000' to the index\nfatal: Unable to create '/home/runner/work/mddb/mddb/data-e2e/.git/index.lock': File exists.\n\nAnother git process seems to be running in this repository, or the lock file may be stale\nfatal: Failed to add submodule '441ORF2GU000'\n"
ERR Failed to commit DB changes err="failed to stage db changes: exit status 128\nOutput: fatal: Unable to create '/home/runner/work/mddb/mddb/data-e2e/.git/index.lock': File exists.\n\nAnother git process seems to be running in this repository, or the lock file may be stale\n"
INF http m=POST p=/api/v1/organizations/441OREH52000/workspaces s=200 d=144ms s=302
INF http m=GET p=/apple-touch-icon.png s=200 d=39µs s=2298
INF http m=GET p=/assets/fr-CgauyyXq.js s=200 d=94µs s=6301
INF http m=GET p=/assets/es-DHO8DnB9.js s=200 d=79µs s=6015
INF http m=GET p=/assets/material-symbols-names-mOXCVt15.js s=200 d=92µs s=15793
INF http m=GET p=/assets/emoji-groups-tsNE8Axz.js s=200 d=139µs s=13852
INF http m=GET p=/assets/fr-CgauyyXq.js s=200 d=99µs s=6301
INF http m=GET p=/assets/es-DHO8DnB9.js s=200 d=83µs s=6015
ERR Failed to add workspace submodule wsID=441ORFEGE000 err="failed to add submodule 441ORFEGE000: exit status 128\nOutput: Adding existing repo at '441ORFEGE000' to the index\nfatal: Unable to create '/home/runner/work/mddb/mddb/data-e2e/.git/index.lock': File exists.\n\nAnother git process seems to be running in this repository, or the lock file may be stale\nfatal: Failed to add submodule '441ORFEGE000'\n"
INF http m=GET p=/assets/emoji-groups-tsNE8Axz.js s=200 d=125µs s=13852
ERR Failed to commit DB changes err="failed to stage db changes: exit status 128\nOutput: fatal: Unable to create '/home/runner/work/mddb/mddb/data-e2e/.git/index.lock': File exists.\n\nAnother git process seems to be running in this repository, or the lock file may be stale\n"
INF http m=POST p=/api/v1/organizations/441ORF0O4000/workspaces s=200 d=194ms s=298
ERR Failed to commit DB changes err="failed to stage db changes: exit status 128\nOutput: fatal: Unable to create '/home/runner/work/mddb/mddb/data-e2e/.git/index.lock': File exists.\n\nAnother git process seems to be running in this repository, or the lock file may be stale\n"
INF http m=POST p=/api/v1/auth/switch-workspace s=200 d=121ms s=573
ERR Failed to commit DB changes err="failed to stage db changes: exit status 128\nOutput: fatal: Unable to create '/home/runner/work/mddb/mddb/data-e2e/.git/index.lock': File exists.\n\nAnother git process seems to be running in this repository, or the lock file may be stale\n"
INF http m=POST p=/api/v1/auth/switch-workspace s=200 d=12.5ms s=584
INF http m=GET p=/assets/de-qJeflSp6.js s=200 d=88µs s=6245
INF http m=GET p=/api/v1/notifications/unread-count s=200 d=238µs s=25
INF http m=GET p=/api/v1/notifications/unread-count s=200 d=6.7ms s=25
INF http m=GET p=/api/v1/workspaces/441ORF2GU000/members s=200 d=3.22ms s=120
INF http m=GET p=/assets/WorkspaceSettingsPanel-CsUOm22X.css s=200 d=31µs s=1025
INF http m=GET p=/api/v1/workspaces/441ORF2GU000/nodes/0/children s=200 d=3.09ms s=26
INF http m=GET p=/api/v1/workspaces/441ORFEGE000/nodes/0/children s=200 d=459µs s=26
INF http m=GET p=/api/v1/workspaces/441ORFEGE000/members s=200 d=2.1ms s=132
INF http m=GET p=/assets/WorkspaceSettingsPanel-CM5oaFTF.js s=200 d=114µs s=4443
INF http m=GET p=/assets/ServerSettingsPanel-pbgISWIv.css s=200 d=32µs s=596
INF http m=GET p=/assets/de-qJeflSp6.js s=200 d=100µs s=6245
INF http m=GET p=/assets/ServerSettingsPanel-C8C6nm9a.js s=200 d=47µs s=2550
INF http m=GET p=/assets/ResourceQuotaForm-DTSj8Ta5.css s=200 d=47µs s=302
INF http m=GET p=/assets/WorkspaceSettingsPanel-CsUOm22X.css s=200 d=35µs s=1025
INF http m=GET p=/assets/ResourceQuotaForm-D6gJNn3N.js s=200 d=36µs s=812
INF http m=GET p=/assets/WorkspaceSettingsPanel-CM5oaFTF.js s=200 d=69µs s=4443
ERR Failed to commit DB changes err="failed to stage db changes: exit status 128\nOutput: fatal: Unable to create '/home/runner/work/mddb/mddb/data-e2e/.git/index.lock': File exists.\n\nAnother git process seems to be running in this repository, or the lock file may be stale\n"
INF http m=GET p=/assets/ProfileSettings-rthGIjGN.js s=200 d=241µs s=4319
ERR Failed to commit DB changes err="failed to stage db changes: exit status 128\nOutput: fatal: Unable to create '/home/runner/work/mddb/mddb/data-e2e/.git/index.lock': File exists.\n\nAnother git process seems to be running in this repository, or the lock file may be stale\n"
INF http m=POST p=/api/v1/workspaces/441ORF2GU000/nodes/0/page/create s=200 d=41.2ms s=35
INF http m=GET p=/assets/ServerSettingsPanel-pbgISWIv.css s=200 d=45µs s=596
INF http m=GET p=/api/v1/workspaces/441ORF2GU000/nodes/0/children s=200 d=2.11ms s=286
INF http m=POST p=/api/v1/workspaces/441ORFEGE000/nodes/0/page/create s=200 d=51.5ms s=35
INF http m=GET p=/api/v1/workspaces/441ORFEGE000/nodes/0/children s=200 d=836µs s=283
INF http m=GET p=/assets/ProfileSettings-D5kbNfHV.css s=200 d=28µs s=1220
INF http m=GET p=/assets/ServerSettingsPanel-C8C6nm9a.js s=200 d=126µs s=2550
ERR Failed to commit DB changes err="failed to stage db changes: exit status 128\nOutput: fatal: Unable to create '/home/runner/work/mddb/mddb/data-e2e/.git/index.lock': File exists.\n\nAnother git process seems to be running in this repository, or the lock file may be stale\n"
INF http m=POST p=/api/v1/workspaces/441ORFEGE000/nodes/0/table/create s=200 d=36.3ms s=26
INF http m=GET p=/api/v1/workspaces/441ORF2GU000/nodes/441ORH8HE000 s=200 d=2.5ms s=245
INF http m=GET p=/assets/OrgSettingsPanel-BP8s6T0h.css s=200 d=73µs s=511
ERR Failed to commit DB changes err="failed to stage db changes: exit status 128\nOutput: fatal: Unable to create '/home/runner/work/mddb/mddb/data-e2e/.git/index.lock': File exists.\n\nAnother git process seems to be running in this repository, or the lock file may be stale\n"
INF http m=POST p=/api/v1/workspaces/441ORF2GU000/nodes/0/table/create s=200 d=65.6ms s=26
INF http m=GET p=/assets/ResourceQuotaForm-DTSj8Ta5.css s=200 d=39µs s=302
INF http m=GET p=/assets/Editor-5FlZhQpN.js s=200 d=93µs s=13509
INF http m=GET p=/api/v1/workspaces/441ORFEGE000/nodes/441ORH7NG000 s=200 d=1.61ms s=245
INF http m=GET p=/assets/Editor-BYBWY7b1.css s=200 d=59µs s=2240
INF http m=GET p=/assets/ResourceQuotaForm-D6gJNn3N.js s=200 d=37µs s=812
INF http m=GET p=/assets/OrgSettingsPanel-B78NX7Vn.js s=200 d=64µs s=2302
INF http m=GET p=/assets/ProfileSettings-rthGIjGN.js s=200 d=102µs s=4319
INF http m=GET p=/assets/Editor-BYBWY7b1.css s=200 d=78µs s=2240
INF http m=GET p=/assets/Editor-5FlZhQpN.js s=200 d=110µs s=13509
ERR Failed to commit DB changes err="failed to stage db changes: exit status 128\nOutput: fatal: Unable to create '/home/runner/work/mddb/mddb/data-e2e/.git/index.lock': File exists.\n\nAnother git process seems to be running in this repository, or the lock file may be stale\n"
INF http m=POST p=/api/v1/workspaces/441ORFEGE000/nodes/441ORHCS8000/table/records/create s=200 d=50.1ms s=26
INF http m=GET p=/assets/InviteForm-R7w4u6kW.js s=200 d=33µs s=1267
INF http m=GET p=/assets/ProfileSettings-D5kbNfHV.css s=200 d=43µs s=1220
INF http m=GET p=/assets/InviteForm-CW-wgFWD.css s=200 d=35µs s=414
INF http m=GET p=/assets/OrgSettingsPanel-BP8s6T0h.css s=200 d=33µs s=511
ERR Failed to commit DB changes err="failed to stage db changes: exit status 128\nOutput: fatal: Unable to create '/home/runner/work/mddb/mddb/data-e2e/.git/index.lock': File exists.\n\nAnother git process seems to be running in this repository, or the lock file may be stale\n"
INF http m=POST p=/api/v1/workspaces/441ORF2GU000/nodes/441ORHDJI000/table/records/create s=200 d=48.8ms s=26
INF http m=GET p=/assets/OrgSettingsPanel-B78NX7Vn.js s=200 d=59µs s=2302
INF http m=GET p=/assets/InviteForm-R7w4u6kW.js s=200 d=47µs s=1267
INF http m=GET p=/assets/InviteForm-CW-wgFWD.css s=200 d=41µs s=414
INF http m=GET p=/assets/AdminDashboard-R0heLGro.css s=200 d=40µs s=601
ERR Failed to commit DB changes err="failed to stage db changes: exit status 128\nOutput: fatal: Unable to create '/home/runner/work/mddb/mddb/data-e2e/.git/index.lock': File exists.\n\nAnother git process seems to be running in this repository, or the lock file may be stale\n"
INF http m=POST p=/api/v1/workspaces/441ORFEGE000/nodes/441ORHCS8000/table/records/create s=200 d=50.7ms s=26
INF http m=GET p=/assets/AdminDashboard-D3Sw1IyX.js s=200 d=38µs s=2075
ERR Failed to commit DB changes err="failed to stage db changes: exit status 128\nOutput: fatal: Unable to create '/home/runner/work/mddb/mddb/data-e2e/.git/index.lock': File exists.\n\nAnother git process seems to be running in this repository, or the lock file may be stale\n"
INF http m=POST p=/api/v1/workspaces/441ORF2GU000/nodes/441ORHDJI000/table/records/create s=200 d=31.5ms s=26
INF http m=GET p=/manifest.webmanifest s=200 d=32µs s=199
INF http m=GET p=/assets/AdminDashboard-R0heLGro.css s=200 d=66µs s=601
INF http m=GET p=/assets/AdminDashboard-D3Sw1IyX.js s=200 d=51µs s=2075
ERR Failed to commit DB changes err="failed to stage db changes: exit status 128\nOutput: fatal: Unable to create '/home/runner/work/mddb/mddb/data-e2e/.git/index.lock': File exists.\n\nAnother git process seems to be running in this repository, or the lock file may be stale\n"
INF http m=POST p=/api/v1/workspaces/441ORFEGE000/nodes/441ORHCS8000/table/records/create s=200 d=27.9ms s=26
INF http m=GET p=/manifest.webmanifest s=200 d=32µs s=199
INF http m=GET p=/w/@441ORFEGE000+workspace/@441ORH7NG000+welcome s=200 d=27µs s=542
ERR Failed to commit DB changes err="failed to stage db changes: exit status 128\nOutput: fatal: Unable to create '/home/runner/work/mddb/mddb/data-e2e/.git/index.lock': File exists.\n\nAnother git process seems to be running in this repository, or the lock file may be stale\n"
INF http m=POST p=/api/v1/workspaces/441ORF2GU000/nodes/441ORHDJI000/table/records/create s=200 d=26.5ms s=26
INF http m=GET p=/api/v1/workspaces/441ORFEGE000/events s=200 d=247ms s=341
INF http m=GET p=/registerSW.js s=200 d=46µs s=87
INF http m=GET p=/w/@441ORF2GU000+workspace/@441ORH8HE000+welcome s=200 d=54µs s=542
INF http m=GET p=/api/v1/workspaces/441ORF2GU000/events s=200 d=283ms s=343
INF http m=GET p=/api/v1/auth/me s=200 d=689µs s=355
INF http m=GET p=/api/v1/auth/me s=200 d=831µs s=354
INF http m=GET p=/api/v1/notifications/unread-count s=200 d=229µs s=25
INF http m=GET p=/api/v1/workspaces/441ORFEGE000/nodes/0/children s=200 d=923µs s=283
INF http m=GET p=/api/v1/workspaces/441ORFEGE000/members s=200 d=586µs s=132
INF http m=GET p=/api/v1/workspaces/441ORFEGE000/nodes/441ORH7NG000 s=200 d=675µs s=245
INF http m=GET p=/api/v1/workspaces/441ORF2GU000/nodes/441ORH8HE000 s=200 d=315µs s=245
INF http m=GET p=/api/v1/workspaces/441ORF2GU000/members s=200 d=145µs s=120
INF http m=GET p=/api/v1/workspaces/441ORF2GU000/nodes/0/children s=200 d=285µs s=286
INF http m=GET p=/api/v1/notifications/unread-count s=200 d=117µs s=25
INF http m=GET p=/api/v1/workspaces/441ORFEGE000/nodes/441ORHCS8000 s=200 d=317µs s=169
INF http m=GET p=/api/v1/workspaces/441ORFEGE000/nodes/441ORHCS8000/table/records s=200 d=354µs s=148
INF http m=GET p=/api/v1/workspaces/441ORF2GU000/nodes/441ORHDJI000 s=200 d=525µs s=171
INF http m=GET p=/api/v1/workspaces/441ORF2GU000/nodes/441ORHDJI000/table/records s=200 d=373µs s=150
INF http m=GET p=/api/v1/workspaces/441ORFEGE000/events s=200 d=305ms s=93
INF http m=GET p=/api/v1/workspaces/441ORF2GU000/events s=200 d=351ms s=93
ERR Failed to commit DB changes err="failed to stage db changes: exit status 128\nOutput: fatal: Unable to create '/home/runner/work/mddb/mddb/data-e2e/.git/index.lock': File exists.\n\nAnother git process seems to be running in this repository, or the lock file may be stale\n"
INF http m=POST p=/api/v1/auth/register s=200 d=142ms s=395
INF http m=GET p=/ s=200 d=63µs s=542
INF http m=GET p=/registerSW.js s=200 d=61µs s=87
INF http m=GET p=/assets/index-DPQ8uk7g.css s=200 d=97µs s=12402
INF http m=GET p=/assets/index-SHhnYNGf.js s=200 d=94µs s=49792
INF http m=GET p=/assets/vendor-C3WBU0hm.js s=200 d=88µs s=29762
INF http m=GET p=/assets/editor-vendor-Bje_VwYD.js s=200 d=157µs s=117396
ERR Failed to commit DB changes err="failed to stage db changes: exit status 128\nOutput: fatal: Unable to create '/home/runner/work/mddb/mddb/data-e2e/.git/index.lock': File exists.\n\nAnother git process seems to be running in this repository, or the lock file may be stale\n"
INF http m=POST p=/api/v1/auth/register s=200 d=85.4ms s=413
INF http m=GET p=/ s=200 d=59µs s=542
INF http m=GET p=/registerSW.js s=200 d=68µs s=87
INF http m=GET p=/assets/vendor-C3WBU0hm.js s=200 d=178µs s=29762
INF http m=GET p=/assets/index-SHhnYNGf.js s=200 d=138µs s=49792
INF http m=GET p=/assets/editor-vendor-Bje_VwYD.js s=200 d=182µs s=117396
INF http m=GET p=/assets/index-DPQ8uk7g.css s=200 d=114µs s=12402
INF http m=GET p=/api/v1/auth/me s=200 d=573µs s=167
INF http m=GET p=/assets/en-BOb8f2G7.js s=200 d=81µs s=5207
INF http m=GET p=/api/v1/notifications/unread-count s=200 d=547µs s=25
INF http m=GET p=/favicon.png s=200 d=35µs s=449
INF http m=GET p=/sw.js s=200 d=90µs s=5540
INF http m=GET p=/api/v1/auth/me s=200 d=627µs s=172
INF http m=GET p=/assets/en-BOb8f2G7.js s=200 d=103µs s=5207
ERR Failed to commit DB changes err="failed to stage db changes: exit status 128\nOutput: fatal: Unable to create '/home/runner/work/mddb/mddb/data-e2e/.git/index.lock': File exists.\n\nAnother git process seems to be running in this repository, or the lock file may be stale\n"
INF http m=POST p=/api/v1/organizations s=200 d=12.2ms s=355
INF http m=GET p=/api/v1/notifications/unread-count s=200 d=637µs s=25
INF http m=GET p=/sw.js s=200 d=111µs s=5540
INF http m=GET p=/registerSW.js s=200 d=40µs s=87
INF http m=GET p=/api/v1/auth/me s=200 d=717µs s=251
ERR Failed to commit DB changes err="failed to stage db changes: exit status 128\nOutput: fatal: Unable to create '/home/runner/work/mddb/mddb/data-e2e/.git/index.lock': File exists.\n\nAnother git process seems to be running in this repository, or the lock file may be stale\n"
INF http m=POST p=/api/v1/organizations s=200 d=23.4ms s=356
INF http m=GET p=/index.html s=200 d=41µs s=542
INF http m=GET p=/favicon.png s=200 d=27µs s=449
INF http m=GET p=/api/v1/auth/me s=200 d=1.63ms s=258
INF http m=GET p=/icon.svg s=200 d=34µs s=195
INF http m=GET p=/icon-512.png s=200 d=102µs s=6498
INF http m=GET p=/registerSW.js s=200 d=32µs s=87
INF http m=GET p=/icon-192.png s=200 d=66µs s=2468
INF http m=GET p=/favicon.png s=200 d=38µs s=449
INF http m=GET p=/index.html s=200 d=28µs s=542
INF http m=GET p=/apple-touch-icon.png s=200 d=77µs s=2298
INF http m=GET p=/icon.svg s=200 d=37µs s=195
INF http m=GET p=/icon-512.png s=200 d=114µs s=6498
INF http m=GET p=/icon-192.png s=200 d=59µs s=2468
INF http m=GET p=/assets/material-symbols-names-mOXCVt15.js s=200 d=82µs s=15793
INF http m=GET p=/favicon.png s=200 d=56µs s=449
INF http m=GET p=/apple-touch-icon.png s=200 d=51µs s=2298
INF http m=GET p=/assets/material-symbols-names-mOXCVt15.js s=200 d=105µs s=15793
INF http m=GET p=/assets/fr-CgauyyXq.js s=200 d=263µs s=6301
ERR Failed to add workspace submodule wsID=441ORPK0S000 err="failed to add submodule 441ORPK0S000: exit status 128\nOutput: Adding existing repo at '441ORPK0S000' to the index\nfatal: Unable to create '/home/runner/work/mddb/mddb/data-e2e/.git/index.lock': File exists.\n\nAnother git process seems to be running in this repository, or the lock file may be stale\nfatal: Failed to add submodule '441ORPK0S000'\n"
ERR Failed to commit DB changes err="failed to stage db changes: exit status 128\nOutput: fatal: Unable to create '/home/runner/work/mddb/mddb/data-e2e/.git/index.lock': File exists.\n\nAnother git process seems to be running in this repository, or the lock file may be stale\n"
INF http m=POST p=/api/v1/organizations/441ORP4TE000/workspaces s=200 d=185ms s=298
INF http m=GET p=/assets/es-DHO8DnB9.js s=200 d=81µs s=6015
INF http m=GET p=/assets/emoji-groups-tsNE8Axz.js s=200 d=129µs s=13852
INF http m=GET p=/assets/fr-CgauyyXq.js s=200 d=534µs s=6301
INF http m=GET p=/assets/es-DHO8DnB9.js s=200 d=76µs s=6015
INF http m=GET p=/assets/emoji-groups-tsNE8Axz.js s=200 d=112µs s=13852
INF http m=GET p=/assets/de-qJeflSp6.js s=200 d=82µs s=6245
INF http m=GET p=/assets/WorkspaceSettingsPanel-CsUOm22X.css s=200 d=85µs s=1025
INF http m=GET p=/assets/WorkspaceSettingsPanel-CM5oaFTF.js s=200 d=90µs s=4443
INF http m=GET p=/assets/ServerSettingsPanel-pbgISWIv.css s=200 d=103µs s=596
ERR Failed to add workspace submodule wsID=441ORPLS4000 err="failed to add submodule 441ORPLS4000: exit status 128\nOutput: Adding existing repo at '441ORPLS4000' to the index\nfatal: Unable to create '/home/runner/work/mddb/mddb/data-e2e/.git/index.lock': File exists.\n\nAnother git process seems to be running in this repository, or the lock file may be stale\nfatal: Failed to add submodule '441ORPLS4000'\n"
INF http m=GET p=/assets/ServerSettingsPanel-C8C6nm9a.js s=200 d=41µs s=2550
ERR Failed to commit DB changes err="failed to stage db changes: exit status 128\nOutput: fatal: Unable to create '/home/runner/work/mddb/mddb/data-e2e/.git/index.lock': File exists.\n\nAnother git process seems to be running in this repository, or the lock file may be stale\n"
INF http m=POST p=/api/v1/organizations/441ORPCRG000/workspaces s=200 d=298ms s=301
INF http m=GET p=/assets/ResourceQuotaForm-DTSj8Ta5.css s=200 d=34µs s=302
INF http m=GET p=/assets/ResourceQuotaForm-D6gJNn3N.js s=200 d=25µs s=812
ERR Failed to commit DB changes err="failed to stage db changes: exit status 128\nOutput: fatal: Unable to create '/home/runner/work/mddb/mddb/data-e2e/.git/index.lock': File exists.\n\nAnother git process seems to be running in this repository, or the lock file may be stale\n"
INF http m=POST p=/api/v1/auth/switch-workspace s=200 d=128ms s=606
INF http m=GET p=/assets/ProfileSettings-rthGIjGN.js s=200 d=57µs s=4319
INF http m=GET p=/assets/de-qJeflSp6.js s=200 d=102µs s=6245
ERR Failed to commit DB changes err="failed to stage db changes: exit status 128\nOutput: fatal: Unable to create '/home/runner/work/mddb/mddb/data-e2e/.git/index.lock': File exists.\n\nAnother git process seems to be running in this repository, or the lock file may be stale\n"
INF http m=POST p=/api/v1/auth/switch-workspace s=200 d=13.8ms s=567
INF http m=GET p=/assets/ProfileSettings-D5kbNfHV.css s=200 d=32µs s=1220
INF http m=GET p=/assets/OrgSettingsPanel-BP8s6T0h.css s=200 d=38µs s=511
INF http m=GET p=/assets/WorkspaceSettingsPanel-CsUOm22X.css s=200 d=18µs s=1025
INF http m=GET p=/assets/OrgSettingsPanel-B78NX7Vn.js s=200 d=79µs s=2302
INF http m=GET p=/assets/WorkspaceSettingsPanel-CM5oaFTF.js s=200 d=76µs s=4443
INF http m=GET p=/assets/ServerSettingsPanel-pbgISWIv.css s=200 d=40µs s=596
INF http m=GET p=/assets/ServerSettingsPanel-C8C6nm9a.js s=200 d=52µs s=2550
INF http m=GET p=/api/v1/notifications/unread-count s=200 d=188µs s=25
INF http m=GET p=/api/v1/workspaces/441ORPK0S000/nodes/0/children s=200 d=2.29ms s=26
INF http m=GET p=/assets/InviteForm-R7w4u6kW.js s=200 d=36µs s=1267
INF http m=GET p=/api/v1/workspaces/441ORPLS4000/nodes/0/children s=200 d=3.64ms s=26
INF http m=GET p=/api/v1/workspaces/441ORPK0S000/members s=200 d=16.4ms s=132
INF http m=GET p=/assets/ResourceQuotaForm-DTSj8Ta5.css s=200 d=40µs s=302
INF http m=GET p=/api/v1/workspaces/441ORPLS4000/members s=200 d=649µs s=122
INF http m=GET p=/api/v1/notifications/unread-count s=200 d=4.88ms s=25
INF http m=GET p=/assets/InviteForm-CW-wgFWD.css s=200 d=43µs s=414
INF http m=GET p=/assets/ResourceQuotaForm-D6gJNn3N.js s=200 d=32µs s=812
INF http m=GET p=/assets/Editor-BYBWY7b1.css s=200 d=101µs s=2240
INF http m=GET p=/assets/ProfileSettings-rthGIjGN.js s=200 d=110µs s=4319
INF http m=GET p=/assets/Editor-5FlZhQpN.js s=200 d=90µs s=13509
ERR Failed to commit DB changes err="failed to stage db changes: exit status 128\nOutput: fatal: Unable to create '/home/runner/work/mddb/mddb/data-e2e/.git/index.lock': File exists.\n\nAnother git process seems to be running in this repository, or the lock file may be stale\n"
INF http m=POST p=/api/v1/workspaces/441ORPK0S000/nodes/0/page/create s=200 d=45.4ms s=35
INF http m=GET p=/assets/ProfileSettings-D5kbNfHV.css s=200 d=35µs s=1220
INF http m=GET p=/assets/AdminDashboard-R0heLGro.css s=200 d=28µs s=601
INF http m=GET p=/api/v1/workspaces/441ORPK0S000/nodes/0/children s=200 d=940µs s=284
INF http m=GET p=/assets/OrgSettingsPanel-BP8s6T0h.css s=200 d=30µs s=511
ERR Failed to commit DB changes err="failed to stage db changes: exit status 128\nOutput: fatal: Unable to create '/home/runner/work/mddb/mddb/data-e2e/.git/index.lock': File exists.\n\nAnother git process seems to be running in this repository, or the lock file may be stale\n"
INF http m=GET p=/assets/OrgSettingsPanel-B78NX7Vn.js s=200 d=85µs s=2302
INF http m=POST p=/api/v1/workspaces/441ORPLS4000/nodes/0/page/create s=200 d=40.4ms s=35
INF http m=GET p=/assets/AdminDashboard-D3Sw1IyX.js s=200 d=74µs s=2075
INF http m=GET p=/api/v1/workspaces/441ORPLS4000/nodes/0/children s=200 d=979µs s=285
INF http m=GET p=/assets/InviteForm-R7w4u6kW.js s=200 d=317µs s=1267
ERR Failed to commit DB changes err="failed to stage db changes: exit status 128\nOutput: fatal: Unable to create '/home/runner/work/mddb/mddb/data-e2e/.git/index.lock': File exists.\n\nAnother git process seems to be running in this repository, or the lock file may be stale\n"
INF http m=POST p=/api/v1/workspaces/441ORPK0S000/nodes/0/table/create s=200 d=60.5ms s=26
INF http m=GET p=/api/v1/workspaces/441ORPLS4000/nodes/441ORS3UK000 s=200 d=827µs s=245
INF http m=GET p=/manifest.webmanifest s=200 d=57µs s=199
INF http m=GET p=/api/v1/workspaces/441ORPK0S000/nodes/441ORRVB4000 s=200 d=5.78ms s=245
INF http m=GET p=/assets/InviteForm-CW-wgFWD.css s=200 d=42µs s=414
INF http m=GET p=/assets/Editor-5FlZhQpN.js s=200 d=140µs s=13509
INF http m=GET p=/assets/Editor-BYBWY7b1.css s=200 d=42µs s=2240
ERR Failed to commit DB changes err="failed to stage db changes: exit status 128\nOutput: fatal: Unable to create '/home/runner/work/mddb/mddb/data-e2e/.git/index.lock': File exists.\n\nAnother git process seems to be running in this repository, or the lock file may be stale\n"
INF http m=POST p=/api/v1/workspaces/441ORPLS4000/nodes/0/table/create s=200 d=64.4ms s=26
INF http m=GET p=/assets/AdminDashboard-R0heLGro.css s=200 d=47µs s=601
ERR Failed to commit DB changes err="failed to stage db changes: exit status 128\nOutput: fatal: Unable to create '/home/runner/work/mddb/mddb/data-e2e/.git/index.lock': File exists.\n\nAnother git process seems to be running in this repository, or the lock file may be stale\n"
INF http m=POST p=/api/v1/workspaces/441ORPK0S000/nodes/441ORS6H2000/table/records/create s=200 d=43.9ms s=26
INF http m=GET p=/assets/AdminDashboard-D3Sw1IyX.js s=200 d=62µs s=2075
ERR Failed to commit DB changes err="failed to stage db changes: exit status 128\nOutput: fatal: Unable to create '/home/runner/work/mddb/mddb/data-e2e/.git/index.lock': File exists.\n\nAnother git process seems to be running in this repository, or the lock file may be stale\n"
INF http m=POST p=/api/v1/workspaces/441ORPLS4000/nodes/441ORS9BK000/table/records/create s=200 d=42.1ms s=26
INF http m=GET p=/manifest.webmanifest s=200 d=44µs s=199
ERR Failed to commit DB changes err="failed to stage db changes: exit status 128\nOutput: fatal: Unable to create '/home/runner/work/mddb/mddb/data-e2e/.git/index.lock': File exists.\n\nAnother git process seems to be running in this repository, or the lock file may be stale\n"
INF http m=POST p=/api/v1/workspaces/441ORPK0S000/nodes/441ORS6H2000/table/records/create s=200 d=38.3ms s=26
ERR Failed to commit DB changes err="failed to stage db changes: exit status 128\nOutput: fatal: Unable to create '/home/runner/work/mddb/mddb/data-e2e/.git/index.lock': File exists.\n\nAnother git process seems to be running in this repository, or the lock file may be stale\n"
INF http m=POST p=/api/v1/workspaces/441ORPLS4000/nodes/441ORS9BK000/table/records/create s=200 d=27.7ms s=26
INF http m=GET p=/w/@441ORPK0S000+workspace/@441ORRVB4000+welcome s=200 d=44µs s=542
INF http m=GET p=/api/v1/workspaces/441ORPK0S000/events s=200 d=195ms s=309
INF http m=GET p=/w/@441ORPLS4000+workspace/@441ORS3UK000+welcome s=200 d=44µs s=542
INF http m=GET p=/api/v1/workspaces/441ORPLS4000/events s=200 d=189ms s=313
INF http m=GET p=/api/v1/auth/me s=200 d=802µs s=354
INF http m=GET p=/api/v1/auth/me s=200 d=896µs s=357
INF http m=GET p=/api/v1/notifications/unread-count s=200 d=210µs s=25
INF http m=GET p=/api/v1/workspaces/441ORPK0S000/members s=200 d=7.53ms s=132
INF http m=GET p=/api/v1/workspaces/441ORPK0S000/nodes/0/children s=200 d=6.57ms s=284
INF http m=GET p=/api/v1/workspaces/441ORPK0S000/nodes/441ORRVB4000 s=200 d=8.02ms s=245
INF http m=GET p=/api/v1/notifications/unread-count s=200 d=578µs s=25
INF http m=GET p=/api/v1/workspaces/441ORPLS4000/nodes/0/children s=200 d=917µs s=285
INF http m=GET p=/api/v1/workspaces/441ORPLS4000/members s=200 d=576µs s=122
INF http m=GET p=/api/v1/workspaces/441ORPLS4000/nodes/441ORS3UK000 s=200 d=855µs s=245
INF http m=GET p=/api/v1/workspaces/441ORPK0S000/nodes/441ORS6H2000 s=200 d=1.06ms s=169
INF http m=GET p=/api/v1/workspaces/441ORPK0S000/nodes/441ORS6H2000/table/records s=200 d=704µs s=127
INF http m=GET p=/api/v1/workspaces/441ORPLS4000/nodes/441ORS9BK000 s=200 d=595µs s=172
INF http m=GET p=/api/v1/workspaces/441ORPLS4000/nodes/441ORS9BK000/table/records s=200 d=740µs s=127
INF http m=GET p=/api/v1/workspaces/441ORPLS4000/events s=200 d=273ms s=93
INF http m=GET p=/api/v1/workspaces/441ORPK0S000/events s=200 d=439ms s=93
ERR Failed to commit DB changes err="failed to stage db changes: exit status 128\nOutput: fatal: Unable to create '/home/runner/work/mddb/mddb/data-e2e/.git/index.lock': File exists.\n\nAnother git process seems to be running in this repository, or the lock file may be stale\n"
INF http m=POST p=/api/v1/auth/register s=200 d=92.3ms s=396
INF http m=GET p=/ s=200 d=65µs s=542
INF http m=GET p=/assets/index-DPQ8uk7g.css s=200 d=184µs s=12402
INF http m=GET p=/assets/editor-vendor-Bje_VwYD.js s=200 d=235µs s=117396
INF http m=GET p=/registerSW.js s=200 d=27µs s=87
INF http m=GET p=/assets/index-SHhnYNGf.js s=200 d=135µs s=49792
INF http m=GET p=/assets/vendor-C3WBU0hm.js s=200 d=128µs s=29762
ERR Failed to commit DB changes err="failed to stage db changes: exit status 128\nOutput: fatal: Unable to create '/home/runner/work/mddb/mddb/data-e2e/.git/index.lock': File exists.\n\nAnother git process seems to be running in this repository, or the lock file may be stale\n"
INF http m=POST p=/api/v1/auth/register s=200 d=90.7ms s=392
INF http m=GET p=/ s=200 d=55µs s=542
INF http m=GET p=/assets/index-SHhnYNGf.js s=200 d=208µs s=49792
INF http m=GET p=/registerSW.js s=200 d=43µs s=87
INF http m=GET p=/assets/vendor-C3WBU0hm.js s=200 d=127µs s=29762
INF http m=GET p=/assets/editor-vendor-Bje_VwYD.js s=200 d=175µs s=117396
INF http m=GET p=/assets/index-DPQ8uk7g.css s=200 d=111µs s=12402
INF http m=GET p=/assets/en-BOb8f2G7.js s=200 d=125µs s=5207
INF http m=GET p=/api/v1/auth/me s=200 d=903µs s=168
INF http m=GET p=/api/v1/notifications/unread-count s=200 d=204µs s=25
ERR Failed to commit DB changes err="failed to stage db changes: exit status 128\nOutput: fatal: Unable to create '/home/runner/work/mddb/mddb/data-e2e/.git/index.lock': File exists.\n\nAnother git process seems to be running in this repository, or the lock file may be stale\n"
INF http m=POST p=/api/v1/organizations s=200 d=12.7ms s=355
INF http m=GET p=/api/v1/auth/me s=200 d=704µs s=253
INF http m=GET p=/sw.js s=200 d=246µs s=5540
INF http m=GET p=/favicon.png s=200 d=44µs s=449
INF http m=GET p=/registerSW.js s=200 d=44µs s=87
INF http m=GET p=/index.html s=200 d=42µs s=542
INF http m=GET p=/icon.svg s=200 d=41µs s=195
INF http m=GET p=/assets/en-BOb8f2G7.js s=200 d=114µs s=5207
INF http m=GET p=/api/v1/auth/me s=200 d=1.13ms s=168
INF http m=GET p=/icon-512.png s=200 d=57µs s=6498
INF http m=GET p=/icon-192.png s=200 d=61µs s=2468
INF http m=GET p=/favicon.png s=200 d=54µs s=449
INF http m=GET p=/api/v1/notifications/unread-count s=200 d=142µs s=25
INF http m=GET p=/apple-touch-icon.png s=200 d=59µs s=2298
INF http m=GET p=/sw.js s=200 d=94µs s=5540
INF http m=GET p=/assets/material-symbols-names-mOXCVt15.js s=200 d=123µs s=15793
INF http m=GET p=/favicon.png s=200 d=31µs s=449
INF http m=GET p=/registerSW.js s=200 d=36µs s=87
INF http m=GET p=/index.html s=200 d=49µs s=542
INF http m=GET p=/icon.svg s=200 d=67µs s=195
INF http m=GET p=/icon-512.png s=200 d=63µs s=6498
INF http m=GET p=/assets/fr-CgauyyXq.js s=200 d=57µs s=6301
ERR Failed to add workspace submodule wsID=441OS3U2S000 err="failed to add submodule 441OS3U2S000: exit status 128\nOutput: Adding existing repo at '441OS3U2S000' to the index\nfatal: Unable to create '/home/runner/work/mddb/mddb/data-e2e/.git/index.lock': File exists.\n\nAnother git process seems to be running in this repository, or the lock file may be stale\nfatal: Failed to add submodule '441OS3U2S000'\n"
INF http m=GET p=/icon-192.png s=200 d=50µs s=2468
ERR Failed to commit DB changes err="failed to stage db changes: exit status 128\nOutput: fatal: Unable to create '/home/runner/work/mddb/mddb/data-e2e/.git/index.lock': File exists.\n\nAnother git process seems to be running in this repository, or the lock file may be stale\n"
INF http m=POST p=/api/v1/organizations/441OS3BUK000/workspaces s=200 d=245ms s=300
INF http m=GET p=/favicon.png s=200 d=20µs s=449
ERR Failed to commit DB changes err="failed to stage db changes: exit status 128\nOutput: fatal: Unable to create '/home/runner/work/mddb/mddb/data-e2e/.git/index.lock': File exists.\n\nAnother git process seems to be running in this repository, or the lock file may be stale\n"
INF http m=GET p=/assets/es-DHO8DnB9.js s=200 d=56µs s=6015
INF http m=POST p=/api/v1/organizations s=200 d=133ms s=353
ERR Failed to commit DB changes err="failed to stage db changes: exit status 128\nOutput: fatal: Unable to create '/home/runner/work/mddb/mddb/data-e2e/.git/index.lock': File exists.\n\nAnother git process seems to be running in this repository, or the lock file may be stale\n"
INF http m=POST p=/api/v1/auth/switch-workspace s=200 d=7.19ms s=574
INF http m=GET p=/api/v1/auth/me s=200 d=724µs s=254
INF http m=GET p=/apple-touch-icon.png s=200 d=53µs s=2298
INF http m=GET p=/assets/emoji-groups-tsNE8Axz.js s=200 d=120µs s=13852
INF http m=GET p=/api/v1/notifications/unread-count s=200 d=183µs s=25
INF http m=GET p=/api/v1/workspaces/441OS3U2S000/nodes/0/children s=200 d=356µs s=26
INF http m=GET p=/api/v1/workspaces/441OS3U2S000/members s=200 d=540µs s=127
INF http m=GET p=/assets/material-symbols-names-mOXCVt15.js s=200 d=143µs s=15793
INF http m=GET p=/assets/fr-CgauyyXq.js s=200 d=119µs s=6301
INF http m=GET p=/assets/es-DHO8DnB9.js s=200 d=85µs s=6015
INF http m=GET p=/assets/emoji-groups-tsNE8Axz.js s=200 d=89µs s=13852
INF http m=GET p=/assets/de-qJeflSp6.js s=200 d=125µs s=6245
INF http m=GET p=/assets/WorkspaceSettingsPanel-CsUOm22X.css s=200 d=48µs s=1025
INF http m=GET p=/assets/de-qJeflSp6.js s=200 d=74µs s=6245
INF http m=GET p=/assets/WorkspaceSettingsPanel-CM5oaFTF.js s=200 d=416µs s=4443
ERR Failed to add workspace submodule wsID=441OS5I2I000 err="failed to add submodule 441OS5I2I000: exit status 128\nOutput: Adding existing repo at '441OS5I2I000' to the index\nfatal: Unable to create '/home/runner/work/mddb/mddb/data-e2e/.git/index.lock': File exists.\n\nAnother git process seems to be running in this repository, or the lock file may be stale\nfatal: Failed to add submodule '441OS5I2I000'\n"
INF http m=GET p=/assets/ServerSettingsPanel-pbgISWIv.css s=200 d=47µs s=596
INF http m=GET p=/assets/WorkspaceSettingsPanel-CsUOm22X.css s=200 d=43µs s=1025
ERR Failed to commit DB changes err="failed to stage db changes: exit status 128\nOutput: fatal: Unable to create '/home/runner/work/mddb/mddb/data-e2e/.git/index.lock': File exists.\n\nAnother git process seems to be running in this repository, or the lock file may be stale\n"
INF http m=POST p=/api/v1/organizations/441OS4L56000/workspaces s=200 d=185ms s=300
INF http m=GET p=/assets/ServerSettingsPanel-C8C6nm9a.js s=200 d=44µs s=2550
ERR Failed to commit DB changes err="failed to stage db changes: exit status 128\nOutput: fatal: Unable to create '/home/runner/work/mddb/mddb/data-e2e/.git/index.lock': File exists.\n\nAnother git process seems to be running in this repository, or the lock file may be stale\n"
INF http m=POST p=/api/v1/workspaces/441OS3U2S000/nodes/0/page/create s=200 d=122ms s=35
INF http m=GET p=/assets/WorkspaceSettingsPanel-CM5oaFTF.js s=200 d=67µs s=4443
INF http m=GET p=/api/v1/workspaces/441OS3U2S000/nodes/0/children s=200 d=1.08ms s=293
INF http m=GET p=/assets/ResourceQuotaForm-DTSj8Ta5.css s=200 d=51µs s=302
ERR Failed to commit DB changes err="failed to stage db changes: exit status 128\nOutput: fatal: Unable to create '/home/runner/work/mddb/mddb/data-e2e/.git/index.lock': File exists.\n\nAnother git process seems to be running in this repository, or the lock file may be stale\n"
INF http m=POST p=/api/v1/workspaces/441OS3U2S000/nodes/0/table/create s=200 d=110ms s=26
ERR Failed to commit DB changes err="failed to stage db changes: exit status 128\nOutput: fatal: Unable to create '/home/runner/work/mddb/mddb/data-e2e/.git/index.lock': File exists.\n\nAnother git process seems to be running in this repository, or the lock file may be stale\n"
INF http m=POST p=/api/v1/auth/switch-workspace s=200 d=19.4ms s=579
INF http m=GET p=/assets/ServerSettingsPanel-pbgISWIv.css s=200 d=38µs s=596
INF http m=GET p=/api/v1/workspaces/441OS3U2S000/nodes/441OS60BC000 s=200 d=610µs s=245
INF http m=GET p=/assets/ResourceQuotaForm-D6gJNn3N.js s=200 d=31µs s=812
INF http m=GET p=/assets/ProfileSettings-rthGIjGN.js s=200 d=202µs s=4319
INF http m=GET p=/assets/ServerSettingsPanel-C8C6nm9a.js s=200 d=31µs s=2550
INF http m=GET p=/assets/ProfileSettings-D5kbNfHV.css s=200 d=93µs s=1220
INF http m=GET p=/assets/ResourceQuotaForm-DTSj8Ta5.css s=200 d=30µs s=302
INF http m=GET p=/api/v1/workspaces/441OS5I2I000/members s=200 d=686µs s=128
INF http m=GET p=/assets/Editor-5FlZhQpN.js s=200 d=161µs s=13509
INF http m=GET p=/api/v1/workspaces/441OS5I2I000/nodes/0/children s=200 d=8.02ms s=26
INF http m=GET p=/api/v1/notifications/unread-count s=200 d=2.96ms s=25
INF http m=GET p=/assets/OrgSettingsPanel-BP8s6T0h.css s=200 d=527µs s=511
INF http m=GET p=/assets/Editor-BYBWY7b1.css s=200 d=70µs s=2240
INF http m=GET p=/assets/ResourceQuotaForm-D6gJNn3N.js s=200 d=31µs s=812
ERR Failed to commit DB changes err="failed to stage db changes: exit status 128\nOutput: fatal: Unable to create '/home/runner/work/mddb/mddb/data-e2e/.git/index.lock': File exists.\n\nAnother git process seems to be running in this repository, or the lock file may be stale\n"
INF http m=POST p=/api/v1/workspaces/441OS3U2S000/nodes/441OS6572000/table/records/create s=200 d=51.6ms s=26
INF http m=GET p=/assets/OrgSettingsPanel-B78NX7Vn.js s=200 d=50µs s=2302
INF http m=GET p=/assets/InviteForm-R7w4u6kW.js s=200 d=36µs s=1267
INF http m=GET p=/assets/ProfileSettings-rthGIjGN.js s=200 d=110µs s=4319
INF http m=GET p=/assets/InviteForm-CW-wgFWD.css s=200 d=40µs s=414
ERR Failed to commit DB changes err="failed to stage db changes: exit status 128\nOutput: fatal: Unable to create '/home/runner/work/mddb/mddb/data-e2e/.git/index.lock': File exists.\n\nAnother git process seems to be running in this repository, or the lock file may be stale\n"
INF http m=POST p=/api/v1/workspaces/441OS3U2S000/nodes/441OS6572000/table/records/create s=200 d=36.2ms s=26
INF http m=GET p=/assets/ProfileSettings-D5kbNfHV.css s=200 d=63µs s=1220
INF http m=GET p=/assets/OrgSettingsPanel-BP8s6T0h.css s=200 d=34µs s=511
INF http m=GET p=/assets/OrgSettingsPanel-B78NX7Vn.js s=200 d=51µs s=2302
INF http m=GET p=/assets/AdminDashboard-R0heLGro.css s=200 d=29µs s=601
ERR Failed to commit DB changes err="failed to stage db changes: exit status 128\nOutput: fatal: Unable to create '/home/runner/work/mddb/mddb/data-e2e/.git/index.lock': File exists.\n\nAnother git process seems to be running in this repository, or the lock file may be stale\n"
INF http m=GET p=/assets/InviteForm-R7w4u6kW.js s=200 d=37µs s=1267
INF http m=GET p=/assets/AdminDashboard-D3Sw1IyX.js s=200 d=72µs s=2075
INF http m=POST p=/api/v1/workspaces/441OS5I2I000/nodes/0/page/create s=200 d=52.1ms s=35
INF http m=GET p=/api/v1/workspaces/441OS5I2I000/nodes/0/children s=200 d=443µs s=277
INF http m=GET p=/manifest.webmanifest s=200 d=36µs s=199
INF http m=GET p=/assets/InviteForm-CW-wgFWD.css s=200 d=26µs s=414
INF http m=GET p=/api/v1/workspaces/441OS5I2I000/nodes/441OS79OQ000 s=200 d=312µs s=245
ERR Failed to commit DB changes err="failed to stage db changes: exit status 128\nOutput: fatal: Unable to create '/home/runner/work/mddb/mddb/data-e2e/.git/index.lock': File exists.\n\nAnother git process seems to be running in this repository, or the lock file may be stale\n"
INF http m=POST p=/api/v1/workspaces/441OS3U2S000/nodes/441OS6572000/table/records/create s=200 d=43.7ms s=26
INF http m=GET p=/assets/Editor-BYBWY7b1.css s=200 d=86µs s=2240
INF http m=GET p=/w/@441OS3U2S000+workspace/@441OS60BC000+welcome s=200 d=39µs s=542
INF http m=GET p=/assets/Editor-5FlZhQpN.js s=200 d=112µs s=13509
ERR Failed to commit DB changes err="failed to stage db changes: exit status 128\nOutput: fatal: Unable to create '/home/runner/work/mddb/mddb/data-e2e/.git/index.lock': File exists.\n\nAnother git process seems to be running in this repository, or the lock file may be stale\n"
INF http m=POST p=/api/v1/workspaces/441OS5I2I000/nodes/0/table/create s=200 d=74.9ms s=26
INF http m=GET p=/api/v1/workspaces/441OS3U2S000/events s=200 d=337ms s=332
INF http m=GET p=/w/@441OS5I2I000+workspace/@441OS79OQ000+welcome s=200 d=45µs s=542
INF http m=GET p=/registerSW.js s=200 d=33µs s=87
INF http m=GET p=/api/v1/workspaces/441OS5I2I000/events s=200 d=118ms s=226
INF http m=GET p=/assets/AdminDashboard-R0heLGro.css s=200 d=38µs s=601
INF http m=GET p=/registerSW.js s=200 d=31µs s=87
INF http m=GET p=/assets/AdminDashboard-D3Sw1IyX.js s=200 d=58µs s=2075
INF http m=GET p=/manifest.webmanifest s=200 d=40µs s=199
INF http m=GET p=/api/v1/auth/me s=200 d=262µs s=354
INF http m=GET p=/api/v1/auth/me s=200 d=233µs s=357
INF http m=GET p=/api/v1/notifications/unread-count s=200 d=222µs s=25
INF http m=GET p=/api/v1/workspaces/441OS5I2I000/nodes/0/children s=200 d=338µs s=277
INF http m=GET p=/api/v1/workspaces/441OS5I2I000/nodes/441OS79OQ000 s=200 d=931µs s=245
INF http m=GET p=/api/v1/workspaces/441OS5I2I000/members s=200 d=516µs s=128
INF http m=GET p=/api/v1/notifications/unread-count s=200 d=1.29ms s=25
INF http m=GET p=/api/v1/workspaces/441OS3U2S000/members s=200 d=3.5ms s=127
INF http m=GET p=/api/v1/workspaces/441OS3U2S000/nodes/0/children s=200 d=12ms s=293
INF http m=GET p=/api/v1/workspaces/441OS3U2S000/nodes/441OS60BC000 s=200 d=16.5ms s=245
INF http m=GET p=/api/v1/workspaces/441OS5I2I000/nodes/441OS7HIU000 s=200 d=387µs s=165
INF http m=GET p=/api/v1/workspaces/441OS3U2S000/nodes/441OS6572000 s=200 d=808µs s=202
INF http m=GET p=/api/v1/workspaces/441OS5I2I000/nodes/441OS7HIU000/table/records s=200 d=314µs s=28
INF http m=GET p=/api/v1/workspaces/441OS3U2S000/nodes/441OS6572000/table/records s=200 d=795µs s=161
INF http m=GET p=/api/v1/workspaces/441OS5I2I000/events s=200 d=163ms s=93
ERR Failed to commit DB changes err="failed to stage db changes: exit status 128\nOutput: fatal: Unable to create '/home/runner/work/mddb/mddb/data-e2e/.git/index.lock': File exists.\n\nAnother git process seems to be running in this repository, or the lock file may be stale\n"
INF http m=POST p=/api/v1/auth/register s=200 d=96.2ms s=392
INF http m=GET p=/ s=200 d=59µs s=542
INF http m=GET p=/assets/editor-vendor-Bje_VwYD.js s=200 d=217µs s=117396
INF http m=GET p=/assets/index-DPQ8uk7g.css s=200 d=103µs s=12402
INF http m=GET p=/registerSW.js s=200 d=29µs s=87
INF http m=GET p=/assets/vendor-C3WBU0hm.js s=200 d=104µs s=29762
INF http m=GET p=/assets/index-SHhnYNGf.js s=200 d=146µs s=49792
INF http m=GET p=/assets/en-BOb8f2G7.js s=200 d=97µs s=5207
INF http m=GET p=/api/v1/auth/me s=200 d=677µs s=162
INF http m=GET p=/api/v1/workspaces/441OS3U2S000/events s=200 d=607ms s=93
INF http m=GET p=/api/v1/notifications/unread-count s=200 d=187µs s=25
INF http m=GET p=/favicon.png s=200 d=30µs s=449
ERR Failed to commit DB changes err="failed to stage db changes: exit status 128\nOutput: fatal: Unable to create '/home/runner/work/mddb/mddb/data-e2e/.git/index.lock': File exists.\n\nAnother git process seems to be running in this repository, or the lock file may be stale\n"
INF http m=POST p=/api/v1/organizations s=200 d=11ms s=352
INF http m=GET p=/sw.js s=200 d=118µs s=5540
INF http m=GET p=/api/v1/auth/me s=200 d=1.78ms s=249
INF http m=GET p=/registerSW.js s=200 d=40µs s=87
INF http m=GET p=/index.html s=200 d=34µs s=542
INF http m=GET p=/icon.svg s=200 d=50µs s=195
INF http m=GET p=/icon-512.png s=200 d=84µs s=6498
INF http m=GET p=/icon-192.png s=200 d=78µs s=2468
INF http m=GET p=/favicon.png s=200 d=52µs s=449
INF http m=GET p=/apple-touch-icon.png s=200 d=66µs s=2298
INF http m=GET p=/assets/material-symbols-names-mOXCVt15.js s=200 d=129µs s=15793
ERR Failed to add workspace submodule wsID=441OSCQ86000 err="failed to add submodule 441OSCQ86000: exit status 128\nOutput: Adding existing repo at '441OSCQ86000' to the index\nfatal: Unable to create '/home/runner/work/mddb/mddb/data-e2e/.git/index.lock': File exists.\n\nAnother git process seems to be running in this repository, or the lock file may be stale\nfatal: Failed to add submodule '441OSCQ86000'\n"
ERR Failed to commit DB changes err="failed to stage db changes: exit status 128\nOutput: fatal: Unable to create '/home/runner/work/mddb/mddb/data-e2e/.git/index.lock': File exists.\n\nAnother git process seems to be running in this repository, or the lock file may be stale\n"
INF http m=POST p=/api/v1/organizations/441OSCBSU000/workspaces s=200 d=159ms s=301
INF http m=GET p=/assets/fr-CgauyyXq.js s=200 d=112µs s=6301
ERR Failed to commit DB changes err="failed to stage db changes: exit status 128\nOutput: fatal: Unable to create '/home/runner/work/mddb/mddb/data-e2e/.git/index.lock': File exists.\n\nAnother git process seems to be running in this repository, or the lock file may be stale\n"
INF http m=POST p=/api/v1/auth/switch-workspace s=200 d=8.16ms s=573
INF http m=GET p=/assets/es-DHO8DnB9.js s=200 d=102µs s=6015
INF http m=GET p=/assets/emoji-groups-tsNE8Axz.js s=200 d=118µs s=13852
INF http m=GET p=/api/v1/notifications/unread-count s=200 d=203µs s=25
INF http m=GET p=/api/v1/workspaces/441OSCQ86000/nodes/0/children s=200 d=385µs s=26
INF http m=GET p=/api/v1/workspaces/441OSCQ86000/members s=200 d=605µs s=128
ERR Failed to commit DB changes err="failed to stage db changes: exit status 128\nOutput: fatal: Unable to create '/home/runner/work/mddb/mddb/data-e2e/.git/index.lock': File exists.\n\nAnother git process seems to be running in this repository, or the lock file may be stale\n"
INF http m=POST p=/api/v1/workspaces/441OSCQ86000/nodes/0/page/create s=200 d=58ms s=35
INF http m=GET p=/assets/de-qJeflSp6.js s=200 d=93µs s=6245
INF http m=GET p=/api/v1/workspaces/441OSCQ86000/nodes/0/children s=200 d=348µs s=259
INF http m=GET p=/assets/WorkspaceSettingsPanel-CsUOm22X.css s=200 d=46µs s=1025
ERR Failed to commit DB changes err="failed to stage db changes: exit status 128\nOutput: fatal: Unable to create '/home/runner/work/mddb/mddb/data-e2e/.git/index.lock': File exists.\n\nAnother git process seems to be running in this repository, or the lock file may be stale\n"
INF http m=POST p=/api/v1/workspaces/441OSCQ86000/nodes/0/page/create s=200 d=67.9ms s=26
INF http m=GET p=/api/v1/workspaces/441OSCQ86000/nodes/441OSEAVI000 s=200 d=240µs s=245
INF http m=GET p=/assets/WorkspaceSettingsPanel-CM5oaFTF.js s=200 d=77µs s=4443
INF http m=GET p=/w/@441OSCQ86000+workspace/@441OSEAVI000+welcome s=200 d=34µs s=542
INF http m=GET p=/assets/Editor-5FlZhQpN.js s=200 d=75µs s=13509
INF http m=GET p=/assets/Editor-BYBWY7b1.css s=200 d=31µs s=2240
INF http m=GET p=/api/v1/workspaces/441OSCQ86000/events s=200 d=111ms s=234
INF http m=GET p=/assets/ServerSettingsPanel-pbgISWIv.css s=200 d=45µs s=596
INF http m=GET p=/registerSW.js s=200 d=36µs s=87
INF http m=GET p=/assets/ServerSettingsPanel-C8C6nm9a.js s=200 d=37µs s=2550
ERR Failed to commit DB changes err="failed to stage db changes: exit status 128\nOutput: fatal: Unable to create '/home/runner/work/mddb/mddb/data-e2e/.git/index.lock': File exists.\n\nAnother git process seems to be running in this repository, or the lock file may be stale\n"
INF http m=POST p=/api/v1/auth/register s=200 d=149ms s=394
INF http m=GET p=/ s=200 d=60µs s=542
INF http m=GET p=/assets/ResourceQuotaForm-DTSj8Ta5.css s=200 d=33µs s=302
INF http m=GET p=/assets/ResourceQuotaForm-D6gJNn3N.js s=200 d=47µs s=812
INF http m=GET p=/api/v1/auth/me s=200 d=395µs s=350
INF http m=GET p=/assets/ProfileSettings-rthGIjGN.js s=200 d=64µs s=4319
INF http m=GET p=/assets/index-DPQ8uk7g.css s=200 d=129µs s=12402
INF http m=GET p=/assets/index-SHhnYNGf.js s=200 d=154µs s=49792
INF http m=GET p=/assets/editor-vendor-Bje_VwYD.js s=200 d=219µs s=117396
INF http m=GET p=/assets/ProfileSettings-D5kbNfHV.css s=200 d=41µs s=1220
INF http m=GET p=/registerSW.js s=200 d=51µs s=87
INF http m=GET p=/assets/vendor-C3WBU0hm.js s=200 d=334µs s=29762
INF http m=GET p=/assets/OrgSettingsPanel-BP8s6T0h.css s=200 d=21µs s=511
INF http m=GET p=/assets/OrgSettingsPanel-B78NX7Vn.js s=200 d=52µs s=2302
INF http m=GET p=/assets/InviteForm-R7w4u6kW.js s=200 d=41µs s=1267
INF http m=GET p=/assets/InviteForm-CW-wgFWD.css s=200 d=48µs s=414
INF http m=GET p=/api/v1/notifications/unread-count s=200 d=731µs s=25
INF http m=GET p=/api/v1/workspaces/441OSCQ86000/nodes/0/children s=200 d=1.23ms s=259
INF http m=GET p=/api/v1/workspaces/441OSCQ86000/members s=200 d=7.38ms s=128
INF http m=GET p=/api/v1/workspaces/441OSCQ86000/nodes/441OSEAVI000 s=200 d=4.26ms s=245
INF http m=GET p=/assets/AdminDashboard-R0heLGro.css s=200 d=43µs s=601
INF http m=GET p=/assets/AdminDashboard-D3Sw1IyX.js s=200 d=101µs s=2075
INF http m=GET p=/manifest.webmanifest s=200 d=45µs s=199
INF http m=GET p=/api/v1/auth/me s=200 d=242µs s=163
INF http m=GET p=/assets/en-BOb8f2G7.js s=200 d=128µs s=5207
INF http m=GET p=/api/v1/notifications/unread-count s=200 d=177µs s=25
INF http m=GET p=/favicon.png s=200 d=34µs s=449
ERR Failed to commit DB changes err="failed to stage db changes: exit status 128\nOutput: fatal: Unable to create '/home/runner/work/mddb/mddb/data-e2e/.git/index.lock': File exists.\n\nAnother git process seems to be running in this repository, or the lock file may be stale\n"
INF http m=POST p=/api/v1/organizations s=200 d=9.48ms s=353
INF http m=GET p=/api/v1/auth/me s=200 d=723µs s=253
INF http m=GET p=/sw.js s=200 d=73µs s=5540
INF http m=GET p=/api/v1/workspaces/441OSCQ86000/nodes/441OSEKII000 s=200 d=363µs s=154
INF http m=GET p=/registerSW.js s=200 d=38µs s=87
INF http m=GET p=/index.html s=200 d=39µs s=542
INF http m=GET p=/icon.svg s=200 d=28µs s=195
INF http m=GET p=/icon-512.png s=200 d=100µs s=6498
INF http m=GET p=/icon-192.png s=200 d=56µs s=2468
INF http m=GET p=/favicon.png s=200 d=29µs s=449
INF http m=GET p=/apple-touch-icon.png s=200 d=119µs s=2298
INF http m=GET p=/assets/material-symbols-names-mOXCVt15.js s=200 d=110µs s=15793
INF http m=GET p=/assets/fr-CgauyyXq.js s=200 d=86µs s=6301
ERR Failed to add workspace submodule wsID=441OSGU4O000 err="failed to add submodule 441OSGU4O000: exit status 128\nOutput: Adding existing repo at '441OSGU4O000' to the index\nfatal: Unable to create '/home/runner/work/mddb/mddb/data-e2e/.git/index.lock': File exists.\n\nAnother git process seems to be running in this repository, or the lock file may be stale\nfatal: Failed to add submodule '441OSGU4O000'\n"
INF http m=GET p=/assets/es-DHO8DnB9.js s=200 d=82µs s=6015
ERR Failed to commit DB changes err="failed to stage db changes: exit status 128\nOutput: fatal: Unable to create '/home/runner/work/mddb/mddb/data-e2e/.git/index.lock': File exists.\n\nAnother git process seems to be running in this repository, or the lock file may be stale\n"
INF http m=POST p=/api/v1/organizations/441OSGKUM000/workspaces s=200 d=140ms s=299
ERR Failed to commit DB changes err="failed to stage db changes: exit status 128\nOutput: fatal: Unable to create '/home/runner/work/mddb/mddb/data-e2e/.git/index.lock': File exists.\n\nAnother git process seems to be running in this repository, or the lock file may be stale\n"
INF http m=POST p=/api/v1/auth/switch-workspace s=200 d=11ms s=622
INF http m=GET p=/api/v1/workspaces/441OSCQ86000/events s=200 d=309ms s=93
INF http m=GET p=/assets/emoji-groups-tsNE8Axz.js s=200 d=115µs s=13852
INF http m=GET p=/api/v1/workspaces/441OSGU4O000/members s=200 d=261µs s=126
INF http m=GET p=/api/v1/workspaces/441OSGU4O000/nodes/0/children s=200 d=277µs s=26
INF http m=GET p=/api/v1/notifications/unread-count s=200 d=134µs s=25
INF http m=GET p=/assets/de-qJeflSp6.js s=200 d=120µs s=6245
INF http m=GET p=/assets/WorkspaceSettingsPanel-CsUOm22X.css s=200 d=35µs s=1025
ERR Failed to commit DB changes err="failed to stage db changes: exit status 128\nOutput: fatal: Unable to create '/home/runner/work/mddb/mddb/data-e2e/.git/index.lock': File exists.\n\nAnother git process seems to be running in this repository, or the lock file may be stale\n"
INF http m=POST p=/api/v1/workspaces/441OSGU4O000/nodes/0/table/create s=200 d=28.2ms s=26
INF http m=GET p=/assets/WorkspaceSettingsPanel-CM5oaFTF.js s=200 d=67µs s=4443
INF http m=GET p=/assets/ServerSettingsPanel-pbgISWIv.css s=200 d=45µs s=596
ERR Failed to commit DB changes err="failed to stage db changes: exit status 128\nOutput: fatal: Unable to create '/home/runner/work/mddb/mddb/data-e2e/.git/index.lock': File exists.\n\nAnother git process seems to be running in this repository, or the lock file may be stale\n"
INF http m=POST p=/api/v1/workspaces/441OSGU4O000/nodes/0/page/create s=200 d=53.5ms s=35
INF http m=GET p=/api/v1/workspaces/441OSGU4O000/nodes/0/children s=200 d=895µs s=297
INF http m=GET p=/assets/ServerSettingsPanel-C8C6nm9a.js s=200 d=90µs s=2550
INF http m=GET p=/api/v1/workspaces/441OSGU4O000/nodes/441OSII86000 s=200 d=808µs s=170
INF http m=GET p=/assets/ResourceQuotaForm-DTSj8Ta5.css s=200 d=47µs s=302
ERR Failed to commit DB changes err="failed to stage db changes: exit status 128\nOutput: fatal: Unable to create '/home/runner/work/mddb/mddb/data-e2e/.git/index.lock': File exists.\n\nAnother git process seems to be running in this repository, or the lock file may be stale\n"
INF http m=POST p=/api/v1/workspaces/441OSGU4O000/nodes/441OSII86000/views/create s=200 d=62.7ms s=26
INF http m=GET p=/api/v1/workspaces/441OSGU4O000/nodes/441OSII86000/table/records s=200 d=346µs s=28
INF http m=GET p=/assets/ResourceQuotaForm-D6gJNn3N.js s=200 d=65µs s=812
INF http m=GET p=/assets/ProfileSettings-rthGIjGN.js s=200 d=122µs s=4319
INF http m=GET p=/assets/ProfileSettings-D5kbNfHV.css s=200 d=62µs s=1220
INF http m=GET p=/assets/OrgSettingsPanel-BP8s6T0h.css s=200 d=42µs s=511
INF http m=GET p=/assets/OrgSettingsPanel-B78NX7Vn.js s=200 d=104µs s=2302
ERR Failed to commit DB changes err="failed to stage db changes: exit status 128\nOutput: fatal: Unable to create '/home/runner/work/mddb/mddb/data-e2e/.git/index.lock': File exists.\n\nAnother git process seems to be running in this repository, or the lock file may be stale\n"
INF http m=POST p=/api/v1/workspaces/441OSGU4O000/nodes/441OSII86000/views/create s=200 d=71.4ms s=26
INF http m=GET p=/assets/InviteForm-R7w4u6kW.js s=200 d=48µs s=1267
INF http m=GET p=/w/@441OSGU4O000+workspace/@441OSII86000 s=200 d=29µs s=542
INF http m=GET p=/api/v1/workspaces/441OSGU4O000/events s=200 d=219ms s=275
INF http m=GET p=/registerSW.js s=200 d=56µs s=87
INF http m=GET p=/assets/InviteForm-CW-wgFWD.css s=200 d=46µs s=414
INF http m=GET p=/assets/Editor-BYBWY7b1.css s=200 d=61µs s=2240
INF http m=GET p=/assets/Editor-5FlZhQpN.js s=200 d=99µs s=13509
INF http m=GET p=/assets/AdminDashboard-R0heLGro.css s=200 d=56µs s=601
INF http m=GET p=/api/v1/auth/me s=200 d=740µs s=353
ERR Failed to commit DB changes err="failed to stage db changes: exit status 128\nOutput: fatal: Unable to create '/home/runner/work/mddb/mddb/data-e2e/.git/index.lock': File exists.\n\nAnother git process seems to be running in this repository, or the lock file may be stale\n"
INF http m=POST p=/api/v1/auth/register s=200 d=106ms s=389
INF http m=GET p=/ s=200 d=73µs s=542
INF http m=GET p=/assets/AdminDashboard-D3Sw1IyX.js s=200 d=55µs s=2075
INF http m=GET p=/manifest.webmanifest s=200 d=47µs s=199
INF http m=GET p=/assets/index-SHhnYNGf.js s=200 d=190µs s=49792
INF http m=GET p=/assets/editor-vendor-Bje_VwYD.js s=200 d=189µs s=117396
INF http m=GET p=/assets/index-DPQ8uk7g.css s=200 d=109µs s=12402
INF http m=GET p=/assets/vendor-C3WBU0hm.js s=200 d=428µs s=29762
INF http m=GET p=/registerSW.js s=200 d=39µs s=87
INF http m=GET p=/api/v1/workspaces/441OSGU4O000/members s=200 d=577µs s=126
INF http m=GET p=/api/v1/notifications/unread-count s=200 d=9.73ms s=25
INF http m=GET p=/api/v1/workspaces/441OSGU4O000/nodes/0/children s=200 d=10.9ms s=312
INF http m=GET p=/api/v1/workspaces/441OSGU4O000/nodes/441OSII86000 s=200 d=21.1ms s=184
INF http m=GET p=/api/v1/workspaces/441OSGU4O000/nodes/441OSII86000/table/records s=200 d=648µs s=28
INF http m=GET p=/assets/en-BOb8f2G7.js s=200 d=153µs s=5207
INF http m=GET p=/api/v1/auth/me s=200 d=1.37ms s=165
INF http m=GET p=/api/v1/notifications/unread-count s=200 d=593µs s=25
INF http m=GET p=/favicon.png s=200 d=33µs s=449
ERR Failed to commit DB changes err="failed to stage db changes: exit status 128\nOutput: fatal: Unable to create '/home/runner/work/mddb/mddb/data-e2e/.git/index.lock': File exists.\n\nAnother git process seems to be running in this repository, or the lock file may be stale\n"
INF http m=POST p=/api/v1/organizations s=200 d=8.55ms s=350
INF http m=GET p=/sw.js s=200 d=83µs s=5540
INF http m=GET p=/api/v1/workspaces/441OSGU4O000/events s=200 d=165ms s=93
INF http m=GET p=/api/v1/auth/me s=200 d=1.03ms s=250
INF http m=GET p=/registerSW.js s=200 d=37µs s=87
INF http m=GET p=/index.html s=200 d=52µs s=542
INF http m=GET p=/icon.svg s=200 d=34µs s=195
INF http m=GET p=/icon-512.png s=200 d=100µs s=6498
INF http m=GET p=/icon-192.png s=200 d=67µs s=2468
INF http m=GET p=/favicon.png s=200 d=36µs s=449
INF http m=GET p=/apple-touch-icon.png s=200 d=47µs s=2298
ERR Failed to add workspace submodule wsID=441OSM05Q000 err="failed to add submodule 441OSM05Q000: exit status 128\nOutput: Adding existing repo at '441OSM05Q000' to the index\nfatal: Unable to create '/home/runner/work/mddb/mddb/data-e2e/.git/index.lock': File exists.\n\nAnother git process seems to be running in this repository, or the lock file may be stale\nfatal: Failed to add submodule '441OSM05Q000'\n"
ERR Failed to commit DB changes err="failed to stage db changes: exit status 128\nOutput: fatal: Unable to create '/home/runner/work/mddb/mddb/data-e2e/.git/index.lock': File exists.\n\nAnother git process seems to be running in this repository, or the lock file may be stale\n"
INF http m=POST p=/api/v1/organizations/441OSLIS4000/workspaces s=200 d=123ms s=297
INF http m=GET p=/assets/material-symbols-names-mOXCVt15.js s=200 d=89µs s=15793
ERR Failed to commit DB changes err="failed to stage db changes: exit status 128\nOutput: fatal: Unable to create '/home/runner/work/mddb/mddb/data-e2e/.git/index.lock': File exists.\n\nAnother git process seems to be running in this repository, or the lock file may be stale\n"
INF http m=POST p=/api/v1/auth/switch-workspace s=200 d=8.22ms s=603
INF http m=GET p=/api/v1/workspaces/441OSM05Q000/members s=200 d=504µs s=124
INF http m=GET p=/api/v1/workspaces/441OSM05Q000/nodes/0/children s=200 d=26.5ms s=26
INF http m=GET p=/api/v1/notifications/unread-count s=200 d=35ms s=25
INF http m=GET p=/assets/fr-CgauyyXq.js s=200 d=123µs s=6301
INF http m=GET p=/assets/es-DHO8DnB9.js s=200 d=143µs s=6015
INF http m=GET p=/assets/emoji-groups-tsNE8Axz.js s=200 d=121µs s=13852
ERR Failed to commit DB changes err="failed to stage db changes: exit status 128\nOutput: fatal: Unable to create '/home/runner/work/mddb/mddb/data-e2e/.git/index.lock': File exists.\n\nAnother git process seems to be running in this repository, or the lock file may be stale\n"
INF http m=POST p=/api/v1/workspaces/441OSM05Q000/nodes/0/page/create s=200 d=59.4ms s=35
INF http m=GET p=/api/v1/workspaces/441OSM05Q000/nodes/0/children s=200 d=394µs s=293
INF http m=GET p=/api/v1/workspaces/441OSM05Q000/nodes/441OSNBIC000 s=200 d=293µs s=245
ERR Failed to commit DB changes err="failed to stage db changes: exit status 128\nOutput: fatal: Unable to create '/home/runner/work/mddb/mddb/data-e2e/.git/index.lock': File exists.\n\nAnother git process seems to be running in this repository, or the lock file may be stale\n"
INF http m=POST p=/api/v1/workspaces/441OSM05Q000/nodes/0/table/create s=200 d=74.9ms s=26
INF http m=GET p=/assets/Editor-5FlZhQpN.js s=200 d=91µs s=13509
INF http m=GET p=/assets/Editor-BYBWY7b1.css s=200 d=73µs s=2240
INF http m=GET p=/assets/de-qJeflSp6.js s=200 d=77µs s=6245
ERR Failed to commit DB changes err="failed to stage db changes: exit status 128\nOutput: fatal: Unable to create '/home/runner/work/mddb/mddb/data-e2e/.git/index.lock': File exists.\n\nAnother git process seems to be running in this repository, or the lock file may be stale\n"
INF http m=POST p=/api/v1/workspaces/441OSM05Q000/nodes/441OSNL7E000/table/records/create s=200 d=49.5ms s=26
INF http m=GET p=/assets/WorkspaceSettingsPanel-CsUOm22X.css s=200 d=42µs s=1025
INF http m=GET p=/assets/WorkspaceSettingsPanel-CM5oaFTF.js s=200 d=80µs s=4443
INF http m=GET p=/assets/ServerSettingsPanel-pbgISWIv.css s=200 d=41µs s=596
INF http m=GET p=/assets/ServerSettingsPanel-C8C6nm9a.js s=200 d=66µs s=2550
ERR Failed to commit DB changes err="failed to stage db changes: exit status 128\nOutput: fatal: Unable to create '/home/runner/work/mddb/mddb/data-e2e/.git/index.lock': File exists.\n\nAnother git process seems to be running in this repository, or the lock file may be stale\n"
INF http m=POST p=/api/v1/workspaces/441OSM05Q000/nodes/441OSNL7E000/table/records/create s=200 d=41ms s=26
INF http m=GET p=/assets/ResourceQuotaForm-DTSj8Ta5.css s=200 d=40µs s=302
INF http m=GET p=/api/v1/workspaces/441OSM05Q000/nodes/441OSNL7E000/table/records s=200 d=277µs s=143
INF http m=GET p=/assets/ResourceQuotaForm-D6gJNn3N.js s=200 d=33µs s=812
INF http m=GET p=/assets/ProfileSettings-rthGIjGN.js s=200 d=60µs s=4319
INF http m=GET p=/assets/ProfileSettings-D5kbNfHV.css s=200 d=30µs s=1220
ERR Failed to commit DB changes err="failed to stage db changes: exit status 128\nOutput: fatal: Unable to create '/home/runner/work/mddb/mddb/data-e2e/.git/index.lock': File exists.\n\nAnother git process seems to be running in this repository, or the lock file may be stale\n"
INF http m=POST p=/api/v1/auth/register s=200 d=172ms s=392
INF http m=GET p=/assets/OrgSettingsPanel-BP8s6T0h.css s=200 d=33µs s=511
INF http m=GET p=/assets/OrgSettingsPanel-B78NX7Vn.js s=200 d=45µs s=2302
INF http m=GET p=/assets/InviteForm-R7w4u6kW.js s=200 d=38µs s=1267
INF http m=GET p=/ s=200 d=68µs s=542
ERR Failed to commit DB changes err="failed to stage db changes: exit status 128\nOutput: fatal: Unable to create '/home/runner/work/mddb/mddb/data-e2e/.git/index.lock': File exists.\n\nAnother git process seems to be running in this repository, or the lock file may be stale\n"
INF http m=POST p=/api/v1/workspaces/441OSM05Q000/nodes/441OSNL7E000/views/create s=200 d=31.7ms s=26
INF http m=GET p=/assets/InviteForm-CW-wgFWD.css s=200 d=42µs s=414
INF http m=GET p=/assets/index-SHhnYNGf.js s=200 d=265µs s=49792
INF http m=GET p=/assets/AdminDashboard-R0heLGro.css s=200 d=30µs s=601
INF http m=GET p=/assets/index-DPQ8uk7g.css s=200 d=160µs s=12402
ERR Failed to commit DB changes err="failed to stage db changes: exit status 128\nOutput: fatal: Unable to create '/home/runner/work/mddb/mddb/data-e2e/.git/index.lock': File exists.\n\nAnother git process seems to be running in this repository, or the lock file may be stale\n"
INF http m=POST p=/api/v1/workspaces/441OSM05Q000/nodes/441OSNL7E000/views/441OSOLQQ000 s=200 d=44.5ms s=26
INF http m=GET p=/assets/editor-vendor-Bje_VwYD.js s=200 d=274µs s=117396
INF http m=GET p=/api/v1/workspaces/441OSM05Q000/nodes/441OSNL7E000/table/records s=200 d=371µs s=117
INF http m=GET p=/api/v1/workspaces/441OSM05Q000/nodes/441OSNL7E000/table/records s=200 d=298µs s=120
INF http m=GET p=/assets/AdminDashboard-D3Sw1IyX.js s=200 d=41µs s=2075
INF http m=GET p=/assets/vendor-C3WBU0hm.js s=200 d=133µs s=29762
INF http m=GET p=/registerSW.js s=200 d=42µs s=87
INF http m=GET p=/manifest.webmanifest s=200 d=67µs s=199
INF http m=GET p=/api/v1/workspaces/441OSM05Q000/events s=200 d=392ms s=369
INF http m=GET p=/api/v1/auth/me s=200 d=339µs s=168
INF http m=GET p=/assets/en-BOb8f2G7.js s=200 d=72µs s=5207
INF http m=GET p=/api/v1/notifications/unread-count s=200 d=327µs s=25
ERR Failed to commit DB changes err="failed to stage db changes: exit status 128\nOutput: fatal: Unable to create '/home/runner/work/mddb/mddb/data-e2e/.git/index.lock': File exists.\n\nAnother git process seems to be running in this repository, or the lock file may be stale\n"
INF http m=GET p=/favicon.png s=200 d=80µs s=449
INF http m=POST p=/api/v1/organizations s=200 d=18.5ms s=355
INF http m=GET p=/sw.js s=200 d=837µs s=5540
INF http m=GET p=/api/v1/auth/me s=200 d=271µs s=254
INF http m=GET p=/registerSW.js s=200 d=43µs s=87
INF http m=GET p=/index.html s=200 d=37µs s=542
INF http m=GET p=/icon.svg s=200 d=42µs s=195
INF http m=GET p=/icon-512.png s=200 d=114µs s=6498
INF http m=GET p=/icon-192.png s=200 d=48µs s=2468
INF http m=GET p=/favicon.png s=200 d=28µs s=449
INF http m=GET p=/apple-touch-icon.png s=200 d=51µs s=2298
INF http m=GET p=/assets/material-symbols-names-mOXCVt15.js s=200 d=101µs s=15793
INF http m=GET p=/assets/fr-CgauyyXq.js s=200 d=90µs s=6301
INF http m=GET p=/assets/es-DHO8DnB9.js s=200 d=87µs s=6015
ERR Failed to add workspace submodule wsID=441OSQSCG000 err="failed to add submodule 441OSQSCG000: exit status 128\nOutput: Adding existing repo at '441OSQSCG000' to the index\nfatal: Unable to create '/home/runner/work/mddb/mddb/data-e2e/.git/index.lock': File exists.\n\nAnother git process seems to be running in this repository, or the lock file may be stale\nfatal: Failed to add submodule '441OSQSCG000'\n"
ERR Failed to commit DB changes err="failed to stage db changes: exit status 128\nOutput: fatal: Unable to create '/home/runner/work/mddb/mddb/data-e2e/.git/index.lock': File exists.\n\nAnother git process seems to be running in this repository, or the lock file may be stale\n"
INF http m=POST p=/api/v1/organizations/441OSQBHI000/workspaces s=200 d=154ms s=304
INF http m=GET p=/assets/emoji-groups-tsNE8Axz.js s=200 d=89µs s=13852
ERR Failed to commit DB changes err="failed to stage db changes: exit status 128\nOutput: fatal: Unable to create '/home/runner/work/mddb/mddb/data-e2e/.git/index.lock': File exists.\n\nAnother git process seems to be running in this repository, or the lock file may be stale\n"
INF http m=POST p=/api/v1/auth/switch-workspace s=200 d=6.57ms s=605
ERR Failed to commit DB changes err="failed to stage db changes: exit status 128\nOutput: fatal: Unable to create '/home/runner/work/mddb/mddb/data-e2e/.git/index.lock': File exists.\n\nAnother git process seems to be running in this repository, or the lock file may be stale\n"
INF http m=POST p=/api/v1/auth/register s=200 d=124ms s=397
INF http m=GET p=/api/v1/workspaces/441OSQSCG000/nodes/0/children s=200 d=369µs s=26
INF http m=GET p=/ s=200 d=57µs s=542
INF http m=GET p=/api/v1/notifications/unread-count s=200 d=6.71ms s=25
INF http m=GET p=/api/v1/workspaces/441OSQSCG000/members s=200 d=198µs s=119
INF http m=GET p=/assets/index-DPQ8uk7g.css s=200 d=198µs s=12402
INF http m=GET p=/assets/index-SHhnYNGf.js s=200 d=560µs s=49792
INF http m=GET p=/assets/editor-vendor-Bje_VwYD.js s=200 d=158µs s=117396
INF http m=GET p=/registerSW.js s=200 d=28µs s=87
INF http m=GET p=/assets/vendor-C3WBU0hm.js s=200 d=158µs s=29762
INF http m=GET p=/assets/de-qJeflSp6.js s=200 d=123µs s=6245
ERR Failed to commit DB changes err="failed to stage db changes: exit status 128\nOutput: fatal: Unable to create '/home/runner/work/mddb/mddb/data-e2e/.git/index.lock': File exists.\n\nAnother git process seems to be running in this repository, or the lock file may be stale\n"
INF http m=POST p=/api/v1/workspaces/441OSQSCG000/nodes/0/page/create s=200 d=38.2ms s=35
INF http m=GET p=/api/v1/workspaces/441OSQSCG000/nodes/0/children s=200 d=374µs s=293
INF http m=GET p=/assets/WorkspaceSettingsPanel-CsUOm22X.css s=200 d=51µs s=1025
INF http m=GET p=/assets/WorkspaceSettingsPanel-CM5oaFTF.js s=200 d=118µs s=4443
INF http m=GET p=/api/v1/workspaces/441OSQSCG000/nodes/441OSSDAG000 s=200 d=296µs s=245
INF http m=GET p=/assets/ServerSettingsPanel-pbgISWIv.css s=200 d=48µs s=596
INF http m=GET p=/assets/ServerSettingsPanel-C8C6nm9a.js s=200 d=57µs s=2550
INF http m=GET p=/assets/Editor-5FlZhQpN.js s=200 d=102µs s=13509
ERR Failed to commit DB changes err="failed to stage db changes: exit status 128\nOutput: fatal: Unable to create '/home/runner/work/mddb/mddb/data-e2e/.git/index.lock': File exists.\n\nAnother git process seems to be running in this repository, or the lock file may be stale\n"
INF http m=POST p=/api/v1/workspaces/441OSQSCG000/nodes/0/table/create s=200 d=86.8ms s=26
INF http m=GET p=/assets/Editor-BYBWY7b1.css s=200 d=51µs s=2240
INF http m=GET p=/assets/ResourceQuotaForm-DTSj8Ta5.css s=200 d=69µs s=302
INF http m=GET p=/assets/ResourceQuotaForm-D6gJNn3N.js s=200 d=33µs s=812
INF http m=GET p=/assets/ProfileSettings-rthGIjGN.js s=200 d=79µs s=4319
ERR Failed to commit DB changes err="failed to stage db changes: exit status 128\nOutput: fatal: Unable to create '/home/runner/work/mddb/mddb/data-e2e/.git/index.lock': File exists.\n\nAnother git process seems to be running in this repository, or the lock file may be stale\n"
INF http m=POST p=/api/v1/workspaces/441OSQSCG000/nodes/441OSSJJG000/table/records/create s=200 d=34.7ms s=26
INF http m=GET p=/assets/ProfileSettings-D5kbNfHV.css s=200 d=45µs s=1220
INF http m=GET p=/assets/OrgSettingsPanel-BP8s6T0h.css s=200 d=35µs s=511
INF http m=GET p=/assets/OrgSettingsPanel-B78NX7Vn.js s=200 d=56µs s=2302
ERR Failed to commit DB changes err="failed to stage db changes: exit status 128\nOutput: fatal: Unable to create '/home/runner/work/mddb/mddb/data-e2e/.git/index.lock': File exists.\n\nAnother git process seems to be running in this repository, or the lock file may be stale\n"
INF http m=POST p=/api/v1/workspaces/441OSQSCG000/nodes/441OSSJJG000/table/records/create s=200 d=34.4ms s=26
INF http m=GET p=/assets/InviteForm-R7w4u6kW.js s=200 d=35µs s=1267
INF http m=GET p=/api/v1/auth/me s=200 d=810µs s=171
INF http m=GET p=/assets/en-BOb8f2G7.js s=200 d=72µs s=5207
INF http m=GET p=/assets/InviteForm-CW-wgFWD.css s=200 d=32µs s=414
INF http m=GET p=/api/v1/notifications/unread-count s=200 d=182µs s=25
INF http m=GET p=/assets/AdminDashboard-R0heLGro.css s=200 d=46µs s=601
ERR Failed to commit DB changes err="failed to stage db changes: exit status 128\nOutput: fatal: Unable to create '/home/runner/work/mddb/mddb/data-e2e/.git/index.lock': File exists.\n\nAnother git process seems to be running in this repository, or the lock file may be stale\n"
INF http m=POST p=/api/v1/workspaces/441OSQSCG000/nodes/441OSSJJG000/table/records/create s=200 d=56.7ms s=26
INF http m=GET p=/api/v1/workspaces/441OSQSCG000/nodes/441OSSJJG000/table/records s=200 d=349µs s=170
INF http m=GET p=/assets/AdminDashboard-D3Sw1IyX.js s=200 d=38µs s=2075
INF http m=GET p=/manifest.webmanifest s=200 d=35µs s=199
ERR Failed to commit DB changes err="failed to stage db changes: exit status 128\nOutput: fatal: Unable to create '/home/runner/work/mddb/mddb/data-e2e/.git/index.lock': File exists.\n\nAnother git process seems to be running in this repository, or the lock file may be stale\n"
INF http m=POST p=/api/v1/organizations s=200 d=8.79ms s=355
INF http m=GET p=/api/v1/workspaces/441OSQSCG000/nodes/441OSSJJG000/table/records s=200 d=314µs s=170
INF http m=GET p=/sw.js s=200 d=90µs s=5540
INF http m=GET p=/favicon.png s=200 d=57µs s=449
INF http m=GET p=/api/v1/auth/me s=200 d=7.26ms s=255
INF http m=GET p=/registerSW.js s=200 d=41µs s=87
ERR Failed to commit DB changes err="failed to stage db changes: exit status 128\nOutput: fatal: Unable to create '/home/runner/work/mddb/mddb/data-e2e/.git/index.lock': File exists.\n\nAnother git process seems to be running in this repository, or the lock file may be stale\n"
INF http m=GET p=/index.html s=200 d=38µs s=542
INF http m=POST p=/api/v1/workspaces/441OSQSCG000/nodes/441OSSJJG000/table/records/create s=200 d=45ms s=26
INF http m=GET p=/api/v1/workspaces/441OSQSCG000/nodes/441OSSJJG000/table/records s=200 d=318µs s=185
INF http m=GET p=/icon.svg s=200 d=66µs s=195
INF http m=GET p=/icon-512.png s=200 d=142µs s=6498
INF http m=GET p=/api/v1/workspaces/441OSQSCG000/events s=200 d=393ms s=361
INF http m=GET p=/icon-192.png s=200 d=56µs s=2468
INF http m=GET p=/favicon.png s=200 d=44µs s=449
INF http m=GET p=/apple-touch-icon.png s=200 d=86µs s=2298
INF http m=GET p=/assets/material-symbols-names-mOXCVt15.js s=200 d=107µs s=15793
ERR Failed to add workspace submodule wsID=441OSUAOC000 err="failed to add submodule 441OSUAOC000: exit status 128\nOutput: Adding existing repo at '441OSUAOC000' to the index\nfatal: Unable to create '/home/runner/work/mddb/mddb/data-e2e/.git/index.lock': File exists.\n\nAnother git process seems to be running in this repository, or the lock file may be stale\nfatal: Failed to add submodule '441OSUAOC000'\n"
ERR Failed to commit DB changes err="failed to stage db changes: exit status 128\nOutput: fatal: Unable to create '/home/runner/work/mddb/mddb/data-e2e/.git/index.lock': File exists.\n\nAnother git process seems to be running in this repository, or the lock file may be stale\n"
INF http m=POST p=/api/v1/organizations/441OSTU3I000/workspaces s=200 d=128ms s=306
ERR Failed to commit DB changes err="failed to stage db changes: exit status 128\nOutput: fatal: Unable to create '/home/runner/work/mddb/mddb/data-e2e/.git/index.lock': File exists.\n\nAnother git process seems to be running in this repository, or the lock file may be stale\n"
INF http m=POST p=/api/v1/auth/switch-workspace s=200 d=8.15ms s=573
INF http m=GET p=/assets/fr-CgauyyXq.js s=200 d=86µs s=6301
INF http m=GET p=/api/v1/notifications/unread-count s=200 d=276µs s=25
INF http m=GET p=/api/v1/workspaces/441OSUAOC000/nodes/0/children s=200 d=957µs s=26
INF http m=GET p=/api/v1/workspaces/441OSUAOC000/members s=200 d=4.84ms s=123
INF http m=GET p=/assets/es-DHO8DnB9.js s=200 d=457µs s=6015
INF http m=GET p=/assets/emoji-groups-tsNE8Axz.js s=200 d=146µs s=13852
ERR Failed to commit DB changes err="failed to stage db changes: exit status 128\nOutput: fatal: Unable to create '/home/runner/work/mddb/mddb/data-e2e/.git/index.lock': File exists.\n\nAnother git process seems to be running in this repository, or the lock file may be stale\n"
INF http m=POST p=/api/v1/workspaces/441OSUAOC000/nodes/0/page/create s=200 d=44.5ms s=35
INF http m=GET p=/api/v1/workspaces/441OSUAOC000/nodes/0/children s=200 d=627µs s=283
ERR Failed to commit DB changes err="failed to stage db changes: exit status 128\nOutput: fatal: Unable to create '/home/runner/work/mddb/mddb/data-e2e/.git/index.lock': File exists.\n\nAnother git process seems to be running in this repository, or the lock file may be stale\n"
INF http m=POST p=/api/v1/workspaces/441OSUAOC000/nodes/0/table/create s=200 d=64.4ms s=26
INF http m=GET p=/api/v1/workspaces/441OSUAOC000/nodes/441OSVQ56000 s=200 d=237µs s=245
INF http m=GET p=/assets/Editor-5FlZhQpN.js s=200 d=138µs s=13509
INF http m=GET p=/assets/Editor-BYBWY7b1.css s=200 d=58µs s=2240
ERR Failed to commit DB changes err="failed to stage db changes: exit status 128\nOutput: fatal: Unable to create '/home/runner/work/mddb/mddb/data-e2e/.git/index.lock': File exists.\n\nAnother git process seems to be running in this repository, or the lock file may be stale\n"
INF http m=POST p=/api/v1/workspaces/441OSUAOC000/nodes/441OT0218000/table/records/create s=200 d=38.8ms s=26
INF http m=GET p=/assets/de-qJeflSp6.js s=200 d=87µs s=6245
ERR Failed to commit DB changes err="failed to stage db changes: exit status 128\nOutput: fatal: Unable to create '/home/runner/work/mddb/mddb/data-e2e/.git/index.lock': File exists.\n\nAnother git process seems to be running in this repository, or the lock file may be stale\n"
INF http m=POST p=/api/v1/workspaces/441OSUAOC000/nodes/441OT0218000/table/records/create s=200 d=27.1ms s=26
INF http m=GET p=/assets/WorkspaceSettingsPanel-CsUOm22X.css s=200 d=53µs s=1025
ERR Failed to commit DB changes err="failed to stage db changes: exit status 128\nOutput: fatal: Unable to create '/home/runner/work/mddb/mddb/data-e2e/.git/index.lock': File exists.\n\nAnother git process seems to be running in this repository, or the lock file may be stale\n"
INF http m=POST p=/api/v1/auth/register s=200 d=127ms s=416
INF http m=GET p=/ s=200 d=58µs s=542
INF http m=GET p=/assets/WorkspaceSettingsPanel-CM5oaFTF.js s=200 d=77µs s=4443
INF http m=GET p=/assets/ServerSettingsPanel-pbgISWIv.css s=200 d=40µs s=596
ERR Failed to commit DB changes err="failed to stage db changes: exit status 128\nOutput: fatal: Unable to create '/home/runner/work/mddb/mddb/data-e2e/.git/index.lock': File exists.\n\nAnother git process seems to be running in this repository, or the lock file may be stale\n"
INF http m=POST p=/api/v1/workspaces/441OSUAOC000/nodes/441OT0218000/views/create s=200 d=40.9ms s=26
INF http m=GET p=/assets/ServerSettingsPanel-C8C6nm9a.js s=200 d=50µs s=2550
INF http m=GET p=/assets/ResourceQuotaForm-DTSj8Ta5.css s=200 d=40µs s=302
INF http m=GET p=/registerSW.js s=200 d=75µs s=87
INF http m=GET p=/assets/editor-vendor-Bje_VwYD.js s=200 d=182µs s=117396
INF http m=GET p=/assets/index-DPQ8uk7g.css s=200 d=96µs s=12402
INF http m=GET p=/assets/index-SHhnYNGf.js s=200 d=114µs s=49792
INF http m=GET p=/assets/ResourceQuotaForm-D6gJNn3N.js s=200 d=19µs s=812
INF http m=GET p=/assets/vendor-C3WBU0hm.js s=200 d=98µs s=29762
INF http m=GET p=/assets/ProfileSettings-rthGIjGN.js s=200 d=79µs s=4319
INF http m=GET p=/assets/ProfileSettings-D5kbNfHV.css s=200 d=58µs s=1220
INF http m=GET p=/assets/OrgSettingsPanel-BP8s6T0h.css s=200 d=29µs s=511
ERR Failed to commit DB changes err="failed to stage db changes: exit status 128\nOutput: fatal: Unable to create '/home/runner/work/mddb/mddb/data-e2e/.git/index.lock': File exists.\n\nAnother git process seems to be running in this repository, or the lock file may be stale\n"
INF http m=POST p=/api/v1/workspaces/441OSUAOC000/nodes/441OT0218000/views/441OT0NK8000 s=200 d=41.1ms s=26
INF http m=GET p=/assets/OrgSettingsPanel-B78NX7Vn.js s=200 d=53µs s=2302
INF http m=GET p=/api/v1/workspaces/441OSUAOC000/nodes/441OT0218000/table/records s=200 d=562µs s=137
INF http m=GET p=/assets/InviteForm-R7w4u6kW.js s=200 d=40µs s=1267
INF http m=GET p=/assets/InviteForm-CW-wgFWD.css s=200 d=52µs s=414
INF http m=GET p=/api/v1/workspaces/441OSUAOC000/events s=200 d=349ms s=371
INF http m=GET p=/api/v1/auth/me s=200 d=673µs s=169
INF http m=GET p=/assets/en-BOb8f2G7.js s=200 d=69µs s=5207
INF http m=GET p=/favicon.png s=200 d=53µs s=449
INF http m=GET p=/sw.js s=200 d=64µs s=5540
INF http m=GET p=/api/v1/notifications/unread-count s=200 d=188µs s=25
ERR Failed to commit DB changes err="failed to stage db changes: exit status 128\nOutput: fatal: Unable to create '/home/runner/work/mddb/mddb/data-e2e/.git/index.lock': File exists.\n\nAnother git process seems to be running in this repository, or the lock file may be stale\n"
INF http m=POST p=/api/v1/organizations s=200 d=8.98ms s=354
INF http m=GET p=/registerSW.js s=200 d=69µs s=87
INF http m=GET p=/api/v1/auth/me s=200 d=278µs s=251
INF http m=GET p=/index.html s=200 d=38µs s=542
INF http m=GET p=/icon.svg s=200 d=41µs s=195
INF http m=GET p=/icon-512.png s=200 d=156µs s=6498
INF http m=GET p=/icon-192.png s=200 d=59µs s=2468
INF http m=GET p=/favicon.png s=200 d=70µs s=449
INF http m=GET p=/apple-touch-icon.png s=200 d=62µs s=2298
INF http m=GET p=/assets/material-symbols-names-mOXCVt15.js s=200 d=110µs s=15793
INF http m=GET p=/assets/fr-CgauyyXq.js s=200 d=95µs s=6301
INF http m=GET p=/assets/es-DHO8DnB9.js s=200 d=72µs s=6015
INF http m=GET p=/assets/emoji-groups-tsNE8Axz.js s=200 d=96µs s=13852
ERR Failed to add workspace submodule wsID=441OT2MNS000 err="failed to add submodule 441OT2MNS000: exit status 128\nOutput: Adding existing repo at '441OT2MNS000' to the index\nfatal: Unable to create '/home/runner/work/mddb/mddb/data-e2e/.git/index.lock': File exists.\n\nAnother git process seems to be running in this repository, or the lock file may be stale\nfatal: Failed to add submodule '441OT2MNS000'\n"
ERR Failed to commit DB changes err="failed to stage db changes: exit status 128\nOutput: fatal: Unable to create '/home/runner/work/mddb/mddb/data-e2e/.git/index.lock': File exists.\n\nAnother git process seems to be running in this repository, or the lock file may be stale\n"
INF http m=POST p=/api/v1/organizations/441OT28TI000/workspaces s=200 d=220ms s=300
ERR Failed to commit DB changes err="failed to stage db changes: exit status 128\nOutput: fatal: Unable to create '/home/runner/work/mddb/mddb/data-e2e/.git/index.lock': File exists.\n\nAnother git process seems to be running in this repository, or the lock file may be stale\n"
INF http m=POST p=/api/v1/auth/register s=200 d=141ms s=396
ERR Failed to commit DB changes err="failed to stage db changes: exit status 128\nOutput: fatal: Unable to create '/home/runner/work/mddb/mddb/data-e2e/.git/index.lock': File exists.\n\nAnother git process seems to be running in this repository, or the lock file may be stale\n"
INF http m=POST p=/api/v1/auth/switch-workspace s=200 d=7.59ms s=567
INF http m=GET p=/ s=200 d=54µs s=542
INF http m=GET p=/api/v1/notifications/unread-count s=200 d=1.14ms s=25
INF http m=GET p=/api/v1/workspaces/441OT2MNS000/nodes/0/children s=200 d=578µs s=26
INF http m=GET p=/api/v1/workspaces/441OT2MNS000/members s=200 d=10.6ms s=121
INF http m=GET p=/registerSW.js s=200 d=97µs s=87
INF http m=GET p=/assets/vendor-C3WBU0hm.js s=200 d=10.3ms s=29762
INF http m=GET p=/assets/editor-vendor-Bje_VwYD.js s=200 d=375µs s=117396
INF http m=GET p=/assets/index-SHhnYNGf.js s=200 d=10.9ms s=49792
INF http m=GET p=/assets/index-DPQ8uk7g.css s=200 d=10.8ms s=12402
INF http m=GET p=/assets/de-qJeflSp6.js s=200 d=88µs s=6245
INF http m=GET p=/assets/WorkspaceSettingsPanel-CsUOm22X.css s=200 d=33µs s=1025
INF http m=GET p=/assets/WorkspaceSettingsPanel-CM5oaFTF.js s=200 d=118µs s=4443
INF http m=GET p=/assets/ServerSettingsPanel-pbgISWIv.css s=200 d=67µs s=596
ERR Failed to commit DB changes err="failed to stage db changes: exit status 128\nOutput: fatal: Unable to create '/home/runner/work/mddb/mddb/data-e2e/.git/index.lock': File exists.\n\nAnother git process seems to be running in this repository, or the lock file may be stale\n"
INF http m=POST p=/api/v1/workspaces/441OT2MNS000/nodes/0/page/create s=200 d=40.1ms s=35
INF http m=GET p=/api/v1/workspaces/441OT2MNS000/nodes/0/children s=200 d=1.13ms s=293
INF http m=GET p=/assets/ServerSettingsPanel-C8C6nm9a.js s=200 d=148µs s=2550
ERR Failed to commit DB changes err="failed to stage db changes: exit status 128\nOutput: fatal: Unable to create '/home/runner/work/mddb/mddb/data-e2e/.git/index.lock': File exists.\n\nAnother git process seems to be running in this repository, or the lock file may be stale\n"
INF http m=POST p=/api/v1/workspaces/441OT2MNS000/nodes/0/table/create s=200 d=49.3ms s=26
INF http m=GET p=/api/v1/workspaces/441OT2MNS000/nodes/441OT4O12000 s=200 d=746µs s=245
INF http m=GET p=/assets/ResourceQuotaForm-DTSj8Ta5.css s=200 d=34µs s=302
INF http m=GET p=/assets/Editor-BYBWY7b1.css s=200 d=69µs s=2240
INF http m=GET p=/assets/Editor-5FlZhQpN.js s=200 d=75µs s=13509
INF http m=GET p=/assets/ResourceQuotaForm-D6gJNn3N.js s=200 d=33µs s=812
INF http m=GET p=/assets/ProfileSettings-rthGIjGN.js s=200 d=92µs s=4319
ERR Failed to commit DB changes err="failed to stage db changes: exit status 128\nOutput: fatal: Unable to create '/home/runner/work/mddb/mddb/data-e2e/.git/index.lock': File exists.\n\nAnother git process seems to be running in this repository, or the lock file may be stale\n"
INF http m=POST p=/api/v1/workspaces/441OT2MNS000/nodes/441OT4U3I000/table/records/create s=200 d=50ms s=26
INF http m=GET p=/assets/ProfileSettings-D5kbNfHV.css s=200 d=63µs s=1220
INF http m=GET p=/api/v1/auth/me s=200 d=738µs s=167
INF http m=GET p=/assets/en-BOb8f2G7.js s=200 d=109µs s=5207
INF http m=GET p=/assets/OrgSettingsPanel-BP8s6T0h.css s=200 d=32µs s=511
INF http m=GET p=/assets/OrgSettingsPanel-B78NX7Vn.js s=200 d=73µs s=2302
INF http m=GET p=/api/v1/notifications/unread-count s=200 d=177µs s=25
INF http m=GET p=/assets/InviteForm-R7w4u6kW.js s=200 d=43µs s=1267
INF http m=GET p=/favicon.png s=200 d=38µs s=449
ERR Failed to commit DB changes err="failed to stage db changes: exit status 128\nOutput: fatal: Unable to create '/home/runner/work/mddb/mddb/data-e2e/.git/index.lock': File exists.\n\nAnother git process seems to be running in this repository, or the lock file may be stale\n"
INF http m=GET p=/assets/InviteForm-CW-wgFWD.css s=200 d=35µs s=414
INF http m=POST p=/api/v1/organizations s=200 d=10.5ms s=352
INF http m=GET p=/api/v1/auth/me s=200 d=756µs s=251
ERR Failed to commit DB changes err="failed to stage db changes: exit status 128\nOutput: fatal: Unable to create '/home/runner/work/mddb/mddb/data-e2e/.git/index.lock': File exists.\n\nAnother git process seems to be running in this repository, or the lock file may be stale\n"
INF http m=POST p=/api/v1/workspaces/441OT2MNS000/nodes/441OT4U3I000/table/records/create s=200 d=54.3ms s=26
INF http m=GET p=/sw.js s=200 d=121µs s=5540
INF http m=GET p=/assets/AdminDashboard-R0heLGro.css s=200 d=61µs s=601
INF http m=GET p=/assets/AdminDashboard-D3Sw1IyX.js s=200 d=61µs s=2075
INF http m=GET p=/registerSW.js s=200 d=36µs s=87
INF http m=GET p=/manifest.webmanifest s=200 d=31µs s=199
ERR Failed to commit DB changes err="failed to stage db changes: exit status 128\nOutput: fatal: Unable to create '/home/runner/work/mddb/mddb/data-e2e/.git/index.lock': File exists.\n\nAnother git process seems to be running in this repository, or the lock file may be stale\n"
INF http m=POST p=/api/v1/workspaces/441OT2MNS000/nodes/441OT4U3I000/table/records/create s=200 d=47.3ms s=26
INF http m=GET p=/index.html s=200 d=46µs s=542
INF http m=GET p=/icon.svg s=200 d=46µs s=195
INF http m=GET p=/icon-512.png s=200 d=104µs s=6498
INF http m=GET p=/icon-192.png s=200 d=55µs s=2468
INF http m=GET p=/favicon.png s=200 d=48µs s=449
INF http m=GET p=/apple-touch-icon.png s=200 d=46µs s=2298
INF http m=GET p=/assets/material-symbols-names-mOXCVt15.js s=200 d=107µs s=15793
INF http m=GET p=/assets/fr-CgauyyXq.js s=200 d=80µs s=6301
INF http m=GET p=/assets/es-DHO8DnB9.js s=200 d=120µs s=6015
ERR Failed to add workspace submodule wsID=441OT647G000 err="failed to add submodule 441OT647G000: exit status 128\nOutput: Adding existing repo at '441OT647G000' to the index\nfatal: Unable to create '/home/runner/work/mddb/mddb/data-e2e/.git/index.lock': File exists.\n\nAnother git process seems to be running in this repository, or the lock file may be stale\nfatal: Failed to add submodule '441OT647G000'\n"
ERR Failed to commit DB changes err="failed to stage db changes: exit status 128\nOutput: fatal: Unable to create '/home/runner/work/mddb/mddb/data-e2e/.git/index.lock': File exists.\n\nAnother git process seems to be running in this repository, or the lock file may be stale\n"
INF http m=POST p=/api/v1/organizations/441OT5NVA000/workspaces s=200 d=164ms s=299
ERR Failed to commit DB changes err="failed to stage db changes: exit status 128\nOutput: fatal: Unable to create '/home/runner/work/mddb/mddb/data-e2e/.git/index.lock': File exists.\n\nAnother git process seems to be running in this repository, or the lock file may be stale\n"
INF http m=POST p=/api/v1/workspaces/441OT2MNS000/nodes/441OT4U3I000/table/records/create s=200 d=142ms s=26
ERR Failed to commit DB changes err="failed to stage db changes: exit status 128\nOutput: fatal: Unable to create '/home/runner/work/mddb/mddb/data-e2e/.git/index.lock': File exists.\n\nAnother git process seems to be running in this repository, or the lock file may be stale\n"
INF http m=POST p=/api/v1/auth/switch-workspace s=200 d=8.08ms s=583
INF http m=GET p=/api/v1/workspaces/441OT2MNS000/nodes/441OT4U3I000/table/records s=200 d=351µs s=171
INF http m=GET p=/assets/emoji-groups-tsNE8Axz.js s=200 d=104µs s=13852
INF http m=GET p=/api/v1/workspaces/441OT2MNS000/events s=200 d=441ms s=351
INF http m=GET p=/api/v1/notifications/unread-count s=200 d=601µs s=25
INF http m=GET p=/api/v1/workspaces/441OT647G000/nodes/0/children s=200 d=609µs s=26
INF http m=GET p=/api/v1/workspaces/441OT647G000/members s=200 d=653µs s=132
INF http m=GET p=/assets/de-qJeflSp6.js s=200 d=111µs s=6245
ERR Failed to commit DB changes err="failed to stage db changes: exit status 128\nOutput: fatal: Unable to create '/home/runner/work/mddb/mddb/data-e2e/.git/index.lock': File exists.\n\nAnother git process seems to be running in this repository, or the lock file may be stale\n"
INF http m=POST p=/api/v1/workspaces/441OT647G000/nodes/0/page/create s=200 d=36.9ms s=35
INF http m=GET p=/assets/WorkspaceSettingsPanel-CsUOm22X.css s=200 d=30µs s=1025
INF http m=GET p=/api/v1/workspaces/441OT647G000/nodes/0/children s=200 d=607µs s=243
ERR Failed to commit DB changes err="failed to stage db changes: exit status 128\nOutput: fatal: Unable to create '/home/runner/work/mddb/mddb/data-e2e/.git/index.lock': File exists.\n\nAnother git process seems to be running in this repository, or the lock file may be stale\n"
INF http m=POST p=/api/v1/workspaces/441OT647G000/nodes/0/page/create s=200 d=44.2ms s=26
INF http m=GET p=/assets/WorkspaceSettingsPanel-CM5oaFTF.js s=200 d=58µs s=4443
INF http m=GET p=/api/v1/workspaces/441OT647G000/nodes/441OT7N3E000 s=200 d=243µs s=245
INF http m=GET p=/assets/ServerSettingsPanel-pbgISWIv.css s=200 d=32µs s=596
INF http m=GET p=/assets/Editor-BYBWY7b1.css s=200 d=99µs s=2240
INF http m=GET p=/assets/ServerSettingsPanel-C8C6nm9a.js s=200 d=29µs s=2550
INF http m=GET p=/assets/Editor-5FlZhQpN.js s=200 d=137µs s=13509
ERR Failed to commit DB changes err="failed to stage db changes: exit status 128\nOutput: fatal: Unable to create '/home/runner/work/mddb/mddb/data-e2e/.git/index.lock': File exists.\n\nAnother git process seems to be running in this repository, or the lock file may be stale\n"
INF http m=POST p=/api/v1/workspaces/441OT647G000/nodes/0/page/create s=200 d=41.7ms s=26
INF http m=GET p=/assets/ResourceQuotaForm-DTSj8Ta5.css s=200 d=39µs s=302
INF http m=GET p=/w/@441OT647G000+workspace/@441OT7N3E000+welcome s=200 d=47µs s=542
INF http m=GET p=/assets/ResourceQuotaForm-D6gJNn3N.js s=200 d=39µs s=812
INF http m=GET p=/assets/ProfileSettings-rthGIjGN.js s=200 d=87µs s=4319
INF http m=GET p=/api/v1/workspaces/441OT647G000/events s=200 d=183ms s=260
INF http m=GET p=/assets/ProfileSettings-D5kbNfHV.css s=200 d=49µs s=1220
INF http m=GET p=/registerSW.js s=200 d=38µs s=87
INF http m=GET p=/assets/OrgSettingsPanel-BP8s6T0h.css s=200 d=55µs s=511
INF http m=GET p=/assets/OrgSettingsPanel-B78NX7Vn.js s=200 d=76µs s=2302
INF http m=GET p=/assets/InviteForm-R7w4u6kW.js s=200 d=45µs s=1267
INF http m=GET p=/api/v1/auth/me s=200 d=742µs s=352
INF http m=GET p=/assets/InviteForm-CW-wgFWD.css s=200 d=49µs s=414
INF http m=GET p=/api/v1/notifications/unread-count s=200 d=177µs s=25
INF http m=GET p=/api/v1/workspaces/441OT647G000/nodes/0/children s=200 d=801µs s=261
INF http m=GET p=/api/v1/workspaces/441OT647G000/members s=200 d=351µs s=132
INF http m=GET p=/api/v1/workspaces/441OT647G000/nodes/441OT7N3E000 s=200 d=3.29ms s=245
INF http m=GET p=/assets/AdminDashboard-R0heLGro.css s=200 d=39µs s=601
INF http m=GET p=/assets/AdminDashboard-D3Sw1IyX.js s=200 d=121µs s=2075
INF http m=GET p=/manifest.webmanifest s=200 d=40µs s=199
ERR Failed to commit DB changes err="failed to stage db changes: exit status 128\nOutput: fatal: Unable to create '/home/runner/work/mddb/mddb/data-e2e/.git/index.lock': File exists.\n\nAnother git process seems to be running in this repository, or the lock file may be stale\n"
INF http m=POST p=/api/v1/auth/register s=200 d=148ms s=390
INF http m=GET p=/ s=200 d=64µs s=542
INF http m=GET p=/assets/index-SHhnYNGf.js s=200 d=184µs s=49792
INF http m=GET p=/assets/index-DPQ8uk7g.css s=200 d=231µs s=12402
INF http m=GET p=/registerSW.js s=200 d=41µs s=87
INF http m=GET p=/assets/vendor-C3WBU0hm.js s=200 d=130µs s=29762
INF http m=GET p=/assets/editor-vendor-Bje_VwYD.js s=200 d=190µs s=117396
INF http m=GET p=/api/v1/workspaces/441OT647G000/nodes/441OT7S1O000 s=200 d=330µs s=133
INF http m=GET p=/assets/en-BOb8f2G7.js s=200 d=94µs s=5207
INF http m=GET p=/api/v1/auth/me s=200 d=227µs s=165
INF http m=GET p=/api/v1/notifications/unread-count s=200 d=300µs s=25
INF http m=GET p=/favicon.png s=200 d=28µs s=449
INF http m=GET p=/sw.js s=200 d=55µs s=5540
ERR Failed to commit DB changes err="failed to stage db changes: exit status 128\nOutput: fatal: Unable to create '/home/runner/work/mddb/mddb/data-e2e/.git/index.lock': File exists.\n\nAnother git process seems to be running in this repository, or the lock file may be stale\n"
INF http m=POST p=/api/v1/organizations s=200 d=9.03ms s=352
INF http m=GET p=/api/v1/auth/me s=200 d=916µs s=251
INF http m=GET p=/registerSW.js s=200 d=40µs s=87
INF http m=GET p=/index.html s=200 d=42µs s=542
INF http m=GET p=/icon.svg s=200 d=35µs s=195
INF http m=GET p=/icon-512.png s=200 d=79µs s=6498
ERR Failed to commit DB changes err="failed to stage db changes: exit status 128\nOutput: fatal: Unable to create '/home/runner/work/mddb/mddb/data-e2e/.git/index.lock': File exists.\n\nAnother git process seems to be running in this repository, or the lock file may be stale\n"
INF http m=POST p=/api/v1/workspaces/441OT647G000/nodes/441OT7S1O000/move s=200 d=41.6ms s=25
INF http m=GET p=/icon-192.png s=200 d=45µs s=2468
INF http m=GET p=/favicon.png s=200 d=34µs s=449
INF http m=GET p=/api/v1/workspaces/441OT647G000/nodes/441OT81A0000/children s=200 d=653µs s=156
INF http m=GET p=/apple-touch-icon.png s=200 d=89µs s=2298
INF http m=GET p=/assets/material-symbols-names-mOXCVt15.js s=200 d=107µs s=15793
ERR Failed to add workspace submodule wsID=441OTBOR0000 err="failed to add submodule 441OTBOR0000: exit status 128\nOutput: Adding existing repo at '441OTBOR0000' to the index\nfatal: Unable to create '/home/runner/work/mddb/mddb/data-e2e/.git/index.lock': File exists.\n\nAnother git process seems to be running in this repository, or the lock file may be stale\nfatal: Failed to add submodule '441OTBOR0000'\n"
ERR Failed to commit DB changes err="failed to stage db changes: exit status 128\nOutput: fatal: Unable to create '/home/runner/work/mddb/mddb/data-e2e/.git/index.lock': File exists.\n\nAnother git process seems to be running in this repository, or the lock file may be stale\n"
INF http m=POST p=/api/v1/organizations/441OTBEOI000/workspaces s=200 d=137ms s=301
INF http m=GET p=/assets/fr-CgauyyXq.js s=200 d=876µs s=6301
ERR Failed to commit DB changes err="failed to stage db changes: exit status 128\nOutput: fatal: Unable to create '/home/runner/work/mddb/mddb/data-e2e/.git/index.lock': File exists.\n\nAnother git process seems to be running in this repository, or the lock file may be stale\n"
INF http m=POST p=/api/v1/workspaces/441OT647G000/nodes/441OT7S1O000/move s=200 d=25.4ms s=25
ERR Failed to commit DB changes err="failed to stage db changes: exit status 128\nOutput: fatal: Unable to create '/home/runner/work/mddb/mddb/data-e2e/.git/index.lock': File exists.\n\nAnother git process seems to be running in this repository, or the lock file may be stale\n"
INF http m=POST p=/api/v1/auth/switch-workspace s=200 d=7.33ms s=574
INF http m=GET p=/assets/es-DHO8DnB9.js s=200 d=77µs s=6015
INF http m=GET p=/api/v1/workspaces/441OTBOR0000/nodes/0/children s=200 d=334µs s=26
INF http m=GET p=/assets/emoji-groups-tsNE8Axz.js s=200 d=134µs s=13852
INF http m=GET p=/api/v1/workspaces/441OTBOR0000/members s=200 d=10.3ms s=128
INF http m=GET p=/api/v1/notifications/unread-count s=200 d=14.6ms s=25
INF http m=GET p=/api/v1/workspaces/441OT647G000/events s=200 d=570ms s=224
ERR Failed to commit DB changes err="failed to stage db changes: exit status 128\nOutput: fatal: Unable to create '/home/runner/work/mddb/mddb/data-e2e/.git/index.lock': File exists.\n\nAnother git process seems to be running in this repository, or the lock file may be stale\n"
INF http m=POST p=/api/v1/workspaces/441OTBOR0000/nodes/0/page/create s=200 d=41.4ms s=35
INF http m=GET p=/api/v1/workspaces/441OTBOR0000/nodes/0/children s=200 d=548µs s=257
INF http m=GET p=/api/v1/workspaces/441OTBOR0000/nodes/441OTD16A000 s=200 d=699µs s=245
INF http m=GET p=/assets/de-qJeflSp6.js s=200 d=1.33ms s=6245
INF http m=GET p=/assets/Editor-BYBWY7b1.css s=200 d=97µs s=2240
INF http m=GET p=/assets/Editor-5FlZhQpN.js s=200 d=82µs s=13509
INF http m=GET p=/assets/WorkspaceSettingsPanel-CsUOm22X.css s=200 d=37µs s=1025
INF http m=GET p=/assets/WorkspaceSettingsPanel-CM5oaFTF.js s=200 d=127µs s=4443
INF http m=GET p=/assets/ServerSettingsPanel-pbgISWIv.css s=200 d=50µs s=596
INF http m=GET p=/assets/ServerSettingsPanel-C8C6nm9a.js s=200 d=68µs s=2550
INF http m=GET p=/assets/ResourceQuotaForm-DTSj8Ta5.css s=200 d=43µs s=302
INF http m=GET p=/api/v1/workspaces/441OTBOR0000/events s=200 d=227ms s=202
ERR Failed to commit DB changes err="failed to stage db changes: exit status 128\nOutput: fatal: Unable to create '/home/runner/work/mddb/mddb/data-e2e/.git/index.lock': File exists.\n\nAnother git process seems to be running in this repository, or the lock file may be stale\n"
INF http m=POST p=/api/v1/auth/register s=200 d=123ms s=387
INF http m=GET p=/ s=200 d=67µs s=542
INF http m=GET p=/registerSW.js s=200 d=71µs s=87
INF http m=GET p=/assets/vendor-C3WBU0hm.js s=200 d=148µs s=29762
INF http m=GET p=/assets/editor-vendor-Bje_VwYD.js s=200 d=188µs s=117396
INF http m=GET p=/assets/index-DPQ8uk7g.css s=200 d=110µs s=12402
INF http m=GET p=/assets/index-SHhnYNGf.js s=200 d=1.83ms s=49792
ERR Failed to commit DB changes err="failed to stage db changes: exit status 128\nOutput: fatal: Unable to create '/home/runner/work/mddb/mddb/data-e2e/.git/index.lock': File exists.\n\nAnother git process seems to be running in this repository, or the lock file may be stale\n"
INF http m=POST p=/api/v1/auth/register s=200 d=150ms s=386
INF http m=GET p=/api/v1/auth/me s=200 d=675µs s=164
INF http m=GET p=/ s=200 d=77µs s=542
INF http m=GET p=/assets/en-BOb8f2G7.js s=200 d=74µs s=5207
INF http m=GET p=/sw.js s=200 d=83µs s=5540
INF http m=GET p=/api/v1/notifications/unread-count s=200 d=674µs s=25
INF http m=GET p=/assets/index-SHhnYNGf.js s=200 d=166µs s=49792
INF http m=GET p=/assets/index-DPQ8uk7g.css s=200 d=972µs s=12402
INF http m=GET p=/favicon.png s=200 d=26µs s=449
INF http m=GET p=/assets/editor-vendor-Bje_VwYD.js s=200 d=204µs s=117396
INF http m=GET p=/assets/vendor-C3WBU0hm.js s=200 d=191µs s=29762
ERR Failed to commit DB changes err="failed to stage db changes: exit status 128\nOutput: fatal: Unable to create '/home/runner/work/mddb/mddb/data-e2e/.git/index.lock': File exists.\n\nAnother git process seems to be running in this repository, or the lock file may be stale\n"
INF http m=POST p=/api/v1/organizations s=200 d=12.5ms s=350
INF http m=GET p=/registerSW.js s=200 d=34µs s=87
INF http m=GET p=/api/v1/auth/me s=200 d=753µs s=249
INF http m=GET p=/registerSW.js s=200 d=43µs s=87
INF http m=GET p=/index.html s=200 d=48µs s=542
INF http m=GET p=/icon.svg s=200 d=33µs s=195
INF http m=GET p=/icon-512.png s=200 d=80µs s=6498
INF http m=GET p=/icon-192.png s=200 d=50µs s=2468
INF http m=GET p=/favicon.png s=200 d=40µs s=449
INF http m=GET p=/api/v1/auth/me s=200 d=736µs s=163
INF http m=GET p=/assets/en-BOb8f2G7.js s=200 d=83µs s=5207
INF http m=GET p=/apple-touch-icon.png s=200 d=57µs s=2298
INF http m=GET p=/api/v1/notifications/unread-count s=200 d=201µs s=25
INF http m=GET p=/sw.js s=200 d=70µs s=5540
INF http m=GET p=/assets/material-symbols-names-mOXCVt15.js s=200 d=116µs s=15793
INF http m=GET p=/favicon.png s=200 d=51µs s=449
INF http m=GET p=/registerSW.js s=200 d=27µs s=87
INF http m=GET p=/assets/fr-CgauyyXq.js s=200 d=116µs s=6301
ERR Failed to add workspace submodule wsID=441OTH9S0000 err="failed to add submodule 441OTH9S0000: exit status 128\nOutput: Adding existing repo at '441OTH9S0000' to the index\nfatal: Unable to create '/home/runner/work/mddb/mddb/data-e2e/.git/index.lock': File exists.\n\nAnother git process seems to be running in this repository, or the lock file may be stale\nfatal: Failed to add submodule '441OTH9S0000'\n"
INF http m=GET p=/assets/es-DHO8DnB9.js s=200 d=771µs s=6015
ERR Failed to commit DB changes err="failed to stage db changes: exit status 128\nOutput: fatal: Unable to create '/home/runner/work/mddb/mddb/data-e2e/.git/index.lock': File exists.\n\nAnother git process seems to be running in this repository, or the lock file may be stale\n"
INF http m=POST p=/api/v1/organizations/441OTGSL4000/workspaces s=200 d=209ms s=297
INF http m=GET p=/index.html s=200 d=32µs s=542
ERR Failed to commit DB changes err="failed to stage db changes: exit status 128\nOutput: fatal: Unable to create '/home/runner/work/mddb/mddb/data-e2e/.git/index.lock': File exists.\n\nAnother git process seems to be running in this repository, or the lock file may be stale\n"
INF http m=POST p=/api/v1/organizations s=200 d=85.1ms s=350
INF http m=GET p=/api/v1/auth/me s=200 d=1.26ms s=249
INF http m=GET p=/icon.svg s=200 d=34µs s=195
ERR Failed to commit DB changes err="failed to stage db changes: exit status 128\nOutput: fatal: Unable to create '/home/runner/work/mddb/mddb/data-e2e/.git/index.lock': File exists.\n\nAnother git process seems to be running in this repository, or the lock file may be stale\n"
INF http m=POST p=/api/v1/auth/switch-workspace s=200 d=20.6ms s=561
INF http m=GET p=/icon-512.png s=200 d=70µs s=6498
INF http m=GET p=/assets/emoji-groups-tsNE8Axz.js s=200 d=94µs s=13852
INF http m=GET p=/icon-192.png s=200 d=63µs s=2468
INF http m=GET p=/favicon.png s=200 d=40µs s=449
INF http m=GET p=/api/v1/notifications/unread-count s=200 d=1.59ms s=25
INF http m=GET p=/api/v1/workspaces/441OTH9S0000/members s=200 d=4.73ms s=122
INF http m=GET p=/apple-touch-icon.png s=200 d=84µs s=2298
INF http m=GET p=/api/v1/workspaces/441OTH9S0000/nodes/0/children s=200 d=6.3ms s=26
INF http m=GET p=/assets/material-symbols-names-mOXCVt15.js s=200 d=88µs s=15793
INF http m=GET p=/assets/fr-CgauyyXq.js s=200 d=142µs s=6301
INF http m=GET p=/assets/de-qJeflSp6.js s=200 d=155µs s=6245
INF http m=GET p=/assets/es-DHO8DnB9.js s=200 d=84µs s=6015
INF http m=GET p=/assets/WorkspaceSettingsPanel-CsUOm22X.css s=200 d=23µs s=1025
INF http m=GET p=/assets/WorkspaceSettingsPanel-CM5oaFTF.js s=200 d=72µs s=4443
INF http m=GET p=/assets/emoji-groups-tsNE8Axz.js s=200 d=245µs s=13852
INF http m=GET p=/assets/ServerSettingsPanel-pbgISWIv.css s=200 d=39µs s=596
INF http m=GET p=/assets/ServerSettingsPanel-C8C6nm9a.js s=200 d=62µs s=2550
ERR Failed to add workspace submodule wsID=441OTINJS000 err="failed to add submodule 441OTINJS000: exit status 128\nOutput: Adding existing repo at '441OTINJS000' to the index\nfatal: Unable to create '/home/runner/work/mddb/mddb/data-e2e/.git/index.lock': File exists.\n\nAnother git process seems to be running in this repository, or the lock file may be stale\nfatal: Failed to add submodule '441OTINJS000'\n"
ERR Failed to commit DB changes err="failed to stage db changes: exit status 128\nOutput: fatal: Unable to create '/home/runner/work/mddb/mddb/data-e2e/.git/index.lock': File exists.\n\nAnother git process seems to be running in this repository, or the lock file may be stale\n"
INF http m=POST p=/api/v1/organizations/441OTI45O000/workspaces s=200 d=171ms s=295
INF http m=GET p=/assets/ResourceQuotaForm-DTSj8Ta5.css s=200 d=35µs s=302
ERR Failed to commit DB changes err="failed to stage db changes: exit status 128\nOutput: fatal: Unable to create '/home/runner/work/mddb/mddb/data-e2e/.git/index.lock': File exists.\n\nAnother git process seems to be running in this repository, or the lock file may be stale\n"
INF http m=POST p=/api/v1/workspaces/441OTH9S0000/nodes/0/page/create s=200 d=61.9ms s=35
INF http m=GET p=/api/v1/workspaces/441OTH9S0000/nodes/0/children s=200 d=259µs s=257
ERR Failed to commit DB changes err="failed to stage db changes: exit status 128\nOutput: fatal: Unable to create '/home/runner/work/mddb/mddb/data-e2e/.git/index.lock': File exists.\n\nAnother git process seems to be running in this repository, or the lock file may be stale\n"
INF http m=POST p=/api/v1/auth/switch-workspace s=200 d=6.05ms s=611
INF http m=GET p=/assets/ResourceQuotaForm-D6gJNn3N.js s=200 d=34µs s=812
INF http m=GET p=/api/v1/workspaces/441OTH9S0000/nodes/441OTJDHA000 s=200 d=325µs s=245
INF http m=GET p=/assets/ProfileSettings-rthGIjGN.js s=200 d=72µs s=4319
INF http m=GET p=/api/v1/auth/me s=200 d=231µs s=368
INF http m=GET p=/assets/Editor-BYBWY7b1.css s=200 d=70µs s=2240
INF http m=GET p=/assets/Editor-5FlZhQpN.js s=200 d=118µs s=13509
INF http m=GET p=/assets/ProfileSettings-D5kbNfHV.css s=200 d=25µs s=1220
INF http m=GET p=/api/v1/workspaces/441OTINJS000/members s=200 d=187µs s=124
INF http m=GET p=/api/v1/notifications/unread-count s=200 d=3.69ms s=25
INF http m=GET p=/api/v1/workspaces/441OTINJS000/nodes/0/children s=200 d=3.68ms s=26
INF http m=GET p=/assets/OrgSettingsPanel-BP8s6T0h.css s=200 d=60µs s=511
INF http m=GET p=/assets/de-qJeflSp6.js s=200 d=124µs s=6245
INF http m=GET p=/assets/OrgSettingsPanel-B78NX7Vn.js s=200 d=59µs s=2302
INF http m=GET p=/api/v1/auth/me s=200 d=269µs s=368
INF http m=GET p=/assets/WorkspaceSettingsPanel-CsUOm22X.css s=200 d=41µs s=1025
INF http m=GET p=/assets/WorkspaceSettingsPanel-CM5oaFTF.js s=200 d=128µs s=4443
INF http m=GET p=/api/v1/workspaces/441OTH9S0000/events s=200 d=204ms s=207
INF http m=GET p=/assets/ServerSettingsPanel-pbgISWIv.css s=200 d=44µs s=596
INF http m=GET p=/assets/ServerSettingsPanel-C8C6nm9a.js s=200 d=2.82ms s=2550
ERR Failed to commit DB changes err="failed to stage db changes: exit status 128\nOutput: fatal: Unable to create '/home/runner/work/mddb/mddb/data-e2e/.git/index.lock': File exists.\n\nAnother git process seems to be running in this repository, or the lock file may be stale\n"
INF http m=POST p=/api/v1/workspaces/441OTINJS000/nodes/0/page/create s=200 d=46.9ms s=35
INF http m=GET p=/assets/ResourceQuotaForm-DTSj8Ta5.css s=200 d=36µs s=302
INF http m=GET p=/api/v1/workspaces/441OTINJS000/nodes/0/children s=200 d=258µs s=257
INF http m=GET p=/assets/ResourceQuotaForm-D6gJNn3N.js s=200 d=50µs s=812
INF http m=GET p=/api/v1/workspaces/441OTINJS000/nodes/441OTKCNG000 s=200 d=935µs s=245
INF http m=GET p=/assets/ProfileSettings-rthGIjGN.js s=200 d=118µs s=4319
INF http m=GET p=/assets/ProfileSettings-D5kbNfHV.css s=200 d=48µs s=1220
INF http m=GET p=/assets/Editor-BYBWY7b1.css s=200 d=45µs s=2240
INF http m=GET p=/assets/Editor-5FlZhQpN.js s=200 d=185µs s=13509
INF http m=GET p=/assets/OrgSettingsPanel-BP8s6T0h.css s=200 d=39µs s=511
INF http m=GET p=/assets/OrgSettingsPanel-B78NX7Vn.js s=200 d=57µs s=2302
INF http m=GET p=/assets/InviteForm-R7w4u6kW.js s=200 d=76µs s=1267
INF http m=GET p=/assets/InviteForm-CW-wgFWD.css s=200 d=46µs s=414
ERR Failed to add workspace submodule wsID=441OTKCJI000 err="failed to add submodule 441OTKCJI000: exit status 128\nOutput: Adding existing repo at '441OTKCJI000' to the index\nfatal: Unable to create '/home/runner/work/mddb/mddb/data-e2e/.git/index.lock': File exists.\n\nAnother git process seems to be running in this repository, or the lock file may be stale\nfatal: Failed to add submodule '441OTKCJI000'\n"
INF http m=GET p=/assets/AdminDashboard-R0heLGro.css s=200 d=42µs s=601
INF http m=GET p=/assets/AdminDashboard-D3Sw1IyX.js s=200 d=45µs s=2075
ERR Failed to commit DB changes err="failed to stage db changes: exit status 128\nOutput: fatal: Unable to create '/home/runner/work/mddb/mddb/data-e2e/.git/index.lock': File exists.\n\nAnother git process seems to be running in this repository, or the lock file may be stale\n"
INF http m=POST p=/api/v1/organizations/441OTI45O000/workspaces s=200 d=152ms s=304
INF http m=GET p=/manifest.webmanifest s=200 d=69µs s=199
INF http m=GET p=/w/@441OTINJS000+workspace/@441OTKCNG000+welcome s=200 d=44µs s=542
INF http m=GET p=/api/v1/workspaces/441OTINJS000/events s=200 d=210ms s=207
INF http m=GET p=/registerSW.js s=200 d=42µs s=87
INF http m=GET p=/api/v1/auth/me s=200 d=799µs s=379
INF http m=GET p=/api/v1/notifications/unread-count s=200 d=201µs s=25
INF http m=GET p=/api/v1/workspaces/441OTINJS000/nodes/0/children s=200 d=734µs s=257
INF http m=GET p=/api/v1/workspaces/441OTINJS000/nodes/441OTKCNG000 s=200 d=668µs s=245
INF http m=GET p=/api/v1/workspaces/441OTINJS000/members s=200 d=4.76ms s=124
ERR Failed to commit DB changes err="failed to stage db changes: exit status 128\nOutput: fatal: Unable to create '/home/runner/work/mddb/mddb/data-e2e/.git/index.lock': File exists.\n\nAnother git process seems to be running in this repository, or the lock file may be stale\n"
INF http m=POST p=/api/v1/auth/register s=200 d=133ms s=389
INF http m=GET p=/api/v1/workspaces/441OTINJS000/events s=200 d=44.5ms s=93
INF http m=GET p=/ s=200 d=91µs s=542
INF http m=GET p=/assets/vendor-C3WBU0hm.js s=200 d=143µs s=29762
INF http m=GET p=/assets/index-DPQ8uk7g.css s=200 d=143µs s=12402
INF http m=GET p=/assets/editor-vendor-Bje_VwYD.js s=200 d=210µs s=117396
INF http m=GET p=/assets/index-SHhnYNGf.js s=200 d=106µs s=49792
INF http m=GET p=/registerSW.js s=200 d=36µs s=87
INF http m=GET p=/api/v1/auth/me s=200 d=312µs s=160
INF http m=GET p=/assets/en-BOb8f2G7.js s=200 d=119µs s=5207
INF http m=GET p=/api/v1/notifications/unread-count s=200 d=259µs s=25
INF http m=GET p=/sw.js s=200 d=87µs s=5540
ERR Failed to commit DB changes err="failed to stage db changes: exit status 128\nOutput: fatal: Unable to create '/home/runner/work/mddb/mddb/data-e2e/.git/index.lock': File exists.\n\nAnother git process seems to be running in this repository, or the lock file may be stale\n"
INF http m=POST p=/api/v1/organizations s=200 d=13.4ms s=348
INF http m=GET p=/favicon.png s=200 d=44µs s=449
INF http m=GET p=/api/v1/auth/me s=200 d=1.85ms s=247
INF http m=GET p=/registerSW.js s=200 d=48µs s=87
INF http m=GET p=/index.html s=200 d=52µs s=542
INF http m=GET p=/icon.svg s=200 d=127µs s=195
INF http m=GET p=/icon-512.png s=200 d=72µs s=6498
INF http m=GET p=/icon-192.png s=200 d=48µs s=2468
INF http m=GET p=/favicon.png s=200 d=45µs s=449
INF http m=GET p=/apple-touch-icon.png s=200 d=45µs s=2298
INF http m=GET p=/assets/material-symbols-names-mOXCVt15.js s=200 d=104µs s=15793
INF http m=GET p=/assets/fr-CgauyyXq.js s=200 d=77µs s=6301
INF http m=GET p=/assets/es-DHO8DnB9.js s=200 d=102µs s=6015
INF http m=GET p=/assets/emoji-groups-tsNE8Axz.js s=200 d=114µs s=13852
ERR Failed to add workspace submodule wsID=441OTOSCG000 err="failed to add submodule 441OTOSCG000: exit status 128\nOutput: Adding existing repo at '441OTOSCG000' to the index\nfatal: Unable to create '/home/runner/work/mddb/mddb/data-e2e/.git/index.lock': File exists.\n\nAnother git process seems to be running in this repository, or the lock file may be stale\nfatal: Failed to add submodule '441OTOSCG000'\n"
ERR Failed to commit DB changes err="failed to stage db changes: exit status 128\nOutput: fatal: Unable to create '/home/runner/work/mddb/mddb/data-e2e/.git/index.lock': File exists.\n\nAnother git process seems to be running in this repository, or the lock file may be stale\n"
INF http m=POST p=/api/v1/organizations/441OTOBO4000/workspaces s=200 d=135ms s=297
ERR Failed to commit DB changes err="failed to stage db changes: exit status 128\nOutput: fatal: Unable to create '/home/runner/work/mddb/mddb/data-e2e/.git/index.lock': File exists.\n\nAnother git process seems to be running in this repository, or the lock file may be stale\n"
INF http m=POST p=/api/v1/auth/register s=200 d=179ms s=393
INF http m=GET p=/ s=200 d=54µs s=542
ERR Failed to commit DB changes err="failed to stage db changes: exit status 128\nOutput: fatal: Unable to create '/home/runner/work/mddb/mddb/data-e2e/.git/index.lock': File exists.\n\nAnother git process seems to be running in this repository, or the lock file may be stale\n"
INF http m=POST p=/api/v1/auth/switch-workspace s=200 d=7.19ms s=551
INF http m=GET p=/api/v1/notifications/unread-count s=200 d=1.11ms s=25
INF http m=GET p=/api/v1/workspaces/441OTOSCG000/nodes/0/children s=200 d=409µs s=26
INF http m=GET p=/registerSW.js s=200 d=87µs s=87
INF http m=GET p=/assets/index-DPQ8uk7g.css s=200 d=175µs s=12402
INF http m=GET p=/assets/vendor-C3WBU0hm.js s=200 d=172µs s=29762
INF http m=GET p=/assets/editor-vendor-Bje_VwYD.js s=200 d=186µs s=117396
INF http m=GET p=/assets/index-SHhnYNGf.js s=200 d=144µs s=49792
INF http m=GET p=/api/v1/workspaces/441OTOSCG000/members s=200 d=9.77ms s=122
INF http m=GET p=/assets/de-qJeflSp6.js s=200 d=142µs s=6245
INF http m=GET p=/assets/WorkspaceSettingsPanel-CsUOm22X.css s=200 d=40µs s=1025
INF http m=GET p=/assets/WorkspaceSettingsPanel-CM5oaFTF.js s=200 d=118µs s=4443
INF http m=GET p=/assets/ServerSettingsPanel-pbgISWIv.css s=200 d=82µs s=596
INF http m=GET p=/assets/ServerSettingsPanel-C8C6nm9a.js s=200 d=75µs s=2550
ERR Failed to commit DB changes err="failed to stage db changes: exit status 128\nOutput: fatal: Unable to create '/home/runner/work/mddb/mddb/data-e2e/.git/index.lock': File exists.\n\nAnother git process seems to be running in this repository, or the lock file may be stale\n"
INF http m=POST p=/api/v1/workspaces/441OTOSCG000/nodes/0/page/create s=200 d=42ms s=35
INF http m=GET p=/api/v1/workspaces/441OTOSCG000/nodes/0/children s=200 d=357µs s=240
INF http m=GET p=/assets/ResourceQuotaForm-DTSj8Ta5.css s=200 d=40µs s=302
INF http m=GET p=/assets/ResourceQuotaForm-D6gJNn3N.js s=200 d=35µs s=812
INF http m=GET p=/api/v1/workspaces/441OTOSCG000/nodes/441OTQ87C000 s=200 d=294µs s=245
INF http m=GET p=/assets/ProfileSettings-rthGIjGN.js s=200 d=80µs s=4319
ERR Failed to commit DB changes err="failed to stage db changes: exit status 128\nOutput: fatal: Unable to create '/home/runner/work/mddb/mddb/data-e2e/.git/index.lock': File exists.\n\nAnother git process seems to be running in this repository, or the lock file may be stale\n"
INF http m=POST p=/api/v1/workspaces/441OTOSCG000/nodes/0/page/create s=200 d=67ms s=26
INF http m=GET p=/assets/Editor-5FlZhQpN.js s=200 d=86µs s=13509
INF http m=GET p=/assets/Editor-BYBWY7b1.css s=200 d=43µs s=2240
INF http m=GET p=/assets/ProfileSettings-D5kbNfHV.css s=200 d=39µs s=1220
INF http m=GET p=/w/@441OTOSCG000+workspace/@441OTQ87C000+welcome s=200 d=89µs s=542
INF http m=GET p=/assets/OrgSettingsPanel-BP8s6T0h.css s=200 d=47µs s=511
INF http m=GET p=/assets/OrgSettingsPanel-B78NX7Vn.js s=200 d=64µs s=2302
INF http m=GET p=/assets/InviteForm-R7w4u6kW.js s=200 d=46µs s=1267
INF http m=GET p=/api/v1/workspaces/441OTOSCG000/events s=200 d=174ms s=226
INF http m=GET p=/assets/InviteForm-CW-wgFWD.css s=200 d=47µs s=414
INF http m=GET p=/registerSW.js s=200 d=59µs s=87
INF http m=GET p=/assets/en-BOb8f2G7.js s=200 d=117µs s=5207
INF http m=GET p=/api/v1/auth/me s=200 d=2.35ms s=164
INF http m=GET p=/api/v1/notifications/unread-count s=200 d=328µs s=25
INF http m=GET p=/favicon.png s=200 d=35µs s=449
INF http m=GET p=/assets/AdminDashboard-R0heLGro.css s=200 d=40µs s=601
INF http m=GET p=/assets/AdminDashboard-D3Sw1IyX.js s=200 d=44µs s=2075
ERR Failed to commit DB changes err="failed to stage db changes: exit status 128\nOutput: fatal: Unable to create '/home/runner/work/mddb/mddb/data-e2e/.git/index.lock': File exists.\n\nAnother git process seems to be running in this repository, or the lock file may be stale\n"
INF http m=POST p=/api/v1/organizations s=200 d=11.4ms s=351
INF http m=GET p=/sw.js s=200 d=139µs s=5540
INF http m=GET p=/api/v1/auth/me s=200 d=9.19ms s=349
INF http m=GET p=/manifest.webmanifest s=200 d=34µs s=199
INF http m=GET p=/registerSW.js s=200 d=41µs s=87
INF http m=GET p=/api/v1/auth/me s=200 d=341µs s=251
INF http m=GET p=/index.html s=200 d=44µs s=542
INF http m=GET p=/icon.svg s=200 d=42µs s=195
INF http m=GET p=/api/v1/notifications/unread-count s=200 d=9.35ms s=25
INF http m=GET p=/api/v1/workspaces/441OTOSCG000/members s=200 d=7.93ms s=122
INF http m=GET p=/icon-512.png s=200 d=231µs s=6498
INF http m=GET p=/api/v1/workspaces/441OTOSCG000/nodes/0/children s=200 d=19.3ms s=240
INF http m=GET p=/api/v1/workspaces/441OTOSCG000/nodes/441OTQ87C000 s=200 d=20ms s=245
INF http m=GET p=/icon-192.png s=200 d=52µs s=2468
INF http m=GET p=/favicon.png s=200 d=45µs s=449
INF http m=GET p=/apple-touch-icon.png s=200 d=66µs s=2298
INF http m=GET p=/assets/material-symbols-names-mOXCVt15.js s=200 d=96µs s=15793
INF http m=GET p=/api/v1/workspaces/441OTOSCG000/nodes/441OTQEJM000 s=200 d=3.39ms s=166
INF http m=GET p=/assets/fr-CgauyyXq.js s=200 d=105µs s=6301
INF http m=GET p=/assets/es-DHO8DnB9.js s=200 d=85µs s=6015
ERR Failed to add workspace submodule wsID=441OTRV20000 err="failed to add submodule 441OTRV20000: exit status 128\nOutput: Adding existing repo at '441OTRV20000' to the index\nfatal: Unable to create '/home/runner/work/mddb/mddb/data-e2e/.git/index.lock': File exists.\n\nAnother git process seems to be running in this repository, or the lock file may be stale\nfatal: Failed to add submodule '441OTRV20000'\n"
INF http m=GET p=/assets/emoji-groups-tsNE8Axz.js s=200 d=94µs s=13852
INF http m=GET p=/api/v1/auth/me s=200 d=221µs s=367
ERR Failed to commit DB changes err="failed to stage db changes: exit status 128\nOutput: fatal: Unable to create '/home/runner/work/mddb/mddb/data-e2e/.git/index.lock': File exists.\n\nAnother git process seems to be running in this repository, or the lock file may be stale\n"
INF http m=POST p=/api/v1/organizations/441OTRHRS000/workspaces s=200 d=162ms s=296
ERR Failed to commit DB changes err="failed to stage db changes: exit status 128\nOutput: fatal: Unable to create '/home/runner/work/mddb/mddb/data-e2e/.git/index.lock': File exists.\n\nAnother git process seems to be running in this repository, or the lock file may be stale\n"
INF http m=POST p=/api/v1/auth/switch-workspace s=200 d=7.84ms s=619
INF http m=GET p=/api/v1/workspaces/441OTRV20000/nodes/0/children s=200 d=587µs s=26
INF http m=GET p=/api/v1/notifications/unread-count s=200 d=2.7ms s=25
INF http m=GET p=/api/v1/workspaces/441OTRV20000/members s=200 d=228µs s=126
INF http m=GET p=/api/v1/auth/me s=200 d=279µs s=365
INF http m=GET p=/assets/de-qJeflSp6.js s=200 d=72µs s=6245
INF http m=GET p=/assets/WorkspaceSettingsPanel-CsUOm22X.css s=200 d=30µs s=1025
INF http m=GET p=/assets/WorkspaceSettingsPanel-CM5oaFTF.js s=200 d=64µs s=4443
INF http m=GET p=/api/v1/workspaces/441OTRV20000/events s=200 d=43.6ms s=207
ERR Failed to add workspace submodule wsID=441OTSV6I000 err="failed to add submodule 441OTSV6I000: exit status 128\nOutput: Adding existing repo at '441OTSV6I000' to the index\nfatal: Unable to create '/home/runner/work/mddb/mddb/data-e2e/.git/index.lock': File exists.\n\nAnother git process seems to be running in this repository, or the lock file may be stale\nfatal: Failed to add submodule '441OTSV6I000'\n"
ERR Failed to commit DB changes err="failed to stage db changes: exit status 128\nOutput: fatal: Unable to create '/home/runner/work/mddb/mddb/data-e2e/.git/index.lock': File exists.\n\nAnother git process seems to be running in this repository, or the lock file may be stale\n"
INF http m=POST p=/api/v1/organizations/441OTOBO4000/workspaces s=200 d=112ms s=310
ERR Failed to commit DB changes err="failed to stage db changes: exit status 128\nOutput: fatal: Unable to create '/home/runner/work/mddb/mddb/data-e2e/.git/index.lock': File exists.\n\nAnother git process seems to be running in this repository, or the lock file may be stale\n"
INF http m=POST p=/api/v1/workspaces/441OTRV20000/nodes/0/page/create s=200 d=54.8ms s=35
ERR Failed to commit DB changes err="failed to stage db changes: exit status 128\nOutput: fatal: Unable to create '/home/runner/work/mddb/mddb/data-e2e/.git/index.lock': File exists.\n\nAnother git process seems to be running in this repository, or the lock file may be stale\n"
INF http m=POST p=/api/v1/auth/switch-workspace s=200 d=6.42ms s=606
INF http m=GET p=/api/v1/workspaces/441OTOSCG000/events s=200 d=279ms s=93
INF http m=GET p=/api/v1/auth/me s=200 d=5.04ms s=406
INF http m=GET p=/api/v1/notifications/unread-count s=200 d=215µs s=25
INF http m=GET p=/api/v1/workspaces/441OTSV6I000/members s=200 d=541µs s=122
INF http m=GET p=/api/v1/workspaces/441OTSV6I000/nodes/0/children s=200 d=275µs s=26
ERR Failed to commit DB changes err="failed to stage db changes: exit status 128\nOutput: fatal: Unable to create '/home/runner/work/mddb/mddb/data-e2e/.git/index.lock': File exists.\n\nAnother git process seems to be running in this repository, or the lock file may be stale\n"
INF http m=POST p=/api/v1/workspaces/441OTSV6I000/nodes/0/page/create s=200 d=37.1ms s=35
INF http m=GET p=/api/v1/workspaces/441OTSV6I000/events s=200 d=64.7ms s=201
ERR Failed to commit DB changes err="failed to stage db changes: exit status 128\nOutput: fatal: Unable to create '/home/runner/work/mddb/mddb/data-e2e/.git/index.lock': File exists.\n\nAnother git process seems to be running in this repository, or the lock file may be stale\n"
INF http m=POST p=/api/v1/auth/register s=200 d=135ms s=383
INF http m=GET p=/ s=200 d=59µs s=542
INF http m=GET p=/assets/index-SHhnYNGf.js s=200 d=160µs s=49792
INF http m=GET p=/assets/index-DPQ8uk7g.css s=200 d=123µs s=12402
INF http m=GET p=/assets/editor-vendor-Bje_VwYD.js s=200 d=171µs s=117396
INF http m=GET p=/registerSW.js s=200 d=49µs s=87
INF http m=GET p=/assets/vendor-C3WBU0hm.js s=200 d=124µs s=29762
INF http m=GET p=/api/v1/auth/me s=200 d=854µs s=165
INF http m=GET p=/assets/en-BOb8f2G7.js s=200 d=800µs s=5207
INF http m=GET p=/sw.js s=200 d=87µs s=5540
INF http m=GET p=/api/v1/notifications/unread-count s=200 d=205µs s=25
ERR Failed to commit DB changes err="failed to stage db changes: exit status 128\nOutput: fatal: Unable to create '/home/runner/work/mddb/mddb/data-e2e/.git/index.lock': File exists.\n\nAnother git process seems to be running in this repository, or the lock file may be stale\n"
INF http m=POST p=/api/v1/organizations s=200 d=8.89ms s=349
INF http m=GET p=/favicon.png s=200 d=51µs s=449
INF http m=GET p=/api/v1/auth/me s=200 d=723µs s=251
INF http m=GET p=/registerSW.js s=200 d=40µs s=87
ERR Failed to commit DB changes err="failed to stage db changes: exit status 128\nOutput: fatal: Unable to create '/home/runner/work/mddb/mddb/data-e2e/.git/index.lock': File exists.\n\nAnother git process seems to be running in this repository, or the lock file may be stale\n"
INF http m=POST p=/api/v1/auth/register s=200 d=99.4ms s=395
INF http m=GET p=/index.html s=200 d=42µs s=542
INF http m=GET p=/ s=200 d=59µs s=542
INF http m=GET p=/icon.svg s=200 d=42µs s=195
INF http m=GET p=/icon-512.png s=200 d=78µs s=6498
INF http m=GET p=/icon-192.png s=200 d=63µs s=2468
INF http m=GET p=/assets/index-SHhnYNGf.js s=200 d=179µs s=49792
INF http m=GET p=/assets/index-DPQ8uk7g.css s=200 d=109µs s=12402
INF http m=GET p=/favicon.png s=200 d=30µs s=449
INF http m=GET p=/assets/editor-vendor-Bje_VwYD.js s=200 d=425µs s=117396
INF http m=GET p=/assets/vendor-C3WBU0hm.js s=200 d=143µs s=29762
INF http m=GET p=/registerSW.js s=200 d=48µs s=87
INF http m=GET p=/apple-touch-icon.png s=200 d=45µs s=2298
INF http m=GET p=/assets/material-symbols-names-mOXCVt15.js s=200 d=178µs s=15793
ERR Failed to add workspace submodule wsID=441OU1HO6000 err="failed to add submodule 441OU1HO6000: exit status 128\nOutput: Adding existing repo at '441OU1HO6000' to the index\nfatal: Unable to create '/home/runner/work/mddb/mddb/data-e2e/.git/index.lock': File exists.\n\nAnother git process seems to be running in this repository, or the lock file may be stale\nfatal: Failed to add submodule '441OU1HO6000'\n"
ERR Failed to commit DB changes err="failed to stage db changes: exit status 128\nOutput: fatal: Unable to create '/home/runner/work/mddb/mddb/data-e2e/.git/index.lock': File exists.\n\nAnother git process seems to be running in this repository, or the lock file may be stale\n"
INF http m=GET p=/assets/fr-CgauyyXq.js s=200 d=73µs s=6301
INF http m=POST p=/api/v1/organizations/441OU155A000/workspaces s=200 d=198ms s=293
INF http m=GET p=/assets/es-DHO8DnB9.js s=200 d=83µs s=6015
ERR Failed to commit DB changes err="failed to stage db changes: exit status 128\nOutput: fatal: Unable to create '/home/runner/work/mddb/mddb/data-e2e/.git/index.lock': File exists.\n\nAnother git process seems to be running in this repository, or the lock file may be stale\n"
INF http m=POST p=/api/v1/auth/switch-workspace s=200 d=13.4ms s=608
INF http m=GET p=/assets/emoji-groups-tsNE8Axz.js s=200 d=119µs s=13852
INF http m=GET p=/api/v1/notifications/unread-count s=200 d=1.73ms s=25
INF http m=GET p=/api/v1/workspaces/441OU1HO6000/nodes/0/children s=200 d=659µs s=26
INF http m=GET p=/api/v1/workspaces/441OU1HO6000/members s=200 d=1.08ms s=124
INF http m=GET p=/assets/en-BOb8f2G7.js s=200 d=135µs s=5207
INF http m=GET p=/api/v1/auth/me s=200 d=5.51ms s=163
INF http m=GET p=/api/v1/notifications/unread-count s=200 d=234µs s=25
ERR Failed to commit DB changes err="failed to stage db changes: exit status 128\nOutput: fatal: Unable to create '/home/runner/work/mddb/mddb/data-e2e/.git/index.lock': File exists.\n\nAnother git process seems to be running in this repository, or the lock file may be stale\n"
INF http m=POST p=/api/v1/organizations s=200 d=4.03ms s=351
INF http m=GET p=/api/v1/auth/me s=200 d=1.64ms s=251
ERR Failed to commit DB changes err="failed to stage db changes: exit status 128\nOutput: fatal: Unable to create '/home/runner/work/mddb/mddb/data-e2e/.git/index.lock': File exists.\n\nAnother git process seems to be running in this repository, or the lock file may be stale\n"
INF http m=POST p=/api/v1/workspaces/441OU1HO6000/nodes/0/page/create s=200 d=57.6ms s=35
INF http m=GET p=/sw.js s=200 d=830µs s=5540
INF http m=GET p=/api/v1/workspaces/441OU1HO6000/nodes/0/children s=200 d=826µs s=257
INF http m=GET p=/assets/de-qJeflSp6.js s=200 d=133µs s=6245
INF http m=GET p=/api/v1/workspaces/441OU1HO6000/nodes/441OU39N0000 s=200 d=1.97ms s=245
INF http m=GET p=/assets/WorkspaceSettingsPanel-CsUOm22X.css s=200 d=45µs s=1025
INF http m=GET p=/favicon.png s=200 d=35µs s=449
INF http m=GET p=/registerSW.js s=200 d=25µs s=87
INF http m=GET p=/assets/Editor-5FlZhQpN.js s=200 d=160µs s=13509
INF http m=GET p=/assets/WorkspaceSettingsPanel-CM5oaFTF.js s=200 d=84µs s=4443
INF http m=GET p=/assets/Editor-BYBWY7b1.css s=200 d=46µs s=2240
INF http m=GET p=/index.html s=200 d=50µs s=542
INF http m=GET p=/assets/ServerSettingsPanel-pbgISWIv.css s=200 d=51µs s=596
INF http m=GET p=/icon.svg s=200 d=42µs s=195
INF http m=GET p=/assets/ServerSettingsPanel-C8C6nm9a.js s=200 d=76µs s=2550
INF http m=GET p=/icon-512.png s=200 d=117µs s=6498
INF http m=GET p=/icon-192.png s=200 d=57µs s=2468
INF http m=GET p=/assets/ResourceQuotaForm-DTSj8Ta5.css s=200 d=35µs s=302
INF http m=GET p=/favicon.png s=200 d=50µs s=449
INF http m=GET p=/apple-touch-icon.png s=200 d=59µs s=2298
INF http m=GET p=/api/v1/workspaces/441OU1HO6000/events s=200 d=194ms s=208
INF http m=GET p=/assets/material-symbols-names-mOXCVt15.js s=200 d=112µs s=15793
INF http m=GET p=/assets/fr-CgauyyXq.js s=200 d=80µs s=6301
INF http m=GET p=/assets/es-DHO8DnB9.js s=200 d=85µs s=6015
ERR Failed to add workspace submodule wsID=441OU3V10000 err="failed to add submodule 441OU3V10000: exit status 128\nOutput: Adding existing repo at '441OU3V10000' to the index\nfatal: Unable to create '/home/runner/work/mddb/mddb/data-e2e/.git/index.lock': File exists.\n\nAnother git process seems to be running in this repository, or the lock file may be stale\nfatal: Failed to add submodule '441OU3V10000'\n"
ERR Failed to commit DB changes err="failed to stage db changes: exit status 128\nOutput: fatal: Unable to create '/home/runner/work/mddb/mddb/data-e2e/.git/index.lock': File exists.\n\nAnother git process seems to be running in this repository, or the lock file may be stale\n"
INF http m=POST p=/api/v1/organizations/441OU3FGS000/workspaces s=200 d=179ms s=297
INF http m=GET p=/assets/emoji-groups-tsNE8Axz.js s=200 d=123µs s=13852
ERR Failed to commit DB changes err="failed to stage db changes: exit status 128\nOutput: fatal: Unable to create '/home/runner/work/mddb/mddb/data-e2e/.git/index.lock': File exists.\n\nAnother git process seems to be running in this repository, or the lock file may be stale\n"
INF http m=POST p=/api/v1/auth/switch-workspace s=200 d=9.57ms s=566
INF http m=GET p=/api/v1/notifications/unread-count s=200 d=3.51ms s=25
INF http m=GET p=/api/v1/workspaces/441OU3V10000/nodes/0/children s=200 d=558µs s=26
INF http m=GET p=/api/v1/workspaces/441OU3V10000/members s=200 d=1.91ms s=130
INF http m=GET p=/assets/de-qJeflSp6.js s=200 d=98µs s=6245
ERR Failed to commit DB changes err="failed to stage db changes: exit status 128\nOutput: fatal: Unable to create '/home/runner/work/mddb/mddb/data-e2e/.git/index.lock': File exists.\n\nAnother git process seems to be running in this repository, or the lock file may be stale\n"
INF http m=POST p=/api/v1/workspaces/441OU3V10000/nodes/0/page/create s=200 d=63.2ms s=35
INF http m=GET p=/assets/WorkspaceSettingsPanel-CsUOm22X.css s=200 d=42µs s=1025
INF http m=GET p=/api/v1/workspaces/441OU3V10000/nodes/0/children s=200 d=299µs s=257
INF http m=GET p=/assets/WorkspaceSettingsPanel-CM5oaFTF.js s=200 d=118µs s=4443
INF http m=GET p=/api/v1/workspaces/441OU3V10000/nodes/441OU5MKE000 s=200 d=364µs s=245
INF http m=GET p=/assets/ServerSettingsPanel-pbgISWIv.css s=200 d=38µs s=596
INF http m=GET p=/assets/ServerSettingsPanel-C8C6nm9a.js s=200 d=49µs s=2550
INF http m=GET p=/assets/Editor-BYBWY7b1.css s=200 d=59µs s=2240
INF http m=GET p=/assets/Editor-5FlZhQpN.js s=200 d=66µs s=13509
INF http m=GET p=/assets/ResourceQuotaForm-DTSj8Ta5.css s=200 d=43µs s=302
INF http m=GET p=/api/v1/workspaces/441OU3V10000/events s=200 d=143ms s=206
INF http m=GET p=/assets/ResourceQuotaForm-D6gJNn3N.js s=200 d=47µs s=812
ERR Failed to commit DB changes err="failed to stage db changes: exit status 128\nOutput: fatal: Unable to create '/home/runner/work/mddb/mddb/data-e2e/.git/index.lock': File exists.\n\nAnother git process seems to be running in this repository, or the lock file may be stale\n"
INF http m=POST p=/api/v1/auth/register s=200 d=131ms s=394
INF http m=GET p=/ s=200 d=60µs s=542
INF http m=GET p=/assets/index-SHhnYNGf.js s=200 d=181µs s=49792
INF http m=GET p=/assets/index-DPQ8uk7g.css s=200 d=138µs s=12402
INF http m=GET p=/assets/editor-vendor-Bje_VwYD.js s=200 d=213µs s=117396
INF http m=GET p=/assets/vendor-C3WBU0hm.js s=200 d=139µs s=29762
INF http m=GET p=/registerSW.js s=200 d=38µs s=87
INF http m=GET p=/api/v1/auth/me s=200 d=656µs s=166
INF http m=GET p=/assets/en-BOb8f2G7.js s=200 d=69µs s=5207
INF http m=GET p=/sw.js s=200 d=83µs s=5540
INF http m=GET p=/api/v1/notifications/unread-count s=200 d=186µs s=25
INF http m=GET p=/registerSW.js s=200 d=40µs s=87
INF http m=GET p=/favicon.png s=200 d=35µs s=449
ERR Failed to commit DB changes err="failed to stage db changes: exit status 128\nOutput: fatal: Unable to create '/home/runner/work/mddb/mddb/data-e2e/.git/index.lock': File exists.\n\nAnother git process seems to be running in this repository, or the lock file may be stale\n"
INF http m=POST p=/api/v1/organizations s=200 d=13ms s=355
INF http m=GET p=/index.html s=200 d=41µs s=542
INF http m=GET p=/icon.svg s=200 d=46µs s=195
ERR Failed to commit DB changes err="failed to stage db changes: exit status 128\nOutput: fatal: Unable to create '/home/runner/work/mddb/mddb/data-e2e/.git/index.lock': File exists.\n\nAnother git process seems to be running in this repository, or the lock file may be stale\n"
INF http m=POST p=/api/v1/auth/register s=200 d=136ms s=393
INF http m=GET p=/icon-512.png s=200 d=72µs s=6498
INF http m=GET p=/ s=200 d=62µs s=542
INF http m=GET p=/icon-192.png s=200 d=72µs s=2468
INF http m=GET p=/api/v1/auth/me s=200 d=4.72ms s=253
INF http m=GET p=/favicon.png s=200 d=44µs s=449
INF http m=GET p=/apple-touch-icon.png s=200 d=56µs s=2298
INF http m=GET p=/assets/index-SHhnYNGf.js s=200 d=172µs s=49792
INF http m=GET p=/assets/index-DPQ8uk7g.css s=200 d=126µs s=12402
INF http m=GET p=/assets/vendor-C3WBU0hm.js s=200 d=145µs s=29762
INF http m=GET p=/assets/material-symbols-names-mOXCVt15.js s=200 d=71µs s=15793
INF http m=GET p=/assets/editor-vendor-Bje_VwYD.js s=200 d=178µs s=117396
INF http m=GET p=/registerSW.js s=200 d=35µs s=87
INF http m=GET p=/assets/fr-CgauyyXq.js s=200 d=97µs s=6301
INF http m=GET p=/assets/es-DHO8DnB9.js s=200 d=93µs s=6015
INF http m=GET p=/assets/emoji-groups-tsNE8Axz.js s=200 d=103µs s=13852
ERR Failed to add workspace submodule wsID=441OU96H8000 err="failed to add submodule 441OU96H8000: exit status 128\nOutput: Adding existing repo at '441OU96H8000' to the index\nfatal: Unable to create '/home/runner/work/mddb/mddb/data-e2e/.git/index.lock': File exists.\n\nAnother git process seems to be running in this repository, or the lock file may be stale\nfatal: Failed to add submodule '441OU96H8000'\n"
ERR Failed to commit DB changes err="failed to stage db changes: exit status 128\nOutput: fatal: Unable to create '/home/runner/work/mddb/mddb/data-e2e/.git/index.lock': File exists.\n\nAnother git process seems to be running in this repository, or the lock file may be stale\n"
INF http m=POST p=/api/v1/organizations/441OU8QFK000/workspaces s=200 d=150ms s=302
ERR Failed to commit DB changes err="failed to stage db changes: exit status 128\nOutput: fatal: Unable to create '/home/runner/work/mddb/mddb/data-e2e/.git/index.lock': File exists.\n\nAnother git process seems to be running in this repository, or the lock file may be stale\n"
INF http m=POST p=/api/v1/auth/switch-workspace s=200 d=11ms s=575
INF http m=GET p=/api/v1/notifications/unread-count s=200 d=6.38ms s=25
INF http m=GET p=/api/v1/workspaces/441OU96H8000/nodes/0/children s=200 d=1.51ms s=26
INF http m=GET p=/api/v1/workspaces/441OU96H8000/members s=200 d=574µs s=130
INF http m=GET p=/assets/de-qJeflSp6.js s=200 d=2.56ms s=6245
INF http m=GET p=/api/v1/auth/me s=200 d=250µs s=166
INF http m=GET p=/assets/en-BOb8f2G7.js s=200 d=117µs s=5207
INF http m=GET p=/assets/WorkspaceSettingsPanel-CsUOm22X.css s=200 d=45µs s=1025
INF http m=GET p=/assets/WorkspaceSettingsPanel-CM5oaFTF.js s=200 d=145µs s=4443
INF http m=GET p=/assets/ServerSettingsPanel-pbgISWIv.css s=200 d=46µs s=596
INF http m=GET p=/favicon.png s=200 d=41µs s=449
INF http m=GET p=/api/v1/notifications/unread-count s=200 d=165µs s=25
INF http m=GET p=/assets/ServerSettingsPanel-C8C6nm9a.js s=200 d=51µs s=2550
ERR Failed to commit DB changes err="failed to stage db changes: exit status 128\nOutput: fatal: Unable to create '/home/runner/work/mddb/mddb/data-e2e/.git/index.lock': File exists.\n\nAnother git process seems to be running in this repository, or the lock file may be stale\n"
INF http m=POST p=/api/v1/organizations s=200 d=18.5ms s=352
INF http m=GET p=/assets/ResourceQuotaForm-DTSj8Ta5.css s=200 d=40µs s=302
ERR Failed to commit DB changes err="failed to stage db changes: exit status 128\nOutput: fatal: Unable to create '/home/runner/work/mddb/mddb/data-e2e/.git/index.lock': File exists.\n\nAnother git process seems to be running in this repository, or the lock file may be stale\n"
INF http m=POST p=/api/v1/workspaces/441OU96H8000/nodes/0/page/create s=200 d=60.7ms s=35
INF http m=GET p=/assets/ResourceQuotaForm-D6gJNn3N.js s=200 d=42µs s=812
INF http m=GET p=/api/v1/auth/me s=200 d=695µs s=252
INF http m=GET p=/sw.js s=200 d=231µs s=5540
INF http m=GET p=/assets/ProfileSettings-rthGIjGN.js s=200 d=125µs s=4319
INF http m=GET p=/api/v1/workspaces/441OU96H8000/nodes/0/children s=200 d=771µs s=257
INF http m=GET p=/assets/ProfileSettings-D5kbNfHV.css s=200 d=41µs s=1220
INF http m=GET p=/assets/OrgSettingsPanel-BP8s6T0h.css s=200 d=38µs s=511
INF http m=GET p=/api/v1/workspaces/441OU96H8000/nodes/441OUAKMK000 s=200 d=772µs s=245
INF http m=GET p=/registerSW.js s=200 d=35µs s=87
INF http m=GET p=/assets/OrgSettingsPanel-B78NX7Vn.js s=200 d=49µs s=2302
INF http m=GET p=/assets/Editor-BYBWY7b1.css s=200 d=83µs s=2240
INF http m=GET p=/assets/Editor-5FlZhQpN.js s=200 d=76µs s=13509
INF http m=GET p=/index.html s=200 d=31µs s=542
INF http m=GET p=/assets/InviteForm-R7w4u6kW.js s=200 d=40µs s=1267
INF http m=GET p=/icon.svg s=200 d=49µs s=195
INF http m=GET p=/assets/InviteForm-CW-wgFWD.css s=200 d=55µs s=414
INF http m=GET p=/icon-512.png s=200 d=121µs s=6498
INF http m=GET p=/assets/AdminDashboard-R0heLGro.css s=200 d=56µs s=601
INF http m=GET p=/icon-192.png s=200 d=37µs s=2468
INF http m=GET p=/assets/AdminDashboard-D3Sw1IyX.js s=200 d=49µs s=2075
INF http m=GET p=/favicon.png s=200 d=27µs s=449
INF http m=GET p=/manifest.webmanifest s=200 d=40µs s=199
INF http m=GET p=/apple-touch-icon.png s=200 d=32µs s=2298
ERR Failed to add workspace submodule wsID=441OUB3KK000 err="failed to add submodule 441OUB3KK000: exit status 128\nOutput: Adding existing repo at '441OUB3KK000' to the index\nfatal: Unable to create '/home/runner/work/mddb/mddb/data-e2e/.git/index.lock': File exists.\n\nAnother git process seems to be running in this repository, or the lock file may be stale\nfatal: Failed to add submodule '441OUB3KK000'\n"
ERR Failed to commit DB changes err="failed to stage db changes: exit status 128\nOutput: fatal: Unable to create '/home/runner/work/mddb/mddb/data-e2e/.git/index.lock': File exists.\n\nAnother git process seems to be running in this repository, or the lock file may be stale\n"
INF http m=POST p=/api/v1/organizations/441OUARDE000/workspaces s=200 d=150ms s=302
INF http m=GET p=/assets/material-symbols-names-mOXCVt15.js s=200 d=131µs s=15793
ERR Failed to commit DB changes err="failed to stage db changes: exit status 128\nOutput: fatal: Unable to create '/home/runner/work/mddb/mddb/data-e2e/.git/index.lock': File exists.\n\nAnother git process seems to be running in this repository, or the lock file may be stale\n"
INF http m=POST p=/api/v1/auth/switch-workspace s=200 d=6.79ms s=611
INF http m=GET p=/api/v1/notifications/unread-count s=200 d=646µs s=25
INF http m=GET p=/api/v1/workspaces/441OUB3KK000/nodes/0/children s=200 d=779µs s=26
INF http m=GET p=/api/v1/workspaces/441OUB3KK000/members s=200 d=676µs s=126
INF http m=GET p=/assets/fr-CgauyyXq.js s=200 d=67µs s=6301
INF http m=GET p=/api/v1/notifications/unread-count s=200 d=6.04ms s=25
INF http m=GET p=/assets/es-DHO8DnB9.js s=200 d=117µs s=6015
INF http m=GET p=/api/v1/workspaces/441OU96H8000/events s=200 d=315ms s=207
ERR Failed to commit DB changes err="failed to stage db changes: exit status 128\nOutput: fatal: Unable to create '/home/runner/work/mddb/mddb/data-e2e/.git/index.lock': File exists.\n\nAnother git process seems to be running in this repository, or the lock file may be stale\n"
INF http m=POST p=/api/v1/workspaces/441OUB3KK000/nodes/0/page/create s=200 d=32.7ms s=35
INF http m=GET p=/api/v1/auth/providers s=200 d=127µs s=59
INF http m=GET p=/api/v1/notifications/preferences s=200 d=206µs s=127
INF http m=GET p=/api/v1/workspaces/441OUB3KK000/nodes/0/children s=200 d=342µs s=257
INF http m=GET p=/assets/emoji-groups-tsNE8Axz.js s=200 d=73µs s=13852
INF http m=GET p=/api/v1/workspaces/441OUB3KK000/nodes/441OUCD68000 s=200 d=670µs s=245
INF http m=GET p=/assets/Editor-5FlZhQpN.js s=200 d=103µs s=13509
INF http m=GET p=/assets/Editor-BYBWY7b1.css s=200 d=40µs s=2240
INF http m=GET p=/assets/de-qJeflSp6.js s=200 d=101µs s=6245
INF http m=GET p=/settings/user s=200 d=35µs s=542
INF http m=GET p=/assets/WorkspaceSettingsPanel-CsUOm22X.css s=200 d=49µs s=1025
INF http m=GET p=/assets/WorkspaceSettingsPanel-CM5oaFTF.js s=200 d=83µs s=4443
INF http m=GET p=/assets/ServerSettingsPanel-pbgISWIv.css s=200 d=43µs s=596
INF http m=GET p=/assets/ServerSettingsPanel-C8C6nm9a.js s=200 d=67µs s=2550
INF http m=GET p=/api/v1/workspaces/441OUB3KK000/events s=200 d=213ms s=202
INF http m=GET p=/api/v1/auth/me s=200 d=985µs s=355
INF http m=GET p=/api/v1/notifications/unread-count s=200 d=235µs s=25
INF http m=GET p=/api/v1/notifications/preferences s=200 d=692µs s=127
INF http m=GET p=/api/v1/auth/providers s=200 d=378µs s=59
ERR Failed to commit DB changes err="failed to stage db changes: exit status 128\nOutput: fatal: Unable to create '/home/runner/work/mddb/mddb/data-e2e/.git/index.lock': File exists.\n\nAnother git process seems to be running in this repository, or the lock file may be stale\n"
INF http m=POST p=/api/v1/auth/register s=200 d=78ms s=401
INF http m=GET p=/ s=200 d=74µs s=542
INF http m=GET p=/assets/editor-vendor-Bje_VwYD.js s=200 d=242µs s=117396
INF http m=GET p=/assets/index-DPQ8uk7g.css s=200 d=108µs s=12402
INF http m=GET p=/assets/index-SHhnYNGf.js s=200 d=119µs s=49792
INF http m=GET p=/registerSW.js s=200 d=27µs s=87
INF http m=GET p=/assets/vendor-C3WBU0hm.js s=200 d=114µs s=29762
INF http m=GET p=/assets/en-BOb8f2G7.js s=200 d=104µs s=5207
INF http m=GET p=/api/v1/auth/me s=200 d=690µs s=166
INF http m=GET p=/api/v1/notifications/unread-count s=200 d=212µs s=25
INF http m=GET p=/favicon.png s=200 d=42µs s=449
ERR Failed to commit DB changes err="failed to stage db changes: exit status 128\nOutput: fatal: Unable to create '/home/runner/work/mddb/mddb/data-e2e/.git/index.lock': File exists.\n\nAnother git process seems to be running in this repository, or the lock file may be stale\n"
INF http m=POST p=/api/v1/organizations s=200 d=13.1ms s=355
INF http m=GET p=/sw.js s=200 d=88µs s=5540
INF http m=GET p=/api/v1/auth/me s=200 d=713µs s=254
INF http m=GET p=/registerSW.js s=200 d=59µs s=87
INF http m=GET p=/index.html s=200 d=51µs s=542
INF http m=GET p=/icon.svg s=200 d=37µs s=195
INF http m=GET p=/icon-512.png s=200 d=65µs s=6498
INF http m=GET p=/icon-192.png s=200 d=59µs s=2468
INF http m=GET p=/favicon.png s=200 d=53µs s=449
INF http m=GET p=/apple-touch-icon.png s=200 d=55µs s=2298
INF http m=GET p=/assets/material-symbols-names-mOXCVt15.js s=200 d=111µs s=15793
INF http m=GET p=/assets/fr-CgauyyXq.js s=200 d=140µs s=6301
INF http m=GET p=/assets/es-DHO8DnB9.js s=200 d=83µs s=6015
ERR Failed to add workspace submodule wsID=441OUHA9U000 err="failed to add submodule 441OUHA9U000: exit status 128\nOutput: Adding existing repo at '441OUHA9U000' to the index\nfatal: Unable to create '/home/runner/work/mddb/mddb/data-e2e/.git/index.lock': File exists.\n\nAnother git process seems to be running in this repository, or the lock file may be stale\nfatal: Failed to add submodule '441OUHA9U000'\n"
INF http m=GET p=/assets/emoji-groups-tsNE8Axz.js s=200 d=105µs s=13852
ERR Failed to commit DB changes err="failed to stage db changes: exit status 128\nOutput: fatal: Unable to create '/home/runner/work/mddb/mddb/data-e2e/.git/index.lock': File exists.\n\nAnother git process seems to be running in this repository, or the lock file may be stale\n"
INF http m=POST p=/api/v1/organizations/441OUGNTE000/workspaces s=200 d=166ms s=301
ERR Failed to commit DB changes err="failed to stage db changes: exit status 128\nOutput: fatal: Unable to create '/home/runner/work/mddb/mddb/data-e2e/.git/index.lock': File exists.\n\nAnother git process seems to be running in this repository, or the lock file may be stale\n"
INF http m=POST p=/api/v1/auth/switch-workspace s=200 d=14ms s=570
ERR Failed to commit DB changes err="failed to stage db changes: exit status 128\nOutput: fatal: Unable to create '/home/runner/work/mddb/mddb/data-e2e/.git/index.lock': File exists.\n\nAnother git process seems to be running in this repository, or the lock file may be stale\n"
INF http m=POST p=/api/v1/auth/register s=200 d=209ms s=389
INF http m=GET p=/ s=200 d=68µs s=542
INF http m=GET p=/api/v1/workspaces/441OUHA9U000/nodes/0/children s=200 d=352µs s=26
INF http m=GET p=/api/v1/notifications/unread-count s=200 d=8.7ms s=25
INF http m=GET p=/api/v1/workspaces/441OUHA9U000/members s=200 d=17.9ms s=121
INF http m=GET p=/registerSW.js s=200 d=62µs s=87
INF http m=GET p=/assets/index-SHhnYNGf.js s=200 d=132µs s=49792
INF http m=GET p=/assets/vendor-C3WBU0hm.js s=200 d=395µs s=29762
INF http m=GET p=/assets/index-DPQ8uk7g.css s=200 d=105µs s=12402
INF http m=GET p=/assets/editor-vendor-Bje_VwYD.js s=200 d=13.6ms s=117396
INF http m=GET p=/assets/de-qJeflSp6.js s=200 d=250µs s=6245
INF http m=GET p=/assets/WorkspaceSettingsPanel-CsUOm22X.css s=200 d=40µs s=1025
ERR Failed to commit DB changes err="failed to stage db changes: exit status 128\nOutput: fatal: Unable to create '/home/runner/work/mddb/mddb/data-e2e/.git/index.lock': File exists.\n\nAnother git process seems to be running in this repository, or the lock file may be stale\n"
INF http m=POST p=/api/v1/workspaces/441OUHA9U000/nodes/0/page/create s=200 d=68.4ms s=35
INF http m=GET p=/assets/WorkspaceSettingsPanel-CM5oaFTF.js s=200 d=136µs s=4443
INF http m=GET p=/api/v1/workspaces/441OUHA9U000/nodes/0/children s=200 d=316µs s=257
INF http m=GET p=/assets/ServerSettingsPanel-pbgISWIv.css s=200 d=43µs s=596
INF http m=GET p=/api/v1/workspaces/441OUHA9U000/nodes/441OUJ0PS000 s=200 d=302µs s=245
INF http m=GET p=/assets/Editor-5FlZhQpN.js s=200 d=93µs s=13509
INF http m=GET p=/assets/Editor-BYBWY7b1.css s=200 d=27µs s=2240
INF http m=GET p=/assets/ServerSettingsPanel-C8C6nm9a.js s=200 d=99µs s=2550
INF http m=GET p=/api/v1/auth/me s=200 d=282µs s=164
INF http m=GET p=/assets/ResourceQuotaForm-DTSj8Ta5.css s=200 d=67µs s=302
INF http m=GET p=/assets/en-BOb8f2G7.js s=200 d=130µs s=5207
INF http m=GET p=/assets/ResourceQuotaForm-D6gJNn3N.js s=200 d=39µs s=812
INF http m=GET p=/api/v1/notifications/unread-count s=200 d=189µs s=25
INF http m=GET p=/assets/ProfileSettings-rthGIjGN.js s=200 d=87µs s=4319
INF http m=GET p=/favicon.png s=200 d=37µs s=449
INF http m=GET p=/assets/ProfileSettings-D5kbNfHV.css s=200 d=28µs s=1220
ERR Failed to commit DB changes err="failed to stage db changes: exit status 128\nOutput: fatal: Unable to create '/home/runner/work/mddb/mddb/data-e2e/.git/index.lock': File exists.\n\nAnother git process seems to be running in this repository, or the lock file may be stale\n"
INF http m=POST p=/api/v1/organizations s=200 d=12.6ms s=351
INF http m=GET p=/assets/OrgSettingsPanel-BP8s6T0h.css s=200 d=34µs s=511
INF http m=GET p=/sw.js s=200 d=76µs s=5540
INF http m=GET p=/assets/InviteForm-CW-wgFWD.css s=200 d=37µs s=414
INF http m=GET p=/assets/InviteForm-R7w4u6kW.js s=200 d=23µs s=1267
INF http m=GET p=/assets/OrgSettingsPanel-B78NX7Vn.js s=200 d=48µs s=2302
INF http m=GET p=/api/v1/notifications/unread-count s=200 d=440µs s=25
INF http m=GET p=/api/v1/workspaces/441OUHA9U000/events s=200 d=233ms s=207
INF http m=GET p=/registerSW.js s=200 d=63µs s=87
INF http m=GET p=/api/v1/auth/me s=200 d=3.72ms s=250
INF http m=GET p=/api/v1/workspaces/441OUHA9U000/invitations s=200 d=4.54ms s=34
INF http m=GET p=/api/v1/organizations/441OUGNTE000/users s=200 d=9.87ms s=328
INF http m=GET p=/index.html s=200 d=36µs s=542
INF http m=GET p=/icon.svg s=200 d=44µs s=195
INF http m=GET p=/icon-512.png s=200 d=112µs s=6498
INF http m=GET p=/assets/AdminDashboard-R0heLGro.css s=200 d=27µs s=601
INF http m=GET p=/assets/AdminDashboard-D3Sw1IyX.js s=200 d=54µs s=2075
INF http m=GET p=/icon-192.png s=200 d=44µs s=2468
INF http m=GET p=/manifest.webmanifest s=200 d=40µs s=199
INF http m=GET p=/favicon.png s=200 d=28µs s=449
INF http m=GET p=/apple-touch-icon.png s=200 d=63µs s=2298
INF http m=GET p=/assets/material-symbols-names-mOXCVt15.js s=200 d=104µs s=15793
INF http m=GET p=/assets/fr-CgauyyXq.js s=200 d=95µs s=6301
INF http m=GET p=/assets/es-DHO8DnB9.js s=200 d=74µs s=6015
ERR Failed to add workspace submodule wsID=441OUKIFK000 err="failed to add submodule 441OUKIFK000: exit status 128\nOutput: Adding existing repo at '441OUKIFK000' to the index\nfatal: Unable to create '/home/runner/work/mddb/mddb/data-e2e/.git/index.lock': File exists.\n\nAnother git process seems to be running in this repository, or the lock file may be stale\nfatal: Failed to add submodule '441OUKIFK000'\n"
ERR Failed to commit DB changes err="failed to stage db changes: exit status 128\nOutput: fatal: Unable to create '/home/runner/work/mddb/mddb/data-e2e/.git/index.lock': File exists.\n\nAnother git process seems to be running in this repository, or the lock file may be stale\n"
INF http m=POST p=/api/v1/organizations/441OUK4K2000/workspaces s=200 d=168ms s=299
INF http m=GET p=/assets/emoji-groups-tsNE8Axz.js s=200 d=90µs s=13852
ERR Failed to commit DB changes err="failed to stage db changes: exit status 128\nOutput: fatal: Unable to create '/home/runner/work/mddb/mddb/data-e2e/.git/index.lock': File exists.\n\nAnother git process seems to be running in this repository, or the lock file may be stale\n"
INF http m=POST p=/api/v1/auth/switch-workspace s=200 d=10.4ms s=575
INF http m=GET p=/api/v1/notifications/unread-count s=200 d=154µs s=25
INF http m=GET p=/api/v1/workspaces/441OUKIFK000/members s=200 d=28.8ms s=128
INF http m=GET p=/api/v1/workspaces/441OUKIFK000/nodes/0/children s=200 d=28.5ms s=26
ERR Failed to commit DB changes err="failed to stage db changes: exit status 128\nOutput: fatal: Unable to create '/home/runner/work/mddb/mddb/data-e2e/.git/index.lock': File exists.\n\nAnother git process seems to be running in this repository, or the lock file may be stale\n"
INF http m=POST p=/api/v1/workspaces/441OUKIFK000/nodes/0/page/create s=200 d=22.4ms s=35
INF http m=GET p=/api/v1/workspaces/441OUKIFK000/nodes/0/children s=200 d=356µs s=257
INF http m=GET p=/assets/de-qJeflSp6.js s=200 d=77µs s=6245
INF http m=GET p=/api/v1/workspaces/441OUKIFK000/nodes/441OUM71E000 s=200 d=785µs s=245
INF http m=GET p=/assets/WorkspaceSettingsPanel-CsUOm22X.css s=200 d=80µs s=1025
INF http m=GET p=/api/v1/workspaces/441OUKIFK000/events s=200 d=100ms s=207
ERR Failed to commit DB changes err="failed to stage db changes: exit status 128\nOutput: fatal: Unable to create '/home/runner/work/mddb/mddb/data-e2e/.git/index.lock': File exists.\n\nAnother git process seems to be running in this repository, or the lock file may be stale\n"
INF http m=POST p=/api/v1/auth/register s=200 d=118ms s=392
INF http m=GET p=/ s=200 d=75µs s=542
INF http m=GET p=/assets/index-SHhnYNGf.js s=200 d=182µs s=49792
INF http m=GET p=/assets/index-DPQ8uk7g.css s=200 d=170µs s=12402
INF http m=GET p=/assets/editor-vendor-Bje_VwYD.js s=200 d=226µs s=117396
INF http m=GET p=/assets/vendor-C3WBU0hm.js s=200 d=155µs s=29762
INF http m=GET p=/registerSW.js s=200 d=36µs s=87
INF http m=GET p=/api/v1/auth/me s=200 d=718µs s=168
INF http m=GET p=/assets/en-BOb8f2G7.js s=200 d=97µs s=5207
INF http m=GET p=/api/v1/notifications/unread-count s=200 d=190µs s=25
INF http m=GET p=/favicon.png s=200 d=33µs s=449
ERR Failed to commit DB changes err="failed to stage db changes: exit status 128\nOutput: fatal: Unable to create '/home/runner/work/mddb/mddb/data-e2e/.git/index.lock': File exists.\n\nAnother git process seems to be running in this repository, or the lock file may be stale\n"
INF http m=POST p=/api/v1/organizations s=200 d=10.9ms s=351
INF http m=GET p=/sw.js s=200 d=157µs s=5540
ERR Failed to commit DB changes err="failed to stage db changes: exit status 128\nOutput: fatal: Unable to create '/home/runner/work/mddb/mddb/data-e2e/.git/index.lock': File exists.\n\nAnother git process seems to be running in this repository, or the lock file may be stale\n"
INF http m=POST p=/api/v1/auth/register s=200 d=147ms s=391
INF http m=GET p=/ s=200 d=78µs s=542
INF http m=GET p=/api/v1/auth/me s=200 d=2.85ms s=252
INF http m=GET p=/registerSW.js s=200 d=52µs s=87
INF http m=GET p=/assets/index-SHhnYNGf.js s=200 d=152µs s=49792
INF http m=GET p=/assets/index-DPQ8uk7g.css s=200 d=151µs s=12402
INF http m=GET p=/index.html s=200 d=33µs s=542
INF http m=GET p=/assets/vendor-C3WBU0hm.js s=200 d=156µs s=29762
INF http m=GET p=/assets/editor-vendor-Bje_VwYD.js s=200 d=164µs s=117396
INF http m=GET p=/registerSW.js s=200 d=43µs s=87
INF http m=GET p=/icon.svg s=200 d=33µs s=195
INF http m=GET p=/icon-512.png s=200 d=143µs s=6498
INF http m=GET p=/icon-192.png s=200 d=66µs s=2468
INF http m=GET p=/favicon.png s=200 d=46µs s=449
INF http m=GET p=/apple-touch-icon.png s=200 d=59µs s=2298
INF http m=GET p=/assets/material-symbols-names-mOXCVt15.js s=200 d=98µs s=15793
INF http m=GET p=/assets/fr-CgauyyXq.js s=200 d=86µs s=6301
ERR Failed to add workspace submodule wsID=441OUP9KO000 err="failed to add submodule 441OUP9KO000: exit status 128\nOutput: Adding existing repo at '441OUP9KO000' to the index\nfatal: Unable to create '/home/runner/work/mddb/mddb/data-e2e/.git/index.lock': File exists.\n\nAnother git process seems to be running in this repository, or the lock file may be stale\nfatal: Failed to add submodule '441OUP9KO000'\n"
INF http m=GET p=/assets/es-DHO8DnB9.js s=200 d=85µs s=6015
ERR Failed to commit DB changes err="failed to stage db changes: exit status 128\nOutput: fatal: Unable to create '/home/runner/work/mddb/mddb/data-e2e/.git/index.lock': File exists.\n\nAnother git process seems to be running in this repository, or the lock file may be stale\n"
INF http m=POST p=/api/v1/organizations/441OUOT1O000/workspaces s=200 d=200ms s=300
INF http m=GET p=/assets/en-BOb8f2G7.js s=200 d=106µs s=5207
INF http m=GET p=/api/v1/auth/me s=200 d=17.8ms s=167
ERR Failed to commit DB changes err="failed to stage db changes: exit status 128\nOutput: fatal: Unable to create '/home/runner/work/mddb/mddb/data-e2e/.git/index.lock': File exists.\n\nAnother git process seems to be running in this repository, or the lock file may be stale\n"
INF http m=POST p=/api/v1/auth/switch-workspace s=200 d=12.1ms s=603
INF http m=GET p=/assets/emoji-groups-tsNE8Axz.js s=200 d=140µs s=13852
INF http m=GET p=/api/v1/notifications/unread-count s=200 d=186µs s=25
ERR Failed to commit DB changes err="failed to stage db changes: exit status 128\nOutput: fatal: Unable to create '/home/runner/work/mddb/mddb/data-e2e/.git/index.lock': File exists.\n\nAnother git process seems to be running in this repository, or the lock file may be stale\n"
INF http m=GET p=/favicon.png s=200 d=51µs s=449
INF http m=POST p=/api/v1/organizations s=200 d=11.7ms s=354
INF http m=GET p=/api/v1/notifications/unread-count s=200 d=189µs s=25
INF http m=GET p=/api/v1/workspaces/441OUP9KO000/members s=200 d=2.07ms s=117
INF http m=GET p=/api/v1/workspaces/441OUP9KO000/nodes/0/children s=200 d=8.92ms s=26
INF http m=GET p=/sw.js s=200 d=180µs s=5540
INF http m=GET p=/api/v1/auth/me s=200 d=773µs s=252
INF http m=GET p=/registerSW.js s=200 d=36µs s=87
INF http m=GET p=/index.html s=200 d=40µs s=542
INF http m=GET p=/icon.svg s=200 d=36µs s=195
INF http m=GET p=/icon-512.png s=200 d=93µs s=6498
INF http m=GET p=/icon-192.png s=200 d=54µs s=2468
INF http m=GET p=/favicon.png s=200 d=35µs s=449
INF http m=GET p=/apple-touch-icon.png s=200 d=47µs s=2298
INF http m=GET p=/assets/de-qJeflSp6.js s=200 d=762µs s=6245
INF http m=GET p=/assets/WorkspaceSettingsPanel-CsUOm22X.css s=200 d=34µs s=1025
INF http m=GET p=/assets/WorkspaceSettingsPanel-CM5oaFTF.js s=200 d=204µs s=4443
INF http m=GET p=/assets/material-symbols-names-mOXCVt15.js s=200 d=80µs s=15793
INF http m=GET p=/assets/ServerSettingsPanel-pbgISWIv.css s=200 d=30µs s=596
INF http m=GET p=/assets/ServerSettingsPanel-C8C6nm9a.js s=200 d=38µs s=2550
ERR Failed to add workspace submodule wsID=441OUR2GO000 err="failed to add submodule 441OUR2GO000: exit status 128\nOutput: Adding existing repo at '441OUR2GO000' to the index\nfatal: Unable to create '/home/runner/work/mddb/mddb/data-e2e/.git/index.lock': File exists.\n\nAnother git process seems to be running in this repository, or the lock file may be stale\nfatal: Failed to add submodule '441OUR2GO000'\n"
ERR Failed to commit DB changes err="failed to stage db changes: exit status 128\nOutput: fatal: Unable to create '/home/runner/work/mddb/mddb/data-e2e/.git/index.lock': File exists.\n\nAnother git process seems to be running in this repository, or the lock file may be stale\n"
INF http m=POST p=/api/v1/organizations/441OUQNEE000/workspaces s=200 d=120ms s=301
INF http m=GET p=/assets/ResourceQuotaForm-DTSj8Ta5.css s=200 d=50µs s=302
ERR Failed to commit DB changes err="failed to stage db changes: exit status 128\nOutput: fatal: Unable to create '/home/runner/work/mddb/mddb/data-e2e/.git/index.lock': File exists.\n\nAnother git process seems to be running in this repository, or the lock file may be stale\n"
INF http m=POST p=/api/v1/workspaces/441OUP9KO000/nodes/0/page/create s=200 d=100ms s=35
INF http m=GET p=/assets/ResourceQuotaForm-D6gJNn3N.js s=200 d=41µs s=812
INF http m=GET p=/api/v1/workspaces/441OUP9KO000/nodes/0/children s=200 d=263µs s=257
ERR Failed to commit DB changes err="failed to stage db changes: exit status 128\nOutput: fatal: Unable to create '/home/runner/work/mddb/mddb/data-e2e/.git/index.lock': File exists.\n\nAnother git process seems to be running in this repository, or the lock file may be stale\n"
INF http m=POST p=/api/v1/auth/switch-workspace s=200 d=8.97ms s=582
INF http m=GET p=/assets/ProfileSettings-rthGIjGN.js s=200 d=130µs s=4319
INF http m=GET p=/assets/fr-CgauyyXq.js s=200 d=103µs s=6301
INF http m=GET p=/api/v1/workspaces/441OUP9KO000/nodes/441OUR7SI000 s=200 d=777µs s=245
INF http m=GET p=/assets/ProfileSettings-D5kbNfHV.css s=200 d=33µs s=1220
INF http m=GET p=/assets/es-DHO8DnB9.js s=200 d=108µs s=6015
INF http m=GET p=/api/v1/notifications/unread-count s=200 d=170µs s=25
INF http m=GET p=/api/v1/workspaces/441OUR2GO000/nodes/0/children s=200 d=317µs s=26
INF http m=GET p=/assets/OrgSettingsPanel-BP8s6T0h.css s=200 d=36µs s=511
INF http m=GET p=/api/v1/workspaces/441OUR2GO000/members s=200 d=728µs s=132
INF http m=GET p=/assets/Editor-5FlZhQpN.js s=200 d=1.49ms s=13509
INF http m=GET p=/assets/Editor-BYBWY7b1.css s=200 d=69µs s=2240
INF http m=GET p=/assets/OrgSettingsPanel-B78NX7Vn.js s=200 d=69µs s=2302
INF http m=GET p=/assets/emoji-groups-tsNE8Axz.js s=200 d=97µs s=13852
INF http m=GET p=/assets/InviteForm-R7w4u6kW.js s=200 d=32µs s=1267
INF http m=GET p=/assets/InviteForm-CW-wgFWD.css s=200 d=39µs s=414
ERR Failed to commit DB changes err="failed to stage db changes: exit status 128\nOutput: fatal: Unable to create '/home/runner/work/mddb/mddb/data-e2e/.git/index.lock': File exists.\n\nAnother git process seems to be running in this repository, or the lock file may be stale\n"
INF http m=GET p=/assets/AdminDashboard-R0heLGro.css s=200 d=116µs s=601
INF http m=POST p=/api/v1/workspaces/441OUR2GO000/nodes/0/page/create s=200 d=41.8ms s=35
INF http m=GET p=/api/v1/workspaces/441OUR2GO000/nodes/0/children s=200 d=341µs s=271
INF http m=GET p=/assets/AdminDashboard-D3Sw1IyX.js s=200 d=70µs s=2075
INF http m=GET p=/manifest.webmanifest s=200 d=37µs s=199
INF http m=GET p=/api/v1/workspaces/441OUR2GO000/nodes/441OUS9OM000 s=200 d=706µs s=245
ERR Failed to commit DB changes err="failed to stage db changes: exit status 128\nOutput: fatal: Unable to create '/home/runner/work/mddb/mddb/data-e2e/.git/index.lock': File exists.\n\nAnother git process seems to be running in this repository, or the lock file may be stale\n"
INF http m=POST p=/api/v1/workspaces/441OUR2GO000/nodes/0/page/create s=200 d=48.4ms s=26
INF http m=GET p=/w/@441OUR2GO000+workspace/@441OUS9OM000+welcome s=200 d=48µs s=542
INF http m=GET p=/assets/Editor-BYBWY7b1.css s=200 d=79µs s=2240
INF http m=GET p=/assets/Editor-5FlZhQpN.js s=200 d=112µs s=13509
INF http m=GET p=/api/v1/workspaces/441OUR2GO000/events s=200 d=116ms s=226
INF http m=GET p=/assets/de-qJeflSp6.js s=200 d=85µs s=6245
INF http m=GET p=/registerSW.js s=200 d=26µs s=87
INF http m=GET p=/assets/WorkspaceSettingsPanel-CsUOm22X.css s=200 d=42µs s=1025
INF http m=GET p=/api/v1/workspaces/441OUP9KO000/events s=200 d=330ms s=207
INF http m=GET p=/api/v1/auth/me s=200 d=521µs s=356
INF http m=GET p=/assets/WorkspaceSettingsPanel-CM5oaFTF.js s=200 d=72µs s=4443
INF http m=GET p=/assets/ServerSettingsPanel-pbgISWIv.css s=200 d=44µs s=596
INF http m=GET p=/assets/ServerSettingsPanel-C8C6nm9a.js s=200 d=56µs s=2550
INF http m=GET p=/assets/ResourceQuotaForm-DTSj8Ta5.css s=200 d=41µs s=302
INF http m=GET p=/assets/ResourceQuotaForm-D6gJNn3N.js s=200 d=43µs s=812
INF http m=GET p=/api/v1/workspaces/441OUR2GO000/nodes/441OUS9OM000 s=200 d=746µs s=245
INF http m=GET p=/api/v1/workspaces/441OUR2GO000/members s=200 d=690µs s=132
INF http m=GET p=/api/v1/notifications/unread-count s=200 d=350µs s=25
INF http m=GET p=/api/v1/workspaces/441OUR2GO000/nodes/0/children s=200 d=864µs s=271
INF http m=GET p=/assets/ProfileSettings-rthGIjGN.js s=200 d=124µs s=4319
INF http m=GET p=/assets/ProfileSettings-D5kbNfHV.css s=200 d=50µs s=1220
INF http m=GET p=/assets/OrgSettingsPanel-BP8s6T0h.css s=200 d=42µs s=511
INF http m=GET p=/assets/OrgSettingsPanel-B78NX7Vn.js s=200 d=70µs s=2302
INF http m=GET p=/assets/InviteForm-R7w4u6kW.js s=200 d=46µs s=1267
INF http m=GET p=/assets/InviteForm-CW-wgFWD.css s=200 d=48µs s=414
INF http m=GET p=/assets/AdminDashboard-R0heLGro.css s=200 d=52µs s=601
INF http m=GET p=/api/v1/workspaces/441OUR2GO000/nodes/441OUSGRK000 s=200 d=759µs s=188
INF http m=GET p=/assets/AdminDashboard-D3Sw1IyX.js s=200 d=55µs s=2075
INF http m=GET p=/manifest.webmanifest s=200 d=41µs s=199
ERR Failed to commit DB changes err="failed to stage db changes: exit status 128\nOutput: fatal: Unable to create '/home/runner/work/mddb/mddb/data-e2e/.git/index.lock': File exists.\n\nAnother git process seems to be running in this repository, or the lock file may be stale\n"
INF http m=POST p=/api/v1/auth/register s=200 d=108ms s=391
INF http m=GET p=/ s=200 d=56µs s=542
INF http m=GET p=/api/v1/workspaces/441OUR2GO000/events s=200 d=258ms s=93
INF http m=GET p=/assets/index-SHhnYNGf.js s=200 d=223µs s=49792
INF http m=GET p=/assets/index-DPQ8uk7g.css s=200 d=161µs s=12402
INF http m=GET p=/registerSW.js s=200 d=55µs s=87
INF http m=GET p=/assets/vendor-C3WBU0hm.js s=200 d=147µs s=29762
INF http m=GET p=/assets/editor-vendor-Bje_VwYD.js s=200 d=205µs s=117396
INF http m=GET p=/api/v1/auth/me s=200 d=775µs s=163
INF http m=GET p=/assets/en-BOb8f2G7.js s=200 d=73µs s=5207
INF http m=GET p=/api/v1/notifications/unread-count s=200 d=4.48ms s=25
INF http m=GET p=/favicon.png s=200 d=48µs s=449
INF http m=GET p=/sw.js s=200 d=107µs s=5540
ERR Failed to commit DB changes err="failed to stage db changes: exit status 128\nOutput: fatal: Unable to create '/home/runner/work/mddb/mddb/data-e2e/.git/index.lock': File exists.\n\nAnother git process seems to be running in this repository, or the lock file may be stale\n"
INF http m=POST p=/api/v1/organizations s=200 d=13.6ms s=349
INF http m=GET p=/api/v1/auth/me s=200 d=6.92ms s=251
INF http m=GET p=/registerSW.js s=200 d=43µs s=87
INF http m=GET p=/index.html s=200 d=40µs s=542
INF http m=GET p=/icon.svg s=200 d=38µs s=195
INF http m=GET p=/icon-512.png s=200 d=115µs s=6498
INF http m=GET p=/icon-192.png s=200 d=53µs s=2468
INF http m=GET p=/favicon.png s=200 d=38µs s=449
INF http m=GET p=/apple-touch-icon.png s=200 d=47µs s=2298
INF http m=GET p=/assets/material-symbols-names-mOXCVt15.js s=200 d=107µs s=15793
ERR Failed to add workspace submodule wsID=441OV0HL0000 err="failed to add submodule 441OV0HL0000: exit status 128\nOutput: Adding existing repo at '441OV0HL0000' to the index\nfatal: Unable to create '/home/runner/work/mddb/mddb/data-e2e/.git/index.lock': File exists.\n\nAnother git process seems to be running in this repository, or the lock file may be stale\nfatal: Failed to add submodule '441OV0HL0000'\n"
ERR Failed to commit DB changes err="failed to stage db changes: exit status 128\nOutput: fatal: Unable to create '/home/runner/work/mddb/mddb/data-e2e/.git/index.lock': File exists.\n\nAnother git process seems to be running in this repository, or the lock file may be stale\n"
INF http m=POST p=/api/v1/organizations/441OV0AJI000/workspaces s=200 d=110ms s=296
ERR Failed to commit DB changes err="failed to stage db changes: exit status 128\nOutput: fatal: Unable to create '/home/runner/work/mddb/mddb/data-e2e/.git/index.lock': File exists.\n\nAnother git process seems to be running in this repository, or the lock file may be stale\n"
INF http m=GET p=/assets/fr-CgauyyXq.js s=200 d=135µs s=6301
INF http m=POST p=/api/v1/auth/switch-workspace s=200 d=9.43ms s=556
INF http m=GET p=/assets/es-DHO8DnB9.js s=200 d=92µs s=6015
INF http m=GET p=/api/v1/notifications/unread-count s=200 d=199µs s=25
INF http m=GET p=/api/v1/workspaces/441OV0HL0000/nodes/0/children s=200 d=317µs s=26
INF http m=GET p=/api/v1/workspaces/441OV0HL0000/members s=200 d=3.07ms s=120
INF http m=GET p=/assets/emoji-groups-tsNE8Axz.js s=200 d=142µs s=13852
ERR Failed to commit DB changes err="failed to stage db changes: exit status 128\nOutput: fatal: Unable to create '/home/runner/work/mddb/mddb/data-e2e/.git/index.lock': File exists.\n\nAnother git process seems to be running in this repository, or the lock file may be stale\n"
INF http m=POST p=/api/v1/workspaces/441OV0HL0000/nodes/0/page/create s=200 d=33.3ms s=35
INF http m=GET p=/api/v1/workspaces/441OV0HL0000/nodes/0/children s=200 d=1.06ms s=257
INF http m=GET p=/api/v1/workspaces/441OV0HL0000/nodes/441OV1IU6000 s=200 d=799µs s=245
INF http m=GET p=/assets/de-qJeflSp6.js s=200 d=165µs s=6245
INF http m=GET p=/assets/Editor-BYBWY7b1.css s=200 d=83µs s=2240
INF http m=GET p=/assets/Editor-5FlZhQpN.js s=200 d=135µs s=13509
INF http m=GET p=/assets/WorkspaceSettingsPanel-CsUOm22X.css s=200 d=47µs s=1025
INF http m=GET p=/assets/WorkspaceSettingsPanel-CM5oaFTF.js s=200 d=92µs s=4443
INF http m=GET p=/assets/ServerSettingsPanel-pbgISWIv.css s=200 d=33µs s=596
INF http m=GET p=/assets/ServerSettingsPanel-C8C6nm9a.js s=200 d=46µs s=2550
INF http m=GET p=/assets/ResourceQuotaForm-DTSj8Ta5.css s=200 d=29µs s=302
INF http m=GET p=/assets/ResourceQuotaForm-D6gJNn3N.js s=200 d=38µs s=812
INF http m=GET p=/assets/ProfileSettings-rthGIjGN.js s=200 d=207µs s=4319
INF http m=GET p=/assets/ProfileSettings-D5kbNfHV.css s=200 d=44µs s=1220
INF http m=GET p=/assets/OrgSettingsPanel-BP8s6T0h.css s=200 d=31µs s=511
ERR Failed to commit DB changes err="failed to stage db changes: exit status 128\nOutput: fatal: Unable to create '/home/runner/work/mddb/mddb/data-e2e/.git/index.lock': File exists.\n\nAnother git process seems to be running in this repository, or the lock file may be stale\n"
INF http m=POST p=/api/v1/workspaces/441OV0HL0000/nodes/0/page/create s=200 d=17.2ms s=26
INF http m=GET p=/assets/OrgSettingsPanel-B78NX7Vn.js s=200 d=42µs s=2302
INF http m=GET p=/w/@441OV0HL0000+workspace/@441OV1IU6000+welcome s=200 d=36µs s=542
INF http m=GET p=/api/v1/workspaces/441OV0HL0000/events s=200 d=142ms s=237
INF http m=GET p=/assets/InviteForm-R7w4u6kW.js s=200 d=73µs s=1267
INF http m=GET p=/registerSW.js s=200 d=26µs s=87
INF http m=GET p=/assets/InviteForm-CW-wgFWD.css s=200 d=36µs s=414
INF http m=GET p=/assets/AdminDashboard-R0heLGro.css s=200 d=56µs s=601
INF http m=GET p=/api/v1/auth/me s=200 d=806µs s=355
INF http m=GET p=/assets/AdminDashboard-D3Sw1IyX.js s=200 d=50µs s=2075
INF http m=GET p=/manifest.webmanifest s=200 d=36µs s=199
INF http m=GET p=/api/v1/notifications/unread-count s=200 d=211µs s=25
INF http m=GET p=/api/v1/workspaces/441OV0HL0000/nodes/0/children s=200 d=1.51ms s=254
INF http m=GET p=/api/v1/workspaces/441OV0HL0000/members s=200 d=578µs s=120
INF http m=GET p=/api/v1/workspaces/441OV0HL0000/nodes/441OV1IU6000 s=200 d=1.3ms s=245
INF http m=GET p=/api/v1/workspaces/441OV0HL0000/nodes/441OV282C000 s=200 d=735µs s=185
INF http m=GET p=/api/v1/auth/me s=200 d=194µs s=374
ERR Failed to add workspace submodule wsID=441OV38BS000 err="failed to add submodule 441OV38BS000: exit status 128\nOutput: Adding existing repo at '441OV38BS000' to the index\nfatal: Unable to create '/home/runner/work/mddb/mddb/data-e2e/.git/index.lock': File exists.\n\nAnother git process seems to be running in this repository, or the lock file may be stale\nfatal: Failed to add submodule '441OV38BS000'\n"
ERR Failed to commit DB changes err="failed to stage db changes: exit status 128\nOutput: fatal: Unable to create '/home/runner/work/mddb/mddb/data-e2e/.git/index.lock': File exists.\n\nAnother git process seems to be running in this repository, or the lock file may be stale\n"
INF http m=POST p=/api/v1/organizations/441OV0AJI000/workspaces s=200 d=45.3ms s=313
INF http m=GET p=/w/@441OV0HL0000+ws-loops-workspace/@441OV282C000+ws1-only-page s=200 d=37µs s=542
INF http m=GET p=/api/v1/workspaces/441OV0HL0000/events s=200 d=123ms s=93
INF http m=GET p=/api/v1/auth/me s=200 d=882µs s=393
INF http m=GET p=/api/v1/notifications/unread-count s=200 d=634µs s=25
INF http m=GET p=/api/v1/workspaces/441OV0HL0000/nodes/0/children s=200 d=829µs s=254
INF http m=GET p=/api/v1/workspaces/441OV0HL0000/members s=200 d=613µs s=120
INF http m=GET p=/api/v1/workspaces/441OV0HL0000/nodes/441OV282C000 s=200 d=695µs s=185
ERR Failed to commit DB changes err="failed to stage db changes: exit status 128\nOutput: fatal: Unable to create '/home/runner/work/mddb/mddb/data-e2e/.git/index.lock': File exists.\n\nAnother git process seems to be running in this repository, or the lock file may be stale\n"
INF http m=POST p=/api/v1/auth/switch-workspace s=200 d=4.7ms s=606
INF http m=GET p=/api/v1/workspaces/441OV0HL0000/members s=200 d=219µs s=120
INF http m=GET p=/api/v1/workspaces/441OV38BS000/nodes/0/children s=200 d=269µs s=26
INF http m=GET p=/api/v1/workspaces/441OV38BS000/members s=200 d=176µs s=120
ERR Handler error err="node not found" statusCode=404 code=NOT_FOUND
INF http m=GET p=/api/v1/workspaces/441OV38BS000/nodes/441OV282C000 s=404 d=537µs s=71
INF http m=GET p=/api/v1/workspaces/441OV0HL0000/events s=200 d=134ms s=93
ERR Failed to commit DB changes err="failed to stage db changes: exit status 128\nOutput: fatal: Unable to create '/home/runner/work/mddb/mddb/data-e2e/.git/index.lock': File exists.\n\nAnother git process seems to be running in this repository, or the lock file may be stale\n"
INF http m=POST p=/api/v1/workspaces/441OV38BS000/nodes/0/page/create s=200 d=20.9ms s=35
INF http m=GET p=/api/v1/workspaces/441OV38BS000/nodes/0/children s=200 d=263µs s=257
INF http m=GET p=/api/v1/workspaces/441OV38BS000/nodes/441OV4SPG000 s=200 d=625µs s=245
INF http m=GET p=/sw.js s=200 d=138µs s=5540
INF http m=GET p=/api/v1/workspaces/441OV38BS000/events s=200 d=2.03s s=208
