make[1]: Entering directory '/home/runner/work/mddb/mddb'
Created data-e2e/.env from .env.example
INF TEST_OAUTH=1: Using fake Google OAuth credentials
INF TEST_OAUTH=1: Using fake Microsoft OAuth credentials
INF TEST_OAUTH=1: Using fake GitHub OAuth credentials
INF OAuth providers initialized providers="[google microsoft github]"
INF Starting server addr=localhost:8080 baseURL=http://localhost:8080 version=v0.0.0-20260919184444-70d3ece1d026+dirty
INF http m=GET p=/api/v1/health s=200 d=84µs s=160
INF http m=POST p=/api/v1/auth/register s=200 d=81.5ms s=410
INF http m=POST p=/api/v1/auth/register s=200 d=92.7ms s=384
INF http m=GET p=/ s=200 d=58µs s=532
INF http m=GET p=/ s=200 d=24µs s=532
INF http m=GET p=/assets/index-D8rN_C6i.js s=200 d=184µs s=49782
INF http m=GET p=/assets/editor-vendor-DXykusy4.js s=200 d=146µs s=95952
INF http m=GET p=/assets/index-BppjCDFJ.css s=200 d=110µs s=12398
INF http m=GET p=/assets/index-BppjCDFJ.css s=200 d=84µs s=12398
INF http m=GET p=/assets/index-D8rN_C6i.js s=200 d=113µs s=49782
INF http m=GET p=/assets/vendor-Dz6kinLD.js s=200 d=94µs s=27873
INF http m=GET p=/assets/editor-vendor-DXykusy4.js s=200 d=135µs s=95952
INF http m=GET p=/assets/vendor-Dz6kinLD.js s=200 d=609µs s=27873
INF http m=GET p=/registerSW.js s=200 d=42µs s=87
INF http m=GET p=/registerSW.js s=200 d=33µs s=87
INF http m=GET p=/api/v1/auth/me s=200 d=305µs s=183
INF http m=GET p=/assets/en-BOb8f2G7.js s=200 d=1.57ms s=5207
INF http m=GET p=/assets/en-BOb8f2G7.js s=200 d=92µs s=5207
INF http m=GET p=/api/v1/auth/me s=200 d=9.13ms s=166
INF http m=GET p=/api/v1/notifications/unread-count s=200 d=917µs s=25
INF http m=GET p=/api/v1/notifications/unread-count s=200 d=12ms s=25
INF http m=POST p=/api/v1/organizations s=200 d=43.6ms s=353
INF http m=GET p=/api/v1/auth/me s=200 d=312µs s=253
INF http m=POST p=/api/v1/organizations s=200 d=55.2ms s=354
INF http m=GET p=/favicon.png s=200 d=69µs s=449
INF http m=GET p=/favicon.png s=200 d=34µs s=449
INF http m=GET p=/sw.js s=200 d=91µs s=5541
INF http m=GET p=/sw.js s=200 d=129µs s=5541
INF http m=GET p=/api/v1/auth/me s=200 d=5.42ms s=268
INF http m=GET p=/registerSW.js s=200 d=35µs s=87
INF http m=GET p=/registerSW.js s=200 d=17µs s=87
INF http m=POST p=/api/v1/organizations/43L9PMN3A000/workspaces s=200 d=140ms s=298
INF http m=GET p=/index.html s=200 d=41µs s=532
INF http m=GET p=/index.html s=200 d=52µs s=532
INF http m=GET p=/icon.svg s=200 d=25µs s=195
INF http m=GET p=/icon.svg s=200 d=19µs s=195
INF http m=GET p=/icon-512.png s=200 d=138µs s=6498
INF http m=GET p=/icon-512.png s=200 d=68µs s=6498
INF http m=GET p=/icon-192.png s=200 d=44µs s=2468
INF http m=GET p=/icon-192.png s=200 d=90µs s=2468
INF http m=GET p=/favicon.png s=200 d=262µs s=449
INF http m=GET p=/favicon.png s=200 d=25µs s=449
INF http m=GET p=/apple-touch-icon.png s=200 d=37µs s=2298
INF http m=GET p=/apple-touch-icon.png s=200 d=49µs s=2298
INF http m=POST p=/api/v1/organizations/43L9PMN7S000/workspaces s=200 d=213ms s=300
INF http m=POST p=/api/v1/auth/switch-workspace s=200 d=87.1ms s=605
INF http m=GET p=/assets/material-symbols-names-Dyx5m6Tf.js s=200 d=109µs s=15412
INF http m=GET p=/assets/material-symbols-names-Dyx5m6Tf.js s=200 d=114µs s=15412
INF http m=POST p=/api/v1/auth/switch-workspace s=200 d=19.7ms s=583
INF http m=GET p=/api/v1/notifications/unread-count s=200 d=964µs s=25
INF http m=GET p=/api/v1/workspaces/43L9PN5P8000/nodes/0/children s=200 d=7.27ms s=26
INF http m=GET p=/api/v1/workspaces/43L9PN5P8000/members s=200 d=15.1ms s=124
INF http m=GET p=/api/v1/workspaces/43L9PN7US000/members s=200 d=829µs s=132
INF http m=GET p=/assets/fr-CgauyyXq.js s=200 d=111µs s=6301
INF http m=GET p=/assets/fr-CgauyyXq.js s=200 d=122µs s=6301
INF http m=GET p=/api/v1/notifications/unread-count s=200 d=13.6ms s=25
INF http m=GET p=/api/v1/workspaces/43L9PN7US000/nodes/0/children s=200 d=15ms s=26
INF http m=GET p=/assets/es-DHO8DnB9.js s=200 d=97µs s=6015
INF http m=GET p=/assets/es-DHO8DnB9.js s=200 d=121µs s=6015
INF http m=GET p=/assets/emoji-groups-BpL1N8nI.js s=200 d=292µs s=13798
INF http m=GET p=/assets/emoji-groups-BpL1N8nI.js s=200 d=129µs s=13798
INF http m=POST p=/api/v1/workspaces/43L9PN5P8000/nodes/0/page/create s=200 d=38.9ms s=35
INF http m=GET p=/api/v1/workspaces/43L9PN5P8000/nodes/0/children s=200 d=374µs s=257
INF http m=POST p=/api/v1/workspaces/43L9PN7US000/nodes/0/page/create s=200 d=29.1ms s=35
INF http m=GET p=/api/v1/workspaces/43L9PN7US000/nodes/0/children s=200 d=227µs s=257
INF http m=GET p=/api/v1/workspaces/43L9PN5P8000/nodes/43L9POUHC000 s=200 d=370µs s=245
INF http m=GET p=/api/v1/workspaces/43L9PN7US000/nodes/43L9PP28E000 s=200 d=225µs s=245
INF http m=GET p=/assets/de-qJeflSp6.js s=200 d=113µs s=6245
INF http m=GET p=/assets/de-qJeflSp6.js s=200 d=68µs s=6245
INF http m=GET p=/assets/WorkspaceSettingsPanel-CeaO382V.css s=200 d=33µs s=1021
INF http m=GET p=/assets/Editor--AVOgcEK.js s=200 d=83µs s=13498
INF http m=GET p=/assets/Editor-CO3i7Yl7.css s=200 d=70µs s=2237
INF http m=GET p=/assets/Editor--AVOgcEK.js s=200 d=95µs s=13498
INF http m=GET p=/assets/Editor-CO3i7Yl7.css s=200 d=32µs s=2237
INF http m=GET p=/assets/WorkspaceSettingsPanel-CeaO382V.css s=200 d=25µs s=1021
INF http m=GET p=/assets/WorkspaceSettingsPanel-C0CeQhf8.js s=200 d=67µs s=4456
INF http m=GET p=/assets/WorkspaceSettingsPanel-C0CeQhf8.js s=200 d=55µs s=4456
INF http m=GET p=/assets/ServerSettingsPanel-DsIxlWdC.css s=200 d=34µs s=593
INF http m=GET p=/assets/ServerSettingsPanel-DsIxlWdC.css s=200 d=30µs s=593
INF http m=GET p=/assets/ServerSettingsPanel-Cmq42vr7.js s=200 d=38µs s=2538
INF http m=GET p=/assets/ServerSettingsPanel-Cmq42vr7.js s=200 d=57µs s=2538
INF http m=GET p=/assets/ResourceQuotaForm-Coc__0PE.js s=200 d=22µs s=813
INF http m=GET p=/assets/ResourceQuotaForm-Coc__0PE.js s=200 d=66µs s=813
INF http m=GET p=/assets/ResourceQuotaForm-AxNe1Ebg.css s=200 d=34µs s=302
INF http m=GET p=/assets/ResourceQuotaForm-AxNe1Ebg.css s=200 d=142µs s=302
INF http m=GET p=/assets/ProfileSettings-kJBJbTIc.css s=200 d=19µs s=1220
INF http m=GET p=/assets/ProfileSettings-kJBJbTIc.css s=200 d=25µs s=1220
INF http m=GET p=/assets/ProfileSettings-HAdAXUp2.js s=200 d=53µs s=4325
INF http m=GET p=/assets/ProfileSettings-HAdAXUp2.js s=200 d=63µs s=4325
INF http m=GET p=/assets/OrgSettingsPanel-CEubhZUp.css s=200 d=28µs s=509
INF http m=GET p=/assets/OrgSettingsPanel-CEubhZUp.css s=200 d=22µs s=509
INF http m=GET p=/assets/OrgSettingsPanel-B6q-g6eD.js s=200 d=32µs s=2306
INF http m=GET p=/assets/OrgSettingsPanel-B6q-g6eD.js s=200 d=33µs s=2306
INF http m=GET p=/assets/InviteForm-fXZCo6g3.js s=200 d=23µs s=1267
INF http m=GET p=/assets/InviteForm-fXZCo6g3.js s=200 d=21µs s=1267
INF http m=GET p=/assets/InviteForm-CW-wgFWD.css s=200 d=25µs s=414
INF http m=GET p=/assets/InviteForm-CW-wgFWD.css s=200 d=28µs s=414
INF http m=GET p=/assets/AdminDashboard-R0heLGro.css s=200 d=29µs s=601
INF http m=GET p=/assets/AdminDashboard-Cfrr1YY_.js s=200 d=30µs s=2075
INF http m=GET p=/assets/AdminDashboard-R0heLGro.css s=200 d=34µs s=601
INF http m=GET p=/manifest.webmanifest s=200 d=28µs s=199
INF http m=GET p=/assets/AdminDashboard-Cfrr1YY_.js s=200 d=36µs s=2075
INF http m=GET p=/manifest.webmanifest s=200 d=38µs s=199
INF http m=POST p=/api/v1/workspaces/43L9PN5P8000/nodes/0/page/create s=200 d=18.5ms s=26
INF http m=POST p=/api/v1/workspaces/43L9PN7US000/nodes/0/table/create s=200 d=23.2ms s=26
INF http m=GET p=/w/@43L9PN5P8000+workspace/@43L9POUHC000+welcome s=200 d=35µs s=532
INF http m=POST p=/api/v1/workspaces/43L9PN7US000/nodes/43L9PQ5PI000/table/records/create s=200 d=16.5ms s=26
INF http m=GET p=/api/v1/workspaces/43L9PN5P8000/events s=200 d=273ms s=232
INF http m=POST p=/api/v1/workspaces/43L9PN7US000/nodes/43L9PQ5PI000/table/records/create s=200 d=21.7ms s=26
INF http m=GET p=/api/v1/auth/me s=200 d=305µs s=356
INF http m=POST p=/api/v1/workspaces/43L9PN7US000/nodes/43L9PQ5PI000/table/records/create s=200 d=19.1ms s=26
INF http m=GET p=/w/@43L9PN7US000+workspace/@43L9PP28E000+welcome s=200 d=50µs s=532
INF http m=GET p=/api/v1/workspaces/43L9PN7US000/events s=200 d=335ms s=339
INF http m=GET p=/api/v1/notifications/unread-count s=200 d=609µs s=25
INF http m=GET p=/api/v1/workspaces/43L9PN5P8000/nodes/0/children s=200 d=285µs s=264
INF http m=GET p=/api/v1/workspaces/43L9PN5P8000/nodes/43L9POUHC000 s=200 d=156µs s=245
INF http m=GET p=/api/v1/workspaces/43L9PN5P8000/members s=200 d=226µs s=124
INF http m=GET p=/api/v1/auth/me s=200 d=266µs s=371
INF http m=GET p=/api/v1/notifications/unread-count s=200 d=215µs s=25
INF http m=GET p=/api/v1/workspaces/43L9PN7US000/nodes/0/children s=200 d=742µs s=464
INF http m=GET p=/api/v1/workspaces/43L9PN7US000/members s=200 d=160µs s=132
INF http m=GET p=/api/v1/workspaces/43L9PN7US000/nodes/43L9PP28E000 s=200 d=353µs s=245
INF http m=GET p=/api/v1/workspaces/43L9PN5P8000/nodes/43L9PQ5JC000 s=200 d=381µs s=156
INF http m=GET p=/api/v1/workspaces/43L9PN7US000/nodes/43L9PQ5PI000 s=200 d=501µs s=326
INF http m=GET p=/api/v1/workspaces/43L9PN7US000/nodes/43L9PQ5PI000/table/records s=200 d=424µs s=367
INF http m=GET p=/api/v1/workspaces/43L9PN5P8000/events s=200 d=401ms s=93
INF http m=POST p=/api/v1/workspaces/43L9PN7US000/nodes/43L9PQ5PI000/views/create s=200 d=45.3ms s=35
INF http m=POST p=/api/v1/auth/register s=200 d=110ms s=388
INF http m=GET p=/ s=200 d=59µs s=532
INF http m=GET p=/assets/vendor-Dz6kinLD.js s=200 d=155µs s=27873
INF http m=GET p=/assets/editor-vendor-DXykusy4.js s=200 d=200µs s=95952
INF http m=GET p=/assets/index-BppjCDFJ.css s=200 d=108µs s=12398
INF http m=GET p=/assets/index-D8rN_C6i.js s=200 d=107µs s=49782
INF http m=GET p=/registerSW.js s=200 d=46µs s=87
INF http m=GET p=/assets/en-BOb8f2G7.js s=200 d=101µs s=5207
INF http m=GET p=/api/v1/auth/me s=200 d=322µs s=167
INF http m=GET p=/api/v1/notifications/unread-count s=200 d=363µs s=25
INF http m=GET p=/favicon.png s=200 d=42µs s=449
INF http m=GET p=/sw.js s=200 d=79µs s=5541
INF http m=POST p=/api/v1/organizations s=200 d=49.8ms s=350
INF http m=GET p=/api/v1/auth/me s=200 d=232µs s=255
INF http m=GET p=/registerSW.js s=200 d=37µs s=87
INF http m=GET p=/index.html s=200 d=32µs s=532
INF http m=GET p=/icon.svg s=200 d=37µs s=195
INF http m=GET p=/icon-512.png s=200 d=83µs s=6498
INF http m=GET p=/icon-192.png s=200 d=79µs s=2468
INF http m=GET p=/favicon.png s=200 d=45µs s=449
INF http m=POST p=/api/v1/workspaces/43L9PN7US000/nodes/43L9PQ5PI000/views/create s=200 d=60.1ms s=35
INF http m=GET p=/apple-touch-icon.png s=200 d=1.36ms s=2298
INF http m=GET p=/assets/material-symbols-names-Dyx5m6Tf.js s=200 d=108µs s=15412
INF http m=GET p=/assets/fr-CgauyyXq.js s=200 d=146µs s=6301
INF http m=GET p=/assets/es-DHO8DnB9.js s=200 d=89µs s=6015
INF http m=GET p=/assets/emoji-groups-BpL1N8nI.js s=200 d=204µs s=13798
INF http m=POST p=/api/v1/organizations/43L9Q0FV4000/workspaces s=200 d=217ms s=296
INF http m=GET p=/assets/de-qJeflSp6.js s=200 d=79µs s=6245
INF http m=GET p=/assets/WorkspaceSettingsPanel-CeaO382V.css s=200 d=35µs s=1021
INF http m=GET p=/assets/WorkspaceSettingsPanel-C0CeQhf8.js s=200 d=61µs s=4456
INF http m=POST p=/api/v1/auth/switch-workspace s=200 d=14.5ms s=607
INF http m=GET p=/assets/ServerSettingsPanel-DsIxlWdC.css s=200 d=24µs s=593
INF http m=GET p=/assets/ServerSettingsPanel-Cmq42vr7.js s=200 d=41µs s=2538
INF http m=GET p=/api/v1/notifications/unread-count s=200 d=169µs s=25
INF http m=GET p=/api/v1/workspaces/43L9Q0VLS000/nodes/0/children s=200 d=257µs s=26
INF http m=GET p=/api/v1/workspaces/43L9Q0VLS000/members s=200 d=6.98ms s=124
INF http m=GET p=/assets/ResourceQuotaForm-Coc__0PE.js s=200 d=33µs s=813
INF http m=GET p=/assets/ResourceQuotaForm-AxNe1Ebg.css s=200 d=40µs s=302
INF http m=GET p=/assets/ProfileSettings-kJBJbTIc.css s=200 d=38µs s=1220
INF http m=GET p=/assets/ProfileSettings-HAdAXUp2.js s=200 d=64µs s=4325
INF http m=POST p=/api/v1/workspaces/43L9Q0VLS000/nodes/0/page/create s=200 d=28.4ms s=35
INF http m=GET p=/assets/OrgSettingsPanel-CEubhZUp.css s=200 d=27µs s=509
INF http m=GET p=/api/v1/workspaces/43L9Q0VLS000/nodes/0/children s=200 d=235µs s=257
INF http m=GET p=/assets/OrgSettingsPanel-B6q-g6eD.js s=200 d=98µs s=2306
INF http m=GET p=/api/v1/workspaces/43L9Q0VLS000/nodes/43L9Q2HNO000 s=200 d=247µs s=245
INF http m=GET p=/assets/InviteForm-fXZCo6g3.js s=200 d=33µs s=1267
INF http m=GET p=/assets/Editor-CO3i7Yl7.css s=200 d=87µs s=2237
INF http m=GET p=/assets/Editor--AVOgcEK.js s=200 d=115µs s=13498
INF http m=GET p=/assets/InviteForm-CW-wgFWD.css s=200 d=33µs s=414
INF http m=GET p=/assets/AdminDashboard-R0heLGro.css s=200 d=42µs s=601
INF http m=GET p=/assets/AdminDashboard-Cfrr1YY_.js s=200 d=32µs s=2075
INF http m=GET p=/manifest.webmanifest s=200 d=24µs s=199
INF http m=POST p=/api/v1/workspaces/43L9Q0VLS000/nodes/0/page/create s=200 d=15.7ms s=26
INF http m=GET p=/w/@43L9Q0VLS000+workspace/@43L9Q2HNO000+welcome s=200 d=40µs s=532
INF http m=GET p=/api/v1/workspaces/43L9Q0VLS000/events s=200 d=139ms s=237
INF http m=POST p=/api/v1/workspaces/43L9PN7US000/nodes/43L9PQ5PI000/views/create s=200 d=28ms s=35
INF http m=GET p=/api/v1/auth/me s=200 d=306µs s=356
INF http m=GET p=/api/v1/notifications/unread-count s=200 d=184µs s=25
INF http m=GET p=/api/v1/workspaces/43L9Q0VLS000/members s=200 d=168µs s=124
INF http m=GET p=/api/v1/workspaces/43L9Q0VLS000/nodes/0/children s=200 d=819µs s=264
INF http m=GET p=/api/v1/workspaces/43L9Q0VLS000/nodes/43L9Q2HNO000 s=200 d=192µs s=245
INF http m=GET p=/api/v1/workspaces/43L9Q0VLS000/nodes/43L9Q360Q000 s=200 d=919µs s=154
INF http m=GET p=/api/v1/workspaces/43L9PN7US000/events s=200 d=1.48s s=257
INF http m=POST p=/api/v1/auth/register s=200 d=98.6ms s=382
INF http m=GET p=/ s=200 d=64µs s=532
INF http m=GET p=/assets/vendor-Dz6kinLD.js s=200 d=127µs s=27873
INF http m=GET p=/assets/editor-vendor-DXykusy4.js s=200 d=134µs s=95952
INF http m=GET p=/assets/index-BppjCDFJ.css s=200 d=101µs s=12398
INF http m=GET p=/registerSW.js s=200 d=25µs s=87
INF http m=GET p=/assets/index-D8rN_C6i.js s=200 d=591µs s=49782
INF http m=GET p=/api/v1/auth/me s=200 d=238µs s=166
INF http m=GET p=/assets/en-BOb8f2G7.js s=200 d=56µs s=5207
INF http m=GET p=/api/v1/notifications/unread-count s=200 d=176µs s=25
INF http m=GET p=/favicon.png s=200 d=36µs s=449
INF http m=POST p=/api/v1/organizations s=200 d=29ms s=351
INF http m=GET p=/sw.js s=200 d=70µs s=5541
INF http m=GET p=/api/v1/auth/me s=200 d=224µs s=251
INF http m=GET p=/registerSW.js s=200 d=40µs s=87
INF http m=GET p=/index.html s=200 d=37µs s=532
INF http m=GET p=/icon.svg s=200 d=33µs s=195
INF http m=GET p=/icon-512.png s=200 d=66µs s=6498
INF http m=GET p=/icon-192.png s=200 d=35µs s=2468
INF http m=GET p=/favicon.png s=200 d=29µs s=449
INF http m=GET p=/apple-touch-icon.png s=200 d=59µs s=2298
INF http m=GET p=/assets/material-symbols-names-Dyx5m6Tf.js s=200 d=538µs s=15412
INF http m=GET p=/api/v1/workspaces/43L9Q0VLS000/events s=200 d=740ms s=93
INF http m=GET p=/assets/fr-CgauyyXq.js s=200 d=74µs s=6301
INF http m=GET p=/assets/es-DHO8DnB9.js s=200 d=82µs s=6015
INF http m=GET p=/assets/emoji-groups-BpL1N8nI.js s=200 d=94µs s=13798
INF http m=POST p=/api/v1/organizations/43L9Q7AHA000/workspaces s=200 d=196ms s=297
INF http m=POST p=/api/v1/auth/switch-workspace s=200 d=21.6ms s=612
INF http m=GET p=/assets/de-qJeflSp6.js s=200 d=70µs s=6245
INF http m=GET p=/assets/WorkspaceSettingsPanel-CeaO382V.css s=200 d=35µs s=1021
INF http m=GET p=/assets/WorkspaceSettingsPanel-C0CeQhf8.js s=200 d=61µs s=4456
INF http m=GET p=/api/v1/notifications/unread-count s=200 d=190µs s=25
INF http m=GET p=/api/v1/workspaces/43L9Q7NKE000/nodes/0/children s=200 d=306µs s=26
INF http m=GET p=/api/v1/workspaces/43L9Q7NKE000/members s=200 d=155µs s=124
INF http m=GET p=/assets/ServerSettingsPanel-DsIxlWdC.css s=200 d=47µs s=593
INF http m=GET p=/assets/ServerSettingsPanel-Cmq42vr7.js s=200 d=130µs s=2538
INF http m=GET p=/assets/ResourceQuotaForm-Coc__0PE.js s=200 d=40µs s=813
INF http m=GET p=/assets/ResourceQuotaForm-AxNe1Ebg.css s=200 d=44µs s=302
INF http m=POST p=/api/v1/workspaces/43L9Q7NKE000/nodes/0/page/create s=200 d=60.9ms s=35
INF http m=GET p=/assets/ProfileSettings-kJBJbTIc.css s=200 d=41µs s=1220
INF http m=GET p=/api/v1/workspaces/43L9Q7NKE000/nodes/0/children s=200 d=317µs s=257
INF http m=GET p=/assets/ProfileSettings-HAdAXUp2.js s=200 d=88µs s=4325
INF http m=GET p=/api/v1/workspaces/43L9Q7NKE000/nodes/43L9Q99P0000 s=200 d=1.36ms s=245
INF http m=GET p=/assets/OrgSettingsPanel-CEubhZUp.css s=200 d=35µs s=509
INF http m=GET p=/assets/OrgSettingsPanel-B6q-g6eD.js s=200 d=53µs s=2306
INF http m=GET p=/assets/Editor--AVOgcEK.js s=200 d=74µs s=13498
INF http m=GET p=/assets/Editor-CO3i7Yl7.css s=200 d=58µs s=2237
INF http m=GET p=/assets/InviteForm-fXZCo6g3.js s=200 d=65µs s=1267
INF http m=GET p=/assets/InviteForm-CW-wgFWD.css s=200 d=48µs s=414
INF http m=GET p=/assets/AdminDashboard-R0heLGro.css s=200 d=37µs s=601
INF http m=GET p=/assets/AdminDashboard-Cfrr1YY_.js s=200 d=50µs s=2075
INF http m=GET p=/manifest.webmanifest s=200 d=35µs s=199
INF http m=POST p=/api/v1/workspaces/43L9Q7NKE000/nodes/0/page/create s=200 d=29.9ms s=26
INF http m=GET p=/w/@43L9Q7NKE000+workspace/@43L9Q99P0000+welcome s=200 d=43µs s=532
INF http m=GET p=/api/v1/workspaces/43L9Q7NKE000/events s=200 d=282ms s=230
INF http m=GET p=/api/v1/auth/me s=200 d=258µs s=354
INF http m=POST p=/api/v1/auth/register s=200 d=143ms s=385
INF http m=GET p=/ s=200 d=58µs s=532
INF http m=GET p=/api/v1/notifications/unread-count s=200 d=198µs s=25
INF http m=GET p=/api/v1/workspaces/43L9Q7NKE000/nodes/0/children s=200 d=319µs s=264
INF http m=GET p=/api/v1/workspaces/43L9Q7NKE000/members s=200 d=399µs s=124
INF http m=GET p=/api/v1/workspaces/43L9Q7NKE000/nodes/43L9Q99P0000 s=200 d=2.38ms s=245
INF http m=GET p=/assets/index-D8rN_C6i.js s=200 d=165µs s=49782
INF http m=GET p=/assets/index-BppjCDFJ.css s=200 d=99µs s=12398
INF http m=GET p=/registerSW.js s=200 d=48µs s=87
INF http m=GET p=/assets/vendor-Dz6kinLD.js s=200 d=128µs s=27873
INF http m=GET p=/assets/editor-vendor-DXykusy4.js s=200 d=128µs s=95952
INF http m=GET p=/api/v1/workspaces/43L9Q7NKE000/nodes/43L9QAK4K000 s=200 d=387µs s=155
INF http m=GET p=/api/v1/auth/me s=200 d=314µs s=168
INF http m=GET p=/assets/en-BOb8f2G7.js s=200 d=80µs s=5207
INF http m=GET p=/favicon.png s=200 d=44µs s=449
INF http m=GET p=/api/v1/notifications/unread-count s=200 d=198µs s=25
INF http m=GET p=/sw.js s=200 d=107µs s=5541
INF http m=POST p=/api/v1/organizations s=200 d=27.7ms s=350
INF http m=GET p=/api/v1/auth/me s=200 d=223µs s=253
INF http m=GET p=/registerSW.js s=200 d=31µs s=87
INF http m=GET p=/index.html s=200 d=31µs s=532
INF http m=GET p=/icon.svg s=200 d=26µs s=195
INF http m=GET p=/icon-512.png s=200 d=126µs s=6498
INF http m=GET p=/icon-192.png s=200 d=49µs s=2468
INF http m=GET p=/favicon.png s=200 d=40µs s=449
INF http m=GET p=/apple-touch-icon.png s=200 d=46µs s=2298
INF http m=GET p=/assets/material-symbols-names-Dyx5m6Tf.js s=200 d=173µs s=15412
INF http m=GET p=/assets/fr-CgauyyXq.js s=200 d=114µs s=6301
INF http m=GET p=/assets/es-DHO8DnB9.js s=200 d=78µs s=6015
INF http m=GET p=/assets/emoji-groups-BpL1N8nI.js s=200 d=142µs s=13798
INF http m=GET p=/assets/de-qJeflSp6.js s=200 d=366µs s=6245
INF http m=GET p=/assets/WorkspaceSettingsPanel-CeaO382V.css s=200 d=34µs s=1021
INF http m=GET p=/assets/WorkspaceSettingsPanel-C0CeQhf8.js s=200 d=74µs s=4456
INF http m=POST p=/api/v1/organizations/43L9QCNN8000/workspaces s=200 d=181ms s=296
INF http m=GET p=/api/v1/workspaces/43L9Q7NKE000/events s=200 d=428ms s=93
INF http m=GET p=/assets/ServerSettingsPanel-DsIxlWdC.css s=200 d=46µs s=593
INF http m=GET p=/assets/ServerSettingsPanel-Cmq42vr7.js s=200 d=384µs s=2538
INF http m=GET p=/assets/ResourceQuotaForm-Coc__0PE.js s=200 d=54µs s=813
INF http m=POST p=/api/v1/auth/switch-workspace s=200 d=25ms s=603
INF http m=GET p=/assets/ResourceQuotaForm-AxNe1Ebg.css s=200 d=32µs s=302
INF http m=GET p=/assets/ProfileSettings-kJBJbTIc.css s=200 d=41µs s=1220
INF http m=GET p=/assets/ProfileSettings-HAdAXUp2.js s=200 d=86µs s=4325
INF http m=GET p=/assets/OrgSettingsPanel-CEubhZUp.css s=200 d=28µs s=509
INF http m=GET p=/api/v1/notifications/unread-count s=200 d=166µs s=25
INF http m=GET p=/assets/OrgSettingsPanel-B6q-g6eD.js s=200 d=80µs s=2306
INF http m=GET p=/api/v1/workspaces/43L9QD1N0000/members s=200 d=8.6ms s=124
INF http m=GET p=/api/v1/workspaces/43L9QD1N0000/nodes/0/children s=200 d=8.16ms s=26
INF http m=GET p=/assets/InviteForm-fXZCo6g3.js s=200 d=35µs s=1267
INF http m=GET p=/assets/InviteForm-CW-wgFWD.css s=200 d=46µs s=414
INF http m=GET p=/assets/Editor-CO3i7Yl7.css s=200 d=49µs s=2237
INF http m=GET p=/assets/Editor--AVOgcEK.js s=200 d=97µs s=13498
INF http m=GET p=/assets/AdminDashboard-R0heLGro.css s=200 d=51µs s=601
INF http m=POST p=/api/v1/workspaces/43L9QD1N0000/nodes/0/page/create s=200 d=32.9ms s=35
INF http m=GET p=/assets/AdminDashboard-Cfrr1YY_.js s=200 d=91µs s=2075
INF http m=GET p=/api/v1/workspaces/43L9QD1N0000/nodes/0/children s=200 d=1.46ms s=257
INF http m=GET p=/manifest.webmanifest s=200 d=46µs s=199
INF http m=GET p=/api/v1/workspaces/43L9QD1N0000/nodes/43L9QEJNK000 s=200 d=264µs s=245
INF http m=POST p=/api/v1/workspaces/43L9QD1N0000/nodes/0/page/create s=200 d=27.7ms s=26
INF http m=GET p=/w/@43L9QD1N0000+workspace/@43L9QEJNK000+welcome s=200 d=42µs s=532
INF http m=GET p=/api/v1/workspaces/43L9QD1N0000/events s=200 d=192ms s=236
INF http m=GET p=/api/v1/auth/me s=200 d=2.03ms s=353
INF http m=POST p=/api/v1/auth/register s=200 d=128ms s=386
INF http m=GET p=/ s=200 d=61µs s=532
INF http m=GET p=/api/v1/notifications/unread-count s=200 d=154µs s=25
INF http m=GET p=/api/v1/workspaces/43L9QD1N0000/members s=200 d=542µs s=124
INF http m=GET p=/api/v1/workspaces/43L9QD1N0000/nodes/0/children s=200 d=2.55ms s=265
INF http m=GET p=/api/v1/workspaces/43L9QD1N0000/nodes/43L9QEJNK000 s=200 d=324µs s=245
INF http m=GET p=/assets/index-D8rN_C6i.js s=200 d=170µs s=49782
INF http m=GET p=/assets/index-BppjCDFJ.css s=200 d=175µs s=12398
INF http m=GET p=/assets/editor-vendor-DXykusy4.js s=200 d=624µs s=95952
INF http m=GET p=/assets/vendor-Dz6kinLD.js s=200 d=267µs s=27873
INF http m=GET p=/registerSW.js s=200 d=40µs s=87
INF http m=GET p=/api/v1/workspaces/43L9QD1N0000/nodes/43L9QFC1C000 s=200 d=752µs s=154
INF http m=GET p=/api/v1/auth/me s=200 d=734µs s=168
INF http m=GET p=/assets/en-BOb8f2G7.js s=200 d=60µs s=5207
INF http m=GET p=/api/v1/notifications/unread-count s=200 d=744µs s=25
INF http m=GET p=/sw.js s=200 d=91µs s=5541
INF http m=GET p=/favicon.png s=200 d=53µs s=449
INF http m=POST p=/api/v1/organizations s=200 d=46.2ms s=350
INF http m=GET p=/api/v1/auth/me s=200 d=887µs s=253
INF http m=GET p=/registerSW.js s=200 d=37µs s=87
INF http m=GET p=/index.html s=200 d=42µs s=532
INF http m=GET p=/icon.svg s=200 d=35µs s=195
INF http m=GET p=/icon-512.png s=200 d=92µs s=6498
INF http m=GET p=/icon-192.png s=200 d=43µs s=2468
INF http m=GET p=/favicon.png s=200 d=34µs s=449
INF http m=GET p=/apple-touch-icon.png s=200 d=41µs s=2298
INF http m=GET p=/assets/material-symbols-names-Dyx5m6Tf.js s=200 d=127µs s=15412
INF http m=GET p=/assets/fr-CgauyyXq.js s=200 d=89µs s=6301
INF http m=GET p=/assets/es-DHO8DnB9.js s=200 d=805µs s=6015
INF http m=GET p=/assets/emoji-groups-BpL1N8nI.js s=200 d=107µs s=13798
INF http m=GET p=/assets/de-qJeflSp6.js s=200 d=106µs s=6245
INF http m=GET p=/assets/WorkspaceSettingsPanel-CeaO382V.css s=200 d=47µs s=1021
INF http m=GET p=/assets/WorkspaceSettingsPanel-C0CeQhf8.js s=200 d=98µs s=4456
INF http m=GET p=/assets/ServerSettingsPanel-DsIxlWdC.css s=200 d=48µs s=593
INF http m=GET p=/assets/ServerSettingsPanel-Cmq42vr7.js s=200 d=48µs s=2538
INF http m=POST p=/api/v1/organizations/43L9QH7J8000/workspaces s=200 d=252ms s=298
INF http m=GET p=/assets/ResourceQuotaForm-Coc__0PE.js s=200 d=46µs s=813
INF http m=GET p=/api/v1/workspaces/43L9QD1N0000/events s=200 d=473ms s=93
INF http m=GET p=/assets/ResourceQuotaForm-AxNe1Ebg.css s=200 d=47µs s=302
INF http m=GET p=/assets/ProfileSettings-kJBJbTIc.css s=200 d=43µs s=1220
INF http m=GET p=/assets/ProfileSettings-HAdAXUp2.js s=200 d=73µs s=4325
INF http m=GET p=/assets/OrgSettingsPanel-CEubhZUp.css s=200 d=38µs s=509
INF http m=GET p=/assets/OrgSettingsPanel-B6q-g6eD.js s=200 d=61µs s=2306
INF http m=GET p=/assets/InviteForm-fXZCo6g3.js s=200 d=51µs s=1267
INF http m=POST p=/api/v1/auth/switch-workspace s=200 d=46.5ms s=607
INF http m=GET p=/assets/InviteForm-CW-wgFWD.css s=200 d=44µs s=414
INF http m=GET p=/assets/Editor-CO3i7Yl7.css s=200 d=53µs s=2237
INF http m=GET p=/api/v1/notifications/unread-count s=200 d=483µs s=25
INF http m=GET p=/assets/Editor--AVOgcEK.js s=200 d=162µs s=13498
INF http m=GET p=/api/v1/workspaces/43L9QHJR4000/members s=200 d=8.25ms s=124
INF http m=GET p=/api/v1/workspaces/43L9QHJR4000/nodes/0/children s=200 d=668µs s=26
INF http m=GET p=/assets/AdminDashboard-R0heLGro.css s=200 d=34µs s=601
INF http m=GET p=/assets/AdminDashboard-Cfrr1YY_.js s=200 d=84µs s=2075
INF http m=GET p=/manifest.webmanifest s=200 d=34µs s=199
INF http m=POST p=/api/v1/workspaces/43L9QHJR4000/nodes/0/page/create s=200 d=21.8ms s=35
INF http m=GET p=/api/v1/workspaces/43L9QHJR4000/nodes/0/children s=200 d=671µs s=257
INF http m=GET p=/api/v1/workspaces/43L9QHJR4000/nodes/43L9QJO14000 s=200 d=796µs s=245
INF http m=POST p=/api/v1/workspaces/43L9QHJR4000/nodes/0/page/create s=200 d=32.6ms s=26
INF http m=GET p=/w/@43L9QHJR4000+workspace/@43L9QJO14000+welcome s=200 d=44µs s=532
INF http m=GET p=/api/v1/workspaces/43L9QHJR4000/events s=200 d=144ms s=234
INF http m=GET p=/api/v1/auth/me s=200 d=674µs s=353
INF http m=GET p=/api/v1/notifications/unread-count s=200 d=185µs s=25
INF http m=GET p=/api/v1/workspaces/43L9QHJR4000/members s=200 d=4.52ms s=124
INF http m=GET p=/api/v1/workspaces/43L9QHJR4000/nodes/0/children s=200 d=12.1ms s=265
INF http m=GET p=/api/v1/workspaces/43L9QHJR4000/nodes/43L9QJO14000 s=200 d=16.3ms s=245
INF http m=POST p=/api/v1/auth/register s=200 d=137ms s=384
INF http m=GET p=/ s=200 d=51µs s=532
INF http m=GET p=/api/v1/workspaces/43L9QHJR4000/nodes/43L9QK1NK000 s=200 d=778µs s=157
INF http m=GET p=/assets/index-BppjCDFJ.css s=200 d=186µs s=12398
INF http m=GET p=/assets/index-D8rN_C6i.js s=200 d=142µs s=49782
INF http m=GET p=/registerSW.js s=200 d=34µs s=87
INF http m=GET p=/assets/vendor-Dz6kinLD.js s=200 d=208µs s=27873
INF http m=GET p=/assets/editor-vendor-DXykusy4.js s=200 d=3.83ms s=95952
INF http m=GET p=/assets/en-BOb8f2G7.js s=200 d=95µs s=5207
INF http m=GET p=/api/v1/auth/me s=200 d=1.69ms s=168
INF http m=GET p=/api/v1/notifications/unread-count s=200 d=1.59ms s=25
INF http m=GET p=/favicon.png s=200 d=47µs s=449
INF http m=GET p=/sw.js s=200 d=76µs s=5541
INF http m=POST p=/api/v1/organizations s=200 d=32ms s=350
INF http m=GET p=/registerSW.js s=200 d=36µs s=87
INF http m=GET p=/api/v1/auth/me s=200 d=821µs s=253
INF http m=GET p=/index.html s=200 d=37µs s=532
INF http m=GET p=/icon.svg s=200 d=48µs s=195
INF http m=GET p=/icon-512.png s=200 d=74µs s=6498
INF http m=GET p=/icon-192.png s=200 d=70µs s=2468
INF http m=GET p=/favicon.png s=200 d=32µs s=449
INF http m=GET p=/apple-touch-icon.png s=200 d=56µs s=2298
INF http m=GET p=/assets/material-symbols-names-Dyx5m6Tf.js s=200 d=107µs s=15412
INF http m=GET p=/assets/fr-CgauyyXq.js s=200 d=160µs s=6301
INF http m=GET p=/assets/es-DHO8DnB9.js s=200 d=68µs s=6015
INF http m=GET p=/assets/emoji-groups-BpL1N8nI.js s=200 d=67µs s=13798
INF http m=GET p=/api/v1/workspaces/43L9QHJR4000/events s=200 d=496ms s=93
INF http m=GET p=/assets/de-qJeflSp6.js s=200 d=94µs s=6245
INF http m=POST p=/api/v1/organizations/43L9QN2E6000/workspaces s=200 d=195ms s=297
INF http m=GET p=/assets/WorkspaceSettingsPanel-CeaO382V.css s=200 d=55µs s=1021
INF http m=GET p=/assets/WorkspaceSettingsPanel-C0CeQhf8.js s=200 d=159µs s=4456
INF http m=GET p=/assets/ServerSettingsPanel-DsIxlWdC.css s=200 d=125µs s=593
INF http m=GET p=/assets/ServerSettingsPanel-Cmq42vr7.js s=200 d=43µs s=2538
INF http m=POST p=/api/v1/auth/switch-workspace s=200 d=24.1ms s=606
INF http m=GET p=/assets/ResourceQuotaForm-Coc__0PE.js s=200 d=29µs s=813
INF http m=GET p=/assets/ResourceQuotaForm-AxNe1Ebg.css s=200 d=31µs s=302
INF http m=GET p=/assets/ProfileSettings-kJBJbTIc.css s=200 d=42µs s=1220
INF http m=GET p=/api/v1/workspaces/43L9QNAPK000/nodes/0/children s=200 d=286µs s=26
INF http m=GET p=/api/v1/notifications/unread-count s=200 d=7.74ms s=25
INF http m=GET p=/api/v1/workspaces/43L9QNAPK000/members s=200 d=4.21ms s=124
INF http m=GET p=/assets/ProfileSettings-HAdAXUp2.js s=200 d=105µs s=4325
INF http m=GET p=/assets/OrgSettingsPanel-CEubhZUp.css s=200 d=67µs s=509
INF http m=GET p=/assets/OrgSettingsPanel-B6q-g6eD.js s=200 d=92µs s=2306
INF http m=GET p=/assets/InviteForm-fXZCo6g3.js s=200 d=41µs s=1267
INF http m=GET p=/assets/InviteForm-CW-wgFWD.css s=200 d=35µs s=414
INF http m=POST p=/api/v1/workspaces/43L9QNAPK000/nodes/0/page/create s=200 d=43ms s=35
INF http m=GET p=/api/v1/workspaces/43L9QNAPK000/nodes/0/children s=200 d=312µs s=257
INF http m=GET p=/assets/Editor-CO3i7Yl7.css s=200 d=78µs s=2237
INF http m=GET p=/api/v1/workspaces/43L9QNAPK000/nodes/43L9QOVE8000 s=200 d=876µs s=245
INF http m=GET p=/assets/Editor--AVOgcEK.js s=200 d=114µs s=13498
INF http m=GET p=/assets/AdminDashboard-R0heLGro.css s=200 d=38µs s=601
INF http m=GET p=/assets/AdminDashboard-Cfrr1YY_.js s=200 d=57µs s=2075
INF http m=GET p=/manifest.webmanifest s=200 d=35µs s=199
INF http m=POST p=/api/v1/workspaces/43L9QNAPK000/nodes/0/page/create s=200 d=32.8ms s=26
INF http m=GET p=/w/@43L9QNAPK000+workspace/@43L9QOVE8000+welcome s=200 d=45µs s=532
INF http m=GET p=/api/v1/workspaces/43L9QNAPK000/events s=200 d=212ms s=238
INF http m=POST p=/api/v1/auth/register s=200 d=159ms s=385
INF http m=GET p=/ s=200 d=66µs s=532
INF http m=GET p=/api/v1/auth/me s=200 d=766µs s=352
INF http m=GET p=/assets/index-D8rN_C6i.js s=200 d=356µs s=49782
INF http m=GET p=/api/v1/notifications/unread-count s=200 d=194µs s=25
INF http m=GET p=/api/v1/workspaces/43L9QNAPK000/nodes/0/children s=200 d=937µs s=272
INF http m=GET p=/assets/index-BppjCDFJ.css s=200 d=155µs s=12398
INF http m=GET p=/api/v1/workspaces/43L9QNAPK000/members s=200 d=2.22ms s=124
INF http m=GET p=/api/v1/workspaces/43L9QNAPK000/nodes/43L9QOVE8000 s=200 d=13.9ms s=245
INF http m=GET p=/assets/vendor-Dz6kinLD.js s=200 d=190µs s=27873
INF http m=GET p=/assets/editor-vendor-DXykusy4.js s=200 d=203µs s=95952
INF http m=GET p=/registerSW.js s=200 d=41µs s=87
INF http m=GET p=/api/v1/workspaces/43L9QNAPK000/nodes/43L9QPSMA000 s=200 d=327µs s=157
INF http m=GET p=/api/v1/auth/me s=200 d=412µs s=167
INF http m=GET p=/assets/en-BOb8f2G7.js s=200 d=98µs s=5207
INF http m=GET p=/api/v1/notifications/unread-count s=200 d=461µs s=25
INF http m=GET p=/favicon.png s=200 d=70µs s=449
INF http m=GET p=/sw.js s=200 d=118µs s=5541
INF http m=GET p=/registerSW.js s=200 d=40µs s=87
INF http m=POST p=/api/v1/organizations s=200 d=47.9ms s=353
INF http m=GET p=/api/v1/auth/me s=200 d=515µs s=253
INF http m=GET p=/index.html s=200 d=35µs s=532
INF http m=GET p=/icon.svg s=200 d=29µs s=195
INF http m=GET p=/icon-512.png s=200 d=72µs s=6498
INF http m=GET p=/icon-192.png s=200 d=37µs s=2468
INF http m=GET p=/favicon.png s=200 d=40µs s=449
INF http m=GET p=/apple-touch-icon.png s=200 d=68µs s=2298
INF http m=GET p=/assets/material-symbols-names-Dyx5m6Tf.js s=200 d=113µs s=15412
INF http m=GET p=/assets/fr-CgauyyXq.js s=200 d=91µs s=6301
INF http m=GET p=/assets/es-DHO8DnB9.js s=200 d=925µs s=6015
INF http m=GET p=/assets/emoji-groups-BpL1N8nI.js s=200 d=114µs s=13798
INF http m=GET p=/assets/de-qJeflSp6.js s=200 d=96µs s=6245
INF http m=GET p=/assets/WorkspaceSettingsPanel-CeaO382V.css s=200 d=34µs s=1021
INF http m=GET p=/api/v1/workspaces/43L9QNAPK000/events s=200 d=408ms s=93
INF http m=GET p=/assets/WorkspaceSettingsPanel-C0CeQhf8.js s=200 d=78µs s=4456
INF http m=GET p=/assets/ServerSettingsPanel-DsIxlWdC.css s=200 d=42µs s=593
INF http m=GET p=/assets/ServerSettingsPanel-Cmq42vr7.js s=200 d=49µs s=2538
INF http m=GET p=/assets/ResourceQuotaForm-Coc__0PE.js s=200 d=40µs s=813
INF http m=POST p=/api/v1/organizations/43L9QRRIC000/workspaces s=200 d=224ms s=298
INF http m=GET p=/assets/ResourceQuotaForm-AxNe1Ebg.css s=200 d=37µs s=302
INF http m=GET p=/assets/ProfileSettings-kJBJbTIc.css s=200 d=36µs s=1220
INF http m=GET p=/assets/ProfileSettings-HAdAXUp2.js s=200 d=79µs s=4325
INF http m=GET p=/assets/OrgSettingsPanel-CEubhZUp.css s=200 d=27µs s=509
INF http m=POST p=/api/v1/auth/switch-workspace s=200 d=23.2ms s=603
INF http m=GET p=/assets/OrgSettingsPanel-B6q-g6eD.js s=200 d=65µs s=2306
INF http m=GET p=/assets/InviteForm-fXZCo6g3.js s=200 d=31µs s=1267
INF http m=GET p=/assets/InviteForm-CW-wgFWD.css s=200 d=27µs s=414
INF http m=GET p=/assets/Editor-CO3i7Yl7.css s=200 d=32µs s=2237
INF http m=GET p=/api/v1/notifications/unread-count s=200 d=523µs s=25
INF http m=GET p=/api/v1/workspaces/43L9QS6LC000/nodes/0/children s=200 d=2.45ms s=26
INF http m=GET p=/assets/Editor--AVOgcEK.js s=200 d=94µs s=13498
INF http m=GET p=/api/v1/workspaces/43L9QS6LC000/members s=200 d=3.39ms s=124
INF http m=GET p=/assets/AdminDashboard-R0heLGro.css s=200 d=53µs s=601
INF http m=GET p=/assets/AdminDashboard-Cfrr1YY_.js s=200 d=78µs s=2075
INF http m=GET p=/manifest.webmanifest s=200 d=40µs s=199
INF http m=POST p=/api/v1/workspaces/43L9QS6LC000/nodes/0/page/create s=200 d=48.3ms s=35
INF http m=GET p=/api/v1/workspaces/43L9QS6LC000/nodes/0/children s=200 d=741µs s=257
INF http m=GET p=/api/v1/workspaces/43L9QS6LC000/nodes/43L9QTUCU000 s=200 d=730µs s=245
INF http m=POST p=/api/v1/workspaces/43L9QS6LC000/nodes/0/page/create s=200 d=26ms s=26
INF http m=GET p=/w/@43L9QS6LC000+workspace/@43L9QTUCU000+welcome s=200 d=35µs s=532
INF http m=GET p=/api/v1/workspaces/43L9QS6LC000/events s=200 d=205ms s=235
INF http m=POST p=/api/v1/auth/register s=200 d=124ms s=385
INF http m=GET p=/api/v1/auth/me s=200 d=733µs s=353
INF http m=GET p=/ s=200 d=61µs s=532
INF http m=GET p=/api/v1/workspaces/43L9QS6LC000/nodes/43L9QTUCU000 s=200 d=794µs s=245
INF http m=GET p=/api/v1/workspaces/43L9QS6LC000/members s=200 d=981µs s=124
INF http m=GET p=/api/v1/workspaces/43L9QS6LC000/nodes/0/children s=200 d=6.17ms s=264
INF http m=GET p=/api/v1/notifications/unread-count s=200 d=6.25ms s=25
INF http m=GET p=/assets/index-D8rN_C6i.js s=200 d=202µs s=49782
INF http m=GET p=/registerSW.js s=200 d=57µs s=87
INF http m=GET p=/assets/index-BppjCDFJ.css s=200 d=105µs s=12398
INF http m=GET p=/assets/vendor-Dz6kinLD.js s=200 d=129µs s=27873
INF http m=GET p=/assets/editor-vendor-DXykusy4.js s=200 d=123µs s=95952
INF http m=GET p=/api/v1/workspaces/43L9QS6LC000/nodes/43L9QUS4M000 s=200 d=500µs s=155
INF http m=GET p=/assets/en-BOb8f2G7.js s=200 d=97µs s=5207
INF http m=GET p=/api/v1/auth/me s=200 d=547µs s=168
INF http m=GET p=/api/v1/notifications/unread-count s=200 d=269µs s=25
INF http m=GET p=/sw.js s=200 d=113µs s=5541
INF http m=GET p=/favicon.png s=200 d=28µs s=449
INF http m=POST p=/api/v1/organizations s=200 d=38.1ms s=351
INF http m=GET p=/api/v1/auth/me s=200 d=609µs s=253
INF http m=GET p=/registerSW.js s=200 d=38µs s=87
INF http m=GET p=/index.html s=200 d=38µs s=532
INF http m=GET p=/icon.svg s=200 d=39µs s=195
INF http m=GET p=/icon-512.png s=200 d=124µs s=6498
INF http m=GET p=/icon-192.png s=200 d=56µs s=2468
INF http m=GET p=/favicon.png s=200 d=52µs s=449
INF http m=GET p=/apple-touch-icon.png s=200 d=67µs s=2298
INF http m=GET p=/assets/material-symbols-names-Dyx5m6Tf.js s=200 d=125µs s=15412
INF http m=GET p=/assets/fr-CgauyyXq.js s=200 d=831µs s=6301
INF http m=GET p=/assets/es-DHO8DnB9.js s=200 d=84µs s=6015
INF http m=GET p=/assets/emoji-groups-BpL1N8nI.js s=200 d=113µs s=13798
INF http m=GET p=/assets/de-qJeflSp6.js s=200 d=84µs s=6245
INF http m=GET p=/assets/WorkspaceSettingsPanel-CeaO382V.css s=200 d=38µs s=1021
INF http m=GET p=/assets/WorkspaceSettingsPanel-C0CeQhf8.js s=200 d=97µs s=4456
INF http m=GET p=/assets/ServerSettingsPanel-DsIxlWdC.css s=200 d=41µs s=593
INF http m=POST p=/api/v1/organizations/43L9R0TTO000/workspaces s=200 d=223ms s=297
INF http m=GET p=/assets/ServerSettingsPanel-Cmq42vr7.js s=200 d=79µs s=2538
INF http m=GET p=/assets/ResourceQuotaForm-Coc__0PE.js s=200 d=43µs s=813
INF http m=GET p=/assets/ResourceQuotaForm-AxNe1Ebg.css s=200 d=33µs s=302
INF http m=GET p=/assets/ProfileSettings-kJBJbTIc.css s=200 d=32µs s=1220
INF http m=GET p=/assets/ProfileSettings-HAdAXUp2.js s=200 d=64µs s=4325
INF http m=GET p=/api/v1/workspaces/43L9QS6LC000/events s=200 d=478ms s=93
INF http m=POST p=/api/v1/auth/switch-workspace s=200 d=31.8ms s=602
INF http m=GET p=/assets/OrgSettingsPanel-CEubhZUp.css s=200 d=33µs s=509
INF http m=GET p=/assets/OrgSettingsPanel-B6q-g6eD.js s=200 d=58µs s=2306
INF http m=GET p=/assets/InviteForm-fXZCo6g3.js s=200 d=28µs s=1267
INF http m=GET p=/assets/InviteForm-CW-wgFWD.css s=200 d=35µs s=414
INF http m=GET p=/api/v1/notifications/unread-count s=200 d=200µs s=25
INF http m=GET p=/api/v1/workspaces/43L9R17E0000/nodes/0/children s=200 d=308µs s=26
INF http m=GET p=/api/v1/workspaces/43L9R17E0000/members s=200 d=212µs s=124
INF http m=GET p=/assets/Editor-CO3i7Yl7.css s=200 d=77µs s=2237
INF http m=GET p=/assets/Editor--AVOgcEK.js s=200 d=2.63ms s=13498
INF http m=GET p=/assets/AdminDashboard-R0heLGro.css s=200 d=121µs s=601
INF http m=GET p=/assets/AdminDashboard-Cfrr1YY_.js s=200 d=44µs s=2075
INF http m=GET p=/manifest.webmanifest s=200 d=29µs s=199
INF http m=POST p=/api/v1/workspaces/43L9R17E0000/nodes/0/page/create s=200 d=32.9ms s=35
INF http m=GET p=/api/v1/workspaces/43L9R17E0000/nodes/0/children s=200 d=272µs s=257
INF http m=GET p=/api/v1/workspaces/43L9R17E0000/nodes/43L9R32R4000 s=200 d=266µs s=245
INF http m=POST p=/api/v1/workspaces/43L9R17E0000/nodes/0/page/create s=200 d=42ms s=26
INF http m=GET p=/w/@43L9R17E0000+workspace/@43L9R32R4000+welcome s=200 d=41µs s=532
INF http m=GET p=/api/v1/workspaces/43L9R17E0000/events s=200 d=206ms s=236
INF http m=GET p=/api/v1/auth/me s=200 d=383µs s=358
INF http m=GET p=/api/v1/notifications/unread-count s=200 d=394µs s=25
INF http m=GET p=/api/v1/workspaces/43L9R17E0000/members s=200 d=521µs s=124
INF http m=GET p=/api/v1/workspaces/43L9R17E0000/nodes/0/children s=200 d=8.46ms s=263
INF http m=GET p=/api/v1/workspaces/43L9R17E0000/nodes/43L9R32R4000 s=200 d=10.8ms s=245
INF http m=POST p=/api/v1/auth/register s=200 d=182ms s=381
INF http m=GET p=/ s=200 d=65µs s=532
INF http m=GET p=/assets/index-D8rN_C6i.js s=200 d=174µs s=49782
INF http m=GET p=/assets/index-BppjCDFJ.css s=200 d=195µs s=12398
INF http m=GET p=/api/v1/workspaces/43L9R17E0000/nodes/43L9R3T60000 s=200 d=474µs s=155
INF http m=GET p=/registerSW.js s=200 d=52µs s=87
INF http m=GET p=/assets/vendor-Dz6kinLD.js s=200 d=115µs s=27873
INF http m=GET p=/assets/editor-vendor-DXykusy4.js s=200 d=123µs s=95952
INF http m=GET p=/api/v1/auth/me s=200 d=255µs s=167
INF http m=GET p=/assets/en-BOb8f2G7.js s=200 d=71µs s=5207
INF http m=GET p=/api/v1/notifications/unread-count s=200 d=174µs s=25
INF http m=GET p=/favicon.png s=200 d=39µs s=449
INF http m=GET p=/sw.js s=200 d=95µs s=5541
INF http m=POST p=/api/v1/organizations s=200 d=37.7ms s=352
INF http m=GET p=/api/v1/auth/me s=200 d=249µs s=255
INF http m=GET p=/registerSW.js s=200 d=40µs s=87
INF http m=GET p=/index.html s=200 d=37µs s=532
INF http m=GET p=/icon.svg s=200 d=36µs s=195
INF http m=GET p=/icon-512.png s=200 d=83µs s=6498
INF http m=GET p=/icon-192.png s=200 d=48µs s=2468
INF http m=GET p=/favicon.png s=200 d=31µs s=449
INF http m=GET p=/apple-touch-icon.png s=200 d=40µs s=2298
INF http m=GET p=/assets/material-symbols-names-Dyx5m6Tf.js s=200 d=85µs s=15412
INF http m=GET p=/assets/fr-CgauyyXq.js s=200 d=100µs s=6301
INF http m=GET p=/assets/es-DHO8DnB9.js s=200 d=96µs s=6015
INF http m=GET p=/assets/emoji-groups-BpL1N8nI.js s=200 d=118µs s=13798
INF http m=GET p=/api/v1/workspaces/43L9R17E0000/events s=200 d=459ms s=93
INF http m=POST p=/api/v1/organizations/43L9R6AQU000/workspaces s=200 d=194ms s=298
INF http m=GET p=/assets/de-qJeflSp6.js s=200 d=117µs s=6245
INF http m=GET p=/assets/WorkspaceSettingsPanel-CeaO382V.css s=200 d=39µs s=1021
INF http m=GET p=/assets/WorkspaceSettingsPanel-C0CeQhf8.js s=200 d=61µs s=4456
INF http m=POST p=/api/v1/auth/switch-workspace s=200 d=31.1ms s=608
INF http m=GET p=/assets/ServerSettingsPanel-DsIxlWdC.css s=200 d=39µs s=593
INF http m=GET p=/assets/ServerSettingsPanel-Cmq42vr7.js s=200 d=40µs s=2538
INF http m=GET p=/assets/ResourceQuotaForm-Coc__0PE.js s=200 d=26µs s=813
INF http m=GET p=/api/v1/notifications/unread-count s=200 d=172µs s=25
INF http m=GET p=/api/v1/workspaces/43L9R6KLC000/members s=200 d=153µs s=124
INF http m=GET p=/api/v1/workspaces/43L9R6KLC000/nodes/0/children s=200 d=262µs s=26
INF http m=GET p=/assets/ResourceQuotaForm-AxNe1Ebg.css s=200 d=43µs s=302
INF http m=GET p=/assets/ProfileSettings-kJBJbTIc.css s=200 d=42µs s=1220
INF http m=GET p=/assets/ProfileSettings-HAdAXUp2.js s=200 d=100µs s=4325
INF http m=GET p=/assets/OrgSettingsPanel-CEubhZUp.css s=200 d=41µs s=509
INF http m=POST p=/api/v1/workspaces/43L9R6KLC000/nodes/0/page/create s=200 d=37.1ms s=35
INF http m=GET p=/api/v1/workspaces/43L9R6KLC000/nodes/0/children s=200 d=281µs s=257
INF http m=GET p=/assets/OrgSettingsPanel-B6q-g6eD.js s=200 d=43µs s=2306
INF http m=GET p=/assets/InviteForm-fXZCo6g3.js s=200 d=33µs s=1267
INF http m=GET p=/assets/InviteForm-CW-wgFWD.css s=200 d=47µs s=414
INF http m=GET p=/api/v1/workspaces/43L9R6KLC000/nodes/43L9R87P0000 s=200 d=3.24ms s=245
INF http m=GET p=/assets/Editor-CO3i7Yl7.css s=200 d=84µs s=2237
INF http m=GET p=/assets/Editor--AVOgcEK.js s=200 d=240µs s=13498
INF http m=GET p=/assets/AdminDashboard-R0heLGro.css s=200 d=45µs s=601
INF http m=GET p=/assets/AdminDashboard-Cfrr1YY_.js s=200 d=137µs s=2075
INF http m=GET p=/manifest.webmanifest s=200 d=36µs s=199
INF http m=POST p=/api/v1/workspaces/43L9R6KLC000/nodes/0/page/create s=200 d=32.8ms s=26
INF http m=GET p=/w/@43L9R6KLC000+workspace/@43L9R87P0000+welcome s=200 d=37µs s=532
INF http m=GET p=/api/v1/workspaces/43L9R6KLC000/events s=200 d=222ms s=231
INF http m=POST p=/api/v1/auth/register s=200 d=126ms s=386
INF http m=GET p=/api/v1/auth/me s=200 d=798µs s=355
INF http m=GET p=/ s=200 d=60µs s=532
INF http m=GET p=/api/v1/workspaces/43L9R6KLC000/nodes/0/children s=200 d=830µs s=264
INF http m=GET p=/api/v1/workspaces/43L9R6KLC000/nodes/43L9R87P0000 s=200 d=4.38ms s=245
INF http m=GET p=/api/v1/workspaces/43L9R6KLC000/members s=200 d=366µs s=124
INF http m=GET p=/api/v1/notifications/unread-count s=200 d=3.87ms s=25
INF http m=GET p=/assets/index-D8rN_C6i.js s=200 d=169µs s=49782
INF http m=GET p=/assets/vendor-Dz6kinLD.js s=200 d=138µs s=27873
INF http m=GET p=/assets/editor-vendor-DXykusy4.js s=200 d=225µs s=95952
INF http m=GET p=/assets/index-BppjCDFJ.css s=200 d=112µs s=12398
INF http m=GET p=/registerSW.js s=200 d=42µs s=87
INF http m=GET p=/api/v1/workspaces/43L9R6KLC000/nodes/43L9R98CM000 s=200 d=488µs s=153
INF http m=GET p=/api/v1/auth/me s=200 d=866µs s=167
INF http m=GET p=/assets/en-BOb8f2G7.js s=200 d=62µs s=5207
INF http m=GET p=/api/v1/notifications/unread-count s=200 d=2.78ms s=25
INF http m=GET p=/favicon.png s=200 d=49µs s=449
INF http m=GET p=/sw.js s=200 d=81µs s=5541
INF http m=POST p=/api/v1/organizations s=200 d=42.9ms s=351
INF http m=GET p=/registerSW.js s=200 d=32µs s=87
INF http m=GET p=/api/v1/auth/me s=200 d=272µs s=253
INF http m=GET p=/index.html s=200 d=42µs s=532
INF http m=GET p=/icon.svg s=200 d=28µs s=195
INF http m=GET p=/icon-512.png s=200 d=76µs s=6498
INF http m=GET p=/icon-192.png s=200 d=45µs s=2468
INF http m=GET p=/favicon.png s=200 d=37µs s=449
INF http m=GET p=/apple-touch-icon.png s=200 d=41µs s=2298
INF http m=GET p=/assets/material-symbols-names-Dyx5m6Tf.js s=200 d=95µs s=15412
INF http m=GET p=/assets/fr-CgauyyXq.js s=200 d=84µs s=6301
INF http m=GET p=/assets/es-DHO8DnB9.js s=200 d=69µs s=6015
INF http m=GET p=/assets/emoji-groups-BpL1N8nI.js s=200 d=83µs s=13798
INF http m=GET p=/assets/de-qJeflSp6.js s=200 d=79µs s=6245
INF http m=GET p=/assets/WorkspaceSettingsPanel-CeaO382V.css s=200 d=32µs s=1021
INF http m=GET p=/assets/WorkspaceSettingsPanel-C0CeQhf8.js s=200 d=64µs s=4456
INF http m=GET p=/assets/ServerSettingsPanel-DsIxlWdC.css s=200 d=36µs s=593
INF http m=GET p=/assets/ServerSettingsPanel-Cmq42vr7.js s=200 d=38µs s=2538
INF http m=GET p=/assets/ResourceQuotaForm-Coc__0PE.js s=200 d=27µs s=813
INF http m=GET p=/assets/ResourceQuotaForm-AxNe1Ebg.css s=200 d=59µs s=302
INF http m=GET p=/assets/ProfileSettings-kJBJbTIc.css s=200 d=27µs s=1220
INF http m=GET p=/assets/ProfileSettings-HAdAXUp2.js s=200 d=63µs s=4325
INF http m=GET p=/assets/OrgSettingsPanel-CEubhZUp.css s=200 d=37µs s=509
INF http m=GET p=/assets/OrgSettingsPanel-B6q-g6eD.js s=200 d=45µs s=2306
INF http m=GET p=/assets/InviteForm-fXZCo6g3.js s=200 d=42µs s=1267
INF http m=GET p=/assets/InviteForm-CW-wgFWD.css s=200 d=26µs s=414
INF http m=GET p=/assets/Editor-CO3i7Yl7.css s=200 d=33µs s=2237
INF http m=GET p=/assets/Editor--AVOgcEK.js s=200 d=91µs s=13498
INF http m=GET p=/assets/AdminDashboard-R0heLGro.css s=200 d=29µs s=601
INF http m=POST p=/api/v1/organizations/43L9RB3QI000/workspaces s=200 d=242ms s=297
INF http m=GET p=/assets/AdminDashboard-Cfrr1YY_.js s=200 d=46µs s=2075
INF http m=GET p=/manifest.webmanifest s=200 d=34µs s=199
INF http m=POST p=/api/v1/auth/switch-workspace s=200 d=22.4ms s=609
INF http m=GET p=/api/v1/workspaces/43L9R6KLC000/events s=200 d=492ms s=93
INF http m=GET p=/api/v1/notifications/unread-count s=200 d=400µs s=25
INF http m=GET p=/api/v1/workspaces/43L9RBEQA000/nodes/0/children s=200 d=314µs s=26
INF http m=GET p=/api/v1/workspaces/43L9RBEQA000/members s=200 d=2.19ms s=124
INF http m=POST p=/api/v1/workspaces/43L9RBEQA000/nodes/0/page/create s=200 d=30.8ms s=35
INF http m=GET p=/api/v1/workspaces/43L9RBEQA000/nodes/0/children s=200 d=340µs s=257
INF http m=GET p=/api/v1/workspaces/43L9RBEQA000/nodes/43L9RD898000 s=200 d=438µs s=245
INF http m=POST p=/api/v1/workspaces/43L9RBEQA000/nodes/0/page/create s=200 d=35.1ms s=26
INF http m=GET p=/w/@43L9RBEQA000+workspace/@43L9RD898000+welcome s=200 d=47µs s=532
INF http m=GET p=/api/v1/workspaces/43L9RBEQA000/events s=200 d=185ms s=234
INF http m=GET p=/api/v1/auth/me s=200 d=276µs s=352
INF http m=GET p=/api/v1/notifications/unread-count s=200 d=407µs s=25
INF http m=GET p=/api/v1/workspaces/43L9RBEQA000/nodes/0/children s=200 d=616µs s=263
INF http m=GET p=/api/v1/workspaces/43L9RBEQA000/members s=200 d=462µs s=124
INF http m=GET p=/api/v1/workspaces/43L9RBEQA000/nodes/43L9RD898000 s=200 d=842µs s=245
INF http m=POST p=/api/v1/auth/register s=200 d=153ms s=388
INF http m=GET p=/api/v1/workspaces/43L9RBEQA000/nodes/43L9RDTU4000 s=200 d=518µs s=155
INF http m=GET p=/ s=200 d=57µs s=532
INF http m=GET p=/assets/index-BppjCDFJ.css s=200 d=154µs s=12398
INF http m=GET p=/assets/editor-vendor-DXykusy4.js s=200 d=201µs s=95952
INF http m=GET p=/registerSW.js s=200 d=32µs s=87
INF http m=GET p=/assets/vendor-Dz6kinLD.js s=200 d=104µs s=27873
INF http m=GET p=/assets/index-D8rN_C6i.js s=200 d=677µs s=49782
INF http m=GET p=/assets/en-BOb8f2G7.js s=200 d=311µs s=5207
INF http m=GET p=/api/v1/auth/me s=200 d=237µs s=168
INF http m=GET p=/sw.js s=200 d=63µs s=5541
INF http m=GET p=/api/v1/notifications/unread-count s=200 d=168µs s=25
INF http m=GET p=/favicon.png s=200 d=37µs s=449
INF http m=GET p=/registerSW.js s=200 d=27µs s=87
INF http m=GET p=/index.html s=200 d=70µs s=532
INF http m=GET p=/icon.svg s=200 d=36µs s=195
INF http m=POST p=/api/v1/organizations s=200 d=34.3ms s=352
INF http m=GET p=/icon-512.png s=200 d=66µs s=6498
INF http m=GET p=/api/v1/auth/me s=200 d=301µs s=254
INF http m=GET p=/icon-192.png s=200 d=44µs s=2468
INF http m=GET p=/favicon.png s=200 d=37µs s=449
INF http m=GET p=/apple-touch-icon.png s=200 d=51µs s=2298
INF http m=GET p=/assets/material-symbols-names-Dyx5m6Tf.js s=200 d=88µs s=15412
INF http m=GET p=/api/v1/workspaces/43L9RBEQA000/events s=200 d=385ms s=93
INF http m=GET p=/assets/fr-CgauyyXq.js s=200 d=92µs s=6301
INF http m=GET p=/assets/es-DHO8DnB9.js s=200 d=83µs s=6015
INF http m=GET p=/assets/emoji-groups-BpL1N8nI.js s=200 d=116µs s=13798
INF http m=GET p=/assets/de-qJeflSp6.js s=200 d=78µs s=6245
INF http m=GET p=/assets/WorkspaceSettingsPanel-CeaO382V.css s=200 d=41µs s=1021
INF http m=GET p=/assets/WorkspaceSettingsPanel-C0CeQhf8.js s=200 d=83µs s=4456
INF http m=GET p=/assets/ServerSettingsPanel-DsIxlWdC.css s=200 d=59µs s=593
INF http m=GET p=/assets/ServerSettingsPanel-Cmq42vr7.js s=200 d=59µs s=2538
INF http m=GET p=/assets/ResourceQuotaForm-Coc__0PE.js s=200 d=41µs s=813
INF http m=GET p=/assets/ResourceQuotaForm-AxNe1Ebg.css s=200 d=93µs s=302
INF http m=GET p=/assets/ProfileSettings-kJBJbTIc.css s=200 d=29µs s=1220
INF http m=GET p=/assets/ProfileSettings-HAdAXUp2.js s=200 d=79µs s=4325
INF http m=GET p=/assets/OrgSettingsPanel-CEubhZUp.css s=200 d=40µs s=509
INF http m=GET p=/assets/OrgSettingsPanel-B6q-g6eD.js s=200 d=50µs s=2306
INF http m=GET p=/assets/InviteForm-fXZCo6g3.js s=200 d=44µs s=1267
INF http m=GET p=/assets/InviteForm-CW-wgFWD.css s=200 d=42µs s=414
INF http m=GET p=/assets/Editor-CO3i7Yl7.css s=200 d=46µs s=2237
INF http m=GET p=/assets/Editor--AVOgcEK.js s=200 d=78µs s=13498
INF http m=GET p=/assets/AdminDashboard-R0heLGro.css s=200 d=32µs s=601
INF http m=GET p=/assets/AdminDashboard-Cfrr1YY_.js s=200 d=42µs s=2075
INF http m=GET p=/manifest.webmanifest s=200 d=38µs s=199
INF http m=POST p=/api/v1/organizations/43L9RGVNA000/workspaces s=200 d=307ms s=298
INF http m=POST p=/api/v1/auth/switch-workspace s=200 d=23.8ms s=606
INF http m=GET p=/api/v1/workspaces/43L9RH91G000/members s=200 d=24.8ms s=124
INF http m=GET p=/api/v1/workspaces/43L9RH91G000/nodes/0/children s=200 d=29.3ms s=26
INF http m=GET p=/api/v1/notifications/unread-count s=200 d=24.1ms s=25
INF http m=POST p=/api/v1/auth/register s=200 d=137ms s=385
INF http m=POST p=/api/v1/workspaces/43L9RH91G000/nodes/0/page/create s=200 d=26.6ms s=35
INF http m=GET p=/ s=200 d=53µs s=532
INF http m=GET p=/api/v1/workspaces/43L9RH91G000/nodes/0/children s=200 d=782µs s=257
INF http m=GET p=/api/v1/workspaces/43L9RH91G000/nodes/43L9RJMVI000 s=200 d=1.52ms s=245
INF http m=GET p=/assets/index-D8rN_C6i.js s=200 d=420µs s=49782
INF http m=GET p=/assets/index-BppjCDFJ.css s=200 d=144µs s=12398
INF http m=GET p=/registerSW.js s=200 d=60µs s=87
INF http m=GET p=/assets/vendor-Dz6kinLD.js s=200 d=156µs s=27873
INF http m=GET p=/assets/editor-vendor-DXykusy4.js s=200 d=188µs s=95952
INF http m=GET p=/api/v1/auth/me s=200 d=340µs s=169
INF http m=GET p=/assets/en-BOb8f2G7.js s=200 d=61µs s=5207
INF http m=GET p=/api/v1/notifications/unread-count s=200 d=291µs s=25
INF http m=GET p=/favicon.png s=200 d=46µs s=449
INF http m=GET p=/sw.js s=200 d=81µs s=5541
INF http m=POST p=/api/v1/organizations s=200 d=46.2ms s=350
INF http m=GET p=/api/v1/auth/me s=200 d=238µs s=253
INF http m=GET p=/registerSW.js s=200 d=33µs s=87
INF http m=GET p=/index.html s=200 d=34µs s=532
INF http m=GET p=/icon.svg s=200 d=34µs s=195
INF http m=GET p=/icon-512.png s=200 d=117µs s=6498
INF http m=GET p=/icon-192.png s=200 d=32µs s=2468
INF http m=GET p=/favicon.png s=200 d=29µs s=449
INF http m=GET p=/apple-touch-icon.png s=200 d=49µs s=2298
INF http m=GET p=/assets/material-symbols-names-Dyx5m6Tf.js s=200 d=121µs s=15412
INF http m=GET p=/assets/fr-CgauyyXq.js s=200 d=85µs s=6301
INF http m=GET p=/assets/es-DHO8DnB9.js s=200 d=70µs s=6015
INF http m=GET p=/assets/emoji-groups-BpL1N8nI.js s=200 d=93µs s=13798
INF http m=GET p=/assets/de-qJeflSp6.js s=200 d=81µs s=6245
INF http m=GET p=/assets/WorkspaceSettingsPanel-CeaO382V.css s=200 d=46µs s=1021
INF http m=GET p=/assets/WorkspaceSettingsPanel-C0CeQhf8.js s=200 d=66µs s=4456
INF http m=GET p=/assets/ServerSettingsPanel-DsIxlWdC.css s=200 d=34µs s=593
INF http m=GET p=/assets/ServerSettingsPanel-Cmq42vr7.js s=200 d=45µs s=2538
INF http m=GET p=/assets/ResourceQuotaForm-Coc__0PE.js s=200 d=30µs s=813
INF http m=GET p=/assets/ResourceQuotaForm-AxNe1Ebg.css s=200 d=33µs s=302
INF http m=GET p=/assets/ProfileSettings-kJBJbTIc.css s=200 d=34µs s=1220
INF http m=POST p=/api/v1/organizations/43L9RKS34000/workspaces s=200 d=193ms s=297
INF http m=GET p=/assets/ProfileSettings-HAdAXUp2.js s=200 d=114µs s=4325
INF http m=GET p=/assets/OrgSettingsPanel-CEubhZUp.css s=200 d=28µs s=509
INF http m=GET p=/assets/OrgSettingsPanel-B6q-g6eD.js s=200 d=34µs s=2306
INF http m=GET p=/assets/InviteForm-fXZCo6g3.js s=200 d=29µs s=1267
INF http m=GET p=/assets/InviteForm-CW-wgFWD.css s=200 d=25µs s=414
INF http m=GET p=/assets/Editor-CO3i7Yl7.css s=200 d=54µs s=2237
INF http m=POST p=/api/v1/auth/switch-workspace s=200 d=20.9ms s=606
INF http m=GET p=/assets/Editor--AVOgcEK.js s=200 d=91µs s=13498
INF http m=POST p=/api/v1/workspaces/43L9RH91G000/nodes/0/page/create s=200 d=32.1ms s=26
INF http m=GET p=/assets/AdminDashboard-R0heLGro.css s=200 d=49µs s=601
INF http m=GET p=/assets/AdminDashboard-Cfrr1YY_.js s=200 d=44µs s=2075
INF http m=GET p=/api/v1/notifications/unread-count s=200 d=472µs s=25
INF http m=GET p=/w/@43L9RH91G000+workspace/@43L9RJMVI000+welcome s=200 d=24µs s=532
INF http m=GET p=/api/v1/workspaces/43L9RL8FG000/members s=200 d=261µs s=124
INF http m=GET p=/manifest.webmanifest s=200 d=40µs s=199
INF http m=GET p=/api/v1/workspaces/43L9RL8FG000/nodes/0/children s=200 d=1.08ms s=26
INF http m=GET p=/api/v1/workspaces/43L9RH91G000/events s=200 d=512ms s=236
INF http m=POST p=/api/v1/workspaces/43L9RL8FG000/nodes/0/page/create s=200 d=35.5ms s=35
INF http m=GET p=/api/v1/auth/me s=200 d=470µs s=353
INF http m=GET p=/api/v1/workspaces/43L9RL8FG000/nodes/0/children s=200 d=2.57ms s=257
INF http m=GET p=/api/v1/workspaces/43L9RL8FG000/nodes/43L9RMOKM000 s=200 d=411µs s=245
INF http m=GET p=/api/v1/notifications/unread-count s=200 d=214µs s=25
INF http m=GET p=/api/v1/workspaces/43L9RH91G000/members s=200 d=186µs s=124
INF http m=GET p=/api/v1/workspaces/43L9RH91G000/nodes/0/children s=200 d=1.92ms s=266
INF http m=GET p=/api/v1/workspaces/43L9RH91G000/nodes/43L9RJMVI000 s=200 d=5.16ms s=245
INF http m=GET p=/api/v1/workspaces/43L9RH91G000/nodes/43L9RMDLA000 s=200 d=309µs s=157
INF http m=POST p=/api/v1/workspaces/43L9RL8FG000/nodes/0/page/create s=200 d=19.1ms s=26
INF http m=GET p=/w/@43L9RL8FG000+workspace/@43L9RMOKM000+welcome s=200 d=58µs s=532
INF http m=GET p=/api/v1/workspaces/43L9RL8FG000/events s=200 d=164ms s=236
INF http m=GET p=/api/v1/auth/me s=200 d=302µs s=352
INF http m=GET p=/api/v1/notifications/unread-count s=200 d=142µs s=25
INF http m=GET p=/api/v1/workspaces/43L9RL8FG000/nodes/0/children s=200 d=1ms s=266
INF http m=GET p=/api/v1/workspaces/43L9RL8FG000/members s=200 d=633µs s=124
INF http m=GET p=/api/v1/workspaces/43L9RL8FG000/nodes/43L9RMOKM000 s=200 d=573µs s=245
INF http m=GET p=/api/v1/workspaces/43L9RL8FG000/nodes/43L9RNFVU000 s=200 d=432µs s=157
INF http m=GET p=/api/v1/workspaces/43L9RH91G000/events s=200 d=257ms s=93
INF http m=GET p=/api/v1/workspaces/43L9RL8FG000/events s=200 d=303ms s=93
INF http m=POST p=/api/v1/auth/register s=200 d=160ms s=382
INF http m=GET p=/ s=200 d=57µs s=532
INF http m=GET p=/registerSW.js s=200 d=85µs s=87
INF http m=GET p=/assets/vendor-Dz6kinLD.js s=200 d=133µs s=27873
INF http m=GET p=/assets/index-D8rN_C6i.js s=200 d=116µs s=49782
INF http m=GET p=/assets/editor-vendor-DXykusy4.js s=200 d=148µs s=95952
INF http m=GET p=/assets/index-BppjCDFJ.css s=200 d=93µs s=12398
INF http m=GET p=/assets/en-BOb8f2G7.js s=200 d=91µs s=5207
INF http m=GET p=/api/v1/auth/me s=200 d=221µs s=169
INF http m=GET p=/favicon.png s=200 d=43µs s=449
INF http m=GET p=/api/v1/notifications/unread-count s=200 d=155µs s=25
INF http m=GET p=/sw.js s=200 d=77µs s=5541
INF http m=POST p=/api/v1/organizations s=200 d=43.3ms s=350
INF http m=GET p=/api/v1/auth/me s=200 d=239µs s=253
INF http m=GET p=/registerSW.js s=200 d=36µs s=87
INF http m=GET p=/index.html s=200 d=42µs s=532
INF http m=GET p=/icon.svg s=200 d=30µs s=195
INF http m=GET p=/icon-512.png s=200 d=78µs s=6498
INF http m=GET p=/icon-192.png s=200 d=41µs s=2468
INF http m=POST p=/api/v1/auth/register s=200 d=202ms s=381
INF http m=GET p=/ s=200 d=82µs s=532
INF http m=GET p=/favicon.png s=200 d=43µs s=449
INF http m=GET p=/apple-touch-icon.png s=200 d=57µs s=2298
INF http m=GET p=/assets/index-BppjCDFJ.css s=200 d=130µs s=12398
INF http m=GET p=/assets/index-D8rN_C6i.js s=200 d=141µs s=49782
INF http m=GET p=/assets/editor-vendor-DXykusy4.js s=200 d=164µs s=95952
INF http m=GET p=/registerSW.js s=200 d=31µs s=87
INF http m=GET p=/assets/vendor-Dz6kinLD.js s=200 d=265µs s=27873
INF http m=GET p=/assets/material-symbols-names-Dyx5m6Tf.js s=200 d=98µs s=15412
INF http m=GET p=/assets/fr-CgauyyXq.js s=200 d=102µs s=6301
INF http m=GET p=/assets/es-DHO8DnB9.js s=200 d=89µs s=6015
INF http m=GET p=/assets/emoji-groups-BpL1N8nI.js s=200 d=138µs s=13798
INF http m=GET p=/assets/de-qJeflSp6.js s=200 d=75µs s=6245
INF http m=GET p=/assets/WorkspaceSettingsPanel-CeaO382V.css s=200 d=44µs s=1021
INF http m=GET p=/assets/WorkspaceSettingsPanel-C0CeQhf8.js s=200 d=89µs s=4456
INF http m=GET p=/assets/ServerSettingsPanel-DsIxlWdC.css s=200 d=39µs s=593
INF http m=GET p=/assets/ServerSettingsPanel-Cmq42vr7.js s=200 d=48µs s=2538
INF http m=GET p=/api/v1/auth/me s=200 d=468µs s=166
INF http m=GET p=/assets/ResourceQuotaForm-Coc__0PE.js s=200 d=35µs s=813
INF http m=GET p=/assets/en-BOb8f2G7.js s=200 d=71µs s=5207
INF http m=GET p=/assets/ResourceQuotaForm-AxNe1Ebg.css s=200 d=43µs s=302
INF http m=GET p=/assets/ProfileSettings-kJBJbTIc.css s=200 d=48µs s=1220
INF http m=GET p=/api/v1/notifications/unread-count s=200 d=456µs s=25
INF http m=GET p=/sw.js s=200 d=64µs s=5541
INF http m=GET p=/assets/ProfileSettings-HAdAXUp2.js s=200 d=64µs s=4325
INF http m=GET p=/assets/OrgSettingsPanel-CEubhZUp.css s=200 d=34µs s=509
INF http m=GET p=/assets/OrgSettingsPanel-B6q-g6eD.js s=200 d=73µs s=2306
INF http m=GET p=/favicon.png s=200 d=29µs s=449
INF http m=GET p=/assets/InviteForm-fXZCo6g3.js s=200 d=37µs s=1267
INF http m=GET p=/assets/InviteForm-CW-wgFWD.css s=200 d=46µs s=414
INF http m=GET p=/assets/Editor-CO3i7Yl7.css s=200 d=47µs s=2237
INF http m=GET p=/registerSW.js s=200 d=46µs s=87
INF http m=GET p=/assets/Editor--AVOgcEK.js s=200 d=87µs s=13498
INF http m=POST p=/api/v1/organizations/43L9RS4IM000/workspaces s=200 d=387ms s=297
INF http m=POST p=/api/v1/organizations s=200 d=83.3ms s=352
INF http m=GET p=/index.html s=200 d=49µs s=532
INF http m=GET p=/assets/AdminDashboard-R0heLGro.css s=200 d=28µs s=601
INF http m=GET p=/api/v1/auth/me s=200 d=706µs s=252
INF http m=GET p=/assets/AdminDashboard-Cfrr1YY_.js s=200 d=46µs s=2075
INF http m=GET p=/icon.svg s=200 d=28µs s=195
INF http m=GET p=/manifest.webmanifest s=200 d=26µs s=199
INF http m=GET p=/icon-512.png s=200 d=83µs s=6498
INF http m=GET p=/icon-192.png s=200 d=49µs s=2468
INF http m=GET p=/favicon.png s=200 d=29µs s=449
INF http m=POST p=/api/v1/auth/switch-workspace s=200 d=41.2ms s=608
INF http m=GET p=/apple-touch-icon.png s=200 d=47µs s=2298
INF http m=GET p=/assets/material-symbols-names-Dyx5m6Tf.js s=200 d=135µs s=15412
INF http m=GET p=/api/v1/workspaces/43L9RSGFA000/nodes/0/children s=200 d=349µs s=26
INF http m=GET p=/api/v1/notifications/unread-count s=200 d=3.47ms s=25
INF http m=GET p=/api/v1/workspaces/43L9RSGFA000/members s=200 d=171µs s=124
INF http m=GET p=/assets/fr-CgauyyXq.js s=200 d=116µs s=6301
INF http m=GET p=/assets/es-DHO8DnB9.js s=200 d=73µs s=6015
INF http m=GET p=/assets/emoji-groups-BpL1N8nI.js s=200 d=148µs s=13798
INF http m=GET p=/assets/de-qJeflSp6.js s=200 d=133µs s=6245
INF http m=GET p=/assets/WorkspaceSettingsPanel-CeaO382V.css s=200 d=42µs s=1021
INF http m=GET p=/assets/WorkspaceSettingsPanel-C0CeQhf8.js s=200 d=71µs s=4456
INF http m=GET p=/assets/ServerSettingsPanel-DsIxlWdC.css s=200 d=35µs s=593
INF http m=GET p=/assets/ServerSettingsPanel-Cmq42vr7.js s=200 d=41µs s=2538
INF http m=GET p=/assets/ResourceQuotaForm-Coc__0PE.js s=200 d=44µs s=813
INF http m=GET p=/assets/ResourceQuotaForm-AxNe1Ebg.css s=200 d=29µs s=302
INF http m=GET p=/assets/ProfileSettings-kJBJbTIc.css s=200 d=41µs s=1220
INF http m=GET p=/assets/ProfileSettings-HAdAXUp2.js s=200 d=62µs s=4325
INF http m=GET p=/assets/OrgSettingsPanel-CEubhZUp.css s=200 d=28µs s=509
INF http m=GET p=/assets/OrgSettingsPanel-B6q-g6eD.js s=200 d=40µs s=2306
INF http m=GET p=/assets/InviteForm-fXZCo6g3.js s=200 d=26µs s=1267
INF http m=POST p=/api/v1/organizations/43L9RUDQ8000/workspaces s=200 d=222ms s=298
INF http m=POST p=/api/v1/workspaces/43L9RSGFA000/nodes/0/page/create s=200 d=157ms s=35
INF http m=GET p=/assets/InviteForm-CW-wgFWD.css s=200 d=33µs s=414
INF http m=GET p=/api/v1/workspaces/43L9RSGFA000/nodes/0/children s=200 d=314µs s=257
INF http m=GET p=/assets/Editor-CO3i7Yl7.css s=200 d=36µs s=2237
INF http m=GET p=/assets/Editor--AVOgcEK.js s=200 d=66µs s=13498
INF http m=GET p=/assets/AdminDashboard-R0heLGro.css s=200 d=34µs s=601
INF http m=GET p=/api/v1/workspaces/43L9RSGFA000/nodes/43L9RVEKI000 s=200 d=282µs s=245
INF http m=GET p=/assets/AdminDashboard-Cfrr1YY_.js s=200 d=39µs s=2075
INF http m=GET p=/manifest.webmanifest s=200 d=29µs s=199
INF http m=POST p=/api/v1/auth/switch-workspace s=200 d=36.7ms s=576
INF http m=GET p=/api/v1/notifications/unread-count s=200 d=836µs s=25
INF http m=GET p=/api/v1/workspaces/43L9RV0Q4000/nodes/0/children s=200 d=322µs s=26
INF http m=GET p=/api/v1/workspaces/43L9RV0Q4000/members s=200 d=148µs s=124
INF http m=POST p=/api/v1/workspaces/43L9RV0Q4000/nodes/0/page/create s=200 d=20.1ms s=35
INF http m=GET p=/api/v1/workspaces/43L9RV0Q4000/nodes/0/children s=200 d=286µs s=257
INF http m=GET p=/api/v1/workspaces/43L9RV0Q4000/nodes/43L9S0RUM000 s=200 d=276µs s=245
INF http m=POST p=/api/v1/workspaces/43L9RV0Q4000/nodes/0/page/create s=200 d=22.9ms s=26
INF http m=GET p=/w/@43L9RV0Q4000+workspace/@43L9S0RUM000+welcome s=200 d=43µs s=532
INF http m=GET p=/api/v1/workspaces/43L9RV0Q4000/events s=200 d=87.6ms s=233
INF http m=GET p=/api/v1/auth/me s=200 d=283µs s=354
INF http m=GET p=/api/v1/notifications/unread-count s=200 d=183µs s=25
INF http m=GET p=/api/v1/workspaces/43L9RV0Q4000/nodes/43L9S0RUM000 s=200 d=294µs s=245
INF http m=GET p=/api/v1/workspaces/43L9RV0Q4000/members s=200 d=280µs s=124
INF http m=GET p=/api/v1/workspaces/43L9RV0Q4000/nodes/0/children s=200 d=747µs s=263
INF http m=POST p=/api/v1/workspaces/43L9RSGFA000/nodes/0/page/create s=200 d=22.3ms s=26
INF http m=GET p=/w/@43L9RSGFA000+workspace/@43L9RVEKI000+welcome s=200 d=39µs s=532
INF http m=GET p=/api/v1/workspaces/43L9RSGFA000/events s=200 d=451ms s=237
INF http m=GET p=/api/v1/workspaces/43L9RV0Q4000/nodes/43L9S13DM000 s=200 d=384µs s=155
INF http m=GET p=/api/v1/auth/me s=200 d=312µs s=354
INF http m=GET p=/api/v1/notifications/unread-count s=200 d=183µs s=25
INF http m=GET p=/api/v1/workspaces/43L9RSGFA000/nodes/0/children s=200 d=344µs s=266
INF http m=GET p=/api/v1/workspaces/43L9RSGFA000/members s=200 d=184µs s=124
INF http m=GET p=/api/v1/workspaces/43L9RSGFA000/nodes/43L9RVEKI000 s=200 d=282µs s=245
INF http m=GET p=/api/v1/workspaces/43L9RSGFA000/nodes/43L9S1UMK000 s=200 d=1.53ms s=155
INF http m=GET p=/api/v1/workspaces/43L9RSGFA000/events s=200 d=278ms s=93
INF http m=GET p=/api/v1/workspaces/43L9RV0Q4000/events s=200 d=461ms s=93
INF http m=POST p=/api/v1/auth/register s=200 d=147ms s=387
INF http m=GET p=/ s=200 d=63µs s=532
INF http m=GET p=/assets/index-D8rN_C6i.js s=200 d=168µs s=49782
INF http m=GET p=/assets/index-BppjCDFJ.css s=200 d=141µs s=12398
INF http m=GET p=/registerSW.js s=200 d=85µs s=87
INF http m=GET p=/assets/vendor-Dz6kinLD.js s=200 d=143µs s=27873
INF http m=GET p=/assets/editor-vendor-DXykusy4.js s=200 d=161µs s=95952
INF http m=GET p=/api/v1/auth/me s=200 d=237µs s=167
INF http m=GET p=/assets/en-BOb8f2G7.js s=200 d=81µs s=5207
INF http m=GET p=/api/v1/notifications/unread-count s=200 d=180µs s=25
INF http m=GET p=/sw.js s=200 d=94µs s=5541
INF http m=GET p=/favicon.png s=200 d=38µs s=449
INF http m=POST p=/api/v1/organizations s=200 d=64.6ms s=351
INF http m=GET p=/registerSW.js s=200 d=34µs s=87
INF http m=GET p=/api/v1/auth/me s=200 d=247µs s=253
INF http m=GET p=/index.html s=200 d=37µs s=532
INF http m=GET p=/icon.svg s=200 d=33µs s=195
INF http m=POST p=/api/v1/auth/register s=200 d=247ms s=386
INF http m=GET p=/icon-512.png s=200 d=80µs s=6498
INF http m=GET p=/ s=200 d=48µs s=532
INF http m=GET p=/icon-192.png s=200 d=57µs s=2468
INF http m=GET p=/favicon.png s=200 d=37µs s=449
INF http m=GET p=/assets/index-D8rN_C6i.js s=200 d=130µs s=49782
INF http m=GET p=/apple-touch-icon.png s=200 d=46µs s=2298
INF http m=GET p=/assets/index-BppjCDFJ.css s=200 d=132µs s=12398
INF http m=GET p=/assets/editor-vendor-DXykusy4.js s=200 d=161µs s=95952
INF http m=GET p=/assets/vendor-Dz6kinLD.js s=200 d=121µs s=27873
INF http m=GET p=/registerSW.js s=200 d=29µs s=87
INF http m=GET p=/assets/material-symbols-names-Dyx5m6Tf.js s=200 d=137µs s=15412
INF http m=GET p=/assets/fr-CgauyyXq.js s=200 d=97µs s=6301
INF http m=GET p=/assets/es-DHO8DnB9.js s=200 d=85µs s=6015
INF http m=GET p=/assets/emoji-groups-BpL1N8nI.js s=200 d=96µs s=13798
INF http m=GET p=/api/v1/auth/me s=200 d=226µs s=166
INF http m=GET p=/assets/en-BOb8f2G7.js s=200 d=62µs s=5207
INF http m=GET p=/api/v1/notifications/unread-count s=200 d=586µs s=25
INF http m=GET p=/sw.js s=200 d=79µs s=5541
INF http m=GET p=/favicon.png s=200 d=38µs s=449
INF http m=GET p=/registerSW.js s=200 d=42µs s=87
INF http m=GET p=/assets/de-qJeflSp6.js s=200 d=140µs s=6245
INF http m=GET p=/index.html s=200 d=25µs s=532
INF http m=GET p=/icon.svg s=200 d=28µs s=195
INF http m=GET p=/assets/WorkspaceSettingsPanel-CeaO382V.css s=200 d=27µs s=1021
INF http m=GET p=/assets/WorkspaceSettingsPanel-C0CeQhf8.js s=200 d=62µs s=4456
INF http m=GET p=/icon-512.png s=200 d=134µs s=6498
INF http m=GET p=/icon-192.png s=200 d=41µs s=2468
INF http m=GET p=/assets/ServerSettingsPanel-DsIxlWdC.css s=200 d=32µs s=593
INF http m=GET p=/favicon.png s=200 d=29µs s=449
INF http m=GET p=/assets/ServerSettingsPanel-Cmq42vr7.js s=200 d=37µs s=2538
INF http m=GET p=/apple-touch-icon.png s=200 d=35µs s=2298
INF http m=GET p=/assets/ResourceQuotaForm-Coc__0PE.js s=200 d=30µs s=813
INF http m=GET p=/assets/ResourceQuotaForm-AxNe1Ebg.css s=200 d=36µs s=302
INF http m=GET p=/assets/material-symbols-names-Dyx5m6Tf.js s=200 d=124µs s=15412
INF http m=GET p=/assets/ProfileSettings-kJBJbTIc.css s=200 d=28µs s=1220
INF http m=POST p=/api/v1/organizations/43L9S7GSA000/workspaces s=200 d=378ms s=296
INF http m=GET p=/assets/ProfileSettings-HAdAXUp2.js s=200 d=85µs s=4325
INF http m=POST p=/api/v1/organizations s=200 d=110ms s=351
INF http m=GET p=/assets/OrgSettingsPanel-CEubhZUp.css s=200 d=27µs s=509
INF http m=GET p=/api/v1/auth/me s=200 d=2.62ms s=252
INF http m=GET p=/assets/OrgSettingsPanel-B6q-g6eD.js s=200 d=83µs s=2306
INF http m=GET p=/assets/InviteForm-fXZCo6g3.js s=200 d=34µs s=1267
INF http m=GET p=/assets/fr-CgauyyXq.js s=200 d=71µs s=6301
INF http m=POST p=/api/v1/auth/switch-workspace s=200 d=28.8ms s=603
INF http m=GET p=/assets/InviteForm-CW-wgFWD.css s=200 d=38µs s=414
INF http m=GET p=/assets/Editor-CO3i7Yl7.css s=200 d=51µs s=2237
INF http m=GET p=/assets/es-DHO8DnB9.js s=200 d=63µs s=6015
INF http m=GET p=/assets/Editor--AVOgcEK.js s=200 d=100µs s=13498
INF http m=GET p=/assets/AdminDashboard-R0heLGro.css s=200 d=38µs s=601
INF http m=GET p=/api/v1/notifications/unread-count s=200 d=269µs s=25
INF http m=GET p=/assets/emoji-groups-BpL1N8nI.js s=200 d=94µs s=13798
INF http m=GET p=/api/v1/workspaces/43L9S80I0000/nodes/0/children s=200 d=424µs s=26
INF http m=GET p=/api/v1/workspaces/43L9S80I0000/members s=200 d=481µs s=124
INF http m=GET p=/assets/AdminDashboard-Cfrr1YY_.js s=200 d=169µs s=2075
INF http m=GET p=/manifest.webmanifest s=200 d=42µs s=199
INF http m=GET p=/assets/de-qJeflSp6.js s=200 d=102µs s=6245
INF http m=GET p=/assets/WorkspaceSettingsPanel-CeaO382V.css s=200 d=32µs s=1021
INF http m=GET p=/assets/WorkspaceSettingsPanel-C0CeQhf8.js s=200 d=142µs s=4456
INF http m=GET p=/assets/ServerSettingsPanel-DsIxlWdC.css s=200 d=32µs s=593
INF http m=GET p=/assets/ServerSettingsPanel-Cmq42vr7.js s=200 d=118µs s=2538
INF http m=GET p=/assets/ResourceQuotaForm-Coc__0PE.js s=200 d=28µs s=813
INF http m=GET p=/assets/ResourceQuotaForm-AxNe1Ebg.css s=200 d=21µs s=302
INF http m=GET p=/assets/ProfileSettings-kJBJbTIc.css s=200 d=37µs s=1220
INF http m=GET p=/assets/ProfileSettings-HAdAXUp2.js s=200 d=105µs s=4325
INF http m=GET p=/assets/OrgSettingsPanel-CEubhZUp.css s=200 d=30µs s=509
INF http m=GET p=/assets/OrgSettingsPanel-B6q-g6eD.js s=200 d=35µs s=2306
INF http m=GET p=/assets/InviteForm-fXZCo6g3.js s=200 d=74µs s=1267
INF http m=GET p=/assets/InviteForm-CW-wgFWD.css s=200 d=28µs s=414
INF http m=GET p=/assets/Editor-CO3i7Yl7.css s=200 d=35µs s=2237
INF http m=GET p=/assets/Editor--AVOgcEK.js s=200 d=84µs s=13498
INF http m=GET p=/assets/AdminDashboard-R0heLGro.css s=200 d=33µs s=601
INF http m=GET p=/assets/AdminDashboard-Cfrr1YY_.js s=200 d=39µs s=2075
INF http m=GET p=/manifest.webmanifest s=200 d=35µs s=199
INF http m=POST p=/api/v1/organizations/43L9S9MUQ000/workspaces s=200 d=200ms s=298
INF http m=POST p=/api/v1/workspaces/43L9S80I0000/nodes/0/page/create s=200 d=157ms s=35
INF http m=GET p=/api/v1/workspaces/43L9S80I0000/nodes/0/children s=200 d=293µs s=257
INF http m=GET p=/api/v1/workspaces/43L9S80I0000/nodes/43L9SAPUI000 s=200 d=279µs s=245
INF http m=POST p=/api/v1/auth/switch-workspace s=200 d=28.3ms s=604
INF http m=GET p=/api/v1/notifications/unread-count s=200 d=262µs s=25
INF http m=GET p=/api/v1/workspaces/43L9SAFN8000/nodes/0/children s=200 d=270µs s=26
INF http m=GET p=/api/v1/workspaces/43L9SAFN8000/members s=200 d=1.86ms s=124
INF http m=POST p=/api/v1/workspaces/43L9SAFN8000/nodes/0/page/create s=200 d=32.3ms s=35
INF http m=GET p=/api/v1/workspaces/43L9SAFN8000/nodes/0/children s=200 d=1.5ms s=256
INF http m=GET p=/api/v1/workspaces/43L9SAFN8000/nodes/43L9SC184000 s=200 d=330µs s=245
INF http m=POST p=/api/v1/workspaces/43L9SAFN8000/nodes/0/page/create s=200 d=25.8ms s=26
INF http m=GET p=/w/@43L9SAFN8000+workspace/@43L9SC184000+welcome s=200 d=77µs s=532
INF http m=GET p=/api/v1/workspaces/43L9SAFN8000/events s=200 d=82.8ms s=233
INF http m=GET p=/api/v1/auth/me s=200 d=272µs s=352
INF http m=GET p=/api/v1/notifications/unread-count s=200 d=616µs s=25
INF http m=GET p=/api/v1/workspaces/43L9SAFN8000/nodes/0/children s=200 d=294µs s=256
INF http m=GET p=/api/v1/workspaces/43L9SAFN8000/members s=200 d=161µs s=124
INF http m=GET p=/api/v1/workspaces/43L9SAFN8000/nodes/43L9SC184000 s=200 d=702µs s=245
INF http m=GET p=/api/v1/workspaces/43L9SAFN8000/nodes/43L9SC7CG000 s=200 d=785µs s=148
INF http m=POST p=/api/v1/workspaces/43L9S80I0000/nodes/0/page/create s=200 d=20.1ms s=26
INF http m=GET p=/w/@43L9S80I0000+workspace/@43L9SAPUI000+welcome s=200 d=48µs s=532
INF http m=GET p=/api/v1/workspaces/43L9S80I0000/events s=200 d=452ms s=236
INF http m=GET p=/api/v1/auth/me s=200 d=3.02ms s=351
INF http m=GET p=/api/v1/workspaces/43L9S80I0000/members s=200 d=187µs s=124
INF http m=GET p=/api/v1/workspaces/43L9S80I0000/nodes/0/children s=200 d=353µs s=258
INF http m=GET p=/api/v1/notifications/unread-count s=200 d=1.48ms s=25
INF http m=GET p=/api/v1/workspaces/43L9S80I0000/nodes/43L9SAPUI000 s=200 d=3.55ms s=245
INF http m=GET p=/api/v1/workspaces/43L9S80I0000/nodes/43L9SD9U8000 s=200 d=312µs s=148
INF http m=GET p=/api/v1/workspaces/43L9SAFN8000/events s=200 d=299ms s=93
INF http m=POST p=/api/v1/auth/register s=200 d=115ms s=385
INF http m=GET p=/ s=200 d=60µs s=532
INF http m=GET p=/assets/vendor-Dz6kinLD.js s=200 d=114µs s=27873
INF http m=GET p=/assets/index-BppjCDFJ.css s=200 d=105µs s=12398
INF http m=GET p=/assets/editor-vendor-DXykusy4.js s=200 d=149µs s=95952
INF http m=GET p=/assets/index-D8rN_C6i.js s=200 d=3.85ms s=49782
INF http m=GET p=/registerSW.js s=200 d=56µs s=87
INF http m=GET p=/api/v1/workspaces/43L9S80I0000/events s=200 d=477ms s=93
INF http m=GET p=/api/v1/auth/me s=200 d=243µs s=167
INF http m=GET p=/assets/en-BOb8f2G7.js s=200 d=99µs s=5207
INF http m=GET p=/api/v1/notifications/unread-count s=200 d=183µs s=25
INF http m=GET p=/favicon.png s=200 d=60µs s=449
INF http m=GET p=/sw.js s=200 d=74µs s=5541
INF http m=POST p=/api/v1/organizations s=200 d=59.4ms s=351
INF http m=GET p=/api/v1/auth/me s=200 d=443µs s=253
INF http m=GET p=/registerSW.js s=200 d=32µs s=87
INF http m=GET p=/index.html s=200 d=37µs s=532
INF http m=GET p=/icon.svg s=200 d=40µs s=195
INF http m=GET p=/icon-512.png s=200 d=85µs s=6498
INF http m=GET p=/icon-192.png s=200 d=50µs s=2468
INF http m=GET p=/favicon.png s=200 d=36µs s=449
INF http m=GET p=/apple-touch-icon.png s=200 d=46µs s=2298
INF http m=GET p=/assets/material-symbols-names-Dyx5m6Tf.js s=200 d=82µs s=15412
INF http m=GET p=/assets/fr-CgauyyXq.js s=200 d=97µs s=6301
INF http m=GET p=/assets/es-DHO8DnB9.js s=200 d=95µs s=6015
INF http m=GET p=/assets/emoji-groups-BpL1N8nI.js s=200 d=85µs s=13798
INF http m=GET p=/assets/de-qJeflSp6.js s=200 d=87µs s=6245
INF http m=GET p=/assets/WorkspaceSettingsPanel-CeaO382V.css s=200 d=39µs s=1021
INF http m=GET p=/assets/WorkspaceSettingsPanel-C0CeQhf8.js s=200 d=68µs s=4456
INF http m=GET p=/assets/ServerSettingsPanel-DsIxlWdC.css s=200 d=37µs s=593
INF http m=GET p=/assets/ServerSettingsPanel-Cmq42vr7.js s=200 d=52µs s=2538
INF http m=GET p=/assets/ResourceQuotaForm-Coc__0PE.js s=200 d=37µs s=813
INF http m=GET p=/assets/ResourceQuotaForm-AxNe1Ebg.css s=200 d=35µs s=302
INF http m=GET p=/assets/ProfileSettings-kJBJbTIc.css s=200 d=27µs s=1220
INF http m=GET p=/assets/ProfileSettings-HAdAXUp2.js s=200 d=79µs s=4325
INF http m=GET p=/assets/OrgSettingsPanel-CEubhZUp.css s=200 d=62µs s=509
INF http m=GET p=/assets/OrgSettingsPanel-B6q-g6eD.js s=200 d=40µs s=2306
INF http m=GET p=/assets/InviteForm-fXZCo6g3.js s=200 d=28µs s=1267
INF http m=GET p=/assets/InviteForm-CW-wgFWD.css s=200 d=28µs s=414
INF http m=GET p=/assets/Editor-CO3i7Yl7.css s=200 d=72µs s=2237
INF http m=GET p=/assets/Editor--AVOgcEK.js s=200 d=185µs s=13498
INF http m=POST p=/api/v1/organizations/43L9SHM66000/workspaces s=200 d=316ms s=298
INF http m=GET p=/assets/AdminDashboard-R0heLGro.css s=200 d=33µs s=601
INF http m=POST p=/api/v1/auth/register s=200 d=284ms s=383
INF http m=GET p=/assets/AdminDashboard-Cfrr1YY_.js s=200 d=44µs s=2075
INF http m=GET p=/ s=200 d=147µs s=532
INF http m=GET p=/manifest.webmanifest s=200 d=25µs s=199
INF http m=POST p=/api/v1/auth/switch-workspace s=200 d=41.3ms s=608
INF http m=GET p=/assets/index-D8rN_C6i.js s=200 d=181µs s=49782
INF http m=GET p=/assets/index-BppjCDFJ.css s=200 d=133µs s=12398
INF http m=GET p=/assets/editor-vendor-DXykusy4.js s=200 d=190µs s=95952
INF http m=GET p=/assets/vendor-Dz6kinLD.js s=200 d=128µs s=27873
INF http m=GET p=/registerSW.js s=200 d=37µs s=87
INF http m=GET p=/api/v1/notifications/unread-count s=200 d=264µs s=25
INF http m=GET p=/api/v1/workspaces/43L9SI8EG000/nodes/0/children s=200 d=312µs s=26
INF http m=GET p=/api/v1/workspaces/43L9SI8EG000/members s=200 d=1.28ms s=124
INF http m=POST p=/api/v1/workspaces/43L9SI8EG000/nodes/0/page/create s=200 d=29.4ms s=35
INF http m=GET p=/api/v1/workspaces/43L9SI8EG000/nodes/0/children s=200 d=424µs s=258
INF http m=GET p=/api/v1/workspaces/43L9SI8EG000/nodes/43L9SKQCS000 s=200 d=255µs s=245
INF http m=POST p=/api/v1/workspaces/43L9SI8EG000/nodes/0/page/create s=200 d=52.5ms s=26
INF http m=GET p=/assets/en-BOb8f2G7.js s=200 d=156µs s=5207
INF http m=GET p=/api/v1/auth/me s=200 d=576µs s=168
INF http m=GET p=/w/@43L9SI8EG000+workspace/@43L9SKQCS000+welcome s=200 d=49µs s=532
INF http m=GET p=/api/v1/notifications/unread-count s=200 d=168µs s=25
INF http m=GET p=/favicon.png s=200 d=84µs s=449
INF http m=GET p=/api/v1/workspaces/43L9SI8EG000/events s=200 d=103ms s=231
INF http m=GET p=/sw.js s=200 d=129µs s=5541
INF http m=POST p=/api/v1/organizations s=200 d=63.8ms s=352
INF http m=GET p=/registerSW.js s=200 d=35µs s=87
INF http m=GET p=/api/v1/auth/me s=200 d=836µs s=254
INF http m=GET p=/index.html s=200 d=43µs s=532
INF http m=GET p=/icon.svg s=200 d=33µs s=195
INF http m=GET p=/api/v1/auth/me s=200 d=303µs s=357
INF http m=GET p=/icon-512.png s=200 d=114µs s=6498
INF http m=GET p=/icon-192.png s=200 d=98µs s=2468
INF http m=GET p=/api/v1/workspaces/43L9SI8EG000/members s=200 d=12.4ms s=124
INF http m=GET p=/api/v1/workspaces/43L9SI8EG000/nodes/0/children s=200 d=3.69ms s=258
INF http m=GET p=/api/v1/notifications/unread-count s=200 d=24.3ms s=25
INF http m=GET p=/api/v1/workspaces/43L9SI8EG000/nodes/43L9SKQCS000 s=200 d=18.8ms s=245
INF http m=GET p=/favicon.png s=200 d=52µs s=449
INF http m=GET p=/apple-touch-icon.png s=200 d=179µs s=2298
INF http m=GET p=/assets/material-symbols-names-Dyx5m6Tf.js s=200 d=179µs s=15412
INF http m=GET p=/api/v1/workspaces/43L9SI8EG000/nodes/43L9SKUMQ000 s=200 d=323µs s=148
INF http m=GET p=/assets/fr-CgauyyXq.js s=200 d=81µs s=6301
INF http m=GET p=/assets/es-DHO8DnB9.js s=200 d=92µs s=6015
INF http m=GET p=/assets/emoji-groups-BpL1N8nI.js s=200 d=92µs s=13798
INF http m=GET p=/assets/de-qJeflSp6.js s=200 d=83µs s=6245
INF http m=GET p=/assets/WorkspaceSettingsPanel-CeaO382V.css s=200 d=47µs s=1021
INF http m=GET p=/assets/WorkspaceSettingsPanel-C0CeQhf8.js s=200 d=81µs s=4456
INF http m=GET p=/assets/ServerSettingsPanel-DsIxlWdC.css s=200 d=34µs s=593
INF http m=GET p=/assets/ServerSettingsPanel-Cmq42vr7.js s=200 d=54µs s=2538
INF http m=GET p=/assets/ResourceQuotaForm-Coc__0PE.js s=200 d=41µs s=813
INF http m=GET p=/assets/ResourceQuotaForm-AxNe1Ebg.css s=200 d=39µs s=302
INF http m=GET p=/assets/ProfileSettings-kJBJbTIc.css s=200 d=43µs s=1220
INF http m=GET p=/assets/ProfileSettings-HAdAXUp2.js s=200 d=101µs s=4325
INF http m=GET p=/assets/OrgSettingsPanel-CEubhZUp.css s=200 d=35µs s=509
INF http m=GET p=/assets/OrgSettingsPanel-B6q-g6eD.js s=200 d=59µs s=2306
INF http m=GET p=/assets/InviteForm-fXZCo6g3.js s=200 d=34µs s=1267
INF http m=GET p=/assets/InviteForm-CW-wgFWD.css s=200 d=31µs s=414
INF http m=GET p=/assets/Editor-CO3i7Yl7.css s=200 d=41µs s=2237
INF http m=GET p=/assets/Editor--AVOgcEK.js s=200 d=85µs s=13498
INF http m=GET p=/assets/AdminDashboard-R0heLGro.css s=200 d=23µs s=601
INF http m=GET p=/assets/AdminDashboard-Cfrr1YY_.js s=200 d=56µs s=2075
INF http m=GET p=/manifest.webmanifest s=200 d=31µs s=199
INF http m=POST p=/api/v1/organizations/43L9SLCMG000/workspaces s=200 d=321ms s=298
INF http m=POST p=/api/v1/auth/switch-workspace s=200 d=18.8ms s=609
INF http m=GET p=/api/v1/notifications/unread-count s=200 d=397µs s=25
INF http m=GET p=/api/v1/workspaces/43L9SLU4A000/nodes/0/children s=200 d=463µs s=26
INF http m=GET p=/api/v1/workspaces/43L9SLU4A000/members s=200 d=601µs s=124
INF http m=POST p=/api/v1/workspaces/43L9SLU4A000/nodes/0/page/create s=200 d=24ms s=35
INF http m=GET p=/api/v1/workspaces/43L9SLU4A000/nodes/0/children s=200 d=421µs s=258
INF http m=GET p=/api/v1/workspaces/43L9SLU4A000/nodes/43L9SO6CG000 s=200 d=274µs s=245
INF http m=GET p=/api/v1/workspaces/43L9SI8EG000/events s=200 d=365ms s=93
INF http m=POST p=/api/v1/workspaces/43L9SLU4A000/nodes/0/page/create s=200 d=49.5ms s=26
INF http m=GET p=/w/@43L9SLU4A000+workspace/@43L9SO6CG000+welcome s=200 d=40µs s=532
INF http m=GET p=/api/v1/workspaces/43L9SLU4A000/events s=200 d=93.5ms s=233
INF http m=GET p=/api/v1/auth/me s=200 d=275µs s=354
INF http m=GET p=/api/v1/workspaces/43L9SLU4A000/nodes/43L9SO6CG000 s=200 d=391µs s=245
INF http m=GET p=/api/v1/notifications/unread-count s=200 d=572µs s=25
INF http m=GET p=/api/v1/workspaces/43L9SLU4A000/members s=200 d=647µs s=124
INF http m=GET p=/api/v1/workspaces/43L9SLU4A000/nodes/0/children s=200 d=822µs s=258
INF http m=GET p=/api/v1/workspaces/43L9SLU4A000/nodes/43L9SO9H6000 s=200 d=396µs s=149
INF http m=POST p=/api/v1/auth/register s=200 d=152ms s=388
INF http m=GET p=/ s=200 d=59µs s=532
INF http m=GET p=/assets/index-D8rN_C6i.js s=200 d=164µs s=49782
INF http m=GET p=/assets/index-BppjCDFJ.css s=200 d=121µs s=12398
INF http m=GET p=/assets/editor-vendor-DXykusy4.js s=200 d=157µs s=95952
INF http m=GET p=/assets/vendor-Dz6kinLD.js s=200 d=114µs s=27873
INF http m=GET p=/registerSW.js s=200 d=38µs s=87
INF http m=GET p=/assets/en-BOb8f2G7.js s=200 d=88µs s=5207
INF http m=GET p=/api/v1/auth/me s=200 d=209µs s=166
INF http m=GET p=/api/v1/notifications/unread-count s=200 d=185µs s=25
INF http m=GET p=/favicon.png s=200 d=30µs s=449
INF http m=GET p=/sw.js s=200 d=84µs s=5541
INF http m=GET p=/registerSW.js s=200 d=45µs s=87
INF http m=POST p=/api/v1/organizations s=200 d=50.8ms s=351
INF http m=GET p=/api/v1/auth/me s=200 d=219µs s=252
INF http m=GET p=/api/v1/workspaces/43L9SLU4A000/events s=200 d=342ms s=93
INF http m=GET p=/index.html s=200 d=31µs s=532
INF http m=GET p=/icon.svg s=200 d=33µs s=195
INF http m=GET p=/icon-512.png s=200 d=138µs s=6498
INF http m=GET p=/icon-192.png s=200 d=55µs s=2468
INF http m=GET p=/favicon.png s=200 d=106µs s=449
INF http m=GET p=/apple-touch-icon.png s=200 d=56µs s=2298
INF http m=GET p=/assets/material-symbols-names-Dyx5m6Tf.js s=200 d=100µs s=15412
INF http m=GET p=/assets/fr-CgauyyXq.js s=200 d=110µs s=6301
INF http m=GET p=/assets/es-DHO8DnB9.js s=200 d=99µs s=6015
INF http m=GET p=/assets/emoji-groups-BpL1N8nI.js s=200 d=114µs s=13798
INF http m=GET p=/assets/de-qJeflSp6.js s=200 d=72µs s=6245
INF http m=GET p=/assets/WorkspaceSettingsPanel-CeaO382V.css s=200 d=56µs s=1021
INF http m=GET p=/assets/WorkspaceSettingsPanel-C0CeQhf8.js s=200 d=83µs s=4456
INF http m=GET p=/assets/ServerSettingsPanel-DsIxlWdC.css s=200 d=34µs s=593
INF http m=GET p=/assets/ServerSettingsPanel-Cmq42vr7.js s=200 d=43µs s=2538
INF http m=GET p=/assets/ResourceQuotaForm-Coc__0PE.js s=200 d=30µs s=813
INF http m=GET p=/assets/ResourceQuotaForm-AxNe1Ebg.css s=200 d=86µs s=302
INF http m=POST p=/api/v1/organizations/43L9SRE5U000/workspaces s=200 d=360ms s=296
INF http m=GET p=/assets/ProfileSettings-kJBJbTIc.css s=200 d=40µs s=1220
INF http m=GET p=/assets/ProfileSettings-HAdAXUp2.js s=200 d=70µs s=4325
INF http m=GET p=/assets/OrgSettingsPanel-CEubhZUp.css s=200 d=41µs s=509
INF http m=GET p=/assets/OrgSettingsPanel-B6q-g6eD.js s=200 d=46µs s=2306
INF http m=GET p=/assets/InviteForm-fXZCo6g3.js s=200 d=37µs s=1267
INF http m=POST p=/api/v1/auth/register s=200 d=133ms s=395
INF http m=GET p=/assets/InviteForm-CW-wgFWD.css s=200 d=36µs s=414
INF http m=GET p=/ s=200 d=52µs s=532
INF http m=GET p=/assets/Editor-CO3i7Yl7.css s=200 d=60µs s=2237
INF http m=GET p=/assets/Editor--AVOgcEK.js s=200 d=108µs s=13498
INF http m=GET p=/assets/AdminDashboard-R0heLGro.css s=200 d=33µs s=601
INF http m=POST p=/api/v1/auth/switch-workspace s=200 d=69ms s=609
INF http m=GET p=/assets/index-D8rN_C6i.js s=200 d=157µs s=49782
INF http m=GET p=/assets/AdminDashboard-Cfrr1YY_.js s=200 d=122µs s=2075
INF http m=GET p=/registerSW.js s=200 d=42µs s=87
INF http m=GET p=/assets/vendor-Dz6kinLD.js s=200 d=130µs s=27873
INF http m=GET p=/assets/index-BppjCDFJ.css s=200 d=95µs s=12398
INF http m=GET p=/assets/editor-vendor-DXykusy4.js s=200 d=157µs s=95952
INF http m=GET p=/manifest.webmanifest s=200 d=25µs s=199
INF http m=GET p=/api/v1/notifications/unread-count s=200 d=203µs s=25
INF http m=GET p=/api/v1/workspaces/43L9SRR38000/members s=200 d=160µs s=124
INF http m=GET p=/api/v1/workspaces/43L9SRR38000/nodes/0/children s=200 d=6.47ms s=26
INF http m=POST p=/api/v1/workspaces/43L9SRR38000/nodes/0/page/create s=200 d=40.1ms s=35
INF http m=GET p=/api/v1/workspaces/43L9SRR38000/nodes/0/children s=200 d=720µs s=257
INF http m=GET p=/api/v1/workspaces/43L9SRR38000/nodes/43L9SUS2M000 s=200 d=733µs s=245
INF http m=GET p=/assets/en-BOb8f2G7.js s=200 d=113µs s=5207
INF http m=GET p=/api/v1/auth/me s=200 d=599µs s=168
INF http m=GET p=/favicon.png s=200 d=109µs s=449
INF http m=GET p=/api/v1/notifications/unread-count s=200 d=234µs s=25
INF http m=GET p=/sw.js s=200 d=80µs s=5541
INF http m=GET p=/registerSW.js s=200 d=43µs s=87
INF http m=POST p=/api/v1/organizations s=200 d=53.8ms s=353
INF http m=GET p=/index.html s=200 d=35µs s=532
INF http m=GET p=/api/v1/auth/me s=200 d=631µs s=252
INF http m=GET p=/icon.svg s=200 d=25µs s=195
INF http m=GET p=/icon-512.png s=200 d=135µs s=6498
INF http m=GET p=/icon-192.png s=200 d=45µs s=2468
INF http m=GET p=/favicon.png s=200 d=46µs s=449
INF http m=GET p=/apple-touch-icon.png s=200 d=56µs s=2298
INF http m=GET p=/assets/material-symbols-names-Dyx5m6Tf.js s=200 d=104µs s=15412
INF http m=GET p=/assets/fr-CgauyyXq.js s=200 d=80µs s=6301
INF http m=GET p=/assets/es-DHO8DnB9.js s=200 d=82µs s=6015
INF http m=GET p=/assets/emoji-groups-BpL1N8nI.js s=200 d=225µs s=13798
INF http m=GET p=/assets/de-qJeflSp6.js s=200 d=96µs s=6245
INF http m=GET p=/assets/WorkspaceSettingsPanel-CeaO382V.css s=200 d=38µs s=1021
INF http m=GET p=/assets/WorkspaceSettingsPanel-C0CeQhf8.js s=200 d=70µs s=4456
INF http m=GET p=/assets/ServerSettingsPanel-DsIxlWdC.css s=200 d=59µs s=593
INF http m=GET p=/assets/ServerSettingsPanel-Cmq42vr7.js s=200 d=59µs s=2538
INF http m=GET p=/assets/ResourceQuotaForm-Coc__0PE.js s=200 d=40µs s=813
INF http m=GET p=/assets/ResourceQuotaForm-AxNe1Ebg.css s=200 d=52µs s=302
INF http m=GET p=/assets/ProfileSettings-kJBJbTIc.css s=200 d=40µs s=1220
INF http m=GET p=/assets/ProfileSettings-HAdAXUp2.js s=200 d=66µs s=4325
INF http m=GET p=/assets/OrgSettingsPanel-CEubhZUp.css s=200 d=35µs s=509
INF http m=GET p=/assets/OrgSettingsPanel-B6q-g6eD.js s=200 d=45µs s=2306
INF http m=GET p=/assets/InviteForm-fXZCo6g3.js s=200 d=37µs s=1267
INF http m=GET p=/assets/InviteForm-CW-wgFWD.css s=200 d=41µs s=414
INF http m=GET p=/assets/Editor-CO3i7Yl7.css s=200 d=42µs s=2237
INF http m=GET p=/assets/Editor--AVOgcEK.js s=200 d=84µs s=13498
INF http m=GET p=/assets/AdminDashboard-R0heLGro.css s=200 d=25µs s=601
INF http m=POST p=/api/v1/organizations/43L9SVFAM000/workspaces s=200 d=235ms s=304
INF http m=POST p=/api/v1/workspaces/43L9SRR38000/nodes/0/page/create s=200 d=30.4ms s=26
INF http m=GET p=/assets/AdminDashboard-Cfrr1YY_.js s=200 d=83µs s=2075
INF http m=GET p=/w/@43L9SRR38000+workspace/@43L9SUS2M000+welcome s=200 d=30µs s=532
INF http m=GET p=/manifest.webmanifest s=200 d=36µs s=199
INF http m=GET p=/api/v1/workspaces/43L9SRR38000/events s=200 d=421ms s=232
INF http m=POST p=/api/v1/auth/switch-workspace s=200 d=27.2ms s=570
INF http m=GET p=/api/v1/notifications/unread-count s=200 d=576µs s=25
INF http m=GET p=/api/v1/workspaces/43L9SVRVK000/nodes/0/children s=200 d=2.7ms s=26
INF http m=GET p=/api/v1/workspaces/43L9SVRVK000/members s=200 d=3.47ms s=130
INF http m=GET p=/api/v1/auth/me s=200 d=244µs s=351
INF http m=POST p=/api/v1/workspaces/43L9SVRVK000/nodes/0/page/create s=200 d=25ms s=35
INF http m=GET p=/api/v1/workspaces/43L9SVRVK000/nodes/0/children s=200 d=2.55ms s=257
INF http m=GET p=/api/v1/workspaces/43L9SVRVK000/nodes/43L9T1Q0C000 s=200 d=302µs s=245
INF http m=GET p=/api/v1/notifications/unread-count s=200 d=151µs s=25
INF http m=GET p=/api/v1/workspaces/43L9SRR38000/members s=200 d=643µs s=124
INF http m=GET p=/api/v1/workspaces/43L9SRR38000/nodes/43L9SUS2M000 s=200 d=863µs s=245
INF http m=GET p=/api/v1/workspaces/43L9SRR38000/nodes/0/children s=200 d=7.3ms s=258
INF http m=POST p=/api/v1/workspaces/43L9SVRVK000/nodes/0/page/create s=200 d=59.1ms s=26
INF http m=GET p=/w/@43L9SVRVK000+workspace/@43L9T1Q0C000+welcome s=200 d=50µs s=532
INF http m=GET p=/api/v1/workspaces/43L9SVRVK000/events s=200 d=127ms s=229
INF http m=GET p=/api/v1/workspaces/43L9SRR38000/nodes/43L9T14D8000 s=200 d=3.37ms s=146
INF http m=GET p=/api/v1/auth/me s=200 d=235µs s=354
INF http m=GET p=/api/v1/notifications/unread-count s=200 d=199µs s=25
INF http m=GET p=/api/v1/workspaces/43L9SVRVK000/nodes/43L9T1Q0C000 s=200 d=1.58ms s=245
INF http m=GET p=/api/v1/workspaces/43L9SVRVK000/nodes/0/children s=200 d=2.33ms s=373
INF http m=GET p=/api/v1/workspaces/43L9SVRVK000/members s=200 d=1.7ms s=130
INF http m=GET p=/api/v1/workspaces/43L9SVRVK000/nodes/43L9T22HC000 s=200 d=357µs s=265
INF http m=GET p=/api/v1/workspaces/43L9SVRVK000/events s=200 d=121ms s=93
INF http m=GET p=/api/v1/workspaces/43L9SRR38000/events s=200 d=407ms s=93
INF http m=POST p=/api/v1/auth/register s=200 d=154ms s=394
INF http m=GET p=/ s=200 d=60µs s=532
INF http m=GET p=/assets/index-D8rN_C6i.js s=200 d=171µs s=49782
INF http m=GET p=/assets/index-BppjCDFJ.css s=200 d=129µs s=12398
INF http m=GET p=/assets/vendor-Dz6kinLD.js s=200 d=145µs s=27873
INF http m=GET p=/assets/editor-vendor-DXykusy4.js s=200 d=174µs s=95952
INF http m=GET p=/registerSW.js s=200 d=54µs s=87
INF http m=GET p=/api/v1/auth/me s=200 d=232µs s=164
INF http m=GET p=/assets/en-BOb8f2G7.js s=200 d=80µs s=5207
INF http m=GET p=/api/v1/notifications/unread-count s=200 d=180µs s=25
INF http m=GET p=/favicon.png s=200 d=36µs s=449
INF http m=GET p=/sw.js s=200 d=88µs s=5541
INF http m=POST p=/api/v1/organizations s=200 d=70.5ms s=351
INF http m=GET p=/api/v1/auth/me s=200 d=732µs s=250
INF http m=GET p=/registerSW.js s=200 d=30µs s=87
INF http m=GET p=/index.html s=200 d=45µs s=532
INF http m=GET p=/icon.svg s=200 d=32µs s=195
INF http m=GET p=/icon-512.png s=200 d=78µs s=6498
INF http m=GET p=/icon-192.png s=200 d=45µs s=2468
INF http m=GET p=/favicon.png s=200 d=56µs s=449
INF http m=POST p=/api/v1/auth/register s=200 d=241ms s=410
INF http m=GET p=/apple-touch-icon.png s=200 d=79µs s=2298
INF http m=GET p=/ s=200 d=40µs s=532
INF http m=GET p=/registerSW.js s=200 d=51µs s=87
INF http m=GET p=/assets/vendor-Dz6kinLD.js s=200 d=189µs s=27873
INF http m=GET p=/assets/editor-vendor-DXykusy4.js s=200 d=323µs s=95952
INF http m=GET p=/assets/index-D8rN_C6i.js s=200 d=143µs s=49782
INF http m=GET p=/assets/index-BppjCDFJ.css s=200 d=141µs s=12398
INF http m=GET p=/assets/material-symbols-names-Dyx5m6Tf.js s=200 d=157µs s=15412
INF http m=GET p=/assets/fr-CgauyyXq.js s=200 d=93µs s=6301
INF http m=GET p=/assets/es-DHO8DnB9.js s=200 d=67µs s=6015
INF http m=GET p=/assets/emoji-groups-BpL1N8nI.js s=200 d=123µs s=13798
INF http m=GET p=/assets/de-qJeflSp6.js s=200 d=95µs s=6245
INF http m=GET p=/assets/WorkspaceSettingsPanel-CeaO382V.css s=200 d=41µs s=1021
INF http m=GET p=/assets/WorkspaceSettingsPanel-C0CeQhf8.js s=200 d=85µs s=4456
INF http m=GET p=/assets/ServerSettingsPanel-DsIxlWdC.css s=200 d=45µs s=593
INF http m=GET p=/assets/ServerSettingsPanel-Cmq42vr7.js s=200 d=46µs s=2538
INF http m=GET p=/assets/ResourceQuotaForm-Coc__0PE.js s=200 d=35µs s=813
INF http m=GET p=/assets/ResourceQuotaForm-AxNe1Ebg.css s=200 d=48µs s=302
INF http m=GET p=/api/v1/auth/me s=200 d=814µs s=172
INF http m=GET p=/assets/en-BOb8f2G7.js s=200 d=100µs s=5207
INF http m=GET p=/assets/ProfileSettings-kJBJbTIc.css s=200 d=37µs s=1220
INF http m=GET p=/assets/ProfileSettings-HAdAXUp2.js s=200 d=92µs s=4325
INF http m=GET p=/sw.js s=200 d=97µs s=5541
INF http m=GET p=/favicon.png s=200 d=47µs s=449
INF http m=GET p=/assets/OrgSettingsPanel-CEubhZUp.css s=200 d=38µs s=509
INF http m=GET p=/assets/OrgSettingsPanel-B6q-g6eD.js s=200 d=66µs s=2306
INF http m=GET p=/api/v1/notifications/unread-count s=200 d=231µs s=25
INF http m=GET p=/registerSW.js s=200 d=39µs s=87
INF http m=GET p=/assets/InviteForm-fXZCo6g3.js s=200 d=32µs s=1267
INF http m=GET p=/assets/InviteForm-CW-wgFWD.css s=200 d=87µs s=414
INF http m=GET p=/assets/Editor-CO3i7Yl7.css s=200 d=57µs s=2237
INF http m=GET p=/assets/Editor--AVOgcEK.js s=200 d=77µs s=13498
INF http m=GET p=/index.html s=200 d=32µs s=532
INF http m=GET p=/assets/AdminDashboard-R0heLGro.css s=200 d=50µs s=601
INF http m=GET p=/icon.svg s=200 d=23µs s=195
INF http m=GET p=/icon-512.png s=200 d=89µs s=6498
INF http m=GET p=/assets/AdminDashboard-Cfrr1YY_.js s=200 d=57µs s=2075
INF http m=GET p=/manifest.webmanifest s=200 d=48µs s=199
INF http m=GET p=/icon-192.png s=200 d=34µs s=2468
INF http m=POST p=/api/v1/organizations/43L9T6S98000/workspaces s=200 d=426ms s=300
INF http m=GET p=/favicon.png s=200 d=35µs s=449
INF http m=GET p=/apple-touch-icon.png s=200 d=69µs s=2298
INF http m=POST p=/api/v1/organizations s=200 d=79.6ms s=360
INF http m=GET p=/api/v1/auth/me s=200 d=877µs s=259
INF http m=GET p=/assets/material-symbols-names-Dyx5m6Tf.js s=200 d=109µs s=15412
INF http m=POST p=/api/v1/auth/switch-workspace s=200 d=41.2ms s=613
INF http m=GET p=/api/v1/notifications/unread-count s=200 d=187µs s=25
INF http m=GET p=/assets/fr-CgauyyXq.js s=200 d=74µs s=6301
INF http m=GET p=/api/v1/workspaces/43L9T7DKQ000/nodes/0/children s=200 d=316µs s=26
INF http m=GET p=/api/v1/workspaces/43L9T7DKQ000/members s=200 d=1.33ms s=126
INF http m=GET p=/assets/es-DHO8DnB9.js s=200 d=432µs s=6015
INF http m=GET p=/assets/emoji-groups-BpL1N8nI.js s=200 d=127µs s=13798
INF http m=GET p=/assets/de-qJeflSp6.js s=200 d=81µs s=6245
INF http m=GET p=/assets/WorkspaceSettingsPanel-CeaO382V.css s=200 d=34µs s=1021
INF http m=GET p=/assets/WorkspaceSettingsPanel-C0CeQhf8.js s=200 d=68µs s=4456
INF http m=GET p=/assets/ServerSettingsPanel-DsIxlWdC.css s=200 d=26µs s=593
INF http m=GET p=/assets/ServerSettingsPanel-Cmq42vr7.js s=200 d=45µs s=2538
INF http m=GET p=/assets/ResourceQuotaForm-Coc__0PE.js s=200 d=29µs s=813
INF http m=GET p=/assets/ResourceQuotaForm-AxNe1Ebg.css s=200 d=30µs s=302
INF http m=GET p=/assets/ProfileSettings-kJBJbTIc.css s=200 d=47µs s=1220
INF http m=GET p=/assets/ProfileSettings-HAdAXUp2.js s=200 d=72µs s=4325
INF http m=GET p=/assets/OrgSettingsPanel-CEubhZUp.css s=200 d=35µs s=509
INF http m=GET p=/assets/OrgSettingsPanel-B6q-g6eD.js s=200 d=46µs s=2306
INF http m=GET p=/assets/InviteForm-fXZCo6g3.js s=200 d=29µs s=1267
INF http m=GET p=/assets/InviteForm-CW-wgFWD.css s=200 d=31µs s=414
INF http m=GET p=/assets/Editor-CO3i7Yl7.css s=200 d=39µs s=2237
INF http m=GET p=/assets/Editor--AVOgcEK.js s=200 d=62µs s=13498
INF http m=GET p=/assets/AdminDashboard-R0heLGro.css s=200 d=32µs s=601
INF http m=GET p=/assets/AdminDashboard-Cfrr1YY_.js s=200 d=43µs s=2075
INF http m=GET p=/manifest.webmanifest s=200 d=29µs s=199
INF http m=POST p=/api/v1/organizations/43L9T9KNM000/workspaces s=200 d=230ms s=308
INF http m=POST p=/api/v1/workspaces/43L9T7DKQ000/nodes/0/page/create s=200 d=153ms s=35
INF http m=GET p=/api/v1/workspaces/43L9T7DKQ000/nodes/0/children s=200 d=291µs s=257
INF http m=GET p=/api/v1/workspaces/43L9T7DKQ000/nodes/43L9TAMVI000 s=200 d=582µs s=245
INF http m=POST p=/api/v1/auth/switch-workspace s=200 d=30.1ms s=579
INF http m=GET p=/api/v1/notifications/unread-count s=200 d=472µs s=25
INF http m=GET p=/api/v1/workspaces/43L9TA6QA000/nodes/0/children s=200 d=1.17ms s=26
INF http m=GET p=/api/v1/workspaces/43L9TA6QA000/members s=200 d=8.11ms s=124
INF http m=POST p=/api/v1/workspaces/43L9TA6QA000/nodes/0/page/create s=200 d=18.7ms s=35
INF http m=GET p=/api/v1/workspaces/43L9TA6QA000/nodes/0/children s=200 d=275µs s=257
INF http m=GET p=/api/v1/workspaces/43L9TA6QA000/nodes/43L9TC2D0000 s=200 d=1.86ms s=245
INF http m=POST p=/api/v1/workspaces/43L9TA6QA000/nodes/0/page/create s=200 d=19.4ms s=26
INF http m=GET p=/w/@43L9TA6QA000+workspace/@43L9TC2D0000+welcome s=200 d=39µs s=532
INF http m=GET p=/api/v1/workspaces/43L9TA6QA000/events s=200 d=102ms s=232
INF http m=GET p=/api/v1/auth/me s=200 d=216µs s=361
INF http m=POST p=/api/v1/workspaces/43L9T7DKQ000/nodes/0/page/create s=200 d=24.2ms s=26
INF http m=GET p=/w/@43L9T7DKQ000+workspace/@43L9TAMVI000+welcome s=200 d=40µs s=532
INF http m=GET p=/api/v1/workspaces/43L9T7DKQ000/events s=200 d=365ms s=234
INF http m=GET p=/api/v1/workspaces/43L9TA6QA000/nodes/43L9TC2D0000 s=200 d=315µs s=245
INF http m=GET p=/api/v1/workspaces/43L9TA6QA000/members s=200 d=152µs s=124
INF http m=GET p=/api/v1/notifications/unread-count s=200 d=177µs s=25
INF http m=GET p=/api/v1/workspaces/43L9TA6QA000/nodes/0/children s=200 d=894µs s=335
INF http m=GET p=/api/v1/auth/me s=200 d=635µs s=351
INF http m=GET p=/api/v1/notifications/unread-count s=200 d=613µs s=25
INF http m=GET p=/api/v1/workspaces/43L9TA6QA000/nodes/43L9TCCFK000 s=200 d=1.92ms s=240
INF http m=GET p=/api/v1/workspaces/43L9T7DKQ000/nodes/43L9TAMVI000 s=200 d=3.76ms s=245
INF http m=GET p=/api/v1/workspaces/43L9T7DKQ000/members s=200 d=3.95ms s=126
INF http m=GET p=/api/v1/workspaces/43L9T7DKQ000/nodes/0/children s=200 d=4.1ms s=333
INF http m=GET p=/api/v1/workspaces/43L9T7DKQ000/nodes/43L9TCLSG000 s=200 d=335µs s=296
INF http m=GET p=/api/v1/workspaces/43L9T7DKQ000/events s=200 d=192ms s=93
INF http m=POST p=/api/v1/auth/register s=200 d=127ms s=445
INF http m=GET p=/ s=200 d=55µs s=532
INF http m=GET p=/assets/index-D8rN_C6i.js s=200 d=154µs s=49782
INF http m=GET p=/registerSW.js s=200 d=31µs s=87
INF http m=GET p=/assets/index-BppjCDFJ.css s=200 d=95µs s=12398
INF http m=GET p=/assets/editor-vendor-DXykusy4.js s=200 d=140µs s=95952
INF http m=GET p=/assets/vendor-Dz6kinLD.js s=200 d=123µs s=27873
INF http m=GET p=/api/v1/workspaces/43L9TA6QA000/events s=200 d=624ms s=93
INF http m=GET p=/assets/en-BOb8f2G7.js s=200 d=99µs s=5207
INF http m=GET p=/api/v1/auth/me s=200 d=268µs s=175
INF http m=GET p=/api/v1/notifications/unread-count s=200 d=184µs s=25
INF http m=GET p=/favicon.png s=200 d=40µs s=449
INF http m=GET p=/sw.js s=200 d=80µs s=5541
INF http m=POST p=/api/v1/organizations s=200 d=99.8ms s=360
INF http m=GET p=/registerSW.js s=200 d=37µs s=87
INF http m=GET p=/api/v1/auth/me s=200 d=223µs s=259
INF http m=GET p=/index.html s=200 d=38µs s=532
INF http m=GET p=/icon.svg s=200 d=65µs s=195
INF http m=GET p=/icon-512.png s=200 d=79µs s=6498
INF http m=GET p=/icon-192.png s=200 d=62µs s=2468
INF http m=GET p=/favicon.png s=200 d=32µs s=449
INF http m=GET p=/apple-touch-icon.png s=200 d=49µs s=2298
INF http m=GET p=/assets/material-symbols-names-Dyx5m6Tf.js s=200 d=90µs s=15412
INF http m=GET p=/assets/fr-CgauyyXq.js s=200 d=80µs s=6301
INF http m=GET p=/assets/es-DHO8DnB9.js s=200 d=81µs s=6015
INF http m=GET p=/assets/emoji-groups-BpL1N8nI.js s=200 d=96µs s=13798
INF http m=GET p=/assets/de-qJeflSp6.js s=200 d=82µs s=6245
INF http m=GET p=/assets/WorkspaceSettingsPanel-CeaO382V.css s=200 d=40µs s=1021
INF http m=GET p=/assets/WorkspaceSettingsPanel-C0CeQhf8.js s=200 d=78µs s=4456
INF http m=GET p=/assets/ServerSettingsPanel-DsIxlWdC.css s=200 d=36µs s=593
INF http m=GET p=/assets/ServerSettingsPanel-Cmq42vr7.js s=200 d=47µs s=2538
INF http m=GET p=/assets/ResourceQuotaForm-Coc__0PE.js s=200 d=34µs s=813
INF http m=GET p=/assets/ResourceQuotaForm-AxNe1Ebg.css s=200 d=28µs s=302
INF http m=GET p=/assets/ProfileSettings-kJBJbTIc.css s=200 d=38µs s=1220
INF http m=GET p=/assets/ProfileSettings-HAdAXUp2.js s=200 d=66µs s=4325
INF http m=GET p=/assets/OrgSettingsPanel-CEubhZUp.css s=200 d=34µs s=509
INF http m=GET p=/assets/OrgSettingsPanel-B6q-g6eD.js s=200 d=42µs s=2306
INF http m=GET p=/assets/InviteForm-fXZCo6g3.js s=200 d=31µs s=1267
INF http m=GET p=/assets/InviteForm-CW-wgFWD.css s=200 d=28µs s=414
INF http m=GET p=/assets/Editor-CO3i7Yl7.css s=200 d=47µs s=2237
INF http m=GET p=/assets/Editor--AVOgcEK.js s=200 d=86µs s=13498
INF http m=GET p=/assets/AdminDashboard-R0heLGro.css s=200 d=44µs s=601
INF http m=GET p=/assets/AdminDashboard-Cfrr1YY_.js s=200 d=43µs s=2075
INF http m=GET p=/manifest.webmanifest s=200 d=31µs s=199
INF http m=POST p=/api/v1/organizations/43L9THQHO000/workspaces s=200 d=354ms s=309
INF http m=POST p=/api/v1/auth/register s=200 d=358ms s=413
INF http m=GET p=/ s=200 d=64µs s=532
INF http m=POST p=/api/v1/auth/switch-workspace s=200 d=31.9ms s=621
INF http m=GET p=/assets/index-D8rN_C6i.js s=200 d=165µs s=49782
INF http m=GET p=/assets/index-BppjCDFJ.css s=200 d=350µs s=12398
INF http m=GET p=/assets/editor-vendor-DXykusy4.js s=200 d=230µs s=95952
INF http m=GET p=/api/v1/notifications/unread-count s=200 d=166µs s=25
INF http m=GET p=/api/v1/workspaces/43L9TIGJK000/members s=200 d=159µs s=126
INF http m=GET p=/api/v1/workspaces/43L9TIGJK000/nodes/0/children s=200 d=314µs s=26
INF http m=GET p=/assets/vendor-Dz6kinLD.js s=200 d=127µs s=27873
INF http m=GET p=/registerSW.js s=200 d=37µs s=87
INF http m=POST p=/api/v1/workspaces/43L9TIGJK000/nodes/0/page/create s=200 d=46.5ms s=35
INF http m=GET p=/api/v1/workspaces/43L9TIGJK000/nodes/0/children s=200 d=326µs s=257
INF http m=GET p=/api/v1/workspaces/43L9TIGJK000/nodes/43L9TL816000 s=200 d=325µs s=245
INF http m=GET p=/api/v1/auth/me s=200 d=276µs s=172
INF http m=GET p=/assets/en-BOb8f2G7.js s=200 d=105µs s=5207
INF http m=GET p=/api/v1/notifications/unread-count s=200 d=204µs s=25
INF http m=GET p=/favicon.png s=200 d=36µs s=449
INF http m=GET p=/sw.js s=200 d=122µs s=5541
INF http m=POST p=/api/v1/organizations s=200 d=36.9ms s=358
INF http m=GET p=/registerSW.js s=200 d=36µs s=87
INF http m=GET p=/api/v1/auth/me s=200 d=1.66ms s=259
INF http m=GET p=/index.html s=200 d=34µs s=532
INF http m=GET p=/icon.svg s=200 d=64µs s=195
INF http m=GET p=/icon-512.png s=200 d=111µs s=6498
INF http m=GET p=/icon-192.png s=200 d=40µs s=2468
INF http m=GET p=/favicon.png s=200 d=31µs s=449
INF http m=GET p=/apple-touch-icon.png s=200 d=87µs s=2298
INF http m=GET p=/assets/material-symbols-names-Dyx5m6Tf.js s=200 d=104µs s=15412
INF http m=GET p=/assets/fr-CgauyyXq.js s=200 d=85µs s=6301
INF http m=GET p=/assets/es-DHO8DnB9.js s=200 d=69µs s=6015
INF http m=GET p=/assets/emoji-groups-BpL1N8nI.js s=200 d=88µs s=13798
INF http m=GET p=/assets/de-qJeflSp6.js s=200 d=94µs s=6245
INF http m=GET p=/assets/WorkspaceSettingsPanel-CeaO382V.css s=200 d=39µs s=1021
INF http m=GET p=/assets/WorkspaceSettingsPanel-C0CeQhf8.js s=200 d=69µs s=4456
INF http m=GET p=/assets/ServerSettingsPanel-DsIxlWdC.css s=200 d=28µs s=593
INF http m=GET p=/assets/ServerSettingsPanel-Cmq42vr7.js s=200 d=46µs s=2538
INF http m=GET p=/assets/ResourceQuotaForm-Coc__0PE.js s=200 d=29µs s=813
INF http m=GET p=/assets/ResourceQuotaForm-AxNe1Ebg.css s=200 d=32µs s=302
INF http m=GET p=/assets/ProfileSettings-kJBJbTIc.css s=200 d=26µs s=1220
INF http m=GET p=/assets/ProfileSettings-HAdAXUp2.js s=200 d=56µs s=4325
INF http m=GET p=/assets/OrgSettingsPanel-CEubhZUp.css s=200 d=24µs s=509
INF http m=GET p=/assets/OrgSettingsPanel-B6q-g6eD.js s=200 d=29µs s=2306
INF http m=GET p=/assets/InviteForm-fXZCo6g3.js s=200 d=20µs s=1267
INF http m=GET p=/assets/InviteForm-CW-wgFWD.css s=200 d=27µs s=414
INF http m=GET p=/assets/Editor-CO3i7Yl7.css s=200 d=30µs s=2237
INF http m=GET p=/assets/Editor--AVOgcEK.js s=200 d=71µs s=13498
INF http m=GET p=/assets/AdminDashboard-R0heLGro.css s=200 d=23µs s=601
INF http m=GET p=/assets/AdminDashboard-Cfrr1YY_.js s=200 d=31µs s=2075
INF http m=GET p=/manifest.webmanifest s=200 d=26µs s=199
INF http m=POST p=/api/v1/organizations/43L9TLVH8000/workspaces s=200 d=190ms s=304
INF http m=POST p=/api/v1/auth/switch-workspace s=200 d=18ms s=572
INF http m=GET p=/api/v1/notifications/unread-count s=200 d=161µs s=25
INF http m=GET p=/api/v1/workspaces/43L9TM9HO000/nodes/0/children s=200 d=797µs s=26
INF http m=GET p=/api/v1/workspaces/43L9TM9HO000/members s=200 d=227µs s=128
INF http m=POST p=/api/v1/workspaces/43L9TIGJK000/nodes/0/page/create s=200 d=27.4ms s=26
INF http m=POST p=/api/v1/workspaces/43L9TM9HO000/nodes/0/page/create s=200 d=27.6ms s=35
INF http m=GET p=/w/@43L9TIGJK000+workspace/@43L9TL816000+welcome s=200 d=39µs s=532
INF http m=GET p=/api/v1/workspaces/43L9TIGJK000/events s=200 d=444ms s=229
INF http m=GET p=/api/v1/workspaces/43L9TM9HO000/nodes/0/children s=200 d=310µs s=257
INF http m=GET p=/api/v1/workspaces/43L9TM9HO000/nodes/43L9TNMK6000 s=200 d=336µs s=245
INF http m=GET p=/api/v1/auth/me s=200 d=402µs s=362
INF http m=GET p=/api/v1/workspaces/43L9TIGJK000/members s=200 d=253µs s=126
INF http m=GET p=/api/v1/workspaces/43L9TIGJK000/nodes/0/children s=200 d=338µs s=337
INF http m=GET p=/api/v1/notifications/unread-count s=200 d=140µs s=25
INF http m=GET p=/api/v1/workspaces/43L9TIGJK000/nodes/43L9TL816000 s=200 d=914µs s=245
INF http m=POST p=/api/v1/workspaces/43L9TM9HO000/nodes/0/page/create s=200 d=28.8ms s=26
INF http m=GET p=/w/@43L9TM9HO000+workspace/@43L9TNMK6000+welcome s=200 d=31µs s=532
INF http m=GET p=/api/v1/workspaces/43L9TM9HO000/events s=200 d=171ms s=234
INF http m=GET p=/api/v1/workspaces/43L9TIGJK000/nodes/43L9TNKE6000 s=200 d=1.91ms s=230
INF http m=GET p=/api/v1/auth/me s=200 d=318µs s=360
INF http m=GET p=/api/v1/notifications/unread-count s=200 d=207µs s=25
INF http m=GET p=/api/v1/workspaces/43L9TM9HO000/nodes/0/children s=200 d=352µs s=252
INF http m=GET p=/api/v1/workspaces/43L9TM9HO000/members s=200 d=169µs s=128
INF http m=GET p=/api/v1/workspaces/43L9TM9HO000/nodes/43L9TNMK6000 s=200 d=230µs s=245
INF http m=GET p=/api/v1/workspaces/43L9TM9HO000/nodes/43L9TOG14000 s=200 d=317µs s=171
INF http m=GET p=/api/v1/workspaces/43L9TIGJK000/events s=200 d=256ms s=93
INF http m=GET p=/api/v1/workspaces/43L9TM9HO000/events s=200 d=373ms s=93
INF http m=POST p=/api/v1/auth/register s=200 d=148ms s=414
INF http m=GET p=/ s=200 d=60µs s=532
INF http m=GET p=/assets/index-D8rN_C6i.js s=200 d=161µs s=49782
INF http m=GET p=/assets/index-BppjCDFJ.css s=200 d=107µs s=12398
INF http m=GET p=/assets/editor-vendor-DXykusy4.js s=200 d=164µs s=95952
INF http m=GET p=/assets/vendor-Dz6kinLD.js s=200 d=122µs s=27873
INF http m=GET p=/registerSW.js s=200 d=35µs s=87
INF http m=GET p=/api/v1/auth/me s=200 d=242µs s=170
INF http m=GET p=/assets/en-BOb8f2G7.js s=200 d=74µs s=5207
INF http m=GET p=/api/v1/notifications/unread-count s=200 d=183µs s=25
INF http m=GET p=/favicon.png s=200 d=34µs s=449
INF http m=GET p=/sw.js s=200 d=81µs s=5541
INF http m=POST p=/api/v1/organizations s=200 d=45.4ms s=354
INF http m=GET p=/api/v1/auth/me s=200 d=343µs s=254
INF http m=GET p=/registerSW.js s=200 d=45µs s=87
INF http m=GET p=/index.html s=200 d=34µs s=532
INF http m=GET p=/icon.svg s=200 d=37µs s=195
INF http m=GET p=/icon-512.png s=200 d=98µs s=6498
INF http m=GET p=/icon-192.png s=200 d=50µs s=2468
INF http m=GET p=/favicon.png s=200 d=96µs s=449
INF http m=GET p=/apple-touch-icon.png s=200 d=40µs s=2298
INF http m=POST p=/api/v1/auth/register s=200 d=170ms s=407
INF http m=GET p=/ s=200 d=52µs s=532
INF http m=GET p=/assets/material-symbols-names-Dyx5m6Tf.js s=200 d=2.81ms s=15412
INF http m=GET p=/assets/index-D8rN_C6i.js s=200 d=183µs s=49782
INF http m=GET p=/registerSW.js s=200 d=58µs s=87
INF http m=GET p=/assets/vendor-Dz6kinLD.js s=200 d=138µs s=27873
INF http m=GET p=/assets/index-BppjCDFJ.css s=200 d=127µs s=12398
INF http m=GET p=/assets/editor-vendor-DXykusy4.js s=200 d=167µs s=95952
INF http m=GET p=/assets/fr-CgauyyXq.js s=200 d=92µs s=6301
INF http m=GET p=/assets/es-DHO8DnB9.js s=200 d=111µs s=6015
INF http m=GET p=/assets/emoji-groups-BpL1N8nI.js s=200 d=149µs s=13798
INF http m=GET p=/api/v1/auth/me s=200 d=704µs s=170
INF http m=GET p=/assets/en-BOb8f2G7.js s=200 d=78µs s=5207
INF http m=GET p=/api/v1/notifications/unread-count s=200 d=263µs s=25
INF http m=GET p=/favicon.png s=200 d=42µs s=449
INF http m=GET p=/sw.js s=200 d=98µs s=5541
INF http m=GET p=/assets/de-qJeflSp6.js s=200 d=86µs s=6245
INF http m=GET p=/registerSW.js s=200 d=61µs s=87
INF http m=GET p=/assets/WorkspaceSettingsPanel-CeaO382V.css s=200 d=28µs s=1021
INF http m=GET p=/index.html s=200 d=25µs s=532
INF http m=GET p=/assets/WorkspaceSettingsPanel-C0CeQhf8.js s=200 d=77µs s=4456
INF http m=GET p=/icon.svg s=200 d=41µs s=195
INF http m=GET p=/assets/ServerSettingsPanel-DsIxlWdC.css s=200 d=37µs s=593
INF http m=GET p=/assets/ServerSettingsPanel-Cmq42vr7.js s=200 d=40µs s=2538
INF http m=GET p=/icon-512.png s=200 d=67µs s=6498
INF http m=GET p=/icon-192.png s=200 d=41µs s=2468
INF http m=GET p=/assets/ResourceQuotaForm-Coc__0PE.js s=200 d=28µs s=813
INF http m=GET p=/favicon.png s=200 d=31µs s=449
INF http m=GET p=/assets/ResourceQuotaForm-AxNe1Ebg.css s=200 d=36µs s=302
INF http m=GET p=/apple-touch-icon.png s=200 d=41µs s=2298
INF http m=GET p=/assets/ProfileSettings-kJBJbTIc.css s=200 d=40µs s=1220
INF http m=GET p=/assets/ProfileSettings-HAdAXUp2.js s=200 d=70µs s=4325
INF http m=GET p=/assets/material-symbols-names-Dyx5m6Tf.js s=200 d=87µs s=15412
INF http m=GET p=/assets/OrgSettingsPanel-CEubhZUp.css s=200 d=132µs s=509
INF http m=GET p=/assets/OrgSettingsPanel-B6q-g6eD.js s=200 d=56µs s=2306
INF http m=POST p=/api/v1/organizations/43L9TT8JM000/workspaces s=200 d=440ms s=299
INF http m=GET p=/assets/InviteForm-fXZCo6g3.js s=200 d=49µs s=1267
INF http m=GET p=/assets/InviteForm-CW-wgFWD.css s=200 d=67µs s=414
INF http m=GET p=/assets/fr-CgauyyXq.js s=200 d=674µs s=6301
INF http m=GET p=/assets/Editor-CO3i7Yl7.css s=200 d=46µs s=2237
INF http m=GET p=/assets/es-DHO8DnB9.js s=200 d=67µs s=6015
INF http m=POST p=/api/v1/organizations s=200 d=191ms s=355
INF http m=GET p=/assets/Editor--AVOgcEK.js s=200 d=73µs s=13498
INF http m=GET p=/api/v1/auth/me s=200 d=773µs s=255
INF http m=GET p=/assets/emoji-groups-BpL1N8nI.js s=200 d=92µs s=13798
INF http m=POST p=/api/v1/auth/switch-workspace s=200 d=52.2ms s=566
INF http m=GET p=/assets/AdminDashboard-R0heLGro.css s=200 d=38µs s=601
INF http m=GET p=/assets/AdminDashboard-Cfrr1YY_.js s=200 d=74µs s=2075
INF http m=GET p=/manifest.webmanifest s=200 d=35µs s=199
INF http m=GET p=/api/v1/notifications/unread-count s=200 d=191µs s=25
INF http m=GET p=/api/v1/workspaces/43L9TTMM2000/nodes/0/children s=200 d=290µs s=26
INF http m=GET p=/assets/de-qJeflSp6.js s=200 d=218µs s=6245
INF http m=GET p=/api/v1/workspaces/43L9TTMM2000/members s=200 d=3.27ms s=120
INF http m=GET p=/assets/WorkspaceSettingsPanel-CeaO382V.css s=200 d=66µs s=1021
INF http m=GET p=/assets/WorkspaceSettingsPanel-C0CeQhf8.js s=200 d=139µs s=4456
INF http m=GET p=/assets/ServerSettingsPanel-DsIxlWdC.css s=200 d=39µs s=593
INF http m=GET p=/assets/ServerSettingsPanel-Cmq42vr7.js s=200 d=324µs s=2538
INF http m=GET p=/assets/ResourceQuotaForm-Coc__0PE.js s=200 d=39µs s=813
INF http m=GET p=/assets/ResourceQuotaForm-AxNe1Ebg.css s=200 d=34µs s=302
INF http m=GET p=/assets/ProfileSettings-kJBJbTIc.css s=200 d=33µs s=1220
INF http m=GET p=/assets/ProfileSettings-HAdAXUp2.js s=200 d=70µs s=4325
INF http m=GET p=/assets/OrgSettingsPanel-CEubhZUp.css s=200 d=25µs s=509
INF http m=GET p=/assets/OrgSettingsPanel-B6q-g6eD.js s=200 d=37µs s=2306
INF http m=GET p=/assets/InviteForm-fXZCo6g3.js s=200 d=42µs s=1267
INF http m=GET p=/assets/InviteForm-CW-wgFWD.css s=200 d=35µs s=414
INF http m=GET p=/assets/Editor-CO3i7Yl7.css s=200 d=42µs s=2237
INF http m=GET p=/assets/Editor--AVOgcEK.js s=200 d=76µs s=13498
INF http m=GET p=/assets/AdminDashboard-R0heLGro.css s=200 d=38µs s=601
INF http m=GET p=/assets/AdminDashboard-Cfrr1YY_.js s=200 d=42µs s=2075
INF http m=GET p=/manifest.webmanifest s=200 d=31µs s=199
INF http m=POST p=/api/v1/organizations/43L9TVEUE000/workspaces s=200 d=252ms s=303
INF http m=POST p=/api/v1/workspaces/43L9TTMM2000/nodes/0/page/create s=200 d=187ms s=35
INF http m=GET p=/api/v1/workspaces/43L9TTMM2000/nodes/0/children s=200 d=229µs s=257
INF http m=GET p=/api/v1/workspaces/43L9TTMM2000/nodes/43L9U14SM000 s=200 d=261µs s=245
INF http m=POST p=/api/v1/auth/switch-workspace s=200 d=30.8ms s=565
INF http m=GET p=/api/v1/workspaces/43L9U0N66000/nodes/0/children s=200 d=376µs s=26
INF http m=GET p=/api/v1/notifications/unread-count s=200 d=2.67ms s=25
INF http m=GET p=/api/v1/workspaces/43L9U0N66000/members s=200 d=5.27ms s=121
INF http m=POST p=/api/v1/workspaces/43L9U0N66000/nodes/0/page/create s=200 d=28ms s=35
INF http m=GET p=/api/v1/workspaces/43L9U0N66000/nodes/0/children s=200 d=471µs s=257
INF http m=GET p=/api/v1/workspaces/43L9U0N66000/nodes/43L9U2IQM000 s=200 d=220µs s=245
INF http m=POST p=/api/v1/workspaces/43L9TTMM2000/nodes/0/page/create s=200 d=16.4ms s=26
INF http m=GET p=/w/@43L9TTMM2000+workspace/@43L9U14SM000+welcome s=200 d=34µs s=532
INF http m=GET p=/api/v1/workspaces/43L9TTMM2000/events s=200 d=339ms s=241
INF http m=GET p=/api/v1/auth/me s=200 d=280µs s=355
INF http m=GET p=/api/v1/workspaces/43L9TTMM2000/nodes/0/children s=200 d=409µs s=271
INF http m=GET p=/api/v1/notifications/unread-count s=200 d=151µs s=25
INF http m=GET p=/api/v1/workspaces/43L9TTMM2000/members s=200 d=218µs s=120
INF http m=GET p=/api/v1/workspaces/43L9TTMM2000/nodes/43L9U14SM000 s=200 d=296µs s=245
INF http m=GET p=/api/v1/workspaces/43L9TTMM2000/nodes/43L9U30DA000 s=200 d=747µs s=158
INF http m=GET p=/api/v1/workspaces/43L9TTMM2000/events s=200 d=104ms s=93
INF http m=POST p=/api/v1/workspaces/43L9U0N66000/nodes/0/page/create s=200 d=24.6ms s=26
INF http m=GET p=/w/@43L9U0N66000+workspace/@43L9U2IQM000+welcome s=200 d=37µs s=532
INF http m=GET p=/api/v1/workspaces/43L9U0N66000/events s=200 d=486ms s=239
INF http m=POST p=/api/v1/auth/register s=200 d=132ms s=399
INF http m=GET p=/api/v1/auth/me s=200 d=983µs s=359
INF http m=GET p=/ s=200 d=61µs s=532
INF http m=GET p=/api/v1/notifications/unread-count s=200 d=190µs s=25
INF http m=GET p=/api/v1/workspaces/43L9U0N66000/members s=200 d=9.41ms s=121
INF http m=GET p=/api/v1/workspaces/43L9U0N66000/nodes/43L9U2IQM000 s=200 d=7.69ms s=245
INF http m=GET p=/assets/editor-vendor-DXykusy4.js s=200 d=189µs s=95952
INF http m=GET p=/assets/index-BppjCDFJ.css s=200 d=98µs s=12398
INF http m=GET p=/assets/index-D8rN_C6i.js s=200 d=115µs s=49782
INF http m=GET p=/registerSW.js s=200 d=29µs s=87
INF http m=GET p=/assets/vendor-Dz6kinLD.js s=200 d=15.5ms s=27873
INF http m=GET p=/api/v1/workspaces/43L9U0N66000/nodes/0/children s=200 d=25.2ms s=304
INF http m=GET p=/api/v1/workspaces/43L9U0N66000/nodes/43L9U57R0000 s=200 d=803µs s=198
INF http m=GET p=/assets/en-BOb8f2G7.js s=200 d=130µs s=5207
INF http m=GET p=/api/v1/auth/me s=200 d=5.12ms s=168
INF http m=GET p=/api/v1/notifications/unread-count s=200 d=247µs s=25
INF http m=GET p=/favicon.png s=200 d=38µs s=449
INF http m=GET p=/sw.js s=200 d=94µs s=5541
INF http m=GET p=/registerSW.js s=200 d=39µs s=87
INF http m=GET p=/index.html s=200 d=42µs s=532
INF http m=GET p=/icon.svg s=200 d=34µs s=195
INF http m=POST p=/api/v1/organizations s=200 d=72.2ms s=355
INF http m=GET p=/api/v1/auth/me s=200 d=669µs s=256
INF http m=GET p=/icon-512.png s=200 d=75µs s=6498
INF http m=GET p=/icon-192.png s=200 d=51µs s=2468
INF http m=GET p=/favicon.png s=200 d=33µs s=449
INF http m=GET p=/apple-touch-icon.png s=200 d=62µs s=2298
INF http m=GET p=/assets/material-symbols-names-Dyx5m6Tf.js s=200 d=93µs s=15412
INF http m=GET p=/api/v1/workspaces/43L9U0N66000/events s=200 d=285ms s=93
INF http m=GET p=/assets/fr-CgauyyXq.js s=200 d=102µs s=6301
INF http m=GET p=/assets/es-DHO8DnB9.js s=200 d=99µs s=6015
INF http m=GET p=/assets/emoji-groups-BpL1N8nI.js s=200 d=108µs s=13798
INF http m=GET p=/assets/de-qJeflSp6.js s=200 d=92µs s=6245
INF http m=GET p=/assets/WorkspaceSettingsPanel-CeaO382V.css s=200 d=49µs s=1021
INF http m=GET p=/assets/WorkspaceSettingsPanel-C0CeQhf8.js s=200 d=75µs s=4456
INF http m=GET p=/assets/ServerSettingsPanel-DsIxlWdC.css s=200 d=43µs s=593
INF http m=GET p=/assets/ServerSettingsPanel-Cmq42vr7.js s=200 d=67µs s=2538
INF http m=GET p=/assets/ResourceQuotaForm-Coc__0PE.js s=200 d=28µs s=813
INF http m=GET p=/assets/ResourceQuotaForm-AxNe1Ebg.css s=200 d=46µs s=302
INF http m=GET p=/assets/ProfileSettings-kJBJbTIc.css s=200 d=39µs s=1220
INF http m=GET p=/assets/ProfileSettings-HAdAXUp2.js s=200 d=107µs s=4325
INF http m=GET p=/assets/OrgSettingsPanel-CEubhZUp.css s=200 d=44µs s=509
INF http m=GET p=/assets/OrgSettingsPanel-B6q-g6eD.js s=200 d=57µs s=2306
INF http m=GET p=/assets/InviteForm-fXZCo6g3.js s=200 d=41µs s=1267
INF http m=GET p=/assets/InviteForm-CW-wgFWD.css s=200 d=48µs s=414
INF http m=GET p=/assets/Editor-CO3i7Yl7.css s=200 d=62µs s=2237
INF http m=GET p=/assets/Editor--AVOgcEK.js s=200 d=111µs s=13498
INF http m=GET p=/assets/AdminDashboard-R0heLGro.css s=200 d=52µs s=601
INF http m=GET p=/assets/AdminDashboard-Cfrr1YY_.js s=200 d=52µs s=2075
INF http m=GET p=/manifest.webmanifest s=200 d=31µs s=199
INF http m=POST p=/api/v1/organizations/43L9U74BQ000/workspaces s=200 d=412ms s=302
INF http m=POST p=/api/v1/auth/register s=200 d=140ms s=391
INF http m=POST p=/api/v1/auth/switch-workspace s=200 d=37.4ms s=579
INF http m=GET p=/ s=200 d=43µs s=532
INF http m=GET p=/api/v1/workspaces/43L9U7LAM000/nodes/0/children s=200 d=723µs s=26
INF http m=GET p=/assets/index-D8rN_C6i.js s=200 d=144µs s=49782
INF http m=GET p=/api/v1/notifications/unread-count s=200 d=22.1ms s=25
INF http m=GET p=/registerSW.js s=200 d=50µs s=87
INF http m=GET p=/assets/editor-vendor-DXykusy4.js s=200 d=146µs s=95952
INF http m=GET p=/assets/index-BppjCDFJ.css s=200 d=156µs s=12398
INF http m=GET p=/api/v1/workspaces/43L9U7LAM000/members s=200 d=18.4ms s=120
INF http m=GET p=/assets/vendor-Dz6kinLD.js s=200 d=16.7ms s=27873
INF http m=POST p=/api/v1/workspaces/43L9U7LAM000/nodes/0/page/create s=200 d=45.9ms s=35
INF http m=GET p=/api/v1/workspaces/43L9U7LAM000/nodes/0/children s=200 d=295µs s=257
INF http m=GET p=/api/v1/workspaces/43L9U7LAM000/nodes/43L9UAU1O000 s=200 d=736µs s=245
INF http m=GET p=/assets/en-BOb8f2G7.js s=200 d=163µs s=5207
INF http m=GET p=/api/v1/auth/me s=200 d=1ms s=165
INF http m=GET p=/api/v1/notifications/unread-count s=200 d=224µs s=25
INF http m=GET p=/favicon.png s=200 d=90µs s=449
INF http m=GET p=/sw.js s=200 d=129µs s=5541
INF http m=GET p=/registerSW.js s=200 d=37µs s=87
INF http m=POST p=/api/v1/organizations s=200 d=48.5ms s=350
INF http m=GET p=/api/v1/auth/me s=200 d=702µs s=250
INF http m=GET p=/index.html s=200 d=33µs s=532
INF http m=GET p=/icon.svg s=200 d=33µs s=195
INF http m=GET p=/icon-512.png s=200 d=156µs s=6498
INF http m=GET p=/icon-192.png s=200 d=38µs s=2468
INF http m=GET p=/favicon.png s=200 d=27µs s=449
INF http m=GET p=/apple-touch-icon.png s=200 d=48µs s=2298
INF http m=GET p=/assets/material-symbols-names-Dyx5m6Tf.js s=200 d=86µs s=15412
INF http m=GET p=/assets/fr-CgauyyXq.js s=200 d=84µs s=6301
INF http m=GET p=/assets/es-DHO8DnB9.js s=200 d=55µs s=6015
INF http m=GET p=/assets/emoji-groups-BpL1N8nI.js s=200 d=77µs s=13798
INF http m=GET p=/assets/de-qJeflSp6.js s=200 d=71µs s=6245
INF http m=GET p=/assets/WorkspaceSettingsPanel-CeaO382V.css s=200 d=30µs s=1021
INF http m=GET p=/assets/WorkspaceSettingsPanel-C0CeQhf8.js s=200 d=53µs s=4456
INF http m=GET p=/assets/ServerSettingsPanel-DsIxlWdC.css s=200 d=28µs s=593
INF http m=GET p=/assets/ServerSettingsPanel-Cmq42vr7.js s=200 d=40µs s=2538
INF http m=GET p=/assets/ResourceQuotaForm-Coc__0PE.js s=200 d=37µs s=813
INF http m=GET p=/assets/ResourceQuotaForm-AxNe1Ebg.css s=200 d=30µs s=302
INF http m=GET p=/assets/ProfileSettings-kJBJbTIc.css s=200 d=27µs s=1220
INF http m=GET p=/assets/ProfileSettings-HAdAXUp2.js s=200 d=57µs s=4325
INF http m=GET p=/assets/OrgSettingsPanel-CEubhZUp.css s=200 d=28µs s=509
INF http m=GET p=/assets/OrgSettingsPanel-B6q-g6eD.js s=200 d=79µs s=2306
INF http m=GET p=/assets/InviteForm-fXZCo6g3.js s=200 d=24µs s=1267
INF http m=GET p=/assets/InviteForm-CW-wgFWD.css s=200 d=26µs s=414
INF http m=GET p=/assets/Editor-CO3i7Yl7.css s=200 d=31µs s=2237
INF http m=GET p=/assets/Editor--AVOgcEK.js s=200 d=71µs s=13498
INF http m=GET p=/assets/AdminDashboard-R0heLGro.css s=200 d=28µs s=601
INF http m=GET p=/assets/AdminDashboard-Cfrr1YY_.js s=200 d=36µs s=2075
INF http m=GET p=/manifest.webmanifest s=200 d=51µs s=199
INF http m=POST p=/api/v1/organizations/43L9UBO1K000/workspaces s=200 d=222ms s=300
INF http m=POST p=/api/v1/workspaces/43L9U7LAM000/nodes/0/page/create s=200 d=120ms s=26
INF http m=GET p=/w/@43L9U7LAM000+workspace/@43L9UAU1O000+welcome s=200 d=46µs s=532
INF http m=GET p=/api/v1/workspaces/43L9U7LAM000/events s=200 d=439ms s=236
INF http m=POST p=/api/v1/auth/switch-workspace s=200 d=30.9ms s=609
INF http m=GET p=/api/v1/notifications/unread-count s=200 d=1.39ms s=25
INF http m=GET p=/api/v1/workspaces/43L9UC3AI000/members s=200 d=678µs s=126
INF http m=GET p=/api/v1/workspaces/43L9UC3AI000/nodes/0/children s=200 d=564µs s=26
INF http m=GET p=/api/v1/auth/me s=200 d=382µs s=358
INF http m=POST p=/api/v1/workspaces/43L9UC3AI000/nodes/0/page/create s=200 d=21.8ms s=35
INF http m=GET p=/api/v1/workspaces/43L9UC3AI000/nodes/0/children s=200 d=338µs s=257
INF http m=GET p=/api/v1/notifications/unread-count s=200 d=144µs s=25
INF http m=GET p=/api/v1/workspaces/43L9U7LAM000/nodes/0/children s=200 d=346µs s=265
INF http m=GET p=/api/v1/workspaces/43L9U7LAM000/members s=200 d=216µs s=120
INF http m=GET p=/api/v1/workspaces/43L9U7LAM000/nodes/43L9UAU1O000 s=200 d=1.6ms s=245
INF http m=GET p=/api/v1/workspaces/43L9UC3AI000/nodes/43L9UDRVK000 s=200 d=8.86ms s=245
INF http m=GET p=/api/v1/workspaces/43L9U7LAM000/nodes/43L9UCO5S000 s=200 d=314µs s=157
INF http m=POST p=/api/v1/workspaces/43L9UC3AI000/nodes/0/page/create s=200 d=19.7ms s=26
INF http m=GET p=/w/@43L9UC3AI000+workspace/@43L9UDRVK000+welcome s=200 d=44µs s=532
INF http m=GET p=/api/v1/workspaces/43L9UC3AI000/events s=200 d=133ms s=236
INF http m=GET p=/api/v1/auth/me s=200 d=269µs s=350
INF http m=GET p=/api/v1/notifications/unread-count s=200 d=294µs s=25
INF http m=GET p=/api/v1/workspaces/43L9UC3AI000/nodes/0/children s=200 d=389µs s=232
INF http m=GET p=/api/v1/workspaces/43L9UC3AI000/members s=200 d=602µs s=126
INF http m=GET p=/api/v1/workspaces/43L9UC3AI000/nodes/43L9UDRVK000 s=200 d=239µs s=245
INF http m=GET p=/api/v1/workspaces/43L9U7LAM000/events s=200 d=213ms s=93
INF http m=GET p=/api/v1/workspaces/43L9UC3AI000/nodes/43L9UEC30000 s=200 d=348µs s=133
INF http m=GET p=/api/v1/workspaces/43L9UC3AI000/events s=200 d=297ms s=93
INF http m=POST p=/api/v1/auth/register s=200 d=203ms s=382
INF http m=GET p=/ s=200 d=62µs s=532
INF http m=GET p=/assets/index-D8rN_C6i.js s=200 d=157µs s=49782
INF http m=GET p=/assets/index-BppjCDFJ.css s=200 d=162µs s=12398
INF http m=GET p=/assets/editor-vendor-DXykusy4.js s=200 d=169µs s=95952
INF http m=GET p=/registerSW.js s=200 d=49µs s=87
INF http m=GET p=/assets/vendor-Dz6kinLD.js s=200 d=111µs s=27873
INF http m=GET p=/api/v1/auth/me s=200 d=241µs s=165
INF http m=GET p=/assets/en-BOb8f2G7.js s=200 d=79µs s=5207
INF http m=GET p=/sw.js s=200 d=87µs s=5541
INF http m=GET p=/api/v1/notifications/unread-count s=200 d=180µs s=25
INF http m=GET p=/favicon.png s=200 d=37µs s=449
INF http m=GET p=/registerSW.js s=200 d=43µs s=87
INF http m=GET p=/index.html s=200 d=66µs s=532
INF http m=POST p=/api/v1/organizations s=200 d=54.4ms s=350
INF http m=POST p=/api/v1/auth/register s=200 d=204ms s=383
INF http m=GET p=/icon.svg s=200 d=37µs s=195
INF http m=GET p=/api/v1/auth/me s=200 d=618µs s=251
INF http m=GET p=/ s=200 d=51µs s=532
INF http m=GET p=/icon-512.png s=200 d=72µs s=6498
INF http m=GET p=/icon-192.png s=200 d=65µs s=2468
INF http m=GET p=/assets/index-BppjCDFJ.css s=200 d=135µs s=12398
INF http m=GET p=/assets/editor-vendor-DXykusy4.js s=200 d=200µs s=95952
INF http m=GET p=/favicon.png s=200 d=18µs s=449
INF http m=GET p=/assets/index-D8rN_C6i.js s=200 d=134µs s=49782
INF http m=GET p=/assets/vendor-Dz6kinLD.js s=200 d=144µs s=27873
INF http m=GET p=/registerSW.js s=200 d=46µs s=87
INF http m=GET p=/apple-touch-icon.png s=200 d=50µs s=2298
INF http m=GET p=/assets/material-symbols-names-Dyx5m6Tf.js s=200 d=103µs s=15412
INF http m=GET p=/assets/fr-CgauyyXq.js s=200 d=150µs s=6301
INF http m=GET p=/assets/es-DHO8DnB9.js s=200 d=77µs s=6015
INF http m=GET p=/assets/en-BOb8f2G7.js s=200 d=91µs s=5207
INF http m=GET p=/api/v1/auth/me s=200 d=4.77ms s=163
INF http m=GET p=/assets/emoji-groups-BpL1N8nI.js s=200 d=115µs s=13798
INF http m=GET p=/api/v1/notifications/unread-count s=200 d=197µs s=25
INF http m=GET p=/favicon.png s=200 d=40µs s=449
INF http m=GET p=/sw.js s=200 d=84µs s=5541
INF http m=GET p=/assets/de-qJeflSp6.js s=200 d=106µs s=6245
INF http m=GET p=/assets/WorkspaceSettingsPanel-CeaO382V.css s=200 d=39µs s=1021
INF http m=GET p=/registerSW.js s=200 d=22µs s=87
INF http m=GET p=/assets/WorkspaceSettingsPanel-C0CeQhf8.js s=200 d=67µs s=4456
INF http m=GET p=/assets/ServerSettingsPanel-DsIxlWdC.css s=200 d=35µs s=593
INF http m=GET p=/index.html s=200 d=33µs s=532
INF http m=GET p=/assets/ServerSettingsPanel-Cmq42vr7.js s=200 d=52µs s=2538
INF http m=GET p=/icon.svg s=200 d=25µs s=195
INF http m=GET p=/assets/ResourceQuotaForm-Coc__0PE.js s=200 d=40µs s=813
INF http m=GET p=/icon-512.png s=200 d=75µs s=6498
INF http m=GET p=/assets/ResourceQuotaForm-AxNe1Ebg.css s=200 d=41µs s=302
INF http m=GET p=/icon-192.png s=200 d=36µs s=2468
INF http m=GET p=/assets/ProfileSettings-kJBJbTIc.css s=200 d=41µs s=1220
INF http m=GET p=/favicon.png s=200 d=36µs s=449
INF http m=GET p=/assets/ProfileSettings-HAdAXUp2.js s=200 d=86µs s=4325
INF http m=GET p=/apple-touch-icon.png s=200 d=50µs s=2298
INF http m=GET p=/assets/OrgSettingsPanel-CEubhZUp.css s=200 d=28µs s=509
INF http m=GET p=/assets/OrgSettingsPanel-B6q-g6eD.js s=200 d=86µs s=2306
INF http m=GET p=/assets/material-symbols-names-Dyx5m6Tf.js s=200 d=173µs s=15412
INF http m=GET p=/assets/InviteForm-fXZCo6g3.js s=200 d=26µs s=1267
INF http m=GET p=/assets/InviteForm-CW-wgFWD.css s=200 d=47µs s=414
INF http m=GET p=/assets/Editor-CO3i7Yl7.css s=200 d=42µs s=2237
INF http m=GET p=/assets/Editor--AVOgcEK.js s=200 d=95µs s=13498
INF http m=GET p=/assets/AdminDashboard-R0heLGro.css s=200 d=39µs s=601
INF http m=GET p=/assets/AdminDashboard-Cfrr1YY_.js s=200 d=46µs s=2075
INF http m=GET p=/manifest.webmanifest s=200 d=36µs s=199
INF http m=GET p=/assets/fr-CgauyyXq.js s=200 d=71µs s=6301
INF http m=GET p=/assets/es-DHO8DnB9.js s=200 d=134µs s=6015
INF http m=GET p=/assets/emoji-groups-BpL1N8nI.js s=200 d=98µs s=13798
INF http m=POST p=/api/v1/organizations/43L9UJA5A000/workspaces s=200 d=387ms s=297
INF http m=GET p=/assets/de-qJeflSp6.js s=200 d=108µs s=6245
INF http m=POST p=/api/v1/organizations s=200 d=243ms s=351
INF http m=GET p=/api/v1/auth/me s=200 d=2.81ms s=251
INF http m=POST p=/api/v1/auth/switch-workspace s=200 d=44ms s=607
INF http m=GET p=/assets/WorkspaceSettingsPanel-CeaO382V.css s=200 d=36µs s=1021
INF http m=GET p=/assets/WorkspaceSettingsPanel-C0CeQhf8.js s=200 d=78µs s=4456
INF http m=GET p=/assets/ServerSettingsPanel-DsIxlWdC.css s=200 d=30µs s=593
INF http m=GET p=/assets/ServerSettingsPanel-Cmq42vr7.js s=200 d=63µs s=2538
INF http m=GET p=/assets/ResourceQuotaForm-Coc__0PE.js s=200 d=37µs s=813
INF http m=GET p=/api/v1/workspaces/43L9UJOV0000/nodes/0/children s=200 d=3.04ms s=26
INF http m=GET p=/api/v1/workspaces/43L9UJOV0000/members s=200 d=242µs s=124
INF http m=GET p=/assets/ResourceQuotaForm-AxNe1Ebg.css s=200 d=26µs s=302
INF http m=GET p=/assets/ProfileSettings-kJBJbTIc.css s=200 d=36µs s=1220
INF http m=GET p=/api/v1/notifications/unread-count s=200 d=17.6ms s=25
INF http m=GET p=/assets/ProfileSettings-HAdAXUp2.js s=200 d=92µs s=4325
INF http m=GET p=/assets/OrgSettingsPanel-CEubhZUp.css s=200 d=41µs s=509
INF http m=GET p=/assets/OrgSettingsPanel-B6q-g6eD.js s=200 d=89µs s=2306
INF http m=GET p=/assets/InviteForm-fXZCo6g3.js s=200 d=42µs s=1267
INF http m=GET p=/assets/InviteForm-CW-wgFWD.css s=200 d=40µs s=414
INF http m=GET p=/assets/Editor-CO3i7Yl7.css s=200 d=44µs s=2237
INF http m=GET p=/assets/Editor--AVOgcEK.js s=200 d=83µs s=13498
INF http m=GET p=/assets/AdminDashboard-R0heLGro.css s=200 d=32µs s=601
INF http m=GET p=/assets/AdminDashboard-Cfrr1YY_.js s=200 d=44µs s=2075
INF http m=GET p=/manifest.webmanifest s=200 d=34µs s=199
INF http m=POST p=/api/v1/organizations/43L9UKSJG000/workspaces s=200 d=221ms s=300
INF http m=POST p=/api/v1/workspaces/43L9UJOV0000/nodes/0/page/create s=200 d=167ms s=35
INF http m=GET p=/api/v1/workspaces/43L9UJOV0000/nodes/0/children s=200 d=701µs s=257
INF http m=GET p=/api/v1/workspaces/43L9UJOV0000/nodes/43L9UMQHS000 s=200 d=662µs s=245
INF http m=POST p=/api/v1/auth/switch-workspace s=200 d=35.5ms s=556
INF http m=GET p=/api/v1/notifications/unread-count s=200 d=246µs s=25
INF http m=GET p=/api/v1/workspaces/43L9UMERQ000/nodes/0/children s=200 d=631µs s=26
INF http m=GET p=/api/v1/workspaces/43L9UMERQ000/members s=200 d=1.77ms s=120
INF http m=POST p=/api/v1/workspaces/43L9UMERQ000/nodes/0/page/create s=200 d=25.2ms s=35
INF http m=GET p=/api/v1/workspaces/43L9UMERQ000/nodes/0/children s=200 d=600µs s=257
INF http m=GET p=/api/v1/workspaces/43L9UMERQ000/nodes/43L9UO5EO000 s=200 d=617µs s=245
INF http m=POST p=/api/v1/workspaces/43L9UJOV0000/nodes/0/page/create s=200 d=20.9ms s=26
INF http m=GET p=/w/@43L9UJOV0000+workspace/@43L9UMQHS000+welcome s=200 d=39µs s=532
INF http m=GET p=/api/v1/workspaces/43L9UJOV0000/events s=200 d=397ms s=234
INF http m=GET p=/api/v1/auth/me s=200 d=748µs s=351
INF http m=GET p=/api/v1/notifications/unread-count s=200 d=270µs s=25
INF http m=GET p=/api/v1/workspaces/43L9UJOV0000/nodes/0/children s=200 d=1.02ms s=255
INF http m=GET p=/api/v1/workspaces/43L9UJOV0000/members s=200 d=546µs s=124
INF http m=GET p=/api/v1/workspaces/43L9UJOV0000/nodes/43L9UMQHS000 s=200 d=613µs s=245
INF http m=GET p=/api/v1/workspaces/43L9UJOV0000/nodes/43L9UP08E000 s=200 d=354µs s=173
INF http m=GET p=/api/v1/workspaces/43L9UJOV0000/events s=200 d=151ms s=93
INF http m=POST p=/api/v1/workspaces/43L9UMERQ000/nodes/0/page/create s=200 d=34.9ms s=26
INF http m=GET p=/w/@43L9UMERQ000+workspace/@43L9UO5EO000+welcome s=200 d=42µs s=532
INF http m=GET p=/api/v1/workspaces/43L9UMERQ000/events s=200 d=429ms s=238
INF http m=GET p=/api/v1/auth/me s=200 d=302µs s=355
INF http m=GET p=/api/v1/notifications/unread-count s=200 d=193µs s=25
INF http m=GET p=/api/v1/workspaces/43L9UMERQ000/nodes/0/children s=200 d=352µs s=241
INF http m=GET p=/api/v1/workspaces/43L9UMERQ000/members s=200 d=246µs s=120
INF http m=GET p=/api/v1/workspaces/43L9UMERQ000/nodes/43L9UO5EO000 s=200 d=2.72ms s=245
INF http m=POST p=/api/v1/auth/register s=200 d=117ms s=386
INF http m=GET p=/ s=200 d=61µs s=532
INF http m=GET p=/api/v1/workspaces/43L9UMERQ000/nodes/43L9UQFCG000 s=200 d=5.71ms s=137
INF http m=GET p=/assets/index-D8rN_C6i.js s=200 d=155µs s=49782
INF http m=GET p=/assets/index-BppjCDFJ.css s=200 d=186µs s=12398
INF http m=GET p=/assets/editor-vendor-DXykusy4.js s=200 d=191µs s=95952
INF http m=GET p=/registerSW.js s=200 d=44µs s=87
INF http m=GET p=/assets/vendor-Dz6kinLD.js s=200 d=155µs s=27873
INF http m=GET p=/api/v1/workspaces/43L9UMERQ000/events s=200 d=262ms s=93
INF http m=GET p=/assets/en-BOb8f2G7.js s=200 d=88µs s=5207
INF http m=GET p=/api/v1/auth/me s=200 d=236µs s=164
INF http m=GET p=/api/v1/notifications/unread-count s=200 d=165µs s=25
INF http m=GET p=/favicon.png s=200 d=37µs s=449
INF http m=GET p=/sw.js s=200 d=86µs s=5541
INF http m=POST p=/api/v1/organizations s=200 d=62.4ms s=351
INF http m=GET p=/registerSW.js s=200 d=35µs s=87
INF http m=GET p=/api/v1/auth/me s=200 d=254µs s=249
INF http m=GET p=/index.html s=200 d=33µs s=532
INF http m=GET p=/icon.svg s=200 d=33µs s=195
INF http m=GET p=/icon-512.png s=200 d=86µs s=6498
INF http m=GET p=/icon-192.png s=200 d=44µs s=2468
INF http m=GET p=/favicon.png s=200 d=45µs s=449
INF http m=GET p=/apple-touch-icon.png s=200 d=53µs s=2298
INF http m=GET p=/assets/material-symbols-names-Dyx5m6Tf.js s=200 d=124µs s=15412
INF http m=GET p=/assets/fr-CgauyyXq.js s=200 d=93µs s=6301
INF http m=GET p=/assets/es-DHO8DnB9.js s=200 d=92µs s=6015
INF http m=GET p=/assets/emoji-groups-BpL1N8nI.js s=200 d=105µs s=13798
INF http m=GET p=/assets/de-qJeflSp6.js s=200 d=96µs s=6245
INF http m=GET p=/assets/WorkspaceSettingsPanel-CeaO382V.css s=200 d=33µs s=1021
INF http m=GET p=/assets/WorkspaceSettingsPanel-C0CeQhf8.js s=200 d=78µs s=4456
INF http m=GET p=/assets/ServerSettingsPanel-DsIxlWdC.css s=200 d=38µs s=593
INF http m=GET p=/assets/ServerSettingsPanel-Cmq42vr7.js s=200 d=36µs s=2538
INF http m=GET p=/assets/ResourceQuotaForm-Coc__0PE.js s=200 d=53µs s=813
INF http m=GET p=/assets/ResourceQuotaForm-AxNe1Ebg.css s=200 d=34µs s=302
INF http m=GET p=/assets/ProfileSettings-kJBJbTIc.css s=200 d=42µs s=1220
INF http m=GET p=/assets/ProfileSettings-HAdAXUp2.js s=200 d=98µs s=4325
INF http m=GET p=/assets/OrgSettingsPanel-CEubhZUp.css s=200 d=32µs s=509
INF http m=GET p=/assets/OrgSettingsPanel-B6q-g6eD.js s=200 d=44µs s=2306
INF http m=GET p=/assets/InviteForm-fXZCo6g3.js s=200 d=63µs s=1267
INF http m=GET p=/assets/InviteForm-CW-wgFWD.css s=200 d=31µs s=414
INF http m=GET p=/assets/Editor-CO3i7Yl7.css s=200 d=49µs s=2237
INF http m=GET p=/assets/Editor--AVOgcEK.js s=200 d=94µs s=13498
INF http m=GET p=/assets/AdminDashboard-R0heLGro.css s=200 d=61µs s=601
INF http m=GET p=/assets/AdminDashboard-Cfrr1YY_.js s=200 d=47µs s=2075
INF http m=GET p=/manifest.webmanifest s=200 d=36µs s=199
INF http m=POST p=/api/v1/organizations/43L9UTKRE000/workspaces s=200 d=434ms s=299
INF http m=POST p=/api/v1/auth/register s=200 d=270ms s=388
INF http m=GET p=/ s=200 d=75µs s=532
INF http m=POST p=/api/v1/auth/switch-workspace s=200 d=54.9ms s=622
INF http m=GET p=/assets/index-D8rN_C6i.js s=200 d=163µs s=49782
INF http m=GET p=/assets/index-BppjCDFJ.css s=200 d=138µs s=12398
INF http m=GET p=/assets/editor-vendor-DXykusy4.js s=200 d=215µs s=95952
INF http m=GET p=/registerSW.js s=200 d=56µs s=87
INF http m=GET p=/assets/vendor-Dz6kinLD.js s=200 d=149µs s=27873
INF http m=GET p=/api/v1/notifications/unread-count s=200 d=309µs s=25
INF http m=GET p=/api/v1/workspaces/43L9UU40Q000/nodes/0/children s=200 d=311µs s=26
INF http m=GET p=/api/v1/workspaces/43L9UU40Q000/members s=200 d=13.3ms s=118
INF http m=POST p=/api/v1/workspaces/43L9UU40Q000/nodes/0/page/create s=200 d=42.5ms s=35
INF http m=GET p=/api/v1/workspaces/43L9UU40Q000/nodes/0/children s=200 d=730µs s=257
INF http m=GET p=/api/v1/auth/me s=200 d=553µs s=162
INF http m=GET p=/assets/en-BOb8f2G7.js s=200 d=106µs s=5207
INF http m=GET p=/api/v1/workspaces/43L9UU40Q000/nodes/43L9V1IDA000 s=200 d=680µs s=245
INF http m=GET p=/api/v1/notifications/unread-count s=200 d=197µs s=25
INF http m=GET p=/favicon.png s=200 d=39µs s=449
INF http m=GET p=/sw.js s=200 d=275µs s=5541
INF http m=POST p=/api/v1/organizations s=200 d=54.2ms s=349
INF http m=GET p=/api/v1/auth/me s=200 d=676µs s=250
INF http m=GET p=/registerSW.js s=200 d=62µs s=87
INF http m=GET p=/index.html s=200 d=38µs s=532
INF http m=GET p=/icon.svg s=200 d=35µs s=195
INF http m=GET p=/icon-512.png s=200 d=71µs s=6498
INF http m=GET p=/icon-192.png s=200 d=52µs s=2468
INF http m=GET p=/favicon.png s=200 d=23µs s=449
INF http m=GET p=/apple-touch-icon.png s=200 d=50µs s=2298
INF http m=GET p=/assets/material-symbols-names-Dyx5m6Tf.js s=200 d=127µs s=15412
INF http m=GET p=/assets/fr-CgauyyXq.js s=200 d=86µs s=6301
INF http m=GET p=/assets/es-DHO8DnB9.js s=200 d=75µs s=6015
INF http m=GET p=/assets/emoji-groups-BpL1N8nI.js s=200 d=161µs s=13798
INF http m=GET p=/assets/de-qJeflSp6.js s=200 d=88µs s=6245
INF http m=GET p=/assets/WorkspaceSettingsPanel-CeaO382V.css s=200 d=35µs s=1021
INF http m=GET p=/assets/WorkspaceSettingsPanel-C0CeQhf8.js s=200 d=83µs s=4456
INF http m=GET p=/assets/ServerSettingsPanel-DsIxlWdC.css s=200 d=27µs s=593
INF http m=GET p=/assets/ServerSettingsPanel-Cmq42vr7.js s=200 d=36µs s=2538
INF http m=GET p=/assets/ResourceQuotaForm-Coc__0PE.js s=200 d=39µs s=813
INF http m=GET p=/assets/ResourceQuotaForm-AxNe1Ebg.css s=200 d=33µs s=302
INF http m=GET p=/assets/ProfileSettings-kJBJbTIc.css s=200 d=34µs s=1220
INF http m=GET p=/assets/ProfileSettings-HAdAXUp2.js s=200 d=56µs s=4325
INF http m=GET p=/assets/OrgSettingsPanel-CEubhZUp.css s=200 d=28µs s=509
INF http m=GET p=/assets/OrgSettingsPanel-B6q-g6eD.js s=200 d=33µs s=2306
INF http m=GET p=/assets/InviteForm-fXZCo6g3.js s=200 d=79µs s=1267
INF http m=GET p=/assets/InviteForm-CW-wgFWD.css s=200 d=35µs s=414
INF http m=GET p=/assets/Editor-CO3i7Yl7.css s=200 d=49µs s=2237
INF http m=GET p=/assets/Editor--AVOgcEK.js s=200 d=96µs s=13498
INF http m=GET p=/assets/AdminDashboard-R0heLGro.css s=200 d=31µs s=601
INF http m=GET p=/assets/AdminDashboard-Cfrr1YY_.js s=200 d=42µs s=2075
INF http m=GET p=/manifest.webmanifest s=200 d=30µs s=199
INF http m=POST p=/api/v1/organizations/43L9V22MO000/workspaces s=200 d=223ms s=294
INF http m=POST p=/api/v1/workspaces/43L9UU40Q000/nodes/0/page/create s=200 d=81.2ms s=26
INF http m=GET p=/w/@43L9UU40Q000+workspace/@43L9V1IDA000+welcome s=200 d=44µs s=532
INF http m=GET p=/api/v1/workspaces/43L9UU40Q000/events s=200 d=394ms s=239
INF http m=POST p=/api/v1/auth/switch-workspace s=200 d=28.9ms s=553
INF http m=GET p=/api/v1/notifications/unread-count s=200 d=434µs s=25
INF http m=GET p=/api/v1/workspaces/43L9V2GFU000/nodes/0/children s=200 d=716µs s=26
INF http m=GET p=/api/v1/workspaces/43L9V2GFU000/members s=200 d=478µs s=114
INF http m=GET p=/api/v1/auth/me s=200 d=219µs s=349
INF http m=GET p=/api/v1/notifications/unread-count s=200 d=178µs s=25
INF http m=GET p=/api/v1/workspaces/43L9UU40Q000/nodes/0/children s=200 d=312µs s=265
INF http m=GET p=/api/v1/workspaces/43L9UU40Q000/members s=200 d=449µs s=118
INF http m=GET p=/api/v1/workspaces/43L9UU40Q000/nodes/43L9V1IDA000 s=200 d=1.27ms s=245
INF http m=POST p=/api/v1/workspaces/43L9V2GFU000/nodes/0/page/create s=200 d=26.9ms s=35
INF http m=GET p=/api/v1/workspaces/43L9V2GFU000/nodes/0/children s=200 d=301µs s=257
INF http m=GET p=/api/v1/workspaces/43L9V2GFU000/nodes/43L9V49IS000 s=200 d=961µs s=245
INF http m=GET p=/api/v1/workspaces/43L9UU40Q000/nodes/43L9V3CUU000 s=200 d=338µs s=188
INF http m=POST p=/api/v1/workspaces/43L9V2GFU000/nodes/0/page/create s=200 d=20.9ms s=26
INF http m=GET p=/w/@43L9V2GFU000+workspace/@43L9V49IS000+welcome s=200 d=42µs s=532
INF http m=GET p=/api/v1/workspaces/43L9V2GFU000/events s=200 d=142ms s=237
INF http m=GET p=/api/v1/auth/me s=200 d=523µs s=361
INF http m=GET p=/api/v1/workspaces/43L9UU40Q000/events s=200 d=164ms s=93
INF http m=GET p=/api/v1/workspaces/43L9V2GFU000/nodes/43L9V49IS000 s=200 d=794µs s=245
INF http m=GET p=/api/v1/workspaces/43L9V2GFU000/members s=200 d=1.5ms s=114
INF http m=GET p=/api/v1/notifications/unread-count s=200 d=174µs s=25
INF http m=GET p=/api/v1/workspaces/43L9V2GFU000/nodes/0/children s=200 d=2.83ms s=281
INF http m=GET p=/api/v1/workspaces/43L9V2GFU000/nodes/43L9V4RQA000 s=200 d=1.65ms s=185
INF http m=POST p=/api/v1/auth/register s=200 d=129ms s=397
INF http m=POST p=/api/v1/workspaces/43L9V2GFU000/nodes/0/page/create s=200 d=50ms s=26
INF http m=GET p=/ s=200 d=61µs s=532
INF http m=GET p=/w/@43L9V2GFU000+rt-hs-workspace/@43L9V4RQA000+round-trip s=200 d=45µs s=532
INF http m=GET p=/api/v1/workspaces/43L9V2GFU000/events s=200 d=318ms s=201
INF http m=GET p=/registerSW.js s=200 d=52µs s=87
INF http m=GET p=/assets/vendor-Dz6kinLD.js s=200 d=143µs s=27873
INF http m=GET p=/assets/index-D8rN_C6i.js s=200 d=115µs s=49782
INF http m=GET p=/assets/editor-vendor-DXykusy4.js s=200 d=138µs s=95952
INF http m=GET p=/assets/index-BppjCDFJ.css s=200 d=94µs s=12398
INF http m=GET p=/api/v1/auth/me s=200 d=275µs s=361
INF http m=GET p=/api/v1/notifications/unread-count s=200 d=182µs s=25
INF http m=GET p=/api/v1/workspaces/43L9V2GFU000/nodes/0/children s=200 d=370µs s=303
INF http m=GET p=/api/v1/workspaces/43L9V2GFU000/nodes/43L9V4RQA000 s=200 d=249µs s=185
INF http m=GET p=/api/v1/workspaces/43L9V2GFU000/members s=200 d=320µs s=114
INF http m=GET p=/api/v1/auth/me s=200 d=393µs s=160
INF http m=GET p=/assets/en-BOb8f2G7.js s=200 d=140µs s=5207
INF http m=GET p=/api/v1/notifications/unread-count s=200 d=173µs s=25
INF http m=GET p=/sw.js s=200 d=119µs s=5541
INF http m=GET p=/favicon.png s=200 d=44µs s=449
INF http m=GET p=/api/v1/workspaces/43L9V2GFU000/nodes/43L9V73F0000 s=200 d=281µs s=135
INF http m=GET p=/registerSW.js s=200 d=58µs s=87
INF http m=POST p=/api/v1/organizations s=200 d=63.1ms s=349
INF http m=GET p=/index.html s=200 d=72µs s=532
INF http m=GET p=/api/v1/auth/me s=200 d=263µs s=247
INF http m=GET p=/icon.svg s=200 d=52µs s=195
INF http m=GET p=/icon-512.png s=200 d=89µs s=6498
INF http m=GET p=/icon-192.png s=200 d=47µs s=2468
INF http m=GET p=/favicon.png s=200 d=37µs s=449
INF http m=GET p=/apple-touch-icon.png s=200 d=46µs s=2298
INF http m=GET p=/assets/material-symbols-names-Dyx5m6Tf.js s=200 d=112µs s=15412
INF http m=GET p=/assets/fr-CgauyyXq.js s=200 d=89µs s=6301
INF http m=GET p=/assets/es-DHO8DnB9.js s=200 d=67µs s=6015
INF http m=GET p=/assets/emoji-groups-BpL1N8nI.js s=200 d=101µs s=13798
INF http m=GET p=/api/v1/workspaces/43L9V2GFU000/events s=200 d=299ms s=93
INF http m=GET p=/assets/de-qJeflSp6.js s=200 d=103µs s=6245
INF http m=GET p=/assets/WorkspaceSettingsPanel-CeaO382V.css s=200 d=41µs s=1021
INF http m=GET p=/assets/WorkspaceSettingsPanel-C0CeQhf8.js s=200 d=70µs s=4456
INF http m=GET p=/assets/ServerSettingsPanel-DsIxlWdC.css s=200 d=42µs s=593
INF http m=GET p=/assets/ServerSettingsPanel-Cmq42vr7.js s=200 d=37µs s=2538
INF http m=GET p=/assets/ResourceQuotaForm-Coc__0PE.js s=200 d=31µs s=813
INF http m=GET p=/assets/ResourceQuotaForm-AxNe1Ebg.css s=200 d=48µs s=302
INF http m=GET p=/assets/ProfileSettings-kJBJbTIc.css s=200 d=31µs s=1220
INF http m=GET p=/assets/ProfileSettings-HAdAXUp2.js s=200 d=62µs s=4325
INF http m=GET p=/assets/OrgSettingsPanel-CEubhZUp.css s=200 d=39µs s=509
INF http m=GET p=/assets/OrgSettingsPanel-B6q-g6eD.js s=200 d=32µs s=2306
INF http m=GET p=/assets/InviteForm-fXZCo6g3.js s=200 d=29µs s=1267
INF http m=GET p=/assets/InviteForm-CW-wgFWD.css s=200 d=44µs s=414
INF http m=GET p=/assets/Editor-CO3i7Yl7.css s=200 d=63µs s=2237
INF http m=GET p=/assets/Editor--AVOgcEK.js s=200 d=103µs s=13498
INF http m=GET p=/assets/AdminDashboard-R0heLGro.css s=200 d=36µs s=601
INF http m=GET p=/assets/AdminDashboard-Cfrr1YY_.js s=200 d=60µs s=2075
INF http m=GET p=/manifest.webmanifest s=200 d=36µs s=199
INF http m=POST p=/api/v1/organizations/43L9V8N5K000/workspaces s=200 d=409ms s=297
INF http m=POST p=/api/v1/auth/switch-workspace s=200 d=42.7ms s=555
INF http m=GET p=/api/v1/notifications/unread-count s=200 d=175µs s=25
INF http m=GET p=/api/v1/workspaces/43L9V96UK000/nodes/0/children s=200 d=13.9ms s=26
INF http m=GET p=/api/v1/workspaces/43L9V96UK000/members s=200 d=17.8ms s=122
INF http m=POST p=/api/v1/auth/register s=200 d=156ms s=411
INF http m=POST p=/api/v1/workspaces/43L9V96UK000/nodes/0/page/create s=200 d=33.5ms s=35
INF http m=GET p=/ s=200 d=54µs s=532
INF http m=GET p=/api/v1/workspaces/43L9V96UK000/nodes/0/children s=200 d=1.79ms s=257
INF http m=GET p=/api/v1/workspaces/43L9V96UK000/nodes/43L9VCB06000 s=200 d=786µs s=245
INF http m=GET p=/assets/index-BppjCDFJ.css s=200 d=166µs s=12398
INF http m=GET p=/assets/index-D8rN_C6i.js s=200 d=180µs s=49782
INF http m=GET p=/assets/editor-vendor-DXykusy4.js s=200 d=169µs s=95952
INF http m=GET p=/assets/vendor-Dz6kinLD.js s=200 d=173µs s=27873
INF http m=GET p=/registerSW.js s=200 d=57µs s=87
INF http m=GET p=/api/v1/auth/me s=200 d=692µs s=174
INF http m=GET p=/assets/en-BOb8f2G7.js s=200 d=78µs s=5207
INF http m=GET p=/favicon.png s=200 d=52µs s=449
INF http m=GET p=/api/v1/notifications/unread-count s=200 d=211µs s=25
INF http m=GET p=/sw.js s=200 d=82µs s=5541
INF http m=POST p=/api/v1/organizations s=200 d=38.8ms s=361
INF http m=GET p=/api/v1/auth/me s=200 d=720µs s=261
INF http m=GET p=/registerSW.js s=200 d=24µs s=87
INF http m=GET p=/index.html s=200 d=37µs s=532
INF http m=GET p=/icon.svg s=200 d=37µs s=195
INF http m=GET p=/icon-512.png s=200 d=68µs s=6498
INF http m=GET p=/icon-192.png s=200 d=38µs s=2468
INF http m=GET p=/favicon.png s=200 d=43µs s=449
INF http m=GET p=/apple-touch-icon.png s=200 d=43µs s=2298
INF http m=GET p=/assets/material-symbols-names-Dyx5m6Tf.js s=200 d=119µs s=15412
INF http m=GET p=/assets/fr-CgauyyXq.js s=200 d=91µs s=6301
INF http m=GET p=/assets/es-DHO8DnB9.js s=200 d=99µs s=6015
INF http m=GET p=/assets/emoji-groups-BpL1N8nI.js s=200 d=150µs s=13798
INF http m=GET p=/assets/de-qJeflSp6.js s=200 d=91µs s=6245
INF http m=GET p=/assets/WorkspaceSettingsPanel-CeaO382V.css s=200 d=29µs s=1021
INF http m=GET p=/assets/WorkspaceSettingsPanel-C0CeQhf8.js s=200 d=403µs s=4456
INF http m=GET p=/assets/ServerSettingsPanel-DsIxlWdC.css s=200 d=32µs s=593
INF http m=GET p=/assets/ServerSettingsPanel-Cmq42vr7.js s=200 d=43µs s=2538
INF http m=GET p=/assets/ResourceQuotaForm-Coc__0PE.js s=200 d=23µs s=813
INF http m=GET p=/assets/ResourceQuotaForm-AxNe1Ebg.css s=200 d=32µs s=302
INF http m=GET p=/assets/ProfileSettings-kJBJbTIc.css s=200 d=33µs s=1220
INF http m=GET p=/assets/ProfileSettings-HAdAXUp2.js s=200 d=82µs s=4325
INF http m=GET p=/assets/OrgSettingsPanel-CEubhZUp.css s=200 d=24µs s=509
INF http m=GET p=/assets/OrgSettingsPanel-B6q-g6eD.js s=200 d=39µs s=2306
INF http m=GET p=/assets/InviteForm-fXZCo6g3.js s=200 d=29µs s=1267
INF http m=GET p=/assets/InviteForm-CW-wgFWD.css s=200 d=42µs s=414
INF http m=GET p=/assets/Editor-CO3i7Yl7.css s=200 d=43µs s=2237
INF http m=GET p=/assets/Editor--AVOgcEK.js s=200 d=86µs s=13498
INF http m=GET p=/assets/AdminDashboard-R0heLGro.css s=200 d=40µs s=601
INF http m=GET p=/assets/AdminDashboard-Cfrr1YY_.js s=200 d=42µs s=2075
INF http m=GET p=/manifest.webmanifest s=200 d=25µs s=199
INF http m=POST p=/api/v1/organizations/43L9VDMJ8000/workspaces s=200 d=233ms s=310
INF http m=POST p=/api/v1/workspaces/43L9V96UK000/nodes/0/page/create s=200 d=166ms s=26
INF http m=GET p=/w/@43L9V96UK000+workspace/@43L9VCB06000+welcome s=200 d=42µs s=532
INF http m=GET p=/api/v1/workspaces/43L9V96UK000/events s=200 d=543ms s=231
INF http m=POST p=/api/v1/auth/switch-workspace s=200 d=29.4ms s=655
INF http m=GET p=/api/v1/notifications/unread-count s=200 d=393µs s=25
INF http m=GET p=/api/v1/workspaces/43L9VDVMK000/nodes/0/children s=200 d=716µs s=26
INF http m=GET p=/api/v1/workspaces/43L9VDVMK000/members s=200 d=4.63ms s=126
INF http m=GET p=/api/v1/auth/me s=200 d=700µs s=346
INF http m=POST p=/api/v1/workspaces/43L9VDVMK000/nodes/0/page/create s=200 d=29.5ms s=35
INF http m=GET p=/api/v1/workspaces/43L9VDVMK000/nodes/0/children s=200 d=320µs s=257
INF http m=GET p=/api/v1/workspaces/43L9VDVMK000/nodes/43L9VFOJK000 s=200 d=312µs s=245
INF http m=GET p=/api/v1/notifications/unread-count s=200 d=480µs s=25
INF http m=GET p=/api/v1/workspaces/43L9V96UK000/nodes/0/children s=200 d=1.19ms s=235
INF http m=GET p=/api/v1/workspaces/43L9V96UK000/members s=200 d=352µs s=122
INF http m=GET p=/api/v1/workspaces/43L9V96UK000/nodes/43L9VCB06000 s=200 d=7.54ms s=245
INF http m=POST p=/api/v1/workspaces/43L9VDVMK000/nodes/0/page/create s=200 d=17.7ms s=26
INF http m=GET p=/api/v1/workspaces/43L9V96UK000/nodes/43L9VEDOG000 s=200 d=250µs s=136
INF http m=GET p=/w/@43L9VDVMK000+workspace/@43L9VFOJK000+welcome s=200 d=39µs s=532
INF http m=GET p=/api/v1/workspaces/43L9VDVMK000/events s=200 d=125ms s=233
INF http m=GET p=/api/v1/auth/me s=200 d=284µs s=364
INF http m=GET p=/api/v1/workspaces/43L9VDVMK000/members s=200 d=237µs s=126
INF http m=GET p=/api/v1/notifications/unread-count s=200 d=132µs s=25
INF http m=GET p=/api/v1/workspaces/43L9VDVMK000/nodes/0/children s=200 d=700µs s=260
INF http m=GET p=/api/v1/workspaces/43L9V96UK000/events s=200 d=152ms s=93
INF http m=GET p=/api/v1/workspaces/43L9VDVMK000/nodes/43L9VFOJK000 s=200 d=611µs s=245
INF http m=GET p=/api/v1/workspaces/43L9VDVMK000/nodes/43L9VGANG000 s=200 d=980µs s=149
INF http m=GET p=/api/v1/workspaces/43L9VDVMK000/events s=200 d=102ms s=93
INF http m=POST p=/api/v1/auth/register s=200 d=195ms s=404
INF http m=GET p=/ s=200 d=60µs s=532
INF http m=GET p=/assets/index-D8rN_C6i.js s=200 d=160µs s=49782
INF http m=GET p=/assets/editor-vendor-DXykusy4.js s=200 d=141µs s=95952
INF http m=GET p=/assets/index-BppjCDFJ.css s=200 d=79µs s=12398
INF http m=GET p=/assets/vendor-Dz6kinLD.js s=200 d=185µs s=27873
INF http m=GET p=/registerSW.js s=200 d=46µs s=87
INF http m=GET p=/api/v1/auth/me s=200 d=266µs s=173
INF http m=GET p=/assets/en-BOb8f2G7.js s=200 d=64µs s=5207
INF http m=POST p=/api/v1/auth/register s=200 d=266ms s=411
INF http m=GET p=/api/v1/notifications/unread-count s=200 d=193µs s=25
INF http m=GET p=/ s=200 d=69µs s=532
INF http m=GET p=/favicon.png s=200 d=26µs s=449
INF http m=GET p=/sw.js s=200 d=90µs s=5541
INF http m=POST p=/api/v1/organizations s=200 d=52.2ms s=358
INF http m=GET p=/api/v1/auth/me s=200 d=241µs s=259
INF http m=GET p=/assets/editor-vendor-DXykusy4.js s=200 d=147µs s=95952
INF http m=GET p=/assets/index-BppjCDFJ.css s=200 d=90µs s=12398
INF http m=GET p=/assets/index-D8rN_C6i.js s=200 d=1.03ms s=49782
INF http m=GET p=/assets/vendor-Dz6kinLD.js s=200 d=162µs s=27873
INF http m=GET p=/registerSW.js s=200 d=40µs s=87
INF http m=GET p=/registerSW.js s=200 d=40µs s=87
INF http m=GET p=/index.html s=200 d=39µs s=532
INF http m=GET p=/icon.svg s=200 d=36µs s=195
INF http m=GET p=/icon-512.png s=200 d=84µs s=6498
INF http m=GET p=/icon-192.png s=200 d=58µs s=2468
INF http m=GET p=/favicon.png s=200 d=113µs s=449
INF http m=GET p=/apple-touch-icon.png s=200 d=69µs s=2298
INF http m=GET p=/api/v1/auth/me s=200 d=245µs s=174
INF http m=GET p=/assets/en-BOb8f2G7.js s=200 d=461µs s=5207
INF http m=GET p=/assets/material-symbols-names-Dyx5m6Tf.js s=200 d=67µs s=15412
INF http m=GET p=/api/v1/notifications/unread-count s=200 d=196µs s=25
INF http m=GET p=/favicon.png s=200 d=39µs s=449
INF http m=GET p=/sw.js s=200 d=80µs s=5541
INF http m=GET p=/assets/fr-CgauyyXq.js s=200 d=72µs s=6301
INF http m=GET p=/assets/es-DHO8DnB9.js s=200 d=65µs s=6015
INF http m=GET p=/assets/emoji-groups-BpL1N8nI.js s=200 d=91µs s=13798
INF http m=GET p=/registerSW.js s=200 d=38µs s=87
INF http m=GET p=/index.html s=200 d=42µs s=532
INF http m=GET p=/icon.svg s=200 d=40µs s=195
INF http m=GET p=/icon-512.png s=200 d=67µs s=6498
INF http m=GET p=/icon-192.png s=200 d=54µs s=2468
INF http m=GET p=/favicon.png s=200 d=70µs s=449
INF http m=GET p=/apple-touch-icon.png s=200 d=47µs s=2298
INF http m=GET p=/assets/de-qJeflSp6.js s=200 d=77µs s=6245
INF http m=GET p=/assets/WorkspaceSettingsPanel-CeaO382V.css s=200 d=37µs s=1021
INF http m=GET p=/assets/WorkspaceSettingsPanel-C0CeQhf8.js s=200 d=64µs s=4456
INF http m=GET p=/assets/material-symbols-names-Dyx5m6Tf.js s=200 d=109µs s=15412
INF http m=GET p=/assets/ServerSettingsPanel-DsIxlWdC.css s=200 d=25µs s=593
INF http m=GET p=/assets/ServerSettingsPanel-Cmq42vr7.js s=200 d=30µs s=2538
INF http m=GET p=/assets/ResourceQuotaForm-Coc__0PE.js s=200 d=35µs s=813
INF http m=GET p=/assets/ResourceQuotaForm-AxNe1Ebg.css s=200 d=31µs s=302
INF http m=GET p=/assets/ProfileSettings-kJBJbTIc.css s=200 d=33µs s=1220
INF http m=GET p=/assets/fr-CgauyyXq.js s=200 d=72µs s=6301
INF http m=GET p=/assets/ProfileSettings-HAdAXUp2.js s=200 d=55µs s=4325
INF http m=GET p=/assets/OrgSettingsPanel-CEubhZUp.css s=200 d=34µs s=509
INF http m=GET p=/assets/es-DHO8DnB9.js s=200 d=41µs s=6015
INF http m=GET p=/assets/OrgSettingsPanel-B6q-g6eD.js s=200 d=33µs s=2306
INF http m=GET p=/assets/InviteForm-fXZCo6g3.js s=200 d=28µs s=1267
INF http m=GET p=/assets/InviteForm-CW-wgFWD.css s=200 d=43µs s=414
INF http m=GET p=/assets/emoji-groups-BpL1N8nI.js s=200 d=117µs s=13798
INF http m=GET p=/assets/Editor-CO3i7Yl7.css s=200 d=41µs s=2237
INF http m=GET p=/assets/Editor--AVOgcEK.js s=200 d=71µs s=13498
INF http m=GET p=/assets/AdminDashboard-R0heLGro.css s=200 d=39µs s=601
INF http m=GET p=/assets/AdminDashboard-Cfrr1YY_.js s=200 d=38µs s=2075
INF http m=GET p=/manifest.webmanifest s=200 d=128µs s=199
INF http m=GET p=/assets/de-qJeflSp6.js s=200 d=78µs s=6245
INF http m=GET p=/assets/WorkspaceSettingsPanel-CeaO382V.css s=200 d=28µs s=1021
INF http m=GET p=/assets/WorkspaceSettingsPanel-C0CeQhf8.js s=200 d=69µs s=4456
INF http m=GET p=/assets/ServerSettingsPanel-DsIxlWdC.css s=200 d=37µs s=593
INF http m=GET p=/assets/ServerSettingsPanel-Cmq42vr7.js s=200 d=47µs s=2538
INF http m=GET p=/assets/ResourceQuotaForm-Coc__0PE.js s=200 d=29µs s=813
INF http m=GET p=/assets/ResourceQuotaForm-AxNe1Ebg.css s=200 d=25µs s=302
INF http m=GET p=/assets/ProfileSettings-kJBJbTIc.css s=200 d=28µs s=1220
INF http m=GET p=/assets/ProfileSettings-HAdAXUp2.js s=200 d=57µs s=4325
INF http m=GET p=/assets/OrgSettingsPanel-CEubhZUp.css s=200 d=27µs s=509
INF http m=POST p=/api/v1/organizations/43L9VKSN6000/workspaces s=200 d=445ms s=307
INF http m=GET p=/assets/OrgSettingsPanel-B6q-g6eD.js s=200 d=41µs s=2306
INF http m=GET p=/assets/InviteForm-fXZCo6g3.js s=200 d=38µs s=1267
INF http m=POST p=/api/v1/organizations s=200 d=295ms s=361
INF http m=GET p=/api/v1/auth/me s=200 d=1.32ms s=262
INF http m=GET p=/assets/InviteForm-CW-wgFWD.css s=200 d=33µs s=414
INF http m=GET p=/assets/Editor-CO3i7Yl7.css s=200 d=37µs s=2237
INF http m=GET p=/assets/Editor--AVOgcEK.js s=200 d=70µs s=13498
INF http m=GET p=/assets/AdminDashboard-R0heLGro.css s=200 d=32µs s=601
INF http m=GET p=/assets/AdminDashboard-Cfrr1YY_.js s=200 d=55µs s=2075
INF http m=POST p=/api/v1/auth/switch-workspace s=200 d=54.2ms s=571
INF http m=GET p=/manifest.webmanifest s=200 d=35µs s=199
INF http m=GET p=/api/v1/workspaces/43L9VLBQS000/nodes/0/children s=200 d=356µs s=26
INF http m=GET p=/api/v1/notifications/unread-count s=200 d=5.27ms s=25
INF http m=GET p=/api/v1/workspaces/43L9VLBQS000/members s=200 d=217µs s=124
INF http m=POST p=/api/v1/organizations/43L9VMBRK000/workspaces s=200 d=264ms s=309
INF http m=POST p=/api/v1/workspaces/43L9VLBQS000/nodes/0/page/create s=200 d=178ms s=35
INF http m=GET p=/api/v1/workspaces/43L9VLBQS000/nodes/0/children s=200 d=692µs s=257
INF http m=GET p=/api/v1/workspaces/43L9VLBQS000/nodes/43L9VOQ1Q000 s=200 d=607µs s=245
INF http m=POST p=/api/v1/auth/switch-workspace s=200 d=34.9ms s=576
INF http m=GET p=/api/v1/notifications/unread-count s=200 d=191µs s=25
INF http m=GET p=/api/v1/workspaces/43L9VO80O000/members s=200 d=1.07ms s=126
INF http m=GET p=/api/v1/workspaces/43L9VO80O000/nodes/0/children s=200 d=3.97ms s=26
INF http m=POST p=/api/v1/workspaces/43L9VO80O000/nodes/0/page/create s=200 d=15.9ms s=35
INF http m=GET p=/api/v1/workspaces/43L9VO80O000/nodes/0/children s=200 d=491µs s=257
INF http m=GET p=/api/v1/workspaces/43L9VO80O000/nodes/43L9VQB6M000 s=200 d=655µs s=245
INF http m=POST p=/api/v1/workspaces/43L9VLBQS000/nodes/0/page/create s=200 d=16ms s=26
INF http m=GET p=/w/@43L9VLBQS000+workspace/@43L9VOQ1Q000+welcome s=200 d=87µs s=532
INF http m=GET p=/api/v1/workspaces/43L9VLBQS000/events s=200 d=345ms s=236
INF http m=GET p=/api/v1/auth/me s=200 d=707µs s=360
INF http m=GET p=/api/v1/notifications/unread-count s=200 d=1.08ms s=25
INF http m=GET p=/api/v1/workspaces/43L9VLBQS000/members s=200 d=942µs s=124
INF http m=GET p=/api/v1/workspaces/43L9VLBQS000/nodes/0/children s=200 d=1.66ms s=253
INF http m=GET p=/api/v1/workspaces/43L9VLBQS000/nodes/43L9VOQ1Q000 s=200 d=444µs s=245
INF http m=GET p=/api/v1/workspaces/43L9VLBQS000/nodes/43L9VQMHI000 s=200 d=1.7ms s=143
INF http m=POST p=/api/v1/workspaces/43L9VO80O000/nodes/0/page/create s=200 d=18ms s=26
INF http m=GET p=/w/@43L9VO80O000+workspace/@43L9VQB6M000+welcome s=200 d=47µs s=532
INF http m=GET p=/api/v1/workspaces/43L9VO80O000/events s=200 d=320ms s=236
INF http m=GET p=/api/v1/workspaces/43L9VLBQS000/events s=200 d=178ms s=93
INF http m=GET p=/api/v1/auth/me s=200 d=291µs s=361
INF http m=GET p=/api/v1/notifications/unread-count s=200 d=193µs s=25
INF http m=GET p=/api/v1/workspaces/43L9VO80O000/nodes/0/children s=200 d=1.66ms s=264
INF http m=GET p=/api/v1/workspaces/43L9VO80O000/members s=200 d=186µs s=126
INF http m=GET p=/api/v1/workspaces/43L9VO80O000/nodes/43L9VQB6M000 s=200 d=282µs s=245
INF http m=GET p=/api/v1/workspaces/43L9VO80O000/nodes/43L9VS1FE000 s=200 d=328µs s=156
INF http m=POST p=/api/v1/auth/register s=200 d=140ms s=408
INF http m=GET p=/ s=200 d=58µs s=532
INF http m=GET p=/assets/index-D8rN_C6i.js s=200 d=182µs s=49782
INF http m=GET p=/assets/index-BppjCDFJ.css s=200 d=140µs s=12398
INF http m=GET p=/assets/editor-vendor-DXykusy4.js s=200 d=198µs s=95952
INF http m=GET p=/assets/vendor-Dz6kinLD.js s=200 d=152µs s=27873
INF http m=GET p=/registerSW.js s=200 d=35µs s=87
INF http m=GET p=/assets/en-BOb8f2G7.js s=200 d=102µs s=5207
INF http m=GET p=/api/v1/auth/me s=200 d=320µs s=171
INF http m=GET p=/api/v1/notifications/unread-count s=200 d=388µs s=25
INF http m=GET p=/favicon.png s=200 d=41µs s=449
INF http m=GET p=/sw.js s=200 d=127µs s=5541
INF http m=GET p=/registerSW.js s=200 d=40µs s=87
INF http m=POST p=/api/v1/organizations s=200 d=62.3ms s=356
INF http m=GET p=/api/v1/auth/me s=200 d=356µs s=257
INF http m=GET p=/api/v1/workspaces/43L9VO80O000/events s=200 d=488ms s=93
INF http m=GET p=/index.html s=200 d=29µs s=532
INF http m=GET p=/icon.svg s=200 d=50µs s=195
INF http m=GET p=/icon-512.png s=200 d=119µs s=6498
INF http m=GET p=/icon-192.png s=200 d=60µs s=2468
INF http m=GET p=/favicon.png s=200 d=34µs s=449
INF http m=GET p=/apple-touch-icon.png s=200 d=56µs s=2298
INF http m=GET p=/assets/material-symbols-names-Dyx5m6Tf.js s=200 d=108µs s=15412
INF http m=GET p=/assets/fr-CgauyyXq.js s=200 d=101µs s=6301
INF http m=GET p=/assets/es-DHO8DnB9.js s=200 d=76µs s=6015
INF http m=GET p=/assets/emoji-groups-BpL1N8nI.js s=200 d=96µs s=13798
INF http m=GET p=/assets/de-qJeflSp6.js s=200 d=104µs s=6245
INF http m=GET p=/assets/WorkspaceSettingsPanel-CeaO382V.css s=200 d=41µs s=1021
INF http m=GET p=/assets/WorkspaceSettingsPanel-C0CeQhf8.js s=200 d=70µs s=4456
INF http m=GET p=/assets/ServerSettingsPanel-DsIxlWdC.css s=200 d=30µs s=593
INF http m=GET p=/assets/ServerSettingsPanel-Cmq42vr7.js s=200 d=50µs s=2538
INF http m=GET p=/assets/ResourceQuotaForm-Coc__0PE.js s=200 d=32µs s=813
INF http m=GET p=/assets/ResourceQuotaForm-AxNe1Ebg.css s=200 d=35µs s=302
INF http m=GET p=/assets/ProfileSettings-kJBJbTIc.css s=200 d=32µs s=1220
INF http m=GET p=/assets/ProfileSettings-HAdAXUp2.js s=200 d=70µs s=4325
INF http m=GET p=/assets/OrgSettingsPanel-CEubhZUp.css s=200 d=29µs s=509
INF http m=GET p=/assets/OrgSettingsPanel-B6q-g6eD.js s=200 d=42µs s=2306
INF http m=GET p=/assets/InviteForm-fXZCo6g3.js s=200 d=51µs s=1267
INF http m=GET p=/assets/InviteForm-CW-wgFWD.css s=200 d=31µs s=414
INF http m=GET p=/assets/Editor-CO3i7Yl7.css s=200 d=44µs s=2237
INF http m=GET p=/assets/Editor--AVOgcEK.js s=200 d=75µs s=13498
INF http m=GET p=/assets/AdminDashboard-R0heLGro.css s=200 d=90µs s=601
INF http m=POST p=/api/v1/organizations/43L9VVDEK000/workspaces s=200 d=401ms s=303
INF http m=GET p=/assets/AdminDashboard-Cfrr1YY_.js s=200 d=47µs s=2075
INF http m=GET p=/manifest.webmanifest s=200 d=30µs s=199
INF http m=POST p=/api/v1/auth/register s=200 d=196ms s=420
INF http m=POST p=/api/v1/auth/switch-workspace s=200 d=42.8ms s=573
INF http m=GET p=/ s=200 d=63µs s=532
INF http m=GET p=/api/v1/notifications/unread-count s=200 d=177µs s=25
INF http m=GET p=/api/v1/workspaces/43L9VVRP8000/nodes/0/children s=200 d=366µs s=26
INF http m=GET p=/api/v1/workspaces/43L9VVRP8000/members s=200 d=605µs s=121
INF http m=GET p=/assets/index-BppjCDFJ.css s=200 d=118µs s=12398
INF http m=GET p=/assets/index-D8rN_C6i.js s=200 d=523µs s=49782
INF http m=GET p=/assets/editor-vendor-DXykusy4.js s=200 d=174µs s=95952
INF http m=GET p=/registerSW.js s=200 d=48µs s=87
INF http m=GET p=/assets/vendor-Dz6kinLD.js s=200 d=119µs s=27873
INF http m=POST p=/api/v1/workspaces/43L9VVRP8000/nodes/0/page/create s=200 d=41.5ms s=35
INF http m=GET p=/api/v1/workspaces/43L9VVRP8000/nodes/0/children s=200 d=307µs s=257
INF http m=GET p=/api/v1/workspaces/43L9VVRP8000/nodes/43LA02QMI000 s=200 d=420µs s=245
INF http m=GET p=/api/v1/auth/me s=200 d=237µs s=170
INF http m=GET p=/assets/en-BOb8f2G7.js s=200 d=131µs s=5207
INF http m=GET p=/api/v1/notifications/unread-count s=200 d=179µs s=25
INF http m=GET p=/sw.js s=200 d=120µs s=5541
INF http m=GET p=/favicon.png s=200 d=41µs s=449
INF http m=POST p=/api/v1/organizations s=200 d=61.3ms s=354
INF http m=GET p=/api/v1/auth/me s=200 d=661µs s=254
INF http m=GET p=/registerSW.js s=200 d=28µs s=87
INF http m=GET p=/index.html s=200 d=1.91ms s=532
INF http m=GET p=/icon.svg s=200 d=29µs s=195
INF http m=GET p=/icon-512.png s=200 d=53µs s=6498
INF http m=GET p=/icon-192.png s=200 d=49µs s=2468
INF http m=GET p=/favicon.png s=200 d=36µs s=449
INF http m=GET p=/apple-touch-icon.png s=200 d=37µs s=2298
INF http m=GET p=/assets/material-symbols-names-Dyx5m6Tf.js s=200 d=95µs s=15412
INF http m=GET p=/assets/fr-CgauyyXq.js s=200 d=108µs s=6301
INF http m=GET p=/assets/es-DHO8DnB9.js s=200 d=74µs s=6015
INF http m=GET p=/assets/emoji-groups-BpL1N8nI.js s=200 d=654µs s=13798
INF http m=GET p=/assets/de-qJeflSp6.js s=200 d=85µs s=6245
INF http m=GET p=/assets/WorkspaceSettingsPanel-CeaO382V.css s=200 d=35µs s=1021
INF http m=GET p=/assets/WorkspaceSettingsPanel-C0CeQhf8.js s=200 d=63µs s=4456
INF http m=GET p=/assets/ServerSettingsPanel-DsIxlWdC.css s=200 d=31µs s=593
INF http m=GET p=/assets/ServerSettingsPanel-Cmq42vr7.js s=200 d=37µs s=2538
INF http m=GET p=/assets/ResourceQuotaForm-Coc__0PE.js s=200 d=33µs s=813
INF http m=GET p=/assets/ResourceQuotaForm-AxNe1Ebg.css s=200 d=36µs s=302
INF http m=GET p=/assets/ProfileSettings-kJBJbTIc.css s=200 d=38µs s=1220
INF http m=GET p=/assets/ProfileSettings-HAdAXUp2.js s=200 d=56µs s=4325
INF http m=GET p=/assets/OrgSettingsPanel-CEubhZUp.css s=200 d=28µs s=509
INF http m=GET p=/assets/OrgSettingsPanel-B6q-g6eD.js s=200 d=32µs s=2306
INF http m=GET p=/assets/InviteForm-fXZCo6g3.js s=200 d=31µs s=1267
INF http m=GET p=/assets/InviteForm-CW-wgFWD.css s=200 d=30µs s=414
INF http m=GET p=/assets/Editor-CO3i7Yl7.css s=200 d=34µs s=2237
INF http m=GET p=/assets/Editor--AVOgcEK.js s=200 d=71µs s=13498
INF http m=GET p=/assets/AdminDashboard-R0heLGro.css s=200 d=27µs s=601
INF http m=GET p=/assets/AdminDashboard-Cfrr1YY_.js s=200 d=37µs s=2075
INF http m=GET p=/manifest.webmanifest s=200 d=25µs s=199
INF http m=POST p=/api/v1/organizations/43LA03KH0000/workspaces s=200 d=265ms s=298
INF http m=POST p=/api/v1/workspaces/43L9VVRP8000/nodes/0/page/create s=200 d=116ms s=26
INF http m=GET p=/w/@43L9VVRP8000+workspace/@43LA02QMI000+welcome s=200 d=33µs s=532
INF http m=GET p=/api/v1/workspaces/43L9VVRP8000/events s=200 d=485ms s=242
INF http m=POST p=/api/v1/auth/switch-workspace s=200 d=32.1ms s=570
INF http m=GET p=/api/v1/workspaces/43LA0423M000/members s=200 d=224µs s=122
INF http m=GET p=/api/v1/workspaces/43LA0423M000/nodes/0/children s=200 d=264µs s=26
INF http m=GET p=/api/v1/notifications/unread-count s=200 d=197µs s=25
INF http m=GET p=/api/v1/auth/me s=200 d=9.75ms s=361
INF http m=GET p=/api/v1/notifications/unread-count s=200 d=175µs s=25
INF http m=GET p=/api/v1/workspaces/43L9VVRP8000/members s=200 d=172µs s=121
INF http m=GET p=/api/v1/workspaces/43L9VVRP8000/nodes/0/children s=200 d=299µs s=278
INF http m=POST p=/api/v1/workspaces/43LA0423M000/nodes/0/page/create s=200 d=33.3ms s=35
INF http m=GET p=/api/v1/workspaces/43L9VVRP8000/nodes/43LA02QMI000 s=200 d=561µs s=245
INF http m=GET p=/api/v1/workspaces/43LA0423M000/nodes/0/children s=200 d=561µs s=257
INF http m=GET p=/api/v1/workspaces/43LA0423M000/nodes/43LA0620S000 s=200 d=402µs s=245
INF http m=POST p=/api/v1/workspaces/43LA0423M000/nodes/0/page/create s=200 d=32.5ms s=26
INF http m=GET p=/w/@43LA0423M000+workspace/@43LA0620S000+welcome s=200 d=47µs s=532
INF http m=GET p=/api/v1/workspaces/43LA0423M000/events s=200 d=104ms s=234
INF http m=GET p=/api/v1/workspaces/43L9VVRP8000/nodes/43LA0504S000 s=200 d=1.47ms s=163
INF http m=GET p=/api/v1/auth/me s=200 d=279µs s=354
INF http m=GET p=/api/v1/notifications/unread-count s=200 d=197µs s=25
INF http m=GET p=/api/v1/workspaces/43LA0423M000/members s=200 d=223µs s=122
INF http m=GET p=/api/v1/workspaces/43LA0423M000/nodes/43LA0620S000 s=200 d=2.54ms s=245
INF http m=GET p=/api/v1/workspaces/43LA0423M000/nodes/0/children s=200 d=6.06ms s=264
INF http m=GET p=/api/v1/workspaces/43LA0423M000/nodes/43LA069U4000 s=200 d=408µs s=155
INF http m=GET p=/api/v1/workspaces/43L9VVRP8000/events s=200 d=411ms s=93
INF http m=GET p=/api/v1/workspaces/43LA0423M000/events s=200 d=450ms s=93
INF http m=POST p=/api/v1/auth/register s=200 d=190ms s=410
INF http m=GET p=/ s=200 d=83µs s=532
INF http m=GET p=/assets/index-D8rN_C6i.js s=200 d=151µs s=49782
INF http m=GET p=/assets/index-BppjCDFJ.css s=200 d=154µs s=12398
INF http m=GET p=/registerSW.js s=200 d=48µs s=87
INF http m=GET p=/assets/vendor-Dz6kinLD.js s=200 d=164µs s=27873
INF http m=GET p=/assets/editor-vendor-DXykusy4.js s=200 d=155µs s=95952
INF http m=GET p=/api/v1/auth/me s=200 d=218µs s=172
INF http m=GET p=/assets/en-BOb8f2G7.js s=200 d=80µs s=5207
INF http m=GET p=/favicon.png s=200 d=49µs s=449
INF http m=GET p=/api/v1/notifications/unread-count s=200 d=218µs s=25
INF http m=GET p=/sw.js s=200 d=70µs s=5541
INF http m=POST p=/api/v1/auth/register s=200 d=240ms s=411
INF http m=GET p=/ s=200 d=80µs s=532
INF http m=GET p=/assets/index-D8rN_C6i.js s=200 d=180µs s=49782
INF http m=GET p=/assets/index-BppjCDFJ.css s=200 d=130µs s=12398
INF http m=GET p=/registerSW.js s=200 d=23µs s=87
INF http m=GET p=/assets/editor-vendor-DXykusy4.js s=200 d=184µs s=95952
INF http m=GET p=/assets/vendor-Dz6kinLD.js s=200 d=144µs s=27873
INF http m=GET p=/registerSW.js s=200 d=35µs s=87
INF http m=GET p=/index.html s=200 d=35µs s=532
INF http m=GET p=/icon.svg s=200 d=47µs s=195
INF http m=POST p=/api/v1/organizations s=200 d=96.4ms s=357
INF http m=GET p=/api/v1/auth/me s=200 d=717µs s=260
INF http m=GET p=/icon-512.png s=200 d=81µs s=6498
INF http m=GET p=/icon-192.png s=200 d=53µs s=2468
INF http m=GET p=/favicon.png s=200 d=230µs s=449
INF http m=GET p=/apple-touch-icon.png s=200 d=43µs s=2298
INF http m=GET p=/assets/material-symbols-names-Dyx5m6Tf.js s=200 d=111µs s=15412
INF http m=GET p=/api/v1/auth/me s=200 d=1.28ms s=172
INF http m=GET p=/assets/en-BOb8f2G7.js s=200 d=90µs s=5207
INF http m=GET p=/api/v1/notifications/unread-count s=200 d=202µs s=25
INF http m=GET p=/favicon.png s=200 d=34µs s=449
INF http m=GET p=/assets/fr-CgauyyXq.js s=200 d=77µs s=6301
INF http m=GET p=/assets/es-DHO8DnB9.js s=200 d=133µs s=6015
INF http m=GET p=/sw.js s=200 d=104µs s=5541
INF http m=GET p=/assets/emoji-groups-BpL1N8nI.js s=200 d=115µs s=13798
INF http m=GET p=/registerSW.js s=200 d=252µs s=87
INF http m=GET p=/index.html s=200 d=64µs s=532
INF http m=GET p=/icon.svg s=200 d=39µs s=195
INF http m=GET p=/icon-512.png s=200 d=70µs s=6498
INF http m=GET p=/icon-192.png s=200 d=153µs s=2468
INF http m=GET p=/assets/de-qJeflSp6.js s=200 d=77µs s=6245
INF http m=GET p=/favicon.png s=200 d=23µs s=449
INF http m=GET p=/assets/WorkspaceSettingsPanel-CeaO382V.css s=200 d=76µs s=1021
INF http m=GET p=/apple-touch-icon.png s=200 d=42µs s=2298
INF http m=GET p=/assets/WorkspaceSettingsPanel-C0CeQhf8.js s=200 d=86µs s=4456
INF http m=GET p=/assets/ServerSettingsPanel-DsIxlWdC.css s=200 d=36µs s=593
INF http m=GET p=/assets/ServerSettingsPanel-Cmq42vr7.js s=200 d=62µs s=2538
INF http m=GET p=/assets/material-symbols-names-Dyx5m6Tf.js s=200 d=90µs s=15412
INF http m=GET p=/assets/ResourceQuotaForm-Coc__0PE.js s=200 d=51µs s=813
INF http m=GET p=/assets/ResourceQuotaForm-AxNe1Ebg.css s=200 d=57µs s=302
INF http m=GET p=/assets/ProfileSettings-kJBJbTIc.css s=200 d=49µs s=1220
INF http m=GET p=/assets/ProfileSettings-HAdAXUp2.js s=200 d=55µs s=4325
INF http m=GET p=/assets/fr-CgauyyXq.js s=200 d=72µs s=6301
INF http m=GET p=/assets/OrgSettingsPanel-CEubhZUp.css s=200 d=23µs s=509
INF http m=GET p=/assets/OrgSettingsPanel-B6q-g6eD.js s=200 d=43µs s=2306
INF http m=GET p=/assets/es-DHO8DnB9.js s=200 d=61µs s=6015
INF http m=GET p=/assets/InviteForm-fXZCo6g3.js s=200 d=30µs s=1267
INF http m=GET p=/assets/InviteForm-CW-wgFWD.css s=200 d=48µs s=414
INF http m=GET p=/assets/Editor-CO3i7Yl7.css s=200 d=78µs s=2237
INF http m=GET p=/assets/emoji-groups-BpL1N8nI.js s=200 d=305µs s=13798
INF http m=GET p=/assets/Editor--AVOgcEK.js s=200 d=83µs s=13498
INF http m=GET p=/assets/AdminDashboard-R0heLGro.css s=200 d=33µs s=601
INF http m=GET p=/assets/AdminDashboard-Cfrr1YY_.js s=200 d=65µs s=2075
INF http m=GET p=/manifest.webmanifest s=200 d=61µs s=199
INF http m=GET p=/assets/de-qJeflSp6.js s=200 d=108µs s=6245
INF http m=GET p=/assets/WorkspaceSettingsPanel-CeaO382V.css s=200 d=47µs s=1021
INF http m=GET p=/assets/WorkspaceSettingsPanel-C0CeQhf8.js s=200 d=61µs s=4456
INF http m=GET p=/assets/ServerSettingsPanel-DsIxlWdC.css s=200 d=28µs s=593
INF http m=GET p=/assets/ServerSettingsPanel-Cmq42vr7.js s=200 d=41µs s=2538
INF http m=GET p=/assets/ResourceQuotaForm-Coc__0PE.js s=200 d=26µs s=813
INF http m=GET p=/assets/ResourceQuotaForm-AxNe1Ebg.css s=200 d=37µs s=302
INF http m=GET p=/assets/ProfileSettings-kJBJbTIc.css s=200 d=28µs s=1220
INF http m=GET p=/assets/ProfileSettings-HAdAXUp2.js s=200 d=62µs s=4325
INF http m=GET p=/assets/OrgSettingsPanel-CEubhZUp.css s=200 d=31µs s=509
INF http m=GET p=/assets/OrgSettingsPanel-B6q-g6eD.js s=200 d=62µs s=2306
INF http m=GET p=/assets/InviteForm-fXZCo6g3.js s=200 d=54µs s=1267
INF http m=GET p=/assets/InviteForm-CW-wgFWD.css s=200 d=35µs s=414
INF http m=GET p=/assets/Editor-CO3i7Yl7.css s=200 d=43µs s=2237
INF http m=POST p=/api/v1/organizations/43LA0CQQ4000/workspaces s=200 d=419ms s=305
INF http m=GET p=/assets/Editor--AVOgcEK.js s=200 d=75µs s=13498
INF http m=GET p=/assets/AdminDashboard-R0heLGro.css s=200 d=30µs s=601
INF http m=GET p=/assets/AdminDashboard-Cfrr1YY_.js s=200 d=46µs s=2075
INF http m=GET p=/manifest.webmanifest s=200 d=29µs s=199
INF http m=POST p=/api/v1/organizations s=200 d=347ms s=354
INF http m=GET p=/api/v1/auth/me s=200 d=617µs s=255
INF http m=POST p=/api/v1/auth/switch-workspace s=200 d=35.5ms s=580
INF http m=GET p=/api/v1/notifications/unread-count s=200 d=194µs s=25
INF http m=GET p=/api/v1/workspaces/43LA0DFEQ000/members s=200 d=3.53ms s=123
INF http m=GET p=/api/v1/workspaces/43LA0DFEQ000/nodes/0/children s=200 d=4.94ms s=26
INF http m=POST p=/api/v1/organizations/43LA0E39C000/workspaces s=200 d=204ms s=300
INF http m=POST p=/api/v1/workspaces/43LA0DFEQ000/nodes/0/page/create s=200 d=168ms s=35
INF http m=GET p=/api/v1/workspaces/43LA0DFEQ000/nodes/0/children s=200 d=253µs s=257
INF http m=GET p=/api/v1/workspaces/43LA0DFEQ000/nodes/43LA0GGCS000 s=200 d=650µs s=245
INF http m=POST p=/api/v1/auth/switch-workspace s=200 d=29.9ms s=565
INF http m=GET p=/api/v1/notifications/unread-count s=200 d=1.89ms s=25
INF http m=GET p=/api/v1/workspaces/43LA0G8FE000/nodes/0/children s=200 d=2.74ms s=26
INF http m=GET p=/api/v1/workspaces/43LA0G8FE000/members s=200 d=4.16ms s=121
INF http m=POST p=/api/v1/workspaces/43LA0G8FE000/nodes/0/page/create s=200 d=18.4ms s=35
INF http m=GET p=/api/v1/workspaces/43LA0G8FE000/nodes/0/children s=200 d=267µs s=257
INF http m=GET p=/api/v1/workspaces/43LA0G8FE000/nodes/43LA0HREE000 s=200 d=225µs s=245
INF http m=POST p=/api/v1/workspaces/43LA0DFEQ000/nodes/0/page/create s=200 d=15.9ms s=26
INF http m=GET p=/w/@43LA0DFEQ000+workspace/@43LA0GGCS000+welcome s=200 d=28µs s=532
INF http m=GET p=/api/v1/workspaces/43LA0DFEQ000/events s=200 d=368ms s=238
INF http m=GET p=/api/v1/auth/me s=200 d=312µs s=362
INF http m=GET p=/api/v1/notifications/unread-count s=200 d=280µs s=25
INF http m=GET p=/api/v1/workspaces/43LA0DFEQ000/nodes/0/children s=200 d=376µs s=278
INF http m=GET p=/api/v1/workspaces/43LA0DFEQ000/nodes/43LA0GGCS000 s=200 d=231µs s=245
INF http m=GET p=/api/v1/workspaces/43LA0DFEQ000/members s=200 d=198µs s=123
INF http m=GET p=/api/v1/workspaces/43LA0DFEQ000/nodes/43LA0IFU6000 s=200 d=765µs s=167
INF http m=POST p=/api/v1/workspaces/43LA0G8FE000/nodes/0/page/create s=200 d=19ms s=26
INF http m=GET p=/w/@43LA0G8FE000+workspace/@43LA0HREE000+welcome s=200 d=43µs s=532
INF http m=GET p=/api/v1/workspaces/43LA0G8FE000/events s=200 d=355ms s=236
INF http m=GET p=/api/v1/auth/me s=200 d=311µs s=356
INF http m=GET p=/api/v1/notifications/unread-count s=200 d=207µs s=25
INF http m=GET p=/api/v1/workspaces/43LA0G8FE000/nodes/0/children s=200 d=382µs s=267
INF http m=GET p=/api/v1/workspaces/43LA0G8FE000/members s=200 d=209µs s=121
INF http m=GET p=/api/v1/workspaces/43LA0G8FE000/nodes/43LA0HREE000 s=200 d=251µs s=245
INF http m=GET p=/api/v1/workspaces/43LA0G8FE000/nodes/43LA0JPMM000 s=200 d=377µs s=158
INF http m=GET p=/api/v1/workspaces/43LA0DFEQ000/events s=200 d=370ms s=93
INF http m=GET p=/api/v1/workspaces/43LA0G8FE000/events s=200 d=329ms s=93
INF http m=POST p=/api/v1/auth/register s=200 d=261ms s=409
INF http m=GET p=/ s=200 d=55µs s=532
INF http m=GET p=/assets/index-D8rN_C6i.js s=200 d=165µs s=49782
INF http m=GET p=/registerSW.js s=200 d=26µs s=87
INF http m=GET p=/assets/index-BppjCDFJ.css s=200 d=85µs s=12398
INF http m=GET p=/assets/editor-vendor-DXykusy4.js s=200 d=160µs s=95952
INF http m=GET p=/assets/vendor-Dz6kinLD.js s=200 d=115µs s=27873
INF http m=POST p=/api/v1/auth/register s=200 d=157ms s=409
INF http m=GET p=/ s=200 d=64µs s=532
INF http m=GET p=/assets/en-BOb8f2G7.js s=200 d=95µs s=5207
INF http m=GET p=/api/v1/auth/me s=200 d=2.69ms s=169
INF http m=GET p=/registerSW.js s=200 d=74µs s=87
INF http m=GET p=/assets/vendor-Dz6kinLD.js s=200 d=139µs s=27873
INF http m=GET p=/assets/editor-vendor-DXykusy4.js s=200 d=204µs s=95952
INF http m=GET p=/assets/index-BppjCDFJ.css s=200 d=102µs s=12398
INF http m=GET p=/assets/index-D8rN_C6i.js s=200 d=8.54ms s=49782
INF http m=GET p=/api/v1/notifications/unread-count s=200 d=184µs s=25
INF http m=GET p=/favicon.png s=200 d=31µs s=449
INF http m=GET p=/sw.js s=200 d=143µs s=5541
INF http m=GET p=/registerSW.js s=200 d=38µs s=87
INF http m=POST p=/api/v1/organizations s=200 d=85.8ms s=355
INF http m=GET p=/api/v1/auth/me s=200 d=6.95ms s=254
INF http m=GET p=/index.html s=200 d=33µs s=532
INF http m=GET p=/icon.svg s=200 d=31µs s=195
INF http m=GET p=/icon-512.png s=200 d=108µs s=6498
INF http m=GET p=/icon-192.png s=200 d=49µs s=2468
INF http m=GET p=/favicon.png s=200 d=34µs s=449
INF http m=GET p=/api/v1/auth/me s=200 d=1.01ms s=177
INF http m=GET p=/assets/en-BOb8f2G7.js s=200 d=118µs s=5207
INF http m=GET p=/apple-touch-icon.png s=200 d=84µs s=2298
INF http m=GET p=/api/v1/notifications/unread-count s=200 d=340µs s=25
INF http m=GET p=/favicon.png s=200 d=37µs s=449
INF http m=GET p=/assets/material-symbols-names-Dyx5m6Tf.js s=200 d=90µs s=15412
INF http m=GET p=/sw.js s=200 d=107µs s=5541
INF http m=GET p=/registerSW.js s=200 d=37µs s=87
INF http m=GET p=/assets/fr-CgauyyXq.js s=200 d=156µs s=6301
INF http m=GET p=/index.html s=200 d=34µs s=532
INF http m=GET p=/icon.svg s=200 d=38µs s=195
INF http m=GET p=/assets/es-DHO8DnB9.js s=200 d=92µs s=6015
INF http m=POST p=/api/v1/organizations s=200 d=100ms s=361
INF http m=GET p=/api/v1/auth/me s=200 d=5.56ms s=265
INF http m=GET p=/icon-512.png s=200 d=125µs s=6498
INF http m=GET p=/assets/emoji-groups-BpL1N8nI.js s=200 d=120µs s=13798
INF http m=GET p=/icon-192.png s=200 d=90µs s=2468
INF http m=GET p=/favicon.png s=200 d=37µs s=449
INF http m=GET p=/apple-touch-icon.png s=200 d=56µs s=2298
INF http m=GET p=/assets/material-symbols-names-Dyx5m6Tf.js s=200 d=132µs s=15412
INF http m=GET p=/assets/de-qJeflSp6.js s=200 d=64µs s=6245
INF http m=GET p=/assets/WorkspaceSettingsPanel-CeaO382V.css s=200 d=48µs s=1021
INF http m=GET p=/assets/WorkspaceSettingsPanel-C0CeQhf8.js s=200 d=79µs s=4456
INF http m=GET p=/assets/ServerSettingsPanel-DsIxlWdC.css s=200 d=37µs s=593
INF http m=GET p=/assets/ServerSettingsPanel-Cmq42vr7.js s=200 d=40µs s=2538
INF http m=GET p=/assets/fr-CgauyyXq.js s=200 d=57µs s=6301
INF http m=GET p=/assets/ResourceQuotaForm-Coc__0PE.js s=200 d=31µs s=813
INF http m=GET p=/assets/es-DHO8DnB9.js s=200 d=84µs s=6015
INF http m=GET p=/assets/ResourceQuotaForm-AxNe1Ebg.css s=200 d=31µs s=302
INF http m=GET p=/assets/ProfileSettings-kJBJbTIc.css s=200 d=29µs s=1220
INF http m=GET p=/assets/ProfileSettings-HAdAXUp2.js s=200 d=71µs s=4325
INF http m=GET p=/assets/emoji-groups-BpL1N8nI.js s=200 d=101µs s=13798
INF http m=GET p=/assets/OrgSettingsPanel-CEubhZUp.css s=200 d=39µs s=509
INF http m=GET p=/assets/OrgSettingsPanel-B6q-g6eD.js s=200 d=52µs s=2306
INF http m=GET p=/assets/InviteForm-fXZCo6g3.js s=200 d=35µs s=1267
INF http m=GET p=/assets/InviteForm-CW-wgFWD.css s=200 d=44µs s=414
INF http m=GET p=/assets/Editor-CO3i7Yl7.css s=200 d=39µs s=2237
INF http m=GET p=/assets/Editor--AVOgcEK.js s=200 d=81µs s=13498
INF http m=GET p=/assets/AdminDashboard-R0heLGro.css s=200 d=33µs s=601
INF http m=GET p=/assets/AdminDashboard-Cfrr1YY_.js s=200 d=61µs s=2075
INF http m=GET p=/assets/de-qJeflSp6.js s=200 d=70µs s=6245
INF http m=GET p=/manifest.webmanifest s=200 d=28µs s=199
INF http m=GET p=/assets/WorkspaceSettingsPanel-CeaO382V.css s=200 d=35µs s=1021
INF http m=GET p=/assets/WorkspaceSettingsPanel-C0CeQhf8.js s=200 d=76µs s=4456
INF http m=GET p=/assets/ServerSettingsPanel-DsIxlWdC.css s=200 d=27µs s=593
INF http m=GET p=/assets/ServerSettingsPanel-Cmq42vr7.js s=200 d=38µs s=2538
INF http m=GET p=/assets/ResourceQuotaForm-Coc__0PE.js s=200 d=41µs s=813
INF http m=GET p=/assets/ResourceQuotaForm-AxNe1Ebg.css s=200 d=32µs s=302
INF http m=GET p=/assets/ProfileSettings-kJBJbTIc.css s=200 d=35µs s=1220
INF http m=GET p=/assets/ProfileSettings-HAdAXUp2.js s=200 d=550µs s=4325
INF http m=GET p=/assets/OrgSettingsPanel-CEubhZUp.css s=200 d=37µs s=509
INF http m=GET p=/assets/OrgSettingsPanel-B6q-g6eD.js s=200 d=48µs s=2306
INF http m=GET p=/assets/InviteForm-fXZCo6g3.js s=200 d=24µs s=1267
INF http m=GET p=/assets/InviteForm-CW-wgFWD.css s=200 d=25µs s=414
INF http m=GET p=/assets/Editor-CO3i7Yl7.css s=200 d=93µs s=2237
INF http m=GET p=/assets/Editor--AVOgcEK.js s=200 d=68µs s=13498
INF http m=GET p=/assets/AdminDashboard-R0heLGro.css s=200 d=29µs s=601
INF http m=GET p=/assets/AdminDashboard-Cfrr1YY_.js s=200 d=36µs s=2075
INF http m=GET p=/manifest.webmanifest s=200 d=34µs s=199
INF http m=POST p=/api/v1/organizations/43LA0PBOU000/workspaces s=200 d=491ms s=302
INF http m=POST p=/api/v1/organizations/43LA0QEH6000/workspaces s=200 d=469ms s=309
INF http m=POST p=/api/v1/auth/switch-workspace s=200 d=165ms s=565
INF http m=GET p=/api/v1/notifications/unread-count s=200 d=161µs s=25
INF http m=GET p=/api/v1/workspaces/43LA0Q1CI000/nodes/0/children s=200 d=2.47ms s=26
INF http m=GET p=/api/v1/workspaces/43LA0Q1CI000/members s=200 d=8.65ms s=121
INF http m=POST p=/api/v1/auth/switch-workspace s=200 d=31.9ms s=655
INF http m=GET p=/api/v1/notifications/unread-count s=200 d=165µs s=25
INF http m=GET p=/api/v1/workspaces/43LA0R5B4000/members s=200 d=2.68ms s=126
INF http m=GET p=/api/v1/workspaces/43LA0R5B4000/nodes/0/children s=200 d=2.92ms s=26
INF http m=POST p=/api/v1/workspaces/43LA0Q1CI000/nodes/0/page/create s=200 d=25.7ms s=35
INF http m=GET p=/api/v1/workspaces/43LA0Q1CI000/nodes/0/children s=200 d=489µs s=257
INF http m=GET p=/api/v1/workspaces/43LA0Q1CI000/nodes/43LA0U82S000 s=200 d=908µs s=245
INF http m=POST p=/api/v1/workspaces/43LA0R5B4000/nodes/0/page/create s=200 d=23.9ms s=35
INF http m=GET p=/api/v1/workspaces/43LA0R5B4000/nodes/0/children s=200 d=633µs s=257
INF http m=GET p=/api/v1/workspaces/43LA0R5B4000/nodes/43LA0UDVK000 s=200 d=646µs s=245
INF http m=POST p=/api/v1/workspaces/43LA0Q1CI000/nodes/0/page/create s=200 d=16.2ms s=26
INF http m=GET p=/w/@43LA0Q1CI000+workspace/@43LA0U82S000+welcome s=200 d=45µs s=532
INF http m=GET p=/api/v1/workspaces/43LA0Q1CI000/events s=200 d=227ms s=236
INF http m=GET p=/api/v1/auth/me s=200 d=785µs s=358
INF http m=GET p=/api/v1/notifications/unread-count s=200 d=216µs s=25
INF http m=GET p=/api/v1/workspaces/43LA0Q1CI000/members s=200 d=484µs s=121
INF http m=GET p=/api/v1/workspaces/43LA0Q1CI000/nodes/0/children s=200 d=857µs s=265
INF http m=GET p=/api/v1/workspaces/43LA0Q1CI000/nodes/43LA0U82S000 s=200 d=4.01ms s=245
INF http m=GET p=/api/v1/workspaces/43LA0Q1CI000/nodes/43LA0VCHA000 s=200 d=324µs s=156
INF http m=POST p=/api/v1/workspaces/43LA0R5B4000/nodes/0/page/create s=200 d=16.1ms s=26
INF http m=GET p=/w/@43LA0R5B4000+workspace/@43LA0UDVK000+welcome s=200 d=39µs s=532
INF http m=GET p=/api/v1/workspaces/43LA0R5B4000/events s=200 d=341ms s=237
INF http m=GET p=/api/v1/auth/me s=200 d=294µs s=362
INF http m=GET p=/api/v1/notifications/unread-count s=200 d=189µs s=25
INF http m=GET p=/api/v1/workspaces/43LA0R5B4000/nodes/0/children s=200 d=378µs s=253
INF http m=GET p=/api/v1/workspaces/43LA0R5B4000/members s=200 d=603µs s=126
INF http m=GET p=/api/v1/workspaces/43LA0R5B4000/nodes/43LA0UDVK000 s=200 d=697µs s=245
INF http m=GET p=/api/v1/workspaces/43LA0R5B4000/nodes/43LA1093Q000 s=200 d=980µs s=174
INF http m=GET p=/api/v1/workspaces/43LA0Q1CI000/events s=200 d=253ms s=93
INF http m=GET p=/api/v1/workspaces/43LA0R5B4000/events s=200 d=282ms s=93
INF http m=POST p=/api/v1/auth/register s=200 d=167ms s=415
INF http m=GET p=/ s=200 d=50µs s=532
INF http m=GET p=/registerSW.js s=200 d=68µs s=87
INF http m=GET p=/assets/index-D8rN_C6i.js s=200 d=161µs s=49782
INF http m=GET p=/assets/vendor-Dz6kinLD.js s=200 d=100µs s=27873
INF http m=GET p=/assets/editor-vendor-DXykusy4.js s=200 d=129µs s=95952
INF http m=GET p=/assets/index-BppjCDFJ.css s=200 d=82µs s=12398
INF http m=GET p=/assets/en-BOb8f2G7.js s=200 d=92µs s=5207
INF http m=GET p=/api/v1/auth/me s=200 d=243µs s=176
INF http m=GET p=/api/v1/notifications/unread-count s=200 d=196µs s=25
INF http m=GET p=/sw.js s=200 d=88µs s=5541
INF http m=GET p=/favicon.png s=200 d=40µs s=449
INF http m=GET p=/registerSW.js s=200 d=35µs s=87
INF http m=POST p=/api/v1/organizations s=200 d=73.6ms s=360
INF http m=GET p=/index.html s=200 d=92µs s=532
INF http m=GET p=/api/v1/auth/me s=200 d=228µs s=261
INF http m=GET p=/icon.svg s=200 d=29µs s=195
INF http m=GET p=/icon-512.png s=200 d=91µs s=6498
INF http m=GET p=/icon-192.png s=200 d=71µs s=2468
INF http m=GET p=/favicon.png s=200 d=37µs s=449
INF http m=GET p=/apple-touch-icon.png s=200 d=67µs s=2298
INF http m=POST p=/api/v1/auth/register s=200 d=303ms s=414
INF http m=GET p=/ s=200 d=66µs s=532
INF http m=GET p=/assets/material-symbols-names-Dyx5m6Tf.js s=200 d=93µs s=15412
INF http m=GET p=/assets/index-D8rN_C6i.js s=200 d=158µs s=49782
INF http m=GET p=/registerSW.js s=200 d=52µs s=87
INF http m=GET p=/assets/vendor-Dz6kinLD.js s=200 d=112µs s=27873
INF http m=GET p=/assets/editor-vendor-DXykusy4.js s=200 d=124µs s=95952
INF http m=GET p=/assets/index-BppjCDFJ.css s=200 d=76µs s=12398
INF http m=GET p=/assets/fr-CgauyyXq.js s=200 d=102µs s=6301
INF http m=GET p=/assets/es-DHO8DnB9.js s=200 d=90µs s=6015
INF http m=GET p=/assets/emoji-groups-BpL1N8nI.js s=200 d=111µs s=13798
INF http m=GET p=/assets/de-qJeflSp6.js s=200 d=98µs s=6245
INF http m=GET p=/assets/en-BOb8f2G7.js s=200 d=82µs s=5207
INF http m=GET p=/api/v1/auth/me s=200 d=410µs s=175
INF http m=GET p=/assets/WorkspaceSettingsPanel-CeaO382V.css s=200 d=31µs s=1021
INF http m=GET p=/assets/WorkspaceSettingsPanel-C0CeQhf8.js s=200 d=83µs s=4456
INF http m=GET p=/assets/ServerSettingsPanel-DsIxlWdC.css s=200 d=46µs s=593
INF http m=GET p=/favicon.png s=200 d=31µs s=449
INF http m=GET p=/api/v1/notifications/unread-count s=200 d=315µs s=25
INF http m=GET p=/sw.js s=200 d=91µs s=5541
INF http m=GET p=/assets/ServerSettingsPanel-Cmq42vr7.js s=200 d=42µs s=2538
INF http m=GET p=/assets/ResourceQuotaForm-Coc__0PE.js s=200 d=46µs s=813
INF http m=GET p=/assets/ResourceQuotaForm-AxNe1Ebg.css s=200 d=46µs s=302
INF http m=GET p=/assets/ProfileSettings-kJBJbTIc.css s=200 d=41µs s=1220
INF http m=GET p=/assets/ProfileSettings-HAdAXUp2.js s=200 d=73µs s=4325
INF http m=GET p=/registerSW.js s=200 d=91µs s=87
INF http m=GET p=/assets/OrgSettingsPanel-CEubhZUp.css s=200 d=29µs s=509
INF http m=GET p=/assets/OrgSettingsPanel-B6q-g6eD.js s=200 d=60µs s=2306
INF http m=GET p=/index.html s=200 d=43µs s=532
INF http m=GET p=/assets/InviteForm-fXZCo6g3.js s=200 d=32µs s=1267
INF http m=GET p=/assets/InviteForm-CW-wgFWD.css s=200 d=29µs s=414
INF http m=GET p=/icon.svg s=200 d=14µs s=195
INF http m=GET p=/assets/Editor-CO3i7Yl7.css s=200 d=51µs s=2237
INF http m=GET p=/icon-512.png s=200 d=57µs s=6498
INF http m=GET p=/assets/Editor--AVOgcEK.js s=200 d=71µs s=13498
INF http m=GET p=/icon-192.png s=200 d=46µs s=2468
INF http m=GET p=/assets/AdminDashboard-R0heLGro.css s=200 d=30µs s=601
INF http m=GET p=/favicon.png s=200 d=23µs s=449
INF http m=GET p=/assets/AdminDashboard-Cfrr1YY_.js s=200 d=39µs s=2075
INF http m=GET p=/apple-touch-icon.png s=200 d=31µs s=2298
INF http m=GET p=/manifest.webmanifest s=200 d=34µs s=199
INF http m=GET p=/assets/material-symbols-names-Dyx5m6Tf.js s=200 d=93µs s=15412
INF http m=POST p=/api/v1/organizations/43LA14RCS000/workspaces s=200 d=466ms s=306
INF http m=POST p=/api/v1/organizations s=200 d=136ms s=359
INF http m=GET p=/api/v1/auth/me s=200 d=992µs s=259
INF http m=GET p=/assets/fr-CgauyyXq.js s=200 d=75µs s=6301
INF http m=GET p=/assets/es-DHO8DnB9.js s=200 d=73µs s=6015
INF http m=POST p=/api/v1/auth/switch-workspace s=200 d=42.4ms s=573
INF http m=GET p=/assets/emoji-groups-BpL1N8nI.js s=200 d=83µs s=13798
INF http m=GET p=/api/v1/notifications/unread-count s=200 d=280µs s=25
INF http m=GET p=/api/v1/workspaces/43LA15ESS000/members s=200 d=4.35ms s=124
INF http m=GET p=/api/v1/workspaces/43LA15ESS000/nodes/0/children s=200 d=331µs s=26
INF http m=GET p=/assets/de-qJeflSp6.js s=200 d=591µs s=6245
INF http m=GET p=/assets/WorkspaceSettingsPanel-CeaO382V.css s=200 d=43µs s=1021
INF http m=GET p=/assets/WorkspaceSettingsPanel-C0CeQhf8.js s=200 d=81µs s=4456
INF http m=GET p=/assets/ServerSettingsPanel-DsIxlWdC.css s=200 d=34µs s=593
INF http m=GET p=/assets/ServerSettingsPanel-Cmq42vr7.js s=200 d=41µs s=2538
INF http m=GET p=/assets/ResourceQuotaForm-Coc__0PE.js s=200 d=36µs s=813
INF http m=GET p=/assets/ResourceQuotaForm-AxNe1Ebg.css s=200 d=30µs s=302
INF http m=GET p=/assets/ProfileSettings-kJBJbTIc.css s=200 d=33µs s=1220
INF http m=GET p=/assets/ProfileSettings-HAdAXUp2.js s=200 d=65µs s=4325
INF http m=GET p=/assets/OrgSettingsPanel-CEubhZUp.css s=200 d=31µs s=509
INF http m=GET p=/assets/OrgSettingsPanel-B6q-g6eD.js s=200 d=44µs s=2306
INF http m=GET p=/assets/InviteForm-fXZCo6g3.js s=200 d=30µs s=1267
INF http m=GET p=/assets/InviteForm-CW-wgFWD.css s=200 d=22µs s=414
INF http m=GET p=/assets/Editor-CO3i7Yl7.css s=200 d=42µs s=2237
INF http m=GET p=/assets/Editor--AVOgcEK.js s=200 d=72µs s=13498
INF http m=GET p=/assets/AdminDashboard-R0heLGro.css s=200 d=26µs s=601
INF http m=GET p=/assets/AdminDashboard-Cfrr1YY_.js s=200 d=39µs s=2075
INF http m=GET p=/manifest.webmanifest s=200 d=25µs s=199
INF http m=POST p=/api/v1/organizations/43LA17GH4000/workspaces s=200 d=270ms s=308
INF http m=POST p=/api/v1/workspaces/43LA15ESS000/nodes/0/page/create s=200 d=189ms s=35
INF http m=GET p=/api/v1/workspaces/43LA15ESS000/nodes/0/children s=200 d=286µs s=257
INF http m=GET p=/api/v1/workspaces/43LA15ESS000/nodes/43LA18TFA000 s=200 d=230µs s=245
INF http m=POST p=/api/v1/auth/switch-workspace s=200 d=31.4ms s=575
INF http m=GET p=/api/v1/workspaces/43LA18CR8000/members s=200 d=2.31ms s=126
INF http m=GET p=/api/v1/notifications/unread-count s=200 d=2.97ms s=25
INF http m=GET p=/api/v1/workspaces/43LA18CR8000/nodes/0/children s=200 d=2.12ms s=26
INF http m=POST p=/api/v1/workspaces/43LA18CR8000/nodes/0/page/create s=200 d=15.3ms s=35
INF http m=GET p=/api/v1/workspaces/43LA18CR8000/nodes/0/children s=200 d=229µs s=257
INF http m=GET p=/api/v1/workspaces/43LA18CR8000/nodes/43LA1ADU6000 s=200 d=246µs s=245
INF http m=POST p=/api/v1/workspaces/43LA15ESS000/nodes/0/page/create s=200 d=19.5ms s=26
INF http m=GET p=/w/@43LA15ESS000+workspace/@43LA18TFA000+welcome s=200 d=41µs s=532
INF http m=GET p=/api/v1/workspaces/43LA15ESS000/events s=200 d=345ms s=238
INF http m=GET p=/api/v1/auth/me s=200 d=266µs s=361
INF http m=GET p=/api/v1/notifications/unread-count s=200 d=207µs s=25
INF http m=GET p=/api/v1/workspaces/43LA15ESS000/members s=200 d=203µs s=124
INF http m=GET p=/api/v1/workspaces/43LA15ESS000/nodes/43LA18TFA000 s=200 d=230µs s=245
INF http m=GET p=/api/v1/workspaces/43LA15ESS000/nodes/0/children s=200 d=630µs s=263
INF http m=GET p=/api/v1/workspaces/43LA15ESS000/nodes/43LA1ALC6000 s=200 d=323µs s=182
INF http m=GET p=/api/v1/workspaces/43LA15ESS000/events s=200 d=189ms s=93
INF http m=POST p=/api/v1/workspaces/43LA18CR8000/nodes/0/page/create s=200 d=38.6ms s=26
INF http m=GET p=/w/@43LA18CR8000+workspace/@43LA1ADU6000+welcome s=200 d=50µs s=532
INF http m=GET p=/api/v1/workspaces/43LA18CR8000/events s=200 d=533ms s=236
INF http m=GET p=/api/v1/auth/me s=200 d=242µs s=359
INF http m=POST p=/api/v1/auth/register s=200 d=149ms s=402
INF http m=GET p=/api/v1/workspaces/43LA18CR8000/nodes/43LA1ADU6000 s=200 d=277µs s=245
INF http m=GET p=/api/v1/workspaces/43LA18CR8000/members s=200 d=219µs s=126
INF http m=GET p=/api/v1/workspaces/43LA18CR8000/nodes/0/children s=200 d=327µs s=270
INF http m=GET p=/api/v1/notifications/unread-count s=200 d=171µs s=25
INF http m=GET p=/ s=200 d=46µs s=532
INF http m=GET p=/assets/index-D8rN_C6i.js s=200 d=170µs s=49782
INF http m=GET p=/assets/index-BppjCDFJ.css s=200 d=227µs s=12398
INF http m=GET p=/assets/editor-vendor-DXykusy4.js s=200 d=177µs s=95952
INF http m=GET p=/assets/vendor-Dz6kinLD.js s=200 d=130µs s=27873
INF http m=GET p=/registerSW.js s=200 d=43µs s=87
INF http m=GET p=/api/v1/workspaces/43LA18CR8000/nodes/43LA1D7JA000 s=200 d=2.34ms s=166
INF http m=GET p=/api/v1/auth/me s=200 d=252µs s=172
INF http m=GET p=/assets/en-BOb8f2G7.js s=200 d=93µs s=5207
INF http m=GET p=/api/v1/notifications/unread-count s=200 d=173µs s=25
INF http m=GET p=/favicon.png s=200 d=33µs s=449
INF http m=GET p=/sw.js s=200 d=117µs s=5541
INF http m=GET p=/registerSW.js s=200 d=42µs s=87
INF http m=POST p=/api/v1/organizations s=200 d=66.8ms s=356
INF http m=GET p=/api/v1/auth/me s=200 d=234µs s=257
INF http m=GET p=/index.html s=200 d=31µs s=532
INF http m=GET p=/icon.svg s=200 d=32µs s=195
INF http m=GET p=/icon-512.png s=200 d=115µs s=6498
INF http m=GET p=/icon-192.png s=200 d=44µs s=2468
INF http m=GET p=/favicon.png s=200 d=24µs s=449
INF http m=GET p=/apple-touch-icon.png s=200 d=32µs s=2298
INF http m=GET p=/assets/material-symbols-names-Dyx5m6Tf.js s=200 d=112µs s=15412
INF http m=GET p=/assets/fr-CgauyyXq.js s=200 d=112µs s=6301
INF http m=GET p=/api/v1/workspaces/43LA18CR8000/events s=200 d=381ms s=93
INF http m=GET p=/assets/es-DHO8DnB9.js s=200 d=104µs s=6015
INF http m=GET p=/assets/emoji-groups-BpL1N8nI.js s=200 d=95µs s=13798
INF http m=GET p=/assets/de-qJeflSp6.js s=200 d=81µs s=6245
INF http m=GET p=/assets/WorkspaceSettingsPanel-CeaO382V.css s=200 d=39µs s=1021
INF http m=GET p=/assets/WorkspaceSettingsPanel-C0CeQhf8.js s=200 d=60µs s=4456
INF http m=GET p=/assets/ServerSettingsPanel-DsIxlWdC.css s=200 d=46µs s=593
INF http m=GET p=/assets/ServerSettingsPanel-Cmq42vr7.js s=200 d=55µs s=2538
INF http m=GET p=/assets/ResourceQuotaForm-Coc__0PE.js s=200 d=41µs s=813
INF http m=GET p=/assets/ResourceQuotaForm-AxNe1Ebg.css s=200 d=37µs s=302
INF http m=GET p=/assets/ProfileSettings-kJBJbTIc.css s=200 d=62µs s=1220
INF http m=GET p=/assets/ProfileSettings-HAdAXUp2.js s=200 d=61µs s=4325
INF http m=GET p=/assets/OrgSettingsPanel-CEubhZUp.css s=200 d=34µs s=509
INF http m=GET p=/assets/OrgSettingsPanel-B6q-g6eD.js s=200 d=45µs s=2306
INF http m=GET p=/assets/InviteForm-fXZCo6g3.js s=200 d=35µs s=1267
INF http m=GET p=/assets/InviteForm-CW-wgFWD.css s=200 d=37µs s=414
INF http m=GET p=/assets/Editor-CO3i7Yl7.css s=200 d=63µs s=2237
INF http m=GET p=/assets/Editor--AVOgcEK.js s=200 d=161µs s=13498
INF http m=GET p=/assets/AdminDashboard-R0heLGro.css s=200 d=41µs s=601
INF http m=GET p=/assets/AdminDashboard-Cfrr1YY_.js s=200 d=45µs s=2075
INF http m=GET p=/manifest.webmanifest s=200 d=39µs s=199
INF http m=POST p=/api/v1/auth/register s=200 d=128ms s=410
INF http m=GET p=/ s=200 d=51µs s=532
INF http m=POST p=/api/v1/organizations/43LA1FIL8000/workspaces s=200 d=470ms s=305
INF http m=GET p=/assets/index-D8rN_C6i.js s=200 d=272µs s=49782
INF http m=GET p=/assets/index-BppjCDFJ.css s=200 d=101µs s=12398
INF http m=GET p=/registerSW.js s=200 d=49µs s=87
INF http m=GET p=/assets/vendor-Dz6kinLD.js s=200 d=99µs s=27873
INF http m=GET p=/assets/editor-vendor-DXykusy4.js s=200 d=130µs s=95952
INF http m=POST p=/api/v1/auth/switch-workspace s=200 d=55.7ms s=574
INF http m=GET p=/api/v1/workspaces/43LA1G1DS000/members s=200 d=940µs s=123
INF http m=GET p=/api/v1/workspaces/43LA1G1DS000/nodes/0/children s=200 d=2.27ms s=26
INF http m=GET p=/api/v1/notifications/unread-count s=200 d=3.99ms s=25
INF http m=POST p=/api/v1/workspaces/43LA1G1DS000/nodes/0/page/create s=200 d=40ms s=35
INF http m=GET p=/api/v1/auth/me s=200 d=253µs s=170
INF http m=GET p=/api/v1/workspaces/43LA1G1DS000/nodes/0/children s=200 d=278µs s=257
INF http m=GET p=/assets/en-BOb8f2G7.js s=200 d=182µs s=5207
INF http m=GET p=/api/v1/notifications/unread-count s=200 d=180µs s=25
INF http m=GET p=/api/v1/workspaces/43LA1G1DS000/nodes/43LA1JHDG000 s=200 d=271µs s=245
INF http m=GET p=/favicon.png s=200 d=30µs s=449
INF http m=GET p=/sw.js s=200 d=128µs s=5541
INF http m=POST p=/api/v1/organizations s=200 d=68.5ms s=354
INF http m=GET p=/registerSW.js s=200 d=41µs s=87
INF http m=GET p=/api/v1/auth/me s=200 d=1.22ms s=255
INF http m=GET p=/index.html s=200 d=39µs s=532
INF http m=GET p=/icon.svg s=200 d=37µs s=195
INF http m=GET p=/icon-512.png s=200 d=111µs s=6498
INF http m=GET p=/icon-192.png s=200 d=53µs s=2468
INF http m=GET p=/favicon.png s=200 d=42µs s=449
INF http m=GET p=/apple-touch-icon.png s=200 d=57µs s=2298
INF http m=GET p=/assets/material-symbols-names-Dyx5m6Tf.js s=200 d=101µs s=15412
INF http m=GET p=/assets/fr-CgauyyXq.js s=200 d=81µs s=6301
INF http m=GET p=/assets/es-DHO8DnB9.js s=200 d=82µs s=6015
INF http m=GET p=/assets/emoji-groups-BpL1N8nI.js s=200 d=299µs s=13798
INF http m=GET p=/assets/de-qJeflSp6.js s=200 d=82µs s=6245
INF http m=GET p=/assets/WorkspaceSettingsPanel-CeaO382V.css s=200 d=31µs s=1021
INF http m=GET p=/assets/WorkspaceSettingsPanel-C0CeQhf8.js s=200 d=55µs s=4456
INF http m=GET p=/assets/ServerSettingsPanel-DsIxlWdC.css s=200 d=19µs s=593
INF http m=GET p=/assets/ServerSettingsPanel-Cmq42vr7.js s=200 d=38µs s=2538
INF http m=GET p=/assets/ResourceQuotaForm-Coc__0PE.js s=200 d=25µs s=813
INF http m=GET p=/assets/ResourceQuotaForm-AxNe1Ebg.css s=200 d=24µs s=302
INF http m=GET p=/assets/ProfileSettings-kJBJbTIc.css s=200 d=34µs s=1220
INF http m=GET p=/assets/ProfileSettings-HAdAXUp2.js s=200 d=53µs s=4325
INF http m=GET p=/assets/OrgSettingsPanel-CEubhZUp.css s=200 d=29µs s=509
INF http m=GET p=/assets/OrgSettingsPanel-B6q-g6eD.js s=200 d=34µs s=2306
INF http m=GET p=/assets/InviteForm-fXZCo6g3.js s=200 d=25µs s=1267
INF http m=GET p=/assets/InviteForm-CW-wgFWD.css s=200 d=28µs s=414
INF http m=GET p=/assets/Editor-CO3i7Yl7.css s=200 d=32µs s=2237
INF http m=GET p=/assets/Editor--AVOgcEK.js s=200 d=79µs s=13498
INF http m=GET p=/assets/AdminDashboard-R0heLGro.css s=200 d=25µs s=601
INF http m=GET p=/assets/AdminDashboard-Cfrr1YY_.js s=200 d=32µs s=2075
INF http m=GET p=/manifest.webmanifest s=200 d=27µs s=199
INF http m=POST p=/api/v1/organizations/43LA1JU22000/workspaces s=200 d=285ms s=302
INF http m=POST p=/api/v1/workspaces/43LA1G1DS000/nodes/0/page/create s=200 d=138ms s=26
INF http m=GET p=/w/@43LA1G1DS000+workspace/@43LA1JHDG000+welcome s=200 d=33µs s=532
INF http m=GET p=/api/v1/workspaces/43LA1G1DS000/events s=200 d=451ms s=237
INF http m=POST p=/api/v1/auth/switch-workspace s=200 d=34.2ms s=567
INF http m=GET p=/api/v1/notifications/unread-count s=200 d=175µs s=25
INF http m=GET p=/api/v1/workspaces/43LA1KERM000/members s=200 d=182µs s=121
INF http m=GET p=/api/v1/workspaces/43LA1KERM000/nodes/0/children s=200 d=276µs s=26
INF http m=GET p=/api/v1/auth/me s=200 d=1.52ms s=359
INF http m=GET p=/api/v1/notifications/unread-count s=200 d=179µs s=25
INF http m=GET p=/api/v1/workspaces/43LA1G1DS000/members s=200 d=145µs s=123
INF http m=GET p=/api/v1/workspaces/43LA1G1DS000/nodes/0/children s=200 d=788µs s=269
INF http m=GET p=/api/v1/workspaces/43LA1G1DS000/nodes/43LA1JHDG000 s=200 d=3.47ms s=245
INF http m=POST p=/api/v1/workspaces/43LA1KERM000/nodes/0/page/create s=200 d=33.8ms s=35
INF http m=GET p=/api/v1/workspaces/43LA1KERM000/nodes/0/children s=200 d=396µs s=266
INF http m=GET p=/api/v1/workspaces/43LA1KERM000/nodes/43LA1ML88000 s=200 d=294µs s=245
INF http m=POST p=/api/v1/workspaces/43LA1KERM000/nodes/0/page/create s=200 d=49.2ms s=26
INF http m=GET p=/w/@43LA1KERM000+workspace/@43LA1ML88000+welcome s=200 d=48µs s=532
INF http m=GET p=/api/v1/workspaces/43LA1KERM000/events s=200 d=91ms s=231
INF http m=GET p=/api/v1/workspaces/43LA1G1DS000/nodes/43LA1LCCA000 s=200 d=827µs s=162
INF http m=GET p=/api/v1/auth/me s=200 d=841µs s=357
INF http m=GET p=/api/v1/notifications/unread-count s=200 d=175µs s=25
INF http m=GET p=/api/v1/workspaces/43LA1KERM000/nodes/0/children s=200 d=836µs s=266
INF http m=GET p=/api/v1/workspaces/43LA1KERM000/members s=200 d=518µs s=121
INF http m=GET p=/api/v1/workspaces/43LA1KERM000/nodes/43LA1ML88000 s=200 d=3.46ms s=245
INF http m=GET p=/api/v1/workspaces/43LA1KERM000/nodes/43LA1MPK2000 s=200 d=341µs s=160
INF http m=GET p=/api/v1/workspaces/43LA1G1DS000/events s=200 d=225ms s=93
INF http m=GET p=/api/v1/workspaces/43LA1KERM000/events s=200 d=337ms s=93
INF http m=POST p=/api/v1/auth/register s=200 d=144ms s=408
INF http m=GET p=/ s=200 d=455µs s=532
INF http m=GET p=/assets/index-D8rN_C6i.js s=200 d=199µs s=49782
INF http m=GET p=/assets/editor-vendor-DXykusy4.js s=200 d=132µs s=95952
INF http m=GET p=/assets/index-BppjCDFJ.css s=200 d=86µs s=12398
INF http m=GET p=/registerSW.js s=200 d=48µs s=87
INF http m=GET p=/assets/vendor-Dz6kinLD.js s=200 d=100µs s=27873
INF http m=GET p=/assets/en-BOb8f2G7.js s=200 d=80µs s=5207
INF http m=GET p=/api/v1/auth/me s=200 d=202µs s=171
INF http m=GET p=/sw.js s=200 d=87µs s=5541
INF http m=GET p=/api/v1/notifications/unread-count s=200 d=198µs s=25
INF http m=GET p=/registerSW.js s=200 d=36µs s=87
INF http m=GET p=/index.html s=200 d=42µs s=532
INF http m=GET p=/favicon.png s=200 d=27µs s=449
INF http m=GET p=/icon.svg s=200 d=28µs s=195
INF http m=GET p=/icon-512.png s=200 d=92µs s=6498
INF http m=POST p=/api/v1/organizations s=200 d=93.4ms s=356
INF http m=GET p=/icon-192.png s=200 d=42µs s=2468
INF http m=GET p=/api/v1/auth/me s=200 d=266µs s=257
INF http m=GET p=/favicon.png s=200 d=32µs s=449
INF http m=GET p=/apple-touch-icon.png s=200 d=46µs s=2298
INF http m=POST p=/api/v1/auth/register s=200 d=188ms s=406
INF http m=GET p=/assets/material-symbols-names-Dyx5m6Tf.js s=200 d=79µs s=15412
INF http m=GET p=/ s=200 d=79µs s=532
INF http m=GET p=/registerSW.js s=200 d=62µs s=87
INF http m=GET p=/assets/index-D8rN_C6i.js s=200 d=114µs s=49782
INF http m=GET p=/assets/vendor-Dz6kinLD.js s=200 d=117µs s=27873
INF http m=GET p=/assets/editor-vendor-DXykusy4.js s=200 d=141µs s=95952
INF http m=GET p=/assets/index-BppjCDFJ.css s=200 d=95µs s=12398
INF http m=GET p=/assets/fr-CgauyyXq.js s=200 d=89µs s=6301
INF http m=GET p=/assets/es-DHO8DnB9.js s=200 d=88µs s=6015
INF http m=GET p=/assets/emoji-groups-BpL1N8nI.js s=200 d=102µs s=13798
INF http m=GET p=/assets/de-qJeflSp6.js s=200 d=103µs s=6245
INF http m=GET p=/assets/WorkspaceSettingsPanel-CeaO382V.css s=200 d=42µs s=1021
INF http m=GET p=/assets/WorkspaceSettingsPanel-C0CeQhf8.js s=200 d=112µs s=4456
INF http m=GET p=/assets/ServerSettingsPanel-DsIxlWdC.css s=200 d=30µs s=593
INF http m=GET p=/api/v1/auth/me s=200 d=629µs s=173
INF http m=GET p=/assets/en-BOb8f2G7.js s=200 d=59µs s=5207
INF http m=GET p=/assets/ServerSettingsPanel-Cmq42vr7.js s=200 d=35µs s=2538
INF http m=GET p=/assets/ResourceQuotaForm-Coc__0PE.js s=200 d=38µs s=813
INF http m=GET p=/assets/ResourceQuotaForm-AxNe1Ebg.css s=200 d=32µs s=302
INF http m=GET p=/assets/ProfileSettings-kJBJbTIc.css s=200 d=36µs s=1220
INF http m=GET p=/api/v1/notifications/unread-count s=200 d=337µs s=25
INF http m=GET p=/assets/ProfileSettings-HAdAXUp2.js s=200 d=59µs s=4325
INF http m=GET p=/favicon.png s=200 d=27µs s=449
INF http m=GET p=/assets/OrgSettingsPanel-CEubhZUp.css s=200 d=29µs s=509
INF http m=GET p=/sw.js s=200 d=68µs s=5541
INF http m=GET p=/assets/OrgSettingsPanel-B6q-g6eD.js s=200 d=35µs s=2306
INF http m=GET p=/assets/InviteForm-fXZCo6g3.js s=200 d=30µs s=1267
INF http m=GET p=/assets/InviteForm-CW-wgFWD.css s=200 d=49µs s=414
INF http m=GET p=/assets/Editor-CO3i7Yl7.css s=200 d=73µs s=2237
INF http m=GET p=/assets/Editor--AVOgcEK.js s=200 d=82µs s=13498
INF http m=GET p=/registerSW.js s=200 d=35µs s=87
INF http m=GET p=/assets/AdminDashboard-R0heLGro.css s=200 d=26µs s=601
INF http m=GET p=/assets/AdminDashboard-Cfrr1YY_.js s=200 d=41µs s=2075
INF http m=GET p=/index.html s=200 d=24µs s=532
INF http m=GET p=/manifest.webmanifest s=200 d=32µs s=199
INF http m=GET p=/icon.svg s=200 d=32µs s=195
INF http m=GET p=/icon-512.png s=200 d=167µs s=6498
INF http m=GET p=/icon-192.png s=200 d=56µs s=2468
INF http m=GET p=/favicon.png s=200 d=33µs s=449
INF http m=GET p=/apple-touch-icon.png s=200 d=54µs s=2298
INF http m=GET p=/assets/material-symbols-names-Dyx5m6Tf.js s=200 d=106µs s=15412
INF http m=GET p=/assets/fr-CgauyyXq.js s=200 d=100µs s=6301
INF http m=GET p=/assets/es-DHO8DnB9.js s=200 d=89µs s=6015
INF http m=GET p=/assets/emoji-groups-BpL1N8nI.js s=200 d=115µs s=13798
INF http m=GET p=/assets/de-qJeflSp6.js s=200 d=119µs s=6245
INF http m=POST p=/api/v1/organizations/43LA1RKF4000/workspaces s=200 d=493ms s=302
INF http m=GET p=/assets/WorkspaceSettingsPanel-CeaO382V.css s=200 d=33µs s=1021
INF http m=GET p=/assets/WorkspaceSettingsPanel-C0CeQhf8.js s=200 d=66µs s=4456
INF http m=GET p=/assets/ServerSettingsPanel-DsIxlWdC.css s=200 d=36µs s=593
INF http m=GET p=/assets/ServerSettingsPanel-Cmq42vr7.js s=200 d=44µs s=2538
INF http m=GET p=/assets/ResourceQuotaForm-Coc__0PE.js s=200 d=43µs s=813
INF http m=GET p=/assets/ResourceQuotaForm-AxNe1Ebg.css s=200 d=38µs s=302
INF http m=GET p=/assets/ProfileSettings-kJBJbTIc.css s=200 d=31µs s=1220
INF http m=POST p=/api/v1/organizations s=200 d=263ms s=357
INF http m=GET p=/assets/ProfileSettings-HAdAXUp2.js s=200 d=61µs s=4325
INF http m=GET p=/api/v1/auth/me s=200 d=757µs s=256
INF http m=POST p=/api/v1/auth/switch-workspace s=200 d=51.9ms s=570
INF http m=GET p=/assets/OrgSettingsPanel-CEubhZUp.css s=200 d=38µs s=509
INF http m=GET p=/assets/OrgSettingsPanel-B6q-g6eD.js s=200 d=46µs s=2306
INF http m=GET p=/api/v1/notifications/unread-count s=200 d=202µs s=25
INF http m=GET p=/api/v1/workspaces/43LA1S85S000/nodes/0/children s=200 d=3.64ms s=26
INF http m=GET p=/api/v1/workspaces/43LA1S85S000/members s=200 d=3.46ms s=121
INF http m=GET p=/assets/InviteForm-fXZCo6g3.js s=200 d=36µs s=1267
INF http m=GET p=/assets/InviteForm-CW-wgFWD.css s=200 d=38µs s=414
INF http m=GET p=/assets/Editor-CO3i7Yl7.css s=200 d=98µs s=2237
INF http m=GET p=/assets/Editor--AVOgcEK.js s=200 d=96µs s=13498
INF http m=GET p=/assets/AdminDashboard-R0heLGro.css s=200 d=37µs s=601
INF http m=GET p=/assets/AdminDashboard-Cfrr1YY_.js s=200 d=44µs s=2075
INF http m=GET p=/manifest.webmanifest s=200 d=29µs s=199
INF http m=POST p=/api/v1/organizations/43LA1TTNC000/workspaces s=200 d=237ms s=308
INF http m=POST p=/api/v1/workspaces/43LA1S85S000/nodes/0/page/create s=200 d=198ms s=35
INF http m=GET p=/api/v1/workspaces/43LA1S85S000/nodes/0/children s=200 d=253µs s=257
INF http m=GET p=/api/v1/workspaces/43LA1S85S000/nodes/43LA1VVA8000 s=200 d=298µs s=245
INF http m=POST p=/api/v1/auth/switch-workspace s=200 d=52.1ms s=572
INF http m=GET p=/api/v1/notifications/unread-count s=200 d=225µs s=25
INF http m=GET p=/api/v1/workspaces/43LA1VJ3Q000/nodes/0/children s=200 d=391µs s=26
INF http m=GET p=/api/v1/workspaces/43LA1VJ3Q000/members s=200 d=264µs s=122
INF http m=POST p=/api/v1/workspaces/43LA1S85S000/nodes/0/page/create s=200 d=24.4ms s=26
INF http m=GET p=/w/@43LA1S85S000+workspace/@43LA1VVA8000+welcome s=200 d=36µs s=532
INF http m=GET p=/api/v1/workspaces/43LA1S85S000/events s=200 d=318ms s=234
INF http m=POST p=/api/v1/workspaces/43LA1VJ3Q000/nodes/0/page/create s=200 d=19.7ms s=35
INF http m=GET p=/api/v1/workspaces/43LA1VJ3Q000/nodes/0/children s=200 d=3.61ms s=257
INF http m=GET p=/api/v1/workspaces/43LA1VJ3Q000/nodes/43LA21K3S000 s=200 d=343µs s=245
INF http m=GET p=/api/v1/auth/me s=200 d=284µs s=358
INF http m=GET p=/api/v1/workspaces/43LA1S85S000/nodes/43LA1VVA8000 s=200 d=370µs s=245
INF http m=GET p=/api/v1/workspaces/43LA1S85S000/members s=200 d=546µs s=121
INF http m=GET p=/api/v1/notifications/unread-count s=200 d=142µs s=25
INF http m=GET p=/api/v1/workspaces/43LA1S85S000/nodes/0/children s=200 d=850µs s=271
INF http m=GET p=/api/v1/workspaces/43LA1S85S000/nodes/43LA21GRC000 s=200 d=322µs s=163
INF http m=GET p=/api/v1/workspaces/43LA1S85S000/events s=200 d=231ms s=93
INF http m=POST p=/api/v1/workspaces/43LA1VJ3Q000/nodes/0/page/create s=200 d=29.2ms s=26
INF http m=GET p=/w/@43LA1VJ3Q000+workspace/@43LA21K3S000+welcome s=200 d=41µs s=532
INF http m=GET p=/api/v1/workspaces/43LA1VJ3Q000/events s=200 d=376ms s=231
INF http m=GET p=/api/v1/auth/me s=200 d=279µs s=358
INF http m=GET p=/api/v1/workspaces/43LA1VJ3Q000/nodes/0/children s=200 d=429µs s=276
INF http m=GET p=/api/v1/notifications/unread-count s=200 d=362µs s=25
INF http m=GET p=/api/v1/workspaces/43LA1VJ3Q000/nodes/43LA21K3S000 s=200 d=790µs s=245
INF http m=GET p=/api/v1/workspaces/43LA1VJ3Q000/members s=200 d=578µs s=122
INF http m=GET p=/api/v1/workspaces/43LA1VJ3Q000/nodes/43LA23GRE000 s=200 d=807µs s=162
INF http m=POST p=/api/v1/auth/register s=200 d=159ms s=407
INF http m=GET p=/ s=200 d=54µs s=532
INF http m=GET p=/assets/index-D8rN_C6i.js s=200 d=197µs s=49782
INF http m=GET p=/assets/index-BppjCDFJ.css s=200 d=140µs s=12398
INF http m=GET p=/assets/vendor-Dz6kinLD.js s=200 d=168µs s=27873
INF http m=GET p=/assets/editor-vendor-DXykusy4.js s=200 d=421µs s=95952
INF http m=GET p=/registerSW.js s=200 d=45µs s=87
INF http m=GET p=/api/v1/auth/me s=200 d=1.01ms s=174
INF http m=GET p=/assets/en-BOb8f2G7.js s=200 d=107µs s=5207
INF http m=GET p=/favicon.png s=200 d=178µs s=449
INF http m=GET p=/api/v1/notifications/unread-count s=200 d=166µs s=25
INF http m=GET p=/sw.js s=200 d=99µs s=5541
INF http m=GET p=/registerSW.js s=200 d=56µs s=87
INF http m=GET p=/index.html s=200 d=38µs s=532
INF http m=POST p=/api/v1/organizations s=200 d=69.9ms s=358
INF http m=GET p=/api/v1/auth/me s=200 d=225µs s=259
INF http m=GET p=/icon.svg s=200 d=29µs s=195
INF http m=GET p=/api/v1/workspaces/43LA1VJ3Q000/events s=200 d=432ms s=93
INF http m=GET p=/icon-512.png s=200 d=97µs s=6498
INF http m=GET p=/icon-192.png s=200 d=52µs s=2468
INF http m=GET p=/favicon.png s=200 d=51µs s=449
INF http m=GET p=/apple-touch-icon.png s=200 d=66µs s=2298
INF http m=GET p=/assets/material-symbols-names-Dyx5m6Tf.js s=200 d=91µs s=15412
INF http m=GET p=/assets/fr-CgauyyXq.js s=200 d=97µs s=6301
INF http m=GET p=/assets/es-DHO8DnB9.js s=200 d=81µs s=6015
INF http m=GET p=/assets/emoji-groups-BpL1N8nI.js s=200 d=96µs s=13798
INF http m=GET p=/assets/de-qJeflSp6.js s=200 d=82µs s=6245
INF http m=GET p=/assets/WorkspaceSettingsPanel-CeaO382V.css s=200 d=76µs s=1021
INF http m=GET p=/assets/WorkspaceSettingsPanel-C0CeQhf8.js s=200 d=80µs s=4456
INF http m=GET p=/assets/ServerSettingsPanel-DsIxlWdC.css s=200 d=35µs s=593
INF http m=GET p=/assets/ServerSettingsPanel-Cmq42vr7.js s=200 d=51µs s=2538
INF http m=GET p=/assets/ResourceQuotaForm-Coc__0PE.js s=200 d=37µs s=813
INF http m=GET p=/assets/ResourceQuotaForm-AxNe1Ebg.css s=200 d=28µs s=302
INF http m=GET p=/assets/ProfileSettings-kJBJbTIc.css s=200 d=38µs s=1220
INF http m=GET p=/assets/ProfileSettings-HAdAXUp2.js s=200 d=73µs s=4325
INF http m=GET p=/assets/OrgSettingsPanel-CEubhZUp.css s=200 d=32µs s=509
INF http m=GET p=/assets/OrgSettingsPanel-B6q-g6eD.js s=200 d=42µs s=2306
INF http m=GET p=/assets/InviteForm-fXZCo6g3.js s=200 d=31µs s=1267
INF http m=GET p=/assets/InviteForm-CW-wgFWD.css s=200 d=32µs s=414
INF http m=GET p=/assets/Editor-CO3i7Yl7.css s=200 d=52µs s=2237
INF http m=GET p=/assets/Editor--AVOgcEK.js s=200 d=102µs s=13498
INF http m=GET p=/assets/AdminDashboard-R0heLGro.css s=200 d=41µs s=601
INF http m=GET p=/assets/AdminDashboard-Cfrr1YY_.js s=200 d=41µs s=2075
INF http m=GET p=/manifest.webmanifest s=200 d=32µs s=199
INF http m=POST p=/api/v1/organizations/43LA26OME000/workspaces s=200 d=425ms s=308
INF http m=POST p=/api/v1/auth/register s=200 d=227ms s=406
INF http m=GET p=/ s=200 d=52µs s=532
INF http m=POST p=/api/v1/auth/switch-workspace s=200 d=56.7ms s=653
INF http m=GET p=/assets/index-D8rN_C6i.js s=200 d=157µs s=49782
INF http m=GET p=/assets/index-BppjCDFJ.css s=200 d=125µs s=12398
INF http m=GET p=/assets/editor-vendor-DXykusy4.js s=200 d=156µs s=95952
INF http m=GET p=/assets/vendor-Dz6kinLD.js s=200 d=104µs s=27873
INF http m=GET p=/registerSW.js s=200 d=39µs s=87
INF http m=GET p=/api/v1/workspaces/43LA278VI000/nodes/0/children s=200 d=1.13ms s=26
INF http m=GET p=/api/v1/workspaces/43LA278VI000/members s=200 d=577µs s=125
INF http m=GET p=/api/v1/notifications/unread-count s=200 d=201µs s=25
INF http m=POST p=/api/v1/workspaces/43LA278VI000/nodes/0/page/create s=200 d=31.2ms s=35
INF http m=GET p=/api/v1/workspaces/43LA278VI000/nodes/0/children s=200 d=311µs s=257
INF http m=GET p=/api/v1/workspaces/43LA278VI000/nodes/43LA2AP8I000 s=200 d=307µs s=245
INF http m=GET p=/assets/en-BOb8f2G7.js s=200 d=136µs s=5207
INF http m=GET p=/api/v1/auth/me s=200 d=227µs s=170
INF http m=GET p=/api/v1/notifications/unread-count s=200 d=202µs s=25
INF http m=GET p=/favicon.png s=200 d=40µs s=449
INF http m=GET p=/sw.js s=200 d=102µs s=5541
INF http m=GET p=/registerSW.js s=200 d=40µs s=87
INF http m=POST p=/api/v1/organizations s=200 d=72.7ms s=355
INF http m=GET p=/api/v1/auth/me s=200 d=223µs s=255
INF http m=GET p=/index.html s=200 d=36µs s=532
INF http m=GET p=/icon.svg s=200 d=28µs s=195
INF http m=GET p=/icon-512.png s=200 d=66µs s=6498
INF http m=GET p=/icon-192.png s=200 d=65µs s=2468
INF http m=GET p=/favicon.png s=200 d=28µs s=449
INF http m=GET p=/apple-touch-icon.png s=200 d=45µs s=2298
INF http m=GET p=/assets/material-symbols-names-Dyx5m6Tf.js s=200 d=101µs s=15412
INF http m=GET p=/assets/fr-CgauyyXq.js s=200 d=81µs s=6301
INF http m=GET p=/assets/es-DHO8DnB9.js s=200 d=70µs s=6015
INF http m=GET p=/assets/emoji-groups-BpL1N8nI.js s=200 d=89µs s=13798
INF http m=GET p=/assets/de-qJeflSp6.js s=200 d=74µs s=6245
INF http m=GET p=/assets/WorkspaceSettingsPanel-CeaO382V.css s=200 d=34µs s=1021
INF http m=GET p=/assets/WorkspaceSettingsPanel-C0CeQhf8.js s=200 d=66µs s=4456
INF http m=GET p=/assets/ServerSettingsPanel-DsIxlWdC.css s=200 d=28µs s=593
INF http m=GET p=/assets/ServerSettingsPanel-Cmq42vr7.js s=200 d=31µs s=2538
INF http m=GET p=/assets/ResourceQuotaForm-Coc__0PE.js s=200 d=53µs s=813
INF http m=GET p=/assets/ResourceQuotaForm-AxNe1Ebg.css s=200 d=26µs s=302
INF http m=GET p=/assets/ProfileSettings-kJBJbTIc.css s=200 d=25µs s=1220
INF http m=GET p=/assets/ProfileSettings-HAdAXUp2.js s=200 d=83µs s=4325
INF http m=GET p=/assets/OrgSettingsPanel-CEubhZUp.css s=200 d=24µs s=509
INF http m=GET p=/assets/OrgSettingsPanel-B6q-g6eD.js s=200 d=34µs s=2306
INF http m=GET p=/assets/InviteForm-fXZCo6g3.js s=200 d=24µs s=1267
INF http m=GET p=/assets/InviteForm-CW-wgFWD.css s=200 d=27µs s=414
INF http m=GET p=/assets/Editor-CO3i7Yl7.css s=200 d=31µs s=2237
INF http m=GET p=/assets/Editor--AVOgcEK.js s=200 d=57µs s=13498
INF http m=GET p=/assets/AdminDashboard-R0heLGro.css s=200 d=138µs s=601
INF http m=GET p=/assets/AdminDashboard-Cfrr1YY_.js s=200 d=35µs s=2075
INF http m=GET p=/manifest.webmanifest s=200 d=27µs s=199
INF http m=POST p=/api/v1/organizations/43LA2BB0C000/workspaces s=200 d=247ms s=301
INF http m=POST p=/api/v1/workspaces/43LA278VI000/nodes/0/page/create s=200 d=168ms s=26
INF http m=GET p=/w/@43LA278VI000+workspace/@43LA2AP8I000+welcome s=200 d=35µs s=532
INF http m=GET p=/api/v1/workspaces/43LA278VI000/events s=200 d=444ms s=233
INF http m=POST p=/api/v1/auth/switch-workspace s=200 d=43.1ms s=570
INF http m=GET p=/api/v1/auth/me s=200 d=2.83ms s=359
INF http m=GET p=/api/v1/workspaces/43LA2BQKO000/nodes/0/children s=200 d=330µs s=26
INF http m=GET p=/api/v1/notifications/unread-count s=200 d=129µs s=25
INF http m=GET p=/api/v1/workspaces/43LA2BQKO000/members s=200 d=151µs s=121
INF http m=GET p=/api/v1/workspaces/43LA278VI000/nodes/0/children s=200 d=4.84ms s=267
INF http m=GET p=/api/v1/workspaces/43LA278VI000/members s=200 d=4.8ms s=125
INF http m=GET p=/api/v1/workspaces/43LA278VI000/nodes/43LA2AP8I000 s=200 d=221µs s=245
INF http m=GET p=/api/v1/notifications/unread-count s=200 d=4.14ms s=25
INF http m=POST p=/api/v1/workspaces/43LA2BQKO000/nodes/0/page/create s=200 d=45.2ms s=35
INF http m=GET p=/api/v1/workspaces/43LA2BQKO000/nodes/0/children s=200 d=285µs s=255
INF http m=GET p=/api/v1/workspaces/43LA2BQKO000/nodes/43LA2DP8U000 s=200 d=281µs s=245
INF http m=POST p=/api/v1/workspaces/43LA2BQKO000/nodes/0/page/create s=200 d=30.9ms s=26
INF http m=GET p=/w/@43LA2BQKO000+workspace/@43LA2DP8U000+welcome s=200 d=43µs s=532
INF http m=GET p=/api/v1/workspaces/43LA278VI000/nodes/43LA2CB7E000 s=200 d=337µs s=159
INF http m=GET p=/api/v1/workspaces/43LA2BQKO000/events s=200 d=97.6ms s=232
INF http m=GET p=/api/v1/auth/me s=200 d=469µs s=356
INF http m=GET p=/api/v1/notifications/unread-count s=200 d=381µs s=25
INF http m=GET p=/api/v1/workspaces/43LA2BQKO000/nodes/0/children s=200 d=906µs s=255
INF http m=GET p=/api/v1/workspaces/43LA2BQKO000/members s=200 d=956µs s=121
INF http m=GET p=/api/v1/workspaces/43LA2BQKO000/nodes/43LA2DP8U000 s=200 d=7.21ms s=245
INF http m=GET p=/api/v1/workspaces/43LA2BQKO000/nodes/43LA2E0IO000 s=200 d=388µs s=138
INF http m=GET p=/api/v1/workspaces/43LA2BQKO000/events s=200 d=208ms s=93
INF http m=POST p=/api/v1/auth/register s=200 d=122ms s=408
INF http m=GET p=/ s=200 d=53µs s=532
INF http m=GET p=/assets/index-D8rN_C6i.js s=200 d=192µs s=49782
INF http m=GET p=/assets/index-BppjCDFJ.css s=200 d=126µs s=12398
INF http m=GET p=/assets/editor-vendor-DXykusy4.js s=200 d=157µs s=95952
INF http m=GET p=/assets/vendor-Dz6kinLD.js s=200 d=141µs s=27873
INF http m=GET p=/registerSW.js s=200 d=48µs s=87
INF http m=GET p=/assets/en-BOb8f2G7.js s=200 d=126µs s=5207
INF http m=GET p=/api/v1/auth/me s=200 d=284µs s=176
INF http m=GET p=/favicon.png s=200 d=43µs s=449
INF http m=GET p=/sw.js s=200 d=78µs s=5541
INF http m=GET p=/api/v1/notifications/unread-count s=200 d=183µs s=25
INF http m=GET p=/registerSW.js s=200 d=54µs s=87
INF http m=GET p=/index.html s=200 d=43µs s=532
INF http m=GET p=/icon.svg s=200 d=31µs s=195
INF http m=GET p=/icon-512.png s=200 d=82µs s=6498
INF http m=GET p=/icon-192.png s=200 d=54µs s=2468
INF http m=GET p=/favicon.png s=200 d=36µs s=449
INF http m=GET p=/apple-touch-icon.png s=200 d=59µs s=2298
INF http m=POST p=/api/v1/organizations s=200 d=86.8ms s=361
INF http m=GET p=/api/v1/auth/me s=200 d=217µs s=260
INF http m=GET p=/assets/material-symbols-names-Dyx5m6Tf.js s=200 d=101µs s=15412
INF http m=GET p=/assets/fr-CgauyyXq.js s=200 d=86µs s=6301
INF http m=GET p=/assets/es-DHO8DnB9.js s=200 d=136µs s=6015
INF http m=GET p=/assets/emoji-groups-BpL1N8nI.js s=200 d=91µs s=13798
INF http m=GET p=/assets/de-qJeflSp6.js s=200 d=80µs s=6245
INF http m=GET p=/assets/WorkspaceSettingsPanel-CeaO382V.css s=200 d=28µs s=1021
INF http m=GET p=/assets/WorkspaceSettingsPanel-C0CeQhf8.js s=200 d=65µs s=4456
INF http m=GET p=/assets/ServerSettingsPanel-DsIxlWdC.css s=200 d=30µs s=593
INF http m=GET p=/assets/ServerSettingsPanel-Cmq42vr7.js s=200 d=33µs s=2538
INF http m=GET p=/assets/ResourceQuotaForm-Coc__0PE.js s=200 d=23µs s=813
INF http m=GET p=/assets/ResourceQuotaForm-AxNe1Ebg.css s=200 d=30µs s=302
INF http m=GET p=/assets/ProfileSettings-kJBJbTIc.css s=200 d=28µs s=1220
INF http m=GET p=/assets/ProfileSettings-HAdAXUp2.js s=200 d=112µs s=4325
INF http m=GET p=/assets/OrgSettingsPanel-CEubhZUp.css s=200 d=34µs s=509
INF http m=GET p=/assets/OrgSettingsPanel-B6q-g6eD.js s=200 d=40µs s=2306
INF http m=GET p=/assets/InviteForm-fXZCo6g3.js s=200 d=24µs s=1267
INF http m=GET p=/assets/InviteForm-CW-wgFWD.css s=200 d=26µs s=414
INF http m=GET p=/assets/Editor-CO3i7Yl7.css s=200 d=32µs s=2237
INF http m=GET p=/assets/Editor--AVOgcEK.js s=200 d=71µs s=13498
INF http m=GET p=/assets/AdminDashboard-R0heLGro.css s=200 d=19µs s=601
INF http m=GET p=/assets/AdminDashboard-Cfrr1YY_.js s=200 d=33µs s=2075
INF http m=GET p=/manifest.webmanifest s=200 d=24µs s=199
INF http m=POST p=/api/v1/organizations/43LA2J1UM000/workspaces s=200 d=277ms s=308
INF http m=POST p=/api/v1/auth/switch-workspace s=200 d=28.3ms s=571
INF http m=GET p=/api/v1/workspaces/43LA2JL3Q000/nodes/0/children s=200 d=625µs s=26
INF http m=GET p=/api/v1/notifications/unread-count s=200 d=937µs s=25
INF http m=GET p=/api/v1/workspaces/43LA2JL3Q000/members s=200 d=587µs s=127
INF http m=POST p=/api/v1/workspaces/43LA2JL3Q000/nodes/0/page/create s=200 d=17.9ms s=35
INF http m=GET p=/api/v1/workspaces/43LA2JL3Q000/nodes/0/children s=200 d=356µs s=268
INF http m=GET p=/api/v1/workspaces/43LA2JL3Q000/nodes/43LA2LMA4000 s=200 d=299µs s=245
INF http m=POST p=/api/v1/workspaces/43LA2JL3Q000/nodes/0/page/create s=200 d=35.2ms s=26
INF http m=GET p=/w/@43LA2JL3Q000+workspace/@43LA2LMA4000+welcome s=200 d=48µs s=532
INF http m=GET p=/api/v1/workspaces/43LA2JL3Q000/events s=200 d=78.1ms s=231
INF http m=GET p=/api/v1/auth/me s=200 d=291µs s=361
INF http m=GET p=/api/v1/workspaces/43LA278VI000/events s=200 d=1.42s s=93
INF http m=GET p=/api/v1/notifications/unread-count s=200 d=190µs s=25
INF http m=GET p=/api/v1/workspaces/43LA2JL3Q000/nodes/0/children s=200 d=1.01ms s=268
INF http m=GET p=/api/v1/workspaces/43LA2JL3Q000/members s=200 d=219µs s=127
INF http m=GET p=/api/v1/workspaces/43LA2JL3Q000/nodes/43LA2LMA4000 s=200 d=252µs s=245
INF http m=GET p=/api/v1/workspaces/43LA2JL3Q000/nodes/43LA2LOQ4000 s=200 d=378µs s=167
INF http m=POST p=/api/v1/auth/register s=200 d=139ms s=414
INF http m=GET p=/ s=200 d=56µs s=532
INF http m=GET p=/api/v1/workspaces/43LA2JL3Q000/events s=200 d=303ms s=93
INF http m=GET p=/assets/index-BppjCDFJ.css s=200 d=132µs s=12398
INF http m=GET p=/assets/index-D8rN_C6i.js s=200 d=98µs s=49782
INF http m=GET p=/assets/editor-vendor-DXykusy4.js s=200 d=160µs s=95952
INF http m=GET p=/registerSW.js s=200 d=30µs s=87
INF http m=GET p=/assets/vendor-Dz6kinLD.js s=200 d=100µs s=27873
INF http m=GET p=/assets/en-BOb8f2G7.js s=200 d=99µs s=5207
INF http m=GET p=/api/v1/auth/me s=200 d=223µs s=177
INF http m=GET p=/favicon.png s=200 d=50µs s=449
INF http m=GET p=/api/v1/notifications/unread-count s=200 d=189µs s=25
INF http m=GET p=/sw.js s=200 d=718µs s=5541
INF http m=GET p=/registerSW.js s=200 d=44µs s=87
INF http m=GET p=/index.html s=200 d=49µs s=532
INF http m=POST p=/api/v1/organizations s=200 d=104ms s=361
INF http m=GET p=/api/v1/auth/me s=200 d=205µs s=263
INF http m=GET p=/icon.svg s=200 d=41µs s=195
INF http m=GET p=/icon-512.png s=200 d=78µs s=6498
INF http m=GET p=/icon-192.png s=200 d=59µs s=2468
INF http m=GET p=/favicon.png s=200 d=38µs s=449
INF http m=GET p=/apple-touch-icon.png s=200 d=45µs s=2298
INF http m=GET p=/assets/material-symbols-names-Dyx5m6Tf.js s=200 d=87µs s=15412
INF http m=GET p=/assets/fr-CgauyyXq.js s=200 d=91µs s=6301
INF http m=GET p=/assets/es-DHO8DnB9.js s=200 d=72µs s=6015
INF http m=GET p=/assets/emoji-groups-BpL1N8nI.js s=200 d=94µs s=13798
INF http m=GET p=/assets/de-qJeflSp6.js s=200 d=84µs s=6245
INF http m=GET p=/assets/WorkspaceSettingsPanel-CeaO382V.css s=200 d=32µs s=1021
INF http m=GET p=/assets/WorkspaceSettingsPanel-C0CeQhf8.js s=200 d=58µs s=4456
INF http m=GET p=/assets/ServerSettingsPanel-DsIxlWdC.css s=200 d=43µs s=593
INF http m=GET p=/assets/ServerSettingsPanel-Cmq42vr7.js s=200 d=40µs s=2538
INF http m=GET p=/assets/ResourceQuotaForm-Coc__0PE.js s=200 d=32µs s=813
INF http m=GET p=/assets/ResourceQuotaForm-AxNe1Ebg.css s=200 d=28µs s=302
INF http m=GET p=/assets/ProfileSettings-kJBJbTIc.css s=200 d=34µs s=1220
INF http m=GET p=/assets/ProfileSettings-HAdAXUp2.js s=200 d=58µs s=4325
INF http m=GET p=/assets/OrgSettingsPanel-CEubhZUp.css s=200 d=42µs s=509
INF http m=GET p=/assets/OrgSettingsPanel-B6q-g6eD.js s=200 d=43µs s=2306
INF http m=GET p=/assets/InviteForm-fXZCo6g3.js s=200 d=60µs s=1267
INF http m=GET p=/assets/InviteForm-CW-wgFWD.css s=200 d=33µs s=414
INF http m=GET p=/assets/Editor-CO3i7Yl7.css s=200 d=50µs s=2237
INF http m=GET p=/assets/Editor--AVOgcEK.js s=200 d=71µs s=13498
INF http m=GET p=/assets/AdminDashboard-R0heLGro.css s=200 d=34µs s=601
INF http m=GET p=/assets/AdminDashboard-Cfrr1YY_.js s=200 d=109µs s=2075
INF http m=GET p=/manifest.webmanifest s=200 d=46µs s=199
INF http m=POST p=/api/v1/organizations/43LA2PG7Q000/workspaces s=200 d=436ms s=309
INF http m=POST p=/api/v1/auth/register s=200 d=430ms s=413
INF http m=GET p=/ s=200 d=62µs s=532
INF http m=GET p=/assets/index-D8rN_C6i.js s=200 d=191µs s=49782
INF http m=GET p=/assets/index-BppjCDFJ.css s=200 d=126µs s=12398
INF http m=GET p=/assets/editor-vendor-DXykusy4.js s=200 d=500µs s=95952
INF http m=GET p=/assets/vendor-Dz6kinLD.js s=200 d=130µs s=27873
INF http m=POST p=/api/v1/auth/switch-workspace s=200 d=47.3ms s=607
INF http m=GET p=/registerSW.js s=200 d=45µs s=87
INF http m=GET p=/api/v1/notifications/unread-count s=200 d=246µs s=25
INF http m=GET p=/api/v1/workspaces/43LA2Q7RM000/nodes/0/children s=200 d=1.03ms s=26
INF http m=GET p=/api/v1/workspaces/43LA2Q7RM000/members s=200 d=217µs s=129
INF http m=POST p=/api/v1/workspaces/43LA2Q7RM000/nodes/0/page/create s=200 d=30.2ms s=35
INF http m=GET p=/api/v1/workspaces/43LA2Q7RM000/nodes/0/children s=200 d=289µs s=257
INF http m=GET p=/api/v1/auth/me s=200 d=636µs s=175
INF http m=GET p=/api/v1/workspaces/43LA2Q7RM000/nodes/43LA2TJTI000 s=200 d=546µs s=245
INF http m=GET p=/assets/en-BOb8f2G7.js s=200 d=125µs s=5207
INF http m=GET p=/api/v1/notifications/unread-count s=200 d=209µs s=25
INF http m=GET p=/sw.js s=200 d=205µs s=5541
INF http m=GET p=/favicon.png s=200 d=27µs s=449
INF http m=GET p=/registerSW.js s=200 d=40µs s=87
INF http m=GET p=/index.html s=200 d=40µs s=532
INF http m=GET p=/icon.svg s=200 d=28µs s=195
INF http m=POST p=/api/v1/organizations s=200 d=56.6ms s=360
INF http m=GET p=/api/v1/auth/me s=200 d=719µs s=259
INF http m=GET p=/icon-512.png s=200 d=165µs s=6498
INF http m=GET p=/icon-192.png s=200 d=78µs s=2468
INF http m=GET p=/favicon.png s=200 d=23µs s=449
INF http m=GET p=/apple-touch-icon.png s=200 d=40µs s=2298
INF http m=GET p=/assets/material-symbols-names-Dyx5m6Tf.js s=200 d=113µs s=15412
INF http m=GET p=/assets/fr-CgauyyXq.js s=200 d=547µs s=6301
INF http m=GET p=/assets/es-DHO8DnB9.js s=200 d=72µs s=6015
INF http m=GET p=/assets/emoji-groups-BpL1N8nI.js s=200 d=78µs s=13798
INF http m=GET p=/assets/de-qJeflSp6.js s=200 d=93µs s=6245
INF http m=GET p=/assets/WorkspaceSettingsPanel-CeaO382V.css s=200 d=31µs s=1021
INF http m=GET p=/assets/WorkspaceSettingsPanel-C0CeQhf8.js s=200 d=62µs s=4456
INF http m=GET p=/assets/ServerSettingsPanel-DsIxlWdC.css s=200 d=30µs s=593
INF http m=GET p=/assets/ServerSettingsPanel-Cmq42vr7.js s=200 d=39µs s=2538
INF http m=GET p=/assets/ResourceQuotaForm-Coc__0PE.js s=200 d=24µs s=813
INF http m=GET p=/assets/ResourceQuotaForm-AxNe1Ebg.css s=200 d=26µs s=302
INF http m=GET p=/assets/ProfileSettings-kJBJbTIc.css s=200 d=28µs s=1220
INF http m=GET p=/assets/ProfileSettings-HAdAXUp2.js s=200 d=367µs s=4325
INF http m=GET p=/assets/OrgSettingsPanel-CEubhZUp.css s=200 d=25µs s=509
INF http m=GET p=/assets/OrgSettingsPanel-B6q-g6eD.js s=200 d=39µs s=2306
INF http m=GET p=/assets/InviteForm-fXZCo6g3.js s=200 d=24µs s=1267
INF http m=GET p=/assets/InviteForm-CW-wgFWD.css s=200 d=30µs s=414
INF http m=GET p=/assets/Editor-CO3i7Yl7.css s=200 d=35µs s=2237
INF http m=GET p=/assets/Editor--AVOgcEK.js s=200 d=78µs s=13498
INF http m=GET p=/assets/AdminDashboard-R0heLGro.css s=200 d=26µs s=601
INF http m=GET p=/assets/AdminDashboard-Cfrr1YY_.js s=200 d=35µs s=2075
INF http m=GET p=/manifest.webmanifest s=200 d=26µs s=199
INF http m=POST p=/api/v1/organizations/43LA2U2IG000/workspaces s=200 d=257ms s=304
INF http m=POST p=/api/v1/workspaces/43LA2Q7RM000/nodes/0/page/create s=200 d=103ms s=26
INF http m=GET p=/w/@43LA2Q7RM000+workspace/@43LA2TJTI000+welcome s=200 d=44µs s=532
INF http m=GET p=/api/v1/workspaces/43LA2Q7RM000/events s=200 d=436ms s=233
INF http m=POST p=/api/v1/auth/switch-workspace s=200 d=40.9ms s=572
INF http m=GET p=/api/v1/notifications/unread-count s=200 d=673µs s=25
INF http m=GET p=/api/v1/workspaces/43LA2UEPK000/members s=200 d=657µs s=126
INF http m=GET p=/api/v1/workspaces/43LA2UEPK000/nodes/0/children s=200 d=972µs s=26
INF http m=GET p=/api/v1/auth/me s=200 d=2.36ms s=365
INF http m=POST p=/api/v1/workspaces/43LA2UEPK000/nodes/0/page/create s=200 d=29.1ms s=35
INF http m=GET p=/api/v1/workspaces/43LA2UEPK000/nodes/0/children s=200 d=303µs s=257
INF http m=GET p=/api/v1/workspaces/43LA2UEPK000/nodes/43LA30EAG000 s=200 d=222µs s=245
INF http m=GET p=/api/v1/workspaces/43LA2Q7RM000/members s=200 d=195µs s=129
INF http m=GET p=/api/v1/notifications/unread-count s=200 d=181µs s=25
INF http m=GET p=/api/v1/workspaces/43LA2Q7RM000/nodes/0/children s=200 d=4.39ms s=263
INF http m=GET p=/api/v1/workspaces/43LA2Q7RM000/nodes/43LA2TJTI000 s=200 d=5.28ms s=245
INF http m=POST p=/api/v1/workspaces/43LA2UEPK000/nodes/0/page/create s=200 d=39.6ms s=26
INF http m=GET p=/w/@43LA2UEPK000+workspace/@43LA30EAG000+welcome s=200 d=42µs s=532
INF http m=GET p=/api/v1/workspaces/43LA2UEPK000/events s=200 d=101ms s=236
INF http m=GET p=/api/v1/workspaces/43LA2Q7RM000/nodes/43LA2VE1O000 s=200 d=378µs s=156
INF http m=GET p=/api/v1/auth/me s=200 d=4.13ms s=361
INF http m=GET p=/api/v1/notifications/unread-count s=200 d=205µs s=25
INF http m=GET p=/api/v1/workspaces/43LA2UEPK000/nodes/0/children s=200 d=403µs s=268
INF http m=GET p=/api/v1/workspaces/43LA2UEPK000/members s=200 d=625µs s=126
INF http m=GET p=/api/v1/workspaces/43LA2UEPK000/nodes/43LA30EAG000 s=200 d=665µs s=245
INF http m=GET p=/api/v1/workspaces/43LA2Q7RM000/events s=200 d=186ms s=93
INF http m=GET p=/api/v1/workspaces/43LA2UEPK000/nodes/43LA30LF0000 s=200 d=363µs s=159
INF http m=GET p=/api/v1/workspaces/43LA2UEPK000/events s=200 d=180ms s=93
INF http m=POST p=/api/v1/auth/register s=200 d=245ms s=405
INF http m=GET p=/ s=200 d=64µs s=532
INF http m=GET p=/assets/index-D8rN_C6i.js s=200 d=145µs s=49782
INF http m=GET p=/assets/index-BppjCDFJ.css s=200 d=123µs s=12398
INF http m=GET p=/assets/editor-vendor-DXykusy4.js s=200 d=198µs s=95952
INF http m=GET p=/assets/vendor-Dz6kinLD.js s=200 d=105µs s=27873
INF http m=GET p=/registerSW.js s=200 d=51µs s=87
INF http m=POST p=/api/v1/auth/register s=200 d=145ms s=386
INF http m=GET p=/ s=200 d=89µs s=532
INF http m=GET p=/assets/index-D8rN_C6i.js s=200 d=197µs s=49782
INF http m=GET p=/assets/index-BppjCDFJ.css s=200 d=112µs s=12398
INF http m=GET p=/assets/editor-vendor-DXykusy4.js s=200 d=184µs s=95952
INF http m=GET p=/registerSW.js s=200 d=51µs s=87
INF http m=GET p=/assets/vendor-Dz6kinLD.js s=200 d=120µs s=27873
INF http m=GET p=/api/v1/auth/me s=200 d=211µs s=168
INF http m=GET p=/assets/en-BOb8f2G7.js s=200 d=668µs s=5207
INF http m=GET p=/api/v1/notifications/unread-count s=200 d=179µs s=25
INF http m=GET p=/sw.js s=200 d=111µs s=5541
INF http m=GET p=/api/v1/auth/me s=200 d=600µs s=166
INF http m=GET p=/assets/en-BOb8f2G7.js s=200 d=63µs s=5207
INF http m=GET p=/api/v1/notifications/unread-count s=200 d=464µs s=25
INF http m=GET p=/favicon.png s=200 d=38µs s=449
INF http m=GET p=/registerSW.js s=200 d=31µs s=87
INF http m=GET p=/index.html s=200 d=40µs s=532
INF http m=GET p=/favicon.png s=200 d=18µs s=449
INF http m=GET p=/sw.js s=200 d=90µs s=5541
INF http m=GET p=/icon.svg s=200 d=23µs s=195
INF http m=POST p=/api/v1/organizations s=200 d=98.6ms s=352
INF http m=GET p=/api/v1/auth/me s=200 d=603µs s=251
INF http m=GET p=/icon-512.png s=200 d=74µs s=6498
INF http m=GET p=/icon-192.png s=200 d=56µs s=2468
INF http m=GET p=/registerSW.js s=200 d=38µs s=87
INF http m=GET p=/favicon.png s=200 d=64µs s=449
INF http m=GET p=/apple-touch-icon.png s=200 d=48µs s=2298
INF http m=GET p=/index.html s=200 d=43µs s=532
INF http m=GET p=/icon.svg s=200 d=60µs s=195
INF http m=GET p=/icon-512.png s=200 d=86µs s=6498
INF http m=POST p=/api/v1/organizations s=200 d=129ms s=352
INF http m=GET p=/assets/material-symbols-names-Dyx5m6Tf.js s=200 d=102µs s=15412
INF http m=GET p=/icon-192.png s=200 d=34µs s=2468
INF http m=GET p=/api/v1/auth/me s=200 d=679µs s=253
INF http m=GET p=/favicon.png s=200 d=32µs s=449
INF http m=GET p=/apple-touch-icon.png s=200 d=89µs s=2298
INF http m=GET p=/assets/material-symbols-names-Dyx5m6Tf.js s=200 d=117µs s=15412
INF http m=GET p=/assets/fr-CgauyyXq.js s=200 d=66µs s=6301
INF http m=GET p=/assets/es-DHO8DnB9.js s=200 d=76µs s=6015
INF http m=GET p=/assets/emoji-groups-BpL1N8nI.js s=200 d=161µs s=13798
INF http m=GET p=/assets/fr-CgauyyXq.js s=200 d=68µs s=6301
INF http m=GET p=/assets/es-DHO8DnB9.js s=200 d=77µs s=6015
INF http m=GET p=/assets/emoji-groups-BpL1N8nI.js s=200 d=111µs s=13798
INF http m=GET p=/assets/de-qJeflSp6.js s=200 d=97µs s=6245
INF http m=GET p=/assets/WorkspaceSettingsPanel-CeaO382V.css s=200 d=28µs s=1021
INF http m=GET p=/assets/WorkspaceSettingsPanel-C0CeQhf8.js s=200 d=66µs s=4456
INF http m=GET p=/assets/de-qJeflSp6.js s=200 d=68µs s=6245
INF http m=GET p=/assets/ServerSettingsPanel-DsIxlWdC.css s=200 d=38µs s=593
INF http m=GET p=/assets/WorkspaceSettingsPanel-CeaO382V.css s=200 d=30µs s=1021
INF http m=GET p=/assets/ServerSettingsPanel-Cmq42vr7.js s=200 d=44µs s=2538
INF http m=GET p=/assets/WorkspaceSettingsPanel-C0CeQhf8.js s=200 d=52µs s=4456
INF http m=GET p=/assets/ResourceQuotaForm-Coc__0PE.js s=200 d=31µs s=813
INF http m=GET p=/assets/ServerSettingsPanel-DsIxlWdC.css s=200 d=30µs s=593
INF http m=GET p=/assets/ServerSettingsPanel-Cmq42vr7.js s=200 d=41µs s=2538
INF http m=GET p=/assets/ResourceQuotaForm-AxNe1Ebg.css s=200 d=20µs s=302
INF http m=GET p=/assets/ProfileSettings-kJBJbTIc.css s=200 d=34µs s=1220
INF http m=GET p=/assets/ResourceQuotaForm-Coc__0PE.js s=200 d=33µs s=813
INF http m=GET p=/assets/ProfileSettings-HAdAXUp2.js s=200 d=73µs s=4325
INF http m=GET p=/assets/ResourceQuotaForm-AxNe1Ebg.css s=200 d=40µs s=302
INF http m=GET p=/assets/OrgSettingsPanel-CEubhZUp.css s=200 d=28µs s=509
INF http m=GET p=/assets/ProfileSettings-kJBJbTIc.css s=200 d=31µs s=1220
INF http m=GET p=/assets/OrgSettingsPanel-B6q-g6eD.js s=200 d=37µs s=2306
INF http m=GET p=/assets/ProfileSettings-HAdAXUp2.js s=200 d=46µs s=4325
INF http m=GET p=/assets/OrgSettingsPanel-CEubhZUp.css s=200 d=31µs s=509
INF http m=GET p=/assets/InviteForm-fXZCo6g3.js s=200 d=23µs s=1267
INF http m=GET p=/assets/OrgSettingsPanel-B6q-g6eD.js s=200 d=32µs s=2306
INF http m=GET p=/assets/InviteForm-CW-wgFWD.css s=200 d=36µs s=414
INF http m=GET p=/assets/InviteForm-fXZCo6g3.js s=200 d=279µs s=1267
INF http m=GET p=/assets/Editor-CO3i7Yl7.css s=200 d=50µs s=2237
INF http m=GET p=/assets/InviteForm-CW-wgFWD.css s=200 d=27µs s=414
INF http m=GET p=/assets/Editor-CO3i7Yl7.css s=200 d=42µs s=2237
INF http m=GET p=/assets/Editor--AVOgcEK.js s=200 d=66µs s=13498
INF http m=GET p=/assets/Editor--AVOgcEK.js s=200 d=81µs s=13498
INF http m=GET p=/assets/AdminDashboard-R0heLGro.css s=200 d=24µs s=601
INF http m=GET p=/assets/AdminDashboard-R0heLGro.css s=200 d=31µs s=601
INF http m=GET p=/assets/AdminDashboard-Cfrr1YY_.js s=200 d=45µs s=2075
INF http m=GET p=/assets/AdminDashboard-Cfrr1YY_.js s=200 d=41µs s=2075
INF http m=GET p=/manifest.webmanifest s=200 d=57µs s=199
INF http m=GET p=/manifest.webmanifest s=200 d=38µs s=199
INF http m=POST p=/api/v1/organizations/43LA362PK000/workspaces s=200 d=463ms s=301
INF http m=POST p=/api/v1/organizations/43LA36F1C000/workspaces s=200 d=569ms s=299
INF http m=POST p=/api/v1/auth/switch-workspace s=200 d=199ms s=572
INF http m=GET p=/api/v1/notifications/unread-count s=200 d=635µs s=25
INF http m=GET p=/api/v1/workspaces/43LA36ONA000/nodes/0/children s=200 d=436µs s=26
INF http m=GET p=/api/v1/workspaces/43LA36ONA000/members s=200 d=8.28ms s=130
INF http m=POST p=/api/v1/auth/switch-workspace s=200 d=34.8ms s=622
INF http m=POST p=/api/v1/workspaces/43LA36ONA000/nodes/0/page/create s=200 d=28.1ms s=35
INF http m=GET p=/api/v1/notifications/unread-count s=200 d=176µs s=25
INF http m=GET p=/api/v1/workspaces/43LA36ONA000/nodes/0/children s=200 d=376µs s=257
INF http m=GET p=/api/v1/workspaces/43LA37AGC000/nodes/0/children s=200 d=540µs s=26
INF http m=GET p=/api/v1/workspaces/43LA37AGC000/members s=200 d=676µs s=126
INF http m=GET p=/api/v1/workspaces/43LA36ONA000/nodes/43LA3AUFC000 s=200 d=443µs s=245
INF http m=POST p=/api/v1/workspaces/43LA37AGC000/nodes/0/page/create s=200 d=32.4ms s=35
INF http m=GET p=/api/v1/workspaces/43LA37AGC000/nodes/0/children s=200 d=342µs s=257
INF http m=GET p=/api/v1/workspaces/43LA37AGC000/nodes/43LA3B55A000 s=200 d=248µs s=245
INF http m=GET p=/w/@43LA36ONA000/@nonexistent-page-id-12345 s=200 d=48µs s=532
INF http m=GET p=/api/v1/workspaces/43LA36ONA000/events s=200 d=192ms s=207
INF http m=GET p=/w/@invalid-workspace-12345/@some-page s=200 d=42µs s=532
INF http m=GET p=/api/v1/workspaces/43LA37AGC000/events s=200 d=194ms s=201
INF http m=GET p=/api/v1/auth/me s=200 d=309µs s=352
INF http m=GET p=/api/v1/notifications/unread-count s=200 d=219µs s=25
INF http m=GET p=/api/v1/workspaces/43LA36ONA000/members s=200 d=152µs s=130
INF http m=GET p=/api/v1/workspaces/43LA36ONA000/nodes/0/children s=200 d=1.71ms s=257
ERR Handler error err="node not found" statusCode=404 code=NOT_FOUND
INF http m=GET p=/api/v1/auth/me s=200 d=561µs s=353
INF http m=GET p=/api/v1/workspaces/43LA36ONA000/nodes/nonexistent-page-id-12345 s=404 d=1.63ms s=71
ERR Handler error err="node not found" statusCode=404 code=NOT_FOUND
INF http m=GET p=/api/v1/workspaces/43LA36ONA000/nodes/nonexistent-page-id-12345 s=404 d=392µs s=71
ERR Handler error err="node not found" statusCode=404 code=NOT_FOUND
INF http m=GET p=/api/v1/workspaces/43LA36ONA000/nodes/nonexistent-page-id-12345 s=404 d=337µs s=71
ERR Handler error err="node not found" statusCode=404 code=NOT_FOUND
INF http m=GET p=/api/v1/workspaces/43LA36ONA000/nodes/nonexistent-page-id-12345 s=404 d=346µs s=71
INF http m=GET p=/api/v1/notifications/unread-count s=200 d=193µs s=25
ERR Handler error err="node not found" statusCode=404 code=NOT_FOUND
INF http m=GET p=/api/v1/workspaces/43LA37AGC000/nodes/some-page s=404 d=380µs s=71
ERR Handler error err="node not found" statusCode=404 code=NOT_FOUND
INF http m=GET p=/api/v1/workspaces/43LA37AGC000/nodes/0/children s=200 d=273µs s=257
INF http m=GET p=/api/v1/workspaces/43LA37AGC000/members s=200 d=8.47ms s=126
INF http m=GET p=/api/v1/workspaces/43LA37AGC000/nodes/some-page s=404 d=2.18ms s=71
INF http m=GET p=/api/v1/workspaces/43LA36ONA000/events s=200 d=69.4ms s=93
ERR Handler error err="node not found" statusCode=404 code=NOT_FOUND
INF http m=GET p=/api/v1/workspaces/43LA37AGC000/nodes/some-page s=404 d=330µs s=71
ERR Handler error err="node not found" statusCode=404 code=NOT_FOUND
INF http m=GET p=/api/v1/workspaces/43LA37AGC000/nodes/some-page s=404 d=302µs s=71
ERR Handler error err="node not found" statusCode=404 code=NOT_FOUND
INF http m=GET p=/api/v1/workspaces/43LA37AGC000/nodes/some-page s=404 d=254µs s=71
INF http m=GET p=/api/v1/workspaces/43LA37AGC000/events s=200 d=37.9ms s=93
ERR Handler error err="node not found" statusCode=404 code=NOT_FOUND
INF http m=GET p=/api/v1/workspaces/43LA37AGC000/nodes/some-page s=404 d=230µs s=71
INF http m=GET p=/privacy s=200 d=61µs s=532
INF http m=GET p=/terms s=200 d=60µs s=532
INF http m=GET p=/assets/editor-vendor-DXykusy4.js s=200 d=233µs s=95952
INF http m=GET p=/assets/index-BppjCDFJ.css s=200 d=109µs s=12398
INF http m=GET p=/assets/index-D8rN_C6i.js s=200 d=117µs s=49782
INF http m=GET p=/assets/index-D8rN_C6i.js s=200 d=145µs s=49782
INF http m=GET p=/assets/index-BppjCDFJ.css s=200 d=117µs s=12398
INF http m=GET p=/assets/editor-vendor-DXykusy4.js s=200 d=197µs s=95952
INF http m=GET p=/assets/vendor-Dz6kinLD.js s=200 d=102µs s=27873
INF http m=GET p=/registerSW.js s=200 d=33µs s=87
INF http m=GET p=/registerSW.js s=200 d=58µs s=87
INF http m=GET p=/assets/vendor-Dz6kinLD.js s=200 d=124µs s=27873
INF http m=GET p=/assets/en-BOb8f2G7.js s=200 d=96µs s=5207
INF http m=GET p=/sw.js s=200 d=150µs s=5541
INF http m=GET p=/assets/en-BOb8f2G7.js s=200 d=107µs s=5207
INF http m=GET p=/registerSW.js s=200 d=36µs s=87
INF http m=GET p=/sw.js s=200 d=114µs s=5541
INF http m=GET p=/index.html s=200 d=27µs s=532
INF http m=GET p=/favicon.png s=200 d=39µs s=449
INF http m=GET p=/icon.svg s=200 d=60µs s=195
INF http m=GET p=/icon-512.png s=200 d=94µs s=6498
INF http m=GET p=/registerSW.js s=200 d=40µs s=87
INF http m=GET p=/icon-192.png s=200 d=63µs s=2468
INF http m=GET p=/index.html s=200 d=35µs s=532
INF http m=GET p=/favicon.png s=200 d=39µs s=449
INF http m=GET p=/icon.svg s=200 d=39µs s=195
INF http m=GET p=/icon-512.png s=200 d=77µs s=6498
INF http m=POST p=/api/v1/auth/register s=200 d=173ms s=401
INF http m=GET p=/ s=200 d=58µs s=532
INF http m=GET p=/assets/index-D8rN_C6i.js s=200 d=208µs s=49782
INF http m=GET p=/assets/index-BppjCDFJ.css s=200 d=180µs s=12398
INF http m=GET p=/assets/editor-vendor-DXykusy4.js s=200 d=125µs s=95952
INF http m=GET p=/assets/vendor-Dz6kinLD.js s=200 d=120µs s=27873
INF http m=GET p=/registerSW.js s=200 d=36µs s=87
INF http m=POST p=/api/v1/auth/register s=200 d=248ms s=398
INF http m=GET p=/api/v1/auth/me s=200 d=257µs s=168
INF http m=GET p=/ s=200 d=109µs s=532
INF http m=GET p=/assets/en-BOb8f2G7.js s=200 d=57µs s=5207
INF http m=GET p=/api/v1/notifications/unread-count s=200 d=168µs s=25
INF http m=GET p=/favicon.png s=200 d=48µs s=449
INF http m=GET p=/sw.js s=200 d=68µs s=5541
INF http m=GET p=/assets/vendor-Dz6kinLD.js s=200 d=192µs s=27873
INF http m=GET p=/assets/editor-vendor-DXykusy4.js s=200 d=196µs s=95952
INF http m=GET p=/assets/index-BppjCDFJ.css s=200 d=162µs s=12398
INF http m=GET p=/assets/index-D8rN_C6i.js s=200 d=205µs s=49782
INF http m=GET p=/registerSW.js s=200 d=37µs s=87
INF http m=GET p=/registerSW.js s=200 d=38µs s=87
INF http m=GET p=/index.html s=200 d=41µs s=532
INF http m=GET p=/icon.svg s=200 d=37µs s=195
INF http m=POST p=/api/v1/organizations s=200 d=124ms s=356
INF http m=GET p=/api/v1/auth/me s=200 d=776µs s=255
INF http m=GET p=/icon-512.png s=200 d=88µs s=6498
INF http m=GET p=/api/v1/auth/me s=200 d=683µs s=169
INF http m=GET p=/assets/en-BOb8f2G7.js s=200 d=972µs s=5207
INF http m=GET p=/icon-192.png s=200 d=50µs s=2468
INF http m=GET p=/favicon.png s=200 d=33µs s=449
INF http m=GET p=/apple-touch-icon.png s=200 d=69µs s=2298
INF http m=GET p=/api/v1/notifications/unread-count s=200 d=178µs s=25
INF http m=GET p=/favicon.png s=200 d=37µs s=449
INF http m=GET p=/assets/material-symbols-names-Dyx5m6Tf.js s=200 d=144µs s=15412
INF http m=GET p=/sw.js s=200 d=70µs s=5541
INF http m=GET p=/assets/fr-CgauyyXq.js s=200 d=110µs s=6301
INF http m=POST p=/api/v1/organizations s=200 d=77.7ms s=354
INF http m=GET p=/registerSW.js s=200 d=33µs s=87
INF http m=GET p=/assets/es-DHO8DnB9.js s=200 d=99µs s=6015
INF http m=GET p=/api/v1/auth/me s=200 d=2.75ms s=252
INF http m=GET p=/index.html s=200 d=44µs s=532
INF http m=GET p=/icon.svg s=200 d=41µs s=195
INF http m=GET p=/icon-512.png s=200 d=107µs s=6498
INF http m=GET p=/assets/emoji-groups-BpL1N8nI.js s=200 d=86µs s=13798
INF http m=GET p=/icon-192.png s=200 d=45µs s=2468
INF http m=GET p=/favicon.png s=200 d=37µs s=449
INF http m=GET p=/apple-touch-icon.png s=200 d=49µs s=2298
INF http m=GET p=/assets/material-symbols-names-Dyx5m6Tf.js s=200 d=347µs s=15412
INF http m=GET p=/assets/de-qJeflSp6.js s=200 d=82µs s=6245
INF http m=GET p=/assets/WorkspaceSettingsPanel-CeaO382V.css s=200 d=42µs s=1021
INF http m=GET p=/assets/fr-CgauyyXq.js s=200 d=71µs s=6301
INF http m=GET p=/assets/WorkspaceSettingsPanel-C0CeQhf8.js s=200 d=78µs s=4456
INF http m=GET p=/assets/es-DHO8DnB9.js s=200 d=77µs s=6015
INF http m=GET p=/assets/ServerSettingsPanel-DsIxlWdC.css s=200 d=32µs s=593
INF http m=GET p=/assets/ServerSettingsPanel-Cmq42vr7.js s=200 d=37µs s=2538
INF http m=GET p=/assets/emoji-groups-BpL1N8nI.js s=200 d=82µs s=13798
INF http m=GET p=/assets/ResourceQuotaForm-Coc__0PE.js s=200 d=28µs s=813
INF http m=GET p=/assets/ResourceQuotaForm-AxNe1Ebg.css s=200 d=45µs s=302
INF http m=GET p=/assets/ProfileSettings-kJBJbTIc.css s=200 d=42µs s=1220
INF http m=GET p=/assets/ProfileSettings-HAdAXUp2.js s=200 d=93µs s=4325
INF http m=GET p=/assets/OrgSettingsPanel-CEubhZUp.css s=200 d=35µs s=509
INF http m=GET p=/assets/OrgSettingsPanel-B6q-g6eD.js s=200 d=45µs s=2306
INF http m=GET p=/assets/InviteForm-fXZCo6g3.js s=200 d=32µs s=1267
INF http m=GET p=/assets/de-qJeflSp6.js s=200 d=60µs s=6245
INF http m=GET p=/assets/InviteForm-CW-wgFWD.css s=200 d=30µs s=414
INF http m=GET p=/assets/WorkspaceSettingsPanel-CeaO382V.css s=200 d=35µs s=1021
INF http m=GET p=/assets/WorkspaceSettingsPanel-C0CeQhf8.js s=200 d=134µs s=4456
INF http m=GET p=/assets/Editor-CO3i7Yl7.css s=200 d=69µs s=2237
INF http m=GET p=/assets/Editor--AVOgcEK.js s=200 d=90µs s=13498
INF http m=GET p=/assets/ServerSettingsPanel-DsIxlWdC.css s=200 d=46µs s=593
INF http m=GET p=/assets/AdminDashboard-R0heLGro.css s=200 d=30µs s=601
INF http m=GET p=/assets/ServerSettingsPanel-Cmq42vr7.js s=200 d=36µs s=2538
INF http m=GET p=/assets/AdminDashboard-Cfrr1YY_.js s=200 d=40µs s=2075
INF http m=GET p=/assets/ResourceQuotaForm-Coc__0PE.js s=200 d=25µs s=813
INF http m=GET p=/manifest.webmanifest s=200 d=34µs s=199
INF http m=GET p=/assets/ResourceQuotaForm-AxNe1Ebg.css s=200 d=29µs s=302
INF http m=GET p=/assets/ProfileSettings-kJBJbTIc.css s=200 d=34µs s=1220
INF http m=GET p=/assets/ProfileSettings-HAdAXUp2.js s=200 d=44µs s=4325
INF http m=GET p=/assets/OrgSettingsPanel-CEubhZUp.css s=200 d=28µs s=509
INF http m=GET p=/assets/OrgSettingsPanel-B6q-g6eD.js s=200 d=35µs s=2306
INF http m=GET p=/assets/InviteForm-fXZCo6g3.js s=200 d=31µs s=1267
INF http m=GET p=/assets/InviteForm-CW-wgFWD.css s=200 d=28µs s=414
INF http m=GET p=/assets/Editor-CO3i7Yl7.css s=200 d=31µs s=2237
INF http m=GET p=/assets/Editor--AVOgcEK.js s=200 d=78µs s=13498
INF http m=GET p=/assets/AdminDashboard-R0heLGro.css s=200 d=27µs s=601
INF http m=GET p=/assets/AdminDashboard-Cfrr1YY_.js s=200 d=41µs s=2075
INF http m=GET p=/manifest.webmanifest s=200 d=30µs s=199
INF http m=POST p=/api/v1/organizations/43LA3KF1M000/workspaces s=200 d=491ms s=305
INF http m=POST p=/api/v1/auth/switch-workspace s=200 d=197ms s=574
INF http m=POST p=/api/v1/organizations/43LA3LKN6000/workspaces s=200 d=546ms s=300
INF http m=GET p=/api/v1/workspaces/43LA3LAG4000/members s=200 d=2.84ms s=120
INF http m=GET p=/api/v1/workspaces/43LA3LAG4000/nodes/0/children s=200 d=2.91ms s=26
INF http m=GET p=/api/v1/notifications/unread-count s=200 d=2.88ms s=25
INF http m=POST p=/api/v1/auth/switch-workspace s=200 d=36.2ms s=583
INF http m=POST p=/api/v1/workspaces/43LA3LAG4000/nodes/0/page/create s=200 d=25.6ms s=35
INF http m=GET p=/api/v1/workspaces/43LA3LAG4000/nodes/0/children s=200 d=752µs s=257
INF http m=GET p=/api/v1/notifications/unread-count s=200 d=174µs s=25
INF http m=GET p=/api/v1/workspaces/43LA3M8GU000/nodes/0/children s=200 d=324µs s=26
INF http m=GET p=/api/v1/workspaces/43LA3LAG4000/nodes/43LA3PMQ8000 s=200 d=686µs s=245
INF http m=GET p=/api/v1/workspaces/43LA3M8GU000/members s=200 d=562µs s=132
INF http m=POST p=/api/v1/workspaces/43LA3M8GU000/nodes/0/page/create s=200 d=23.7ms s=35
INF http m=GET p=/api/v1/workspaces/43LA3M8GU000/nodes/0/children s=200 d=1.02ms s=257
INF http m=GET p=/api/v1/workspaces/43LA3M8GU000/nodes/43LA3Q0E0000 s=200 d=276µs s=245
INF http m=POST p=/api/v1/workspaces/43LA3LAG4000/nodes/0/page/create s=200 d=20.5ms s=26
INF http m=GET p=/w/@43LA3LAG4000/@43LA3Q892000 s=200 d=41µs s=532
INF http m=GET p=/api/v1/auth/me s=200 d=311µs s=357
INF http m=GET p=/api/v1/notifications/unread-count s=200 d=653µs s=25
INF http m=GET p=/api/v1/workspaces/43LA3LAG4000/members s=200 d=604µs s=120
INF http m=GET p=/api/v1/workspaces/43LA3LAG4000/nodes/0/children s=200 d=1.66ms s=250
INF http m=GET p=/api/v1/workspaces/43LA3LAG4000/nodes/43LA3Q892000 s=200 d=520µs s=140
INF http m=GET p=/w/@43LA3LAG4000+workspace/@43LA3PMQ8000+welcome s=200 d=69µs s=532
INF http m=POST p=/api/v1/workspaces/43LA3M8GU000/nodes/0/page/create s=200 d=28.2ms s=26
INF http m=GET p=/api/v1/workspaces/43LA3LAG4000/events s=200 d=340ms s=237
INF http m=GET p=/w/@43LA3M8GU000+workspace/@43LA3Q0E0000+welcome s=200 d=34µs s=532
INF http m=GET p=/api/v1/workspaces/43LA3M8GU000/events s=200 d=300ms s=237
INF http m=GET p=/api/v1/auth/me s=200 d=792µs s=357
INF http m=GET p=/api/v1/notifications/unread-count s=200 d=254µs s=25
INF http m=GET p=/api/v1/auth/me s=200 d=3.63ms s=354
INF http m=GET p=/api/v1/workspaces/43LA3LAG4000/members s=200 d=265µs s=120
INF http m=GET p=/api/v1/workspaces/43LA3LAG4000/nodes/43LA3PMQ8000 s=200 d=297µs s=245
INF http m=GET p=/api/v1/workspaces/43LA3LAG4000/nodes/0/children s=200 d=280µs s=250
INF http m=GET p=/api/v1/notifications/unread-count s=200 d=215µs s=25
INF http m=GET p=/api/v1/workspaces/43LA3M8GU000/nodes/0/children s=200 d=362µs s=245
INF http m=GET p=/api/v1/workspaces/43LA3M8GU000/members s=200 d=183µs s=132
INF http m=GET p=/api/v1/workspaces/43LA3M8GU000/nodes/43LA3Q0E0000 s=200 d=208µs s=245
INF http m=GET p=/api/v1/workspaces/43LA3LAG4000/nodes/43LA3Q892000 s=200 d=383µs s=140
INF http m=GET p=/api/v1/workspaces/43LA3M8GU000/nodes/43LA3RH46000 s=200 d=358µs s=161
INF http m=GET p=/sw.js s=200 d=146µs s=5541
INF http m=GET p=/sw.js s=200 d=118µs s=5541
INF http m=GET p=/api/v1/workspaces/43LA3LAG4000/nodes/43LA3Q892000/page s=200 d=309µs s=129
INF http m=GET p=/api/v1/workspaces/43LA3LAG4000/nodes/43LA3Q892000/page s=200 d=232µs s=129
INF http m=GET p=/api/v1/workspaces/43LA3LAG4000/nodes/43LA3Q892000/page s=200 d=204µs s=129
INF http m=GET p=/api/v1/workspaces/43LA3LAG4000/nodes/43LA3Q892000/page s=200 d=213µs s=129
INF http m=GET p=/api/v1/workspaces/43LA3M8GU000/events s=200 d=3.09s s=93
INF http m=POST p=/api/v1/auth/register s=200 d=127ms s=390
INF http m=GET p=/ s=200 d=86µs s=532
INF http m=GET p=/assets/index-D8rN_C6i.js s=200 d=176µs s=49782
INF http m=GET p=/assets/index-BppjCDFJ.css s=200 d=143µs s=12398
INF http m=GET p=/registerSW.js s=200 d=50µs s=87
INF http m=GET p=/assets/vendor-Dz6kinLD.js s=200 d=151µs s=27873
INF http m=GET p=/assets/editor-vendor-DXykusy4.js s=200 d=207µs s=95952
INF http m=GET p=/api/v1/auth/me s=200 d=3.48ms s=167
INF http m=GET p=/assets/en-BOb8f2G7.js s=200 d=96µs s=5207
INF http m=GET p=/api/v1/notifications/unread-count s=200 d=195µs s=25
INF http m=GET p=/sw.js s=200 d=128µs s=5541
INF http m=GET p=/favicon.png s=200 d=23µs s=449
INF http m=POST p=/api/v1/organizations s=200 d=39.5ms s=352
INF http m=GET p=/api/v1/auth/me s=200 d=271µs s=253
INF http m=GET p=/registerSW.js s=200 d=35µs s=87
INF http m=GET p=/index.html s=200 d=34µs s=532
INF http m=GET p=/icon.svg s=200 d=46µs s=195
INF http m=GET p=/icon-512.png s=200 d=67µs s=6498
INF http m=GET p=/icon-192.png s=200 d=39µs s=2468
INF http m=GET p=/favicon.png s=200 d=23µs s=449
INF http m=GET p=/apple-touch-icon.png s=200 d=37µs s=2298
INF http m=GET p=/assets/material-symbols-names-Dyx5m6Tf.js s=200 d=108µs s=15412
INF http m=GET p=/assets/fr-CgauyyXq.js s=200 d=94µs s=6301
INF http m=GET p=/assets/es-DHO8DnB9.js s=200 d=97µs s=6015
INF http m=GET p=/assets/emoji-groups-BpL1N8nI.js s=200 d=114µs s=13798
INF http m=GET p=/assets/de-qJeflSp6.js s=200 d=651µs s=6245
INF http m=GET p=/assets/WorkspaceSettingsPanel-CeaO382V.css s=200 d=41µs s=1021
INF http m=GET p=/assets/WorkspaceSettingsPanel-C0CeQhf8.js s=200 d=67µs s=4456
INF http m=GET p=/assets/ServerSettingsPanel-DsIxlWdC.css s=200 d=34µs s=593
INF http m=GET p=/assets/ServerSettingsPanel-Cmq42vr7.js s=200 d=39µs s=2538
INF http m=GET p=/assets/ResourceQuotaForm-Coc__0PE.js s=200 d=31µs s=813
INF http m=GET p=/assets/ResourceQuotaForm-AxNe1Ebg.css s=200 d=29µs s=302
INF http m=GET p=/assets/ProfileSettings-kJBJbTIc.css s=200 d=33µs s=1220
INF http m=GET p=/assets/ProfileSettings-HAdAXUp2.js s=200 d=60µs s=4325
INF http m=GET p=/assets/OrgSettingsPanel-CEubhZUp.css s=200 d=34µs s=509
INF http m=GET p=/assets/OrgSettingsPanel-B6q-g6eD.js s=200 d=32µs s=2306
INF http m=GET p=/assets/InviteForm-fXZCo6g3.js s=200 d=23µs s=1267
INF http m=GET p=/assets/InviteForm-CW-wgFWD.css s=200 d=29µs s=414
INF http m=GET p=/assets/Editor-CO3i7Yl7.css s=200 d=42µs s=2237
INF http m=GET p=/assets/Editor--AVOgcEK.js s=200 d=75µs s=13498
INF http m=GET p=/assets/AdminDashboard-R0heLGro.css s=200 d=18µs s=601
INF http m=GET p=/assets/AdminDashboard-Cfrr1YY_.js s=200 d=31µs s=2075
INF http m=GET p=/manifest.webmanifest s=200 d=26µs s=199
INF http m=POST p=/api/v1/organizations/43LA4IE78000/workspaces s=200 d=258ms s=300
INF http m=POST p=/api/v1/auth/switch-workspace s=200 d=25.8ms s=578
INF http m=GET p=/api/v1/notifications/unread-count s=200 d=176µs s=25
INF http m=GET p=/api/v1/workspaces/43LA4IRMO000/nodes/0/children s=200 d=387µs s=26
INF http m=GET p=/api/v1/workspaces/43LA4IRMO000/members s=200 d=598µs s=128
INF http m=POST p=/api/v1/workspaces/43LA4IRMO000/nodes/0/page/create s=200 d=18.1ms s=35
INF http m=GET p=/api/v1/workspaces/43LA4IRMO000/nodes/0/children s=200 d=268µs s=257
INF http m=GET p=/api/v1/workspaces/43LA4IRMO000/nodes/43LA4KN6O000 s=200 d=228µs s=245
INF http m=GET p=/api/v1/workspaces/43LA3LAG4000/nodes/43LA3Q892000/page s=200 d=200µs s=129
INF http m=POST p=/api/v1/workspaces/43LA4IRMO000/nodes/0/page/create s=200 d=15.8ms s=26
INF http m=GET p=/w/@43LA4IRMO000+workspace/@43LA4KN6O000+welcome s=200 d=39µs s=532
INF http m=GET p=/api/v1/workspaces/43LA4IRMO000/events s=200 d=84.5ms s=232
INF http m=GET p=/api/v1/auth/me s=200 d=296µs s=356
INF http m=GET p=/api/v1/workspaces/43LA4IRMO000/nodes/43LA4KN6O000 s=200 d=269µs s=245
INF http m=GET p=/api/v1/workspaces/43LA4IRMO000/members s=200 d=160µs s=128
INF http m=GET p=/api/v1/notifications/unread-count s=200 d=125µs s=25
INF http m=GET p=/api/v1/workspaces/43LA4IRMO000/nodes/0/children s=200 d=605µs s=241
INF http m=POST p=/api/v1/workspaces/43LA3LAG4000/nodes/43LA3Q892000/page s=200 d=26.1ms s=35
INF http m=POST p=/api/v1/workspaces/43LA3LAG4000/nodes/43LA3Q892000/page s=200 d=19.9ms s=35
INF http m=GET p=/api/v1/workspaces/43LA4IRMO000/nodes/43LA4L32G000 s=200 d=612µs s=157
INF http m=GET p=/w/@43LA4IRMO000+empty-titles-workspace/@43LA4L32G000+title-to-clear s=200 d=51µs s=532
INF http m=GET p=/api/v1/workspaces/43LA4IRMO000/events s=200 d=85.2ms s=93
INF http m=GET p=/api/v1/auth/me s=200 d=758µs s=356
INF http m=GET p=/api/v1/notifications/unread-count s=200 d=454µs s=25
INF http m=GET p=/api/v1/workspaces/43LA4IRMO000/nodes/0/children s=200 d=802µs s=241
INF http m=GET p=/api/v1/workspaces/43LA4IRMO000/members s=200 d=1.14ms s=128
INF http m=GET p=/api/v1/workspaces/43LA4IRMO000/nodes/43LA4L32G000 s=200 d=2.58ms s=157
INF http m=GET p=/api/v1/workspaces/43LA4IRMO000/events s=200 d=28.2ms s=93
INF http m=POST p=/api/v1/auth/register s=200 d=116ms s=391
INF http m=GET p=/ s=200 d=59µs s=532
INF http m=GET p=/assets/index-BppjCDFJ.css s=200 d=128µs s=12398
INF http m=GET p=/assets/index-D8rN_C6i.js s=200 d=204µs s=49782
INF http m=GET p=/registerSW.js s=200 d=37µs s=87
INF http m=GET p=/assets/vendor-Dz6kinLD.js s=200 d=97µs s=27873
INF http m=GET p=/assets/editor-vendor-DXykusy4.js s=200 d=3.58ms s=95952
INF http m=GET p=/assets/en-BOb8f2G7.js s=200 d=98µs s=5207
INF http m=GET p=/api/v1/auth/me s=200 d=255µs s=166
INF http m=GET p=/api/v1/notifications/unread-count s=200 d=213µs s=25
INF http m=GET p=/favicon.png s=200 d=31µs s=449
INF http m=GET p=/sw.js s=200 d=107µs s=5541
INF http m=GET p=/registerSW.js s=200 d=36µs s=87
INF http m=GET p=/index.html s=200 d=36µs s=532
INF http m=GET p=/icon.svg s=200 d=27µs s=195
INF http m=GET p=/icon-512.png s=200 d=88µs s=6498
INF http m=GET p=/icon-192.png s=200 d=35µs s=2468
INF http m=POST p=/api/v1/organizations s=200 d=65.1ms s=350
INF http m=GET p=/api/v1/auth/me s=200 d=208µs s=249
INF http m=GET p=/favicon.png s=200 d=31µs s=449
INF http m=GET p=/apple-touch-icon.png s=200 d=32µs s=2298
INF http m=GET p=/assets/material-symbols-names-Dyx5m6Tf.js s=200 d=136µs s=15412
INF http m=GET p=/assets/fr-CgauyyXq.js s=200 d=83µs s=6301
INF http m=GET p=/assets/es-DHO8DnB9.js s=200 d=78µs s=6015
INF http m=GET p=/assets/emoji-groups-BpL1N8nI.js s=200 d=127µs s=13798
INF http m=GET p=/assets/de-qJeflSp6.js s=200 d=70µs s=6245
INF http m=GET p=/assets/WorkspaceSettingsPanel-CeaO382V.css s=200 d=36µs s=1021
INF http m=GET p=/assets/WorkspaceSettingsPanel-C0CeQhf8.js s=200 d=59µs s=4456
INF http m=GET p=/assets/ServerSettingsPanel-DsIxlWdC.css s=200 d=30µs s=593
INF http m=GET p=/assets/ServerSettingsPanel-Cmq42vr7.js s=200 d=34µs s=2538
INF http m=GET p=/assets/ResourceQuotaForm-Coc__0PE.js s=200 d=28µs s=813
INF http m=GET p=/assets/ResourceQuotaForm-AxNe1Ebg.css s=200 d=18µs s=302
INF http m=GET p=/assets/ProfileSettings-kJBJbTIc.css s=200 d=33µs s=1220
INF http m=GET p=/assets/ProfileSettings-HAdAXUp2.js s=200 d=57µs s=4325
INF http m=GET p=/assets/OrgSettingsPanel-CEubhZUp.css s=200 d=23µs s=509
INF http m=GET p=/assets/OrgSettingsPanel-B6q-g6eD.js s=200 d=28µs s=2306
INF http m=GET p=/assets/InviteForm-fXZCo6g3.js s=200 d=20µs s=1267
INF http m=GET p=/assets/InviteForm-CW-wgFWD.css s=200 d=27µs s=414
INF http m=GET p=/assets/Editor-CO3i7Yl7.css s=200 d=30µs s=2237
INF http m=GET p=/assets/Editor--AVOgcEK.js s=200 d=78µs s=13498
INF http m=GET p=/assets/AdminDashboard-R0heLGro.css s=200 d=23µs s=601
INF http m=GET p=/assets/AdminDashboard-Cfrr1YY_.js s=200 d=31µs s=2075
INF http m=GET p=/manifest.webmanifest s=200 d=23µs s=199
INF http m=GET p=/api/v1/workspaces/43LA3LAG4000/nodes/43LA3Q892000/page s=200 d=215µs s=131
INF http m=POST p=/api/v1/organizations/43LA4OT8Q000/workspaces s=200 d=276ms s=299
INF http m=GET p=/api/v1/workspaces/43LA3LAG4000/events s=200 d=5.18s s=226
INF http m=POST p=/api/v1/auth/switch-workspace s=200 d=33.6ms s=608
INF http m=GET p=/api/v1/workspaces/43LA3LAG4000/events s=200 d=5.06s s=226
INF http m=GET p=/api/v1/notifications/unread-count s=200 d=444µs s=25
INF http m=GET p=/api/v1/workspaces/43LA4PBHQ000/nodes/0/children s=200 d=315µs s=26
INF http m=GET p=/api/v1/workspaces/43LA4PBHQ000/members s=200 d=179µs s=126
INF http m=POST p=/api/v1/workspaces/43LA4PBHQ000/nodes/0/page/create s=200 d=35.9ms s=35
INF http m=GET p=/api/v1/workspaces/43LA4PBHQ000/nodes/0/children s=200 d=798µs s=239
INF http m=GET p=/api/v1/workspaces/43LA4PBHQ000/nodes/43LA4RIHC000 s=200 d=794µs s=245
INF http m=POST p=/api/v1/workspaces/43LA4PBHQ000/nodes/0/page/create s=200 d=72.8ms s=26
INF http m=GET p=/w/@43LA4PBHQ000+workspace/@43LA4RIHC000+welcome s=200 d=50µs s=532
INF http m=GET p=/api/v1/workspaces/43LA4PBHQ000/events s=200 d=146ms s=229
INF http m=GET p=/api/v1/auth/me s=200 d=3.24ms s=351
INF http m=GET p=/api/v1/notifications/unread-count s=200 d=247µs s=25
INF http m=GET p=/api/v1/workspaces/43LA4PBHQ000/nodes/43LA4RIHC000 s=200 d=1.91ms s=245
INF http m=GET p=/api/v1/workspaces/43LA4PBHQ000/members s=200 d=4.02ms s=126
INF http m=GET p=/api/v1/workspaces/43LA4PBHQ000/nodes/0/children s=200 d=8.34ms s=239
INF http m=POST p=/api/v1/auth/register s=200 d=169ms s=393
INF http m=GET p=/ s=200 d=201µs s=532
INF http m=GET p=/registerSW.js s=200 d=58µs s=87
INF http m=GET p=/assets/vendor-Dz6kinLD.js s=200 d=151µs s=27873
INF http m=GET p=/assets/editor-vendor-DXykusy4.js s=200 d=190µs s=95952
INF http m=GET p=/assets/index-D8rN_C6i.js s=200 d=111µs s=49782
INF http m=GET p=/assets/index-BppjCDFJ.css s=200 d=104µs s=12398
INF http m=GET p=/api/v1/workspaces/43LA4PBHQ000/nodes/43LA4RN3U000 s=200 d=305µs s=154
INF http m=GET p=/api/v1/workspaces/43LA4PBHQ000/nodes/43LA4RN3U000/page s=200 d=315µs s=111
INF http m=GET p=/assets/en-BOb8f2G7.js s=200 d=93µs s=5207
INF http m=GET p=/api/v1/auth/me s=200 d=219µs s=166
INF http m=GET p=/api/v1/workspaces/43LA4PBHQ000/events s=200 d=221ms s=93
INF http m=GET p=/api/v1/notifications/unread-count s=200 d=203µs s=25
INF http m=GET p=/sw.js s=200 d=77µs s=5541
INF http m=GET p=/favicon.png s=200 d=46µs s=449
INF http m=GET p=/registerSW.js s=200 d=41µs s=87
INF http m=GET p=/index.html s=200 d=42µs s=532
INF http m=POST p=/api/v1/organizations s=200 d=77.8ms s=355
INF http m=GET p=/api/v1/auth/me s=200 d=253µs s=250
INF http m=GET p=/icon.svg s=200 d=27µs s=195
INF http m=GET p=/icon-512.png s=200 d=65µs s=6498
INF http m=GET p=/icon-192.png s=200 d=228µs s=2468
INF http m=GET p=/favicon.png s=200 d=35µs s=449
INF http m=GET p=/apple-touch-icon.png s=200 d=50µs s=2298
INF http m=GET p=/assets/material-symbols-names-Dyx5m6Tf.js s=200 d=127µs s=15412
INF http m=GET p=/assets/fr-CgauyyXq.js s=200 d=74µs s=6301
INF http m=GET p=/assets/es-DHO8DnB9.js s=200 d=111µs s=6015
INF http m=GET p=/assets/emoji-groups-BpL1N8nI.js s=200 d=94µs s=13798
INF http m=GET p=/assets/de-qJeflSp6.js s=200 d=82µs s=6245
INF http m=GET p=/assets/WorkspaceSettingsPanel-CeaO382V.css s=200 d=41µs s=1021
INF http m=GET p=/assets/WorkspaceSettingsPanel-C0CeQhf8.js s=200 d=91µs s=4456
INF http m=GET p=/assets/ServerSettingsPanel-DsIxlWdC.css s=200 d=45µs s=593
INF http m=GET p=/assets/ServerSettingsPanel-Cmq42vr7.js s=200 d=75µs s=2538
INF http m=GET p=/assets/ResourceQuotaForm-Coc__0PE.js s=200 d=43µs s=813
INF http m=GET p=/assets/ResourceQuotaForm-AxNe1Ebg.css s=200 d=38µs s=302
INF http m=GET p=/assets/ProfileSettings-kJBJbTIc.css s=200 d=34µs s=1220
INF http m=GET p=/assets/ProfileSettings-HAdAXUp2.js s=200 d=85µs s=4325
INF http m=GET p=/assets/OrgSettingsPanel-CEubhZUp.css s=200 d=43µs s=509
INF http m=GET p=/assets/OrgSettingsPanel-B6q-g6eD.js s=200 d=46µs s=2306
INF http m=GET p=/assets/InviteForm-fXZCo6g3.js s=200 d=38µs s=1267
INF http m=GET p=/assets/InviteForm-CW-wgFWD.css s=200 d=35µs s=414
INF http m=GET p=/assets/Editor-CO3i7Yl7.css s=200 d=39µs s=2237
INF http m=GET p=/assets/Editor--AVOgcEK.js s=200 d=108µs s=13498
INF http m=GET p=/assets/AdminDashboard-R0heLGro.css s=200 d=35µs s=601
INF http m=GET p=/assets/AdminDashboard-Cfrr1YY_.js s=200 d=44µs s=2075
INF http m=GET p=/manifest.webmanifest s=200 d=31µs s=199
INF http m=POST p=/api/v1/organizations/43LA4UOTK000/workspaces s=200 d=519ms s=299
INF http m=POST p=/api/v1/auth/register s=200 d=336ms s=393
INF http m=GET p=/ s=200 d=55µs s=532
INF http m=GET p=/assets/vendor-Dz6kinLD.js s=200 d=181µs s=27873
INF http m=GET p=/registerSW.js s=200 d=34µs s=87
INF http m=GET p=/assets/editor-vendor-DXykusy4.js s=200 d=161µs s=95952
INF http m=GET p=/assets/index-BppjCDFJ.css s=200 d=103µs s=12398
INF http m=GET p=/assets/index-D8rN_C6i.js s=200 d=99µs s=49782
INF http m=POST p=/api/v1/auth/switch-workspace s=200 d=48.2ms s=588
INF http m=GET p=/api/v1/notifications/unread-count s=200 d=254µs s=25
INF http m=GET p=/api/v1/workspaces/43LA4VAD2000/nodes/0/children s=200 d=1.15ms s=26
INF http m=GET p=/api/v1/workspaces/43LA4VAD2000/members s=200 d=24.3ms s=132
INF http m=POST p=/api/v1/workspaces/43LA4VAD2000/nodes/0/page/create s=200 d=37.8ms s=35
INF http m=GET p=/api/v1/workspaces/43LA4VAD2000/nodes/0/children s=200 d=749µs s=257
INF http m=GET p=/api/v1/auth/me s=200 d=679µs s=166
INF http m=GET p=/assets/en-BOb8f2G7.js s=200 d=117µs s=5207
INF http m=GET p=/api/v1/workspaces/43LA4VAD2000/nodes/43LA537RS000 s=200 d=756µs s=245
INF http m=GET p=/sw.js s=200 d=89µs s=5541
INF http m=GET p=/favicon.png s=200 d=60µs s=449
INF http m=GET p=/api/v1/notifications/unread-count s=200 d=208µs s=25
INF http m=GET p=/registerSW.js s=200 d=34µs s=87
INF http m=GET p=/index.html s=200 d=36µs s=532
INF http m=GET p=/icon.svg s=200 d=36µs s=195
INF http m=GET p=/icon-512.png s=200 d=113µs s=6498
INF http m=GET p=/icon-192.png s=200 d=48µs s=2468
INF http m=GET p=/favicon.png s=200 d=35µs s=449
INF http m=POST p=/api/v1/organizations s=200 d=55ms s=352
INF http m=GET p=/apple-touch-icon.png s=200 d=43µs s=2298
INF http m=GET p=/api/v1/auth/me s=200 d=918µs s=253
INF http m=GET p=/assets/material-symbols-names-Dyx5m6Tf.js s=200 d=552µs s=15412
INF http m=GET p=/assets/fr-CgauyyXq.js s=200 d=1.37ms s=6301
INF http m=GET p=/assets/es-DHO8DnB9.js s=200 d=74µs s=6015
INF http m=GET p=/assets/emoji-groups-BpL1N8nI.js s=200 d=81µs s=13798
INF http m=GET p=/assets/de-qJeflSp6.js s=200 d=511µs s=6245
INF http m=GET p=/assets/WorkspaceSettingsPanel-CeaO382V.css s=200 d=31µs s=1021
INF http m=GET p=/assets/WorkspaceSettingsPanel-C0CeQhf8.js s=200 d=75µs s=4456
INF http m=GET p=/assets/ServerSettingsPanel-DsIxlWdC.css s=200 d=25µs s=593
INF http m=GET p=/assets/ServerSettingsPanel-Cmq42vr7.js s=200 d=49µs s=2538
INF http m=GET p=/assets/ResourceQuotaForm-Coc__0PE.js s=200 d=30µs s=813
INF http m=GET p=/assets/ResourceQuotaForm-AxNe1Ebg.css s=200 d=35µs s=302
INF http m=GET p=/assets/ProfileSettings-kJBJbTIc.css s=200 d=34µs s=1220
INF http m=GET p=/assets/ProfileSettings-HAdAXUp2.js s=200 d=67µs s=4325
INF http m=GET p=/assets/OrgSettingsPanel-CEubhZUp.css s=200 d=138µs s=509
INF http m=GET p=/assets/OrgSettingsPanel-B6q-g6eD.js s=200 d=41µs s=2306
INF http m=GET p=/assets/InviteForm-fXZCo6g3.js s=200 d=25µs s=1267
INF http m=GET p=/assets/InviteForm-CW-wgFWD.css s=200 d=30µs s=414
INF http m=GET p=/assets/Editor-CO3i7Yl7.css s=200 d=37µs s=2237
INF http m=GET p=/assets/Editor--AVOgcEK.js s=200 d=68µs s=13498
INF http m=GET p=/assets/AdminDashboard-R0heLGro.css s=200 d=28µs s=601
INF http m=GET p=/assets/AdminDashboard-Cfrr1YY_.js s=200 d=39µs s=2075
INF http m=GET p=/manifest.webmanifest s=200 d=23µs s=199
INF http m=POST p=/api/v1/organizations/43LA53PMA000/workspaces s=200 d=276ms s=300
INF http m=POST p=/api/v1/workspaces/43LA4VAD2000/nodes/0/page/create s=200 d=245ms s=26
INF http m=GET p=/w/@43LA4VAD2000+workspace/@43LA537RS000+welcome s=200 d=39µs s=532
INF http m=GET p=/api/v1/workspaces/43LA4VAD2000/events s=200 d=466ms s=228
INF http m=POST p=/api/v1/auth/switch-workspace s=200 d=45.7ms s=577
INF http m=GET p=/api/v1/auth/me s=200 d=679µs s=355
INF http m=GET p=/api/v1/notifications/unread-count s=200 d=610µs s=25
INF http m=GET p=/api/v1/workspaces/43LA5465K000/members s=200 d=638µs s=128
INF http m=GET p=/api/v1/workspaces/43LA5465K000/nodes/0/children s=200 d=692µs s=26
INF http m=GET p=/api/v1/notifications/unread-count s=200 d=2.73ms s=25
INF http m=GET p=/api/v1/workspaces/43LA4VAD2000/nodes/0/children s=200 d=18.5ms s=343
INF http m=GET p=/api/v1/workspaces/43LA4VAD2000/members s=200 d=17.5ms s=132
INF http m=GET p=/api/v1/workspaces/43LA4VAD2000/nodes/43LA537RS000 s=200 d=1.42ms s=245
INF http m=POST p=/api/v1/workspaces/43LA5465K000/nodes/0/page/create s=200 d=36.4ms s=35
INF http m=GET p=/api/v1/workspaces/43LA5465K000/nodes/0/children s=200 d=3.5ms s=321
INF http m=GET p=/api/v1/workspaces/43LA5465K000/nodes/43LA56DMO000 s=200 d=406µs s=245
INF http m=POST p=/api/v1/workspaces/43LA5465K000/nodes/0/page/create s=200 d=46ms s=26
INF http m=GET p=/w/@43LA5465K000+workspace/@43LA56DMO000+welcome s=200 d=50µs s=532
INF http m=GET p=/api/v1/workspaces/43LA4VAD2000/nodes/43LA54D9S000 s=200 d=378µs s=233
INF http m=GET p=/api/v1/workspaces/43LA5465K000/events s=200 d=89.6ms s=229
INF http m=GET p=/api/v1/workspaces/43LA4VAD2000/nodes/43LA54D9S000/page s=200 d=218µs s=229
INF http m=GET p=/api/v1/auth/me s=200 d=276µs s=354
INF http m=GET p=/api/v1/workspaces/43LA4VAD2000/events s=200 d=129ms s=93
INF http m=GET p=/api/v1/notifications/unread-count s=200 d=172µs s=25
INF http m=GET p=/api/v1/workspaces/43LA5465K000/nodes/43LA56DMO000 s=200 d=731µs s=245
INF http m=GET p=/api/v1/workspaces/43LA5465K000/members s=200 d=207µs s=128
INF http m=GET p=/api/v1/workspaces/43LA5465K000/nodes/0/children s=200 d=306µs s=321
INF http m=GET p=/api/v1/workspaces/43LA5465K000/nodes/43LA56J8M000 s=200 d=777µs s=273
INF http m=GET p=/api/v1/workspaces/43LA5465K000/events s=200 d=176ms s=93
INF http m=POST p=/api/v1/auth/register s=200 d=211ms s=410
INF http m=GET p=/ s=200 d=66µs s=532
INF http m=GET p=/assets/index-D8rN_C6i.js s=200 d=181µs s=49782
INF http m=GET p=/assets/index-BppjCDFJ.css s=200 d=164µs s=12398
INF http m=GET p=/registerSW.js s=200 d=42µs s=87
INF http m=GET p=/assets/vendor-Dz6kinLD.js s=200 d=154µs s=27873
INF http m=GET p=/assets/editor-vendor-DXykusy4.js s=200 d=148µs s=95952
INF http m=GET p=/api/v1/auth/me s=200 d=253µs s=173
INF http m=GET p=/assets/en-BOb8f2G7.js s=200 d=112µs s=5207
INF http m=POST p=/api/v1/auth/register s=200 d=182ms s=410
INF http m=GET p=/favicon.png s=200 d=43µs s=449
INF http m=GET p=/ s=200 d=52µs s=532
INF http m=GET p=/api/v1/notifications/unread-count s=200 d=176µs s=25
INF http m=GET p=/sw.js s=200 d=237µs s=5541
INF http m=GET p=/assets/index-D8rN_C6i.js s=200 d=161µs s=49782
INF http m=GET p=/assets/index-BppjCDFJ.css s=200 d=147µs s=12398
INF http m=GET p=/assets/editor-vendor-DXykusy4.js s=200 d=185µs s=95952
INF http m=GET p=/registerSW.js s=200 d=30µs s=87
INF http m=GET p=/assets/vendor-Dz6kinLD.js s=200 d=102µs s=27873
INF http m=GET p=/registerSW.js s=200 d=44µs s=87
INF http m=POST p=/api/v1/organizations s=200 d=94.7ms s=362
INF http m=GET p=/index.html s=200 d=38µs s=532
INF http m=GET p=/api/v1/auth/me s=200 d=705µs s=261
INF http m=GET p=/icon.svg s=200 d=37µs s=195
INF http m=GET p=/icon-512.png s=200 d=92µs s=6498
INF http m=GET p=/icon-192.png s=200 d=50µs s=2468
INF http m=GET p=/favicon.png s=200 d=32µs s=449
INF http m=GET p=/apple-touch-icon.png s=200 d=49µs s=2298
INF http m=GET p=/assets/en-BOb8f2G7.js s=200 d=154µs s=5207
INF http m=GET p=/api/v1/auth/me s=200 d=14.3ms s=174
INF http m=GET p=/assets/material-symbols-names-Dyx5m6Tf.js s=200 d=125µs s=15412
INF http m=GET p=/api/v1/notifications/unread-count s=200 d=149µs s=25
INF http m=GET p=/sw.js s=200 d=717µs s=5541
INF http m=GET p=/favicon.png s=200 d=46µs s=449
INF http m=GET p=/assets/fr-CgauyyXq.js s=200 d=91µs s=6301
INF http m=GET p=/assets/es-DHO8DnB9.js s=200 d=83µs s=6015
INF http m=GET p=/registerSW.js s=200 d=24µs s=87
INF http m=GET p=/index.html s=200 d=36µs s=532
INF http m=GET p=/icon.svg s=200 d=32µs s=195
INF http m=GET p=/icon-512.png s=200 d=119µs s=6498
INF http m=GET p=/assets/emoji-groups-BpL1N8nI.js s=200 d=72µs s=13798
INF http m=GET p=/icon-192.png s=200 d=40µs s=2468
INF http m=GET p=/favicon.png s=200 d=29µs s=449
INF http m=GET p=/apple-touch-icon.png s=200 d=58µs s=2298
INF http m=GET p=/assets/material-symbols-names-Dyx5m6Tf.js s=200 d=104µs s=15412
INF http m=GET p=/assets/de-qJeflSp6.js s=200 d=86µs s=6245
INF http m=GET p=/assets/fr-CgauyyXq.js s=200 d=62µs s=6301
INF http m=GET p=/assets/WorkspaceSettingsPanel-CeaO382V.css s=200 d=38µs s=1021
INF http m=GET p=/assets/es-DHO8DnB9.js s=200 d=56µs s=6015
INF http m=GET p=/assets/WorkspaceSettingsPanel-C0CeQhf8.js s=200 d=77µs s=4456
INF http m=GET p=/assets/ServerSettingsPanel-DsIxlWdC.css s=200 d=61µs s=593
INF http m=GET p=/assets/emoji-groups-BpL1N8nI.js s=200 d=81µs s=13798
INF http m=GET p=/assets/ServerSettingsPanel-Cmq42vr7.js s=200 d=37µs s=2538
INF http m=GET p=/assets/ResourceQuotaForm-Coc__0PE.js s=200 d=58µs s=813
INF http m=GET p=/assets/ResourceQuotaForm-AxNe1Ebg.css s=200 d=32µs s=302
INF http m=GET p=/assets/ProfileSettings-kJBJbTIc.css s=200 d=49µs s=1220
INF http m=GET p=/assets/ProfileSettings-HAdAXUp2.js s=200 d=71µs s=4325
INF http m=GET p=/assets/OrgSettingsPanel-CEubhZUp.css s=200 d=49µs s=509
INF http m=GET p=/assets/OrgSettingsPanel-B6q-g6eD.js s=200 d=48µs s=2306
INF http m=GET p=/assets/InviteForm-fXZCo6g3.js s=200 d=41µs s=1267
INF http m=GET p=/assets/de-qJeflSp6.js s=200 d=66µs s=6245
INF http m=GET p=/assets/InviteForm-CW-wgFWD.css s=200 d=34µs s=414
INF http m=GET p=/assets/WorkspaceSettingsPanel-CeaO382V.css s=200 d=28µs s=1021
INF http m=GET p=/assets/Editor-CO3i7Yl7.css s=200 d=43µs s=2237
INF http m=GET p=/assets/WorkspaceSettingsPanel-C0CeQhf8.js s=200 d=53µs s=4456
INF http m=GET p=/assets/Editor--AVOgcEK.js s=200 d=575µs s=13498
INF http m=GET p=/assets/ServerSettingsPanel-DsIxlWdC.css s=200 d=33µs s=593
INF http m=GET p=/assets/AdminDashboard-R0heLGro.css s=200 d=30µs s=601
INF http m=GET p=/assets/ServerSettingsPanel-Cmq42vr7.js s=200 d=32µs s=2538
INF http m=GET p=/assets/AdminDashboard-Cfrr1YY_.js s=200 d=35µs s=2075
INF http m=GET p=/assets/ResourceQuotaForm-Coc__0PE.js s=200 d=26µs s=813
INF http m=GET p=/manifest.webmanifest s=200 d=27µs s=199
INF http m=GET p=/assets/ResourceQuotaForm-AxNe1Ebg.css s=200 d=27µs s=302
INF http m=GET p=/assets/ProfileSettings-kJBJbTIc.css s=200 d=36µs s=1220
INF http m=GET p=/assets/ProfileSettings-HAdAXUp2.js s=200 d=62µs s=4325
INF http m=GET p=/assets/OrgSettingsPanel-CEubhZUp.css s=200 d=42µs s=509
INF http m=GET p=/assets/OrgSettingsPanel-B6q-g6eD.js s=200 d=50µs s=2306
INF http m=GET p=/assets/InviteForm-fXZCo6g3.js s=200 d=46µs s=1267
INF http m=GET p=/assets/InviteForm-CW-wgFWD.css s=200 d=32µs s=414
INF http m=GET p=/assets/Editor-CO3i7Yl7.css s=200 d=45µs s=2237
INF http m=GET p=/assets/Editor--AVOgcEK.js s=200 d=88µs s=13498
INF http m=GET p=/assets/AdminDashboard-R0heLGro.css s=200 d=40µs s=601
INF http m=GET p=/assets/AdminDashboard-Cfrr1YY_.js s=200 d=44µs s=2075
INF http m=GET p=/manifest.webmanifest s=200 d=30µs s=199
INF http m=POST p=/api/v1/organizations/43LA5BDF6000/workspaces s=200 d=528ms s=308
INF http m=POST p=/api/v1/organizations s=200 d=446ms s=359
INF http m=GET p=/api/v1/auth/me s=200 d=401µs s=260
INF http m=POST p=/api/v1/auth/switch-workspace s=200 d=39.7ms s=654
INF http m=GET p=/api/v1/notifications/unread-count s=200 d=214µs s=25
INF http m=GET p=/api/v1/workspaces/43LA5C47M000/members s=200 d=3.56ms s=125
INF http m=GET p=/api/v1/workspaces/43LA5C47M000/nodes/0/children s=200 d=7.7ms s=26
INF http m=POST p=/api/v1/organizations/43LA5CLCM000/workspaces s=200 d=247ms s=310
INF http m=POST p=/api/v1/workspaces/43LA5C47M000/nodes/0/page/create s=200 d=184ms s=35
INF http m=GET p=/api/v1/workspaces/43LA5C47M000/nodes/0/children s=200 d=660µs s=257
INF http m=GET p=/api/v1/workspaces/43LA5C47M000/nodes/43LA5FR2A000 s=200 d=712µs s=245
INF http m=POST p=/api/v1/auth/switch-workspace s=200 d=37.5ms s=572
INF http m=GET p=/api/v1/notifications/unread-count s=200 d=234µs s=25
INF http m=GET p=/api/v1/workspaces/43LA5FDS6000/nodes/0/children s=200 d=381µs s=26
INF http m=GET p=/api/v1/workspaces/43LA5FDS6000/members s=200 d=622µs s=125
INF http m=POST p=/api/v1/workspaces/43LA5FDS6000/nodes/0/page/create s=200 d=22.8ms s=35
INF http m=GET p=/api/v1/workspaces/43LA5FDS6000/nodes/0/children s=200 d=841µs s=257
INF http m=POST p=/api/v1/workspaces/43LA5C47M000/nodes/0/page/create s=200 d=24.5ms s=26
INF http m=GET p=/api/v1/workspaces/43LA5FDS6000/nodes/43LA5HA1I000 s=200 d=241µs s=245
INF http m=GET p=/w/@43LA5C47M000+workspace/@43LA5FR2A000+welcome s=200 d=37µs s=532
INF http m=GET p=/api/v1/workspaces/43LA5C47M000/events s=200 d=303ms s=233
INF http m=GET p=/api/v1/auth/me s=200 d=608µs s=363
INF http m=GET p=/api/v1/notifications/unread-count s=200 d=648µs s=25
INF http m=GET p=/api/v1/workspaces/43LA5C47M000/nodes/43LA5FR2A000 s=200 d=759µs s=245
INF http m=GET p=/api/v1/workspaces/43LA5C47M000/nodes/0/children s=200 d=769µs s=251
INF http m=GET p=/api/v1/workspaces/43LA5C47M000/members s=200 d=1.24ms s=125
INF http m=GET p=/api/v1/workspaces/43LA5C47M000/nodes/43LA5HANC000 s=200 d=804µs s=170
INF http m=POST p=/api/v1/workspaces/43LA5FDS6000/nodes/0/page/create s=200 d=22.3ms s=26
INF http m=GET p=/w/@43LA5FDS6000+workspace/@43LA5HA1I000+welcome s=200 d=46µs s=532
INF http m=GET p=/api/v1/workspaces/43LA5FDS6000/events s=200 d=200ms s=232
INF http m=GET p=/api/v1/auth/me s=200 d=683µs s=361
INF http m=GET p=/api/v1/notifications/unread-count s=200 d=1.55ms s=25
INF http m=GET p=/api/v1/workspaces/43LA5FDS6000/nodes/43LA5HA1I000 s=200 d=833µs s=245
INF http m=GET p=/api/v1/workspaces/43LA5FDS6000/nodes/0/children s=200 d=884µs s=250
INF http m=GET p=/api/v1/workspaces/43LA5FDS6000/members s=200 d=1.33ms s=125
INF http m=GET p=/api/v1/workspaces/43LA5FDS6000/nodes/43LA5I99I000 s=200 d=402µs s=172
INF http m=GET p=/api/v1/workspaces/43LA5C47M000/events s=200 d=384ms s=93
INF http m=GET p=/api/v1/workspaces/43LA5FDS6000/events s=200 d=249ms s=93
INF http m=POST p=/api/v1/auth/register s=200 d=195ms s=409
INF http m=GET p=/ s=200 d=40µs s=532
INF http m=GET p=/assets/index-D8rN_C6i.js s=200 d=150µs s=49782
INF http m=GET p=/assets/index-BppjCDFJ.css s=200 d=274µs s=12398
INF http m=GET p=/assets/editor-vendor-DXykusy4.js s=200 d=148µs s=95952
INF http m=GET p=/assets/vendor-Dz6kinLD.js s=200 d=97µs s=27873
INF http m=POST p=/api/v1/auth/register s=200 d=201ms s=411
INF http m=GET p=/registerSW.js s=200 d=30µs s=87
INF http m=GET p=/ s=200 d=167µs s=532
INF http m=GET p=/assets/vendor-Dz6kinLD.js s=200 d=137µs s=27873
INF http m=GET p=/assets/editor-vendor-DXykusy4.js s=200 d=169µs s=95952
INF http m=GET p=/registerSW.js s=200 d=17µs s=87
INF http m=GET p=/assets/index-BppjCDFJ.css s=200 d=112µs s=12398
INF http m=GET p=/assets/index-D8rN_C6i.js s=200 d=102µs s=49782
INF http m=GET p=/assets/en-BOb8f2G7.js s=200 d=123µs s=5207
INF http m=GET p=/api/v1/auth/me s=200 d=10.5ms s=174
INF http m=GET p=/api/v1/notifications/unread-count s=200 d=200µs s=25
INF http m=GET p=/assets/en-BOb8f2G7.js s=200 d=133µs s=5207
INF http m=GET p=/sw.js s=200 d=91µs s=5541
INF http m=GET p=/favicon.png s=200 d=45µs s=449
INF http m=GET p=/api/v1/auth/me s=200 d=13.1ms s=174
INF http m=GET p=/api/v1/notifications/unread-count s=200 d=230µs s=25
INF http m=GET p=/favicon.png s=200 d=33µs s=449
INF http m=GET p=/registerSW.js s=200 d=43µs s=87
INF http m=GET p=/sw.js s=200 d=136µs s=5541
INF http m=GET p=/index.html s=200 d=42µs s=532
INF http m=GET p=/icon.svg s=200 d=51µs s=195
INF http m=GET p=/registerSW.js s=200 d=27µs s=87
INF http m=POST p=/api/v1/organizations s=200 d=109ms s=357
INF http m=GET p=/icon-512.png s=200 d=108µs s=6498
INF http m=GET p=/index.html s=200 d=25µs s=532
INF http m=GET p=/api/v1/auth/me s=200 d=268µs s=258
INF http m=GET p=/icon.svg s=200 d=36µs s=195
INF http m=GET p=/icon-192.png s=200 d=90µs s=2468
INF http m=GET p=/icon-512.png s=200 d=97µs s=6498
INF http m=GET p=/favicon.png s=200 d=35µs s=449
INF http m=GET p=/icon-192.png s=200 d=46µs s=2468
INF http m=GET p=/apple-touch-icon.png s=200 d=50µs s=2298
INF http m=GET p=/favicon.png s=200 d=36µs s=449
INF http m=POST p=/api/v1/organizations s=200 d=150ms s=359
INF http m=GET p=/api/v1/auth/me s=200 d=10.8ms s=257
INF http m=GET p=/apple-touch-icon.png s=200 d=81µs s=2298
INF http m=GET p=/assets/material-symbols-names-Dyx5m6Tf.js s=200 d=164µs s=15412
INF http m=GET p=/assets/material-symbols-names-Dyx5m6Tf.js s=200 d=1.39ms s=15412
INF http m=GET p=/assets/fr-CgauyyXq.js s=200 d=99µs s=6301
INF http m=GET p=/assets/es-DHO8DnB9.js s=200 d=84µs s=6015
INF http m=GET p=/assets/fr-CgauyyXq.js s=200 d=96µs s=6301
INF http m=GET p=/assets/emoji-groups-BpL1N8nI.js s=200 d=92µs s=13798
INF http m=GET p=/assets/es-DHO8DnB9.js s=200 d=83µs s=6015
INF http m=GET p=/assets/emoji-groups-BpL1N8nI.js s=200 d=129µs s=13798
INF http m=GET p=/assets/de-qJeflSp6.js s=200 d=88µs s=6245
INF http m=GET p=/assets/WorkspaceSettingsPanel-CeaO382V.css s=200 d=46µs s=1021
INF http m=GET p=/assets/WorkspaceSettingsPanel-C0CeQhf8.js s=200 d=59µs s=4456
INF http m=GET p=/assets/ServerSettingsPanel-DsIxlWdC.css s=200 d=34µs s=593
INF http m=GET p=/assets/ServerSettingsPanel-Cmq42vr7.js s=200 d=38µs s=2538
INF http m=GET p=/assets/de-qJeflSp6.js s=200 d=259µs s=6245
INF http m=GET p=/assets/ResourceQuotaForm-Coc__0PE.js s=200 d=27µs s=813
INF http m=GET p=/assets/WorkspaceSettingsPanel-CeaO382V.css s=200 d=39µs s=1021
INF http m=GET p=/assets/ResourceQuotaForm-AxNe1Ebg.css s=200 d=25µs s=302
INF http m=GET p=/assets/ProfileSettings-kJBJbTIc.css s=200 d=39µs s=1220
INF http m=GET p=/assets/WorkspaceSettingsPanel-C0CeQhf8.js s=200 d=54µs s=4456
INF http m=GET p=/assets/ProfileSettings-HAdAXUp2.js s=200 d=64µs s=4325
INF http m=GET p=/assets/OrgSettingsPanel-CEubhZUp.css s=200 d=31µs s=509
INF http m=GET p=/assets/ServerSettingsPanel-DsIxlWdC.css s=200 d=31µs s=593
INF http m=GET p=/assets/OrgSettingsPanel-B6q-g6eD.js s=200 d=35µs s=2306
INF http m=GET p=/assets/ServerSettingsPanel-Cmq42vr7.js s=200 d=38µs s=2538
INF http m=GET p=/assets/InviteForm-fXZCo6g3.js s=200 d=23µs s=1267
INF http m=GET p=/assets/ResourceQuotaForm-Coc__0PE.js s=200 d=28µs s=813
INF http m=GET p=/assets/InviteForm-CW-wgFWD.css s=200 d=51µs s=414
INF http m=GET p=/assets/ResourceQuotaForm-AxNe1Ebg.css s=200 d=36µs s=302
INF http m=GET p=/assets/Editor-CO3i7Yl7.css s=200 d=35µs s=2237
INF http m=GET p=/assets/ProfileSettings-kJBJbTIc.css s=200 d=33µs s=1220
INF http m=GET p=/assets/Editor--AVOgcEK.js s=200 d=77µs s=13498
INF http m=GET p=/assets/ProfileSettings-HAdAXUp2.js s=200 d=56µs s=4325
INF http m=GET p=/assets/AdminDashboard-R0heLGro.css s=200 d=35µs s=601
INF http m=GET p=/assets/OrgSettingsPanel-CEubhZUp.css s=200 d=34µs s=509
INF http m=GET p=/assets/AdminDashboard-Cfrr1YY_.js s=200 d=31µs s=2075
INF http m=GET p=/assets/OrgSettingsPanel-B6q-g6eD.js s=200 d=29µs s=2306
INF http m=GET p=/manifest.webmanifest s=200 d=24µs s=199
INF http m=GET p=/assets/InviteForm-fXZCo6g3.js s=200 d=23µs s=1267
INF http m=GET p=/assets/InviteForm-CW-wgFWD.css s=200 d=39µs s=414
INF http m=GET p=/assets/Editor-CO3i7Yl7.css s=200 d=51µs s=2237
INF http m=GET p=/assets/Editor--AVOgcEK.js s=200 d=69µs s=13498
INF http m=GET p=/assets/AdminDashboard-R0heLGro.css s=200 d=31µs s=601
INF http m=GET p=/assets/AdminDashboard-Cfrr1YY_.js s=200 d=35µs s=2075
INF http m=GET p=/manifest.webmanifest s=200 d=41µs s=199
INF http m=POST p=/api/v1/organizations/43LA5OFD8000/workspaces s=200 d=452ms s=308
INF http m=POST p=/api/v1/auth/switch-workspace s=200 d=211ms s=576
INF http m=POST p=/api/v1/organizations/43LA5OMUG000/workspaces s=200 d=587ms s=310
INF http m=GET p=/api/v1/notifications/unread-count s=200 d=126µs s=25
INF http m=GET p=/api/v1/workspaces/43LA5P9JU000/nodes/0/children s=200 d=1.27ms s=26
INF http m=GET p=/api/v1/workspaces/43LA5P9JU000/members s=200 d=4.8ms s=125
INF http m=POST p=/api/v1/auth/switch-workspace s=200 d=36.6ms s=690
INF http m=POST p=/api/v1/workspaces/43LA5P9JU000/nodes/0/page/create s=200 d=23.9ms s=35
INF http m=GET p=/api/v1/workspaces/43LA5P9JU000/nodes/0/children s=200 d=941µs s=257
INF http m=GET p=/api/v1/workspaces/43LA5P9JU000/nodes/43LA5TH5S000 s=200 d=858µs s=245
INF http m=GET p=/api/v1/notifications/unread-count s=200 d=141µs s=25
INF http m=GET p=/api/v1/workspaces/43LA5PQCQ000/nodes/0/children s=200 d=309µs s=26
INF http m=GET p=/api/v1/workspaces/43LA5PQCQ000/members s=200 d=5.45ms s=126
INF http m=POST p=/api/v1/workspaces/43LA5PQCQ000/nodes/0/page/create s=200 d=33.1ms s=35
INF http m=GET p=/api/v1/workspaces/43LA5PQCQ000/nodes/0/children s=200 d=306µs s=257
INF http m=GET p=/api/v1/workspaces/43LA5PQCQ000/nodes/43LA5TOR2000 s=200 d=600µs s=245
INF http m=POST p=/api/v1/workspaces/43LA5P9JU000/nodes/0/page/create s=200 d=17ms s=26
INF http m=GET p=/w/@43LA5P9JU000+workspace/@43LA5TH5S000+welcome s=200 d=41µs s=532
INF http m=GET p=/api/v1/workspaces/43LA5P9JU000/events s=200 d=133ms s=232
INF http m=GET p=/api/v1/auth/me s=200 d=240µs s=360
INF http m=POST p=/api/v1/workspaces/43LA5PQCQ000/nodes/0/table/create s=200 d=28.7ms s=26
INF http m=GET p=/api/v1/workspaces/43LA5P9JU000/members s=200 d=464µs s=125
INF http m=GET p=/api/v1/workspaces/43LA5P9JU000/nodes/0/children s=200 d=822µs s=256
INF http m=GET p=/api/v1/notifications/unread-count s=200 d=2.69ms s=25
INF http m=GET p=/api/v1/workspaces/43LA5P9JU000/nodes/43LA5TH5S000 s=200 d=4.1ms s=245
INF http m=POST p=/api/v1/workspaces/43LA5PQCQ000/nodes/43LA5UFU0000/table/records/create s=200 d=37.2ms s=26
INF http m=GET p=/w/@43LA5PQCQ000+workspace/@43LA5TOR2000+welcome s=200 d=63µs s=532
INF http m=GET p=/api/v1/workspaces/43LA5PQCQ000/events s=200 d=205ms s=288
INF http m=GET p=/api/v1/workspaces/43LA5P9JU000/nodes/43LA5U5G6000 s=200 d=826µs s=151
INF http m=GET p=/api/v1/auth/me s=200 d=1.95ms s=360
INF http m=GET p=/api/v1/notifications/unread-count s=200 d=190µs s=25
INF http m=GET p=/api/v1/workspaces/43LA5PQCQ000/nodes/43LA5TOR2000 s=200 d=2.17ms s=245
INF http m=GET p=/api/v1/workspaces/43LA5PQCQ000/nodes/0/children s=200 d=3.22ms s=362
INF http m=GET p=/api/v1/workspaces/43LA5PQCQ000/members s=200 d=4.34ms s=126
INF http m=GET p=/api/v1/workspaces/43LA5P9JU000/events s=200 d=180ms s=93
INF http m=GET p=/api/v1/workspaces/43LA5PQCQ000/nodes/43LA5UFU0000 s=200 d=430µs s=225
INF http m=GET p=/api/v1/workspaces/43LA5PQCQ000/nodes/43LA5UFU0000/table/records s=200 d=360µs s=126
INF http m=POST p=/api/v1/auth/register s=200 d=138ms s=407
INF http m=GET p=/ s=200 d=59µs s=532
INF http m=GET p=/registerSW.js s=200 d=56µs s=87
INF http m=GET p=/assets/index-BppjCDFJ.css s=200 d=105µs s=12398
INF http m=GET p=/assets/editor-vendor-DXykusy4.js s=200 d=154µs s=95952
INF http m=GET p=/assets/vendor-Dz6kinLD.js s=200 d=89µs s=27873
INF http m=GET p=/assets/index-D8rN_C6i.js s=200 d=92µs s=49782
INF http m=GET p=/assets/en-BOb8f2G7.js s=200 d=97µs s=5207
INF http m=GET p=/api/v1/auth/me s=200 d=249µs s=171
INF http m=GET p=/api/v1/notifications/unread-count s=200 d=191µs s=25
INF http m=GET p=/favicon.png s=200 d=25µs s=449
INF http m=GET p=/sw.js s=200 d=74µs s=5541
INF http m=GET p=/registerSW.js s=200 d=47µs s=87
INF http m=GET p=/index.html s=200 d=43µs s=532
INF http m=GET p=/icon.svg s=200 d=44µs s=195
INF http m=POST p=/api/v1/organizations s=200 d=77.6ms s=355
INF http m=GET p=/api/v1/auth/me s=200 d=214µs s=257
INF http m=GET p=/icon-512.png s=200 d=52µs s=6498
INF http m=GET p=/icon-192.png s=200 d=55µs s=2468
INF http m=GET p=/favicon.png s=200 d=32µs s=449
INF http m=GET p=/apple-touch-icon.png s=200 d=52µs s=2298
INF http m=GET p=/assets/material-symbols-names-Dyx5m6Tf.js s=200 d=108µs s=15412
INF http m=GET p=/assets/fr-CgauyyXq.js s=200 d=90µs s=6301
INF http m=GET p=/assets/es-DHO8DnB9.js s=200 d=81µs s=6015
INF http m=GET p=/assets/emoji-groups-BpL1N8nI.js s=200 d=206µs s=13798
INF http m=GET p=/assets/de-qJeflSp6.js s=200 d=102µs s=6245
INF http m=GET p=/assets/WorkspaceSettingsPanel-CeaO382V.css s=200 d=36µs s=1021
INF http m=GET p=/assets/WorkspaceSettingsPanel-C0CeQhf8.js s=200 d=102µs s=4456
INF http m=GET p=/api/v1/workspaces/43LA5PQCQ000/events s=200 d=784ms s=242
INF http m=GET p=/assets/ServerSettingsPanel-DsIxlWdC.css s=200 d=42µs s=593
INF http m=GET p=/assets/ServerSettingsPanel-Cmq42vr7.js s=200 d=71µs s=2538
INF http m=GET p=/assets/ResourceQuotaForm-Coc__0PE.js s=200 d=33µs s=813
INF http m=GET p=/assets/ResourceQuotaForm-AxNe1Ebg.css s=200 d=85µs s=302
INF http m=GET p=/assets/ProfileSettings-kJBJbTIc.css s=200 d=30µs s=1220
INF http m=GET p=/assets/ProfileSettings-HAdAXUp2.js s=200 d=77µs s=4325
INF http m=GET p=/assets/OrgSettingsPanel-CEubhZUp.css s=200 d=41µs s=509
INF http m=GET p=/assets/OrgSettingsPanel-B6q-g6eD.js s=200 d=50µs s=2306
INF http m=GET p=/assets/InviteForm-fXZCo6g3.js s=200 d=39µs s=1267
INF http m=GET p=/assets/InviteForm-CW-wgFWD.css s=200 d=45µs s=414
INF http m=GET p=/assets/Editor-CO3i7Yl7.css s=200 d=61µs s=2237
INF http m=GET p=/assets/Editor--AVOgcEK.js s=200 d=94µs s=13498
INF http m=GET p=/assets/AdminDashboard-R0heLGro.css s=200 d=40µs s=601
INF http m=GET p=/assets/AdminDashboard-Cfrr1YY_.js s=200 d=58µs s=2075
INF http m=GET p=/manifest.webmanifest s=200 d=43µs s=199
INF http m=POST p=/api/v1/organizations/43LA62K80000/workspaces s=200 d=515ms s=305
INF http m=POST p=/api/v1/workspaces/43LA5PQCQ000/nodes/43LA5UFU0000/table/records/43LA5UMD4000 s=200 d=538ms s=35
INF http m=POST p=/api/v1/workspaces/43LA5PQCQ000/nodes/43LA5UFU0000/table/records/43LA5UMD4000 s=200 d=419ms s=35
INF http m=POST p=/api/v1/auth/register s=200 d=160ms s=412
INF http m=GET p=/ s=200 d=67µs s=532
INF http m=POST p=/api/v1/auth/switch-workspace s=200 d=60.8ms s=576
INF http m=GET p=/api/v1/workspaces/43LA634I8000/nodes/0/children s=200 d=735µs s=26
INF http m=GET p=/api/v1/notifications/unread-count s=200 d=177µs s=25
INF http m=GET p=/api/v1/workspaces/43LA634I8000/members s=200 d=10.8ms s=122
INF http m=GET p=/assets/index-D8rN_C6i.js s=200 d=164µs s=49782
INF http m=GET p=/assets/index-BppjCDFJ.css s=200 d=154µs s=12398
INF http m=GET p=/assets/editor-vendor-DXykusy4.js s=200 d=226µs s=95952
INF http m=GET p=/registerSW.js s=200 d=31µs s=87
INF http m=GET p=/assets/vendor-Dz6kinLD.js s=200 d=101µs s=27873
INF http m=POST p=/api/v1/workspaces/43LA634I8000/nodes/0/page/create s=200 d=46.6ms s=35
INF http m=GET p=/api/v1/workspaces/43LA634I8000/nodes/0/children s=200 d=301µs s=257
INF http m=GET p=/api/v1/workspaces/43LA634I8000/nodes/43LA66V2Q000 s=200 d=320µs s=245
INF http m=GET p=/api/v1/auth/me s=200 d=234µs s=177
INF http m=GET p=/assets/en-BOb8f2G7.js s=200 d=71µs s=5207
INF http m=GET p=/api/v1/notifications/unread-count s=200 d=202µs s=25
INF http m=GET p=/favicon.png s=200 d=42µs s=449
INF http m=GET p=/sw.js s=200 d=103µs s=5541
INF http m=GET p=/registerSW.js s=200 d=37µs s=87
INF http m=GET p=/index.html s=200 d=39µs s=532
INF http m=GET p=/icon.svg s=200 d=30µs s=195
INF http m=POST p=/api/v1/organizations s=200 d=58.8ms s=363
INF http m=GET p=/icon-512.png s=200 d=60µs s=6498
INF http m=GET p=/api/v1/auth/me s=200 d=958µs s=260
INF http m=GET p=/icon-192.png s=200 d=71µs s=2468
INF http m=GET p=/favicon.png s=200 d=26µs s=449
INF http m=GET p=/apple-touch-icon.png s=200 d=68µs s=2298
INF http m=GET p=/assets/material-symbols-names-Dyx5m6Tf.js s=200 d=128µs s=15412
INF http m=GET p=/assets/fr-CgauyyXq.js s=200 d=110µs s=6301
INF http m=GET p=/assets/es-DHO8DnB9.js s=200 d=55µs s=6015
INF http m=GET p=/assets/emoji-groups-BpL1N8nI.js s=200 d=1.29ms s=13798
INF http m=GET p=/assets/de-qJeflSp6.js s=200 d=88µs s=6245
INF http m=GET p=/assets/WorkspaceSettingsPanel-CeaO382V.css s=200 d=35µs s=1021
INF http m=GET p=/assets/WorkspaceSettingsPanel-C0CeQhf8.js s=200 d=81µs s=4456
INF http m=GET p=/assets/ServerSettingsPanel-DsIxlWdC.css s=200 d=54µs s=593
INF http m=GET p=/assets/ServerSettingsPanel-Cmq42vr7.js s=200 d=52µs s=2538
INF http m=GET p=/assets/ResourceQuotaForm-Coc__0PE.js s=200 d=34µs s=813
INF http m=GET p=/assets/ResourceQuotaForm-AxNe1Ebg.css s=200 d=38µs s=302
INF http m=GET p=/assets/ProfileSettings-kJBJbTIc.css s=200 d=32µs s=1220
INF http m=GET p=/api/v1/workspaces/43LA634I8000/events s=200 d=369ms s=201
INF http m=GET p=/assets/ProfileSettings-HAdAXUp2.js s=200 d=129µs s=4325
INF http m=GET p=/assets/OrgSettingsPanel-CEubhZUp.css s=200 d=43µs s=509
INF http m=GET p=/assets/OrgSettingsPanel-B6q-g6eD.js s=200 d=48µs s=2306
INF http m=GET p=/assets/InviteForm-fXZCo6g3.js s=200 d=145µs s=1267
INF http m=GET p=/assets/InviteForm-CW-wgFWD.css s=200 d=29µs s=414
INF http m=GET p=/assets/Editor-CO3i7Yl7.css s=200 d=211µs s=2237
INF http m=GET p=/assets/Editor--AVOgcEK.js s=200 d=144µs s=13498
INF http m=GET p=/assets/AdminDashboard-R0heLGro.css s=200 d=42µs s=601
INF http m=GET p=/assets/AdminDashboard-Cfrr1YY_.js s=200 d=45µs s=2075
INF http m=GET p=/manifest.webmanifest s=200 d=31µs s=199
INF http m=POST p=/api/v1/organizations/43LA67MT4000/workspaces s=200 d=409ms s=308
INF http m=POST p=/api/v1/auth/switch-workspace s=200 d=58.7ms s=578
INF http m=GET p=/api/v1/notifications/unread-count s=200 d=206µs s=25
INF http m=GET p=/api/v1/workspaces/43LA683Q4000/members s=200 d=227µs s=128
INF http m=GET p=/api/v1/workspaces/43LA683Q4000/nodes/0/children s=200 d=262µs s=26
INF http m=POST p=/api/v1/auth/register s=200 d=163ms s=402
INF http m=POST p=/api/v1/workspaces/43LA683Q4000/nodes/0/page/create s=200 d=44.2ms s=35
INF http m=GET p=/ s=200 d=68µs s=532
INF http m=GET p=/api/v1/workspaces/43LA683Q4000/nodes/0/children s=200 d=326µs s=257
INF http m=GET p=/api/v1/workspaces/43LA683Q4000/nodes/43LA6B5QS000 s=200 d=312µs s=245
INF http m=GET p=/assets/index-D8rN_C6i.js s=200 d=165µs s=49782
INF http m=GET p=/assets/index-BppjCDFJ.css s=200 d=119µs s=12398
INF http m=GET p=/registerSW.js s=200 d=37µs s=87
INF http m=GET p=/assets/vendor-Dz6kinLD.js s=200 d=106µs s=27873
INF http m=GET p=/assets/editor-vendor-DXykusy4.js s=200 d=147µs s=95952
INF http m=GET p=/api/v1/auth/me s=200 d=1.41ms s=172
INF http m=GET p=/assets/en-BOb8f2G7.js s=200 d=66µs s=5207
INF http m=GET p=/sw.js s=200 d=89µs s=5541
INF http m=GET p=/favicon.png s=200 d=34µs s=449
INF http m=GET p=/api/v1/notifications/unread-count s=200 d=160µs s=25
INF http m=GET p=/registerSW.js s=200 d=37µs s=87
INF http m=GET p=/index.html s=200 d=38µs s=532
INF http m=GET p=/icon.svg s=200 d=36µs s=195
INF http m=GET p=/icon-512.png s=200 d=69µs s=6498
INF http m=GET p=/icon-192.png s=200 d=40µs s=2468
INF http m=GET p=/favicon.png s=200 d=33µs s=449
INF http m=GET p=/apple-touch-icon.png s=200 d=42µs s=2298
INF http m=POST p=/api/v1/organizations s=200 d=57.1ms s=358
INF http m=GET p=/api/v1/auth/me s=200 d=585µs s=258
INF http m=GET p=/assets/material-symbols-names-Dyx5m6Tf.js s=200 d=115µs s=15412
INF http m=GET p=/assets/fr-CgauyyXq.js s=200 d=82µs s=6301
INF http m=GET p=/assets/es-DHO8DnB9.js s=200 d=77µs s=6015
INF http m=GET p=/assets/emoji-groups-BpL1N8nI.js s=200 d=133µs s=13798
INF http m=GET p=/assets/de-qJeflSp6.js s=200 d=88µs s=6245
INF http m=GET p=/assets/WorkspaceSettingsPanel-CeaO382V.css s=200 d=34µs s=1021
INF http m=GET p=/assets/WorkspaceSettingsPanel-C0CeQhf8.js s=200 d=59µs s=4456
INF http m=GET p=/assets/ServerSettingsPanel-DsIxlWdC.css s=200 d=24µs s=593
INF http m=GET p=/assets/ServerSettingsPanel-Cmq42vr7.js s=200 d=40µs s=2538
INF http m=GET p=/assets/ResourceQuotaForm-Coc__0PE.js s=200 d=59µs s=813
INF http m=GET p=/assets/ResourceQuotaForm-AxNe1Ebg.css s=200 d=24µs s=302
INF http m=GET p=/assets/ProfileSettings-kJBJbTIc.css s=200 d=30µs s=1220
INF http m=GET p=/assets/ProfileSettings-HAdAXUp2.js s=200 d=69µs s=4325
INF http m=GET p=/assets/OrgSettingsPanel-CEubhZUp.css s=200 d=25µs s=509
INF http m=GET p=/assets/OrgSettingsPanel-B6q-g6eD.js s=200 d=33µs s=2306
INF http m=GET p=/assets/InviteForm-fXZCo6g3.js s=200 d=32µs s=1267
INF http m=GET p=/assets/InviteForm-CW-wgFWD.css s=200 d=27µs s=414
INF http m=GET p=/assets/Editor-CO3i7Yl7.css s=200 d=36µs s=2237
INF http m=GET p=/assets/Editor--AVOgcEK.js s=200 d=115µs s=13498
INF http m=GET p=/assets/AdminDashboard-R0heLGro.css s=200 d=25µs s=601
INF http m=GET p=/assets/AdminDashboard-Cfrr1YY_.js s=200 d=34µs s=2075
INF http m=GET p=/manifest.webmanifest s=200 d=26µs s=199
INF http m=POST p=/api/v1/organizations/43LA6CMQG000/workspaces s=200 d=303ms s=307
INF http m=POST p=/api/v1/auth/switch-workspace s=200 d=37.8ms s=572
INF http m=GET p=/api/v1/workspaces/43LA6D2V8000/members s=200 d=207µs s=124
INF http m=GET p=/api/v1/notifications/unread-count s=200 d=151µs s=25
INF http m=GET p=/api/v1/workspaces/43LA6D2V8000/nodes/0/children s=200 d=309µs s=26
INF http m=POST p=/api/v1/workspaces/43LA6D2V8000/nodes/0/page/create s=200 d=30ms s=35
INF http m=GET p=/api/v1/workspaces/43LA683Q4000/events s=200 d=719ms s=201
INF http m=GET p=/api/v1/workspaces/43LA6D2V8000/nodes/0/children s=200 d=303µs s=257
INF http m=GET p=/api/v1/workspaces/43LA6D2V8000/nodes/43LA6FAV6000 s=200 d=363µs s=245
INF http m=POST p=/api/v1/auth/register s=200 d=139ms s=400
INF http m=GET p=/ s=200 d=63µs s=532
INF http m=GET p=/assets/index-D8rN_C6i.js s=200 d=159µs s=49782
INF http m=GET p=/assets/index-BppjCDFJ.css s=200 d=108µs s=12398
INF http m=GET p=/assets/editor-vendor-DXykusy4.js s=200 d=126µs s=95952
INF http m=GET p=/assets/vendor-Dz6kinLD.js s=200 d=97µs s=27873
INF http m=GET p=/registerSW.js s=200 d=32µs s=87
INF http m=GET p=/assets/en-BOb8f2G7.js s=200 d=108µs s=5207
INF http m=GET p=/api/v1/auth/me s=200 d=267µs s=167
INF http m=GET p=/favicon.png s=200 d=43µs s=449
INF http m=GET p=/api/v1/notifications/unread-count s=200 d=141µs s=25
INF http m=GET p=/sw.js s=200 d=107µs s=5541
INF http m=GET p=/registerSW.js s=200 d=36µs s=87
INF http m=POST p=/api/v1/organizations s=200 d=61.1ms s=354
INF http m=GET p=/index.html s=200 d=32µs s=532
INF http m=GET p=/api/v1/auth/me s=200 d=825µs s=254
INF http m=GET p=/icon.svg s=200 d=27µs s=195
INF http m=POST p=/api/v1/workspaces/43LA6D2V8000/nodes/0/page/create s=200 d=75.6ms s=26
INF http m=GET p=/icon-512.png s=200 d=85µs s=6498
INF http m=GET p=/icon-192.png s=200 d=62µs s=2468
INF http m=GET p=/favicon.png s=200 d=34µs s=449
INF http m=GET p=/apple-touch-icon.png s=200 d=38µs s=2298
INF http m=GET p=/assets/material-symbols-names-Dyx5m6Tf.js s=200 d=98µs s=15412
INF http m=GET p=/assets/fr-CgauyyXq.js s=200 d=102µs s=6301
INF http m=POST p=/api/v1/workspaces/43LA6D2V8000/nodes/0/page/create s=200 d=66.7ms s=26
INF http m=GET p=/assets/es-DHO8DnB9.js s=200 d=76µs s=6015
INF http m=GET p=/w/@43LA6D2V8000+workspace/@43LA6FAV6000+welcome s=200 d=35µs s=532
INF http m=GET p=/assets/emoji-groups-BpL1N8nI.js s=200 d=104µs s=13798
INF http m=GET p=/api/v1/workspaces/43LA6D2V8000/events s=200 d=644ms s=256
INF http m=GET p=/assets/de-qJeflSp6.js s=200 d=99µs s=6245
INF http m=GET p=/api/v1/auth/me s=200 d=729µs s=358
INF http m=GET p=/assets/WorkspaceSettingsPanel-CeaO382V.css s=200 d=30µs s=1021
INF http m=GET p=/assets/WorkspaceSettingsPanel-C0CeQhf8.js s=200 d=324µs s=4456
INF http m=GET p=/api/v1/notifications/unread-count s=200 d=217µs s=25
INF http m=GET p=/assets/ServerSettingsPanel-DsIxlWdC.css s=200 d=41µs s=593
INF http m=GET p=/api/v1/workspaces/43LA6D2V8000/nodes/0/children s=200 d=938µs s=269
INF http m=GET p=/assets/ServerSettingsPanel-Cmq42vr7.js s=200 d=45µs s=2538
INF http m=GET p=/api/v1/workspaces/43LA6D2V8000/members s=200 d=3.77ms s=124
INF http m=GET p=/assets/ResourceQuotaForm-Coc__0PE.js s=200 d=134µs s=813
INF http m=GET p=/api/v1/workspaces/43LA6D2V8000/nodes/43LA6FAV6000 s=200 d=6.74ms s=245
INF http m=GET p=/assets/ResourceQuotaForm-AxNe1Ebg.css s=200 d=30µs s=302
INF http m=GET p=/assets/ProfileSettings-kJBJbTIc.css s=200 d=48µs s=1220
INF http m=GET p=/assets/ProfileSettings-HAdAXUp2.js s=200 d=117µs s=4325
INF http m=GET p=/assets/OrgSettingsPanel-CEubhZUp.css s=200 d=59µs s=509
INF http m=GET p=/assets/OrgSettingsPanel-B6q-g6eD.js s=200 d=44µs s=2306
INF http m=GET p=/assets/InviteForm-fXZCo6g3.js s=200 d=36µs s=1267
INF http m=GET p=/assets/InviteForm-CW-wgFWD.css s=200 d=31µs s=414
INF http m=GET p=/assets/Editor-CO3i7Yl7.css s=200 d=32µs s=2237
INF http m=GET p=/assets/Editor--AVOgcEK.js s=200 d=108µs s=13498
INF http m=GET p=/assets/AdminDashboard-R0heLGro.css s=200 d=26µs s=601
INF http m=GET p=/assets/AdminDashboard-Cfrr1YY_.js s=200 d=37µs s=2075
INF http m=GET p=/manifest.webmanifest s=200 d=24µs s=199
INF http m=GET p=/api/v1/workspaces/43LA6D2V8000/nodes/43LA6I7AI000 s=200 d=369µs s=137
INF http m=POST p=/api/v1/organizations/43LA6I7EA000/workspaces s=200 d=369ms s=303
INF http m=POST p=/api/v1/auth/switch-workspace s=200 d=39.5ms s=570
INF http m=GET p=/api/v1/notifications/unread-count s=200 d=200µs s=25
INF http m=GET p=/api/v1/workspaces/43LA6ILRQ000/members s=200 d=188µs s=122
INF http m=GET p=/api/v1/workspaces/43LA6ILRQ000/nodes/0/children s=200 d=459µs s=26
INF http m=POST p=/api/v1/workspaces/43LA6ILRQ000/nodes/0/page/create s=200 d=21.8ms s=35
INF http m=GET p=/api/v1/workspaces/43LA6ILRQ000/nodes/0/children s=200 d=288µs s=257
INF http m=GET p=/api/v1/workspaces/43LA6ILRQ000/nodes/43LA6LAT4000 s=200 d=800µs s=245
INF http m=GET p=/api/v1/workspaces/43LA6D2V8000/nodes/43LA6INJM000 s=200 d=299µs s=138
INF http m=POST p=/api/v1/workspaces/43LA6D2V8000/nodes/43LA6I7AI000/page s=200 d=26.3ms s=35
INF http m=GET p=/api/v1/workspaces/43LA6D2V8000/events s=200 d=515ms s=207
INF http m=GET p=/api/v1/notifications/unread-count s=200 d=185µs s=25
INF http m=GET p=/api/v1/workspaces/43LA6ILRQ000/events s=200 d=530ms s=206
INF http m=GET p=/api/v1/auth/providers s=200 d=437µs s=59
INF http m=GET p=/api/v1/notifications/preferences s=200 d=682µs s=127
INF http m=POST p=/api/v1/auth/register s=200 d=160ms s=392
INF http m=GET p=/ s=200 d=74µs s=532
INF http m=GET p=/assets/index-D8rN_C6i.js s=200 d=421µs s=49782
INF http m=GET p=/assets/editor-vendor-DXykusy4.js s=200 d=207µs s=95952
INF http m=GET p=/assets/index-BppjCDFJ.css s=200 d=161µs s=12398
INF http m=GET p=/assets/vendor-Dz6kinLD.js s=200 d=128µs s=27873
INF http m=GET p=/registerSW.js s=200 d=61µs s=87
INF http m=GET p=/api/v1/auth/me s=200 d=663µs s=166
INF http m=GET p=/assets/en-BOb8f2G7.js s=200 d=65µs s=5207
INF http m=POST p=/api/v1/auth/settings s=200 d=59.2ms s=307
INF http m=GET p=/favicon.png s=200 d=42µs s=449
INF http m=GET p=/api/v1/notifications/unread-count s=200 d=144µs s=25
INF http m=GET p=/sw.js s=200 d=105µs s=5541
INF http m=GET p=/registerSW.js s=200 d=53µs s=87
INF http m=GET p=/index.html s=200 d=61µs s=532
INF http m=GET p=/icon.svg s=200 d=30µs s=195
INF http m=GET p=/icon-512.png s=200 d=77µs s=6498
INF http m=GET p=/icon-192.png s=200 d=188µs s=2468
INF http m=POST p=/api/v1/organizations s=200 d=95.6ms s=354
INF http m=GET p=/api/v1/auth/me s=200 d=762µs s=252
INF http m=GET p=/favicon.png s=200 d=31µs s=449
INF http m=GET p=/apple-touch-icon.png s=200 d=48µs s=2298
INF http m=GET p=/assets/material-symbols-names-Dyx5m6Tf.js s=200 d=117µs s=15412
INF http m=GET p=/assets/fr-CgauyyXq.js s=200 d=94µs s=6301
INF http m=GET p=/assets/es-DHO8DnB9.js s=200 d=82µs s=6015
INF http m=GET p=/assets/emoji-groups-BpL1N8nI.js s=200 d=119µs s=13798
INF http m=GET p=/assets/de-qJeflSp6.js s=200 d=103µs s=6245
INF http m=GET p=/assets/WorkspaceSettingsPanel-CeaO382V.css s=200 d=40µs s=1021
INF http m=GET p=/assets/WorkspaceSettingsPanel-C0CeQhf8.js s=200 d=102µs s=4456
INF http m=GET p=/assets/ServerSettingsPanel-DsIxlWdC.css s=200 d=47µs s=593
INF http m=GET p=/assets/ServerSettingsPanel-Cmq42vr7.js s=200 d=176µs s=2538
INF http m=GET p=/assets/ResourceQuotaForm-Coc__0PE.js s=200 d=46µs s=813
INF http m=GET p=/assets/ResourceQuotaForm-AxNe1Ebg.css s=200 d=43µs s=302
INF http m=GET p=/assets/ProfileSettings-kJBJbTIc.css s=200 d=41µs s=1220
INF http m=GET p=/assets/ProfileSettings-HAdAXUp2.js s=200 d=69µs s=4325
INF http m=GET p=/assets/OrgSettingsPanel-CEubhZUp.css s=200 d=44µs s=509
INF http m=GET p=/assets/OrgSettingsPanel-B6q-g6eD.js s=200 d=50µs s=2306
INF http m=GET p=/assets/InviteForm-fXZCo6g3.js s=200 d=38µs s=1267
INF http m=GET p=/assets/InviteForm-CW-wgFWD.css s=200 d=47µs s=414
INF http m=GET p=/assets/Editor-CO3i7Yl7.css s=200 d=44µs s=2237
INF http m=GET p=/assets/Editor--AVOgcEK.js s=200 d=102µs s=13498
INF http m=GET p=/assets/AdminDashboard-R0heLGro.css s=200 d=39µs s=601
INF http m=GET p=/assets/AdminDashboard-Cfrr1YY_.js s=200 d=59µs s=2075
INF http m=GET p=/manifest.webmanifest s=200 d=53µs s=199
INF http m=POST p=/api/v1/organizations/43LA6PV9Q000/workspaces s=200 d=510ms s=302
INF http m=POST p=/api/v1/auth/register s=200 d=309ms s=396
INF http m=GET p=/ s=200 d=71µs s=532
INF http m=GET p=/assets/index-D8rN_C6i.js s=200 d=194µs s=49782
INF http m=GET p=/registerSW.js s=200 d=52µs s=87
INF http m=GET p=/assets/index-BppjCDFJ.css s=200 d=110µs s=12398
INF http m=GET p=/assets/vendor-Dz6kinLD.js s=200 d=132µs s=27873
INF http m=GET p=/assets/editor-vendor-DXykusy4.js s=200 d=568µs s=95952
INF http m=POST p=/api/v1/auth/switch-workspace s=200 d=68.7ms s=576
INF http m=GET p=/api/v1/notifications/unread-count s=200 d=175µs s=25
INF http m=GET p=/api/v1/workspaces/43LA6QLDE000/nodes/0/children s=200 d=341µs s=26
INF http m=GET p=/api/v1/workspaces/43LA6QLDE000/members s=200 d=232µs s=128
INF http m=POST p=/api/v1/workspaces/43LA6QLDE000/nodes/0/page/create s=200 d=32.2ms s=35
INF http m=GET p=/api/v1/auth/me s=200 d=215µs s=167
INF http m=GET p=/assets/en-BOb8f2G7.js s=200 d=101µs s=5207
INF http m=GET p=/api/v1/workspaces/43LA6QLDE000/nodes/0/children s=200 d=301µs s=257
INF http m=GET p=/api/v1/notifications/unread-count s=200 d=627µs s=25
INF http m=GET p=/api/v1/workspaces/43LA6QLDE000/nodes/43LA6UEKE000 s=200 d=3.17ms s=245
INF http m=GET p=/favicon.png s=200 d=32µs s=449
INF http m=GET p=/sw.js s=200 d=125µs s=5541
INF http m=GET p=/registerSW.js s=200 d=38µs s=87
INF http m=GET p=/index.html s=200 d=34µs s=532
INF http m=GET p=/icon.svg s=200 d=35µs s=195
INF http m=POST p=/api/v1/organizations s=200 d=83.4ms s=352
INF http m=GET p=/icon-512.png s=200 d=62µs s=6498
INF http m=GET p=/api/v1/auth/me s=200 d=1.41ms s=251
INF http m=GET p=/icon-192.png s=200 d=53µs s=2468
INF http m=GET p=/favicon.png s=200 d=24µs s=449
INF http m=GET p=/apple-touch-icon.png s=200 d=36µs s=2298
INF http m=GET p=/assets/material-symbols-names-Dyx5m6Tf.js s=200 d=98µs s=15412
INF http m=GET p=/assets/fr-CgauyyXq.js s=200 d=85µs s=6301
INF http m=GET p=/assets/es-DHO8DnB9.js s=200 d=68µs s=6015
INF http m=GET p=/assets/emoji-groups-BpL1N8nI.js s=200 d=163µs s=13798
INF http m=GET p=/assets/de-qJeflSp6.js s=200 d=263µs s=6245
INF http m=GET p=/assets/WorkspaceSettingsPanel-CeaO382V.css s=200 d=31µs s=1021
INF http m=GET p=/assets/WorkspaceSettingsPanel-C0CeQhf8.js s=200 d=68µs s=4456
INF http m=GET p=/assets/ServerSettingsPanel-DsIxlWdC.css s=200 d=30µs s=593
INF http m=GET p=/assets/ServerSettingsPanel-Cmq42vr7.js s=200 d=37µs s=2538
INF http m=GET p=/assets/ResourceQuotaForm-Coc__0PE.js s=200 d=33µs s=813
INF http m=GET p=/assets/ResourceQuotaForm-AxNe1Ebg.css s=200 d=32µs s=302
INF http m=GET p=/assets/ProfileSettings-kJBJbTIc.css s=200 d=30µs s=1220
INF http m=GET p=/assets/ProfileSettings-HAdAXUp2.js s=200 d=65µs s=4325
INF http m=GET p=/assets/OrgSettingsPanel-CEubhZUp.css s=200 d=24µs s=509
INF http m=GET p=/api/v1/notifications/unread-count s=200 d=324µs s=25
INF http m=GET p=/assets/OrgSettingsPanel-B6q-g6eD.js s=200 d=32µs s=2306
INF http m=GET p=/assets/InviteForm-fXZCo6g3.js s=200 d=41µs s=1267
INF http m=GET p=/api/v1/workspaces/43LA6QLDE000/events s=200 d=313ms s=207
INF http m=GET p=/assets/InviteForm-CW-wgFWD.css s=200 d=30µs s=414
INF http m=GET p=/assets/Editor-CO3i7Yl7.css s=200 d=46µs s=2237
INF http m=GET p=/assets/Editor--AVOgcEK.js s=200 d=101µs s=13498
INF http m=GET p=/api/v1/auth/providers s=200 d=2.82ms s=59
INF http m=GET p=/api/v1/notifications/preferences s=200 d=1.23ms s=127
INF http m=GET p=/assets/AdminDashboard-R0heLGro.css s=200 d=29µs s=601
INF http m=GET p=/assets/AdminDashboard-Cfrr1YY_.js s=200 d=61µs s=2075
INF http m=GET p=/manifest.webmanifest s=200 d=54µs s=199
INF http m=POST p=/api/v1/organizations/43LA6UPF2000/workspaces s=200 d=322ms s=301
INF http m=POST p=/api/v1/auth/settings s=200 d=91.8ms s=308
INF http m=POST p=/api/v1/auth/switch-workspace s=200 d=37.6ms s=572
INF http m=GET p=/api/v1/notifications/unread-count s=200 d=222µs s=25
INF http m=GET p=/api/v1/workspaces/43LA6VB76000/nodes/0/children s=200 d=535µs s=26
INF http m=GET p=/api/v1/workspaces/43LA6VB76000/members s=200 d=2.09ms s=130
INF http m=GET p=/api/v1/notifications/unread-count s=200 d=203µs s=25
INF http m=GET p=/api/v1/workspaces/43LA6QLDE000/nodes/0/children s=200 d=447µs s=257
INF http m=GET p=/api/v1/workspaces/43LA6QLDE000/members s=200 d=2.49ms s=128
INF http m=GET p=/api/v1/workspaces/43LA6QLDE000/nodes/43LA6UEKE000 s=200 d=1.33ms s=245
INF http m=POST p=/api/v1/workspaces/43LA6VB76000/nodes/0/page/create s=200 d=33.4ms s=35
INF http m=GET p=/api/v1/workspaces/43LA6VB76000/nodes/0/children s=200 d=293µs s=257
INF http m=GET p=/api/v1/workspaces/43LA6VB76000/nodes/43LA71LFC000 s=200 d=313µs s=245
INF http m=GET p=/api/v1/workspaces/43LA6QLDE000/events s=200 d=33.5ms s=93
INF http m=POST p=/api/v1/auth/register s=200 d=127ms s=408
INF http m=GET p=/ s=200 d=55µs s=532
INF http m=GET p=/assets/index-BppjCDFJ.css s=200 d=160µs s=12398
INF http m=GET p=/registerSW.js s=200 d=31µs s=87
INF http m=GET p=/assets/editor-vendor-DXykusy4.js s=200 d=175µs s=95952
INF http m=GET p=/assets/vendor-Dz6kinLD.js s=200 d=107µs s=27873
INF http m=GET p=/assets/index-D8rN_C6i.js s=200 d=1.05ms s=49782
INF http m=GET p=/api/v1/auth/me s=200 d=845µs s=171
INF http m=GET p=/assets/en-BOb8f2G7.js s=200 d=74µs s=5207
INF http m=GET p=/api/v1/notifications/unread-count s=200 d=309µs s=25
INF http m=GET p=/sw.js s=200 d=84µs s=5541
INF http m=GET p=/favicon.png s=200 d=51µs s=449
INF http m=GET p=/registerSW.js s=200 d=36µs s=87
INF http m=GET p=/index.html s=200 d=43µs s=532
INF http m=GET p=/icon.svg s=200 d=30µs s=195
INF http m=GET p=/icon-512.png s=200 d=74µs s=6498
INF http m=GET p=/icon-192.png s=200 d=62µs s=2468
INF http m=POST p=/api/v1/organizations s=200 d=94.5ms s=357
INF http m=GET p=/favicon.png s=200 d=36µs s=449
INF http m=GET p=/api/v1/notifications/unread-count s=200 d=158µs s=25
INF http m=GET p=/apple-touch-icon.png s=200 d=50µs s=2298
INF http m=GET p=/api/v1/auth/me s=200 d=710µs s=256
INF http m=GET p=/api/v1/workspaces/43LA6VB76000/events s=200 d=616ms s=208
INF http m=GET p=/api/v1/auth/providers s=200 d=345µs s=59
INF http m=GET p=/assets/material-symbols-names-Dyx5m6Tf.js s=200 d=110µs s=15412
INF http m=GET p=/api/v1/notifications/preferences s=200 d=622µs s=127
INF http m=GET p=/assets/fr-CgauyyXq.js s=200 d=102µs s=6301
INF http m=GET p=/assets/es-DHO8DnB9.js s=200 d=348µs s=6015
INF http m=GET p=/assets/emoji-groups-BpL1N8nI.js s=200 d=102µs s=13798
INF http m=GET p=/assets/de-qJeflSp6.js s=200 d=93µs s=6245
INF http m=GET p=/assets/WorkspaceSettingsPanel-CeaO382V.css s=200 d=40µs s=1021
INF http m=GET p=/assets/WorkspaceSettingsPanel-C0CeQhf8.js s=200 d=575µs s=4456
INF http m=GET p=/assets/ServerSettingsPanel-DsIxlWdC.css s=200 d=36µs s=593
INF http m=GET p=/assets/ServerSettingsPanel-Cmq42vr7.js s=200 d=38µs s=2538
INF http m=GET p=/assets/ResourceQuotaForm-Coc__0PE.js s=200 d=36µs s=813
INF http m=GET p=/assets/ResourceQuotaForm-AxNe1Ebg.css s=200 d=60µs s=302
INF http m=GET p=/assets/ProfileSettings-kJBJbTIc.css s=200 d=34µs s=1220
INF http m=GET p=/assets/ProfileSettings-HAdAXUp2.js s=200 d=61µs s=4325
INF http m=GET p=/assets/OrgSettingsPanel-CEubhZUp.css s=200 d=25µs s=509
INF http m=GET p=/assets/OrgSettingsPanel-B6q-g6eD.js s=200 d=40µs s=2306
INF http m=GET p=/assets/InviteForm-fXZCo6g3.js s=200 d=27µs s=1267
INF http m=GET p=/assets/InviteForm-CW-wgFWD.css s=200 d=29µs s=414
INF http m=GET p=/assets/Editor-CO3i7Yl7.css s=200 d=35µs s=2237
INF http m=GET p=/assets/Editor--AVOgcEK.js s=200 d=94µs s=13498
INF http m=GET p=/assets/AdminDashboard-R0heLGro.css s=200 d=36µs s=601
INF http m=GET p=/assets/AdminDashboard-Cfrr1YY_.js s=200 d=29µs s=2075
INF http m=GET p=/manifest.webmanifest s=200 d=29µs s=199
INF http m=POST p=/api/v1/organizations/43LA74NC6000/workspaces s=200 d=324ms s=303
INF http m=POST p=/api/v1/auth/settings s=200 d=202ms s=309
INF http m=POST p=/api/v1/auth/switch-workspace s=200 d=35.7ms s=567
INF http m=GET p=/api/v1/notifications/unread-count s=200 d=207µs s=25
INF http m=GET p=/api/v1/workspaces/43LA75DDK000/nodes/0/children s=200 d=311µs s=26
INF http m=GET p=/api/v1/workspaces/43LA75DDK000/members s=200 d=560µs s=128
INF http m=POST p=/api/v1/workspaces/43LA75DDK000/nodes/0/page/create s=200 d=20.9ms s=35
INF http m=GET p=/api/v1/workspaces/43LA75DDK000/nodes/0/children s=200 d=249µs s=257
INF http m=GET p=/api/v1/workspaces/43LA75DDK000/nodes/43LA77N7U000 s=200 d=257µs s=245
INF http m=GET p=/api/v1/notifications/unread-count s=200 d=195µs s=25
INF http m=GET p=/api/v1/workspaces/43LA6VB76000/members s=200 d=264µs s=130
INF http m=GET p=/api/v1/workspaces/43LA6VB76000/nodes/0/children s=200 d=744µs s=257
INF http m=GET p=/api/v1/workspaces/43LA6VB76000/nodes/43LA71LFC000 s=200 d=599µs s=245
INF http m=GET p=/w/@43LA6VB76000+workspace/@43LA71LFC000+welcome s=200 d=45µs s=532
INF http m=GET p=/api/v1/workspaces/43LA6VB76000/events s=200 d=15.3ms s=93
INF http m=GET p=/api/v1/auth/me s=200 d=319µs s=347
INF http m=GET p=/api/v1/notifications/unread-count s=200 d=204µs s=25
INF http m=GET p=/api/v1/workspaces/43LA6VB76000/members s=200 d=168µs s=130
INF http m=GET p=/api/v1/workspaces/43LA6VB76000/nodes/43LA71LFC000 s=200 d=272µs s=245
INF http m=GET p=/api/v1/workspaces/43LA6VB76000/nodes/0/children s=200 d=223µs s=257
INF http m=GET p=/api/v1/workspaces/43LA6VB76000/events s=200 d=23.6ms s=93
INF http m=POST p=/api/v1/auth/register s=200 d=128ms s=394
INF http m=GET p=/ s=200 d=87µs s=532
INF http m=GET p=/api/v1/notifications/unread-count s=200 d=677µs s=25
INF http m=GET p=/api/v1/workspaces/43LA75DDK000/events s=200 d=556ms s=207
INF http m=GET p=/assets/index-D8rN_C6i.js s=200 d=161µs s=49782
INF http m=GET p=/assets/index-BppjCDFJ.css s=200 d=125µs s=12398
INF http m=GET p=/assets/editor-vendor-DXykusy4.js s=200 d=190µs s=95952
INF http m=GET p=/assets/vendor-Dz6kinLD.js s=200 d=120µs s=27873
INF http m=GET p=/registerSW.js s=200 d=35µs s=87
INF http m=GET p=/api/v1/auth/providers s=200 d=555µs s=59
INF http m=GET p=/api/v1/notifications/preferences s=200 d=689µs s=127
INF http m=GET p=/assets/en-BOb8f2G7.js s=200 d=106µs s=5207
INF http m=GET p=/api/v1/auth/me s=200 d=6.03ms s=168
INF http m=GET p=/api/v1/notifications/unread-count s=200 d=168µs s=25
INF http m=GET p=/sw.js s=200 d=107µs s=5541
INF http m=GET p=/favicon.png s=200 d=55µs s=449
INF http m=GET p=/registerSW.js s=200 d=58µs s=87
INF http m=GET p=/index.html s=200 d=46µs s=532
INF http m=POST p=/api/v1/auth/settings s=200 d=74.1ms s=314
INF http m=GET p=/icon.svg s=200 d=34µs s=195
INF http m=GET p=/icon-512.png s=200 d=1.64ms s=6498
INF http m=GET p=/icon-192.png s=200 d=44µs s=2468
INF http m=GET p=/favicon.png s=200 d=30µs s=449
INF http m=GET p=/apple-touch-icon.png s=200 d=41µs s=2298
INF http m=GET p=/assets/material-symbols-names-Dyx5m6Tf.js s=200 d=142µs s=15412
INF http m=POST p=/api/v1/organizations s=200 d=105ms s=355
INF http m=GET p=/api/v1/auth/me s=200 d=2.39ms s=253
INF http m=GET p=/assets/fr-CgauyyXq.js s=200 d=119µs s=6301
INF http m=GET p=/assets/es-DHO8DnB9.js s=200 d=63µs s=6015
INF http m=GET p=/assets/emoji-groups-BpL1N8nI.js s=200 d=87µs s=13798
INF http m=GET p=/assets/de-qJeflSp6.js s=200 d=263µs s=6245
INF http m=GET p=/assets/WorkspaceSettingsPanel-CeaO382V.css s=200 d=27µs s=1021
INF http m=GET p=/assets/WorkspaceSettingsPanel-C0CeQhf8.js s=200 d=69µs s=4456
INF http m=GET p=/assets/ServerSettingsPanel-DsIxlWdC.css s=200 d=24µs s=593
INF http m=GET p=/assets/ServerSettingsPanel-Cmq42vr7.js s=200 d=36µs s=2538
INF http m=GET p=/assets/ResourceQuotaForm-Coc__0PE.js s=200 d=27µs s=813
INF http m=GET p=/assets/ResourceQuotaForm-AxNe1Ebg.css s=200 d=45µs s=302
INF http m=GET p=/assets/ProfileSettings-kJBJbTIc.css s=200 d=28µs s=1220
INF http m=GET p=/assets/ProfileSettings-HAdAXUp2.js s=200 d=58µs s=4325
INF http m=GET p=/assets/OrgSettingsPanel-CEubhZUp.css s=200 d=27µs s=509
INF http m=GET p=/assets/OrgSettingsPanel-B6q-g6eD.js s=200 d=44µs s=2306
INF http m=GET p=/assets/InviteForm-fXZCo6g3.js s=200 d=36µs s=1267
INF http m=GET p=/assets/InviteForm-CW-wgFWD.css s=200 d=27µs s=414
INF http m=GET p=/assets/Editor-CO3i7Yl7.css s=200 d=37µs s=2237
INF http m=GET p=/assets/Editor--AVOgcEK.js s=200 d=83µs s=13498
INF http m=GET p=/assets/AdminDashboard-R0heLGro.css s=200 d=24µs s=601
INF http m=GET p=/assets/AdminDashboard-Cfrr1YY_.js s=200 d=26µs s=2075
INF http m=GET p=/manifest.webmanifest s=200 d=26µs s=199
INF http m=POST p=/api/v1/organizations/43LA7BUCU000/workspaces s=200 d=275ms s=302
INF http m=POST p=/api/v1/auth/settings s=200 d=239ms s=314
INF http m=POST p=/api/v1/auth/switch-workspace s=200 d=36.3ms s=607
INF http m=GET p=/api/v1/notifications/unread-count s=200 d=199µs s=25
INF http m=GET p=/api/v1/workspaces/43LA7CL84000/members s=200 d=634µs s=117
INF http m=GET p=/api/v1/workspaces/43LA7CL84000/nodes/0/children s=200 d=4.51ms s=26
INF http m=POST p=/api/v1/workspaces/43LA7CL84000/nodes/0/page/create s=200 d=16.8ms s=35
INF http m=GET p=/api/v1/workspaces/43LA7CL84000/nodes/0/children s=200 d=614µs s=257
INF http m=GET p=/api/v1/workspaces/43LA7CL84000/nodes/43LA7EMHU000 s=200 d=587µs s=245
INF http m=GET p=/api/v1/notifications/unread-count s=200 d=222µs s=25
INF http m=GET p=/api/v1/workspaces/43LA75DDK000/nodes/0/children s=200 d=796µs s=257
INF http m=GET p=/api/v1/workspaces/43LA75DDK000/members s=200 d=563µs s=128
INF http m=GET p=/api/v1/workspaces/43LA75DDK000/nodes/43LA77N7U000 s=200 d=475µs s=245
INF http m=GET p=/api/v1/workspaces/43LA75DDK000/events s=200 d=20.2ms s=93
INF http m=POST p=/api/v1/auth/register s=200 d=133ms s=403
INF http m=GET p=/ s=200 d=57µs s=532
INF http m=GET p=/assets/index-D8rN_C6i.js s=200 d=224µs s=49782
INF http m=GET p=/assets/index-BppjCDFJ.css s=200 d=956µs s=12398
INF http m=GET p=/assets/editor-vendor-DXykusy4.js s=200 d=131µs s=95952
INF http m=GET p=/assets/vendor-Dz6kinLD.js s=200 d=188µs s=27873
INF http m=GET p=/registerSW.js s=200 d=41µs s=87
INF http m=GET p=/assets/en-BOb8f2G7.js s=200 d=89µs s=5207
INF http m=GET p=/api/v1/auth/me s=200 d=2.4ms s=172
INF http m=GET p=/api/v1/notifications/unread-count s=200 d=4.77ms s=25
INF http m=GET p=/favicon.png s=200 d=40µs s=449
INF http m=GET p=/sw.js s=200 d=62µs s=5541
INF http m=GET p=/registerSW.js s=200 d=41µs s=87
INF http m=GET p=/index.html s=200 d=45µs s=532
INF http m=GET p=/icon.svg s=200 d=41µs s=195
INF http m=GET p=/icon-512.png s=200 d=87µs s=6498
INF http m=GET p=/icon-192.png s=200 d=51µs s=2468
INF http m=POST p=/api/v1/organizations s=200 d=87.4ms s=355
INF http m=GET p=/favicon.png s=200 d=32µs s=449
INF http m=GET p=/api/v1/auth/me s=200 d=1.28ms s=255
INF http m=GET p=/apple-touch-icon.png s=200 d=45µs s=2298
INF http m=GET p=/assets/material-symbols-names-Dyx5m6Tf.js s=200 d=105µs s=15412
INF http m=GET p=/assets/fr-CgauyyXq.js s=200 d=89µs s=6301
INF http m=GET p=/assets/es-DHO8DnB9.js s=200 d=97µs s=6015
INF http m=GET p=/assets/emoji-groups-BpL1N8nI.js s=200 d=117µs s=13798
INF http m=GET p=/assets/de-qJeflSp6.js s=200 d=98µs s=6245
INF http m=GET p=/assets/WorkspaceSettingsPanel-CeaO382V.css s=200 d=32µs s=1021
INF http m=GET p=/assets/WorkspaceSettingsPanel-C0CeQhf8.js s=200 d=75µs s=4456
INF http m=GET p=/assets/ServerSettingsPanel-DsIxlWdC.css s=200 d=43µs s=593
INF http m=GET p=/assets/ServerSettingsPanel-Cmq42vr7.js s=200 d=44µs s=2538
INF http m=GET p=/assets/ResourceQuotaForm-Coc__0PE.js s=200 d=35µs s=813
INF http m=GET p=/assets/ResourceQuotaForm-AxNe1Ebg.css s=200 d=30µs s=302
INF http m=GET p=/assets/ProfileSettings-kJBJbTIc.css s=200 d=37µs s=1220
INF http m=GET p=/assets/ProfileSettings-HAdAXUp2.js s=200 d=328µs s=4325
INF http m=GET p=/assets/OrgSettingsPanel-CEubhZUp.css s=200 d=59µs s=509
INF http m=GET p=/assets/OrgSettingsPanel-B6q-g6eD.js s=200 d=57µs s=2306
INF http m=GET p=/assets/InviteForm-fXZCo6g3.js s=200 d=39µs s=1267
INF http m=GET p=/assets/InviteForm-CW-wgFWD.css s=200 d=33µs s=414
INF http m=GET p=/assets/Editor-CO3i7Yl7.css s=200 d=34µs s=2237
INF http m=GET p=/assets/Editor--AVOgcEK.js s=200 d=128µs s=13498
INF http m=GET p=/assets/AdminDashboard-R0heLGro.css s=200 d=56µs s=601
INF http m=GET p=/assets/AdminDashboard-Cfrr1YY_.js s=200 d=32µs s=2075
INF http m=GET p=/manifest.webmanifest s=200 d=38µs s=199
INF http m=GET p=/api/v1/workspaces/43LA7CL84000/events s=200 d=880ms s=206
INF http m=POST p=/api/v1/organizations/43LA7HS3U000/workspaces s=200 d=422ms s=303
INF http m=POST p=/api/v1/auth/switch-workspace s=200 d=60.1ms s=576
INF http m=GET p=/api/v1/notifications/unread-count s=200 d=181µs s=25
INF http m=GET p=/api/v1/workspaces/43LA7IF46000/members s=200 d=481µs s=120
INF http m=GET p=/api/v1/workspaces/43LA7IF46000/nodes/0/children s=200 d=349µs s=26
INF http m=POST p=/api/v1/auth/register s=200 d=176ms s=395
INF http m=GET p=/ s=200 d=57µs s=532
INF http m=POST p=/api/v1/workspaces/43LA7IF46000/nodes/0/page/create s=200 d=63.3ms s=35
INF http m=GET p=/api/v1/workspaces/43LA7IF46000/nodes/0/children s=200 d=346µs s=257
INF http m=GET p=/api/v1/workspaces/43LA7IF46000/nodes/43LA7LOTA000 s=200 d=468µs s=245
INF http m=GET p=/assets/index-D8rN_C6i.js s=200 d=167µs s=49782
INF http m=GET p=/assets/index-BppjCDFJ.css s=200 d=134µs s=12398
INF http m=GET p=/registerSW.js s=200 d=47µs s=87
INF http m=GET p=/assets/vendor-Dz6kinLD.js s=200 d=113µs s=27873
INF http m=GET p=/assets/editor-vendor-DXykusy4.js s=200 d=145µs s=95952
INF http m=GET p=/assets/en-BOb8f2G7.js s=200 d=80µs s=5207
INF http m=GET p=/api/v1/auth/me s=200 d=902µs s=167
INF http m=GET p=/api/v1/notifications/unread-count s=200 d=222µs s=25
INF http m=GET p=/favicon.png s=200 d=36µs s=449
INF http m=GET p=/sw.js s=200 d=72µs s=5541
INF http m=GET p=/registerSW.js s=200 d=42µs s=87
INF http m=GET p=/index.html s=200 d=114µs s=532
INF http m=GET p=/icon.svg s=200 d=27µs s=195
INF http m=GET p=/icon-512.png s=200 d=66µs s=6498
INF http m=GET p=/icon-192.png s=200 d=37µs s=2468
INF http m=GET p=/favicon.png s=200 d=27µs s=449
INF http m=GET p=/apple-touch-icon.png s=200 d=79µs s=2298
INF http m=POST p=/api/v1/organizations s=200 d=62.4ms s=352
INF http m=GET p=/api/v1/auth/me s=200 d=278µs s=251
INF http m=GET p=/assets/material-symbols-names-Dyx5m6Tf.js s=200 d=98µs s=15412
INF http m=GET p=/assets/fr-CgauyyXq.js s=200 d=164µs s=6301
INF http m=GET p=/assets/es-DHO8DnB9.js s=200 d=82µs s=6015
INF http m=GET p=/assets/emoji-groups-BpL1N8nI.js s=200 d=227µs s=13798
INF http m=GET p=/assets/de-qJeflSp6.js s=200 d=89µs s=6245
INF http m=GET p=/assets/WorkspaceSettingsPanel-CeaO382V.css s=200 d=35µs s=1021
INF http m=GET p=/assets/WorkspaceSettingsPanel-C0CeQhf8.js s=200 d=79µs s=4456
INF http m=GET p=/assets/ServerSettingsPanel-DsIxlWdC.css s=200 d=36µs s=593
INF http m=GET p=/assets/ServerSettingsPanel-Cmq42vr7.js s=200 d=52µs s=2538
INF http m=GET p=/assets/ResourceQuotaForm-Coc__0PE.js s=200 d=35µs s=813
INF http m=GET p=/assets/ResourceQuotaForm-AxNe1Ebg.css s=200 d=43µs s=302
INF http m=GET p=/assets/ProfileSettings-kJBJbTIc.css s=200 d=43µs s=1220
INF http m=GET p=/api/v1/workspaces/43LA7IF46000/events s=200 d=441ms s=206
INF http m=GET p=/assets/ProfileSettings-HAdAXUp2.js s=200 d=61µs s=4325
INF http m=GET p=/assets/OrgSettingsPanel-CEubhZUp.css s=200 d=34µs s=509
INF http m=GET p=/assets/OrgSettingsPanel-B6q-g6eD.js s=200 d=45µs s=2306
INF http m=GET p=/assets/InviteForm-fXZCo6g3.js s=200 d=50µs s=1267
INF http m=GET p=/assets/InviteForm-CW-wgFWD.css s=200 d=32µs s=414
INF http m=GET p=/assets/Editor-CO3i7Yl7.css s=200 d=36µs s=2237
INF http m=GET p=/assets/Editor--AVOgcEK.js s=200 d=149µs s=13498
INF http m=GET p=/assets/AdminDashboard-R0heLGro.css s=200 d=37µs s=601
INF http m=GET p=/assets/AdminDashboard-Cfrr1YY_.js s=200 d=37µs s=2075
INF http m=GET p=/manifest.webmanifest s=200 d=31µs s=199
INF http m=POST p=/api/v1/organizations/43LA7N05C000/workspaces s=200 d=458ms s=296
INF http m=POST p=/api/v1/auth/register s=200 d=169ms s=396
INF http m=GET p=/ s=200 d=50µs s=532
INF http m=GET p=/assets/index-D8rN_C6i.js s=200 d=156µs s=49782
INF http m=GET p=/assets/index-BppjCDFJ.css s=200 d=124µs s=12398
INF http m=GET p=/assets/editor-vendor-DXykusy4.js s=200 d=187µs s=95952
INF http m=GET p=/assets/vendor-Dz6kinLD.js s=200 d=115µs s=27873
INF http m=GET p=/registerSW.js s=200 d=39µs s=87
INF http m=POST p=/api/v1/auth/switch-workspace s=200 d=93.9ms s=580
INF http m=GET p=/api/v1/notifications/unread-count s=200 d=200µs s=25
INF http m=GET p=/api/v1/workspaces/43LA7NE74000/nodes/0/children s=200 d=391µs s=26
INF http m=GET p=/api/v1/workspaces/43LA7NE74000/members s=200 d=467µs s=132
INF http m=POST p=/api/v1/workspaces/43LA7NE74000/nodes/0/page/create s=200 d=35.8ms s=35
INF http m=GET p=/api/v1/workspaces/43LA7NE74000/nodes/0/children s=200 d=319µs s=257
INF http m=GET p=/api/v1/auth/me s=200 d=305µs s=169
INF http m=GET p=/assets/en-BOb8f2G7.js s=200 d=97µs s=5207
INF http m=GET p=/api/v1/workspaces/43LA7NE74000/nodes/43LA7R3KK000 s=200 d=292µs s=245
INF http m=GET p=/sw.js s=200 d=112µs s=5541
INF http m=GET p=/api/v1/notifications/unread-count s=200 d=171µs s=25
INF http m=GET p=/favicon.png s=200 d=40µs s=449
INF http m=GET p=/registerSW.js s=200 d=36µs s=87
INF http m=GET p=/index.html s=200 d=39µs s=532
INF http m=GET p=/icon.svg s=200 d=33µs s=195
INF http m=POST p=/api/v1/organizations s=200 d=77.9ms s=353
INF http m=GET p=/icon-512.png s=200 d=63µs s=6498
INF http m=GET p=/api/v1/auth/me s=200 d=2ms s=252
INF http m=GET p=/icon-192.png s=200 d=62µs s=2468
INF http m=GET p=/favicon.png s=200 d=32µs s=449
INF http m=GET p=/apple-touch-icon.png s=200 d=50µs s=2298
INF http m=GET p=/assets/material-symbols-names-Dyx5m6Tf.js s=200 d=97µs s=15412
INF http m=GET p=/assets/fr-CgauyyXq.js s=200 d=141µs s=6301
INF http m=GET p=/assets/es-DHO8DnB9.js s=200 d=66µs s=6015
INF http m=GET p=/assets/emoji-groups-BpL1N8nI.js s=200 d=90µs s=13798
INF http m=GET p=/assets/de-qJeflSp6.js s=200 d=80µs s=6245
INF http m=GET p=/assets/WorkspaceSettingsPanel-CeaO382V.css s=200 d=31µs s=1021
INF http m=GET p=/assets/WorkspaceSettingsPanel-C0CeQhf8.js s=200 d=66µs s=4456
INF http m=GET p=/assets/ServerSettingsPanel-DsIxlWdC.css s=200 d=28µs s=593
INF http m=GET p=/assets/ServerSettingsPanel-Cmq42vr7.js s=200 d=35µs s=2538
INF http m=GET p=/assets/ResourceQuotaForm-Coc__0PE.js s=200 d=23µs s=813
INF http m=GET p=/assets/ResourceQuotaForm-AxNe1Ebg.css s=200 d=27µs s=302
INF http m=GET p=/assets/ProfileSettings-kJBJbTIc.css s=200 d=24µs s=1220
INF http m=GET p=/assets/ProfileSettings-HAdAXUp2.js s=200 d=68µs s=4325
INF http m=GET p=/assets/OrgSettingsPanel-CEubhZUp.css s=200 d=25µs s=509
INF http m=GET p=/assets/OrgSettingsPanel-B6q-g6eD.js s=200 d=25µs s=2306
INF http m=GET p=/assets/InviteForm-fXZCo6g3.js s=200 d=21µs s=1267
INF http m=GET p=/assets/InviteForm-CW-wgFWD.css s=200 d=28µs s=414
INF http m=GET p=/assets/Editor-CO3i7Yl7.css s=200 d=32µs s=2237
INF http m=GET p=/assets/Editor--AVOgcEK.js s=200 d=81µs s=13498
INF http m=GET p=/assets/AdminDashboard-R0heLGro.css s=200 d=23µs s=601
INF http m=GET p=/assets/AdminDashboard-Cfrr1YY_.js s=200 d=36µs s=2075
INF http m=GET p=/manifest.webmanifest s=200 d=21µs s=199
INF http m=POST p=/api/v1/organizations/43LA7RF66000/workspaces s=200 d=310ms s=299
INF http m=POST p=/api/v1/workspaces/43LA7NE74000/nodes/0/page/create s=200 d=243ms s=26
INF http m=GET p=/w/@43LA7NE74000+workspace/@43LA7R3KK000+welcome s=200 d=39µs s=532
INF http m=GET p=/api/v1/workspaces/43LA7NE74000/events s=200 d=508ms s=232
INF http m=POST p=/api/v1/auth/switch-workspace s=200 d=72.4ms s=581
INF http m=GET p=/api/v1/auth/me s=200 d=257µs s=352
INF http m=GET p=/api/v1/notifications/unread-count s=200 d=150µs s=25
INF http m=GET p=/api/v1/workspaces/43LA7RVLK000/nodes/0/children s=200 d=442µs s=26
INF http m=GET p=/api/v1/workspaces/43LA7RVLK000/members s=200 d=6.57ms s=132
INF http m=GET p=/api/v1/notifications/unread-count s=200 d=201µs s=25
INF http m=GET p=/api/v1/workspaces/43LA7NE74000/nodes/0/children s=200 d=389µs s=243
INF http m=GET p=/api/v1/workspaces/43LA7NE74000/nodes/43LA7R3KK000 s=200 d=228µs s=245
INF http m=GET p=/api/v1/workspaces/43LA7NE74000/members s=200 d=167µs s=132
INF http m=POST p=/api/v1/workspaces/43LA7RVLK000/nodes/0/page/create s=200 d=29.4ms s=35
INF http m=GET p=/api/v1/workspaces/43LA7RVLK000/nodes/0/children s=200 d=1.33ms s=257
INF http m=GET p=/api/v1/workspaces/43LA7RVLK000/nodes/43LA7UICQ000 s=200 d=276µs s=245
INF http m=GET p=/api/v1/workspaces/43LA7NE74000/nodes/43LA7SJ0S000 s=200 d=387µs s=130
INF http m=POST p=/api/v1/workspaces/43LA7RVLK000/nodes/0/page/create s=200 d=18.1ms s=26
INF http m=GET p=/api/v1/workspaces/43LA7NE74000/events s=200 d=444ms s=93
INF http m=GET p=/w/@43LA7RVLK000+workspace/@43LA7UICQ000+welcome s=200 d=43µs s=532
INF http m=GET p=/api/v1/workspaces/43LA7RVLK000/events s=200 d=485ms s=236
INF http m=GET p=/api/v1/auth/me s=200 d=285µs s=354
INF http m=GET p=/api/v1/workspaces/43LA7RVLK000/nodes/0/children s=200 d=920µs s=256
INF http m=GET p=/api/v1/workspaces/43LA7RVLK000/members s=200 d=523µs s=132
INF http m=GET p=/api/v1/notifications/unread-count s=200 d=150µs s=25
INF http m=GET p=/api/v1/workspaces/43LA7RVLK000/nodes/43LA7UICQ000 s=200 d=2.77ms s=245
INF http m=POST p=/api/v1/auth/register s=200 d=155ms s=396
INF http m=GET p=/ s=200 d=53µs s=532
INF http m=GET p=/assets/index-D8rN_C6i.js s=200 d=154µs s=49782
INF http m=GET p=/assets/index-BppjCDFJ.css s=200 d=118µs s=12398
INF http m=GET p=/assets/editor-vendor-DXykusy4.js s=200 d=210µs s=95952
INF http m=GET p=/assets/vendor-Dz6kinLD.js s=200 d=137µs s=27873
INF http m=GET p=/registerSW.js s=200 d=35µs s=87
INF http m=GET p=/api/v1/workspaces/43LA7RVLK000/nodes/43LA815OM000 s=200 d=358µs s=142
INF http m=GET p=/api/v1/auth/me s=200 d=279µs s=166
INF http m=GET p=/assets/en-BOb8f2G7.js s=200 d=66µs s=5207
INF http m=GET p=/api/v1/notifications/unread-count s=200 d=208µs s=25
INF http m=GET p=/favicon.png s=200 d=48µs s=449
INF http m=GET p=/sw.js s=200 d=95µs s=5541
INF http m=GET p=/registerSW.js s=200 d=43µs s=87
INF http m=POST p=/api/v1/organizations s=200 d=74ms s=352
INF http m=GET p=/index.html s=200 d=41µs s=532
INF http m=GET p=/api/v1/auth/me s=200 d=222µs s=250
INF http m=GET p=/icon.svg s=200 d=24µs s=195
INF http m=GET p=/icon-512.png s=200 d=101µs s=6498
INF http m=GET p=/icon-192.png s=200 d=53µs s=2468
INF http m=GET p=/favicon.png s=200 d=31µs s=449
INF http m=GET p=/apple-touch-icon.png s=200 d=49µs s=2298
INF http m=GET p=/assets/material-symbols-names-Dyx5m6Tf.js s=200 d=100µs s=15412
INF http m=GET p=/assets/fr-CgauyyXq.js s=200 d=87µs s=6301
INF http m=GET p=/assets/es-DHO8DnB9.js s=200 d=93µs s=6015
INF http m=GET p=/api/v1/workspaces/43LA7RVLK000/events s=200 d=603ms s=93
INF http m=GET p=/assets/emoji-groups-BpL1N8nI.js s=200 d=100µs s=13798
INF http m=GET p=/assets/de-qJeflSp6.js s=200 d=104µs s=6245
INF http m=GET p=/assets/WorkspaceSettingsPanel-CeaO382V.css s=200 d=36µs s=1021
INF http m=GET p=/assets/WorkspaceSettingsPanel-C0CeQhf8.js s=200 d=64µs s=4456
INF http m=GET p=/assets/ServerSettingsPanel-DsIxlWdC.css s=200 d=31µs s=593
INF http m=GET p=/assets/ServerSettingsPanel-Cmq42vr7.js s=200 d=52µs s=2538
INF http m=GET p=/assets/ResourceQuotaForm-Coc__0PE.js s=200 d=51µs s=813
INF http m=GET p=/assets/ResourceQuotaForm-AxNe1Ebg.css s=200 d=40µs s=302
INF http m=GET p=/assets/ProfileSettings-kJBJbTIc.css s=200 d=40µs s=1220
INF http m=GET p=/assets/ProfileSettings-HAdAXUp2.js s=200 d=84µs s=4325
INF http m=GET p=/assets/OrgSettingsPanel-CEubhZUp.css s=200 d=42µs s=509
INF http m=GET p=/assets/OrgSettingsPanel-B6q-g6eD.js s=200 d=58µs s=2306
INF http m=GET p=/assets/InviteForm-fXZCo6g3.js s=200 d=40µs s=1267
INF http m=GET p=/assets/InviteForm-CW-wgFWD.css s=200 d=59µs s=414
INF http m=GET p=/assets/Editor-CO3i7Yl7.css s=200 d=60µs s=2237
INF http m=GET p=/assets/Editor--AVOgcEK.js s=200 d=114µs s=13498
INF http m=GET p=/assets/AdminDashboard-R0heLGro.css s=200 d=41µs s=601
INF http m=GET p=/assets/AdminDashboard-Cfrr1YY_.js s=200 d=61µs s=2075
INF http m=GET p=/manifest.webmanifest s=200 d=38µs s=199
INF http m=POST p=/api/v1/organizations/43LA84FTO000/workspaces s=200 d=537ms s=298
INF http m=POST p=/api/v1/auth/register s=200 d=250ms s=394
INF http m=GET p=/ s=200 d=62µs s=532
INF http m=GET p=/assets/index-D8rN_C6i.js s=200 d=142µs s=49782
INF http m=GET p=/assets/index-BppjCDFJ.css s=200 d=150µs s=12398
INF http m=GET p=/registerSW.js s=200 d=31µs s=87
INF http m=GET p=/assets/vendor-Dz6kinLD.js s=200 d=135µs s=27873
INF http m=GET p=/assets/editor-vendor-DXykusy4.js s=200 d=346µs s=95952
INF http m=POST p=/api/v1/auth/switch-workspace s=200 d=56.1ms s=582
INF http m=GET p=/api/v1/notifications/unread-count s=200 d=395µs s=25
INF http m=GET p=/api/v1/workspaces/43LA8507U000/nodes/0/children s=200 d=383µs s=26
INF http m=GET p=/api/v1/workspaces/43LA8507U000/members s=200 d=510µs s=132
INF http m=POST p=/api/v1/workspaces/43LA8507U000/nodes/0/page/create s=200 d=22.4ms s=35
INF http m=GET p=/api/v1/workspaces/43LA8507U000/nodes/0/children s=200 d=316µs s=257
INF http m=GET p=/api/v1/auth/me s=200 d=211µs s=164
INF http m=GET p=/assets/en-BOb8f2G7.js s=200 d=110µs s=5207
INF http m=GET p=/api/v1/workspaces/43LA8507U000/nodes/43LA88S94000 s=200 d=284µs s=245
INF http m=GET p=/sw.js s=200 d=113µs s=5541
INF http m=GET p=/api/v1/notifications/unread-count s=200 d=174µs s=25
INF http m=GET p=/registerSW.js s=200 d=41µs s=87
INF http m=GET p=/favicon.png s=200 d=39µs s=449
INF http m=GET p=/index.html s=200 d=33µs s=532
INF http m=GET p=/icon.svg s=200 d=31µs s=195
INF http m=GET p=/icon-512.png s=200 d=66µs s=6498
INF http m=GET p=/icon-192.png s=200 d=43µs s=2468
INF http m=GET p=/favicon.png s=200 d=30µs s=449
INF http m=GET p=/apple-touch-icon.png s=200 d=31µs s=2298
INF http m=POST p=/api/v1/organizations s=200 d=68ms s=349
INF http m=GET p=/assets/material-symbols-names-Dyx5m6Tf.js s=200 d=161µs s=15412
INF http m=GET p=/api/v1/auth/me s=200 d=596µs s=249
INF http m=GET p=/assets/fr-CgauyyXq.js s=200 d=113µs s=6301
INF http m=GET p=/assets/es-DHO8DnB9.js s=200 d=69µs s=6015
INF http m=GET p=/assets/emoji-groups-BpL1N8nI.js s=200 d=81µs s=13798
INF http m=GET p=/assets/de-qJeflSp6.js s=200 d=88µs s=6245
INF http m=GET p=/assets/WorkspaceSettingsPanel-CeaO382V.css s=200 d=30µs s=1021
INF http m=GET p=/assets/WorkspaceSettingsPanel-C0CeQhf8.js s=200 d=66µs s=4456
INF http m=GET p=/assets/ServerSettingsPanel-DsIxlWdC.css s=200 d=30µs s=593
INF http m=GET p=/assets/ServerSettingsPanel-Cmq42vr7.js s=200 d=35µs s=2538
INF http m=GET p=/assets/ResourceQuotaForm-Coc__0PE.js s=200 d=56µs s=813
INF http m=GET p=/assets/ResourceQuotaForm-AxNe1Ebg.css s=200 d=26µs s=302
INF http m=GET p=/assets/ProfileSettings-kJBJbTIc.css s=200 d=28µs s=1220
INF http m=GET p=/assets/ProfileSettings-HAdAXUp2.js s=200 d=57µs s=4325
INF http m=GET p=/assets/OrgSettingsPanel-CEubhZUp.css s=200 d=32µs s=509
INF http m=GET p=/assets/OrgSettingsPanel-B6q-g6eD.js s=200 d=121µs s=2306
INF http m=GET p=/assets/InviteForm-fXZCo6g3.js s=200 d=30µs s=1267
INF http m=GET p=/assets/InviteForm-CW-wgFWD.css s=200 d=29µs s=414
INF http m=GET p=/assets/Editor-CO3i7Yl7.css s=200 d=34µs s=2237
INF http m=GET p=/assets/Editor--AVOgcEK.js s=200 d=71µs s=13498
INF http m=GET p=/assets/AdminDashboard-R0heLGro.css s=200 d=31µs s=601
INF http m=GET p=/assets/AdminDashboard-Cfrr1YY_.js s=200 d=35µs s=2075
INF http m=GET p=/manifest.webmanifest s=200 d=26µs s=199
INF http m=POST p=/api/v1/organizations/43LA8961C000/workspaces s=200 d=283ms s=299
INF http m=POST p=/api/v1/workspaces/43LA8507U000/nodes/0/page/create s=200 d=201ms s=26
INF http m=GET p=/w/@43LA8507U000+workspace/@43LA88S94000+welcome s=200 d=178µs s=532
INF http m=GET p=/api/v1/workspaces/43LA8507U000/events s=200 d=438ms s=238
INF http m=POST p=/api/v1/auth/switch-workspace s=200 d=47.1ms s=612
INF http m=GET p=/api/v1/auth/me s=200 d=246µs s=353
INF http m=GET p=/api/v1/workspaces/43LA89KRA000/nodes/0/children s=200 d=360µs s=26
INF http m=GET p=/api/v1/workspaces/43LA89KRA000/members s=200 d=192µs s=126
INF http m=GET p=/api/v1/notifications/unread-count s=200 d=405µs s=25
INF http m=GET p=/api/v1/notifications/unread-count s=200 d=217µs s=25
INF http m=GET p=/api/v1/workspaces/43LA8507U000/members s=200 d=159µs s=132
INF http m=GET p=/api/v1/workspaces/43LA8507U000/nodes/43LA88S94000 s=200 d=240µs s=245
INF http m=GET p=/api/v1/workspaces/43LA8507U000/nodes/0/children s=200 d=2.32ms s=249
INF http m=POST p=/api/v1/workspaces/43LA89KRA000/nodes/0/page/create s=200 d=35.6ms s=35
INF http m=GET p=/api/v1/workspaces/43LA89KRA000/nodes/0/children s=200 d=299µs s=257
INF http m=GET p=/api/v1/workspaces/43LA89KRA000/nodes/43LA8BRHI000 s=200 d=287µs s=245
INF http m=GET p=/api/v1/workspaces/43LA8507U000/nodes/43LA8A5RE000 s=200 d=330µs s=136
INF http m=GET p=/api/v1/workspaces/43LA8507U000/nodes/43LA8A5RE000/page s=200 d=248µs s=127
INF http m=POST p=/api/v1/workspaces/43LA89KRA000/nodes/0/page/create s=200 d=16ms s=26
INF http m=POST p=/api/v1/workspaces/43LA89KRA000/nodes/0/page/create s=200 d=16ms s=26
INF http m=GET p=/w/@43LA89KRA000+workspace/@43LA8BRHI000+welcome s=200 d=34µs s=532
INF http m=GET p=/api/v1/workspaces/43LA89KRA000/events s=200 d=523ms s=257
INF http m=GET p=/api/v1/auth/me s=200 d=461µs s=351
INF http m=GET p=/api/v1/workspaces/43LA89KRA000/members s=200 d=546µs s=126
INF http m=GET p=/api/v1/notifications/unread-count s=200 d=164µs s=25
INF http m=GET p=/api/v1/workspaces/43LA89KRA000/nodes/0/children s=200 d=1.08ms s=255
INF http m=GET p=/api/v1/workspaces/43LA89KRA000/nodes/43LA8BRHI000 s=200 d=669µs s=245
INF http m=GET p=/api/v1/workspaces/43LA8507U000/nodes/43LA8A5RE000/page s=200 d=169µs s=127
INF http m=GET p=/api/v1/workspaces/43LA8507U000/nodes/43LA8A5RE000/page s=200 d=248µs s=127
INF http m=GET p=/api/v1/workspaces/43LA89KRA000/nodes/43LA8EO78000 s=200 d=386µs s=124
INF http m=GET p=/api/v1/workspaces/43LA89KRA000/nodes/43LA8ERQA000 s=200 d=358µs s=126
INF http m=GET p=/api/v1/workspaces/43LA89KRA000/events s=200 d=647ms s=93
INF http m=GET p=/api/v1/nonexistent/route s=404 d=62µs s=14
INF http m=GET p=/api/v1/workspaces/43LA8507U000/nodes/43LA8A5RE000/page s=200 d=284µs s=127
INF http m=GET p=/ s=200 d=61µs s=532
INF http m=GET p=/assets/index-D8rN_C6i.js s=200 d=153µs s=49782
INF http m=GET p=/assets/index-BppjCDFJ.css s=200 d=151µs s=12398
INF http m=GET p=/assets/editor-vendor-DXykusy4.js s=200 d=248µs s=95952
INF http m=GET p=/assets/vendor-Dz6kinLD.js s=200 d=112µs s=27873
INF http m=GET p=/registerSW.js s=200 d=70µs s=87
INF http m=GET p=/assets/en-BOb8f2G7.js s=200 d=86µs s=5207
INF http m=GET p=/api/v1/auth/providers s=200 d=196µs s=59
INF http m=GET p=/favicon.png s=200 d=46µs s=449
INF http m=GET p=/sw.js s=200 d=94µs s=5541
INF http m=GET p=/registerSW.js s=200 d=53µs s=87
INF http m=GET p=/index.html s=200 d=40µs s=532
INF http m=GET p=/icon.svg s=200 d=35µs s=195
INF http m=GET p=/icon-512.png s=200 d=64µs s=6498
INF http m=GET p=/icon-192.png s=200 d=40µs s=2468
INF http m=GET p=/favicon.png s=200 d=44µs s=449
INF http m=GET p=/apple-touch-icon.png s=200 d=37µs s=2298
INF http m=GET p=/api/v1/auth/providers s=200 d=77µs s=50
INF http m=GET p=/ s=200 d=58µs s=532
INF http m=GET p=/assets/index-D8rN_C6i.js s=200 d=180µs s=49782
INF http m=GET p=/assets/index-BppjCDFJ.css s=200 d=245µs s=12398
INF http m=GET p=/assets/editor-vendor-DXykusy4.js s=200 d=163µs s=95952
INF http m=GET p=/assets/vendor-Dz6kinLD.js s=200 d=143µs s=27873
INF http m=GET p=/registerSW.js s=200 d=38µs s=87
INF http m=GET p=/assets/en-BOb8f2G7.js s=200 d=184µs s=5207
INF http m=GET p=/api/v1/auth/providers s=200 d=122µs s=59
INF http m=GET p=/favicon.png s=200 d=36µs s=449
INF http m=GET p=/sw.js s=200 d=84µs s=5541
INF http m=GET p=/sw.js s=200 d=117µs s=5541
INF http m=GET p=/registerSW.js s=200 d=39µs s=87
INF http m=GET p=/index.html s=200 d=43µs s=532
INF http m=GET p=/ s=200 d=79µs s=532
INF http m=GET p=/assets/index-D8rN_C6i.js s=200 d=152µs s=49782
INF http m=GET p=/assets/index-BppjCDFJ.css s=200 d=536µs s=12398
INF http m=GET p=/assets/editor-vendor-DXykusy4.js s=200 d=228µs s=95952
INF http m=GET p=/assets/vendor-Dz6kinLD.js s=200 d=115µs s=27873
INF http m=GET p=/registerSW.js s=200 d=39µs s=87
INF http m=GET p=/assets/en-BOb8f2G7.js s=200 d=141µs s=5207
INF http m=GET p=/api/v1/auth/providers s=200 d=243µs s=59
INF http m=GET p=/favicon.png s=200 d=87µs s=449
INF http m=GET p=/sw.js s=200 d=60µs s=5541
INF http m=GET p=/registerSW.js s=200 d=37µs s=87
INF http m=GET p=/index.html s=200 d=49µs s=532
INF http m=GET p=/icon.svg s=200 d=36µs s=195
INF http m=GET p=/icon-512.png s=200 d=981µs s=6498
INF http m=GET p=/icon-192.png s=200 d=51µs s=2468
INF http m=GET p=/favicon.png s=200 d=36µs s=449
INF http m=GET p=/apple-touch-icon.png s=200 d=44µs s=2298
INF http m=GET p=/assets/material-symbols-names-Dyx5m6Tf.js s=200 d=89µs s=15412
INF TEST_OAUTH: bypassing real OAuth, using fake account provider=microsoft
INF http m=GET p=/api/v1/workspaces/43LA8507U000/nodes/43LA8A5RE000/page s=200 d=222µs s=127
INF http m=GET p=/assets/fr-CgauyyXq.js s=200 d=111µs s=6301
INF http m=GET p=/assets/es-DHO8DnB9.js s=200 d=87µs s=6015
INF http m=GET p=/assets/emoji-groups-BpL1N8nI.js s=200 d=106µs s=13798
INF http m=GET p=/assets/de-qJeflSp6.js s=200 d=86µs s=6245
INF http m=GET p=/assets/WorkspaceSettingsPanel-CeaO382V.css s=200 d=32µs s=1021
INF http m=GET p=/assets/WorkspaceSettingsPanel-C0CeQhf8.js s=200 d=63µs s=4456
INF http m=GET p=/assets/ServerSettingsPanel-DsIxlWdC.css s=200 d=42µs s=593
INF http m=GET p=/assets/ServerSettingsPanel-Cmq42vr7.js s=200 d=55µs s=2538
INF http m=GET p=/assets/ResourceQuotaForm-Coc__0PE.js s=200 d=85µs s=813
INF OAuth: login successful, redirecting with token userID=43LA8QNCG000 email=test-microsoft@example.com
INF http m=GET p=/api/v1/auth/oauth/microsoft s=302 d=171ms s=279
INF http m=GET p=/ s=200 d=31µs s=532
INF http m=GET p=/assets/ResourceQuotaForm-AxNe1Ebg.css s=200 d=48µs s=302
INF http m=POST p=/api/v1/workspaces/43LA8507U000/nodes/43LA8A5RE000/page s=200 d=40.4ms s=35
INF http m=GET p=/registerSW.js s=200 d=81µs s=87
INF http m=GET p=/assets/ProfileSettings-kJBJbTIc.css s=200 d=51µs s=1220
INF http m=GET p=/assets/ProfileSettings-HAdAXUp2.js s=200 d=76µs s=4325
INF http m=GET p=/assets/OrgSettingsPanel-CEubhZUp.css s=200 d=32µs s=509
INF http m=GET p=/api/v1/auth/me s=200 d=723µs s=234
INF http m=GET p=/assets/OrgSettingsPanel-B6q-g6eD.js s=200 d=40µs s=2306
INF http m=GET p=/assets/InviteForm-fXZCo6g3.js s=200 d=60µs s=1267
INF http m=GET p=/assets/InviteForm-CW-wgFWD.css s=200 d=36µs s=414
INF http m=GET p=/assets/Editor-CO3i7Yl7.css s=200 d=50µs s=2237
INF http m=GET p=/api/v1/notifications/unread-count s=200 d=1.13ms s=25
INF http m=GET p=/assets/Editor--AVOgcEK.js s=200 d=64µs s=13498
INF http m=GET p=/assets/AdminDashboard-R0heLGro.css s=200 d=34µs s=601
INF http m=GET p=/assets/AdminDashboard-Cfrr1YY_.js s=200 d=39µs s=2075
INF http m=GET p=/manifest.webmanifest s=200 d=26µs s=199
INF http m=POST p=/api/v1/organizations s=200 d=41.9ms s=350
INF http m=GET p=/api/v1/auth/me s=200 d=613µs s=319
INF http m=POST p=/api/v1/organizations/43LA8RIPU000/workspaces s=200 d=253ms s=298
INF http m=POST p=/api/v1/auth/switch-workspace s=200 d=30.7ms s=622
INF http m=GET p=/api/v1/workspaces/43LA8RSHI000/nodes/0/children s=200 d=680µs s=26
INF http m=GET p=/api/v1/notifications/unread-count s=200 d=2.53ms s=25
INF http m=GET p=/api/v1/workspaces/43LA8RSHI000/members s=200 d=3.18ms s=115
INF http m=GET p=/api/v1/workspaces/43LA8RSHI000/events s=200 d=22.4ms s=207
INF http m=POST p=/api/v1/workspaces/43LA8RSHI000/nodes/0/page/create s=200 d=22.7ms s=35
INF http m=GET p=/ s=200 d=69µs s=532
INF http m=GET p=/assets/index-BppjCDFJ.css s=200 d=136µs s=12398
INF http m=GET p=/assets/index-D8rN_C6i.js s=200 d=149µs s=49782
INF http m=GET p=/assets/editor-vendor-DXykusy4.js s=200 d=136µs s=95952
INF http m=GET p=/assets/vendor-Dz6kinLD.js s=200 d=123µs s=27873
INF http m=GET p=/registerSW.js s=200 d=50µs s=87
INF http m=GET p=/assets/en-BOb8f2G7.js s=200 d=73µs s=5207
INF http m=GET p=/api/v1/auth/providers s=200 d=153µs s=59
INF http m=GET p=/sw.js s=200 d=86µs s=5541
INF http m=GET p=/favicon.png s=200 d=43µs s=449
INF http m=GET p=/registerSW.js s=200 d=46µs s=87
INF http m=GET p=/index.html s=200 d=45µs s=532
INF http m=GET p=/icon.svg s=200 d=37µs s=195
INF TEST_OAUTH: bypassing real OAuth, using fake account provider=google
INF http m=GET p=/icon-512.png s=200 d=94µs s=6498
INF http m=GET p=/icon-192.png s=200 d=58µs s=2468
INF http m=GET p=/favicon.png s=200 d=32µs s=449
INF http m=GET p=/apple-touch-icon.png s=200 d=47µs s=2298
INF http m=GET p=/assets/material-symbols-names-Dyx5m6Tf.js s=200 d=91µs s=15412
INF http m=GET p=/api/v1/workspaces/43LA8507U000/nodes/43LA8A5RE000/page s=200 d=253µs s=127
INF http m=GET p=/api/v1/workspaces/43LA8507U000/events s=200 d=3.38s s=206
INF http m=GET p=/assets/fr-CgauyyXq.js s=200 d=105µs s=6301
INF http m=GET p=/assets/es-DHO8DnB9.js s=200 d=95µs s=6015
INF http m=GET p=/assets/emoji-groups-BpL1N8nI.js s=200 d=108µs s=13798
INF OAuth: login successful, redirecting with token userID=43LA90K7I000 email=test-google@example.com
INF http m=GET p=/api/v1/auth/oauth/google s=302 d=170ms s=275
INF http m=GET p=/ s=200 d=34µs s=532
INF http m=GET p=/registerSW.js s=200 d=36µs s=87
INF http m=GET p=/api/v1/auth/me s=200 d=254µs s=228
INF http m=GET p=/assets/de-qJeflSp6.js s=200 d=86µs s=6245
INF http m=GET p=/assets/WorkspaceSettingsPanel-CeaO382V.css s=200 d=50µs s=1021
INF http m=GET p=/ s=200 d=86µs s=532
INF http m=GET p=/assets/WorkspaceSettingsPanel-C0CeQhf8.js s=200 d=70µs s=4456
INF http m=GET p=/assets/ServerSettingsPanel-DsIxlWdC.css s=200 d=66µs s=593
INF http m=GET p=/api/v1/notifications/unread-count s=200 d=198µs s=25
INF http m=GET p=/assets/ServerSettingsPanel-Cmq42vr7.js s=200 d=80µs s=2538
INF http m=GET p=/assets/index-D8rN_C6i.js s=200 d=229µs s=49782
INF http m=GET p=/assets/index-BppjCDFJ.css s=200 d=118µs s=12398
INF http m=GET p=/assets/ResourceQuotaForm-Coc__0PE.js s=200 d=24µs s=813
INF http m=GET p=/assets/editor-vendor-DXykusy4.js s=200 d=148µs s=95952
INF http m=GET p=/registerSW.js s=200 d=38µs s=87
INF http m=GET p=/assets/vendor-Dz6kinLD.js s=200 d=126µs s=27873
INF http m=GET p=/assets/ResourceQuotaForm-AxNe1Ebg.css s=200 d=25µs s=302
INF http m=GET p=/assets/ProfileSettings-kJBJbTIc.css s=200 d=41µs s=1220
INF http m=GET p=/assets/ProfileSettings-HAdAXUp2.js s=200 d=100µs s=4325
INF http m=GET p=/assets/OrgSettingsPanel-CEubhZUp.css s=200 d=47µs s=509
INF http m=GET p=/assets/OrgSettingsPanel-B6q-g6eD.js s=200 d=59µs s=2306
INF http m=GET p=/assets/InviteForm-fXZCo6g3.js s=200 d=37µs s=1267
INF http m=POST p=/api/v1/organizations s=200 d=99.3ms s=356
INF http m=GET p=/api/v1/auth/me s=200 d=263µs s=312
INF http m=GET p=/assets/InviteForm-CW-wgFWD.css s=200 d=36µs s=414
INF http m=GET p=/assets/Editor-CO3i7Yl7.css s=200 d=47µs s=2237
INF http m=GET p=/assets/Editor--AVOgcEK.js s=200 d=170µs s=13498
INF http m=GET p=/assets/AdminDashboard-R0heLGro.css s=200 d=45µs s=601
INF http m=GET p=/assets/AdminDashboard-Cfrr1YY_.js s=200 d=56µs s=2075
INF http m=GET p=/assets/en-BOb8f2G7.js s=200 d=72µs s=5207
INF http m=GET p=/api/v1/auth/me s=401 d=180µs s=27
INF http m=POST p=/api/v1/auth/logout s=401 d=436µs s=27
INF http m=GET p=/manifest.webmanifest s=200 d=33µs s=199
INF http m=GET p=/api/v1/auth/providers s=200 d=626µs s=59
INF http m=GET p=/favicon.png s=200 d=95µs s=449
INF http m=GET p=/sw.js s=200 d=456µs s=5541
INF http m=GET p=/registerSW.js s=200 d=41µs s=87
INF http m=GET p=/index.html s=200 d=38µs s=532
INF http m=POST p=/api/v1/organizations/43LA925GU000/workspaces s=200 d=576ms s=297
INF http m=POST p=/api/v1/auth/register s=200 d=286ms s=402
INF http m=GET p=/ s=200 d=66µs s=532
INF http m=POST p=/api/v1/auth/switch-workspace s=200 d=57.8ms s=623
INF http m=GET p=/api/v1/notifications/unread-count s=200 d=6.62ms s=25
INF http m=GET p=/assets/index-D8rN_C6i.js s=200 d=169µs s=49782
INF http m=GET p=/registerSW.js s=200 d=48µs s=87
INF http m=GET p=/assets/index-BppjCDFJ.css s=200 d=132µs s=12398
INF http m=GET p=/assets/editor-vendor-DXykusy4.js s=200 d=189µs s=95952
INF http m=GET p=/api/v1/workspaces/43LA92RAE000/nodes/0/children s=200 d=1.18ms s=26
INF http m=GET p=/api/v1/workspaces/43LA92RAE000/members s=200 d=13.6ms s=109
INF http m=GET p=/assets/vendor-Dz6kinLD.js s=200 d=35.2ms s=27873
INF http m=POST p=/api/v1/workspaces/43LA92RAE000/nodes/0/page/create s=200 d=43ms s=35
INF http m=GET p=/api/v1/workspaces/43LA92RAE000/nodes/0/children s=200 d=295µs s=257
INF http m=GET p=/api/v1/workspaces/43LA92RAE000/nodes/43LA976OS000 s=200 d=343µs s=245
INF http m=GET p=/assets/en-BOb8f2G7.js s=200 d=92µs s=5207
INF http m=GET p=/api/v1/auth/me s=200 d=237µs s=170
INF http m=GET p=/api/v1/notifications/unread-count s=200 d=184µs s=25
INF http m=GET p=/favicon.png s=200 d=38µs s=449
INF http m=GET p=/sw.js s=200 d=94µs s=5541
INF http m=GET p=/api/v1/workspaces/43LA92RAE000/events s=200 d=145ms s=202
INF http m=GET p=/registerSW.js s=200 d=43µs s=87
INF http m=GET p=/index.html s=200 d=55µs s=532
INF http m=GET p=/icon.svg s=200 d=34µs s=195
INF http m=POST p=/api/v1/organizations s=200 d=91.8ms s=354
INF http m=GET p=/icon-512.png s=200 d=56µs s=6498
INF http m=GET p=/icon-192.png s=200 d=181µs s=2468
INF http m=GET p=/api/v1/auth/me s=200 d=4.23ms s=254
INF http m=GET p=/favicon.png s=200 d=39µs s=449
INF http m=GET p=/apple-touch-icon.png s=200 d=57µs s=2298
INF http m=GET p=/assets/material-symbols-names-Dyx5m6Tf.js s=200 d=99µs s=15412
INF http m=GET p=/assets/fr-CgauyyXq.js s=200 d=96µs s=6301
INF http m=GET p=/assets/es-DHO8DnB9.js s=200 d=87µs s=6015
INF http m=GET p=/assets/emoji-groups-BpL1N8nI.js s=200 d=200µs s=13798
INF http m=GET p=/assets/de-qJeflSp6.js s=200 d=83µs s=6245
INF http m=GET p=/assets/WorkspaceSettingsPanel-CeaO382V.css s=200 d=38µs s=1021
INF http m=GET p=/assets/WorkspaceSettingsPanel-C0CeQhf8.js s=200 d=71µs s=4456
INF http m=GET p=/assets/ServerSettingsPanel-DsIxlWdC.css s=200 d=34µs s=593
INF http m=GET p=/assets/ServerSettingsPanel-Cmq42vr7.js s=200 d=38µs s=2538
INF http m=GET p=/assets/ResourceQuotaForm-Coc__0PE.js s=200 d=39µs s=813
INF http m=GET p=/assets/ResourceQuotaForm-AxNe1Ebg.css s=200 d=29µs s=302
INF http m=GET p=/assets/ProfileSettings-kJBJbTIc.css s=200 d=57µs s=1220
INF http m=GET p=/assets/ProfileSettings-HAdAXUp2.js s=200 d=57µs s=4325
INF http m=GET p=/assets/OrgSettingsPanel-CEubhZUp.css s=200 d=30µs s=509
INF http m=GET p=/assets/OrgSettingsPanel-B6q-g6eD.js s=200 d=43µs s=2306
INF http m=GET p=/assets/InviteForm-fXZCo6g3.js s=200 d=30µs s=1267
INF http m=GET p=/assets/InviteForm-CW-wgFWD.css s=200 d=26µs s=414
INF http m=GET p=/assets/Editor-CO3i7Yl7.css s=200 d=35µs s=2237
INF http m=GET p=/assets/Editor--AVOgcEK.js s=200 d=80µs s=13498
INF http m=GET p=/assets/AdminDashboard-R0heLGro.css s=200 d=38µs s=601
INF http m=GET p=/assets/AdminDashboard-Cfrr1YY_.js s=200 d=39µs s=2075
INF http m=GET p=/manifest.webmanifest s=200 d=26µs s=199
INF http m=POST p=/api/v1/organizations/43LA97RC2000/workspaces s=200 d=523ms s=302
INF http m=POST p=/api/v1/auth/register s=200 d=397ms s=389
INF http m=GET p=/ s=200 d=49µs s=532
INF http m=GET p=/assets/editor-vendor-DXykusy4.js s=200 d=189µs s=95952
INF http m=GET p=/assets/index-BppjCDFJ.css s=200 d=107µs s=12398
INF http m=GET p=/registerSW.js s=200 d=33µs s=87
INF http m=GET p=/assets/vendor-Dz6kinLD.js s=200 d=108µs s=27873
INF http m=GET p=/assets/index-D8rN_C6i.js s=200 d=129µs s=49782
INF http m=POST p=/api/v1/auth/switch-workspace s=200 d=57.4ms s=607
INF http m=GET p=/api/v1/notifications/unread-count s=200 d=245µs s=25
INF http m=GET p=/api/v1/workspaces/43LA98HDM000/members s=200 d=3.46ms s=126
INF http m=GET p=/api/v1/workspaces/43LA98HDM000/nodes/0/children s=200 d=2.43ms s=26
INF http m=POST p=/api/v1/workspaces/43LA98HDM000/nodes/0/page/create s=200 d=28.2ms s=35
INF http m=GET p=/api/v1/workspaces/43LA98HDM000/nodes/0/children s=200 d=540µs s=257
INF http m=GET p=/api/v1/auth/me s=200 d=371µs s=165
INF http m=GET p=/assets/en-BOb8f2G7.js s=200 d=364µs s=5207
INF http m=GET p=/api/v1/workspaces/43LA98HDM000/nodes/43LA9C98C000 s=200 d=836µs s=245
INF http m=GET p=/api/v1/notifications/unread-count s=200 d=204µs s=25
INF http m=GET p=/favicon.png s=200 d=45µs s=449
INF http m=GET p=/sw.js s=200 d=97µs s=5541
INF http m=GET p=/registerSW.js s=200 d=419µs s=87
INF http m=POST p=/api/v1/organizations s=200 d=63ms s=352
INF http m=GET p=/api/v1/auth/me s=200 d=699µs s=251
INF http m=GET p=/index.html s=200 d=32µs s=532
INF http m=GET p=/icon.svg s=200 d=42µs s=195
INF http m=GET p=/icon-512.png s=200 d=83µs s=6498
INF http m=GET p=/icon-192.png s=200 d=51µs s=2468
INF http m=GET p=/favicon.png s=200 d=38µs s=449
INF http m=GET p=/apple-touch-icon.png s=200 d=86µs s=2298
INF http m=GET p=/assets/material-symbols-names-Dyx5m6Tf.js s=200 d=701µs s=15412
INF http m=GET p=/api/v1/workspaces/43LA98HDM000/events s=200 d=252ms s=200
INF http m=GET p=/assets/fr-CgauyyXq.js s=200 d=205µs s=6301
INF http m=GET p=/assets/es-DHO8DnB9.js s=200 d=119µs s=6015
INF http m=GET p=/assets/emoji-groups-BpL1N8nI.js s=200 d=90µs s=13798
INF http m=GET p=/assets/de-qJeflSp6.js s=200 d=97µs s=6245
INF http m=GET p=/assets/WorkspaceSettingsPanel-CeaO382V.css s=200 d=41µs s=1021
INF http m=GET p=/assets/WorkspaceSettingsPanel-C0CeQhf8.js s=200 d=964µs s=4456
INF http m=GET p=/assets/ServerSettingsPanel-DsIxlWdC.css s=200 d=38µs s=593
INF http m=GET p=/assets/ServerSettingsPanel-Cmq42vr7.js s=200 d=64µs s=2538
INF http m=GET p=/assets/ResourceQuotaForm-Coc__0PE.js s=200 d=58µs s=813
INF http m=GET p=/assets/ResourceQuotaForm-AxNe1Ebg.css s=200 d=45µs s=302
INF http m=GET p=/assets/ProfileSettings-kJBJbTIc.css s=200 d=54µs s=1220
INF http m=GET p=/assets/ProfileSettings-HAdAXUp2.js s=200 d=101µs s=4325
INF http m=GET p=/assets/OrgSettingsPanel-CEubhZUp.css s=200 d=48µs s=509
INF http m=GET p=/assets/OrgSettingsPanel-B6q-g6eD.js s=200 d=72µs s=2306
INF http m=GET p=/assets/InviteForm-fXZCo6g3.js s=200 d=66µs s=1267
INF http m=GET p=/assets/InviteForm-CW-wgFWD.css s=200 d=59µs s=414
INF http m=GET p=/assets/Editor-CO3i7Yl7.css s=200 d=51µs s=2237
INF http m=GET p=/assets/Editor--AVOgcEK.js s=200 d=89µs s=13498
INF http m=GET p=/assets/AdminDashboard-R0heLGro.css s=200 d=49µs s=601
INF http m=GET p=/assets/AdminDashboard-Cfrr1YY_.js s=200 d=59µs s=2075
INF http m=GET p=/manifest.webmanifest s=200 d=28µs s=199
INF http m=POST p=/api/v1/organizations/43LA9CKGC000/workspaces s=200 d=538ms s=302
INF http m=POST p=/api/v1/auth/register s=200 d=233ms s=399
INF http m=GET p=/ s=200 d=101µs s=532
INF http m=GET p=/assets/index-D8rN_C6i.js s=200 d=170µs s=49782
INF http m=GET p=/assets/editor-vendor-DXykusy4.js s=200 d=157µs s=95952
INF http m=GET p=/assets/index-BppjCDFJ.css s=200 d=92µs s=12398
INF http m=GET p=/assets/vendor-Dz6kinLD.js s=200 d=177µs s=27873
INF http m=GET p=/registerSW.js s=200 d=54µs s=87
INF http m=POST p=/api/v1/auth/switch-workspace s=200 d=67.3ms s=574
INF http m=GET p=/api/v1/notifications/unread-count s=200 d=3.18ms s=25
INF http m=GET p=/api/v1/workspaces/43LA9D6FO000/nodes/0/children s=200 d=3.42ms s=26
INF http m=GET p=/api/v1/workspaces/43LA9D6FO000/members s=200 d=5.68ms s=128
INF http m=GET p=/api/v1/auth/me s=200 d=705µs s=170
INF http m=GET p=/assets/en-BOb8f2G7.js s=200 d=110µs s=5207
INF http m=GET p=/api/v1/notifications/unread-count s=200 d=185µs s=25
INF http m=GET p=/favicon.png s=200 d=35µs s=449
INF http m=GET p=/sw.js s=200 d=99µs s=5541
INF http m=GET p=/registerSW.js s=200 d=34µs s=87
INF http m=GET p=/index.html s=200 d=35µs s=532
INF http m=GET p=/icon.svg s=200 d=22µs s=195
INF http m=GET p=/icon-512.png s=200 d=66µs s=6498
INF http m=POST p=/api/v1/workspaces/43LA9D6FO000/nodes/0/page/create s=200 d=81.2ms s=35
INF http m=GET p=/icon-192.png s=200 d=32µs s=2468
INF http m=GET p=/api/v1/workspaces/43LA9D6FO000/nodes/0/children s=200 d=598µs s=257
INF http m=GET p=/favicon.png s=200 d=23µs s=449
INF http m=POST p=/api/v1/organizations s=200 d=65.7ms s=353
INF http m=GET p=/api/v1/auth/me s=200 d=667µs s=252
INF http m=GET p=/apple-touch-icon.png s=200 d=85µs s=2298
INF http m=GET p=/api/v1/workspaces/43LA9D6FO000/nodes/43LA9HCI4000 s=200 d=681µs s=245
INF http m=GET p=/assets/material-symbols-names-Dyx5m6Tf.js s=200 d=124µs s=15412
INF http m=GET p=/assets/fr-CgauyyXq.js s=200 d=91µs s=6301
INF http m=GET p=/assets/es-DHO8DnB9.js s=200 d=95µs s=6015
INF http m=GET p=/assets/emoji-groups-BpL1N8nI.js s=200 d=185µs s=13798
INF http m=GET p=/assets/de-qJeflSp6.js s=200 d=79µs s=6245
INF http m=GET p=/assets/WorkspaceSettingsPanel-CeaO382V.css s=200 d=43µs s=1021
INF http m=GET p=/assets/WorkspaceSettingsPanel-C0CeQhf8.js s=200 d=76µs s=4456
INF http m=GET p=/assets/ServerSettingsPanel-DsIxlWdC.css s=200 d=43µs s=593
INF http m=GET p=/assets/ServerSettingsPanel-Cmq42vr7.js s=200 d=56µs s=2538
INF http m=GET p=/assets/ResourceQuotaForm-Coc__0PE.js s=200 d=41µs s=813
INF http m=GET p=/assets/ResourceQuotaForm-AxNe1Ebg.css s=200 d=30µs s=302
INF http m=GET p=/assets/ProfileSettings-kJBJbTIc.css s=200 d=35µs s=1220
INF http m=GET p=/assets/ProfileSettings-HAdAXUp2.js s=200 d=67µs s=4325
INF http m=GET p=/assets/OrgSettingsPanel-CEubhZUp.css s=200 d=24µs s=509
INF http m=GET p=/assets/OrgSettingsPanel-B6q-g6eD.js s=200 d=38µs s=2306
INF http m=GET p=/assets/InviteForm-fXZCo6g3.js s=200 d=22µs s=1267
INF http m=GET p=/assets/InviteForm-CW-wgFWD.css s=200 d=31µs s=414
INF http m=GET p=/assets/Editor-CO3i7Yl7.css s=200 d=44µs s=2237
INF http m=GET p=/assets/Editor--AVOgcEK.js s=200 d=79µs s=13498
INF http m=GET p=/assets/AdminDashboard-R0heLGro.css s=200 d=24µs s=601
INF http m=GET p=/assets/AdminDashboard-Cfrr1YY_.js s=200 d=37µs s=2075
INF http m=GET p=/manifest.webmanifest s=200 d=27µs s=199
INF http m=POST p=/api/v1/workspaces/43LA9D6FO000/nodes/0/page/create s=200 d=262ms s=26
INF http m=GET p=/w/@43LA9D6FO000+workspace/@43LA9HCI4000+welcome s=200 d=30µs s=532
INF http m=POST p=/api/v1/organizations/43LA9HH9U000/workspaces s=200 d=341ms s=300
INF http m=GET p=/api/v1/workspaces/43LA9D6FO000/events s=200 d=463ms s=228
INF http m=GET p=/api/v1/auth/me s=200 d=314µs s=354
INF http m=POST p=/api/v1/auth/switch-workspace s=200 d=49.3ms s=569
INF http m=GET p=/api/v1/notifications/unread-count s=200 d=192µs s=25
INF http m=GET p=/api/v1/notifications/unread-count s=200 d=637µs s=25
INF http m=GET p=/api/v1/workspaces/43LA9D6FO000/nodes/43LA9HCI4000 s=200 d=620µs s=245
INF http m=GET p=/api/v1/workspaces/43LA9D6FO000/members s=200 d=603µs s=128
INF http m=GET p=/api/v1/workspaces/43LA9D6FO000/nodes/0/children s=200 d=760µs s=251
INF http m=GET p=/api/v1/workspaces/43LA9HVP8000/nodes/0/children s=200 d=400µs s=26
INF http m=GET p=/api/v1/workspaces/43LA9HVP8000/members s=200 d=161µs s=130
INF http m=POST p=/api/v1/workspaces/43LA9HVP8000/nodes/0/page/create s=200 d=20.8ms s=35
INF http m=GET p=/api/v1/workspaces/43LA9HVP8000/nodes/0/children s=200 d=308µs s=257
INF http m=GET p=/api/v1/workspaces/43LA9HVP8000/nodes/43LA9KM80000 s=200 d=375µs s=245
INF http m=GET p=/api/v1/workspaces/43LA9D6FO000/nodes/43LA9IDJ0000 s=200 d=304µs s=175
INF http m=POST p=/api/v1/workspaces/43LA9D6FO000/nodes/43LA9IDJ0000/delete s=200 d=17.3ms s=25
INF http m=GET p=/api/v1/workspaces/43LA9D6FO000/nodes/43LA9HCI4000 s=200 d=825µs s=245
ERR Handler error err="page not found" statusCode=404 code=NOT_FOUND
INF http m=GET p=/api/v1/workspaces/43LA9D6FO000/nodes/43LA9IDJ0000/page s=404 d=277µs s=62
INF http m=GET p=/api/v1/workspaces/43LA9D6FO000/events s=200 d=293ms s=202
INF http m=POST p=/api/v1/workspaces/43LA9HVP8000/nodes/0/page/create s=200 d=46.1ms s=26
INF http m=GET p=/w/@43LA9HVP8000+workspace/@43LA9KM80000+welcome s=200 d=48µs s=532
INF http m=GET p=/api/v1/workspaces/43LA9HVP8000/events s=200 d=475ms s=237
INF http m=GET p=/api/v1/auth/me s=200 d=1.93ms s=353
INF http m=GET p=/api/v1/notifications/unread-count s=200 d=286µs s=25
INF http m=GET p=/api/v1/workspaces/43LA9HVP8000/nodes/0/children s=200 d=888µs s=251
INF http m=GET p=/api/v1/workspaces/43LA9HVP8000/members s=200 d=531µs s=130
INF http m=GET p=/api/v1/workspaces/43LA9HVP8000/nodes/43LA9KM80000 s=200 d=714µs s=245
INF http m=POST p=/api/v1/auth/register s=200 d=188ms s=391
INF http m=GET p=/ s=200 d=58µs s=532
INF http m=GET p=/assets/index-D8rN_C6i.js s=200 d=173µs s=49782
INF http m=GET p=/assets/index-BppjCDFJ.css s=200 d=129µs s=12398
INF http m=GET p=/assets/editor-vendor-DXykusy4.js s=200 d=400µs s=95952
INF http m=GET p=/assets/vendor-Dz6kinLD.js s=200 d=151µs s=27873
INF http m=GET p=/registerSW.js s=200 d=36µs s=87
INF http m=GET p=/api/v1/workspaces/43LA9HVP8000/nodes/43LA9N2TK000 s=200 d=330µs s=162
INF http m=GET p=/api/v1/auth/me s=200 d=257µs s=165
INF http m=GET p=/assets/en-BOb8f2G7.js s=200 d=69µs s=5207
INF http m=GET p=/favicon.png s=200 d=73µs s=449
INF http m=GET p=/api/v1/notifications/unread-count s=200 d=192µs s=25
INF http m=GET p=/api/v1/workspaces/43LA9HVP8000/events s=200 d=200ms s=93
INF http m=GET p=/sw.js s=200 d=83µs s=5541
INF http m=GET p=/registerSW.js s=200 d=41µs s=87
INF http m=GET p=/index.html s=200 d=42µs s=532
INF http m=GET p=/icon.svg s=200 d=37µs s=195
INF http m=GET p=/icon-512.png s=200 d=65µs s=6498
INF http m=POST p=/api/v1/organizations s=200 d=94.6ms s=353
INF http m=GET p=/icon-192.png s=200 d=44µs s=2468
INF http m=GET p=/api/v1/auth/me s=200 d=225µs s=253
INF http m=GET p=/favicon.png s=200 d=31µs s=449
INF http m=GET p=/apple-touch-icon.png s=200 d=67µs s=2298
INF http m=GET p=/assets/material-symbols-names-Dyx5m6Tf.js s=200 d=123µs s=15412
INF http m=GET p=/assets/fr-CgauyyXq.js s=200 d=89µs s=6301
INF http m=GET p=/assets/es-DHO8DnB9.js s=200 d=84µs s=6015
INF http m=GET p=/assets/emoji-groups-BpL1N8nI.js s=200 d=154µs s=13798
INF http m=GET p=/assets/de-qJeflSp6.js s=200 d=88µs s=6245
INF http m=GET p=/assets/WorkspaceSettingsPanel-CeaO382V.css s=200 d=34µs s=1021
INF http m=GET p=/assets/WorkspaceSettingsPanel-C0CeQhf8.js s=200 d=81µs s=4456
INF http m=GET p=/assets/ServerSettingsPanel-DsIxlWdC.css s=200 d=39µs s=593
INF http m=GET p=/assets/ServerSettingsPanel-Cmq42vr7.js s=200 d=48µs s=2538
INF http m=GET p=/assets/ResourceQuotaForm-Coc__0PE.js s=200 d=44µs s=813
INF http m=GET p=/assets/ResourceQuotaForm-AxNe1Ebg.css s=200 d=34µs s=302
INF http m=GET p=/assets/ProfileSettings-kJBJbTIc.css s=200 d=53µs s=1220
INF http m=GET p=/assets/ProfileSettings-HAdAXUp2.js s=200 d=85µs s=4325
INF http m=GET p=/assets/OrgSettingsPanel-CEubhZUp.css s=200 d=28µs s=509
INF http m=GET p=/assets/OrgSettingsPanel-B6q-g6eD.js s=200 d=41µs s=2306
INF http m=GET p=/assets/InviteForm-fXZCo6g3.js s=200 d=30µs s=1267
INF http m=GET p=/assets/InviteForm-CW-wgFWD.css s=200 d=33µs s=414
INF http m=GET p=/assets/Editor-CO3i7Yl7.css s=200 d=45µs s=2237
INF http m=GET p=/assets/Editor--AVOgcEK.js s=200 d=74µs s=13498
INF http m=GET p=/assets/AdminDashboard-R0heLGro.css s=200 d=36µs s=601
INF http m=GET p=/assets/AdminDashboard-Cfrr1YY_.js s=200 d=43µs s=2075
INF http m=GET p=/manifest.webmanifest s=200 d=22µs s=199
INF http m=POST p=/api/v1/organizations/43LA9PIGU000/workspaces s=200 d=526ms s=302
INF http m=POST p=/api/v1/auth/register s=200 d=385ms s=419
INF http m=GET p=/ s=200 d=60µs s=532
INF http m=GET p=/assets/index-D8rN_C6i.js s=200 d=191µs s=49782
INF http m=GET p=/assets/index-BppjCDFJ.css s=200 d=143µs s=12398
INF http m=GET p=/assets/editor-vendor-DXykusy4.js s=200 d=180µs s=95952
INF http m=GET p=/assets/vendor-Dz6kinLD.js s=200 d=173µs s=27873
INF http m=GET p=/registerSW.js s=200 d=39µs s=87
INF http m=POST p=/api/v1/auth/switch-workspace s=200 d=57.6ms s=574
INF http m=GET p=/api/v1/workspaces/43LA9Q9AS000/nodes/0/children s=200 d=8.28ms s=26
INF http m=GET p=/api/v1/notifications/unread-count s=200 d=4.7ms s=25
INF http m=GET p=/api/v1/workspaces/43LA9Q9AS000/members s=200 d=1.86ms s=128
INF http m=GET p=/api/v1/auth/me s=200 d=253µs s=171
INF http m=GET p=/assets/en-BOb8f2G7.js s=200 d=129µs s=5207
INF http m=GET p=/favicon.png s=200 d=36µs s=449
INF http m=GET p=/api/v1/notifications/unread-count s=200 d=206µs s=25
INF http m=POST p=/api/v1/workspaces/43LA9Q9AS000/nodes/0/page/create s=200 d=32.7ms s=35
INF http m=GET p=/sw.js s=200 d=77µs s=5541
INF http m=GET p=/api/v1/workspaces/43LA9Q9AS000/nodes/0/children s=200 d=379µs s=257
INF http m=GET p=/api/v1/workspaces/43LA9Q9AS000/nodes/43LA9UB0S000 s=200 d=645µs s=245
INF http m=GET p=/registerSW.js s=200 d=43µs s=87
INF http m=GET p=/index.html s=200 d=39µs s=532
INF http m=GET p=/icon.svg s=200 d=32µs s=195
INF http m=GET p=/icon-512.png s=200 d=84µs s=6498
INF http m=GET p=/icon-192.png s=200 d=46µs s=2468
INF http m=GET p=/favicon.png s=200 d=27µs s=449
INF http m=GET p=/apple-touch-icon.png s=200 d=38µs s=2298
INF http m=POST p=/api/v1/organizations s=200 d=78.4ms s=357
INF http m=GET p=/api/v1/auth/me s=200 d=479µs s=257
INF http m=GET p=/assets/material-symbols-names-Dyx5m6Tf.js s=200 d=94µs s=15412
INF http m=GET p=/assets/fr-CgauyyXq.js s=200 d=65µs s=6301
INF http m=GET p=/assets/es-DHO8DnB9.js s=200 d=59µs s=6015
INF http m=GET p=/assets/emoji-groups-BpL1N8nI.js s=200 d=148µs s=13798
INF http m=GET p=/assets/de-qJeflSp6.js s=200 d=92µs s=6245
INF http m=GET p=/assets/WorkspaceSettingsPanel-CeaO382V.css s=200 d=35µs s=1021
INF http m=GET p=/assets/WorkspaceSettingsPanel-C0CeQhf8.js s=200 d=204µs s=4456
INF http m=GET p=/assets/ServerSettingsPanel-DsIxlWdC.css s=200 d=30µs s=593
INF http m=GET p=/assets/ServerSettingsPanel-Cmq42vr7.js s=200 d=40µs s=2538
INF http m=GET p=/assets/ResourceQuotaForm-Coc__0PE.js s=200 d=32µs s=813
INF http m=GET p=/assets/ResourceQuotaForm-AxNe1Ebg.css s=200 d=26µs s=302
INF http m=GET p=/assets/ProfileSettings-kJBJbTIc.css s=200 d=38µs s=1220
INF http m=GET p=/assets/ProfileSettings-HAdAXUp2.js s=200 d=58µs s=4325
INF http m=GET p=/assets/OrgSettingsPanel-CEubhZUp.css s=200 d=26µs s=509
INF http m=GET p=/assets/OrgSettingsPanel-B6q-g6eD.js s=200 d=46µs s=2306
INF http m=GET p=/assets/InviteForm-fXZCo6g3.js s=200 d=25µs s=1267
INF http m=GET p=/assets/InviteForm-CW-wgFWD.css s=200 d=33µs s=414
INF http m=GET p=/assets/Editor-CO3i7Yl7.css s=200 d=34µs s=2237
INF http m=GET p=/assets/Editor--AVOgcEK.js s=200 d=87µs s=13498
INF http m=GET p=/assets/AdminDashboard-R0heLGro.css s=200 d=18µs s=601
INF http m=GET p=/assets/AdminDashboard-Cfrr1YY_.js s=200 d=32µs s=2075
INF http m=GET p=/manifest.webmanifest s=200 d=24µs s=199
INF http m=POST p=/api/v1/organizations/43LA9UHV4000/workspaces s=200 d=307ms s=302
INF http m=POST p=/api/v1/workspaces/43LA9Q9AS000/nodes/0/page/create s=200 d=281ms s=26
INF http m=GET p=/w/@43LA9Q9AS000+workspace/@43LA9UB0S000+welcome s=200 d=36µs s=532
INF http m=GET p=/api/v1/workspaces/43LA9Q9AS000/events s=200 d=498ms s=233
INF http m=GET p=/api/v1/auth/me s=200 d=301µs s=353
INF http m=POST p=/api/v1/auth/switch-workspace s=200 d=53.7ms s=573
INF http m=GET p=/api/v1/notifications/unread-count s=200 d=862µs s=25
INF http m=GET p=/api/v1/workspaces/43LA9V2IE000/nodes/0/children s=200 d=2.12ms s=26
INF http m=GET p=/api/v1/workspaces/43LA9V2IE000/members s=200 d=4.2ms s=121
INF http m=GET p=/api/v1/notifications/unread-count s=200 d=175µs s=25
INF http m=GET p=/api/v1/workspaces/43LA9Q9AS000/nodes/43LA9UB0S000 s=200 d=265µs s=245
INF http m=GET p=/api/v1/workspaces/43LA9Q9AS000/members s=200 d=206µs s=128
INF http m=GET p=/api/v1/workspaces/43LA9Q9AS000/nodes/0/children s=200 d=326µs s=240
INF http m=POST p=/api/v1/workspaces/43LA9V2IE000/nodes/0/page/create s=200 d=33ms s=35
INF http m=GET p=/api/v1/workspaces/43LA9V2IE000/nodes/0/children s=200 d=321µs s=257
INF http m=GET p=/api/v1/workspaces/43LA9V2IE000/nodes/43LAA1F9Q000 s=200 d=244µs s=245
INF http m=GET p=/api/v1/workspaces/43LA9Q9AS000/nodes/43LA9V8VI000 s=200 d=352µs s=128
INF http m=POST p=/api/v1/workspaces/43LA9V2IE000/nodes/0/page/create s=200 d=15.5ms s=26
INF http m=GET p=/w/@43LA9V2IE000+workspace/@43LAA1F9Q000+welcome s=200 d=38µs s=532
INF http m=GET p=/api/v1/workspaces/43LA9V2IE000/events s=200 d=450ms s=232
INF http m=GET p=/api/v1/auth/me s=200 d=259µs s=360
INF http m=GET p=/api/v1/notifications/unread-count s=200 d=232µs s=25
INF http m=GET p=/api/v1/workspaces/43LA9V2IE000/nodes/0/children s=200 d=1.29ms s=250
INF http m=GET p=/api/v1/workspaces/43LA9V2IE000/nodes/43LAA1F9Q000 s=200 d=1.33ms s=245
INF http m=GET p=/api/v1/workspaces/43LA9V2IE000/members s=200 d=3.25ms s=121
INF http m=GET p=/api/v1/workspaces/43LA9V2IE000/nodes/43LAA4102000 s=200 d=374µs s=135
INF http m=GET p=/sw.js s=200 d=123µs s=5541
INF http m=GET p=/sw.js s=200 d=117µs s=5541
INF http m=POST p=/api/v1/workspaces/43LA9Q9AS000/nodes/43LA9V8VI000/page s=200 d=15.9ms s=35
INF http m=GET p=/api/v1/workspaces/43LA9Q9AS000/nodes/43LA9V8VI000/page s=200 d=233µs s=118
INF http m=GET p=/api/v1/workspaces/43LA9Q9AS000/events s=200 d=3.02s s=207
INF http m=POST p=/api/v1/auth/register s=200 d=141ms s=393
INF http m=GET p=/ s=200 d=54µs s=532
INF http m=GET p=/registerSW.js s=200 d=57µs s=87
INF http m=GET p=/assets/vendor-Dz6kinLD.js s=200 d=130µs s=27873
INF http m=GET p=/assets/index-D8rN_C6i.js s=200 d=114µs s=49782
INF http m=GET p=/assets/editor-vendor-DXykusy4.js s=200 d=169µs s=95952
INF http m=GET p=/assets/index-BppjCDFJ.css s=200 d=86µs s=12398
INF http m=GET p=/api/v1/auth/me s=200 d=334µs s=166
INF http m=GET p=/assets/en-BOb8f2G7.js s=200 d=69µs s=5207
INF http m=GET p=/favicon.png s=200 d=45µs s=449
INF http m=GET p=/sw.js s=200 d=72µs s=5541
INF http m=GET p=/api/v1/notifications/unread-count s=200 d=261µs s=25
INF http m=GET p=/registerSW.js s=200 d=39µs s=87
INF http m=GET p=/index.html s=200 d=728µs s=532
INF http m=GET p=/icon.svg s=200 d=43µs s=195
INF http m=GET p=/icon-512.png s=200 d=92µs s=6498
INF http m=GET p=/icon-192.png s=200 d=39µs s=2468
INF http m=GET p=/favicon.png s=200 d=27µs s=449
INF http m=GET p=/apple-touch-icon.png s=200 d=42µs s=2298
INF http m=POST p=/api/v1/organizations s=200 d=79ms s=353
INF http m=GET p=/api/v1/auth/me s=200 d=443µs s=251
INF http m=GET p=/assets/material-symbols-names-Dyx5m6Tf.js s=200 d=84µs s=15412
INF http m=GET p=/assets/fr-CgauyyXq.js s=200 d=121µs s=6301
INF http m=GET p=/assets/es-DHO8DnB9.js s=200 d=71µs s=6015
INF http m=GET p=/assets/emoji-groups-BpL1N8nI.js s=200 d=1.1ms s=13798
INF http m=GET p=/assets/de-qJeflSp6.js s=200 d=75µs s=6245
INF http m=GET p=/assets/WorkspaceSettingsPanel-CeaO382V.css s=200 d=33µs s=1021
INF http m=GET p=/assets/WorkspaceSettingsPanel-C0CeQhf8.js s=200 d=85µs s=4456
INF http m=GET p=/assets/ServerSettingsPanel-DsIxlWdC.css s=200 d=36µs s=593
INF http m=GET p=/assets/ServerSettingsPanel-Cmq42vr7.js s=200 d=53µs s=2538
INF http m=GET p=/assets/ResourceQuotaForm-Coc__0PE.js s=200 d=29µs s=813
INF http m=GET p=/assets/ResourceQuotaForm-AxNe1Ebg.css s=200 d=22µs s=302
INF http m=GET p=/assets/ProfileSettings-kJBJbTIc.css s=200 d=26µs s=1220
INF http m=GET p=/assets/ProfileSettings-HAdAXUp2.js s=200 d=67µs s=4325
INF http m=GET p=/assets/OrgSettingsPanel-CEubhZUp.css s=200 d=28µs s=509
INF http m=GET p=/assets/OrgSettingsPanel-B6q-g6eD.js s=200 d=32µs s=2306
INF http m=GET p=/assets/InviteForm-fXZCo6g3.js s=200 d=24µs s=1267
INF http m=GET p=/assets/InviteForm-CW-wgFWD.css s=200 d=26µs s=414
INF http m=GET p=/assets/Editor-CO3i7Yl7.css s=200 d=38µs s=2237
INF http m=GET p=/assets/Editor--AVOgcEK.js s=200 d=91µs s=13498
INF http m=GET p=/assets/AdminDashboard-R0heLGro.css s=200 d=23µs s=601
INF http m=GET p=/assets/AdminDashboard-Cfrr1YY_.js s=200 d=37µs s=2075
INF http m=GET p=/manifest.webmanifest s=200 d=25µs s=199
INF http m=POST p=/api/v1/organizations/43LAAMHR4000/workspaces s=200 d=303ms s=301
INF http m=POST p=/api/v1/auth/switch-workspace s=200 d=34.2ms s=569
INF http m=GET p=/api/v1/notifications/unread-count s=200 d=176µs s=25
INF http m=GET p=/api/v1/workspaces/43LAAN2J4000/nodes/0/children s=200 d=357µs s=26
INF http m=GET p=/api/v1/workspaces/43LAAN2J4000/members s=200 d=482µs s=128
INF http m=POST p=/api/v1/workspaces/43LAAN2J4000/nodes/0/page/create s=200 d=21.1ms s=35
INF http m=GET p=/api/v1/workspaces/43LAAN2J4000/nodes/0/children s=200 d=269µs s=257
INF http m=GET p=/api/v1/workspaces/43LAAN2J4000/nodes/43LAAP7UA000 s=200 d=310µs s=245
INF http m=POST p=/api/v1/workspaces/43LAAN2J4000/nodes/0/page/create s=200 d=15.9ms s=26
INF http m=POST p=/api/v1/workspaces/43LAAN2J4000/nodes/0/page/create s=200 d=15.1ms s=26
INF http m=GET p=/w/@43LAAN2J4000+workspace/@43LAAP7UA000+welcome s=200 d=38µs s=532
INF http m=GET p=/api/v1/workspaces/43LAAN2J4000/events s=200 d=520ms s=260
INF http m=GET p=/api/v1/auth/me s=200 d=566µs s=354
INF http m=GET p=/api/v1/notifications/unread-count s=200 d=503µs s=25
INF http m=GET p=/api/v1/workspaces/43LAAN2J4000/nodes/43LAAP7UA000 s=200 d=429µs s=245
INF http m=GET p=/api/v1/workspaces/43LAAN2J4000/members s=200 d=842µs s=128
INF http m=GET p=/api/v1/workspaces/43LAAN2J4000/nodes/0/children s=200 d=449µs s=261
INF http m=GET p=/api/v1/workspaces/43LAAN2J4000/nodes/43LAAS4NS000 s=200 d=1.3ms s=131
INF http m=GET p=/api/v1/workspaces/43LAAN2J4000/nodes/43LAAS89Q000 s=200 d=364µs s=132
INF http m=GET p=/api/v1/workspaces/43LAAN2J4000/nodes/43LAAS4NS000 s=200 d=475µs s=131
INF http m=GET p=/api/v1/workspaces/43LAAN2J4000/nodes/43LAAS89Q000 s=200 d=345µs s=132
INF http m=GET p=/api/v1/workspaces/43LAAN2J4000/events s=200 d=381ms s=93
INF http m=POST p=/api/v1/auth/register s=200 d=120ms s=389
INF http m=GET p=/ s=200 d=67µs s=532
INF http m=GET p=/assets/index-D8rN_C6i.js s=200 d=166µs s=49782
INF http m=GET p=/assets/index-BppjCDFJ.css s=200 d=119µs s=12398
INF http m=GET p=/assets/editor-vendor-DXykusy4.js s=200 d=144µs s=95952
INF http m=GET p=/registerSW.js s=200 d=57µs s=87
INF http m=GET p=/assets/vendor-Dz6kinLD.js s=200 d=111µs s=27873
INF http m=GET p=/api/v1/auth/me s=200 d=305µs s=166
INF http m=GET p=/assets/en-BOb8f2G7.js s=200 d=61µs s=5207
INF http m=GET p=/api/v1/notifications/unread-count s=200 d=165µs s=25
INF http m=GET p=/favicon.png s=200 d=32µs s=449
INF http m=GET p=/sw.js s=200 d=72µs s=5541
INF http m=GET p=/registerSW.js s=200 d=35µs s=87
INF http m=POST p=/api/v1/organizations s=200 d=61.7ms s=350
INF http m=GET p=/api/v1/auth/me s=200 d=222µs s=250
INF http m=GET p=/index.html s=200 d=35µs s=532
INF http m=GET p=/icon.svg s=200 d=49µs s=195
INF http m=GET p=/icon-512.png s=200 d=68µs s=6498
INF http m=GET p=/icon-192.png s=200 d=37µs s=2468
INF http m=GET p=/favicon.png s=200 d=26µs s=449
INF http m=GET p=/apple-touch-icon.png s=200 d=50µs s=2298
INF http m=GET p=/assets/material-symbols-names-Dyx5m6Tf.js s=200 d=153µs s=15412
INF http m=GET p=/assets/fr-CgauyyXq.js s=200 d=81µs s=6301
INF http m=GET p=/assets/es-DHO8DnB9.js s=200 d=89µs s=6015
INF http m=GET p=/assets/emoji-groups-BpL1N8nI.js s=200 d=93µs s=13798
INF http m=GET p=/assets/de-qJeflSp6.js s=200 d=68µs s=6245
INF http m=GET p=/assets/WorkspaceSettingsPanel-CeaO382V.css s=200 d=29µs s=1021
INF http m=GET p=/assets/WorkspaceSettingsPanel-C0CeQhf8.js s=200 d=70µs s=4456
INF http m=GET p=/assets/ServerSettingsPanel-DsIxlWdC.css s=200 d=27µs s=593
INF http m=GET p=/assets/ServerSettingsPanel-Cmq42vr7.js s=200 d=38µs s=2538
INF http m=GET p=/assets/ResourceQuotaForm-Coc__0PE.js s=200 d=38µs s=813
INF http m=GET p=/assets/ResourceQuotaForm-AxNe1Ebg.css s=200 d=28µs s=302
INF http m=GET p=/assets/ProfileSettings-kJBJbTIc.css s=200 d=30µs s=1220
INF http m=GET p=/assets/ProfileSettings-HAdAXUp2.js s=200 d=59µs s=4325
INF http m=GET p=/assets/OrgSettingsPanel-CEubhZUp.css s=200 d=36µs s=509
INF http m=GET p=/assets/OrgSettingsPanel-B6q-g6eD.js s=200 d=33µs s=2306
INF http m=GET p=/assets/InviteForm-fXZCo6g3.js s=200 d=24µs s=1267
INF http m=GET p=/assets/InviteForm-CW-wgFWD.css s=200 d=29µs s=414
INF http m=GET p=/assets/Editor-CO3i7Yl7.css s=200 d=27µs s=2237
INF http m=GET p=/assets/Editor--AVOgcEK.js s=200 d=70µs s=13498
INF http m=GET p=/assets/AdminDashboard-R0heLGro.css s=200 d=26µs s=601
INF http m=GET p=/assets/AdminDashboard-Cfrr1YY_.js s=200 d=34µs s=2075
INF http m=GET p=/manifest.webmanifest s=200 d=27µs s=199
INF http m=POST p=/api/v1/organizations/43LAB1HN0000/workspaces s=200 d=350ms s=297
INF http m=POST p=/api/v1/auth/switch-workspace s=200 d=34.1ms s=555
INF http m=GET p=/api/v1/notifications/unread-count s=200 d=564µs s=25
INF http m=GET p=/api/v1/workspaces/43LAB1V4A000/nodes/0/children s=200 d=853µs s=26
INF http m=GET p=/api/v1/workspaces/43LAB1V4A000/members s=200 d=716µs s=122
INF http m=POST p=/api/v1/workspaces/43LAB1V4A000/nodes/0/page/create s=200 d=20.7ms s=35
INF http m=GET p=/api/v1/workspaces/43LAB1V4A000/nodes/0/children s=200 d=298µs s=257
INF http m=GET p=/api/v1/workspaces/43LAB1V4A000/nodes/43LAB4DK8000 s=200 d=256µs s=245
INF http m=POST p=/api/v1/workspaces/43LAB1V4A000/nodes/0/page/create s=200 d=16.1ms s=26
INF http m=GET p=/w/@43LAB1V4A000+workspace/@43LAB4DK8000+welcome s=200 d=39µs s=532
INF http m=GET p=/api/v1/workspaces/43LAB1V4A000/events s=200 d=470ms s=230
INF http m=GET p=/api/v1/auth/me s=200 d=377µs s=352
INF http m=GET p=/api/v1/notifications/unread-count s=200 d=468µs s=25
INF http m=GET p=/api/v1/workspaces/43LAB1V4A000/nodes/0/children s=200 d=404µs s=248
INF http m=GET p=/api/v1/workspaces/43LAB1V4A000/members s=200 d=230µs s=122
INF http m=GET p=/api/v1/workspaces/43LAB1V4A000/nodes/43LAB4DK8000 s=200 d=240µs s=245
INF http m=GET p=/api/v1/workspaces/43LAB1V4A000/nodes/43LAB7496000 s=200 d=1.32ms s=163
INF http m=GET p=/api/v1/workspaces/43LAB1V4A000/events s=200 d=76.2ms s=93
INF http m=POST p=/api/v1/auth/register s=200 d=134ms s=392
INF http m=GET p=/ s=200 d=53µs s=532
INF http m=GET p=/assets/index-D8rN_C6i.js s=200 d=150µs s=49782
INF http m=GET p=/assets/index-BppjCDFJ.css s=200 d=176µs s=12398
INF http m=GET p=/assets/editor-vendor-DXykusy4.js s=200 d=144µs s=95952
INF http m=GET p=/assets/vendor-Dz6kinLD.js s=200 d=136µs s=27873
INF http m=GET p=/registerSW.js s=200 d=43µs s=87
INF http m=GET p=/api/v1/auth/me s=200 d=235µs s=163
INF http m=GET p=/assets/en-BOb8f2G7.js s=200 d=62µs s=5207
INF http m=GET p=/api/v1/notifications/unread-count s=200 d=172µs s=25
INF http m=GET p=/favicon.png s=200 d=28µs s=449
INF http m=GET p=/sw.js s=200 d=65µs s=5541
INF http m=GET p=/registerSW.js s=200 d=38µs s=87
INF http m=GET p=/index.html s=200 d=35µs s=532
INF http m=GET p=/icon.svg s=200 d=31µs s=195
INF http m=POST p=/api/v1/organizations s=200 d=61.5ms s=353
INF http m=GET p=/api/v1/auth/me s=200 d=213µs s=251
INF http m=GET p=/icon-512.png s=200 d=66µs s=6498
INF http m=GET p=/icon-192.png s=200 d=48µs s=2468
INF http m=GET p=/favicon.png s=200 d=25µs s=449
INF http m=GET p=/apple-touch-icon.png s=200 d=36µs s=2298
INF http m=GET p=/assets/material-symbols-names-Dyx5m6Tf.js s=200 d=91µs s=15412
INF http m=GET p=/assets/fr-CgauyyXq.js s=200 d=75µs s=6301
INF http m=GET p=/assets/es-DHO8DnB9.js s=200 d=64µs s=6015
INF http m=GET p=/assets/emoji-groups-BpL1N8nI.js s=200 d=93µs s=13798
INF http m=GET p=/assets/de-qJeflSp6.js s=200 d=68µs s=6245
INF http m=GET p=/assets/WorkspaceSettingsPanel-CeaO382V.css s=200 d=31µs s=1021
INF http m=GET p=/assets/WorkspaceSettingsPanel-C0CeQhf8.js s=200 d=57µs s=4456
INF http m=GET p=/assets/ServerSettingsPanel-DsIxlWdC.css s=200 d=49µs s=593
INF http m=GET p=/assets/ServerSettingsPanel-Cmq42vr7.js s=200 d=32µs s=2538
INF http m=GET p=/assets/ResourceQuotaForm-Coc__0PE.js s=200 d=28µs s=813
INF http m=GET p=/assets/ResourceQuotaForm-AxNe1Ebg.css s=200 d=23µs s=302
INF http m=GET p=/assets/ProfileSettings-kJBJbTIc.css s=200 d=27µs s=1220
INF http m=GET p=/assets/ProfileSettings-HAdAXUp2.js s=200 d=62µs s=4325
INF http m=GET p=/assets/OrgSettingsPanel-CEubhZUp.css s=200 d=52µs s=509
INF http m=GET p=/assets/OrgSettingsPanel-B6q-g6eD.js s=200 d=39µs s=2306
INF http m=GET p=/assets/InviteForm-fXZCo6g3.js s=200 d=27µs s=1267
INF http m=GET p=/assets/InviteForm-CW-wgFWD.css s=200 d=32µs s=414
INF http m=GET p=/assets/Editor-CO3i7Yl7.css s=200 d=34µs s=2237
INF http m=GET p=/assets/Editor--AVOgcEK.js s=200 d=91µs s=13498
INF http m=GET p=/assets/AdminDashboard-R0heLGro.css s=200 d=29µs s=601
INF http m=GET p=/assets/AdminDashboard-Cfrr1YY_.js s=200 d=38µs s=2075
INF http m=GET p=/manifest.webmanifest s=200 d=24µs s=199
INF http m=POST p=/api/v1/organizations/43LABAKTU000/workspaces s=200 d=318ms s=299
INF http m=POST p=/api/v1/auth/switch-workspace s=200 d=33.4ms s=611
INF http m=GET p=/api/v1/notifications/unread-count s=200 d=786µs s=25
INF http m=GET p=/api/v1/workspaces/43LABB23S000/members s=200 d=208µs s=126
INF http m=GET p=/api/v1/workspaces/43LABB23S000/nodes/0/children s=200 d=281µs s=26
INF http m=POST p=/api/v1/workspaces/43LABB23S000/nodes/0/page/create s=200 d=26.1ms s=35
INF http m=GET p=/api/v1/workspaces/43LABB23S000/nodes/0/children s=200 d=385µs s=257
INF http m=GET p=/api/v1/workspaces/43LABB23S000/nodes/43LABDEDO000 s=200 d=245µs s=245
INF http m=POST p=/api/v1/workspaces/43LABB23S000/nodes/0/page/create s=200 d=15.3ms s=26
INF http m=GET p=/w/@43LABB23S000/@43LABG458000 s=200 d=35µs s=532
INF http m=GET p=/api/v1/workspaces/43LABB23S000/events s=200 d=469ms s=233
INF http m=GET p=/api/v1/auth/me s=200 d=267µs s=350
INF http m=GET p=/api/v1/notifications/unread-count s=200 d=182µs s=25
INF http m=GET p=/api/v1/workspaces/43LABB23S000/members s=200 d=167µs s=126
INF http m=GET p=/api/v1/workspaces/43LABB23S000/nodes/0/children s=200 d=481µs s=248
INF http m=GET p=/api/v1/workspaces/43LABB23S000/nodes/43LABG458000 s=200 d=232µs s=140
INF http m=GET p=/api/v1/workspaces/43LABB23S000/events s=200 d=36.9ms s=93
INF http m=POST p=/api/v1/auth/register s=200 d=130ms s=409
INF http m=GET p=/ s=200 d=52µs s=532
INF http m=GET p=/assets/index-D8rN_C6i.js s=200 d=380µs s=49782
INF http m=GET p=/assets/index-BppjCDFJ.css s=200 d=110µs s=12398
INF http m=GET p=/assets/editor-vendor-DXykusy4.js s=200 d=173µs s=95952
INF http m=GET p=/registerSW.js s=200 d=37µs s=87
INF http m=GET p=/assets/vendor-Dz6kinLD.js s=200 d=112µs s=27873
INF http m=GET p=/assets/en-BOb8f2G7.js s=200 d=96µs s=5207
INF http m=GET p=/api/v1/auth/me s=200 d=225µs s=170
INF http m=GET p=/api/v1/notifications/unread-count s=200 d=211µs s=25
INF http m=GET p=/sw.js s=200 d=90µs s=5541
INF http m=GET p=/favicon.png s=200 d=43µs s=449
INF http m=GET p=/registerSW.js s=200 d=43µs s=87
INF http m=GET p=/index.html s=200 d=39µs s=532
INF http m=GET p=/icon.svg s=200 d=34µs s=195
INF http m=GET p=/icon-512.png s=200 d=75µs s=6498
INF http m=GET p=/icon-192.png s=200 d=68µs s=2468
INF http m=GET p=/favicon.png s=200 d=31µs s=449
INF http m=GET p=/apple-touch-icon.png s=200 d=48µs s=2298
INF http m=POST p=/api/v1/organizations s=200 d=92.2ms s=358
INF http m=GET p=/api/v1/auth/me s=200 d=224µs s=258
INF http m=GET p=/assets/material-symbols-names-Dyx5m6Tf.js s=200 d=84µs s=15412
INF http m=GET p=/assets/fr-CgauyyXq.js s=200 d=82µs s=6301
INF http m=GET p=/assets/es-DHO8DnB9.js s=200 d=66µs s=6015
INF http m=GET p=/assets/emoji-groups-BpL1N8nI.js s=200 d=78µs s=13798
INF http m=GET p=/assets/de-qJeflSp6.js s=200 d=105µs s=6245
INF http m=GET p=/assets/WorkspaceSettingsPanel-CeaO382V.css s=200 d=33µs s=1021
INF http m=GET p=/assets/WorkspaceSettingsPanel-C0CeQhf8.js s=200 d=63µs s=4456
INF http m=GET p=/assets/ServerSettingsPanel-DsIxlWdC.css s=200 d=31µs s=593
INF http m=GET p=/assets/ServerSettingsPanel-Cmq42vr7.js s=200 d=41µs s=2538
INF http m=GET p=/assets/ResourceQuotaForm-Coc__0PE.js s=200 d=30µs s=813
INF http m=GET p=/assets/ResourceQuotaForm-AxNe1Ebg.css s=200 d=28µs s=302
INF http m=GET p=/assets/ProfileSettings-kJBJbTIc.css s=200 d=31µs s=1220
INF http m=GET p=/assets/ProfileSettings-HAdAXUp2.js s=200 d=43µs s=4325
INF http m=GET p=/assets/OrgSettingsPanel-CEubhZUp.css s=200 d=32µs s=509
INF http m=GET p=/assets/OrgSettingsPanel-B6q-g6eD.js s=200 d=34µs s=2306
INF http m=GET p=/assets/InviteForm-fXZCo6g3.js s=200 d=28µs s=1267
INF http m=GET p=/assets/InviteForm-CW-wgFWD.css s=200 d=30µs s=414
INF http m=GET p=/assets/Editor-CO3i7Yl7.css s=200 d=41µs s=2237
INF http m=GET p=/assets/Editor--AVOgcEK.js s=200 d=68µs s=13498
INF http m=GET p=/assets/AdminDashboard-R0heLGro.css s=200 d=22µs s=601
INF http m=GET p=/assets/AdminDashboard-Cfrr1YY_.js s=200 d=38µs s=2075
INF http m=GET p=/manifest.webmanifest s=200 d=26µs s=199
INF http m=POST p=/api/v1/organizations/43LABJARE000/workspaces s=200 d=323ms s=302
INF http m=POST p=/api/v1/auth/switch-workspace s=200 d=34.5ms s=572
INF http m=GET p=/api/v1/notifications/unread-count s=200 d=176µs s=25
INF http m=GET p=/api/v1/workspaces/43LABJUT2000/members s=200 d=196µs s=122
INF http m=GET p=/api/v1/workspaces/43LABJUT2000/nodes/0/children s=200 d=663µs s=26
INF http m=POST p=/api/v1/workspaces/43LABJUT2000/nodes/0/page/create s=200 d=20.3ms s=35
INF http m=GET p=/api/v1/workspaces/43LABJUT2000/nodes/0/children s=200 d=310µs s=257
INF http m=GET p=/api/v1/workspaces/43LABJUT2000/nodes/43LABM7TG000 s=200 d=247µs s=245
INF http m=POST p=/api/v1/workspaces/43LABJUT2000/nodes/0/page/create s=200 d=15.8ms s=26
INF http m=POST p=/api/v1/workspaces/43LABJUT2000/nodes/43LABOUHU000/page/create s=200 d=15.1ms s=26
INF http m=POST p=/api/v1/workspaces/43LABJUT2000/nodes/43LABP2HE000/page/create s=200 d=14.8ms s=26
INF http m=GET p=/w/@43LABJUT2000/@43LABP5TM000 s=200 d=44µs s=532
INF http m=GET p=/api/v1/workspaces/43LABJUT2000/events s=200 d=506ms s=290
INF http m=GET p=/api/v1/auth/me s=200 d=289µs s=361
INF http m=GET p=/api/v1/notifications/unread-count s=200 d=178µs s=25
INF http m=GET p=/api/v1/workspaces/43LABJUT2000/nodes/0/children s=200 d=343µs s=254
INF http m=GET p=/api/v1/workspaces/43LABJUT2000/members s=200 d=168µs s=122
INF http m=GET p=/api/v1/workspaces/43LABJUT2000/nodes/43LABP5TM000 s=200 d=259µs s=137
INF http m=GET p=/api/v1/workspaces/43LABJUT2000/nodes/43LABOUHU000/children s=200 d=336µs s=158
INF http m=GET p=/api/v1/workspaces/43LABJUT2000/nodes/43LABP2HE000 s=200 d=342µs s=134
INF http m=GET p=/api/v1/workspaces/43LABJUT2000/nodes/43LABOUHU000 s=200 d=354µs s=123
INF http m=GET p=/api/v1/workspaces/43LABJUT2000/nodes/43LABP2HE000/children s=200 d=293µs s=146
INF http m=GET p=/api/v1/workspaces/43LABJUT2000/events s=200 d=190ms s=93
INF http m=POST p=/api/v1/auth/register s=200 d=178ms s=405
INF http m=GET p=/ s=200 d=58µs s=532
INF http m=GET p=/assets/index-BppjCDFJ.css s=200 d=130µs s=12398
INF http m=GET p=/assets/index-D8rN_C6i.js s=200 d=173µs s=49782
INF http m=GET p=/assets/editor-vendor-DXykusy4.js s=200 d=155µs s=95952
INF http m=GET p=/assets/vendor-Dz6kinLD.js s=200 d=85µs s=27873
INF http m=GET p=/registerSW.js s=200 d=31µs s=87
INF http m=GET p=/api/v1/auth/me s=200 d=222µs s=171
INF http m=GET p=/assets/en-BOb8f2G7.js s=200 d=56µs s=5207
INF http m=GET p=/api/v1/notifications/unread-count s=200 d=173µs s=25
INF http m=GET p=/favicon.png s=200 d=28µs s=449
INF http m=GET p=/sw.js s=200 d=113µs s=5541
INF http m=GET p=/registerSW.js s=200 d=41µs s=87
INF http m=GET p=/index.html s=200 d=413µs s=532
INF http m=POST p=/api/v1/organizations s=200 d=65.2ms s=356
INF http m=GET p=/api/v1/auth/me s=200 d=203µs s=255
INF http m=GET p=/icon.svg s=200 d=23µs s=195
INF http m=GET p=/icon-512.png s=200 d=88µs s=6498
INF http m=GET p=/icon-192.png s=200 d=44µs s=2468
INF http m=GET p=/favicon.png s=200 d=36µs s=449
INF http m=GET p=/apple-touch-icon.png s=200 d=43µs s=2298
INF http m=GET p=/assets/material-symbols-names-Dyx5m6Tf.js s=200 d=102µs s=15412
INF http m=GET p=/assets/fr-CgauyyXq.js s=200 d=87µs s=6301
INF http m=GET p=/assets/es-DHO8DnB9.js s=200 d=75µs s=6015
INF http m=GET p=/assets/emoji-groups-BpL1N8nI.js s=200 d=94µs s=13798
INF http m=GET p=/assets/de-qJeflSp6.js s=200 d=80µs s=6245
INF http m=GET p=/assets/WorkspaceSettingsPanel-CeaO382V.css s=200 d=36µs s=1021
INF http m=GET p=/assets/WorkspaceSettingsPanel-C0CeQhf8.js s=200 d=60µs s=4456
INF http m=GET p=/assets/ServerSettingsPanel-DsIxlWdC.css s=200 d=34µs s=593
INF http m=GET p=/assets/ServerSettingsPanel-Cmq42vr7.js s=200 d=37µs s=2538
INF http m=GET p=/assets/ResourceQuotaForm-Coc__0PE.js s=200 d=29µs s=813
INF http m=GET p=/assets/ResourceQuotaForm-AxNe1Ebg.css s=200 d=26µs s=302
INF http m=GET p=/assets/ProfileSettings-kJBJbTIc.css s=200 d=29µs s=1220
INF http m=GET p=/assets/ProfileSettings-HAdAXUp2.js s=200 d=61µs s=4325
INF http m=GET p=/assets/OrgSettingsPanel-CEubhZUp.css s=200 d=24µs s=509
INF http m=GET p=/assets/OrgSettingsPanel-B6q-g6eD.js s=200 d=31µs s=2306
INF http m=GET p=/assets/InviteForm-fXZCo6g3.js s=200 d=51µs s=1267
INF http m=GET p=/assets/InviteForm-CW-wgFWD.css s=200 d=25µs s=414
INF http m=GET p=/assets/Editor-CO3i7Yl7.css s=200 d=31µs s=2237
INF http m=GET p=/assets/Editor--AVOgcEK.js s=200 d=71µs s=13498
INF http m=GET p=/assets/AdminDashboard-R0heLGro.css s=200 d=28µs s=601
INF http m=GET p=/assets/AdminDashboard-Cfrr1YY_.js s=200 d=32µs s=2075
INF http m=GET p=/manifest.webmanifest s=200 d=28µs s=199
INF http m=POST p=/api/v1/organizations/43LABTONE000/workspaces s=200 d=351ms s=303
INF http m=POST p=/api/v1/auth/switch-workspace s=200 d=33.6ms s=568
INF http m=GET p=/api/v1/notifications/unread-count s=200 d=177µs s=25
INF http m=GET p=/api/v1/workspaces/43LABU6NO000/nodes/0/children s=200 d=454µs s=26
INF http m=GET p=/api/v1/workspaces/43LABU6NO000/members s=200 d=606µs s=121
INF http m=POST p=/api/v1/workspaces/43LABU6NO000/nodes/0/page/create s=200 d=19.7ms s=35
INF http m=GET p=/api/v1/workspaces/43LABU6NO000/nodes/0/children s=200 d=309µs s=257
INF http m=GET p=/api/v1/workspaces/43LABU6NO000/nodes/43LAC0LC6000 s=200 d=228µs s=245
INF http m=GET p=/api/v1/workspaces/43LA9V2IE000/events s=200 d=10s s=93
INF http m=POST p=/api/v1/auth/register s=200 d=120ms s=390
INF http m=GET p=/ s=200 d=58µs s=532
INF http m=GET p=/registerSW.js s=200 d=55µs s=87
INF http m=GET p=/assets/vendor-Dz6kinLD.js s=200 d=322µs s=27873
INF http m=GET p=/assets/index-D8rN_C6i.js s=200 d=107µs s=49782
INF http m=GET p=/assets/index-BppjCDFJ.css s=200 d=183µs s=12398
INF http m=GET p=/assets/editor-vendor-DXykusy4.js s=200 d=623µs s=95952
INF http m=POST p=/api/v1/workspaces/43LABU6NO000/nodes/0/page/create s=200 d=51.3ms s=26
INF http m=GET p=/assets/en-BOb8f2G7.js s=200 d=86µs s=5207
INF http m=GET p=/api/v1/auth/me s=200 d=1.02ms s=166
INF http m=POST p=/api/v1/workspaces/43LABU6NO000/nodes/43LAC3F4C000/page/create s=200 d=44.6ms s=26
INF http m=GET p=/favicon.png s=200 d=40µs s=449
INF http m=GET p=/api/v1/notifications/unread-count s=200 d=194µs s=25
INF http m=GET p=/sw.js s=200 d=65µs s=5541
INF http m=GET p=/registerSW.js s=200 d=44µs s=87
INF http m=GET p=/index.html s=200 d=41µs s=532
INF http m=GET p=/icon.svg s=200 d=27µs s=195
INF http m=GET p=/icon-512.png s=200 d=69µs s=6498
INF http m=POST p=/api/v1/organizations s=200 d=84ms s=350
INF http m=GET p=/icon-192.png s=200 d=38µs s=2468
INF http m=GET p=/api/v1/auth/me s=200 d=261µs s=250
INF http m=POST p=/api/v1/workspaces/43LABU6NO000/nodes/43LAC3QLK000/page/create s=200 d=108ms s=26
INF http m=GET p=/favicon.png s=200 d=28µs s=449
INF http m=GET p=/apple-touch-icon.png s=200 d=37µs s=2298
INF http m=GET p=/assets/material-symbols-names-Dyx5m6Tf.js s=200 d=94µs s=15412
INF http m=GET p=/assets/fr-CgauyyXq.js s=200 d=101µs s=6301
INF http m=GET p=/assets/es-DHO8DnB9.js s=200 d=83µs s=6015
INF http m=GET p=/assets/emoji-groups-BpL1N8nI.js s=200 d=119µs s=13798
INF http m=POST p=/api/v1/workspaces/43LABU6NO000/nodes/43LAC4538000/page/create s=200 d=80.6ms s=26
INF http m=GET p=/w/@43LABU6NO000/@43LAC4R76000 s=200 d=47µs s=532
INF http m=GET p=/api/v1/workspaces/43LABU6NO000/events s=200 d=790ms s=316
INF http m=GET p=/assets/de-qJeflSp6.js s=200 d=81µs s=6245
INF http m=GET p=/assets/WorkspaceSettingsPanel-CeaO382V.css s=200 d=46µs s=1021
INF http m=GET p=/assets/WorkspaceSettingsPanel-C0CeQhf8.js s=200 d=71µs s=4456
INF http m=GET p=/assets/ServerSettingsPanel-DsIxlWdC.css s=200 d=38µs s=593
INF http m=GET p=/assets/ServerSettingsPanel-Cmq42vr7.js s=200 d=41µs s=2538
INF http m=GET p=/api/v1/auth/me s=200 d=1.97ms s=355
INF http m=GET p=/assets/ResourceQuotaForm-Coc__0PE.js s=200 d=34µs s=813
INF http m=GET p=/assets/ResourceQuotaForm-AxNe1Ebg.css s=200 d=35µs s=302
INF http m=GET p=/assets/ProfileSettings-kJBJbTIc.css s=200 d=56µs s=1220
INF http m=GET p=/assets/ProfileSettings-HAdAXUp2.js s=200 d=71µs s=4325
INF http m=GET p=/assets/OrgSettingsPanel-CEubhZUp.css s=200 d=34µs s=509
INF http m=GET p=/api/v1/notifications/unread-count s=200 d=207µs s=25
INF http m=GET p=/api/v1/workspaces/43LABU6NO000/nodes/0/children s=200 d=323µs s=241
INF http m=GET p=/api/v1/workspaces/43LABU6NO000/nodes/43LAC4R76000 s=200 d=269µs s=136
INF http m=GET p=/assets/OrgSettingsPanel-B6q-g6eD.js s=200 d=40µs s=2306
INF http m=GET p=/api/v1/workspaces/43LABU6NO000/members s=200 d=308µs s=121
INF http m=GET p=/assets/InviteForm-fXZCo6g3.js s=200 d=34µs s=1267
INF http m=GET p=/api/v1/workspaces/43LABU6NO000/nodes/43LAC3F4C000/children s=200 d=2.23ms s=144
INF http m=GET p=/assets/InviteForm-CW-wgFWD.css s=200 d=37µs s=414
INF http m=GET p=/api/v1/workspaces/43LABU6NO000/nodes/43LAC4538000 s=200 d=307µs s=123
INF http m=GET p=/assets/Editor-CO3i7Yl7.css s=200 d=69µs s=2237
INF http m=GET p=/api/v1/workspaces/43LABU6NO000/nodes/43LAC3QLK000 s=200 d=350µs s=123
INF http m=GET p=/assets/Editor--AVOgcEK.js s=200 d=62µs s=13498
INF http m=GET p=/assets/AdminDashboard-R0heLGro.css s=200 d=34µs s=601
INF http m=GET p=/assets/AdminDashboard-Cfrr1YY_.js s=200 d=41µs s=2075
INF http m=GET p=/api/v1/workspaces/43LABU6NO000/nodes/43LAC3F4C000 s=200 d=303µs s=129
INF http m=GET p=/manifest.webmanifest s=200 d=28µs s=199
INF http m=GET p=/api/v1/workspaces/43LABU6NO000/nodes/43LAC3QLK000/children s=200 d=621µs s=143
INF http m=GET p=/api/v1/workspaces/43LABU6NO000/nodes/43LAC4538000/children s=200 d=270µs s=144
INF http m=GET p=/api/v1/workspaces/43LABU6NO000/events s=200 d=137ms s=93
INF http m=POST p=/api/v1/organizations/43LAC482Q000/workspaces s=200 d=490ms s=297
INF http m=POST p=/api/v1/auth/switch-workspace s=200 d=84.4ms s=609
INF http m=GET p=/api/v1/notifications/unread-count s=200 d=1.6ms s=25
INF http m=GET p=/api/v1/workspaces/43LAC4R1C000/nodes/0/children s=200 d=420µs s=26
INF http m=GET p=/api/v1/workspaces/43LAC4R1C000/members s=200 d=4.85ms s=126
INF http m=POST p=/api/v1/auth/register s=200 d=159ms s=392
INF http m=GET p=/ s=200 d=54µs s=532
INF http m=POST p=/api/v1/workspaces/43LAC4R1C000/nodes/0/page/create s=200 d=74.4ms s=35
INF http m=GET p=/api/v1/workspaces/43LAC4R1C000/nodes/0/children s=200 d=389µs s=257
INF http m=GET p=/api/v1/workspaces/43LAC4R1C000/nodes/43LAC8MHQ000 s=200 d=365µs s=245
INF http m=GET p=/assets/index-BppjCDFJ.css s=200 d=134µs s=12398
INF http m=GET p=/assets/index-D8rN_C6i.js s=200 d=360µs s=49782
INF http m=GET p=/assets/editor-vendor-DXykusy4.js s=200 d=208µs s=95952
INF http m=GET p=/assets/vendor-Dz6kinLD.js s=200 d=119µs s=27873
INF http m=GET p=/registerSW.js s=200 d=38µs s=87
INF http m=GET p=/api/v1/auth/me s=200 d=208µs s=169
INF http m=GET p=/assets/en-BOb8f2G7.js s=200 d=82µs s=5207
INF http m=GET p=/api/v1/notifications/unread-count s=200 d=183µs s=25
INF http m=GET p=/favicon.png s=200 d=32µs s=449
INF http m=GET p=/sw.js s=200 d=71µs s=5541
INF http m=GET p=/registerSW.js s=200 d=37µs s=87
INF http m=GET p=/index.html s=200 d=45µs s=532
INF http m=GET p=/icon.svg s=200 d=39µs s=195
INF http m=GET p=/icon-512.png s=200 d=99µs s=6498
INF http m=GET p=/icon-192.png s=200 d=56µs s=2468
INF http m=POST p=/api/v1/workspaces/43LAC4R1C000/nodes/0/page/create s=200 d=125ms s=26
INF http m=GET p=/favicon.png s=200 d=40µs s=449
INF http m=GET p=/apple-touch-icon.png s=200 d=37µs s=2298
INF http m=POST p=/api/v1/organizations s=200 d=105ms s=354
INF http m=GET p=/api/v1/auth/me s=200 d=230µs s=253
INF http m=GET p=/assets/material-symbols-names-Dyx5m6Tf.js s=200 d=153µs s=15412
INF http m=GET p=/assets/fr-CgauyyXq.js s=200 d=80µs s=6301
INF http m=GET p=/assets/es-DHO8DnB9.js s=200 d=76µs s=6015
INF http m=POST p=/api/v1/workspaces/43LAC4R1C000/nodes/43LAC9VTC000/page/create s=200 d=79.2ms s=26
INF http m=GET p=/assets/emoji-groups-BpL1N8nI.js s=200 d=93µs s=13798
INF http m=GET p=/assets/de-qJeflSp6.js s=200 d=659µs s=6245
INF http m=GET p=/assets/WorkspaceSettingsPanel-CeaO382V.css s=200 d=25µs s=1021
INF http m=GET p=/assets/WorkspaceSettingsPanel-C0CeQhf8.js s=200 d=64µs s=4456
INF http m=GET p=/assets/ServerSettingsPanel-DsIxlWdC.css s=200 d=29µs s=593
INF http m=GET p=/assets/ServerSettingsPanel-Cmq42vr7.js s=200 d=43µs s=2538
INF http m=GET p=/assets/ResourceQuotaForm-Coc__0PE.js s=200 d=27µs s=813
INF http m=GET p=/assets/ResourceQuotaForm-AxNe1Ebg.css s=200 d=35µs s=302
INF http m=GET p=/assets/ProfileSettings-kJBJbTIc.css s=200 d=29µs s=1220
INF http m=GET p=/assets/ProfileSettings-HAdAXUp2.js s=200 d=80µs s=4325
INF http m=GET p=/assets/OrgSettingsPanel-CEubhZUp.css s=200 d=26µs s=509
INF http m=GET p=/assets/OrgSettingsPanel-B6q-g6eD.js s=200 d=43µs s=2306
INF http m=GET p=/assets/InviteForm-fXZCo6g3.js s=200 d=24µs s=1267
INF http m=GET p=/assets/InviteForm-CW-wgFWD.css s=200 d=29µs s=414
INF http m=GET p=/assets/Editor-CO3i7Yl7.css s=200 d=32µs s=2237
INF http m=GET p=/assets/Editor--AVOgcEK.js s=200 d=86µs s=13498
INF http m=GET p=/assets/AdminDashboard-R0heLGro.css s=200 d=24µs s=601
INF http m=GET p=/assets/AdminDashboard-Cfrr1YY_.js s=200 d=36µs s=2075
INF http m=GET p=/manifest.webmanifest s=200 d=29µs s=199
INF http m=POST p=/api/v1/organizations/43LACA73Q000/workspaces s=200 d=313ms s=304
INF http m=POST p=/api/v1/workspaces/43LAC4R1C000/nodes/43LACAP5E000/page/create s=200 d=258ms s=26
INF http m=GET p=/w/@43LAC4R1C000+workspace/@43LAC8MHQ000+welcome s=200 d=33µs s=532
INF http m=GET p=/api/v1/workspaces/43LAC4R1C000/events s=200 d=701ms s=287
INF http m=POST p=/api/v1/auth/switch-workspace s=200 d=47.6ms s=604
INF http m=GET p=/api/v1/auth/me s=200 d=295µs s=351
INF http m=GET p=/api/v1/workspaces/43LACATOK000/members s=200 d=436µs s=126
INF http m=GET p=/api/v1/notifications/unread-count s=200 d=2.59ms s=25
INF http m=GET p=/api/v1/workspaces/43LACATOK000/nodes/0/children s=200 d=748µs s=26
INF http m=GET p=/api/v1/notifications/unread-count s=200 d=5.02ms s=25
INF http m=GET p=/api/v1/workspaces/43LAC4R1C000/members s=200 d=1.63ms s=126
INF http m=GET p=/api/v1/workspaces/43LAC4R1C000/nodes/43LAC8MHQ000 s=200 d=249µs s=245
INF http m=GET p=/api/v1/workspaces/43LAC4R1C000/nodes/0/children s=200 d=321µs s=251
INF http m=GET p=/api/v1/workspaces/43LAC4R1C000/nodes/43LAC9VTC000/children s=200 d=329µs s=156
INF http m=POST p=/api/v1/workspaces/43LACATOK000/nodes/0/page/create s=200 d=32.3ms s=35
INF http m=GET p=/api/v1/workspaces/43LACATOK000/nodes/0/children s=200 d=285µs s=257
INF http m=GET p=/api/v1/workspaces/43LACATOK000/nodes/43LACDDJO000 s=200 d=244µs s=245
INF http m=GET p=/api/v1/workspaces/43LAC4R1C000/nodes/43LACAP5E000 s=200 d=769µs s=136
INF http m=GET p=/api/v1/workspaces/43LAC4R1C000/nodes/43LAC9VTC000 s=200 d=600µs s=125
INF http m=GET p=/api/v1/workspaces/43LAC4R1C000/nodes/43LACAP5E000/children s=200 d=648µs s=152
INF http m=GET p=/api/v1/workspaces/43LAC4R1C000/nodes/43LACB9TU000 s=200 d=680µs s=143
INF http m=GET p=/api/v1/workspaces/43LAC4R1C000/nodes/43LACAP5E000 s=200 d=605µs s=136
INF http m=GET p=/api/v1/workspaces/43LAC4R1C000/nodes/43LAC9VTC000 s=200 d=527µs s=125
INF http m=POST p=/api/v1/workspaces/43LACATOK000/nodes/0/page/create s=200 d=16.3ms s=26
INF http m=GET p=/w/@43LACATOK000+workspace/@43LACDDJO000+welcome s=200 d=86µs s=532
INF http m=GET p=/api/v1/workspaces/43LACATOK000/events s=200 d=443ms s=233
INF http m=GET p=/api/v1/auth/me s=200 d=762µs s=354
INF http m=GET p=/api/v1/workspaces/43LAC4R1C000/nodes/43LAC9VTC000 s=200 d=1.37ms s=125
INF http m=GET p=/api/v1/notifications/unread-count s=200 d=182µs s=25
INF http m=GET p=/api/v1/workspaces/43LACATOK000/nodes/43LACDDJO000 s=200 d=722µs s=245
INF http m=GET p=/api/v1/workspaces/43LACATOK000/members s=200 d=2.73ms s=126
INF http m=GET p=/api/v1/workspaces/43LACATOK000/nodes/0/children s=200 d=7.15ms s=284
INF http m=GET p=/api/v1/workspaces/43LAC4R1C000/events s=200 d=526ms s=93
INF http m=GET p=/api/v1/workspaces/43LACATOK000/nodes/43LACFQT4000 s=200 d=359µs s=179
INF http m=GET p=/api/v1/workspaces/43LACATOK000/events s=200 d=239ms s=93
INF http m=POST p=/api/v1/auth/register s=200 d=178ms s=394
INF http m=GET p=/ s=200 d=63µs s=532
INF http m=GET p=/assets/index-D8rN_C6i.js s=200 d=339µs s=49782
INF http m=GET p=/assets/editor-vendor-DXykusy4.js s=200 d=198µs s=95952
INF http m=GET p=/assets/index-BppjCDFJ.css s=200 d=114µs s=12398
INF http m=GET p=/assets/vendor-Dz6kinLD.js s=200 d=118µs s=27873
INF http m=GET p=/registerSW.js s=200 d=51µs s=87
INF http m=GET p=/api/v1/auth/me s=200 d=3.03ms s=164
INF http m=GET p=/assets/en-BOb8f2G7.js s=200 d=119µs s=5207
INF http m=GET p=/favicon.png s=200 d=41µs s=449
INF http m=GET p=/api/v1/notifications/unread-count s=200 d=194µs s=25
INF http m=GET p=/sw.js s=200 d=95µs s=5541
INF http m=POST p=/api/v1/auth/register s=200 d=200ms s=395
INF http m=GET p=/registerSW.js s=200 d=36µs s=87
INF http m=GET p=/ s=200 d=55µs s=532
INF http m=GET p=/index.html s=200 d=4.36ms s=532
INF http m=GET p=/icon.svg s=200 d=38µs s=195
INF http m=GET p=/icon-512.png s=200 d=124µs s=6498
INF http m=GET p=/assets/index-D8rN_C6i.js s=200 d=154µs s=49782
INF http m=GET p=/assets/index-BppjCDFJ.css s=200 d=112µs s=12398
INF http m=GET p=/assets/editor-vendor-DXykusy4.js s=200 d=132µs s=95952
INF http m=GET p=/assets/vendor-Dz6kinLD.js s=200 d=88µs s=27873
INF http m=GET p=/icon-192.png s=200 d=2.72ms s=2468
INF http m=GET p=/favicon.png s=200 d=49µs s=449
INF http m=GET p=/registerSW.js s=200 d=41µs s=87
INF http m=GET p=/apple-touch-icon.png s=200 d=44µs s=2298
INF http m=GET p=/assets/material-symbols-names-Dyx5m6Tf.js s=200 d=107µs s=15412
INF http m=POST p=/api/v1/organizations s=200 d=229ms s=350
INF http m=GET p=/assets/en-BOb8f2G7.js s=200 d=163µs s=5207
INF http m=GET p=/api/v1/auth/me s=200 d=371µs s=168
INF http m=GET p=/api/v1/auth/me s=200 d=28.1ms s=251
INF http m=GET p=/assets/fr-CgauyyXq.js s=200 d=115µs s=6301
INF http m=GET p=/api/v1/notifications/unread-count s=200 d=170µs s=25
INF http m=GET p=/assets/es-DHO8DnB9.js s=200 d=94µs s=6015
INF http m=GET p=/favicon.png s=200 d=41µs s=449
INF http m=GET p=/sw.js s=200 d=104µs s=5541
INF http m=GET p=/assets/emoji-groups-BpL1N8nI.js s=200 d=113µs s=13798
INF http m=GET p=/registerSW.js s=200 d=235µs s=87
INF http m=GET p=/index.html s=200 d=43µs s=532
INF http m=GET p=/icon.svg s=200 d=47µs s=195
INF http m=GET p=/assets/de-qJeflSp6.js s=200 d=94µs s=6245
INF http m=GET p=/assets/WorkspaceSettingsPanel-CeaO382V.css s=200 d=49µs s=1021
INF http m=GET p=/icon-512.png s=200 d=356µs s=6498
INF http m=GET p=/icon-192.png s=200 d=251µs s=2468
INF http m=GET p=/assets/WorkspaceSettingsPanel-C0CeQhf8.js s=200 d=69µs s=4456
INF http m=GET p=/favicon.png s=200 d=45µs s=449
INF http m=GET p=/assets/ServerSettingsPanel-DsIxlWdC.css s=200 d=43µs s=593
INF http m=GET p=/apple-touch-icon.png s=200 d=44µs s=2298
INF http m=POST p=/api/v1/organizations s=200 d=148ms s=354
INF http m=GET p=/assets/ServerSettingsPanel-Cmq42vr7.js s=200 d=118µs s=2538
INF http m=GET p=/api/v1/auth/me s=200 d=752µs s=252
INF http m=GET p=/assets/ResourceQuotaForm-Coc__0PE.js s=200 d=29µs s=813
INF http m=GET p=/assets/material-symbols-names-Dyx5m6Tf.js s=200 d=108µs s=15412
INF http m=GET p=/assets/ResourceQuotaForm-AxNe1Ebg.css s=200 d=51µs s=302
INF http m=GET p=/assets/ProfileSettings-kJBJbTIc.css s=200 d=41µs s=1220
INF http m=GET p=/assets/ProfileSettings-HAdAXUp2.js s=200 d=73µs s=4325
INF http m=GET p=/assets/OrgSettingsPanel-CEubhZUp.css s=200 d=69µs s=509
INF http m=GET p=/assets/OrgSettingsPanel-B6q-g6eD.js s=200 d=48µs s=2306
INF http m=GET p=/assets/fr-CgauyyXq.js s=200 d=77µs s=6301
INF http m=GET p=/assets/InviteForm-fXZCo6g3.js s=200 d=35µs s=1267
INF http m=GET p=/assets/es-DHO8DnB9.js s=200 d=66µs s=6015
INF http m=GET p=/assets/InviteForm-CW-wgFWD.css s=200 d=47µs s=414
INF http m=GET p=/assets/Editor-CO3i7Yl7.css s=200 d=38µs s=2237
INF http m=GET p=/assets/emoji-groups-BpL1N8nI.js s=200 d=191µs s=13798
INF http m=GET p=/assets/Editor--AVOgcEK.js s=200 d=115µs s=13498
INF http m=GET p=/assets/AdminDashboard-R0heLGro.css s=200 d=69µs s=601
INF http m=GET p=/assets/AdminDashboard-Cfrr1YY_.js s=200 d=52µs s=2075
INF http m=GET p=/manifest.webmanifest s=200 d=36µs s=199
INF http m=GET p=/assets/de-qJeflSp6.js s=200 d=105µs s=6245
INF http m=GET p=/assets/WorkspaceSettingsPanel-CeaO382V.css s=200 d=36µs s=1021
INF http m=GET p=/assets/WorkspaceSettingsPanel-C0CeQhf8.js s=200 d=78µs s=4456
INF http m=GET p=/assets/ServerSettingsPanel-DsIxlWdC.css s=200 d=35µs s=593
INF http m=GET p=/assets/ServerSettingsPanel-Cmq42vr7.js s=200 d=41µs s=2538
INF http m=GET p=/assets/ResourceQuotaForm-Coc__0PE.js s=200 d=27µs s=813
INF http m=GET p=/assets/ResourceQuotaForm-AxNe1Ebg.css s=200 d=31µs s=302
INF http m=GET p=/assets/ProfileSettings-kJBJbTIc.css s=200 d=30µs s=1220
INF http m=GET p=/assets/ProfileSettings-HAdAXUp2.js s=200 d=57µs s=4325
INF http m=GET p=/assets/OrgSettingsPanel-CEubhZUp.css s=200 d=20µs s=509
INF http m=GET p=/assets/OrgSettingsPanel-B6q-g6eD.js s=200 d=38µs s=2306
INF http m=GET p=/assets/InviteForm-fXZCo6g3.js s=200 d=25µs s=1267
INF http m=GET p=/assets/InviteForm-CW-wgFWD.css s=200 d=38µs s=414
INF http m=GET p=/assets/Editor-CO3i7Yl7.css s=200 d=49µs s=2237
INF http m=GET p=/assets/Editor--AVOgcEK.js s=200 d=90µs s=13498
INF http m=GET p=/assets/AdminDashboard-R0heLGro.css s=200 d=65µs s=601
INF http m=GET p=/assets/AdminDashboard-Cfrr1YY_.js s=200 d=64µs s=2075
INF http m=GET p=/manifest.webmanifest s=200 d=32µs s=199
INF http m=POST p=/api/v1/organizations/43LACKC86000/workspaces s=200 d=561ms s=300
INF http m=POST p=/api/v1/organizations/43LACM4U4000/workspaces s=200 d=640ms s=299
INF http m=POST p=/api/v1/auth/switch-workspace s=200 d=267ms s=607
INF http m=GET p=/api/v1/workspaces/43LACM01U000/nodes/0/children s=200 d=530µs s=26
INF http m=GET p=/api/v1/workspaces/43LACM01U000/members s=200 d=11.8ms s=126
INF http m=GET p=/api/v1/notifications/unread-count s=200 d=16.7ms s=25
INF http m=POST p=/api/v1/auth/switch-workspace s=200 d=57.1ms s=579
INF http m=POST p=/api/v1/workspaces/43LACM01U000/nodes/0/page/create s=200 d=37.2ms s=35
INF http m=GET p=/api/v1/notifications/unread-count s=200 d=244µs s=25
INF http m=GET p=/api/v1/workspaces/43LACM01U000/nodes/0/children s=200 d=1.47ms s=257
INF http m=GET p=/api/v1/workspaces/43LACN45K000/nodes/0/children s=200 d=414µs s=26
INF http m=GET p=/api/v1/workspaces/43LACN45K000/members s=200 d=556µs s=132
INF http m=GET p=/api/v1/workspaces/43LACM01U000/nodes/43LACR7KA000 s=200 d=326µs s=245
INF http m=POST p=/api/v1/workspaces/43LACN45K000/nodes/0/page/create s=200 d=25.5ms s=35
INF http m=GET p=/api/v1/workspaces/43LACN45K000/nodes/0/children s=200 d=691µs s=257
INF http m=GET p=/api/v1/workspaces/43LACN45K000/nodes/43LACRH0I000 s=200 d=842µs s=245
INF http m=POST p=/api/v1/workspaces/43LACN45K000/nodes/0/page/create s=200 d=19.4ms s=26
INF http m=GET p=/w/@43LACN45K000+workspace/@43LACRH0I000+welcome s=200 d=84µs s=532
INF http m=GET p=/api/v1/workspaces/43LACN45K000/events s=200 d=110ms s=232
INF http m=GET p=/api/v1/auth/me s=200 d=866µs s=352
INF http m=GET p=/api/v1/workspaces/43LACN45K000/members s=200 d=805µs s=132
INF http m=GET p=/api/v1/workspaces/43LACN45K000/nodes/43LACRH0I000 s=200 d=794µs s=245
INF http m=GET p=/api/v1/workspaces/43LACN45K000/nodes/0/children s=200 d=886µs s=275
INF http m=GET p=/api/v1/notifications/unread-count s=200 d=2.17ms s=25
INF http m=GET p=/api/v1/workspaces/43LACN45K000/nodes/43LACRVN8000 s=200 d=352µs s=167
INF http m=GET p=/api/v1/workspaces/43LACN45K000/events s=200 d=139ms s=93
INF http m=POST p=/api/v1/auth/register s=200 d=160ms s=388
INF http m=GET p=/ s=200 d=55µs s=532
INF http m=GET p=/assets/index-D8rN_C6i.js s=200 d=125µs s=49782
INF http m=GET p=/assets/index-BppjCDFJ.css s=200 d=118µs s=12398
INF http m=GET p=/assets/editor-vendor-DXykusy4.js s=200 d=149µs s=95952
INF http m=GET p=/assets/vendor-Dz6kinLD.js s=200 d=118µs s=27873
INF http m=GET p=/registerSW.js s=200 d=57µs s=87
INF http m=GET p=/api/v1/auth/me s=200 d=262µs s=166
INF http m=GET p=/assets/en-BOb8f2G7.js s=200 d=70µs s=5207
INF http m=POST p=/api/v1/workspaces/43LACM01U000/nodes/0/page/create s=200 d=35.3ms s=26
INF http m=GET p=/api/v1/notifications/unread-count s=200 d=193µs s=25
INF http m=GET p=/w/@43LACM01U000+workspace/@43LACR7KA000+welcome s=200 d=49µs s=532
INF http m=GET p=/favicon.png s=200 d=23µs s=449
INF http m=GET p=/api/v1/workspaces/43LACM01U000/events s=200 d=866ms s=238
INF http m=GET p=/sw.js s=200 d=125µs s=5541
INF http m=GET p=/registerSW.js s=200 d=38µs s=87
INF http m=GET p=/index.html s=200 d=39µs s=532
INF http m=GET p=/icon.svg s=200 d=26µs s=195
INF http m=GET p=/icon-512.png s=200 d=92µs s=6498
INF http m=POST p=/api/v1/organizations s=200 d=88.8ms s=350
INF http m=GET p=/icon-192.png s=200 d=34µs s=2468
INF http m=GET p=/api/v1/auth/me s=200 d=500µs s=252
INF http m=GET p=/favicon.png s=200 d=25µs s=449
INF http m=GET p=/api/v1/auth/me s=200 d=451µs s=351
INF http m=GET p=/apple-touch-icon.png s=200 d=36µs s=2298
INF http m=GET p=/assets/material-symbols-names-Dyx5m6Tf.js s=200 d=91µs s=15412
INF http m=GET p=/assets/fr-CgauyyXq.js s=200 d=90µs s=6301
INF http m=GET p=/api/v1/notifications/unread-count s=200 d=1.04ms s=25
INF http m=GET p=/api/v1/workspaces/43LACM01U000/nodes/0/children s=200 d=809µs s=242
INF http m=GET p=/api/v1/workspaces/43LACM01U000/nodes/43LACR7KA000 s=200 d=3.22ms s=245
INF http m=GET p=/api/v1/workspaces/43LACM01U000/members s=200 d=8.19ms s=126
INF http m=GET p=/assets/es-DHO8DnB9.js s=200 d=137µs s=6015
INF http m=GET p=/assets/emoji-groups-BpL1N8nI.js s=200 d=590µs s=13798
INF http m=GET p=/assets/de-qJeflSp6.js s=200 d=1.07ms s=6245
INF http m=GET p=/assets/WorkspaceSettingsPanel-CeaO382V.css s=200 d=33µs s=1021
INF http m=GET p=/api/v1/workspaces/43LACM01U000/nodes/43LAD05HU000 s=200 d=316µs s=138
INF http m=GET p=/assets/WorkspaceSettingsPanel-C0CeQhf8.js s=200 d=64µs s=4456
INF http m=GET p=/assets/ServerSettingsPanel-DsIxlWdC.css s=200 d=34µs s=593
INF http m=GET p=/assets/ServerSettingsPanel-Cmq42vr7.js s=200 d=52µs s=2538
INF http m=GET p=/assets/ResourceQuotaForm-Coc__0PE.js s=200 d=40µs s=813
INF http m=GET p=/assets/ResourceQuotaForm-AxNe1Ebg.css s=200 d=38µs s=302
INF http m=GET p=/assets/ProfileSettings-kJBJbTIc.css s=200 d=33µs s=1220
INF http m=GET p=/assets/ProfileSettings-HAdAXUp2.js s=200 d=61µs s=4325
INF http m=GET p=/assets/OrgSettingsPanel-CEubhZUp.css s=200 d=26µs s=509
INF http m=GET p=/assets/OrgSettingsPanel-B6q-g6eD.js s=200 d=40µs s=2306
INF http m=GET p=/assets/InviteForm-fXZCo6g3.js s=200 d=25µs s=1267
INF http m=GET p=/assets/InviteForm-CW-wgFWD.css s=200 d=25µs s=414
INF http m=GET p=/assets/Editor-CO3i7Yl7.css s=200 d=62µs s=2237
INF http m=GET p=/assets/Editor--AVOgcEK.js s=200 d=83µs s=13498
INF http m=GET p=/assets/AdminDashboard-R0heLGro.css s=200 d=27µs s=601
INF http m=GET p=/assets/AdminDashboard-Cfrr1YY_.js s=200 d=39µs s=2075
INF http m=GET p=/manifest.webmanifest s=200 d=27µs s=199
INF http m=POST p=/api/v1/organizations/43LAD0FLC000/workspaces s=200 d=423ms s=294
INF http m=POST p=/api/v1/auth/switch-workspace s=200 d=43.7ms s=610
INF http m=GET p=/api/v1/notifications/unread-count s=200 d=201µs s=25
INF http m=GET p=/api/v1/workspaces/43LAD125C000/members s=200 d=142µs s=124
INF http m=GET p=/api/v1/workspaces/43LAD125C000/nodes/0/children s=200 d=678µs s=26
INF http m=POST p=/api/v1/workspaces/43LAD125C000/nodes/0/page/create s=200 d=25ms s=35
INF http m=GET p=/api/v1/workspaces/43LAD125C000/nodes/0/children s=200 d=265µs s=257
INF http m=GET p=/api/v1/workspaces/43LAD125C000/nodes/43LAD41UK000 s=200 d=238µs s=245
INF http m=GET p=/api/v1/workspaces/43LACM01U000/events s=200 d=647ms s=93
INF http m=POST p=/api/v1/workspaces/43LAD125C000/nodes/0/page/create s=200 d=32.4ms s=26
INF http m=GET p=/w/@43LAD125C000+workspace/@43LAD41UK000+welcome s=200 d=46µs s=532
INF http m=GET p=/api/v1/workspaces/43LAD125C000/events s=200 d=398ms s=231
INF http m=GET p=/api/v1/auth/me s=200 d=256µs s=355
INF http m=GET p=/api/v1/workspaces/43LAD125C000/members s=200 d=145µs s=124
INF http m=GET p=/api/v1/workspaces/43LAD125C000/nodes/0/children s=200 d=273µs s=233
INF http m=GET p=/api/v1/workspaces/43LAD125C000/nodes/43LAD41UK000 s=200 d=270µs s=245
INF http m=GET p=/api/v1/notifications/unread-count s=200 d=3.06ms s=25
INF http m=POST p=/api/v1/auth/register s=200 d=214ms s=396
INF http m=GET p=/ s=200 d=44µs s=532
INF http m=GET p=/assets/index-D8rN_C6i.js s=200 d=153µs s=49782
INF http m=GET p=/assets/index-BppjCDFJ.css s=200 d=144µs s=12398
INF http m=GET p=/api/v1/workspaces/43LAD125C000/nodes/43LAD65UK000 s=200 d=2.52ms s=141
INF http m=GET p=/registerSW.js s=200 d=63µs s=87
INF http m=GET p=/assets/editor-vendor-DXykusy4.js s=200 d=162µs s=95952
INF http m=GET p=/assets/vendor-Dz6kinLD.js s=200 d=96µs s=27873
INF http m=GET p=/api/v1/auth/me s=200 d=330µs s=168
INF http m=GET p=/assets/en-BOb8f2G7.js s=200 d=83µs s=5207
INF http m=GET p=/favicon.png s=200 d=42µs s=449
INF http m=GET p=/api/v1/notifications/unread-count s=200 d=245µs s=25
INF http m=GET p=/sw.js s=200 d=71µs s=5541
INF http m=GET p=/registerSW.js s=200 d=34µs s=87
INF http m=GET p=/index.html s=200 d=42µs s=532
INF http m=GET p=/icon.svg s=200 d=29µs s=195
INF http m=GET p=/icon-512.png s=200 d=74µs s=6498
INF http m=GET p=/icon-192.png s=200 d=54µs s=2468
INF http m=GET p=/favicon.png s=200 d=28µs s=449
INF http m=GET p=/apple-touch-icon.png s=200 d=51µs s=2298
INF http m=POST p=/api/v1/organizations s=200 d=99.7ms s=352
INF http m=GET p=/api/v1/auth/me s=200 d=260µs s=252
INF http m=GET p=/assets/material-symbols-names-Dyx5m6Tf.js s=200 d=87µs s=15412
INF http m=GET p=/assets/fr-CgauyyXq.js s=200 d=77µs s=6301
INF http m=GET p=/assets/es-DHO8DnB9.js s=200 d=82µs s=6015
INF http m=GET p=/assets/emoji-groups-BpL1N8nI.js s=200 d=100µs s=13798
INF http m=GET p=/assets/de-qJeflSp6.js s=200 d=84µs s=6245
INF http m=GET p=/assets/WorkspaceSettingsPanel-CeaO382V.css s=200 d=38µs s=1021
INF http m=GET p=/assets/WorkspaceSettingsPanel-C0CeQhf8.js s=200 d=78µs s=4456
INF http m=GET p=/assets/ServerSettingsPanel-DsIxlWdC.css s=200 d=41µs s=593
INF http m=GET p=/assets/ServerSettingsPanel-Cmq42vr7.js s=200 d=46µs s=2538
INF http m=GET p=/assets/ResourceQuotaForm-Coc__0PE.js s=200 d=37µs s=813
INF http m=GET p=/assets/ResourceQuotaForm-AxNe1Ebg.css s=200 d=35µs s=302
INF http m=GET p=/assets/ProfileSettings-kJBJbTIc.css s=200 d=36µs s=1220
INF http m=GET p=/assets/ProfileSettings-HAdAXUp2.js s=200 d=66µs s=4325
INF http m=GET p=/assets/OrgSettingsPanel-CEubhZUp.css s=200 d=29µs s=509
INF http m=GET p=/assets/OrgSettingsPanel-B6q-g6eD.js s=200 d=37µs s=2306
INF http m=GET p=/assets/InviteForm-fXZCo6g3.js s=200 d=27µs s=1267
INF http m=GET p=/assets/InviteForm-CW-wgFWD.css s=200 d=32µs s=414
INF http m=GET p=/assets/Editor-CO3i7Yl7.css s=200 d=29µs s=2237
INF http m=GET p=/assets/Editor--AVOgcEK.js s=200 d=84µs s=13498
INF http m=GET p=/assets/AdminDashboard-R0heLGro.css s=200 d=31µs s=601
INF http m=GET p=/assets/AdminDashboard-Cfrr1YY_.js s=200 d=37µs s=2075
INF http m=GET p=/manifest.webmanifest s=200 d=26µs s=199
INF http m=POST p=/api/v1/organizations/43LAD8MHU000/workspaces s=200 d=399ms s=301
INF http m=POST p=/api/v1/auth/switch-workspace s=200 d=44.8ms s=572
INF http m=GET p=/api/v1/notifications/unread-count s=200 d=177µs s=25
INF http m=GET p=/api/v1/workspaces/43LAD9C64000/nodes/0/children s=200 d=1.93ms s=26
INF http m=GET p=/api/v1/workspaces/43LAD9C64000/members s=200 d=1.41ms s=130
INF http m=POST p=/api/v1/workspaces/43LAD9C64000/nodes/0/page/create s=200 d=21.6ms s=35
INF http m=GET p=/api/v1/workspaces/43LAD9C64000/nodes/0/children s=200 d=555µs s=257
INF http m=GET p=/api/v1/workspaces/43LAD9C64000/nodes/43LADC8JK000 s=200 d=253µs s=245
INF http m=POST p=/api/v1/workspaces/43LAD9C64000/nodes/0/page/create s=200 d=15.4ms s=26
INF http m=GET p=/w/@43LAD9C64000+workspace/@43LADC8JK000+welcome s=200 d=35µs s=532
INF http m=GET p=/api/v1/workspaces/43LAD9C64000/events s=200 d=346ms s=233
INF http m=GET p=/api/v1/auth/me s=200 d=298µs s=353
INF http m=GET p=/api/v1/notifications/unread-count s=200 d=201µs s=25
INF http m=GET p=/api/v1/workspaces/43LAD9C64000/members s=200 d=145µs s=130
INF http m=GET p=/api/v1/workspaces/43LAD9C64000/nodes/0/children s=200 d=831µs s=265
INF http m=GET p=/api/v1/workspaces/43LAD9C64000/nodes/43LADC8JK000 s=200 d=756µs s=245
INF http m=GET p=/api/v1/workspaces/43LAD9C64000/nodes/43LADE7FI000 s=200 d=576µs s=165
INF http m=GET p=/api/v1/workspaces/43LAD125C000/events s=200 d=1.36s s=93
INF http m=POST p=/api/v1/auth/register s=200 d=157ms s=394
INF http m=GET p=/ s=200 d=63µs s=532
INF http m=GET p=/assets/index-D8rN_C6i.js s=200 d=171µs s=49782
INF http m=GET p=/registerSW.js s=200 d=40µs s=87
INF http m=GET p=/assets/vendor-Dz6kinLD.js s=200 d=180µs s=27873
INF http m=GET p=/assets/editor-vendor-DXykusy4.js s=200 d=165µs s=95952
INF http m=GET p=/assets/index-BppjCDFJ.css s=200 d=118µs s=12398
INF http m=GET p=/assets/en-BOb8f2G7.js s=200 d=117µs s=5207
INF http m=GET p=/api/v1/auth/me s=200 d=3.07ms s=170
INF http m=GET p=/api/v1/notifications/unread-count s=200 d=240µs s=25
INF http m=GET p=/favicon.png s=200 d=40µs s=449
INF http m=GET p=/sw.js s=200 d=89µs s=5541
INF http m=GET p=/registerSW.js s=200 d=37µs s=87
INF http m=GET p=/index.html s=200 d=38µs s=532
INF http m=GET p=/icon.svg s=200 d=34µs s=195
INF http m=POST p=/api/v1/organizations s=200 d=97.2ms s=354
INF http m=GET p=/api/v1/auth/me s=200 d=215µs s=252
INF http m=GET p=/icon-512.png s=200 d=75µs s=6498
INF http m=GET p=/icon-192.png s=200 d=51µs s=2468
INF http m=GET p=/favicon.png s=200 d=56µs s=449
INF http m=GET p=/apple-touch-icon.png s=200 d=110µs s=2298
INF http m=GET p=/assets/material-symbols-names-Dyx5m6Tf.js s=200 d=114µs s=15412
INF http m=GET p=/api/v1/workspaces/43LAD9C64000/events s=200 d=813ms s=93
INF http m=GET p=/assets/fr-CgauyyXq.js s=200 d=91µs s=6301
INF http m=GET p=/assets/es-DHO8DnB9.js s=200 d=80µs s=6015
INF http m=GET p=/assets/emoji-groups-BpL1N8nI.js s=200 d=98µs s=13798
INF http m=GET p=/assets/de-qJeflSp6.js s=200 d=92µs s=6245
INF http m=GET p=/assets/WorkspaceSettingsPanel-CeaO382V.css s=200 d=41µs s=1021
INF http m=GET p=/assets/WorkspaceSettingsPanel-C0CeQhf8.js s=200 d=90µs s=4456
INF http m=GET p=/assets/ServerSettingsPanel-DsIxlWdC.css s=200 d=45µs s=593
INF http m=GET p=/assets/ServerSettingsPanel-Cmq42vr7.js s=200 d=45µs s=2538
INF http m=GET p=/assets/ResourceQuotaForm-Coc__0PE.js s=200 d=41µs s=813
INF http m=GET p=/assets/ResourceQuotaForm-AxNe1Ebg.css s=200 d=37µs s=302
INF http m=GET p=/assets/ProfileSettings-kJBJbTIc.css s=200 d=43µs s=1220
INF http m=GET p=/assets/ProfileSettings-HAdAXUp2.js s=200 d=88µs s=4325
INF http m=GET p=/assets/OrgSettingsPanel-CEubhZUp.css s=200 d=33µs s=509
INF http m=GET p=/assets/OrgSettingsPanel-B6q-g6eD.js s=200 d=58µs s=2306
INF http m=GET p=/assets/InviteForm-fXZCo6g3.js s=200 d=44µs s=1267
INF http m=GET p=/assets/InviteForm-CW-wgFWD.css s=200 d=32µs s=414
INF http m=GET p=/assets/Editor-CO3i7Yl7.css s=200 d=42µs s=2237
INF http m=GET p=/assets/Editor--AVOgcEK.js s=200 d=71µs s=13498
INF http m=GET p=/assets/AdminDashboard-R0heLGro.css s=200 d=31µs s=601
INF http m=GET p=/assets/AdminDashboard-Cfrr1YY_.js s=200 d=59µs s=2075
INF http m=GET p=/manifest.webmanifest s=200 d=31µs s=199
INF http m=POST p=/api/v1/organizations/43LADILBO000/workspaces s=200 d=573ms s=300
INF http m=POST p=/api/v1/auth/register s=200 d=325ms s=396
INF http m=GET p=/ s=200 d=52µs s=532
INF http m=GET p=/assets/index-D8rN_C6i.js s=200 d=180µs s=49782
INF http m=GET p=/assets/index-BppjCDFJ.css s=200 d=101µs s=12398
INF http m=GET p=/assets/editor-vendor-DXykusy4.js s=200 d=184µs s=95952
INF http m=GET p=/assets/vendor-Dz6kinLD.js s=200 d=147µs s=27873
INF http m=GET p=/registerSW.js s=200 d=37µs s=87
INF http m=POST p=/api/v1/auth/switch-workspace s=200 d=81.7ms s=586
INF http m=GET p=/api/v1/workspaces/43LADJABQ000/nodes/0/children s=200 d=694µs s=26
INF http m=GET p=/api/v1/workspaces/43LADJABQ000/members s=200 d=527µs s=132
INF http m=GET p=/api/v1/notifications/unread-count s=200 d=4.74ms s=25
INF http m=POST p=/api/v1/workspaces/43LADJABQ000/nodes/0/page/create s=200 d=34.6ms s=35
INF http m=GET p=/api/v1/auth/me s=200 d=281µs s=170
INF http m=GET p=/assets/en-BOb8f2G7.js s=200 d=100µs s=5207
INF http m=GET p=/api/v1/workspaces/43LADJABQ000/nodes/0/children s=200 d=365µs s=257
INF http m=GET p=/api/v1/notifications/unread-count s=200 d=144µs s=25
INF http m=GET p=/favicon.png s=200 d=38µs s=449
INF http m=GET p=/api/v1/workspaces/43LADJABQ000/nodes/43LADNIMO000 s=200 d=298µs s=245
INF http m=GET p=/sw.js s=200 d=97µs s=5541
INF http m=GET p=/registerSW.js s=200 d=77µs s=87
INF http m=GET p=/index.html s=200 d=37µs s=532
INF http m=GET p=/icon.svg s=200 d=60µs s=195
INF http m=GET p=/icon-512.png s=200 d=78µs s=6498
INF http m=GET p=/icon-192.png s=200 d=55µs s=2468
INF http m=GET p=/favicon.png s=200 d=37µs s=449
INF http m=POST p=/api/v1/organizations s=200 d=82.4ms s=357
INF http m=GET p=/api/v1/auth/me s=200 d=679µs s=256
INF http m=GET p=/apple-touch-icon.png s=200 d=34µs s=2298
INF http m=GET p=/assets/material-symbols-names-Dyx5m6Tf.js s=200 d=588µs s=15412
INF http m=GET p=/assets/fr-CgauyyXq.js s=200 d=96µs s=6301
INF http m=GET p=/assets/es-DHO8DnB9.js s=200 d=89µs s=6015
INF http m=GET p=/assets/emoji-groups-BpL1N8nI.js s=200 d=167µs s=13798
INF http m=POST p=/api/v1/workspaces/43LADJABQ000/nodes/0/page/create s=200 d=82.9ms s=26
INF http m=GET p=/w/@43LADJABQ000+workspace/@43LADNIMO000+welcome s=200 d=40µs s=532
INF http m=GET p=/api/v1/workspaces/43LADJABQ000/events s=200 d=233ms s=233
INF http m=GET p=/assets/de-qJeflSp6.js s=200 d=105µs s=6245
INF http m=GET p=/assets/WorkspaceSettingsPanel-CeaO382V.css s=200 d=45µs s=1021
INF http m=GET p=/assets/WorkspaceSettingsPanel-C0CeQhf8.js s=200 d=82µs s=4456
INF http m=GET p=/assets/ServerSettingsPanel-DsIxlWdC.css s=200 d=38µs s=593
INF http m=GET p=/assets/ServerSettingsPanel-Cmq42vr7.js s=200 d=47µs s=2538
INF http m=GET p=/api/v1/auth/me s=200 d=264µs s=354
INF http m=GET p=/assets/ResourceQuotaForm-Coc__0PE.js s=200 d=43µs s=813
INF http m=GET p=/assets/ResourceQuotaForm-AxNe1Ebg.css s=200 d=33µs s=302
INF http m=GET p=/assets/ProfileSettings-kJBJbTIc.css s=200 d=54µs s=1220
INF http m=GET p=/assets/ProfileSettings-HAdAXUp2.js s=200 d=82µs s=4325
INF http m=GET p=/assets/OrgSettingsPanel-CEubhZUp.css s=200 d=42µs s=509
INF http m=GET p=/api/v1/notifications/unread-count s=200 d=204µs s=25
INF http m=GET p=/api/v1/workspaces/43LADJABQ000/nodes/0/children s=200 d=369µs s=232
INF http m=GET p=/api/v1/workspaces/43LADJABQ000/members s=200 d=165µs s=132
INF http m=GET p=/api/v1/workspaces/43LADJABQ000/nodes/43LADNIMO000 s=200 d=226µs s=245
INF http m=GET p=/assets/OrgSettingsPanel-B6q-g6eD.js s=200 d=86µs s=2306
INF http m=GET p=/assets/InviteForm-fXZCo6g3.js s=200 d=56µs s=1267
INF http m=GET p=/assets/InviteForm-CW-wgFWD.css s=200 d=47µs s=414
INF http m=GET p=/assets/Editor-CO3i7Yl7.css s=200 d=64µs s=2237
INF http m=GET p=/assets/Editor--AVOgcEK.js s=200 d=106µs s=13498
INF http m=GET p=/assets/AdminDashboard-R0heLGro.css s=200 d=43µs s=601
INF http m=GET p=/assets/AdminDashboard-Cfrr1YY_.js s=200 d=42µs s=2075
INF http m=GET p=/manifest.webmanifest s=200 d=25µs s=199
INF http m=GET p=/api/v1/workspaces/43LADJABQ000/nodes/43LADOC24000 s=200 d=336µs s=132
INF http m=POST p=/api/v1/organizations/43LADNSC2000/workspaces s=200 d=454ms s=304
INF http m=POST p=/api/v1/workspaces/43LADJABQ000/nodes/43LADOC24000/page/create s=200 d=58.9ms s=35
INF http m=GET p=/api/v1/workspaces/43LADJABQ000/nodes/43LADOC24000/children s=200 d=689µs s=135
INF http m=GET p=/api/v1/workspaces/43LADJABQ000/nodes/43LADR2GG000 s=200 d=1.12ms s=154
INF http m=GET p=/api/v1/workspaces/43LADJABQ000/nodes/43LADOC24000 s=200 d=431µs s=181
INF http m=GET p=/api/v1/workspaces/43LADJABQ000/nodes/43LADOC24000 s=200 d=2.42ms s=181
INF http m=GET p=/api/v1/workspaces/43LADJABQ000/nodes/titles s=200 d=271µs s=52
INF http m=GET p=/api/v1/workspaces/43LADJABQ000/nodes/43LADR2GG000 s=200 d=594µs s=154
INF http m=GET p=/api/v1/workspaces/43LADJABQ000/nodes/43LADOC24000 s=200 d=422µs s=181
INF http m=POST p=/api/v1/auth/switch-workspace s=200 d=93ms s=578
INF http m=POST p=/api/v1/workspaces/43LADJABQ000/nodes/43LADOC24000/page s=200 d=59.2ms s=35
INF http m=GET p=/api/v1/notifications/unread-count s=200 d=593µs s=25
INF http m=GET p=/api/v1/workspaces/43LADOE44000/nodes/0/children s=200 d=3.69ms s=26
INF http m=GET p=/api/v1/workspaces/43LADOE44000/members s=200 d=3.32ms s=127
INF http m=POST p=/api/v1/workspaces/43LADOE44000/nodes/0/page/create s=200 d=23.1ms s=35
INF http m=GET p=/api/v1/workspaces/43LADOE44000/nodes/0/children s=200 d=305µs s=257
INF http m=GET p=/api/v1/workspaces/43LADOE44000/nodes/43LADRV20000 s=200 d=280µs s=245
INF http m=GET p=/api/v1/workspaces/43LADJABQ000/nodes/43LADOC24000 s=200 d=344µs s=181
INF http m=GET p=/api/v1/workspaces/43LADJABQ000/nodes/titles s=200 d=347µs s=52
INF http m=POST p=/api/v1/workspaces/43LADOE44000/nodes/0/page/create s=200 d=20.6ms s=26
INF http m=POST p=/api/v1/workspaces/43LADOE44000/nodes/43LADTET4000/page s=200 d=15.3ms s=26
INF http m=POST p=/api/v1/workspaces/43LADOE44000/nodes/43LADTET4000/page s=200 d=17.7ms s=26
INF http m=GET p=/api/v1/workspaces/43LADJABQ000/events s=200 d=722ms s=238
INF http m=POST p=/api/v1/workspaces/43LADOE44000/nodes/43LADTET4000/page s=200 d=21.1ms s=26
INF http m=GET p=/w/@43LADOE44000+workspace/@43LADRV20000+welcome s=200 d=83µs s=532
INF http m=GET p=/api/v1/workspaces/43LADOE44000/events s=200 d=353ms s=296
INF http m=GET p=/api/v1/auth/me s=200 d=803µs s=358
INF http m=GET p=/api/v1/notifications/unread-count s=200 d=202µs s=25
INF http m=GET p=/api/v1/workspaces/43LADOE44000/nodes/0/children s=200 d=856µs s=251
INF http m=GET p=/api/v1/workspaces/43LADOE44000/members s=200 d=473µs s=127
INF http m=GET p=/api/v1/workspaces/43LADOE44000/nodes/43LADRV20000 s=200 d=637µs s=245
INF http m=GET p=/api/v1/workspaces/43LADOE44000/nodes/43LADTET4000 s=200 d=442µs s=165
INF http m=POST p=/api/v1/auth/register s=200 d=142ms s=385
INF http m=GET p=/ s=200 d=80µs s=532
INF http m=GET p=/assets/index-D8rN_C6i.js s=200 d=153µs s=49782
INF http m=GET p=/assets/editor-vendor-DXykusy4.js s=200 d=150µs s=95952
INF http m=GET p=/assets/index-BppjCDFJ.css s=200 d=97µs s=12398
INF http m=GET p=/registerSW.js s=200 d=35µs s=87
INF http m=GET p=/assets/vendor-Dz6kinLD.js s=200 d=94µs s=27873
INF http m=GET p=/api/v1/workspaces/43LADOE44000/nodes/43LADTET4000/history s=200 d=4.37ms s=306
INF http m=GET p=/api/v1/workspaces/43LADOE44000/nodes/43LADTET4000/history/55e99956d49f5d456240986ad311ede96ffc58c7 s=200 d=7.97ms s=45
INF http m=GET p=/api/v1/auth/me s=200 d=214µs s=165
INF http m=GET p=/assets/en-BOb8f2G7.js s=200 d=75µs s=5207
INF http m=GET p=/api/v1/notifications/unread-count s=200 d=211µs s=25
INF http m=GET p=/favicon.png s=200 d=45µs s=449
INF http m=GET p=/sw.js s=200 d=88µs s=5541
INF http m=GET p=/registerSW.js s=200 d=44µs s=87
INF http m=POST p=/api/v1/organizations s=200 d=103ms s=352
INF http m=GET p=/api/v1/auth/me s=200 d=223µs s=252
INF http m=GET p=/index.html s=200 d=27µs s=532
INF http m=GET p=/icon.svg s=200 d=37µs s=195
INF http m=GET p=/api/v1/workspaces/43LADOE44000/events s=200 d=511ms s=93
INF http m=GET p=/icon-512.png s=200 d=135µs s=6498
INF http m=GET p=/icon-192.png s=200 d=52µs s=2468
INF http m=GET p=/favicon.png s=200 d=40µs s=449
INF http m=GET p=/apple-touch-icon.png s=200 d=53µs s=2298
INF http m=GET p=/assets/material-symbols-names-Dyx5m6Tf.js s=200 d=110µs s=15412
INF http m=GET p=/assets/fr-CgauyyXq.js s=200 d=82µs s=6301
INF http m=GET p=/assets/es-DHO8DnB9.js s=200 d=231µs s=6015
INF http m=GET p=/assets/emoji-groups-BpL1N8nI.js s=200 d=144µs s=13798
INF http m=GET p=/assets/de-qJeflSp6.js s=200 d=80µs s=6245
INF http m=GET p=/assets/WorkspaceSettingsPanel-CeaO382V.css s=200 d=41µs s=1021
INF http m=GET p=/assets/WorkspaceSettingsPanel-C0CeQhf8.js s=200 d=85µs s=4456
INF http m=GET p=/assets/ServerSettingsPanel-DsIxlWdC.css s=200 d=44µs s=593
INF http m=GET p=/assets/ServerSettingsPanel-Cmq42vr7.js s=200 d=58µs s=2538
INF http m=GET p=/assets/ResourceQuotaForm-Coc__0PE.js s=200 d=73µs s=813
INF http m=GET p=/assets/ResourceQuotaForm-AxNe1Ebg.css s=200 d=34µs s=302
INF http m=GET p=/assets/ProfileSettings-kJBJbTIc.css s=200 d=31µs s=1220
INF http m=GET p=/assets/ProfileSettings-HAdAXUp2.js s=200 d=64µs s=4325
INF http m=GET p=/assets/OrgSettingsPanel-CEubhZUp.css s=200 d=27µs s=509
INF http m=GET p=/assets/OrgSettingsPanel-B6q-g6eD.js s=200 d=42µs s=2306
INF http m=GET p=/assets/InviteForm-fXZCo6g3.js s=200 d=27µs s=1267
INF http m=GET p=/assets/InviteForm-CW-wgFWD.css s=200 d=31µs s=414
INF http m=GET p=/assets/Editor-CO3i7Yl7.css s=200 d=47µs s=2237
INF http m=GET p=/assets/Editor--AVOgcEK.js s=200 d=63µs s=13498
INF http m=GET p=/assets/AdminDashboard-R0heLGro.css s=200 d=33µs s=601
INF http m=GET p=/assets/AdminDashboard-Cfrr1YY_.js s=200 d=43µs s=2075
INF http m=GET p=/manifest.webmanifest s=200 d=28µs s=199
INF http m=POST p=/api/v1/organizations/43LAE0VHE000/workspaces s=200 d=628ms s=298
INF http m=POST p=/api/v1/auth/register s=200 d=368ms s=384
INF http m=GET p=/ s=200 d=82µs s=532
INF http m=GET p=/assets/index-D8rN_C6i.js s=200 d=289µs s=49782
INF http m=GET p=/assets/index-BppjCDFJ.css s=200 d=113µs s=12398
INF http m=GET p=/assets/editor-vendor-DXykusy4.js s=200 d=181µs s=95952
INF http m=GET p=/registerSW.js s=200 d=34µs s=87
INF http m=GET p=/assets/vendor-Dz6kinLD.js s=200 d=501µs s=27873
INF http m=POST p=/api/v1/auth/switch-workspace s=200 d=62.5ms s=605
INF http m=GET p=/api/v1/workspaces/43LAE1LMI000/nodes/0/children s=200 d=2.64ms s=26
INF http m=GET p=/api/v1/workspaces/43LAE1LMI000/members s=200 d=704µs s=124
INF http m=GET p=/api/v1/notifications/unread-count s=200 d=4.1ms s=25
INF http m=POST p=/api/v1/workspaces/43LAE1LMI000/nodes/0/page/create s=200 d=32.6ms s=35
INF http m=GET p=/api/v1/workspaces/43LAE1LMI000/nodes/0/children s=200 d=695µs s=257
INF http m=GET p=/api/v1/workspaces/43LAE1LMI000/nodes/43LAE66F4000 s=200 d=832µs s=245
INF http m=GET p=/assets/en-BOb8f2G7.js s=200 d=167µs s=5207
INF http m=GET p=/api/v1/auth/me s=200 d=733µs s=163
INF http m=GET p=/api/v1/notifications/unread-count s=200 d=224µs s=25
INF http m=GET p=/favicon.png s=200 d=42µs s=449
INF http m=GET p=/sw.js s=200 d=110µs s=5541
INF http m=GET p=/registerSW.js s=200 d=35µs s=87
INF http m=GET p=/index.html s=200 d=28µs s=532
INF http m=GET p=/icon.svg s=200 d=35µs s=195
INF http m=GET p=/icon-512.png s=200 d=69µs s=6498
INF http m=GET p=/icon-192.png s=200 d=37µs s=2468
INF http m=GET p=/favicon.png s=200 d=32µs s=449
INF http m=GET p=/apple-touch-icon.png s=200 d=28µs s=2298
INF http m=POST p=/api/v1/organizations s=200 d=70.9ms s=349
INF http m=GET p=/api/v1/auth/me s=200 d=2.91ms s=248
INF http m=GET p=/assets/material-symbols-names-Dyx5m6Tf.js s=200 d=122µs s=15412
INF http m=POST p=/api/v1/workspaces/43LAE1LMI000/nodes/43LAE66F4000/page/create s=200 d=42.9ms s=26
INF http m=GET p=/w/@43LAE1LMI000+workspace/@43LAE66F4000+welcome s=200 d=36µs s=532
INF http m=GET p=/api/v1/workspaces/43LAE1LMI000/events s=200 d=183ms s=236
INF http m=GET p=/assets/fr-CgauyyXq.js s=200 d=85µs s=6301
INF http m=GET p=/assets/es-DHO8DnB9.js s=200 d=134µs s=6015
INF http m=GET p=/assets/emoji-groups-BpL1N8nI.js s=200 d=94µs s=13798
INF http m=GET p=/api/v1/auth/me s=200 d=612µs s=356
INF http m=GET p=/assets/de-qJeflSp6.js s=200 d=121µs s=6245
INF http m=GET p=/api/v1/notifications/unread-count s=200 d=1.5ms s=25
INF http m=GET p=/assets/WorkspaceSettingsPanel-CeaO382V.css s=200 d=30µs s=1021
INF http m=GET p=/api/v1/workspaces/43LAE1LMI000/nodes/43LAE66F4000 s=200 d=532µs s=245
INF http m=GET p=/api/v1/workspaces/43LAE1LMI000/nodes/0/children s=200 d=731µs s=279
INF http m=GET p=/api/v1/workspaces/43LAE1LMI000/members s=200 d=1.22ms s=124
INF http m=GET p=/assets/WorkspaceSettingsPanel-C0CeQhf8.js s=200 d=253µs s=4456
INF http m=GET p=/api/v1/workspaces/43LAE1LMI000/nodes/43LAE66F4000/children s=200 d=2.52ms s=164
INF http m=GET p=/assets/ServerSettingsPanel-DsIxlWdC.css s=200 d=44µs s=593
INF http m=GET p=/assets/ServerSettingsPanel-Cmq42vr7.js s=200 d=75µs s=2538
INF http m=GET p=/assets/ResourceQuotaForm-Coc__0PE.js s=200 d=41µs s=813
INF http m=GET p=/assets/ResourceQuotaForm-AxNe1Ebg.css s=200 d=32µs s=302
INF http m=GET p=/assets/ProfileSettings-kJBJbTIc.css s=200 d=31µs s=1220
INF http m=GET p=/assets/ProfileSettings-HAdAXUp2.js s=200 d=85µs s=4325
INF http m=GET p=/assets/OrgSettingsPanel-CEubhZUp.css s=200 d=30µs s=509
INF http m=GET p=/assets/OrgSettingsPanel-B6q-g6eD.js s=200 d=40µs s=2306
INF http m=GET p=/assets/InviteForm-fXZCo6g3.js s=200 d=26µs s=1267
INF http m=GET p=/assets/InviteForm-CW-wgFWD.css s=200 d=27µs s=414
INF http m=GET p=/assets/Editor-CO3i7Yl7.css s=200 d=42µs s=2237
INF http m=GET p=/assets/Editor--AVOgcEK.js s=200 d=139µs s=13498
INF http m=GET p=/api/v1/workspaces/43LAE1LMI000/nodes/43LAE6TAK000 s=200 d=333µs s=152
INF http m=GET p=/assets/AdminDashboard-R0heLGro.css s=200 d=39µs s=601
INF http m=GET p=/assets/AdminDashboard-Cfrr1YY_.js s=200 d=51µs s=2075
INF http m=GET p=/manifest.webmanifest s=200 d=34µs s=199
INF http m=GET p=/api/v1/workspaces/43LAE1LMI000/nodes/43LAE66F4000 s=200 d=466µs s=245
INF http m=POST p=/api/v1/organizations/43LAE6M2A000/workspaces s=200 d=415ms s=294
INF http m=POST p=/api/v1/workspaces/43LAE1LMI000/nodes/43LAE6TAK000/page/create s=200 d=164ms s=26
INF http m=GET p=/w/@43LAE1LMI000+hierarchys-workspace/@43LAE6TAK000+child-page s=200 d=31µs s=532
INF http m=GET p=/api/v1/workspaces/43LAE1LMI000/events s=200 d=314ms s=207
INF http m=POST p=/api/v1/auth/switch-workspace s=200 d=51.6ms s=605
INF http m=GET p=/api/v1/auth/me s=200 d=273µs s=356
INF http m=GET p=/api/v1/notifications/unread-count s=200 d=183µs s=25
INF http m=GET p=/api/v1/workspaces/43LAE1LMI000/nodes/43LAE6TAK000 s=200 d=1.95ms s=152
INF http m=GET p=/api/v1/workspaces/43LAE1LMI000/nodes/0/children s=200 d=3.3ms s=279
INF http m=GET p=/api/v1/workspaces/43LAE1LMI000/members s=200 d=10.6ms s=124
INF http m=GET p=/api/v1/workspaces/43LAE1LMI000/nodes/43LAE66F4000 s=200 d=321µs s=245
INF http m=GET p=/api/v1/workspaces/43LAE1LMI000/nodes/43LAE66F4000/children s=200 d=254µs s=174
INF http m=GET p=/api/v1/notifications/unread-count s=200 d=152µs s=25
INF http m=GET p=/api/v1/workspaces/43LAE75V2000/members s=200 d=143µs s=124
INF http m=GET p=/api/v1/workspaces/43LAE75V2000/nodes/0/children s=200 d=9.24ms s=26
INF http m=GET p=/api/v1/workspaces/43LAE1LMI000/nodes/43LAE6TAK000/children s=200 d=347µs s=161
INF http m=POST p=/api/v1/workspaces/43LAE75V2000/nodes/0/page/create s=200 d=26.4ms s=35
INF http m=GET p=/api/v1/workspaces/43LAE75V2000/nodes/0/children s=200 d=261µs s=257
INF http m=GET p=/api/v1/workspaces/43LAE75V2000/nodes/43LAEAAGA000 s=200 d=227µs s=245
INF http m=GET p=/api/v1/workspaces/43LAE1LMI000/nodes/43LAE66F4000 s=200 d=780µs s=245
INF http m=GET p=/api/v1/workspaces/43LAE1LMI000/nodes/43LAE8O18000 s=200 d=627µs s=151
INF http m=GET p=/api/v1/workspaces/43LAE1LMI000/nodes/43LAE6TAK000 s=200 d=622µs s=152
INF http m=GET p=/api/v1/workspaces/43LAE1LMI000/nodes/43LAE66F4000 s=200 d=622µs s=245
INF http m=POST p=/api/v1/workspaces/43LAE75V2000/nodes/43LAEAAGA000/page/create s=200 d=16.3ms s=26
INF http m=POST p=/api/v1/workspaces/43LAE75V2000/nodes/43LAEC6ME000/page/create s=200 d=17.5ms s=26
INF http m=GET p=/w/@43LAE75V2000+workspace/@43LAEAAGA000+welcome s=200 d=52µs s=532
INF http m=GET p=/api/v1/workspaces/43LAE75V2000/events s=200 d=365ms s=251
INF http m=GET p=/api/v1/auth/me s=200 d=4.49ms s=349
INF http m=GET p=/api/v1/workspaces/43LAE1LMI000/events s=200 d=446ms s=93
INF http m=GET p=/api/v1/notifications/unread-count s=200 d=244µs s=25
INF http m=GET p=/api/v1/workspaces/43LAE75V2000/nodes/0/children s=200 d=847µs s=279
INF http m=GET p=/api/v1/workspaces/43LAE75V2000/members s=200 d=494µs s=124
INF http m=GET p=/api/v1/workspaces/43LAE75V2000/nodes/43LAEAAGA000 s=200 d=828µs s=245
INF http m=GET p=/api/v1/workspaces/43LAE75V2000/nodes/43LAEAAGA000/children s=200 d=330µs s=160
INF http m=GET p=/api/v1/workspaces/43LAE75V2000/nodes/43LAEC6ME000/children s=200 d=345µs s=151
INF http m=POST p=/api/v1/auth/register s=200 d=146ms s=398
INF http m=GET p=/ s=200 d=54µs s=532
INF http m=GET p=/api/v1/workspaces/43LAE75V2000/nodes/43LAECAAQ000 s=200 d=509µs s=141
INF http m=GET p=/assets/index-D8rN_C6i.js s=200 d=141µs s=49782
INF http m=GET p=/assets/index-BppjCDFJ.css s=200 d=139µs s=12398
INF http m=GET p=/registerSW.js s=200 d=64µs s=87
INF http m=GET p=/assets/vendor-Dz6kinLD.js s=200 d=132µs s=27873
INF http m=GET p=/assets/editor-vendor-DXykusy4.js s=200 d=3.44ms s=95952
INF http m=GET p=/api/v1/workspaces/43LAE75V2000/nodes/43LAEC6ME000 s=200 d=395µs s=136
INF http m=GET p=/api/v1/workspaces/43LAE75V2000/nodes/43LAEAAGA000 s=200 d=329µs s=245
INF http m=GET p=/api/v1/auth/me s=200 d=516µs s=165
INF http m=GET p=/assets/en-BOb8f2G7.js s=200 d=75µs s=5207
INF http m=GET p=/favicon.png s=200 d=461µs s=449
INF http m=GET p=/api/v1/notifications/unread-count s=200 d=456µs s=25
INF http m=GET p=/sw.js s=200 d=117µs s=5541
INF http m=GET p=/registerSW.js s=200 d=40µs s=87
INF http m=GET p=/index.html s=200 d=70µs s=532
INF http m=GET p=/icon.svg s=200 d=35µs s=195
INF http m=POST p=/api/v1/organizations s=200 d=87ms s=355
INF http m=GET p=/api/v1/auth/me s=200 d=276µs s=254
INF http m=GET p=/icon-512.png s=200 d=188µs s=6498
INF http m=POST p=/api/v1/workspaces/43LAE75V2000/nodes/43LAECAAQ000/delete s=200 d=46.7ms s=25
INF http m=GET p=/icon-192.png s=200 d=48µs s=2468
INF http m=GET p=/api/v1/workspaces/43LAE75V2000/nodes/43LAEC6ME000 s=200 d=319µs s=136
INF http m=GET p=/favicon.png s=200 d=29µs s=449
INF http m=GET p=/apple-touch-icon.png s=200 d=40µs s=2298
INF http m=GET p=/api/v1/workspaces/43LAE75V2000/nodes/43LAEAAGA000 s=200 d=295µs s=245
INF http m=GET p=/assets/material-symbols-names-Dyx5m6Tf.js s=200 d=101µs s=15412
INF http m=GET p=/assets/fr-CgauyyXq.js s=200 d=79µs s=6301
INF http m=GET p=/assets/es-DHO8DnB9.js s=200 d=91µs s=6015
INF http m=GET p=/assets/emoji-groups-BpL1N8nI.js s=200 d=107µs s=13798
INF http m=GET p=/api/v1/workspaces/43LAE75V2000/events s=200 d=662ms s=206
INF http m=GET p=/assets/de-qJeflSp6.js s=200 d=105µs s=6245
INF http m=GET p=/assets/WorkspaceSettingsPanel-CeaO382V.css s=200 d=38µs s=1021
INF http m=GET p=/assets/WorkspaceSettingsPanel-C0CeQhf8.js s=200 d=73µs s=4456
INF http m=GET p=/assets/ServerSettingsPanel-DsIxlWdC.css s=200 d=34µs s=593
INF http m=GET p=/assets/ServerSettingsPanel-Cmq42vr7.js s=200 d=41µs s=2538
INF http m=GET p=/assets/ResourceQuotaForm-Coc__0PE.js s=200 d=42µs s=813
INF http m=GET p=/assets/ResourceQuotaForm-AxNe1Ebg.css s=200 d=41µs s=302
INF http m=GET p=/assets/ProfileSettings-kJBJbTIc.css s=200 d=37µs s=1220
INF http m=GET p=/assets/ProfileSettings-HAdAXUp2.js s=200 d=67µs s=4325
INF http m=GET p=/assets/OrgSettingsPanel-CEubhZUp.css s=200 d=48µs s=509
INF http m=GET p=/assets/OrgSettingsPanel-B6q-g6eD.js s=200 d=58µs s=2306
INF http m=GET p=/assets/InviteForm-fXZCo6g3.js s=200 d=40µs s=1267
INF http m=GET p=/assets/InviteForm-CW-wgFWD.css s=200 d=49µs s=414
INF http m=GET p=/assets/Editor-CO3i7Yl7.css s=200 d=54µs s=2237
INF http m=GET p=/assets/Editor--AVOgcEK.js s=200 d=107µs s=13498
INF http m=GET p=/assets/AdminDashboard-R0heLGro.css s=200 d=39µs s=601
INF http m=GET p=/assets/AdminDashboard-Cfrr1YY_.js s=200 d=56µs s=2075
INF http m=GET p=/manifest.webmanifest s=200 d=35µs s=199
INF http m=POST p=/api/v1/organizations/43LAEFON6000/workspaces s=200 d=641ms s=302
INF http m=POST p=/api/v1/auth/register s=200 d=310ms s=390
INF http m=GET p=/ s=200 d=50µs s=532
INF http m=GET p=/assets/index-D8rN_C6i.js s=200 d=185µs s=49782
INF http m=GET p=/assets/index-BppjCDFJ.css s=200 d=120µs s=12398
INF http m=GET p=/registerSW.js s=200 d=40µs s=87
INF http m=GET p=/assets/vendor-Dz6kinLD.js s=200 d=123µs s=27873
INF http m=GET p=/assets/editor-vendor-DXykusy4.js s=200 d=127µs s=95952
INF http m=POST p=/api/v1/auth/switch-workspace s=200 d=82.6ms s=574
INF http m=GET p=/api/v1/workspaces/43LAEGC12000/nodes/0/children s=200 d=367µs s=26
INF http m=GET p=/api/v1/workspaces/43LAEGC12000/members s=200 d=142µs s=130
INF http m=GET p=/api/v1/notifications/unread-count s=200 d=4.41ms s=25
INF http m=GET p=/api/v1/auth/me s=200 d=229µs s=166
INF http m=GET p=/assets/en-BOb8f2G7.js s=200 d=118µs s=5207
INF http m=GET p=/favicon.png s=200 d=28µs s=449
INF http m=GET p=/api/v1/notifications/unread-count s=200 d=168µs s=25
INF http m=POST p=/api/v1/workspaces/43LAEGC12000/nodes/0/page/create s=200 d=25ms s=35
INF http m=GET p=/api/v1/workspaces/43LAEGC12000/nodes/0/children s=200 d=301µs s=257
INF http m=GET p=/api/v1/workspaces/43LAEGC12000/nodes/43LAEL3JK000 s=200 d=739µs s=245
INF http m=GET p=/sw.js s=200 d=137µs s=5541
INF http m=GET p=/registerSW.js s=200 d=53µs s=87
INF http m=GET p=/index.html s=200 d=37µs s=532
INF http m=GET p=/icon.svg s=200 d=24µs s=195
INF http m=GET p=/icon-512.png s=200 d=75µs s=6498
INF http m=GET p=/icon-192.png s=200 d=46µs s=2468
INF http m=GET p=/favicon.png s=200 d=28µs s=449
INF http m=GET p=/apple-touch-icon.png s=200 d=34µs s=2298
INF http m=POST p=/api/v1/organizations s=200 d=85.5ms s=351
INF http m=GET p=/api/v1/auth/me s=200 d=609µs s=252
INF http m=GET p=/assets/material-symbols-names-Dyx5m6Tf.js s=200 d=117µs s=15412
INF http m=GET p=/assets/fr-CgauyyXq.js s=200 d=104µs s=6301
INF http m=GET p=/assets/es-DHO8DnB9.js s=200 d=75µs s=6015
INF http m=GET p=/assets/emoji-groups-BpL1N8nI.js s=200 d=90µs s=13798
INF http m=POST p=/api/v1/workspaces/43LAEGC12000/nodes/43LAEL3JK000/page/create s=200 d=67.8ms s=26
INF http m=GET p=/assets/de-qJeflSp6.js s=200 d=83µs s=6245
INF http m=GET p=/assets/WorkspaceSettingsPanel-CeaO382V.css s=200 d=33µs s=1021
INF http m=GET p=/assets/WorkspaceSettingsPanel-C0CeQhf8.js s=200 d=64µs s=4456
INF http m=GET p=/assets/ServerSettingsPanel-DsIxlWdC.css s=200 d=29µs s=593
INF http m=GET p=/assets/ServerSettingsPanel-Cmq42vr7.js s=200 d=48µs s=2538
INF http m=GET p=/assets/ResourceQuotaForm-Coc__0PE.js s=200 d=27µs s=813
INF http m=GET p=/assets/ResourceQuotaForm-AxNe1Ebg.css s=200 d=28µs s=302
INF http m=GET p=/assets/ProfileSettings-kJBJbTIc.css s=200 d=31µs s=1220
INF http m=GET p=/assets/ProfileSettings-HAdAXUp2.js s=200 d=68µs s=4325
INF http m=GET p=/assets/OrgSettingsPanel-CEubhZUp.css s=200 d=34µs s=509
INF http m=GET p=/assets/OrgSettingsPanel-B6q-g6eD.js s=200 d=42µs s=2306
INF http m=GET p=/assets/InviteForm-fXZCo6g3.js s=200 d=28µs s=1267
INF http m=GET p=/assets/InviteForm-CW-wgFWD.css s=200 d=33µs s=414
INF http m=GET p=/assets/Editor-CO3i7Yl7.css s=200 d=37µs s=2237
INF http m=GET p=/assets/Editor--AVOgcEK.js s=200 d=110µs s=13498
INF http m=GET p=/assets/AdminDashboard-R0heLGro.css s=200 d=29µs s=601
INF http m=GET p=/assets/AdminDashboard-Cfrr1YY_.js s=200 d=36µs s=2075
INF http m=GET p=/manifest.webmanifest s=200 d=25µs s=199
INF http m=POST p=/api/v1/organizations/43LAELA70000/workspaces s=200 d=327ms s=298
INF http m=POST p=/api/v1/workspaces/43LAEGC12000/nodes/43LAELOFE000/page/create s=200 d=280ms s=26
INF http m=GET p=/w/@43LAEGC12000+workspace/@43LAEL3JK000+welcome s=200 d=39µs s=532
INF http m=GET p=/api/v1/workspaces/43LAEGC12000/events s=200 d=485ms s=259
INF http m=GET p=/api/v1/auth/me s=200 d=264µs s=357
INF http m=POST p=/api/v1/auth/switch-workspace s=200 d=57.9ms s=621
INF http m=GET p=/api/v1/workspaces/43LAELS86000/nodes/0/children s=200 d=581µs s=26
INF http m=GET p=/api/v1/notifications/unread-count s=200 d=1.95ms s=25
INF http m=GET p=/api/v1/notifications/unread-count s=200 d=478µs s=25
INF http m=GET p=/api/v1/workspaces/43LAEGC12000/members s=200 d=2.74ms s=130
INF http m=GET p=/api/v1/workspaces/43LAEGC12000/nodes/43LAEL3JK000 s=200 d=7.11ms s=245
INF http m=GET p=/api/v1/workspaces/43LAELS86000/members s=200 d=1.9ms s=126
INF http m=GET p=/api/v1/workspaces/43LAEGC12000/nodes/0/children s=200 d=7.46ms s=279
INF http m=GET p=/api/v1/workspaces/43LAEGC12000/nodes/43LAEL3JK000/children s=200 d=980µs s=169
INF http m=POST p=/api/v1/workspaces/43LAELS86000/nodes/0/page/create s=200 d=26.6ms s=35
INF http m=GET p=/api/v1/workspaces/43LAELS86000/nodes/0/children s=200 d=262µs s=257
INF http m=GET p=/api/v1/workspaces/43LAELS86000/nodes/43LAEOH46000 s=200 d=231µs s=245
INF http m=GET p=/api/v1/workspaces/43LAEGC12000/nodes/43LAELOFE000/children s=200 d=740µs s=155
INF http m=GET p=/api/v1/workspaces/43LAEGC12000/nodes/43LAELOFE000 s=200 d=687µs s=149
INF http m=GET p=/api/v1/workspaces/43LAEGC12000/nodes/43LAEL3JK000 s=200 d=601µs s=245
INF http m=POST p=/api/v1/workspaces/43LAELS86000/nodes/0/page/create s=200 d=18.2ms s=26
INF http m=POST p=/api/v1/workspaces/43LAELS86000/nodes/0/page/create s=200 d=17.3ms s=26
INF http m=GET p=/w/@43LAELS86000+workspace/@43LAEOH46000+welcome s=200 d=42µs s=532
INF http m=GET p=/api/v1/workspaces/43LAELS86000/events s=200 d=445ms s=265
INF http m=GET p=/api/v1/auth/me s=200 d=739µs s=354
INF http m=POST p=/api/v1/workspaces/43LAEGC12000/nodes/43LAELOFE000/delete s=200 d=29.9ms s=25
INF http m=GET p=/api/v1/workspaces/43LAEGC12000/nodes/43LAEL3JK000 s=200 d=1.17ms s=245
INF http m=GET p=/api/v1/notifications/unread-count s=200 d=200µs s=25
INF http m=GET p=/api/v1/workspaces/43LAELS86000/members s=200 d=532µs s=126
INF http m=GET p=/api/v1/workspaces/43LAELS86000/nodes/0/children s=200 d=1.02ms s=263
INF http m=GET p=/api/v1/workspaces/43LAELS86000/nodes/43LAEOH46000 s=200 d=2.94ms s=245
INF http m=GET p=/api/v1/workspaces/43LAELS86000/nodes/43LAER1F0000 s=200 d=383µs s=128
INF http m=GET p=/api/v1/workspaces/43LAEGC12000/events s=200 d=624ms s=207
INF http m=POST p=/api/v1/workspaces/43LAELS86000/nodes/43LAER1F0000/delete s=200 d=30.6ms s=25
INF http m=GET p=/api/v1/workspaces/43LAELS86000/nodes/43LAEQTEU000 s=200 d=301µs s=128
INF http m=GET p=/api/v1/workspaces/43LAELS86000/events s=200 d=294ms s=206
INF http m=POST p=/api/v1/auth/register s=200 d=283ms s=390
INF http m=GET p=/ s=200 d=53µs s=532
INF http m=GET p=/assets/index-D8rN_C6i.js s=200 d=155µs s=49782
INF http m=GET p=/assets/vendor-Dz6kinLD.js s=200 d=117µs s=27873
INF http m=GET p=/assets/index-BppjCDFJ.css s=200 d=103µs s=12398
INF http m=GET p=/assets/editor-vendor-DXykusy4.js s=200 d=129µs s=95952
INF http m=GET p=/registerSW.js s=200 d=38µs s=87
INF http m=GET p=/api/v1/auth/me s=200 d=235µs s=165
INF http m=GET p=/assets/en-BOb8f2G7.js s=200 d=74µs s=5207
INF http m=GET p=/favicon.png s=200 d=45µs s=449
INF http m=GET p=/api/v1/notifications/unread-count s=200 d=497µs s=25
INF http m=GET p=/sw.js s=200 d=82µs s=5541
INF http m=POST p=/api/v1/auth/register s=200 d=268ms s=394
INF http m=GET p=/ s=200 d=59µs s=532
INF http m=GET p=/registerSW.js s=200 d=50µs s=87
INF http m=GET p=/index.html s=200 d=46µs s=532
INF http m=GET p=/icon.svg s=200 d=38µs s=195
INF http m=GET p=/icon-512.png s=200 d=79µs s=6498
INF http m=GET p=/assets/index-BppjCDFJ.css s=200 d=126µs s=12398
INF http m=GET p=/assets/index-D8rN_C6i.js s=200 d=131µs s=49782
INF http m=GET p=/icon-192.png s=200 d=30µs s=2468
INF http m=GET p=/assets/editor-vendor-DXykusy4.js s=200 d=188µs s=95952
INF http m=GET p=/assets/vendor-Dz6kinLD.js s=200 d=174µs s=27873
INF http m=GET p=/favicon.png s=200 d=19µs s=449
INF http m=GET p=/registerSW.js s=200 d=46µs s=87
INF http m=GET p=/apple-touch-icon.png s=200 d=45µs s=2298
INF http m=GET p=/assets/material-symbols-names-Dyx5m6Tf.js s=200 d=94µs s=15412
INF http m=POST p=/api/v1/organizations s=200 d=197ms s=348
INF http m=GET p=/api/v1/auth/me s=200 d=316µs s=250
INF http m=GET p=/assets/fr-CgauyyXq.js s=200 d=89µs s=6301
INF http m=GET p=/assets/es-DHO8DnB9.js s=200 d=84µs s=6015
INF http m=GET p=/assets/emoji-groups-BpL1N8nI.js s=200 d=102µs s=13798
INF http m=GET p=/assets/en-BOb8f2G7.js s=200 d=111µs s=5207
INF http m=GET p=/api/v1/auth/me s=200 d=290µs s=168
INF http m=GET p=/favicon.png s=200 d=54µs s=449
INF http m=GET p=/api/v1/notifications/unread-count s=200 d=549µs s=25
INF http m=GET p=/sw.js s=200 d=105µs s=5541
INF http m=GET p=/assets/de-qJeflSp6.js s=200 d=84µs s=6245
INF http m=GET p=/assets/WorkspaceSettingsPanel-CeaO382V.css s=200 d=46µs s=1021
INF http m=GET p=/assets/WorkspaceSettingsPanel-C0CeQhf8.js s=200 d=77µs s=4456
INF http m=GET p=/registerSW.js s=200 d=44µs s=87
INF http m=GET p=/assets/ServerSettingsPanel-DsIxlWdC.css s=200 d=42µs s=593
INF http m=GET p=/index.html s=200 d=40µs s=532
INF http m=GET p=/assets/ServerSettingsPanel-Cmq42vr7.js s=200 d=75µs s=2538
INF http m=GET p=/icon.svg s=200 d=25µs s=195
INF http m=GET p=/assets/ResourceQuotaForm-Coc__0PE.js s=200 d=39µs s=813
INF http m=GET p=/icon-512.png s=200 d=91µs s=6498
INF http m=GET p=/assets/ResourceQuotaForm-AxNe1Ebg.css s=200 d=34µs s=302
INF http m=GET p=/icon-192.png s=200 d=38µs s=2468
INF http m=GET p=/favicon.png s=200 d=48µs s=449
INF http m=GET p=/assets/ProfileSettings-kJBJbTIc.css s=200 d=33µs s=1220
INF http m=GET p=/apple-touch-icon.png s=200 d=58µs s=2298
INF http m=GET p=/assets/ProfileSettings-HAdAXUp2.js s=200 d=71µs s=4325
INF http m=GET p=/assets/OrgSettingsPanel-CEubhZUp.css s=200 d=48µs s=509
INF http m=GET p=/assets/OrgSettingsPanel-B6q-g6eD.js s=200 d=43µs s=2306
INF http m=GET p=/assets/material-symbols-names-Dyx5m6Tf.js s=200 d=79µs s=15412
INF http m=GET p=/assets/InviteForm-fXZCo6g3.js s=200 d=47µs s=1267
INF http m=GET p=/assets/InviteForm-CW-wgFWD.css s=200 d=53µs s=414
INF http m=GET p=/assets/Editor-CO3i7Yl7.css s=200 d=55µs s=2237
INF http m=GET p=/assets/Editor--AVOgcEK.js s=200 d=152µs s=13498
INF http m=GET p=/assets/fr-CgauyyXq.js s=200 d=63µs s=6301
INF http m=GET p=/assets/AdminDashboard-R0heLGro.css s=200 d=42µs s=601
INF http m=GET p=/assets/es-DHO8DnB9.js s=200 d=64µs s=6015
INF http m=GET p=/assets/AdminDashboard-Cfrr1YY_.js s=200 d=60µs s=2075
INF http m=GET p=/manifest.webmanifest s=200 d=44µs s=199
INF http m=GET p=/assets/emoji-groups-BpL1N8nI.js s=200 d=79µs s=13798
INF http m=GET p=/assets/de-qJeflSp6.js s=200 d=90µs s=6245
INF http m=GET p=/assets/WorkspaceSettingsPanel-CeaO382V.css s=200 d=44µs s=1021
INF http m=GET p=/assets/WorkspaceSettingsPanel-C0CeQhf8.js s=200 d=69µs s=4456
INF http m=GET p=/assets/ServerSettingsPanel-DsIxlWdC.css s=200 d=63µs s=593
INF http m=GET p=/assets/ServerSettingsPanel-Cmq42vr7.js s=200 d=40µs s=2538
INF http m=GET p=/assets/ResourceQuotaForm-Coc__0PE.js s=200 d=43µs s=813
INF http m=GET p=/assets/ResourceQuotaForm-AxNe1Ebg.css s=200 d=33µs s=302
INF http m=GET p=/assets/ProfileSettings-kJBJbTIc.css s=200 d=28µs s=1220
INF http m=GET p=/assets/ProfileSettings-HAdAXUp2.js s=200 d=64µs s=4325
INF http m=GET p=/assets/OrgSettingsPanel-CEubhZUp.css s=200 d=39µs s=509
INF http m=GET p=/assets/OrgSettingsPanel-B6q-g6eD.js s=200 d=40µs s=2306
INF http m=GET p=/assets/InviteForm-fXZCo6g3.js s=200 d=26µs s=1267
INF http m=GET p=/assets/InviteForm-CW-wgFWD.css s=200 d=28µs s=414
INF http m=GET p=/assets/Editor-CO3i7Yl7.css s=200 d=51µs s=2237
INF http m=GET p=/assets/Editor--AVOgcEK.js s=200 d=92µs s=13498
INF http m=GET p=/assets/AdminDashboard-R0heLGro.css s=200 d=41µs s=601
INF http m=GET p=/assets/AdminDashboard-Cfrr1YY_.js s=200 d=36µs s=2075
INF http m=GET p=/manifest.webmanifest s=200 d=26µs s=199
INF http m=POST p=/api/v1/organizations/43LAF08AQ000/workspaces s=200 d=565ms s=296
INF http m=POST p=/api/v1/organizations s=200 d=465ms s=352
INF http m=GET p=/api/v1/auth/me s=200 d=848µs s=255
INF http m=POST p=/api/v1/auth/switch-workspace s=200 d=45.4ms s=552
INF http m=GET p=/api/v1/notifications/unread-count s=200 d=2.04ms s=25
INF http m=GET p=/api/v1/workspaces/43LAF1GH8000/nodes/0/children s=200 d=426µs s=26
INF http m=GET p=/api/v1/workspaces/43LAF1GH8000/members s=200 d=3.61ms s=120
INF http m=POST p=/api/v1/organizations/43LAF25EM000/workspaces s=200 d=344ms s=299
INF http m=POST p=/api/v1/workspaces/43LAF1GH8000/nodes/0/page/create s=200 d=283ms s=35
INF http m=GET p=/api/v1/workspaces/43LAF1GH8000/nodes/0/children s=200 d=361µs s=246
INF http m=GET p=/api/v1/workspaces/43LAF1GH8000/nodes/43LAF5EEE000 s=200 d=256µs s=245
INF http m=POST p=/api/v1/workspaces/43LAF1GH8000/nodes/0/page/create s=200 d=244ms s=26
INF http m=POST p=/api/v1/auth/switch-workspace s=200 d=62.5ms s=627
INF http m=GET p=/api/v1/notifications/unread-count s=200 d=207µs s=25
INF http m=GET p=/api/v1/workspaces/43LAF5198000/nodes/0/children s=200 d=304µs s=26
INF http m=GET p=/api/v1/workspaces/43LAF5198000/members s=200 d=3.59ms s=126
INF http m=POST p=/api/v1/workspaces/43LAF1GH8000/nodes/0/page/create s=200 d=23.2ms s=26
INF http m=GET p=/w/@43LAF1GH8000+workspace/@43LAF5EEE000+welcome s=200 d=42µs s=532
INF http m=GET p=/api/v1/workspaces/43LAF1GH8000/events s=200 d=394ms s=265
INF http m=POST p=/api/v1/workspaces/43LAF5198000/nodes/0/page/create s=200 d=31.1ms s=35
INF http m=GET p=/api/v1/workspaces/43LAF5198000/nodes/0/children s=200 d=3.26ms s=257
INF http m=GET p=/api/v1/workspaces/43LAF5198000/nodes/43LAF7KQI000 s=200 d=440µs s=245
INF http m=POST p=/api/v1/workspaces/43LAF5198000/nodes/0/page/create s=200 d=34.7ms s=26
INF http m=GET p=/api/v1/auth/me s=200 d=270µs s=357
INF http m=GET p=/api/v1/notifications/unread-count s=200 d=185µs s=25
INF http m=GET p=/api/v1/workspaces/43LAF1GH8000/nodes/43LAF5EEE000 s=200 d=302µs s=245
INF http m=GET p=/api/v1/workspaces/43LAF1GH8000/members s=200 d=526µs s=120
INF http m=GET p=/api/v1/workspaces/43LAF1GH8000/nodes/0/children s=200 d=4.35ms s=273
INF http m=POST p=/api/v1/workspaces/43LAF5198000/nodes/43LAF7SP4000/page/create s=200 d=52.2ms s=26
INF http m=POST p=/api/v1/workspaces/43LAF5198000/nodes/43LAF7SP4000/page s=200 d=54.8ms s=26
INF http m=GET p=/api/v1/workspaces/43LAF1GH8000/nodes/43LAF609A000 s=200 d=384µs s=134
INF http m=GET p=/w/@43LAF5198000+workspace/@43LAF7KQI000+welcome s=200 d=37µs s=532
INF http m=GET p=/api/v1/workspaces/43LAF5198000/events s=200 d=237ms s=285
INF http m=GET p=/api/v1/auth/me s=200 d=306µs s=359
INF http m=GET p=/api/v1/workspaces/43LAF1GH8000/nodes/43LAF7GR6000 s=200 d=459µs s=136
INF http m=GET p=/api/v1/notifications/unread-count s=200 d=237µs s=25
INF http m=GET p=/api/v1/workspaces/43LAF5198000/members s=200 d=616µs s=126
INF http m=GET p=/api/v1/workspaces/43LAF5198000/nodes/0/children s=200 d=835µs s=308
INF http m=GET p=/api/v1/workspaces/43LAF5198000/nodes/43LAF7KQI000 s=200 d=703µs s=245
INF http m=GET p=/api/v1/workspaces/43LAF5198000/nodes/43LAF7SP4000/children s=200 d=892µs s=153
INF http m=GET p=/api/v1/workspaces/43LAF1GH8000/nodes/43LAF609A000 s=200 d=405µs s=134
INF http m=GET p=/api/v1/workspaces/43LAF1GH8000/events s=200 d=270ms s=93
INF http m=GET p=/api/v1/workspaces/43LAF5198000/nodes/43LAF7SP4000 s=200 d=328µs s=195
INF http m=GET p=/api/v1/workspaces/43LAF5198000/nodes/titles s=200 d=307µs s=64
INF http m=POST p=/api/v1/workspaces/43LAF5198000/nodes/43LAF8520000/page s=200 d=26.1ms s=26
INF http m=GET p=/w/@43LAF5198000+page-linkss-workspace/@43LAF7SP4000+parent-page s=200 d=43µs s=532
INF http m=GET p=/api/v1/workspaces/43LAF5198000/events s=200 d=317ms s=208
INF http m=GET p=/api/v1/auth/me s=200 d=1.19ms s=359
INF http m=POST p=/api/v1/auth/register s=200 d=154ms s=393
INF http m=GET p=/ s=200 d=70µs s=532
INF http m=GET p=/api/v1/notifications/unread-count s=200 d=186µs s=25
INF http m=GET p=/api/v1/workspaces/43LAF5198000/nodes/43LAF7SP4000 s=200 d=407µs s=195
INF http m=GET p=/api/v1/workspaces/43LAF5198000/members s=200 d=472µs s=126
INF http m=GET p=/api/v1/workspaces/43LAF5198000/nodes/0/children s=200 d=818µs s=308
INF http m=GET p=/assets/index-D8rN_C6i.js s=200 d=162µs s=49782
INF http m=GET p=/assets/index-BppjCDFJ.css s=200 d=134µs s=12398
INF http m=GET p=/assets/editor-vendor-DXykusy4.js s=200 d=261µs s=95952
INF http m=GET p=/api/v1/workspaces/43LAF5198000/nodes/titles s=200 d=7.08ms s=63
INF http m=GET p=/registerSW.js s=200 d=49µs s=87
INF http m=GET p=/assets/vendor-Dz6kinLD.js s=200 d=140µs s=27873
INF http m=GET p=/api/v1/workspaces/43LAF5198000/nodes/43LAF7SP4000/children s=200 d=449µs s=155
INF http m=GET p=/api/v1/auth/me s=200 d=272µs s=168
INF http m=GET p=/assets/en-BOb8f2G7.js s=200 d=137µs s=5207
INF http m=GET p=/api/v1/notifications/unread-count s=200 d=223µs s=25
INF http m=GET p=/favicon.png s=200 d=48µs s=449
INF http m=GET p=/sw.js s=200 d=84µs s=5541
INF http m=GET p=/registerSW.js s=200 d=37µs s=87
INF http m=GET p=/index.html s=200 d=37µs s=532
INF http m=GET p=/icon.svg s=200 d=43µs s=195
INF http m=GET p=/api/v1/workspaces/43LAF5198000/events s=200 d=258ms s=93
INF http m=GET p=/icon-512.png s=200 d=94µs s=6498
INF http m=GET p=/icon-192.png s=200 d=52µs s=2468
INF http m=GET p=/favicon.png s=200 d=59µs s=449
INF http m=POST p=/api/v1/organizations s=200 d=114ms s=352
INF http m=GET p=/api/v1/auth/me s=200 d=263µs s=254
INF http m=GET p=/apple-touch-icon.png s=200 d=55µs s=2298
INF http m=GET p=/assets/material-symbols-names-Dyx5m6Tf.js s=200 d=150µs s=15412
INF http m=GET p=/assets/fr-CgauyyXq.js s=200 d=86µs s=6301
INF http m=GET p=/assets/es-DHO8DnB9.js s=200 d=91µs s=6015
INF http m=GET p=/assets/emoji-groups-BpL1N8nI.js s=200 d=106µs s=13798
INF http m=GET p=/assets/de-qJeflSp6.js s=200 d=89µs s=6245
INF http m=GET p=/assets/WorkspaceSettingsPanel-CeaO382V.css s=200 d=44µs s=1021
INF http m=GET p=/assets/WorkspaceSettingsPanel-C0CeQhf8.js s=200 d=127µs s=4456
INF http m=GET p=/assets/ServerSettingsPanel-DsIxlWdC.css s=200 d=43µs s=593
INF http m=GET p=/assets/ServerSettingsPanel-Cmq42vr7.js s=200 d=56µs s=2538
INF http m=GET p=/assets/ResourceQuotaForm-Coc__0PE.js s=200 d=79µs s=813
INF http m=GET p=/assets/ResourceQuotaForm-AxNe1Ebg.css s=200 d=43µs s=302
INF http m=GET p=/assets/ProfileSettings-kJBJbTIc.css s=200 d=48µs s=1220
INF http m=GET p=/assets/ProfileSettings-HAdAXUp2.js s=200 d=89µs s=4325
INF http m=GET p=/assets/OrgSettingsPanel-CEubhZUp.css s=200 d=44µs s=509
INF http m=GET p=/assets/OrgSettingsPanel-B6q-g6eD.js s=200 d=55µs s=2306
INF http m=GET p=/assets/InviteForm-fXZCo6g3.js s=200 d=34µs s=1267
INF http m=GET p=/assets/InviteForm-CW-wgFWD.css s=200 d=48µs s=414
INF http m=GET p=/assets/Editor-CO3i7Yl7.css s=200 d=52µs s=2237
INF http m=GET p=/assets/Editor--AVOgcEK.js s=200 d=111µs s=13498
INF http m=GET p=/assets/AdminDashboard-R0heLGro.css s=200 d=45µs s=601
INF http m=GET p=/assets/AdminDashboard-Cfrr1YY_.js s=200 d=61µs s=2075
INF http m=GET p=/manifest.webmanifest s=200 d=52µs s=199
INF http m=POST p=/api/v1/organizations/43LAFDB7U000/workspaces s=200 d=592ms s=299
INF http m=POST p=/api/v1/auth/register s=200 d=346ms s=385
INF http m=GET p=/ s=200 d=126µs s=532
INF http m=GET p=/assets/index-D8rN_C6i.js s=200 d=173µs s=49782
INF http m=GET p=/assets/index-BppjCDFJ.css s=200 d=102µs s=12398
INF http m=GET p=/registerSW.js s=200 d=43µs s=87
INF http m=GET p=/assets/vendor-Dz6kinLD.js s=200 d=102µs s=27873
INF http m=GET p=/assets/editor-vendor-DXykusy4.js s=200 d=175µs s=95952
INF http m=POST p=/api/v1/auth/switch-workspace s=200 d=88.6ms s=624
INF http m=GET p=/api/v1/notifications/unread-count s=200 d=4.1ms s=25
INF http m=GET p=/assets/en-BOb8f2G7.js s=200 d=135µs s=5207
INF http m=GET p=/api/v1/workspaces/43LAFE4AK000/nodes/0/children s=200 d=16.2ms s=26
INF http m=GET p=/api/v1/workspaces/43LAFE4AK000/members s=200 d=13.1ms s=126
INF http m=GET p=/api/v1/auth/me s=200 d=14.5ms s=168
INF http m=GET p=/favicon.png s=200 d=42µs s=449
INF http m=GET p=/sw.js s=200 d=115µs s=5541
INF http m=GET p=/api/v1/notifications/unread-count s=200 d=209µs s=25
INF http m=GET p=/registerSW.js s=200 d=52µs s=87
INF http m=GET p=/index.html s=200 d=40µs s=532
INF http m=GET p=/icon.svg s=200 d=32µs s=195
INF http m=GET p=/icon-512.png s=200 d=64µs s=6498
INF http m=GET p=/icon-192.png s=200 d=41µs s=2468
INF http m=GET p=/favicon.png s=200 d=30µs s=449
INF http m=GET p=/apple-touch-icon.png s=200 d=31µs s=2298
INF http m=POST p=/api/v1/organizations s=200 d=62ms s=352
INF http m=GET p=/api/v1/auth/me s=200 d=201µs s=252
INF http m=POST p=/api/v1/workspaces/43LAFE4AK000/nodes/0/page/create s=200 d=84.1ms s=35
INF http m=GET p=/api/v1/workspaces/43LAFE4AK000/nodes/0/children s=200 d=361µs s=237
INF http m=GET p=/api/v1/workspaces/43LAFE4AK000/nodes/43LAFIMN4000 s=200 d=262µs s=245
INF http m=GET p=/assets/material-symbols-names-Dyx5m6Tf.js s=200 d=94µs s=15412
INF http m=GET p=/assets/fr-CgauyyXq.js s=200 d=87µs s=6301
INF http m=GET p=/assets/es-DHO8DnB9.js s=200 d=79µs s=6015
INF http m=GET p=/assets/emoji-groups-BpL1N8nI.js s=200 d=104µs s=13798
INF http m=POST p=/api/v1/workspaces/43LAFE4AK000/nodes/0/page/create s=200 d=121ms s=26
INF http m=GET p=/assets/de-qJeflSp6.js s=200 d=112µs s=6245
INF http m=GET p=/assets/WorkspaceSettingsPanel-CeaO382V.css s=200 d=33µs s=1021
INF http m=GET p=/assets/WorkspaceSettingsPanel-C0CeQhf8.js s=200 d=458µs s=4456
INF http m=GET p=/assets/ServerSettingsPanel-DsIxlWdC.css s=200 d=37µs s=593
INF http m=GET p=/assets/ServerSettingsPanel-Cmq42vr7.js s=200 d=51µs s=2538
INF http m=GET p=/assets/ResourceQuotaForm-Coc__0PE.js s=200 d=30µs s=813
INF http m=GET p=/assets/ResourceQuotaForm-AxNe1Ebg.css s=200 d=32µs s=302
INF http m=GET p=/assets/ProfileSettings-kJBJbTIc.css s=200 d=38µs s=1220
INF http m=GET p=/assets/ProfileSettings-HAdAXUp2.js s=200 d=64µs s=4325
INF http m=GET p=/assets/OrgSettingsPanel-CEubhZUp.css s=200 d=33µs s=509
INF http m=GET p=/assets/OrgSettingsPanel-B6q-g6eD.js s=200 d=62µs s=2306
INF http m=GET p=/assets/InviteForm-fXZCo6g3.js s=200 d=30µs s=1267
INF http m=GET p=/assets/InviteForm-CW-wgFWD.css s=200 d=44µs s=414
INF http m=GET p=/assets/Editor-CO3i7Yl7.css s=200 d=35µs s=2237
INF http m=GET p=/assets/Editor--AVOgcEK.js s=200 d=89µs s=13498
INF http m=GET p=/assets/AdminDashboard-R0heLGro.css s=200 d=34µs s=601
INF http m=GET p=/assets/AdminDashboard-Cfrr1YY_.js s=200 d=36µs s=2075
INF http m=GET p=/manifest.webmanifest s=200 d=33µs s=199
INF http m=POST p=/api/v1/organizations/43LAFIPFK000/workspaces s=200 d=409ms s=298
INF http m=POST p=/api/v1/workspaces/43LAFE4AK000/nodes/0/page/create s=200 d=312ms s=26
INF http m=GET p=/api/v1/workspaces/43LAFE4AK000/nodes/titles s=200 d=193µs s=69
INF http m=GET p=/api/v1/workspaces/43LAFE4AK000/events s=200 d=532ms s=260
INF http m=POST p=/api/v1/auth/switch-workspace s=200 d=55.9ms s=605
INF http m=GET p=/api/v1/notifications/unread-count s=200 d=203µs s=25
INF http m=GET p=/api/v1/workspaces/43LAFJ7L4000/members s=200 d=161µs s=124
INF http m=GET p=/api/v1/workspaces/43LAFJ7L4000/nodes/0/children s=200 d=276µs s=26
INF http m=POST p=/api/v1/workspaces/43LAFJ7L4000/nodes/0/page/create s=200 d=35.5ms s=35
INF http m=GET p=/api/v1/workspaces/43LAFJ7L4000/nodes/0/children s=200 d=280µs s=257
INF http m=GET p=/api/v1/workspaces/43LAFJ7L4000/nodes/43LAFM7JM000 s=200 d=313µs s=245
INF http m=POST p=/api/v1/auth/register s=200 d=138ms s=398
INF http m=GET p=/ s=200 d=70µs s=532
INF http m=GET p=/assets/index-D8rN_C6i.js s=200 d=142µs s=49782
INF http m=GET p=/assets/index-BppjCDFJ.css s=200 d=120µs s=12398
INF http m=GET p=/registerSW.js s=200 d=68µs s=87
INF http m=GET p=/assets/vendor-Dz6kinLD.js s=200 d=100µs s=27873
INF http m=GET p=/assets/editor-vendor-DXykusy4.js s=200 d=117µs s=95952
INF http m=POST p=/api/v1/workspaces/43LAFJ7L4000/nodes/0/page/create s=200 d=49.1ms s=26
INF http m=POST p=/api/v1/workspaces/43LAFJ7L4000/nodes/0/page/create s=200 d=32.7ms s=26
INF http m=GET p=/assets/en-BOb8f2G7.js s=200 d=97µs s=5207
INF http m=GET p=/api/v1/auth/me s=200 d=700µs s=169
INF http m=GET p=/api/v1/workspaces/43LAFJ7L4000/nodes/43LAFOAL6000 s=200 d=221µs s=161
INF http m=GET p=/favicon.png s=200 d=46µs s=449
INF http m=GET p=/api/v1/notifications/unread-count s=200 d=211µs s=25
INF http m=GET p=/sw.js s=200 d=119µs s=5541
INF http m=GET p=/api/v1/workspaces/43LAFJ7L4000/events s=200 d=491ms s=256
INF http m=GET p=/registerSW.js s=200 d=38µs s=87
INF http m=GET p=/index.html s=200 d=36µs s=532
INF http m=GET p=/icon.svg s=200 d=56µs s=195
INF http m=GET p=/icon-512.png s=200 d=88µs s=6498
INF http m=GET p=/icon-192.png s=200 d=59µs s=2468
INF http m=GET p=/favicon.png s=200 d=83µs s=449
INF http m=GET p=/apple-touch-icon.png s=200 d=39µs s=2298
INF http m=POST p=/api/v1/organizations s=200 d=134ms s=356
INF http m=GET p=/assets/material-symbols-names-Dyx5m6Tf.js s=200 d=111µs s=15412
INF http m=GET p=/api/v1/auth/me s=200 d=13.2ms s=254
INF http m=GET p=/assets/fr-CgauyyXq.js s=200 d=123µs s=6301
INF http m=GET p=/assets/es-DHO8DnB9.js s=200 d=88µs s=6015
INF http m=GET p=/assets/emoji-groups-BpL1N8nI.js s=200 d=91µs s=13798
INF http m=GET p=/assets/de-qJeflSp6.js s=200 d=85µs s=6245
INF http m=GET p=/assets/WorkspaceSettingsPanel-CeaO382V.css s=200 d=62µs s=1021
INF http m=GET p=/assets/WorkspaceSettingsPanel-C0CeQhf8.js s=200 d=107µs s=4456
INF http m=GET p=/assets/ServerSettingsPanel-DsIxlWdC.css s=200 d=44µs s=593
INF http m=GET p=/assets/ServerSettingsPanel-Cmq42vr7.js s=200 d=45µs s=2538
INF http m=GET p=/assets/ResourceQuotaForm-Coc__0PE.js s=200 d=36µs s=813
INF http m=GET p=/assets/ResourceQuotaForm-AxNe1Ebg.css s=200 d=43µs s=302
INF http m=GET p=/assets/ProfileSettings-kJBJbTIc.css s=200 d=36µs s=1220
INF http m=GET p=/assets/ProfileSettings-HAdAXUp2.js s=200 d=65µs s=4325
INF http m=GET p=/assets/OrgSettingsPanel-CEubhZUp.css s=200 d=35µs s=509
INF http m=GET p=/assets/OrgSettingsPanel-B6q-g6eD.js s=200 d=51µs s=2306
INF http m=GET p=/assets/InviteForm-fXZCo6g3.js s=200 d=47µs s=1267
INF http m=GET p=/assets/InviteForm-CW-wgFWD.css s=200 d=43µs s=414
INF http m=GET p=/assets/Editor-CO3i7Yl7.css s=200 d=48µs s=2237
INF http m=GET p=/assets/Editor--AVOgcEK.js s=200 d=93µs s=13498
INF http m=GET p=/assets/AdminDashboard-R0heLGro.css s=200 d=43µs s=601
INF http m=GET p=/assets/AdminDashboard-Cfrr1YY_.js s=200 d=46µs s=2075
INF http m=GET p=/manifest.webmanifest s=200 d=37µs s=199
INF http m=POST p=/api/v1/organizations/43LAFP0P4000/workspaces s=200 d=557ms s=304
INF http m=POST p=/api/v1/auth/register s=200 d=451ms s=395
INF http m=GET p=/ s=200 d=56µs s=532
INF http m=GET p=/assets/index-BppjCDFJ.css s=200 d=360µs s=12398
INF http m=GET p=/assets/editor-vendor-DXykusy4.js s=200 d=133µs s=95952
INF http m=GET p=/assets/index-D8rN_C6i.js s=200 d=1.13ms s=49782
INF http m=GET p=/assets/vendor-Dz6kinLD.js s=200 d=108µs s=27873
INF http m=GET p=/registerSW.js s=200 d=42µs s=87
INF http m=POST p=/api/v1/auth/switch-workspace s=200 d=76ms s=579
INF http m=GET p=/api/v1/notifications/unread-count s=200 d=197µs s=25
INF http m=GET p=/api/v1/workspaces/43LAFQ06A000/nodes/0/children s=200 d=390µs s=26
INF http m=GET p=/api/v1/workspaces/43LAFQ06A000/members s=200 d=1.7ms s=127
INF http m=GET p=/api/v1/auth/me s=200 d=696µs s=170
INF http m=GET p=/assets/en-BOb8f2G7.js s=200 d=141µs s=5207
INF http m=GET p=/api/v1/notifications/unread-count s=200 d=324µs s=25
INF http m=GET p=/sw.js s=200 d=75µs s=5541
INF http m=GET p=/favicon.png s=200 d=24µs s=449
INF http m=POST p=/api/v1/workspaces/43LAFQ06A000/nodes/0/page/create s=200 d=42.8ms s=35
INF http m=GET p=/api/v1/workspaces/43LAFQ06A000/nodes/0/children s=200 d=773µs s=257
INF http m=GET p=/api/v1/workspaces/43LAFQ06A000/nodes/43LAFU49U000 s=200 d=728µs s=245
INF http m=GET p=/registerSW.js s=200 d=38µs s=87
INF http m=GET p=/index.html s=200 d=39µs s=532
INF http m=GET p=/icon.svg s=200 d=33µs s=195
INF http m=GET p=/icon-512.png s=200 d=71µs s=6498
INF http m=GET p=/icon-192.png s=200 d=45µs s=2468
INF http m=GET p=/favicon.png s=200 d=36µs s=449
INF http m=GET p=/apple-touch-icon.png s=200 d=34µs s=2298
INF http m=POST p=/api/v1/organizations s=200 d=84.1ms s=354
INF http m=GET p=/api/v1/auth/me s=200 d=2.95ms s=253
INF http m=GET p=/assets/material-symbols-names-Dyx5m6Tf.js s=200 d=165µs s=15412
INF http m=GET p=/assets/fr-CgauyyXq.js s=200 d=101µs s=6301
INF http m=GET p=/assets/es-DHO8DnB9.js s=200 d=79µs s=6015
INF http m=GET p=/assets/emoji-groups-BpL1N8nI.js s=200 d=115µs s=13798
INF http m=POST p=/api/v1/workspaces/43LAFQ06A000/nodes/0/page/create s=200 d=85.9ms s=26
INF http m=GET p=/w/@43LAFQ06A000+workspace/@43LAFU49U000+welcome s=200 d=36µs s=532
INF http m=GET p=/api/v1/workspaces/43LAFQ06A000/events s=200 d=223ms s=232
INF http m=GET p=/assets/de-qJeflSp6.js s=200 d=101µs s=6245
INF http m=GET p=/assets/WorkspaceSettingsPanel-CeaO382V.css s=200 d=40µs s=1021
INF http m=GET p=/assets/WorkspaceSettingsPanel-C0CeQhf8.js s=200 d=80µs s=4456
INF http m=GET p=/assets/ServerSettingsPanel-DsIxlWdC.css s=200 d=859µs s=593
INF http m=GET p=/api/v1/auth/me s=200 d=472µs s=356
INF http m=GET p=/assets/ServerSettingsPanel-Cmq42vr7.js s=200 d=64µs s=2538
INF http m=GET p=/assets/ResourceQuotaForm-Coc__0PE.js s=200 d=44µs s=813
INF http m=GET p=/assets/ResourceQuotaForm-AxNe1Ebg.css s=200 d=41µs s=302
INF http m=GET p=/assets/ProfileSettings-kJBJbTIc.css s=200 d=29µs s=1220
INF http m=GET p=/assets/ProfileSettings-HAdAXUp2.js s=200 d=75µs s=4325
INF http m=GET p=/api/v1/notifications/unread-count s=200 d=664µs s=25
INF http m=GET p=/assets/OrgSettingsPanel-CEubhZUp.css s=200 d=27µs s=509
INF http m=GET p=/api/v1/workspaces/43LAFQ06A000/nodes/43LAFU49U000 s=200 d=578µs s=245
INF http m=GET p=/api/v1/workspaces/43LAFQ06A000/nodes/0/children s=200 d=595µs s=238
INF http m=GET p=/api/v1/workspaces/43LAFQ06A000/members s=200 d=1.25ms s=127
INF http m=GET p=/assets/OrgSettingsPanel-B6q-g6eD.js s=200 d=38µs s=2306
INF http m=GET p=/assets/InviteForm-fXZCo6g3.js s=200 d=45µs s=1267
INF http m=GET p=/assets/InviteForm-CW-wgFWD.css s=200 d=32µs s=414
INF http m=GET p=/assets/Editor-CO3i7Yl7.css s=200 d=78µs s=2237
INF http m=GET p=/assets/Editor--AVOgcEK.js s=200 d=89µs s=13498
INF http m=GET p=/assets/AdminDashboard-R0heLGro.css s=200 d=35µs s=601
INF http m=GET p=/assets/AdminDashboard-Cfrr1YY_.js s=200 d=40µs s=2075
INF http m=GET p=/manifest.webmanifest s=200 d=27µs s=199
INF http m=GET p=/api/v1/workspaces/43LAFQ06A000/nodes/43LAFUQA6000 s=200 d=284µs s=142
INF http m=POST p=/api/v1/organizations/43LAFUABS000/workspaces s=200 d=434ms s=303
INF http m=POST p=/api/v1/auth/switch-workspace s=200 d=43.6ms s=572
INF http m=POST p=/api/v1/workspaces/43LAFQ06A000/nodes/43LAFUQA6000/page/create s=200 d=42.4ms s=35
INF http m=GET p=/api/v1/workspaces/43LAFQ06A000/nodes/43LAFUQA6000/children s=200 d=337µs s=136
INF http m=GET p=/api/v1/workspaces/43LAFUT8Q000/nodes/0/children s=200 d=304µs s=26
INF http m=GET p=/api/v1/workspaces/43LAFUT8Q000/members s=200 d=1.91ms s=130
INF http m=GET p=/api/v1/notifications/unread-count s=200 d=138µs s=25
INF http m=GET p=/api/v1/workspaces/43LAFQ06A000/nodes/43LAG1JTC000 s=200 d=436µs s=127
INF http m=POST p=/api/v1/workspaces/43LAFQ06A000/nodes/43LAFUQA6000/page s=200 d=34.9ms s=35
INF http m=GET p=/api/v1/workspaces/43LAFQ06A000/nodes/43LAFUQA6000 s=200 d=276µs s=191
INF http m=GET p=/api/v1/workspaces/43LAFQ06A000/nodes/43LAFUQA6000 s=200 d=343µs s=191
INF http m=GET p=/api/v1/workspaces/43LAFQ06A000/nodes/titles s=200 d=197µs s=52
INF http m=GET p=/api/v1/workspaces/43LAFQ06A000/nodes/43LAG1JTC000 s=200 d=566µs s=166
INF http m=POST p=/api/v1/workspaces/43LAFUT8Q000/nodes/0/page/create s=200 d=29.4ms s=35
INF http m=GET p=/api/v1/workspaces/43LAFUT8Q000/nodes/0/children s=200 d=726µs s=257
INF http m=GET p=/api/v1/workspaces/43LAFQ06A000/nodes/43LAFUQA6000 s=200 d=1.01ms s=191
INF http m=GET p=/api/v1/workspaces/43LAFUT8Q000/nodes/43LAG2286000 s=200 d=762µs s=245
INF http m=POST p=/api/v1/workspaces/43LAFUT8Q000/nodes/0/page/create s=200 d=16ms s=26
INF http m=POST p=/api/v1/workspaces/43LAFUT8Q000/nodes/0/page/create s=200 d=15.1ms s=26
INF http m=POST p=/api/v1/workspaces/43LAFUT8Q000/nodes/43LAG3RHA000/page s=200 d=15.1ms s=26
INF http m=GET p=/w/@43LAFUT8Q000+workspace/@43LAG2286000+welcome s=200 d=35µs s=532
INF http m=GET p=/api/v1/workspaces/43LAFUT8Q000/events s=200 d=371ms s=289
INF http m=GET p=/api/v1/auth/me s=200 d=948µs s=353
INF http m=GET p=/api/v1/workspaces/43LAFUT8Q000/nodes/0/children s=200 d=972µs s=301
INF http m=GET p=/api/v1/notifications/unread-count s=200 d=136µs s=25
INF http m=GET p=/api/v1/workspaces/43LAFUT8Q000/members s=200 d=490µs s=130
INF http m=GET p=/api/v1/workspaces/43LAFUT8Q000/nodes/43LAG2286000 s=200 d=738µs s=245
INF http m=GET p=/api/v1/workspaces/43LAFUT8Q000/nodes/43LAG3RHA000 s=200 d=404µs s=187
INF http m=GET p=/api/v1/workspaces/43LAFUT8Q000/nodes/titles s=200 d=287µs s=55
INF http m=POST p=/api/v1/workspaces/43LAFUT8Q000/nodes/43LAG3V50000/delete s=200 d=15.7ms s=16
INF http m=GET p=/w/@43LAFUT8Q000+invalid-links-workspace/@43LAG3RHA000+page-with-link s=200 d=38µs s=532
INF http m=GET p=/api/v1/workspaces/43LAFUT8Q000/events s=200 d=139ms s=208
INF http m=GET p=/api/v1/auth/me s=200 d=282µs s=353
INF http m=GET p=/api/v1/notifications/unread-count s=200 d=183µs s=25
INF http m=GET p=/api/v1/workspaces/43LAFUT8Q000/members s=200 d=155µs s=130
INF http m=GET p=/api/v1/workspaces/43LAFUT8Q000/nodes/43LAG3RHA000 s=200 d=285µs s=187
INF http m=GET p=/api/v1/workspaces/43LAFUT8Q000/nodes/0/children s=200 d=444µs s=292
INF http m=GET p=/api/v1/workspaces/43LAFUT8Q000/nodes/titles s=200 d=334µs s=27
INF http m=GET p=/api/v1/workspaces/43LAFUT8Q000/events s=200 d=140ms s=93
INF http m=POST p=/api/v1/auth/register s=200 d=146ms s=391
INF http m=GET p=/ s=200 d=65µs s=532
INF http m=GET p=/assets/index-BppjCDFJ.css s=200 d=147µs s=12398
INF http m=GET p=/assets/index-D8rN_C6i.js s=200 d=101µs s=49782
INF http m=GET p=/registerSW.js s=200 d=31µs s=87
INF http m=GET p=/assets/editor-vendor-DXykusy4.js s=200 d=120µs s=95952
INF http m=GET p=/assets/vendor-Dz6kinLD.js s=200 d=82µs s=27873
INF http m=GET p=/api/v1/auth/me s=200 d=568µs s=167
INF http m=GET p=/assets/en-BOb8f2G7.js s=200 d=77µs s=5207
INF http m=GET p=/favicon.png s=200 d=41µs s=449
INF http m=GET p=/api/v1/notifications/unread-count s=200 d=187µs s=25
INF http m=GET p=/sw.js s=200 d=93µs s=5541
INF http m=GET p=/registerSW.js s=200 d=35µs s=87
INF http m=GET p=/index.html s=200 d=33µs s=532
INF http m=GET p=/icon.svg s=200 d=30µs s=195
INF http m=GET p=/icon-512.png s=200 d=59µs s=6498
INF http m=GET p=/icon-192.png s=200 d=45µs s=2468
INF http m=GET p=/favicon.png s=200 d=34µs s=449
INF http m=GET p=/apple-touch-icon.png s=200 d=42µs s=2298
INF http m=POST p=/api/v1/organizations s=200 d=78ms s=351
INF http m=GET p=/api/v1/auth/me s=200 d=204µs s=252
INF http m=GET p=/assets/material-symbols-names-Dyx5m6Tf.js s=200 d=91µs s=15412
INF http m=GET p=/assets/fr-CgauyyXq.js s=200 d=101µs s=6301
INF http m=GET p=/assets/es-DHO8DnB9.js s=200 d=66µs s=6015
INF http m=GET p=/assets/emoji-groups-BpL1N8nI.js s=200 d=597µs s=13798
INF http m=GET p=/assets/de-qJeflSp6.js s=200 d=393µs s=6245
INF http m=GET p=/assets/WorkspaceSettingsPanel-CeaO382V.css s=200 d=33µs s=1021
INF http m=GET p=/assets/WorkspaceSettingsPanel-C0CeQhf8.js s=200 d=60µs s=4456
INF http m=GET p=/assets/ServerSettingsPanel-DsIxlWdC.css s=200 d=24µs s=593
INF http m=GET p=/assets/ServerSettingsPanel-Cmq42vr7.js s=200 d=36µs s=2538
INF http m=GET p=/assets/ResourceQuotaForm-Coc__0PE.js s=200 d=26µs s=813
INF http m=GET p=/assets/ResourceQuotaForm-AxNe1Ebg.css s=200 d=24µs s=302
INF http m=GET p=/assets/ProfileSettings-kJBJbTIc.css s=200 d=27µs s=1220
INF http m=GET p=/assets/ProfileSettings-HAdAXUp2.js s=200 d=66µs s=4325
INF http m=GET p=/assets/OrgSettingsPanel-CEubhZUp.css s=200 d=22µs s=509
INF http m=GET p=/assets/OrgSettingsPanel-B6q-g6eD.js s=200 d=35µs s=2306
INF http m=GET p=/assets/InviteForm-fXZCo6g3.js s=200 d=26µs s=1267
INF http m=GET p=/assets/InviteForm-CW-wgFWD.css s=200 d=32µs s=414
INF http m=GET p=/assets/Editor-CO3i7Yl7.css s=200 d=41µs s=2237
INF http m=GET p=/assets/Editor--AVOgcEK.js s=200 d=96µs s=13498
INF http m=GET p=/assets/AdminDashboard-R0heLGro.css s=200 d=33µs s=601
INF http m=GET p=/assets/AdminDashboard-Cfrr1YY_.js s=200 d=32µs s=2075
INF http m=GET p=/manifest.webmanifest s=200 d=26µs s=199
INF http m=GET p=/sw.js s=200 d=142µs s=5541
INF http m=POST p=/api/v1/organizations/43LAG92H6000/workspaces s=200 d=354ms s=299
INF http m=POST p=/api/v1/auth/switch-workspace s=200 d=48.3ms s=608
INF http m=GET p=/api/v1/notifications/unread-count s=200 d=593µs s=25
INF http m=GET p=/api/v1/workspaces/43LAG9J2C000/nodes/0/children s=200 d=683µs s=26
INF http m=GET p=/api/v1/workspaces/43LAG9J2C000/members s=200 d=538µs s=126
INF http m=POST p=/api/v1/workspaces/43LAG9J2C000/nodes/0/page/create s=200 d=20ms s=35
INF http m=GET p=/api/v1/workspaces/43LAG9J2C000/nodes/0/children s=200 d=283µs s=257
INF http m=GET p=/api/v1/workspaces/43LAG9J2C000/nodes/43LAGC5IU000 s=200 d=236µs s=245
INF http m=POST p=/api/v1/workspaces/43LAG9J2C000/nodes/0/page/create s=200 d=15.3ms s=26
INF http m=POST p=/api/v1/workspaces/43LAG9J2C000/nodes/0/page/create s=200 d=17.6ms s=26
INF http m=POST p=/api/v1/workspaces/43LAFQ06A000/nodes/43LAG1JTC000/page s=200 d=17.9ms s=35
INF http m=POST p=/api/v1/workspaces/43LAG9J2C000/nodes/43LAGEHIE000/page s=200 d=18ms s=26
INF http m=GET p=/w/@43LAG9J2C000+workspace/@43LAGC5IU000+welcome s=200 d=38µs s=532
INF http m=GET p=/api/v1/workspaces/43LAG9J2C000/events s=200 d=457ms s=283
INF http m=GET p=/api/v1/auth/me s=200 d=301µs s=352
INF http m=GET p=/api/v1/notifications/unread-count s=200 d=180µs s=25
INF http m=GET p=/api/v1/workspaces/43LAG9J2C000/nodes/0/children s=200 d=376µs s=318
INF http m=GET p=/api/v1/workspaces/43LAG9J2C000/members s=200 d=152µs s=126
INF http m=GET p=/api/v1/workspaces/43LAG9J2C000/nodes/43LAGC5IU000 s=200 d=992µs s=245
INF http m=GET p=/api/v1/workspaces/43LAG9J2C000/nodes/43LAGEHIE000 s=200 d=334µs s=227
INF http m=GET p=/api/v1/workspaces/43LAG9J2C000/nodes/titles s=200 d=302µs s=55
INF http m=GET p=/api/v1/workspaces/43LAG9J2C000/nodes/43LAGEKVE000 s=200 d=340µs s=144
INF http m=GET p=/api/v1/workspaces/43LAG9J2C000/events s=200 d=159ms s=93
INF http m=GET p=/login s=200 d=46µs s=532
INF http m=GET p=/assets/index-D8rN_C6i.js s=200 d=159µs s=49782
INF http m=GET p=/assets/index-BppjCDFJ.css s=200 d=748µs s=12398
INF http m=GET p=/assets/editor-vendor-DXykusy4.js s=200 d=163µs s=95952
INF http m=GET p=/assets/vendor-Dz6kinLD.js s=200 d=122µs s=27873
INF http m=GET p=/registerSW.js s=200 d=35µs s=87
INF http m=GET p=/api/v1/auth/providers s=200 d=173µs s=59
INF http m=GET p=/assets/en-BOb8f2G7.js s=200 d=69µs s=5207
INF http m=GET p=/favicon.png s=200 d=44µs s=449
INF http m=GET p=/sw.js s=200 d=81µs s=5541
INF http m=GET p=/registerSW.js s=200 d=46µs s=87
INF http m=GET p=/index.html s=200 d=85µs s=532
INF http m=GET p=/icon.svg s=200 d=39µs s=195
INF http m=GET p=/icon-512.png s=200 d=79µs s=6498
INF http m=GET p=/icon-192.png s=200 d=65µs s=2468
INF http m=GET p=/favicon.png s=200 d=48µs s=449
INF http m=GET p=/apple-touch-icon.png s=200 d=49µs s=2298
INF http m=GET p=/assets/material-symbols-names-Dyx5m6Tf.js s=200 d=93µs s=15412
INF http m=GET p=/assets/fr-CgauyyXq.js s=200 d=91µs s=6301
INF http m=GET p=/assets/es-DHO8DnB9.js s=200 d=72µs s=6015
INF http m=GET p=/assets/emoji-groups-BpL1N8nI.js s=200 d=104µs s=13798
INF http m=GET p=/assets/de-qJeflSp6.js s=200 d=96µs s=6245
INF http m=GET p=/assets/WorkspaceSettingsPanel-CeaO382V.css s=200 d=98µs s=1021
INF http m=GET p=/assets/WorkspaceSettingsPanel-C0CeQhf8.js s=200 d=78µs s=4456
INF http m=GET p=/assets/ServerSettingsPanel-DsIxlWdC.css s=200 d=47µs s=593
INF http m=GET p=/assets/ServerSettingsPanel-Cmq42vr7.js s=200 d=32µs s=2538
INF http m=GET p=/assets/ResourceQuotaForm-Coc__0PE.js s=200 d=26µs s=813
INF http m=GET p=/assets/ResourceQuotaForm-AxNe1Ebg.css s=200 d=34µs s=302
INF http m=GET p=/assets/ProfileSettings-kJBJbTIc.css s=200 d=33µs s=1220
INF http m=GET p=/assets/ProfileSettings-HAdAXUp2.js s=200 d=83µs s=4325
INF http m=GET p=/assets/OrgSettingsPanel-CEubhZUp.css s=200 d=24µs s=509
INF http m=GET p=/assets/OrgSettingsPanel-B6q-g6eD.js s=200 d=40µs s=2306
INF http m=GET p=/assets/InviteForm-fXZCo6g3.js s=200 d=26µs s=1267
INF http m=GET p=/assets/InviteForm-CW-wgFWD.css s=200 d=32µs s=414
INF http m=GET p=/assets/Editor-CO3i7Yl7.css s=200 d=36µs s=2237
INF http m=GET p=/assets/Editor--AVOgcEK.js s=200 d=71µs s=13498
INF http m=GET p=/assets/AdminDashboard-R0heLGro.css s=200 d=36µs s=601
INF http m=GET p=/assets/AdminDashboard-Cfrr1YY_.js s=200 d=38µs s=2075
INF http m=GET p=/manifest.webmanifest s=200 d=24µs s=199
INF http m=GET p=/api/v1/workspaces/43LAFQ06A000/nodes/43LAFUQA6000 s=200 d=285µs s=191
INF http m=POST p=/api/v1/auth/register s=200 d=142ms s=379
INF http m=GET p=/api/v1/auth/me s=200 d=175µs s=212
INF http m=GET p=/api/v1/notifications/unread-count s=200 d=157µs s=25
INF http m=GET p=/api/v1/workspaces/43LAFQ06A000/nodes/titles s=200 d=434µs s=54
INF http m=GET p=/api/v1/workspaces/43LAFQ06A000/events s=200 d=3.33s s=269
INF http m=POST p=/api/v1/organizations s=200 d=72.9ms s=355
INF http m=GET p=/api/v1/auth/me s=200 d=662µs s=255
INF http m=POST p=/api/v1/organizations/43LAGK4TM000/workspaces s=200 d=527ms s=293
INF http m=POST p=/api/v1/auth/register s=200 d=409ms s=403
INF http m=GET p=/ s=200 d=57µs s=532
INF http m=GET p=/assets/index-D8rN_C6i.js s=200 d=190µs s=49782
INF http m=GET p=/assets/index-BppjCDFJ.css s=200 d=135µs s=12398
INF http m=GET p=/assets/editor-vendor-DXykusy4.js s=200 d=231µs s=95952
INF http m=GET p=/assets/vendor-Dz6kinLD.js s=200 d=130µs s=27873
INF http m=GET p=/registerSW.js s=200 d=28µs s=87
INF http m=POST p=/api/v1/auth/switch-workspace s=200 d=63.1ms s=565
INF http m=GET p=/api/v1/workspaces/43LAGKKKE000/nodes/0/children s=200 d=334µs s=26
INF http m=GET p=/api/v1/workspaces/43LAGKKKE000/members s=200 d=1.05ms s=117
INF http m=GET p=/api/v1/notifications/unread-count s=200 d=1.25ms s=25
INF http m=POST p=/api/v1/workspaces/43LAGKKKE000/nodes/0/page/create s=200 d=23.4ms s=35
INF http m=GET p=/api/v1/workspaces/43LAGKKKE000/nodes/0/children s=200 d=311µs s=257
INF http m=GET p=/api/v1/workspaces/43LAGKKKE000/nodes/43LAGOE7Q000 s=200 d=285µs s=245
INF http m=GET p=/api/v1/auth/me s=200 d=394µs s=170
INF http m=GET p=/assets/en-BOb8f2G7.js s=200 d=118µs s=5207
INF http m=GET p=/api/v1/notifications/unread-count s=200 d=255µs s=25
INF http m=GET p=/favicon.png s=200 d=38µs s=449
INF http m=GET p=/sw.js s=200 d=121µs s=5541
INF http m=GET p=/registerSW.js s=200 d=38µs s=87
INF http m=GET p=/index.html s=200 d=42µs s=532
INF http m=GET p=/icon.svg s=200 d=26µs s=195
INF http m=GET p=/icon-512.png s=200 d=61µs s=6498
INF http m=GET p=/icon-192.png s=200 d=37µs s=2468
INF http m=GET p=/favicon.png s=200 d=20µs s=449
INF http m=POST p=/api/v1/organizations s=200 d=68.1ms s=355
INF http m=GET p=/apple-touch-icon.png s=200 d=32µs s=2298
INF http m=GET p=/api/v1/auth/me s=200 d=229µs s=256
INF http m=GET p=/assets/material-symbols-names-Dyx5m6Tf.js s=200 d=149µs s=15412
INF http m=GET p=/assets/fr-CgauyyXq.js s=200 d=89µs s=6301
INF http m=GET p=/assets/es-DHO8DnB9.js s=200 d=109µs s=6015
INF http m=GET p=/assets/emoji-groups-BpL1N8nI.js s=200 d=88µs s=13798
INF http m=GET p=/assets/de-qJeflSp6.js s=200 d=93µs s=6245
INF http m=GET p=/assets/WorkspaceSettingsPanel-CeaO382V.css s=200 d=34µs s=1021
INF http m=GET p=/assets/WorkspaceSettingsPanel-C0CeQhf8.js s=200 d=61µs s=4456
INF http m=GET p=/assets/ServerSettingsPanel-DsIxlWdC.css s=200 d=25µs s=593
INF http m=GET p=/assets/ServerSettingsPanel-Cmq42vr7.js s=200 d=34µs s=2538
INF http m=GET p=/assets/ResourceQuotaForm-Coc__0PE.js s=200 d=27µs s=813
INF http m=GET p=/assets/ResourceQuotaForm-AxNe1Ebg.css s=200 d=25µs s=302
INF http m=GET p=/assets/ProfileSettings-kJBJbTIc.css s=200 d=28µs s=1220
INF http m=GET p=/assets/ProfileSettings-HAdAXUp2.js s=200 d=63µs s=4325
INF http m=GET p=/assets/OrgSettingsPanel-CEubhZUp.css s=200 d=24µs s=509
INF http m=GET p=/assets/OrgSettingsPanel-B6q-g6eD.js s=200 d=31µs s=2306
INF http m=GET p=/assets/InviteForm-fXZCo6g3.js s=200 d=25µs s=1267
INF http m=GET p=/assets/InviteForm-CW-wgFWD.css s=200 d=29µs s=414
INF http m=GET p=/assets/Editor-CO3i7Yl7.css s=200 d=32µs s=2237
INF http m=GET p=/assets/Editor--AVOgcEK.js s=200 d=71µs s=13498
INF http m=GET p=/assets/AdminDashboard-R0heLGro.css s=200 d=26µs s=601
INF http m=GET p=/assets/AdminDashboard-Cfrr1YY_.js s=200 d=34µs s=2075
INF http m=GET p=/manifest.webmanifest s=200 d=29µs s=199
INF http m=GET p=/api/v1/workspaces/43LAGKKKE000/events s=200 d=398ms s=207
INF http m=POST p=/api/v1/organizations/43LAGOOGC000/workspaces s=200 d=435ms s=306
INF http m=POST p=/api/v1/auth/switch-workspace s=200 d=82.4ms s=578
INF http m=GET p=/api/v1/notifications/unread-count s=200 d=19.5ms s=25
INF http m=GET p=/api/v1/workspaces/43LAGP6LI000/members s=200 d=15ms s=122
INF http m=GET p=/api/v1/workspaces/43LAGP6LI000/nodes/0/children s=200 d=14.4ms s=26
INF http m=POST p=/api/v1/auth/register s=200 d=180ms s=402
INF http m=GET p=/ s=200 d=61µs s=532
INF http m=POST p=/api/v1/workspaces/43LAGP6LI000/nodes/0/page/create s=200 d=82.8ms s=35
INF http m=GET p=/api/v1/workspaces/43LAGP6LI000/nodes/0/children s=200 d=724µs s=257
INF http m=GET p=/api/v1/workspaces/43LAGP6LI000/nodes/43LAGSMM4000 s=200 d=741µs s=245
INF http m=GET p=/assets/index-D8rN_C6i.js s=200 d=178µs s=49782
INF http m=GET p=/assets/vendor-Dz6kinLD.js s=200 d=130µs s=27873
INF http m=GET p=/assets/editor-vendor-DXykusy4.js s=200 d=154µs s=95952
INF http m=GET p=/assets/index-BppjCDFJ.css s=200 d=142µs s=12398
INF http m=GET p=/registerSW.js s=200 d=36µs s=87
INF http m=GET p=/api/v1/auth/me s=200 d=1.04ms s=168
INF http m=GET p=/assets/en-BOb8f2G7.js s=200 d=85µs s=5207
INF http m=GET p=/sw.js s=200 d=99µs s=5541
INF http m=GET p=/api/v1/notifications/unread-count s=200 d=268µs s=25
INF http m=GET p=/api/v1/auth/me s=200 d=254µs s=377
INF http m=GET p=/registerSW.js s=200 d=62µs s=87
INF http m=GET p=/favicon.png s=200 d=30µs s=449
INF http m=GET p=/index.html s=200 d=25µs s=532
INF http m=GET p=/icon.svg s=200 d=39µs s=195
INF http m=GET p=/icon-512.png s=200 d=108µs s=6498
INF http m=GET p=/icon-192.png s=200 d=78µs s=2468
INF http m=GET p=/favicon.png s=200 d=38µs s=449
INF http m=GET p=/apple-touch-icon.png s=200 d=38µs s=2298
INF http m=GET p=/assets/material-symbols-names-Dyx5m6Tf.js s=200 d=98µs s=15412
INF http m=POST p=/api/v1/organizations s=200 d=100ms s=353
INF http m=GET p=/api/v1/auth/me s=200 d=683µs s=253
INF http m=GET p=/assets/fr-CgauyyXq.js s=200 d=80µs s=6301
INF http m=GET p=/assets/es-DHO8DnB9.js s=200 d=124µs s=6015
INF http m=GET p=/assets/emoji-groups-BpL1N8nI.js s=200 d=84µs s=13798
INF http m=GET p=/assets/de-qJeflSp6.js s=200 d=83µs s=6245
INF http m=GET p=/assets/WorkspaceSettingsPanel-CeaO382V.css s=200 d=35µs s=1021
INF http m=POST p=/api/v1/auth/register s=200 d=139ms s=404
INF http m=GET p=/api/v1/auth/me s=200 d=136µs s=182
INF http m=GET p=/assets/WorkspaceSettingsPanel-C0CeQhf8.js s=200 d=68µs s=4456
INF http m=GET p=/assets/ServerSettingsPanel-DsIxlWdC.css s=200 d=58µs s=593
INF http m=GET p=/assets/ServerSettingsPanel-Cmq42vr7.js s=200 d=68µs s=2538
INF http m=GET p=/assets/ResourceQuotaForm-Coc__0PE.js s=200 d=26µs s=813
INF http m=GET p=/assets/ResourceQuotaForm-AxNe1Ebg.css s=200 d=25µs s=302
INF http m=GET p=/assets/ProfileSettings-kJBJbTIc.css s=200 d=24µs s=1220
INF http m=GET p=/assets/ProfileSettings-HAdAXUp2.js s=200 d=51µs s=4325
INF http m=GET p=/assets/OrgSettingsPanel-CEubhZUp.css s=200 d=23µs s=509
INF http m=GET p=/assets/OrgSettingsPanel-B6q-g6eD.js s=200 d=41µs s=2306
INF http m=GET p=/assets/InviteForm-fXZCo6g3.js s=200 d=26µs s=1267
INF http m=GET p=/assets/InviteForm-CW-wgFWD.css s=200 d=34µs s=414
INF http m=GET p=/assets/Editor-CO3i7Yl7.css s=200 d=32µs s=2237
INF http m=GET p=/assets/Editor--AVOgcEK.js s=200 d=65µs s=13498
INF http m=GET p=/assets/AdminDashboard-R0heLGro.css s=200 d=26µs s=601
INF http m=GET p=/assets/AdminDashboard-Cfrr1YY_.js s=200 d=40µs s=2075
INF http m=GET p=/manifest.webmanifest s=200 d=23µs s=199
INF http m=POST p=/api/v1/organizations/43LAGU9QO000/workspaces s=200 d=383ms s=301
INF http m=POST p=/api/v1/organizations/43LAGOOGC000/users/role s=200 d=349ms s=260
INF http m=POST p=/api/v1/auth/switch-workspace s=200 d=78ms s=578
INF http m=POST p=/api/v1/workspaces/43LAGP6LI000/users/role s=200 d=44.7ms s=331
INF http m=GET p=/api/v1/organizations/43LAGOOGC000/users s=200 d=492µs s=456
INF http m=GET p=/api/v1/workspaces/43LAGUUUG000/nodes/0/children s=200 d=722µs s=26
INF http m=GET p=/api/v1/notifications/unread-count s=200 d=2.66ms s=25
INF http m=GET p=/settings/org/43LAGOOGC000 s=200 d=261µs s=532
INF http m=GET p=/api/v1/workspaces/43LAGUUUG000/members s=200 d=9.3ms s=128
INF http m=GET p=/api/v1/workspaces/43LAGP6LI000/events s=200 d=871ms s=207
INF http m=POST p=/api/v1/workspaces/43LAGUUUG000/nodes/0/page/create s=200 d=33ms s=35
INF http m=GET p=/api/v1/workspaces/43LAGUUUG000/nodes/0/children s=200 d=310µs s=257
INF http m=GET p=/api/v1/workspaces/43LAGUUUG000/nodes/43LAH1SD2000 s=200 d=394µs s=245
INF http m=GET p=/api/v1/auth/me s=200 d=286µs s=358
INF http m=GET p=/api/v1/notifications/unread-count s=200 d=432µs s=25
INF http m=GET p=/api/v1/organizations/43LAGOOGC000/invitations s=200 d=536µs s=34
INF http m=GET p=/api/v1/organizations/43LAGOOGC000/users s=200 d=1.17ms s=417
INF http m=POST p=/api/v1/organizations/43LAGOOGC000/users/remove s=200 d=43.4ms s=25
INF http m=GET p=/api/v1/organizations/43LAGOOGC000/invitations s=200 d=300µs s=34
INF http m=GET p=/api/v1/organizations/43LAGOOGC000/users s=200 d=1.12ms s=333
INF http m=GET p=/api/v1/auth/me s=200 d=320µs s=378
ERR Handler error err="cannot remove yourself" statusCode=403 code=FORBIDDEN
INF http m=POST p=/api/v1/organizations/43LAGU9QO000/users/remove s=403 d=6.03ms s=70
INF http m=GET p=/api/v1/workspaces/43LAGUUUG000/events s=200 d=339ms s=208
INF http m=GET p=/api/v1/organizations/43LAGOOGC000/users s=200 d=607µs s=363
INF http m=GET p=/api/v1/auth/me s=200 d=140µs s=182
INF http m=POST p=/api/v1/auth/register s=200 d=215ms s=420
INF http m=GET p=/ s=200 d=72µs s=532
INF http m=GET p=/assets/index-D8rN_C6i.js s=200 d=168µs s=49782
INF http m=GET p=/assets/index-BppjCDFJ.css s=200 d=138µs s=12398
INF http m=GET p=/assets/editor-vendor-DXykusy4.js s=200 d=232µs s=95952
INF http m=GET p=/assets/vendor-Dz6kinLD.js s=200 d=158µs s=27873
INF http m=GET p=/registerSW.js s=200 d=39µs s=87
INF http m=GET p=/api/v1/auth/me s=200 d=733µs s=171
INF http m=POST p=/api/v1/auth/register s=200 d=291ms s=392
INF http m=GET p=/assets/en-BOb8f2G7.js s=200 d=79µs s=5207
INF http m=GET p=/ s=200 d=74µs s=532
INF http m=GET p=/api/v1/notifications/unread-count s=200 d=213µs s=25
INF http m=GET p=/assets/index-BppjCDFJ.css s=200 d=164µs s=12398
INF http m=GET p=/assets/editor-vendor-DXykusy4.js s=200 d=196µs s=95952
INF http m=GET p=/registerSW.js s=200 d=38µs s=87
INF http m=GET p=/assets/index-D8rN_C6i.js s=200 d=129µs s=49782
INF http m=GET p=/assets/vendor-Dz6kinLD.js s=200 d=132µs s=27873
INF http m=GET p=/favicon.png s=200 d=36µs s=449
INF http m=GET p=/sw.js s=200 d=101µs s=5541
INF http m=GET p=/registerSW.js s=200 d=39µs s=87
INF http m=GET p=/index.html s=200 d=37µs s=532
INF http m=GET p=/icon.svg s=200 d=62µs s=195
INF http m=POST p=/api/v1/organizations s=200 d=129ms s=357
INF http m=GET p=/api/v1/auth/me s=200 d=646µs s=255
INF http m=GET p=/icon-512.png s=200 d=66µs s=6498
INF http m=GET p=/icon-192.png s=200 d=64µs s=2468
INF http m=GET p=/favicon.png s=200 d=47µs s=449
INF http m=GET p=/api/v1/auth/me s=200 d=692µs s=166
INF http m=GET p=/assets/en-BOb8f2G7.js s=200 d=93µs s=5207
INF http m=GET p=/apple-touch-icon.png s=200 d=76µs s=2298
INF http m=GET p=/api/v1/notifications/unread-count s=200 d=1.77ms s=25
INF http m=GET p=/favicon.png s=200 d=44µs s=449
INF http m=GET p=/assets/material-symbols-names-Dyx5m6Tf.js s=200 d=133µs s=15412
INF http m=GET p=/sw.js s=200 d=93µs s=5541
INF http m=GET p=/registerSW.js s=200 d=39µs s=87
INF http m=GET p=/assets/fr-CgauyyXq.js s=200 d=79µs s=6301
INF http m=GET p=/index.html s=200 d=32µs s=532
INF http m=GET p=/assets/es-DHO8DnB9.js s=200 d=157µs s=6015
INF http m=GET p=/icon.svg s=200 d=36µs s=195
INF http m=GET p=/assets/emoji-groups-BpL1N8nI.js s=200 d=82µs s=13798
INF http m=GET p=/icon-512.png s=200 d=48µs s=6498
INF http m=GET p=/icon-192.png s=200 d=40µs s=2468
INF http m=GET p=/favicon.png s=200 d=32µs s=449
INF http m=GET p=/apple-touch-icon.png s=200 d=53µs s=2298
INF http m=GET p=/assets/material-symbols-names-Dyx5m6Tf.js s=200 d=97µs s=15412
INF http m=GET p=/assets/fr-CgauyyXq.js s=200 d=362µs s=6301
INF http m=GET p=/assets/es-DHO8DnB9.js s=200 d=61µs s=6015
INF http m=POST p=/api/v1/organizations s=200 d=184ms s=350
INF http m=GET p=/assets/de-qJeflSp6.js s=200 d=77µs s=6245
INF http m=GET p=/assets/emoji-groups-BpL1N8nI.js s=200 d=148µs s=13798
INF http m=GET p=/api/v1/auth/me s=200 d=2.61ms s=250
INF http m=GET p=/assets/WorkspaceSettingsPanel-CeaO382V.css s=200 d=44µs s=1021
INF http m=GET p=/assets/WorkspaceSettingsPanel-C0CeQhf8.js s=200 d=2.53ms s=4456
INF http m=GET p=/assets/ServerSettingsPanel-DsIxlWdC.css s=200 d=56µs s=593
INF http m=GET p=/assets/ServerSettingsPanel-Cmq42vr7.js s=200 d=82µs s=2538
INF http m=GET p=/assets/ResourceQuotaForm-Coc__0PE.js s=200 d=56µs s=813
INF http m=GET p=/assets/de-qJeflSp6.js s=200 d=102µs s=6245
INF http m=GET p=/assets/ResourceQuotaForm-AxNe1Ebg.css s=200 d=28µs s=302
INF http m=GET p=/assets/ProfileSettings-kJBJbTIc.css s=200 d=39µs s=1220
INF http m=GET p=/assets/WorkspaceSettingsPanel-CeaO382V.css s=200 d=32µs s=1021
INF http m=GET p=/assets/ProfileSettings-HAdAXUp2.js s=200 d=59µs s=4325
INF http m=GET p=/assets/WorkspaceSettingsPanel-C0CeQhf8.js s=200 d=64µs s=4456
INF http m=GET p=/assets/ServerSettingsPanel-DsIxlWdC.css s=200 d=345µs s=593
INF http m=GET p=/assets/OrgSettingsPanel-CEubhZUp.css s=200 d=33µs s=509
INF http m=GET p=/assets/ServerSettingsPanel-Cmq42vr7.js s=200 d=77µs s=2538
INF http m=GET p=/assets/OrgSettingsPanel-B6q-g6eD.js s=200 d=160µs s=2306
INF http m=GET p=/assets/ResourceQuotaForm-Coc__0PE.js s=200 d=31µs s=813
INF http m=GET p=/assets/ResourceQuotaForm-AxNe1Ebg.css s=200 d=44µs s=302
INF http m=GET p=/assets/InviteForm-fXZCo6g3.js s=200 d=33µs s=1267
INF http m=GET p=/assets/ProfileSettings-kJBJbTIc.css s=200 d=34µs s=1220
INF http m=GET p=/assets/InviteForm-CW-wgFWD.css s=200 d=35µs s=414
INF http m=GET p=/assets/ProfileSettings-HAdAXUp2.js s=200 d=71µs s=4325
INF http m=GET p=/assets/Editor-CO3i7Yl7.css s=200 d=40µs s=2237
INF http m=GET p=/assets/OrgSettingsPanel-CEubhZUp.css s=200 d=28µs s=509
INF http m=GET p=/assets/Editor--AVOgcEK.js s=200 d=95µs s=13498
INF http m=GET p=/assets/OrgSettingsPanel-B6q-g6eD.js s=200 d=39µs s=2306
INF http m=GET p=/assets/AdminDashboard-R0heLGro.css s=200 d=22µs s=601
INF http m=GET p=/assets/AdminDashboard-Cfrr1YY_.js s=200 d=46µs s=2075
INF http m=GET p=/assets/InviteForm-fXZCo6g3.js s=200 d=21µs s=1267
INF http m=GET p=/assets/InviteForm-CW-wgFWD.css s=200 d=29µs s=414
INF http m=GET p=/manifest.webmanifest s=200 d=34µs s=199
INF http m=GET p=/assets/Editor-CO3i7Yl7.css s=200 d=39µs s=2237
INF http m=GET p=/assets/Editor--AVOgcEK.js s=200 d=76µs s=13498
INF http m=GET p=/assets/AdminDashboard-R0heLGro.css s=200 d=31µs s=601
INF http m=GET p=/assets/AdminDashboard-Cfrr1YY_.js s=200 d=54µs s=2075
INF http m=GET p=/manifest.webmanifest s=200 d=28µs s=199
INF http m=POST p=/api/v1/organizations/43LAH7UAG000/workspaces s=200 d=672ms s=302
INF http m=POST p=/api/v1/organizations/43LAH9442000/workspaces s=200 d=724ms s=298
INF http m=POST p=/api/v1/auth/switch-workspace s=200 d=350ms s=572
INF http m=POST p=/api/v1/auth/switch-workspace s=200 d=47ms s=612
INF http m=GET p=/api/v1/notifications/unread-count s=200 d=639µs s=25
INF http m=GET p=/api/v1/workspaces/43LAH8Q54000/nodes/0/children s=200 d=403µs s=26
INF http m=GET p=/api/v1/workspaces/43LAH8Q54000/members s=200 d=11.4ms s=121
INF http m=GET p=/api/v1/notifications/unread-count s=200 d=10.1ms s=25
INF http m=GET p=/api/v1/workspaces/43LAHACB4000/members s=200 d=4.7ms s=126
INF http m=GET p=/api/v1/workspaces/43LAHACB4000/nodes/0/children s=200 d=6.19ms s=26
INF http m=POST p=/api/v1/workspaces/43LAH8Q54000/nodes/0/page/create s=200 d=30ms s=35
INF http m=GET p=/api/v1/workspaces/43LAH8Q54000/nodes/0/children s=200 d=701µs s=257
INF http m=GET p=/api/v1/workspaces/43LAH8Q54000/nodes/43LAHF6HS000 s=200 d=712µs s=245
INF http m=POST p=/api/v1/workspaces/43LAHACB4000/nodes/0/page/create s=200 d=28ms s=35
INF http m=GET p=/api/v1/workspaces/43LAHACB4000/nodes/0/children s=200 d=532µs s=257
INF http m=GET p=/api/v1/workspaces/43LAHACB4000/nodes/43LAHFCAS000 s=200 d=735µs s=245
INF http m=GET p=/api/v1/auth/me s=200 d=212µs s=374
INF http m=POST p=/api/v1/auth/register s=200 d=106ms s=433
INF http m=GET p=/api/v1/auth/me s=200 d=133µs s=185
INF http m=POST p=/api/v1/organizations/43LAH7UAG000/users/role s=200 d=39.7ms s=260
ERR Handler error err="cannot remove the last owner" statusCode=403 code=FORBIDDEN
INF http m=POST p=/api/v1/organizations/43LAH7UAG000/users/remove s=403 d=5.98ms s=76
INF http m=GET p=/api/v1/workspaces/43LAH8Q54000/events s=200 d=961ms s=207
INF http m=POST p=/api/v1/workspaces/43LAHACB4000/nodes/0/page/create s=200 d=23.4ms s=26
INF http m=POST p=/api/v1/workspaces/43LAHACB4000/nodes/0/page/create s=200 d=31.4ms s=26
INF http m=GET p=/w/@43LAHACB4000+workspace/@43LAHFCAS000+welcome s=200 d=51µs s=532
INF http m=GET p=/api/v1/workspaces/43LAHACB4000/events s=200 d=1s s=260
INF http m=GET p=/api/v1/auth/me s=200 d=750µs s=354
INF http m=GET p=/api/v1/notifications/unread-count s=200 d=267µs s=25
INF http m=GET p=/api/v1/workspaces/43LAHACB4000/members s=200 d=493µs s=126
INF http m=GET p=/api/v1/workspaces/43LAHACB4000/nodes/0/children s=200 d=832µs s=281
INF http m=GET p=/api/v1/workspaces/43LAHACB4000/nodes/43LAHFCAS000 s=200 d=2.61ms s=245
INF http m=GET p=/api/v1/workspaces/43LAHACB4000/nodes/43LAHKU16000 s=200 d=312µs s=141
INF http m=POST p=/api/v1/auth/register s=200 d=184ms s=394
INF http m=GET p=/ s=200 d=56µs s=532
INF http m=GET p=/assets/index-D8rN_C6i.js s=200 d=168µs s=49782
INF http m=GET p=/assets/index-BppjCDFJ.css s=200 d=130µs s=12398
INF http m=GET p=/assets/editor-vendor-DXykusy4.js s=200 d=174µs s=95952
INF http m=GET p=/assets/vendor-Dz6kinLD.js s=200 d=103µs s=27873
INF http m=GET p=/registerSW.js s=200 d=58µs s=87
INF http m=GET p=/api/v1/workspaces/43LAHACB4000/nodes/43LAHL41O000 s=200 d=259µs s=132
INF http m=POST p=/api/v1/workspaces/43LAHACB4000/nodes/43LAHKU16000/page s=200 d=72.1ms s=35
INF http m=GET p=/api/v1/auth/me s=200 d=269µs s=168
INF http m=GET p=/assets/en-BOb8f2G7.js s=200 d=75µs s=5207
INF http m=GET p=/api/v1/notifications/unread-count s=200 d=595µs s=25
INF http m=GET p=/api/v1/workspaces/43LAHACB4000/nodes/43LAHKU16000 s=200 d=807µs s=179
INF http m=GET p=/favicon.png s=200 d=32µs s=449
INF http m=GET p=/sw.js s=200 d=82µs s=5541
INF http m=GET p=/api/v1/workspaces/43LAHACB4000/nodes/43LAHKU16000/page s=200 d=453µs s=136
INF http m=GET p=/registerSW.js s=200 d=37µs s=87
INF http m=GET p=/w/@43LAHACB4000+rename-navs-workspace/@43LAHKU16000+renamed-page-title s=200 d=25µs s=532
INF http m=GET p=/index.html s=200 d=63µs s=532
INF http m=GET p=/api/v1/workspaces/43LAHACB4000/events s=200 d=417ms s=207
INF http m=GET p=/icon.svg s=200 d=37µs s=195
INF http m=GET p=/icon-512.png s=200 d=79µs s=6498
INF http m=GET p=/icon-192.png s=200 d=94µs s=2468
INF http m=GET p=/favicon.png s=200 d=43µs s=449
INF http m=GET p=/apple-touch-icon.png s=200 d=52µs s=2298
INF http m=GET p=/api/v1/auth/me s=200 d=6.05ms s=354
INF http m=POST p=/api/v1/organizations s=200 d=153ms s=352
INF http m=GET p=/api/v1/auth/me s=200 d=2.72ms s=252
INF http m=GET p=/api/v1/notifications/unread-count s=200 d=185µs s=25
INF http m=GET p=/api/v1/workspaces/43LAHACB4000/nodes/0/children s=200 d=334µs s=296
INF http m=GET p=/api/v1/workspaces/43LAHACB4000/nodes/43LAHKU16000 s=200 d=1.43ms s=179
INF http m=GET p=/api/v1/workspaces/43LAHACB4000/members s=200 d=5.26ms s=126
INF http m=GET p=/assets/material-symbols-names-Dyx5m6Tf.js s=200 d=1.3ms s=15412
INF http m=GET p=/assets/fr-CgauyyXq.js s=200 d=152µs s=6301
INF http m=GET p=/assets/es-DHO8DnB9.js s=200 d=77µs s=6015
INF http m=GET p=/assets/emoji-groups-BpL1N8nI.js s=200 d=98µs s=13798
INF http m=GET p=/assets/de-qJeflSp6.js s=200 d=521µs s=6245
INF http m=GET p=/api/v1/workspaces/43LAHACB4000/events s=200 d=99.4ms s=93
INF http m=GET p=/assets/WorkspaceSettingsPanel-CeaO382V.css s=200 d=32µs s=1021
INF http m=GET p=/assets/WorkspaceSettingsPanel-C0CeQhf8.js s=200 d=65µs s=4456
INF http m=GET p=/assets/ServerSettingsPanel-DsIxlWdC.css s=200 d=39µs s=593
INF http m=GET p=/assets/ServerSettingsPanel-Cmq42vr7.js s=200 d=55µs s=2538
INF http m=GET p=/assets/ResourceQuotaForm-Coc__0PE.js s=200 d=32µs s=813
INF http m=GET p=/assets/ResourceQuotaForm-AxNe1Ebg.css s=200 d=31µs s=302
INF http m=GET p=/assets/ProfileSettings-kJBJbTIc.css s=200 d=34µs s=1220
INF http m=GET p=/assets/ProfileSettings-HAdAXUp2.js s=200 d=63µs s=4325
INF http m=GET p=/assets/OrgSettingsPanel-CEubhZUp.css s=200 d=39µs s=509
INF http m=GET p=/assets/OrgSettingsPanel-B6q-g6eD.js s=200 d=59µs s=2306
INF http m=GET p=/assets/InviteForm-fXZCo6g3.js s=200 d=38µs s=1267
INF http m=GET p=/assets/InviteForm-CW-wgFWD.css s=200 d=44µs s=414
INF http m=GET p=/assets/Editor-CO3i7Yl7.css s=200 d=65µs s=2237
INF http m=GET p=/assets/Editor--AVOgcEK.js s=200 d=93µs s=13498
INF http m=GET p=/assets/AdminDashboard-R0heLGro.css s=200 d=40µs s=601
INF http m=GET p=/assets/AdminDashboard-Cfrr1YY_.js s=200 d=59µs s=2075
INF http m=GET p=/manifest.webmanifest s=200 d=39µs s=199
INF http m=POST p=/api/v1/organizations/43LAHOFLA000/workspaces s=200 d=616ms s=302
INF http m=POST p=/api/v1/auth/register s=200 d=286ms s=393
INF http m=GET p=/ s=200 d=59µs s=532
INF http m=GET p=/assets/index-D8rN_C6i.js s=200 d=160µs s=49782
INF http m=GET p=/assets/index-BppjCDFJ.css s=200 d=184µs s=12398
INF http m=GET p=/assets/editor-vendor-DXykusy4.js s=200 d=210µs s=95952
INF http m=GET p=/assets/vendor-Dz6kinLD.js s=200 d=276µs s=27873
INF http m=GET p=/registerSW.js s=200 d=37µs s=87
INF http m=POST p=/api/v1/auth/switch-workspace s=200 d=78.8ms s=574
INF http m=GET p=/api/v1/notifications/unread-count s=200 d=185µs s=25
INF http m=GET p=/api/v1/workspaces/43LAHPFTM000/nodes/0/children s=200 d=350µs s=26
INF http m=GET p=/api/v1/workspaces/43LAHPFTM000/members s=200 d=10.7ms s=128
INF http m=POST p=/api/v1/workspaces/43LAHPFTM000/nodes/0/page/create s=200 d=28.5ms s=35
INF http m=GET p=/api/v1/auth/me s=200 d=340µs s=167
INF http m=GET p=/assets/en-BOb8f2G7.js s=200 d=95µs s=5207
INF http m=GET p=/api/v1/workspaces/43LAHPFTM000/nodes/0/children s=200 d=1.44ms s=240
INF http m=GET p=/favicon.png s=200 d=46µs s=449
INF http m=GET p=/api/v1/workspaces/43LAHPFTM000/nodes/43LAHU2TM000 s=200 d=1.44ms s=245
INF http m=GET p=/sw.js s=200 d=72µs s=5541
INF http m=GET p=/api/v1/notifications/unread-count s=200 d=178µs s=25
INF http m=POST p=/api/v1/workspaces/43LAHPFTM000/nodes/0/page/create s=200 d=38.5ms s=26
INF http m=GET p=/w/@43LAHPFTM000+workspace/@43LAHU2TM000+welcome s=200 d=38µs s=532
INF http m=GET p=/api/v1/workspaces/43LAHPFTM000/events s=200 d=111ms s=231
INF http m=GET p=/registerSW.js s=200 d=39µs s=87
INF http m=GET p=/index.html s=200 d=40µs s=532
INF http m=GET p=/icon.svg s=200 d=44µs s=195
INF http m=GET p=/icon-512.png s=200 d=124µs s=6498
INF http m=GET p=/icon-192.png s=200 d=55µs s=2468
INF http m=GET p=/favicon.png s=200 d=31µs s=449
INF http m=GET p=/apple-touch-icon.png s=200 d=47µs s=2298
INF http m=GET p=/api/v1/auth/me s=200 d=667µs s=353
INF http m=POST p=/api/v1/organizations s=200 d=115ms s=353
INF http m=GET p=/api/v1/auth/me s=200 d=231µs s=254
INF http m=GET p=/assets/material-symbols-names-Dyx5m6Tf.js s=200 d=125µs s=15412
INF http m=GET p=/api/v1/notifications/unread-count s=200 d=181µs s=25
INF http m=GET p=/api/v1/workspaces/43LAHPFTM000/nodes/43LAHU2TM000 s=200 d=6.56ms s=245
INF http m=GET p=/api/v1/workspaces/43LAHPFTM000/nodes/0/children s=200 d=11.9ms s=240
INF http m=GET p=/api/v1/workspaces/43LAHPFTM000/members s=200 d=7.81ms s=128
INF http m=GET p=/assets/fr-CgauyyXq.js s=200 d=95µs s=6301
INF http m=GET p=/assets/es-DHO8DnB9.js s=200 d=88µs s=6015
INF http m=GET p=/assets/emoji-groups-BpL1N8nI.js s=200 d=817µs s=13798
INF http m=GET p=/assets/de-qJeflSp6.js s=200 d=110µs s=6245
INF http m=GET p=/assets/WorkspaceSettingsPanel-CeaO382V.css s=200 d=41µs s=1021
INF http m=GET p=/assets/WorkspaceSettingsPanel-C0CeQhf8.js s=200 d=57µs s=4456
INF http m=GET p=/assets/ServerSettingsPanel-DsIxlWdC.css s=200 d=26µs s=593
INF http m=GET p=/assets/ServerSettingsPanel-Cmq42vr7.js s=200 d=41µs s=2538
INF http m=GET p=/assets/ResourceQuotaForm-Coc__0PE.js s=200 d=27µs s=813
INF http m=GET p=/assets/ResourceQuotaForm-AxNe1Ebg.css s=200 d=21µs s=302
INF http m=GET p=/assets/ProfileSettings-kJBJbTIc.css s=200 d=27µs s=1220
INF http m=GET p=/assets/ProfileSettings-HAdAXUp2.js s=200 d=69µs s=4325
INF http m=GET p=/assets/OrgSettingsPanel-CEubhZUp.css s=200 d=28µs s=509
INF http m=GET p=/assets/OrgSettingsPanel-B6q-g6eD.js s=200 d=34µs s=2306
INF http m=GET p=/assets/InviteForm-fXZCo6g3.js s=200 d=25µs s=1267
INF http m=GET p=/assets/InviteForm-CW-wgFWD.css s=200 d=36µs s=414
INF http m=GET p=/assets/Editor-CO3i7Yl7.css s=200 d=43µs s=2237
INF http m=GET p=/assets/Editor--AVOgcEK.js s=200 d=89µs s=13498
INF http m=GET p=/assets/AdminDashboard-R0heLGro.css s=200 d=27µs s=601
INF http m=GET p=/assets/AdminDashboard-Cfrr1YY_.js s=200 d=50µs s=2075
INF http m=GET p=/manifest.webmanifest s=200 d=31µs s=199
INF http m=GET p=/api/v1/workspaces/43LAHPFTM000/nodes/43LAHU810000 s=200 d=523µs s=131
INF http m=GET p=/api/v1/workspaces/43LAHPFTM000/nodes/43LAHU810000/page s=200 d=251µs s=119
INF http m=GET p=/api/v1/workspaces/43LAHPFTM000/nodes/43LAHU810000/page s=200 d=233µs s=119
INF http m=POST p=/api/v1/organizations/43LAHUDQO000/workspaces s=200 d=433ms s=303
INF http m=POST p=/api/v1/auth/switch-workspace s=200 d=42.2ms s=577
INF http m=GET p=/api/v1/notifications/unread-count s=200 d=176µs s=25
INF http m=GET p=/api/v1/workspaces/43LAHV6JK000/nodes/0/children s=200 d=372µs s=26
INF http m=GET p=/api/v1/workspaces/43LAHV6JK000/members s=200 d=486µs s=130
INF http m=POST p=/api/v1/workspaces/43LAHV6JK000/nodes/0/page/create s=200 d=20.3ms s=35
INF http m=GET p=/api/v1/workspaces/43LAHV6JK000/nodes/0/children s=200 d=285µs s=257
INF http m=GET p=/api/v1/workspaces/43LAHV6JK000/nodes/43LAI27B6000 s=200 d=337µs s=245
INF http m=GET p=/api/v1/workspaces/43LAHPFTM000/nodes/43LAHU810000/page s=200 d=283µs s=119
INF http m=POST p=/api/v1/workspaces/43LAHV6JK000/nodes/0/page/create s=200 d=16.4ms s=26
INF http m=POST p=/api/v1/workspaces/43LAHV6JK000/nodes/0/page/create s=200 d=14.9ms s=26
INF http m=GET p=/w/@43LAHV6JK000+workspace/@43LAI27B6000+welcome s=200 d=41µs s=532
INF http m=GET p=/api/v1/workspaces/43LAHV6JK000/events s=200 d=336ms s=264
INF http m=GET p=/api/v1/auth/me s=200 d=706µs s=357
INF http m=GET p=/api/v1/notifications/unread-count s=200 d=605µs s=25
INF http m=GET p=/api/v1/workspaces/43LAHV6JK000/nodes/0/children s=200 d=817µs s=295
INF http m=GET p=/api/v1/workspaces/43LAHV6JK000/nodes/43LAI27B6000 s=200 d=711µs s=245
INF http m=GET p=/api/v1/workspaces/43LAHV6JK000/members s=200 d=766µs s=130
INF http m=GET p=/api/v1/workspaces/43LAHV6JK000/nodes/43LAI400S000 s=200 d=347µs s=182
INF http m=GET p=/api/v1/workspaces/43LAHPFTM000/nodes/43LAHU810000/page s=200 d=261µs s=119
INF http m=GET p=/api/v1/workspaces/43LAHV6JK000/nodes/43LAI43J6000 s=200 d=315µs s=135
INF http m=POST p=/api/v1/workspaces/43LAHV6JK000/nodes/43LAI400S000/page s=200 d=20.5ms s=35
INF http m=GET p=/api/v1/workspaces/43LAHV6JK000/nodes/43LAI400S000 s=200 d=324µs s=177
INF http m=GET p=/api/v1/workspaces/43LAHV6JK000/nodes/43LAI400S000/page s=200 d=268µs s=134
INF http m=GET p=/api/v1/workspaces/43LAHV6JK000/events s=200 d=404ms s=208
INF http m=POST p=/api/v1/auth/register s=200 d=144ms s=392
INF http m=GET p=/ s=200 d=73µs s=532
INF http m=GET p=/assets/index-D8rN_C6i.js s=200 d=139µs s=49782
INF http m=GET p=/registerSW.js s=200 d=48µs s=87
INF http m=GET p=/assets/vendor-Dz6kinLD.js s=200 d=111µs s=27873
INF http m=GET p=/assets/editor-vendor-DXykusy4.js s=200 d=137µs s=95952
INF http m=GET p=/assets/index-BppjCDFJ.css s=200 d=87µs s=12398
INF http m=GET p=/sw.js s=200 d=149µs s=5541
INF http m=GET p=/assets/en-BOb8f2G7.js s=200 d=84µs s=5207
INF http m=GET p=/api/v1/auth/me s=200 d=918µs s=165
INF http m=GET p=/api/v1/notifications/unread-count s=200 d=185µs s=25
INF http m=GET p=/favicon.png s=200 d=38µs s=449
INF http m=GET p=/sw.js s=200 d=81µs s=5541
INF http m=GET p=/registerSW.js s=200 d=39µs s=87
INF http m=GET p=/index.html s=200 d=39µs s=532
INF http m=GET p=/icon.svg s=200 d=26µs s=195
INF http m=GET p=/icon-512.png s=200 d=61µs s=6498
INF http m=GET p=/icon-192.png s=200 d=80µs s=2468
INF http m=POST p=/api/v1/organizations s=200 d=86.6ms s=351
INF http m=GET p=/api/v1/auth/me s=200 d=305µs s=250
INF http m=GET p=/favicon.png s=200 d=35µs s=449
INF http m=GET p=/apple-touch-icon.png s=200 d=92µs s=2298
INF http m=GET p=/assets/material-symbols-names-Dyx5m6Tf.js s=200 d=97µs s=15412
INF http m=GET p=/assets/fr-CgauyyXq.js s=200 d=81µs s=6301
INF http m=GET p=/assets/es-DHO8DnB9.js s=200 d=68µs s=6015
INF http m=GET p=/assets/emoji-groups-BpL1N8nI.js s=200 d=137µs s=13798
INF http m=GET p=/assets/de-qJeflSp6.js s=200 d=117µs s=6245
INF http m=GET p=/assets/WorkspaceSettingsPanel-CeaO382V.css s=200 d=32µs s=1021
INF http m=GET p=/assets/WorkspaceSettingsPanel-C0CeQhf8.js s=200 d=241µs s=4456
INF http m=GET p=/assets/ServerSettingsPanel-DsIxlWdC.css s=200 d=28µs s=593
INF http m=GET p=/assets/ServerSettingsPanel-Cmq42vr7.js s=200 d=36µs s=2538
INF http m=GET p=/assets/ResourceQuotaForm-Coc__0PE.js s=200 d=28µs s=813
INF http m=GET p=/assets/ResourceQuotaForm-AxNe1Ebg.css s=200 d=30µs s=302
INF http m=GET p=/assets/ProfileSettings-kJBJbTIc.css s=200 d=35µs s=1220
INF http m=GET p=/assets/ProfileSettings-HAdAXUp2.js s=200 d=61µs s=4325
INF http m=GET p=/assets/OrgSettingsPanel-CEubhZUp.css s=200 d=24µs s=509
INF http m=GET p=/assets/OrgSettingsPanel-B6q-g6eD.js s=200 d=36µs s=2306
INF http m=GET p=/assets/InviteForm-fXZCo6g3.js s=200 d=34µs s=1267
INF http m=GET p=/assets/InviteForm-CW-wgFWD.css s=200 d=26µs s=414
INF http m=GET p=/assets/Editor-CO3i7Yl7.css s=200 d=37µs s=2237
INF http m=GET p=/assets/Editor--AVOgcEK.js s=200 d=71µs s=13498
INF http m=GET p=/assets/AdminDashboard-R0heLGro.css s=200 d=26µs s=601
INF http m=GET p=/assets/AdminDashboard-Cfrr1YY_.js s=200 d=34µs s=2075
INF http m=GET p=/manifest.webmanifest s=200 d=18µs s=199
INF http m=GET p=/api/v1/workspaces/43LAHPFTM000/nodes/43LAHU810000/page s=200 d=212µs s=119
INF http m=POST p=/api/v1/organizations/43LAI9K0K000/workspaces s=200 d=373ms s=301
INF http m=POST p=/api/v1/auth/switch-workspace s=200 d=42ms s=577
INF http m=GET p=/api/v1/workspaces/43LAIA6GU000/nodes/0/children s=200 d=317µs s=26
INF http m=GET p=/api/v1/notifications/unread-count s=200 d=377µs s=25
INF http m=GET p=/api/v1/workspaces/43LAIA6GU000/members s=200 d=524µs s=128
INF http m=POST p=/api/v1/workspaces/43LAHPFTM000/nodes/43LAHU810000/page s=200 d=26.9ms s=35
INF http m=POST p=/api/v1/workspaces/43LAIA6GU000/nodes/0/page/create s=200 d=36.2ms s=35
INF http m=GET p=/api/v1/workspaces/43LAIA6GU000/nodes/0/children s=200 d=303µs s=257
INF http m=GET p=/api/v1/workspaces/43LAIA6GU000/nodes/43LAICRPI000 s=200 d=308µs s=245
INF http m=POST p=/api/v1/workspaces/43LAIA6GU000/nodes/0/page/create s=200 d=16.7ms s=26
INF http m=POST p=/api/v1/workspaces/43LAIA6GU000/nodes/0/page/create s=200 d=14.6ms s=26
INF http m=GET p=/w/@43LAIA6GU000+workspace/@43LAICRPI000+welcome s=200 d=44µs s=532
INF http m=GET p=/api/v1/workspaces/43LAIA6GU000/events s=200 d=437ms s=258
INF http m=GET p=/api/v1/auth/me s=200 d=291µs s=354
INF http m=GET p=/api/v1/workspaces/43LAIA6GU000/members s=200 d=204µs s=128
INF http m=GET p=/api/v1/workspaces/43LAIA6GU000/nodes/0/children s=200 d=390µs s=270
INF http m=GET p=/api/v1/notifications/unread-count s=200 d=134µs s=25
INF http m=GET p=/api/v1/workspaces/43LAIA6GU000/nodes/43LAICRPI000 s=200 d=220µs s=245
INF http m=GET p=/api/v1/workspaces/43LAIA6GU000/nodes/43LAIF8F8000 s=200 d=385µs s=134
INF http m=GET p=/api/v1/workspaces/43LAIA6GU000/nodes/43LAIFC48000 s=200 d=241µs s=129
INF http m=POST p=/api/v1/workspaces/43LAIA6GU000/nodes/43LAIF8F8000/page s=200 d=19.9ms s=35
INF http m=GET p=/api/v1/workspaces/43LAIA6GU000/nodes/43LAIF8F8000 s=200 d=333µs s=160
INF http m=GET p=/api/v1/workspaces/43LAHPFTM000/nodes/43LAHU810000/page s=200 d=240µs s=118
INF http m=GET p=/w/@43LAHPFTM000+rename-waits-workspace/@43LAHU810000+updated-title s=200 d=38µs s=532
INF http m=GET p=/api/v1/workspaces/43LAHPFTM000/events s=200 d=3.07s s=207
INF http m=GET p=/api/v1/workspaces/43LAIA6GU000/nodes/43LAIF8F8000/page s=200 d=268µs s=148
INF http m=GET p=/api/v1/workspaces/43LAIA6GU000/events s=200 d=406ms s=202
INF http m=GET p=/api/v1/auth/me s=200 d=259µs s=353
INF http m=GET p=/api/v1/notifications/unread-count s=200 d=177µs s=25
INF http m=GET p=/api/v1/workspaces/43LAHPFTM000/nodes/0/children s=200 d=365µs s=243
INF http m=GET p=/api/v1/workspaces/43LAHPFTM000/members s=200 d=170µs s=128
INF http m=GET p=/api/v1/workspaces/43LAHPFTM000/nodes/43LAHU810000 s=200 d=259µs s=128
INF http m=GET p=/api/v1/workspaces/43LAHPFTM000/nodes/43LAHU810000/page s=200 d=243µs s=118
INF http m=GET p=/api/v1/workspaces/43LAHPFTM000/events s=200 d=128ms s=93
INF http m=POST p=/api/v1/auth/register s=200 d=245ms s=388
INF http m=GET p=/ s=200 d=59µs s=532
INF http m=GET p=/assets/editor-vendor-DXykusy4.js s=200 d=141µs s=95952
INF http m=GET p=/assets/index-BppjCDFJ.css s=200 d=87µs s=12398
INF http m=GET p=/registerSW.js s=200 d=31µs s=87
INF http m=GET p=/assets/vendor-Dz6kinLD.js s=200 d=86µs s=27873
INF http m=GET p=/assets/index-D8rN_C6i.js s=200 d=796µs s=49782
INF http m=GET p=/api/v1/auth/me s=200 d=231µs s=166
INF http m=GET p=/assets/en-BOb8f2G7.js s=200 d=70µs s=5207
INF http m=GET p=/api/v1/notifications/unread-count s=200 d=197µs s=25
INF http m=GET p=/sw.js s=200 d=136µs s=5541
INF http m=GET p=/favicon.png s=200 d=27µs s=449
INF http m=GET p=/registerSW.js s=200 d=39µs s=87
INF http m=GET p=/index.html s=200 d=45µs s=532
INF http m=GET p=/icon.svg s=200 d=30µs s=195
INF http m=GET p=/icon-512.png s=200 d=69µs s=6498
INF http m=GET p=/icon-192.png s=200 d=47µs s=2468
INF http m=POST p=/api/v1/auth/register s=200 d=341ms s=405
INF http m=GET p=/favicon.png s=200 d=31µs s=449
INF http m=GET p=/apple-touch-icon.png s=200 d=54µs s=2298
INF http m=GET p=/ s=200 d=80µs s=532
INF http m=GET p=/assets/material-symbols-names-Dyx5m6Tf.js s=200 d=99µs s=15412
INF http m=GET p=/assets/index-D8rN_C6i.js s=200 d=175µs s=49782
INF http m=GET p=/assets/editor-vendor-DXykusy4.js s=200 d=124µs s=95952
INF http m=GET p=/assets/index-BppjCDFJ.css s=200 d=75µs s=12398
INF http m=GET p=/assets/vendor-Dz6kinLD.js s=200 d=132µs s=27873
INF http m=GET p=/assets/fr-CgauyyXq.js s=200 d=53µs s=6301
INF http m=GET p=/registerSW.js s=200 d=31µs s=87
INF http m=GET p=/assets/es-DHO8DnB9.js s=200 d=71µs s=6015
INF http m=GET p=/assets/emoji-groups-BpL1N8nI.js s=200 d=103µs s=13798
INF http m=GET p=/assets/de-qJeflSp6.js s=200 d=78µs s=6245
INF http m=GET p=/assets/WorkspaceSettingsPanel-CeaO382V.css s=200 d=43µs s=1021
INF http m=GET p=/assets/WorkspaceSettingsPanel-C0CeQhf8.js s=200 d=58µs s=4456
INF http m=POST p=/api/v1/organizations s=200 d=250ms s=353
INF http m=GET p=/api/v1/auth/me s=200 d=206µs s=254
INF http m=GET p=/assets/ServerSettingsPanel-DsIxlWdC.css s=200 d=83µs s=593
INF http m=GET p=/assets/ServerSettingsPanel-Cmq42vr7.js s=200 d=45µs s=2538
INF http m=GET p=/assets/ResourceQuotaForm-Coc__0PE.js s=200 d=46µs s=813
INF http m=GET p=/assets/ResourceQuotaForm-AxNe1Ebg.css s=200 d=32µs s=302
INF http m=GET p=/assets/ProfileSettings-kJBJbTIc.css s=200 d=37µs s=1220
INF http m=GET p=/assets/ProfileSettings-HAdAXUp2.js s=200 d=67µs s=4325
INF http m=GET p=/assets/OrgSettingsPanel-CEubhZUp.css s=200 d=30µs s=509
INF http m=GET p=/api/v1/auth/me s=200 d=1.5ms s=175
INF http m=GET p=/assets/OrgSettingsPanel-B6q-g6eD.js s=200 d=37µs s=2306
INF http m=GET p=/assets/en-BOb8f2G7.js s=200 d=67µs s=5207
INF http m=GET p=/assets/InviteForm-fXZCo6g3.js s=200 d=79µs s=1267
INF http m=GET p=/assets/InviteForm-CW-wgFWD.css s=200 d=30µs s=414
INF http m=GET p=/assets/Editor-CO3i7Yl7.css s=200 d=51µs s=2237
INF http m=GET p=/favicon.png s=200 d=27µs s=449
INF http m=GET p=/assets/Editor--AVOgcEK.js s=200 d=98µs s=13498
INF http m=GET p=/api/v1/notifications/unread-count s=200 d=164µs s=25
INF http m=GET p=/assets/AdminDashboard-R0heLGro.css s=200 d=29µs s=601
INF http m=GET p=/assets/AdminDashboard-Cfrr1YY_.js s=200 d=68µs s=2075
INF http m=GET p=/sw.js s=200 d=64µs s=5541
INF http m=GET p=/manifest.webmanifest s=200 d=21µs s=199
INF http m=GET p=/registerSW.js s=200 d=44µs s=87
INF http m=GET p=/index.html s=200 d=35µs s=532
INF http m=GET p=/icon.svg s=200 d=33µs s=195
INF http m=GET p=/icon-512.png s=200 d=60µs s=6498
INF http m=GET p=/icon-192.png s=200 d=40µs s=2468
INF http m=GET p=/favicon.png s=200 d=32µs s=449
INF http m=GET p=/apple-touch-icon.png s=200 d=33µs s=2298
INF http m=GET p=/assets/material-symbols-names-Dyx5m6Tf.js s=200 d=102µs s=15412
INF http m=GET p=/assets/fr-CgauyyXq.js s=200 d=95µs s=6301
INF http m=GET p=/assets/es-DHO8DnB9.js s=200 d=85µs s=6015
INF http m=GET p=/assets/emoji-groups-BpL1N8nI.js s=200 d=150µs s=13798
INF http m=GET p=/assets/de-qJeflSp6.js s=200 d=92µs s=6245
INF http m=GET p=/assets/WorkspaceSettingsPanel-CeaO382V.css s=200 d=57µs s=1021
INF http m=GET p=/assets/WorkspaceSettingsPanel-C0CeQhf8.js s=200 d=67µs s=4456
INF http m=GET p=/assets/ServerSettingsPanel-DsIxlWdC.css s=200 d=34µs s=593
INF http m=GET p=/assets/ServerSettingsPanel-Cmq42vr7.js s=200 d=636µs s=2538
INF http m=GET p=/assets/ResourceQuotaForm-Coc__0PE.js s=200 d=41µs s=813
INF http m=GET p=/assets/ResourceQuotaForm-AxNe1Ebg.css s=200 d=60µs s=302
INF http m=GET p=/assets/ProfileSettings-kJBJbTIc.css s=200 d=36µs s=1220
INF http m=GET p=/assets/ProfileSettings-HAdAXUp2.js s=200 d=103µs s=4325
INF http m=GET p=/assets/OrgSettingsPanel-CEubhZUp.css s=200 d=23µs s=509
INF http m=GET p=/assets/OrgSettingsPanel-B6q-g6eD.js s=200 d=97µs s=2306
INF http m=GET p=/assets/InviteForm-fXZCo6g3.js s=200 d=25µs s=1267
INF http m=GET p=/assets/InviteForm-CW-wgFWD.css s=200 d=39µs s=414
INF http m=GET p=/assets/Editor-CO3i7Yl7.css s=200 d=46µs s=2237
INF http m=GET p=/assets/Editor--AVOgcEK.js s=200 d=55µs s=13498
INF http m=GET p=/assets/AdminDashboard-R0heLGro.css s=200 d=28µs s=601
INF http m=GET p=/assets/AdminDashboard-Cfrr1YY_.js s=200 d=37µs s=2075
INF http m=GET p=/manifest.webmanifest s=200 d=36µs s=199
INF http m=POST p=/api/v1/organizations/43LAIMIDS000/workspaces s=200 d=529ms s=301
INF http m=POST p=/api/v1/organizations s=200 d=466ms s=356
INF http m=GET p=/api/v1/auth/me s=200 d=715µs s=258
INF http m=POST p=/api/v1/auth/switch-workspace s=200 d=47.2ms s=557
INF http m=GET p=/api/v1/notifications/unread-count s=200 d=1.55ms s=25
INF http m=GET p=/api/v1/workspaces/43LAIO59O000/members s=200 d=2.5ms s=122
INF http m=GET p=/api/v1/workspaces/43LAIO59O000/nodes/0/children s=200 d=5.99ms s=26
INF http m=POST p=/api/v1/organizations/43LAIOIL0000/workspaces s=200 d=374ms s=303
INF http m=POST p=/api/v1/workspaces/43LAIO59O000/nodes/0/page/create s=200 d=315ms s=35
INF http m=GET p=/api/v1/workspaces/43LAIO59O000/nodes/0/children s=200 d=758µs s=240
INF http m=GET p=/api/v1/workspaces/43LAIO59O000/nodes/43LAIRRKA000 s=200 d=703µs s=245
INF http m=POST p=/api/v1/workspaces/43LAIO59O000/nodes/0/page/create s=200 d=316ms s=26
INF http m=POST p=/api/v1/auth/switch-workspace s=200 d=62.6ms s=575
INF http m=POST p=/api/v1/workspaces/43LAIO59O000/nodes/0/page/create s=200 d=20.4ms s=26
INF http m=GET p=/api/v1/notifications/unread-count s=200 d=164µs s=25
INF http m=GET p=/api/v1/workspaces/43LAIRESU000/nodes/0/children s=200 d=1.64ms s=26
INF http m=GET p=/w/@43LAIO59O000+workspace/@43LAIRRKA000+welcome s=200 d=71µs s=532
INF http m=GET p=/api/v1/workspaces/43LAIRESU000/members s=200 d=5.71ms s=125
INF http m=GET p=/api/v1/workspaces/43LAIO59O000/events s=200 d=415ms s=264
INF http m=POST p=/api/v1/workspaces/43LAIRESU000/nodes/0/page/create s=200 d=26ms s=35
INF http m=GET p=/api/v1/workspaces/43LAIRESU000/nodes/0/children s=200 d=802µs s=257
INF http m=GET p=/api/v1/workspaces/43LAIRESU000/nodes/43LAIU9BC000 s=200 d=642µs s=245
INF http m=GET p=/api/v1/auth/me s=200 d=591µs s=353
INF http m=GET p=/api/v1/notifications/unread-count s=200 d=478µs s=25
INF http m=GET p=/api/v1/workspaces/43LAIO59O000/nodes/0/children s=200 d=909µs s=264
INF http m=GET p=/api/v1/workspaces/43LAIO59O000/nodes/43LAIRRKA000 s=200 d=740µs s=245
INF http m=GET p=/api/v1/workspaces/43LAIO59O000/members s=200 d=1.23ms s=122
INF http m=GET p=/api/v1/workspaces/43LAIO59O000/nodes/43LAIS54I000 s=200 d=368µs s=126
INF http m=GET p=/api/v1/workspaces/43LAIO59O000/nodes/43LAIU3LQ000 s=200 d=506µs s=128
INF http m=POST p=/api/v1/workspaces/43LAIO59O000/nodes/43LAIS54I000/page s=200 d=24ms s=35
INF http m=GET p=/api/v1/workspaces/43LAIO59O000/nodes/43LAIS54I000 s=200 d=334µs s=130
INF http m=GET p=/api/v1/workspaces/43LAIO59O000/nodes/43LAIS54I000/page s=200 d=248µs s=113
INF http m=GET p=/api/v1/workspaces/43LAIO59O000/events s=200 d=390ms s=207
INF http m=POST p=/api/v1/auth/register s=200 d=150ms s=411
INF http m=GET p=/settings/user s=200 d=55µs s=532
INF http m=GET p=/assets/index-BppjCDFJ.css s=200 d=158µs s=12398
INF http m=GET p=/assets/index-D8rN_C6i.js s=200 d=162µs s=49782
INF http m=GET p=/assets/editor-vendor-DXykusy4.js s=200 d=153µs s=95952
INF http m=GET p=/assets/vendor-Dz6kinLD.js s=200 d=123µs s=27873
INF http m=GET p=/registerSW.js s=200 d=32µs s=87
INF http m=GET p=/api/v1/auth/me s=200 d=254µs s=169
INF http m=GET p=/assets/en-BOb8f2G7.js s=200 d=72µs s=5207
INF http m=GET p=/favicon.png s=200 d=44µs s=449
INF http m=GET p=/assets/ProfileSettings-kJBJbTIc.css s=200 d=47µs s=1220
INF http m=GET p=/sw.js s=200 d=56µs s=5541
INF http m=GET p=/assets/ProfileSettings-HAdAXUp2.js s=200 d=45µs s=4325
INF http m=GET p=/api/v1/notifications/unread-count s=200 d=220µs s=25
INF http m=GET p=/registerSW.js s=200 d=79µs s=87
INF http m=GET p=/index.html s=200 d=46µs s=532
INF http m=GET p=/api/v1/auth/providers s=200 d=211µs s=59
INF http m=GET p=/api/v1/notifications/preferences s=200 d=545µs s=127
INF http m=GET p=/icon.svg s=200 d=28µs s=195
INF http m=GET p=/icon-512.png s=200 d=65µs s=6498
INF http m=GET p=/icon-192.png s=200 d=38µs s=2468
INF http m=GET p=/favicon.png s=200 d=77µs s=449
INF http m=GET p=/apple-touch-icon.png s=200 d=57µs s=2298
INF http m=GET p=/assets/material-symbols-names-Dyx5m6Tf.js s=200 d=1.47ms s=15412
INF http m=GET p=/assets/fr-CgauyyXq.js s=200 d=106µs s=6301
INF http m=GET p=/assets/es-DHO8DnB9.js s=200 d=536µs s=6015
INF http m=GET p=/assets/emoji-groups-BpL1N8nI.js s=200 d=93µs s=13798
INF http m=GET p=/assets/de-qJeflSp6.js s=200 d=77µs s=6245
INF http m=GET p=/assets/WorkspaceSettingsPanel-CeaO382V.css s=200 d=35µs s=1021
INF http m=GET p=/assets/WorkspaceSettingsPanel-C0CeQhf8.js s=200 d=64µs s=4456
INF http m=GET p=/api/v1/workspaces/43LAIRESU000/events s=200 d=1.47s s=207
INF http m=POST p=/api/v1/auth/register s=200 d=194ms s=420
INF http m=GET p=/ s=200 d=54µs s=532
INF http m=GET p=/assets/index-D8rN_C6i.js s=200 d=213µs s=49782
INF http m=GET p=/assets/index-BppjCDFJ.css s=200 d=117µs s=12398
INF http m=GET p=/assets/editor-vendor-DXykusy4.js s=200 d=193µs s=95952
INF http m=GET p=/assets/vendor-Dz6kinLD.js s=200 d=111µs s=27873
INF http m=GET p=/registerSW.js s=200 d=34µs s=87
INF http m=GET p=/api/v1/auth/me s=200 d=901µs s=178
INF http m=GET p=/assets/en-BOb8f2G7.js s=200 d=85µs s=5207
INF http m=GET p=/api/v1/notifications/unread-count s=200 d=567µs s=25
INF http m=GET p=/sw.js s=200 d=62µs s=5541
INF http m=GET p=/favicon.png s=200 d=46µs s=449
INF http m=GET p=/registerSW.js s=200 d=35µs s=87
INF http m=GET p=/index.html s=200 d=52µs s=532
INF http m=GET p=/icon.svg s=200 d=47µs s=195
INF http m=GET p=/icon-512.png s=200 d=68µs s=6498
INF http m=GET p=/icon-192.png s=200 d=62µs s=2468
INF http m=GET p=/favicon.png s=200 d=42µs s=449
INF http m=GET p=/apple-touch-icon.png s=200 d=45µs s=2298
INF http m=POST p=/api/v1/organizations s=200 d=136ms s=360
INF http m=GET p=/assets/material-symbols-names-Dyx5m6Tf.js s=200 d=112µs s=15412
INF http m=GET p=/api/v1/auth/me s=200 d=7.34ms s=263
INF http m=GET p=/assets/fr-CgauyyXq.js s=200 d=116µs s=6301
INF http m=GET p=/assets/es-DHO8DnB9.js s=200 d=89µs s=6015
INF http m=GET p=/assets/emoji-groups-BpL1N8nI.js s=200 d=117µs s=13798
INF http m=POST p=/api/v1/auth/register s=200 d=247ms s=416
INF http m=GET p=/ s=200 d=52µs s=532
INF http m=GET p=/assets/de-qJeflSp6.js s=200 d=139µs s=6245
INF http m=GET p=/assets/WorkspaceSettingsPanel-CeaO382V.css s=200 d=189µs s=1021
INF http m=GET p=/assets/WorkspaceSettingsPanel-C0CeQhf8.js s=200 d=79µs s=4456
INF http m=GET p=/registerSW.js s=200 d=40µs s=87
INF http m=GET p=/assets/vendor-Dz6kinLD.js s=200 d=104µs s=27873
INF http m=GET p=/assets/index-BppjCDFJ.css s=200 d=71µs s=12398
INF http m=GET p=/assets/index-D8rN_C6i.js s=200 d=133µs s=49782
INF http m=GET p=/assets/editor-vendor-DXykusy4.js s=200 d=161µs s=95952
INF http m=GET p=/assets/ServerSettingsPanel-DsIxlWdC.css s=200 d=46µs s=593
INF http m=GET p=/assets/ServerSettingsPanel-Cmq42vr7.js s=200 d=41µs s=2538
INF http m=GET p=/assets/ResourceQuotaForm-Coc__0PE.js s=200 d=36µs s=813
INF http m=GET p=/assets/ResourceQuotaForm-AxNe1Ebg.css s=200 d=34µs s=302
INF http m=GET p=/assets/ProfileSettings-kJBJbTIc.css s=200 d=27µs s=1220
INF http m=GET p=/assets/ProfileSettings-HAdAXUp2.js s=200 d=74µs s=4325
INF http m=GET p=/assets/OrgSettingsPanel-CEubhZUp.css s=200 d=36µs s=509
INF http m=GET p=/assets/OrgSettingsPanel-B6q-g6eD.js s=200 d=33µs s=2306
INF http m=GET p=/assets/InviteForm-fXZCo6g3.js s=200 d=30µs s=1267
INF http m=GET p=/assets/InviteForm-CW-wgFWD.css s=200 d=33µs s=414
INF http m=GET p=/assets/Editor-CO3i7Yl7.css s=200 d=45µs s=2237
INF http m=GET p=/assets/Editor--AVOgcEK.js s=200 d=101µs s=13498
INF http m=GET p=/assets/AdminDashboard-R0heLGro.css s=200 d=28µs s=601
INF http m=GET p=/assets/AdminDashboard-Cfrr1YY_.js s=200 d=45µs s=2075
INF http m=GET p=/manifest.webmanifest s=200 d=38µs s=199
INF http m=GET p=/api/v1/auth/me s=200 d=1.04ms s=175
INF http m=GET p=/assets/en-BOb8f2G7.js s=200 d=92µs s=5207
INF http m=GET p=/favicon.png s=200 d=54µs s=449
INF http m=GET p=/api/v1/notifications/unread-count s=200 d=173µs s=25
INF http m=GET p=/sw.js s=200 d=101µs s=5541
INF http m=GET p=/registerSW.js s=200 d=66µs s=87
INF http m=GET p=/index.html s=200 d=50µs s=532
INF http m=GET p=/icon.svg s=200 d=36µs s=195
INF http m=GET p=/icon-512.png s=200 d=127µs s=6498
INF http m=GET p=/icon-192.png s=200 d=105µs s=2468
INF http m=GET p=/favicon.png s=200 d=30µs s=449
INF http m=GET p=/apple-touch-icon.png s=200 d=40µs s=2298
INF http m=GET p=/assets/material-symbols-names-Dyx5m6Tf.js s=200 d=99µs s=15412
INF http m=GET p=/assets/fr-CgauyyXq.js s=200 d=95µs s=6301
INF http m=GET p=/assets/es-DHO8DnB9.js s=200 d=60µs s=6015
INF http m=GET p=/assets/emoji-groups-BpL1N8nI.js s=200 d=101µs s=13798
INF http m=GET p=/assets/de-qJeflSp6.js s=200 d=90µs s=6245
INF http m=GET p=/assets/WorkspaceSettingsPanel-CeaO382V.css s=200 d=29µs s=1021
INF http m=GET p=/assets/WorkspaceSettingsPanel-C0CeQhf8.js s=200 d=135µs s=4456
INF http m=GET p=/assets/ServerSettingsPanel-DsIxlWdC.css s=200 d=34µs s=593
INF http m=GET p=/assets/ServerSettingsPanel-Cmq42vr7.js s=200 d=38µs s=2538
INF http m=GET p=/assets/ResourceQuotaForm-Coc__0PE.js s=200 d=43µs s=813
INF http m=GET p=/assets/ResourceQuotaForm-AxNe1Ebg.css s=200 d=31µs s=302
INF http m=GET p=/assets/ProfileSettings-kJBJbTIc.css s=200 d=31µs s=1220
INF http m=GET p=/assets/ProfileSettings-HAdAXUp2.js s=200 d=64µs s=4325
INF http m=GET p=/assets/OrgSettingsPanel-CEubhZUp.css s=200 d=39µs s=509
INF http m=GET p=/assets/OrgSettingsPanel-B6q-g6eD.js s=200 d=51µs s=2306
INF http m=GET p=/assets/InviteForm-fXZCo6g3.js s=200 d=30µs s=1267
INF http m=GET p=/assets/InviteForm-CW-wgFWD.css s=200 d=39µs s=414
INF http m=GET p=/assets/Editor-CO3i7Yl7.css s=200 d=38µs s=2237
INF http m=GET p=/assets/Editor--AVOgcEK.js s=200 d=78µs s=13498
INF http m=GET p=/assets/AdminDashboard-R0heLGro.css s=200 d=60µs s=601
INF http m=GET p=/assets/AdminDashboard-Cfrr1YY_.js s=200 d=38µs s=2075
INF http m=GET p=/manifest.webmanifest s=200 d=26µs s=199
INF http m=POST p=/api/v1/organizations/43LAJ916S000/workspaces s=200 d=634ms s=305
INF http m=POST p=/api/v1/organizations s=200 d=363ms s=360
INF http m=GET p=/api/v1/auth/me s=200 d=668µs s=259
INF http m=POST p=/api/v1/auth/switch-workspace s=200 d=48.6ms s=639
INF http m=GET p=/api/v1/notifications/unread-count s=200 d=1.3ms s=25
INF http m=GET p=/api/v1/workspaces/43LAJ9VC4000/nodes/0/children s=200 d=609µs s=26
INF http m=GET p=/api/v1/workspaces/43LAJ9VC4000/members s=200 d=1.36ms s=128
INF http m=GET p=/api/v1/workspaces/43LAJ9VC4000/events s=200 d=259ms s=207
INF http m=POST p=/api/v1/organizations/43LAJBL80000/workspaces s=200 d=475ms s=308
INF http m=POST p=/api/v1/workspaces/43LAJ9VC4000/nodes/0/page/create s=200 d=507ms s=35
INF http m=POST p=/api/v1/auth/switch-workspace s=200 d=99ms s=606
INF http m=GET p=/api/v1/workspaces/43LAJDT6I000/nodes/0/children s=200 d=332µs s=26
INF http m=GET p=/api/v1/notifications/unread-count s=200 d=115µs s=25
INF http m=GET p=/api/v1/workspaces/43LAJDT6I000/members s=200 d=483µs s=126
INF http m=POST p=/api/v1/auth/register s=200 d=162ms s=422
INF http m=GET p=/api/v1/auth/me s=200 d=148µs s=184
INF http m=POST p=/api/v1/workspaces/43LAJDT6I000/nodes/0/page/create s=200 d=74ms s=35
INF http m=GET p=/api/v1/workspaces/43LAJDT6I000/nodes/0/children s=200 d=286µs s=257
INF http m=GET p=/w/@first-workspace s=200 d=59µs s=532
INF http m=GET p=/api/v1/workspaces/43LAJDT6I000/nodes/43LAJHMMC000 s=200 d=298µs s=245
INF http m=GET p=/registerSW.js s=200 d=39µs s=87
INF http m=GET p=/assets/index-D8rN_C6i.js s=200 d=208µs s=49782
INF http m=GET p=/assets/vendor-Dz6kinLD.js s=200 d=91µs s=27873
INF http m=GET p=/assets/index-BppjCDFJ.css s=200 d=104µs s=12398
INF http m=GET p=/assets/editor-vendor-DXykusy4.js s=200 d=123µs s=95952
INF http m=GET p=/assets/en-BOb8f2G7.js s=200 d=80µs s=5207
INF http m=GET p=/favicon.png s=200 d=24µs s=449
INF http m=GET p=/sw.js s=200 d=86µs s=5541
INF http m=GET p=/api/v1/notifications/unread-count s=200 d=1.69ms s=25
INF http m=GET p=/registerSW.js s=200 d=34µs s=87
INF http m=GET p=/index.html s=200 d=38µs s=532
INF http m=GET p=/icon.svg s=200 d=31µs s=195
INF http m=GET p=/icon-512.png s=200 d=58µs s=6498
INF http m=GET p=/icon-192.png s=200 d=39µs s=2468
INF http m=GET p=/favicon.png s=200 d=43µs s=449
INF http m=GET p=/apple-touch-icon.png s=200 d=28µs s=2298
INF http m=GET p=/assets/material-symbols-names-Dyx5m6Tf.js s=200 d=118µs s=15412
INF http m=GET p=/assets/fr-CgauyyXq.js s=200 d=93µs s=6301
INF http m=POST p=/api/v1/organizations s=200 d=68ms s=361
INF http m=GET p=/assets/es-DHO8DnB9.js s=200 d=87µs s=6015
INF http m=GET p=/assets/emoji-groups-BpL1N8nI.js s=200 d=105µs s=13798
INF http m=GET p=/assets/de-qJeflSp6.js s=200 d=84µs s=6245
INF http m=GET p=/assets/WorkspaceSettingsPanel-CeaO382V.css s=200 d=49µs s=1021
INF http m=GET p=/assets/WorkspaceSettingsPanel-C0CeQhf8.js s=200 d=82µs s=4456
INF http m=GET p=/assets/ServerSettingsPanel-DsIxlWdC.css s=200 d=93µs s=593
INF http m=GET p=/assets/ServerSettingsPanel-Cmq42vr7.js s=200 d=39µs s=2538
INF http m=GET p=/assets/ResourceQuotaForm-Coc__0PE.js s=200 d=47µs s=813
INF http m=POST p=/api/v1/organizations s=200 d=67.3ms s=360
INF http m=GET p=/assets/ResourceQuotaForm-AxNe1Ebg.css s=200 d=26µs s=302
INF http m=GET p=/assets/ProfileSettings-kJBJbTIc.css s=200 d=35µs s=1220
INF http m=GET p=/assets/ProfileSettings-HAdAXUp2.js s=200 d=63µs s=4325
INF http m=GET p=/assets/OrgSettingsPanel-CEubhZUp.css s=200 d=32µs s=509
INF http m=GET p=/assets/OrgSettingsPanel-B6q-g6eD.js s=200 d=91µs s=2306
INF http m=GET p=/assets/InviteForm-fXZCo6g3.js s=200 d=27µs s=1267
INF http m=GET p=/assets/InviteForm-CW-wgFWD.css s=200 d=31µs s=414
INF http m=GET p=/assets/Editor-CO3i7Yl7.css s=200 d=33µs s=2237
INF http m=GET p=/assets/Editor--AVOgcEK.js s=200 d=653µs s=13498
INF http m=GET p=/assets/AdminDashboard-R0heLGro.css s=200 d=23µs s=601
INF http m=GET p=/assets/AdminDashboard-Cfrr1YY_.js s=200 d=40µs s=2075
INF http m=GET p=/manifest.webmanifest s=200 d=34µs s=199
INF http m=POST p=/api/v1/organizations s=200 d=64.8ms s=361
ERR Handler error err="Failed to create membership: quota exceeded" statusCode=500 code=INTERNAL_ERROR
INF http m=POST p=/api/v1/organizations s=500 d=43.6ms s=105
INF http m=POST p=/api/v1/auth/register s=200 d=142ms s=391
INF http m=GET p=/ s=200 d=57µs s=532
INF http m=GET p=/assets/index-BppjCDFJ.css s=200 d=173µs s=12398
INF http m=GET p=/assets/index-D8rN_C6i.js s=200 d=986µs s=49782
INF http m=GET p=/assets/editor-vendor-DXykusy4.js s=200 d=323µs s=95952
INF http m=GET p=/registerSW.js s=200 d=54µs s=87
INF http m=GET p=/assets/vendor-Dz6kinLD.js s=200 d=117µs s=27873
INF http m=GET p=/api/v1/auth/me s=200 d=244µs s=167
INF http m=GET p=/assets/en-BOb8f2G7.js s=200 d=70µs s=5207
INF http m=GET p=/favicon.png s=200 d=44µs s=449
INF http m=GET p=/api/v1/notifications/unread-count s=200 d=186µs s=25
INF http m=GET p=/sw.js s=200 d=129µs s=5541
INF http m=GET p=/registerSW.js s=200 d=41µs s=87
INF http m=POST p=/api/v1/organizations s=200 d=97.8ms s=352
INF http m=GET p=/index.html s=200 d=56µs s=532
INF http m=GET p=/api/v1/auth/me s=200 d=662µs s=252
INF http m=GET p=/icon.svg s=200 d=36µs s=195
INF http m=GET p=/icon-512.png s=200 d=89µs s=6498
INF http m=GET p=/icon-192.png s=200 d=54µs s=2468
INF http m=GET p=/favicon.png s=200 d=33µs s=449
INF http m=GET p=/apple-touch-icon.png s=200 d=55µs s=2298
INF http m=GET p=/assets/material-symbols-names-Dyx5m6Tf.js s=200 d=128µs s=15412
INF http m=GET p=/api/v1/workspaces/43LAJDT6I000/events s=200 d=1.32s s=207
INF http m=GET p=/assets/fr-CgauyyXq.js s=200 d=106µs s=6301
INF http m=GET p=/assets/es-DHO8DnB9.js s=200 d=72µs s=6015
INF http m=GET p=/assets/emoji-groups-BpL1N8nI.js s=200 d=1.44ms s=13798
INF http m=GET p=/assets/de-qJeflSp6.js s=200 d=127µs s=6245
INF http m=GET p=/assets/WorkspaceSettingsPanel-CeaO382V.css s=200 d=44µs s=1021
INF http m=GET p=/assets/WorkspaceSettingsPanel-C0CeQhf8.js s=200 d=109µs s=4456
INF http m=GET p=/assets/ServerSettingsPanel-DsIxlWdC.css s=200 d=43µs s=593
INF http m=GET p=/assets/ServerSettingsPanel-Cmq42vr7.js s=200 d=45µs s=2538
INF http m=GET p=/assets/ResourceQuotaForm-Coc__0PE.js s=200 d=49µs s=813
INF http m=GET p=/assets/ResourceQuotaForm-AxNe1Ebg.css s=200 d=43µs s=302
INF http m=GET p=/assets/ProfileSettings-kJBJbTIc.css s=200 d=31µs s=1220
INF http m=GET p=/assets/ProfileSettings-HAdAXUp2.js s=200 d=81µs s=4325
INF http m=GET p=/assets/OrgSettingsPanel-CEubhZUp.css s=200 d=37µs s=509
INF http m=GET p=/assets/OrgSettingsPanel-B6q-g6eD.js s=200 d=59µs s=2306
INF http m=GET p=/assets/InviteForm-fXZCo6g3.js s=200 d=65µs s=1267
INF http m=GET p=/assets/InviteForm-CW-wgFWD.css s=200 d=35µs s=414
INF http m=GET p=/assets/Editor-CO3i7Yl7.css s=200 d=46µs s=2237
INF http m=GET p=/assets/Editor--AVOgcEK.js s=200 d=96µs s=13498
INF http m=GET p=/assets/AdminDashboard-R0heLGro.css s=200 d=46µs s=601
INF http m=GET p=/assets/AdminDashboard-Cfrr1YY_.js s=200 d=36µs s=2075
INF http m=GET p=/manifest.webmanifest s=200 d=45µs s=199
INF http m=POST p=/api/v1/organizations/43LAJODRG000/workspaces s=200 d=664ms s=298
INF http m=POST p=/api/v1/auth/register s=200 d=435ms s=383
INF http m=GET p=/ s=200 d=45µs s=532
INF http m=GET p=/assets/index-D8rN_C6i.js s=200 d=152µs s=49782
INF http m=GET p=/assets/editor-vendor-DXykusy4.js s=200 d=148µs s=95952
INF http m=GET p=/assets/index-BppjCDFJ.css s=200 d=91µs s=12398
INF http m=GET p=/assets/vendor-Dz6kinLD.js s=200 d=112µs s=27873
INF http m=GET p=/registerSW.js s=200 d=49µs s=87
INF http m=POST p=/api/v1/auth/switch-workspace s=200 d=109ms s=608
INF http m=GET p=/api/v1/notifications/unread-count s=200 d=215µs s=25
INF http m=GET p=/api/v1/workspaces/43LAJP56M000/members s=200 d=3.12ms s=124
INF http m=GET p=/api/v1/workspaces/43LAJP56M000/nodes/0/children s=200 d=4.58ms s=26
INF http m=GET p=/api/v1/auth/me s=200 d=362µs s=162
INF http m=GET p=/assets/en-BOb8f2G7.js s=200 d=110µs s=5207
INF http m=GET p=/favicon.png s=200 d=43µs s=449
INF http m=GET p=/sw.js s=200 d=346µs s=5541
INF http m=GET p=/api/v1/notifications/unread-count s=200 d=733µs s=25
INF http m=POST p=/api/v1/workspaces/43LAJP56M000/nodes/0/page/create s=200 d=47.3ms s=35
INF http m=GET p=/api/v1/workspaces/43LAJP56M000/nodes/0/children s=200 d=1.03ms s=315
INF http m=GET p=/api/v1/workspaces/43LAJP56M000/nodes/43LAJU5N8000 s=200 d=749µs s=245
INF http m=GET p=/registerSW.js s=200 d=38µs s=87
INF http m=GET p=/index.html s=200 d=40µs s=532
INF http m=GET p=/icon.svg s=200 d=41µs s=195
INF http m=GET p=/icon-512.png s=200 d=143µs s=6498
INF http m=GET p=/icon-192.png s=200 d=42µs s=2468
INF http m=GET p=/favicon.png s=200 d=30µs s=449
INF http m=GET p=/apple-touch-icon.png s=200 d=42µs s=2298
INF http m=GET p=/assets/material-symbols-names-Dyx5m6Tf.js s=200 d=160µs s=15412
INF http m=POST p=/api/v1/organizations s=200 d=103ms s=350
INF http m=GET p=/api/v1/auth/me s=200 d=845µs s=250
INF http m=POST p=/api/v1/workspaces/43LAJP56M000/nodes/0/table/create s=200 d=125ms s=26
INF http m=GET p=/w/@43LAJP56M000+workspace/@43LAJU5N8000+welcome s=200 d=45µs s=532
INF http m=GET p=/assets/fr-CgauyyXq.js s=200 d=65µs s=6301
INF http m=GET p=/api/v1/workspaces/43LAJP56M000/events s=200 d=196ms s=230
INF http m=GET p=/assets/es-DHO8DnB9.js s=200 d=83µs s=6015
INF http m=GET p=/assets/emoji-groups-BpL1N8nI.js s=200 d=117µs s=13798
INF http m=GET p=/api/v1/auth/me s=200 d=8.57ms s=352
INF http m=GET p=/assets/de-qJeflSp6.js s=200 d=154µs s=6245
INF http m=GET p=/assets/WorkspaceSettingsPanel-CeaO382V.css s=200 d=40µs s=1021
INF http m=GET p=/assets/WorkspaceSettingsPanel-C0CeQhf8.js s=200 d=121µs s=4456
INF http m=GET p=/api/v1/notifications/unread-count s=200 d=215µs s=25
INF http m=GET p=/assets/ServerSettingsPanel-DsIxlWdC.css s=200 d=31µs s=593
INF http m=GET p=/api/v1/workspaces/43LAJP56M000/nodes/0/children s=200 d=636µs s=315
INF http m=GET p=/api/v1/workspaces/43LAJP56M000/members s=200 d=328µs s=124
INF http m=GET p=/assets/ServerSettingsPanel-Cmq42vr7.js s=200 d=78µs s=2538
INF http m=GET p=/api/v1/workspaces/43LAJP56M000/nodes/43LAJU5N8000 s=200 d=1.2ms s=245
INF http m=GET p=/assets/ResourceQuotaForm-Coc__0PE.js s=200 d=44µs s=813
INF http m=GET p=/assets/ResourceQuotaForm-AxNe1Ebg.css s=200 d=31µs s=302
INF http m=GET p=/assets/ProfileSettings-kJBJbTIc.css s=200 d=67µs s=1220
INF http m=GET p=/assets/ProfileSettings-HAdAXUp2.js s=200 d=108µs s=4325
INF http m=GET p=/assets/OrgSettingsPanel-CEubhZUp.css s=200 d=26µs s=509
INF http m=GET p=/assets/OrgSettingsPanel-B6q-g6eD.js s=200 d=42µs s=2306
INF http m=GET p=/assets/InviteForm-fXZCo6g3.js s=200 d=38µs s=1267
INF http m=GET p=/assets/InviteForm-CW-wgFWD.css s=200 d=33µs s=414
INF http m=GET p=/assets/Editor-CO3i7Yl7.css s=200 d=43µs s=2237
INF http m=GET p=/assets/Editor--AVOgcEK.js s=200 d=82µs s=13498
INF http m=GET p=/assets/AdminDashboard-R0heLGro.css s=200 d=34µs s=601
INF http m=GET p=/api/v1/workspaces/43LAJP56M000/nodes/43LAJUBE4000 s=200 d=414µs s=177
INF http m=GET p=/assets/AdminDashboard-Cfrr1YY_.js s=200 d=42µs s=2075
INF http m=GET p=/manifest.webmanifest s=200 d=35µs s=199
INF http m=GET p=/api/v1/workspaces/43LAJP56M000/nodes/43LAJUBE4000/table/records s=200 d=287µs s=28
INF http m=GET p=/api/v1/workspaces/43LAJP56M000/events s=200 d=225ms s=93
INF http m=POST p=/api/v1/organizations/43LAJUDI0000/workspaces s=200 d=616ms s=299
INF http m=POST p=/api/v1/auth/register s=200 d=181ms s=391
INF http m=GET p=/ s=200 d=57µs s=532
INF http m=GET p=/assets/index-BppjCDFJ.css s=200 d=118µs s=12398
INF http m=GET p=/assets/editor-vendor-DXykusy4.js s=200 d=152µs s=95952
INF http m=GET p=/assets/index-D8rN_C6i.js s=200 d=606µs s=49782
INF http m=GET p=/registerSW.js s=200 d=35µs s=87
INF http m=GET p=/assets/vendor-Dz6kinLD.js s=200 d=1.04ms s=27873
INF http m=POST p=/api/v1/auth/switch-workspace s=200 d=187ms s=552
INF http m=GET p=/api/v1/notifications/unread-count s=200 d=200µs s=25
INF http m=GET p=/api/v1/workspaces/43LAJV39S000/members s=200 d=566µs s=122
INF http m=GET p=/api/v1/workspaces/43LAJV39S000/nodes/0/children s=200 d=3.19ms s=26
INF http m=GET p=/api/v1/auth/me s=200 d=232µs s=165
INF http m=GET p=/assets/en-BOb8f2G7.js s=200 d=121µs s=5207
INF http m=GET p=/api/v1/notifications/unread-count s=200 d=187µs s=25
INF http m=GET p=/favicon.png s=200 d=29µs s=449
INF http m=GET p=/sw.js s=200 d=118µs s=5541
INF http m=POST p=/api/v1/workspaces/43LAJV39S000/nodes/0/page/create s=200 d=41.8ms s=35
INF http m=GET p=/api/v1/workspaces/43LAJV39S000/nodes/0/children s=200 d=607µs s=257
INF http m=GET p=/api/v1/workspaces/43LAJV39S000/nodes/43LAK4BE8000 s=200 d=818µs s=245
INF http m=GET p=/registerSW.js s=200 d=45µs s=87
INF http m=GET p=/index.html s=200 d=42µs s=532
INF http m=GET p=/icon.svg s=200 d=53µs s=195
INF http m=GET p=/icon-512.png s=200 d=73µs s=6498
INF http m=GET p=/icon-192.png s=200 d=53µs s=2468
INF http m=GET p=/favicon.png s=200 d=32µs s=449
INF http m=GET p=/apple-touch-icon.png s=200 d=34µs s=2298
INF http m=GET p=/assets/material-symbols-names-Dyx5m6Tf.js s=200 d=105µs s=15412
INF http m=POST p=/api/v1/organizations s=200 d=118ms s=350
INF http m=GET p=/api/v1/auth/me s=200 d=790µs s=249
INF http m=GET p=/assets/fr-CgauyyXq.js s=200 d=114µs s=6301
INF http m=GET p=/assets/es-DHO8DnB9.js s=200 d=120µs s=6015
INF http m=GET p=/assets/emoji-groups-BpL1N8nI.js s=200 d=132µs s=13798
INF http m=GET p=/assets/de-qJeflSp6.js s=200 d=67µs s=6245
INF http m=GET p=/assets/WorkspaceSettingsPanel-CeaO382V.css s=200 d=34µs s=1021
INF http m=GET p=/assets/WorkspaceSettingsPanel-C0CeQhf8.js s=200 d=66µs s=4456
INF http m=GET p=/assets/ServerSettingsPanel-DsIxlWdC.css s=200 d=34µs s=593
INF http m=GET p=/assets/ServerSettingsPanel-Cmq42vr7.js s=200 d=47µs s=2538
INF http m=GET p=/assets/ResourceQuotaForm-Coc__0PE.js s=200 d=29µs s=813
INF http m=GET p=/assets/ResourceQuotaForm-AxNe1Ebg.css s=200 d=24µs s=302
INF http m=GET p=/assets/ProfileSettings-kJBJbTIc.css s=200 d=266µs s=1220
INF http m=GET p=/assets/ProfileSettings-HAdAXUp2.js s=200 d=65µs s=4325
INF http m=GET p=/assets/OrgSettingsPanel-CEubhZUp.css s=200 d=20µs s=509
INF http m=GET p=/assets/OrgSettingsPanel-B6q-g6eD.js s=200 d=53µs s=2306
INF http m=GET p=/assets/InviteForm-fXZCo6g3.js s=200 d=24µs s=1267
INF http m=GET p=/assets/InviteForm-CW-wgFWD.css s=200 d=34µs s=414
INF http m=GET p=/assets/Editor-CO3i7Yl7.css s=200 d=39µs s=2237
INF http m=GET p=/assets/Editor--AVOgcEK.js s=200 d=541µs s=13498
INF http m=GET p=/assets/AdminDashboard-R0heLGro.css s=200 d=29µs s=601
INF http m=GET p=/assets/AdminDashboard-Cfrr1YY_.js s=200 d=39µs s=2075
INF http m=GET p=/manifest.webmanifest s=200 d=32µs s=199
INF http m=POST p=/api/v1/organizations/43LAK4K5K000/workspaces s=200 d=381ms s=300
INF http m=POST p=/api/v1/auth/switch-workspace s=200 d=42.6ms s=572
INF http m=GET p=/api/v1/notifications/unread-count s=200 d=172µs s=25
INF http m=GET p=/api/v1/workspaces/43LAK5COG000/members s=200 d=223µs s=128
INF http m=GET p=/api/v1/workspaces/43LAK5COG000/nodes/0/children s=200 d=574µs s=26
INF http m=POST p=/api/v1/workspaces/43LAK5COG000/nodes/0/page/create s=200 d=18.9ms s=35
INF http m=GET p=/api/v1/workspaces/43LAK5COG000/nodes/0/children s=200 d=291µs s=257
INF http m=GET p=/api/v1/workspaces/43LAK5COG000/nodes/43LAK82U4000 s=200 d=261µs s=245
INF http m=POST p=/api/v1/workspaces/43LAK5COG000/nodes/0/table/create s=200 d=17ms s=26
INF http m=POST p=/api/v1/workspaces/43LAJV39S000/nodes/0/table/create s=200 d=19.9ms s=26
INF http m=GET p=/w/@43LAK5COG000+workspace/@43LAK82U4000+welcome s=200 d=38µs s=532
INF http m=GET p=/api/v1/workspaces/43LAK5COG000/events s=200 d=371ms s=231
INF http m=GET p=/w/@43LAJV39S000+workspace/@43LAK4BE8000+welcome s=200 d=44µs s=532
INF http m=GET p=/api/v1/workspaces/43LAJV39S000/events s=200 d=1s s=243
INF http m=GET p=/api/v1/auth/me s=200 d=301µs s=350
INF http m=GET p=/api/v1/auth/me s=200 d=280µs s=351
INF http m=GET p=/api/v1/notifications/unread-count s=200 d=338µs s=25
INF http m=GET p=/api/v1/workspaces/43LAK5COG000/members s=200 d=492µs s=128
INF http m=GET p=/api/v1/workspaces/43LAK5COG000/nodes/0/children s=200 d=6.45ms s=316
INF http m=GET p=/api/v1/workspaces/43LAK5COG000/nodes/43LAK82U4000 s=200 d=291µs s=245
INF http m=GET p=/api/v1/workspaces/43LAJV39S000/nodes/0/children s=200 d=1.83ms s=312
INF http m=GET p=/api/v1/workspaces/43LAJV39S000/nodes/43LAK4BE8000 s=200 d=5.44ms s=245
INF http m=GET p=/api/v1/notifications/unread-count s=200 d=6.43ms s=25
INF http m=GET p=/api/v1/workspaces/43LAJV39S000/members s=200 d=5.41ms s=122
INF http m=GET p=/api/v1/workspaces/43LAK5COG000/nodes/43LAKA5JK000 s=200 d=409µs s=177
INF http m=GET p=/api/v1/workspaces/43LAK5COG000/nodes/43LAKA5JK000/table/records s=200 d=280µs s=28
INF http m=GET p=/api/v1/workspaces/43LAJV39S000/nodes/43LAKA61U000 s=200 d=789µs s=176
INF http m=GET p=/api/v1/workspaces/43LAJV39S000/nodes/43LAKA61U000/table/records s=200 d=255µs s=28
INF http m=GET p=/api/v1/workspaces/43LAK5COG000/nodes/43LAKA5JK000/table s=200 d=325µs s=164
INF http m=POST p=/api/v1/workspaces/43LAK5COG000/nodes/43LAKA5JK000/table s=200 d=20.3ms s=35
INF http m=GET p=/api/v1/workspaces/43LAK5COG000/events s=200 d=236ms s=212
INF http m=GET p=/api/v1/workspaces/43LAJV39S000/nodes/43LAKA61U000/table s=200 d=456µs s=177
INF http m=POST p=/api/v1/workspaces/43LAJV39S000/nodes/43LAKA61U000/table s=200 d=29.5ms s=35
INF http m=GET p=/api/v1/workspaces/43LAJV39S000/events s=200 d=307ms s=213
INF http m=POST p=/api/v1/auth/register s=200 d=241ms s=396
INF http m=GET p=/ s=200 d=58µs s=532
INF http m=GET p=/assets/index-D8rN_C6i.js s=200 d=181µs s=49782
INF http m=GET p=/assets/vendor-Dz6kinLD.js s=200 d=118µs s=27873
INF http m=GET p=/assets/editor-vendor-DXykusy4.js s=200 d=172µs s=95952
INF http m=GET p=/assets/index-BppjCDFJ.css s=200 d=111µs s=12398
INF http m=GET p=/registerSW.js s=200 d=46µs s=87
INF http m=POST p=/api/v1/auth/register s=200 d=250ms s=392
INF http m=GET p=/ s=200 d=57µs s=532
INF http m=GET p=/assets/en-BOb8f2G7.js s=200 d=80µs s=5207
INF http m=GET p=/api/v1/auth/me s=200 d=645µs s=167
INF http m=GET p=/assets/index-BppjCDFJ.css s=200 d=152µs s=12398
INF http m=GET p=/assets/index-D8rN_C6i.js s=200 d=146µs s=49782
INF http m=GET p=/assets/vendor-Dz6kinLD.js s=200 d=145µs s=27873
INF http m=GET p=/assets/editor-vendor-DXykusy4.js s=200 d=163µs s=95952
INF http m=GET p=/api/v1/notifications/unread-count s=200 d=180µs s=25
INF http m=GET p=/registerSW.js s=200 d=47µs s=87
INF http m=GET p=/favicon.png s=200 d=35µs s=449
INF http m=GET p=/sw.js s=200 d=85µs s=5541
INF http m=GET p=/registerSW.js s=200 d=36µs s=87
INF http m=POST p=/api/v1/organizations s=200 d=124ms s=353
INF http m=GET p=/api/v1/auth/me s=200 d=726µs s=252
INF http m=GET p=/api/v1/auth/me s=200 d=627µs s=167
INF http m=GET p=/assets/en-BOb8f2G7.js s=200 d=81µs s=5207
INF http m=GET p=/index.html s=200 d=62µs s=532
INF http m=GET p=/icon.svg s=200 d=263µs s=195
INF http m=GET p=/icon-512.png s=200 d=78µs s=6498
INF http m=GET p=/api/v1/notifications/unread-count s=200 d=172µs s=25
INF http m=GET p=/icon-192.png s=200 d=51µs s=2468
INF http m=GET p=/favicon.png s=200 d=34µs s=449
INF http m=GET p=/favicon.png s=200 d=33µs s=449
INF http m=GET p=/apple-touch-icon.png s=200 d=51µs s=2298
INF http m=GET p=/sw.js s=200 d=51µs s=5541
INF http m=GET p=/assets/material-symbols-names-Dyx5m6Tf.js s=200 d=114µs s=15412
INF http m=GET p=/registerSW.js s=200 d=27µs s=87
INF http m=GET p=/index.html s=200 d=48µs s=532
INF http m=GET p=/icon.svg s=200 d=45µs s=195
INF http m=GET p=/icon-512.png s=200 d=133µs s=6498
INF http m=GET p=/assets/fr-CgauyyXq.js s=200 d=95µs s=6301
INF http m=GET p=/icon-192.png s=200 d=46µs s=2468
INF http m=GET p=/assets/es-DHO8DnB9.js s=200 d=93µs s=6015
INF http m=GET p=/favicon.png s=200 d=38µs s=449
INF http m=GET p=/assets/emoji-groups-BpL1N8nI.js s=200 d=106µs s=13798
INF http m=GET p=/apple-touch-icon.png s=200 d=66µs s=2298
INF http m=POST p=/api/v1/organizations s=200 d=156ms s=352
INF http m=GET p=/assets/material-symbols-names-Dyx5m6Tf.js s=200 d=103µs s=15412
INF http m=GET p=/assets/de-qJeflSp6.js s=200 d=224µs s=6245
INF http m=GET p=/api/v1/auth/me s=200 d=5.85ms s=251
INF http m=GET p=/assets/WorkspaceSettingsPanel-CeaO382V.css s=200 d=47µs s=1021
INF http m=GET p=/assets/WorkspaceSettingsPanel-C0CeQhf8.js s=200 d=82µs s=4456
INF http m=GET p=/assets/ServerSettingsPanel-DsIxlWdC.css s=200 d=44µs s=593
INF http m=GET p=/assets/ServerSettingsPanel-Cmq42vr7.js s=200 d=63µs s=2538
INF http m=GET p=/assets/ResourceQuotaForm-Coc__0PE.js s=200 d=31µs s=813
INF http m=GET p=/assets/fr-CgauyyXq.js s=200 d=106µs s=6301
INF http m=GET p=/assets/ResourceQuotaForm-AxNe1Ebg.css s=200 d=32µs s=302
INF http m=GET p=/assets/ProfileSettings-kJBJbTIc.css s=200 d=59µs s=1220
INF http m=GET p=/assets/es-DHO8DnB9.js s=200 d=62µs s=6015
INF http m=GET p=/assets/ProfileSettings-HAdAXUp2.js s=200 d=60µs s=4325
INF http m=GET p=/assets/OrgSettingsPanel-CEubhZUp.css s=200 d=33µs s=509
INF http m=GET p=/assets/OrgSettingsPanel-B6q-g6eD.js s=200 d=42µs s=2306
INF http m=GET p=/assets/emoji-groups-BpL1N8nI.js s=200 d=87µs s=13798
INF http m=GET p=/assets/InviteForm-fXZCo6g3.js s=200 d=38µs s=1267
INF http m=GET p=/assets/InviteForm-CW-wgFWD.css s=200 d=43µs s=414
INF http m=GET p=/assets/Editor-CO3i7Yl7.css s=200 d=58µs s=2237
INF http m=GET p=/assets/Editor--AVOgcEK.js s=200 d=140µs s=13498
INF http m=GET p=/assets/AdminDashboard-R0heLGro.css s=200 d=43µs s=601
INF http m=GET p=/assets/AdminDashboard-Cfrr1YY_.js s=200 d=49µs s=2075
INF http m=GET p=/manifest.webmanifest s=200 d=68µs s=199
INF http m=GET p=/assets/de-qJeflSp6.js s=200 d=248µs s=6245
INF http m=GET p=/assets/WorkspaceSettingsPanel-CeaO382V.css s=200 d=27µs s=1021
INF http m=GET p=/assets/WorkspaceSettingsPanel-C0CeQhf8.js s=200 d=78µs s=4456
INF http m=GET p=/assets/ServerSettingsPanel-DsIxlWdC.css s=200 d=36µs s=593
INF http m=GET p=/assets/ServerSettingsPanel-Cmq42vr7.js s=200 d=97µs s=2538
INF http m=GET p=/assets/ResourceQuotaForm-Coc__0PE.js s=200 d=27µs s=813
INF http m=GET p=/assets/ResourceQuotaForm-AxNe1Ebg.css s=200 d=26µs s=302
INF http m=GET p=/assets/ProfileSettings-kJBJbTIc.css s=200 d=35µs s=1220
INF http m=GET p=/assets/ProfileSettings-HAdAXUp2.js s=200 d=57µs s=4325
INF http m=GET p=/assets/OrgSettingsPanel-CEubhZUp.css s=200 d=27µs s=509
INF http m=GET p=/assets/OrgSettingsPanel-B6q-g6eD.js s=200 d=36µs s=2306
INF http m=GET p=/assets/InviteForm-fXZCo6g3.js s=200 d=25µs s=1267
INF http m=GET p=/assets/InviteForm-CW-wgFWD.css s=200 d=33µs s=414
INF http m=GET p=/assets/Editor-CO3i7Yl7.css s=200 d=34µs s=2237
INF http m=GET p=/assets/Editor--AVOgcEK.js s=200 d=515µs s=13498
INF http m=GET p=/assets/AdminDashboard-R0heLGro.css s=200 d=23µs s=601
INF http m=GET p=/assets/AdminDashboard-Cfrr1YY_.js s=200 d=38µs s=2075
INF http m=GET p=/manifest.webmanifest s=200 d=27µs s=199
INF http m=POST p=/api/v1/organizations/43LAKGAD6000/workspaces s=200 d=654ms s=301
INF http m=POST p=/api/v1/organizations/43LAKHER8000/workspaces s=200 d=776ms s=299
INF http m=POST p=/api/v1/auth/switch-workspace s=200 d=387ms s=573
INF http m=GET p=/api/v1/notifications/unread-count s=200 d=160µs s=25
INF http m=GET p=/api/v1/workspaces/43LAKH64C000/nodes/0/children s=200 d=2.81ms s=26
INF http m=GET p=/api/v1/workspaces/43LAKH64C000/members s=200 d=2.07ms s=130
INF http m=POST p=/api/v1/auth/switch-workspace s=200 d=95.8ms s=574
INF http m=POST p=/api/v1/workspaces/43LAKH64C000/nodes/0/page/create s=200 d=38.5ms s=35
INF http m=GET p=/api/v1/workspaces/43LAKH64C000/nodes/0/children s=200 d=465µs s=257
INF http m=GET p=/api/v1/notifications/unread-count s=200 d=137µs s=25
INF http m=GET p=/api/v1/workspaces/43LAKH64C000/nodes/43LAKNM48000 s=200 d=701µs s=245
INF http m=GET p=/api/v1/workspaces/43LAKIHO8000/members s=200 d=550µs s=128
INF http m=GET p=/api/v1/workspaces/43LAKIHO8000/nodes/0/children s=200 d=354µs s=26
INF http m=POST p=/api/v1/workspaces/43LAKIHO8000/nodes/0/page/create s=200 d=22.4ms s=35
INF http m=GET p=/api/v1/workspaces/43LAKIHO8000/nodes/0/children s=200 d=503µs s=257
INF http m=GET p=/api/v1/workspaces/43LAKIHO8000/nodes/43LAKO34K000 s=200 d=311µs s=245
INF http m=POST p=/api/v1/workspaces/43LAKH64C000/nodes/0/table/create s=200 d=15.4ms s=26
INF http m=GET p=/w/@43LAKH64C000+workspace/@43LAKNM48000+welcome s=200 d=39µs s=532
INF http m=GET p=/api/v1/workspaces/43LAKH64C000/events s=200 d=804ms s=235
INF http m=GET p=/api/v1/auth/me s=200 d=506µs s=352
INF http m=GET p=/api/v1/notifications/unread-count s=200 d=724µs s=25
INF http m=GET p=/api/v1/workspaces/43LAKH64C000/members s=200 d=563µs s=130
INF http m=GET p=/api/v1/workspaces/43LAKH64C000/nodes/0/children s=200 d=1.15ms s=315
INF http m=GET p=/api/v1/workspaces/43LAKH64C000/nodes/43LAKNM48000 s=200 d=2.53ms s=245
INF http m=GET p=/api/v1/workspaces/43LAKH64C000/nodes/43LAKSDKC000 s=200 d=721µs s=175
INF http m=GET p=/api/v1/workspaces/43LAKH64C000/nodes/43LAKSDKC000/table/records s=200 d=456µs s=28
INF http m=POST p=/api/v1/workspaces/43LAKIHO8000/nodes/0/table/create s=200 d=21.9ms s=26
INF http m=GET p=/w/@43LAKIHO8000+workspace/@43LAKO34K000+welcome s=200 d=43µs s=532
INF http m=GET p=/api/v1/workspaces/43LAKIHO8000/events s=200 d=890ms s=233
INF http m=GET p=/api/v1/auth/me s=200 d=3.61ms s=353
INF http m=GET p=/api/v1/workspaces/43LAKIHO8000/members s=200 d=177µs s=128
INF http m=GET p=/api/v1/notifications/unread-count s=200 d=469µs s=25
INF http m=GET p=/api/v1/workspaces/43LAKIHO8000/nodes/0/children s=200 d=505µs s=316
INF http m=GET p=/api/v1/workspaces/43LAKIHO8000/nodes/43LAKO34K000 s=200 d=786µs s=245
INF http m=GET p=/api/v1/workspaces/43LAKIHO8000/nodes/43LAKT8OO000 s=200 d=873µs s=175
INF http m=GET p=/api/v1/workspaces/43LAKIHO8000/nodes/43LAKT8OO000/table/records s=200 d=202µs s=28
INF http m=GET p=/api/v1/workspaces/43LAKH64C000/nodes/43LAKSDKC000/table s=200 d=275µs s=177
INF http m=POST p=/api/v1/workspaces/43LAKH64C000/nodes/43LAKSDKC000/table s=200 d=25.1ms s=35
INF http m=GET p=/api/v1/workspaces/43LAKH64C000/events s=200 d=277ms s=212
INF http m=GET p=/api/v1/workspaces/43LAKIHO8000/nodes/43LAKT8OO000/table s=200 d=313µs s=153
INF http m=POST p=/api/v1/workspaces/43LAKIHO8000/nodes/43LAKT8OO000/table s=200 d=51.1ms s=35
INF http m=GET p=/api/v1/workspaces/43LAKIHO8000/events s=200 d=383ms s=212
INF http m=POST p=/api/v1/auth/register s=200 d=241ms s=394
INF http m=GET p=/ s=200 d=56µs s=532
INF http m=GET p=/assets/index-D8rN_C6i.js s=200 d=157µs s=49782
INF http m=GET p=/registerSW.js s=200 d=56µs s=87
INF http m=GET p=/assets/vendor-Dz6kinLD.js s=200 d=113µs s=27873
INF http m=GET p=/assets/editor-vendor-DXykusy4.js s=200 d=136µs s=95952
INF http m=GET p=/assets/index-BppjCDFJ.css s=200 d=94µs s=12398
INF http m=GET p=/api/v1/auth/me s=200 d=268µs s=167
INF http m=GET p=/assets/en-BOb8f2G7.js s=200 d=118µs s=5207
INF http m=GET p=/sw.js s=200 d=86µs s=5541
INF http m=GET p=/api/v1/notifications/unread-count s=200 d=331µs s=25
INF http m=GET p=/favicon.png s=200 d=35µs s=449
INF http m=GET p=/registerSW.js s=200 d=46µs s=87
INF http m=GET p=/index.html s=200 d=40µs s=532
INF http m=GET p=/icon.svg s=200 d=33µs s=195
INF http m=GET p=/icon-512.png s=200 d=85µs s=6498
INF http m=GET p=/icon-192.png s=200 d=53µs s=2468
INF http m=GET p=/favicon.png s=200 d=43µs s=449
INF http m=GET p=/apple-touch-icon.png s=200 d=53µs s=2298
INF http m=POST p=/api/v1/organizations s=200 d=136ms s=350
INF http m=GET p=/api/v1/auth/me s=200 d=794µs s=250
INF http m=GET p=/assets/material-symbols-names-Dyx5m6Tf.js s=200 d=89µs s=15412
INF http m=GET p=/assets/fr-CgauyyXq.js s=200 d=76µs s=6301
INF http m=GET p=/assets/es-DHO8DnB9.js s=200 d=90µs s=6015
INF http m=GET p=/assets/emoji-groups-BpL1N8nI.js s=200 d=126µs s=13798
INF http m=POST p=/api/v1/auth/register s=200 d=379ms s=393
INF http m=GET p=/ s=200 d=57µs s=532
INF http m=GET p=/assets/index-D8rN_C6i.js s=200 d=171µs s=49782
INF http m=GET p=/registerSW.js s=200 d=27µs s=87
INF http m=GET p=/assets/index-BppjCDFJ.css s=200 d=100µs s=12398
INF http m=GET p=/assets/editor-vendor-DXykusy4.js s=200 d=134µs s=95952
INF http m=GET p=/assets/vendor-Dz6kinLD.js s=200 d=92µs s=27873
INF http m=GET p=/assets/de-qJeflSp6.js s=200 d=49µs s=6245
INF http m=GET p=/assets/WorkspaceSettingsPanel-CeaO382V.css s=200 d=40µs s=1021
INF http m=GET p=/assets/WorkspaceSettingsPanel-C0CeQhf8.js s=200 d=102µs s=4456
INF http m=GET p=/assets/ServerSettingsPanel-DsIxlWdC.css s=200 d=50µs s=593
INF http m=GET p=/assets/ServerSettingsPanel-Cmq42vr7.js s=200 d=58µs s=2538
INF http m=GET p=/assets/ResourceQuotaForm-Coc__0PE.js s=200 d=38µs s=813
INF http m=GET p=/assets/ResourceQuotaForm-AxNe1Ebg.css s=200 d=47µs s=302
INF http m=GET p=/assets/ProfileSettings-kJBJbTIc.css s=200 d=44µs s=1220
INF http m=GET p=/assets/ProfileSettings-HAdAXUp2.js s=200 d=77µs s=4325
INF http m=GET p=/assets/OrgSettingsPanel-CEubhZUp.css s=200 d=45µs s=509
INF http m=GET p=/assets/OrgSettingsPanel-B6q-g6eD.js s=200 d=81µs s=2306
INF http m=GET p=/assets/InviteForm-fXZCo6g3.js s=200 d=35µs s=1267
INF http m=GET p=/assets/InviteForm-CW-wgFWD.css s=200 d=32µs s=414
INF http m=GET p=/assets/Editor-CO3i7Yl7.css s=200 d=50µs s=2237
INF http m=GET p=/assets/Editor--AVOgcEK.js s=200 d=83µs s=13498
INF http m=GET p=/assets/AdminDashboard-R0heLGro.css s=200 d=46µs s=601
INF http m=GET p=/assets/AdminDashboard-Cfrr1YY_.js s=200 d=81µs s=2075
INF http m=GET p=/manifest.webmanifest s=200 d=48µs s=199
INF http m=GET p=/api/v1/auth/me s=200 d=540µs s=165
INF http m=GET p=/assets/en-BOb8f2G7.js s=200 d=107µs s=5207
INF http m=GET p=/api/v1/notifications/unread-count s=200 d=233µs s=25
INF http m=GET p=/favicon.png s=200 d=32µs s=449
INF http m=GET p=/sw.js s=200 d=119µs s=5541
INF http m=GET p=/registerSW.js s=200 d=39µs s=87
INF http m=GET p=/index.html s=200 d=42µs s=532
INF http m=GET p=/icon.svg s=200 d=35µs s=195
INF http m=GET p=/icon-512.png s=200 d=69µs s=6498
INF http m=GET p=/icon-192.png s=200 d=53µs s=2468
INF http m=GET p=/favicon.png s=200 d=42µs s=449
INF http m=GET p=/apple-touch-icon.png s=200 d=51µs s=2298
INF http m=GET p=/assets/material-symbols-names-Dyx5m6Tf.js s=200 d=123µs s=15412
INF http m=GET p=/assets/fr-CgauyyXq.js s=200 d=78µs s=6301
INF http m=GET p=/assets/es-DHO8DnB9.js s=200 d=91µs s=6015
INF http m=GET p=/assets/emoji-groups-BpL1N8nI.js s=200 d=101µs s=13798
INF http m=GET p=/assets/de-qJeflSp6.js s=200 d=364µs s=6245
INF http m=GET p=/assets/WorkspaceSettingsPanel-CeaO382V.css s=200 d=30µs s=1021
INF http m=GET p=/assets/WorkspaceSettingsPanel-C0CeQhf8.js s=200 d=70µs s=4456
INF http m=GET p=/assets/ServerSettingsPanel-DsIxlWdC.css s=200 d=38µs s=593
INF http m=GET p=/assets/ServerSettingsPanel-Cmq42vr7.js s=200 d=50µs s=2538
INF http m=GET p=/assets/ResourceQuotaForm-Coc__0PE.js s=200 d=28µs s=813
INF http m=GET p=/assets/ResourceQuotaForm-AxNe1Ebg.css s=200 d=31µs s=302
INF http m=GET p=/assets/ProfileSettings-kJBJbTIc.css s=200 d=47µs s=1220
INF http m=GET p=/assets/ProfileSettings-HAdAXUp2.js s=200 d=67µs s=4325
INF http m=GET p=/assets/OrgSettingsPanel-CEubhZUp.css s=200 d=51µs s=509
INF http m=GET p=/assets/OrgSettingsPanel-B6q-g6eD.js s=200 d=47µs s=2306
INF http m=GET p=/assets/InviteForm-fXZCo6g3.js s=200 d=27µs s=1267
INF http m=GET p=/assets/InviteForm-CW-wgFWD.css s=200 d=57µs s=414
INF http m=GET p=/assets/Editor-CO3i7Yl7.css s=200 d=38µs s=2237
INF http m=GET p=/assets/Editor--AVOgcEK.js s=200 d=87µs s=13498
INF http m=GET p=/assets/AdminDashboard-R0heLGro.css s=200 d=38µs s=601
INF http m=GET p=/assets/AdminDashboard-Cfrr1YY_.js s=200 d=44µs s=2075
INF http m=GET p=/manifest.webmanifest s=200 d=31µs s=199
INF http m=POST p=/api/v1/organizations/43LAL2E5E000/workspaces s=200 d=671ms s=299
INF http m=POST p=/api/v1/organizations s=200 d=368ms s=352
INF http m=GET p=/api/v1/auth/me s=200 d=478µs s=252
INF http m=POST p=/api/v1/auth/switch-workspace s=200 d=50.6ms s=610
INF http m=GET p=/api/v1/notifications/unread-count s=200 d=670µs s=25
INF http m=GET p=/api/v1/workspaces/43LAL3B86000/nodes/0/children s=200 d=286µs s=26
INF http m=GET p=/api/v1/workspaces/43LAL3B86000/members s=200 d=3.86ms s=126
INF http m=POST p=/api/v1/workspaces/43LAL3B86000/nodes/0/page/create s=200 d=323ms s=35
INF http m=GET p=/api/v1/workspaces/43LAL3B86000/nodes/0/children s=200 d=832µs s=313
INF http m=POST p=/api/v1/workspaces/43LAL3B86000/nodes/0/table/create s=200 d=306ms s=26
INF http m=GET p=/api/v1/workspaces/43LAL3B86000/nodes/43LAL7U9C000 s=200 d=702µs s=245
INF http m=POST p=/api/v1/organizations/43LAL57M6000/workspaces s=200 d=411ms s=298
INF http m=GET p=/w/@43LAL3B86000+workspace/@43LAL7U9C000+welcome s=200 d=43µs s=532
INF http m=GET p=/api/v1/workspaces/43LAL3B86000/events s=200 d=367ms s=232
INF http m=GET p=/api/v1/auth/me s=200 d=770µs s=351
INF http m=POST p=/api/v1/auth/switch-workspace s=200 d=71.6ms s=624
INF http m=GET p=/api/v1/notifications/unread-count s=200 d=184µs s=25
INF http m=GET p=/api/v1/workspaces/43LAL3B86000/members s=200 d=3.7ms s=126
INF http m=GET p=/api/v1/workspaces/43LAL3B86000/nodes/43LAL7U9C000 s=200 d=3.37ms s=245
INF http m=GET p=/api/v1/workspaces/43LAL3B86000/nodes/0/children s=200 d=8.16ms s=313
INF http m=GET p=/api/v1/workspaces/43LAL7GB6000/members s=200 d=244µs s=126
INF http m=GET p=/api/v1/workspaces/43LAL7GB6000/nodes/0/children s=200 d=4.98ms s=26
INF http m=GET p=/api/v1/notifications/unread-count s=200 d=6.39ms s=25
INF http m=POST p=/api/v1/workspaces/43LAL7GB6000/nodes/0/page/create s=200 d=22.6ms s=35
INF http m=GET p=/api/v1/workspaces/43LAL7GB6000/nodes/0/children s=200 d=417µs s=313
INF http m=GET p=/api/v1/workspaces/43LAL7GB6000/nodes/43LALAQH4000 s=200 d=309µs s=245
INF http m=POST p=/api/v1/workspaces/43LAL7GB6000/nodes/0/table/create s=200 d=33.7ms s=26
INF http m=GET p=/api/v1/workspaces/43LAL3B86000/nodes/43LAL830S000 s=200 d=1.12ms s=174
INF http m=GET p=/w/@43LAL7GB6000+workspace/@43LALAQH4000+welcome s=200 d=40µs s=532
INF http m=GET p=/api/v1/workspaces/43LAL3B86000/nodes/43LAL830S000/table/records s=200 d=431µs s=28
INF http m=GET p=/api/v1/workspaces/43LAL7GB6000/events s=200 d=82ms s=229
INF http m=GET p=/api/v1/auth/me s=200 d=758µs s=355
INF http m=POST p=/api/v1/workspaces/43LAL3B86000/nodes/43LAL830S000/table/records/create s=200 d=25.7ms s=26
INF http m=GET p=/w/@43LAL3B86000+opts-usages-workspace/@43LAL830S000+opts-usage-table s=200 d=59µs s=532
INF http m=GET p=/api/v1/workspaces/43LAL3B86000/events s=200 d=174ms s=223
INF http m=GET p=/api/v1/notifications/unread-count s=200 d=463µs s=25
INF http m=GET p=/api/v1/workspaces/43LAL7GB6000/nodes/0/children s=200 d=2.22ms s=313
INF http m=GET p=/api/v1/workspaces/43LAL7GB6000/nodes/43LALAQH4000 s=200 d=10.9ms s=245
INF http m=GET p=/api/v1/workspaces/43LAL7GB6000/members s=200 d=7.59ms s=126
INF http m=GET p=/api/v1/auth/me s=200 d=284µs s=351
INF http m=GET p=/api/v1/notifications/unread-count s=200 d=156µs s=25
INF http m=GET p=/api/v1/workspaces/43LAL3B86000/nodes/0/children s=200 d=403µs s=313
INF http m=GET p=/api/v1/workspaces/43LAL3B86000/members s=200 d=149µs s=126
INF http m=GET p=/api/v1/workspaces/43LAL3B86000/nodes/43LAL830S000 s=200 d=350µs s=174
INF http m=GET p=/api/v1/workspaces/43LAL7GB6000/nodes/43LALATSI000 s=200 d=1.31ms s=175
INF http m=GET p=/api/v1/workspaces/43LAL3B86000/nodes/43LAL830S000/table/records s=200 d=340µs s=107
INF http m=GET p=/api/v1/workspaces/43LAL7GB6000/nodes/43LALATSI000/table/records s=200 d=264µs s=28
INF http m=POST p=/api/v1/workspaces/43LAL7GB6000/nodes/43LALATSI000/table s=200 d=17.1ms s=26
INF http m=GET p=/w/@43LAL7GB6000+opts-orders-workspace/@43LALATSI000+opts-order-table s=200 d=71µs s=532
INF http m=GET p=/api/v1/workspaces/43LAL7GB6000/events s=200 d=126ms s=212
INF http m=GET p=/api/v1/auth/me s=200 d=280µs s=355
INF http m=GET p=/api/v1/notifications/unread-count s=200 d=190µs s=25
INF http m=GET p=/api/v1/workspaces/43LAL7GB6000/nodes/0/children s=200 d=491µs s=313
INF http m=GET p=/api/v1/workspaces/43LAL7GB6000/members s=200 d=278µs s=126
INF http m=GET p=/api/v1/workspaces/43LAL7GB6000/nodes/43LALATSI000 s=200 d=1.24ms s=175
INF http m=GET p=/api/v1/workspaces/43LAL7GB6000/nodes/43LALATSI000/table/records s=200 d=189µs s=28
INF http m=GET p=/api/v1/workspaces/43LAL3B86000/events s=200 d=202ms s=93
INF http m=GET p=/api/v1/workspaces/43LAL7GB6000/events s=200 d=258ms s=93
INF http m=POST p=/api/v1/auth/register s=200 d=199ms s=388
INF http m=GET p=/ s=200 d=58µs s=532
INF http m=GET p=/assets/index-D8rN_C6i.js s=200 d=155µs s=49782
INF http m=GET p=/assets/index-BppjCDFJ.css s=200 d=105µs s=12398
INF http m=GET p=/assets/editor-vendor-DXykusy4.js s=200 d=159µs s=95952
INF http m=GET p=/registerSW.js s=200 d=65µs s=87
INF http m=GET p=/assets/vendor-Dz6kinLD.js s=200 d=126µs s=27873
INF http m=GET p=/api/v1/auth/me s=200 d=238µs s=165
INF http m=GET p=/assets/en-BOb8f2G7.js s=200 d=81µs s=5207
INF http m=GET p=/favicon.png s=200 d=42µs s=449
INF http m=GET p=/api/v1/notifications/unread-count s=200 d=184µs s=25
INF http m=GET p=/sw.js s=200 d=68µs s=5541
INF http m=POST p=/api/v1/auth/register s=200 d=216ms s=392
INF http m=GET p=/ s=200 d=59µs s=532
INF http m=GET p=/registerSW.js s=200 d=60µs s=87
INF http m=GET p=/index.html s=200 d=46µs s=532
INF http m=GET p=/icon.svg s=200 d=103µs s=195
INF http m=GET p=/registerSW.js s=200 d=44µs s=87
INF http m=GET p=/assets/vendor-Dz6kinLD.js s=200 d=123µs s=27873
INF http m=GET p=/assets/editor-vendor-DXykusy4.js s=200 d=122µs s=95952
INF http m=GET p=/assets/index-BppjCDFJ.css s=200 d=81µs s=12398
INF http m=GET p=/assets/index-D8rN_C6i.js s=200 d=164µs s=49782
INF http m=GET p=/icon-512.png s=200 d=84µs s=6498
INF http m=GET p=/icon-192.png s=200 d=56µs s=2468
INF http m=GET p=/favicon.png s=200 d=56µs s=449
INF http m=POST p=/api/v1/organizations s=200 d=152ms s=353
INF http m=GET p=/api/v1/auth/me s=200 d=220µs s=253
INF http m=GET p=/apple-touch-icon.png s=200 d=44µs s=2298
INF http m=GET p=/assets/material-symbols-names-Dyx5m6Tf.js s=200 d=104µs s=15412
INF http m=GET p=/assets/fr-CgauyyXq.js s=200 d=79µs s=6301
INF http m=GET p=/assets/es-DHO8DnB9.js s=200 d=72µs s=6015
INF http m=GET p=/assets/emoji-groups-BpL1N8nI.js s=200 d=99µs s=13798
INF http m=GET p=/api/v1/auth/me s=200 d=801µs s=167
INF http m=GET p=/assets/en-BOb8f2G7.js s=200 d=95µs s=5207
INF http m=GET p=/favicon.png s=200 d=35µs s=449
INF http m=GET p=/api/v1/notifications/unread-count s=200 d=327µs s=25
INF http m=GET p=/sw.js s=200 d=80µs s=5541
INF http m=GET p=/assets/de-qJeflSp6.js s=200 d=776µs s=6245
INF http m=GET p=/assets/WorkspaceSettingsPanel-CeaO382V.css s=200 d=35µs s=1021
INF http m=GET p=/assets/WorkspaceSettingsPanel-C0CeQhf8.js s=200 d=72µs s=4456
INF http m=GET p=/assets/ServerSettingsPanel-DsIxlWdC.css s=200 d=34µs s=593
INF http m=GET p=/assets/ServerSettingsPanel-Cmq42vr7.js s=200 d=42µs s=2538
INF http m=GET p=/assets/ResourceQuotaForm-Coc__0PE.js s=200 d=45µs s=813
INF http m=GET p=/assets/ResourceQuotaForm-AxNe1Ebg.css s=200 d=37µs s=302
INF http m=GET p=/assets/ProfileSettings-kJBJbTIc.css s=200 d=35µs s=1220
INF http m=GET p=/assets/ProfileSettings-HAdAXUp2.js s=200 d=71µs s=4325
INF http m=GET p=/registerSW.js s=200 d=29µs s=87
INF http m=GET p=/assets/OrgSettingsPanel-CEubhZUp.css s=200 d=24µs s=509
INF http m=GET p=/assets/OrgSettingsPanel-B6q-g6eD.js s=200 d=58µs s=2306
INF http m=GET p=/index.html s=200 d=30µs s=532
INF http m=GET p=/assets/InviteForm-fXZCo6g3.js s=200 d=37µs s=1267
INF http m=GET p=/icon.svg s=200 d=25µs s=195
INF http m=GET p=/assets/InviteForm-CW-wgFWD.css s=200 d=35µs s=414
INF http m=GET p=/icon-512.png s=200 d=61µs s=6498
INF http m=GET p=/icon-192.png s=200 d=44µs s=2468
INF http m=GET p=/assets/Editor-CO3i7Yl7.css s=200 d=40µs s=2237
INF http m=GET p=/assets/Editor--AVOgcEK.js s=200 d=77µs s=13498
INF http m=GET p=/favicon.png s=200 d=22µs s=449
INF http m=GET p=/assets/AdminDashboard-R0heLGro.css s=200 d=58µs s=601
INF http m=GET p=/apple-touch-icon.png s=200 d=36µs s=2298
INF http m=GET p=/assets/AdminDashboard-Cfrr1YY_.js s=200 d=45µs s=2075
INF http m=GET p=/manifest.webmanifest s=200 d=45µs s=199
INF http m=GET p=/assets/material-symbols-names-Dyx5m6Tf.js s=200 d=97µs s=15412
INF http m=GET p=/assets/fr-CgauyyXq.js s=200 d=97µs s=6301
INF http m=GET p=/assets/es-DHO8DnB9.js s=200 d=74µs s=6015
INF http m=GET p=/assets/emoji-groups-BpL1N8nI.js s=200 d=489µs s=13798
INF http m=GET p=/assets/de-qJeflSp6.js s=200 d=100µs s=6245
INF http m=GET p=/assets/WorkspaceSettingsPanel-CeaO382V.css s=200 d=34µs s=1021
INF http m=GET p=/assets/WorkspaceSettingsPanel-C0CeQhf8.js s=200 d=89µs s=4456
INF http m=GET p=/assets/ServerSettingsPanel-DsIxlWdC.css s=200 d=33µs s=593
INF http m=GET p=/assets/ServerSettingsPanel-Cmq42vr7.js s=200 d=33µs s=2538
INF http m=GET p=/assets/ResourceQuotaForm-Coc__0PE.js s=200 d=31µs s=813
INF http m=GET p=/assets/ResourceQuotaForm-AxNe1Ebg.css s=200 d=49µs s=302
INF http m=GET p=/assets/ProfileSettings-kJBJbTIc.css s=200 d=23µs s=1220
INF http m=GET p=/assets/ProfileSettings-HAdAXUp2.js s=200 d=86µs s=4325
INF http m=GET p=/assets/OrgSettingsPanel-CEubhZUp.css s=200 d=27µs s=509
INF http m=GET p=/assets/OrgSettingsPanel-B6q-g6eD.js s=200 d=47µs s=2306
INF http m=GET p=/assets/InviteForm-fXZCo6g3.js s=200 d=26µs s=1267
INF http m=GET p=/assets/InviteForm-CW-wgFWD.css s=200 d=29µs s=414
INF http m=GET p=/assets/Editor-CO3i7Yl7.css s=200 d=33µs s=2237
INF http m=GET p=/assets/Editor--AVOgcEK.js s=200 d=72µs s=13498
INF http m=GET p=/assets/AdminDashboard-R0heLGro.css s=200 d=30µs s=601
INF http m=GET p=/assets/AdminDashboard-Cfrr1YY_.js s=200 d=37µs s=2075
INF http m=GET p=/manifest.webmanifest s=200 d=27µs s=199
INF http m=POST p=/api/v1/organizations/43LALHDF4000/workspaces s=200 d=644ms s=298
INF http m=POST p=/api/v1/organizations s=200 d=507ms s=353
INF http m=GET p=/api/v1/auth/me s=200 d=592µs s=251
INF http m=POST p=/api/v1/auth/switch-workspace s=200 d=49.7ms s=607
INF http m=GET p=/api/v1/notifications/unread-count s=200 d=230µs s=25
INF http m=GET p=/api/v1/workspaces/43LALIE3C000/nodes/0/children s=200 d=258µs s=26
INF http m=GET p=/api/v1/workspaces/43LALIE3C000/members s=200 d=7.65ms s=124
INF http m=POST p=/api/v1/organizations/43LALJA0Q000/workspaces s=200 d=395ms s=301
ERR Failed to commit DB changes err="failed to stage db changes: signal: bus error (core dumped)\nOutput: "
INF http m=POST p=/api/v1/workspaces/43LALIE3C000/nodes/0/page/create s=200 d=425ms s=35
ERR Failed to commit DB changes err="failed to stage db changes: exit status 128\nOutput: fatal: Unable to create '/home/runner/work/mddb/mddb/data-e2e/.git/index.lock': File exists.\n\nAnother git process seems to be running in this repository, or the lock file may be stale\n"
INF http m=POST p=/api/v1/workspaces/43LALIE3C000/nodes/0/table/create s=200 d=366ms s=26
ERR Failed to commit DB changes err="failed to stage db changes: exit status 128\nOutput: fatal: Unable to create '/home/runner/work/mddb/mddb/data-e2e/.git/index.lock': File exists.\n\nAnother git process seems to be running in this repository, or the lock file may be stale\n"
INF http m=POST p=/api/v1/auth/switch-workspace s=200 d=101ms s=613
INF http m=GET p=/api/v1/workspaces/43LALIE3C000/nodes/0/children s=200 d=753µs s=317
INF http m=GET p=/api/v1/workspaces/43LALIE3C000/nodes/43LALMQSQ000 s=200 d=305µs s=245
INF http m=GET p=/w/@43LALIE3C000+workspace/@43LALMQSQ000+welcome s=200 d=72µs s=532
INF http m=GET p=/api/v1/notifications/unread-count s=200 d=213µs s=25
INF http m=GET p=/api/v1/workspaces/43LALMDUU000/members s=200 d=515µs s=126
INF http m=GET p=/api/v1/workspaces/43LALMDUU000/nodes/0/children s=200 d=295µs s=26
INF http m=GET p=/api/v1/workspaces/43LALIE3C000/events s=200 d=503ms s=231
ERR Failed to commit DB changes err="failed to stage db changes: exit status 128\nOutput: fatal: Unable to create '/home/runner/work/mddb/mddb/data-e2e/.git/index.lock': File exists.\n\nAnother git process seems to be running in this repository, or the lock file may be stale\n"
INF http m=POST p=/api/v1/workspaces/43LALMDUU000/nodes/0/page/create s=200 d=39.9ms s=35
INF http m=GET p=/api/v1/workspaces/43LALMDUU000/nodes/0/children s=200 d=288µs s=257
INF http m=GET p=/api/v1/workspaces/43LALMDUU000/nodes/43LALPO36000 s=200 d=8.31ms s=245
INF http m=GET p=/api/v1/auth/me s=200 d=374µs s=356
INF http m=GET p=/api/v1/notifications/unread-count s=200 d=213µs s=25
INF http m=GET p=/api/v1/workspaces/43LALIE3C000/nodes/43LALMQSQ000 s=200 d=268µs s=245
INF http m=GET p=/api/v1/workspaces/43LALIE3C000/members s=200 d=138µs s=124
INF http m=GET p=/api/v1/workspaces/43LALIE3C000/nodes/0/children s=200 d=356µs s=317
INF http m=GET p=/api/v1/workspaces/43LALIE3C000/nodes/43LALN740000 s=200 d=431µs s=177
INF http m=GET p=/api/v1/workspaces/43LALIE3C000/nodes/43LALN740000/table/records s=200 d=202µs s=28
INF http m=GET p=/api/v1/workspaces/43LALIE3C000/nodes/43LALN740000/table s=200 d=263µs s=163
ERR Failed to commit DB changes err="failed to stage db changes: exit status 128\nOutput: fatal: Unable to create '/home/runner/work/mddb/mddb/data-e2e/.git/index.lock': File exists.\n\nAnother git process seems to be running in this repository, or the lock file may be stale\n"
INF http m=POST p=/api/v1/workspaces/43LALIE3C000/nodes/43LALN740000/table s=200 d=17.3ms s=35
INF http m=GET p=/api/v1/workspaces/43LALIE3C000/events s=200 d=305ms s=212
ERR Failed to commit DB changes err="failed to stage db changes: exit status 128\nOutput: fatal: Unable to create '/home/runner/work/mddb/mddb/data-e2e/.git/index.lock': File exists.\n\nAnother git process seems to be running in this repository, or the lock file may be stale\n"
INF http m=POST p=/api/v1/workspaces/43LALIE3C000/nodes/43LALN740000/table s=200 d=32.5ms s=35
ERR Failed to commit DB changes err="failed to stage db changes: exit status 128\nOutput: fatal: Unable to create '/home/runner/work/mddb/mddb/data-e2e/.git/index.lock': File exists.\n\nAnother git process seems to be running in this repository, or the lock file may be stale\n"
INF http m=POST p=/api/v1/auth/register s=200 d=91ms s=390
INF http m=GET p=/ s=200 d=58µs s=532
INF http m=GET p=/registerSW.js s=200 d=60µs s=87
INF http m=GET p=/assets/index-D8rN_C6i.js s=200 d=112µs s=49782
INF http m=GET p=/assets/vendor-Dz6kinLD.js s=200 d=411µs s=27873
INF http m=GET p=/assets/editor-vendor-DXykusy4.js s=200 d=180µs s=95952
INF http m=GET p=/assets/index-BppjCDFJ.css s=200 d=135µs s=12398
INF http m=GET p=/assets/en-BOb8f2G7.js s=200 d=103µs s=5207
INF http m=GET p=/api/v1/auth/me s=200 d=222µs s=168
INF http m=GET p=/api/v1/notifications/unread-count s=200 d=299µs s=25
INF http m=GET p=/favicon.png s=200 d=38µs s=449
ERR Failed to commit DB changes err="failed to stage db changes: exit status 128\nOutput: fatal: Unable to create '/home/runner/work/mddb/mddb/data-e2e/.git/index.lock': File exists.\n\nAnother git process seems to be running in this repository, or the lock file may be stale\n"
INF http m=POST p=/api/v1/organizations s=200 d=9.1ms s=353
INF http m=GET p=/api/v1/auth/me s=200 d=686µs s=253
INF http m=GET p=/sw.js s=200 d=74µs s=5541
INF http m=GET p=/registerSW.js s=200 d=34µs s=87
INF http m=GET p=/index.html s=200 d=50µs s=532
ERR Failed to commit DB changes err="failed to stage db changes: exit status 128\nOutput: fatal: Unable to create '/home/runner/work/mddb/mddb/data-e2e/.git/index.lock': File exists.\n\nAnother git process seems to be running in this repository, or the lock file may be stale\n"
INF http m=POST p=/api/v1/workspaces/43LALMDUU000/nodes/0/table/create s=200 d=36.3ms s=26
INF http m=GET p=/icon.svg s=200 d=32µs s=195
INF http m=GET p=/icon-512.png s=200 d=55µs s=6498
INF http m=GET p=/icon-192.png s=200 d=51µs s=2468
INF http m=GET p=/favicon.png s=200 d=45µs s=449
INF http m=GET p=/apple-touch-icon.png s=200 d=54µs s=2298
INF http m=GET p=/assets/material-symbols-names-Dyx5m6Tf.js s=200 d=100µs s=15412
INF http m=GET p=/assets/fr-CgauyyXq.js s=200 d=79µs s=6301
ERR Failed to add workspace submodule wsID=43LALV9LI000 err="failed to add submodule 43LALV9LI000: exit status 128\nOutput: Adding existing repo at '43LALV9LI000' to the index\nfatal: Unable to create '/home/runner/work/mddb/mddb/data-e2e/.git/index.lock': File exists.\n\nAnother git process seems to be running in this repository, or the lock file may be stale\nfatal: Failed to add submodule '43LALV9LI000'\n"
INF http m=GET p=/assets/es-DHO8DnB9.js s=200 d=80µs s=6015
ERR Failed to commit DB changes err="failed to stage db changes: exit status 128\nOutput: fatal: Unable to create '/home/runner/work/mddb/mddb/data-e2e/.git/index.lock': File exists.\n\nAnother git process seems to be running in this repository, or the lock file may be stale\n"
INF http m=POST p=/api/v1/organizations/43LALV13Q000/workspaces s=200 d=115ms s=301
ERR Failed to commit DB changes err="failed to stage db changes: exit status 128\nOutput: fatal: Unable to create '/home/runner/work/mddb/mddb/data-e2e/.git/index.lock': File exists.\n\nAnother git process seems to be running in this repository, or the lock file may be stale\n"
INF http m=POST p=/api/v1/workspaces/43LALMDUU000/nodes/43LALV710000/table/records/create s=200 d=94.4ms s=26
ERR Failed to commit DB changes err="failed to stage db changes: exit status 128\nOutput: fatal: Unable to create '/home/runner/work/mddb/mddb/data-e2e/.git/index.lock': File exists.\n\nAnother git process seems to be running in this repository, or the lock file may be stale\n"
INF http m=POST p=/api/v1/auth/switch-workspace s=200 d=10.2ms s=599
INF http m=GET p=/w/@43LALMDUU000+workspace/@43LALPO36000+welcome s=200 d=48µs s=532
INF http m=GET p=/assets/emoji-groups-BpL1N8nI.js s=200 d=119µs s=13798
INF http m=GET p=/api/v1/workspaces/43LALMDUU000/events s=200 d=1.06s s=294
INF http m=GET p=/api/v1/notifications/unread-count s=200 d=210µs s=25
INF http m=GET p=/api/v1/workspaces/43LALV9LI000/nodes/0/children s=200 d=6.89ms s=26
INF http m=GET p=/api/v1/workspaces/43LALV9LI000/members s=200 d=7.41ms s=119
INF http m=GET p=/api/v1/auth/me s=200 d=563µs s=352
INF http m=GET p=/assets/de-qJeflSp6.js s=200 d=66µs s=6245
ERR Failed to commit DB changes err="failed to stage db changes: exit status 128\nOutput: fatal: Unable to create '/home/runner/work/mddb/mddb/data-e2e/.git/index.lock': File exists.\n\nAnother git process seems to be running in this repository, or the lock file may be stale\n"
INF http m=POST p=/api/v1/workspaces/43LALV9LI000/nodes/0/page/create s=200 d=40.1ms s=35
INF http m=GET p=/api/v1/workspaces/43LALV9LI000/nodes/0/children s=200 d=281µs s=257
INF http m=GET p=/assets/WorkspaceSettingsPanel-CeaO382V.css s=200 d=32µs s=1021
INF http m=GET p=/api/v1/workspaces/43LALV9LI000/nodes/43LAM0GS2000 s=200 d=281µs s=245
INF http m=GET p=/assets/WorkspaceSettingsPanel-C0CeQhf8.js s=200 d=99µs s=4456
INF http m=GET p=/assets/Editor--AVOgcEK.js s=200 d=98µs s=13498
INF http m=GET p=/assets/Editor-CO3i7Yl7.css s=200 d=48µs s=2237
INF http m=GET p=/api/v1/notifications/unread-count s=200 d=484µs s=25
INF http m=GET p=/assets/ServerSettingsPanel-DsIxlWdC.css s=200 d=29µs s=593
INF http m=GET p=/api/v1/workspaces/43LALMDUU000/nodes/0/children s=200 d=2.81ms s=315
INF http m=GET p=/api/v1/workspaces/43LALMDUU000/nodes/43LALPO36000 s=200 d=3.64ms s=245
INF http m=GET p=/api/v1/workspaces/43LALMDUU000/members s=200 d=5.53ms s=126
INF http m=GET p=/assets/ServerSettingsPanel-Cmq42vr7.js s=200 d=74µs s=2538
INF http m=GET p=/assets/ResourceQuotaForm-Coc__0PE.js s=200 d=30µs s=813
INF http m=GET p=/assets/ResourceQuotaForm-AxNe1Ebg.css s=200 d=37µs s=302
INF http m=GET p=/assets/ProfileSettings-kJBJbTIc.css s=200 d=36µs s=1220
INF http m=GET p=/assets/ProfileSettings-HAdAXUp2.js s=200 d=112µs s=4325
INF http m=GET p=/assets/OrgSettingsPanel-CEubhZUp.css s=200 d=28µs s=509
INF http m=GET p=/assets/OrgSettingsPanel-B6q-g6eD.js s=200 d=45µs s=2306
INF http m=GET p=/assets/InviteForm-fXZCo6g3.js s=200 d=23µs s=1267
INF http m=GET p=/assets/InviteForm-CW-wgFWD.css s=200 d=30µs s=414
INF http m=GET p=/assets/AdminDashboard-R0heLGro.css s=200 d=33µs s=601
INF http m=GET p=/api/v1/workspaces/43LALMDUU000/nodes/43LALV710000 s=200 d=397µs s=176
INF http m=GET p=/assets/AdminDashboard-Cfrr1YY_.js s=200 d=40µs s=2075
INF http m=GET p=/manifest.webmanifest s=200 d=35µs s=199
INF http m=GET p=/api/v1/workspaces/43LALMDUU000/nodes/43LALV710000/table/records s=200 d=387µs s=104
ERR Failed to commit DB changes err="failed to stage db changes: exit status 128\nOutput: fatal: Unable to create '/home/runner/work/mddb/mddb/data-e2e/.git/index.lock': File exists.\n\nAnother git process seems to be running in this repository, or the lock file may be stale\n"
INF http m=POST p=/api/v1/workspaces/43LALV9LI000/nodes/0/table/create s=200 d=19.5ms s=26
ERR Failed to commit DB changes err="failed to stage db changes: exit status 128\nOutput: fatal: Unable to create '/home/runner/work/mddb/mddb/data-e2e/.git/index.lock': File exists.\n\nAnother git process seems to be running in this repository, or the lock file may be stale\n"
INF http m=POST p=/api/v1/workspaces/43LALV9LI000/nodes/43LAM1KI8000/table/records/create s=200 d=14ms s=26
INF http m=GET p=/w/@43LALV9LI000+workspace/@43LAM0GS2000+welcome s=200 d=37µs s=532
INF http m=GET p=/api/v1/workspaces/43LALV9LI000/events s=200 d=276ms s=289
INF http m=GET p=/api/v1/workspaces/43LALMDUU000/events s=200 d=194ms s=93
INF http m=GET p=/api/v1/auth/me s=200 d=284µs s=353
INF http m=GET p=/api/v1/notifications/unread-count s=200 d=123µs s=25
INF http m=GET p=/api/v1/workspaces/43LALV9LI000/nodes/43LAM0GS2000 s=200 d=288µs s=245
INF http m=GET p=/api/v1/workspaces/43LALV9LI000/members s=200 d=166µs s=119
INF http m=GET p=/api/v1/workspaces/43LALV9LI000/nodes/0/children s=200 d=347µs s=317
INF http m=GET p=/api/v1/workspaces/43LALV9LI000/nodes/43LAM1KI8000 s=200 d=430µs s=182
INF http m=GET p=/api/v1/workspaces/43LALV9LI000/nodes/43LAM1KI8000/table/records s=200 d=4.05ms s=104
ERR Failed to commit DB changes err="failed to stage db changes: exit status 128\nOutput: fatal: Unable to create '/home/runner/work/mddb/mddb/data-e2e/.git/index.lock': File exists.\n\nAnother git process seems to be running in this repository, or the lock file may be stale\n"
INF http m=POST p=/api/v1/auth/register s=200 d=115ms s=390
INF http m=GET p=/ s=200 d=54µs s=532
INF http m=GET p=/registerSW.js s=200 d=57µs s=87
INF http m=GET p=/assets/vendor-Dz6kinLD.js s=200 d=99µs s=27873
INF http m=GET p=/assets/index-BppjCDFJ.css s=200 d=114µs s=12398
INF http m=GET p=/assets/editor-vendor-DXykusy4.js s=200 d=159µs s=95952
INF http m=GET p=/assets/index-D8rN_C6i.js s=200 d=105µs s=49782
INF http m=GET p=/api/v1/workspaces/43LALV9LI000/events s=200 d=390ms s=93
INF http m=GET p=/api/v1/auth/me s=200 d=255µs s=167
INF http m=GET p=/assets/en-BOb8f2G7.js s=200 d=95µs s=5207
INF http m=GET p=/api/v1/notifications/unread-count s=200 d=180µs s=25
INF http m=GET p=/favicon.png s=200 d=33µs s=449
ERR Failed to commit DB changes err="failed to stage db changes: exit status 128\nOutput: fatal: Unable to create '/home/runner/work/mddb/mddb/data-e2e/.git/index.lock': File exists.\n\nAnother git process seems to be running in this repository, or the lock file may be stale\n"
INF http m=POST p=/api/v1/organizations s=200 d=10.6ms s=353
INF http m=GET p=/sw.js s=200 d=77µs s=5541
INF http m=GET p=/api/v1/auth/me s=200 d=696µs s=251
INF http m=GET p=/registerSW.js s=200 d=40µs s=87
INF http m=GET p=/index.html s=200 d=36µs s=532
INF http m=GET p=/icon.svg s=200 d=36µs s=195
INF http m=GET p=/icon-512.png s=200 d=65µs s=6498
INF http m=GET p=/icon-192.png s=200 d=57µs s=2468
INF http m=GET p=/favicon.png s=200 d=37µs s=449
INF http m=GET p=/apple-touch-icon.png s=200 d=45µs s=2298
INF http m=GET p=/assets/material-symbols-names-Dyx5m6Tf.js s=200 d=102µs s=15412
ERR Failed to add workspace submodule wsID=43LAM6DJO000 err="failed to add submodule 43LAM6DJO000: exit status 128\nOutput: Adding existing repo at '43LAM6DJO000' to the index\nfatal: Unable to create '/home/runner/work/mddb/mddb/data-e2e/.git/index.lock': File exists.\n\nAnother git process seems to be running in this repository, or the lock file may be stale\nfatal: Failed to add submodule '43LAM6DJO000'\n"
ERR Failed to commit DB changes err="failed to stage db changes: exit status 128\nOutput: fatal: Unable to create '/home/runner/work/mddb/mddb/data-e2e/.git/index.lock': File exists.\n\nAnother git process seems to be running in this repository, or the lock file may be stale\n"
INF http m=POST p=/api/v1/organizations/43LAM5PSO000/workspaces s=200 d=172ms s=300
ERR Failed to commit DB changes err="failed to stage db changes: exit status 128\nOutput: fatal: Unable to create '/home/runner/work/mddb/mddb/data-e2e/.git/index.lock': File exists.\n\nAnother git process seems to be running in this repository, or the lock file may be stale\n"
INF http m=POST p=/api/v1/auth/register s=200 d=146ms s=388
INF http m=GET p=/ s=200 d=72µs s=532
ERR Failed to commit DB changes err="failed to stage db changes: exit status 128\nOutput: fatal: Unable to create '/home/runner/work/mddb/mddb/data-e2e/.git/index.lock': File exists.\n\nAnother git process seems to be running in this repository, or the lock file may be stale\n"
INF http m=POST p=/api/v1/auth/switch-workspace s=200 d=11.7ms s=572
INF http m=GET p=/assets/fr-CgauyyXq.js s=200 d=58µs s=6301
INF http m=GET p=/assets/es-DHO8DnB9.js s=200 d=96µs s=6015
INF http m=GET p=/assets/emoji-groups-BpL1N8nI.js s=200 d=117µs s=13798
INF http m=GET p=/assets/index-D8rN_C6i.js s=200 d=182µs s=49782
INF http m=GET p=/assets/index-BppjCDFJ.css s=200 d=133µs s=12398
INF http m=GET p=/api/v1/workspaces/43LAM6DJO000/nodes/0/children s=200 d=417µs s=26
INF http m=GET p=/api/v1/notifications/unread-count s=200 d=10.8ms s=25
INF http m=GET p=/api/v1/workspaces/43LAM6DJO000/members s=200 d=610µs s=128
INF http m=GET p=/assets/editor-vendor-DXykusy4.js s=200 d=225µs s=95952
INF http m=GET p=/registerSW.js s=200 d=44µs s=87
INF http m=GET p=/assets/vendor-Dz6kinLD.js s=200 d=136µs s=27873
ERR Failed to commit DB changes err="failed to stage db changes: exit status 128\nOutput: fatal: Unable to create '/home/runner/work/mddb/mddb/data-e2e/.git/index.lock': File exists.\n\nAnother git process seems to be running in this repository, or the lock file may be stale\n"
INF http m=POST p=/api/v1/workspaces/43LAM6DJO000/nodes/0/page/create s=200 d=43.1ms s=35
INF http m=GET p=/api/v1/workspaces/43LAM6DJO000/nodes/0/children s=200 d=543µs s=257
INF http m=GET p=/api/v1/workspaces/43LAM6DJO000/nodes/43LAM86O0000 s=200 d=446µs s=245
INF http m=GET p=/assets/de-qJeflSp6.js s=200 d=76µs s=6245
INF http m=GET p=/assets/Editor--AVOgcEK.js s=200 d=109µs s=13498
INF http m=GET p=/assets/Editor-CO3i7Yl7.css s=200 d=67µs s=2237
INF http m=GET p=/assets/WorkspaceSettingsPanel-CeaO382V.css s=200 d=45µs s=1021
INF http m=GET p=/assets/WorkspaceSettingsPanel-C0CeQhf8.js s=200 d=103µs s=4456
INF http m=GET p=/api/v1/auth/me s=200 d=552µs s=165
INF http m=GET p=/assets/ServerSettingsPanel-DsIxlWdC.css s=200 d=35µs s=593
INF http m=GET p=/assets/en-BOb8f2G7.js s=200 d=101µs s=5207
INF http m=GET p=/assets/ServerSettingsPanel-Cmq42vr7.js s=200 d=43µs s=2538
INF http m=GET p=/assets/ResourceQuotaForm-Coc__0PE.js s=200 d=45µs s=813
INF http m=GET p=/assets/ResourceQuotaForm-AxNe1Ebg.css s=200 d=40µs s=302
INF http m=GET p=/sw.js s=200 d=79µs s=5541
INF http m=GET p=/assets/ProfileSettings-kJBJbTIc.css s=200 d=29µs s=1220
INF http m=GET p=/api/v1/notifications/unread-count s=200 d=526µs s=25
ERR Failed to commit DB changes err="failed to stage db changes: exit status 128\nOutput: fatal: Unable to create '/home/runner/work/mddb/mddb/data-e2e/.git/index.lock': File exists.\n\nAnother git process seems to be running in this repository, or the lock file may be stale\n"
INF http m=POST p=/api/v1/organizations s=200 d=4.51ms s=353
INF http m=GET p=/assets/ProfileSettings-HAdAXUp2.js s=200 d=83µs s=4325
INF http m=GET p=/favicon.png s=200 d=28µs s=449
INF http m=GET p=/assets/OrgSettingsPanel-CEubhZUp.css s=200 d=38µs s=509
ERR Failed to commit DB changes err="failed to stage db changes: exit status 128\nOutput: fatal: Unable to create '/home/runner/work/mddb/mddb/data-e2e/.git/index.lock': File exists.\n\nAnother git process seems to be running in this repository, or the lock file may be stale\n"
INF http m=POST p=/api/v1/workspaces/43LAM6DJO000/nodes/0/table/create s=200 d=64.9ms s=26
INF http m=GET p=/registerSW.js s=200 d=33µs s=87
INF http m=GET p=/assets/OrgSettingsPanel-B6q-g6eD.js s=200 d=33µs s=2306
INF http m=GET p=/assets/InviteForm-fXZCo6g3.js s=200 d=320µs s=1267
INF http m=GET p=/assets/InviteForm-CW-wgFWD.css s=200 d=47µs s=414
INF http m=GET p=/index.html s=200 d=58µs s=532
INF http m=GET p=/icon.svg s=200 d=45µs s=195
INF http m=GET p=/assets/AdminDashboard-R0heLGro.css s=200 d=25µs s=601
INF http m=GET p=/api/v1/auth/me s=200 d=1.85ms s=252
INF http m=GET p=/assets/AdminDashboard-Cfrr1YY_.js s=200 d=248µs s=2075
INF http m=GET p=/manifest.webmanifest s=200 d=29µs s=199
INF http m=GET p=/icon-512.png s=200 d=63µs s=6498
ERR Failed to commit DB changes err="failed to stage db changes: exit status 128\nOutput: fatal: Unable to create '/home/runner/work/mddb/mddb/data-e2e/.git/index.lock': File exists.\n\nAnother git process seems to be running in this repository, or the lock file may be stale\n"
INF http m=POST p=/api/v1/workspaces/43LAM6DJO000/nodes/43LAM9B52000/table/records/create s=200 d=62.2ms s=26
INF http m=GET p=/icon-192.png s=200 d=53µs s=2468
INF http m=GET p=/w/@43LAM6DJO000+workspace/@43LAM86O0000+welcome s=200 d=41µs s=532
INF http m=GET p=/favicon.png s=200 d=38µs s=449
INF http m=GET p=/api/v1/workspaces/43LAM6DJO000/events s=200 d=346ms s=289
INF http m=GET p=/apple-touch-icon.png s=200 d=76µs s=2298
INF http m=GET p=/assets/material-symbols-names-Dyx5m6Tf.js s=200 d=320µs s=15412
INF http m=GET p=/api/v1/auth/me s=200 d=488µs s=351
INF http m=GET p=/assets/fr-CgauyyXq.js s=200 d=71µs s=6301
INF http m=GET p=/assets/es-DHO8DnB9.js s=200 d=110µs s=6015
INF http m=GET p=/assets/emoji-groups-BpL1N8nI.js s=200 d=119µs s=13798
INF http m=GET p=/api/v1/notifications/unread-count s=200 d=188µs s=25
ERR Failed to add workspace submodule wsID=43LAMA8JU000 err="failed to add submodule 43LAMA8JU000: exit status 128\nOutput: Adding existing repo at '43LAMA8JU000' to the index\nfatal: Unable to create '/home/runner/work/mddb/mddb/data-e2e/.git/index.lock': File exists.\n\nAnother git process seems to be running in this repository, or the lock file may be stale\nfatal: Failed to add submodule '43LAMA8JU000'\n"
INF http m=GET p=/api/v1/workspaces/43LAM6DJO000/nodes/0/children s=200 d=441µs s=318
INF http m=GET p=/api/v1/workspaces/43LAM6DJO000/members s=200 d=151µs s=128
ERR Failed to commit DB changes err="failed to stage db changes: exit status 128\nOutput: fatal: Unable to create '/home/runner/work/mddb/mddb/data-e2e/.git/index.lock': File exists.\n\nAnother git process seems to be running in this repository, or the lock file may be stale\n"
INF http m=POST p=/api/v1/organizations/43LAM9HE8000/workspaces s=200 d=166ms s=301
INF http m=GET p=/api/v1/workspaces/43LAM6DJO000/nodes/43LAM86O0000 s=200 d=3.39ms s=245
ERR Failed to commit DB changes err="failed to stage db changes: exit status 128\nOutput: fatal: Unable to create '/home/runner/work/mddb/mddb/data-e2e/.git/index.lock': File exists.\n\nAnother git process seems to be running in this repository, or the lock file may be stale\n"
INF http m=POST p=/api/v1/auth/switch-workspace s=200 d=12.2ms s=578
INF http m=GET p=/assets/de-qJeflSp6.js s=200 d=230µs s=6245
INF http m=GET p=/api/v1/workspaces/43LAMA8JU000/nodes/0/children s=200 d=359µs s=26
INF http m=GET p=/api/v1/notifications/unread-count s=200 d=140µs s=25
INF http m=GET p=/api/v1/workspaces/43LAMA8JU000/members s=200 d=7.81ms s=128
INF http m=GET p=/assets/WorkspaceSettingsPanel-CeaO382V.css s=200 d=40µs s=1021
INF http m=GET p=/assets/WorkspaceSettingsPanel-C0CeQhf8.js s=200 d=155µs s=4456
INF http m=GET p=/assets/ServerSettingsPanel-DsIxlWdC.css s=200 d=45µs s=593
INF http m=GET p=/assets/ServerSettingsPanel-Cmq42vr7.js s=200 d=65µs s=2538
ERR Failed to commit DB changes err="failed to stage db changes: exit status 128\nOutput: fatal: Unable to create '/home/runner/work/mddb/mddb/data-e2e/.git/index.lock': File exists.\n\nAnother git process seems to be running in this repository, or the lock file may be stale\n"
INF http m=POST p=/api/v1/workspaces/43LAMA8JU000/nodes/0/page/create s=200 d=42.3ms s=35
INF http m=GET p=/api/v1/workspaces/43LAM6DJO000/nodes/43LAM9B52000 s=200 d=351µs s=177
INF http m=GET p=/api/v1/workspaces/43LAMA8JU000/nodes/0/children s=200 d=261µs s=257
INF http m=GET p=/assets/ResourceQuotaForm-Coc__0PE.js s=200 d=34µs s=813
INF http m=GET p=/assets/ResourceQuotaForm-AxNe1Ebg.css s=200 d=39µs s=302
INF http m=GET p=/api/v1/workspaces/43LAMA8JU000/nodes/43LAMBL6I000 s=200 d=289µs s=245
INF http m=GET p=/api/v1/workspaces/43LAM6DJO000/nodes/43LAM9B52000/table/records s=200 d=593µs s=105
INF http m=GET p=/assets/ProfileSettings-kJBJbTIc.css s=200 d=48µs s=1220
INF http m=GET p=/assets/Editor--AVOgcEK.js s=200 d=153µs s=13498
INF http m=GET p=/assets/Editor-CO3i7Yl7.css s=200 d=58µs s=2237
INF http m=GET p=/assets/ProfileSettings-HAdAXUp2.js s=200 d=58µs s=4325
INF http m=GET p=/assets/OrgSettingsPanel-CEubhZUp.css s=200 d=38µs s=509
INF http m=GET p=/assets/OrgSettingsPanel-B6q-g6eD.js s=200 d=51µs s=2306
INF http m=GET p=/assets/InviteForm-fXZCo6g3.js s=200 d=32µs s=1267
INF http m=GET p=/assets/InviteForm-CW-wgFWD.css s=200 d=37µs s=414
INF http m=GET p=/assets/AdminDashboard-R0heLGro.css s=200 d=42µs s=601
INF http m=GET p=/assets/AdminDashboard-Cfrr1YY_.js s=200 d=44µs s=2075
INF http m=GET p=/manifest.webmanifest s=200 d=37µs s=199
ERR Failed to commit DB changes err="failed to stage db changes: exit status 128\nOutput: fatal: Unable to create '/home/runner/work/mddb/mddb/data-e2e/.git/index.lock': File exists.\n\nAnother git process seems to be running in this repository, or the lock file may be stale\n"
INF http m=POST p=/api/v1/workspaces/43LAMA8JU000/nodes/0/table/create s=200 d=20.9ms s=26
ERR Failed to commit DB changes err="failed to stage db changes: exit status 128\nOutput: fatal: Unable to create '/home/runner/work/mddb/mddb/data-e2e/.git/index.lock': File exists.\n\nAnother git process seems to be running in this repository, or the lock file may be stale\n"
INF http m=POST p=/api/v1/workspaces/43LAMA8JU000/nodes/43LAMCKCO000/table/records/create s=200 d=22ms s=26
INF http m=GET p=/w/@43LAMA8JU000+workspace/@43LAMBL6I000+welcome s=200 d=41µs s=532
INF http m=GET p=/api/v1/workspaces/43LAMA8JU000/events s=200 d=231ms s=289
INF http m=GET p=/api/v1/auth/me s=200 d=754µs s=356
INF http m=GET p=/api/v1/workspaces/43LAM6DJO000/events s=200 d=340ms s=93
INF http m=GET p=/api/v1/workspaces/43LAMA8JU000/nodes/43LAMBL6I000 s=200 d=574µs s=245
INF http m=GET p=/api/v1/notifications/unread-count s=200 d=120µs s=25
INF http m=GET p=/api/v1/workspaces/43LAMA8JU000/members s=200 d=500µs s=128
INF http m=GET p=/api/v1/workspaces/43LAMA8JU000/nodes/0/children s=200 d=25ms s=308
INF http m=GET p=/api/v1/workspaces/43LAMA8JU000/nodes/43LAMCKCO000 s=200 d=350µs s=168
INF http m=GET p=/api/v1/workspaces/43LAMA8JU000/nodes/43LAMCKCO000/table/records s=200 d=357µs s=106
INF http m=GET p=/api/v1/workspaces/43LAMA8JU000/events s=200 d=199ms s=93
ERR Failed to commit DB changes err="failed to stage db changes: exit status 128\nOutput: fatal: Unable to create '/home/runner/work/mddb/mddb/data-e2e/.git/index.lock': File exists.\n\nAnother git process seems to be running in this repository, or the lock file may be stale\n"
INF http m=POST p=/api/v1/auth/register s=200 d=133ms s=397
INF http m=GET p=/ s=200 d=57µs s=532
INF http m=GET p=/assets/vendor-Dz6kinLD.js s=200 d=152µs s=27873
INF http m=GET p=/assets/editor-vendor-DXykusy4.js s=200 d=152µs s=95952
INF http m=GET p=/assets/index-BppjCDFJ.css s=200 d=101µs s=12398
INF http m=GET p=/assets/index-D8rN_C6i.js s=200 d=117µs s=49782
INF http m=GET p=/registerSW.js s=200 d=526µs s=87
INF http m=GET p=/api/v1/auth/me s=200 d=238µs s=169
INF http m=GET p=/assets/en-BOb8f2G7.js s=200 d=64µs s=5207
INF http m=GET p=/api/v1/notifications/unread-count s=200 d=196µs s=25
INF http m=GET p=/favicon.png s=200 d=32µs s=449
INF http m=GET p=/sw.js s=200 d=84µs s=5541
ERR Failed to commit DB changes err="failed to stage db changes: exit status 128\nOutput: fatal: Unable to create '/home/runner/work/mddb/mddb/data-e2e/.git/index.lock': File exists.\n\nAnother git process seems to be running in this repository, or the lock file may be stale\n"
INF http m=POST p=/api/v1/organizations s=200 d=13.6ms s=352
INF http m=GET p=/api/v1/auth/me s=200 d=561µs s=252
INF http m=GET p=/registerSW.js s=200 d=35µs s=87
INF http m=GET p=/index.html s=200 d=42µs s=532
INF http m=GET p=/icon.svg s=200 d=41µs s=195
INF http m=GET p=/icon-512.png s=200 d=69µs s=6498
INF http m=GET p=/icon-192.png s=200 d=55µs s=2468
INF http m=GET p=/favicon.png s=200 d=34µs s=449
ERR Failed to commit DB changes err="failed to stage db changes: exit status 128\nOutput: fatal: Unable to create '/home/runner/work/mddb/mddb/data-e2e/.git/index.lock': File exists.\n\nAnother git process seems to be running in this repository, or the lock file may be stale\n"
INF http m=POST p=/api/v1/auth/register s=200 d=277ms s=396
INF http m=GET p=/ s=200 d=62µs s=532
INF http m=GET p=/apple-touch-icon.png s=200 d=34µs s=2298
INF http m=GET p=/registerSW.js s=200 d=35µs s=87
INF http m=GET p=/assets/index-D8rN_C6i.js s=200 d=165µs s=49782
INF http m=GET p=/assets/vendor-Dz6kinLD.js s=200 d=118µs s=27873
INF http m=GET p=/assets/editor-vendor-DXykusy4.js s=200 d=157µs s=95952
INF http m=GET p=/assets/index-BppjCDFJ.css s=200 d=104µs s=12398
INF http m=GET p=/assets/material-symbols-names-Dyx5m6Tf.js s=200 d=83µs s=15412
INF http m=GET p=/assets/fr-CgauyyXq.js s=200 d=107µs s=6301
INF http m=GET p=/assets/es-DHO8DnB9.js s=200 d=3.76ms s=6015
ERR Failed to add workspace submodule wsID=43LAMHI6U000 err="failed to add submodule 43LAMHI6U000: exit status 128\nOutput: Adding existing repo at '43LAMHI6U000' to the index\nfatal: Unable to create '/home/runner/work/mddb/mddb/data-e2e/.git/index.lock': File exists.\n\nAnother git process seems to be running in this repository, or the lock file may be stale\nfatal: Failed to add submodule '43LAMHI6U000'\n"
ERR Failed to commit DB changes err="failed to stage db changes: exit status 128\nOutput: fatal: Unable to create '/home/runner/work/mddb/mddb/data-e2e/.git/index.lock': File exists.\n\nAnother git process seems to be running in this repository, or the lock file may be stale\n"
INF http m=POST p=/api/v1/organizations/43LAMH484000/workspaces s=200 d=196ms s=299
ERR Failed to commit DB changes err="failed to stage db changes: exit status 128\nOutput: fatal: Unable to create '/home/runner/work/mddb/mddb/data-e2e/.git/index.lock': File exists.\n\nAnother git process seems to be running in this repository, or the lock file may be stale\n"
INF http m=POST p=/api/v1/auth/switch-workspace s=200 d=15.1ms s=607
INF http m=GET p=/assets/emoji-groups-BpL1N8nI.js s=200 d=110µs s=13798
INF http m=GET p=/api/v1/notifications/unread-count s=200 d=28.8ms s=25
INF http m=GET p=/api/v1/workspaces/43LAMHI6U000/members s=200 d=31.4ms s=126
INF http m=GET p=/api/v1/workspaces/43LAMHI6U000/nodes/0/children s=200 d=34ms s=26
INF http m=GET p=/api/v1/auth/me s=200 d=622µs s=166
INF http m=GET p=/assets/en-BOb8f2G7.js s=200 d=100µs s=5207
INF http m=GET p=/sw.js s=200 d=104µs s=5541
INF http m=GET p=/api/v1/notifications/unread-count s=200 d=165µs s=25
ERR Failed to commit DB changes err="failed to stage db changes: exit status 128\nOutput: fatal: Unable to create '/home/runner/work/mddb/mddb/data-e2e/.git/index.lock': File exists.\n\nAnother git process seems to be running in this repository, or the lock file may be stale\n"
INF http m=POST p=/api/v1/organizations s=200 d=9.03ms s=355
INF http m=GET p=/assets/de-qJeflSp6.js s=200 d=77µs s=6245
ERR Failed to commit DB changes err="failed to stage db changes: exit status 128\nOutput: fatal: Unable to create '/home/runner/work/mddb/mddb/data-e2e/.git/index.lock': File exists.\n\nAnother git process seems to be running in this repository, or the lock file may be stale\n"
INF http m=POST p=/api/v1/workspaces/43LAMHI6U000/nodes/0/page/create s=200 d=38.7ms s=35
INF http m=GET p=/registerSW.js s=200 d=36µs s=87
INF http m=GET p=/api/v1/workspaces/43LAMHI6U000/nodes/0/children s=200 d=748µs s=257
INF http m=GET p=/favicon.png s=200 d=36µs s=449
INF http m=GET p=/assets/WorkspaceSettingsPanel-CeaO382V.css s=200 d=27µs s=1021
INF http m=GET p=/api/v1/auth/me s=200 d=798µs s=252
INF http m=GET p=/index.html s=200 d=37µs s=532
INF http m=GET p=/assets/WorkspaceSettingsPanel-C0CeQhf8.js s=200 d=68µs s=4456
INF http m=GET p=/icon.svg s=200 d=46µs s=195
INF http m=GET p=/api/v1/workspaces/43LAMHI6U000/nodes/43LAMJIBK000 s=200 d=5.33ms s=245
INF http m=GET p=/icon-512.png s=200 d=106µs s=6498
INF http m=GET p=/assets/ServerSettingsPanel-DsIxlWdC.css s=200 d=32µs s=593
INF http m=GET p=/icon-192.png s=200 d=40µs s=2468
INF http m=GET p=/favicon.png s=200 d=38µs s=449
INF http m=GET p=/assets/ServerSettingsPanel-Cmq42vr7.js s=200 d=40µs s=2538
INF http m=GET p=/assets/Editor-CO3i7Yl7.css s=200 d=75µs s=2237
INF http m=GET p=/apple-touch-icon.png s=200 d=36µs s=2298
INF http m=GET p=/assets/Editor--AVOgcEK.js s=200 d=77µs s=13498
ERR Failed to commit DB changes err="failed to stage db changes: exit status 128\nOutput: fatal: Unable to create '/home/runner/work/mddb/mddb/data-e2e/.git/index.lock': File exists.\n\nAnother git process seems to be running in this repository, or the lock file may be stale\n"
INF http m=POST p=/api/v1/workspaces/43LAMHI6U000/nodes/0/table/create s=200 d=59.4ms s=26
INF http m=GET p=/assets/ResourceQuotaForm-Coc__0PE.js s=200 d=40µs s=813
INF http m=GET p=/assets/ResourceQuotaForm-AxNe1Ebg.css s=200 d=36µs s=302
INF http m=GET p=/assets/ProfileSettings-kJBJbTIc.css s=200 d=46µs s=1220
INF http m=GET p=/assets/material-symbols-names-Dyx5m6Tf.js s=200 d=114µs s=15412
INF http m=GET p=/assets/ProfileSettings-HAdAXUp2.js s=200 d=54µs s=4325
INF http m=GET p=/assets/OrgSettingsPanel-CEubhZUp.css s=200 d=40µs s=509
INF http m=GET p=/assets/OrgSettingsPanel-B6q-g6eD.js s=200 d=53µs s=2306
INF http m=GET p=/assets/InviteForm-fXZCo6g3.js s=200 d=50µs s=1267
INF http m=GET p=/assets/InviteForm-CW-wgFWD.css s=200 d=42µs s=414
INF http m=GET p=/assets/fr-CgauyyXq.js s=200 d=66µs s=6301
INF http m=GET p=/assets/es-DHO8DnB9.js s=200 d=565µs s=6015
INF http m=GET p=/assets/emoji-groups-BpL1N8nI.js s=200 d=95µs s=13798
INF http m=GET p=/assets/AdminDashboard-R0heLGro.css s=200 d=43µs s=601
ERR Failed to add workspace submodule wsID=43LAMJVD6000 err="failed to add submodule 43LAMJVD6000: exit status 128\nOutput: Adding existing repo at '43LAMJVD6000' to the index\nfatal: Unable to create '/home/runner/work/mddb/mddb/data-e2e/.git/index.lock': File exists.\n\nAnother git process seems to be running in this repository, or the lock file may be stale\nfatal: Failed to add submodule '43LAMJVD6000'\n"
ERR Failed to commit DB changes err="failed to stage db changes: exit status 128\nOutput: fatal: Unable to create '/home/runner/work/mddb/mddb/data-e2e/.git/index.lock': File exists.\n\nAnother git process seems to be running in this repository, or the lock file may be stale\n"
INF http m=POST p=/api/v1/organizations/43LAMJJDQ000/workspaces s=200 d=207ms s=300
INF http m=GET p=/assets/AdminDashboard-Cfrr1YY_.js s=200 d=42µs s=2075
ERR Failed to commit DB changes err="failed to stage db changes: exit status 128\nOutput: fatal: Unable to create '/home/runner/work/mddb/mddb/data-e2e/.git/index.lock': File exists.\n\nAnother git process seems to be running in this repository, or the lock file may be stale\n"
INF http m=POST p=/api/v1/workspaces/43LAMHI6U000/nodes/43LAMJVJA000/table/records/create s=200 d=133ms s=26
INF http m=GET p=/manifest.webmanifest s=200 d=32µs s=199
ERR Failed to commit DB changes err="failed to stage db changes: exit status 128\nOutput: fatal: Unable to create '/home/runner/work/mddb/mddb/data-e2e/.git/index.lock': File exists.\n\nAnother git process seems to be running in this repository, or the lock file may be stale\n"
INF http m=POST p=/api/v1/auth/switch-workspace s=200 d=6.16ms s=582
INF http m=GET p=/w/@43LAMHI6U000+workspace/@43LAMJIBK000+welcome s=200 d=33µs s=532
INF http m=GET p=/api/v1/workspaces/43LAMHI6U000/events s=200 d=358ms s=284
INF http m=GET p=/registerSW.js s=200 d=47µs s=87
INF http m=GET p=/api/v1/notifications/unread-count s=200 d=532µs s=25
INF http m=GET p=/api/v1/workspaces/43LAMJVD6000/nodes/0/children s=200 d=868µs s=26
INF http m=GET p=/api/v1/workspaces/43LAMJVD6000/members s=200 d=615µs s=132
INF http m=GET p=/api/v1/auth/me s=200 d=851µs s=352
INF http m=GET p=/assets/de-qJeflSp6.js s=200 d=125µs s=6245
INF http m=GET p=/assets/WorkspaceSettingsPanel-CeaO382V.css s=200 d=35µs s=1021
INF http m=GET p=/assets/WorkspaceSettingsPanel-C0CeQhf8.js s=200 d=66µs s=4456
INF http m=GET p=/assets/ServerSettingsPanel-DsIxlWdC.css s=200 d=32µs s=593
ERR Failed to commit DB changes err="failed to stage db changes: exit status 128\nOutput: fatal: Unable to create '/home/runner/work/mddb/mddb/data-e2e/.git/index.lock': File exists.\n\nAnother git process seems to be running in this repository, or the lock file may be stale\n"
INF http m=POST p=/api/v1/workspaces/43LAMJVD6000/nodes/0/page/create s=200 d=28.5ms s=35
INF http m=GET p=/api/v1/workspaces/43LAMJVD6000/nodes/0/children s=200 d=276µs s=257
INF http m=GET p=/assets/ServerSettingsPanel-Cmq42vr7.js s=200 d=132µs s=2538
INF http m=GET p=/assets/ResourceQuotaForm-Coc__0PE.js s=200 d=28µs s=813
INF http m=GET p=/api/v1/notifications/unread-count s=200 d=149µs s=25
INF http m=GET p=/api/v1/workspaces/43LAMHI6U000/members s=200 d=281µs s=126
INF http m=GET p=/assets/ResourceQuotaForm-AxNe1Ebg.css s=200 d=44µs s=302
INF http m=GET p=/api/v1/workspaces/43LAMHI6U000/nodes/43LAMJIBK000 s=200 d=333µs s=245
INF http m=GET p=/api/v1/workspaces/43LAMJVD6000/nodes/43LAMLLE6000 s=200 d=3.89ms s=245
INF http m=GET p=/api/v1/workspaces/43LAMHI6U000/nodes/0/children s=200 d=16ms s=315
INF http m=GET p=/assets/ProfileSettings-kJBJbTIc.css s=200 d=40µs s=1220
INF http m=GET p=/assets/ProfileSettings-HAdAXUp2.js s=200 d=67µs s=4325
INF http m=GET p=/assets/Editor--AVOgcEK.js s=200 d=91µs s=13498
INF http m=GET p=/assets/Editor-CO3i7Yl7.css s=200 d=74µs s=2237
INF http m=GET p=/assets/OrgSettingsPanel-CEubhZUp.css s=200 d=34µs s=509
INF http m=GET p=/assets/OrgSettingsPanel-B6q-g6eD.js s=200 d=107µs s=2306
INF http m=GET p=/assets/InviteForm-fXZCo6g3.js s=200 d=35µs s=1267
INF http m=GET p=/assets/InviteForm-CW-wgFWD.css s=200 d=43µs s=414
INF http m=GET p=/assets/AdminDashboard-R0heLGro.css s=200 d=41µs s=601
INF http m=GET p=/assets/AdminDashboard-Cfrr1YY_.js s=200 d=50µs s=2075
INF http m=GET p=/manifest.webmanifest s=200 d=42µs s=199
INF http m=GET p=/api/v1/workspaces/43LAMHI6U000/nodes/43LAMJVJA000 s=200 d=356µs s=175
INF http m=GET p=/api/v1/workspaces/43LAMHI6U000/nodes/43LAMJVJA000/table/records s=200 d=634µs s=105
ERR Failed to commit DB changes err="failed to stage db changes: exit status 128\nOutput: fatal: Unable to create '/home/runner/work/mddb/mddb/data-e2e/.git/index.lock': File exists.\n\nAnother git process seems to be running in this repository, or the lock file may be stale\n"
INF http m=POST p=/api/v1/workspaces/43LAMJVD6000/nodes/0/table/create s=200 d=25ms s=26
ERR Failed to commit DB changes err="failed to stage db changes: exit status 128\nOutput: fatal: Unable to create '/home/runner/work/mddb/mddb/data-e2e/.git/index.lock': File exists.\n\nAnother git process seems to be running in this repository, or the lock file may be stale\n"
INF http m=POST p=/api/v1/workspaces/43LAMJVD6000/nodes/43LAMMFGA000/table/records/create s=200 d=22.7ms s=26
INF http m=GET p=/w/@43LAMJVD6000+workspace/@43LAMLLE6000+welcome s=200 d=42µs s=532
INF http m=GET p=/api/v1/workspaces/43LAMJVD6000/events s=200 d=213ms s=285
INF http m=GET p=/api/v1/auth/me s=200 d=811µs s=354
INF http m=GET p=/api/v1/notifications/unread-count s=200 d=274µs s=25
INF http m=GET p=/api/v1/workspaces/43LAMJVD6000/members s=200 d=395µs s=132
INF http m=GET p=/api/v1/workspaces/43LAMJVD6000/nodes/0/children s=200 d=838µs s=313
INF http m=GET p=/api/v1/workspaces/43LAMHI6U000/nodes/43LAMJVJA000/table/records/43LAMKEUI000 s=200 d=268µs s=101
INF http m=GET p=/api/v1/workspaces/43LAMJVD6000/nodes/43LAMLLE6000 s=200 d=1.09ms s=245
ERR Failed to commit DB changes err="failed to stage db changes: exit status 128\nOutput: fatal: Unable to create '/home/runner/work/mddb/mddb/data-e2e/.git/index.lock': File exists.\n\nAnother git process seems to be running in this repository, or the lock file may be stale\n"
INF http m=POST p=/api/v1/workspaces/43LAMHI6U000/nodes/43LAMJVJA000/table/records/43LAMKEUI000 s=200 d=38.8ms s=35
INF http m=GET p=/api/v1/workspaces/43LAMHI6U000/events s=200 d=286ms s=223
INF http m=GET p=/api/v1/workspaces/43LAMJVD6000/nodes/43LAMMFGA000 s=200 d=520µs s=173
INF http m=GET p=/api/v1/workspaces/43LAMJVD6000/nodes/43LAMMFGA000/table/records s=200 d=324µs s=105
INF http m=GET p=/api/v1/workspaces/43LAMJVD6000/events s=200 d=270ms s=93
ERR Failed to commit DB changes err="failed to stage db changes: exit status 128\nOutput: fatal: Unable to create '/home/runner/work/mddb/mddb/data-e2e/.git/index.lock': File exists.\n\nAnother git process seems to be running in this repository, or the lock file may be stale\n"
INF http m=POST p=/api/v1/auth/register s=200 d=135ms s=398
INF http m=GET p=/ s=200 d=59µs s=532
INF http m=GET p=/assets/index-D8rN_C6i.js s=200 d=176µs s=49782
INF http m=GET p=/assets/index-BppjCDFJ.css s=200 d=135µs s=12398
INF http m=GET p=/registerSW.js s=200 d=46µs s=87
INF http m=GET p=/assets/vendor-Dz6kinLD.js s=200 d=159µs s=27873
INF http m=GET p=/assets/editor-vendor-DXykusy4.js s=200 d=151µs s=95952
INF http m=GET p=/api/v1/auth/me s=200 d=252µs s=168
INF http m=GET p=/assets/en-BOb8f2G7.js s=200 d=56µs s=5207
INF http m=GET p=/api/v1/notifications/unread-count s=200 d=299µs s=25
ERR Failed to commit DB changes err="failed to stage db changes: exit status 128\nOutput: fatal: Unable to create '/home/runner/work/mddb/mddb/data-e2e/.git/index.lock': File exists.\n\nAnother git process seems to be running in this repository, or the lock file may be stale\n"
INF http m=POST p=/api/v1/organizations s=200 d=9.58ms s=354
INF http m=GET p=/favicon.png s=200 d=37µs s=449
ERR Failed to commit DB changes err="failed to stage db changes: exit status 128\nOutput: fatal: Unable to create '/home/runner/work/mddb/mddb/data-e2e/.git/index.lock': File exists.\n\nAnother git process seems to be running in this repository, or the lock file may be stale\n"
INF http m=POST p=/api/v1/auth/register s=200 d=142ms s=396
INF http m=GET p=/api/v1/auth/me s=200 d=477µs s=255
INF http m=GET p=/ s=200 d=43µs s=532
INF http m=GET p=/sw.js s=200 d=85µs s=5541
INF http m=GET p=/assets/index-D8rN_C6i.js s=200 d=199µs s=49782
INF http m=GET p=/assets/index-BppjCDFJ.css s=200 d=90µs s=12398
INF http m=GET p=/assets/editor-vendor-DXykusy4.js s=200 d=135µs s=95952
INF http m=GET p=/registerSW.js s=200 d=44µs s=87
INF http m=GET p=/assets/vendor-Dz6kinLD.js s=200 d=134µs s=27873
INF http m=GET p=/registerSW.js s=200 d=44µs s=87
INF http m=GET p=/index.html s=200 d=41µs s=532
INF http m=GET p=/icon.svg s=200 d=40µs s=195
INF http m=GET p=/icon-512.png s=200 d=123µs s=6498
INF http m=GET p=/icon-192.png s=200 d=61µs s=2468
INF http m=GET p=/favicon.png s=200 d=68µs s=449
INF http m=GET p=/apple-touch-icon.png s=200 d=55µs s=2298
INF http m=GET p=/assets/material-symbols-names-Dyx5m6Tf.js s=200 d=104µs s=15412
INF http m=GET p=/api/v1/auth/me s=200 d=507µs s=170
INF http m=GET p=/assets/en-BOb8f2G7.js s=200 d=107µs s=5207
ERR Failed to add workspace submodule wsID=43LAMRVKC000 err="failed to add submodule 43LAMRVKC000: exit status 128\nOutput: Adding existing repo at '43LAMRVKC000' to the index\nfatal: Unable to create '/home/runner/work/mddb/mddb/data-e2e/.git/index.lock': File exists.\n\nAnother git process seems to be running in this repository, or the lock file may be stale\nfatal: Failed to add submodule '43LAMRVKC000'\n"
ERR Failed to commit DB changes err="failed to stage db changes: exit status 128\nOutput: fatal: Unable to create '/home/runner/work/mddb/mddb/data-e2e/.git/index.lock': File exists.\n\nAnother git process seems to be running in this repository, or the lock file may be stale\n"
INF http m=POST p=/api/v1/organizations/43LAMR9N0000/workspaces s=200 d=298ms s=300
INF http m=GET p=/api/v1/notifications/unread-count s=200 d=558µs s=25
INF http m=GET p=/sw.js s=200 d=65µs s=5541
ERR Failed to commit DB changes err="failed to stage db changes: exit status 128\nOutput: fatal: Unable to create '/home/runner/work/mddb/mddb/data-e2e/.git/index.lock': File exists.\n\nAnother git process seems to be running in this repository, or the lock file may be stale\n"
INF http m=POST p=/api/v1/auth/switch-workspace s=200 d=7.98ms s=586
INF http m=GET p=/assets/fr-CgauyyXq.js s=200 d=86µs s=6301
INF http m=GET p=/api/v1/workspaces/43LAMRVKC000/nodes/0/children s=200 d=419µs s=26
INF http m=GET p=/api/v1/notifications/unread-count s=200 d=189µs s=25
INF http m=GET p=/favicon.png s=200 d=38µs s=449
ERR Failed to commit DB changes err="failed to stage db changes: exit status 128\nOutput: fatal: Unable to create '/home/runner/work/mddb/mddb/data-e2e/.git/index.lock': File exists.\n\nAnother git process seems to be running in this repository, or the lock file may be stale\n"
INF http m=POST p=/api/v1/organizations s=200 d=13.5ms s=355
INF http m=GET p=/assets/es-DHO8DnB9.js s=200 d=119µs s=6015
INF http m=GET p=/api/v1/workspaces/43LAMRVKC000/members s=200 d=2.42ms s=132
INF http m=GET p=/api/v1/auth/me s=200 d=300µs s=253
INF http m=GET p=/registerSW.js s=200 d=32µs s=87
INF http m=GET p=/assets/emoji-groups-BpL1N8nI.js s=200 d=136µs s=13798
INF http m=GET p=/index.html s=200 d=34µs s=532
INF http m=GET p=/icon.svg s=200 d=59µs s=195
INF http m=GET p=/icon-512.png s=200 d=114µs s=6498
ERR Failed to commit DB changes err="failed to stage db changes: exit status 128\nOutput: fatal: Unable to create '/home/runner/work/mddb/mddb/data-e2e/.git/index.lock': File exists.\n\nAnother git process seems to be running in this repository, or the lock file may be stale\n"
INF http m=POST p=/api/v1/workspaces/43LAMRVKC000/nodes/0/page/create s=200 d=41.3ms s=35
INF http m=GET p=/api/v1/workspaces/43LAMRVKC000/nodes/0/children s=200 d=308µs s=257
INF http m=GET p=/icon-192.png s=200 d=49µs s=2468
INF http m=GET p=/api/v1/workspaces/43LAMRVKC000/nodes/43LAMUA10000 s=200 d=264µs s=245
INF http m=GET p=/favicon.png s=200 d=39µs s=449
INF http m=GET p=/assets/Editor--AVOgcEK.js s=200 d=114µs s=13498
INF http m=GET p=/assets/Editor-CO3i7Yl7.css s=200 d=76µs s=2237
INF http m=GET p=/apple-touch-icon.png s=200 d=51µs s=2298
INF http m=GET p=/assets/de-qJeflSp6.js s=200 d=126µs s=6245
INF http m=GET p=/assets/WorkspaceSettingsPanel-CeaO382V.css s=200 d=45µs s=1021
INF http m=GET p=/assets/material-symbols-names-Dyx5m6Tf.js s=200 d=82µs s=15412
INF http m=GET p=/assets/WorkspaceSettingsPanel-C0CeQhf8.js s=200 d=68µs s=4456
INF http m=GET p=/assets/ServerSettingsPanel-DsIxlWdC.css s=200 d=45µs s=593
INF http m=GET p=/assets/ServerSettingsPanel-Cmq42vr7.js s=200 d=64µs s=2538
INF http m=GET p=/assets/ResourceQuotaForm-Coc__0PE.js s=200 d=40µs s=813
INF http m=GET p=/assets/ResourceQuotaForm-AxNe1Ebg.css s=200 d=32µs s=302
ERR Failed to add workspace submodule wsID=43LAMUB9G000 err="failed to add submodule 43LAMUB9G000: exit status 128\nOutput: Adding existing repo at '43LAMUB9G000' to the index\nfatal: Unable to create '/home/runner/work/mddb/mddb/data-e2e/.git/index.lock': File exists.\n\nAnother git process seems to be running in this repository, or the lock file may be stale\nfatal: Failed to add submodule '43LAMUB9G000'\n"
INF http m=GET p=/assets/fr-CgauyyXq.js s=200 d=126µs s=6301
INF http m=GET p=/assets/ProfileSettings-kJBJbTIc.css s=200 d=31µs s=1220
ERR Failed to commit DB changes err="failed to stage db changes: exit status 128\nOutput: fatal: Unable to create '/home/runner/work/mddb/mddb/data-e2e/.git/index.lock': File exists.\n\nAnother git process seems to be running in this repository, or the lock file may be stale\n"
INF http m=POST p=/api/v1/organizations/43LAMU06K000/workspaces s=200 d=176ms s=303
ERR Failed to commit DB changes err="failed to stage db changes: exit status 128\nOutput: fatal: Unable to create '/home/runner/work/mddb/mddb/data-e2e/.git/index.lock': File exists.\n\nAnother git process seems to be running in this repository, or the lock file may be stale\n"
INF http m=POST p=/api/v1/workspaces/43LAMRVKC000/nodes/0/table/create s=200 d=129ms s=26
INF http m=GET p=/assets/es-DHO8DnB9.js s=200 d=69µs s=6015
INF http m=GET p=/assets/ProfileSettings-HAdAXUp2.js s=200 d=59µs s=4325
ERR Failed to commit DB changes err="failed to stage db changes: exit status 128\nOutput: fatal: Unable to create '/home/runner/work/mddb/mddb/data-e2e/.git/index.lock': File exists.\n\nAnother git process seems to be running in this repository, or the lock file may be stale\n"
INF http m=POST p=/api/v1/auth/switch-workspace s=200 d=11.4ms s=572
INF http m=GET p=/assets/OrgSettingsPanel-CEubhZUp.css s=200 d=32µs s=509
INF http m=GET p=/assets/OrgSettingsPanel-B6q-g6eD.js s=200 d=43µs s=2306
INF http m=GET p=/assets/emoji-groups-BpL1N8nI.js s=200 d=82µs s=13798
INF http m=GET p=/assets/InviteForm-fXZCo6g3.js s=200 d=26µs s=1267
INF http m=GET p=/assets/InviteForm-CW-wgFWD.css s=200 d=56µs s=414
INF http m=GET p=/api/v1/workspaces/43LAMUB9G000/nodes/0/children s=200 d=334µs s=26
INF http m=GET p=/assets/AdminDashboard-R0heLGro.css s=200 d=59µs s=601
ERR Failed to commit DB changes err="failed to stage db changes: exit status 128\nOutput: fatal: Unable to create '/home/runner/work/mddb/mddb/data-e2e/.git/index.lock': File exists.\n\nAnother git process seems to be running in this repository, or the lock file may be stale\n"
INF http m=POST p=/api/v1/workspaces/43LAMRVKC000/nodes/43LAMUL7G000/table/records/create s=200 d=44.3ms s=26
INF http m=GET p=/api/v1/notifications/unread-count s=200 d=199µs s=25
INF http m=GET p=/api/v1/workspaces/43LAMUB9G000/members s=200 d=183µs s=130
INF http m=GET p=/assets/AdminDashboard-Cfrr1YY_.js s=200 d=42µs s=2075
INF http m=GET p=/manifest.webmanifest s=200 d=29µs s=199
INF http m=GET p=/assets/de-qJeflSp6.js s=200 d=115µs s=6245
ERR Failed to commit DB changes err="failed to stage db changes: exit status 128\nOutput: fatal: Unable to create '/home/runner/work/mddb/mddb/data-e2e/.git/index.lock': File exists.\n\nAnother git process seems to be running in this repository, or the lock file may be stale\n"
INF http m=POST p=/api/v1/workspaces/43LAMUB9G000/nodes/0/page/create s=200 d=27.2ms s=35
INF http m=GET p=/api/v1/workspaces/43LAMUB9G000/nodes/0/children s=200 d=293µs s=257
ERR Failed to commit DB changes err="failed to stage db changes: exit status 128\nOutput: fatal: Unable to create '/home/runner/work/mddb/mddb/data-e2e/.git/index.lock': File exists.\n\nAnother git process seems to be running in this repository, or the lock file may be stale\n"
INF http m=GET p=/assets/WorkspaceSettingsPanel-CeaO382V.css s=200 d=40µs s=1021
INF http m=POST p=/api/v1/workspaces/43LAMRVKC000/nodes/43LAMUL7G000/table/records/create s=200 d=62.4ms s=26
INF http m=GET p=/api/v1/workspaces/43LAMUB9G000/nodes/43LAMVV64000 s=200 d=2.15ms s=245
INF http m=GET p=/w/@43LAMRVKC000+workspace/@43LAMUA10000+welcome s=200 d=35µs s=532
INF http m=GET p=/assets/WorkspaceSettingsPanel-C0CeQhf8.js s=200 d=96µs s=4456
INF http m=GET p=/api/v1/workspaces/43LAMRVKC000/events s=200 d=367ms s=312
INF http m=GET p=/assets/Editor--AVOgcEK.js s=200 d=106µs s=13498
INF http m=GET p=/assets/Editor-CO3i7Yl7.css s=200 d=75µs s=2237
INF http m=GET p=/assets/ServerSettingsPanel-DsIxlWdC.css s=200 d=31µs s=593
INF http m=GET p=/assets/ServerSettingsPanel-Cmq42vr7.js s=200 d=94µs s=2538
INF http m=GET p=/assets/ResourceQuotaForm-Coc__0PE.js s=200 d=44µs s=813
INF http m=GET p=/assets/ResourceQuotaForm-AxNe1Ebg.css s=200 d=31µs s=302
INF http m=GET p=/assets/ProfileSettings-kJBJbTIc.css s=200 d=51µs s=1220
INF http m=GET p=/assets/ProfileSettings-HAdAXUp2.js s=200 d=67µs s=4325
INF http m=GET p=/assets/OrgSettingsPanel-CEubhZUp.css s=200 d=31µs s=509
INF http m=GET p=/assets/OrgSettingsPanel-B6q-g6eD.js s=200 d=44µs s=2306
INF http m=GET p=/assets/InviteForm-fXZCo6g3.js s=200 d=39µs s=1267
INF http m=GET p=/api/v1/auth/me s=200 d=262µs s=359
INF http m=GET p=/assets/InviteForm-CW-wgFWD.css s=200 d=47µs s=414
INF http m=GET p=/assets/AdminDashboard-R0heLGro.css s=200 d=49µs s=601
INF http m=GET p=/api/v1/notifications/unread-count s=200 d=164µs s=25
INF http m=GET p=/api/v1/workspaces/43LAMRVKC000/nodes/43LAMUA10000 s=200 d=217µs s=245
INF http m=GET p=/api/v1/workspaces/43LAMRVKC000/members s=200 d=117µs s=132
INF http m=GET p=/api/v1/workspaces/43LAMRVKC000/nodes/0/children s=200 d=360µs s=318
INF http m=GET p=/assets/AdminDashboard-Cfrr1YY_.js s=200 d=44µs s=2075
INF http m=GET p=/manifest.webmanifest s=200 d=48µs s=199
INF http m=GET p=/api/v1/workspaces/43LAMRVKC000/nodes/43LAMUL7G000 s=200 d=884µs s=182
INF http m=GET p=/api/v1/notifications/unread-count s=200 d=172µs s=25
INF http m=GET p=/api/v1/workspaces/43LAMRVKC000/nodes/43LAMUL7G000/table/records s=200 d=922µs s=132
INF http m=GET p=/api/v1/workspaces/43LAMUB9G000/events s=200 d=301ms s=207
INF http m=GET p=/api/v1/notifications/preferences s=200 d=2.72ms s=127
INF http m=GET p=/api/v1/auth/providers s=200 d=5.99ms s=59
INF http m=GET p=/api/v1/workspaces/43LAMRVKC000/events s=200 d=430ms s=93
ERR Failed to commit DB changes err="failed to stage db changes: exit status 128\nOutput: fatal: Unable to create '/home/runner/work/mddb/mddb/data-e2e/.git/index.lock': File exists.\n\nAnother git process seems to be running in this repository, or the lock file may be stale\n"
INF http m=POST p=/api/v1/auth/register s=200 d=110ms s=404
INF http m=GET p=/ s=200 d=54µs s=532
INF http m=GET p=/assets/index-D8rN_C6i.js s=200 d=268µs s=49782
INF http m=GET p=/assets/index-BppjCDFJ.css s=200 d=103µs s=12398
INF http m=GET p=/assets/editor-vendor-DXykusy4.js s=200 d=235µs s=95952
INF http m=GET p=/assets/vendor-Dz6kinLD.js s=200 d=154µs s=27873
INF http m=GET p=/registerSW.js s=200 d=43µs s=87
INF http m=GET p=/assets/en-BOb8f2G7.js s=200 d=106µs s=5207
INF http m=GET p=/api/v1/auth/me s=200 d=270µs s=165
INF http m=GET p=/api/v1/notifications/unread-count s=200 d=189µs s=25
ERR Failed to commit DB changes err="failed to stage db changes: exit status 128\nOutput: fatal: Unable to create '/home/runner/work/mddb/mddb/data-e2e/.git/index.lock': File exists.\n\nAnother git process seems to be running in this repository, or the lock file may be stale\n"
INF http m=POST p=/api/v1/organizations s=200 d=8.93ms s=354
INF http m=GET p=/sw.js s=200 d=98µs s=5541
INF http m=GET p=/favicon.png s=200 d=57µs s=449
INF http m=GET p=/api/v1/auth/me s=200 d=1.02ms s=249
ERR Failed to commit DB changes err="failed to stage db changes: exit status 128\nOutput: fatal: Unable to create '/home/runner/work/mddb/mddb/data-e2e/.git/index.lock': File exists.\n\nAnother git process seems to be running in this repository, or the lock file may be stale\n"
INF http m=POST p=/api/v1/auth/register s=200 d=180ms s=394
INF http m=GET p=/registerSW.js s=200 d=37µs s=87
INF http m=GET p=/ s=200 d=45µs s=532
INF http m=GET p=/index.html s=200 d=35µs s=532
INF http m=GET p=/icon.svg s=200 d=45µs s=195
INF http m=GET p=/assets/index-D8rN_C6i.js s=200 d=149µs s=49782
INF http m=GET p=/assets/editor-vendor-DXykusy4.js s=200 d=158µs s=95952
INF http m=GET p=/assets/index-BppjCDFJ.css s=200 d=113µs s=12398
INF http m=GET p=/assets/vendor-Dz6kinLD.js s=200 d=130µs s=27873
INF http m=GET p=/icon-512.png s=200 d=56µs s=6498
INF http m=GET p=/registerSW.js s=200 d=91µs s=87
INF http m=GET p=/icon-192.png s=200 d=39µs s=2468
INF http m=GET p=/favicon.png s=200 d=41µs s=449
INF http m=GET p=/apple-touch-icon.png s=200 d=67µs s=2298
ERR Failed to add workspace submodule wsID=43LAN68SI000 err="failed to add submodule 43LAN68SI000: exit status 128\nOutput: Adding existing repo at '43LAN68SI000' to the index\nfatal: Unable to create '/home/runner/work/mddb/mddb/data-e2e/.git/index.lock': File exists.\n\nAnother git process seems to be running in this repository, or the lock file may be stale\nfatal: Failed to add submodule '43LAN68SI000'\n"
INF http m=GET p=/assets/material-symbols-names-Dyx5m6Tf.js s=200 d=173µs s=15412
ERR Failed to commit DB changes err="failed to stage db changes: exit status 128\nOutput: fatal: Unable to create '/home/runner/work/mddb/mddb/data-e2e/.git/index.lock': File exists.\n\nAnother git process seems to be running in this repository, or the lock file may be stale\n"
INF http m=POST p=/api/v1/organizations/43LAN5U6G000/workspaces s=200 d=155ms s=303
INF http m=GET p=/api/v1/auth/me s=200 d=662µs s=162
INF http m=GET p=/assets/en-BOb8f2G7.js s=200 d=71µs s=5207
ERR Failed to commit DB changes err="failed to stage db changes: exit status 128\nOutput: fatal: Unable to create '/home/runner/work/mddb/mddb/data-e2e/.git/index.lock': File exists.\n\nAnother git process seems to be running in this repository, or the lock file may be stale\n"
INF http m=POST p=/api/v1/auth/switch-workspace s=200 d=9.36ms s=572
INF http m=GET p=/api/v1/notifications/unread-count s=200 d=878µs s=25
INF http m=GET p=/assets/fr-CgauyyXq.js s=200 d=113µs s=6301
ERR Failed to commit DB changes err="failed to stage db changes: exit status 128\nOutput: fatal: Unable to create '/home/runner/work/mddb/mddb/data-e2e/.git/index.lock': File exists.\n\nAnother git process seems to be running in this repository, or the lock file may be stale\n"
INF http m=POST p=/api/v1/organizations s=200 d=14.5ms s=354
INF http m=GET p=/assets/es-DHO8DnB9.js s=200 d=95µs s=6015
INF http m=GET p=/sw.js s=200 d=61µs s=5541
INF http m=GET p=/favicon.png s=200 d=36µs s=449
INF http m=GET p=/api/v1/notifications/unread-count s=200 d=2.67ms s=25
INF http m=GET p=/api/v1/auth/me s=200 d=11.5ms s=250
INF http m=GET p=/assets/emoji-groups-BpL1N8nI.js s=200 d=10.1ms s=13798
INF http m=GET p=/api/v1/workspaces/43LAN68SI000/nodes/0/children s=200 d=1.16ms s=26
INF http m=GET p=/api/v1/workspaces/43LAN68SI000/members s=200 d=13.8ms s=120
INF http m=GET p=/registerSW.js s=200 d=35µs s=87
INF http m=GET p=/index.html s=200 d=46µs s=532
INF http m=GET p=/icon.svg s=200 d=151µs s=195
INF http m=GET p=/icon-512.png s=200 d=137µs s=6498
INF http m=GET p=/icon-192.png s=200 d=76µs s=2468
INF http m=GET p=/favicon.png s=200 d=85µs s=449
INF http m=GET p=/apple-touch-icon.png s=200 d=50µs s=2298
INF http m=GET p=/assets/de-qJeflSp6.js s=200 d=120µs s=6245
INF http m=GET p=/assets/material-symbols-names-Dyx5m6Tf.js s=200 d=105µs s=15412
INF http m=GET p=/assets/WorkspaceSettingsPanel-CeaO382V.css s=200 d=48µs s=1021
INF http m=GET p=/assets/WorkspaceSettingsPanel-C0CeQhf8.js s=200 d=72µs s=4456
INF http m=GET p=/assets/ServerSettingsPanel-DsIxlWdC.css s=200 d=45µs s=593
INF http m=GET p=/assets/fr-CgauyyXq.js s=200 d=79µs s=6301
INF http m=GET p=/assets/ServerSettingsPanel-Cmq42vr7.js s=200 d=57µs s=2538
INF http m=GET p=/assets/es-DHO8DnB9.js s=200 d=79µs s=6015
ERR Failed to add workspace submodule wsID=43LAN7UN8000 err="failed to add submodule 43LAN7UN8000: exit status 128\nOutput: Adding existing repo at '43LAN7UN8000' to the index\nfatal: Unable to create '/home/runner/work/mddb/mddb/data-e2e/.git/index.lock': File exists.\n\nAnother git process seems to be running in this repository, or the lock file may be stale\nfatal: Failed to add submodule '43LAN7UN8000'\n"
ERR Failed to commit DB changes err="failed to stage db changes: exit status 128\nOutput: fatal: Unable to create '/home/runner/work/mddb/mddb/data-e2e/.git/index.lock': File exists.\n\nAnother git process seems to be running in this repository, or the lock file may be stale\n"
INF http m=POST p=/api/v1/organizations/43LAN7H5S000/workspaces s=200 d=169ms s=299
INF http m=GET p=/assets/ResourceQuotaForm-Coc__0PE.js s=200 d=39µs s=813
INF http m=GET p=/assets/ResourceQuotaForm-AxNe1Ebg.css s=200 d=34µs s=302
INF http m=GET p=/assets/emoji-groups-BpL1N8nI.js s=200 d=73µs s=13798
ERR Failed to commit DB changes err="failed to stage db changes: exit status 128\nOutput: fatal: Unable to create '/home/runner/work/mddb/mddb/data-e2e/.git/index.lock': File exists.\n\nAnother git process seems to be running in this repository, or the lock file may be stale\n"
INF http m=POST p=/api/v1/workspaces/43LAN68SI000/nodes/0/page/create s=200 d=151ms s=35
ERR Failed to commit DB changes err="failed to stage db changes: exit status 128\nOutput: fatal: Unable to create '/home/runner/work/mddb/mddb/data-e2e/.git/index.lock': File exists.\n\nAnother git process seems to be running in this repository, or the lock file may be stale\n"
INF http m=POST p=/api/v1/auth/switch-workspace s=200 d=15ms s=570
INF http m=GET p=/api/v1/workspaces/43LAN68SI000/nodes/0/children s=200 d=1.01ms s=257
INF http m=GET p=/assets/ProfileSettings-kJBJbTIc.css s=200 d=60µs s=1220
INF http m=GET p=/api/v1/workspaces/43LAN68SI000/nodes/43LAN85C0000 s=200 d=736µs s=245
INF http m=GET p=/assets/ProfileSettings-HAdAXUp2.js s=200 d=82µs s=4325
INF http m=GET p=/api/v1/notifications/unread-count s=200 d=628µs s=25
INF http m=GET p=/api/v1/workspaces/43LAN7UN8000/members s=200 d=1.06ms s=130
INF http m=GET p=/assets/OrgSettingsPanel-CEubhZUp.css s=200 d=50µs s=509
INF http m=GET p=/api/v1/workspaces/43LAN7UN8000/nodes/0/children s=200 d=8.8ms s=26
INF http m=GET p=/assets/OrgSettingsPanel-B6q-g6eD.js s=200 d=76µs s=2306
INF http m=GET p=/assets/Editor-CO3i7Yl7.css s=200 d=100µs s=2237
INF http m=GET p=/assets/Editor--AVOgcEK.js s=200 d=78µs s=13498
INF http m=GET p=/assets/InviteForm-fXZCo6g3.js s=200 d=55µs s=1267
INF http m=GET p=/assets/InviteForm-CW-wgFWD.css s=200 d=39µs s=414
INF http m=GET p=/assets/de-qJeflSp6.js s=200 d=97µs s=6245
INF http m=GET p=/assets/WorkspaceSettingsPanel-CeaO382V.css s=200 d=41µs s=1021
ERR Failed to commit DB changes err="failed to stage db changes: exit status 128\nOutput: fatal: Unable to create '/home/runner/work/mddb/mddb/data-e2e/.git/index.lock': File exists.\n\nAnother git process seems to be running in this repository, or the lock file may be stale\n"
INF http m=POST p=/api/v1/workspaces/43LAN7UN8000/nodes/0/page/create s=200 d=28.5ms s=35
INF http m=GET p=/assets/WorkspaceSettingsPanel-C0CeQhf8.js s=200 d=421µs s=4456
INF http m=GET p=/api/v1/workspaces/43LAN7UN8000/nodes/0/children s=200 d=689µs s=257
INF http m=GET p=/assets/AdminDashboard-R0heLGro.css s=200 d=30µs s=601
INF http m=GET p=/assets/AdminDashboard-Cfrr1YY_.js s=200 d=100µs s=2075
INF http m=GET p=/assets/ServerSettingsPanel-DsIxlWdC.css s=200 d=26µs s=593
INF http m=GET p=/manifest.webmanifest s=200 d=30µs s=199
INF http m=GET p=/assets/ServerSettingsPanel-Cmq42vr7.js s=200 d=575µs s=2538
INF http m=GET p=/api/v1/workspaces/43LAN7UN8000/nodes/43LAN9HAQ000 s=200 d=716µs s=245
INF http m=GET p=/assets/ResourceQuotaForm-Coc__0PE.js s=200 d=47µs s=813
INF http m=GET p=/assets/Editor--AVOgcEK.js s=200 d=99µs s=13498
INF http m=GET p=/assets/Editor-CO3i7Yl7.css s=200 d=33µs s=2237
INF http m=GET p=/assets/ResourceQuotaForm-AxNe1Ebg.css s=200 d=45µs s=302
INF http m=GET p=/api/v1/notifications/unread-count s=200 d=599µs s=25
INF http m=GET p=/assets/ProfileSettings-kJBJbTIc.css s=200 d=37µs s=1220
INF http m=GET p=/assets/ProfileSettings-HAdAXUp2.js s=200 d=611µs s=4325
INF http m=GET p=/assets/OrgSettingsPanel-CEubhZUp.css s=200 d=42µs s=509
INF http m=GET p=/assets/OrgSettingsPanel-B6q-g6eD.js s=200 d=62µs s=2306
INF http m=GET p=/api/v1/workspaces/43LAN68SI000/events s=200 d=360ms s=202
INF http m=GET p=/assets/InviteForm-fXZCo6g3.js s=200 d=51µs s=1267
INF http m=GET p=/assets/InviteForm-CW-wgFWD.css s=200 d=41µs s=414
INF http m=GET p=/api/v1/auth/providers s=200 d=532µs s=59
INF http m=GET p=/api/v1/notifications/preferences s=200 d=606µs s=127
INF http m=GET p=/assets/AdminDashboard-R0heLGro.css s=200 d=47µs s=601
INF http m=GET p=/assets/AdminDashboard-Cfrr1YY_.js s=200 d=56µs s=2075
INF http m=GET p=/manifest.webmanifest s=200 d=39µs s=199
ERR Failed to commit DB changes err="failed to stage db changes: exit status 128\nOutput: fatal: Unable to create '/home/runner/work/mddb/mddb/data-e2e/.git/index.lock': File exists.\n\nAnother git process seems to be running in this repository, or the lock file may be stale\n"
INF http m=POST p=/api/v1/auth/settings s=200 d=11.1ms s=303
INF http m=GET p=/api/v1/notifications/unread-count s=200 d=209µs s=25
INF http m=GET p=/api/v1/workspaces/43LAN7UN8000/events s=200 d=313ms s=202
INF http m=GET p=/api/v1/auth/providers s=200 d=417µs s=59
INF http m=GET p=/api/v1/notifications/preferences s=200 d=721µs s=127
ERR Failed to commit DB changes err="failed to stage db changes: exit status 128\nOutput: fatal: Unable to create '/home/runner/work/mddb/mddb/data-e2e/.git/index.lock': File exists.\n\nAnother git process seems to be running in this repository, or the lock file may be stale\n"
INF http m=POST p=/api/v1/auth/settings s=200 d=8.52ms s=303
ERR Failed to commit DB changes err="failed to stage db changes: exit status 128\nOutput: fatal: Unable to create '/home/runner/work/mddb/mddb/data-e2e/.git/index.lock': File exists.\n\nAnother git process seems to be running in this repository, or the lock file may be stale\n"
INF http m=POST p=/api/v1/auth/register s=200 d=104ms s=391
INF http m=GET p=/ s=200 d=55µs s=532
ERR Failed to commit DB changes err="failed to stage db changes: exit status 128\nOutput: fatal: Unable to create '/home/runner/work/mddb/mddb/data-e2e/.git/index.lock': File exists.\n\nAnother git process seems to be running in this repository, or the lock file may be stale\n"
INF http m=POST p=/api/v1/auth/register s=200 d=113ms s=386
INF http m=GET p=/ s=200 d=66µs s=532
INF http m=GET p=/assets/index-D8rN_C6i.js s=200 d=180µs s=49782
INF http m=GET p=/assets/vendor-Dz6kinLD.js s=200 d=125µs s=27873
INF http m=GET p=/assets/editor-vendor-DXykusy4.js s=200 d=177µs s=95952
INF http m=GET p=/assets/index-BppjCDFJ.css s=200 d=176µs s=12398
INF http m=GET p=/registerSW.js s=200 d=55µs s=87
INF http m=GET p=/assets/editor-vendor-DXykusy4.js s=200 d=214µs s=95952
INF http m=GET p=/assets/index-BppjCDFJ.css s=200 d=129µs s=12398
INF http m=GET p=/assets/index-D8rN_C6i.js s=200 d=118µs s=49782
INF http m=GET p=/registerSW.js s=200 d=41µs s=87
INF http m=GET p=/assets/vendor-Dz6kinLD.js s=200 d=118µs s=27873
INF http m=GET p=/api/v1/auth/me s=200 d=700µs s=168
INF http m=GET p=/assets/en-BOb8f2G7.js s=200 d=79µs s=5207
INF http m=GET p=/assets/en-BOb8f2G7.js s=200 d=125µs s=5207
INF http m=GET p=/api/v1/auth/me s=200 d=2.01ms s=164
INF http m=GET p=/api/v1/notifications/unread-count s=200 d=173µs s=25
INF http m=GET p=/favicon.png s=200 d=42µs s=449
ERR Failed to commit DB changes err="failed to stage db changes: exit status 128\nOutput: fatal: Unable to create '/home/runner/work/mddb/mddb/data-e2e/.git/index.lock': File exists.\n\nAnother git process seems to be running in this repository, or the lock file may be stale\n"
INF http m=POST p=/api/v1/organizations s=200 d=22.9ms s=354
INF http m=GET p=/api/v1/notifications/unread-count s=200 d=202µs s=25
INF http m=GET p=/api/v1/auth/me s=200 d=526µs s=254
ERR Failed to commit DB changes err="failed to stage db changes: exit status 128\nOutput: fatal: Unable to create '/home/runner/work/mddb/mddb/data-e2e/.git/index.lock': File exists.\n\nAnother git process seems to be running in this repository, or the lock file may be stale\n"
INF http m=POST p=/api/v1/organizations s=200 d=6.93ms s=350
INF http m=GET p=/favicon.png s=200 d=37µs s=449
INF http m=GET p=/sw.js s=200 d=136µs s=5541
INF http m=GET p=/sw.js s=200 d=114µs s=5541
INF http m=GET p=/registerSW.js s=200 d=47µs s=87
INF http m=GET p=/api/v1/auth/me s=200 d=874µs s=250
INF http m=GET p=/index.html s=200 d=35µs s=532
INF http m=GET p=/icon.svg s=200 d=38µs s=195
INF http m=GET p=/registerSW.js s=200 d=33µs s=87
INF http m=GET p=/icon-512.png s=200 d=140µs s=6498
INF http m=GET p=/icon-192.png s=200 d=54µs s=2468
INF http m=GET p=/index.html s=200 d=24µs s=532
INF http m=GET p=/favicon.png s=200 d=34µs s=449
INF http m=GET p=/icon.svg s=200 d=28µs s=195
INF http m=GET p=/apple-touch-icon.png s=200 d=49µs s=2298
INF http m=GET p=/icon-512.png s=200 d=93µs s=6498
INF http m=GET p=/icon-192.png s=200 d=57µs s=2468
INF http m=GET p=/favicon.png s=200 d=35µs s=449
INF http m=GET p=/apple-touch-icon.png s=200 d=56µs s=2298
INF http m=GET p=/assets/material-symbols-names-Dyx5m6Tf.js s=200 d=65µs s=15412
INF http m=GET p=/assets/material-symbols-names-Dyx5m6Tf.js s=200 d=173µs s=15412
ERR Failed to add workspace submodule wsID=43LANG3D0000 err="failed to add submodule 43LANG3D0000: exit status 128\nOutput: Adding existing repo at '43LANG3D0000' to the index\nfatal: Unable to create '/home/runner/work/mddb/mddb/data-e2e/.git/index.lock': File exists.\n\nAnother git process seems to be running in this repository, or the lock file may be stale\nfatal: Failed to add submodule '43LANG3D0000'\n"
ERR Failed to commit DB changes err="failed to stage db changes: exit status 128\nOutput: fatal: Unable to create '/home/runner/work/mddb/mddb/data-e2e/.git/index.lock': File exists.\n\nAnother git process seems to be running in this repository, or the lock file may be stale\n"
INF http m=GET p=/assets/fr-CgauyyXq.js s=200 d=99µs s=6301
INF http m=POST p=/api/v1/organizations/43LANFGDA000/workspaces s=200 d=210ms s=304
INF http m=GET p=/assets/es-DHO8DnB9.js s=200 d=113µs s=6015
INF http m=GET p=/assets/fr-CgauyyXq.js s=200 d=98µs s=6301
INF http m=GET p=/assets/es-DHO8DnB9.js s=200 d=59µs s=6015
INF http m=GET p=/assets/emoji-groups-BpL1N8nI.js s=200 d=118µs s=13798
INF http m=GET p=/assets/emoji-groups-BpL1N8nI.js s=200 d=765µs s=13798
INF http m=GET p=/assets/de-qJeflSp6.js s=200 d=77µs s=6245
ERR Failed to add workspace submodule wsID=43LANGFQA000 err="failed to add submodule 43LANGFQA000: exit status 128\nOutput: Adding existing repo at '43LANGFQA000' to the index\nfatal: Unable to create '/home/runner/work/mddb/mddb/data-e2e/.git/index.lock': File exists.\n\nAnother git process seems to be running in this repository, or the lock file may be stale\nfatal: Failed to add submodule '43LANGFQA000'\n"
INF http m=GET p=/assets/WorkspaceSettingsPanel-CeaO382V.css s=200 d=36µs s=1021
ERR Failed to commit DB changes err="failed to stage db changes: exit status 128\nOutput: fatal: Unable to create '/home/runner/work/mddb/mddb/data-e2e/.git/index.lock': File exists.\n\nAnother git process seems to be running in this repository, or the lock file may be stale\n"
INF http m=POST p=/api/v1/auth/switch-workspace s=200 d=82.7ms s=574
ERR Failed to commit DB changes err="failed to stage db changes: exit status 128\nOutput: fatal: Unable to create '/home/runner/work/mddb/mddb/data-e2e/.git/index.lock': File exists.\n\nAnother git process seems to be running in this repository, or the lock file may be stale\n"
INF http m=GET p=/assets/WorkspaceSettingsPanel-C0CeQhf8.js s=200 d=98µs s=4456
INF http m=POST p=/api/v1/organizations/43LANFTG4000/workspaces s=200 d=243ms s=300
INF http m=GET p=/assets/ServerSettingsPanel-DsIxlWdC.css s=200 d=44µs s=593
ERR Failed to commit DB changes err="failed to stage db changes: exit status 128\nOutput: fatal: Unable to create '/home/runner/work/mddb/mddb/data-e2e/.git/index.lock': File exists.\n\nAnother git process seems to be running in this repository, or the lock file may be stale\n"
INF http m=POST p=/api/v1/auth/switch-workspace s=200 d=8.98ms s=578
INF http m=GET p=/api/v1/notifications/unread-count s=200 d=2.03ms s=25
INF http m=GET p=/assets/ServerSettingsPanel-Cmq42vr7.js s=200 d=79µs s=2538
INF http m=GET p=/api/v1/workspaces/43LANG3D0000/nodes/0/children s=200 d=4ms s=26
INF http m=GET p=/api/v1/workspaces/43LANG3D0000/members s=200 d=5.93ms s=130
INF http m=GET p=/assets/de-qJeflSp6.js s=200 d=123µs s=6245
INF http m=GET p=/assets/ResourceQuotaForm-Coc__0PE.js s=200 d=31µs s=813
INF http m=GET p=/assets/ResourceQuotaForm-AxNe1Ebg.css s=200 d=34µs s=302
INF http m=GET p=/assets/WorkspaceSettingsPanel-CeaO382V.css s=200 d=34µs s=1021
INF http m=GET p=/api/v1/workspaces/43LANGFQA000/members s=200 d=6.19ms s=128
INF http m=GET p=/api/v1/workspaces/43LANGFQA000/nodes/0/children s=200 d=514µs s=26
INF http m=GET p=/api/v1/notifications/unread-count s=200 d=9.89ms s=25
INF http m=GET p=/assets/ProfileSettings-kJBJbTIc.css s=200 d=57µs s=1220
INF http m=GET p=/assets/WorkspaceSettingsPanel-C0CeQhf8.js s=200 d=96µs s=4456
INF http m=GET p=/assets/ServerSettingsPanel-DsIxlWdC.css s=200 d=37µs s=593
ERR Failed to commit DB changes err="failed to stage db changes: exit status 128\nOutput: fatal: Unable to create '/home/runner/work/mddb/mddb/data-e2e/.git/index.lock': File exists.\n\nAnother git process seems to be running in this repository, or the lock file may be stale\n"
INF http m=POST p=/api/v1/workspaces/43LANG3D0000/nodes/0/page/create s=200 d=48.6ms s=35
INF http m=GET p=/assets/ServerSettingsPanel-Cmq42vr7.js s=200 d=45µs s=2538
INF http m=GET p=/assets/ProfileSettings-HAdAXUp2.js s=200 d=148µs s=4325
INF http m=GET p=/api/v1/workspaces/43LANG3D0000/nodes/0/children s=200 d=1.24ms s=257
INF http m=GET p=/assets/OrgSettingsPanel-CEubhZUp.css s=200 d=43µs s=509
INF http m=GET p=/assets/ResourceQuotaForm-Coc__0PE.js s=200 d=38µs s=813
INF http m=GET p=/assets/OrgSettingsPanel-B6q-g6eD.js s=200 d=459µs s=2306
INF http m=GET p=/api/v1/workspaces/43LANG3D0000/nodes/43LANI8UQ000 s=200 d=870µs s=245
INF http m=GET p=/assets/ResourceQuotaForm-AxNe1Ebg.css s=200 d=449µs s=302
INF http m=GET p=/assets/InviteForm-fXZCo6g3.js s=200 d=28µs s=1267
ERR Failed to commit DB changes err="failed to stage db changes: exit status 128\nOutput: fatal: Unable to create '/home/runner/work/mddb/mddb/data-e2e/.git/index.lock': File exists.\n\nAnother git process seems to be running in this repository, or the lock file may be stale\n"
INF http m=POST p=/api/v1/workspaces/43LANGFQA000/nodes/0/page/create s=200 d=38ms s=35
INF http m=GET p=/assets/Editor-CO3i7Yl7.css s=200 d=79µs s=2237
INF http m=GET p=/assets/Editor--AVOgcEK.js s=200 d=78µs s=13498
INF http m=GET p=/api/v1/workspaces/43LANGFQA000/nodes/0/children s=200 d=694µs s=257
INF http m=GET p=/assets/ProfileSettings-kJBJbTIc.css s=200 d=26µs s=1220
INF http m=GET p=/assets/InviteForm-CW-wgFWD.css s=200 d=35µs s=414
INF http m=GET p=/assets/Editor-CO3i7Yl7.css s=200 d=313µs s=2237
INF http m=GET p=/api/v1/workspaces/43LANGFQA000/nodes/43LANIJCM000 s=200 d=990µs s=245
INF http m=GET p=/assets/ProfileSettings-HAdAXUp2.js s=200 d=469µs s=4325
INF http m=GET p=/assets/Editor--AVOgcEK.js s=200 d=92µs s=13498
INF http m=GET p=/assets/OrgSettingsPanel-CEubhZUp.css s=200 d=30µs s=509
INF http m=GET p=/assets/OrgSettingsPanel-B6q-g6eD.js s=200 d=50µs s=2306
INF http m=GET p=/assets/AdminDashboard-R0heLGro.css s=200 d=46µs s=601
INF http m=GET p=/assets/AdminDashboard-Cfrr1YY_.js s=200 d=65µs s=2075
INF http m=GET p=/assets/InviteForm-fXZCo6g3.js s=200 d=29µs s=1267
INF http m=GET p=/manifest.webmanifest s=200 d=35µs s=199
INF http m=GET p=/assets/InviteForm-CW-wgFWD.css s=200 d=53µs s=414
INF http m=GET p=/assets/AdminDashboard-R0heLGro.css s=200 d=43µs s=601
INF http m=GET p=/assets/AdminDashboard-Cfrr1YY_.js s=200 d=44µs s=2075
INF http m=GET p=/manifest.webmanifest s=200 d=37µs s=199
INF http m=GET p=/api/v1/notifications/unread-count s=200 d=212µs s=25
INF http m=GET p=/api/v1/workspaces/43LANG3D0000/events s=200 d=251ms s=207
INF http m=GET p=/api/v1/notifications/unread-count s=200 d=212µs s=25
INF http m=GET p=/api/v1/workspaces/43LANGFQA000/events s=200 d=242ms s=207
INF http m=GET p=/api/v1/organizations/43LANFTG4000/users s=200 d=1.17ms s=325
INF http m=GET p=/api/v1/notifications/preferences s=200 d=581µs s=127
INF http m=GET p=/api/v1/auth/providers s=200 d=340µs s=59
INF http m=GET p=/api/v1/workspaces/43LANGFQA000/invitations s=200 d=339µs s=34
INF http m=GET p=/api/v1/workspaces/43LANG3D0000/nodes/0/children s=200 d=799µs s=257
INF http m=GET p=/api/v1/workspaces/43LANG3D0000/members s=200 d=583µs s=130
INF http m=GET p=/api/v1/workspaces/43LANG3D0000/nodes/43LANI8UQ000 s=200 d=1.62ms s=245
INF http m=GET p=/api/v1/notifications/unread-count s=200 d=2.34ms s=25
INF http m=GET p=/api/v1/workspaces/43LANG3D0000/events s=200 d=28.1ms s=93
ERR Failed to commit DB changes err="failed to stage db changes: exit status 128\nOutput: fatal: Unable to create '/home/runner/work/mddb/mddb/data-e2e/.git/index.lock': File exists.\n\nAnother git process seems to be running in this repository, or the lock file may be stale\n"
INF http m=POST p=/api/v1/auth/register s=200 d=141ms s=392
INF http m=GET p=/ s=200 d=56µs s=532
INF http m=GET p=/assets/index-BppjCDFJ.css s=200 d=150µs s=12398
INF http m=GET p=/assets/index-D8rN_C6i.js s=200 d=101µs s=49782
INF http m=GET p=/assets/editor-vendor-DXykusy4.js s=200 d=161µs s=95952
INF http m=GET p=/registerSW.js s=200 d=41µs s=87
INF http m=GET p=/assets/vendor-Dz6kinLD.js s=200 d=170µs s=27873
ERR Failed to commit DB changes err="failed to stage db changes: exit status 128\nOutput: fatal: Unable to create '/home/runner/work/mddb/mddb/data-e2e/.git/index.lock': File exists.\n\nAnother git process seems to be running in this repository, or the lock file may be stale\n"
INF http m=POST p=/api/v1/auth/register s=200 d=135ms s=396
INF http m=GET p=/ s=200 d=66µs s=532
INF http m=GET p=/api/v1/auth/me s=200 d=472µs s=165
INF http m=GET p=/assets/en-BOb8f2G7.js s=200 d=82µs s=5207
INF http m=GET p=/assets/index-D8rN_C6i.js s=200 d=5.51ms s=49782
INF http m=GET p=/assets/index-BppjCDFJ.css s=200 d=136µs s=12398
INF http m=GET p=/assets/editor-vendor-DXykusy4.js s=200 d=181µs s=95952
INF http m=GET p=/registerSW.js s=200 d=57µs s=87
INF http m=GET p=/assets/vendor-Dz6kinLD.js s=200 d=138µs s=27873
INF http m=GET p=/favicon.png s=200 d=49µs s=449
INF http m=GET p=/api/v1/notifications/unread-count s=200 d=310µs s=25
INF http m=GET p=/sw.js s=200 d=94µs s=5541
ERR Failed to commit DB changes err="failed to stage db changes: exit status 128\nOutput: fatal: Unable to create '/home/runner/work/mddb/mddb/data-e2e/.git/index.lock': File exists.\n\nAnother git process seems to be running in this repository, or the lock file may be stale\n"
INF http m=POST p=/api/v1/organizations s=200 d=12ms s=351
INF http m=GET p=/api/v1/auth/me s=200 d=520µs s=249
INF http m=GET p=/api/v1/auth/me s=200 d=593µs s=166
INF http m=GET p=/registerSW.js s=200 d=29µs s=87
INF http m=GET p=/assets/en-BOb8f2G7.js s=200 d=76µs s=5207
INF http m=GET p=/index.html s=200 d=42µs s=532
INF http m=GET p=/favicon.png s=200 d=56µs s=449
INF http m=GET p=/api/v1/notifications/unread-count s=200 d=668µs s=25
INF http m=GET p=/icon.svg s=200 d=34µs s=195
INF http m=GET p=/sw.js s=200 d=86µs s=5541
INF http m=GET p=/icon-512.png s=200 d=97µs s=6498
INF http m=GET p=/icon-192.png s=200 d=69µs s=2468
INF http m=GET p=/favicon.png s=200 d=39µs s=449
INF http m=GET p=/apple-touch-icon.png s=200 d=69µs s=2298
INF http m=GET p=/registerSW.js s=200 d=43µs s=87
INF http m=GET p=/index.html s=200 d=38µs s=532
ERR Failed to add workspace submodule wsID=43LANOC82000 err="failed to add submodule 43LANOC82000: exit status 128\nOutput: Adding existing repo at '43LANOC82000' to the index\nfatal: Unable to create '/home/runner/work/mddb/mddb/data-e2e/.git/index.lock': File exists.\n\nAnother git process seems to be running in this repository, or the lock file may be stale\nfatal: Failed to add submodule '43LANOC82000'\n"
INF http m=GET p=/icon.svg s=200 d=38µs s=195
INF http m=GET p=/assets/material-symbols-names-Dyx5m6Tf.js s=200 d=99µs s=15412
INF http m=GET p=/icon-512.png s=200 d=64µs s=6498
INF http m=GET p=/icon-192.png s=200 d=55µs s=2468
ERR Failed to commit DB changes err="failed to stage db changes: exit status 128\nOutput: fatal: Unable to create '/home/runner/work/mddb/mddb/data-e2e/.git/index.lock': File exists.\n\nAnother git process seems to be running in this repository, or the lock file may be stale\n"
INF http m=POST p=/api/v1/organizations/43LANNVDG000/workspaces s=200 d=230ms s=299
INF http m=GET p=/favicon.png s=200 d=48µs s=449
ERR Failed to commit DB changes err="failed to stage db changes: exit status 128\nOutput: fatal: Unable to create '/home/runner/work/mddb/mddb/data-e2e/.git/index.lock': File exists.\n\nAnother git process seems to be running in this repository, or the lock file may be stale\n"
INF http m=POST p=/api/v1/organizations s=200 d=139ms s=350
INF http m=GET p=/apple-touch-icon.png s=200 d=75µs s=2298
INF http m=GET p=/api/v1/auth/me s=200 d=5.54ms s=252
ERR Failed to commit DB changes err="failed to stage db changes: exit status 128\nOutput: fatal: Unable to create '/home/runner/work/mddb/mddb/data-e2e/.git/index.lock': File exists.\n\nAnother git process seems to be running in this repository, or the lock file may be stale\n"
INF http m=POST p=/api/v1/auth/switch-workspace s=200 d=17.5ms s=549
INF http m=GET p=/assets/fr-CgauyyXq.js s=200 d=102µs s=6301
INF http m=GET p=/assets/es-DHO8DnB9.js s=200 d=85µs s=6015
INF http m=GET p=/assets/material-symbols-names-Dyx5m6Tf.js s=200 d=77µs s=15412
INF http m=GET p=/assets/emoji-groups-BpL1N8nI.js s=200 d=88µs s=13798
INF http m=GET p=/api/v1/workspaces/43LANOC82000/nodes/0/children s=200 d=350µs s=26
INF http m=GET p=/assets/fr-CgauyyXq.js s=200 d=108µs s=6301
INF http m=GET p=/api/v1/workspaces/43LANOC82000/members s=200 d=3.84ms s=120
INF http m=GET p=/api/v1/notifications/unread-count s=200 d=252µs s=25
INF http m=GET p=/assets/es-DHO8DnB9.js s=200 d=74µs s=6015
INF http m=GET p=/assets/emoji-groups-BpL1N8nI.js s=200 d=16.4ms s=13798
INF http m=GET p=/assets/de-qJeflSp6.js s=200 d=140µs s=6245
INF http m=GET p=/assets/de-qJeflSp6.js s=200 d=56µs s=6245
ERR Failed to add workspace submodule wsID=43LANPUFO000 err="failed to add submodule 43LANPUFO000: exit status 128\nOutput: Adding existing repo at '43LANPUFO000' to the index\nfatal: Unable to create '/home/runner/work/mddb/mddb/data-e2e/.git/index.lock': File exists.\n\nAnother git process seems to be running in this repository, or the lock file may be stale\nfatal: Failed to add submodule '43LANPUFO000'\n"
INF http m=GET p=/assets/WorkspaceSettingsPanel-CeaO382V.css s=200 d=35µs s=1021
INF http m=GET p=/assets/WorkspaceSettingsPanel-CeaO382V.css s=200 d=27µs s=1021
INF http m=GET p=/assets/WorkspaceSettingsPanel-C0CeQhf8.js s=200 d=61µs s=4456
ERR Failed to commit DB changes err="failed to stage db changes: exit status 128\nOutput: fatal: Unable to create '/home/runner/work/mddb/mddb/data-e2e/.git/index.lock': File exists.\n\nAnother git process seems to be running in this repository, or the lock file may be stale\n"
INF http m=POST p=/api/v1/organizations/43LANOV60000/workspaces s=200 d=165ms s=301
INF http m=GET p=/assets/WorkspaceSettingsPanel-C0CeQhf8.js s=200 d=65µs s=4456
INF http m=GET p=/assets/ServerSettingsPanel-DsIxlWdC.css s=200 d=24µs s=593
ERR Failed to commit DB changes err="failed to stage db changes: exit status 128\nOutput: fatal: Unable to create '/home/runner/work/mddb/mddb/data-e2e/.git/index.lock': File exists.\n\nAnother git process seems to be running in this repository, or the lock file may be stale\n"
INF http m=POST p=/api/v1/workspaces/43LANOC82000/nodes/0/page/create s=200 d=90.8ms s=35
ERR Failed to commit DB changes err="failed to stage db changes: exit status 128\nOutput: fatal: Unable to create '/home/runner/work/mddb/mddb/data-e2e/.git/index.lock': File exists.\n\nAnother git process seems to be running in this repository, or the lock file may be stale\n"
INF http m=GET p=/api/v1/workspaces/43LANOC82000/nodes/0/children s=200 d=681µs s=257
INF http m=POST p=/api/v1/auth/switch-workspace s=200 d=5.6ms s=572
INF http m=GET p=/assets/ServerSettingsPanel-Cmq42vr7.js s=200 d=42µs s=2538
INF http m=GET p=/assets/ServerSettingsPanel-DsIxlWdC.css s=200 d=65µs s=593
INF http m=GET p=/api/v1/workspaces/43LANOC82000/nodes/43LANQDOO000 s=200 d=708µs s=245
INF http m=GET p=/assets/ResourceQuotaForm-Coc__0PE.js s=200 d=37µs s=813
INF http m=GET p=/api/v1/notifications/unread-count s=200 d=197µs s=25
INF http m=GET p=/assets/Editor--AVOgcEK.js s=200 d=101µs s=13498
INF http m=GET p=/assets/ServerSettingsPanel-Cmq42vr7.js s=200 d=101µs s=2538
INF http m=GET p=/assets/Editor-CO3i7Yl7.css s=200 d=73µs s=2237
INF http m=GET p=/api/v1/workspaces/43LANPUFO000/nodes/0/children s=200 d=6.15ms s=26
INF http m=GET p=/assets/ResourceQuotaForm-AxNe1Ebg.css s=200 d=63µs s=302
INF http m=GET p=/api/v1/workspaces/43LANPUFO000/members s=200 d=272µs s=112
INF http m=GET p=/assets/ResourceQuotaForm-Coc__0PE.js s=200 d=60µs s=813
INF http m=GET p=/assets/ProfileSettings-kJBJbTIc.css s=200 d=39µs s=1220
INF http m=GET p=/assets/ResourceQuotaForm-AxNe1Ebg.css s=200 d=32µs s=302
INF http m=GET p=/assets/ProfileSettings-HAdAXUp2.js s=200 d=60µs s=4325
INF http m=GET p=/assets/ProfileSettings-kJBJbTIc.css s=200 d=65µs s=1220
INF http m=GET p=/assets/ProfileSettings-HAdAXUp2.js s=200 d=123µs s=4325
INF http m=GET p=/assets/OrgSettingsPanel-CEubhZUp.css s=200 d=35µs s=509
ERR Failed to commit DB changes err="failed to stage db changes: exit status 128\nOutput: fatal: Unable to create '/home/runner/work/mddb/mddb/data-e2e/.git/index.lock': File exists.\n\nAnother git process seems to be running in this repository, or the lock file may be stale\n"
INF http m=POST p=/api/v1/workspaces/43LANPUFO000/nodes/0/page/create s=200 d=26.3ms s=35
INF http m=GET p=/api/v1/workspaces/43LANPUFO000/nodes/0/children s=200 d=292µs s=257
INF http m=GET p=/assets/OrgSettingsPanel-B6q-g6eD.js s=200 d=89µs s=2306
INF http m=GET p=/assets/OrgSettingsPanel-CEubhZUp.css s=200 d=38µs s=509
INF http m=GET p=/api/v1/workspaces/43LANPUFO000/nodes/43LANRATE000 s=200 d=504µs s=245
INF http m=GET p=/assets/InviteForm-fXZCo6g3.js s=200 d=31µs s=1267
INF http m=GET p=/assets/Editor--AVOgcEK.js s=200 d=97µs s=13498
INF http m=GET p=/assets/OrgSettingsPanel-B6q-g6eD.js s=200 d=36µs s=2306
INF http m=GET p=/assets/Editor-CO3i7Yl7.css s=200 d=53µs s=2237
INF http m=GET p=/assets/InviteForm-CW-wgFWD.css s=200 d=41µs s=414
INF http m=GET p=/assets/InviteForm-fXZCo6g3.js s=200 d=23µs s=1267
INF http m=GET p=/assets/InviteForm-CW-wgFWD.css s=200 d=50µs s=414
INF http m=GET p=/assets/AdminDashboard-R0heLGro.css s=200 d=40µs s=601
INF http m=GET p=/assets/AdminDashboard-Cfrr1YY_.js s=200 d=50µs s=2075
INF http m=GET p=/assets/AdminDashboard-R0heLGro.css s=200 d=29µs s=601
INF http m=GET p=/manifest.webmanifest s=200 d=27µs s=199
INF http m=GET p=/assets/AdminDashboard-Cfrr1YY_.js s=200 d=66µs s=2075
INF http m=GET p=/manifest.webmanifest s=200 d=45µs s=199
INF http m=GET p=/api/v1/notifications/unread-count s=200 d=601µs s=25
INF http m=GET p=/api/v1/workspaces/43LANOC82000/events s=200 d=294ms s=207
INF http m=GET p=/api/v1/organizations/43LANNVDG000/users s=200 d=1.09ms s=326
INF http m=GET p=/api/v1/workspaces/43LANOC82000/invitations s=200 d=1.21ms s=34
INF http m=GET p=/api/v1/notifications/unread-count s=200 d=745µs s=25
INF http m=GET p=/api/v1/workspaces/43LANPUFO000/events s=200 d=280ms s=207
INF http m=GET p=/api/v1/workspaces/43LANPUFO000/invitations s=200 d=300µs s=34
INF http m=GET p=/api/v1/organizations/43LANOV60000/users s=200 d=1.25ms s=331
INF http m=GET p=/api/v1/workspaces/43LANOC82000 s=200 d=746µs s=299
INF http m=GET p=/api/v1/github-app/available s=200 d=372µs s=33
INF http m=GET p=/api/v1/workspaces/43LANOC82000/settings/git s=200 d=189µs s=18
INF http m=GET p=/api/v1/workspaces/43LANOC82000/settings/git/status s=200 d=288µs s=32
ERR Failed to commit DB changes err="failed to stage db changes: exit status 128\nOutput: fatal: Unable to create '/home/runner/work/mddb/mddb/data-e2e/.git/index.lock': File exists.\n\nAnother git process seems to be running in this repository, or the lock file may be stale\n"
INF http m=POST p=/api/v1/auth/register s=200 d=104ms s=385
INF http m=GET p=/ s=200 d=61µs s=532
INF http m=GET p=/assets/index-D8rN_C6i.js s=200 d=331µs s=49782
INF http m=GET p=/assets/index-BppjCDFJ.css s=200 d=138µs s=12398
INF http m=GET p=/assets/editor-vendor-DXykusy4.js s=200 d=169µs s=95952
INF http m=GET p=/assets/vendor-Dz6kinLD.js s=200 d=150µs s=27873
INF http m=GET p=/registerSW.js s=200 d=36µs s=87
INF http m=GET p=/assets/en-BOb8f2G7.js s=200 d=88µs s=5207
INF http m=GET p=/api/v1/auth/me s=200 d=932µs s=163
INF http m=GET p=/favicon.png s=200 d=58µs s=449
INF http m=GET p=/api/v1/notifications/unread-count s=200 d=190µs s=25
INF http m=GET p=/sw.js s=200 d=93µs s=5541
ERR Failed to commit DB changes err="failed to stage db changes: exit status 128\nOutput: fatal: Unable to create '/home/runner/work/mddb/mddb/data-e2e/.git/index.lock': File exists.\n\nAnother git process seems to be running in this repository, or the lock file may be stale\n"
INF http m=POST p=/api/v1/organizations s=200 d=13.7ms s=350
INF http m=GET p=/registerSW.js s=200 d=51µs s=87
INF http m=GET p=/api/v1/auth/me s=200 d=684µs s=249
INF http m=GET p=/index.html s=200 d=47µs s=532
INF http m=GET p=/icon.svg s=200 d=41µs s=195
INF http m=GET p=/icon-512.png s=200 d=88µs s=6498
INF http m=GET p=/icon-192.png s=200 d=50µs s=2468
INF http m=GET p=/favicon.png s=200 d=51µs s=449
INF http m=GET p=/apple-touch-icon.png s=200 d=58µs s=2298
INF http m=GET p=/assets/material-symbols-names-Dyx5m6Tf.js s=200 d=108µs s=15412
ERR Failed to add workspace submodule wsID=43LAO19NI000 err="failed to add submodule 43LAO19NI000: exit status 128\nOutput: Adding existing repo at '43LAO19NI000' to the index\nfatal: Unable to create '/home/runner/work/mddb/mddb/data-e2e/.git/index.lock': File exists.\n\nAnother git process seems to be running in this repository, or the lock file may be stale\nfatal: Failed to add submodule '43LAO19NI000'\n"
ERR Failed to commit DB changes err="failed to stage db changes: exit status 128\nOutput: fatal: Unable to create '/home/runner/work/mddb/mddb/data-e2e/.git/index.lock': File exists.\n\nAnother git process seems to be running in this repository, or the lock file may be stale\n"
INF http m=POST p=/api/v1/organizations/43LAO0P52000/workspaces s=200 d=207ms s=296
ERR Failed to commit DB changes err="failed to stage db changes: exit status 128\nOutput: fatal: Unable to create '/home/runner/work/mddb/mddb/data-e2e/.git/index.lock': File exists.\n\nAnother git process seems to be running in this repository, or the lock file may be stale\n"
INF http m=POST p=/api/v1/auth/switch-workspace s=200 d=8.44ms s=603
INF http m=GET p=/assets/fr-CgauyyXq.js s=200 d=86µs s=6301
INF http m=GET p=/assets/es-DHO8DnB9.js s=200 d=95µs s=6015
INF http m=GET p=/api/v1/notifications/unread-count s=200 d=13ms s=25
INF http m=GET p=/api/v1/workspaces/43LAO19NI000/nodes/0/children s=200 d=11.1ms s=26
INF http m=GET p=/api/v1/workspaces/43LAO19NI000/members s=200 d=8.66ms s=124
INF http m=GET p=/assets/emoji-groups-BpL1N8nI.js s=200 d=147µs s=13798
ERR Failed to commit DB changes err="failed to stage db changes: exit status 128\nOutput: fatal: Unable to create '/home/runner/work/mddb/mddb/data-e2e/.git/index.lock': File exists.\n\nAnother git process seems to be running in this repository, or the lock file may be stale\n"
INF http m=POST p=/api/v1/auth/register s=200 d=187ms s=386
ERR Failed to commit DB changes err="failed to stage db changes: exit status 128\nOutput: fatal: Unable to create '/home/runner/work/mddb/mddb/data-e2e/.git/index.lock': File exists.\n\nAnother git process seems to be running in this repository, or the lock file may be stale\n"
INF http m=POST p=/api/v1/workspaces/43LAO19NI000/nodes/0/page/create s=200 d=36.2ms s=35
INF http m=GET p=/api/v1/workspaces/43LAO19NI000/nodes/0/children s=200 d=283µs s=257
INF http m=GET p=/ s=200 d=60µs s=532
INF http m=GET p=/api/v1/workspaces/43LAO19NI000/nodes/43LAO34BK000 s=200 d=381µs s=245
INF http m=GET p=/assets/index-D8rN_C6i.js s=200 d=197µs s=49782
INF http m=GET p=/assets/index-BppjCDFJ.css s=200 d=109µs s=12398
INF http m=GET p=/registerSW.js s=200 d=59µs s=87
INF http m=GET p=/assets/vendor-Dz6kinLD.js s=200 d=140µs s=27873
INF http m=GET p=/assets/Editor--AVOgcEK.js s=200 d=105µs s=13498
INF http m=GET p=/assets/Editor-CO3i7Yl7.css s=200 d=56µs s=2237
INF http m=GET p=/assets/editor-vendor-DXykusy4.js s=200 d=673µs s=95952
INF http m=GET p=/assets/de-qJeflSp6.js s=200 d=147µs s=6245
INF http m=GET p=/assets/WorkspaceSettingsPanel-CeaO382V.css s=200 d=51µs s=1021
INF http m=GET p=/assets/WorkspaceSettingsPanel-C0CeQhf8.js s=200 d=125µs s=4456
INF http m=GET p=/assets/ServerSettingsPanel-DsIxlWdC.css s=200 d=46µs s=593
INF http m=GET p=/api/v1/auth/me s=200 d=654µs s=166
INF http m=GET p=/assets/ServerSettingsPanel-Cmq42vr7.js s=200 d=45µs s=2538
INF http m=GET p=/assets/en-BOb8f2G7.js s=200 d=62µs s=5207
INF http m=GET p=/assets/ResourceQuotaForm-Coc__0PE.js s=200 d=47µs s=813
INF http m=GET p=/sw.js s=200 d=91µs s=5541
INF http m=GET p=/api/v1/notifications/unread-count s=200 d=198µs s=25
INF http m=GET p=/assets/ResourceQuotaForm-AxNe1Ebg.css s=200 d=36µs s=302
ERR Failed to commit DB changes err="failed to stage db changes: exit status 128\nOutput: fatal: Unable to create '/home/runner/work/mddb/mddb/data-e2e/.git/index.lock': File exists.\n\nAnother git process seems to be running in this repository, or the lock file may be stale\n"
INF http m=POST p=/api/v1/organizations s=200 d=8.36ms s=350
INF http m=GET p=/assets/ProfileSettings-kJBJbTIc.css s=200 d=50µs s=1220
INF http m=GET p=/favicon.png s=200 d=186µs s=449
INF http m=GET p=/assets/ProfileSettings-HAdAXUp2.js s=200 d=68µs s=4325
INF http m=GET p=/registerSW.js s=200 d=23µs s=87
INF http m=GET p=/api/v1/auth/me s=200 d=1.55ms s=250
INF http m=GET p=/assets/OrgSettingsPanel-CEubhZUp.css s=200 d=34µs s=509
INF http m=GET p=/index.html s=200 d=35µs s=532
INF http m=GET p=/assets/OrgSettingsPanel-B6q-g6eD.js s=200 d=77µs s=2306
INF http m=GET p=/assets/InviteForm-fXZCo6g3.js s=200 d=30µs s=1267
INF http m=GET p=/icon.svg s=200 d=22µs s=195
INF http m=GET p=/assets/InviteForm-CW-wgFWD.css s=200 d=29µs s=414
INF http m=GET p=/icon-512.png s=200 d=97µs s=6498
INF http m=GET p=/icon-192.png s=200 d=55µs s=2468
INF http m=GET p=/favicon.png s=200 d=42µs s=449
INF http m=GET p=/assets/AdminDashboard-R0heLGro.css s=200 d=30µs s=601
INF http m=GET p=/assets/AdminDashboard-Cfrr1YY_.js s=200 d=28µs s=2075
INF http m=GET p=/apple-touch-icon.png s=200 d=60µs s=2298
INF http m=GET p=/manifest.webmanifest s=200 d=35µs s=199
INF http m=GET p=/api/v1/notifications/unread-count s=200 d=177µs s=25
INF http m=GET p=/assets/material-symbols-names-Dyx5m6Tf.js s=200 d=438µs s=15412
INF http m=GET p=/api/v1/workspaces/43LAO19NI000/events s=200 d=425ms s=208
INF http m=GET p=/assets/fr-CgauyyXq.js s=200 d=87µs s=6301
INF http m=GET p=/api/v1/workspaces/43LAO19NI000/invitations s=200 d=363µs s=34
INF http m=GET p=/api/v1/organizations/43LAO0P52000/users s=200 d=1.76ms s=329
INF http m=GET p=/assets/es-DHO8DnB9.js s=200 d=77µs s=6015
ERR Failed to add workspace submodule wsID=43LAO51HG000 err="failed to add submodule 43LAO51HG000: exit status 128\nOutput: Adding existing repo at '43LAO51HG000' to the index\nfatal: Unable to create '/home/runner/work/mddb/mddb/data-e2e/.git/index.lock': File exists.\n\nAnother git process seems to be running in this repository, or the lock file may be stale\nfatal: Failed to add submodule '43LAO51HG000'\n"
ERR Failed to commit DB changes err="failed to stage db changes: exit status 128\nOutput: fatal: Unable to create '/home/runner/work/mddb/mddb/data-e2e/.git/index.lock': File exists.\n\nAnother git process seems to be running in this repository, or the lock file may be stale\n"
INF http m=POST p=/api/v1/organizations/43LAO4NRS000/workspaces s=200 d=148ms s=299
INF http m=GET p=/assets/emoji-groups-BpL1N8nI.js s=200 d=99µs s=13798
ERR Failed to commit DB changes err="failed to stage db changes: exit status 128\nOutput: fatal: Unable to create '/home/runner/work/mddb/mddb/data-e2e/.git/index.lock': File exists.\n\nAnother git process seems to be running in this repository, or the lock file may be stale\n"
INF http m=POST p=/api/v1/auth/switch-workspace s=200 d=8.47ms s=572
INF http m=GET p=/api/v1/notifications/unread-count s=200 d=562µs s=25
INF http m=GET p=/api/v1/workspaces/43LAO51HG000/nodes/0/children s=200 d=562µs s=26
INF http m=GET p=/api/v1/workspaces/43LAO51HG000/members s=200 d=173µs s=128
INF http m=GET p=/api/v1/workspaces/43LAO19NI000 s=200 d=855µs s=296
INF http m=GET p=/assets/de-qJeflSp6.js s=200 d=201µs s=6245
ERR Failed to commit DB changes err="failed to stage db changes: exit status 128\nOutput: fatal: Unable to create '/home/runner/work/mddb/mddb/data-e2e/.git/index.lock': File exists.\n\nAnother git process seems to be running in this repository, or the lock file may be stale\n"
INF http m=POST p=/api/v1/workspaces/43LAO51HG000/nodes/0/page/create s=200 d=31.6ms s=35
INF http m=GET p=/api/v1/workspaces/43LAO51HG000/nodes/0/children s=200 d=754µs s=257
INF http m=GET p=/assets/WorkspaceSettingsPanel-CeaO382V.css s=200 d=76µs s=1021
INF http m=GET p=/api/v1/workspaces/43LAO51HG000/nodes/43LAO69HO000 s=200 d=1.49ms s=245
INF http m=GET p=/assets/WorkspaceSettingsPanel-C0CeQhf8.js s=200 d=70µs s=4456
INF http m=GET p=/assets/ServerSettingsPanel-DsIxlWdC.css s=200 d=43µs s=593
INF http m=GET p=/assets/Editor--AVOgcEK.js s=200 d=77µs s=13498
INF http m=GET p=/assets/Editor-CO3i7Yl7.css s=200 d=60µs s=2237
INF http m=GET p=/assets/ServerSettingsPanel-Cmq42vr7.js s=200 d=47µs s=2538
INF http m=GET p=/assets/ResourceQuotaForm-Coc__0PE.js s=200 d=53µs s=813
INF http m=GET p=/assets/ResourceQuotaForm-AxNe1Ebg.css s=200 d=40µs s=302
INF http m=GET p=/assets/ProfileSettings-kJBJbTIc.css s=200 d=41µs s=1220
INF http m=GET p=/assets/ProfileSettings-HAdAXUp2.js s=200 d=75µs s=4325
INF http m=GET p=/assets/OrgSettingsPanel-CEubhZUp.css s=200 d=31µs s=509
ERR Failed to commit DB changes err="failed to stage db changes: exit status 128\nOutput: fatal: Unable to create '/home/runner/work/mddb/mddb/data-e2e/.git/index.lock': File exists.\n\nAnother git process seems to be running in this repository, or the lock file may be stale\n"
INF http m=POST p=/api/v1/workspaces/43LAO19NI000 s=200 d=8.11ms s=293
INF http m=GET p=/assets/OrgSettingsPanel-B6q-g6eD.js s=200 d=47µs s=2306
INF http m=GET p=/assets/InviteForm-fXZCo6g3.js s=200 d=54µs s=1267
INF http m=GET p=/assets/InviteForm-CW-wgFWD.css s=200 d=37µs s=414
INF http m=GET p=/assets/AdminDashboard-R0heLGro.css s=200 d=75µs s=601
INF http m=GET p=/assets/AdminDashboard-Cfrr1YY_.js s=200 d=57µs s=2075
INF http m=GET p=/manifest.webmanifest s=200 d=53µs s=199
ERR Failed to commit DB changes err="failed to stage db changes: exit status 128\nOutput: fatal: Unable to create '/home/runner/work/mddb/mddb/data-e2e/.git/index.lock': File exists.\n\nAnother git process seems to be running in this repository, or the lock file may be stale\n"
INF http m=POST p=/api/v1/auth/logout s=200 d=12.6ms s=25
INF http m=GET p=/api/v1/workspaces/43LAO51HG000/members s=401 d=140µs s=26
INF http m=GET p=/api/v1/auth/providers s=200 d=552µs s=59
INF http m=GET p=/api/v1/auth/providers s=200 d=426µs s=59
INF http m=GET p=/api/v1/workspaces/43LAO51HG000/events s=200 d=359ms s=207
INF http m=GET p=/ s=200 d=66µs s=532
INF http m=GET p=/registerSW.js s=200 d=65µs s=87
INF http m=GET p=/assets/vendor-Dz6kinLD.js s=200 d=149µs s=27873
INF http m=GET p=/assets/editor-vendor-DXykusy4.js s=200 d=166µs s=95952
INF http m=GET p=/assets/index-D8rN_C6i.js s=200 d=644µs s=49782
INF http m=GET p=/assets/index-BppjCDFJ.css s=200 d=108µs s=12398
INF http m=GET p=/assets/en-BOb8f2G7.js s=200 d=96µs s=5207
INF http m=GET p=/api/v1/auth/me s=401 d=486µs s=27
INF http m=POST p=/api/v1/auth/logout s=401 d=630µs s=27
INF http m=GET p=/api/v1/auth/providers s=200 d=1.59ms s=59
INF http m=GET p=/sw.js s=200 d=88µs s=5541
INF http m=GET p=/registerSW.js s=200 d=30µs s=87
INF http m=GET p=/favicon.png s=200 d=41µs s=449
INF http m=GET p=/index.html s=200 d=40µs s=532
INF http m=GET p=/icon.svg s=200 d=38µs s=195
INF http m=GET p=/icon-512.png s=200 d=72µs s=6498
INF http m=GET p=/icon-192.png s=200 d=60µs s=2468
INF http m=GET p=/favicon.png s=200 d=45µs s=449
INF http m=GET p=/apple-touch-icon.png s=200 d=68µs s=2298
INF http m=GET p=/assets/material-symbols-names-Dyx5m6Tf.js s=200 d=97µs s=15412
ERR Failed to commit DB changes err="failed to stage db changes: exit status 128\nOutput: fatal: Unable to create '/home/runner/work/mddb/mddb/data-e2e/.git/index.lock': File exists.\n\nAnother git process seems to be running in this repository, or the lock file may be stale\n"
INF http m=POST p=/api/v1/auth/register s=200 d=176ms s=398
INF http m=GET p=/ s=200 d=55µs s=532
INF http m=GET p=/assets/index-D8rN_C6i.js s=200 d=204µs s=49782
INF http m=GET p=/assets/index-BppjCDFJ.css s=200 d=265µs s=12398
INF http m=GET p=/assets/fr-CgauyyXq.js s=200 d=83µs s=6301
INF http m=GET p=/assets/editor-vendor-DXykusy4.js s=200 d=233µs s=95952
INF http m=GET p=/registerSW.js s=200 d=61µs s=87
INF http m=GET p=/assets/vendor-Dz6kinLD.js s=200 d=157µs s=27873
INF http m=GET p=/assets/es-DHO8DnB9.js s=200 d=77µs s=6015
INF http m=GET p=/api/v1/auth/me s=200 d=736µs s=167
INF http m=GET p=/assets/en-BOb8f2G7.js s=200 d=72µs s=5207
INF http m=GET p=/api/v1/notifications/unread-count s=200 d=4.67ms s=25
INF http m=GET p=/favicon.png s=200 d=36µs s=449
INF http m=GET p=/sw.js s=200 d=112µs s=5541
ERR Failed to commit DB changes err="failed to stage db changes: exit status 128\nOutput: fatal: Unable to create '/home/runner/work/mddb/mddb/data-e2e/.git/index.lock': File exists.\n\nAnother git process seems to be running in this repository, or the lock file may be stale\n"
INF http m=POST p=/api/v1/organizations s=200 d=15.3ms s=351
INF http m=GET p=/api/v1/auth/me s=200 d=1.01ms s=257
INF http m=GET p=/registerSW.js s=200 d=43µs s=87
INF http m=GET p=/index.html s=200 d=51µs s=532
INF http m=GET p=/icon.svg s=200 d=36µs s=195
INF http m=GET p=/icon-512.png s=200 d=111µs s=6498
INF http m=GET p=/icon-192.png s=200 d=89µs s=2468
INF http m=GET p=/favicon.png s=200 d=38µs s=449
INF http m=GET p=/apple-touch-icon.png s=200 d=52µs s=2298
ERR Failed to add workspace submodule wsID=43LAOCNRO000 err="failed to add submodule 43LAOCNRO000: exit status 128\nOutput: Adding existing repo at '43LAOCNRO000' to the index\nfatal: Unable to create '/home/runner/work/mddb/mddb/data-e2e/.git/index.lock': File exists.\n\nAnother git process seems to be running in this repository, or the lock file may be stale\nfatal: Failed to add submodule '43LAOCNRO000'\n"
INF http m=GET p=/assets/material-symbols-names-Dyx5m6Tf.js s=200 d=138µs s=15412
ERR Failed to commit DB changes err="failed to stage db changes: exit status 128\nOutput: fatal: Unable to create '/home/runner/work/mddb/mddb/data-e2e/.git/index.lock': File exists.\n\nAnother git process seems to be running in this repository, or the lock file may be stale\n"
INF http m=POST p=/api/v1/organizations/43LAOCE98000/workspaces s=200 d=156ms s=301
ERR Failed to commit DB changes err="failed to stage db changes: exit status 128\nOutput: fatal: Unable to create '/home/runner/work/mddb/mddb/data-e2e/.git/index.lock': File exists.\n\nAnother git process seems to be running in this repository, or the lock file may be stale\n"
INF http m=POST p=/api/v1/auth/switch-workspace s=200 d=14.9ms s=570
ERR Failed to commit DB changes err="failed to stage db changes: exit status 128\nOutput: fatal: Unable to create '/home/runner/work/mddb/mddb/data-e2e/.git/index.lock': File exists.\n\nAnother git process seems to be running in this repository, or the lock file may be stale\n"
INF http m=POST p=/api/v1/auth/register s=200 d=117ms s=396
INF http m=GET p=/assets/fr-CgauyyXq.js s=200 d=139µs s=6301
INF http m=GET p=/assets/es-DHO8DnB9.js s=200 d=111µs s=6015
INF http m=GET p=/ s=200 d=39µs s=532
INF http m=GET p=/api/v1/notifications/unread-count s=200 d=234µs s=25
INF http m=GET p=/api/v1/workspaces/43LAOCNRO000/nodes/0/children s=200 d=4.4ms s=26
INF http m=GET p=/api/v1/workspaces/43LAOCNRO000/members s=200 d=9.9ms s=130
INF http m=GET p=/assets/emoji-groups-BpL1N8nI.js s=200 d=1.38ms s=13798
INF http m=GET p=/assets/index-BppjCDFJ.css s=200 d=127µs s=12398
INF http m=GET p=/assets/vendor-Dz6kinLD.js s=200 d=103µs s=27873
INF http m=GET p=/assets/editor-vendor-DXykusy4.js s=200 d=142µs s=95952
INF http m=GET p=/assets/index-D8rN_C6i.js s=200 d=141µs s=49782
INF http m=GET p=/registerSW.js s=200 d=49µs s=87
ERR Failed to commit DB changes err="failed to stage db changes: exit status 128\nOutput: fatal: Unable to create '/home/runner/work/mddb/mddb/data-e2e/.git/index.lock': File exists.\n\nAnother git process seems to be running in this repository, or the lock file may be stale\n"
INF http m=POST p=/api/v1/workspaces/43LAOCNRO000/nodes/0/page/create s=200 d=44.7ms s=35
INF http m=GET p=/api/v1/workspaces/43LAOCNRO000/nodes/0/children s=200 d=348µs s=257
INF http m=GET p=/api/v1/workspaces/43LAOCNRO000/nodes/43LAOE80M000 s=200 d=373µs s=245
INF http m=GET p=/assets/de-qJeflSp6.js s=200 d=116µs s=6245
INF http m=GET p=/assets/Editor-CO3i7Yl7.css s=200 d=60µs s=2237
INF http m=GET p=/assets/Editor--AVOgcEK.js s=200 d=69µs s=13498
INF http m=GET p=/assets/WorkspaceSettingsPanel-CeaO382V.css s=200 d=51µs s=1021
INF http m=GET p=/assets/WorkspaceSettingsPanel-C0CeQhf8.js s=200 d=75µs s=4456
INF http m=GET p=/assets/ServerSettingsPanel-DsIxlWdC.css s=200 d=78µs s=593
INF http m=GET p=/assets/ServerSettingsPanel-Cmq42vr7.js s=200 d=71µs s=2538
INF http m=GET p=/api/v1/auth/me s=200 d=242µs s=169
INF http m=GET p=/assets/ResourceQuotaForm-Coc__0PE.js s=200 d=33µs s=813
INF http m=GET p=/assets/en-BOb8f2G7.js s=200 d=75µs s=5207
INF http m=GET p=/assets/ResourceQuotaForm-AxNe1Ebg.css s=200 d=43µs s=302
INF http m=GET p=/api/v1/notifications/unread-count s=200 d=205µs s=25
INF http m=GET p=/assets/ProfileSettings-kJBJbTIc.css s=200 d=43µs s=1220
INF http m=GET p=/favicon.png s=200 d=31µs s=449
ERR Failed to commit DB changes err="failed to stage db changes: exit status 128\nOutput: fatal: Unable to create '/home/runner/work/mddb/mddb/data-e2e/.git/index.lock': File exists.\n\nAnother git process seems to be running in this repository, or the lock file may be stale\n"
INF http m=POST p=/api/v1/organizations s=200 d=10.4ms s=352
INF http m=GET p=/assets/ProfileSettings-HAdAXUp2.js s=200 d=138µs s=4325
INF http m=GET p=/assets/OrgSettingsPanel-CEubhZUp.css s=200 d=40µs s=509
INF http m=GET p=/api/v1/auth/me s=200 d=726µs s=253
INF http m=GET p=/assets/OrgSettingsPanel-B6q-g6eD.js s=200 d=103µs s=2306
INF http m=GET p=/sw.js s=200 d=119µs s=5541
INF http m=GET p=/assets/InviteForm-fXZCo6g3.js s=200 d=43µs s=1267
ERR Failed to commit DB changes err="failed to stage db changes: exit status 128\nOutput: fatal: Unable to create '/home/runner/work/mddb/mddb/data-e2e/.git/index.lock': File exists.\n\nAnother git process seems to be running in this repository, or the lock file may be stale\n"
INF http m=POST p=/api/v1/workspaces/43LAOCNRO000/nodes/0/table/create s=200 d=55.7ms s=26
INF http m=GET p=/assets/InviteForm-CW-wgFWD.css s=200 d=42µs s=414
INF http m=GET p=/w/@43LAOCNRO000+workspace/@43LAOE80M000+welcome s=200 d=45µs s=532
INF http m=GET p=/registerSW.js s=200 d=35µs s=87
INF http m=GET p=/index.html s=200 d=48µs s=532
INF http m=GET p=/api/v1/workspaces/43LAOCNRO000/events s=200 d=346ms s=233
INF http m=GET p=/icon.svg s=200 d=42µs s=195
INF http m=GET p=/registerSW.js s=200 d=20µs s=87
INF http m=GET p=/icon-512.png s=200 d=528µs s=6498
INF http m=GET p=/assets/AdminDashboard-R0heLGro.css s=200 d=24µs s=601
INF http m=GET p=/icon-192.png s=200 d=125µs s=2468
INF http m=GET p=/favicon.png s=200 d=40µs s=449
INF http m=GET p=/assets/AdminDashboard-Cfrr1YY_.js s=200 d=28µs s=2075
INF http m=GET p=/manifest.webmanifest s=200 d=27µs s=199
INF http m=GET p=/apple-touch-icon.png s=200 d=34µs s=2298
INF http m=GET p=/api/v1/auth/me s=200 d=234µs s=356
INF http m=GET p=/assets/material-symbols-names-Dyx5m6Tf.js s=200 d=114µs s=15412
INF http m=GET p=/api/v1/notifications/unread-count s=200 d=201µs s=25
INF http m=GET p=/api/v1/workspaces/43LAOCNRO000/nodes/43LAOE80M000 s=200 d=290µs s=245
INF http m=GET p=/api/v1/workspaces/43LAOCNRO000/nodes/0/children s=200 d=630µs s=358
INF http m=GET p=/api/v1/workspaces/43LAOCNRO000/members s=200 d=1.19ms s=130
ERR Failed to add workspace submodule wsID=43LAOFVB6000 err="failed to add submodule 43LAOFVB6000: exit status 128\nOutput: Adding existing repo at '43LAOFVB6000' to the index\nfatal: Unable to create '/home/runner/work/mddb/mddb/data-e2e/.git/index.lock': File exists.\n\nAnother git process seems to be running in this repository, or the lock file may be stale\nfatal: Failed to add submodule '43LAOFVB6000'\n"
INF http m=GET p=/assets/fr-CgauyyXq.js s=200 d=100µs s=6301
ERR Failed to commit DB changes err="failed to stage db changes: exit status 128\nOutput: fatal: Unable to create '/home/runner/work/mddb/mddb/data-e2e/.git/index.lock': File exists.\n\nAnother git process seems to be running in this repository, or the lock file may be stale\n"
INF http m=POST p=/api/v1/organizations/43LAOFFJQ000/workspaces s=200 d=158ms s=302
INF http m=GET p=/assets/es-DHO8DnB9.js s=200 d=67µs s=6015
ERR Failed to commit DB changes err="failed to stage db changes: exit status 128\nOutput: fatal: Unable to create '/home/runner/work/mddb/mddb/data-e2e/.git/index.lock': File exists.\n\nAnother git process seems to be running in this repository, or the lock file may be stale\n"
INF http m=POST p=/api/v1/auth/switch-workspace s=200 d=10.7ms s=582
INF http m=GET p=/assets/emoji-groups-BpL1N8nI.js s=200 d=112µs s=13798
INF http m=GET p=/api/v1/notifications/unread-count s=200 d=1.79ms s=25
INF http m=GET p=/api/v1/workspaces/43LAOFVB6000/nodes/0/children s=200 d=3.28ms s=26
INF http m=GET p=/api/v1/workspaces/43LAOFVB6000/members s=200 d=2.83ms s=132
INF http m=GET p=/api/v1/workspaces/43LAOCNRO000/nodes/43LAOFKUE000 s=200 d=782µs s=221
INF http m=GET p=/assets/de-qJeflSp6.js s=200 d=80µs s=6245
INF http m=GET p=/assets/WorkspaceSettingsPanel-CeaO382V.css s=200 d=49µs s=1021
INF http m=GET p=/api/v1/workspaces/43LAOCNRO000/nodes/43LAOFKUE000/table/records s=200 d=234µs s=28
INF http m=GET p=/assets/WorkspaceSettingsPanel-C0CeQhf8.js s=200 d=73µs s=4456
INF http m=GET p=/assets/ServerSettingsPanel-DsIxlWdC.css s=200 d=42µs s=593
INF http m=GET p=/assets/ServerSettingsPanel-Cmq42vr7.js s=200 d=77µs s=2538
ERR Failed to commit DB changes err="failed to stage db changes: exit status 128\nOutput: fatal: Unable to create '/home/runner/work/mddb/mddb/data-e2e/.git/index.lock': File exists.\n\nAnother git process seems to be running in this repository, or the lock file may be stale\n"
INF http m=POST p=/api/v1/workspaces/43LAOFVB6000/nodes/0/page/create s=200 d=42.3ms s=35
INF http m=GET p=/assets/ResourceQuotaForm-Coc__0PE.js s=200 d=68µs s=813
INF http m=GET p=/api/v1/workspaces/43LAOFVB6000/nodes/0/children s=200 d=694µs s=257
INF http m=GET p=/assets/ResourceQuotaForm-AxNe1Ebg.css s=200 d=46µs s=302
INF http m=GET p=/api/v1/workspaces/43LAOFVB6000/nodes/43LAOHEV0000 s=200 d=791µs s=245
INF http m=GET p=/assets/ProfileSettings-kJBJbTIc.css s=200 d=40µs s=1220
INF http m=GET p=/assets/Editor--AVOgcEK.js s=200 d=106µs s=13498
INF http m=GET p=/assets/Editor-CO3i7Yl7.css s=200 d=47µs s=2237
INF http m=GET p=/assets/ProfileSettings-HAdAXUp2.js s=200 d=75µs s=4325
INF http m=GET p=/assets/OrgSettingsPanel-CEubhZUp.css s=200 d=42µs s=509
INF http m=GET p=/assets/OrgSettingsPanel-B6q-g6eD.js s=200 d=49µs s=2306
INF http m=GET p=/assets/InviteForm-fXZCo6g3.js s=200 d=33µs s=1267
INF http m=GET p=/assets/InviteForm-CW-wgFWD.css s=200 d=36µs s=414
INF http m=GET p=/assets/AdminDashboard-R0heLGro.css s=200 d=41µs s=601
INF http m=GET p=/assets/AdminDashboard-Cfrr1YY_.js s=200 d=54µs s=2075
INF http m=GET p=/manifest.webmanifest s=200 d=32µs s=199
ERR Failed to commit DB changes err="failed to stage db changes: exit status 128\nOutput: fatal: Unable to create '/home/runner/work/mddb/mddb/data-e2e/.git/index.lock': File exists.\n\nAnother git process seems to be running in this repository, or the lock file may be stale\n"
INF http m=POST p=/api/v1/workspaces/43LAOFVB6000/nodes/0/table/create s=200 d=15.5ms s=26
ERR Failed to commit DB changes err="failed to stage db changes: exit status 128\nOutput: fatal: Unable to create '/home/runner/work/mddb/mddb/data-e2e/.git/index.lock': File exists.\n\nAnother git process seems to be running in this repository, or the lock file may be stale\n"
INF http m=POST p=/api/v1/workspaces/43LAOFVB6000/nodes/43LAOIC1K000/table/records/create s=200 d=17.7ms s=26
ERR Failed to commit DB changes err="failed to stage db changes: exit status 128\nOutput: fatal: Unable to create '/home/runner/work/mddb/mddb/data-e2e/.git/index.lock': File exists.\n\nAnother git process seems to be running in this repository, or the lock file may be stale\n"
INF http m=POST p=/api/v1/workspaces/43LAOFVB6000/nodes/43LAOIC1K000/table/records/create s=200 d=22.1ms s=26
INF http m=GET p=/w/@43LAOFVB6000+workspace/@43LAOHEV0000+welcome s=200 d=53µs s=532
INF http m=GET p=/api/v1/workspaces/43LAOCNRO000/events s=200 d=329ms s=93
INF http m=GET p=/api/v1/workspaces/43LAOFVB6000/events s=200 d=266ms s=314
INF http m=GET p=/api/v1/auth/me s=200 d=724µs s=355
INF http m=GET p=/api/v1/notifications/unread-count s=200 d=184µs s=25
INF http m=GET p=/api/v1/workspaces/43LAOFVB6000/nodes/43LAOHEV0000 s=200 d=633µs s=245
INF http m=GET p=/api/v1/workspaces/43LAOFVB6000/members s=200 d=416µs s=132
INF http m=GET p=/api/v1/workspaces/43LAOFVB6000/nodes/0/children s=200 d=4.64ms s=297
INF http m=GET p=/api/v1/workspaces/43LAOFVB6000/nodes/43LAOIC1K000 s=200 d=380µs s=159
INF http m=GET p=/api/v1/workspaces/43LAOFVB6000/nodes/43LAOIC1K000/table/records s=200 d=395µs s=135
ERR Failed to commit DB changes err="failed to stage db changes: exit status 128\nOutput: fatal: Unable to create '/home/runner/work/mddb/mddb/data-e2e/.git/index.lock': File exists.\n\nAnother git process seems to be running in this repository, or the lock file may be stale\n"
INF http m=POST p=/api/v1/auth/register s=200 d=94ms s=398
INF http m=GET p=/ s=200 d=95µs s=532
INF http m=GET p=/assets/index-D8rN_C6i.js s=200 d=161µs s=49782
INF http m=GET p=/registerSW.js s=200 d=50µs s=87
INF http m=GET p=/assets/vendor-Dz6kinLD.js s=200 d=115µs s=27873
INF http m=GET p=/assets/editor-vendor-DXykusy4.js s=200 d=147µs s=95952
INF http m=GET p=/assets/index-BppjCDFJ.css s=200 d=130µs s=12398
INF http m=GET p=/api/v1/auth/me s=200 d=491µs s=167
INF http m=GET p=/assets/en-BOb8f2G7.js s=200 d=74µs s=5207
INF http m=GET p=/api/v1/notifications/unread-count s=200 d=175µs s=25
INF http m=GET p=/favicon.png s=200 d=37µs s=449
ERR Failed to commit DB changes err="failed to stage db changes: exit status 128\nOutput: fatal: Unable to create '/home/runner/work/mddb/mddb/data-e2e/.git/index.lock': File exists.\n\nAnother git process seems to be running in this repository, or the lock file may be stale\n"
INF http m=POST p=/api/v1/organizations s=200 d=9.03ms s=351
INF http m=GET p=/api/v1/workspaces/43LAOFVB6000/nodes/43LAOIC1K000/table/records s=200 d=323µs s=159
INF http m=GET p=/api/v1/auth/me s=200 d=801µs s=252
INF http m=GET p=/sw.js s=200 d=479µs s=5541
ERR Failed to commit DB changes err="failed to stage db changes: exit status 128\nOutput: fatal: Unable to create '/home/runner/work/mddb/mddb/data-e2e/.git/index.lock': File exists.\n\nAnother git process seems to be running in this repository, or the lock file may be stale\n"
INF http m=POST p=/api/v1/workspaces/43LAOFVB6000/nodes/43LAOIC1K000/table/records/43LAOIFIE000 s=200 d=43.9ms s=35
INF http m=GET p=/api/v1/workspaces/43LAOFVB6000/events s=200 d=377ms s=222
INF http m=GET p=/registerSW.js s=200 d=35µs s=87
INF http m=GET p=/index.html s=200 d=35µs s=532
INF http m=GET p=/icon.svg s=200 d=40µs s=195
INF http m=GET p=/icon-512.png s=200 d=91µs s=6498
INF http m=GET p=/icon-192.png s=200 d=75µs s=2468
INF http m=GET p=/favicon.png s=200 d=73µs s=449
INF http m=GET p=/apple-touch-icon.png s=200 d=49µs s=2298
INF http m=GET p=/assets/material-symbols-names-Dyx5m6Tf.js s=200 d=106µs s=15412
ERR Failed to add workspace submodule wsID=43LAOM3LG000 err="failed to add submodule 43LAOM3LG000: exit status 128\nOutput: Adding existing repo at '43LAOM3LG000' to the index\nfatal: Unable to create '/home/runner/work/mddb/mddb/data-e2e/.git/index.lock': File exists.\n\nAnother git process seems to be running in this repository, or the lock file may be stale\nfatal: Failed to add submodule '43LAOM3LG000'\n"
ERR Failed to commit DB changes err="failed to stage db changes: exit status 128\nOutput: fatal: Unable to create '/home/runner/work/mddb/mddb/data-e2e/.git/index.lock': File exists.\n\nAnother git process seems to be running in this repository, or the lock file may be stale\n"
INF http m=POST p=/api/v1/organizations/43LAOLMOS000/workspaces s=200 d=164ms s=302
INF http m=GET p=/assets/fr-CgauyyXq.js s=200 d=112µs s=6301
ERR Failed to commit DB changes err="failed to stage db changes: exit status 128\nOutput: fatal: Unable to create '/home/runner/work/mddb/mddb/data-e2e/.git/index.lock': File exists.\n\nAnother git process seems to be running in this repository, or the lock file may be stale\n"
INF http m=POST p=/api/v1/auth/switch-workspace s=200 d=9.82ms s=573
INF http m=GET p=/assets/es-DHO8DnB9.js s=200 d=113µs s=6015
INF http m=GET p=/api/v1/notifications/unread-count s=200 d=983µs s=25
INF http m=GET p=/assets/emoji-groups-BpL1N8nI.js s=200 d=118µs s=13798
INF http m=GET p=/api/v1/workspaces/43LAOM3LG000/nodes/0/children s=200 d=290µs s=26
INF http m=GET p=/api/v1/workspaces/43LAOM3LG000/members s=200 d=174µs s=130
INF http m=GET p=/assets/de-qJeflSp6.js s=200 d=126µs s=6245
ERR Failed to commit DB changes err="failed to stage db changes: exit status 128\nOutput: fatal: Unable to create '/home/runner/work/mddb/mddb/data-e2e/.git/index.lock': File exists.\n\nAnother git process seems to be running in this repository, or the lock file may be stale\n"
INF http m=POST p=/api/v1/workspaces/43LAOM3LG000/nodes/0/page/create s=200 d=46.8ms s=35
INF http m=GET p=/api/v1/workspaces/43LAOM3LG000/nodes/0/children s=200 d=269µs s=257
INF http m=GET p=/assets/WorkspaceSettingsPanel-CeaO382V.css s=200 d=32µs s=1021
INF http m=GET p=/api/v1/workspaces/43LAOM3LG000/nodes/43LAONQJ0000 s=200 d=323µs s=245
INF http m=GET p=/assets/WorkspaceSettingsPanel-C0CeQhf8.js s=200 d=112µs s=4456
INF http m=GET p=/assets/ServerSettingsPanel-DsIxlWdC.css s=200 d=41µs s=593
INF http m=GET p=/assets/Editor--AVOgcEK.js s=200 d=60µs s=13498
INF http m=GET p=/assets/Editor-CO3i7Yl7.css s=200 d=34µs s=2237
INF http m=GET p=/assets/ServerSettingsPanel-Cmq42vr7.js s=200 d=64µs s=2538
INF http m=GET p=/assets/ResourceQuotaForm-Coc__0PE.js s=200 d=35µs s=813
INF http m=GET p=/assets/ResourceQuotaForm-AxNe1Ebg.css s=200 d=49µs s=302
ERR Failed to commit DB changes err="failed to stage db changes: exit status 128\nOutput: fatal: Unable to create '/home/runner/work/mddb/mddb/data-e2e/.git/index.lock': File exists.\n\nAnother git process seems to be running in this repository, or the lock file may be stale\n"
INF http m=POST p=/api/v1/auth/register s=200 d=138ms s=400
INF http m=GET p=/assets/ProfileSettings-kJBJbTIc.css s=200 d=37µs s=1220
INF http m=GET p=/ s=200 d=44µs s=532
INF http m=GET p=/assets/ProfileSettings-HAdAXUp2.js s=200 d=73µs s=4325
INF http m=GET p=/assets/OrgSettingsPanel-CEubhZUp.css s=200 d=37µs s=509
INF http m=GET p=/assets/OrgSettingsPanel-B6q-g6eD.js s=200 d=60µs s=2306
INF http m=GET p=/assets/index-D8rN_C6i.js s=200 d=211µs s=49782
INF http m=GET p=/assets/index-BppjCDFJ.css s=200 d=133µs s=12398
INF http m=GET p=/assets/vendor-Dz6kinLD.js s=200 d=176µs s=27873
INF http m=GET p=/assets/editor-vendor-DXykusy4.js s=200 d=1.02ms s=95952
INF http m=GET p=/registerSW.js s=200 d=35µs s=87
INF http m=GET p=/assets/InviteForm-fXZCo6g3.js s=200 d=33µs s=1267
INF http m=GET p=/assets/InviteForm-CW-wgFWD.css s=200 d=49µs s=414
ERR Failed to commit DB changes err="failed to stage db changes: exit status 128\nOutput: fatal: Unable to create '/home/runner/work/mddb/mddb/data-e2e/.git/index.lock': File exists.\n\nAnother git process seems to be running in this repository, or the lock file may be stale\n"
INF http m=POST p=/api/v1/workspaces/43LAOM3LG000/nodes/0/table/create s=200 d=49.1ms s=26
INF http m=GET p=/assets/AdminDashboard-R0heLGro.css s=200 d=47µs s=601
INF http m=GET p=/assets/AdminDashboard-Cfrr1YY_.js s=200 d=50µs s=2075
ERR Failed to commit DB changes err="failed to stage db changes: exit status 128\nOutput: fatal: Unable to create '/home/runner/work/mddb/mddb/data-e2e/.git/index.lock': File exists.\n\nAnother git process seems to be running in this repository, or the lock file may be stale\n"
INF http m=POST p=/api/v1/workspaces/43LAOM3LG000/nodes/43LAOOQRU000/table/records/create s=200 d=29ms s=26
INF http m=GET p=/manifest.webmanifest s=200 d=59µs s=199
INF http m=GET p=/w/@43LAOM3LG000+workspace/@43LAONQJ0000+welcome s=200 d=23µs s=532
INF http m=GET p=/api/v1/workspaces/43LAOM3LG000/events s=200 d=305ms s=290
INF http m=GET p=/assets/en-BOb8f2G7.js s=200 d=92µs s=5207
INF http m=GET p=/api/v1/auth/me s=200 d=761µs s=169
INF http m=GET p=/registerSW.js s=200 d=33µs s=87
INF http m=GET p=/api/v1/auth/me s=200 d=1.18ms s=353
INF http m=GET p=/api/v1/notifications/unread-count s=200 d=128µs s=25
INF http m=GET p=/sw.js s=200 d=102µs s=5541
ERR Failed to commit DB changes err="failed to stage db changes: exit status 128\nOutput: fatal: Unable to create '/home/runner/work/mddb/mddb/data-e2e/.git/index.lock': File exists.\n\nAnother git process seems to be running in this repository, or the lock file may be stale\n"
INF http m=POST p=/api/v1/organizations s=200 d=17.9ms s=353
INF http m=GET p=/favicon.png s=200 d=52µs s=449
INF http m=GET p=/api/v1/auth/me s=200 d=3.24ms s=253
INF http m=GET p=/registerSW.js s=200 d=39µs s=87
INF http m=GET p=/api/v1/workspaces/43LAOM3LG000/nodes/43LAONQJ0000 s=200 d=304µs s=245
INF http m=GET p=/api/v1/notifications/unread-count s=200 d=4.25ms s=25
INF http m=GET p=/api/v1/workspaces/43LAOM3LG000/members s=200 d=11.4ms s=130
INF http m=GET p=/api/v1/workspaces/43LAOM3LG000/nodes/0/children s=200 d=11.4ms s=282
INF http m=GET p=/index.html s=200 d=36µs s=532
INF http m=GET p=/icon.svg s=200 d=47µs s=195
INF http m=GET p=/icon-512.png s=200 d=1.33ms s=6498
INF http m=GET p=/icon-192.png s=200 d=45µs s=2468
INF http m=GET p=/favicon.png s=200 d=36µs s=449
INF http m=GET p=/apple-touch-icon.png s=200 d=44µs s=2298
INF http m=GET p=/assets/material-symbols-names-Dyx5m6Tf.js s=200 d=96µs s=15412
INF http m=GET p=/api/v1/workspaces/43LAOM3LG000/nodes/43LAOOQRU000 s=200 d=307µs s=168
ERR Failed to add workspace submodule wsID=43LAOQ9TO000 err="failed to add submodule 43LAOQ9TO000: exit status 128\nOutput: Adding existing repo at '43LAOQ9TO000' to the index\nfatal: Unable to create '/home/runner/work/mddb/mddb/data-e2e/.git/index.lock': File exists.\n\nAnother git process seems to be running in this repository, or the lock file may be stale\nfatal: Failed to add submodule '43LAOQ9TO000'\n"
ERR Failed to commit DB changes err="failed to stage db changes: exit status 128\nOutput: fatal: Unable to create '/home/runner/work/mddb/mddb/data-e2e/.git/index.lock': File exists.\n\nAnother git process seems to be running in this repository, or the lock file may be stale\n"
INF http m=POST p=/api/v1/organizations/43LAOPP10000/workspaces s=200 d=120ms s=301
INF http m=GET p=/api/v1/workspaces/43LAOM3LG000/nodes/43LAOOQRU000/table/records s=200 d=610µs s=117
INF http m=GET p=/assets/fr-CgauyyXq.js s=200 d=76µs s=6301
ERR Failed to commit DB changes err="failed to stage db changes: exit status 128\nOutput: fatal: Unable to create '/home/runner/work/mddb/mddb/data-e2e/.git/index.lock': File exists.\n\nAnother git process seems to be running in this repository, or the lock file may be stale\n"
INF http m=POST p=/api/v1/auth/switch-workspace s=200 d=13.4ms s=574
INF http m=GET p=/assets/es-DHO8DnB9.js s=200 d=78µs s=6015
INF http m=GET p=/api/v1/notifications/unread-count s=200 d=264µs s=25
INF http m=GET p=/assets/emoji-groups-BpL1N8nI.js s=200 d=93µs s=13798
INF http m=GET p=/api/v1/workspaces/43LAOQ9TO000/nodes/0/children s=200 d=853µs s=26
INF http m=GET p=/api/v1/workspaces/43LAOQ9TO000/members s=200 d=4.85ms s=130
ERR Failed to commit DB changes err="failed to stage db changes: exit status 128\nOutput: fatal: Unable to create '/home/runner/work/mddb/mddb/data-e2e/.git/index.lock': File exists.\n\nAnother git process seems to be running in this repository, or the lock file may be stale\n"
INF http m=POST p=/api/v1/workspaces/43LAOQ9TO000/nodes/0/page/create s=200 d=31.9ms s=35
INF http m=GET p=/api/v1/workspaces/43LAOQ9TO000/nodes/0/children s=200 d=324µs s=257
INF http m=GET p=/api/v1/workspaces/43LAOQ9TO000/nodes/43LAORDKE000 s=200 d=647µs s=245
INF http m=GET p=/assets/Editor--AVOgcEK.js s=200 d=2.13ms s=13498
INF http m=GET p=/assets/Editor-CO3i7Yl7.css s=200 d=93µs s=2237
INF http m=GET p=/assets/de-qJeflSp6.js s=200 d=86µs s=6245
INF http m=GET p=/assets/WorkspaceSettingsPanel-CeaO382V.css s=200 d=67µs s=1021
ERR Failed to commit DB changes err="failed to stage db changes: exit status 128\nOutput: fatal: Unable to create '/home/runner/work/mddb/mddb/data-e2e/.git/index.lock': File exists.\n\nAnother git process seems to be running in this repository, or the lock file may be stale\n"
INF http m=POST p=/api/v1/workspaces/43LAOM3LG000/nodes/43LAOOQRU000/table/records/43LAOP6FO000/delete s=200 d=39.5ms s=25
INF http m=GET p=/api/v1/workspaces/43LAOM3LG000/nodes/43LAOOQRU000/table/records s=200 d=1.27ms s=28
INF http m=GET p=/assets/WorkspaceSettingsPanel-C0CeQhf8.js s=200 d=88µs s=4456
INF http m=GET p=/assets/ServerSettingsPanel-DsIxlWdC.css s=200 d=35µs s=593
INF http m=GET p=/assets/ServerSettingsPanel-Cmq42vr7.js s=200 d=44µs s=2538
INF http m=GET p=/assets/ResourceQuotaForm-Coc__0PE.js s=200 d=33µs s=813
INF http m=GET p=/assets/ResourceQuotaForm-AxNe1Ebg.css s=200 d=32µs s=302
INF http m=GET p=/assets/ProfileSettings-kJBJbTIc.css s=200 d=33µs s=1220
INF http m=GET p=/assets/ProfileSettings-HAdAXUp2.js s=200 d=74µs s=4325
INF http m=GET p=/assets/OrgSettingsPanel-CEubhZUp.css s=200 d=73µs s=509
INF http m=GET p=/assets/OrgSettingsPanel-B6q-g6eD.js s=200 d=54µs s=2306
INF http m=GET p=/assets/InviteForm-fXZCo6g3.js s=200 d=40µs s=1267
INF http m=GET p=/assets/InviteForm-CW-wgFWD.css s=200 d=41µs s=414
INF http m=GET p=/assets/AdminDashboard-R0heLGro.css s=200 d=44µs s=601
INF http m=GET p=/assets/AdminDashboard-Cfrr1YY_.js s=200 d=64µs s=2075
ERR Failed to commit DB changes err="failed to stage db changes: exit status 128\nOutput: fatal: Unable to create '/home/runner/work/mddb/mddb/data-e2e/.git/index.lock': File exists.\n\nAnother git process seems to be running in this repository, or the lock file may be stale\n"
INF http m=POST p=/api/v1/workspaces/43LAOQ9TO000/nodes/0/table/create s=200 d=21.3ms s=26
INF http m=GET p=/manifest.webmanifest s=200 d=35µs s=199
INF http m=GET p=/w/@43LAOQ9TO000+workspace/@43LAORDKE000+welcome s=200 d=34µs s=532
INF http m=GET p=/api/v1/workspaces/43LAOQ9TO000/events s=200 d=230ms s=233
INF http m=GET p=/registerSW.js s=200 d=39µs s=87
INF http m=GET p=/api/v1/workspaces/43LAOM3LG000/events s=200 d=408ms s=223
INF http m=GET p=/api/v1/auth/me s=200 d=740µs s=354
INF http m=GET p=/api/v1/workspaces/43LAOQ9TO000/nodes/0/children s=200 d=845µs s=285
INF http m=GET p=/api/v1/notifications/unread-count s=200 d=1.23ms s=25
INF http m=GET p=/api/v1/workspaces/43LAOQ9TO000/members s=200 d=466µs s=130
INF http m=GET p=/api/v1/workspaces/43LAOQ9TO000/nodes/43LAORDKE000 s=200 d=11.1ms s=245
INF http m=GET p=/api/v1/workspaces/43LAOQ9TO000/nodes/43LAOSGL4000 s=200 d=314µs s=168
INF http m=GET p=/api/v1/workspaces/43LAOQ9TO000/nodes/43LAOSGL4000/table/records s=200 d=225µs s=28
INF http m=GET p=/api/v1/workspaces/43LAOQ9TO000/nodes/43LAOSGL4000/table/records s=200 d=314µs s=101
ERR Failed to commit DB changes err="failed to stage db changes: exit status 128\nOutput: fatal: Unable to create '/home/runner/work/mddb/mddb/data-e2e/.git/index.lock': File exists.\n\nAnother git process seems to be running in this repository, or the lock file may be stale\n"
INF http m=POST p=/api/v1/workspaces/43LAOQ9TO000/nodes/43LAOSGL4000/table/records/create s=200 d=39.7ms s=35
INF http m=GET p=/api/v1/workspaces/43LAOQ9TO000/events s=200 d=223ms s=217
ERR Failed to commit DB changes err="failed to stage db changes: exit status 128\nOutput: fatal: Unable to create '/home/runner/work/mddb/mddb/data-e2e/.git/index.lock': File exists.\n\nAnother git process seems to be running in this repository, or the lock file may be stale\n"
INF http m=POST p=/api/v1/auth/register s=200 d=157ms s=396
INF http m=GET p=/ s=200 d=58µs s=532
INF http m=GET p=/assets/index-D8rN_C6i.js s=200 d=172µs s=49782
INF http m=GET p=/assets/index-BppjCDFJ.css s=200 d=144µs s=12398
INF http m=GET p=/assets/editor-vendor-DXykusy4.js s=200 d=179µs s=95952
INF http m=GET p=/registerSW.js s=200 d=41µs s=87
INF http m=GET p=/assets/vendor-Dz6kinLD.js s=200 d=114µs s=27873
INF http m=GET p=/api/v1/auth/me s=200 d=885µs s=167
INF http m=GET p=/assets/en-BOb8f2G7.js s=200 d=86µs s=5207
INF http m=GET p=/api/v1/notifications/unread-count s=200 d=209µs s=25
INF http m=GET p=/favicon.png s=200 d=43µs s=449
INF http m=GET p=/sw.js s=200 d=111µs s=5541
ERR Failed to commit DB changes err="failed to stage db changes: exit status 128\nOutput: fatal: Unable to create '/home/runner/work/mddb/mddb/data-e2e/.git/index.lock': File exists.\n\nAnother git process seems to be running in this repository, or the lock file may be stale\n"
INF http m=POST p=/api/v1/organizations s=200 d=34ms s=354
INF http m=GET p=/registerSW.js s=200 d=40µs s=87
INF http m=GET p=/index.html s=200 d=45µs s=532
INF http m=GET p=/api/v1/auth/me s=200 d=9.73ms s=254
INF http m=GET p=/icon.svg s=200 d=5.82ms s=195
INF http m=GET p=/icon-512.png s=200 d=84µs s=6498
INF http m=GET p=/icon-192.png s=200 d=54µs s=2468
INF http m=GET p=/favicon.png s=200 d=43µs s=449
INF http m=GET p=/apple-touch-icon.png s=200 d=55µs s=2298
INF http m=GET p=/assets/material-symbols-names-Dyx5m6Tf.js s=200 d=99µs s=15412
ERR Failed to add workspace submodule wsID=43LAP0VL0000 err="failed to add submodule 43LAP0VL0000: exit status 128\nOutput: Adding existing repo at '43LAP0VL0000' to the index\nfatal: Unable to create '/home/runner/work/mddb/mddb/data-e2e/.git/index.lock': File exists.\n\nAnother git process seems to be running in this repository, or the lock file may be stale\nfatal: Failed to add submodule '43LAP0VL0000'\n"
INF http m=GET p=/assets/fr-CgauyyXq.js s=200 d=76µs s=6301
ERR Failed to commit DB changes err="failed to stage db changes: exit status 128\nOutput: fatal: Unable to create '/home/runner/work/mddb/mddb/data-e2e/.git/index.lock': File exists.\n\nAnother git process seems to be running in this repository, or the lock file may be stale\n"
INF http m=POST p=/api/v1/organizations/43LAP09JI000/workspaces s=200 d=170ms s=301
INF http m=GET p=/assets/es-DHO8DnB9.js s=200 d=66µs s=6015
ERR Failed to commit DB changes err="failed to stage db changes: exit status 128\nOutput: fatal: Unable to create '/home/runner/work/mddb/mddb/data-e2e/.git/index.lock': File exists.\n\nAnother git process seems to be running in this repository, or the lock file may be stale\n"
INF http m=POST p=/api/v1/auth/register s=200 d=283ms s=390
ERR Failed to commit DB changes err="failed to stage db changes: exit status 128\nOutput: fatal: Unable to create '/home/runner/work/mddb/mddb/data-e2e/.git/index.lock': File exists.\n\nAnother git process seems to be running in this repository, or the lock file may be stale\n"
INF http m=POST p=/api/v1/auth/switch-workspace s=200 d=11.3ms s=611
INF http m=GET p=/ s=200 d=56µs s=532
INF http m=GET p=/assets/emoji-groups-BpL1N8nI.js s=200 d=159µs s=13798
INF http m=GET p=/api/v1/notifications/unread-count s=200 d=199µs s=25
INF http m=GET p=/assets/vendor-Dz6kinLD.js s=200 d=154µs s=27873
INF http m=GET p=/registerSW.js s=200 d=47µs s=87
INF http m=GET p=/assets/index-BppjCDFJ.css s=200 d=129µs s=12398
INF http m=GET p=/api/v1/workspaces/43LAP0VL0000/nodes/0/children s=200 d=3.71ms s=26
INF http m=GET p=/assets/editor-vendor-DXykusy4.js s=200 d=156µs s=95952
INF http m=GET p=/assets/index-D8rN_C6i.js s=200 d=182µs s=49782
INF http m=GET p=/api/v1/workspaces/43LAP0VL0000/members s=200 d=9.76ms s=126
INF http m=GET p=/assets/de-qJeflSp6.js s=200 d=115µs s=6245
ERR Failed to commit DB changes err="failed to stage db changes: exit status 128\nOutput: fatal: Unable to create '/home/runner/work/mddb/mddb/data-e2e/.git/index.lock': File exists.\n\nAnother git process seems to be running in this repository, or the lock file may be stale\n"
INF http m=POST p=/api/v1/workspaces/43LAP0VL0000/nodes/0/page/create s=200 d=46.2ms s=35
INF http m=GET p=/api/v1/workspaces/43LAP0VL0000/nodes/0/children s=200 d=453µs s=257
INF http m=GET p=/assets/WorkspaceSettingsPanel-CeaO382V.css s=200 d=33µs s=1021
INF http m=GET p=/assets/WorkspaceSettingsPanel-C0CeQhf8.js s=200 d=90µs s=4456
INF http m=GET p=/assets/ServerSettingsPanel-DsIxlWdC.css s=200 d=37µs s=593
INF http m=GET p=/api/v1/workspaces/43LAP0VL0000/nodes/43LAP2GT8000 s=200 d=836µs s=245
INF http m=GET p=/assets/ServerSettingsPanel-Cmq42vr7.js s=200 d=45µs s=2538
INF http m=GET p=/assets/Editor--AVOgcEK.js s=200 d=109µs s=13498
INF http m=GET p=/assets/ResourceQuotaForm-Coc__0PE.js s=200 d=21µs s=813
INF http m=GET p=/assets/Editor-CO3i7Yl7.css s=200 d=35µs s=2237
INF http m=GET p=/api/v1/auth/me s=200 d=712µs s=163
INF http m=GET p=/assets/ResourceQuotaForm-AxNe1Ebg.css s=200 d=34µs s=302
INF http m=GET p=/favicon.png s=200 d=39µs s=449
INF http m=GET p=/assets/en-BOb8f2G7.js s=200 d=48µs s=5207
INF http m=GET p=/assets/ProfileSettings-kJBJbTIc.css s=200 d=32µs s=1220
INF http m=GET p=/sw.js s=200 d=118µs s=5541
INF http m=GET p=/assets/ProfileSettings-HAdAXUp2.js s=200 d=82µs s=4325
INF http m=GET p=/api/v1/notifications/unread-count s=200 d=157µs s=25
INF http m=GET p=/assets/OrgSettingsPanel-CEubhZUp.css s=200 d=38µs s=509
INF http m=GET p=/assets/OrgSettingsPanel-B6q-g6eD.js s=200 d=86µs s=2306
ERR Failed to commit DB changes err="failed to stage db changes: exit status 128\nOutput: fatal: Unable to create '/home/runner/work/mddb/mddb/data-e2e/.git/index.lock': File exists.\n\nAnother git process seems to be running in this repository, or the lock file may be stale\n"
INF http m=POST p=/api/v1/organizations s=200 d=6.39ms s=351
INF http m=GET p=/assets/InviteForm-fXZCo6g3.js s=200 d=36µs s=1267
INF http m=GET p=/registerSW.js s=200 d=36µs s=87
INF http m=GET p=/assets/InviteForm-CW-wgFWD.css s=200 d=33µs s=414
INF http m=GET p=/api/v1/auth/me s=200 d=691µs s=248
INF http m=GET p=/index.html s=200 d=26µs s=532
INF http m=GET p=/icon.svg s=200 d=343µs s=195
ERR Failed to commit DB changes err="failed to stage db changes: exit status 128\nOutput: fatal: Unable to create '/home/runner/work/mddb/mddb/data-e2e/.git/index.lock': File exists.\n\nAnother git process seems to be running in this repository, or the lock file may be stale\n"
INF http m=POST p=/api/v1/workspaces/43LAP0VL0000/nodes/0/table/create s=200 d=58.6ms s=26
INF http m=GET p=/assets/AdminDashboard-R0heLGro.css s=200 d=30µs s=601
INF http m=GET p=/icon-512.png s=200 d=65µs s=6498
INF http m=GET p=/assets/AdminDashboard-Cfrr1YY_.js s=200 d=84µs s=2075
INF http m=GET p=/icon-192.png s=200 d=126µs s=2468
INF http m=GET p=/favicon.png s=200 d=78µs s=449
INF http m=GET p=/manifest.webmanifest s=200 d=26µs s=199
INF http m=GET p=/apple-touch-icon.png s=200 d=32µs s=2298
INF http m=GET p=/assets/material-symbols-names-Dyx5m6Tf.js s=200 d=106µs s=15412
INF http m=GET p=/assets/fr-CgauyyXq.js s=200 d=87µs s=6301
INF http m=GET p=/assets/es-DHO8DnB9.js s=200 d=165µs s=6015
ERR Failed to add workspace submodule wsID=43LAP3SBO000 err="failed to add submodule 43LAP3SBO000: exit status 128\nOutput: Adding existing repo at '43LAP3SBO000' to the index\nfatal: Unable to create '/home/runner/work/mddb/mddb/data-e2e/.git/index.lock': File exists.\n\nAnother git process seems to be running in this repository, or the lock file may be stale\nfatal: Failed to add submodule '43LAP3SBO000'\n"
ERR Failed to commit DB changes err="failed to stage db changes: exit status 128\nOutput: fatal: Unable to create '/home/runner/work/mddb/mddb/data-e2e/.git/index.lock': File exists.\n\nAnother git process seems to be running in this repository, or the lock file may be stale\n"
INF http m=POST p=/api/v1/organizations/43LAP3IRK000/workspaces s=200 d=93.5ms s=298
ERR Failed to commit DB changes err="failed to stage db changes: exit status 128\nOutput: fatal: Unable to create '/home/runner/work/mddb/mddb/data-e2e/.git/index.lock': File exists.\n\nAnother git process seems to be running in this repository, or the lock file may be stale\n"
INF http m=POST p=/api/v1/workspaces/43LAP0VL0000/nodes/43LAP3I1U000/table/records/create s=200 d=81.3ms s=26
INF http m=GET p=/assets/emoji-groups-BpL1N8nI.js s=200 d=88µs s=13798
ERR Failed to commit DB changes err="failed to stage db changes: exit status 128\nOutput: fatal: Unable to create '/home/runner/work/mddb/mddb/data-e2e/.git/index.lock': File exists.\n\nAnother git process seems to be running in this repository, or the lock file may be stale\n"
INF http m=POST p=/api/v1/auth/switch-workspace s=200 d=7.25ms s=550
INF http m=GET p=/api/v1/workspaces/43LAP3SBO000/members s=200 d=221µs s=120
INF http m=GET p=/api/v1/notifications/unread-count s=200 d=614µs s=25
INF http m=GET p=/api/v1/workspaces/43LAP3SBO000/nodes/0/children s=200 d=631µs s=26
ERR Failed to commit DB changes err="failed to stage db changes: exit status 128\nOutput: fatal: Unable to create '/home/runner/work/mddb/mddb/data-e2e/.git/index.lock': File exists.\n\nAnother git process seems to be running in this repository, or the lock file may be stale\n"
INF http m=POST p=/api/v1/workspaces/43LAP0VL0000/nodes/43LAP3I1U000/table/records/create s=200 d=31.4ms s=26
INF http m=GET p=/w/@43LAP0VL0000+workspace/@43LAP2GT8000+welcome s=200 d=44µs s=532
INF http m=GET p=/api/v1/workspaces/43LAP0VL0000/events s=200 d=405ms s=315
INF http m=GET p=/assets/de-qJeflSp6.js s=200 d=125µs s=6245
ERR Failed to commit DB changes err="failed to stage db changes: exit status 128\nOutput: fatal: Unable to create '/home/runner/work/mddb/mddb/data-e2e/.git/index.lock': File exists.\n\nAnother git process seems to be running in this repository, or the lock file may be stale\n"
INF http m=POST p=/api/v1/workspaces/43LAP3SBO000/nodes/0/page/create s=200 d=30.9ms s=35
INF http m=GET p=/api/v1/workspaces/43LAP3SBO000/nodes/0/children s=200 d=355µs s=279
INF http m=GET p=/assets/WorkspaceSettingsPanel-CeaO382V.css s=200 d=65µs s=1021
INF http m=GET p=/assets/WorkspaceSettingsPanel-C0CeQhf8.js s=200 d=138µs s=4456
INF http m=GET p=/api/v1/workspaces/43LAP3SBO000/nodes/43LAP4Q98000 s=200 d=297µs s=245
INF http m=GET p=/assets/ServerSettingsPanel-DsIxlWdC.css s=200 d=54µs s=593
INF http m=GET p=/assets/Editor-CO3i7Yl7.css s=200 d=88µs s=2237
INF http m=GET p=/assets/Editor--AVOgcEK.js s=200 d=68µs s=13498
INF http m=GET p=/assets/ServerSettingsPanel-Cmq42vr7.js s=200 d=60µs s=2538
INF http m=GET p=/api/v1/auth/me s=200 d=596µs s=356
ERR Failed to commit DB changes err="failed to stage db changes: exit status 128\nOutput: fatal: Unable to create '/home/runner/work/mddb/mddb/data-e2e/.git/index.lock': File exists.\n\nAnother git process seems to be running in this repository, or the lock file may be stale\n"
INF http m=POST p=/api/v1/workspaces/43LAP3SBO000/nodes/0/table/create s=200 d=54.1ms s=26
INF http m=GET p=/assets/ResourceQuotaForm-Coc__0PE.js s=200 d=36µs s=813
INF http m=GET p=/assets/ResourceQuotaForm-AxNe1Ebg.css s=200 d=46µs s=302
INF http m=GET p=/assets/ProfileSettings-kJBJbTIc.css s=200 d=42µs s=1220
INF http m=GET p=/assets/ProfileSettings-HAdAXUp2.js s=200 d=73µs s=4325
INF http m=GET p=/assets/OrgSettingsPanel-CEubhZUp.css s=200 d=38µs s=509
INF http m=GET p=/api/v1/notifications/unread-count s=200 d=442µs s=25
ERR Failed to commit DB changes err="failed to stage db changes: exit status 128\nOutput: fatal: Unable to create '/home/runner/work/mddb/mddb/data-e2e/.git/index.lock': File exists.\n\nAnother git process seems to be running in this repository, or the lock file may be stale\n"
INF http m=POST p=/api/v1/workspaces/43LAP3SBO000/nodes/43LAP50CO000/table/records/create s=200 d=39.9ms s=26
INF http m=GET p=/assets/OrgSettingsPanel-B6q-g6eD.js s=200 d=40µs s=2306
INF http m=GET p=/api/v1/workspaces/43LAP0VL0000/members s=200 d=556µs s=126
INF http m=GET p=/api/v1/workspaces/43LAP0VL0000/nodes/0/children s=200 d=2ms s=342
INF http m=GET p=/api/v1/workspaces/43LAP0VL0000/nodes/43LAP2GT8000 s=200 d=450µs s=245
INF http m=GET p=/w/@43LAP3SBO000+workspace/@43LAP4Q98000+welcome s=200 d=47µs s=532
INF http m=GET p=/assets/InviteForm-fXZCo6g3.js s=200 d=30µs s=1267
INF http m=GET p=/api/v1/workspaces/43LAP3SBO000/events s=200 d=167ms s=279
INF http m=GET p=/assets/InviteForm-CW-wgFWD.css s=200 d=42µs s=414
INF http m=GET p=/registerSW.js s=200 d=23µs s=87
INF http m=GET p=/api/v1/auth/me s=200 d=265µs s=349
INF http m=GET p=/assets/AdminDashboard-R0heLGro.css s=200 d=108µs s=601
INF http m=GET p=/assets/AdminDashboard-Cfrr1YY_.js s=200 d=93µs s=2075
INF http m=GET p=/api/v1/workspaces/43LAP0VL0000/nodes/43LAP3I1U000 s=200 d=453µs s=208
INF http m=GET p=/manifest.webmanifest s=200 d=43µs s=199
INF http m=GET p=/api/v1/workspaces/43LAP0VL0000/nodes/43LAP3I1U000/table/records s=200 d=310µs s=153
INF http m=GET p=/api/v1/workspaces/43LAP3SBO000/nodes/0/children s=200 d=420µs s=279
INF http m=GET p=/api/v1/notifications/unread-count s=200 d=123µs s=25
INF http m=GET p=/api/v1/workspaces/43LAP3SBO000/nodes/43LAP4Q98000 s=200 d=310µs s=245
INF http m=GET p=/api/v1/workspaces/43LAP3SBO000/members s=200 d=457µs s=120
INF http m=GET p=/api/v1/workspaces/43LAP3SBO000/nodes/43LAP50CO000 s=200 d=493µs s=163
INF http m=GET p=/api/v1/workspaces/43LAP3SBO000/nodes/43LAP50CO000/table/records s=200 d=1.13ms s=107
INF http m=GET p=/api/v1/workspaces/43LAP3SBO000/events s=200 d=169ms s=93
INF http m=GET p=/api/v1/workspaces/43LAP0VL0000/events s=200 d=507ms s=93
ERR Failed to commit DB changes err="failed to stage db changes: exit status 128\nOutput: fatal: Unable to create '/home/runner/work/mddb/mddb/data-e2e/.git/index.lock': File exists.\n\nAnother git process seems to be running in this repository, or the lock file may be stale\n"
INF http m=POST p=/api/v1/auth/register s=200 d=134ms s=387
INF http m=GET p=/ s=200 d=55µs s=532
INF http m=GET p=/assets/index-D8rN_C6i.js s=200 d=162µs s=49782
INF http m=GET p=/assets/index-BppjCDFJ.css s=200 d=115µs s=12398
INF http m=GET p=/registerSW.js s=200 d=57µs s=87
INF http m=GET p=/assets/vendor-Dz6kinLD.js s=200 d=138µs s=27873
INF http m=GET p=/assets/editor-vendor-DXykusy4.js s=200 d=150µs s=95952
INF http m=GET p=/assets/en-BOb8f2G7.js s=200 d=100µs s=5207
INF http m=GET p=/api/v1/auth/me s=200 d=238µs s=164
INF http m=GET p=/api/v1/notifications/unread-count s=200 d=191µs s=25
INF http m=GET p=/favicon.png s=200 d=33µs s=449
ERR Failed to commit DB changes err="failed to stage db changes: exit status 128\nOutput: fatal: Unable to create '/home/runner/work/mddb/mddb/data-e2e/.git/index.lock': File exists.\n\nAnother git process seems to be running in this repository, or the lock file may be stale\n"
INF http m=POST p=/api/v1/organizations s=200 d=6.48ms s=352
INF http m=GET p=/api/v1/auth/me s=200 d=1.79ms s=251
INF http m=GET p=/sw.js s=200 d=96µs s=5541
INF http m=GET p=/registerSW.js s=200 d=39µs s=87
ERR Failed to commit DB changes err="failed to stage db changes: exit status 128\nOutput: fatal: Unable to create '/home/runner/work/mddb/mddb/data-e2e/.git/index.lock': File exists.\n\nAnother git process seems to be running in this repository, or the lock file may be stale\n"
INF http m=POST p=/api/v1/auth/register s=200 d=166ms s=387
INF http m=GET p=/index.html s=200 d=41µs s=532
INF http m=GET p=/ s=200 d=59µs s=532
INF http m=GET p=/icon.svg s=200 d=27µs s=195
INF http m=GET p=/icon-512.png s=200 d=84µs s=6498
INF http m=GET p=/icon-192.png s=200 d=58µs s=2468
INF http m=GET p=/assets/vendor-Dz6kinLD.js s=200 d=131µs s=27873
INF http m=GET p=/assets/index-D8rN_C6i.js s=200 d=106µs s=49782
INF http m=GET p=/registerSW.js s=200 d=27µs s=87
INF http m=GET p=/assets/editor-vendor-DXykusy4.js s=200 d=114µs s=95952
INF http m=GET p=/assets/index-BppjCDFJ.css s=200 d=110µs s=12398
INF http m=GET p=/favicon.png s=200 d=34µs s=449
INF http m=GET p=/apple-touch-icon.png s=200 d=50µs s=2298
INF http m=GET p=/assets/material-symbols-names-Dyx5m6Tf.js s=200 d=124µs s=15412
ERR Failed to add workspace submodule wsID=43LAPBDKU000 err="failed to add submodule 43LAPBDKU000: exit status 128\nOutput: Adding existing repo at '43LAPBDKU000' to the index\nfatal: Unable to create '/home/runner/work/mddb/mddb/data-e2e/.git/index.lock': File exists.\n\nAnother git process seems to be running in this repository, or the lock file may be stale\nfatal: Failed to add submodule '43LAPBDKU000'\n"
ERR Failed to commit DB changes err="failed to stage db changes: exit status 128\nOutput: fatal: Unable to create '/home/runner/work/mddb/mddb/data-e2e/.git/index.lock': File exists.\n\nAnother git process seems to be running in this repository, or the lock file may be stale\n"
INF http m=POST p=/api/v1/organizations/43LAPATGM000/workspaces s=200 d=157ms s=300
ERR Failed to commit DB changes err="failed to stage db changes: exit status 128\nOutput: fatal: Unable to create '/home/runner/work/mddb/mddb/data-e2e/.git/index.lock': File exists.\n\nAnother git process seems to be running in this repository, or the lock file may be stale\n"
INF http m=POST p=/api/v1/auth/switch-workspace s=200 d=7.85ms s=558
INF http m=GET p=/api/v1/auth/me s=200 d=237µs s=165
INF http m=GET p=/assets/fr-CgauyyXq.js s=200 d=70µs s=6301
INF http m=GET p=/assets/en-BOb8f2G7.js s=200 d=57µs s=5207
INF http m=GET p=/assets/es-DHO8DnB9.js s=200 d=70µs s=6015
INF http m=GET p=/api/v1/notifications/unread-count s=200 d=217µs s=25
INF http m=GET p=/assets/emoji-groups-BpL1N8nI.js s=200 d=202µs s=13798
INF http m=GET p=/api/v1/workspaces/43LAPBDKU000/members s=200 d=513µs s=122
INF http m=GET p=/api/v1/workspaces/43LAPBDKU000/nodes/0/children s=200 d=335µs s=26
INF http m=GET p=/api/v1/notifications/unread-count s=200 d=114µs s=25
ERR Failed to commit DB changes err="failed to stage db changes: exit status 128\nOutput: fatal: Unable to create '/home/runner/work/mddb/mddb/data-e2e/.git/index.lock': File exists.\n\nAnother git process seems to be running in this repository, or the lock file may be stale\n"
INF http m=POST p=/api/v1/organizations s=200 d=8.68ms s=350
INF http m=GET p=/favicon.png s=200 d=31µs s=449
INF http m=GET p=/api/v1/auth/me s=200 d=8.75ms s=249
INF http m=GET p=/sw.js s=200 d=122µs s=5541
ERR Failed to commit DB changes err="failed to stage db changes: exit status 128\nOutput: fatal: Unable to create '/home/runner/work/mddb/mddb/data-e2e/.git/index.lock': File exists.\n\nAnother git process seems to be running in this repository, or the lock file may be stale\n"
INF http m=POST p=/api/v1/workspaces/43LAPBDKU000/nodes/0/page/create s=200 d=54ms s=35
INF http m=GET p=/api/v1/workspaces/43LAPBDKU000/nodes/0/children s=200 d=350µs s=257
INF http m=GET p=/registerSW.js s=200 d=31µs s=87
INF http m=GET p=/index.html s=200 d=36µs s=532
INF http m=GET p=/assets/de-qJeflSp6.js s=200 d=717µs s=6245
INF http m=GET p=/api/v1/workspaces/43LAPBDKU000/nodes/43LAPCT8M000 s=200 d=250µs s=245
INF http m=GET p=/icon.svg s=200 d=38µs s=195
INF http m=GET p=/assets/WorkspaceSettingsPanel-CeaO382V.css s=200 d=35µs s=1021
INF http m=GET p=/assets/Editor--AVOgcEK.js s=200 d=87µs s=13498
INF http m=GET p=/icon-512.png s=200 d=88µs s=6498
INF http m=GET p=/assets/Editor-CO3i7Yl7.css s=200 d=81µs s=2237
INF http m=GET p=/icon-192.png s=200 d=89µs s=2468
INF http m=GET p=/assets/WorkspaceSettingsPanel-C0CeQhf8.js s=200 d=70µs s=4456
INF http m=GET p=/favicon.png s=200 d=34µs s=449
INF http m=GET p=/apple-touch-icon.png s=200 d=61µs s=2298
INF http m=GET p=/assets/ServerSettingsPanel-DsIxlWdC.css s=200 d=35µs s=593
INF http m=GET p=/assets/ServerSettingsPanel-Cmq42vr7.js s=200 d=51µs s=2538
INF http m=GET p=/assets/ResourceQuotaForm-Coc__0PE.js s=200 d=79µs s=813
INF http m=GET p=/assets/material-symbols-names-Dyx5m6Tf.js s=200 d=82µs s=15412
INF http m=GET p=/assets/ResourceQuotaForm-AxNe1Ebg.css s=200 d=46µs s=302
INF http m=GET p=/assets/ProfileSettings-kJBJbTIc.css s=200 d=34µs s=1220
INF http m=GET p=/assets/ProfileSettings-HAdAXUp2.js s=200 d=109µs s=4325
INF http m=GET p=/assets/fr-CgauyyXq.js s=200 d=81µs s=6301
INF http m=GET p=/assets/OrgSettingsPanel-CEubhZUp.css s=200 d=29µs s=509
INF http m=GET p=/assets/es-DHO8DnB9.js s=200 d=93µs s=6015
INF http m=GET p=/assets/OrgSettingsPanel-B6q-g6eD.js s=200 d=50µs s=2306
INF http m=GET p=/assets/emoji-groups-BpL1N8nI.js s=200 d=88µs s=13798
INF http m=GET p=/assets/InviteForm-fXZCo6g3.js s=200 d=28µs s=1267
ERR Failed to add workspace submodule wsID=43LAPD6E6000 err="failed to add submodule 43LAPD6E6000: exit status 128\nOutput: Adding existing repo at '43LAPD6E6000' to the index\nfatal: Unable to create '/home/runner/work/mddb/mddb/data-e2e/.git/index.lock': File exists.\n\nAnother git process seems to be running in this repository, or the lock file may be stale\nfatal: Failed to add submodule '43LAPD6E6000'\n"
ERR Failed to commit DB changes err="failed to stage db changes: exit status 128\nOutput: fatal: Unable to create '/home/runner/work/mddb/mddb/data-e2e/.git/index.lock': File exists.\n\nAnother git process seems to be running in this repository, or the lock file may be stale\n"
INF http m=POST p=/api/v1/organizations/43LAPCOI4000/workspaces s=200 d=171ms s=297
INF http m=GET p=/assets/InviteForm-CW-wgFWD.css s=200 d=55µs s=414
ERR Failed to commit DB changes err="failed to stage db changes: exit status 128\nOutput: fatal: Unable to create '/home/runner/work/mddb/mddb/data-e2e/.git/index.lock': File exists.\n\nAnother git process seems to be running in this repository, or the lock file may be stale\n"
INF http m=POST p=/api/v1/auth/switch-workspace s=200 d=11.2ms s=575
ERR Failed to commit DB changes err="failed to stage db changes: exit status 128\nOutput: fatal: Unable to create '/home/runner/work/mddb/mddb/data-e2e/.git/index.lock': File exists.\n\nAnother git process seems to be running in this repository, or the lock file may be stale\n"
INF http m=POST p=/api/v1/workspaces/43LAPBDKU000/nodes/0/table/create s=200 d=49.4ms s=26
INF http m=GET p=/assets/AdminDashboard-R0heLGro.css s=200 d=49µs s=601
INF http m=GET p=/assets/AdminDashboard-Cfrr1YY_.js s=200 d=41µs s=2075
INF http m=GET p=/manifest.webmanifest s=200 d=31µs s=199
INF http m=GET p=/assets/de-qJeflSp6.js s=200 d=57µs s=6245
INF http m=GET p=/api/v1/notifications/unread-count s=200 d=158µs s=25
INF http m=GET p=/api/v1/workspaces/43LAPD6E6000/nodes/0/children s=200 d=304µs s=26
INF http m=GET p=/api/v1/workspaces/43LAPD6E6000/members s=200 d=5.75ms s=124
ERR Failed to commit DB changes err="failed to stage db changes: exit status 128\nOutput: fatal: Unable to create '/home/runner/work/mddb/mddb/data-e2e/.git/index.lock': File exists.\n\nAnother git process seems to be running in this repository, or the lock file may be stale\n"
INF http m=POST p=/api/v1/workspaces/43LAPBDKU000/nodes/43LAPE3RO000/table/records/create s=200 d=26.6ms s=26
INF http m=GET p=/assets/WorkspaceSettingsPanel-CeaO382V.css s=200 d=71µs s=1021
INF http m=GET p=/assets/WorkspaceSettingsPanel-C0CeQhf8.js s=200 d=492µs s=4456
INF http m=GET p=/assets/ServerSettingsPanel-DsIxlWdC.css s=200 d=34µs s=593
INF http m=GET p=/assets/ServerSettingsPanel-Cmq42vr7.js s=200 d=37µs s=2538
ERR Failed to commit DB changes err="failed to stage db changes: exit status 128\nOutput: fatal: Unable to create '/home/runner/work/mddb/mddb/data-e2e/.git/index.lock': File exists.\n\nAnother git process seems to be running in this repository, or the lock file may be stale\n"
INF http m=POST p=/api/v1/workspaces/43LAPD6E6000/nodes/0/page/create s=200 d=19.2ms s=35
INF http m=GET p=/api/v1/workspaces/43LAPD6E6000/nodes/0/children s=200 d=464µs s=257
INF http m=GET p=/assets/ResourceQuotaForm-Coc__0PE.js s=200 d=29µs s=813
ERR Failed to commit DB changes err="failed to stage db changes: exit status 128\nOutput: fatal: Unable to create '/home/runner/work/mddb/mddb/data-e2e/.git/index.lock': File exists.\n\nAnother git process seems to be running in this repository, or the lock file may be stale\n"
INF http m=POST p=/api/v1/workspaces/43LAPBDKU000/nodes/43LAPE3RO000/table/records/create s=200 d=26.9ms s=26
INF http m=GET p=/api/v1/workspaces/43LAPD6E6000/nodes/43LAPELM6000 s=200 d=2.45ms s=245
INF http m=GET p=/assets/ResourceQuotaForm-AxNe1Ebg.css s=200 d=73µs s=302
INF http m=GET p=/assets/Editor--AVOgcEK.js s=200 d=145µs s=13498
INF http m=GET p=/assets/Editor-CO3i7Yl7.css s=200 d=44µs s=2237
INF http m=GET p=/assets/ProfileSettings-kJBJbTIc.css s=200 d=36µs s=1220
ERR Failed to commit DB changes err="failed to stage db changes: exit status 128\nOutput: fatal: Unable to create '/home/runner/work/mddb/mddb/data-e2e/.git/index.lock': File exists.\n\nAnother git process seems to be running in this repository, or the lock file may be stale\n"
INF http m=POST p=/api/v1/workspaces/43LAPBDKU000/nodes/43LAPE3RO000/table/records/create s=200 d=28.3ms s=26
INF http m=GET p=/assets/ProfileSettings-HAdAXUp2.js s=200 d=106µs s=4325
INF http m=GET p=/assets/OrgSettingsPanel-CEubhZUp.css s=200 d=35µs s=509
INF http m=GET p=/w/@43LAPBDKU000+workspace/@43LAPCT8M000+welcome s=200 d=26µs s=532
INF http m=GET p=/api/v1/workspaces/43LAPBDKU000/events s=200 d=365ms s=335
INF http m=GET p=/assets/OrgSettingsPanel-B6q-g6eD.js s=200 d=99µs s=2306
INF http m=GET p=/assets/InviteForm-fXZCo6g3.js s=200 d=40µs s=1267
INF http m=GET p=/assets/InviteForm-CW-wgFWD.css s=200 d=43µs s=414
INF http m=GET p=/assets/AdminDashboard-R0heLGro.css s=200 d=40µs s=601
INF http m=GET p=/assets/AdminDashboard-Cfrr1YY_.js s=200 d=38µs s=2075
INF http m=GET p=/manifest.webmanifest s=200 d=39µs s=199
INF http m=GET p=/api/v1/auth/me s=200 d=275µs s=354
INF http m=GET p=/api/v1/notifications/unread-count s=200 d=163µs s=25
INF http m=GET p=/api/v1/workspaces/43LAPBDKU000/nodes/0/children s=200 d=2.53ms s=282
INF http m=GET p=/api/v1/workspaces/43LAPBDKU000/members s=200 d=167µs s=122
INF http m=GET p=/api/v1/workspaces/43LAPBDKU000/nodes/43LAPCT8M000 s=200 d=2.21ms s=245
ERR Failed to commit DB changes err="failed to stage db changes: exit status 128\nOutput: fatal: Unable to create '/home/runner/work/mddb/mddb/data-e2e/.git/index.lock': File exists.\n\nAnother git process seems to be running in this repository, or the lock file may be stale\n"
INF http m=POST p=/api/v1/workspaces/43LAPD6E6000/nodes/0/table/create s=200 d=24ms s=26
ERR Failed to commit DB changes err="failed to stage db changes: exit status 128\nOutput: fatal: Unable to create '/home/runner/work/mddb/mddb/data-e2e/.git/index.lock': File exists.\n\nAnother git process seems to be running in this repository, or the lock file may be stale\n"
INF http m=POST p=/api/v1/workspaces/43LAPD6E6000/nodes/43LAPFJM6000/table/records/create s=200 d=18.9ms s=26
INF http m=GET p=/api/v1/workspaces/43LAPBDKU000/nodes/43LAPE3RO000 s=200 d=661µs s=164
ERR Failed to commit DB changes err="failed to stage db changes: exit status 128\nOutput: fatal: Unable to create '/home/runner/work/mddb/mddb/data-e2e/.git/index.lock': File exists.\n\nAnother git process seems to be running in this repository, or the lock file may be stale\n"
INF http m=POST p=/api/v1/workspaces/43LAPD6E6000/nodes/43LAPFJM6000/table/records/create s=200 d=18.2ms s=26
INF http m=GET p=/api/v1/workspaces/43LAPBDKU000/nodes/43LAPE3RO000/table/records s=200 d=862µs s=150
ERR Failed to commit DB changes err="failed to stage db changes: exit status 128\nOutput: fatal: Unable to create '/home/runner/work/mddb/mddb/data-e2e/.git/index.lock': File exists.\n\nAnother git process seems to be running in this repository, or the lock file may be stale\n"
INF http m=POST p=/api/v1/workspaces/43LAPD6E6000/nodes/43LAPFJM6000/table/records/create s=200 d=20.3ms s=26
INF http m=GET p=/w/@43LAPD6E6000+workspace/@43LAPELM6000+welcome s=200 d=41µs s=532
INF http m=GET p=/api/v1/workspaces/43LAPD6E6000/events s=200 d=285ms s=341
INF http m=GET p=/api/v1/auth/me s=200 d=885µs s=351
INF http m=GET p=/api/v1/notifications/unread-count s=200 d=373µs s=25
INF http m=GET p=/api/v1/workspaces/43LAPD6E6000/members s=200 d=184µs s=124
INF http m=GET p=/api/v1/workspaces/43LAPD6E6000/nodes/43LAPELM6000 s=200 d=242µs s=245
INF http m=GET p=/api/v1/workspaces/43LAPD6E6000/nodes/0/children s=200 d=9.68ms s=280
INF http m=GET p=/api/v1/workspaces/43LAPD6E6000/nodes/43LAPFJM6000 s=200 d=1.67ms s=165
INF http m=GET p=/api/v1/workspaces/43LAPD6E6000/nodes/43LAPFJM6000/table/records s=200 d=374µs s=149
INF http m=GET p=/api/v1/workspaces/43LAPBDKU000/events s=200 d=275ms s=93
INF http m=GET p=/api/v1/workspaces/43LAPD6E6000/events s=200 d=323ms s=93
ERR Failed to commit DB changes err="failed to stage db changes: exit status 128\nOutput: fatal: Unable to create '/home/runner/work/mddb/mddb/data-e2e/.git/index.lock': File exists.\n\nAnother git process seems to be running in this repository, or the lock file may be stale\n"
INF http m=POST p=/api/v1/auth/register s=200 d=84.6ms s=392
INF http m=GET p=/ s=200 d=57µs s=532
INF http m=GET p=/assets/index-D8rN_C6i.js s=200 d=160µs s=49782
INF http m=GET p=/assets/index-BppjCDFJ.css s=200 d=115µs s=12398
INF http m=GET p=/assets/editor-vendor-DXykusy4.js s=200 d=217µs s=95952
INF http m=GET p=/assets/vendor-Dz6kinLD.js s=200 d=111µs s=27873
INF http m=GET p=/registerSW.js s=200 d=88µs s=87
INF http m=GET p=/api/v1/auth/me s=200 d=251µs s=168
INF http m=GET p=/assets/en-BOb8f2G7.js s=200 d=73µs s=5207
INF http m=GET p=/api/v1/notifications/unread-count s=200 d=187µs s=25
INF http m=GET p=/favicon.png s=200 d=37µs s=449
ERR Failed to commit DB changes err="failed to stage db changes: exit status 128\nOutput: fatal: Unable to create '/home/runner/work/mddb/mddb/data-e2e/.git/index.lock': File exists.\n\nAnother git process seems to be running in this repository, or the lock file may be stale\n"
INF http m=POST p=/api/v1/organizations s=200 d=15.1ms s=353
INF http m=GET p=/sw.js s=200 d=89µs s=5541
INF http m=GET p=/api/v1/auth/me s=200 d=541µs s=253
INF http m=GET p=/registerSW.js s=200 d=32µs s=87
INF http m=GET p=/index.html s=200 d=39µs s=532
INF http m=GET p=/icon.svg s=200 d=40µs s=195
INF http m=GET p=/icon-512.png s=200 d=113µs s=6498
INF http m=GET p=/icon-192.png s=200 d=66µs s=2468
INF http m=GET p=/favicon.png s=200 d=47µs s=449
INF http m=GET p=/apple-touch-icon.png s=200 d=62µs s=2298
ERR Failed to add workspace submodule wsID=43LAPKO0A000 err="failed to add submodule 43LAPKO0A000: exit status 128\nOutput: Adding existing repo at '43LAPKO0A000' to the index\nfatal: Unable to create '/home/runner/work/mddb/mddb/data-e2e/.git/index.lock': File exists.\n\nAnother git process seems to be running in this repository, or the lock file may be stale\nfatal: Failed to add submodule '43LAPKO0A000'\n"
ERR Failed to commit DB changes err="failed to stage db changes: exit status 128\nOutput: fatal: Unable to create '/home/runner/work/mddb/mddb/data-e2e/.git/index.lock': File exists.\n\nAnother git process seems to be running in this repository, or the lock file may be stale\n"
INF http m=POST p=/api/v1/organizations/43LAPK9TS000/workspaces s=200 d=145ms s=300
ERR Failed to commit DB changes err="failed to stage db changes: exit status 128\nOutput: fatal: Unable to create '/home/runner/work/mddb/mddb/data-e2e/.git/index.lock': File exists.\n\nAnother git process seems to be running in this repository, or the lock file may be stale\n"
INF http m=POST p=/api/v1/auth/register s=200 d=186ms s=397
ERR Failed to commit DB changes err="failed to stage db changes: exit status 128\nOutput: fatal: Unable to create '/home/runner/work/mddb/mddb/data-e2e/.git/index.lock': File exists.\n\nAnother git process seems to be running in this repository, or the lock file may be stale\n"
INF http m=POST p=/api/v1/auth/switch-workspace s=200 d=9.34ms s=574
INF http m=GET p=/ s=200 d=52µs s=532
INF http m=GET p=/assets/material-symbols-names-Dyx5m6Tf.js s=200 d=142µs s=15412
INF http m=GET p=/api/v1/notifications/unread-count s=200 d=197µs s=25
INF http m=GET p=/api/v1/workspaces/43LAPKO0A000/members s=200 d=2.65ms s=128
INF http m=GET p=/assets/index-D8rN_C6i.js s=200 d=198µs s=49782
INF http m=GET p=/assets/editor-vendor-DXykusy4.js s=200 d=1.94ms s=95952
INF http m=GET p=/assets/vendor-Dz6kinLD.js s=200 d=116µs s=27873
INF http m=GET p=/registerSW.js s=200 d=28µs s=87
INF http m=GET p=/api/v1/workspaces/43LAPKO0A000/nodes/0/children s=200 d=19.6ms s=26
INF http m=GET p=/assets/index-BppjCDFJ.css s=200 d=8.43ms s=12398
INF http m=GET p=/assets/fr-CgauyyXq.js s=200 d=118µs s=6301
INF http m=GET p=/assets/es-DHO8DnB9.js s=200 d=79µs s=6015
INF http m=GET p=/assets/emoji-groups-BpL1N8nI.js s=200 d=117µs s=13798
ERR Failed to commit DB changes err="failed to stage db changes: exit status 128\nOutput: fatal: Unable to create '/home/runner/work/mddb/mddb/data-e2e/.git/index.lock': File exists.\n\nAnother git process seems to be running in this repository, or the lock file may be stale\n"
INF http m=POST p=/api/v1/workspaces/43LAPKO0A000/nodes/0/page/create s=200 d=49ms s=35
INF http m=GET p=/api/v1/workspaces/43LAPKO0A000/nodes/0/children s=200 d=362µs s=257
INF http m=GET p=/api/v1/workspaces/43LAPKO0A000/nodes/43LAPM8K8000 s=200 d=301µs s=245
INF http m=GET p=/assets/Editor-CO3i7Yl7.css s=200 d=66µs s=2237
INF http m=GET p=/assets/Editor--AVOgcEK.js s=200 d=63µs s=13498
INF http m=GET p=/api/v1/auth/me s=200 d=543µs s=166
INF http m=GET p=/assets/en-BOb8f2G7.js s=200 d=75µs s=5207
INF http m=GET p=/api/v1/notifications/unread-count s=200 d=168µs s=25
ERR Failed to commit DB changes err="failed to stage db changes: exit status 128\nOutput: fatal: Unable to create '/home/runner/work/mddb/mddb/data-e2e/.git/index.lock': File exists.\n\nAnother git process seems to be running in this repository, or the lock file may be stale\n"
INF http m=POST p=/api/v1/organizations s=200 d=8.14ms s=352
INF http m=GET p=/assets/de-qJeflSp6.js s=200 d=68µs s=6245
INF http m=GET p=/assets/WorkspaceSettingsPanel-CeaO382V.css s=200 d=44µs s=1021
INF http m=GET p=/favicon.png s=200 d=28µs s=449
INF http m=GET p=/assets/WorkspaceSettingsPanel-C0CeQhf8.js s=200 d=74µs s=4456
INF http m=GET p=/api/v1/auth/me s=200 d=228µs s=253
INF http m=GET p=/sw.js s=200 d=98µs s=5541
INF http m=GET p=/assets/ServerSettingsPanel-DsIxlWdC.css s=200 d=40µs s=593
INF http m=GET p=/assets/ServerSettingsPanel-Cmq42vr7.js s=200 d=45µs s=2538
INF http m=GET p=/assets/ResourceQuotaForm-Coc__0PE.js s=200 d=64µs s=813
INF http m=GET p=/registerSW.js s=200 d=28µs s=87
INF http m=GET p=/assets/ResourceQuotaForm-AxNe1Ebg.css s=200 d=28µs s=302
ERR Failed to commit DB changes err="failed to stage db changes: exit status 128\nOutput: fatal: Unable to create '/home/runner/work/mddb/mddb/data-e2e/.git/index.lock': File exists.\n\nAnother git process seems to be running in this repository, or the lock file may be stale\n"
INF http m=POST p=/api/v1/workspaces/43LAPKO0A000/nodes/0/table/create s=200 d=38ms s=26
INF http m=GET p=/assets/ProfileSettings-kJBJbTIc.css s=200 d=36µs s=1220
INF http m=GET p=/index.html s=200 d=22µs s=532
INF http m=GET p=/icon.svg s=200 d=29µs s=195
INF http m=GET p=/assets/ProfileSettings-HAdAXUp2.js s=200 d=58µs s=4325
INF http m=GET p=/assets/OrgSettingsPanel-CEubhZUp.css s=200 d=36µs s=509
INF http m=GET p=/icon-512.png s=200 d=59µs s=6498
INF http m=GET p=/assets/OrgSettingsPanel-B6q-g6eD.js s=200 d=37µs s=2306
INF http m=GET p=/assets/InviteForm-fXZCo6g3.js s=200 d=89µs s=1267
INF http m=GET p=/icon-192.png s=200 d=30µs s=2468
INF http m=GET p=/assets/InviteForm-CW-wgFWD.css s=200 d=30µs s=414
INF http m=GET p=/favicon.png s=200 d=23µs s=449
INF http m=GET p=/apple-touch-icon.png s=200 d=45µs s=2298
INF http m=GET p=/assets/AdminDashboard-R0heLGro.css s=200 d=33µs s=601
INF http m=GET p=/assets/AdminDashboard-Cfrr1YY_.js s=200 d=45µs s=2075
INF http m=GET p=/manifest.webmanifest s=200 d=30µs s=199
INF http m=GET p=/assets/material-symbols-names-Dyx5m6Tf.js s=200 d=66µs s=15412
ERR Failed to add workspace submodule wsID=43LAPNDP2000 err="failed to add submodule 43LAPNDP2000: exit status 128\nOutput: Adding existing repo at '43LAPNDP2000' to the index\nfatal: Unable to create '/home/runner/work/mddb/mddb/data-e2e/.git/index.lock': File exists.\n\nAnother git process seems to be running in this repository, or the lock file may be stale\nfatal: Failed to add submodule '43LAPNDP2000'\n"
INF http m=GET p=/assets/fr-CgauyyXq.js s=200 d=80µs s=6301
ERR Failed to commit DB changes err="failed to stage db changes: exit status 128\nOutput: fatal: Unable to create '/home/runner/work/mddb/mddb/data-e2e/.git/index.lock': File exists.\n\nAnother git process seems to be running in this repository, or the lock file may be stale\n"
INF http m=POST p=/api/v1/organizations/43LAPN2G0000/workspaces s=200 d=139ms s=298
ERR Failed to commit DB changes err="failed to stage db changes: exit status 128\nOutput: fatal: Unable to create '/home/runner/work/mddb/mddb/data-e2e/.git/index.lock': File exists.\n\nAnother git process seems to be running in this repository, or the lock file may be stale\n"
INF http m=GET p=/assets/es-DHO8DnB9.js s=200 d=58µs s=6015
INF http m=POST p=/api/v1/workspaces/43LAPKO0A000/nodes/43LAPNCP2000/table/records/create s=200 d=99ms s=26
ERR Failed to commit DB changes err="failed to stage db changes: exit status 128\nOutput: fatal: Unable to create '/home/runner/work/mddb/mddb/data-e2e/.git/index.lock': File exists.\n\nAnother git process seems to be running in this repository, or the lock file may be stale\n"
INF http m=POST p=/api/v1/auth/switch-workspace s=200 d=6.73ms s=623
INF http m=GET p=/assets/emoji-groups-BpL1N8nI.js s=200 d=89µs s=13798
ERR Failed to commit DB changes err="failed to stage db changes: exit status 128\nOutput: fatal: Unable to create '/home/runner/work/mddb/mddb/data-e2e/.git/index.lock': File exists.\n\nAnother git process seems to be running in this repository, or the lock file may be stale\n"
INF http m=POST p=/api/v1/workspaces/43LAPKO0A000/nodes/43LAPNCP2000/table/records/create s=200 d=22.3ms s=26
INF http m=GET p=/api/v1/notifications/unread-count s=200 d=193µs s=25
INF http m=GET p=/api/v1/workspaces/43LAPNDP2000/nodes/0/children s=200 d=242µs s=26
INF http m=GET p=/api/v1/workspaces/43LAPNDP2000/members s=200 d=154µs s=126
INF http m=GET p=/w/@43LAPKO0A000+workspace/@43LAPM8K8000+welcome s=200 d=30µs s=532
INF http m=GET p=/api/v1/workspaces/43LAPKO0A000/events s=200 d=429ms s=305
ERR Failed to commit DB changes err="failed to stage db changes: exit status 128\nOutput: fatal: Unable to create '/home/runner/work/mddb/mddb/data-e2e/.git/index.lock': File exists.\n\nAnother git process seems to be running in this repository, or the lock file may be stale\n"
INF http m=POST p=/api/v1/workspaces/43LAPNDP2000/nodes/0/page/create s=200 d=40.9ms s=35
INF http m=GET p=/assets/de-qJeflSp6.js s=200 d=79µs s=6245
INF http m=GET p=/api/v1/workspaces/43LAPNDP2000/nodes/0/children s=200 d=235µs s=257
INF http m=GET p=/api/v1/auth/me s=200 d=283µs s=352
INF http m=GET p=/assets/WorkspaceSettingsPanel-CeaO382V.css s=200 d=29µs s=1021
INF http m=GET p=/api/v1/workspaces/43LAPNDP2000/nodes/43LAPOK3C000 s=200 d=260µs s=245
INF http m=GET p=/assets/WorkspaceSettingsPanel-C0CeQhf8.js s=200 d=70µs s=4456
INF http m=GET p=/assets/Editor-CO3i7Yl7.css s=200 d=96µs s=2237
INF http m=GET p=/assets/Editor--AVOgcEK.js s=200 d=114µs s=13498
INF http m=GET p=/assets/ServerSettingsPanel-DsIxlWdC.css s=200 d=33µs s=593
INF http m=GET p=/assets/ServerSettingsPanel-Cmq42vr7.js s=200 d=53µs s=2538
INF http m=GET p=/assets/ResourceQuotaForm-Coc__0PE.js s=200 d=51µs s=813
INF http m=GET p=/assets/ResourceQuotaForm-AxNe1Ebg.css s=200 d=41µs s=302
INF http m=GET p=/assets/ProfileSettings-kJBJbTIc.css s=200 d=79µs s=1220
INF http m=GET p=/api/v1/notifications/unread-count s=200 d=183µs s=25
INF http m=GET p=/api/v1/workspaces/43LAPKO0A000/members s=200 d=505µs s=128
INF http m=GET p=/api/v1/workspaces/43LAPKO0A000/nodes/0/children s=200 d=826µs s=282
INF http m=GET p=/assets/ProfileSettings-HAdAXUp2.js s=200 d=76µs s=4325
INF http m=GET p=/api/v1/workspaces/43LAPKO0A000/nodes/43LAPM8K8000 s=200 d=1.64ms s=245
INF http m=GET p=/assets/OrgSettingsPanel-CEubhZUp.css s=200 d=43µs s=509
INF http m=GET p=/assets/OrgSettingsPanel-B6q-g6eD.js s=200 d=110µs s=2306
INF http m=GET p=/assets/InviteForm-fXZCo6g3.js s=200 d=38µs s=1267
INF http m=GET p=/assets/InviteForm-CW-wgFWD.css s=200 d=294µs s=414
INF http m=GET p=/assets/AdminDashboard-R0heLGro.css s=200 d=42µs s=601
INF http m=GET p=/assets/AdminDashboard-Cfrr1YY_.js s=200 d=50µs s=2075
INF http m=GET p=/manifest.webmanifest s=200 d=39µs s=199
INF http m=GET p=/api/v1/workspaces/43LAPKO0A000/nodes/43LAPNCP2000 s=200 d=308µs s=167
ERR Failed to commit DB changes err="failed to stage db changes: exit status 128\nOutput: fatal: Unable to create '/home/runner/work/mddb/mddb/data-e2e/.git/index.lock': File exists.\n\nAnother git process seems to be running in this repository, or the lock file may be stale\n"
INF http m=POST p=/api/v1/workspaces/43LAPNDP2000/nodes/0/table/create s=200 d=25ms s=26
INF http m=GET p=/api/v1/workspaces/43LAPKO0A000/nodes/43LAPNCP2000/table/records s=200 d=385µs s=128
ERR Failed to commit DB changes err="failed to stage db changes: exit status 128\nOutput: fatal: Unable to create '/home/runner/work/mddb/mddb/data-e2e/.git/index.lock': File exists.\n\nAnother git process seems to be running in this repository, or the lock file may be stale\n"
INF http m=POST p=/api/v1/workspaces/43LAPNDP2000/nodes/43LAPPMT2000/table/records/create s=200 d=19.3ms s=26
ERR Failed to commit DB changes err="failed to stage db changes: exit status 128\nOutput: fatal: Unable to create '/home/runner/work/mddb/mddb/data-e2e/.git/index.lock': File exists.\n\nAnother git process seems to be running in this repository, or the lock file may be stale\n"
INF http m=POST p=/api/v1/workspaces/43LAPNDP2000/nodes/43LAPPMT2000/table/records/create s=200 d=16.9ms s=26
ERR Failed to commit DB changes err="failed to stage db changes: exit status 128\nOutput: fatal: Unable to create '/home/runner/work/mddb/mddb/data-e2e/.git/index.lock': File exists.\n\nAnother git process seems to be running in this repository, or the lock file may be stale\n"
INF http m=POST p=/api/v1/workspaces/43LAPNDP2000/nodes/43LAPPMT2000/table/records/create s=200 d=15.4ms s=26
ERR Failed to commit DB changes err="failed to stage db changes: exit status 128\nOutput: fatal: Unable to create '/home/runner/work/mddb/mddb/data-e2e/.git/index.lock': File exists.\n\nAnother git process seems to be running in this repository, or the lock file may be stale\n"
INF http m=POST p=/api/v1/workspaces/43LAPNDP2000/nodes/43LAPPMT2000/table/records/create s=200 d=17.7ms s=26
INF http m=GET p=/w/@43LAPNDP2000+workspace/@43LAPOK3C000+welcome s=200 d=55µs s=532
INF http m=GET p=/api/v1/workspaces/43LAPNDP2000/events s=200 d=306ms s=365
INF http m=GET p=/api/v1/auth/me s=200 d=481µs s=355
INF http m=GET p=/api/v1/workspaces/43LAPKO0A000/events s=200 d=264ms s=93
INF http m=GET p=/api/v1/notifications/unread-count s=200 d=629µs s=25
INF http m=GET p=/api/v1/workspaces/43LAPNDP2000/nodes/0/children s=200 d=774µs s=298
INF http m=GET p=/api/v1/workspaces/43LAPNDP2000/members s=200 d=3ms s=126
INF http m=GET p=/api/v1/workspaces/43LAPNDP2000/nodes/43LAPOK3C000 s=200 d=4.99ms s=245
INF http m=GET p=/api/v1/workspaces/43LAPNDP2000/nodes/43LAPPMT2000 s=200 d=361µs s=156
INF http m=GET p=/api/v1/workspaces/43LAPNDP2000/nodes/43LAPPMT2000/table/records s=200 d=435µs s=168
ERR Failed to commit DB changes err="failed to stage db changes: exit status 128\nOutput: fatal: Unable to create '/home/runner/work/mddb/mddb/data-e2e/.git/index.lock': File exists.\n\nAnother git process seems to be running in this repository, or the lock file may be stale\n"
INF http m=POST p=/api/v1/auth/register s=200 d=94.2ms s=398
INF http m=GET p=/ s=200 d=59µs s=532
INF http m=GET p=/assets/index-D8rN_C6i.js s=200 d=208µs s=49782
INF http m=GET p=/assets/index-BppjCDFJ.css s=200 d=119µs s=12398
INF http m=GET p=/assets/editor-vendor-DXykusy4.js s=200 d=168µs s=95952
INF http m=GET p=/registerSW.js s=200 d=48µs s=87
INF http m=GET p=/assets/vendor-Dz6kinLD.js s=200 d=120µs s=27873
INF http m=GET p=/api/v1/auth/me s=200 d=233µs s=166
INF http m=GET p=/assets/en-BOb8f2G7.js s=200 d=78µs s=5207
INF http m=GET p=/api/v1/notifications/unread-count s=200 d=172µs s=25
ERR Failed to commit DB changes err="failed to stage db changes: exit status 128\nOutput: fatal: Unable to create '/home/runner/work/mddb/mddb/data-e2e/.git/index.lock': File exists.\n\nAnother git process seems to be running in this repository, or the lock file may be stale\n"
INF http m=POST p=/api/v1/organizations s=200 d=7.11ms s=352
INF http m=GET p=/favicon.png s=200 d=28µs s=449
INF http m=GET p=/api/v1/auth/me s=200 d=792µs s=252
INF http m=GET p=/api/v1/workspaces/43LAPNDP2000/events s=200 d=459ms s=93
INF http m=GET p=/sw.js s=200 d=106µs s=5541
INF http m=GET p=/registerSW.js s=200 d=36µs s=87
INF http m=GET p=/index.html s=200 d=39µs s=532
INF http m=GET p=/icon.svg s=200 d=38µs s=195
INF http m=GET p=/icon-512.png s=200 d=72µs s=6498
INF http m=GET p=/icon-192.png s=200 d=55µs s=2468
INF http m=GET p=/favicon.png s=200 d=44µs s=449
INF http m=GET p=/apple-touch-icon.png s=200 d=90µs s=2298
ERR Failed to add workspace submodule wsID=43LAPU4EK000 err="failed to add submodule 43LAPU4EK000: exit status 128\nOutput: Adding existing repo at '43LAPU4EK000' to the index\nfatal: Unable to create '/home/runner/work/mddb/mddb/data-e2e/.git/index.lock': File exists.\n\nAnother git process seems to be running in this repository, or the lock file may be stale\nfatal: Failed to add submodule '43LAPU4EK000'\n"
ERR Failed to commit DB changes err="failed to stage db changes: exit status 128\nOutput: fatal: Unable to create '/home/runner/work/mddb/mddb/data-e2e/.git/index.lock': File exists.\n\nAnother git process seems to be running in this repository, or the lock file may be stale\n"
INF http m=POST p=/api/v1/organizations/43LAPTN20000/workspaces s=200 d=148ms s=300
INF http m=GET p=/assets/material-symbols-names-Dyx5m6Tf.js s=200 d=84µs s=15412
ERR Failed to commit DB changes err="failed to stage db changes: exit status 128\nOutput: fatal: Unable to create '/home/runner/work/mddb/mddb/data-e2e/.git/index.lock': File exists.\n\nAnother git process seems to be running in this repository, or the lock file may be stale\n"
INF http m=POST p=/api/v1/auth/switch-workspace s=200 d=11.3ms s=572
INF http m=GET p=/api/v1/notifications/unread-count s=200 d=28.4ms s=25
INF http m=GET p=/assets/fr-CgauyyXq.js s=200 d=111µs s=6301
INF http m=GET p=/api/v1/workspaces/43LAPU4EK000/members s=200 d=33.9ms s=130
INF http m=GET p=/api/v1/workspaces/43LAPU4EK000/nodes/0/children s=200 d=66ms s=26
INF http m=GET p=/assets/es-DHO8DnB9.js s=200 d=61µs s=6015
INF http m=GET p=/assets/emoji-groups-BpL1N8nI.js s=200 d=156µs s=13798
ERR Failed to commit DB changes err="failed to stage db changes: exit status 128\nOutput: fatal: Unable to create '/home/runner/work/mddb/mddb/data-e2e/.git/index.lock': File exists.\n\nAnother git process seems to be running in this repository, or the lock file may be stale\n"
INF http m=POST p=/api/v1/workspaces/43LAPU4EK000/nodes/0/page/create s=200 d=41.7ms s=35
INF http m=GET p=/api/v1/workspaces/43LAPU4EK000/nodes/0/children s=200 d=791µs s=257
INF http m=GET p=/api/v1/workspaces/43LAPU4EK000/nodes/43LAPVRGO000 s=200 d=809µs s=245
INF http m=GET p=/assets/Editor--AVOgcEK.js s=200 d=294µs s=13498
ERR Failed to commit DB changes err="failed to stage db changes: exit status 128\nOutput: fatal: Unable to create '/home/runner/work/mddb/mddb/data-e2e/.git/index.lock': File exists.\n\nAnother git process seems to be running in this repository, or the lock file may be stale\n"
INF http m=POST p=/api/v1/auth/register s=200 d=167ms s=393
INF http m=GET p=/assets/Editor-CO3i7Yl7.css s=200 d=45µs s=2237
INF http m=GET p=/assets/de-qJeflSp6.js s=200 d=84µs s=6245
INF http m=GET p=/ s=200 d=51µs s=532
INF http m=GET p=/assets/WorkspaceSettingsPanel-CeaO382V.css s=200 d=38µs s=1021
INF http m=GET p=/assets/WorkspaceSettingsPanel-C0CeQhf8.js s=200 d=91µs s=4456
INF http m=GET p=/assets/index-D8rN_C6i.js s=200 d=185µs s=49782
INF http m=GET p=/assets/ServerSettingsPanel-DsIxlWdC.css s=200 d=85µs s=593
INF http m=GET p=/assets/index-BppjCDFJ.css s=200 d=163µs s=12398
INF http m=GET p=/assets/editor-vendor-DXykusy4.js s=200 d=176µs s=95952
INF http m=GET p=/assets/vendor-Dz6kinLD.js s=200 d=142µs s=27873
INF http m=GET p=/registerSW.js s=200 d=33µs s=87
INF http m=GET p=/assets/ServerSettingsPanel-Cmq42vr7.js s=200 d=46µs s=2538
INF http m=GET p=/assets/ResourceQuotaForm-Coc__0PE.js s=200 d=42µs s=813
INF http m=GET p=/assets/ResourceQuotaForm-AxNe1Ebg.css s=200 d=43µs s=302
INF http m=GET p=/assets/ProfileSettings-kJBJbTIc.css s=200 d=84µs s=1220
INF http m=GET p=/assets/ProfileSettings-HAdAXUp2.js s=200 d=83µs s=4325
ERR Failed to commit DB changes err="failed to stage db changes: exit status 128\nOutput: fatal: Unable to create '/home/runner/work/mddb/mddb/data-e2e/.git/index.lock': File exists.\n\nAnother git process seems to be running in this repository, or the lock file may be stale\n"
INF http m=POST p=/api/v1/workspaces/43LAPU4EK000/nodes/0/table/create s=200 d=47.9ms s=26
INF http m=GET p=/assets/OrgSettingsPanel-CEubhZUp.css s=200 d=32µs s=509
INF http m=GET p=/assets/OrgSettingsPanel-B6q-g6eD.js s=200 d=55µs s=2306
INF http m=GET p=/assets/InviteForm-fXZCo6g3.js s=200 d=40µs s=1267
INF http m=GET p=/assets/InviteForm-CW-wgFWD.css s=200 d=57µs s=414
INF http m=GET p=/api/v1/auth/me s=200 d=721µs s=165
INF http m=GET p=/assets/en-BOb8f2G7.js s=200 d=4.74ms s=5207
INF http m=GET p=/api/v1/notifications/unread-count s=200 d=277µs s=25
ERR Failed to commit DB changes err="failed to stage db changes: exit status 128\nOutput: fatal: Unable to create '/home/runner/work/mddb/mddb/data-e2e/.git/index.lock': File exists.\n\nAnother git process seems to be running in this repository, or the lock file may be stale\n"
INF http m=POST p=/api/v1/workspaces/43LAPU4EK000/nodes/43LAQ0SEE000/table/records/create s=200 d=58.7ms s=26
INF http m=GET p=/assets/AdminDashboard-R0heLGro.css s=200 d=51µs s=601
INF http m=GET p=/assets/AdminDashboard-Cfrr1YY_.js s=200 d=65µs s=2075
ERR Failed to commit DB changes err="failed to stage db changes: exit status 128\nOutput: fatal: Unable to create '/home/runner/work/mddb/mddb/data-e2e/.git/index.lock': File exists.\n\nAnother git process seems to be running in this repository, or the lock file may be stale\n"
INF http m=POST p=/api/v1/organizations s=200 d=11.8ms s=351
INF http m=GET p=/manifest.webmanifest s=200 d=33µs s=199
INF http m=GET p=/sw.js s=200 d=110µs s=5541
ERR Failed to commit DB changes err="failed to stage db changes: exit status 128\nOutput: fatal: Unable to create '/home/runner/work/mddb/mddb/data-e2e/.git/index.lock': File exists.\n\nAnother git process seems to be running in this repository, or the lock file may be stale\n"
INF http m=POST p=/api/v1/workspaces/43LAPU4EK000/nodes/43LAQ0SEE000/table/records/create s=200 d=44.2ms s=26
INF http m=GET p=/favicon.png s=200 d=51µs s=449
INF http m=GET p=/api/v1/auth/me s=200 d=278µs s=251
INF http m=GET p=/registerSW.js s=200 d=37µs s=87
INF http m=GET p=/index.html s=200 d=33µs s=532
INF http m=GET p=/icon.svg s=200 d=34µs s=195
ERR Failed to commit DB changes err="failed to stage db changes: exit status 128\nOutput: fatal: Unable to create '/home/runner/work/mddb/mddb/data-e2e/.git/index.lock': File exists.\n\nAnother git process seems to be running in this repository, or the lock file may be stale\n"
INF http m=POST p=/api/v1/workspaces/43LAPU4EK000/nodes/43LAQ0SEE000/table/records/create s=200 d=26.9ms s=26
INF http m=GET p=/icon-512.png s=200 d=54µs s=6498
INF http m=GET p=/icon-192.png s=200 d=43µs s=2468
INF http m=GET p=/w/@43LAPU4EK000+workspace/@43LAPVRGO000+welcome s=200 d=30µs s=532
INF http m=GET p=/favicon.png s=200 d=31µs s=449
INF http m=GET p=/api/v1/workspaces/43LAPU4EK000/events s=200 d=423ms s=336
INF http m=GET p=/apple-touch-icon.png s=200 d=65µs s=2298
INF http m=GET p=/assets/material-symbols-names-Dyx5m6Tf.js s=200 d=825µs s=15412
INF http m=GET p=/api/v1/auth/me s=200 d=312µs s=354
INF http m=GET p=/assets/fr-CgauyyXq.js s=200 d=69µs s=6301
INF http m=GET p=/assets/es-DHO8DnB9.js s=200 d=87µs s=6015
ERR Failed to add workspace submodule wsID=43LAQ21VK000 err="failed to add submodule 43LAQ21VK000: exit status 128\nOutput: Adding existing repo at '43LAQ21VK000' to the index\nfatal: Unable to create '/home/runner/work/mddb/mddb/data-e2e/.git/index.lock': File exists.\n\nAnother git process seems to be running in this repository, or the lock file may be stale\nfatal: Failed to add submodule '43LAQ21VK000'\n"
ERR Failed to commit DB changes err="failed to stage db changes: exit status 128\nOutput: fatal: Unable to create '/home/runner/work/mddb/mddb/data-e2e/.git/index.lock': File exists.\n\nAnother git process seems to be running in this repository, or the lock file may be stale\n"
INF http m=POST p=/api/v1/organizations/43LAQ1K7E000/workspaces s=200 d=132ms s=301
ERR Failed to commit DB changes err="failed to stage db changes: exit status 128\nOutput: fatal: Unable to create '/home/runner/work/mddb/mddb/data-e2e/.git/index.lock': File exists.\n\nAnother git process seems to be running in this repository, or the lock file may be stale\n"
INF http m=GET p=/api/v1/notifications/unread-count s=200 d=513µs s=25
INF http m=GET p=/api/v1/workspaces/43LAPU4EK000/nodes/43LAPVRGO000 s=200 d=610µs s=245
INF http m=GET p=/api/v1/workspaces/43LAPU4EK000/members s=200 d=597µs s=130
INF http m=POST p=/api/v1/auth/switch-workspace s=200 d=11.7ms s=574
INF http m=GET p=/api/v1/workspaces/43LAPU4EK000/nodes/0/children s=200 d=5.06ms s=285
INF http m=GET p=/assets/emoji-groups-BpL1N8nI.js s=200 d=109µs s=13798
INF http m=GET p=/api/v1/workspaces/43LAQ21VK000/nodes/0/children s=200 d=5.84ms s=26
INF http m=GET p=/api/v1/notifications/unread-count s=200 d=168µs s=25
INF http m=GET p=/api/v1/workspaces/43LAQ21VK000/members s=200 d=8.09ms s=128
ERR Failed to commit DB changes err="failed to stage db changes: exit status 128\nOutput: fatal: Unable to create '/home/runner/work/mddb/mddb/data-e2e/.git/index.lock': File exists.\n\nAnother git process seems to be running in this repository, or the lock file may be stale\n"
INF http m=POST p=/api/v1/workspaces/43LAQ21VK000/nodes/0/page/create s=200 d=22.6ms s=35
INF http m=GET p=/api/v1/workspaces/43LAPU4EK000/nodes/43LAQ0SEE000 s=200 d=344µs s=168
INF http m=GET p=/api/v1/workspaces/43LAQ21VK000/nodes/0/children s=200 d=258µs s=257
INF http m=GET p=/assets/de-qJeflSp6.js s=200 d=105µs s=6245
INF http m=GET p=/assets/WorkspaceSettingsPanel-CeaO382V.css s=200 d=38µs s=1021
INF http m=GET p=/api/v1/workspaces/43LAPU4EK000/nodes/43LAQ0SEE000/table/records s=200 d=378µs s=148
INF http m=GET p=/api/v1/workspaces/43LAQ21VK000/nodes/43LAQ3AOC000 s=200 d=612µs s=245
INF http m=GET p=/assets/WorkspaceSettingsPanel-C0CeQhf8.js s=200 d=311µs s=4456
INF http m=GET p=/assets/ServerSettingsPanel-DsIxlWdC.css s=200 d=49µs s=593
INF http m=GET p=/assets/Editor--AVOgcEK.js s=200 d=109µs s=13498
INF http m=GET p=/assets/Editor-CO3i7Yl7.css s=200 d=117µs s=2237
INF http m=GET p=/assets/ServerSettingsPanel-Cmq42vr7.js s=200 d=64µs s=2538
INF http m=GET p=/assets/ResourceQuotaForm-Coc__0PE.js s=200 d=34µs s=813
INF http m=GET p=/assets/ResourceQuotaForm-AxNe1Ebg.css s=200 d=42µs s=302
INF http m=GET p=/assets/ProfileSettings-kJBJbTIc.css s=200 d=34µs s=1220
ERR Failed to commit DB changes err="failed to stage db changes: exit status 128\nOutput: fatal: Unable to create '/home/runner/work/mddb/mddb/data-e2e/.git/index.lock': File exists.\n\nAnother git process seems to be running in this repository, or the lock file may be stale\n"
INF http m=POST p=/api/v1/workspaces/43LAPU4EK000/nodes/43LAQ0SEE000/views/create s=200 d=21.4ms s=26
INF http m=GET p=/assets/ProfileSettings-HAdAXUp2.js s=200 d=77µs s=4325
INF http m=GET p=/w/@43LAPU4EK000+sort-persists-workspace/@43LAQ0SEE000+sort-persist-table s=200 d=31µs s=532
INF http m=GET p=/assets/OrgSettingsPanel-CEubhZUp.css s=200 d=31µs s=509
INF http m=GET p=/api/v1/workspaces/43LAPU4EK000/events s=200 d=182ms s=213
INF http m=GET p=/assets/OrgSettingsPanel-B6q-g6eD.js s=200 d=56µs s=2306
INF http m=GET p=/assets/InviteForm-fXZCo6g3.js s=200 d=46µs s=1267
INF http m=GET p=/assets/InviteForm-CW-wgFWD.css s=200 d=51µs s=414
INF http m=GET p=/api/v1/auth/me s=200 d=792µs s=354
INF http m=GET p=/assets/AdminDashboard-R0heLGro.css s=200 d=33µs s=601
ERR Failed to commit DB changes err="failed to stage db changes: exit status 128\nOutput: fatal: Unable to create '/home/runner/work/mddb/mddb/data-e2e/.git/index.lock': File exists.\n\nAnother git process seems to be running in this repository, or the lock file may be stale\n"
INF http m=POST p=/api/v1/workspaces/43LAQ21VK000/nodes/0/table/create s=200 d=28.3ms s=26
INF http m=GET p=/assets/AdminDashboard-Cfrr1YY_.js s=200 d=47µs s=2075
INF http m=GET p=/api/v1/notifications/unread-count s=200 d=285µs s=25
INF http m=GET p=/api/v1/workspaces/43LAPU4EK000/nodes/0/children s=200 d=2.12ms s=311
INF http m=GET p=/api/v1/workspaces/43LAPU4EK000/members s=200 d=495µs s=130
INF http m=GET p=/api/v1/workspaces/43LAPU4EK000/nodes/43LAQ0SEE000 s=200 d=680µs s=168
INF http m=GET p=/manifest.webmanifest s=200 d=33µs s=199
ERR Failed to commit DB changes err="failed to stage db changes: exit status 128\nOutput: fatal: Unable to create '/home/runner/work/mddb/mddb/data-e2e/.git/index.lock': File exists.\n\nAnother git process seems to be running in this repository, or the lock file may be stale\n"
INF http m=POST p=/api/v1/workspaces/43LAQ21VK000/nodes/43LAQ4AUA000/table/records/create s=200 d=26.9ms s=26
INF http m=GET p=/api/v1/workspaces/43LAPU4EK000/nodes/43LAQ0SEE000/table/records s=200 d=465µs s=148
ERR Failed to commit DB changes err="failed to stage db changes: exit status 128\nOutput: fatal: Unable to create '/home/runner/work/mddb/mddb/data-e2e/.git/index.lock': File exists.\n\nAnother git process seems to be running in this repository, or the lock file may be stale\n"
INF http m=POST p=/api/v1/workspaces/43LAQ21VK000/nodes/43LAQ4AUA000/table/records/create s=200 d=26ms s=26
INF http m=GET p=/w/@43LAQ21VK000+workspace/@43LAQ3AOC000+welcome s=200 d=39µs s=532
INF http m=GET p=/api/v1/workspaces/43LAQ21VK000/events s=200 d=297ms s=315
INF http m=GET p=/api/v1/auth/me s=200 d=273µs s=350
INF http m=GET p=/api/v1/workspaces/43LAQ21VK000/nodes/0/children s=200 d=402µs s=281
INF http m=GET p=/api/v1/notifications/unread-count s=200 d=743µs s=25
INF http m=GET p=/api/v1/workspaces/43LAQ21VK000/members s=200 d=148µs s=128
INF http m=GET p=/api/v1/workspaces/43LAQ21VK000/nodes/43LAQ3AOC000 s=200 d=220µs s=245
INF http m=GET p=/api/v1/workspaces/43LAQ21VK000/nodes/43LAQ4AUA000 s=200 d=370µs s=167
INF http m=GET p=/api/v1/workspaces/43LAQ21VK000/nodes/43LAQ4AUA000/table/records s=200 d=1.13ms s=126
ERR Failed to commit DB changes err="failed to stage db changes: exit status 128\nOutput: fatal: Unable to create '/home/runner/work/mddb/mddb/data-e2e/.git/index.lock': File exists.\n\nAnother git process seems to be running in this repository, or the lock file may be stale\n"
INF http m=POST p=/api/v1/workspaces/43LAPU4EK000/nodes/43LAQ0SEE000/views/43LAQ3SPE000 s=200 d=19ms s=35
INF http m=GET p=/api/v1/workspaces/43LAPU4EK000/nodes/43LAQ0SEE000/table/records s=200 d=375µs s=152
INF http m=GET p=/api/v1/workspaces/43LAPU4EK000/events s=200 d=262ms s=213
INF http m=GET p=/api/v1/workspaces/43LAQ21VK000/events s=200 d=335ms s=93
ERR Failed to commit DB changes err="failed to stage db changes: exit status 128\nOutput: fatal: Unable to create '/home/runner/work/mddb/mddb/data-e2e/.git/index.lock': File exists.\n\nAnother git process seems to be running in this repository, or the lock file may be stale\n"
INF http m=POST p=/api/v1/auth/register s=200 d=115ms s=398
INF http m=GET p=/ s=200 d=55µs s=532
INF http m=GET p=/assets/index-D8rN_C6i.js s=200 d=154µs s=49782
INF http m=GET p=/assets/index-BppjCDFJ.css s=200 d=141µs s=12398
INF http m=GET p=/assets/editor-vendor-DXykusy4.js s=200 d=186µs s=95952
INF http m=GET p=/assets/vendor-Dz6kinLD.js s=200 d=128µs s=27873
INF http m=GET p=/registerSW.js s=200 d=38µs s=87
INF http m=GET p=/assets/en-BOb8f2G7.js s=200 d=101µs s=5207
INF http m=GET p=/api/v1/auth/me s=200 d=245µs s=168
INF http m=GET p=/api/v1/notifications/unread-count s=200 d=169µs s=25
INF http m=GET p=/favicon.png s=200 d=38µs s=449
ERR Failed to commit DB changes err="failed to stage db changes: exit status 128\nOutput: fatal: Unable to create '/home/runner/work/mddb/mddb/data-e2e/.git/index.lock': File exists.\n\nAnother git process seems to be running in this repository, or the lock file may be stale\n"
INF http m=POST p=/api/v1/organizations s=200 d=8.31ms s=356
INF http m=GET p=/sw.js s=200 d=93µs s=5541
INF http m=GET p=/api/v1/auth/me s=200 d=263µs s=254
INF http m=GET p=/registerSW.js s=200 d=55µs s=87
ERR Failed to commit DB changes err="failed to stage db changes: exit status 128\nOutput: fatal: Unable to create '/home/runner/work/mddb/mddb/data-e2e/.git/index.lock': File exists.\n\nAnother git process seems to be running in this repository, or the lock file may be stale\n"
INF http m=POST p=/api/v1/auth/register s=200 d=113ms s=395
INF http m=GET p=/index.html s=200 d=51µs s=532
INF http m=GET p=/ s=200 d=45µs s=532
INF http m=GET p=/icon.svg s=200 d=128µs s=195
INF http m=GET p=/icon-512.png s=200 d=88µs s=6498
INF http m=GET p=/icon-192.png s=200 d=56µs s=2468
INF http m=GET p=/assets/editor-vendor-DXykusy4.js s=200 d=213µs s=95952
INF http m=GET p=/favicon.png s=200 d=30µs s=449
INF http m=GET p=/assets/index-BppjCDFJ.css s=200 d=1.26ms s=12398
INF http m=GET p=/assets/index-D8rN_C6i.js s=200 d=1.55ms s=49782
INF http m=GET p=/apple-touch-icon.png s=200 d=45µs s=2298
INF http m=GET p=/assets/vendor-Dz6kinLD.js s=200 d=114µs s=27873
INF http m=GET p=/registerSW.js s=200 d=28µs s=87
INF http m=GET p=/assets/material-symbols-names-Dyx5m6Tf.js s=200 d=105µs s=15412
ERR Failed to add workspace submodule wsID=43LAQ9TA6000 err="failed to add submodule 43LAQ9TA6000: exit status 128\nOutput: Adding existing repo at '43LAQ9TA6000' to the index\nfatal: Unable to create '/home/runner/work/mddb/mddb/data-e2e/.git/index.lock': File exists.\n\nAnother git process seems to be running in this repository, or the lock file may be stale\nfatal: Failed to add submodule '43LAQ9TA6000'\n"
ERR Failed to commit DB changes err="failed to stage db changes: exit status 128\nOutput: fatal: Unable to create '/home/runner/work/mddb/mddb/data-e2e/.git/index.lock': File exists.\n\nAnother git process seems to be running in this repository, or the lock file may be stale\n"
INF http m=POST p=/api/v1/organizations/43LAQ9CU4000/workspaces s=200 d=146ms s=304
ERR Failed to commit DB changes err="failed to stage db changes: exit status 128\nOutput: fatal: Unable to create '/home/runner/work/mddb/mddb/data-e2e/.git/index.lock': File exists.\n\nAnother git process seems to be running in this repository, or the lock file may be stale\n"
INF http m=POST p=/api/v1/auth/switch-workspace s=200 d=14.8ms s=575
INF http m=GET p=/assets/fr-CgauyyXq.js s=200 d=83µs s=6301
INF http m=GET p=/assets/es-DHO8DnB9.js s=200 d=86µs s=6015
INF http m=GET p=/api/v1/workspaces/43LAQ9TA6000/nodes/0/children s=200 d=521µs s=26
INF http m=GET p=/api/v1/notifications/unread-count s=200 d=564µs s=25
INF http m=GET p=/api/v1/workspaces/43LAQ9TA6000/members s=200 d=603µs s=120
INF http m=GET p=/assets/emoji-groups-BpL1N8nI.js s=200 d=113µs s=13798
INF http m=GET p=/api/v1/auth/me s=200 d=514µs s=168
INF http m=GET p=/assets/en-BOb8f2G7.js s=200 d=115µs s=5207
ERR Failed to commit DB changes err="failed to stage db changes: exit status 128\nOutput: fatal: Unable to create '/home/runner/work/mddb/mddb/data-e2e/.git/index.lock': File exists.\n\nAnother git process seems to be running in this repository, or the lock file may be stale\n"
INF http m=POST p=/api/v1/workspaces/43LAQ9TA6000/nodes/0/page/create s=200 d=43.2ms s=35
INF http m=GET p=/api/v1/workspaces/43LAQ9TA6000/nodes/0/children s=200 d=385µs s=257
INF http m=GET p=/assets/de-qJeflSp6.js s=200 d=186µs s=6245
INF http m=GET p=/api/v1/workspaces/43LAQ9TA6000/nodes/43LAQBABE000 s=200 d=224µs s=245
INF http m=GET p=/api/v1/notifications/unread-count s=200 d=117µs s=25
ERR Failed to commit DB changes err="failed to stage db changes: exit status 128\nOutput: fatal: Unable to create '/home/runner/work/mddb/mddb/data-e2e/.git/index.lock': File exists.\n\nAnother git process seems to be running in this repository, or the lock file may be stale\n"
INF http m=POST p=/api/v1/organizations s=200 d=12.5ms s=354
INF http m=GET p=/assets/WorkspaceSettingsPanel-CeaO382V.css s=200 d=37µs s=1021
INF http m=GET p=/sw.js s=200 d=94µs s=5541
INF http m=GET p=/assets/WorkspaceSettingsPanel-C0CeQhf8.js s=200 d=74µs s=4456
INF http m=GET p=/assets/Editor--AVOgcEK.js s=200 d=110µs s=13498
INF http m=GET p=/assets/Editor-CO3i7Yl7.css s=200 d=76µs s=2237
INF http m=GET p=/assets/ServerSettingsPanel-DsIxlWdC.css s=200 d=77µs s=593
INF http m=GET p=/assets/ServerSettingsPanel-Cmq42vr7.js s=200 d=58µs s=2538
INF http m=GET p=/favicon.png s=200 d=26µs s=449
INF http m=GET p=/assets/ResourceQuotaForm-Coc__0PE.js s=200 d=39µs s=813
INF http m=GET p=/api/v1/auth/me s=200 d=236µs s=253
INF http m=GET p=/registerSW.js s=200 d=28µs s=87
INF http m=GET p=/assets/ResourceQuotaForm-AxNe1Ebg.css s=200 d=26µs s=302
INF http m=GET p=/assets/ProfileSettings-kJBJbTIc.css s=200 d=60µs s=1220
INF http m=GET p=/assets/ProfileSettings-HAdAXUp2.js s=200 d=80µs s=4325
INF http m=GET p=/index.html s=200 d=35µs s=532
INF http m=GET p=/assets/OrgSettingsPanel-CEubhZUp.css s=200 d=32µs s=509
INF http m=GET p=/icon.svg s=200 d=30µs s=195
INF http m=GET p=/assets/OrgSettingsPanel-B6q-g6eD.js s=200 d=37µs s=2306
INF http m=GET p=/assets/InviteForm-fXZCo6g3.js s=200 d=37µs s=1267
INF http m=GET p=/icon-512.png s=200 d=108µs s=6498
INF http m=GET p=/assets/InviteForm-CW-wgFWD.css s=200 d=32µs s=414
INF http m=GET p=/icon-192.png s=200 d=81µs s=2468
INF http m=GET p=/favicon.png s=200 d=152µs s=449
INF http m=GET p=/apple-touch-icon.png s=200 d=78µs s=2298
INF http m=GET p=/assets/AdminDashboard-R0heLGro.css s=200 d=36µs s=601
INF http m=GET p=/assets/AdminDashboard-Cfrr1YY_.js s=200 d=86µs s=2075
INF http m=GET p=/manifest.webmanifest s=200 d=35µs s=199
INF http m=GET p=/assets/material-symbols-names-Dyx5m6Tf.js s=200 d=81µs s=15412
ERR Failed to add workspace submodule wsID=43LAQC3VK000 err="failed to add submodule 43LAQC3VK000: exit status 128\nOutput: Adding existing repo at '43LAQC3VK000' to the index\nfatal: Unable to create '/home/runner/work/mddb/mddb/data-e2e/.git/index.lock': File exists.\n\nAnother git process seems to be running in this repository, or the lock file may be stale\nfatal: Failed to add submodule '43LAQC3VK000'\n"
ERR Failed to commit DB changes err="failed to stage db changes: exit status 128\nOutput: fatal: Unable to create '/home/runner/work/mddb/mddb/data-e2e/.git/index.lock': File exists.\n\nAnother git process seems to be running in this repository, or the lock file may be stale\n"
INF http m=POST p=/api/v1/organizations/43LAQBMAQ000/workspaces s=200 d=127ms s=300
INF http m=GET p=/assets/fr-CgauyyXq.js s=200 d=81µs s=6301
ERR Failed to commit DB changes err="failed to stage db changes: exit status 128\nOutput: fatal: Unable to create '/home/runner/work/mddb/mddb/data-e2e/.git/index.lock': File exists.\n\nAnother git process seems to be running in this repository, or the lock file may be stale\n"
INF http m=POST p=/api/v1/workspaces/43LAQ9TA6000/nodes/0/table/create s=200 d=85.6ms s=26
ERR Failed to commit DB changes err="failed to stage db changes: exit status 128\nOutput: fatal: Unable to create '/home/runner/work/mddb/mddb/data-e2e/.git/index.lock': File exists.\n\nAnother git process seems to be running in this repository, or the lock file may be stale\n"
INF http m=POST p=/api/v1/auth/switch-workspace s=200 d=7.92ms s=585
INF http m=GET p=/assets/es-DHO8DnB9.js s=200 d=72µs s=6015
INF http m=GET p=/api/v1/notifications/unread-count s=200 d=166µs s=25
INF http m=GET p=/api/v1/workspaces/43LAQC3VK000/members s=200 d=169µs s=132
ERR Failed to commit DB changes err="failed to stage db changes: exit status 128\nOutput: fatal: Unable to create '/home/runner/work/mddb/mddb/data-e2e/.git/index.lock': File exists.\n\nAnother git process seems to be running in this repository, or the lock file may be stale\n"
INF http m=POST p=/api/v1/workspaces/43LAQ9TA6000/nodes/43LAQCDD2000/table/records/create s=200 d=20.2ms s=26
INF http m=GET p=/api/v1/workspaces/43LAQC3VK000/nodes/0/children s=200 d=2.66ms s=26
INF http m=GET p=/assets/emoji-groups-BpL1N8nI.js s=200 d=95µs s=13798
ERR Failed to commit DB changes err="failed to stage db changes: exit status 128\nOutput: fatal: Unable to create '/home/runner/work/mddb/mddb/data-e2e/.git/index.lock': File exists.\n\nAnother git process seems to be running in this repository, or the lock file may be stale\n"
INF http m=POST p=/api/v1/workspaces/43LAQ9TA6000/nodes/43LAQCDD2000/table/records/create s=200 d=27.6ms s=26
ERR Failed to commit DB changes err="failed to stage db changes: exit status 128\nOutput: fatal: Unable to create '/home/runner/work/mddb/mddb/data-e2e/.git/index.lock': File exists.\n\nAnother git process seems to be running in this repository, or the lock file may be stale\n"
INF http m=POST p=/api/v1/workspaces/43LAQC3VK000/nodes/0/page/create s=200 d=26.8ms s=35
INF http m=GET p=/api/v1/workspaces/43LAQC3VK000/nodes/0/children s=200 d=283µs s=257
ERR Failed to commit DB changes err="failed to stage db changes: exit status 128\nOutput: fatal: Unable to create '/home/runner/work/mddb/mddb/data-e2e/.git/index.lock': File exists.\n\nAnother git process seems to be running in this repository, or the lock file may be stale\n"
INF http m=POST p=/api/v1/workspaces/43LAQ9TA6000/nodes/43LAQCDD2000/table/records/create s=200 d=25.6ms s=26
INF http m=GET p=/api/v1/workspaces/43LAQC3VK000/nodes/43LAQD8BG000 s=200 d=274µs s=245
INF http m=GET p=/w/@43LAQ9TA6000+workspace/@43LAQBABE000+welcome s=200 d=42µs s=532
INF http m=GET p=/api/v1/workspaces/43LAQ9TA6000/events s=200 d=390ms s=330
INF http m=GET p=/assets/Editor--AVOgcEK.js s=200 d=111µs s=13498
INF http m=GET p=/assets/Editor-CO3i7Yl7.css s=200 d=66µs s=2237
INF http m=GET p=/assets/de-qJeflSp6.js s=200 d=91µs s=6245
INF http m=GET p=/assets/WorkspaceSettingsPanel-CeaO382V.css s=200 d=67µs s=1021
INF http m=GET p=/assets/WorkspaceSettingsPanel-C0CeQhf8.js s=200 d=68µs s=4456
INF http m=GET p=/assets/ServerSettingsPanel-DsIxlWdC.css s=200 d=122µs s=593
INF http m=GET p=/assets/ServerSettingsPanel-Cmq42vr7.js s=200 d=48µs s=2538
INF http m=GET p=/api/v1/auth/me s=200 d=2.19ms s=355
INF http m=GET p=/assets/ResourceQuotaForm-Coc__0PE.js s=200 d=34µs s=813
INF http m=GET p=/assets/ResourceQuotaForm-AxNe1Ebg.css s=200 d=44µs s=302
INF http m=GET p=/assets/ProfileSettings-kJBJbTIc.css s=200 d=46µs s=1220
INF http m=GET p=/assets/ProfileSettings-HAdAXUp2.js s=200 d=72µs s=4325
INF http m=GET p=/assets/OrgSettingsPanel-CEubhZUp.css s=200 d=39µs s=509
INF http m=GET p=/assets/OrgSettingsPanel-B6q-g6eD.js s=200 d=50µs s=2306
INF http m=GET p=/api/v1/workspaces/43LAQ9TA6000/nodes/0/children s=200 d=932µs s=286
INF http m=GET p=/api/v1/notifications/unread-count s=200 d=150µs s=25
INF http m=GET p=/api/v1/workspaces/43LAQ9TA6000/nodes/43LAQBABE000 s=200 d=721µs s=245
INF http m=GET p=/api/v1/workspaces/43LAQ9TA6000/members s=200 d=491µs s=120
INF http m=GET p=/assets/InviteForm-fXZCo6g3.js s=200 d=39µs s=1267
INF http m=GET p=/assets/InviteForm-CW-wgFWD.css s=200 d=37µs s=414
ERR Failed to commit DB changes err="failed to stage db changes: exit status 128\nOutput: fatal: Unable to create '/home/runner/work/mddb/mddb/data-e2e/.git/index.lock': File exists.\n\nAnother git process seems to be running in this repository, or the lock file may be stale\n"
INF http m=POST p=/api/v1/workspaces/43LAQC3VK000/nodes/0/table/create s=200 d=26.5ms s=26
INF http m=GET p=/assets/AdminDashboard-R0heLGro.css s=200 d=34µs s=601
INF http m=GET p=/assets/AdminDashboard-Cfrr1YY_.js s=200 d=99µs s=2075
INF http m=GET p=/manifest.webmanifest s=200 d=28µs s=199
ERR Failed to commit DB changes err="failed to stage db changes: exit status 128\nOutput: fatal: Unable to create '/home/runner/work/mddb/mddb/data-e2e/.git/index.lock': File exists.\n\nAnother git process seems to be running in this repository, or the lock file may be stale\n"
INF http m=POST p=/api/v1/workspaces/43LAQC3VK000/nodes/43LAQEE68000/table/records/create s=200 d=22ms s=26
INF http m=GET p=/api/v1/workspaces/43LAQ9TA6000/nodes/43LAQCDD2000 s=200 d=277µs s=171
ERR Failed to commit DB changes err="failed to stage db changes: exit status 128\nOutput: fatal: Unable to create '/home/runner/work/mddb/mddb/data-e2e/.git/index.lock': File exists.\n\nAnother git process seems to be running in this repository, or the lock file may be stale\n"
INF http m=POST p=/api/v1/workspaces/43LAQC3VK000/nodes/43LAQEE68000/table/records/create s=200 d=21.9ms s=26
INF http m=GET p=/api/v1/workspaces/43LAQ9TA6000/nodes/43LAQCDD2000/table/records s=200 d=321µs s=148
ERR Failed to commit DB changes err="failed to stage db changes: exit status 128\nOutput: fatal: Unable to create '/home/runner/work/mddb/mddb/data-e2e/.git/index.lock': File exists.\n\nAnother git process seems to be running in this repository, or the lock file may be stale\n"
INF http m=POST p=/api/v1/workspaces/43LAQC3VK000/nodes/43LAQEE68000/table/records/create s=200 d=20.8ms s=26
INF http m=GET p=/w/@43LAQC3VK000+workspace/@43LAQD8BG000+welcome s=200 d=97µs s=532
INF http m=GET p=/api/v1/workspaces/43LAQC3VK000/events s=200 d=336ms s=339
INF http m=GET p=/api/v1/auth/me s=200 d=306µs s=354
INF http m=GET p=/api/v1/notifications/unread-count s=200 d=589µs s=25
INF http m=GET p=/api/v1/workspaces/43LAQC3VK000/nodes/43LAQD8BG000 s=200 d=567µs s=245
INF http m=GET p=/api/v1/workspaces/43LAQC3VK000/nodes/0/children s=200 d=709µs s=281
INF http m=GET p=/api/v1/workspaces/43LAQC3VK000/members s=200 d=1.18ms s=132
INF http m=GET p=/api/v1/workspaces/43LAQC3VK000/nodes/43LAQEE68000 s=200 d=1.05ms s=169
INF http m=GET p=/api/v1/workspaces/43LAQC3VK000/nodes/43LAQEE68000/table/records s=200 d=400µs s=152
INF http m=GET p=/api/v1/workspaces/43LAQ9TA6000/events s=200 d=375ms s=93
INF http m=GET p=/api/v1/workspaces/43LAQC3VK000/events s=200 d=348ms s=93
ERR Failed to commit DB changes err="failed to stage db changes: exit status 128\nOutput: fatal: Unable to create '/home/runner/work/mddb/mddb/data-e2e/.git/index.lock': File exists.\n\nAnother git process seems to be running in this repository, or the lock file may be stale\n"
INF http m=POST p=/api/v1/auth/register s=200 d=122ms s=396
INF http m=GET p=/ s=200 d=57µs s=532
INF http m=GET p=/assets/index-D8rN_C6i.js s=200 d=809µs s=49782
INF http m=GET p=/registerSW.js s=200 d=32µs s=87
INF http m=GET p=/assets/vendor-Dz6kinLD.js s=200 d=941µs s=27873
INF http m=GET p=/assets/index-BppjCDFJ.css s=200 d=1.76ms s=12398
INF http m=GET p=/assets/editor-vendor-DXykusy4.js s=200 d=161µs s=95952
INF http m=GET p=/assets/en-BOb8f2G7.js s=200 d=89µs s=5207
INF http m=GET p=/api/v1/auth/me s=200 d=1.78ms s=166
INF http m=GET p=/api/v1/notifications/unread-count s=200 d=178µs s=25
ERR Failed to commit DB changes err="failed to stage db changes: exit status 128\nOutput: fatal: Unable to create '/home/runner/work/mddb/mddb/data-e2e/.git/index.lock': File exists.\n\nAnother git process seems to be running in this repository, or the lock file may be stale\n"
INF http m=POST p=/api/v1/organizations s=200 d=11.1ms s=352
INF http m=GET p=/sw.js s=200 d=83µs s=5541
INF http m=GET p=/favicon.png s=200 d=36µs s=449
INF http m=GET p=/api/v1/auth/me s=200 d=245µs s=252
INF http m=GET p=/registerSW.js s=200 d=34µs s=87
INF http m=GET p=/index.html s=200 d=78µs s=532
INF http m=GET p=/icon.svg s=200 d=92µs s=195
INF http m=GET p=/icon-512.png s=200 d=84µs s=6498
INF http m=GET p=/icon-192.png s=200 d=48µs s=2468
INF http m=GET p=/favicon.png s=200 d=42µs s=449
INF http m=GET p=/apple-touch-icon.png s=200 d=81µs s=2298
INF http m=GET p=/assets/material-symbols-names-Dyx5m6Tf.js s=200 d=110µs s=15412
ERR Failed to add workspace submodule wsID=43LAQJSEO000 err="failed to add submodule 43LAQJSEO000: exit status 128\nOutput: Adding existing repo at '43LAQJSEO000' to the index\nfatal: Unable to create '/home/runner/work/mddb/mddb/data-e2e/.git/index.lock': File exists.\n\nAnother git process seems to be running in this repository, or the lock file may be stale\nfatal: Failed to add submodule '43LAQJSEO000'\n"
ERR Failed to commit DB changes err="failed to stage db changes: exit status 128\nOutput: fatal: Unable to create '/home/runner/work/mddb/mddb/data-e2e/.git/index.lock': File exists.\n\nAnother git process seems to be running in this repository, or the lock file may be stale\n"
INF http m=POST p=/api/v1/organizations/43LAQJK18000/workspaces s=200 d=174ms s=298
ERR Failed to commit DB changes err="failed to stage db changes: exit status 128\nOutput: fatal: Unable to create '/home/runner/work/mddb/mddb/data-e2e/.git/index.lock': File exists.\n\nAnother git process seems to be running in this repository, or the lock file may be stale\n"
INF http m=GET p=/assets/fr-CgauyyXq.js s=200 d=79µs s=6301
INF http m=POST p=/api/v1/auth/register s=200 d=273ms s=410
ERR Failed to commit DB changes err="failed to stage db changes: exit status 128\nOutput: fatal: Unable to create '/home/runner/work/mddb/mddb/data-e2e/.git/index.lock': File exists.\n\nAnother git process seems to be running in this repository, or the lock file may be stale\n"
INF http m=POST p=/api/v1/auth/switch-workspace s=200 d=6.7ms s=581
INF http m=GET p=/assets/es-DHO8DnB9.js s=200 d=85µs s=6015
INF http m=GET p=/ s=200 d=52µs s=532
INF http m=GET p=/api/v1/workspaces/43LAQJSEO000/members s=200 d=188µs s=132
INF http m=GET p=/api/v1/notifications/unread-count s=200 d=145µs s=25
INF http m=GET p=/api/v1/workspaces/43LAQJSEO000/nodes/0/children s=200 d=278µs s=26
INF http m=GET p=/assets/index-D8rN_C6i.js s=200 d=159µs s=49782
INF http m=GET p=/assets/index-BppjCDFJ.css s=200 d=137µs s=12398
INF http m=GET p=/assets/editor-vendor-DXykusy4.js s=200 d=155µs s=95952
INF http m=GET p=/registerSW.js s=200 d=116µs s=87
INF http m=GET p=/assets/vendor-Dz6kinLD.js s=200 d=13.6ms s=27873
INF http m=GET p=/assets/emoji-groups-BpL1N8nI.js s=200 d=190µs s=13798
ERR Failed to commit DB changes err="failed to stage db changes: exit status 128\nOutput: fatal: Unable to create '/home/runner/work/mddb/mddb/data-e2e/.git/index.lock': File exists.\n\nAnother git process seems to be running in this repository, or the lock file may be stale\n"
INF http m=POST p=/api/v1/workspaces/43LAQJSEO000/nodes/0/page/create s=200 d=51.2ms s=35
INF http m=GET p=/api/v1/workspaces/43LAQJSEO000/nodes/0/children s=200 d=1.7ms s=257
INF http m=GET p=/api/v1/workspaces/43LAQJSEO000/nodes/43LAQLCFK000 s=200 d=348µs s=245
INF http m=GET p=/assets/Editor--AVOgcEK.js s=200 d=554µs s=13498
INF http m=GET p=/assets/Editor-CO3i7Yl7.css s=200 d=62µs s=2237
INF http m=GET p=/assets/de-qJeflSp6.js s=200 d=70µs s=6245
INF http m=GET p=/assets/WorkspaceSettingsPanel-CeaO382V.css s=200 d=41µs s=1021
INF http m=GET p=/assets/WorkspaceSettingsPanel-C0CeQhf8.js s=200 d=77µs s=4456
INF http m=GET p=/api/v1/auth/me s=200 d=230µs s=171
INF http m=GET p=/assets/en-BOb8f2G7.js s=200 d=94µs s=5207
INF http m=GET p=/assets/ServerSettingsPanel-DsIxlWdC.css s=200 d=37µs s=593
INF http m=GET p=/assets/ServerSettingsPanel-Cmq42vr7.js s=200 d=57µs s=2538
INF http m=GET p=/api/v1/notifications/unread-count s=200 d=200µs s=25
INF http m=GET p=/assets/ResourceQuotaForm-Coc__0PE.js s=200 d=40µs s=813
INF http m=GET p=/favicon.png s=200 d=35µs s=449
INF http m=GET p=/assets/ResourceQuotaForm-AxNe1Ebg.css s=200 d=38µs s=302
ERR Failed to commit DB changes err="failed to stage db changes: exit status 128\nOutput: fatal: Unable to create '/home/runner/work/mddb/mddb/data-e2e/.git/index.lock': File exists.\n\nAnother git process seems to be running in this repository, or the lock file may be stale\n"
INF http m=POST p=/api/v1/organizations s=200 d=13.2ms s=357
INF http m=GET p=/assets/ProfileSettings-kJBJbTIc.css s=200 d=41µs s=1220
INF http m=GET p=/sw.js s=200 d=79µs s=5541
INF http m=GET p=/api/v1/auth/me s=200 d=711µs s=256
INF http m=GET p=/assets/ProfileSettings-HAdAXUp2.js s=200 d=57µs s=4325
INF http m=GET p=/assets/OrgSettingsPanel-CEubhZUp.css s=200 d=37µs s=509
INF http m=GET p=/assets/OrgSettingsPanel-B6q-g6eD.js s=200 d=53µs s=2306
INF http m=GET p=/assets/InviteForm-fXZCo6g3.js s=200 d=43µs s=1267
ERR Failed to commit DB changes err="failed to stage db changes: exit status 128\nOutput: fatal: Unable to create '/home/runner/work/mddb/mddb/data-e2e/.git/index.lock': File exists.\n\nAnother git process seems to be running in this repository, or the lock file may be stale\n"
INF http m=POST p=/api/v1/workspaces/43LAQJSEO000/nodes/0/table/create s=200 d=67.1ms s=26
INF http m=GET p=/assets/InviteForm-CW-wgFWD.css s=200 d=33µs s=414
INF http m=GET p=/registerSW.js s=200 d=32µs s=87
INF http m=GET p=/index.html s=200 d=37µs s=532
INF http m=GET p=/assets/AdminDashboard-R0heLGro.css s=200 d=44µs s=601
INF http m=GET p=/icon.svg s=200 d=32µs s=195
INF http m=GET p=/assets/AdminDashboard-Cfrr1YY_.js s=200 d=49µs s=2075
INF http m=GET p=/icon-512.png s=200 d=134µs s=6498
INF http m=GET p=/manifest.webmanifest s=200 d=24µs s=199
INF http m=GET p=/icon-192.png s=200 d=44µs s=2468
INF http m=GET p=/favicon.png s=200 d=28µs s=449
INF http m=GET p=/apple-touch-icon.png s=200 d=41µs s=2298
ERR Failed to add workspace submodule wsID=43LAQMQFU000 err="failed to add submodule 43LAQMQFU000: exit status 128\nOutput: Adding existing repo at '43LAQMQFU000' to the index\nfatal: Unable to create '/home/runner/work/mddb/mddb/data-e2e/.git/index.lock': File exists.\n\nAnother git process seems to be running in this repository, or the lock file may be stale\nfatal: Failed to add submodule '43LAQMQFU000'\n"
ERR Failed to commit DB changes err="failed to stage db changes: exit status 128\nOutput: fatal: Unable to create '/home/runner/work/mddb/mddb/data-e2e/.git/index.lock': File exists.\n\nAnother git process seems to be running in this repository, or the lock file may be stale\n"
INF http m=POST p=/api/v1/organizations/43LAQMGTC000/workspaces s=200 d=123ms s=302
INF http m=GET p=/assets/material-symbols-names-Dyx5m6Tf.js s=200 d=90µs s=15412
ERR Failed to commit DB changes err="failed to stage db changes: exit status 128\nOutput: fatal: Unable to create '/home/runner/work/mddb/mddb/data-e2e/.git/index.lock': File exists.\n\nAnother git process seems to be running in this repository, or the lock file may be stale\n"
INF http m=POST p=/api/v1/workspaces/43LAQJSEO000/nodes/43LAQMH1O000/table/records/create s=200 d=102ms s=26
ERR Failed to commit DB changes err="failed to stage db changes: exit status 128\nOutput: fatal: Unable to create '/home/runner/work/mddb/mddb/data-e2e/.git/index.lock': File exists.\n\nAnother git process seems to be running in this repository, or the lock file may be stale\n"
INF http m=POST p=/api/v1/auth/switch-workspace s=200 d=14ms s=570
ERR Failed to commit DB changes err="failed to stage db changes: exit status 128\nOutput: fatal: Unable to create '/home/runner/work/mddb/mddb/data-e2e/.git/index.lock': File exists.\n\nAnother git process seems to be running in this repository, or the lock file may be stale\n"
INF http m=POST p=/api/v1/workspaces/43LAQJSEO000/nodes/43LAQMH1O000/table/records/create s=200 d=21.8ms s=26
INF http m=GET p=/assets/fr-CgauyyXq.js s=200 d=72µs s=6301
INF http m=GET p=/w/@43LAQJSEO000+workspace/@43LAQLCFK000+welcome s=200 d=31µs s=532
INF http m=GET p=/api/v1/workspaces/43LAQJSEO000/events s=200 d=425ms s=305
INF http m=GET p=/api/v1/notifications/unread-count s=200 d=178µs s=25
INF http m=GET p=/api/v1/workspaces/43LAQMQFU000/members s=200 d=178µs s=122
INF http m=GET p=/api/v1/workspaces/43LAQMQFU000/nodes/0/children s=200 d=220µs s=26
INF http m=GET p=/assets/es-DHO8DnB9.js s=200 d=190µs s=6015
INF http m=GET p=/assets/emoji-groups-BpL1N8nI.js s=200 d=142µs s=13798
ERR Failed to commit DB changes err="failed to stage db changes: exit status 128\nOutput: fatal: Unable to create '/home/runner/work/mddb/mddb/data-e2e/.git/index.lock': File exists.\n\nAnother git process seems to be running in this repository, or the lock file may be stale\n"
INF http m=POST p=/api/v1/workspaces/43LAQMQFU000/nodes/0/page/create s=200 d=43ms s=35
INF http m=GET p=/api/v1/workspaces/43LAQMQFU000/nodes/0/children s=200 d=270µs s=257
INF http m=GET p=/api/v1/auth/me s=200 d=252µs s=353
INF http m=GET p=/api/v1/workspaces/43LAQMQFU000/nodes/43LAQO2JS000 s=200 d=344µs s=245
INF http m=GET p=/assets/de-qJeflSp6.js s=200 d=121µs s=6245
INF http m=GET p=/assets/Editor-CO3i7Yl7.css s=200 d=53µs s=2237
INF http m=GET p=/assets/Editor--AVOgcEK.js s=200 d=770µs s=13498
INF http m=GET p=/assets/WorkspaceSettingsPanel-CeaO382V.css s=200 d=39µs s=1021
INF http m=GET p=/assets/WorkspaceSettingsPanel-C0CeQhf8.js s=200 d=77µs s=4456
INF http m=GET p=/assets/ServerSettingsPanel-DsIxlWdC.css s=200 d=33µs s=593
INF http m=GET p=/api/v1/notifications/unread-count s=200 d=265µs s=25
INF http m=GET p=/api/v1/workspaces/43LAQJSEO000/nodes/0/children s=200 d=924µs s=284
INF http m=GET p=/assets/ServerSettingsPanel-Cmq42vr7.js s=200 d=41µs s=2538
INF http m=GET p=/api/v1/workspaces/43LAQJSEO000/members s=200 d=164µs s=132
INF http m=GET p=/api/v1/workspaces/43LAQJSEO000/nodes/43LAQLCFK000 s=200 d=747µs s=245
INF http m=GET p=/assets/ResourceQuotaForm-Coc__0PE.js s=200 d=27µs s=813
INF http m=GET p=/assets/ResourceQuotaForm-AxNe1Ebg.css s=200 d=33µs s=302
INF http m=GET p=/assets/ProfileSettings-kJBJbTIc.css s=200 d=35µs s=1220
INF http m=GET p=/assets/ProfileSettings-HAdAXUp2.js s=200 d=102µs s=4325
INF http m=GET p=/assets/OrgSettingsPanel-CEubhZUp.css s=200 d=49µs s=509
INF http m=GET p=/assets/OrgSettingsPanel-B6q-g6eD.js s=200 d=60µs s=2306
INF http m=GET p=/assets/InviteForm-fXZCo6g3.js s=200 d=31µs s=1267
INF http m=GET p=/assets/InviteForm-CW-wgFWD.css s=200 d=57µs s=414
INF http m=GET p=/assets/AdminDashboard-R0heLGro.css s=200 d=41µs s=601
INF http m=GET p=/assets/AdminDashboard-Cfrr1YY_.js s=200 d=52µs s=2075
INF http m=GET p=/api/v1/workspaces/43LAQJSEO000/nodes/43LAQMH1O000 s=200 d=291µs s=169
INF http m=GET p=/manifest.webmanifest s=200 d=37µs s=199
ERR Failed to commit DB changes err="failed to stage db changes: exit status 128\nOutput: fatal: Unable to create '/home/runner/work/mddb/mddb/data-e2e/.git/index.lock': File exists.\n\nAnother git process seems to be running in this repository, or the lock file may be stale\n"
INF http m=POST p=/api/v1/workspaces/43LAQMQFU000/nodes/0/table/create s=200 d=24.8ms s=26
INF http m=GET p=/api/v1/workspaces/43LAQJSEO000/nodes/43LAQMH1O000/table/records s=200 d=3.57ms s=127
ERR Failed to commit DB changes err="failed to stage db changes: exit status 128\nOutput: fatal: Unable to create '/home/runner/work/mddb/mddb/data-e2e/.git/index.lock': File exists.\n\nAnother git process seems to be running in this repository, or the lock file may be stale\n"
INF http m=POST p=/api/v1/workspaces/43LAQMQFU000/nodes/43LAQP52I000/table/records/create s=200 d=26.8ms s=26
ERR Failed to commit DB changes err="failed to stage db changes: exit status 128\nOutput: fatal: Unable to create '/home/runner/work/mddb/mddb/data-e2e/.git/index.lock': File exists.\n\nAnother git process seems to be running in this repository, or the lock file may be stale\n"
INF http m=POST p=/api/v1/workspaces/43LAQMQFU000/nodes/43LAQP52I000/table/records/create s=200 d=17.8ms s=26
INF http m=GET p=/w/@43LAQMQFU000+workspace/@43LAQO2JS000+welcome s=200 d=38µs s=532
INF http m=GET p=/api/v1/workspaces/43LAQMQFU000/events s=200 d=272ms s=315
INF http m=GET p=/api/v1/auth/me s=200 d=579µs s=358
INF http m=GET p=/api/v1/workspaces/43LAQMQFU000/nodes/43LAQO2JS000 s=200 d=336µs s=245
INF http m=GET p=/api/v1/notifications/unread-count s=200 d=293µs s=25
INF http m=GET p=/api/v1/workspaces/43LAQMQFU000/members s=200 d=1.02ms s=122
INF http m=GET p=/api/v1/workspaces/43LAQMQFU000/nodes/0/children s=200 d=1.48ms s=287
INF http m=GET p=/api/v1/workspaces/43LAQMQFU000/nodes/43LAQP52I000 s=200 d=740µs s=172
INF http m=GET p=/api/v1/workspaces/43LAQMQFU000/nodes/43LAQP52I000/table/records s=200 d=678µs s=124
INF http m=GET p=/api/v1/workspaces/43LAQJSEO000/events s=200 d=416ms s=93
INF http m=GET p=/api/v1/workspaces/43LAQMQFU000/events s=200 d=234ms s=93
ERR Failed to commit DB changes err="failed to stage db changes: exit status 128\nOutput: fatal: Unable to create '/home/runner/work/mddb/mddb/data-e2e/.git/index.lock': File exists.\n\nAnother git process seems to be running in this repository, or the lock file may be stale\n"
INF http m=POST p=/api/v1/auth/register s=200 d=172ms s=400
INF http m=GET p=/ s=200 d=62µs s=532
INF http m=GET p=/assets/index-D8rN_C6i.js s=200 d=172µs s=49782
INF http m=GET p=/assets/index-BppjCDFJ.css s=200 d=123µs s=12398
ERR Failed to commit DB changes err="failed to stage db changes: exit status 128\nOutput: fatal: Unable to create '/home/runner/work/mddb/mddb/data-e2e/.git/index.lock': File exists.\n\nAnother git process seems to be running in this repository, or the lock file may be stale\n"
INF http m=POST p=/api/v1/auth/register s=200 d=106ms s=392
INF http m=GET p=/assets/editor-vendor-DXykusy4.js s=200 d=197µs s=95952
INF http m=GET p=/assets/vendor-Dz6kinLD.js s=200 d=134µs s=27873
INF http m=GET p=/registerSW.js s=200 d=31µs s=87
INF http m=GET p=/ s=200 d=44µs s=532
INF http m=GET p=/assets/editor-vendor-DXykusy4.js s=200 d=205µs s=95952
INF http m=GET p=/assets/index-BppjCDFJ.css s=200 d=131µs s=12398
INF http m=GET p=/assets/index-D8rN_C6i.js s=200 d=139µs s=49782
INF http m=GET p=/registerSW.js s=200 d=43µs s=87
INF http m=GET p=/assets/vendor-Dz6kinLD.js s=200 d=121µs s=27873
INF http m=GET p=/api/v1/auth/me s=200 d=2.86ms s=169
INF http m=GET p=/assets/en-BOb8f2G7.js s=200 d=73µs s=5207
INF http m=GET p=/favicon.png s=200 d=69µs s=449
INF http m=GET p=/api/v1/notifications/unread-count s=200 d=1.77ms s=25
INF http m=GET p=/api/v1/auth/me s=200 d=287µs s=169
INF http m=GET p=/sw.js s=200 d=108µs s=5541
INF http m=GET p=/assets/en-BOb8f2G7.js s=200 d=104µs s=5207
ERR Failed to commit DB changes err="failed to stage db changes: exit status 128\nOutput: fatal: Unable to create '/home/runner/work/mddb/mddb/data-e2e/.git/index.lock': File exists.\n\nAnother git process seems to be running in this repository, or the lock file may be stale\n"
INF http m=POST p=/api/v1/organizations s=200 d=13.9ms s=355
INF http m=GET p=/sw.js s=200 d=168µs s=5541
INF http m=GET p=/registerSW.js s=200 d=51µs s=87
INF http m=GET p=/favicon.png s=200 d=33µs s=449
INF http m=GET p=/api/v1/notifications/unread-count s=200 d=150µs s=25
INF http m=GET p=/index.html s=200 d=32µs s=532
INF http m=GET p=/icon.svg s=200 d=33µs s=195
ERR Failed to commit DB changes err="failed to stage db changes: exit status 128\nOutput: fatal: Unable to create '/home/runner/work/mddb/mddb/data-e2e/.git/index.lock': File exists.\n\nAnother git process seems to be running in this repository, or the lock file may be stale\n"
INF http m=POST p=/api/v1/organizations s=200 d=20.2ms s=354
INF http m=GET p=/icon-512.png s=200 d=116µs s=6498
INF http m=GET p=/registerSW.js s=200 d=18µs s=87
INF http m=GET p=/api/v1/auth/me s=200 d=244µs s=254
INF http m=GET p=/api/v1/auth/me s=200 d=17.8ms s=255
INF http m=GET p=/icon-192.png s=200 d=41µs s=2468
INF http m=GET p=/index.html s=200 d=34µs s=532
INF http m=GET p=/favicon.png s=200 d=64µs s=449
INF http m=GET p=/icon.svg s=200 d=31µs s=195
INF http m=GET p=/apple-touch-icon.png s=200 d=63µs s=2298
INF http m=GET p=/icon-512.png s=200 d=105µs s=6498
INF http m=GET p=/icon-192.png s=200 d=41µs s=2468
INF http m=GET p=/favicon.png s=200 d=35µs s=449
INF http m=GET p=/assets/material-symbols-names-Dyx5m6Tf.js s=200 d=73µs s=15412
INF http m=GET p=/apple-touch-icon.png s=200 d=35µs s=2298
INF http m=GET p=/assets/material-symbols-names-Dyx5m6Tf.js s=200 d=117µs s=15412
INF http m=GET p=/assets/fr-CgauyyXq.js s=200 d=92µs s=6301
INF http m=GET p=/assets/es-DHO8DnB9.js s=200 d=99µs s=6015
INF http m=GET p=/assets/fr-CgauyyXq.js s=200 d=64µs s=6301
INF http m=GET p=/assets/es-DHO8DnB9.js s=200 d=77µs s=6015
INF http m=GET p=/assets/emoji-groups-BpL1N8nI.js s=200 d=1.91ms s=13798
INF http m=GET p=/assets/emoji-groups-BpL1N8nI.js s=200 d=118µs s=13798
ERR Failed to add workspace submodule wsID=43LAR03A4000 err="failed to add submodule 43LAR03A4000: exit status 128\nOutput: Adding existing repo at '43LAR03A4000' to the index\nfatal: Unable to create '/home/runner/work/mddb/mddb/data-e2e/.git/index.lock': File exists.\n\nAnother git process seems to be running in this repository, or the lock file may be stale\nfatal: Failed to add submodule '43LAR03A4000'\n"
ERR Failed to commit DB changes err="failed to stage db changes: exit status 128\nOutput: fatal: Unable to create '/home/runner/work/mddb/mddb/data-e2e/.git/index.lock': File exists.\n\nAnother git process seems to be running in this repository, or the lock file may be stale\n"
INF http m=POST p=/api/v1/organizations/43LAQVOH0000/workspaces s=200 d=159ms s=303
INF http m=GET p=/assets/de-qJeflSp6.js s=200 d=2.26ms s=6245
INF http m=GET p=/assets/de-qJeflSp6.js s=200 d=122µs s=6245
INF http m=GET p=/assets/WorkspaceSettingsPanel-CeaO382V.css s=200 d=40µs s=1021
INF http m=GET p=/assets/WorkspaceSettingsPanel-CeaO382V.css s=200 d=47µs s=1021
INF http m=GET p=/assets/WorkspaceSettingsPanel-C0CeQhf8.js s=200 d=77µs s=4456
INF http m=GET p=/assets/WorkspaceSettingsPanel-C0CeQhf8.js s=200 d=85µs s=4456
INF http m=GET p=/assets/ServerSettingsPanel-DsIxlWdC.css s=200 d=42µs s=593
ERR Failed to add workspace submodule wsID=43LAR01OM000 err="failed to add submodule 43LAR01OM000: exit status 128\nOutput: Adding existing repo at '43LAR01OM000' to the index\nfatal: Unable to create '/home/runner/work/mddb/mddb/data-e2e/.git/index.lock': File exists.\n\nAnother git process seems to be running in this repository, or the lock file may be stale\nfatal: Failed to add submodule '43LAR01OM000'\n"
INF http m=GET p=/assets/ServerSettingsPanel-DsIxlWdC.css s=200 d=70µs s=593
INF http m=GET p=/assets/ServerSettingsPanel-Cmq42vr7.js s=200 d=313µs s=2538
INF http m=GET p=/assets/ServerSettingsPanel-Cmq42vr7.js s=200 d=37µs s=2538
ERR Failed to commit DB changes err="failed to stage db changes: exit status 128\nOutput: fatal: Unable to create '/home/runner/work/mddb/mddb/data-e2e/.git/index.lock': File exists.\n\nAnother git process seems to be running in this repository, or the lock file may be stale\n"
INF http m=POST p=/api/v1/organizations/43LAQVEP2000/workspaces s=200 d=247ms s=303
INF http m=GET p=/assets/ResourceQuotaForm-Coc__0PE.js s=200 d=43µs s=813
INF http m=GET p=/assets/ResourceQuotaForm-Coc__0PE.js s=200 d=35µs s=813
ERR Failed to commit DB changes err="failed to stage db changes: exit status 128\nOutput: fatal: Unable to create '/home/runner/work/mddb/mddb/data-e2e/.git/index.lock': File exists.\n\nAnother git process seems to be running in this repository, or the lock file may be stale\n"
INF http m=GET p=/assets/ResourceQuotaForm-AxNe1Ebg.css s=200 d=43µs s=302
INF http m=POST p=/api/v1/auth/switch-workspace s=200 d=84.2ms s=580
INF http m=GET p=/assets/ResourceQuotaForm-AxNe1Ebg.css s=200 d=32µs s=302
ERR Failed to commit DB changes err="failed to stage db changes: exit status 128\nOutput: fatal: Unable to create '/home/runner/work/mddb/mddb/data-e2e/.git/index.lock': File exists.\n\nAnother git process seems to be running in this repository, or the lock file may be stale\n"
INF http m=GET p=/assets/ProfileSettings-kJBJbTIc.css s=200 d=25µs s=1220
INF http m=POST p=/api/v1/auth/switch-workspace s=200 d=19.4ms s=580
INF http m=GET p=/assets/ProfileSettings-HAdAXUp2.js s=200 d=57µs s=4325
INF http m=GET p=/assets/ProfileSettings-kJBJbTIc.css s=200 d=28µs s=1220
INF http m=GET p=/assets/OrgSettingsPanel-CEubhZUp.css s=200 d=28µs s=509
INF http m=GET p=/api/v1/notifications/unread-count s=200 d=487µs s=25
INF http m=GET p=/assets/ProfileSettings-HAdAXUp2.js s=200 d=66µs s=4325
INF http m=GET p=/api/v1/workspaces/43LAR03A4000/members s=200 d=355µs s=128
INF http m=GET p=/api/v1/workspaces/43LAR03A4000/nodes/0/children s=200 d=594µs s=26
INF http m=GET p=/assets/OrgSettingsPanel-CEubhZUp.css s=200 d=36µs s=509
INF http m=GET p=/assets/OrgSettingsPanel-B6q-g6eD.js s=200 d=96µs s=2306
INF http m=GET p=/assets/InviteForm-fXZCo6g3.js s=200 d=37µs s=1267
INF http m=GET p=/assets/OrgSettingsPanel-B6q-g6eD.js s=200 d=79µs s=2306
INF http m=GET p=/api/v1/workspaces/43LAR01OM000/nodes/0/children s=200 d=518µs s=26
INF http m=GET p=/api/v1/notifications/unread-count s=200 d=139µs s=25
INF http m=GET p=/api/v1/workspaces/43LAR01OM000/members s=200 d=1.22ms s=121
INF http m=GET p=/assets/InviteForm-CW-wgFWD.css s=200 d=60µs s=414
INF http m=GET p=/assets/InviteForm-fXZCo6g3.js s=200 d=30µs s=1267
INF http m=GET p=/assets/Editor-CO3i7Yl7.css s=200 d=79µs s=2237
INF http m=GET p=/assets/InviteForm-CW-wgFWD.css s=200 d=72µs s=414
INF http m=GET p=/assets/Editor--AVOgcEK.js s=200 d=100µs s=13498
INF http m=GET p=/assets/AdminDashboard-R0heLGro.css s=200 d=42µs s=601
ERR Failed to commit DB changes err="failed to stage db changes: exit status 128\nOutput: fatal: Unable to create '/home/runner/work/mddb/mddb/data-e2e/.git/index.lock': File exists.\n\nAnother git process seems to be running in this repository, or the lock file may be stale\n"
INF http m=POST p=/api/v1/workspaces/43LAR03A4000/nodes/0/page/create s=200 d=40.2ms s=35
INF http m=GET p=/assets/Editor-CO3i7Yl7.css s=200 d=96µs s=2237
INF http m=GET p=/api/v1/workspaces/43LAR03A4000/nodes/0/children s=200 d=849µs s=257
INF http m=GET p=/assets/AdminDashboard-Cfrr1YY_.js s=200 d=3.07ms s=2075
INF http m=GET p=/assets/Editor--AVOgcEK.js s=200 d=89µs s=13498
INF http m=GET p=/api/v1/workspaces/43LAR03A4000/nodes/43LAR1VIA000 s=200 d=845µs s=245
INF http m=GET p=/manifest.webmanifest s=200 d=29µs s=199
INF http m=GET p=/assets/AdminDashboard-R0heLGro.css s=200 d=26µs s=601
ERR Failed to commit DB changes err="failed to stage db changes: exit status 128\nOutput: fatal: Unable to create '/home/runner/work/mddb/mddb/data-e2e/.git/index.lock': File exists.\n\nAnother git process seems to be running in this repository, or the lock file may be stale\n"
INF http m=POST p=/api/v1/workspaces/43LAR01OM000/nodes/0/page/create s=200 d=25ms s=35
INF http m=GET p=/api/v1/workspaces/43LAR01OM000/nodes/0/children s=200 d=897µs s=296
INF http m=GET p=/assets/AdminDashboard-Cfrr1YY_.js s=200 d=53µs s=2075
INF http m=GET p=/api/v1/workspaces/43LAR01OM000/nodes/43LAR271U000 s=200 d=1.92ms s=245
ERR Failed to commit DB changes err="failed to stage db changes: exit status 128\nOutput: fatal: Unable to create '/home/runner/work/mddb/mddb/data-e2e/.git/index.lock': File exists.\n\nAnother git process seems to be running in this repository, or the lock file may be stale\n"
INF http m=POST p=/api/v1/workspaces/43LAR01OM000/nodes/0/table/create s=200 d=39.7ms s=26
INF http m=GET p=/manifest.webmanifest s=200 d=32µs s=199
ERR Failed to commit DB changes err="failed to stage db changes: exit status 128\nOutput: fatal: Unable to create '/home/runner/work/mddb/mddb/data-e2e/.git/index.lock': File exists.\n\nAnother git process seems to be running in this repository, or the lock file may be stale\n"
INF http m=POST p=/api/v1/workspaces/43LAR01OM000/nodes/43LAR2B00000/table/records/create s=200 d=20.9ms s=26
ERR Failed to commit DB changes err="failed to stage db changes: exit status 128\nOutput: fatal: Unable to create '/home/runner/work/mddb/mddb/data-e2e/.git/index.lock': File exists.\n\nAnother git process seems to be running in this repository, or the lock file may be stale\n"
INF http m=POST p=/api/v1/workspaces/43LAR03A4000/nodes/0/table/create s=200 d=21.7ms s=26
ERR Failed to commit DB changes err="failed to stage db changes: exit status 128\nOutput: fatal: Unable to create '/home/runner/work/mddb/mddb/data-e2e/.git/index.lock': File exists.\n\nAnother git process seems to be running in this repository, or the lock file may be stale\n"
INF http m=POST p=/api/v1/workspaces/43LAR01OM000/nodes/43LAR2B00000/table/records/create s=200 d=29.1ms s=26
INF http m=GET p=/w/@43LAR03A4000+workspace/@43LAR1VIA000+welcome s=200 d=41µs s=532
INF http m=GET p=/api/v1/workspaces/43LAR03A4000/events s=200 d=175ms s=236
ERR Failed to commit DB changes err="failed to stage db changes: exit status 128\nOutput: fatal: Unable to create '/home/runner/work/mddb/mddb/data-e2e/.git/index.lock': File exists.\n\nAnother git process seems to be running in this repository, or the lock file may be stale\n"
INF http m=POST p=/api/v1/workspaces/43LAR01OM000/nodes/43LAR2B00000/table/records/create s=200 d=36.2ms s=26
INF http m=GET p=/w/@43LAR01OM000+workspace/@43LAR271U000+welcome s=200 d=50µs s=532
INF http m=GET p=/api/v1/workspaces/43LAR01OM000/events s=200 d=186ms s=337
INF http m=GET p=/api/v1/auth/me s=200 d=1.21ms s=358
INF http m=GET p=/api/v1/workspaces/43LAR03A4000/members s=200 d=552µs s=128
INF http m=GET p=/api/v1/workspaces/43LAR03A4000/nodes/43LAR1VIA000 s=200 d=804µs s=245
INF http m=GET p=/api/v1/notifications/unread-count s=200 d=128µs s=25
INF http m=GET p=/api/v1/workspaces/43LAR03A4000/nodes/0/children s=200 d=998µs s=282
INF http m=GET p=/api/v1/auth/me s=200 d=7.53ms s=361
INF http m=GET p=/api/v1/workspaces/43LAR01OM000/nodes/43LAR271U000 s=200 d=485µs s=245
INF http m=GET p=/api/v1/workspaces/43LAR01OM000/members s=200 d=247µs s=121
INF http m=GET p=/api/v1/notifications/unread-count s=200 d=135µs s=25
INF http m=GET p=/api/v1/workspaces/43LAR01OM000/nodes/0/children s=200 d=617µs s=296
INF http m=GET p=/api/v1/workspaces/43LAR03A4000/nodes/43LAR2O8M000 s=200 d=768µs s=165
INF http m=GET p=/api/v1/workspaces/43LAR03A4000/nodes/43LAR2O8M000/table/records s=200 d=689µs s=28
INF http m=GET p=/api/v1/workspaces/43LAR01OM000/nodes/43LAR2B00000 s=200 d=740µs s=202
INF http m=GET p=/api/v1/workspaces/43LAR03A4000/events s=200 d=136ms s=93
INF http m=GET p=/api/v1/workspaces/43LAR01OM000/nodes/43LAR2B00000/table/records s=200 d=1.97ms s=158
ERR Failed to commit DB changes err="failed to stage db changes: exit status 128\nOutput: fatal: Unable to create '/home/runner/work/mddb/mddb/data-e2e/.git/index.lock': File exists.\n\nAnother git process seems to be running in this repository, or the lock file may be stale\n"
INF http m=POST p=/api/v1/auth/register s=200 d=82.6ms s=392
INF http m=GET p=/ s=200 d=61µs s=532
INF http m=GET p=/assets/index-D8rN_C6i.js s=200 d=189µs s=49782
INF http m=GET p=/assets/index-BppjCDFJ.css s=200 d=90µs s=12398
INF http m=GET p=/assets/editor-vendor-DXykusy4.js s=200 d=189µs s=95952
INF http m=GET p=/assets/vendor-Dz6kinLD.js s=200 d=136µs s=27873
INF http m=GET p=/registerSW.js s=200 d=37µs s=87
INF http m=GET p=/assets/en-BOb8f2G7.js s=200 d=97µs s=5207
INF http m=GET p=/api/v1/auth/me s=200 d=1.19ms s=167
INF http m=GET p=/favicon.png s=200 d=44µs s=449
INF http m=GET p=/sw.js s=200 d=115µs s=5541
INF http m=GET p=/api/v1/notifications/unread-count s=200 d=178µs s=25
ERR Failed to commit DB changes err="failed to stage db changes: exit status 128\nOutput: fatal: Unable to create '/home/runner/work/mddb/mddb/data-e2e/.git/index.lock': File exists.\n\nAnother git process seems to be running in this repository, or the lock file may be stale\n"
INF http m=POST p=/api/v1/organizations s=200 d=9.87ms s=352
INF http m=GET p=/registerSW.js s=200 d=48µs s=87
INF http m=GET p=/index.html s=200 d=38µs s=532
INF http m=GET p=/api/v1/auth/me s=200 d=300µs s=253
INF http m=GET p=/icon.svg s=200 d=28µs s=195
INF http m=GET p=/icon-512.png s=200 d=1.6ms s=6498
INF http m=GET p=/icon-192.png s=200 d=44µs s=2468
INF http m=GET p=/favicon.png s=200 d=38µs s=449
INF http m=GET p=/apple-touch-icon.png s=200 d=57µs s=2298
INF http m=GET p=/assets/material-symbols-names-Dyx5m6Tf.js s=200 d=172µs s=15412
INF http m=GET p=/assets/fr-CgauyyXq.js s=200 d=82µs s=6301
ERR Failed to add workspace submodule wsID=43LAR7KRI000 err="failed to add submodule 43LAR7KRI000: exit status 128\nOutput: Adding existing repo at '43LAR7KRI000' to the index\nfatal: Unable to create '/home/runner/work/mddb/mddb/data-e2e/.git/index.lock': File exists.\n\nAnother git process seems to be running in this repository, or the lock file may be stale\nfatal: Failed to add submodule '43LAR7KRI000'\n"
ERR Failed to commit DB changes err="failed to stage db changes: exit status 128\nOutput: fatal: Unable to create '/home/runner/work/mddb/mddb/data-e2e/.git/index.lock': File exists.\n\nAnother git process seems to be running in this repository, or the lock file may be stale\n"
INF http m=POST p=/api/v1/organizations/43LAR7AC6000/workspaces s=200 d=113ms s=300
INF http m=GET p=/assets/es-DHO8DnB9.js s=200 d=182µs s=6015
ERR Failed to commit DB changes err="failed to stage db changes: exit status 128\nOutput: fatal: Unable to create '/home/runner/work/mddb/mddb/data-e2e/.git/index.lock': File exists.\n\nAnother git process seems to be running in this repository, or the lock file may be stale\n"
INF http m=POST p=/api/v1/auth/switch-workspace s=200 d=11.2ms s=578
INF http m=GET p=/api/v1/workspaces/43LAR01OM000/events s=200 d=729ms s=93
INF http m=GET p=/assets/emoji-groups-BpL1N8nI.js s=200 d=128µs s=13798
INF http m=GET p=/api/v1/workspaces/43LAR7KRI000/nodes/0/children s=200 d=324µs s=26
INF http m=GET p=/api/v1/notifications/unread-count s=200 d=208µs s=25
INF http m=GET p=/api/v1/workspaces/43LAR7KRI000/members s=200 d=571µs s=128
ERR Failed to commit DB changes err="failed to stage db changes: exit status 128\nOutput: fatal: Unable to create '/home/runner/work/mddb/mddb/data-e2e/.git/index.lock': File exists.\n\nAnother git process seems to be running in this repository, or the lock file may be stale\n"
INF http m=POST p=/api/v1/workspaces/43LAR7KRI000/nodes/0/page/create s=200 d=30.8ms s=35
INF http m=GET p=/api/v1/workspaces/43LAR7KRI000/nodes/0/children s=200 d=322µs s=257
INF http m=GET p=/api/v1/workspaces/43LAR7KRI000/nodes/43LAR8Q1A000 s=200 d=365µs s=245
INF http m=GET p=/assets/de-qJeflSp6.js s=200 d=114µs s=6245
INF http m=GET p=/assets/Editor--AVOgcEK.js s=200 d=93µs s=13498
INF http m=GET p=/assets/Editor-CO3i7Yl7.css s=200 d=86µs s=2237
INF http m=GET p=/assets/WorkspaceSettingsPanel-CeaO382V.css s=200 d=40µs s=1021
INF http m=GET p=/assets/WorkspaceSettingsPanel-C0CeQhf8.js s=200 d=144µs s=4456
INF http m=GET p=/assets/ServerSettingsPanel-DsIxlWdC.css s=200 d=47µs s=593
INF http m=GET p=/assets/ServerSettingsPanel-Cmq42vr7.js s=200 d=67µs s=2538
INF http m=GET p=/assets/ResourceQuotaForm-Coc__0PE.js s=200 d=42µs s=813
INF http m=GET p=/assets/ResourceQuotaForm-AxNe1Ebg.css s=200 d=48µs s=302
INF http m=GET p=/assets/ProfileSettings-kJBJbTIc.css s=200 d=45µs s=1220
INF http m=GET p=/assets/ProfileSettings-HAdAXUp2.js s=200 d=85µs s=4325
INF http m=GET p=/assets/OrgSettingsPanel-CEubhZUp.css s=200 d=38µs s=509
INF http m=GET p=/assets/OrgSettingsPanel-B6q-g6eD.js s=200 d=58µs s=2306
INF http m=GET p=/assets/InviteForm-fXZCo6g3.js s=200 d=63µs s=1267
INF http m=GET p=/assets/InviteForm-CW-wgFWD.css s=200 d=1.54ms s=414
ERR Failed to commit DB changes err="failed to stage db changes: exit status 128\nOutput: fatal: Unable to create '/home/runner/work/mddb/mddb/data-e2e/.git/index.lock': File exists.\n\nAnother git process seems to be running in this repository, or the lock file may be stale\n"
INF http m=POST p=/api/v1/workspaces/43LAR7KRI000/nodes/0/page/create s=200 d=45.3ms s=26
INF http m=GET p=/w/@43LAR7KRI000+workspace/@43LAR8Q1A000+welcome s=200 d=33µs s=532
INF http m=GET p=/api/v1/workspaces/43LAR7KRI000/events s=200 d=290ms s=231
INF http m=GET p=/registerSW.js s=200 d=48µs s=87
INF http m=GET p=/assets/AdminDashboard-R0heLGro.css s=200 d=47µs s=601
INF http m=GET p=/assets/AdminDashboard-Cfrr1YY_.js s=200 d=55µs s=2075
INF http m=GET p=/api/v1/auth/me s=200 d=1.4ms s=355
INF http m=GET p=/manifest.webmanifest s=200 d=31µs s=199
ERR Failed to commit DB changes err="failed to stage db changes: exit status 128\nOutput: fatal: Unable to create '/home/runner/work/mddb/mddb/data-e2e/.git/index.lock': File exists.\n\nAnother git process seems to be running in this repository, or the lock file may be stale\n"
INF http m=POST p=/api/v1/auth/register s=200 d=117ms s=381
INF http m=GET p=/ s=200 d=78µs s=532
INF http m=GET p=/api/v1/notifications/unread-count s=200 d=220µs s=25
INF http m=GET p=/api/v1/workspaces/43LAR7KRI000/nodes/0/children s=200 d=810µs s=260
INF http m=GET p=/api/v1/workspaces/43LAR7KRI000/members s=200 d=556µs s=128
INF http m=GET p=/api/v1/workspaces/43LAR7KRI000/nodes/43LAR8Q1A000 s=200 d=4.88ms s=245
INF http m=GET p=/assets/index-D8rN_C6i.js s=200 d=181µs s=49782
INF http m=GET p=/assets/index-BppjCDFJ.css s=200 d=222µs s=12398
INF http m=GET p=/assets/editor-vendor-DXykusy4.js s=200 d=203µs s=95952
INF http m=GET p=/assets/vendor-Dz6kinLD.js s=200 d=117µs s=27873
INF http m=GET p=/registerSW.js s=200 d=170µs s=87
INF http m=GET p=/api/v1/workspaces/43LAR7KRI000/nodes/43LARA1DA000 s=200 d=330µs s=154
INF http m=GET p=/assets/en-BOb8f2G7.js s=200 d=101µs s=5207
INF http m=GET p=/api/v1/auth/me s=200 d=233µs s=163
INF http m=GET p=/api/v1/notifications/unread-count s=200 d=197µs s=25
INF http m=GET p=/sw.js s=200 d=72µs s=5541
INF http m=GET p=/favicon.png s=200 d=32µs s=449
ERR Failed to commit DB changes err="failed to stage db changes: exit status 128\nOutput: fatal: Unable to create '/home/runner/work/mddb/mddb/data-e2e/.git/index.lock': File exists.\n\nAnother git process seems to be running in this repository, or the lock file may be stale\n"
INF http m=POST p=/api/v1/organizations s=200 d=13ms s=352
INF http m=GET p=/api/v1/auth/me s=200 d=256µs s=251
INF http m=GET p=/registerSW.js s=200 d=37µs s=87
INF http m=GET p=/index.html s=200 d=145µs s=532
INF http m=GET p=/icon.svg s=200 d=33µs s=195
INF http m=GET p=/icon-512.png s=200 d=70µs s=6498
INF http m=GET p=/icon-192.png s=200 d=39µs s=2468
INF http m=GET p=/api/v1/workspaces/43LAR7KRI000/events s=200 d=265ms s=93
INF http m=GET p=/favicon.png s=200 d=53µs s=449
INF http m=GET p=/apple-touch-icon.png s=200 d=57µs s=2298
INF http m=GET p=/assets/material-symbols-names-Dyx5m6Tf.js s=200 d=129µs s=15412
INF http m=GET p=/assets/fr-CgauyyXq.js s=200 d=91µs s=6301
INF http m=GET p=/assets/es-DHO8DnB9.js s=200 d=74µs s=6015
INF http m=GET p=/assets/emoji-groups-BpL1N8nI.js s=200 d=95µs s=13798
ERR Failed to add workspace submodule wsID=43LARCDUG000 err="failed to add submodule 43LARCDUG000: exit status 128\nOutput: Adding existing repo at '43LARCDUG000' to the index\nfatal: Unable to create '/home/runner/work/mddb/mddb/data-e2e/.git/index.lock': File exists.\n\nAnother git process seems to be running in this repository, or the lock file may be stale\nfatal: Failed to add submodule '43LARCDUG000'\n"
ERR Failed to commit DB changes err="failed to stage db changes: exit status 128\nOutput: fatal: Unable to create '/home/runner/work/mddb/mddb/data-e2e/.git/index.lock': File exists.\n\nAnother git process seems to be running in this repository, or the lock file may be stale\n"
INF http m=POST p=/api/v1/organizations/43LARC8PA000/workspaces s=200 d=154ms s=302
ERR Failed to commit DB changes err="failed to stage db changes: exit status 128\nOutput: fatal: Unable to create '/home/runner/work/mddb/mddb/data-e2e/.git/index.lock': File exists.\n\nAnother git process seems to be running in this repository, or the lock file may be stale\n"
INF http m=POST p=/api/v1/auth/switch-workspace s=200 d=15.9ms s=611
INF http m=GET p=/assets/de-qJeflSp6.js s=200 d=87µs s=6245
INF http m=GET p=/api/v1/workspaces/43LARCDUG000/nodes/0/children s=200 d=332µs s=26
INF http m=GET p=/api/v1/notifications/unread-count s=200 d=136µs s=25
INF http m=GET p=/assets/WorkspaceSettingsPanel-CeaO382V.css s=200 d=48µs s=1021
INF http m=GET p=/api/v1/workspaces/43LARCDUG000/members s=200 d=24.2ms s=126
INF http m=GET p=/assets/WorkspaceSettingsPanel-C0CeQhf8.js s=200 d=134µs s=4456
INF http m=GET p=/assets/ServerSettingsPanel-DsIxlWdC.css s=200 d=40µs s=593
INF http m=GET p=/assets/ServerSettingsPanel-Cmq42vr7.js s=200 d=91µs s=2538
ERR Failed to commit DB changes err="failed to stage db changes: exit status 128\nOutput: fatal: Unable to create '/home/runner/work/mddb/mddb/data-e2e/.git/index.lock': File exists.\n\nAnother git process seems to be running in this repository, or the lock file may be stale\n"
INF http m=POST p=/api/v1/workspaces/43LARCDUG000/nodes/0/page/create s=200 d=39.6ms s=35
INF http m=GET p=/assets/ResourceQuotaForm-Coc__0PE.js s=200 d=63µs s=813
INF http m=GET p=/api/v1/workspaces/43LARCDUG000/nodes/0/children s=200 d=762µs s=257
INF http m=GET p=/assets/ResourceQuotaForm-AxNe1Ebg.css s=200 d=39µs s=302
INF http m=GET p=/assets/ProfileSettings-kJBJbTIc.css s=200 d=42µs s=1220
INF http m=GET p=/api/v1/workspaces/43LARCDUG000/nodes/43LARDT7O000 s=200 d=697µs s=245
INF http m=GET p=/assets/ProfileSettings-HAdAXUp2.js s=200 d=79µs s=4325
INF http m=GET p=/assets/Editor-CO3i7Yl7.css s=200 d=60µs s=2237
INF http m=GET p=/assets/Editor--AVOgcEK.js s=200 d=68µs s=13498
INF http m=GET p=/assets/OrgSettingsPanel-CEubhZUp.css s=200 d=43µs s=509
INF http m=GET p=/assets/OrgSettingsPanel-B6q-g6eD.js s=200 d=67µs s=2306
INF http m=GET p=/assets/InviteForm-fXZCo6g3.js s=200 d=35µs s=1267
INF http m=GET p=/assets/InviteForm-CW-wgFWD.css s=200 d=39µs s=414
INF http m=GET p=/assets/AdminDashboard-R0heLGro.css s=200 d=41µs s=601
INF http m=GET p=/assets/AdminDashboard-Cfrr1YY_.js s=200 d=63µs s=2075
INF http m=GET p=/manifest.webmanifest s=200 d=43µs s=199
ERR Failed to commit DB changes err="failed to stage db changes: exit status 128\nOutput: fatal: Unable to create '/home/runner/work/mddb/mddb/data-e2e/.git/index.lock': File exists.\n\nAnother git process seems to be running in this repository, or the lock file may be stale\n"
INF http m=POST p=/api/v1/auth/register s=200 d=113ms s=384
INF http m=GET p=/ s=200 d=62µs s=532
ERR Failed to commit DB changes err="failed to stage db changes: exit status 128\nOutput: fatal: Unable to create '/home/runner/work/mddb/mddb/data-e2e/.git/index.lock': File exists.\n\nAnother git process seems to be running in this repository, or the lock file may be stale\n"
INF http m=POST p=/api/v1/workspaces/43LARCDUG000/nodes/0/table/create s=200 d=32.8ms s=26
INF http m=GET p=/assets/index-D8rN_C6i.js s=200 d=180µs s=49782
INF http m=GET p=/assets/index-BppjCDFJ.css s=200 d=121µs s=12398
INF http m=GET p=/registerSW.js s=200 d=74µs s=87
INF http m=GET p=/assets/vendor-Dz6kinLD.js s=200 d=159µs s=27873
INF http m=GET p=/assets/editor-vendor-DXykusy4.js s=200 d=162µs s=95952
ERR Failed to commit DB changes err="failed to stage db changes: exit status 128\nOutput: fatal: Unable to create '/home/runner/work/mddb/mddb/data-e2e/.git/index.lock': File exists.\n\nAnother git process seems to be running in this repository, or the lock file may be stale\n"
INF http m=POST p=/api/v1/workspaces/43LARCDUG000/nodes/43LARETKG000/views/create s=200 d=37.9ms s=26
ERR Failed to commit DB changes err="failed to stage db changes: exit status 128\nOutput: fatal: Unable to create '/home/runner/work/mddb/mddb/data-e2e/.git/index.lock': File exists.\n\nAnother git process seems to be running in this repository, or the lock file may be stale\n"
INF http m=POST p=/api/v1/workspaces/43LARCDUG000/nodes/43LARETKG000/views/create s=200 d=27.2ms s=26
INF http m=GET p=/w/@43LARCDUG000+workspace/@43LARETKG000 s=200 d=41µs s=532
INF http m=GET p=/api/v1/workspaces/43LARCDUG000/events s=200 d=325ms s=286
INF http m=GET p=/api/v1/auth/me s=200 d=752µs s=166
INF http m=GET p=/assets/en-BOb8f2G7.js s=200 d=94µs s=5207
INF http m=GET p=/api/v1/notifications/unread-count s=200 d=178µs s=25
INF http m=GET p=/favicon.png s=200 d=44µs s=449
INF http m=GET p=/sw.js s=200 d=81µs s=5541
INF http m=GET p=/api/v1/auth/me s=200 d=925µs s=352
ERR Failed to commit DB changes err="failed to stage db changes: exit status 128\nOutput: fatal: Unable to create '/home/runner/work/mddb/mddb/data-e2e/.git/index.lock': File exists.\n\nAnother git process seems to be running in this repository, or the lock file may be stale\n"
INF http m=POST p=/api/v1/organizations s=200 d=19ms s=352
INF http m=GET p=/registerSW.js s=200 d=43µs s=87
INF http m=GET p=/api/v1/auth/me s=200 d=423µs s=252
INF http m=GET p=/index.html s=200 d=42µs s=532
INF http m=GET p=/api/v1/workspaces/43LARCDUG000/nodes/43LARETKG000 s=200 d=843µs s=186
INF http m=GET p=/api/v1/workspaces/43LARCDUG000/members s=200 d=6.52ms s=126
INF http m=GET p=/api/v1/notifications/unread-count s=200 d=4.63ms s=25
INF http m=GET p=/icon.svg s=200 d=29µs s=195
INF http m=GET p=/api/v1/workspaces/43LARCDUG000/nodes/0/children s=200 d=5.74ms s=323
INF http m=GET p=/icon-512.png s=200 d=159µs s=6498
INF http m=GET p=/api/v1/workspaces/43LARCDUG000/nodes/43LARETKG000/table/records s=200 d=20.3ms s=28
INF http m=GET p=/icon-192.png s=200 d=57µs s=2468
INF http m=GET p=/favicon.png s=200 d=37µs s=449
INF http m=GET p=/apple-touch-icon.png s=200 d=63µs s=2298
INF http m=GET p=/api/v1/workspaces/43LARCDUG000/events s=200 d=80.5ms s=93
INF http m=GET p=/assets/material-symbols-names-Dyx5m6Tf.js s=200 d=108µs s=15412
ERR Failed to add workspace submodule wsID=43LARGN4K000 err="failed to add submodule 43LARGN4K000: exit status 128\nOutput: Adding existing repo at '43LARGN4K000' to the index\nfatal: Unable to create '/home/runner/work/mddb/mddb/data-e2e/.git/index.lock': File exists.\n\nAnother git process seems to be running in this repository, or the lock file may be stale\nfatal: Failed to add submodule '43LARGN4K000'\n"
ERR Failed to commit DB changes err="failed to stage db changes: exit status 128\nOutput: fatal: Unable to create '/home/runner/work/mddb/mddb/data-e2e/.git/index.lock': File exists.\n\nAnother git process seems to be running in this repository, or the lock file may be stale\n"
INF http m=POST p=/api/v1/organizations/43LARG9JS000/workspaces s=200 d=156ms s=296
ERR Failed to commit DB changes err="failed to stage db changes: exit status 128\nOutput: fatal: Unable to create '/home/runner/work/mddb/mddb/data-e2e/.git/index.lock': File exists.\n\nAnother git process seems to be running in this repository, or the lock file may be stale\n"
INF http m=POST p=/api/v1/auth/switch-workspace s=200 d=14.6ms s=585
INF http m=GET p=/assets/fr-CgauyyXq.js s=200 d=73µs s=6301
INF http m=GET p=/assets/es-DHO8DnB9.js s=200 d=94µs s=6015
INF http m=GET p=/api/v1/workspaces/43LARGN4K000/nodes/0/children s=200 d=364µs s=26
INF http m=GET p=/api/v1/notifications/unread-count s=200 d=167µs s=25
INF http m=GET p=/api/v1/workspaces/43LARGN4K000/members s=200 d=735µs s=124
INF http m=GET p=/assets/emoji-groups-BpL1N8nI.js s=200 d=152µs s=13798
ERR Failed to commit DB changes err="failed to stage db changes: exit status 128\nOutput: fatal: Unable to create '/home/runner/work/mddb/mddb/data-e2e/.git/index.lock': File exists.\n\nAnother git process seems to be running in this repository, or the lock file may be stale\n"
INF http m=POST p=/api/v1/workspaces/43LARGN4K000/nodes/0/page/create s=200 d=23.8ms s=35
INF http m=GET p=/api/v1/workspaces/43LARGN4K000/nodes/0/children s=200 d=553µs s=257
INF http m=GET p=/api/v1/workspaces/43LARGN4K000/nodes/43LARI49O000 s=200 d=747µs s=245
INF http m=GET p=/assets/Editor--AVOgcEK.js s=200 d=207µs s=13498
INF http m=GET p=/assets/Editor-CO3i7Yl7.css s=200 d=47µs s=2237
INF http m=GET p=/assets/de-qJeflSp6.js s=200 d=147µs s=6245
INF http m=GET p=/assets/WorkspaceSettingsPanel-CeaO382V.css s=200 d=45µs s=1021
INF http m=GET p=/assets/WorkspaceSettingsPanel-C0CeQhf8.js s=200 d=136µs s=4456
INF http m=GET p=/assets/ServerSettingsPanel-DsIxlWdC.css s=200 d=38µs s=593
INF http m=GET p=/assets/ServerSettingsPanel-Cmq42vr7.js s=200 d=152µs s=2538
INF http m=GET p=/assets/ResourceQuotaForm-Coc__0PE.js s=200 d=47µs s=813
INF http m=GET p=/assets/ResourceQuotaForm-AxNe1Ebg.css s=200 d=40µs s=302
INF http m=GET p=/assets/ProfileSettings-kJBJbTIc.css s=200 d=69µs s=1220
INF http m=GET p=/assets/ProfileSettings-HAdAXUp2.js s=200 d=74µs s=4325
INF http m=GET p=/assets/OrgSettingsPanel-CEubhZUp.css s=200 d=40µs s=509
ERR Failed to commit DB changes err="failed to stage db changes: exit status 128\nOutput: fatal: Unable to create '/home/runner/work/mddb/mddb/data-e2e/.git/index.lock': File exists.\n\nAnother git process seems to be running in this repository, or the lock file may be stale\n"
INF http m=POST p=/api/v1/workspaces/43LARGN4K000/nodes/0/table/create s=200 d=42.6ms s=26
INF http m=GET p=/assets/OrgSettingsPanel-B6q-g6eD.js s=200 d=51µs s=2306
INF http m=GET p=/assets/InviteForm-fXZCo6g3.js s=200 d=31µs s=1267
ERR Failed to commit DB changes err="failed to stage db changes: exit status 128\nOutput: fatal: Unable to create '/home/runner/work/mddb/mddb/data-e2e/.git/index.lock': File exists.\n\nAnother git process seems to be running in this repository, or the lock file may be stale\n"
INF http m=POST p=/api/v1/workspaces/43LARGN4K000/nodes/43LARJ656000/table/records/create s=200 d=18.7ms s=26
INF http m=GET p=/assets/InviteForm-CW-wgFWD.css s=200 d=41µs s=414
ERR Failed to commit DB changes err="failed to stage db changes: exit status 128\nOutput: fatal: Unable to create '/home/runner/work/mddb/mddb/data-e2e/.git/index.lock': File exists.\n\nAnother git process seems to be running in this repository, or the lock file may be stale\n"
INF http m=POST p=/api/v1/auth/register s=200 d=120ms s=393
INF http m=GET p=/ s=200 d=57µs s=532
ERR Failed to commit DB changes err="failed to stage db changes: exit status 128\nOutput: fatal: Unable to create '/home/runner/work/mddb/mddb/data-e2e/.git/index.lock': File exists.\n\nAnother git process seems to be running in this repository, or the lock file may be stale\n"
INF http m=POST p=/api/v1/workspaces/43LARGN4K000/nodes/43LARJ656000/table/records/create s=200 d=31.1ms s=26
INF http m=GET p=/api/v1/workspaces/43LARGN4K000/nodes/43LARJ656000/table/records s=200 d=357µs s=153
INF http m=GET p=/assets/AdminDashboard-R0heLGro.css s=200 d=38µs s=601
INF http m=GET p=/assets/AdminDashboard-Cfrr1YY_.js s=200 d=52µs s=2075
INF http m=GET p=/manifest.webmanifest s=200 d=35µs s=199
ERR Failed to commit DB changes err="failed to stage db changes: exit status 128\nOutput: fatal: Unable to create '/home/runner/work/mddb/mddb/data-e2e/.git/index.lock': File exists.\n\nAnother git process seems to be running in this repository, or the lock file may be stale\n"
INF http m=POST p=/api/v1/workspaces/43LARGN4K000/nodes/43LARJ656000/views/create s=200 d=22.8ms s=26
INF http m=GET p=/assets/index-D8rN_C6i.js s=200 d=183µs s=49782
INF http m=GET p=/assets/index-BppjCDFJ.css s=200 d=157µs s=12398
INF http m=GET p=/assets/editor-vendor-DXykusy4.js s=200 d=224µs s=95952
INF http m=GET p=/registerSW.js s=200 d=50µs s=87
INF http m=GET p=/assets/vendor-Dz6kinLD.js s=200 d=109µs s=27873
ERR Failed to commit DB changes err="failed to stage db changes: exit status 128\nOutput: fatal: Unable to create '/home/runner/work/mddb/mddb/data-e2e/.git/index.lock': File exists.\n\nAnother git process seems to be running in this repository, or the lock file may be stale\n"
INF http m=POST p=/api/v1/workspaces/43LARGN4K000/nodes/43LARJ656000/views/43LARJROM000 s=200 d=37.9ms s=26
INF http m=GET p=/api/v1/workspaces/43LARGN4K000/nodes/43LARJ656000/table/records s=200 d=360µs s=124
INF http m=GET p=/api/v1/workspaces/43LARGN4K000/nodes/43LARJ656000/table/records s=200 d=317µs s=122
INF http m=GET p=/api/v1/workspaces/43LARGN4K000/events s=200 d=411ms s=376
INF http m=GET p=/assets/en-BOb8f2G7.js s=200 d=247µs s=5207
INF http m=GET p=/api/v1/auth/me s=200 d=648µs s=170
INF http m=GET p=/api/v1/notifications/unread-count s=200 d=269µs s=25
INF http m=GET p=/sw.js s=200 d=70µs s=5541
ERR Failed to commit DB changes err="failed to stage db changes: exit status 128\nOutput: fatal: Unable to create '/home/runner/work/mddb/mddb/data-e2e/.git/index.lock': File exists.\n\nAnother git process seems to be running in this repository, or the lock file may be stale\n"
INF http m=POST p=/api/v1/organizations s=200 d=8.64ms s=356
INF http m=GET p=/favicon.png s=200 d=55µs s=449
INF http m=GET p=/api/v1/auth/me s=200 d=301µs s=254
INF http m=GET p=/registerSW.js s=200 d=38µs s=87
INF http m=GET p=/index.html s=200 d=40µs s=532
INF http m=GET p=/icon.svg s=200 d=64µs s=195
INF http m=GET p=/icon-512.png s=200 d=145µs s=6498
INF http m=GET p=/icon-192.png s=200 d=59µs s=2468
INF http m=GET p=/favicon.png s=200 d=28µs s=449
INF http m=GET p=/apple-touch-icon.png s=200 d=53µs s=2298
INF http m=GET p=/assets/material-symbols-names-Dyx5m6Tf.js s=200 d=109µs s=15412
INF http m=GET p=/assets/fr-CgauyyXq.js s=200 d=86µs s=6301
ERR Failed to add workspace submodule wsID=43LARL57U000 err="failed to add submodule 43LARL57U000: exit status 128\nOutput: Adding existing repo at '43LARL57U000' to the index\nfatal: Unable to create '/home/runner/work/mddb/mddb/data-e2e/.git/index.lock': File exists.\n\nAnother git process seems to be running in this repository, or the lock file may be stale\nfatal: Failed to add submodule '43LARL57U000'\n"
INF http m=GET p=/assets/es-DHO8DnB9.js s=200 d=70µs s=6015
ERR Failed to commit DB changes err="failed to stage db changes: exit status 128\nOutput: fatal: Unable to create '/home/runner/work/mddb/mddb/data-e2e/.git/index.lock': File exists.\n\nAnother git process seems to be running in this repository, or the lock file may be stale\n"
INF http m=POST p=/api/v1/organizations/43LARKT8M000/workspaces s=200 d=171ms s=304
ERR Failed to commit DB changes err="failed to stage db changes: exit status 128\nOutput: fatal: Unable to create '/home/runner/work/mddb/mddb/data-e2e/.git/index.lock': File exists.\n\nAnother git process seems to be running in this repository, or the lock file may be stale\n"
INF http m=POST p=/api/v1/auth/switch-workspace s=200 d=23ms s=608
INF http m=GET p=/assets/emoji-groups-BpL1N8nI.js s=200 d=122µs s=13798
INF http m=GET p=/api/v1/notifications/unread-count s=200 d=236µs s=25
INF http m=GET p=/api/v1/workspaces/43LARL57U000/members s=200 d=218µs s=126
INF http m=GET p=/api/v1/workspaces/43LARL57U000/nodes/0/children s=200 d=3.44ms s=26
ERR Failed to commit DB changes err="failed to stage db changes: exit status 128\nOutput: fatal: Unable to create '/home/runner/work/mddb/mddb/data-e2e/.git/index.lock': File exists.\n\nAnother git process seems to be running in this repository, or the lock file may be stale\n"
INF http m=POST p=/api/v1/auth/register s=200 d=135ms s=404
INF http m=GET p=/ s=200 d=56µs s=532
INF http m=GET p=/assets/de-qJeflSp6.js s=200 d=104µs s=6245
ERR Failed to commit DB changes err="failed to stage db changes: exit status 128\nOutput: fatal: Unable to create '/home/runner/work/mddb/mddb/data-e2e/.git/index.lock': File exists.\n\nAnother git process seems to be running in this repository, or the lock file may be stale\n"
INF http m=POST p=/api/v1/workspaces/43LARL57U000/nodes/0/page/create s=200 d=28.9ms s=35
INF http m=GET p=/api/v1/workspaces/43LARL57U000/nodes/0/children s=200 d=306µs s=257
INF http m=GET p=/assets/WorkspaceSettingsPanel-CeaO382V.css s=200 d=33µs s=1021
INF http m=GET p=/assets/WorkspaceSettingsPanel-C0CeQhf8.js s=200 d=122µs s=4456
INF http m=GET p=/api/v1/workspaces/43LARL57U000/nodes/43LARN0SA000 s=200 d=891µs s=245
INF http m=GET p=/assets/index-D8rN_C6i.js s=200 d=175µs s=49782
INF http m=GET p=/assets/index-BppjCDFJ.css s=200 d=167µs s=12398
INF http m=GET p=/assets/ServerSettingsPanel-DsIxlWdC.css s=200 d=36µs s=593
INF http m=GET p=/assets/editor-vendor-DXykusy4.js s=200 d=225µs s=95952
INF http m=GET p=/assets/vendor-Dz6kinLD.js s=200 d=161µs s=27873
INF http m=GET p=/assets/Editor-CO3i7Yl7.css s=200 d=55µs s=2237
INF http m=GET p=/registerSW.js s=200 d=36µs s=87
INF http m=GET p=/assets/Editor--AVOgcEK.js s=200 d=84µs s=13498
INF http m=GET p=/assets/ServerSettingsPanel-Cmq42vr7.js s=200 d=75µs s=2538
INF http m=GET p=/assets/ResourceQuotaForm-Coc__0PE.js s=200 d=43µs s=813
INF http m=GET p=/assets/ResourceQuotaForm-AxNe1Ebg.css s=200 d=48µs s=302
INF http m=GET p=/assets/ProfileSettings-kJBJbTIc.css s=200 d=44µs s=1220
INF http m=GET p=/assets/ProfileSettings-HAdAXUp2.js s=200 d=87µs s=4325
INF http m=GET p=/assets/OrgSettingsPanel-CEubhZUp.css s=200 d=36µs s=509
INF http m=GET p=/assets/OrgSettingsPanel-B6q-g6eD.js s=200 d=45µs s=2306
INF http m=GET p=/assets/InviteForm-fXZCo6g3.js s=200 d=72µs s=1267
INF http m=GET p=/assets/InviteForm-CW-wgFWD.css s=200 d=38µs s=414
ERR Failed to commit DB changes err="failed to stage db changes: exit status 128\nOutput: fatal: Unable to create '/home/runner/work/mddb/mddb/data-e2e/.git/index.lock': File exists.\n\nAnother git process seems to be running in this repository, or the lock file may be stale\n"
INF http m=POST p=/api/v1/workspaces/43LARL57U000/nodes/0/table/create s=200 d=41.9ms s=26
INF http m=GET p=/assets/AdminDashboard-R0heLGro.css s=200 d=45µs s=601
ERR Failed to commit DB changes err="failed to stage db changes: exit status 128\nOutput: fatal: Unable to create '/home/runner/work/mddb/mddb/data-e2e/.git/index.lock': File exists.\n\nAnother git process seems to be running in this repository, or the lock file may be stale\n"
INF http m=POST p=/api/v1/workspaces/43LARL57U000/nodes/43LARO11I000/table/records/create s=200 d=19.2ms s=26
INF http m=GET p=/assets/AdminDashboard-Cfrr1YY_.js s=200 d=47µs s=2075
INF http m=GET p=/manifest.webmanifest s=200 d=37µs s=199
INF http m=GET p=/api/v1/auth/me s=200 d=641µs s=171
INF http m=GET p=/assets/en-BOb8f2G7.js s=200 d=64µs s=5207
ERR Failed to commit DB changes err="failed to stage db changes: exit status 128\nOutput: fatal: Unable to create '/home/runner/work/mddb/mddb/data-e2e/.git/index.lock': File exists.\n\nAnother git process seems to be running in this repository, or the lock file may be stale\n"
INF http m=POST p=/api/v1/workspaces/43LARL57U000/nodes/43LARO11I000/table/records/create s=200 d=26.8ms s=26
INF http m=GET p=/favicon.png s=200 d=96µs s=449
INF http m=GET p=/sw.js s=200 d=77µs s=5541
INF http m=GET p=/api/v1/notifications/unread-count s=200 d=180µs s=25
ERR Failed to commit DB changes err="failed to stage db changes: exit status 128\nOutput: fatal: Unable to create '/home/runner/work/mddb/mddb/data-e2e/.git/index.lock': File exists.\n\nAnother git process seems to be running in this repository, or the lock file may be stale\n"
INF http m=POST p=/api/v1/organizations s=200 d=9.09ms s=357
INF http m=GET p=/registerSW.js s=200 d=48µs s=87
ERR Failed to commit DB changes err="failed to stage db changes: exit status 128\nOutput: fatal: Unable to create '/home/runner/work/mddb/mddb/data-e2e/.git/index.lock': File exists.\n\nAnother git process seems to be running in this repository, or the lock file may be stale\n"
INF http m=POST p=/api/v1/workspaces/43LARL57U000/nodes/43LARO11I000/table/records/create s=200 d=39.9ms s=26
INF http m=GET p=/index.html s=200 d=35µs s=532
INF http m=GET p=/api/v1/workspaces/43LARL57U000/nodes/43LARO11I000/table/records s=200 d=342µs s=169
INF http m=GET p=/api/v1/workspaces/43LARL57U000/nodes/43LARO11I000/table/records s=200 d=320µs s=169
INF http m=GET p=/icon.svg s=200 d=54µs s=195
INF http m=GET p=/api/v1/auth/me s=200 d=6.16ms s=256
INF http m=GET p=/icon-512.png s=200 d=61µs s=6498
INF http m=GET p=/icon-192.png s=200 d=49µs s=2468
INF http m=GET p=/favicon.png s=200 d=27µs s=449
INF http m=GET p=/apple-touch-icon.png s=200 d=876µs s=2298
INF http m=GET p=/assets/material-symbols-names-Dyx5m6Tf.js s=200 d=98µs s=15412
INF http m=GET p=/assets/fr-CgauyyXq.js s=200 d=87µs s=6301
INF http m=GET p=/assets/es-DHO8DnB9.js s=200 d=92µs s=6015
ERR Failed to add workspace submodule wsID=43LARP2AC000 err="failed to add submodule 43LARP2AC000: exit status 128\nOutput: Adding existing repo at '43LARP2AC000' to the index\nfatal: Unable to create '/home/runner/work/mddb/mddb/data-e2e/.git/index.lock': File exists.\n\nAnother git process seems to be running in this repository, or the lock file may be stale\nfatal: Failed to add submodule '43LARP2AC000'\n"
INF http m=GET p=/assets/emoji-groups-BpL1N8nI.js s=200 d=104µs s=13798
ERR Failed to commit DB changes err="failed to stage db changes: exit status 128\nOutput: fatal: Unable to create '/home/runner/work/mddb/mddb/data-e2e/.git/index.lock': File exists.\n\nAnother git process seems to be running in this repository, or the lock file may be stale\n"
INF http m=POST p=/api/v1/organizations/43LARONP2000/workspaces s=200 d=86.2ms s=306
ERR Failed to commit DB changes err="failed to stage db changes: exit status 128\nOutput: fatal: Unable to create '/home/runner/work/mddb/mddb/data-e2e/.git/index.lock': File exists.\n\nAnother git process seems to be running in this repository, or the lock file may be stale\n"
INF http m=POST p=/api/v1/workspaces/43LARL57U000/nodes/43LARO11I000/table/records/create s=200 d=105ms s=26
ERR Failed to commit DB changes err="failed to stage db changes: exit status 128\nOutput: fatal: Unable to create '/home/runner/work/mddb/mddb/data-e2e/.git/index.lock': File exists.\n\nAnother git process seems to be running in this repository, or the lock file may be stale\n"
INF http m=POST p=/api/v1/auth/switch-workspace s=200 d=4.88ms s=573
INF http m=GET p=/api/v1/workspaces/43LARL57U000/nodes/43LARO11I000/table/records s=200 d=277µs s=187
INF http m=GET p=/api/v1/workspaces/43LARL57U000/events s=200 d=467ms s=360
INF http m=GET p=/api/v1/notifications/unread-count s=200 d=455µs s=25
INF http m=GET p=/api/v1/workspaces/43LARP2AC000/members s=200 d=607µs s=121
INF http m=GET p=/api/v1/workspaces/43LARP2AC000/nodes/0/children s=200 d=2.15ms s=26
INF http m=GET p=/assets/de-qJeflSp6.js s=200 d=80µs s=6245
INF http m=GET p=/assets/WorkspaceSettingsPanel-CeaO382V.css s=200 d=36µs s=1021
INF http m=GET p=/assets/WorkspaceSettingsPanel-C0CeQhf8.js s=200 d=136µs s=4456
INF http m=GET p=/assets/ServerSettingsPanel-DsIxlWdC.css s=200 d=32µs s=593
INF http m=GET p=/assets/ServerSettingsPanel-Cmq42vr7.js s=200 d=38µs s=2538
ERR Failed to commit DB changes err="failed to stage db changes: exit status 128\nOutput: fatal: Unable to create '/home/runner/work/mddb/mddb/data-e2e/.git/index.lock': File exists.\n\nAnother git process seems to be running in this repository, or the lock file may be stale\n"
INF http m=POST p=/api/v1/workspaces/43LARP2AC000/nodes/0/page/create s=200 d=40.9ms s=35
INF http m=GET p=/api/v1/workspaces/43LARP2AC000/nodes/0/children s=200 d=446µs s=283
INF http m=GET p=/assets/ResourceQuotaForm-Coc__0PE.js s=200 d=33µs s=813
INF http m=GET p=/assets/ResourceQuotaForm-AxNe1Ebg.css s=200 d=45µs s=302
INF http m=GET p=/assets/ProfileSettings-kJBJbTIc.css s=200 d=44µs s=1220
INF http m=GET p=/api/v1/workspaces/43LARP2AC000/nodes/43LARQ59Q000 s=200 d=300µs s=245
ERR Failed to commit DB changes err="failed to stage db changes: exit status 128\nOutput: fatal: Unable to create '/home/runner/work/mddb/mddb/data-e2e/.git/index.lock': File exists.\n\nAnother git process seems to be running in this repository, or the lock file may be stale\n"
INF http m=POST p=/api/v1/workspaces/43LARP2AC000/nodes/0/table/create s=200 d=64.4ms s=26
INF http m=GET p=/assets/ProfileSettings-HAdAXUp2.js s=200 d=119µs s=4325
INF http m=GET p=/assets/Editor-CO3i7Yl7.css s=200 d=99µs s=2237
INF http m=GET p=/assets/Editor--AVOgcEK.js s=200 d=72µs s=13498
INF http m=GET p=/assets/OrgSettingsPanel-CEubhZUp.css s=200 d=27µs s=509
INF http m=GET p=/assets/OrgSettingsPanel-B6q-g6eD.js s=200 d=56µs s=2306
ERR Failed to commit DB changes err="failed to stage db changes: exit status 128\nOutput: fatal: Unable to create '/home/runner/work/mddb/mddb/data-e2e/.git/index.lock': File exists.\n\nAnother git process seems to be running in this repository, or the lock file may be stale\n"
INF http m=POST p=/api/v1/workspaces/43LARP2AC000/nodes/43LARQBMI000/table/records/create s=200 d=62.9ms s=26
INF http m=GET p=/assets/InviteForm-fXZCo6g3.js s=200 d=66µs s=1267
INF http m=GET p=/assets/InviteForm-CW-wgFWD.css s=200 d=42µs s=414
ERR Failed to commit DB changes err="failed to stage db changes: exit status 128\nOutput: fatal: Unable to create '/home/runner/work/mddb/mddb/data-e2e/.git/index.lock': File exists.\n\nAnother git process seems to be running in this repository, or the lock file may be stale\n"
INF http m=POST p=/api/v1/workspaces/43LARP2AC000/nodes/43LARQBMI000/table/records/create s=200 d=30.1ms s=26
INF http m=GET p=/assets/AdminDashboard-R0heLGro.css s=200 d=43µs s=601
INF http m=GET p=/assets/AdminDashboard-Cfrr1YY_.js s=200 d=72µs s=2075
INF http m=GET p=/manifest.webmanifest s=200 d=52µs s=199
ERR Failed to commit DB changes err="failed to stage db changes: exit status 128\nOutput: fatal: Unable to create '/home/runner/work/mddb/mddb/data-e2e/.git/index.lock': File exists.\n\nAnother git process seems to be running in this repository, or the lock file may be stale\n"
INF http m=POST p=/api/v1/workspaces/43LARP2AC000/nodes/43LARQBMI000/views/create s=200 d=47.5ms s=26
ERR Failed to commit DB changes err="failed to stage db changes: exit status 128\nOutput: fatal: Unable to create '/home/runner/work/mddb/mddb/data-e2e/.git/index.lock': File exists.\n\nAnother git process seems to be running in this repository, or the lock file may be stale\n"
INF http m=POST p=/api/v1/workspaces/43LARP2AC000/nodes/43LARQBMI000/views/43LARRBG6000 s=200 d=20ms s=26
INF http m=GET p=/api/v1/workspaces/43LARP2AC000/nodes/43LARQBMI000/table/records s=200 d=301µs s=140
INF http m=GET p=/api/v1/workspaces/43LARP2AC000/events s=200 d=289ms s=365
ERR Failed to commit DB changes err="failed to stage db changes: exit status 128\nOutput: fatal: Unable to create '/home/runner/work/mddb/mddb/data-e2e/.git/index.lock': File exists.\n\nAnother git process seems to be running in this repository, or the lock file may be stale\n"
INF http m=POST p=/api/v1/auth/register s=200 d=152ms s=417
INF http m=GET p=/ s=200 d=75µs s=532
INF http m=GET p=/registerSW.js s=200 d=82µs s=87
INF http m=GET p=/assets/index-D8rN_C6i.js s=200 d=155µs s=49782
INF http m=GET p=/assets/vendor-Dz6kinLD.js s=200 d=122µs s=27873
INF http m=GET p=/assets/editor-vendor-DXykusy4.js s=200 d=175µs s=95952
INF http m=GET p=/assets/index-BppjCDFJ.css s=200 d=135µs s=12398
INF http m=GET p=/assets/en-BOb8f2G7.js s=200 d=101µs s=5207
INF http m=GET p=/api/v1/auth/me s=200 d=711µs s=171
INF http m=GET p=/api/v1/notifications/unread-count s=200 d=227µs s=25
INF http m=GET p=/favicon.png s=200 d=35µs s=449
ERR Failed to commit DB changes err="failed to stage db changes: exit status 128\nOutput: fatal: Unable to create '/home/runner/work/mddb/mddb/data-e2e/.git/index.lock': File exists.\n\nAnother git process seems to be running in this repository, or the lock file may be stale\n"
INF http m=POST p=/api/v1/organizations s=200 d=11.6ms s=358
INF http m=GET p=/api/v1/auth/me s=200 d=895µs s=256
INF http m=GET p=/sw.js s=200 d=82µs s=5541
INF http m=GET p=/registerSW.js s=200 d=54µs s=87
INF http m=GET p=/index.html s=200 d=33µs s=532
INF http m=GET p=/icon.svg s=200 d=42µs s=195
INF http m=GET p=/icon-512.png s=200 d=99µs s=6498
INF http m=GET p=/icon-192.png s=200 d=54µs s=2468
INF http m=GET p=/favicon.png s=200 d=49µs s=449
INF http m=GET p=/apple-touch-icon.png s=200 d=55µs s=2298
INF http m=GET p=/assets/material-symbols-names-Dyx5m6Tf.js s=200 d=141µs s=15412
INF http m=GET p=/assets/fr-CgauyyXq.js s=200 d=90µs s=6301
INF http m=GET p=/assets/es-DHO8DnB9.js s=200 d=67µs s=6015
ERR Failed to add workspace submodule wsID=43LARU4A4000 err="failed to add submodule 43LARU4A4000: exit status 128\nOutput: Adding existing repo at '43LARU4A4000' to the index\nfatal: Unable to create '/home/runner/work/mddb/mddb/data-e2e/.git/index.lock': File exists.\n\nAnother git process seems to be running in this repository, or the lock file may be stale\nfatal: Failed to add submodule '43LARU4A4000'\n"
ERR Failed to commit DB changes err="failed to stage db changes: exit status 128\nOutput: fatal: Unable to create '/home/runner/work/mddb/mddb/data-e2e/.git/index.lock': File exists.\n\nAnother git process seems to be running in this repository, or the lock file may be stale\n"
INF http m=POST p=/api/v1/organizations/43LARTK5I000/workspaces s=200 d=169ms s=304
ERR Failed to commit DB changes err="failed to stage db changes: exit status 128\nOutput: fatal: Unable to create '/home/runner/work/mddb/mddb/data-e2e/.git/index.lock': File exists.\n\nAnother git process seems to be running in this repository, or the lock file may be stale\n"
INF http m=POST p=/api/v1/auth/register s=200 d=237ms s=396
INF http m=GET p=/assets/emoji-groups-BpL1N8nI.js s=200 d=132µs s=13798
ERR Failed to commit DB changes err="failed to stage db changes: exit status 128\nOutput: fatal: Unable to create '/home/runner/work/mddb/mddb/data-e2e/.git/index.lock': File exists.\n\nAnother git process seems to be running in this repository, or the lock file may be stale\n"
INF http m=POST p=/api/v1/auth/switch-workspace s=200 d=12.7ms s=570
INF http m=GET p=/ s=200 d=68µs s=532
INF http m=GET p=/api/v1/notifications/unread-count s=200 d=1.15ms s=25
INF http m=GET p=/api/v1/workspaces/43LARU4A4000/nodes/0/children s=200 d=365µs s=26
INF http m=GET p=/assets/index-BppjCDFJ.css s=200 d=179µs s=12398
INF http m=GET p=/api/v1/workspaces/43LARU4A4000/members s=200 d=370µs s=122
INF http m=GET p=/assets/editor-vendor-DXykusy4.js s=200 d=5.7ms s=95952
INF http m=GET p=/assets/vendor-Dz6kinLD.js s=200 d=116µs s=27873
INF http m=GET p=/registerSW.js s=200 d=272µs s=87
INF http m=GET p=/assets/index-D8rN_C6i.js s=200 d=2.46ms s=49782
INF http m=GET p=/assets/de-qJeflSp6.js s=200 d=133µs s=6245
ERR Failed to commit DB changes err="failed to stage db changes: exit status 128\nOutput: fatal: Unable to create '/home/runner/work/mddb/mddb/data-e2e/.git/index.lock': File exists.\n\nAnother git process seems to be running in this repository, or the lock file may be stale\n"
INF http m=POST p=/api/v1/workspaces/43LARU4A4000/nodes/0/page/create s=200 d=35.7ms s=35
INF http m=GET p=/assets/WorkspaceSettingsPanel-CeaO382V.css s=200 d=35µs s=1021
INF http m=GET p=/api/v1/workspaces/43LARU4A4000/nodes/0/children s=200 d=285µs s=257
INF http m=GET p=/assets/WorkspaceSettingsPanel-C0CeQhf8.js s=200 d=124µs s=4456
INF http m=GET p=/api/v1/workspaces/43LARU4A4000/nodes/43LARVP5E000 s=200 d=288µs s=245
INF http m=GET p=/assets/ServerSettingsPanel-DsIxlWdC.css s=200 d=82µs s=593
INF http m=GET p=/assets/ServerSettingsPanel-Cmq42vr7.js s=200 d=72µs s=2538
INF http m=GET p=/assets/Editor-CO3i7Yl7.css s=200 d=44µs s=2237
INF http m=GET p=/assets/Editor--AVOgcEK.js s=200 d=86µs s=13498
INF http m=GET p=/api/v1/auth/me s=200 d=535µs s=168
INF http m=GET p=/assets/en-BOb8f2G7.js s=200 d=121µs s=5207
INF http m=GET p=/assets/ResourceQuotaForm-Coc__0PE.js s=200 d=41µs s=813
INF http m=GET p=/assets/ResourceQuotaForm-AxNe1Ebg.css s=200 d=40µs s=302
INF http m=GET p=/api/v1/notifications/unread-count s=200 d=525µs s=25
INF http m=GET p=/assets/ProfileSettings-kJBJbTIc.css s=200 d=40µs s=1220
INF http m=GET p=/favicon.png s=200 d=24µs s=449
INF http m=GET p=/sw.js s=200 d=103µs s=5541
INF http m=GET p=/assets/ProfileSettings-HAdAXUp2.js s=200 d=59µs s=4325
ERR Failed to commit DB changes err="failed to stage db changes: exit status 128\nOutput: fatal: Unable to create '/home/runner/work/mddb/mddb/data-e2e/.git/index.lock': File exists.\n\nAnother git process seems to be running in this repository, or the lock file may be stale\n"
INF http m=POST p=/api/v1/organizations s=200 d=11.4ms s=354
INF http m=GET p=/assets/OrgSettingsPanel-CEubhZUp.css s=200 d=46µs s=509
INF http m=GET p=/assets/OrgSettingsPanel-B6q-g6eD.js s=200 d=82µs s=2306
INF http m=GET p=/assets/InviteForm-fXZCo6g3.js s=200 d=38µs s=1267
INF http m=GET p=/api/v1/auth/me s=200 d=4.4ms s=256
INF http m=GET p=/registerSW.js s=200 d=42µs s=87
INF http m=GET p=/assets/InviteForm-CW-wgFWD.css s=200 d=37µs s=414
INF http m=GET p=/index.html s=200 d=34µs s=532
INF http m=GET p=/icon.svg s=200 d=28µs s=195
ERR Failed to commit DB changes err="failed to stage db changes: exit status 128\nOutput: fatal: Unable to create '/home/runner/work/mddb/mddb/data-e2e/.git/index.lock': File exists.\n\nAnother git process seems to be running in this repository, or the lock file may be stale\n"
INF http m=POST p=/api/v1/workspaces/43LARU4A4000/nodes/0/table/create s=200 d=48.4ms s=26
INF http m=GET p=/icon-512.png s=200 d=79µs s=6498
INF http m=GET p=/assets/AdminDashboard-R0heLGro.css s=200 d=36µs s=601
INF http m=GET p=/icon-192.png s=200 d=41µs s=2468
INF http m=GET p=/assets/AdminDashboard-Cfrr1YY_.js s=200 d=75µs s=2075
INF http m=GET p=/favicon.png s=200 d=24µs s=449
INF http m=GET p=/manifest.webmanifest s=200 d=42µs s=199
INF http m=GET p=/apple-touch-icon.png s=200 d=34µs s=2298
INF http m=GET p=/assets/material-symbols-names-Dyx5m6Tf.js s=200 d=92µs s=15412
ERR Failed to add workspace submodule wsID=43LAS0ST6000 err="failed to add submodule 43LAS0ST6000: exit status 128\nOutput: Adding existing repo at '43LAS0ST6000' to the index\nfatal: Unable to create '/home/runner/work/mddb/mddb/data-e2e/.git/index.lock': File exists.\n\nAnother git process seems to be running in this repository, or the lock file may be stale\nfatal: Failed to add submodule '43LAS0ST6000'\n"
INF http m=GET p=/assets/fr-CgauyyXq.js s=200 d=76µs s=6301
ERR Failed to commit DB changes err="failed to stage db changes: exit status 128\nOutput: fatal: Unable to create '/home/runner/work/mddb/mddb/data-e2e/.git/index.lock': File exists.\n\nAnother git process seems to be running in this repository, or the lock file may be stale\n"
INF http m=POST p=/api/v1/organizations/43LAS0IM0000/workspaces s=200 d=113ms s=300
ERR Failed to commit DB changes err="failed to stage db changes: exit status 128\nOutput: fatal: Unable to create '/home/runner/work/mddb/mddb/data-e2e/.git/index.lock': File exists.\n\nAnother git process seems to be running in this repository, or the lock file may be stale\n"
INF http m=POST p=/api/v1/workspaces/43LARU4A4000/nodes/43LAS0N2A000/table/records/create s=200 d=85.7ms s=26
INF http m=GET p=/assets/es-DHO8DnB9.js s=200 d=73µs s=6015
ERR Failed to commit DB changes err="failed to stage db changes: exit status 128\nOutput: fatal: Unable to create '/home/runner/work/mddb/mddb/data-e2e/.git/index.lock': File exists.\n\nAnother git process seems to be running in this repository, or the lock file may be stale\n"
INF http m=POST p=/api/v1/auth/switch-workspace s=200 d=10.8ms s=581
INF http m=GET p=/assets/emoji-groups-BpL1N8nI.js s=200 d=100µs s=13798
INF http m=GET p=/api/v1/notifications/unread-count s=200 d=192µs s=25
INF http m=GET p=/api/v1/workspaces/43LAS0ST6000/members s=200 d=164µs s=132
INF http m=GET p=/api/v1/workspaces/43LAS0ST6000/nodes/0/children s=200 d=1.04ms s=26
ERR Failed to commit DB changes err="failed to stage db changes: exit status 128\nOutput: fatal: Unable to create '/home/runner/work/mddb/mddb/data-e2e/.git/index.lock': File exists.\n\nAnother git process seems to be running in this repository, or the lock file may be stale\n"
INF http m=POST p=/api/v1/workspaces/43LARU4A4000/nodes/43LAS0N2A000/table/records/create s=200 d=31.2ms s=26
ERR Failed to commit DB changes err="failed to stage db changes: exit status 128\nOutput: fatal: Unable to create '/home/runner/work/mddb/mddb/data-e2e/.git/index.lock': File exists.\n\nAnother git process seems to be running in this repository, or the lock file may be stale\n"
INF http m=POST p=/api/v1/workspaces/43LARU4A4000/nodes/43LAS0N2A000/table/records/create s=200 d=35ms s=26
ERR Failed to commit DB changes err="failed to stage db changes: exit status 128\nOutput: fatal: Unable to create '/home/runner/work/mddb/mddb/data-e2e/.git/index.lock': File exists.\n\nAnother git process seems to be running in this repository, or the lock file may be stale\n"
INF http m=POST p=/api/v1/workspaces/43LAS0ST6000/nodes/0/page/create s=200 d=24.3ms s=35
INF http m=GET p=/api/v1/workspaces/43LAS0ST6000/nodes/0/children s=200 d=269µs s=257
INF http m=GET p=/assets/de-qJeflSp6.js s=200 d=129µs s=6245
INF http m=GET p=/api/v1/workspaces/43LAS0ST6000/nodes/43LAS20OU000 s=200 d=505µs s=245
INF http m=GET p=/assets/WorkspaceSettingsPanel-CeaO382V.css s=200 d=38µs s=1021
ERR Failed to commit DB changes err="failed to stage db changes: exit status 128\nOutput: fatal: Unable to create '/home/runner/work/mddb/mddb/data-e2e/.git/index.lock': File exists.\n\nAnother git process seems to be running in this repository, or the lock file may be stale\n"
INF http m=POST p=/api/v1/workspaces/43LARU4A4000/nodes/43LAS0N2A000/table/records/create s=200 d=29ms s=26
INF http m=GET p=/api/v1/workspaces/43LARU4A4000/nodes/43LAS0N2A000/table/records s=200 d=356µs s=168
INF http m=GET p=/assets/WorkspaceSettingsPanel-C0CeQhf8.js s=200 d=100µs s=4456
INF http m=GET p=/assets/Editor-CO3i7Yl7.css s=200 d=54µs s=2237
INF http m=GET p=/assets/Editor--AVOgcEK.js s=200 d=59µs s=13498
INF http m=GET p=/assets/ServerSettingsPanel-DsIxlWdC.css s=200 d=41µs s=593
INF http m=GET p=/api/v1/workspaces/43LARU4A4000/events s=200 d=453ms s=360
INF http m=GET p=/assets/ServerSettingsPanel-Cmq42vr7.js s=200 d=64µs s=2538
INF http m=GET p=/assets/ResourceQuotaForm-Coc__0PE.js s=200 d=45µs s=813
INF http m=GET p=/assets/ResourceQuotaForm-AxNe1Ebg.css s=200 d=39µs s=302
INF http m=GET p=/assets/ProfileSettings-kJBJbTIc.css s=200 d=39µs s=1220
INF http m=GET p=/assets/ProfileSettings-HAdAXUp2.js s=200 d=544µs s=4325
INF http m=GET p=/assets/OrgSettingsPanel-CEubhZUp.css s=200 d=35µs s=509
INF http m=GET p=/assets/OrgSettingsPanel-B6q-g6eD.js s=200 d=40µs s=2306
INF http m=GET p=/assets/InviteForm-fXZCo6g3.js s=200 d=26µs s=1267
INF http m=GET p=/assets/InviteForm-CW-wgFWD.css s=200 d=41µs s=414
INF http m=GET p=/assets/AdminDashboard-R0heLGro.css s=200 d=50µs s=601
INF http m=GET p=/assets/AdminDashboard-Cfrr1YY_.js s=200 d=55µs s=2075
INF http m=GET p=/manifest.webmanifest s=200 d=88µs s=199
ERR Failed to commit DB changes err="failed to stage db changes: exit status 128\nOutput: fatal: Unable to create '/home/runner/work/mddb/mddb/data-e2e/.git/index.lock': File exists.\n\nAnother git process seems to be running in this repository, or the lock file may be stale\n"
INF http m=POST p=/api/v1/workspaces/43LAS0ST6000/nodes/0/page/create s=200 d=32.7ms s=26
ERR Failed to commit DB changes err="failed to stage db changes: exit status 128\nOutput: fatal: Unable to create '/home/runner/work/mddb/mddb/data-e2e/.git/index.lock': File exists.\n\nAnother git process seems to be running in this repository, or the lock file may be stale\n"
INF http m=POST p=/api/v1/workspaces/43LAS0ST6000/nodes/0/page/create s=200 d=29.8ms s=26
INF http m=GET p=/w/@43LAS0ST6000+workspace/@43LAS20OU000+welcome s=200 d=48µs s=532
INF http m=GET p=/api/v1/workspaces/43LAS0ST6000/events s=200 d=292ms s=266
INF http m=GET p=/api/v1/auth/me s=200 d=308µs s=360
ERR Failed to commit DB changes err="failed to stage db changes: exit status 128\nOutput: fatal: Unable to create '/home/runner/work/mddb/mddb/data-e2e/.git/index.lock': File exists.\n\nAnother git process seems to be running in this repository, or the lock file may be stale\n"
INF http m=POST p=/api/v1/auth/register s=200 d=137ms s=392
INF http m=GET p=/ s=200 d=69µs s=532
INF http m=GET p=/api/v1/notifications/unread-count s=200 d=193µs s=25
INF http m=GET p=/api/v1/workspaces/43LAS0ST6000/nodes/0/children s=200 d=444µs s=263
INF http m=GET p=/api/v1/workspaces/43LAS0ST6000/nodes/43LAS20OU000 s=200 d=730µs s=245
INF http m=GET p=/api/v1/workspaces/43LAS0ST6000/members s=200 d=807µs s=132
INF http m=GET p=/assets/index-D8rN_C6i.js s=200 d=194µs s=49782
INF http m=GET p=/assets/index-BppjCDFJ.css s=200 d=102µs s=12398
INF http m=GET p=/assets/editor-vendor-DXykusy4.js s=200 d=178µs s=95952
INF http m=GET p=/assets/vendor-Dz6kinLD.js s=200 d=139µs s=27873
INF http m=GET p=/registerSW.js s=200 d=65µs s=87
INF http m=GET p=/api/v1/auth/me s=200 d=322µs s=166
INF http m=GET p=/assets/en-BOb8f2G7.js s=200 d=486µs s=5207
INF http m=GET p=/api/v1/notifications/unread-count s=200 d=186µs s=25
INF http m=GET p=/favicon.png s=200 d=40µs s=449
INF http m=GET p=/sw.js s=200 d=108µs s=5541
ERR Failed to commit DB changes err="failed to stage db changes: exit status 128\nOutput: fatal: Unable to create '/home/runner/work/mddb/mddb/data-e2e/.git/index.lock': File exists.\n\nAnother git process seems to be running in this repository, or the lock file may be stale\n"
INF http m=POST p=/api/v1/organizations s=200 d=10.7ms s=353
INF http m=GET p=/api/v1/auth/me s=200 d=293µs s=252
INF http m=GET p=/registerSW.js s=200 d=37µs s=87
INF http m=GET p=/index.html s=200 d=36µs s=532
INF http m=GET p=/icon.svg s=200 d=34µs s=195
INF http m=GET p=/icon-512.png s=200 d=630µs s=6498
INF http m=GET p=/icon-192.png s=200 d=49µs s=2468
INF http m=GET p=/favicon.png s=200 d=33µs s=449
INF http m=GET p=/apple-touch-icon.png s=200 d=348µs s=2298
INF http m=GET p=/api/v1/workspaces/43LAS0ST6000/nodes/43LAS34KC000 s=200 d=328µs s=134
INF http m=GET p=/assets/material-symbols-names-Dyx5m6Tf.js s=200 d=110µs s=15412
INF http m=GET p=/assets/fr-CgauyyXq.js s=200 d=92µs s=6301
ERR Failed to add workspace submodule wsID=43LAS5VR6000 err="failed to add submodule 43LAS5VR6000: exit status 128\nOutput: Adding existing repo at '43LAS5VR6000' to the index\nfatal: Unable to create '/home/runner/work/mddb/mddb/data-e2e/.git/index.lock': File exists.\n\nAnother git process seems to be running in this repository, or the lock file may be stale\nfatal: Failed to add submodule '43LAS5VR6000'\n"
INF http m=GET p=/assets/es-DHO8DnB9.js s=200 d=72µs s=6015
ERR Failed to commit DB changes err="failed to stage db changes: exit status 128\nOutput: fatal: Unable to create '/home/runner/work/mddb/mddb/data-e2e/.git/index.lock': File exists.\n\nAnother git process seems to be running in this repository, or the lock file may be stale\n"
INF http m=POST p=/api/v1/organizations/43LAS5NC0000/workspaces s=200 d=136ms s=301
ERR Failed to commit DB changes err="failed to stage db changes: exit status 128\nOutput: fatal: Unable to create '/home/runner/work/mddb/mddb/data-e2e/.git/index.lock': File exists.\n\nAnother git process seems to be running in this repository, or the lock file may be stale\n"
INF http m=GET p=/assets/emoji-groups-BpL1N8nI.js s=200 d=368µs s=13798
INF http m=POST p=/api/v1/auth/switch-workspace s=200 d=16.4ms s=576
INF http m=GET p=/api/v1/notifications/unread-count s=200 d=184µs s=25
INF http m=GET p=/api/v1/workspaces/43LAS5VR6000/nodes/0/children s=200 d=446µs s=26
INF http m=GET p=/api/v1/workspaces/43LAS5VR6000/members s=200 d=456µs s=128
INF http m=GET p=/assets/de-qJeflSp6.js s=200 d=124µs s=6245
INF http m=GET p=/assets/WorkspaceSettingsPanel-CeaO382V.css s=200 d=41µs s=1021
ERR Failed to commit DB changes err="failed to stage db changes: exit status 128\nOutput: fatal: Unable to create '/home/runner/work/mddb/mddb/data-e2e/.git/index.lock': File exists.\n\nAnother git process seems to be running in this repository, or the lock file may be stale\n"
INF http m=POST p=/api/v1/workspaces/43LAS5VR6000/nodes/0/page/create s=200 d=29.3ms s=35
INF http m=GET p=/api/v1/workspaces/43LAS5VR6000/nodes/0/children s=200 d=324µs s=257
INF http m=GET p=/assets/WorkspaceSettingsPanel-C0CeQhf8.js s=200 d=81µs s=4456
ERR Failed to commit DB changes err="failed to stage db changes: exit status 128\nOutput: fatal: Unable to create '/home/runner/work/mddb/mddb/data-e2e/.git/index.lock': File exists.\n\nAnother git process seems to be running in this repository, or the lock file may be stale\n"
INF http m=POST p=/api/v1/workspaces/43LAS0ST6000/nodes/43LAS34KC000/move s=200 d=27.4ms s=25
INF http m=GET p=/assets/ServerSettingsPanel-DsIxlWdC.css s=200 d=40µs s=593
INF http m=GET p=/api/v1/workspaces/43LAS0ST6000/nodes/43LAS3BT4000/children s=200 d=376µs s=157
INF http m=GET p=/api/v1/workspaces/43LAS5VR6000/nodes/43LAS7AUO000 s=200 d=950µs s=245
INF http m=GET p=/assets/ServerSettingsPanel-Cmq42vr7.js s=200 d=57µs s=2538
INF http m=GET p=/assets/Editor--AVOgcEK.js s=200 d=95µs s=13498
INF http m=GET p=/assets/Editor-CO3i7Yl7.css s=200 d=71µs s=2237
INF http m=GET p=/assets/ResourceQuotaForm-Coc__0PE.js s=200 d=24µs s=813
INF http m=GET p=/assets/ResourceQuotaForm-AxNe1Ebg.css s=200 d=41µs s=302
INF http m=GET p=/assets/ProfileSettings-kJBJbTIc.css s=200 d=33µs s=1220
INF http m=GET p=/assets/ProfileSettings-HAdAXUp2.js s=200 d=61µs s=4325
INF http m=GET p=/assets/OrgSettingsPanel-CEubhZUp.css s=200 d=40µs s=509
INF http m=GET p=/assets/OrgSettingsPanel-B6q-g6eD.js s=200 d=49µs s=2306
INF http m=GET p=/assets/InviteForm-fXZCo6g3.js s=200 d=35µs s=1267
INF http m=GET p=/assets/InviteForm-CW-wgFWD.css s=200 d=40µs s=414
INF http m=GET p=/assets/AdminDashboard-R0heLGro.css s=200 d=36µs s=601
INF http m=GET p=/assets/AdminDashboard-Cfrr1YY_.js s=200 d=41µs s=2075
INF http m=GET p=/manifest.webmanifest s=200 d=33µs s=199
ERR Failed to commit DB changes err="failed to stage db changes: exit status 128\nOutput: fatal: Unable to create '/home/runner/work/mddb/mddb/data-e2e/.git/index.lock': File exists.\n\nAnother git process seems to be running in this repository, or the lock file may be stale\n"
INF http m=POST p=/api/v1/workspaces/43LAS0ST6000/nodes/43LAS34KC000/move s=200 d=22.8ms s=25
INF http m=GET p=/api/v1/workspaces/43LAS5VR6000/events s=200 d=200ms s=206
INF http m=GET p=/api/v1/workspaces/43LAS0ST6000/events s=200 d=744ms s=226
ERR Failed to commit DB changes err="failed to stage db changes: exit status 128\nOutput: fatal: Unable to create '/home/runner/work/mddb/mddb/data-e2e/.git/index.lock': File exists.\n\nAnother git process seems to be running in this repository, or the lock file may be stale\n"
INF http m=POST p=/api/v1/auth/register s=200 d=112ms s=398
INF http m=GET p=/ s=200 d=61µs s=532
INF http m=GET p=/assets/index-D8rN_C6i.js s=200 d=179µs s=49782
INF http m=GET p=/assets/index-BppjCDFJ.css s=200 d=101µs s=12398
INF http m=GET p=/registerSW.js s=200 d=78µs s=87
INF http m=GET p=/assets/vendor-Dz6kinLD.js s=200 d=132µs s=27873
INF http m=GET p=/assets/editor-vendor-DXykusy4.js s=200 d=149µs s=95952
ERR Failed to commit DB changes err="failed to stage db changes: exit status 128\nOutput: fatal: Unable to create '/home/runner/work/mddb/mddb/data-e2e/.git/index.lock': File exists.\n\nAnother git process seems to be running in this repository, or the lock file may be stale\n"
INF http m=POST p=/api/v1/auth/register s=200 d=113ms s=385
INF http m=GET p=/ s=200 d=69µs s=532
INF http m=GET p=/assets/index-D8rN_C6i.js s=200 d=177µs s=49782
INF http m=GET p=/assets/editor-vendor-DXykusy4.js s=200 d=179µs s=95952
INF http m=GET p=/assets/index-BppjCDFJ.css s=200 d=102µs s=12398
INF http m=GET p=/assets/vendor-Dz6kinLD.js s=200 d=1.37ms s=27873
INF http m=GET p=/registerSW.js s=200 d=41µs s=87
INF http m=GET p=/api/v1/auth/me s=200 d=823µs s=164
INF http m=GET p=/assets/en-BOb8f2G7.js s=200 d=82µs s=5207
INF http m=GET p=/api/v1/notifications/unread-count s=200 d=272µs s=25
INF http m=GET p=/sw.js s=200 d=121µs s=5541
INF http m=GET p=/favicon.png s=200 d=32µs s=449
ERR Failed to commit DB changes err="failed to stage db changes: exit status 128\nOutput: fatal: Unable to create '/home/runner/work/mddb/mddb/data-e2e/.git/index.lock': File exists.\n\nAnother git process seems to be running in this repository, or the lock file may be stale\n"
INF http m=POST p=/api/v1/organizations s=200 d=7.7ms s=352
INF http m=GET p=/api/v1/auth/me s=200 d=678µs s=249
INF http m=GET p=/registerSW.js s=200 d=43µs s=87
INF http m=GET p=/api/v1/auth/me s=200 d=707µs s=166
INF http m=GET p=/index.html s=200 d=60µs s=532
INF http m=GET p=/assets/en-BOb8f2G7.js s=200 d=82µs s=5207
INF http m=GET p=/icon.svg s=200 d=40µs s=195
INF http m=GET p=/api/v1/notifications/unread-count s=200 d=186µs s=25
INF http m=GET p=/favicon.png s=200 d=82µs s=449
INF http m=GET p=/icon-512.png s=200 d=229µs s=6498
INF http m=GET p=/icon-192.png s=200 d=51µs s=2468
ERR Failed to commit DB changes err="failed to stage db changes: exit status 128\nOutput: fatal: Unable to create '/home/runner/work/mddb/mddb/data-e2e/.git/index.lock': File exists.\n\nAnother git process seems to be running in this repository, or the lock file may be stale\n"
INF http m=POST p=/api/v1/organizations s=200 d=15.5ms s=353
INF http m=GET p=/favicon.png s=200 d=35µs s=449
INF http m=GET p=/sw.js s=200 d=102µs s=5541
INF http m=GET p=/apple-touch-icon.png s=200 d=75µs s=2298
INF http m=GET p=/assets/material-symbols-names-Dyx5m6Tf.js s=200 d=118µs s=15412
INF http m=GET p=/api/v1/auth/me s=200 d=659µs s=251
INF http m=GET p=/registerSW.js s=200 d=53µs s=87
INF http m=GET p=/index.html s=200 d=34µs s=532
INF http m=GET p=/icon.svg s=200 d=38µs s=195
INF http m=GET p=/assets/fr-CgauyyXq.js s=200 d=70µs s=6301
INF http m=GET p=/icon-512.png s=200 d=332µs s=6498
ERR Failed to add workspace submodule wsID=43LASCMOA000 err="failed to add submodule 43LASCMOA000: exit status 128\nOutput: Adding existing repo at '43LASCMOA000' to the index\nfatal: Unable to create '/home/runner/work/mddb/mddb/data-e2e/.git/index.lock': File exists.\n\nAnother git process seems to be running in this repository, or the lock file may be stale\nfatal: Failed to add submodule '43LASCMOA000'\n"
ERR Failed to commit DB changes err="failed to stage db changes: exit status 128\nOutput: fatal: Unable to create '/home/runner/work/mddb/mddb/data-e2e/.git/index.lock': File exists.\n\nAnother git process seems to be running in this repository, or the lock file may be stale\n"
INF http m=POST p=/api/v1/organizations/43LASCATS000/workspaces s=200 d=187ms s=300
INF http m=GET p=/icon-192.png s=200 d=43µs s=2468
INF http m=GET p=/assets/es-DHO8DnB9.js s=200 d=66µs s=6015
INF http m=GET p=/favicon.png s=200 d=251µs s=449
INF http m=GET p=/apple-touch-icon.png s=200 d=73µs s=2298
INF http m=GET p=/assets/emoji-groups-BpL1N8nI.js s=200 d=112µs s=13798
ERR Failed to add workspace submodule wsID=43LASDHTM000 err="failed to add submodule 43LASDHTM000: exit status 128\nOutput: Adding existing repo at '43LASDHTM000' to the index\nfatal: Unable to create '/home/runner/work/mddb/mddb/data-e2e/.git/index.lock': File exists.\n\nAnother git process seems to be running in this repository, or the lock file may be stale\nfatal: Failed to add submodule '43LASDHTM000'\n"
INF http m=GET p=/assets/material-symbols-names-Dyx5m6Tf.js s=200 d=120µs s=15412
ERR Failed to commit DB changes err="failed to stage db changes: exit status 128\nOutput: fatal: Unable to create '/home/runner/work/mddb/mddb/data-e2e/.git/index.lock': File exists.\n\nAnother git process seems to be running in this repository, or the lock file may be stale\n"
INF http m=POST p=/api/v1/organizations/43LASD2NC000/workspaces s=200 d=131ms s=300
ERR Failed to commit DB changes err="failed to stage db changes: exit status 128\nOutput: fatal: Unable to create '/home/runner/work/mddb/mddb/data-e2e/.git/index.lock': File exists.\n\nAnother git process seems to be running in this repository, or the lock file may be stale\n"
INF http m=POST p=/api/v1/auth/switch-workspace s=200 d=81.3ms s=561
ERR Failed to commit DB changes err="failed to stage db changes: exit status 128\nOutput: fatal: Unable to create '/home/runner/work/mddb/mddb/data-e2e/.git/index.lock': File exists.\n\nAnother git process seems to be running in this repository, or the lock file may be stale\n"
INF http m=POST p=/api/v1/auth/switch-workspace s=200 d=17.4ms s=585
INF http m=GET p=/api/v1/notifications/unread-count s=200 d=189µs s=25
INF http m=GET p=/assets/fr-CgauyyXq.js s=200 d=102µs s=6301
INF http m=GET p=/api/v1/workspaces/43LASCMOA000/members s=200 d=8.42ms s=122
INF http m=GET p=/api/v1/workspaces/43LASCMOA000/nodes/0/children s=200 d=8.7ms s=26
INF http m=GET p=/assets/de-qJeflSp6.js s=200 d=133µs s=6245
INF http m=GET p=/api/v1/workspaces/43LASDHTM000/members s=200 d=6.98ms s=124
INF http m=GET p=/assets/es-DHO8DnB9.js s=200 d=137µs s=6015
INF http m=GET p=/api/v1/workspaces/43LASDHTM000/nodes/0/children s=200 d=11.4ms s=26
INF http m=GET p=/api/v1/notifications/unread-count s=200 d=15ms s=25
INF http m=GET p=/assets/WorkspaceSettingsPanel-CeaO382V.css s=200 d=30µs s=1021
INF http m=GET p=/assets/WorkspaceSettingsPanel-C0CeQhf8.js s=200 d=116µs s=4456
INF http m=GET p=/api/v1/auth/me s=200 d=213µs s=373
INF http m=GET p=/assets/emoji-groups-BpL1N8nI.js s=200 d=142µs s=13798
INF http m=GET p=/assets/ServerSettingsPanel-DsIxlWdC.css s=200 d=29µs s=593
INF http m=GET p=/assets/ServerSettingsPanel-Cmq42vr7.js s=200 d=54µs s=2538
ERR Failed to commit DB changes err="failed to stage db changes: exit status 128\nOutput: fatal: Unable to create '/home/runner/work/mddb/mddb/data-e2e/.git/index.lock': File exists.\n\nAnother git process seems to be running in this repository, or the lock file may be stale\n"
INF http m=POST p=/api/v1/workspaces/43LASCMOA000/nodes/0/page/create s=200 d=46.5ms s=35
INF http m=GET p=/api/v1/workspaces/43LASCMOA000/nodes/0/children s=200 d=342µs s=257
ERR Failed to commit DB changes err="failed to stage db changes: exit status 128\nOutput: fatal: Unable to create '/home/runner/work/mddb/mddb/data-e2e/.git/index.lock': File exists.\n\nAnother git process seems to be running in this repository, or the lock file may be stale\n"
INF http m=POST p=/api/v1/workspaces/43LASDHTM000/nodes/0/page/create s=200 d=53.3ms s=35
INF http m=GET p=/assets/ResourceQuotaForm-Coc__0PE.js s=200 d=41µs s=813
INF http m=GET p=/api/v1/workspaces/43LASCMOA000/events s=200 d=88.5ms s=207
INF http m=GET p=/api/v1/workspaces/43LASDHTM000/nodes/0/children s=200 d=726µs s=257
INF http m=GET p=/api/v1/workspaces/43LASDHTM000/nodes/43LASETQ8000 s=200 d=690µs s=245
INF http m=GET p=/assets/Editor-CO3i7Yl7.css s=200 d=98µs s=2237
INF http m=GET p=/assets/Editor--AVOgcEK.js s=200 d=76µs s=13498
INF http m=GET p=/assets/de-qJeflSp6.js s=200 d=82µs s=6245
INF http m=GET p=/assets/WorkspaceSettingsPanel-CeaO382V.css s=200 d=585µs s=1021
INF http m=GET p=/assets/WorkspaceSettingsPanel-C0CeQhf8.js s=200 d=94µs s=4456
INF http m=GET p=/assets/ServerSettingsPanel-DsIxlWdC.css s=200 d=46µs s=593
INF http m=GET p=/assets/ServerSettingsPanel-Cmq42vr7.js s=200 d=44µs s=2538
INF http m=GET p=/assets/ResourceQuotaForm-Coc__0PE.js s=200 d=48µs s=813
INF http m=GET p=/api/v1/auth/me s=200 d=243µs s=371
INF http m=GET p=/assets/ResourceQuotaForm-AxNe1Ebg.css s=200 d=38µs s=302
INF http m=GET p=/assets/ProfileSettings-kJBJbTIc.css s=200 d=33µs s=1220
INF http m=GET p=/assets/ProfileSettings-HAdAXUp2.js s=200 d=87µs s=4325
INF http m=GET p=/assets/OrgSettingsPanel-CEubhZUp.css s=200 d=38µs s=509
INF http m=GET p=/assets/OrgSettingsPanel-B6q-g6eD.js s=200 d=48µs s=2306
INF http m=GET p=/assets/InviteForm-fXZCo6g3.js s=200 d=70µs s=1267
INF http m=GET p=/assets/InviteForm-CW-wgFWD.css s=200 d=61µs s=414
INF http m=GET p=/assets/AdminDashboard-R0heLGro.css s=200 d=47µs s=601
INF http m=GET p=/assets/AdminDashboard-Cfrr1YY_.js s=200 d=52µs s=2075
INF http m=GET p=/manifest.webmanifest s=200 d=41µs s=199
ERR Failed to add workspace submodule wsID=43LASG0EU000 err="failed to add submodule 43LASG0EU000: exit status 128\nOutput: Adding existing repo at '43LASG0EU000' to the index\nfatal: Unable to create '/home/runner/work/mddb/mddb/data-e2e/.git/index.lock': File exists.\n\nAnother git process seems to be running in this repository, or the lock file may be stale\nfatal: Failed to add submodule '43LASG0EU000'\n"
ERR Failed to commit DB changes err="failed to stage db changes: exit status 128\nOutput: fatal: Unable to create '/home/runner/work/mddb/mddb/data-e2e/.git/index.lock': File exists.\n\nAnother git process seems to be running in this repository, or the lock file may be stale\n"
INF http m=POST p=/api/v1/organizations/43LASD2NC000/workspaces s=200 d=153ms s=307
INF http m=GET p=/w/@43LASDHTM000+workspace/@43LASETQ8000+welcome s=200 d=47µs s=532
INF http m=GET p=/api/v1/workspaces/43LASDHTM000/events s=200 d=361ms s=207
INF http m=GET p=/api/v1/auth/me s=200 d=716µs s=385
ERR Failed to commit DB changes err="failed to stage db changes: exit status 128\nOutput: fatal: Unable to create '/home/runner/work/mddb/mddb/data-e2e/.git/index.lock': File exists.\n\nAnother git process seems to be running in this repository, or the lock file may be stale\n"
INF http m=POST p=/api/v1/auth/register s=200 d=119ms s=397
INF http m=GET p=/ s=200 d=118µs s=532
INF http m=GET p=/assets/index-D8rN_C6i.js s=200 d=208µs s=49782
INF http m=GET p=/api/v1/notifications/unread-count s=200 d=172µs s=25
INF http m=GET p=/assets/index-BppjCDFJ.css s=200 d=128µs s=12398
INF http m=GET p=/api/v1/workspaces/43LASDHTM000/nodes/0/children s=200 d=714µs s=257
INF http m=GET p=/api/v1/workspaces/43LASDHTM000/members s=200 d=485µs s=124
INF http m=GET p=/api/v1/workspaces/43LASDHTM000/nodes/43LASETQ8000 s=200 d=913µs s=245
INF http m=GET p=/assets/editor-vendor-DXykusy4.js s=200 d=203µs s=95952
INF http m=GET p=/assets/vendor-Dz6kinLD.js s=200 d=174µs s=27873
INF http m=GET p=/registerSW.js s=200 d=37µs s=87
INF http m=GET p=/api/v1/workspaces/43LASDHTM000/events s=200 d=74.9ms s=93
INF http m=GET p=/api/v1/auth/me s=200 d=271µs s=165
INF http m=GET p=/assets/en-BOb8f2G7.js s=200 d=101µs s=5207
INF http m=GET p=/api/v1/notifications/unread-count s=200 d=296µs s=25
ERR Failed to commit DB changes err="failed to stage db changes: exit status 128\nOutput: fatal: Unable to create '/home/runner/work/mddb/mddb/data-e2e/.git/index.lock': File exists.\n\nAnother git process seems to be running in this repository, or the lock file may be stale\n"
INF http m=POST p=/api/v1/organizations s=200 d=15.2ms s=352
INF http m=GET p=/api/v1/auth/me s=200 d=253µs s=250
INF http m=GET p=/sw.js s=200 d=83µs s=5541
INF http m=GET p=/favicon.png s=200 d=40µs s=449
INF http m=GET p=/registerSW.js s=200 d=35µs s=87
INF http m=GET p=/index.html s=200 d=41µs s=532
INF http m=GET p=/icon.svg s=200 d=32µs s=195
INF http m=GET p=/icon-512.png s=200 d=114µs s=6498
INF http m=GET p=/icon-192.png s=200 d=53µs s=2468
INF http m=GET p=/favicon.png s=200 d=52µs s=449
INF http m=GET p=/apple-touch-icon.png s=200 d=60µs s=2298
INF http m=GET p=/assets/material-symbols-names-Dyx5m6Tf.js s=200 d=115µs s=15412
INF http m=GET p=/assets/fr-CgauyyXq.js s=200 d=124µs s=6301
INF http m=GET p=/assets/es-DHO8DnB9.js s=200 d=72µs s=6015
ERR Failed to add workspace submodule wsID=43LASJBS2000 err="failed to add submodule 43LASJBS2000: exit status 128\nOutput: Adding existing repo at '43LASJBS2000' to the index\nfatal: Unable to create '/home/runner/work/mddb/mddb/data-e2e/.git/index.lock': File exists.\n\nAnother git process seems to be running in this repository, or the lock file may be stale\nfatal: Failed to add submodule '43LASJBS2000'\n"
ERR Failed to commit DB changes err="failed to stage db changes: exit status 128\nOutput: fatal: Unable to create '/home/runner/work/mddb/mddb/data-e2e/.git/index.lock': File exists.\n\nAnother git process seems to be running in this repository, or the lock file may be stale\n"
INF http m=POST p=/api/v1/organizations/43LASITQ4000/workspaces s=200 d=184ms s=300
INF http m=GET p=/assets/emoji-groups-BpL1N8nI.js s=200 d=102µs s=13798
ERR Failed to commit DB changes err="failed to stage db changes: exit status 128\nOutput: fatal: Unable to create '/home/runner/work/mddb/mddb/data-e2e/.git/index.lock': File exists.\n\nAnother git process seems to be running in this repository, or the lock file may be stale\n"
INF http m=POST p=/api/v1/auth/switch-workspace s=200 d=10.4ms s=553
ERR Failed to commit DB changes err="failed to stage db changes: exit status 128\nOutput: fatal: Unable to create '/home/runner/work/mddb/mddb/data-e2e/.git/index.lock': File exists.\n\nAnother git process seems to be running in this repository, or the lock file may be stale\n"
INF http m=POST p=/api/v1/auth/register s=200 d=127ms s=393
INF http m=GET p=/api/v1/workspaces/43LASJBS2000/nodes/0/children s=200 d=1.86ms s=26
INF http m=GET p=/api/v1/notifications/unread-count s=200 d=4.15ms s=25
INF http m=GET p=/ s=200 d=56µs s=532
INF http m=GET p=/api/v1/workspaces/43LASJBS2000/members s=200 d=5.78ms s=122
INF http m=GET p=/assets/index-D8rN_C6i.js s=200 d=175µs s=49782
INF http m=GET p=/assets/index-BppjCDFJ.css s=200 d=93µs s=12398
INF http m=GET p=/assets/de-qJeflSp6.js s=200 d=87µs s=6245
INF http m=GET p=/assets/editor-vendor-DXykusy4.js s=200 d=189µs s=95952
INF http m=GET p=/assets/vendor-Dz6kinLD.js s=200 d=92µs s=27873
INF http m=GET p=/registerSW.js s=200 d=37µs s=87
ERR Failed to commit DB changes err="failed to stage db changes: exit status 128\nOutput: fatal: Unable to create '/home/runner/work/mddb/mddb/data-e2e/.git/index.lock': File exists.\n\nAnother git process seems to be running in this repository, or the lock file may be stale\n"
INF http m=POST p=/api/v1/workspaces/43LASJBS2000/nodes/0/page/create s=200 d=48.5ms s=35
INF http m=GET p=/api/v1/workspaces/43LASJBS2000/nodes/0/children s=200 d=456µs s=257
INF http m=GET p=/assets/WorkspaceSettingsPanel-CeaO382V.css s=200 d=42µs s=1021
INF http m=GET p=/assets/WorkspaceSettingsPanel-C0CeQhf8.js s=200 d=162µs s=4456
INF http m=GET p=/api/v1/workspaces/43LASJBS2000/nodes/43LASKT2E000 s=200 d=401µs s=245
INF http m=GET p=/assets/ServerSettingsPanel-DsIxlWdC.css s=200 d=41µs s=593
INF http m=GET p=/assets/Editor-CO3i7Yl7.css s=200 d=45µs s=2237
INF http m=GET p=/assets/Editor--AVOgcEK.js s=200 d=94µs s=13498
INF http m=GET p=/assets/ServerSettingsPanel-Cmq42vr7.js s=200 d=61µs s=2538
INF http m=GET p=/assets/ResourceQuotaForm-Coc__0PE.js s=200 d=45µs s=813
INF http m=GET p=/assets/ResourceQuotaForm-AxNe1Ebg.css s=200 d=38µs s=302
INF http m=GET p=/assets/ProfileSettings-kJBJbTIc.css s=200 d=39µs s=1220
INF http m=GET p=/assets/ProfileSettings-HAdAXUp2.js s=200 d=77µs s=4325
INF http m=GET p=/assets/OrgSettingsPanel-CEubhZUp.css s=200 d=43µs s=509
INF http m=GET p=/api/v1/auth/me s=200 d=251µs s=165
INF http m=GET p=/assets/en-BOb8f2G7.js s=200 d=90µs s=5207
INF http m=GET p=/assets/OrgSettingsPanel-B6q-g6eD.js s=200 d=74µs s=2306
INF http m=GET p=/sw.js s=200 d=70µs s=5541
INF http m=GET p=/favicon.png s=200 d=43µs s=449
INF http m=GET p=/assets/InviteForm-fXZCo6g3.js s=200 d=21µs s=1267
INF http m=GET p=/api/v1/notifications/unread-count s=200 d=268µs s=25
ERR Failed to commit DB changes err="failed to stage db changes: exit status 128\nOutput: fatal: Unable to create '/home/runner/work/mddb/mddb/data-e2e/.git/index.lock': File exists.\n\nAnother git process seems to be running in this repository, or the lock file may be stale\n"
INF http m=GET p=/assets/InviteForm-CW-wgFWD.css s=200 d=62µs s=414
INF http m=POST p=/api/v1/organizations s=200 d=16.7ms s=351
INF http m=GET p=/api/v1/auth/me s=200 d=268µs s=250
ERR Failed to commit DB changes err="failed to stage db changes: exit status 128\nOutput: fatal: Unable to create '/home/runner/work/mddb/mddb/data-e2e/.git/index.lock': File exists.\n\nAnother git process seems to be running in this repository, or the lock file may be stale\n"
INF http m=POST p=/api/v1/workspaces/43LASJBS2000/nodes/0/page/create s=200 d=59.1ms s=26
INF http m=GET p=/w/@43LASJBS2000+workspace/@43LASKT2E000+welcome s=200 d=91µs s=532
INF http m=GET p=/assets/AdminDashboard-R0heLGro.css s=200 d=39µs s=601
INF http m=GET p=/api/v1/workspaces/43LASJBS2000/events s=200 d=267ms s=233
INF http m=GET p=/registerSW.js s=200 d=33µs s=87
INF http m=GET p=/assets/AdminDashboard-Cfrr1YY_.js s=200 d=111µs s=2075
INF http m=GET p=/registerSW.js s=200 d=32µs s=87
INF http m=GET p=/manifest.webmanifest s=200 d=38µs s=199
INF http m=GET p=/index.html s=200 d=44µs s=532
INF http m=GET p=/api/v1/auth/me s=200 d=635µs s=353
INF http m=GET p=/icon.svg s=200 d=76µs s=195
INF http m=GET p=/icon-512.png s=200 d=94µs s=6498
INF http m=GET p=/icon-192.png s=200 d=47µs s=2468
INF http m=GET p=/favicon.png s=200 d=45µs s=449
INF http m=GET p=/api/v1/notifications/unread-count s=200 d=189µs s=25
INF http m=GET p=/apple-touch-icon.png s=200 d=59µs s=2298
INF http m=GET p=/api/v1/workspaces/43LASJBS2000/nodes/43LASKT2E000 s=200 d=278µs s=245
INF http m=GET p=/api/v1/workspaces/43LASJBS2000/members s=200 d=147µs s=122
INF http m=GET p=/api/v1/workspaces/43LASJBS2000/nodes/0/children s=200 d=364µs s=242
INF http m=GET p=/assets/material-symbols-names-Dyx5m6Tf.js s=200 d=162µs s=15412
ERR Failed to add workspace submodule wsID=43LASMH6I000 err="failed to add submodule 43LASMH6I000: exit status 128\nOutput: Adding existing repo at '43LASMH6I000' to the index\nfatal: Unable to create '/home/runner/work/mddb/mddb/data-e2e/.git/index.lock': File exists.\n\nAnother git process seems to be running in this repository, or the lock file may be stale\nfatal: Failed to add submodule '43LASMH6I000'\n"
INF http m=GET p=/assets/fr-CgauyyXq.js s=200 d=83µs s=6301
ERR Failed to commit DB changes err="failed to stage db changes: exit status 128\nOutput: fatal: Unable to create '/home/runner/work/mddb/mddb/data-e2e/.git/index.lock': File exists.\n\nAnother git process seems to be running in this repository, or the lock file may be stale\n"
INF http m=POST p=/api/v1/organizations/43LASM4IG000/workspaces s=200 d=155ms s=300
INF http m=GET p=/assets/es-DHO8DnB9.js s=200 d=67µs s=6015
ERR Failed to commit DB changes err="failed to stage db changes: exit status 128\nOutput: fatal: Unable to create '/home/runner/work/mddb/mddb/data-e2e/.git/index.lock': File exists.\n\nAnother git process seems to be running in this repository, or the lock file may be stale\n"
INF http m=POST p=/api/v1/auth/switch-workspace s=200 d=7.86ms s=611
INF http m=GET p=/api/v1/workspaces/43LASJBS2000/nodes/43LASLUTU000 s=200 d=884µs s=166
INF http m=GET p=/assets/emoji-groups-BpL1N8nI.js s=200 d=120µs s=13798
INF http m=GET p=/api/v1/workspaces/43LASMH6I000/nodes/0/children s=200 d=320µs s=26
INF http m=GET p=/api/v1/notifications/unread-count s=200 d=166µs s=25
INF http m=GET p=/api/v1/workspaces/43LASMH6I000/members s=200 d=533µs s=126
INF http m=GET p=/api/v1/auth/me s=200 d=265µs s=365
ERR Failed to commit DB changes err="failed to stage db changes: exit status 128\nOutput: fatal: Unable to create '/home/runner/work/mddb/mddb/data-e2e/.git/index.lock': File exists.\n\nAnother git process seems to be running in this repository, or the lock file may be stale\n"
INF http m=POST p=/api/v1/workspaces/43LASMH6I000/nodes/0/page/create s=200 d=32.4ms s=35
INF http m=GET p=/api/v1/workspaces/43LASMH6I000/nodes/0/children s=200 d=1.37ms s=257
INF http m=GET p=/api/v1/workspaces/43LASMH6I000/nodes/43LASNPMC000 s=200 d=771µs s=245
INF http m=GET p=/assets/Editor--AVOgcEK.js s=200 d=138µs s=13498
INF http m=GET p=/assets/Editor-CO3i7Yl7.css s=200 d=55µs s=2237
INF http m=GET p=/assets/de-qJeflSp6.js s=200 d=112µs s=6245
INF http m=GET p=/assets/WorkspaceSettingsPanel-CeaO382V.css s=200 d=40µs s=1021
INF http m=GET p=/assets/WorkspaceSettingsPanel-C0CeQhf8.js s=200 d=68µs s=4456
INF http m=GET p=/assets/ServerSettingsPanel-DsIxlWdC.css s=200 d=34µs s=593
INF http m=GET p=/assets/ServerSettingsPanel-Cmq42vr7.js s=200 d=56µs s=2538
INF http m=GET p=/assets/ResourceQuotaForm-Coc__0PE.js s=200 d=39µs s=813
INF http m=GET p=/assets/ResourceQuotaForm-AxNe1Ebg.css s=200 d=32µs s=302
INF http m=GET p=/assets/ProfileSettings-kJBJbTIc.css s=200 d=38µs s=1220
ERR Failed to add workspace submodule wsID=43LASO09M000 err="failed to add submodule 43LASO09M000: exit status 128\nOutput: Adding existing repo at '43LASO09M000' to the index\nfatal: Unable to create '/home/runner/work/mddb/mddb/data-e2e/.git/index.lock': File exists.\n\nAnother git process seems to be running in this repository, or the lock file may be stale\nfatal: Failed to add submodule '43LASO09M000'\n"
INF http m=GET p=/assets/ProfileSettings-HAdAXUp2.js s=200 d=83µs s=4325
ERR Failed to commit DB changes err="failed to stage db changes: exit status 128\nOutput: fatal: Unable to create '/home/runner/work/mddb/mddb/data-e2e/.git/index.lock': File exists.\n\nAnother git process seems to be running in this repository, or the lock file may be stale\n"
INF http m=POST p=/api/v1/organizations/43LASITQ4000/workspaces s=200 d=99.7ms s=312
INF http m=GET p=/assets/OrgSettingsPanel-CEubhZUp.css s=200 d=33µs s=509
ERR Failed to commit DB changes err="failed to stage db changes: exit status 128\nOutput: fatal: Unable to create '/home/runner/work/mddb/mddb/data-e2e/.git/index.lock': File exists.\n\nAnother git process seems to be running in this repository, or the lock file may be stale\n"
INF http m=POST p=/api/v1/auth/switch-workspace s=200 d=5.14ms s=615
INF http m=GET p=/assets/OrgSettingsPanel-B6q-g6eD.js s=200 d=39µs s=2306
INF http m=GET p=/assets/InviteForm-fXZCo6g3.js s=200 d=28µs s=1267
INF http m=GET p=/assets/InviteForm-CW-wgFWD.css s=200 d=35µs s=414
INF http m=GET p=/api/v1/workspaces/43LASJBS2000/events s=200 d=273ms s=93
INF http m=GET p=/assets/AdminDashboard-R0heLGro.css s=200 d=629µs s=601
INF http m=GET p=/assets/AdminDashboard-Cfrr1YY_.js s=200 d=56µs s=2075
INF http m=GET p=/manifest.webmanifest s=200 d=53µs s=199
INF http m=GET p=/api/v1/auth/me s=200 d=332µs s=364
INF http m=GET p=/api/v1/workspaces/43LASMH6I000/events s=200 d=239ms s=207
INF http m=GET p=/api/v1/auth/me s=200 d=774µs s=408
INF http m=GET p=/api/v1/notifications/unread-count s=200 d=180µs s=25
INF http m=GET p=/api/v1/workspaces/43LASO09M000/members s=200 d=586µs s=122
INF http m=GET p=/api/v1/workspaces/43LASO09M000/nodes/0/children s=200 d=287µs s=26
ERR Failed to commit DB changes err="failed to stage db changes: exit status 128\nOutput: fatal: Unable to create '/home/runner/work/mddb/mddb/data-e2e/.git/index.lock': File exists.\n\nAnother git process seems to be running in this repository, or the lock file may be stale\n"
INF http m=POST p=/api/v1/workspaces/43LASO09M000/nodes/0/page/create s=200 d=44.1ms s=35
INF http m=GET p=/api/v1/workspaces/43LASO09M000/nodes/0/children s=200 d=881µs s=257
INF http m=GET p=/api/v1/workspaces/43LASO09M000/events s=200 d=105ms s=207
ERR Failed to commit DB changes err="failed to stage db changes: exit status 128\nOutput: fatal: Unable to create '/home/runner/work/mddb/mddb/data-e2e/.git/index.lock': File exists.\n\nAnother git process seems to be running in this repository, or the lock file may be stale\n"
INF http m=POST p=/api/v1/auth/register s=200 d=117ms s=391
INF http m=GET p=/ s=200 d=73µs s=532
INF http m=GET p=/registerSW.js s=200 d=66µs s=87
INF http m=GET p=/assets/editor-vendor-DXykusy4.js s=200 d=160µs s=95952
INF http m=GET p=/assets/index-BppjCDFJ.css s=200 d=147µs s=12398
INF http m=GET p=/assets/index-D8rN_C6i.js s=200 d=120µs s=49782
INF http m=GET p=/assets/vendor-Dz6kinLD.js s=200 d=114µs s=27873
ERR Failed to commit DB changes err="failed to stage db changes: exit status 128\nOutput: fatal: Unable to create '/home/runner/work/mddb/mddb/data-e2e/.git/index.lock': File exists.\n\nAnother git process seems to be running in this repository, or the lock file may be stale\n"
INF http m=POST p=/api/v1/auth/register s=200 d=91.5ms s=397
INF http m=GET p=/ s=200 d=56µs s=532
INF http m=GET p=/registerSW.js s=200 d=99µs s=87
INF http m=GET p=/assets/index-BppjCDFJ.css s=200 d=159µs s=12398
INF http m=GET p=/assets/index-D8rN_C6i.js s=200 d=211µs s=49782
INF http m=GET p=/assets/vendor-Dz6kinLD.js s=200 d=156µs s=27873
INF http m=GET p=/assets/editor-vendor-DXykusy4.js s=200 d=181µs s=95952
INF http m=GET p=/api/v1/auth/me s=200 d=237µs s=166
INF http m=GET p=/assets/en-BOb8f2G7.js s=200 d=103µs s=5207
INF http m=GET p=/api/v1/notifications/unread-count s=200 d=2.37ms s=25
INF http m=GET p=/sw.js s=200 d=104µs s=5541
ERR Failed to commit DB changes err="failed to stage db changes: exit status 128\nOutput: fatal: Unable to create '/home/runner/work/mddb/mddb/data-e2e/.git/index.lock': File exists.\n\nAnother git process seems to be running in this repository, or the lock file may be stale\n"
INF http m=POST p=/api/v1/organizations s=200 d=15.9ms s=349
INF http m=GET p=/api/v1/auth/me s=200 d=266µs s=167
INF http m=GET p=/favicon.png s=200 d=39µs s=449
INF http m=GET p=/assets/en-BOb8f2G7.js s=200 d=930µs s=5207
INF http m=GET p=/registerSW.js s=200 d=33µs s=87
INF http m=GET p=/api/v1/notifications/unread-count s=200 d=5.72ms s=25
INF http m=GET p=/api/v1/auth/me s=200 d=6.81ms s=249
INF http m=GET p=/index.html s=200 d=32µs s=532
INF http m=GET p=/favicon.png s=200 d=28µs s=449
ERR Failed to commit DB changes err="failed to stage db changes: exit status 128\nOutput: fatal: Unable to create '/home/runner/work/mddb/mddb/data-e2e/.git/index.lock': File exists.\n\nAnother git process seems to be running in this repository, or the lock file may be stale\n"
INF http m=POST p=/api/v1/organizations s=200 d=17.1ms s=354
INF http m=GET p=/icon.svg s=200 d=46µs s=195
INF http m=GET p=/icon-512.png s=200 d=104µs s=6498
INF http m=GET p=/sw.js s=200 d=139µs s=5541
INF http m=GET p=/icon-192.png s=200 d=41µs s=2468
INF http m=GET p=/favicon.png s=200 d=49µs s=449
INF http m=GET p=/api/v1/auth/me s=200 d=905µs s=252
INF http m=GET p=/apple-touch-icon.png s=200 d=128µs s=2298
INF http m=GET p=/registerSW.js s=200 d=33µs s=87
INF http m=GET p=/assets/material-symbols-names-Dyx5m6Tf.js s=200 d=129µs s=15412
INF http m=GET p=/index.html s=200 d=23µs s=532
INF http m=GET p=/icon.svg s=200 d=34µs s=195
INF http m=GET p=/icon-512.png s=200 d=1.79ms s=6498
INF http m=GET p=/icon-192.png s=200 d=58µs s=2468
INF http m=GET p=/favicon.png s=200 d=45µs s=449
ERR Failed to add workspace submodule wsID=43LASTBHQ000 err="failed to add submodule 43LASTBHQ000: exit status 128\nOutput: Adding existing repo at '43LASTBHQ000' to the index\nfatal: Unable to create '/home/runner/work/mddb/mddb/data-e2e/.git/index.lock': File exists.\n\nAnother git process seems to be running in this repository, or the lock file may be stale\nfatal: Failed to add submodule '43LASTBHQ000'\n"
ERR Failed to commit DB changes err="failed to stage db changes: exit status 128\nOutput: fatal: Unable to create '/home/runner/work/mddb/mddb/data-e2e/.git/index.lock': File exists.\n\nAnother git process seems to be running in this repository, or the lock file may be stale\n"
INF http m=POST p=/api/v1/organizations/43LASSQU4000/workspaces s=200 d=189ms s=298
INF http m=GET p=/apple-touch-icon.png s=200 d=41µs s=2298
INF http m=GET p=/assets/fr-CgauyyXq.js s=200 d=73µs s=6301
INF http m=GET p=/assets/es-DHO8DnB9.js s=200 d=102µs s=6015
INF http m=GET p=/assets/emoji-groups-BpL1N8nI.js s=200 d=122µs s=13798
INF http m=GET p=/assets/material-symbols-names-Dyx5m6Tf.js s=200 d=97µs s=15412
INF http m=GET p=/assets/fr-CgauyyXq.js s=200 d=85µs s=6301
INF http m=GET p=/assets/es-DHO8DnB9.js s=200 d=64µs s=6015
INF http m=GET p=/assets/emoji-groups-BpL1N8nI.js s=200 d=92µs s=13798
ERR Failed to add workspace submodule wsID=43LASTTGA000 err="failed to add submodule 43LASTTGA000: exit status 128\nOutput: Adding existing repo at '43LASTTGA000' to the index\nfatal: Unable to create '/home/runner/work/mddb/mddb/data-e2e/.git/index.lock': File exists.\n\nAnother git process seems to be running in this repository, or the lock file may be stale\nfatal: Failed to add submodule '43LASTTGA000'\n"
ERR Failed to commit DB changes err="failed to stage db changes: exit status 128\nOutput: fatal: Unable to create '/home/runner/work/mddb/mddb/data-e2e/.git/index.lock': File exists.\n\nAnother git process seems to be running in this repository, or the lock file may be stale\n"
INF http m=POST p=/api/v1/organizations/43LASTAUE000/workspaces s=200 d=228ms s=302
ERR Failed to commit DB changes err="failed to stage db changes: exit status 128\nOutput: fatal: Unable to create '/home/runner/work/mddb/mddb/data-e2e/.git/index.lock': File exists.\n\nAnother git process seems to be running in this repository, or the lock file may be stale\n"
INF http m=GET p=/assets/de-qJeflSp6.js s=200 d=116µs s=6245
INF http m=GET p=/assets/de-qJeflSp6.js s=200 d=89µs s=6245
INF http m=POST p=/api/v1/auth/switch-workspace s=200 d=149ms s=606
INF http m=GET p=/assets/WorkspaceSettingsPanel-CeaO382V.css s=200 d=37µs s=1021
INF http m=GET p=/assets/WorkspaceSettingsPanel-CeaO382V.css s=200 d=25µs s=1021
ERR Failed to commit DB changes err="failed to stage db changes: exit status 128\nOutput: fatal: Unable to create '/home/runner/work/mddb/mddb/data-e2e/.git/index.lock': File exists.\n\nAnother git process seems to be running in this repository, or the lock file may be stale\n"
INF http m=POST p=/api/v1/auth/switch-workspace s=200 d=16.3ms s=569
INF http m=GET p=/assets/WorkspaceSettingsPanel-C0CeQhf8.js s=200 d=70µs s=4456
INF http m=GET p=/assets/WorkspaceSettingsPanel-C0CeQhf8.js s=200 d=56µs s=4456
INF http m=GET p=/assets/ServerSettingsPanel-DsIxlWdC.css s=200 d=31µs s=593
INF http m=GET p=/assets/ServerSettingsPanel-DsIxlWdC.css s=200 d=46µs s=593
INF http m=GET p=/assets/ServerSettingsPanel-Cmq42vr7.js s=200 d=54µs s=2538
INF http m=GET p=/assets/ServerSettingsPanel-Cmq42vr7.js s=200 d=28µs s=2538
INF http m=GET p=/api/v1/notifications/unread-count s=200 d=207µs s=25
INF http m=GET p=/assets/ResourceQuotaForm-Coc__0PE.js s=200 d=46µs s=813
INF http m=GET p=/assets/ResourceQuotaForm-Coc__0PE.js s=200 d=131µs s=813
INF http m=GET p=/api/v1/notifications/unread-count s=200 d=8.57ms s=25
INF http m=GET p=/api/v1/workspaces/43LASTTGA000/nodes/0/children s=200 d=3.61ms s=26
INF http m=GET p=/api/v1/workspaces/43LASTBHQ000/members s=200 d=10.3ms s=124
INF http m=GET p=/api/v1/workspaces/43LASTBHQ000/nodes/0/children s=200 d=31.4ms s=26
INF http m=GET p=/assets/ResourceQuotaForm-AxNe1Ebg.css s=200 d=212µs s=302
INF http m=GET p=/api/v1/workspaces/43LASTTGA000/members s=200 d=30.4ms s=130
INF http m=GET p=/assets/ResourceQuotaForm-AxNe1Ebg.css s=200 d=1.32ms s=302
INF http m=GET p=/assets/ProfileSettings-kJBJbTIc.css s=200 d=42µs s=1220
INF http m=GET p=/assets/ProfileSettings-kJBJbTIc.css s=200 d=40µs s=1220
INF http m=GET p=/assets/ProfileSettings-HAdAXUp2.js s=200 d=105µs s=4325
INF http m=GET p=/assets/ProfileSettings-HAdAXUp2.js s=200 d=106µs s=4325
INF http m=GET p=/assets/OrgSettingsPanel-CEubhZUp.css s=200 d=26µs s=509
INF http m=GET p=/assets/OrgSettingsPanel-B6q-g6eD.js s=200 d=46µs s=2306
ERR Failed to commit DB changes err="failed to stage db changes: exit status 128\nOutput: fatal: Unable to create '/home/runner/work/mddb/mddb/data-e2e/.git/index.lock': File exists.\n\nAnother git process seems to be running in this repository, or the lock file may be stale\n"
INF http m=POST p=/api/v1/workspaces/43LASTTGA000/nodes/0/page/create s=200 d=44.3ms s=35
INF http m=GET p=/assets/OrgSettingsPanel-CEubhZUp.css s=200 d=33µs s=509
INF http m=GET p=/api/v1/workspaces/43LASTTGA000/nodes/0/children s=200 d=766µs s=257
ERR Failed to commit DB changes err="failed to stage db changes: exit status 128\nOutput: fatal: Unable to create '/home/runner/work/mddb/mddb/data-e2e/.git/index.lock': File exists.\n\nAnother git process seems to be running in this repository, or the lock file may be stale\n"
INF http m=POST p=/api/v1/workspaces/43LASTBHQ000/nodes/0/page/create s=200 d=45.8ms s=35
INF http m=GET p=/assets/OrgSettingsPanel-B6q-g6eD.js s=200 d=58µs s=2306
INF http m=GET p=/assets/InviteForm-fXZCo6g3.js s=200 d=33µs s=1267
INF http m=GET p=/api/v1/workspaces/43LASTBHQ000/nodes/0/children s=200 d=343µs s=257
INF http m=GET p=/assets/InviteForm-CW-wgFWD.css s=200 d=32µs s=414
INF http m=GET p=/assets/InviteForm-fXZCo6g3.js s=200 d=26µs s=1267
INF http m=GET p=/api/v1/workspaces/43LASTTGA000/nodes/43LASVUKK000 s=200 d=312µs s=245
INF http m=GET p=/assets/Editor-CO3i7Yl7.css s=200 d=95µs s=2237
INF http m=GET p=/assets/InviteForm-CW-wgFWD.css s=200 d=46µs s=414
INF http m=GET p=/assets/Editor--AVOgcEK.js s=200 d=103µs s=13498
INF http m=GET p=/assets/Editor-CO3i7Yl7.css s=200 d=83µs s=2237
INF http m=GET p=/api/v1/workspaces/43LASTBHQ000/nodes/43LAT00IO000 s=200 d=733µs s=245
INF http m=GET p=/assets/Editor--AVOgcEK.js s=200 d=256µs s=13498
INF http m=GET p=/assets/AdminDashboard-R0heLGro.css s=200 d=66µs s=601
INF http m=GET p=/assets/AdminDashboard-R0heLGro.css s=200 d=19µs s=601
INF http m=GET p=/assets/AdminDashboard-Cfrr1YY_.js s=200 d=58µs s=2075
INF http m=GET p=/manifest.webmanifest s=200 d=30µs s=199
INF http m=GET p=/assets/AdminDashboard-Cfrr1YY_.js s=200 d=40µs s=2075
INF http m=GET p=/manifest.webmanifest s=200 d=43µs s=199
INF http m=GET p=/api/v1/workspaces/43LASTBHQ000/events s=200 d=186ms s=208
INF http m=GET p=/api/v1/workspaces/43LASTTGA000/events s=200 d=223ms s=207
ERR Failed to commit DB changes err="failed to stage db changes: exit status 128\nOutput: fatal: Unable to create '/home/runner/work/mddb/mddb/data-e2e/.git/index.lock': File exists.\n\nAnother git process seems to be running in this repository, or the lock file may be stale\n"
INF http m=POST p=/api/v1/auth/register s=200 d=152ms s=397
INF http m=GET p=/ s=200 d=62µs s=532
ERR Failed to commit DB changes err="failed to stage db changes: exit status 128\nOutput: fatal: Unable to create '/home/runner/work/mddb/mddb/data-e2e/.git/index.lock': File exists.\n\nAnother git process seems to be running in this repository, or the lock file may be stale\n"
INF http m=POST p=/api/v1/auth/register s=200 d=105ms s=385
INF http m=GET p=/assets/index-D8rN_C6i.js s=200 d=153µs s=49782
INF http m=GET p=/assets/index-BppjCDFJ.css s=200 d=160µs s=12398
INF http m=GET p=/assets/editor-vendor-DXykusy4.js s=200 d=216µs s=95952
INF http m=GET p=/assets/vendor-Dz6kinLD.js s=200 d=138µs s=27873
INF http m=GET p=/registerSW.js s=200 d=38µs s=87
INF http m=GET p=/ s=200 d=33µs s=532
INF http m=GET p=/assets/index-D8rN_C6i.js s=200 d=180µs s=49782
INF http m=GET p=/assets/index-BppjCDFJ.css s=200 d=157µs s=12398
INF http m=GET p=/assets/editor-vendor-DXykusy4.js s=200 d=193µs s=95952
INF http m=GET p=/assets/vendor-Dz6kinLD.js s=200 d=195µs s=27873
INF http m=GET p=/registerSW.js s=200 d=39µs s=87
INF http m=GET p=/api/v1/auth/me s=200 d=777µs s=168
INF http m=GET p=/assets/en-BOb8f2G7.js s=200 d=88µs s=5207
INF http m=GET p=/assets/en-BOb8f2G7.js s=200 d=97µs s=5207
INF http m=GET p=/api/v1/auth/me s=200 d=713µs s=165
INF http m=GET p=/api/v1/notifications/unread-count s=200 d=178µs s=25
INF http m=GET p=/sw.js s=200 d=91µs s=5541
INF http m=GET p=/favicon.png s=200 d=48µs s=449
ERR Failed to commit DB changes err="failed to stage db changes: exit status 128\nOutput: fatal: Unable to create '/home/runner/work/mddb/mddb/data-e2e/.git/index.lock': File exists.\n\nAnother git process seems to be running in this repository, or the lock file may be stale\n"
INF http m=POST p=/api/v1/organizations s=200 d=15.9ms s=352
INF http m=GET p=/api/v1/notifications/unread-count s=200 d=166µs s=25
ERR Failed to commit DB changes err="failed to stage db changes: exit status 128\nOutput: fatal: Unable to create '/home/runner/work/mddb/mddb/data-e2e/.git/index.lock': File exists.\n\nAnother git process seems to be running in this repository, or the lock file may be stale\n"
INF http m=POST p=/api/v1/organizations s=200 d=5.47ms s=351
INF http m=GET p=/favicon.png s=200 d=50µs s=449
INF http m=GET p=/api/v1/auth/me s=200 d=716µs s=250
INF http m=GET p=/sw.js s=200 d=91µs s=5541
INF http m=GET p=/api/v1/auth/me s=200 d=701µs s=253
INF http m=GET p=/registerSW.js s=200 d=36µs s=87
INF http m=GET p=/index.html s=200 d=91µs s=532
INF http m=GET p=/icon.svg s=200 d=42µs s=195
INF http m=GET p=/icon-512.png s=200 d=72µs s=6498
INF http m=GET p=/registerSW.js s=200 d=41µs s=87
INF http m=GET p=/icon-192.png s=200 d=36µs s=2468
INF http m=GET p=/favicon.png s=200 d=38µs s=449
INF http m=GET p=/index.html s=200 d=38µs s=532
INF http m=GET p=/icon.svg s=200 d=40µs s=195
INF http m=GET p=/apple-touch-icon.png s=200 d=55µs s=2298
INF http m=GET p=/icon-512.png s=200 d=74µs s=6498
INF http m=GET p=/icon-192.png s=200 d=53µs s=2468
INF http m=GET p=/favicon.png s=200 d=52µs s=449
INF http m=GET p=/apple-touch-icon.png s=200 d=71µs s=2298
INF http m=GET p=/assets/material-symbols-names-Dyx5m6Tf.js s=200 d=81µs s=15412
INF http m=GET p=/assets/material-symbols-names-Dyx5m6Tf.js s=200 d=119µs s=15412
INF http m=GET p=/assets/fr-CgauyyXq.js s=200 d=73µs s=6301
ERR Failed to add workspace submodule wsID=43LAT59S6000 err="failed to add submodule 43LAT59S6000: exit status 128\nOutput: Adding existing repo at '43LAT59S6000' to the index\nfatal: Unable to create '/home/runner/work/mddb/mddb/data-e2e/.git/index.lock': File exists.\n\nAnother git process seems to be running in this repository, or the lock file may be stale\nfatal: Failed to add submodule '43LAT59S6000'\n"
INF http m=GET p=/assets/es-DHO8DnB9.js s=200 d=88µs s=6015
INF http m=GET p=/assets/fr-CgauyyXq.js s=200 d=51µs s=6301
ERR Failed to commit DB changes err="failed to stage db changes: exit status 128\nOutput: fatal: Unable to create '/home/runner/work/mddb/mddb/data-e2e/.git/index.lock': File exists.\n\nAnother git process seems to be running in this repository, or the lock file may be stale\n"
INF http m=POST p=/api/v1/organizations/43LAT4VO8000/workspaces s=200 d=208ms s=299
INF http m=GET p=/assets/es-DHO8DnB9.js s=200 d=75µs s=6015
INF http m=GET p=/assets/emoji-groups-BpL1N8nI.js s=200 d=114µs s=13798
INF http m=GET p=/assets/emoji-groups-BpL1N8nI.js s=200 d=4.6ms s=13798
ERR Failed to add workspace submodule wsID=43LAT5DQQ000 err="failed to add submodule 43LAT5DQQ000: exit status 128\nOutput: Adding existing repo at '43LAT5DQQ000' to the index\nfatal: Unable to create '/home/runner/work/mddb/mddb/data-e2e/.git/index.lock': File exists.\n\nAnother git process seems to be running in this repository, or the lock file may be stale\nfatal: Failed to add submodule '43LAT5DQQ000'\n"
ERR Failed to commit DB changes err="failed to stage db changes: exit status 128\nOutput: fatal: Unable to create '/home/runner/work/mddb/mddb/data-e2e/.git/index.lock': File exists.\n\nAnother git process seems to be running in this repository, or the lock file may be stale\n"
INF http m=POST p=/api/v1/organizations/43LAT4R46000/workspaces s=200 d=267ms s=302
ERR Failed to commit DB changes err="failed to stage db changes: exit status 128\nOutput: fatal: Unable to create '/home/runner/work/mddb/mddb/data-e2e/.git/index.lock': File exists.\n\nAnother git process seems to be running in this repository, or the lock file may be stale\n"
INF http m=POST p=/api/v1/auth/switch-workspace s=200 d=74.2ms s=623
ERR Failed to commit DB changes err="failed to stage db changes: exit status 128\nOutput: fatal: Unable to create '/home/runner/work/mddb/mddb/data-e2e/.git/index.lock': File exists.\n\nAnother git process seems to be running in this repository, or the lock file may be stale\n"
INF http m=POST p=/api/v1/auth/switch-workspace s=200 d=15.4ms s=576
INF http m=GET p=/api/v1/notifications/unread-count s=200 d=3.11ms s=25
INF http m=GET p=/api/v1/workspaces/43LAT59S6000/members s=200 d=21ms s=126
INF http m=GET p=/api/v1/workspaces/43LAT59S6000/nodes/0/children s=200 d=10ms s=26
INF http m=GET p=/api/v1/notifications/unread-count s=200 d=218µs s=25
INF http m=GET p=/api/v1/workspaces/43LAT5DQQ000/members s=200 d=1.31ms s=130
INF http m=GET p=/api/v1/workspaces/43LAT5DQQ000/nodes/0/children s=200 d=9.1ms s=26
INF http m=GET p=/assets/de-qJeflSp6.js s=200 d=118µs s=6245
INF http m=GET p=/assets/de-qJeflSp6.js s=200 d=103µs s=6245
INF http m=GET p=/assets/WorkspaceSettingsPanel-CeaO382V.css s=200 d=71µs s=1021
INF http m=GET p=/assets/WorkspaceSettingsPanel-C0CeQhf8.js s=200 d=88µs s=4456
INF http m=GET p=/assets/WorkspaceSettingsPanel-CeaO382V.css s=200 d=29µs s=1021
INF http m=GET p=/assets/WorkspaceSettingsPanel-C0CeQhf8.js s=200 d=121µs s=4456
INF http m=GET p=/assets/ServerSettingsPanel-DsIxlWdC.css s=200 d=31µs s=593
INF http m=GET p=/assets/ServerSettingsPanel-Cmq42vr7.js s=200 d=52µs s=2538
INF http m=GET p=/assets/ServerSettingsPanel-DsIxlWdC.css s=200 d=34µs s=593
INF http m=GET p=/assets/ServerSettingsPanel-Cmq42vr7.js s=200 d=52µs s=2538
INF http m=GET p=/assets/ResourceQuotaForm-Coc__0PE.js s=200 d=21µs s=813
ERR Failed to commit DB changes err="failed to stage db changes: exit status 128\nOutput: fatal: Unable to create '/home/runner/work/mddb/mddb/data-e2e/.git/index.lock': File exists.\n\nAnother git process seems to be running in this repository, or the lock file may be stale\n"
INF http m=POST p=/api/v1/workspaces/43LAT59S6000/nodes/0/page/create s=200 d=56.4ms s=35
ERR Failed to commit DB changes err="failed to stage db changes: exit status 128\nOutput: fatal: Unable to create '/home/runner/work/mddb/mddb/data-e2e/.git/index.lock': File exists.\n\nAnother git process seems to be running in this repository, or the lock file may be stale\n"
INF http m=POST p=/api/v1/workspaces/43LAT5DQQ000/nodes/0/page/create s=200 d=43.5ms s=35
INF http m=GET p=/assets/ResourceQuotaForm-AxNe1Ebg.css s=200 d=36µs s=302
INF http m=GET p=/assets/ResourceQuotaForm-Coc__0PE.js s=200 d=27µs s=813
INF http m=GET p=/api/v1/workspaces/43LAT59S6000/nodes/0/children s=200 d=664µs s=257
INF http m=GET p=/api/v1/workspaces/43LAT5DQQ000/nodes/0/children s=200 d=581µs s=257
INF http m=GET p=/assets/ResourceQuotaForm-AxNe1Ebg.css s=200 d=34µs s=302
INF http m=GET p=/assets/ProfileSettings-kJBJbTIc.css s=200 d=27µs s=1220
INF http m=GET p=/assets/ProfileSettings-kJBJbTIc.css s=200 d=31µs s=1220
INF http m=GET p=/assets/ProfileSettings-HAdAXUp2.js s=200 d=98µs s=4325
INF http m=GET p=/api/v1/workspaces/43LAT59S6000/nodes/43LAT7L04000 s=200 d=3.59ms s=245
INF http m=GET p=/assets/OrgSettingsPanel-CEubhZUp.css s=200 d=37µs s=509
INF http m=GET p=/assets/ProfileSettings-HAdAXUp2.js s=200 d=246µs s=4325
INF http m=GET p=/assets/OrgSettingsPanel-B6q-g6eD.js s=200 d=45µs s=2306
INF http m=GET p=/api/v1/workspaces/43LAT5DQQ000/nodes/43LAT7O32000 s=200 d=1.4ms s=245
INF http m=GET p=/assets/Editor-CO3i7Yl7.css s=200 d=46µs s=2237
INF http m=GET p=/assets/Editor--AVOgcEK.js s=200 d=124µs s=13498
INF http m=GET p=/assets/OrgSettingsPanel-CEubhZUp.css s=200 d=32µs s=509
INF http m=GET p=/assets/InviteForm-fXZCo6g3.js s=200 d=34µs s=1267
INF http m=GET p=/assets/OrgSettingsPanel-B6q-g6eD.js s=200 d=51µs s=2306
INF http m=GET p=/assets/InviteForm-CW-wgFWD.css s=200 d=40µs s=414
INF http m=GET p=/assets/Editor--AVOgcEK.js s=200 d=91µs s=13498
INF http m=GET p=/assets/Editor-CO3i7Yl7.css s=200 d=42µs s=2237
INF http m=GET p=/assets/InviteForm-fXZCo6g3.js s=200 d=28µs s=1267
INF http m=GET p=/assets/InviteForm-CW-wgFWD.css s=200 d=43µs s=414
INF http m=GET p=/assets/AdminDashboard-R0heLGro.css s=200 d=37µs s=601
INF http m=GET p=/assets/AdminDashboard-Cfrr1YY_.js s=200 d=50µs s=2075
INF http m=GET p=/assets/AdminDashboard-R0heLGro.css s=200 d=39µs s=601
INF http m=GET p=/manifest.webmanifest s=200 d=29µs s=199
INF http m=GET p=/assets/AdminDashboard-Cfrr1YY_.js s=200 d=81µs s=2075
INF http m=GET p=/manifest.webmanifest s=200 d=39µs s=199
INF http m=GET p=/api/v1/workspaces/43LAT59S6000/events s=200 d=275ms s=202
INF http m=GET p=/api/v1/notifications/unread-count s=200 d=971µs s=25
INF http m=GET p=/api/v1/workspaces/43LAT5DQQ000/events s=200 d=282ms s=207
INF http m=GET p=/api/v1/auth/providers s=200 d=795µs s=59
INF http m=GET p=/api/v1/notifications/preferences s=200 d=2.47ms s=127
INF http m=GET p=/settings/user s=200 d=41µs s=532
INF http m=GET p=/api/v1/auth/me s=200 d=828µs s=356
ERR Failed to commit DB changes err="failed to stage db changes: exit status 128\nOutput: fatal: Unable to create '/home/runner/work/mddb/mddb/data-e2e/.git/index.lock': File exists.\n\nAnother git process seems to be running in this repository, or the lock file may be stale\n"
INF http m=POST p=/api/v1/auth/register s=200 d=114ms s=405
INF http m=GET p=/ s=200 d=60µs s=532
INF http m=GET p=/api/v1/notifications/unread-count s=200 d=295µs s=25
INF http m=GET p=/assets/index-D8rN_C6i.js s=200 d=176µs s=49782
INF http m=GET p=/assets/index-BppjCDFJ.css s=200 d=127µs s=12398
INF http m=GET p=/assets/editor-vendor-DXykusy4.js s=200 d=177µs s=95952
INF http m=GET p=/assets/vendor-Dz6kinLD.js s=200 d=206µs s=27873
INF http m=GET p=/registerSW.js s=200 d=39µs s=87
INF http m=GET p=/api/v1/notifications/preferences s=200 d=616µs s=127
INF http m=GET p=/api/v1/auth/providers s=200 d=1.24ms s=59
INF http m=GET p=/api/v1/auth/me s=200 d=690µs s=168
INF http m=GET p=/assets/en-BOb8f2G7.js s=200 d=88µs s=5207
INF http m=GET p=/api/v1/notifications/unread-count s=200 d=222µs s=25
INF http m=GET p=/sw.js s=200 d=84µs s=5541
INF http m=GET p=/registerSW.js s=200 d=37µs s=87
INF http m=GET p=/index.html s=200 d=42µs s=532
INF http m=GET p=/icon.svg s=200 d=29µs s=195
INF http m=GET p=/icon-512.png s=200 d=62µs s=6498
INF http m=GET p=/favicon.png s=200 d=24µs s=449
INF http m=GET p=/icon-192.png s=200 d=91µs s=2468
ERR Failed to commit DB changes err="failed to stage db changes: exit status 128\nOutput: fatal: Unable to create '/home/runner/work/mddb/mddb/data-e2e/.git/index.lock': File exists.\n\nAnother git process seems to be running in this repository, or the lock file may be stale\n"
INF http m=POST p=/api/v1/organizations s=200 d=20.3ms s=356
INF http m=GET p=/favicon.png s=200 d=45µs s=449
INF http m=GET p=/api/v1/auth/me s=200 d=247µs s=255
INF http m=GET p=/apple-touch-icon.png s=200 d=47µs s=2298
INF http m=GET p=/assets/material-symbols-names-Dyx5m6Tf.js s=200 d=135µs s=15412
INF http m=GET p=/assets/fr-CgauyyXq.js s=200 d=139µs s=6301
INF http m=GET p=/assets/es-DHO8DnB9.js s=200 d=268µs s=6015
INF http m=GET p=/assets/emoji-groups-BpL1N8nI.js s=200 d=122µs s=13798
ERR Failed to add workspace submodule wsID=43LATCLUG000 err="failed to add submodule 43LATCLUG000: exit status 128\nOutput: Adding existing repo at '43LATCLUG000' to the index\nfatal: Unable to create '/home/runner/work/mddb/mddb/data-e2e/.git/index.lock': File exists.\n\nAnother git process seems to be running in this repository, or the lock file may be stale\nfatal: Failed to add submodule '43LATCLUG000'\n"
ERR Failed to commit DB changes err="failed to stage db changes: exit status 128\nOutput: fatal: Unable to create '/home/runner/work/mddb/mddb/data-e2e/.git/index.lock': File exists.\n\nAnother git process seems to be running in this repository, or the lock file may be stale\n"
INF http m=POST p=/api/v1/organizations/43LATCFIO000/workspaces s=200 d=174ms s=302
INF http m=GET p=/assets/de-qJeflSp6.js s=200 d=113µs s=6245
ERR Failed to commit DB changes err="failed to stage db changes: exit status 128\nOutput: fatal: Unable to create '/home/runner/work/mddb/mddb/data-e2e/.git/index.lock': File exists.\n\nAnother git process seems to be running in this repository, or the lock file may be stale\n"
INF http m=POST p=/api/v1/auth/switch-workspace s=200 d=17.5ms s=571
INF http m=GET p=/assets/WorkspaceSettingsPanel-CeaO382V.css s=200 d=45µs s=1021
INF http m=GET p=/assets/WorkspaceSettingsPanel-C0CeQhf8.js s=200 d=98µs s=4456
INF http m=GET p=/assets/ServerSettingsPanel-DsIxlWdC.css s=200 d=41µs s=593
INF http m=GET p=/assets/ServerSettingsPanel-Cmq42vr7.js s=200 d=47µs s=2538
INF http m=GET p=/assets/ResourceQuotaForm-Coc__0PE.js s=200 d=50µs s=813
INF http m=GET p=/api/v1/workspaces/43LATCLUG000/members s=200 d=9.47ms s=121
INF http m=GET p=/api/v1/workspaces/43LATCLUG000/nodes/0/children s=200 d=26ms s=26
INF http m=GET p=/api/v1/notifications/unread-count s=200 d=27.2ms s=25
INF http m=GET p=/assets/ResourceQuotaForm-AxNe1Ebg.css s=200 d=46µs s=302
INF http m=GET p=/assets/ProfileSettings-kJBJbTIc.css s=200 d=34µs s=1220
ERR Failed to commit DB changes err="failed to stage db changes: exit status 128\nOutput: fatal: Unable to create '/home/runner/work/mddb/mddb/data-e2e/.git/index.lock': File exists.\n\nAnother git process seems to be running in this repository, or the lock file may be stale\n"
INF http m=POST p=/api/v1/auth/register s=200 d=156ms s=388
INF http m=GET p=/assets/ProfileSettings-HAdAXUp2.js s=200 d=66µs s=4325
INF http m=GET p=/ s=200 d=50µs s=532
INF http m=GET p=/assets/OrgSettingsPanel-CEubhZUp.css s=200 d=28µs s=509
INF http m=GET p=/assets/OrgSettingsPanel-B6q-g6eD.js s=200 d=58µs s=2306
INF http m=GET p=/assets/InviteForm-fXZCo6g3.js s=200 d=34µs s=1267
ERR Failed to commit DB changes err="failed to stage db changes: exit status 128\nOutput: fatal: Unable to create '/home/runner/work/mddb/mddb/data-e2e/.git/index.lock': File exists.\n\nAnother git process seems to be running in this repository, or the lock file may be stale\n"
INF http m=POST p=/api/v1/workspaces/43LATCLUG000/nodes/0/page/create s=200 d=34.8ms s=35
INF http m=GET p=/api/v1/workspaces/43LATCLUG000/nodes/0/children s=200 d=1.01ms s=257
INF http m=GET p=/assets/index-D8rN_C6i.js s=200 d=187µs s=49782
INF http m=GET p=/assets/index-BppjCDFJ.css s=200 d=140µs s=12398
INF http m=GET p=/assets/InviteForm-CW-wgFWD.css s=200 d=27µs s=414
INF http m=GET p=/assets/editor-vendor-DXykusy4.js s=200 d=161µs s=95952
INF http m=GET p=/registerSW.js s=200 d=41µs s=87
INF http m=GET p=/assets/vendor-Dz6kinLD.js s=200 d=103µs s=27873
INF http m=GET p=/assets/Editor-CO3i7Yl7.css s=200 d=67µs s=2237
INF http m=GET p=/api/v1/workspaces/43LATCLUG000/nodes/43LATEFM6000 s=200 d=703µs s=245
INF http m=GET p=/assets/Editor--AVOgcEK.js s=200 d=105µs s=13498
INF http m=GET p=/assets/AdminDashboard-R0heLGro.css s=200 d=44µs s=601
INF http m=GET p=/assets/AdminDashboard-Cfrr1YY_.js s=200 d=55µs s=2075
INF http m=GET p=/manifest.webmanifest s=200 d=40µs s=199
INF http m=GET p=/api/v1/auth/me s=200 d=719µs s=164
INF http m=GET p=/assets/en-BOb8f2G7.js s=200 d=63µs s=5207
INF http m=GET p=/api/v1/notifications/unread-count s=200 d=231µs s=25
ERR Failed to commit DB changes err="failed to stage db changes: exit status 128\nOutput: fatal: Unable to create '/home/runner/work/mddb/mddb/data-e2e/.git/index.lock': File exists.\n\nAnother git process seems to be running in this repository, or the lock file may be stale\n"
INF http m=POST p=/api/v1/organizations s=200 d=5.14ms s=353
INF http m=GET p=/sw.js s=200 d=78µs s=5541
INF http m=GET p=/favicon.png s=200 d=26µs s=449
INF http m=GET p=/api/v1/auth/me s=200 d=726µs s=249
INF http m=GET p=/registerSW.js s=200 d=97µs s=87
INF http m=GET p=/index.html s=200 d=39µs s=532
INF http m=GET p=/icon.svg s=200 d=28µs s=195
INF http m=GET p=/icon-512.png s=200 d=60µs s=6498
INF http m=GET p=/icon-192.png s=200 d=40µs s=2468
INF http m=GET p=/favicon.png s=200 d=37µs s=449
INF http m=GET p=/apple-touch-icon.png s=200 d=41µs s=2298
INF http m=GET p=/assets/material-symbols-names-Dyx5m6Tf.js s=200 d=121µs s=15412
INF http m=GET p=/api/v1/notifications/unread-count s=200 d=175µs s=25
INF http m=GET p=/api/v1/workspaces/43LATCLUG000/events s=200 d=357ms s=207
ERR Failed to add workspace submodule wsID=43LATFV54000 err="failed to add submodule 43LATFV54000: exit status 128\nOutput: Adding existing repo at '43LATFV54000' to the index\nfatal: Unable to create '/home/runner/work/mddb/mddb/data-e2e/.git/index.lock': File exists.\n\nAnother git process seems to be running in this repository, or the lock file may be stale\nfatal: Failed to add submodule '43LATFV54000'\n"
INF http m=GET p=/api/v1/organizations/43LATCFIO000/users s=200 d=1.46ms s=331
ERR Failed to commit DB changes err="failed to stage db changes: exit status 128\nOutput: fatal: Unable to create '/home/runner/work/mddb/mddb/data-e2e/.git/index.lock': File exists.\n\nAnother git process seems to be running in this repository, or the lock file may be stale\n"
INF http m=POST p=/api/v1/organizations/43LATFLLQ000/workspaces s=200 d=110ms s=299
INF http m=GET p=/api/v1/workspaces/43LATCLUG000/invitations s=200 d=7.94ms s=34
INF http m=GET p=/assets/fr-CgauyyXq.js s=200 d=97µs s=6301
ERR Failed to commit DB changes err="failed to stage db changes: exit status 128\nOutput: fatal: Unable to create '/home/runner/work/mddb/mddb/data-e2e/.git/index.lock': File exists.\n\nAnother git process seems to be running in this repository, or the lock file may be stale\n"
INF http m=POST p=/api/v1/auth/switch-workspace s=200 d=12.2ms s=573
INF http m=GET p=/assets/es-DHO8DnB9.js s=200 d=73µs s=6015
INF http m=GET p=/assets/emoji-groups-BpL1N8nI.js s=200 d=93µs s=13798
INF http m=GET p=/api/v1/notifications/unread-count s=200 d=3.31ms s=25
INF http m=GET p=/api/v1/workspaces/43LATFV54000/members s=200 d=5.51ms s=128
INF http m=GET p=/api/v1/workspaces/43LATFV54000/nodes/0/children s=200 d=1.99ms s=26
INF http m=GET p=/assets/de-qJeflSp6.js s=200 d=128µs s=6245
ERR Failed to commit DB changes err="failed to stage db changes: exit status 128\nOutput: fatal: Unable to create '/home/runner/work/mddb/mddb/data-e2e/.git/index.lock': File exists.\n\nAnother git process seems to be running in this repository, or the lock file may be stale\n"
INF http m=POST p=/api/v1/workspaces/43LATFV54000/nodes/0/page/create s=200 d=36.2ms s=35
INF http m=GET p=/assets/WorkspaceSettingsPanel-CeaO382V.css s=200 d=41µs s=1021
INF http m=GET p=/api/v1/workspaces/43LATFV54000/nodes/0/children s=200 d=606µs s=257
INF http m=GET p=/assets/WorkspaceSettingsPanel-C0CeQhf8.js s=200 d=107µs s=4456
INF http m=GET p=/api/v1/workspaces/43LATFV54000/nodes/43LATH6VC000 s=200 d=361µs s=245
INF http m=GET p=/assets/ServerSettingsPanel-DsIxlWdC.css s=200 d=40µs s=593
INF http m=GET p=/assets/Editor--AVOgcEK.js s=200 d=76µs s=13498
INF http m=GET p=/assets/Editor-CO3i7Yl7.css s=200 d=71µs s=2237
INF http m=GET p=/assets/ServerSettingsPanel-Cmq42vr7.js s=200 d=85µs s=2538
INF http m=GET p=/assets/ResourceQuotaForm-Coc__0PE.js s=200 d=45µs s=813
INF http m=GET p=/assets/ResourceQuotaForm-AxNe1Ebg.css s=200 d=41µs s=302
INF http m=GET p=/assets/ProfileSettings-kJBJbTIc.css s=200 d=54µs s=1220
INF http m=GET p=/assets/ProfileSettings-HAdAXUp2.js s=200 d=107µs s=4325
INF http m=GET p=/assets/OrgSettingsPanel-CEubhZUp.css s=200 d=40µs s=509
INF http m=GET p=/assets/OrgSettingsPanel-B6q-g6eD.js s=200 d=61µs s=2306
INF http m=GET p=/assets/InviteForm-fXZCo6g3.js s=200 d=42µs s=1267
INF http m=GET p=/assets/InviteForm-CW-wgFWD.css s=200 d=57µs s=414
INF http m=GET p=/api/v1/workspaces/43LATFV54000/events s=200 d=271ms s=207
ERR Failed to commit DB changes err="failed to stage db changes: exit status 128\nOutput: fatal: Unable to create '/home/runner/work/mddb/mddb/data-e2e/.git/index.lock': File exists.\n\nAnother git process seems to be running in this repository, or the lock file may be stale\n"
INF http m=POST p=/api/v1/auth/register s=200 d=111ms s=391
INF http m=GET p=/ s=200 d=60µs s=532
INF http m=GET p=/assets/index-D8rN_C6i.js s=200 d=190µs s=49782
INF http m=GET p=/assets/index-BppjCDFJ.css s=200 d=123µs s=12398
INF http m=GET p=/assets/vendor-Dz6kinLD.js s=200 d=177µs s=27873
INF http m=GET p=/registerSW.js s=200 d=63µs s=87
INF http m=GET p=/assets/editor-vendor-DXykusy4.js s=200 d=265µs s=95952
INF http m=GET p=/api/v1/auth/me s=200 d=706µs s=167
INF http m=GET p=/assets/en-BOb8f2G7.js s=200 d=69µs s=5207
INF http m=GET p=/favicon.png s=200 d=47µs s=449
ERR Failed to commit DB changes err="failed to stage db changes: exit status 128\nOutput: fatal: Unable to create '/home/runner/work/mddb/mddb/data-e2e/.git/index.lock': File exists.\n\nAnother git process seems to be running in this repository, or the lock file may be stale\n"
INF http m=POST p=/api/v1/auth/register s=200 d=100ms s=392
INF http m=GET p=/api/v1/notifications/unread-count s=200 d=176µs s=25
INF http m=GET p=/ s=200 d=73µs s=532
ERR Failed to commit DB changes err="failed to stage db changes: exit status 128\nOutput: fatal: Unable to create '/home/runner/work/mddb/mddb/data-e2e/.git/index.lock': File exists.\n\nAnother git process seems to be running in this repository, or the lock file may be stale\n"
INF http m=POST p=/api/v1/organizations s=200 d=8.61ms s=353
INF http m=GET p=/api/v1/auth/me s=200 d=1.52ms s=253
INF http m=GET p=/sw.js s=200 d=107µs s=5541
INF http m=GET p=/registerSW.js s=200 d=50µs s=87
INF http m=GET p=/assets/index-BppjCDFJ.css s=200 d=108µs s=12398
INF http m=GET p=/assets/index-D8rN_C6i.js s=200 d=108µs s=49782
INF http m=GET p=/assets/vendor-Dz6kinLD.js s=200 d=97µs s=27873
INF http m=GET p=/assets/editor-vendor-DXykusy4.js s=200 d=138µs s=95952
INF http m=GET p=/registerSW.js s=200 d=45µs s=87
INF http m=GET p=/index.html s=200 d=38µs s=532
INF http m=GET p=/icon.svg s=200 d=35µs s=195
INF http m=GET p=/icon-512.png s=200 d=136µs s=6498
INF http m=GET p=/icon-192.png s=200 d=55µs s=2468
INF http m=GET p=/favicon.png s=200 d=43µs s=449
INF http m=GET p=/apple-touch-icon.png s=200 d=82µs s=2298
INF http m=GET p=/assets/en-BOb8f2G7.js s=200 d=76µs s=5207
INF http m=GET p=/api/v1/auth/me s=200 d=279µs s=168
INF http m=GET p=/assets/material-symbols-names-Dyx5m6Tf.js s=200 d=166µs s=15412
INF http m=GET p=/api/v1/notifications/unread-count s=200 d=3.48ms s=25
INF http m=GET p=/sw.js s=200 d=137µs s=5541
INF http m=GET p=/assets/fr-CgauyyXq.js s=200 d=81µs s=6301
ERR Failed to add workspace submodule wsID=43LATKR8U000 err="failed to add submodule 43LATKR8U000: exit status 128\nOutput: Adding existing repo at '43LATKR8U000' to the index\nfatal: Unable to create '/home/runner/work/mddb/mddb/data-e2e/.git/index.lock': File exists.\n\nAnother git process seems to be running in this repository, or the lock file may be stale\nfatal: Failed to add submodule '43LATKR8U000'\n"
INF http m=GET p=/favicon.png s=200 d=44µs s=449
ERR Failed to commit DB changes err="failed to stage db changes: exit status 128\nOutput: fatal: Unable to create '/home/runner/work/mddb/mddb/data-e2e/.git/index.lock': File exists.\n\nAnother git process seems to be running in this repository, or the lock file may be stale\n"
INF http m=POST p=/api/v1/organizations/43LATKG4E000/workspaces s=200 d=197ms s=301
ERR Failed to commit DB changes err="failed to stage db changes: exit status 128\nOutput: fatal: Unable to create '/home/runner/work/mddb/mddb/data-e2e/.git/index.lock': File exists.\n\nAnother git process seems to be running in this repository, or the lock file may be stale\n"
INF http m=POST p=/api/v1/organizations s=200 d=56.7ms s=352
INF http m=GET p=/assets/es-DHO8DnB9.js s=200 d=115µs s=6015
INF http m=GET p=/api/v1/auth/me s=200 d=695µs s=251
INF http m=GET p=/registerSW.js s=200 d=30µs s=87
ERR Failed to commit DB changes err="failed to stage db changes: exit status 128\nOutput: fatal: Unable to create '/home/runner/work/mddb/mddb/data-e2e/.git/index.lock': File exists.\n\nAnother git process seems to be running in this repository, or the lock file may be stale\n"
INF http m=POST p=/api/v1/auth/switch-workspace s=200 d=18.6ms s=602
INF http m=GET p=/index.html s=200 d=33µs s=532
INF http m=GET p=/assets/emoji-groups-BpL1N8nI.js s=200 d=113µs s=13798
INF http m=GET p=/icon.svg s=200 d=30µs s=195
INF http m=GET p=/icon-512.png s=200 d=109µs s=6498
INF http m=GET p=/icon-192.png s=200 d=46µs s=2468
INF http m=GET p=/api/v1/workspaces/43LATKR8U000/members s=200 d=263µs s=117
INF http m=GET p=/favicon.png s=200 d=35µs s=449
INF http m=GET p=/api/v1/notifications/unread-count s=200 d=12.3ms s=25
INF http m=GET p=/api/v1/workspaces/43LATKR8U000/nodes/0/children s=200 d=8.09ms s=26
INF http m=GET p=/apple-touch-icon.png s=200 d=105µs s=2298
INF http m=GET p=/assets/material-symbols-names-Dyx5m6Tf.js s=200 d=141µs s=15412
INF http m=GET p=/assets/de-qJeflSp6.js s=200 d=125µs s=6245
INF http m=GET p=/assets/WorkspaceSettingsPanel-CeaO382V.css s=200 d=40µs s=1021
INF http m=GET p=/assets/fr-CgauyyXq.js s=200 d=681µs s=6301
INF http m=GET p=/assets/WorkspaceSettingsPanel-C0CeQhf8.js s=200 d=61µs s=4456
INF http m=GET p=/assets/ServerSettingsPanel-DsIxlWdC.css s=200 d=38µs s=593
INF http m=GET p=/assets/es-DHO8DnB9.js s=200 d=65µs s=6015
INF http m=GET p=/assets/ServerSettingsPanel-Cmq42vr7.js s=200 d=60µs s=2538
INF http m=GET p=/assets/ResourceQuotaForm-Coc__0PE.js s=200 d=42µs s=813
INF http m=GET p=/assets/emoji-groups-BpL1N8nI.js s=200 d=78µs s=13798
INF http m=GET p=/assets/ResourceQuotaForm-AxNe1Ebg.css s=200 d=42µs s=302
ERR Failed to add workspace submodule wsID=43LATM5KS000 err="failed to add submodule 43LATM5KS000: exit status 128\nOutput: Adding existing repo at '43LATM5KS000' to the index\nfatal: Unable to create '/home/runner/work/mddb/mddb/data-e2e/.git/index.lock': File exists.\n\nAnother git process seems to be running in this repository, or the lock file may be stale\nfatal: Failed to add submodule '43LATM5KS000'\n"
INF http m=GET p=/assets/ProfileSettings-kJBJbTIc.css s=200 d=27µs s=1220
INF http m=GET p=/assets/ProfileSettings-HAdAXUp2.js s=200 d=67µs s=4325
ERR Failed to commit DB changes err="failed to stage db changes: exit status 128\nOutput: fatal: Unable to create '/home/runner/work/mddb/mddb/data-e2e/.git/index.lock': File exists.\n\nAnother git process seems to be running in this repository, or the lock file may be stale\n"
INF http m=POST p=/api/v1/organizations/43LATLO78000/workspaces s=200 d=169ms s=299
INF http m=GET p=/assets/OrgSettingsPanel-CEubhZUp.css s=200 d=34µs s=509
ERR Failed to commit DB changes err="failed to stage db changes: exit status 128\nOutput: fatal: Unable to create '/home/runner/work/mddb/mddb/data-e2e/.git/index.lock': File exists.\n\nAnother git process seems to be running in this repository, or the lock file may be stale\n"
INF http m=POST p=/api/v1/workspaces/43LATKR8U000/nodes/0/page/create s=200 d=90.9ms s=35
INF http m=GET p=/api/v1/workspaces/43LATKR8U000/nodes/0/children s=200 d=420µs s=257
INF http m=GET p=/assets/OrgSettingsPanel-B6q-g6eD.js s=200 d=39µs s=2306
ERR Failed to commit DB changes err="failed to stage db changes: exit status 128\nOutput: fatal: Unable to create '/home/runner/work/mddb/mddb/data-e2e/.git/index.lock': File exists.\n\nAnother git process seems to be running in this repository, or the lock file may be stale\n"
INF http m=POST p=/api/v1/auth/switch-workspace s=200 d=10.4ms s=582
INF http m=GET p=/api/v1/workspaces/43LATKR8U000/nodes/43LATMM98000 s=200 d=739µs s=245
INF http m=GET p=/assets/InviteForm-fXZCo6g3.js s=200 d=44µs s=1267
INF http m=GET p=/assets/InviteForm-CW-wgFWD.css s=200 d=45µs s=414
INF http m=GET p=/assets/Editor-CO3i7Yl7.css s=200 d=85µs s=2237
INF http m=GET p=/assets/Editor--AVOgcEK.js s=200 d=80µs s=13498
INF http m=GET p=/assets/de-qJeflSp6.js s=200 d=79µs s=6245
INF http m=GET p=/api/v1/notifications/unread-count s=200 d=197µs s=25
INF http m=GET p=/api/v1/workspaces/43LATM5KS000/nodes/0/children s=200 d=336µs s=26
INF http m=GET p=/assets/WorkspaceSettingsPanel-CeaO382V.css s=200 d=40µs s=1021
INF http m=GET p=/assets/AdminDashboard-R0heLGro.css s=200 d=25µs s=601
INF http m=GET p=/api/v1/workspaces/43LATM5KS000/members s=200 d=238µs s=132
INF http m=GET p=/assets/AdminDashboard-Cfrr1YY_.js s=200 d=102µs s=2075
INF http m=GET p=/assets/WorkspaceSettingsPanel-C0CeQhf8.js s=200 d=96µs s=4456
INF http m=GET p=/manifest.webmanifest s=200 d=44µs s=199
INF http m=GET p=/assets/ServerSettingsPanel-DsIxlWdC.css s=200 d=31µs s=593
INF http m=GET p=/assets/ServerSettingsPanel-Cmq42vr7.js s=200 d=57µs s=2538
ERR Failed to commit DB changes err="failed to stage db changes: exit status 128\nOutput: fatal: Unable to create '/home/runner/work/mddb/mddb/data-e2e/.git/index.lock': File exists.\n\nAnother git process seems to be running in this repository, or the lock file may be stale\n"
INF http m=GET p=/assets/ResourceQuotaForm-Coc__0PE.js s=200 d=44µs s=813
INF http m=POST p=/api/v1/workspaces/43LATM5KS000/nodes/0/page/create s=200 d=44.1ms s=35
INF http m=GET p=/api/v1/workspaces/43LATM5KS000/nodes/0/children s=200 d=340µs s=257
INF http m=GET p=/assets/ResourceQuotaForm-AxNe1Ebg.css s=200 d=66µs s=302
INF http m=GET p=/assets/ProfileSettings-kJBJbTIc.css s=200 d=39µs s=1220
INF http m=GET p=/api/v1/workspaces/43LATM5KS000/nodes/43LATNN58000 s=200 d=412µs s=245
INF http m=GET p=/assets/ProfileSettings-HAdAXUp2.js s=200 d=95µs s=4325
INF http m=GET p=/assets/OrgSettingsPanel-CEubhZUp.css s=200 d=25µs s=509
INF http m=GET p=/assets/Editor--AVOgcEK.js s=200 d=138µs s=13498
INF http m=GET p=/assets/Editor-CO3i7Yl7.css s=200 d=307µs s=2237
INF http m=GET p=/assets/OrgSettingsPanel-B6q-g6eD.js s=200 d=56µs s=2306
INF http m=GET p=/assets/InviteForm-fXZCo6g3.js s=200 d=41µs s=1267
INF http m=GET p=/assets/InviteForm-CW-wgFWD.css s=200 d=45µs s=414
INF http m=GET p=/api/v1/workspaces/43LATKR8U000/events s=200 d=321ms s=207
INF http m=GET p=/assets/AdminDashboard-R0heLGro.css s=200 d=44µs s=601
INF http m=GET p=/assets/AdminDashboard-Cfrr1YY_.js s=200 d=48µs s=2075
INF http m=GET p=/manifest.webmanifest s=200 d=31µs s=199
ERR Failed to commit DB changes err="failed to stage db changes: exit status 128\nOutput: fatal: Unable to create '/home/runner/work/mddb/mddb/data-e2e/.git/index.lock': File exists.\n\nAnother git process seems to be running in this repository, or the lock file may be stale\n"
INF http m=POST p=/api/v1/workspaces/43LATM5KS000/nodes/0/page/create s=200 d=41.7ms s=26
INF http m=GET p=/w/@43LATM5KS000+workspace/@43LATNN58000+welcome s=200 d=47µs s=532
INF http m=GET p=/api/v1/workspaces/43LATM5KS000/events s=200 d=230ms s=233
INF http m=GET p=/api/v1/auth/me s=200 d=698µs s=352
INF http m=GET p=/api/v1/notifications/unread-count s=200 d=645µs s=25
INF http m=GET p=/api/v1/workspaces/43LATM5KS000/nodes/0/children s=200 d=986µs s=271
INF http m=GET p=/api/v1/workspaces/43LATM5KS000/nodes/43LATNN58000 s=200 d=756µs s=245
INF http m=GET p=/api/v1/workspaces/43LATM5KS000/members s=200 d=567µs s=132
INF http m=GET p=/api/v1/workspaces/43LATM5KS000/nodes/43LATOKUE000 s=200 d=632µs s=188
ERR Failed to commit DB changes err="failed to stage db changes: exit status 128\nOutput: fatal: Unable to create '/home/runner/work/mddb/mddb/data-e2e/.git/index.lock': File exists.\n\nAnother git process seems to be running in this repository, or the lock file may be stale\n"
INF http m=POST p=/api/v1/auth/register s=200 d=85.6ms s=392
INF http m=GET p=/ s=200 d=63µs s=532
INF http m=GET p=/assets/index-D8rN_C6i.js s=200 d=173µs s=49782
INF http m=GET p=/assets/index-BppjCDFJ.css s=200 d=129µs s=12398
INF http m=GET p=/assets/editor-vendor-DXykusy4.js s=200 d=212µs s=95952
INF http m=GET p=/registerSW.js s=200 d=34µs s=87
INF http m=GET p=/assets/vendor-Dz6kinLD.js s=200 d=178µs s=27873
INF http m=GET p=/api/v1/workspaces/43LATM5KS000/events s=200 d=202ms s=93
INF http m=GET p=/assets/en-BOb8f2G7.js s=200 d=135µs s=5207
INF http m=GET p=/api/v1/auth/me s=200 d=13ms s=165
INF http m=GET p=/api/v1/notifications/unread-count s=200 d=717µs s=25
ERR Failed to commit DB changes err="failed to stage db changes: exit status 128\nOutput: fatal: Unable to create '/home/runner/work/mddb/mddb/data-e2e/.git/index.lock': File exists.\n\nAnother git process seems to be running in this repository, or the lock file may be stale\n"
INF http m=POST p=/api/v1/organizations s=200 d=9.87ms s=351
INF http m=GET p=/sw.js s=200 d=116µs s=5541
INF http m=GET p=/favicon.png s=200 d=36µs s=449
INF http m=GET p=/api/v1/auth/me s=200 d=247µs s=251
INF http m=GET p=/registerSW.js s=200 d=36µs s=87
INF http m=GET p=/index.html s=200 d=39µs s=532
INF http m=GET p=/icon.svg s=200 d=43µs s=195
INF http m=GET p=/icon-512.png s=200 d=73µs s=6498
INF http m=GET p=/icon-192.png s=200 d=62µs s=2468
INF http m=GET p=/favicon.png s=200 d=37µs s=449
INF http m=GET p=/apple-touch-icon.png s=200 d=47µs s=2298
INF http m=GET p=/assets/material-symbols-names-Dyx5m6Tf.js s=200 d=94µs s=15412
ERR Failed to add workspace submodule wsID=43LATRUDA000 err="failed to add submodule 43LATRUDA000: exit status 128\nOutput: Adding existing repo at '43LATRUDA000' to the index\nfatal: Unable to create '/home/runner/work/mddb/mddb/data-e2e/.git/index.lock': File exists.\n\nAnother git process seems to be running in this repository, or the lock file may be stale\nfatal: Failed to add submodule '43LATRUDA000'\n"
ERR Failed to commit DB changes err="failed to stage db changes: exit status 128\nOutput: fatal: Unable to create '/home/runner/work/mddb/mddb/data-e2e/.git/index.lock': File exists.\n\nAnother git process seems to be running in this repository, or the lock file may be stale\n"
INF http m=POST p=/api/v1/organizations/43LATRMFA000/workspaces s=200 d=140ms s=297
ERR Failed to commit DB changes err="failed to stage db changes: exit status 128\nOutput: fatal: Unable to create '/home/runner/work/mddb/mddb/data-e2e/.git/index.lock': File exists.\n\nAnother git process seems to be running in this repository, or the lock file may be stale\n"
INF http m=POST p=/api/v1/auth/switch-workspace s=200 d=6.93ms s=558
INF http m=GET p=/assets/fr-CgauyyXq.js s=200 d=75µs s=6301
INF http m=GET p=/assets/es-DHO8DnB9.js s=200 d=95µs s=6015
INF http m=GET p=/api/v1/workspaces/43LATRUDA000/nodes/0/children s=200 d=330µs s=26
INF http m=GET p=/api/v1/notifications/unread-count s=200 d=6.04ms s=25
INF http m=GET p=/api/v1/workspaces/43LATRUDA000/members s=200 d=5.56ms s=120
INF http m=GET p=/assets/emoji-groups-BpL1N8nI.js s=200 d=126µs s=13798
ERR Failed to commit DB changes err="failed to stage db changes: exit status 128\nOutput: fatal: Unable to create '/home/runner/work/mddb/mddb/data-e2e/.git/index.lock': File exists.\n\nAnother git process seems to be running in this repository, or the lock file may be stale\n"
INF http m=POST p=/api/v1/workspaces/43LATRUDA000/nodes/0/page/create s=200 d=24.8ms s=35
INF http m=GET p=/api/v1/workspaces/43LATRUDA000/nodes/0/children s=200 d=653µs s=257
INF http m=GET p=/api/v1/workspaces/43LATRUDA000/nodes/43LATT5TS000 s=200 d=2.11ms s=245
INF http m=GET p=/assets/Editor--AVOgcEK.js s=200 d=187µs s=13498
INF http m=GET p=/assets/Editor-CO3i7Yl7.css s=200 d=54µs s=2237
INF http m=GET p=/assets/de-qJeflSp6.js s=200 d=56µs s=6245
INF http m=GET p=/assets/WorkspaceSettingsPanel-CeaO382V.css s=200 d=50µs s=1021
INF http m=GET p=/assets/WorkspaceSettingsPanel-C0CeQhf8.js s=200 d=70µs s=4456
INF http m=GET p=/assets/ServerSettingsPanel-DsIxlWdC.css s=200 d=33µs s=593
INF http m=GET p=/assets/ServerSettingsPanel-Cmq42vr7.js s=200 d=38µs s=2538
INF http m=GET p=/assets/ResourceQuotaForm-Coc__0PE.js s=200 d=107µs s=813
INF http m=GET p=/assets/ResourceQuotaForm-AxNe1Ebg.css s=200 d=37µs s=302
INF http m=GET p=/assets/ProfileSettings-kJBJbTIc.css s=200 d=44µs s=1220
INF http m=GET p=/assets/ProfileSettings-HAdAXUp2.js s=200 d=61µs s=4325
INF http m=GET p=/assets/OrgSettingsPanel-CEubhZUp.css s=200 d=23µs s=509
INF http m=GET p=/assets/OrgSettingsPanel-B6q-g6eD.js s=200 d=34µs s=2306
INF http m=GET p=/assets/InviteForm-fXZCo6g3.js s=200 d=59µs s=1267
INF http m=GET p=/assets/InviteForm-CW-wgFWD.css s=200 d=22µs s=414
INF http m=GET p=/assets/AdminDashboard-R0heLGro.css s=200 d=29µs s=601
INF http m=GET p=/assets/AdminDashboard-Cfrr1YY_.js s=200 d=33µs s=2075
INF http m=GET p=/manifest.webmanifest s=200 d=31µs s=199
ERR Failed to commit DB changes err="failed to stage db changes: exit status 128\nOutput: fatal: Unable to create '/home/runner/work/mddb/mddb/data-e2e/.git/index.lock': File exists.\n\nAnother git process seems to be running in this repository, or the lock file may be stale\n"
INF http m=POST p=/api/v1/workspaces/43LATRUDA000/nodes/0/page/create s=200 d=17.2ms s=26
INF http m=GET p=/w/@43LATRUDA000+workspace/@43LATT5TS000+welcome s=200 d=46µs s=532
INF http m=GET p=/api/v1/workspaces/43LATRUDA000/events s=200 d=209ms s=231
INF http m=GET p=/api/v1/auth/me s=200 d=785µs s=365
INF http m=GET p=/api/v1/notifications/unread-count s=200 d=206µs s=25
INF http m=GET p=/api/v1/workspaces/43LATRUDA000/nodes/0/children s=200 d=853µs s=255
INF http m=GET p=/api/v1/workspaces/43LATRUDA000/members s=200 d=575µs s=120
INF http m=GET p=/api/v1/workspaces/43LATRUDA000/nodes/43LATT5TS000 s=200 d=1.08ms s=245
INF http m=GET p=/api/v1/workspaces/43LATRUDA000/nodes/43LATU8V4000 s=200 d=365µs s=185
INF http m=GET p=/api/v1/auth/me s=200 d=200µs s=371
ERR Failed to add workspace submodule wsID=43LATVQ4S000 err="failed to add submodule 43LATVQ4S000: exit status 128\nOutput: Adding existing repo at '43LATVQ4S000' to the index\nfatal: Unable to create '/home/runner/work/mddb/mddb/data-e2e/.git/index.lock': File exists.\n\nAnother git process seems to be running in this repository, or the lock file may be stale\nfatal: Failed to add submodule '43LATVQ4S000'\n"
ERR Failed to commit DB changes err="failed to stage db changes: exit status 128\nOutput: fatal: Unable to create '/home/runner/work/mddb/mddb/data-e2e/.git/index.lock': File exists.\n\nAnother git process seems to be running in this repository, or the lock file may be stale\n"
INF http m=POST p=/api/v1/organizations/43LATRMFA000/workspaces s=200 d=45.3ms s=311
INF http m=GET p=/w/@43LATRUDA000+ws-loops-workspace/@43LATU8V4000+ws1-only-page s=200 d=32µs s=532
INF http m=GET p=/api/v1/workspaces/43LATRUDA000/events s=200 d=215ms s=93
INF http m=GET p=/api/v1/auth/me s=200 d=336µs s=402
INF http m=GET p=/api/v1/workspaces/43LATRUDA000/nodes/0/children s=200 d=517µs s=255
INF http m=GET p=/api/v1/workspaces/43LATRUDA000/members s=200 d=171µs s=120
INF http m=GET p=/api/v1/notifications/unread-count s=200 d=1.9ms s=25
INF http m=GET p=/api/v1/workspaces/43LATRUDA000/nodes/43LATU8V4000 s=200 d=3.02ms s=185
ERR Failed to commit DB changes err="failed to stage db changes: exit status 128\nOutput: fatal: Unable to create '/home/runner/work/mddb/mddb/data-e2e/.git/index.lock': File exists.\n\nAnother git process seems to be running in this repository, or the lock file may be stale\n"
INF http m=POST p=/api/v1/auth/switch-workspace s=200 d=4.89ms s=602
INF http m=GET p=/api/v1/workspaces/43LATRUDA000/members s=200 d=151µs s=120
INF http m=GET p=/api/v1/workspaces/43LATVQ4S000/nodes/0/children s=200 d=279µs s=26
INF http m=GET p=/api/v1/workspaces/43LATVQ4S000/members s=200 d=482µs s=120
ERR Handler error err="node not found" statusCode=404 code=NOT_FOUND
INF http m=GET p=/api/v1/workspaces/43LATVQ4S000/nodes/43LATU8V4000 s=404 d=608µs s=71
INF http m=GET p=/api/v1/workspaces/43LATRUDA000/events s=200 d=137ms s=93
ERR Failed to commit DB changes err="failed to stage db changes: exit status 128\nOutput: fatal: Unable to create '/home/runner/work/mddb/mddb/data-e2e/.git/index.lock': File exists.\n\nAnother git process seems to be running in this repository, or the lock file may be stale\n"
INF http m=POST p=/api/v1/workspaces/43LATVQ4S000/nodes/0/page/create s=200 d=15.3ms s=35
INF http m=GET p=/api/v1/workspaces/43LATVQ4S000/nodes/0/children s=200 d=228µs s=257
INF http m=GET p=/api/v1/workspaces/43LATVQ4S000/nodes/43LAU198K000 s=200 d=209µs s=245
INF http m=GET p=/sw.js s=200 d=162µs s=5541
INF http m=GET p=/api/v1/workspaces/43LATVQ4S000/events s=200 d=2.1s s=208
