make[1]: Entering directory '/home/runner/work/mddb/mddb'
Created data-e2e/.env from .env.example
INF TEST_OAUTH=1: Using fake Google OAuth credentials
INF TEST_OAUTH=1: Using fake Microsoft OAuth credentials
INF TEST_OAUTH=1: Using fake GitHub OAuth credentials
INF OAuth providers initialized providers="[google microsoft github]"
INF Starting server addr=localhost:8080 baseURL=http://localhost:8080 version=v0.0.0-20260914002056-7d3fc51785e9+dirty
INF http m=GET p=/api/v1/health s=200 d=112µs s=160
INF http m=POST p=/api/v1/auth/register s=200 d=89.4ms s=410
INF http m=POST p=/api/v1/auth/register s=200 d=133ms s=386
INF http m=GET p=/ s=200 d=62µs s=541
INF http m=GET p=/ s=200 d=21µs s=541
INF http m=GET p=/assets/index-Dlg_ygoF.js s=200 d=196µs s=45483
INF http m=GET p=/assets/index-Bi-AgGrc.css s=200 d=82µs s=11684
INF http m=GET p=/assets/vendor-CnrH3R4r.js s=200 d=93µs s=28803
INF http m=GET p=/assets/editor-vendor-VZT4IkOY.js s=200 d=134µs s=92428
INF http m=GET p=/registerSW.js s=200 d=35µs s=87
INF http m=GET p=/assets/index-Dlg_ygoF.js s=200 d=164µs s=45483
INF http m=GET p=/assets/index-Bi-AgGrc.css s=200 d=105µs s=11684
INF http m=GET p=/assets/vendor-CnrH3R4r.js s=200 d=120µs s=28803
INF http m=GET p=/registerSW.js s=200 d=19µs s=87
INF http m=GET p=/assets/editor-vendor-VZT4IkOY.js s=200 d=186µs s=92428
INF http m=GET p=/api/v1/auth/me s=200 d=292µs s=181
INF http m=GET p=/assets/en-BIK_e_4K.js s=200 d=71µs s=5251
INF http m=GET p=/assets/en-BIK_e_4K.js s=200 d=204µs s=5251
INF http m=GET p=/api/v1/auth/me s=200 d=3.68ms s=167
INF http m=GET p=/assets/Onboarding-DQ2WAJCW.js s=200 d=41µs s=996
INF http m=GET p=/assets/Onboarding-DQ2WAJCW.js s=200 d=31µs s=996
INF http m=GET p=/api/v1/notifications/unread-count s=200 d=492µs s=25
INF http m=GET p=/api/v1/notifications/unread-count s=200 d=4.71ms s=25
INF http m=GET p=/favicon.png s=200 d=58µs s=449
INF http m=GET p=/favicon.png s=200 d=18µs s=449
INF http m=POST p=/api/v1/organizations s=200 d=29.4ms s=352
INF http m=GET p=/api/v1/auth/me s=200 d=344µs s=265
INF http m=POST p=/api/v1/organizations s=200 d=39.4ms s=349
INF http m=GET p=/sw.js s=200 d=97µs s=5593
INF http m=GET p=/sw.js s=200 d=115µs s=5593
INF http m=GET p=/api/v1/auth/me s=200 d=12.1ms s=251
INF http m=GET p=/registerSW.js s=200 d=37µs s=87
INF http m=GET p=/registerSW.js s=200 d=24µs s=87
INF http m=GET p=/index.html s=200 d=44µs s=541
INF http m=GET p=/index.html s=200 d=26µs s=541
INF http m=GET p=/icon.svg s=200 d=24µs s=195
INF http m=GET p=/icon.svg s=200 d=54µs s=195
INF http m=GET p=/icon-512.png s=200 d=89µs s=6498
INF http m=GET p=/icon-512.png s=200 d=85µs s=6498
INF http m=GET p=/icon-192.png s=200 d=40µs s=2468
INF http m=GET p=/icon-192.png s=200 d=32µs s=2468
INF http m=GET p=/favicon.png s=200 d=28µs s=449
INF http m=GET p=/favicon.png s=200 d=24µs s=449
INF http m=GET p=/apple-touch-icon.png s=200 d=43µs s=2298
INF http m=GET p=/apple-touch-icon.png s=200 d=35µs s=2298
INF http m=POST p=/api/v1/organizations/40O56V0O6000/workspaces s=200 d=160ms s=297
INF http m=GET p=/assets/material-symbols-names-D7AiM4If.js s=200 d=180µs s=15478
INF http m=GET p=/assets/material-symbols-names-D7AiM4If.js s=200 d=84µs s=15478
INF http m=GET p=/assets/fr-B1PqNQ7U.js s=200 d=81µs s=6351
INF http m=GET p=/assets/fr-B1PqNQ7U.js s=200 d=55µs s=6351
INF http m=GET p=/assets/es-OK4oleHZ.js s=200 d=87µs s=6048
INF http m=GET p=/assets/es-OK4oleHZ.js s=200 d=61µs s=6048
INF http m=GET p=/assets/emoji-groups-El6awxEn.js s=200 d=71µs s=13851
INF http m=GET p=/assets/emoji-groups-El6awxEn.js s=200 d=71µs s=13851
INF http m=GET p=/assets/de-CSEWDUi3.js s=200 d=91µs s=6281
INF http m=GET p=/assets/de-CSEWDUi3.js s=200 d=57µs s=6281
INF http m=GET p=/assets/WorkspaceSettingsPanel-BXpT4LCS.css s=200 d=31µs s=994
INF http m=GET p=/assets/WorkspaceSettingsPanel-BXpT4LCS.css s=200 d=27µs s=994
INF http m=GET p=/assets/WorkspaceSettingsPanel-BB4UnxOs.js s=200 d=66µs s=4465
INF http m=GET p=/assets/WorkspaceSettingsPanel-BB4UnxOs.js s=200 d=67µs s=4465
INF http m=GET p=/assets/Terms-CDs9SgkA.js s=200 d=30µs s=1013
INF http m=GET p=/assets/Terms-CDs9SgkA.js s=200 d=27µs s=1013
INF http m=GET p=/assets/ServerSettingsPanel-Co4AQ7oB.css s=200 d=24µs s=576
INF http m=GET p=/assets/ServerSettingsPanel-Co4AQ7oB.css s=200 d=27µs s=576
INF http m=GET p=/assets/ServerSettingsPanel-CUtQeHs8.js s=200 d=32µs s=2551
INF http m=GET p=/assets/ServerSettingsPanel-CUtQeHs8.js s=200 d=30µs s=2551
INF http m=GET p=/assets/ResourceQuotaForm-CBiYRbX4.js s=200 d=35µs s=832
INF http m=GET p=/assets/ResourceQuotaForm-CBiYRbX4.js s=200 d=28µs s=832
INF http m=GET p=/assets/ResourceQuotaForm-BFoPj33M.css s=200 d=26µs s=297
INF http m=GET p=/assets/ResourceQuotaForm-BFoPj33M.css s=200 d=54µs s=297
INF http m=GET p=/assets/ProfileSettings-DF5AVI35.js s=200 d=80µs s=4393
INF http m=POST p=/api/v1/organizations/40O56V1K2000/workspaces s=200 d=228ms s=295
INF http m=GET p=/assets/ProfileSettings-DF5AVI35.js s=200 d=70µs s=4393
INF http m=GET p=/assets/ProfileSettings-CX-HDEdu.css s=200 d=25µs s=1177
INF http m=GET p=/assets/ProfileSettings-CX-HDEdu.css s=200 d=38µs s=1177
INF http m=GET p=/assets/Privacy-cCrfp6_1.css s=200 d=22µs s=314
INF http m=POST p=/api/v1/auth/switch-workspace s=200 d=119ms s=577
INF http m=GET p=/assets/Privacy-cCrfp6_1.css s=200 d=25µs s=314
INF http m=GET p=/assets/Privacy-CgsgvqEr.js s=200 d=26µs s=904
INF http m=GET p=/assets/Privacy-CgsgvqEr.js s=200 d=23µs s=904
INF http m=GET p=/assets/OrgSettingsPanel-D9VVCokd.css s=200 d=26µs s=488
INF http m=GET p=/assets/OrgSettingsPanel-D9VVCokd.css s=200 d=27µs s=488
INF http m=GET p=/assets/OrgSettingsPanel-9P66Q2ps.js s=200 d=33µs s=2333
INF http m=GET p=/assets/OrgSettingsPanel-9P66Q2ps.js s=200 d=74µs s=2333
INF http m=POST p=/api/v1/auth/switch-workspace s=200 d=24.1ms s=607
INF http m=GET p=/api/v1/notifications/unread-count s=200 d=344µs s=25
INF http m=GET p=/assets/OAuthIcons-csRRTXki.js s=200 d=31µs s=951
INF http m=GET p=/assets/OAuthIcons-csRRTXki.js s=200 d=57µs s=951
INF http m=GET p=/api/v1/workspaces/40O56V8L2000/nodes/0/children s=200 d=5.56ms s=26
INF http m=GET p=/assets/InviteForm-DLxm8fu0.css s=200 d=36µs s=394
INF http m=GET p=/api/v1/workspaces/40O56VGR8000/members s=200 d=4.09ms s=124
INF http m=GET p=/api/v1/workspaces/40O56VGR8000/nodes/0/children s=200 d=6.43ms s=26
INF http m=GET p=/api/v1/notifications/unread-count s=200 d=778µs s=25
INF http m=GET p=/api/v1/workspaces/40O56V8L2000/members s=200 d=15.3ms s=132
INF http m=GET p=/assets/InviteForm-DLxm8fu0.css s=200 d=58µs s=394
INF http m=GET p=/assets/InviteForm-CV0yK4I0.js s=200 d=32µs s=1291
INF http m=GET p=/assets/InviteForm-CV0yK4I0.js s=200 d=26µs s=1291
INF http m=GET p=/assets/Editor-DfcJ-Jfc.css s=200 d=85µs s=2151
INF http m=GET p=/assets/Editor-BCbjs9IY.js s=200 d=83µs s=13602
INF http m=GET p=/assets/Editor-DfcJ-Jfc.css s=200 d=75µs s=2151
INF http m=GET p=/assets/Editor-BCbjs9IY.js s=200 d=72µs s=13602
INF http m=POST p=/api/v1/workspaces/40O56V8L2000/nodes/0/page/create s=200 d=35.4ms s=35
INF http m=GET p=/assets/Auth-8NWYUGup.js s=200 d=33µs s=1677
INF http m=GET p=/api/v1/workspaces/40O56V8L2000/nodes/0/children s=200 d=390µs s=257
INF http m=GET p=/assets/Auth-8NWYUGup.js s=200 d=25µs s=1677
INF http m=GET p=/assets/Auth-6SolzSg2.css s=200 d=30µs s=633
INF http m=GET p=/assets/Auth-6SolzSg2.css s=200 d=30µs s=633
INF http m=GET p=/api/v1/workspaces/40O56V8L2000/nodes/40O571AFQ000 s=200 d=305µs s=245
INF http m=GET p=/assets/AdminDashboard-DpHjrDyw.js s=200 d=59µs s=2142
INF http m=GET p=/assets/AdminDashboard-DpHjrDyw.js s=200 d=30µs s=2142
INF http m=GET p=/assets/AdminDashboard-CjPbo26j.css s=200 d=25µs s=584
INF http m=GET p=/manifest.webmanifest s=200 d=29µs s=199
INF http m=POST p=/api/v1/workspaces/40O56VGR8000/nodes/0/page/create s=200 d=37.7ms s=35
INF http m=GET p=/api/v1/workspaces/40O56VGR8000/nodes/0/children s=200 d=258µs s=257
INF http m=GET p=/assets/AdminDashboard-CjPbo26j.css s=200 d=54µs s=584
INF http m=GET p=/manifest.webmanifest s=200 d=30µs s=199
INF http m=GET p=/api/v1/workspaces/40O56VGR8000/nodes/40O571E74000 s=200 d=359µs s=245
INF http m=POST p=/api/v1/workspaces/40O56VGR8000/nodes/0/page/create s=200 d=24.5ms s=26
INF http m=POST p=/api/v1/workspaces/40O56V8L2000/nodes/0/table/create s=200 d=19.6ms s=26
INF http m=GET p=/w/@40O56VGR8000+workspace/@40O571E74000+welcome s=200 d=147µs s=541
INF http m=GET p=/api/v1/workspaces/40O56VGR8000/events s=200 d=206ms s=234
INF http m=POST p=/api/v1/workspaces/40O56V8L2000/nodes/40O572A08000/table/records/create s=200 d=24.3ms s=26
INF http m=GET p=/api/v1/auth/me s=200 d=205µs s=354
INF http m=POST p=/api/v1/workspaces/40O56V8L2000/nodes/40O572A08000/table/records/create s=200 d=23.2ms s=26
INF http m=GET p=/api/v1/notifications/unread-count s=200 d=430µs s=25
INF http m=GET p=/api/v1/workspaces/40O56VGR8000/members s=200 d=122µs s=124
INF http m=GET p=/api/v1/workspaces/40O56VGR8000/nodes/40O571E74000 s=200 d=316µs s=245
INF http m=GET p=/api/v1/workspaces/40O56VGR8000/nodes/0/children s=200 d=250µs s=262
INF http m=POST p=/api/v1/workspaces/40O56V8L2000/nodes/40O572A08000/table/records/create s=200 d=27.1ms s=26
INF http m=GET p=/w/@40O56V8L2000+workspace/@40O571AFQ000+welcome s=200 d=55µs s=541
INF http m=GET p=/api/v1/workspaces/40O56V8L2000/events s=200 d=297ms s=343
INF http m=GET p=/api/v1/auth/me s=200 d=278µs s=365
INF http m=GET p=/api/v1/notifications/unread-count s=200 d=183µs s=25
INF http m=GET p=/api/v1/workspaces/40O56V8L2000/nodes/0/children s=200 d=437µs s=463
INF http m=GET p=/api/v1/workspaces/40O56V8L2000/members s=200 d=119µs s=132
INF http m=GET p=/api/v1/workspaces/40O56V8L2000/nodes/40O571AFQ000 s=200 d=233µs s=245
INF http m=GET p=/api/v1/workspaces/40O56VGR8000/nodes/40O5725AG000 s=200 d=311µs s=154
INF http m=GET p=/api/v1/workspaces/40O56V8L2000/nodes/40O572A08000 s=200 d=548µs s=326
INF http m=GET p=/api/v1/workspaces/40O56V8L2000/nodes/40O572A08000/table/records s=200 d=913µs s=363
INF http m=GET p=/api/v1/workspaces/40O56VGR8000/events s=200 d=359ms s=93
INF http m=POST p=/api/v1/auth/register s=200 d=101ms s=385
INF http m=GET p=/ s=200 d=74µs s=541
INF http m=POST p=/api/v1/workspaces/40O56V8L2000/nodes/40O572A08000/views/create s=200 d=40.8ms s=35
INF http m=GET p=/assets/editor-vendor-VZT4IkOY.js s=200 d=217µs s=92428
INF http m=GET p=/registerSW.js s=200 d=38µs s=87
INF http m=GET p=/assets/vendor-CnrH3R4r.js s=200 d=103µs s=28803
INF http m=GET p=/assets/index-Bi-AgGrc.css s=200 d=98µs s=11684
INF http m=GET p=/assets/index-Dlg_ygoF.js s=200 d=132µs s=45483
INF http m=GET p=/api/v1/auth/me s=200 d=229µs s=165
INF http m=GET p=/assets/en-BIK_e_4K.js s=200 d=61µs s=5251
INF http m=GET p=/assets/Onboarding-DQ2WAJCW.js s=200 d=44µs s=996
INF http m=GET p=/api/v1/notifications/unread-count s=200 d=235µs s=25
INF http m=GET p=/favicon.png s=200 d=60µs s=449
INF http m=GET p=/sw.js s=200 d=83µs s=5593
INF http m=POST p=/api/v1/organizations s=200 d=38.4ms s=350
INF http m=GET p=/registerSW.js s=200 d=38µs s=87
INF http m=GET p=/api/v1/auth/me s=200 d=235µs s=251
INF http m=GET p=/index.html s=200 d=54µs s=541
INF http m=GET p=/icon.svg s=200 d=38µs s=195
INF http m=GET p=/icon-512.png s=200 d=81µs s=6498
INF http m=GET p=/icon-192.png s=200 d=43µs s=2468
INF http m=GET p=/favicon.png s=200 d=35µs s=449
INF http m=GET p=/apple-touch-icon.png s=200 d=33µs s=2298
INF http m=GET p=/assets/material-symbols-names-D7AiM4If.js s=200 d=100µs s=15478
INF http m=GET p=/assets/fr-B1PqNQ7U.js s=200 d=87µs s=6351
INF http m=GET p=/assets/es-OK4oleHZ.js s=200 d=89µs s=6048
INF http m=GET p=/assets/emoji-groups-El6awxEn.js s=200 d=96µs s=13851
INF http m=GET p=/assets/de-CSEWDUi3.js s=200 d=99µs s=6281
INF http m=GET p=/assets/WorkspaceSettingsPanel-BXpT4LCS.css s=200 d=78µs s=994
INF http m=GET p=/assets/WorkspaceSettingsPanel-BB4UnxOs.js s=200 d=88µs s=4465
INF http m=GET p=/assets/Terms-CDs9SgkA.js s=200 d=43µs s=1013
INF http m=GET p=/assets/ServerSettingsPanel-Co4AQ7oB.css s=200 d=35µs s=576
INF http m=GET p=/assets/ServerSettingsPanel-CUtQeHs8.js s=200 d=74µs s=2551
INF http m=POST p=/api/v1/organizations/40O577PCU000/workspaces s=200 d=192ms s=295
INF http m=GET p=/assets/ResourceQuotaForm-CBiYRbX4.js s=200 d=32µs s=832
INF http m=GET p=/assets/ResourceQuotaForm-BFoPj33M.css s=200 d=24µs s=297
INF http m=GET p=/assets/ProfileSettings-DF5AVI35.js s=200 d=137µs s=4393
INF http m=POST p=/api/v1/workspaces/40O56V8L2000/nodes/40O572A08000/views/create s=200 d=72.1ms s=35
INF http m=GET p=/assets/ProfileSettings-CX-HDEdu.css s=200 d=44µs s=1177
INF http m=POST p=/api/v1/auth/switch-workspace s=200 d=20.3ms s=602
INF http m=GET p=/assets/Privacy-cCrfp6_1.css s=200 d=34µs s=314
INF http m=GET p=/assets/Privacy-CgsgvqEr.js s=200 d=30µs s=904
INF http m=GET p=/assets/OrgSettingsPanel-D9VVCokd.css s=200 d=58µs s=488
INF http m=GET p=/assets/OrgSettingsPanel-9P66Q2ps.js s=200 d=39µs s=2333
INF http m=GET p=/api/v1/workspaces/40O5787SU000/nodes/0/children s=200 d=337µs s=26
INF http m=GET p=/api/v1/notifications/unread-count s=200 d=242µs s=25
INF http m=GET p=/api/v1/workspaces/40O5787SU000/members s=200 d=147µs s=124
INF http m=GET p=/assets/OAuthIcons-csRRTXki.js s=200 d=35µs s=951
INF http m=GET p=/assets/InviteForm-DLxm8fu0.css s=200 d=40µs s=394
INF http m=GET p=/assets/InviteForm-CV0yK4I0.js s=200 d=29µs s=1291
INF http m=GET p=/assets/Editor-DfcJ-Jfc.css s=200 d=230µs s=2151
INF http m=POST p=/api/v1/workspaces/40O5787SU000/nodes/0/page/create s=200 d=28.8ms s=35
INF http m=GET p=/assets/Editor-BCbjs9IY.js s=200 d=83µs s=13602
INF http m=GET p=/api/v1/workspaces/40O5787SU000/nodes/0/children s=200 d=218µs s=257
INF http m=GET p=/assets/Auth-8NWYUGup.js s=200 d=41µs s=1677
INF http m=GET p=/api/v1/workspaces/40O5787SU000/nodes/40O579P6M000 s=200 d=245µs s=245
INF http m=GET p=/assets/Auth-6SolzSg2.css s=200 d=62µs s=633
INF http m=GET p=/assets/AdminDashboard-DpHjrDyw.js s=200 d=382µs s=2142
INF http m=GET p=/assets/AdminDashboard-CjPbo26j.css s=200 d=23µs s=584
INF http m=GET p=/manifest.webmanifest s=200 d=27µs s=199
INF http m=POST p=/api/v1/workspaces/40O5787SU000/nodes/0/page/create s=200 d=19ms s=26
INF http m=GET p=/w/@40O5787SU000+workspace/@40O579P6M000+welcome s=200 d=28µs s=541
INF http m=GET p=/api/v1/workspaces/40O5787SU000/events s=200 d=151ms s=229
INF http m=GET p=/api/v1/auth/me s=200 d=290µs s=351
INF http m=GET p=/api/v1/notifications/unread-count s=200 d=195µs s=25
INF http m=GET p=/api/v1/workspaces/40O5787SU000/nodes/40O579P6M000 s=200 d=269µs s=245
INF http m=GET p=/api/v1/workspaces/40O5787SU000/members s=200 d=192µs s=124
INF http m=GET p=/api/v1/workspaces/40O5787SU000/nodes/0/children s=200 d=1.93ms s=264
INF http m=POST p=/api/v1/workspaces/40O56V8L2000/nodes/40O572A08000/views/create s=200 d=23.8ms s=35
INF http m=GET p=/api/v1/workspaces/40O5787SU000/nodes/40O57AEQS000 s=200 d=339µs s=153
INF http m=GET p=/api/v1/workspaces/40O56V8L2000/events s=200 d=1.43s s=248
INF http m=POST p=/api/v1/auth/register s=200 d=113ms s=388
INF http m=GET p=/ s=200 d=68µs s=541
INF http m=GET p=/assets/index-Dlg_ygoF.js s=200 d=190µs s=45483
INF http m=GET p=/assets/editor-vendor-VZT4IkOY.js s=200 d=182µs s=92428
INF http m=GET p=/assets/vendor-CnrH3R4r.js s=200 d=121µs s=28803
INF http m=GET p=/assets/index-Bi-AgGrc.css s=200 d=103µs s=11684
INF http m=GET p=/registerSW.js s=200 d=44µs s=87
INF http m=GET p=/api/v1/auth/me s=200 d=244µs s=166
INF http m=GET p=/assets/en-BIK_e_4K.js s=200 d=95µs s=5251
INF http m=GET p=/sw.js s=200 d=98µs s=5593
INF http m=GET p=/api/v1/workspaces/40O5787SU000/events s=200 d=727ms s=93
INF http m=GET p=/assets/Onboarding-DQ2WAJCW.js s=200 d=47µs s=996
INF http m=GET p=/api/v1/notifications/unread-count s=200 d=189µs s=25
INF http m=GET p=/favicon.png s=200 d=40µs s=449
INF http m=GET p=/registerSW.js s=200 d=26µs s=87
INF http m=GET p=/index.html s=200 d=53µs s=541
INF http m=GET p=/icon.svg s=200 d=50µs s=195
INF http m=POST p=/api/v1/organizations s=200 d=36.9ms s=350
INF http m=GET p=/icon-512.png s=200 d=74µs s=6498
INF http m=GET p=/api/v1/auth/me s=200 d=633µs s=250
INF http m=GET p=/icon-192.png s=200 d=68µs s=2468
INF http m=GET p=/favicon.png s=200 d=44µs s=449
INF http m=GET p=/apple-touch-icon.png s=200 d=65µs s=2298
INF http m=GET p=/assets/material-symbols-names-D7AiM4If.js s=200 d=139µs s=15478
INF http m=GET p=/assets/fr-B1PqNQ7U.js s=200 d=108µs s=6351
INF http m=GET p=/assets/es-OK4oleHZ.js s=200 d=98µs s=6048
INF http m=GET p=/assets/emoji-groups-El6awxEn.js s=200 d=101µs s=13851
INF http m=GET p=/assets/de-CSEWDUi3.js s=200 d=107µs s=6281
INF http m=GET p=/assets/WorkspaceSettingsPanel-BXpT4LCS.css s=200 d=81µs s=994
INF http m=GET p=/assets/WorkspaceSettingsPanel-BB4UnxOs.js s=200 d=88µs s=4465
INF http m=GET p=/assets/Terms-CDs9SgkA.js s=200 d=41µs s=1013
INF http m=GET p=/assets/ServerSettingsPanel-Co4AQ7oB.css s=200 d=40µs s=576
INF http m=GET p=/assets/ServerSettingsPanel-CUtQeHs8.js s=200 d=63µs s=2551
INF http m=GET p=/assets/ResourceQuotaForm-CBiYRbX4.js s=200 d=40µs s=832
INF http m=GET p=/assets/ResourceQuotaForm-BFoPj33M.css s=200 d=36µs s=297
INF http m=GET p=/assets/ProfileSettings-DF5AVI35.js s=200 d=95µs s=4393
INF http m=GET p=/assets/ProfileSettings-CX-HDEdu.css s=200 d=39µs s=1177
INF http m=GET p=/assets/Privacy-cCrfp6_1.css s=200 d=42µs s=314
INF http m=POST p=/api/v1/organizations/40O57FU7C000/workspaces s=200 d=308ms s=297
INF http m=GET p=/assets/Privacy-CgsgvqEr.js s=200 d=37µs s=904
INF http m=POST p=/api/v1/auth/register s=200 d=155ms s=385
INF http m=GET p=/assets/OrgSettingsPanel-D9VVCokd.css s=200 d=40µs s=488
INF http m=GET p=/ s=200 d=56µs s=541
INF http m=GET p=/assets/OrgSettingsPanel-9P66Q2ps.js s=200 d=41µs s=2333
INF http m=GET p=/assets/OAuthIcons-csRRTXki.js s=200 d=38µs s=951
INF http m=GET p=/assets/InviteForm-DLxm8fu0.css s=200 d=40µs s=394
INF http m=POST p=/api/v1/auth/switch-workspace s=200 d=61.9ms s=602
INF http m=GET p=/assets/editor-vendor-VZT4IkOY.js s=200 d=166µs s=92428
INF http m=GET p=/assets/vendor-CnrH3R4r.js s=200 d=123µs s=28803
INF http m=GET p=/assets/index-Bi-AgGrc.css s=200 d=100µs s=11684
INF http m=GET p=/assets/index-Dlg_ygoF.js s=200 d=106µs s=45483
INF http m=GET p=/registerSW.js s=200 d=33µs s=87
INF http m=GET p=/assets/InviteForm-CV0yK4I0.js s=200 d=28µs s=1291
INF http m=GET p=/assets/Editor-DfcJ-Jfc.css s=200 d=54µs s=2151
INF http m=GET p=/assets/Editor-BCbjs9IY.js s=200 d=89µs s=13602
INF http m=GET p=/api/v1/workspaces/40O57G7MU000/nodes/0/children s=200 d=319µs s=26
INF http m=GET p=/api/v1/notifications/unread-count s=200 d=174µs s=25
INF http m=GET p=/api/v1/workspaces/40O57G7MU000/members s=200 d=454µs s=124
INF http m=GET p=/assets/Auth-8NWYUGup.js s=200 d=48µs s=1677
INF http m=GET p=/assets/Auth-6SolzSg2.css s=200 d=42µs s=633
INF http m=GET p=/assets/AdminDashboard-DpHjrDyw.js s=200 d=85µs s=2142
INF http m=GET p=/assets/AdminDashboard-CjPbo26j.css s=200 d=37µs s=584
INF http m=GET p=/manifest.webmanifest s=200 d=34µs s=199
INF http m=POST p=/api/v1/workspaces/40O57G7MU000/nodes/0/page/create s=200 d=50.2ms s=35
INF http m=GET p=/api/v1/workspaces/40O57G7MU000/nodes/0/children s=200 d=337µs s=257
INF http m=GET p=/api/v1/workspaces/40O57G7MU000/nodes/40O57IT78000 s=200 d=306µs s=245
INF http m=GET p=/api/v1/auth/me s=200 d=203µs s=169
INF http m=GET p=/assets/en-BIK_e_4K.js s=200 d=111µs s=5251
INF http m=GET p=/assets/Onboarding-DQ2WAJCW.js s=200 d=46µs s=996
INF http m=GET p=/api/v1/notifications/unread-count s=200 d=171µs s=25
INF http m=GET p=/favicon.png s=200 d=45µs s=449
INF http m=GET p=/sw.js s=200 d=81µs s=5593
INF http m=POST p=/api/v1/organizations s=200 d=35ms s=352
INF http m=GET p=/registerSW.js s=200 d=35µs s=87
INF http m=GET p=/api/v1/auth/me s=200 d=252µs s=253
INF http m=GET p=/index.html s=200 d=30µs s=541
INF http m=GET p=/icon.svg s=200 d=31µs s=195
INF http m=GET p=/icon-512.png s=200 d=144µs s=6498
INF http m=GET p=/icon-192.png s=200 d=38µs s=2468
INF http m=GET p=/favicon.png s=200 d=37µs s=449
INF http m=GET p=/apple-touch-icon.png s=200 d=37µs s=2298
INF http m=GET p=/assets/material-symbols-names-D7AiM4If.js s=200 d=95µs s=15478
INF http m=GET p=/assets/fr-B1PqNQ7U.js s=200 d=78µs s=6351
INF http m=GET p=/assets/es-OK4oleHZ.js s=200 d=1.47ms s=6048
INF http m=GET p=/assets/emoji-groups-El6awxEn.js s=200 d=96µs s=13851
INF http m=GET p=/assets/de-CSEWDUi3.js s=200 d=191µs s=6281
INF http m=GET p=/assets/WorkspaceSettingsPanel-BXpT4LCS.css s=200 d=30µs s=994
INF http m=GET p=/assets/WorkspaceSettingsPanel-BB4UnxOs.js s=200 d=320µs s=4465
INF http m=GET p=/assets/Terms-CDs9SgkA.js s=200 d=75µs s=1013
INF http m=GET p=/assets/ServerSettingsPanel-Co4AQ7oB.css s=200 d=26µs s=576
INF http m=GET p=/assets/ServerSettingsPanel-CUtQeHs8.js s=200 d=33µs s=2551
INF http m=GET p=/assets/ResourceQuotaForm-CBiYRbX4.js s=200 d=81µs s=832
INF http m=GET p=/assets/ResourceQuotaForm-BFoPj33M.css s=200 d=37µs s=297
INF http m=POST p=/api/v1/organizations/40O57JNB2000/workspaces s=200 d=151ms s=296
INF http m=GET p=/assets/ProfileSettings-DF5AVI35.js s=200 d=67µs s=4393
INF http m=GET p=/assets/ProfileSettings-CX-HDEdu.css s=200 d=32µs s=1177
INF http m=GET p=/assets/Privacy-cCrfp6_1.css s=200 d=31µs s=314
INF http m=GET p=/assets/Privacy-CgsgvqEr.js s=200 d=26µs s=904
INF http m=POST p=/api/v1/auth/switch-workspace s=200 d=17.7ms s=604
INF http m=GET p=/assets/OrgSettingsPanel-D9VVCokd.css s=200 d=30µs s=488
INF http m=GET p=/assets/OrgSettingsPanel-9P66Q2ps.js s=200 d=28µs s=2333
INF http m=GET p=/assets/OAuthIcons-csRRTXki.js s=200 d=36µs s=951
INF http m=GET p=/api/v1/workspaces/40O57K162000/nodes/0/children s=200 d=348µs s=26
INF http m=GET p=/api/v1/notifications/unread-count s=200 d=178µs s=25
INF http m=GET p=/api/v1/workspaces/40O57K162000/members s=200 d=142µs s=124
INF http m=GET p=/assets/InviteForm-DLxm8fu0.css s=200 d=34µs s=394
INF http m=GET p=/assets/InviteForm-CV0yK4I0.js s=200 d=66µs s=1291
INF http m=GET p=/assets/Editor-DfcJ-Jfc.css s=200 d=67µs s=2151
INF http m=GET p=/assets/Editor-BCbjs9IY.js s=200 d=81µs s=13602
INF http m=GET p=/assets/Auth-8NWYUGup.js s=200 d=33µs s=1677
INF http m=GET p=/assets/Auth-6SolzSg2.css s=200 d=30µs s=633
INF http m=POST p=/api/v1/workspaces/40O57K162000/nodes/0/page/create s=200 d=26.9ms s=35
INF http m=GET p=/api/v1/workspaces/40O57K162000/nodes/0/children s=200 d=265µs s=257
INF http m=GET p=/assets/AdminDashboard-DpHjrDyw.js s=200 d=75µs s=2142
INF http m=GET p=/api/v1/workspaces/40O57K162000/nodes/40O57L8OI000 s=200 d=267µs s=245
INF http m=GET p=/assets/AdminDashboard-CjPbo26j.css s=200 d=92µs s=584
INF http m=GET p=/manifest.webmanifest s=200 d=41µs s=199
INF http m=POST p=/api/v1/workspaces/40O57G7MU000/nodes/0/page/create s=200 d=28.8ms s=26
INF http m=GET p=/w/@40O57G7MU000+workspace/@40O57IT78000+welcome s=200 d=40µs s=541
INF http m=GET p=/api/v1/workspaces/40O57G7MU000/events s=200 d=477ms s=235
INF http m=GET p=/api/v1/auth/me s=200 d=216µs s=350
INF http m=GET p=/api/v1/notifications/unread-count s=200 d=183µs s=25
INF http m=GET p=/api/v1/workspaces/40O57G7MU000/nodes/0/children s=200 d=384µs s=264
INF http m=GET p=/api/v1/workspaces/40O57G7MU000/nodes/40O57IT78000 s=200 d=1.23ms s=245
INF http m=GET p=/api/v1/workspaces/40O57G7MU000/members s=200 d=1.85ms s=124
INF http m=POST p=/api/v1/workspaces/40O57K162000/nodes/0/page/create s=200 d=18.9ms s=26
INF http m=GET p=/w/@40O57K162000+workspace/@40O57L8OI000+welcome s=200 d=44µs s=541
INF http m=GET p=/api/v1/workspaces/40O57K162000/events s=200 d=195ms s=236
INF http m=GET p=/api/v1/workspaces/40O57G7MU000/nodes/40O57LG2M000 s=200 d=537µs s=155
INF http m=GET p=/api/v1/auth/me s=200 d=275µs s=354
INF http m=GET p=/api/v1/notifications/unread-count s=200 d=255µs s=25
INF http m=GET p=/api/v1/workspaces/40O57K162000/nodes/0/children s=200 d=354µs s=264
INF http m=GET p=/api/v1/workspaces/40O57K162000/members s=200 d=125µs s=124
INF http m=GET p=/api/v1/workspaces/40O57K162000/nodes/40O57L8OI000 s=200 d=450µs s=245
INF http m=GET p=/api/v1/workspaces/40O57K162000/nodes/40O57M96A000 s=200 d=612µs s=154
INF http m=GET p=/api/v1/workspaces/40O57G7MU000/events s=200 d=246ms s=93
INF http m=GET p=/api/v1/workspaces/40O57K162000/events s=200 d=386ms s=93
INF http m=POST p=/api/v1/auth/register s=200 d=130ms s=387
INF http m=GET p=/ s=200 d=67µs s=541
INF http m=GET p=/assets/index-Dlg_ygoF.js s=200 d=185µs s=45483
INF http m=GET p=/assets/index-Bi-AgGrc.css s=200 d=120µs s=11684
INF http m=GET p=/registerSW.js s=200 d=85µs s=87
INF http m=GET p=/assets/editor-vendor-VZT4IkOY.js s=200 d=201µs s=92428
INF http m=GET p=/assets/vendor-CnrH3R4r.js s=200 d=130µs s=28803
INF http m=GET p=/assets/en-BIK_e_4K.js s=200 d=105µs s=5251
INF http m=GET p=/api/v1/auth/me s=200 d=4.49ms s=168
INF http m=GET p=/assets/Onboarding-DQ2WAJCW.js s=200 d=43µs s=996
INF http m=GET p=/api/v1/notifications/unread-count s=200 d=161µs s=25
INF http m=GET p=/favicon.png s=200 d=46µs s=449
INF http m=GET p=/sw.js s=200 d=109µs s=5593
INF http m=POST p=/api/v1/organizations s=200 d=55.5ms s=350
INF http m=GET p=/api/v1/auth/me s=200 d=348µs s=253
INF http m=GET p=/registerSW.js s=200 d=39µs s=87
INF http m=GET p=/index.html s=200 d=273µs s=541
INF http m=GET p=/icon.svg s=200 d=24µs s=195
INF http m=GET p=/icon-512.png s=200 d=105µs s=6498
INF http m=GET p=/icon-192.png s=200 d=93µs s=2468
INF http m=POST p=/api/v1/auth/register s=200 d=182ms s=383
INF http m=GET p=/favicon.png s=200 d=28µs s=449
INF http m=GET p=/apple-touch-icon.png s=200 d=44µs s=2298
INF http m=GET p=/ s=200 d=57µs s=541
INF http m=GET p=/assets/material-symbols-names-D7AiM4If.js s=200 d=98µs s=15478
INF http m=GET p=/assets/fr-B1PqNQ7U.js s=200 d=82µs s=6351
INF http m=GET p=/assets/index-Dlg_ygoF.js s=200 d=152µs s=45483
INF http m=GET p=/assets/index-Bi-AgGrc.css s=200 d=115µs s=11684
INF http m=GET p=/assets/es-OK4oleHZ.js s=200 d=116µs s=6048
INF http m=GET p=/assets/vendor-CnrH3R4r.js s=200 d=1.57ms s=28803
INF http m=GET p=/assets/editor-vendor-VZT4IkOY.js s=200 d=248µs s=92428
INF http m=GET p=/registerSW.js s=200 d=41µs s=87
INF http m=GET p=/assets/emoji-groups-El6awxEn.js s=200 d=101µs s=13851
INF http m=GET p=/assets/de-CSEWDUi3.js s=200 d=83µs s=6281
INF http m=GET p=/assets/WorkspaceSettingsPanel-BXpT4LCS.css s=200 d=41µs s=994
INF http m=GET p=/assets/WorkspaceSettingsPanel-BB4UnxOs.js s=200 d=62µs s=4465
INF http m=GET p=/assets/Terms-CDs9SgkA.js s=200 d=65µs s=1013
INF http m=GET p=/assets/ServerSettingsPanel-Co4AQ7oB.css s=200 d=64µs s=576
INF http m=GET p=/assets/ServerSettingsPanel-CUtQeHs8.js s=200 d=52µs s=2551
INF http m=GET p=/assets/ResourceQuotaForm-CBiYRbX4.js s=200 d=32µs s=832
INF http m=GET p=/assets/ResourceQuotaForm-BFoPj33M.css s=200 d=27µs s=297
INF http m=GET p=/assets/ProfileSettings-DF5AVI35.js s=200 d=92µs s=4393
INF http m=GET p=/assets/en-BIK_e_4K.js s=200 d=1.03ms s=5251
INF http m=GET p=/api/v1/auth/me s=200 d=4.21ms s=167
INF http m=GET p=/assets/ProfileSettings-CX-HDEdu.css s=200 d=41µs s=1177
INF http m=GET p=/assets/Privacy-cCrfp6_1.css s=200 d=31µs s=314
INF http m=GET p=/assets/Privacy-CgsgvqEr.js s=200 d=31µs s=904
INF http m=GET p=/assets/Onboarding-DQ2WAJCW.js s=200 d=29µs s=996
INF http m=GET p=/assets/OrgSettingsPanel-D9VVCokd.css s=200 d=29µs s=488
INF http m=GET p=/api/v1/notifications/unread-count s=200 d=191µs s=25
INF http m=GET p=/favicon.png s=200 d=35µs s=449
INF http m=GET p=/assets/OrgSettingsPanel-9P66Q2ps.js s=200 d=154µs s=2333
INF http m=GET p=/assets/OAuthIcons-csRRTXki.js s=200 d=38µs s=951
INF http m=GET p=/assets/InviteForm-DLxm8fu0.css s=200 d=39µs s=394
INF http m=GET p=/assets/InviteForm-CV0yK4I0.js s=200 d=33µs s=1291
INF http m=GET p=/sw.js s=200 d=97µs s=5593
INF http m=GET p=/assets/Editor-DfcJ-Jfc.css s=200 d=96µs s=2151
INF http m=GET p=/assets/Editor-BCbjs9IY.js s=200 d=96µs s=13602
INF http m=GET p=/registerSW.js s=200 d=23µs s=87
INF http m=GET p=/assets/Auth-8NWYUGup.js s=200 d=32µs s=1677
INF http m=GET p=/index.html s=200 d=33µs s=541
INF http m=POST p=/api/v1/organizations/40O57R3DQ000/workspaces s=200 d=364ms s=296
INF http m=GET p=/assets/Auth-6SolzSg2.css s=200 d=27µs s=633
INF http m=GET p=/icon.svg s=200 d=23µs s=195
INF http m=GET p=/icon-512.png s=200 d=90µs s=6498
INF http m=GET p=/assets/AdminDashboard-DpHjrDyw.js s=200 d=78µs s=2142
INF http m=GET p=/assets/AdminDashboard-CjPbo26j.css s=200 d=23µs s=584
INF http m=GET p=/icon-192.png s=200 d=30µs s=2468
INF http m=GET p=/manifest.webmanifest s=200 d=26µs s=199
INF http m=GET p=/favicon.png s=200 d=28µs s=449
INF http m=POST p=/api/v1/organizations s=200 d=100ms s=350
INF http m=GET p=/api/v1/auth/me s=200 d=1.7ms s=250
INF http m=GET p=/apple-touch-icon.png s=200 d=61µs s=2298
INF http m=POST p=/api/v1/auth/switch-workspace s=200 d=46.1ms s=607
INF http m=GET p=/assets/material-symbols-names-D7AiM4If.js s=200 d=117µs s=15478
INF http m=GET p=/api/v1/notifications/unread-count s=200 d=7.51ms s=25
INF http m=GET p=/api/v1/workspaces/40O57RJPA000/members s=200 d=3.9ms s=124
INF http m=GET p=/api/v1/workspaces/40O57RJPA000/nodes/0/children s=200 d=519µs s=26
INF http m=GET p=/assets/fr-B1PqNQ7U.js s=200 d=147µs s=6351
INF http m=GET p=/assets/es-OK4oleHZ.js s=200 d=136µs s=6048
INF http m=GET p=/assets/emoji-groups-El6awxEn.js s=200 d=107µs s=13851
INF http m=GET p=/assets/de-CSEWDUi3.js s=200 d=132µs s=6281
INF http m=GET p=/assets/WorkspaceSettingsPanel-BXpT4LCS.css s=200 d=30µs s=994
INF http m=GET p=/assets/WorkspaceSettingsPanel-BB4UnxOs.js s=200 d=77µs s=4465
INF http m=GET p=/assets/Terms-CDs9SgkA.js s=200 d=42µs s=1013
INF http m=GET p=/assets/ServerSettingsPanel-Co4AQ7oB.css s=200 d=28µs s=576
INF http m=GET p=/assets/ServerSettingsPanel-CUtQeHs8.js s=200 d=40µs s=2551
INF http m=GET p=/assets/ResourceQuotaForm-CBiYRbX4.js s=200 d=31µs s=832
INF http m=GET p=/assets/ResourceQuotaForm-BFoPj33M.css s=200 d=25µs s=297
INF http m=GET p=/assets/ProfileSettings-DF5AVI35.js s=200 d=75µs s=4393
INF http m=GET p=/assets/ProfileSettings-CX-HDEdu.css s=200 d=27µs s=1177
INF http m=GET p=/assets/Privacy-cCrfp6_1.css s=200 d=25µs s=314
INF http m=GET p=/assets/Privacy-CgsgvqEr.js s=200 d=26µs s=904
INF http m=GET p=/assets/OrgSettingsPanel-D9VVCokd.css s=200 d=27µs s=488
INF http m=GET p=/assets/OrgSettingsPanel-9P66Q2ps.js s=200 d=41µs s=2333
INF http m=GET p=/assets/OAuthIcons-csRRTXki.js s=200 d=23µs s=951
INF http m=GET p=/assets/InviteForm-DLxm8fu0.css s=200 d=32µs s=394
INF http m=GET p=/assets/InviteForm-CV0yK4I0.js s=200 d=35µs s=1291
INF http m=GET p=/assets/Editor-DfcJ-Jfc.css s=200 d=46µs s=2151
INF http m=GET p=/assets/Editor-BCbjs9IY.js s=200 d=128µs s=13602
INF http m=POST p=/api/v1/organizations/40O57TEK2000/workspaces s=200 d=198ms s=296
INF http m=GET p=/assets/Auth-8NWYUGup.js s=200 d=63µs s=1677
INF http m=GET p=/assets/Auth-6SolzSg2.css s=200 d=26µs s=633
INF http m=GET p=/assets/AdminDashboard-DpHjrDyw.js s=200 d=37µs s=2142
INF http m=GET p=/assets/AdminDashboard-CjPbo26j.css s=200 d=29µs s=584
INF http m=GET p=/manifest.webmanifest s=200 d=32µs s=199
INF http m=POST p=/api/v1/workspaces/40O57RJPA000/nodes/0/page/create s=200 d=178ms s=35
INF http m=GET p=/api/v1/workspaces/40O57RJPA000/nodes/0/children s=200 d=3.4ms s=257
INF http m=POST p=/api/v1/auth/switch-workspace s=200 d=33.5ms s=605
INF http m=GET p=/api/v1/workspaces/40O57RJPA000/nodes/40O57UEDC000 s=200 d=782µs s=245
INF http m=GET p=/api/v1/notifications/unread-count s=200 d=190µs s=25
INF http m=GET p=/api/v1/workspaces/40O57U5BM000/nodes/0/children s=200 d=382µs s=26
INF http m=GET p=/api/v1/workspaces/40O57U5BM000/members s=200 d=1.76ms s=124
INF http m=POST p=/api/v1/workspaces/40O57U5BM000/nodes/0/page/create s=200 d=35.7ms s=35
INF http m=GET p=/api/v1/workspaces/40O57U5BM000/nodes/0/children s=200 d=856µs s=265
INF http m=GET p=/api/v1/workspaces/40O57U5BM000/nodes/40O57VV80000 s=200 d=578µs s=245
INF http m=POST p=/api/v1/workspaces/40O57U5BM000/nodes/0/page/create s=200 d=42.8ms s=26
INF http m=GET p=/w/@40O57U5BM000+workspace/@40O57VV80000+welcome s=200 d=45µs s=541
INF http m=GET p=/api/v1/workspaces/40O57U5BM000/events s=200 d=94ms s=237
INF http m=GET p=/api/v1/auth/me s=200 d=797µs s=352
INF http m=GET p=/api/v1/workspaces/40O57U5BM000/nodes/0/children s=200 d=909µs s=265
INF http m=GET p=/api/v1/notifications/unread-count s=200 d=2.36ms s=25
INF http m=GET p=/api/v1/workspaces/40O57U5BM000/members s=200 d=1.15ms s=124
INF http m=GET p=/api/v1/workspaces/40O57U5BM000/nodes/40O57VV80000 s=200 d=455µs s=245
INF http m=POST p=/api/v1/workspaces/40O57RJPA000/nodes/0/page/create s=200 d=21.9ms s=26
INF http m=GET p=/w/@40O57RJPA000+workspace/@40O57UEDC000+welcome s=200 d=41µs s=541
INF http m=GET p=/api/v1/workspaces/40O57RJPA000/events s=200 d=461ms s=236
INF http m=GET p=/api/v1/workspaces/40O57U5BM000/nodes/40O5802RU000 s=200 d=410µs s=155
INF http m=GET p=/api/v1/auth/me s=200 d=946µs s=351
INF http m=GET p=/api/v1/notifications/unread-count s=200 d=222µs s=25
INF http m=GET p=/api/v1/workspaces/40O57RJPA000/members s=200 d=141µs s=124
INF http m=GET p=/api/v1/workspaces/40O57RJPA000/nodes/40O57UEDC000 s=200 d=213µs s=245
INF http m=GET p=/api/v1/workspaces/40O57RJPA000/nodes/0/children s=200 d=302µs s=266
INF http m=GET p=/api/v1/workspaces/40O57RJPA000/nodes/40O5812BM000 s=200 d=376µs s=154
INF http m=GET p=/api/v1/workspaces/40O57U5BM000/events s=200 d=261ms s=93
INF http m=GET p=/api/v1/workspaces/40O57RJPA000/events s=200 d=411ms s=93
INF http m=POST p=/api/v1/auth/register s=200 d=148ms s=383
INF http m=GET p=/ s=200 d=74µs s=541
INF http m=GET p=/assets/index-Dlg_ygoF.js s=200 d=150µs s=45483
INF http m=GET p=/assets/index-Bi-AgGrc.css s=200 d=146µs s=11684
INF http m=GET p=/registerSW.js s=200 d=47µs s=87
INF http m=GET p=/assets/editor-vendor-VZT4IkOY.js s=200 d=179µs s=92428
INF http m=GET p=/assets/vendor-CnrH3R4r.js s=200 d=112µs s=28803
INF http m=GET p=/assets/en-BIK_e_4K.js s=200 d=92µs s=5251
INF http m=GET p=/api/v1/auth/me s=200 d=214µs s=166
INF http m=GET p=/favicon.png s=200 d=48µs s=449
INF http m=GET p=/assets/Onboarding-DQ2WAJCW.js s=200 d=41µs s=996
INF http m=GET p=/api/v1/notifications/unread-count s=200 d=203µs s=25
INF http m=GET p=/sw.js s=200 d=87µs s=5593
INF http m=POST p=/api/v1/organizations s=200 d=43.4ms s=351
INF http m=GET p=/api/v1/auth/me s=200 d=284µs s=251
INF http m=GET p=/registerSW.js s=200 d=36µs s=87
INF http m=POST p=/api/v1/auth/register s=200 d=137ms s=383
INF http m=GET p=/ s=200 d=59µs s=541
INF http m=GET p=/index.html s=200 d=28µs s=541
INF http m=GET p=/icon.svg s=200 d=33µs s=195
INF http m=GET p=/icon-512.png s=200 d=113µs s=6498
INF http m=GET p=/assets/index-Dlg_ygoF.js s=200 d=135µs s=45483
INF http m=GET p=/assets/vendor-CnrH3R4r.js s=200 d=102µs s=28803
INF http m=GET p=/assets/index-Bi-AgGrc.css s=200 d=75µs s=11684
INF http m=GET p=/assets/editor-vendor-VZT4IkOY.js s=200 d=204µs s=92428
INF http m=GET p=/registerSW.js s=200 d=42µs s=87
INF http m=GET p=/icon-192.png s=200 d=37µs s=2468
INF http m=GET p=/favicon.png s=200 d=26µs s=449
INF http m=GET p=/apple-touch-icon.png s=200 d=62µs s=2298
INF http m=GET p=/assets/material-symbols-names-D7AiM4If.js s=200 d=95µs s=15478
INF http m=GET p=/assets/fr-B1PqNQ7U.js s=200 d=124µs s=6351
INF http m=GET p=/assets/es-OK4oleHZ.js s=200 d=110µs s=6048
INF http m=GET p=/assets/emoji-groups-El6awxEn.js s=200 d=105µs s=13851
INF http m=GET p=/api/v1/auth/me s=200 d=240µs s=165
INF http m=GET p=/assets/en-BIK_e_4K.js s=200 d=101µs s=5251
INF http m=GET p=/assets/de-CSEWDUi3.js s=200 d=59µs s=6281
INF http m=GET p=/assets/WorkspaceSettingsPanel-BXpT4LCS.css s=200 d=40µs s=994
INF http m=GET p=/assets/WorkspaceSettingsPanel-BB4UnxOs.js s=200 d=83µs s=4465
INF http m=GET p=/assets/Onboarding-DQ2WAJCW.js s=200 d=26µs s=996
INF http m=GET p=/assets/Terms-CDs9SgkA.js s=200 d=30µs s=1013
INF http m=GET p=/api/v1/notifications/unread-count s=200 d=169µs s=25
INF http m=GET p=/favicon.png s=200 d=32µs s=449
INF http m=GET p=/assets/ServerSettingsPanel-Co4AQ7oB.css s=200 d=31µs s=576
INF http m=GET p=/assets/ServerSettingsPanel-CUtQeHs8.js s=200 d=63µs s=2551
INF http m=GET p=/assets/ResourceQuotaForm-CBiYRbX4.js s=200 d=35µs s=832
INF http m=GET p=/assets/ResourceQuotaForm-BFoPj33M.css s=200 d=29µs s=297
INF http m=GET p=/assets/ProfileSettings-DF5AVI35.js s=200 d=63µs s=4393
INF http m=GET p=/sw.js s=200 d=56µs s=5593
INF http m=GET p=/assets/ProfileSettings-CX-HDEdu.css s=200 d=36µs s=1177
INF http m=GET p=/assets/Privacy-cCrfp6_1.css s=200 d=37µs s=314
INF http m=GET p=/assets/Privacy-CgsgvqEr.js s=200 d=30µs s=904
INF http m=GET p=/assets/OrgSettingsPanel-D9VVCokd.css s=200 d=30µs s=488
INF http m=GET p=/registerSW.js s=200 d=29µs s=87
INF http m=GET p=/assets/OrgSettingsPanel-9P66Q2ps.js s=200 d=32µs s=2333
INF http m=GET p=/index.html s=200 d=35µs s=541
INF http m=GET p=/assets/OAuthIcons-csRRTXki.js s=200 d=25µs s=951
INF http m=GET p=/icon.svg s=200 d=32µs s=195
INF http m=GET p=/assets/InviteForm-DLxm8fu0.css s=200 d=32µs s=394
INF http m=GET p=/icon-512.png s=200 d=76µs s=6498
INF http m=GET p=/icon-192.png s=200 d=38µs s=2468
INF http m=GET p=/assets/InviteForm-CV0yK4I0.js s=200 d=25µs s=1291
INF http m=GET p=/favicon.png s=200 d=24µs s=449
INF http m=GET p=/assets/Editor-DfcJ-Jfc.css s=200 d=35µs s=2151
INF http m=GET p=/apple-touch-icon.png s=200 d=47µs s=2298
INF http m=GET p=/assets/Editor-BCbjs9IY.js s=200 d=79µs s=13602
INF http m=POST p=/api/v1/organizations/40O5862JC000/workspaces s=200 d=343ms s=295
INF http m=GET p=/assets/Auth-8NWYUGup.js s=200 d=32µs s=1677
INF http m=GET p=/assets/material-symbols-names-D7AiM4If.js s=200 d=93µs s=15478
INF http m=GET p=/assets/Auth-6SolzSg2.css s=200 d=28µs s=633
INF http m=GET p=/assets/AdminDashboard-DpHjrDyw.js s=200 d=45µs s=2142
INF http m=GET p=/assets/AdminDashboard-CjPbo26j.css s=200 d=32µs s=584
INF http m=GET p=/manifest.webmanifest s=200 d=31µs s=199
INF http m=POST p=/api/v1/organizations s=200 d=137ms s=348
INF http m=GET p=/api/v1/auth/me s=200 d=802µs s=251
INF http m=POST p=/api/v1/auth/switch-workspace s=200 d=45.3ms s=605
INF http m=GET p=/assets/fr-B1PqNQ7U.js s=200 d=64µs s=6351
INF http m=GET p=/assets/es-OK4oleHZ.js s=200 d=85µs s=6048
INF http m=GET p=/assets/emoji-groups-El6awxEn.js s=200 d=112µs s=13851
INF http m=GET p=/api/v1/workspaces/40O586LH6000/nodes/0/children s=200 d=336µs s=26
INF http m=GET p=/api/v1/notifications/unread-count s=200 d=90µs s=25
INF http m=GET p=/api/v1/workspaces/40O586LH6000/members s=200 d=446µs s=124
INF http m=GET p=/assets/de-CSEWDUi3.js s=200 d=123µs s=6281
INF http m=GET p=/assets/WorkspaceSettingsPanel-BXpT4LCS.css s=200 d=47µs s=994
INF http m=GET p=/assets/WorkspaceSettingsPanel-BB4UnxOs.js s=200 d=69µs s=4465
INF http m=GET p=/assets/Terms-CDs9SgkA.js s=200 d=25µs s=1013
INF http m=GET p=/assets/ServerSettingsPanel-Co4AQ7oB.css s=200 d=26µs s=576
INF http m=GET p=/assets/ServerSettingsPanel-CUtQeHs8.js s=200 d=37µs s=2551
INF http m=GET p=/assets/ResourceQuotaForm-CBiYRbX4.js s=200 d=38µs s=832
INF http m=GET p=/assets/ResourceQuotaForm-BFoPj33M.css s=200 d=31µs s=297
INF http m=GET p=/assets/ProfileSettings-DF5AVI35.js s=200 d=75µs s=4393
INF http m=GET p=/assets/ProfileSettings-CX-HDEdu.css s=200 d=34µs s=1177
INF http m=GET p=/assets/Privacy-cCrfp6_1.css s=200 d=38µs s=314
INF http m=GET p=/assets/Privacy-CgsgvqEr.js s=200 d=30µs s=904
INF http m=GET p=/assets/OrgSettingsPanel-D9VVCokd.css s=200 d=28µs s=488
INF http m=GET p=/assets/OrgSettingsPanel-9P66Q2ps.js s=200 d=55µs s=2333
INF http m=GET p=/assets/OAuthIcons-csRRTXki.js s=200 d=36µs s=951
INF http m=GET p=/assets/InviteForm-DLxm8fu0.css s=200 d=33µs s=394
INF http m=GET p=/assets/InviteForm-CV0yK4I0.js s=200 d=42µs s=1291
INF http m=GET p=/assets/Editor-DfcJ-Jfc.css s=200 d=36µs s=2151
INF http m=GET p=/assets/Editor-BCbjs9IY.js s=200 d=73µs s=13602
INF http m=GET p=/assets/Auth-8NWYUGup.js s=200 d=34µs s=1677
INF http m=GET p=/assets/Auth-6SolzSg2.css s=200 d=27µs s=633
INF http m=GET p=/assets/AdminDashboard-DpHjrDyw.js s=200 d=47µs s=2142
INF http m=GET p=/assets/AdminDashboard-CjPbo26j.css s=200 d=39µs s=584
INF http m=GET p=/manifest.webmanifest s=200 d=28µs s=199
INF http m=POST p=/api/v1/organizations/40O5884DA000/workspaces s=200 d=213ms s=297
INF http m=POST p=/api/v1/workspaces/40O586LH6000/nodes/0/page/create s=200 d=167ms s=35
INF http m=GET p=/api/v1/workspaces/40O586LH6000/nodes/0/children s=200 d=242µs s=257
INF http m=GET p=/api/v1/workspaces/40O586LH6000/nodes/40O589C60000 s=200 d=253µs s=245
INF http m=POST p=/api/v1/auth/switch-workspace s=200 d=17.4ms s=605
INF http m=GET p=/api/v1/notifications/unread-count s=200 d=220µs s=25
INF http m=GET p=/api/v1/workspaces/40O5891JO000/members s=200 d=3.57ms s=124
INF http m=GET p=/api/v1/workspaces/40O5891JO000/nodes/0/children s=200 d=3.79ms s=26
INF http m=POST p=/api/v1/workspaces/40O5891JO000/nodes/0/page/create s=200 d=22.4ms s=35
INF http m=GET p=/api/v1/workspaces/40O5891JO000/nodes/0/children s=200 d=382µs s=263
INF http m=GET p=/api/v1/workspaces/40O5891JO000/nodes/40O58AP7I000 s=200 d=271µs s=245
INF http m=POST p=/api/v1/workspaces/40O5891JO000/nodes/0/page/create s=200 d=32.5ms s=26
INF http m=GET p=/w/@40O5891JO000+workspace/@40O58AP7I000+welcome s=200 d=53µs s=541
INF http m=GET p=/api/v1/workspaces/40O5891JO000/events s=200 d=95.7ms s=233
INF http m=GET p=/api/v1/auth/me s=200 d=268µs s=351
INF http m=GET p=/api/v1/notifications/unread-count s=200 d=190µs s=25
INF http m=GET p=/api/v1/workspaces/40O5891JO000/nodes/0/children s=200 d=343µs s=263
INF http m=GET p=/api/v1/workspaces/40O5891JO000/members s=200 d=146µs s=124
INF http m=GET p=/api/v1/workspaces/40O5891JO000/nodes/40O58AP7I000 s=200 d=1.36ms s=245
INF http m=GET p=/api/v1/workspaces/40O5891JO000/nodes/40O58ASI0000 s=200 d=270µs s=155
INF http m=POST p=/api/v1/workspaces/40O586LH6000/nodes/0/page/create s=200 d=15.3ms s=26
INF http m=GET p=/w/@40O586LH6000+workspace/@40O589C60000+welcome s=200 d=37µs s=541
INF http m=GET p=/api/v1/workspaces/40O586LH6000/events s=200 d=480ms s=233
INF http m=GET p=/api/v1/auth/me s=200 d=305µs s=352
INF http m=GET p=/api/v1/workspaces/40O586LH6000/nodes/0/children s=200 d=454µs s=267
INF http m=GET p=/api/v1/notifications/unread-count s=200 d=139µs s=25
INF http m=GET p=/api/v1/workspaces/40O586LH6000/members s=200 d=156µs s=124
INF http m=GET p=/api/v1/workspaces/40O586LH6000/nodes/40O589C60000 s=200 d=233µs s=245
INF http m=GET p=/api/v1/workspaces/40O586LH6000/nodes/40O58C4D4000 s=200 d=476µs s=154
INF http m=GET p=/api/v1/workspaces/40O5891JO000/events s=200 d=299ms s=93
INF http m=GET p=/api/v1/workspaces/40O586LH6000/events s=200 d=341ms s=93
INF http m=POST p=/api/v1/auth/register s=200 d=128ms s=386
INF http m=GET p=/ s=200 d=71µs s=541
INF http m=GET p=/assets/index-Dlg_ygoF.js s=200 d=164µs s=45483
INF http m=GET p=/registerSW.js s=200 d=33µs s=87
INF http m=GET p=/assets/index-Bi-AgGrc.css s=200 d=95µs s=11684
INF http m=GET p=/assets/editor-vendor-VZT4IkOY.js s=200 d=129µs s=92428
INF http m=GET p=/assets/vendor-CnrH3R4r.js s=200 d=92µs s=28803
INF http m=GET p=/api/v1/auth/me s=200 d=243µs s=168
INF http m=GET p=/assets/en-BIK_e_4K.js s=200 d=69µs s=5251
INF http m=GET p=/favicon.png s=200 d=46µs s=449
INF http m=GET p=/api/v1/notifications/unread-count s=200 d=7.87ms s=25
INF http m=GET p=/assets/Onboarding-DQ2WAJCW.js s=200 d=43µs s=996
INF http m=GET p=/sw.js s=200 d=115µs s=5593
INF http m=GET p=/registerSW.js s=200 d=43µs s=87
INF http m=POST p=/api/v1/organizations s=200 d=54.4ms s=351
INF http m=GET p=/index.html s=200 d=39µs s=541
INF http m=GET p=/api/v1/auth/me s=200 d=4.5ms s=253
INF http m=GET p=/icon.svg s=200 d=36µs s=195
INF http m=GET p=/icon-512.png s=200 d=124µs s=6498
INF http m=GET p=/icon-192.png s=200 d=52µs s=2468
INF http m=GET p=/favicon.png s=200 d=40µs s=449
INF http m=GET p=/apple-touch-icon.png s=200 d=59µs s=2298
INF http m=GET p=/assets/material-symbols-names-D7AiM4If.js s=200 d=96µs s=15478
INF http m=GET p=/assets/fr-B1PqNQ7U.js s=200 d=90µs s=6351
INF http m=GET p=/assets/es-OK4oleHZ.js s=200 d=106µs s=6048
INF http m=GET p=/assets/emoji-groups-El6awxEn.js s=200 d=183µs s=13851
INF http m=GET p=/assets/de-CSEWDUi3.js s=200 d=89µs s=6281
INF http m=GET p=/assets/WorkspaceSettingsPanel-BXpT4LCS.css s=200 d=39µs s=994
INF http m=GET p=/assets/WorkspaceSettingsPanel-BB4UnxOs.js s=200 d=59µs s=4465
INF http m=GET p=/assets/Terms-CDs9SgkA.js s=200 d=34µs s=1013
INF http m=GET p=/assets/ServerSettingsPanel-Co4AQ7oB.css s=200 d=182µs s=576
INF http m=GET p=/assets/ServerSettingsPanel-CUtQeHs8.js s=200 d=42µs s=2551
INF http m=GET p=/assets/ResourceQuotaForm-CBiYRbX4.js s=200 d=38µs s=832
INF http m=GET p=/assets/ResourceQuotaForm-BFoPj33M.css s=200 d=40µs s=297
INF http m=GET p=/assets/ProfileSettings-DF5AVI35.js s=200 d=69µs s=4393
INF http m=GET p=/assets/ProfileSettings-CX-HDEdu.css s=200 d=38µs s=1177
INF http m=GET p=/assets/Privacy-cCrfp6_1.css s=200 d=28µs s=314
INF http m=GET p=/assets/Privacy-CgsgvqEr.js s=200 d=35µs s=904
INF http m=GET p=/assets/OrgSettingsPanel-D9VVCokd.css s=200 d=32µs s=488
INF http m=GET p=/assets/OrgSettingsPanel-9P66Q2ps.js s=200 d=38µs s=2333
INF http m=GET p=/assets/OAuthIcons-csRRTXki.js s=200 d=42µs s=951
INF http m=POST p=/api/v1/organizations/40O58GIOK000/workspaces s=200 d=289ms s=296
INF http m=POST p=/api/v1/auth/register s=200 d=415ms s=385
INF http m=GET p=/assets/InviteForm-DLxm8fu0.css s=200 d=29µs s=394
INF http m=GET p=/assets/InviteForm-CV0yK4I0.js s=200 d=33µs s=1291
INF http m=GET p=/ s=200 d=40µs s=541
INF http m=GET p=/assets/Editor-DfcJ-Jfc.css s=200 d=63µs s=2151
INF http m=GET p=/assets/Editor-BCbjs9IY.js s=200 d=133µs s=13602
INF http m=POST p=/api/v1/auth/switch-workspace s=200 d=29.4ms s=609
INF http m=GET p=/assets/index-Dlg_ygoF.js s=200 d=147µs s=45483
INF http m=GET p=/assets/Auth-8NWYUGup.js s=200 d=27µs s=1677
INF http m=GET p=/assets/index-Bi-AgGrc.css s=200 d=100µs s=11684
INF http m=GET p=/assets/vendor-CnrH3R4r.js s=200 d=123µs s=28803
INF http m=GET p=/assets/editor-vendor-VZT4IkOY.js s=200 d=202µs s=92428
INF http m=GET p=/assets/Auth-6SolzSg2.css s=200 d=24µs s=633
INF http m=GET p=/registerSW.js s=200 d=32µs s=87
INF http m=GET p=/assets/AdminDashboard-DpHjrDyw.js s=200 d=61µs s=2142
INF http m=GET p=/assets/AdminDashboard-CjPbo26j.css s=200 d=43µs s=584
INF http m=GET p=/api/v1/workspaces/40O58H28C000/nodes/0/children s=200 d=1.28ms s=26
INF http m=GET p=/manifest.webmanifest s=200 d=29µs s=199
INF http m=GET p=/api/v1/workspaces/40O58H28C000/members s=200 d=206µs s=124
INF http m=GET p=/api/v1/notifications/unread-count s=200 d=14.1ms s=25
INF http m=GET p=/assets/en-BIK_e_4K.js s=200 d=120µs s=5251
INF http m=GET p=/api/v1/auth/me s=200 d=1.82ms s=168
INF http m=POST p=/api/v1/workspaces/40O58H28C000/nodes/0/page/create s=200 d=35.1ms s=35
INF http m=GET p=/api/v1/workspaces/40O58H28C000/nodes/0/children s=200 d=819µs s=264
INF http m=GET p=/favicon.png s=200 d=45µs s=449
INF http m=GET p=/sw.js s=200 d=81µs s=5593
INF http m=GET p=/api/v1/workspaces/40O58H28C000/nodes/40O58JJRQ000 s=200 d=450µs s=245
INF http m=POST p=/api/v1/workspaces/40O58H28C000/nodes/0/page/create s=200 d=46.4ms s=26
INF http m=GET p=/assets/Onboarding-DQ2WAJCW.js s=200 d=41µs s=996
INF http m=GET p=/api/v1/notifications/unread-count s=200 d=164µs s=25
INF http m=GET p=/w/@40O58H28C000+workspace/@40O58JJRQ000+welcome s=200 d=46µs s=541
INF http m=GET p=/api/v1/workspaces/40O58H28C000/events s=200 d=117ms s=233
INF http m=GET p=/registerSW.js s=200 d=36µs s=87
INF http m=GET p=/index.html s=200 d=49µs s=541
INF http m=GET p=/icon.svg s=200 d=37µs s=195
INF http m=POST p=/api/v1/organizations s=200 d=38.4ms s=350
INF http m=GET p=/api/v1/auth/me s=200 d=1.2ms s=253
INF http m=GET p=/icon-512.png s=200 d=112µs s=6498
INF http m=GET p=/icon-192.png s=200 d=60µs s=2468
INF http m=GET p=/favicon.png s=200 d=29µs s=449
INF http m=GET p=/apple-touch-icon.png s=200 d=58µs s=2298
INF http m=GET p=/api/v1/auth/me s=200 d=13.4ms s=357
INF http m=GET p=/assets/material-symbols-names-D7AiM4If.js s=200 d=129µs s=15478
INF http m=GET p=/api/v1/workspaces/40O58H28C000/nodes/0/children s=200 d=848µs s=264
INF http m=GET p=/api/v1/notifications/unread-count s=200 d=3.46ms s=25
INF http m=GET p=/api/v1/workspaces/40O58H28C000/members s=200 d=1.32ms s=124
INF http m=GET p=/api/v1/workspaces/40O58H28C000/nodes/40O58JJRQ000 s=200 d=12.7ms s=245
INF http m=GET p=/assets/fr-B1PqNQ7U.js s=200 d=120µs s=6351
INF http m=GET p=/assets/es-OK4oleHZ.js s=200 d=111µs s=6048
INF http m=GET p=/assets/emoji-groups-El6awxEn.js s=200 d=127µs s=13851
INF http m=GET p=/assets/de-CSEWDUi3.js s=200 d=283µs s=6281
INF http m=GET p=/api/v1/workspaces/40O58H28C000/nodes/40O58JNHE000 s=200 d=458µs s=153
INF http m=GET p=/assets/WorkspaceSettingsPanel-BXpT4LCS.css s=200 d=34µs s=994
INF http m=GET p=/assets/WorkspaceSettingsPanel-BB4UnxOs.js s=200 d=80µs s=4465
INF http m=GET p=/assets/Terms-CDs9SgkA.js s=200 d=31µs s=1013
INF http m=GET p=/assets/ServerSettingsPanel-Co4AQ7oB.css s=200 d=1.3ms s=576
INF http m=GET p=/assets/ServerSettingsPanel-CUtQeHs8.js s=200 d=51µs s=2551
INF http m=GET p=/assets/ResourceQuotaForm-CBiYRbX4.js s=200 d=47µs s=832
INF http m=GET p=/assets/ResourceQuotaForm-BFoPj33M.css s=200 d=36µs s=297
INF http m=GET p=/assets/ProfileSettings-DF5AVI35.js s=200 d=66µs s=4393
INF http m=GET p=/assets/ProfileSettings-CX-HDEdu.css s=200 d=34µs s=1177
INF http m=GET p=/assets/Privacy-cCrfp6_1.css s=200 d=33µs s=314
INF http m=GET p=/assets/Privacy-CgsgvqEr.js s=200 d=29µs s=904
INF http m=GET p=/assets/OrgSettingsPanel-D9VVCokd.css s=200 d=37µs s=488
INF http m=POST p=/api/v1/organizations/40O58KAUU000/workspaces s=200 d=255ms s=297
INF http m=GET p=/assets/OrgSettingsPanel-9P66Q2ps.js s=200 d=80µs s=2333
INF http m=GET p=/assets/OAuthIcons-csRRTXki.js s=200 d=38µs s=951
INF http m=POST p=/api/v1/auth/switch-workspace s=200 d=22.4ms s=607
INF http m=GET p=/assets/InviteForm-DLxm8fu0.css s=200 d=40µs s=394
INF http m=GET p=/assets/InviteForm-CV0yK4I0.js s=200 d=31µs s=1291
INF http m=GET p=/assets/Editor-DfcJ-Jfc.css s=200 d=40µs s=2151
INF http m=GET p=/api/v1/notifications/unread-count s=200 d=191µs s=25
INF http m=GET p=/api/v1/workspaces/40O58KKMK000/nodes/0/children s=200 d=646µs s=26
INF http m=GET p=/api/v1/workspaces/40O58KKMK000/members s=200 d=485µs s=124
INF http m=GET p=/assets/Editor-BCbjs9IY.js s=200 d=178µs s=13602
INF http m=GET p=/assets/Auth-8NWYUGup.js s=200 d=54µs s=1677
INF http m=GET p=/assets/Auth-6SolzSg2.css s=200 d=31µs s=633
INF http m=GET p=/assets/AdminDashboard-DpHjrDyw.js s=200 d=83µs s=2142
INF http m=GET p=/assets/AdminDashboard-CjPbo26j.css s=200 d=39µs s=584
INF http m=GET p=/manifest.webmanifest s=200 d=34µs s=199
INF http m=POST p=/api/v1/workspaces/40O58KKMK000/nodes/0/page/create s=200 d=31.6ms s=35
INF http m=GET p=/api/v1/workspaces/40O58KKMK000/nodes/0/children s=200 d=1.85ms s=257
INF http m=GET p=/api/v1/workspaces/40O58KKMK000/nodes/40O58MFLE000 s=200 d=270µs s=245
INF http m=POST p=/api/v1/workspaces/40O58KKMK000/nodes/0/page/create s=200 d=26.1ms s=26
INF http m=GET p=/w/@40O58KKMK000+workspace/@40O58MFLE000+welcome s=200 d=45µs s=541
INF http m=GET p=/api/v1/workspaces/40O58KKMK000/events s=200 d=85.3ms s=234
INF http m=GET p=/api/v1/auth/me s=200 d=688µs s=352
INF http m=GET p=/api/v1/workspaces/40O58KKMK000/members s=200 d=509µs s=124
INF http m=GET p=/api/v1/workspaces/40O58KKMK000/nodes/40O58MFLE000 s=200 d=670µs s=245
INF http m=GET p=/api/v1/workspaces/40O58KKMK000/nodes/0/children s=200 d=704µs s=263
INF http m=GET p=/api/v1/notifications/unread-count s=200 d=1.12ms s=25
INF http m=GET p=/api/v1/workspaces/40O58H28C000/events s=200 d=412ms s=93
INF http m=GET p=/api/v1/workspaces/40O58KKMK000/nodes/40O58MN0O000 s=200 d=825µs s=154
INF http m=GET p=/api/v1/workspaces/40O58KKMK000/events s=200 d=333ms s=93
INF http m=POST p=/api/v1/auth/register s=200 d=155ms s=385
INF http m=GET p=/ s=200 d=58µs s=541
INF http m=GET p=/assets/index-Dlg_ygoF.js s=200 d=199µs s=45483
INF http m=GET p=/assets/index-Bi-AgGrc.css s=200 d=190µs s=11684
INF http m=GET p=/registerSW.js s=200 d=70µs s=87
INF http m=GET p=/assets/editor-vendor-VZT4IkOY.js s=200 d=209µs s=92428
INF http m=GET p=/assets/vendor-CnrH3R4r.js s=200 d=143µs s=28803
INF http m=GET p=/assets/en-BIK_e_4K.js s=200 d=93µs s=5251
INF http m=GET p=/api/v1/auth/me s=200 d=600µs s=166
INF http m=GET p=/assets/Onboarding-DQ2WAJCW.js s=200 d=42µs s=996
INF http m=GET p=/api/v1/notifications/unread-count s=200 d=1.64ms s=25
INF http m=GET p=/favicon.png s=200 d=52µs s=449
INF http m=GET p=/sw.js s=200 d=199µs s=5593
INF http m=GET p=/registerSW.js s=200 d=51µs s=87
INF http m=POST p=/api/v1/organizations s=200 d=59.2ms s=350
INF http m=GET p=/api/v1/auth/me s=200 d=4.66ms s=250
INF http m=GET p=/index.html s=200 d=62µs s=541
INF http m=GET p=/icon.svg s=200 d=38µs s=195
INF http m=GET p=/icon-512.png s=200 d=96µs s=6498
INF http m=POST p=/api/v1/auth/register s=200 d=184ms s=384
INF http m=GET p=/icon-192.png s=200 d=41µs s=2468
INF http m=GET p=/ s=200 d=53µs s=541
INF http m=GET p=/favicon.png s=200 d=23µs s=449
INF http m=GET p=/apple-touch-icon.png s=200 d=102µs s=2298
INF http m=GET p=/assets/index-Dlg_ygoF.js s=200 d=154µs s=45483
INF http m=GET p=/assets/index-Bi-AgGrc.css s=200 d=128µs s=11684
INF http m=GET p=/registerSW.js s=200 d=63µs s=87
INF http m=GET p=/assets/editor-vendor-VZT4IkOY.js s=200 d=162µs s=92428
INF http m=GET p=/assets/vendor-CnrH3R4r.js s=200 d=116µs s=28803
INF http m=GET p=/assets/material-symbols-names-D7AiM4If.js s=200 d=111µs s=15478
INF http m=GET p=/assets/fr-B1PqNQ7U.js s=200 d=113µs s=6351
INF http m=GET p=/api/v1/auth/me s=200 d=1.77ms s=166
INF http m=GET p=/assets/en-BIK_e_4K.js s=200 d=127µs s=5251
INF http m=GET p=/assets/es-OK4oleHZ.js s=200 d=105µs s=6048
INF http m=GET p=/assets/Onboarding-DQ2WAJCW.js s=200 d=47µs s=996
INF http m=GET p=/assets/emoji-groups-El6awxEn.js s=200 d=81µs s=13851
INF http m=GET p=/api/v1/notifications/unread-count s=200 d=183µs s=25
INF http m=GET p=/favicon.png s=200 d=26µs s=449
INF http m=GET p=/sw.js s=200 d=83µs s=5593
INF http m=GET p=/assets/de-CSEWDUi3.js s=200 d=98µs s=6281
INF http m=GET p=/assets/WorkspaceSettingsPanel-BXpT4LCS.css s=200 d=49µs s=994
INF http m=GET p=/registerSW.js s=200 d=32µs s=87
INF http m=GET p=/assets/WorkspaceSettingsPanel-BB4UnxOs.js s=200 d=59µs s=4465
INF http m=GET p=/assets/Terms-CDs9SgkA.js s=200 d=61µs s=1013
INF http m=GET p=/index.html s=200 d=24µs s=541
INF http m=GET p=/assets/ServerSettingsPanel-Co4AQ7oB.css s=200 d=384µs s=576
INF http m=GET p=/assets/ServerSettingsPanel-CUtQeHs8.js s=200 d=51µs s=2551
INF http m=GET p=/icon.svg s=200 d=38µs s=195
INF http m=GET p=/assets/ResourceQuotaForm-CBiYRbX4.js s=200 d=31µs s=832
INF http m=GET p=/icon-512.png s=200 d=81µs s=6498
INF http m=GET p=/assets/ResourceQuotaForm-BFoPj33M.css s=200 d=23µs s=297
INF http m=GET p=/assets/ProfileSettings-DF5AVI35.js s=200 d=602µs s=4393
INF http m=GET p=/icon-192.png s=200 d=40µs s=2468
INF http m=GET p=/assets/ProfileSettings-CX-HDEdu.css s=200 d=184µs s=1177
INF http m=GET p=/favicon.png s=200 d=36µs s=449
INF http m=GET p=/assets/Privacy-cCrfp6_1.css s=200 d=27µs s=314
INF http m=GET p=/apple-touch-icon.png s=200 d=89µs s=2298
INF http m=GET p=/assets/Privacy-CgsgvqEr.js s=200 d=25µs s=904
INF http m=GET p=/assets/OrgSettingsPanel-D9VVCokd.css s=200 d=36µs s=488
INF http m=GET p=/assets/OrgSettingsPanel-9P66Q2ps.js s=200 d=80µs s=2333
INF http m=POST p=/api/v1/organizations/40O58RB6K000/workspaces s=200 d=367ms s=298
INF http m=GET p=/assets/OAuthIcons-csRRTXki.js s=200 d=122µs s=951
INF http m=POST p=/api/v1/organizations s=200 d=175ms s=351
INF http m=GET p=/assets/InviteForm-DLxm8fu0.css s=200 d=33µs s=394
INF http m=GET p=/assets/material-symbols-names-D7AiM4If.js s=200 d=91µs s=15478
INF http m=GET p=/api/v1/auth/me s=200 d=7.41ms s=252
INF http m=GET p=/assets/InviteForm-CV0yK4I0.js s=200 d=33µs s=1291
INF http m=GET p=/assets/Editor-DfcJ-Jfc.css s=200 d=75µs s=2151
INF http m=GET p=/assets/Editor-BCbjs9IY.js s=200 d=95µs s=13602
INF http m=GET p=/assets/Auth-8NWYUGup.js s=200 d=40µs s=1677
INF http m=GET p=/assets/fr-B1PqNQ7U.js s=200 d=77µs s=6351
INF http m=GET p=/assets/Auth-6SolzSg2.css s=200 d=32µs s=633
INF http m=GET p=/assets/AdminDashboard-DpHjrDyw.js s=200 d=266µs s=2142
INF http m=POST p=/api/v1/auth/switch-workspace s=200 d=57.3ms s=606
INF http m=GET p=/assets/es-OK4oleHZ.js s=200 d=80µs s=6048
INF http m=GET p=/assets/emoji-groups-El6awxEn.js s=200 d=131µs s=13851
INF http m=GET p=/assets/AdminDashboard-CjPbo26j.css s=200 d=24µs s=584
INF http m=GET p=/manifest.webmanifest s=200 d=29µs s=199
INF http m=GET p=/api/v1/notifications/unread-count s=200 d=483µs s=25
INF http m=GET p=/api/v1/workspaces/40O58RPCS000/nodes/0/children s=200 d=2.19ms s=26
INF http m=GET p=/api/v1/workspaces/40O58RPCS000/members s=200 d=283µs s=124
INF http m=GET p=/assets/de-CSEWDUi3.js s=200 d=112µs s=6281
INF http m=GET p=/assets/WorkspaceSettingsPanel-BXpT4LCS.css s=200 d=37µs s=994
INF http m=GET p=/assets/WorkspaceSettingsPanel-BB4UnxOs.js s=200 d=87µs s=4465
INF http m=GET p=/assets/Terms-CDs9SgkA.js s=200 d=28µs s=1013
INF http m=GET p=/assets/ServerSettingsPanel-Co4AQ7oB.css s=200 d=27µs s=576
INF http m=GET p=/assets/ServerSettingsPanel-CUtQeHs8.js s=200 d=37µs s=2551
INF http m=GET p=/assets/ResourceQuotaForm-CBiYRbX4.js s=200 d=27µs s=832
INF http m=GET p=/assets/ResourceQuotaForm-BFoPj33M.css s=200 d=30µs s=297
INF http m=GET p=/assets/ProfileSettings-DF5AVI35.js s=200 d=65µs s=4393
INF http m=GET p=/assets/ProfileSettings-CX-HDEdu.css s=200 d=30µs s=1177
INF http m=GET p=/assets/Privacy-cCrfp6_1.css s=200 d=23µs s=314
INF http m=GET p=/assets/Privacy-CgsgvqEr.js s=200 d=24µs s=904
INF http m=GET p=/assets/OrgSettingsPanel-D9VVCokd.css s=200 d=26µs s=488
INF http m=GET p=/assets/OrgSettingsPanel-9P66Q2ps.js s=200 d=36µs s=2333
INF http m=GET p=/assets/OAuthIcons-csRRTXki.js s=200 d=28µs s=951
INF http m=GET p=/assets/InviteForm-DLxm8fu0.css s=200 d=81µs s=394
INF http m=GET p=/assets/InviteForm-CV0yK4I0.js s=200 d=36µs s=1291
INF http m=GET p=/assets/Editor-DfcJ-Jfc.css s=200 d=35µs s=2151
INF http m=GET p=/assets/Editor-BCbjs9IY.js s=200 d=101µs s=13602
INF http m=GET p=/assets/Auth-8NWYUGup.js s=200 d=33µs s=1677
INF http m=GET p=/assets/Auth-6SolzSg2.css s=200 d=29µs s=633
INF http m=GET p=/assets/AdminDashboard-DpHjrDyw.js s=200 d=40µs s=2142
INF http m=GET p=/assets/AdminDashboard-CjPbo26j.css s=200 d=26µs s=584
INF http m=GET p=/manifest.webmanifest s=200 d=22µs s=199
INF http m=POST p=/api/v1/organizations/40O58T0IG000/workspaces s=200 d=222ms s=296
INF http m=POST p=/api/v1/workspaces/40O58RPCS000/nodes/0/page/create s=200 d=122ms s=35
INF http m=GET p=/api/v1/workspaces/40O58RPCS000/nodes/0/children s=200 d=318µs s=257
INF http m=GET p=/api/v1/workspaces/40O58RPCS000/nodes/40O58UR3S000 s=200 d=222µs s=245
INF http m=POST p=/api/v1/auth/switch-workspace s=200 d=24.2ms s=574
INF http m=GET p=/api/v1/notifications/unread-count s=200 d=222µs s=25
INF http m=GET p=/api/v1/workspaces/40O58U6IA000/members s=200 d=1.43ms s=124
INF http m=GET p=/api/v1/workspaces/40O58U6IA000/nodes/0/children s=200 d=4.66ms s=26
INF http m=POST p=/api/v1/workspaces/40O58U6IA000/nodes/0/page/create s=200 d=21.2ms s=35
INF http m=GET p=/api/v1/workspaces/40O58U6IA000/nodes/0/children s=200 d=380µs s=257
INF http m=GET p=/api/v1/workspaces/40O58U6IA000/nodes/40O58VT08000 s=200 d=951µs s=245
INF http m=POST p=/api/v1/workspaces/40O58RPCS000/nodes/0/page/create s=200 d=14.7ms s=26
INF http m=GET p=/w/@40O58RPCS000+workspace/@40O58UR3S000+welcome s=200 d=31µs s=541
INF http m=GET p=/api/v1/workspaces/40O58RPCS000/events s=200 d=392ms s=237
INF http m=GET p=/api/v1/auth/me s=200 d=325µs s=351
INF http m=GET p=/api/v1/notifications/unread-count s=200 d=197µs s=25
INF http m=GET p=/api/v1/workspaces/40O58RPCS000/nodes/0/children s=200 d=350µs s=265
INF http m=GET p=/api/v1/workspaces/40O58RPCS000/members s=200 d=1.03ms s=124
INF http m=GET p=/api/v1/workspaces/40O58RPCS000/nodes/40O58UR3S000 s=200 d=796µs s=245
INF http m=GET p=/api/v1/workspaces/40O58RPCS000/nodes/40O590TKG000 s=200 d=817µs s=155
INF http m=GET p=/api/v1/workspaces/40O58RPCS000/events s=200 d=192ms s=93
INF http m=POST p=/api/v1/workspaces/40O58U6IA000/nodes/0/page/create s=200 d=26ms s=26
INF http m=GET p=/w/@40O58U6IA000+workspace/@40O58VT08000+welcome s=200 d=38µs s=541
INF http m=GET p=/api/v1/workspaces/40O58U6IA000/events s=200 d=510ms s=239
INF http m=GET p=/api/v1/auth/me s=200 d=5.77ms s=354
INF http m=GET p=/api/v1/notifications/unread-count s=200 d=201µs s=25
INF http m=GET p=/api/v1/workspaces/40O58U6IA000/nodes/40O58VT08000 s=200 d=7.47ms s=245
INF http m=GET p=/api/v1/workspaces/40O58U6IA000/nodes/0/children s=200 d=11.1ms s=269
INF http m=GET p=/api/v1/workspaces/40O58U6IA000/members s=200 d=11.5ms s=124
INF http m=GET p=/api/v1/workspaces/40O58U6IA000/nodes/40O592N2S000 s=200 d=408µs s=154
INF http m=POST p=/api/v1/auth/register s=200 d=211ms s=386
INF http m=GET p=/ s=200 d=62µs s=541
INF http m=GET p=/assets/index-Dlg_ygoF.js s=200 d=233µs s=45483
INF http m=GET p=/assets/index-Bi-AgGrc.css s=200 d=185µs s=11684
INF http m=GET p=/assets/vendor-CnrH3R4r.js s=200 d=176µs s=28803
INF http m=GET p=/assets/editor-vendor-VZT4IkOY.js s=200 d=158µs s=92428
INF http m=GET p=/registerSW.js s=200 d=103µs s=87
INF http m=GET p=/api/v1/auth/me s=200 d=292µs s=167
INF http m=GET p=/assets/en-BIK_e_4K.js s=200 d=70µs s=5251
INF http m=GET p=/assets/Onboarding-DQ2WAJCW.js s=200 d=40µs s=996
INF http m=GET p=/api/v1/notifications/unread-count s=200 d=184µs s=25
INF http m=GET p=/sw.js s=200 d=108µs s=5593
INF http m=GET p=/favicon.png s=200 d=21µs s=449
INF http m=GET p=/registerSW.js s=200 d=43µs s=87
INF http m=GET p=/api/v1/workspaces/40O58U6IA000/events s=200 d=409ms s=93
INF http m=GET p=/index.html s=200 d=42µs s=541
INF http m=GET p=/icon.svg s=200 d=45µs s=195
INF http m=GET p=/icon-512.png s=200 d=88µs s=6498
INF http m=POST p=/api/v1/organizations s=200 d=63.1ms s=350
INF http m=GET p=/icon-192.png s=200 d=45µs s=2468
INF http m=GET p=/api/v1/auth/me s=200 d=211µs s=251
INF http m=GET p=/favicon.png s=200 d=33µs s=449
INF http m=GET p=/apple-touch-icon.png s=200 d=51µs s=2298
INF http m=GET p=/assets/material-symbols-names-D7AiM4If.js s=200 d=86µs s=15478
INF http m=GET p=/assets/fr-B1PqNQ7U.js s=200 d=89µs s=6351
INF http m=GET p=/assets/es-OK4oleHZ.js s=200 d=82µs s=6048
INF http m=GET p=/assets/emoji-groups-El6awxEn.js s=200 d=187µs s=13851
INF http m=GET p=/assets/de-CSEWDUi3.js s=200 d=103µs s=6281
INF http m=GET p=/assets/WorkspaceSettingsPanel-BXpT4LCS.css s=200 d=71µs s=994
INF http m=GET p=/assets/WorkspaceSettingsPanel-BB4UnxOs.js s=200 d=160µs s=4465
INF http m=GET p=/assets/Terms-CDs9SgkA.js s=200 d=40µs s=1013
INF http m=GET p=/assets/ServerSettingsPanel-Co4AQ7oB.css s=200 d=45µs s=576
INF http m=GET p=/assets/ServerSettingsPanel-CUtQeHs8.js s=200 d=51µs s=2551
INF http m=GET p=/assets/ResourceQuotaForm-CBiYRbX4.js s=200 d=42µs s=832
INF http m=GET p=/assets/ResourceQuotaForm-BFoPj33M.css s=200 d=27µs s=297
INF http m=GET p=/assets/ProfileSettings-DF5AVI35.js s=200 d=71µs s=4393
INF http m=GET p=/assets/ProfileSettings-CX-HDEdu.css s=200 d=31µs s=1177
INF http m=GET p=/assets/Privacy-cCrfp6_1.css s=200 d=46µs s=314
INF http m=GET p=/assets/Privacy-CgsgvqEr.js s=200 d=36µs s=904
INF http m=GET p=/assets/OrgSettingsPanel-D9VVCokd.css s=200 d=79µs s=488
INF http m=GET p=/assets/OrgSettingsPanel-9P66Q2ps.js s=200 d=52µs s=2333
INF http m=GET p=/assets/OAuthIcons-csRRTXki.js s=200 d=48µs s=951
INF http m=GET p=/assets/InviteForm-DLxm8fu0.css s=200 d=34µs s=394
INF http m=GET p=/assets/InviteForm-CV0yK4I0.js s=200 d=28µs s=1291
INF http m=GET p=/assets/Editor-DfcJ-Jfc.css s=200 d=50µs s=2151
INF http m=GET p=/assets/Editor-BCbjs9IY.js s=200 d=79µs s=13602
INF http m=POST p=/api/v1/organizations/40O596C1I000/workspaces s=200 d=317ms s=297
INF http m=GET p=/assets/Auth-8NWYUGup.js s=200 d=37µs s=1677
INF http m=GET p=/assets/Auth-6SolzSg2.css s=200 d=33µs s=633
INF http m=GET p=/assets/AdminDashboard-DpHjrDyw.js s=200 d=79µs s=2142
INF http m=GET p=/assets/AdminDashboard-CjPbo26j.css s=200 d=29µs s=584
INF http m=GET p=/manifest.webmanifest s=200 d=27µs s=199
INF http m=POST p=/api/v1/auth/register s=200 d=155ms s=383
INF http m=POST p=/api/v1/auth/switch-workspace s=200 d=35ms s=606
INF http m=GET p=/ s=200 d=56µs s=541
INF http m=GET p=/assets/index-Dlg_ygoF.js s=200 d=172µs s=45483
INF http m=GET p=/assets/editor-vendor-VZT4IkOY.js s=200 d=159µs s=92428
INF http m=GET p=/registerSW.js s=200 d=37µs s=87
INF http m=GET p=/assets/index-Bi-AgGrc.css s=200 d=107µs s=11684
INF http m=GET p=/api/v1/notifications/unread-count s=200 d=276µs s=25
INF http m=GET p=/assets/vendor-CnrH3R4r.js s=200 d=1.04ms s=28803
INF http m=GET p=/api/v1/workspaces/40O596QOG000/nodes/0/children s=200 d=4.95ms s=26
INF http m=GET p=/api/v1/workspaces/40O596QOG000/members s=200 d=267µs s=124
INF http m=POST p=/api/v1/workspaces/40O596QOG000/nodes/0/page/create s=200 d=64.5ms s=35
INF http m=GET p=/api/v1/workspaces/40O596QOG000/nodes/0/children s=200 d=492µs s=257
INF http m=GET p=/api/v1/workspaces/40O596QOG000/nodes/40O599B2G000 s=200 d=257µs s=245
INF http m=GET p=/assets/en-BIK_e_4K.js s=200 d=127µs s=5251
INF http m=GET p=/api/v1/auth/me s=200 d=3.98ms s=166
INF http m=GET p=/api/v1/notifications/unread-count s=200 d=210µs s=25
INF http m=GET p=/assets/Onboarding-DQ2WAJCW.js s=200 d=34µs s=996
INF http m=GET p=/sw.js s=200 d=130µs s=5593
INF http m=GET p=/favicon.png s=200 d=50µs s=449
INF http m=GET p=/registerSW.js s=200 d=35µs s=87
INF http m=GET p=/index.html s=200 d=39µs s=541
INF http m=POST p=/api/v1/organizations s=200 d=29.5ms s=351
INF http m=GET p=/api/v1/auth/me s=200 d=1.38ms s=253
INF http m=GET p=/icon.svg s=200 d=32µs s=195
INF http m=GET p=/icon-512.png s=200 d=79µs s=6498
INF http m=GET p=/icon-192.png s=200 d=53µs s=2468
INF http m=GET p=/favicon.png s=200 d=27µs s=449
INF http m=GET p=/apple-touch-icon.png s=200 d=45µs s=2298
INF http m=GET p=/assets/material-symbols-names-D7AiM4If.js s=200 d=93µs s=15478
INF http m=GET p=/assets/fr-B1PqNQ7U.js s=200 d=91µs s=6351
INF http m=GET p=/assets/es-OK4oleHZ.js s=200 d=84µs s=6048
INF http m=GET p=/assets/emoji-groups-El6awxEn.js s=200 d=300µs s=13851
INF http m=GET p=/assets/de-CSEWDUi3.js s=200 d=81µs s=6281
INF http m=GET p=/assets/WorkspaceSettingsPanel-BXpT4LCS.css s=200 d=31µs s=994
INF http m=GET p=/assets/WorkspaceSettingsPanel-BB4UnxOs.js s=200 d=75µs s=4465
INF http m=GET p=/assets/Terms-CDs9SgkA.js s=200 d=29µs s=1013
INF http m=GET p=/assets/ServerSettingsPanel-Co4AQ7oB.css s=200 d=24µs s=576
INF http m=GET p=/assets/ServerSettingsPanel-CUtQeHs8.js s=200 d=36µs s=2551
INF http m=GET p=/assets/ResourceQuotaForm-CBiYRbX4.js s=200 d=24µs s=832
INF http m=GET p=/assets/ResourceQuotaForm-BFoPj33M.css s=200 d=25µs s=297
INF http m=GET p=/assets/ProfileSettings-DF5AVI35.js s=200 d=60µs s=4393
INF http m=GET p=/assets/ProfileSettings-CX-HDEdu.css s=200 d=25µs s=1177
INF http m=GET p=/assets/Privacy-cCrfp6_1.css s=200 d=25µs s=314
INF http m=GET p=/assets/Privacy-CgsgvqEr.js s=200 d=26µs s=904
INF http m=GET p=/assets/OrgSettingsPanel-D9VVCokd.css s=200 d=22µs s=488
INF http m=GET p=/assets/OrgSettingsPanel-9P66Q2ps.js s=200 d=61µs s=2333
INF http m=GET p=/assets/OAuthIcons-csRRTXki.js s=200 d=28µs s=951
INF http m=POST p=/api/v1/organizations/40O59ADBE000/workspaces s=200 d=191ms s=298
INF http m=GET p=/assets/InviteForm-DLxm8fu0.css s=200 d=30µs s=394
INF http m=GET p=/assets/InviteForm-CV0yK4I0.js s=200 d=28µs s=1291
INF http m=GET p=/assets/Editor-DfcJ-Jfc.css s=200 d=33µs s=2151
INF http m=GET p=/assets/Editor-BCbjs9IY.js s=200 d=67µs s=13602
INF http m=GET p=/assets/Auth-8NWYUGup.js s=200 d=28µs s=1677
INF http m=POST p=/api/v1/auth/switch-workspace s=200 d=24.7ms s=609
INF http m=GET p=/assets/Auth-6SolzSg2.css s=200 d=29µs s=633
INF http m=POST p=/api/v1/workspaces/40O596QOG000/nodes/0/page/create s=200 d=27.2ms s=26
INF http m=GET p=/assets/AdminDashboard-DpHjrDyw.js s=200 d=218µs s=2142
INF http m=GET p=/assets/AdminDashboard-CjPbo26j.css s=200 d=31µs s=584
INF http m=GET p=/api/v1/workspaces/40O59AL8K000/nodes/0/children s=200 d=337µs s=26
INF http m=GET p=/api/v1/notifications/unread-count s=200 d=611µs s=25
INF http m=GET p=/api/v1/workspaces/40O59AL8K000/members s=200 d=533µs s=124
INF http m=GET p=/w/@40O596QOG000+workspace/@40O599B2G000+welcome s=200 d=36µs s=541
INF http m=GET p=/manifest.webmanifest s=200 d=29µs s=199
INF http m=GET p=/api/v1/workspaces/40O596QOG000/events s=200 d=479ms s=236
INF http m=POST p=/api/v1/workspaces/40O59AL8K000/nodes/0/page/create s=200 d=30.3ms s=35
INF http m=GET p=/api/v1/workspaces/40O59AL8K000/nodes/0/children s=200 d=295µs s=257
INF http m=GET p=/api/v1/auth/me s=200 d=193µs s=352
INF http m=GET p=/api/v1/workspaces/40O59AL8K000/nodes/40O59C75G000 s=200 d=346µs s=245
INF http m=GET p=/api/v1/notifications/unread-count s=200 d=292µs s=25
INF http m=GET p=/api/v1/workspaces/40O596QOG000/nodes/40O599B2G000 s=200 d=279µs s=245
INF http m=GET p=/api/v1/workspaces/40O596QOG000/members s=200 d=404µs s=124
INF http m=GET p=/api/v1/workspaces/40O596QOG000/nodes/0/children s=200 d=987µs s=264
INF http m=POST p=/api/v1/workspaces/40O59AL8K000/nodes/0/page/create s=200 d=15.4ms s=26
INF http m=GET p=/w/@40O59AL8K000+workspace/@40O59C75G000+welcome s=200 d=39µs s=541
INF http m=GET p=/api/v1/workspaces/40O59AL8K000/events s=200 d=144ms s=228
INF http m=GET p=/api/v1/workspaces/40O596QOG000/nodes/40O59BSAE000 s=200 d=3.45ms s=156
INF http m=GET p=/api/v1/auth/me s=200 d=287µs s=353
INF http m=GET p=/api/v1/workspaces/40O59AL8K000/members s=200 d=295µs s=124
INF http m=GET p=/api/v1/workspaces/40O59AL8K000/nodes/0/children s=200 d=366µs s=262
INF http m=GET p=/api/v1/notifications/unread-count s=200 d=127µs s=25
INF http m=GET p=/api/v1/workspaces/40O59AL8K000/nodes/40O59C75G000 s=200 d=2.48ms s=245
INF http m=GET p=/api/v1/workspaces/40O59AL8K000/nodes/40O59CRJG000 s=200 d=360µs s=155
INF http m=GET p=/api/v1/workspaces/40O596QOG000/events s=200 d=285ms s=93
INF http m=POST p=/api/v1/auth/register s=200 d=108ms s=389
INF http m=GET p=/ s=200 d=57µs s=541
INF http m=GET p=/assets/index-Bi-AgGrc.css s=200 d=168µs s=11684
INF http m=GET p=/assets/index-Dlg_ygoF.js s=200 d=102µs s=45483
INF http m=GET p=/registerSW.js s=200 d=32µs s=87
INF http m=GET p=/assets/editor-vendor-VZT4IkOY.js s=200 d=103µs s=92428
INF http m=GET p=/assets/vendor-CnrH3R4r.js s=200 d=122µs s=28803
INF http m=GET p=/assets/en-BIK_e_4K.js s=200 d=94µs s=5251
INF http m=GET p=/api/v1/auth/me s=200 d=234µs s=167
INF http m=GET p=/sw.js s=200 d=96µs s=5593
INF http m=GET p=/assets/Onboarding-DQ2WAJCW.js s=200 d=28µs s=996
INF http m=GET p=/api/v1/notifications/unread-count s=200 d=213µs s=25
INF http m=GET p=/favicon.png s=200 d=43µs s=449
INF http m=GET p=/api/v1/workspaces/40O59AL8K000/events s=200 d=635ms s=93
INF http m=GET p=/registerSW.js s=200 d=31µs s=87
INF http m=GET p=/index.html s=200 d=37µs s=541
INF http m=GET p=/icon.svg s=200 d=31µs s=195
INF http m=GET p=/icon-512.png s=200 d=91µs s=6498
INF http m=GET p=/icon-192.png s=200 d=67µs s=2468
INF http m=POST p=/api/v1/organizations s=200 d=53.8ms s=350
INF http m=GET p=/favicon.png s=200 d=34µs s=449
INF http m=GET p=/api/v1/auth/me s=200 d=293µs s=251
INF http m=GET p=/apple-touch-icon.png s=200 d=63µs s=2298
INF http m=GET p=/assets/material-symbols-names-D7AiM4If.js s=200 d=563µs s=15478
INF http m=GET p=/assets/fr-B1PqNQ7U.js s=200 d=80µs s=6351
INF http m=GET p=/assets/es-OK4oleHZ.js s=200 d=89µs s=6048
INF http m=GET p=/assets/emoji-groups-El6awxEn.js s=200 d=109µs s=13851
INF http m=GET p=/assets/de-CSEWDUi3.js s=200 d=89µs s=6281
INF http m=GET p=/assets/WorkspaceSettingsPanel-BXpT4LCS.css s=200 d=45µs s=994
INF http m=GET p=/assets/WorkspaceSettingsPanel-BB4UnxOs.js s=200 d=103µs s=4465
INF http m=GET p=/assets/Terms-CDs9SgkA.js s=200 d=60µs s=1013
INF http m=GET p=/assets/ServerSettingsPanel-Co4AQ7oB.css s=200 d=39µs s=576
INF http m=GET p=/assets/ServerSettingsPanel-CUtQeHs8.js s=200 d=47µs s=2551
INF http m=GET p=/assets/ResourceQuotaForm-CBiYRbX4.js s=200 d=40µs s=832
INF http m=GET p=/assets/ResourceQuotaForm-BFoPj33M.css s=200 d=38µs s=297
INF http m=GET p=/assets/ProfileSettings-DF5AVI35.js s=200 d=78µs s=4393
INF http m=GET p=/assets/ProfileSettings-CX-HDEdu.css s=200 d=1.59ms s=1177
INF http m=GET p=/assets/Privacy-cCrfp6_1.css s=200 d=25µs s=314
INF http m=GET p=/assets/Privacy-CgsgvqEr.js s=200 d=32µs s=904
INF http m=GET p=/assets/OrgSettingsPanel-D9VVCokd.css s=200 d=30µs s=488
INF http m=GET p=/assets/OrgSettingsPanel-9P66Q2ps.js s=200 d=40µs s=2333
INF http m=GET p=/assets/OAuthIcons-csRRTXki.js s=200 d=41µs s=951
INF http m=GET p=/assets/InviteForm-DLxm8fu0.css s=200 d=29µs s=394
INF http m=GET p=/assets/InviteForm-CV0yK4I0.js s=200 d=27µs s=1291
INF http m=GET p=/assets/Editor-DfcJ-Jfc.css s=200 d=31µs s=2151
INF http m=GET p=/assets/Editor-BCbjs9IY.js s=200 d=78µs s=13602
INF http m=GET p=/assets/Auth-8NWYUGup.js s=200 d=35µs s=1677
INF http m=GET p=/assets/Auth-6SolzSg2.css s=200 d=27µs s=633
INF http m=GET p=/assets/AdminDashboard-DpHjrDyw.js s=200 d=35µs s=2142
INF http m=GET p=/assets/AdminDashboard-CjPbo26j.css s=200 d=28µs s=584
INF http m=GET p=/manifest.webmanifest s=200 d=29µs s=199
INF http m=POST p=/api/v1/organizations/40O59HD9U000/workspaces s=200 d=335ms s=295
INF http m=POST p=/api/v1/auth/register s=200 d=189ms s=387
INF http m=GET p=/ s=200 d=62µs s=541
INF http m=POST p=/api/v1/auth/switch-workspace s=200 d=34.5ms s=607
INF http m=GET p=/assets/index-Dlg_ygoF.js s=200 d=251µs s=45483
INF http m=GET p=/assets/index-Bi-AgGrc.css s=200 d=113µs s=11684
INF http m=GET p=/api/v1/notifications/unread-count s=200 d=467µs s=25
INF http m=GET p=/assets/vendor-CnrH3R4r.js s=200 d=172µs s=28803
INF http m=GET p=/registerSW.js s=200 d=36µs s=87
INF http m=GET p=/assets/editor-vendor-VZT4IkOY.js s=200 d=155µs s=92428
INF http m=GET p=/api/v1/workspaces/40O59HPQ8000/members s=200 d=182µs s=124
INF http m=GET p=/api/v1/workspaces/40O59HPQ8000/nodes/0/children s=200 d=291µs s=26
INF http m=POST p=/api/v1/workspaces/40O59HPQ8000/nodes/0/page/create s=200 d=51.4ms s=35
INF http m=GET p=/api/v1/workspaces/40O59HPQ8000/nodes/0/children s=200 d=321µs s=257
INF http m=GET p=/api/v1/workspaces/40O59HPQ8000/nodes/40O59K9FS000 s=200 d=313µs s=245
INF http m=GET p=/api/v1/auth/me s=200 d=256µs s=165
INF http m=GET p=/assets/en-BIK_e_4K.js s=200 d=114µs s=5251
INF http m=GET p=/assets/Onboarding-DQ2WAJCW.js s=200 d=47µs s=996
INF http m=GET p=/api/v1/notifications/unread-count s=200 d=192µs s=25
INF http m=GET p=/favicon.png s=200 d=36µs s=449
INF http m=GET p=/sw.js s=200 d=114µs s=5593
INF http m=POST p=/api/v1/organizations s=200 d=23.1ms s=350
INF http m=GET p=/api/v1/auth/me s=200 d=256µs s=252
INF http m=GET p=/registerSW.js s=200 d=36µs s=87
INF http m=GET p=/index.html s=200 d=170µs s=541
INF http m=GET p=/icon.svg s=200 d=38µs s=195
INF http m=GET p=/icon-512.png s=200 d=111µs s=6498
INF http m=GET p=/icon-192.png s=200 d=50µs s=2468
INF http m=GET p=/favicon.png s=200 d=26µs s=449
INF http m=GET p=/apple-touch-icon.png s=200 d=35µs s=2298
INF http m=GET p=/assets/material-symbols-names-D7AiM4If.js s=200 d=118µs s=15478
INF http m=GET p=/assets/fr-B1PqNQ7U.js s=200 d=98µs s=6351
INF http m=GET p=/assets/es-OK4oleHZ.js s=200 d=60µs s=6048
INF http m=GET p=/assets/emoji-groups-El6awxEn.js s=200 d=2.12ms s=13851
INF http m=GET p=/assets/de-CSEWDUi3.js s=200 d=88µs s=6281
INF http m=GET p=/assets/WorkspaceSettingsPanel-BXpT4LCS.css s=200 d=26µs s=994
INF http m=GET p=/assets/WorkspaceSettingsPanel-BB4UnxOs.js s=200 d=58µs s=4465
INF http m=GET p=/assets/Terms-CDs9SgkA.js s=200 d=32µs s=1013
INF http m=GET p=/assets/ServerSettingsPanel-Co4AQ7oB.css s=200 d=26µs s=576
INF http m=GET p=/assets/ServerSettingsPanel-CUtQeHs8.js s=200 d=45µs s=2551
INF http m=GET p=/assets/ResourceQuotaForm-CBiYRbX4.js s=200 d=29µs s=832
INF http m=GET p=/assets/ResourceQuotaForm-BFoPj33M.css s=200 d=26µs s=297
INF http m=GET p=/assets/ProfileSettings-DF5AVI35.js s=200 d=57µs s=4393
INF http m=GET p=/assets/ProfileSettings-CX-HDEdu.css s=200 d=25µs s=1177
INF http m=GET p=/assets/Privacy-cCrfp6_1.css s=200 d=28µs s=314
INF http m=GET p=/assets/Privacy-CgsgvqEr.js s=200 d=35µs s=904
INF http m=GET p=/assets/OrgSettingsPanel-D9VVCokd.css s=200 d=28µs s=488
INF http m=GET p=/assets/OrgSettingsPanel-9P66Q2ps.js s=200 d=39µs s=2333
INF http m=POST p=/api/v1/organizations/40O59L1HU000/workspaces s=200 d=220ms s=294
INF http m=GET p=/assets/OAuthIcons-csRRTXki.js s=200 d=27µs s=951
INF http m=GET p=/assets/InviteForm-DLxm8fu0.css s=200 d=31µs s=394
INF http m=GET p=/assets/InviteForm-CV0yK4I0.js s=200 d=32µs s=1291
INF http m=GET p=/assets/Editor-DfcJ-Jfc.css s=200 d=37µs s=2151
INF http m=GET p=/assets/Editor-BCbjs9IY.js s=200 d=76µs s=13602
INF http m=GET p=/assets/Auth-8NWYUGup.js s=200 d=41µs s=1677
INF http m=POST p=/api/v1/auth/switch-workspace s=200 d=23ms s=609
INF http m=GET p=/assets/Auth-6SolzSg2.css s=200 d=29µs s=633
INF http m=GET p=/assets/AdminDashboard-DpHjrDyw.js s=200 d=49µs s=2142
INF http m=GET p=/api/v1/workspaces/40O59LA8A000/nodes/0/children s=200 d=261µs s=26
INF http m=GET p=/api/v1/notifications/unread-count s=200 d=170µs s=25
INF http m=GET p=/assets/AdminDashboard-CjPbo26j.css s=200 d=47µs s=584
INF http m=GET p=/api/v1/workspaces/40O59LA8A000/members s=200 d=10ms s=124
INF http m=GET p=/manifest.webmanifest s=200 d=34µs s=199
INF http m=POST p=/api/v1/workspaces/40O59HPQ8000/nodes/0/page/create s=200 d=35ms s=26
INF http m=GET p=/w/@40O59HPQ8000+workspace/@40O59K9FS000+welcome s=200 d=47µs s=541
INF http m=GET p=/api/v1/workspaces/40O59HPQ8000/events s=200 d=478ms s=238
INF http m=POST p=/api/v1/workspaces/40O59LA8A000/nodes/0/page/create s=200 d=43.2ms s=35
INF http m=GET p=/api/v1/workspaces/40O59LA8A000/nodes/0/children s=200 d=603µs s=257
INF http m=GET p=/api/v1/workspaces/40O59LA8A000/nodes/40O59N0FG000 s=200 d=301µs s=245
INF http m=GET p=/api/v1/auth/me s=200 d=1.85ms s=352
INF http m=GET p=/api/v1/notifications/unread-count s=200 d=145µs s=25
INF http m=GET p=/api/v1/workspaces/40O59HPQ8000/nodes/0/children s=200 d=357µs s=261
INF http m=GET p=/api/v1/workspaces/40O59HPQ8000/members s=200 d=473µs s=124
INF http m=GET p=/api/v1/workspaces/40O59HPQ8000/nodes/40O59K9FS000 s=200 d=666µs s=245
INF http m=POST p=/api/v1/workspaces/40O59LA8A000/nodes/0/page/create s=200 d=33.7ms s=26
INF http m=GET p=/w/@40O59LA8A000+workspace/@40O59N0FG000+welcome s=200 d=76µs s=541
INF http m=GET p=/api/v1/workspaces/40O59LA8A000/events s=200 d=164ms s=233
INF http m=GET p=/api/v1/workspaces/40O59HPQ8000/nodes/40O59MSD0000 s=200 d=356µs s=145
INF http m=GET p=/api/v1/auth/me s=200 d=274µs s=354
INF http m=GET p=/api/v1/notifications/unread-count s=200 d=218µs s=25
INF http m=GET p=/api/v1/workspaces/40O59LA8A000/nodes/0/children s=200 d=346µs s=256
INF http m=GET p=/api/v1/workspaces/40O59LA8A000/members s=200 d=647µs s=124
INF http m=GET p=/api/v1/workspaces/40O59LA8A000/nodes/40O59N0FG000 s=200 d=616µs s=245
INF http m=GET p=/api/v1/workspaces/40O59LA8A000/nodes/40O59NMN2000 s=200 d=691µs s=146
INF http m=GET p=/api/v1/workspaces/40O59LA8A000/events s=200 d=271ms s=93
INF http m=GET p=/api/v1/workspaces/40O59HPQ8000/events s=200 d=511ms s=93
INF http m=POST p=/api/v1/auth/register s=200 d=148ms s=388
INF http m=GET p=/ s=200 d=61µs s=541
INF http m=GET p=/registerSW.js s=200 d=61µs s=87
INF http m=GET p=/assets/editor-vendor-VZT4IkOY.js s=200 d=228µs s=92428
INF http m=GET p=/assets/index-Dlg_ygoF.js s=200 d=145µs s=45483
INF http m=GET p=/assets/vendor-CnrH3R4r.js s=200 d=127µs s=28803
INF http m=GET p=/assets/index-Bi-AgGrc.css s=200 d=121µs s=11684
INF http m=POST p=/api/v1/auth/register s=200 d=138ms s=381
INF http m=GET p=/ s=200 d=56µs s=541
INF http m=GET p=/assets/en-BIK_e_4K.js s=200 d=153µs s=5251
INF http m=GET p=/api/v1/auth/me s=200 d=5.09ms s=168
INF http m=GET p=/assets/vendor-CnrH3R4r.js s=200 d=148µs s=28803
INF http m=GET p=/assets/index-Dlg_ygoF.js s=200 d=117µs s=45483
INF http m=GET p=/registerSW.js s=200 d=31µs s=87
INF http m=GET p=/assets/editor-vendor-VZT4IkOY.js s=200 d=164µs s=92428
INF http m=GET p=/assets/index-Bi-AgGrc.css s=200 d=96µs s=11684
INF http m=GET p=/assets/Onboarding-DQ2WAJCW.js s=200 d=62µs s=996
INF http m=GET p=/api/v1/notifications/unread-count s=200 d=193µs s=25
INF http m=GET p=/sw.js s=200 d=106µs s=5593
INF http m=GET p=/favicon.png s=200 d=55µs s=449
INF http m=GET p=/registerSW.js s=200 d=39µs s=87
INF http m=GET p=/assets/en-BIK_e_4K.js s=200 d=122µs s=5251
INF http m=GET p=/favicon.png s=200 d=34µs s=449
INF http m=POST p=/api/v1/organizations s=200 d=63.5ms s=350
INF http m=GET p=/api/v1/auth/me s=200 d=22.2ms s=165
INF http m=GET p=/index.html s=200 d=25µs s=541
INF http m=GET p=/sw.js s=200 d=258µs s=5593
INF http m=GET p=/assets/Onboarding-DQ2WAJCW.js s=200 d=44µs s=996
INF http m=GET p=/icon.svg s=200 d=21µs s=195
INF http m=GET p=/api/v1/auth/me s=200 d=12.2ms s=251
INF http m=GET p=/api/v1/notifications/unread-count s=200 d=170µs s=25
INF http m=GET p=/icon-512.png s=200 d=122µs s=6498
INF http m=GET p=/icon-192.png s=200 d=52µs s=2468
INF http m=GET p=/favicon.png s=200 d=40µs s=449
INF http m=GET p=/registerSW.js s=200 d=25µs s=87
INF http m=GET p=/apple-touch-icon.png s=200 d=45µs s=2298
INF http m=GET p=/index.html s=200 d=32µs s=541
INF http m=GET p=/icon.svg s=200 d=48µs s=195
INF http m=GET p=/assets/material-symbols-names-D7AiM4If.js s=200 d=103µs s=15478
INF http m=GET p=/icon-512.png s=200 d=94µs s=6498
INF http m=POST p=/api/v1/organizations s=200 d=52.7ms s=351
INF http m=GET p=/icon-192.png s=200 d=337µs s=2468
INF http m=GET p=/api/v1/auth/me s=200 d=339µs s=250
INF http m=GET p=/assets/fr-B1PqNQ7U.js s=200 d=99µs s=6351
INF http m=GET p=/favicon.png s=200 d=27µs s=449
INF http m=GET p=/assets/es-OK4oleHZ.js s=200 d=111µs s=6048
INF http m=GET p=/apple-touch-icon.png s=200 d=149µs s=2298
INF http m=GET p=/assets/emoji-groups-El6awxEn.js s=200 d=93µs s=13851
INF http m=GET p=/assets/material-symbols-names-D7AiM4If.js s=200 d=124µs s=15478
INF http m=GET p=/assets/de-CSEWDUi3.js s=200 d=104µs s=6281
INF http m=GET p=/assets/fr-B1PqNQ7U.js s=200 d=78µs s=6351
INF http m=GET p=/assets/WorkspaceSettingsPanel-BXpT4LCS.css s=200 d=37µs s=994
INF http m=GET p=/assets/WorkspaceSettingsPanel-BB4UnxOs.js s=200 d=74µs s=4465
INF http m=GET p=/assets/es-OK4oleHZ.js s=200 d=102µs s=6048
INF http m=GET p=/assets/Terms-CDs9SgkA.js s=200 d=28µs s=1013
INF http m=GET p=/assets/ServerSettingsPanel-Co4AQ7oB.css s=200 d=44µs s=576
INF http m=GET p=/assets/emoji-groups-El6awxEn.js s=200 d=92µs s=13851
INF http m=GET p=/assets/ServerSettingsPanel-CUtQeHs8.js s=200 d=34µs s=2551
INF http m=GET p=/assets/ResourceQuotaForm-CBiYRbX4.js s=200 d=29µs s=832
INF http m=GET p=/assets/ResourceQuotaForm-BFoPj33M.css s=200 d=40µs s=297
INF http m=GET p=/assets/ProfileSettings-DF5AVI35.js s=200 d=72µs s=4393
INF http m=GET p=/assets/de-CSEWDUi3.js s=200 d=100µs s=6281
INF http m=GET p=/assets/ProfileSettings-CX-HDEdu.css s=200 d=32µs s=1177
INF http m=GET p=/assets/WorkspaceSettingsPanel-BXpT4LCS.css s=200 d=26µs s=994
INF http m=GET p=/assets/Privacy-cCrfp6_1.css s=200 d=27µs s=314
INF http m=GET p=/assets/WorkspaceSettingsPanel-BB4UnxOs.js s=200 d=56µs s=4465
INF http m=GET p=/assets/Privacy-CgsgvqEr.js s=200 d=26µs s=904
INF http m=GET p=/assets/Terms-CDs9SgkA.js s=200 d=28µs s=1013
INF http m=GET p=/assets/OrgSettingsPanel-D9VVCokd.css s=200 d=24µs s=488
INF http m=GET p=/assets/ServerSettingsPanel-Co4AQ7oB.css s=200 d=20µs s=576
INF http m=GET p=/assets/OrgSettingsPanel-9P66Q2ps.js s=200 d=31µs s=2333
INF http m=GET p=/assets/ServerSettingsPanel-CUtQeHs8.js s=200 d=37µs s=2551
INF http m=GET p=/assets/OAuthIcons-csRRTXki.js s=200 d=24µs s=951
INF http m=GET p=/assets/ResourceQuotaForm-CBiYRbX4.js s=200 d=27µs s=832
INF http m=GET p=/assets/InviteForm-DLxm8fu0.css s=200 d=27µs s=394
INF http m=GET p=/assets/ResourceQuotaForm-BFoPj33M.css s=200 d=26µs s=297
INF http m=GET p=/assets/ProfileSettings-DF5AVI35.js s=200 d=87µs s=4393
INF http m=GET p=/assets/InviteForm-CV0yK4I0.js s=200 d=26µs s=1291
INF http m=GET p=/assets/ProfileSettings-CX-HDEdu.css s=200 d=25µs s=1177
INF http m=GET p=/assets/Editor-DfcJ-Jfc.css s=200 d=32µs s=2151
INF http m=GET p=/assets/Privacy-cCrfp6_1.css s=200 d=24µs s=314
INF http m=GET p=/assets/Editor-BCbjs9IY.js s=200 d=74µs s=13602
INF http m=GET p=/assets/Privacy-CgsgvqEr.js s=200 d=22µs s=904
INF http m=GET p=/assets/OrgSettingsPanel-D9VVCokd.css s=200 d=31µs s=488
INF http m=GET p=/assets/Auth-8NWYUGup.js s=200 d=77µs s=1677
INF http m=POST p=/api/v1/organizations/40O59UC24000/workspaces s=200 d=327ms s=296
INF http m=GET p=/assets/OrgSettingsPanel-9P66Q2ps.js s=200 d=66µs s=2333
INF http m=GET p=/assets/Auth-6SolzSg2.css s=200 d=35µs s=633
INF http m=GET p=/assets/AdminDashboard-DpHjrDyw.js s=200 d=64µs s=2142
INF http m=GET p=/assets/OAuthIcons-csRRTXki.js s=200 d=25µs s=951
INF http m=GET p=/assets/AdminDashboard-CjPbo26j.css s=200 d=32µs s=584
INF http m=GET p=/assets/InviteForm-DLxm8fu0.css s=200 d=31µs s=394
INF http m=GET p=/manifest.webmanifest s=200 d=23µs s=199
INF http m=GET p=/assets/InviteForm-CV0yK4I0.js s=200 d=31µs s=1291
INF http m=GET p=/assets/Editor-DfcJ-Jfc.css s=200 d=33µs s=2151
INF http m=GET p=/assets/Editor-BCbjs9IY.js s=200 d=74µs s=13602
INF http m=GET p=/assets/Auth-8NWYUGup.js s=200 d=47µs s=1677
INF http m=GET p=/assets/Auth-6SolzSg2.css s=200 d=29µs s=633
INF http m=GET p=/assets/AdminDashboard-DpHjrDyw.js s=200 d=34µs s=2142
INF http m=GET p=/assets/AdminDashboard-CjPbo26j.css s=200 d=41µs s=584
INF http m=GET p=/manifest.webmanifest s=200 d=49µs s=199
INF http m=POST p=/api/v1/organizations/40O59V6EU000/workspaces s=200 d=360ms s=295
INF http m=POST p=/api/v1/auth/switch-workspace s=200 d=143ms s=605
INF http m=GET p=/api/v1/notifications/unread-count s=200 d=207µs s=25
INF http m=GET p=/api/v1/workspaces/40O59UUJA000/members s=200 d=338µs s=124
INF http m=GET p=/api/v1/workspaces/40O59UUJA000/nodes/0/children s=200 d=9.18ms s=26
INF http m=POST p=/api/v1/auth/switch-workspace s=200 d=33.1ms s=582
INF http m=GET p=/api/v1/workspaces/40O59VK0C000/members s=200 d=306µs s=124
INF http m=GET p=/api/v1/notifications/unread-count s=200 d=304µs s=25
INF http m=GET p=/api/v1/workspaces/40O59VK0C000/nodes/0/children s=200 d=219µs s=26
INF http m=POST p=/api/v1/workspaces/40O59UUJA000/nodes/0/page/create s=200 d=33.3ms s=35
INF http m=GET p=/api/v1/workspaces/40O59UUJA000/nodes/0/children s=200 d=376µs s=257
INF http m=POST p=/api/v1/workspaces/40O59VK0C000/nodes/0/page/create s=200 d=30.2ms s=35
INF http m=GET p=/api/v1/workspaces/40O59VK0C000/nodes/0/children s=200 d=273µs s=257
INF http m=GET p=/api/v1/workspaces/40O59UUJA000/nodes/40O5A23N2000 s=200 d=484µs s=245
INF http m=GET p=/api/v1/workspaces/40O59VK0C000/nodes/40O5A25PO000 s=200 d=493µs s=245
INF http m=POST p=/api/v1/workspaces/40O59UUJA000/nodes/0/page/create s=200 d=14.7ms s=26
INF http m=GET p=/w/@40O59UUJA000+workspace/@40O5A23N2000+welcome s=200 d=35µs s=541
INF http m=GET p=/api/v1/workspaces/40O59UUJA000/events s=200 d=339ms s=234
INF http m=GET p=/api/v1/auth/me s=200 d=723µs s=353
INF http m=GET p=/api/v1/notifications/unread-count s=200 d=208µs s=25
INF http m=GET p=/api/v1/workspaces/40O59UUJA000/nodes/0/children s=200 d=809µs s=258
INF http m=GET p=/api/v1/workspaces/40O59UUJA000/nodes/40O5A23N2000 s=200 d=574µs s=245
INF http m=GET p=/api/v1/workspaces/40O59UUJA000/members s=200 d=470µs s=124
INF http m=GET p=/api/v1/workspaces/40O59UUJA000/nodes/40O5A3SGE000 s=200 d=369µs s=148
INF http m=POST p=/api/v1/workspaces/40O59VK0C000/nodes/0/page/create s=200 d=21.4ms s=26
INF http m=GET p=/w/@40O59VK0C000+workspace/@40O5A25PO000+welcome s=200 d=46µs s=541
INF http m=GET p=/api/v1/workspaces/40O59VK0C000/events s=200 d=447ms s=234
INF http m=GET p=/api/v1/auth/me s=200 d=269µs s=349
INF http m=GET p=/api/v1/notifications/unread-count s=200 d=200µs s=25
INF http m=GET p=/api/v1/workspaces/40O59VK0C000/nodes/0/children s=200 d=356µs s=258
INF http m=GET p=/api/v1/workspaces/40O59VK0C000/members s=200 d=141µs s=124
INF http m=GET p=/api/v1/workspaces/40O59VK0C000/nodes/40O5A25PO000 s=200 d=341µs s=245
INF http m=GET p=/api/v1/workspaces/40O59VK0C000/nodes/40O5A4K4U000 s=200 d=741µs s=146
INF http m=GET p=/api/v1/workspaces/40O59UUJA000/events s=200 d=249ms s=93
INF http m=GET p=/api/v1/workspaces/40O59VK0C000/events s=200 d=278ms s=93
INF http m=POST p=/api/v1/auth/register s=200 d=202ms s=386
INF http m=GET p=/ s=200 d=82µs s=541
INF http m=GET p=/assets/index-Bi-AgGrc.css s=200 d=154µs s=11684
INF http m=GET p=/assets/index-Dlg_ygoF.js s=200 d=145µs s=45483
INF http m=GET p=/assets/vendor-CnrH3R4r.js s=200 d=168µs s=28803
INF http m=GET p=/registerSW.js s=200 d=43µs s=87
INF http m=GET p=/assets/editor-vendor-VZT4IkOY.js s=200 d=190µs s=92428
INF http m=GET p=/api/v1/auth/me s=200 d=1.34ms s=167
INF http m=GET p=/assets/en-BIK_e_4K.js s=200 d=83µs s=5251
INF http m=GET p=/assets/Onboarding-DQ2WAJCW.js s=200 d=45µs s=996
INF http m=GET p=/api/v1/notifications/unread-count s=200 d=210µs s=25
INF http m=GET p=/favicon.png s=200 d=47µs s=449
INF http m=GET p=/sw.js s=200 d=76µs s=5593
INF http m=POST p=/api/v1/auth/register s=200 d=178ms s=397
INF http m=GET p=/ s=200 d=58µs s=541
INF http m=GET p=/registerSW.js s=200 d=47µs s=87
INF http m=GET p=/assets/index-Dlg_ygoF.js s=200 d=202µs s=45483
INF http m=GET p=/index.html s=200 d=33µs s=541
INF http m=GET p=/assets/vendor-CnrH3R4r.js s=200 d=127µs s=28803
INF http m=GET p=/assets/index-Bi-AgGrc.css s=200 d=4.84ms s=11684
INF http m=GET p=/assets/editor-vendor-VZT4IkOY.js s=200 d=168µs s=92428
INF http m=GET p=/registerSW.js s=200 d=31µs s=87
INF http m=GET p=/icon.svg s=200 d=24µs s=195
INF http m=GET p=/icon-512.png s=200 d=102µs s=6498
INF http m=GET p=/icon-192.png s=200 d=77µs s=2468
INF http m=GET p=/favicon.png s=200 d=33µs s=449
INF http m=GET p=/apple-touch-icon.png s=200 d=61µs s=2298
INF http m=POST p=/api/v1/organizations s=200 d=67.6ms s=351
INF http m=GET p=/api/v1/auth/me s=200 d=12.8ms s=252
INF http m=GET p=/assets/material-symbols-names-D7AiM4If.js s=200 d=122µs s=15478
INF http m=GET p=/assets/fr-B1PqNQ7U.js s=200 d=162µs s=6351
INF http m=GET p=/assets/en-BIK_e_4K.js s=200 d=89µs s=5251
INF http m=GET p=/api/v1/auth/me s=200 d=7.84ms s=165
INF http m=GET p=/assets/Onboarding-DQ2WAJCW.js s=200 d=45µs s=996
INF http m=GET p=/assets/es-OK4oleHZ.js s=200 d=75µs s=6048
INF http m=GET p=/api/v1/notifications/unread-count s=200 d=322µs s=25
INF http m=GET p=/favicon.png s=200 d=42µs s=449
INF http m=GET p=/sw.js s=200 d=1.56ms s=5593
INF http m=GET p=/assets/emoji-groups-El6awxEn.js s=200 d=141µs s=13851
INF http m=GET p=/registerSW.js s=200 d=42µs s=87
INF http m=GET p=/assets/de-CSEWDUi3.js s=200 d=73µs s=6281
INF http m=GET p=/index.html s=200 d=33µs s=541
INF http m=GET p=/assets/WorkspaceSettingsPanel-BXpT4LCS.css s=200 d=29µs s=994
INF http m=GET p=/icon.svg s=200 d=26µs s=195
INF http m=GET p=/assets/WorkspaceSettingsPanel-BB4UnxOs.js s=200 d=72µs s=4465
INF http m=GET p=/assets/Terms-CDs9SgkA.js s=200 d=31µs s=1013
INF http m=GET p=/icon-512.png s=200 d=60µs s=6498
INF http m=GET p=/assets/ServerSettingsPanel-Co4AQ7oB.css s=200 d=25µs s=576
INF http m=GET p=/assets/ServerSettingsPanel-CUtQeHs8.js s=200 d=40µs s=2551
INF http m=GET p=/icon-192.png s=200 d=37µs s=2468
INF http m=GET p=/assets/ResourceQuotaForm-CBiYRbX4.js s=200 d=29µs s=832
INF http m=GET p=/favicon.png s=200 d=28µs s=449
INF http m=GET p=/assets/ResourceQuotaForm-BFoPj33M.css s=200 d=27µs s=297
INF http m=GET p=/assets/ProfileSettings-DF5AVI35.js s=200 d=75µs s=4393
INF http m=GET p=/apple-touch-icon.png s=200 d=38µs s=2298
INF http m=GET p=/assets/ProfileSettings-CX-HDEdu.css s=200 d=47µs s=1177
INF http m=GET p=/assets/Privacy-cCrfp6_1.css s=200 d=43µs s=314
INF http m=GET p=/assets/Privacy-CgsgvqEr.js s=200 d=31µs s=904
INF http m=GET p=/assets/material-symbols-names-D7AiM4If.js s=200 d=75µs s=15478
INF http m=GET p=/assets/OrgSettingsPanel-D9VVCokd.css s=200 d=49µs s=488
INF http m=GET p=/assets/OrgSettingsPanel-9P66Q2ps.js s=200 d=66µs s=2333
INF http m=GET p=/assets/OAuthIcons-csRRTXki.js s=200 d=43µs s=951
INF http m=GET p=/assets/fr-B1PqNQ7U.js s=200 d=63µs s=6351
INF http m=GET p=/assets/InviteForm-DLxm8fu0.css s=200 d=28µs s=394
INF http m=GET p=/assets/es-OK4oleHZ.js s=200 d=92µs s=6048
INF http m=GET p=/assets/InviteForm-CV0yK4I0.js s=200 d=27µs s=1291
INF http m=GET p=/assets/Editor-DfcJ-Jfc.css s=200 d=49µs s=2151
INF http m=GET p=/assets/Editor-BCbjs9IY.js s=200 d=98µs s=13602
INF http m=GET p=/assets/emoji-groups-El6awxEn.js s=200 d=60µs s=13851
INF http m=GET p=/assets/Auth-8NWYUGup.js s=200 d=32µs s=1677
INF http m=GET p=/assets/Auth-6SolzSg2.css s=200 d=36µs s=633
INF http m=GET p=/assets/AdminDashboard-DpHjrDyw.js s=200 d=60µs s=2142
INF http m=GET p=/assets/AdminDashboard-CjPbo26j.css s=200 d=30µs s=584
INF http m=GET p=/assets/de-CSEWDUi3.js s=200 d=72µs s=6281
INF http m=GET p=/manifest.webmanifest s=200 d=27µs s=199
INF http m=GET p=/assets/WorkspaceSettingsPanel-BXpT4LCS.css s=200 d=25µs s=994
INF http m=GET p=/assets/WorkspaceSettingsPanel-BB4UnxOs.js s=200 d=636µs s=4465
INF http m=GET p=/assets/Terms-CDs9SgkA.js s=200 d=44µs s=1013
INF http m=GET p=/assets/ServerSettingsPanel-Co4AQ7oB.css s=200 d=31µs s=576
INF http m=GET p=/assets/ServerSettingsPanel-CUtQeHs8.js s=200 d=66µs s=2551
INF http m=GET p=/assets/ResourceQuotaForm-CBiYRbX4.js s=200 d=28µs s=832
INF http m=GET p=/assets/ResourceQuotaForm-BFoPj33M.css s=200 d=23µs s=297
INF http m=GET p=/assets/ProfileSettings-DF5AVI35.js s=200 d=100µs s=4393
INF http m=POST p=/api/v1/organizations/40O5A9VFA000/workspaces s=200 d=367ms s=296
INF http m=POST p=/api/v1/organizations s=200 d=277ms s=352
INF http m=GET p=/assets/ProfileSettings-CX-HDEdu.css s=200 d=26µs s=1177
INF http m=GET p=/api/v1/auth/me s=200 d=2.33ms s=252
INF http m=GET p=/assets/Privacy-cCrfp6_1.css s=200 d=32µs s=314
INF http m=GET p=/assets/Privacy-CgsgvqEr.js s=200 d=27µs s=904
INF http m=GET p=/assets/OrgSettingsPanel-D9VVCokd.css s=200 d=31µs s=488
INF http m=GET p=/assets/OrgSettingsPanel-9P66Q2ps.js s=200 d=40µs s=2333
INF http m=POST p=/api/v1/auth/switch-workspace s=200 d=26.2ms s=606
INF http m=GET p=/assets/OAuthIcons-csRRTXki.js s=200 d=2.77ms s=951
INF http m=GET p=/assets/InviteForm-DLxm8fu0.css s=200 d=37µs s=394
INF http m=GET p=/assets/InviteForm-CV0yK4I0.js s=200 d=31µs s=1291
INF http m=GET p=/assets/Editor-DfcJ-Jfc.css s=200 d=92µs s=2151
INF http m=GET p=/api/v1/workspaces/40O5AAGJO000/nodes/0/children s=200 d=369µs s=26
INF http m=GET p=/assets/Editor-BCbjs9IY.js s=200 d=119µs s=13602
INF http m=GET p=/api/v1/workspaces/40O5AAGJO000/members s=200 d=2.39ms s=124
INF http m=GET p=/api/v1/notifications/unread-count s=200 d=11ms s=25
INF http m=GET p=/assets/Auth-8NWYUGup.js s=200 d=38µs s=1677
INF http m=GET p=/assets/Auth-6SolzSg2.css s=200 d=50µs s=633
INF http m=GET p=/assets/AdminDashboard-DpHjrDyw.js s=200 d=75µs s=2142
INF http m=GET p=/assets/AdminDashboard-CjPbo26j.css s=200 d=37µs s=584
INF http m=GET p=/manifest.webmanifest s=200 d=77µs s=199
INF http m=POST p=/api/v1/organizations/40O5AB2LE000/workspaces s=200 d=188ms s=303
INF http m=POST p=/api/v1/workspaces/40O5AAGJO000/nodes/0/page/create s=200 d=137ms s=35
INF http m=GET p=/api/v1/workspaces/40O5AAGJO000/nodes/0/children s=200 d=526µs s=257
INF http m=GET p=/api/v1/workspaces/40O5AAGJO000/nodes/40O5AD5EC000 s=200 d=259µs s=245
INF http m=POST p=/api/v1/auth/switch-workspace s=200 d=25.4ms s=571
INF http m=GET p=/api/v1/notifications/unread-count s=200 d=202µs s=25
INF http m=GET p=/api/v1/workspaces/40O5ACQJ8000/members s=200 d=484µs s=130
INF http m=GET p=/api/v1/workspaces/40O5ACQJ8000/nodes/0/children s=200 d=2.2ms s=26
INF http m=POST p=/api/v1/workspaces/40O5ACQJ8000/nodes/0/page/create s=200 d=22.6ms s=35
INF http m=GET p=/api/v1/workspaces/40O5ACQJ8000/nodes/0/children s=200 d=373µs s=257
INF http m=GET p=/api/v1/workspaces/40O5ACQJ8000/nodes/40O5AEAMM000 s=200 d=293µs s=245
INF http m=POST p=/api/v1/workspaces/40O5AAGJO000/nodes/0/page/create s=200 d=14.6ms s=26
INF http m=GET p=/w/@40O5AAGJO000+workspace/@40O5AD5EC000+welcome s=200 d=36µs s=541
INF http m=GET p=/api/v1/workspaces/40O5AAGJO000/events s=200 d=392ms s=231
INF http m=GET p=/api/v1/auth/me s=200 d=774µs s=354
INF http m=GET p=/api/v1/notifications/unread-count s=200 d=779µs s=25
INF http m=GET p=/api/v1/workspaces/40O5AAGJO000/members s=200 d=853µs s=124
INF http m=GET p=/api/v1/workspaces/40O5AAGJO000/nodes/0/children s=200 d=3.29ms s=257
INF http m=GET p=/api/v1/workspaces/40O5AAGJO000/nodes/40O5AD5EC000 s=200 d=896µs s=245
INF http m=GET p=/api/v1/workspaces/40O5AAGJO000/nodes/40O5AFCCS000 s=200 d=400µs s=148
INF http m=POST p=/api/v1/workspaces/40O5ACQJ8000/nodes/0/page/create s=200 d=14.9ms s=26
INF http m=GET p=/w/@40O5ACQJ8000+workspace/@40O5AEAMM000+welcome s=200 d=35µs s=541
INF http m=GET p=/api/v1/workspaces/40O5ACQJ8000/events s=200 d=425ms s=235
INF http m=GET p=/api/v1/auth/me s=200 d=1.79ms s=354
INF http m=GET p=/api/v1/notifications/unread-count s=200 d=220µs s=25
INF http m=GET p=/api/v1/workspaces/40O5ACQJ8000/members s=200 d=195µs s=130
INF http m=GET p=/api/v1/workspaces/40O5ACQJ8000/nodes/40O5AEAMM000 s=200 d=256µs s=245
INF http m=GET p=/api/v1/workspaces/40O5ACQJ8000/nodes/0/children s=200 d=481µs s=375
INF http m=GET p=/api/v1/workspaces/40O5ACQJ8000/nodes/40O5AGNLK000 s=200 d=432µs s=266
INF http m=GET p=/api/v1/workspaces/40O5ACQJ8000/events s=200 d=106ms s=93
INF http m=GET p=/api/v1/workspaces/40O5AAGJO000/events s=200 d=363ms s=93
INF http m=POST p=/api/v1/auth/register s=200 d=174ms s=393
INF http m=GET p=/ s=200 d=56µs s=541
INF http m=GET p=/registerSW.js s=200 d=57µs s=87
INF http m=GET p=/assets/index-Bi-AgGrc.css s=200 d=101µs s=11684
INF http m=GET p=/assets/index-Dlg_ygoF.js s=200 d=116µs s=45483
INF http m=GET p=/assets/editor-vendor-VZT4IkOY.js s=200 d=151µs s=92428
INF http m=GET p=/assets/vendor-CnrH3R4r.js s=200 d=89µs s=28803
INF http m=POST p=/api/v1/auth/register s=200 d=167ms s=410
INF http m=GET p=/ s=200 d=62µs s=541
INF http m=GET p=/assets/index-Dlg_ygoF.js s=200 d=254µs s=45483
INF http m=GET p=/assets/index-Bi-AgGrc.css s=200 d=137µs s=11684
INF http m=GET p=/assets/vendor-CnrH3R4r.js s=200 d=128µs s=28803
INF http m=GET p=/assets/editor-vendor-VZT4IkOY.js s=200 d=187µs s=92428
INF http m=GET p=/registerSW.js s=200 d=34µs s=87
INF http m=GET p=/api/v1/auth/me s=200 d=322µs s=169
INF http m=GET p=/assets/en-BIK_e_4K.js s=200 d=152µs s=5251
INF http m=GET p=/assets/Onboarding-DQ2WAJCW.js s=200 d=45µs s=996
INF http m=GET p=/api/v1/notifications/unread-count s=200 d=202µs s=25
INF http m=GET p=/favicon.png s=200 d=49µs s=449
INF http m=GET p=/sw.js s=200 d=82µs s=5593
INF http m=POST p=/api/v1/organizations s=200 d=59ms s=351
INF http m=GET p=/api/v1/auth/me s=200 d=248µs s=252
INF http m=GET p=/registerSW.js s=200 d=41µs s=87
INF http m=GET p=/api/v1/auth/me s=200 d=264µs s=172
INF http m=GET p=/index.html s=200 d=30µs s=541
INF http m=GET p=/assets/en-BIK_e_4K.js s=200 d=58µs s=5251
INF http m=GET p=/icon.svg s=200 d=43µs s=195
INF http m=GET p=/icon-512.png s=200 d=77µs s=6498
INF http m=GET p=/assets/Onboarding-DQ2WAJCW.js s=200 d=41µs s=996
INF http m=GET p=/favicon.png s=200 d=55µs s=449
INF http m=GET p=/icon-192.png s=200 d=29µs s=2468
INF http m=GET p=/api/v1/notifications/unread-count s=200 d=164µs s=25
INF http m=GET p=/favicon.png s=200 d=32µs s=449
INF http m=GET p=/apple-touch-icon.png s=200 d=62µs s=2298
INF http m=GET p=/sw.js s=200 d=81µs s=5593
INF http m=GET p=/assets/material-symbols-names-D7AiM4If.js s=200 d=117µs s=15478
INF http m=POST p=/api/v1/organizations s=200 d=61.7ms s=358
INF http m=GET p=/assets/fr-B1PqNQ7U.js s=200 d=101µs s=6351
INF http m=GET p=/registerSW.js s=200 d=45µs s=87
INF http m=GET p=/api/v1/auth/me s=200 d=297µs s=257
INF http m=GET p=/assets/es-OK4oleHZ.js s=200 d=72µs s=6048
INF http m=GET p=/index.html s=200 d=28µs s=541
INF http m=GET p=/icon.svg s=200 d=37µs s=195
INF http m=GET p=/assets/emoji-groups-El6awxEn.js s=200 d=81µs s=13851
INF http m=GET p=/icon-512.png s=200 d=124µs s=6498
INF http m=GET p=/icon-192.png s=200 d=72µs s=2468
INF http m=GET p=/favicon.png s=200 d=36µs s=449
INF http m=GET p=/apple-touch-icon.png s=200 d=56µs s=2298
INF http m=GET p=/assets/de-CSEWDUi3.js s=200 d=76µs s=6281
INF http m=GET p=/assets/WorkspaceSettingsPanel-BXpT4LCS.css s=200 d=38µs s=994
INF http m=GET p=/assets/WorkspaceSettingsPanel-BB4UnxOs.js s=200 d=68µs s=4465
INF http m=GET p=/assets/material-symbols-names-D7AiM4If.js s=200 d=84µs s=15478
INF http m=GET p=/assets/Terms-CDs9SgkA.js s=200 d=56µs s=1013
INF http m=GET p=/assets/ServerSettingsPanel-Co4AQ7oB.css s=200 d=45µs s=576
INF http m=GET p=/assets/ServerSettingsPanel-CUtQeHs8.js s=200 d=60µs s=2551
INF http m=GET p=/assets/ResourceQuotaForm-CBiYRbX4.js s=200 d=40µs s=832
INF http m=GET p=/assets/ResourceQuotaForm-BFoPj33M.css s=200 d=33µs s=297
INF http m=GET p=/assets/fr-B1PqNQ7U.js s=200 d=59µs s=6351
INF http m=GET p=/assets/ProfileSettings-DF5AVI35.js s=200 d=58µs s=4393
INF http m=GET p=/assets/es-OK4oleHZ.js s=200 d=77µs s=6048
INF http m=GET p=/assets/ProfileSettings-CX-HDEdu.css s=200 d=27µs s=1177
INF http m=GET p=/assets/Privacy-cCrfp6_1.css s=200 d=50µs s=314
INF http m=GET p=/assets/emoji-groups-El6awxEn.js s=200 d=67µs s=13851
INF http m=GET p=/assets/Privacy-CgsgvqEr.js s=200 d=18µs s=904
INF http m=GET p=/assets/OrgSettingsPanel-D9VVCokd.css s=200 d=36µs s=488
INF http m=GET p=/assets/OrgSettingsPanel-9P66Q2ps.js s=200 d=43µs s=2333
INF http m=POST p=/api/v1/organizations/40O5ALR80000/workspaces s=200 d=391ms s=299
INF http m=GET p=/assets/OAuthIcons-csRRTXki.js s=200 d=75µs s=951
INF http m=GET p=/assets/de-CSEWDUi3.js s=200 d=82µs s=6281
INF http m=GET p=/assets/InviteForm-DLxm8fu0.css s=200 d=42µs s=394
INF http m=GET p=/assets/WorkspaceSettingsPanel-BXpT4LCS.css s=200 d=40µs s=994
INF http m=GET p=/assets/InviteForm-CV0yK4I0.js s=200 d=38µs s=1291
INF http m=GET p=/assets/WorkspaceSettingsPanel-BB4UnxOs.js s=200 d=70µs s=4465
INF http m=GET p=/assets/Terms-CDs9SgkA.js s=200 d=36µs s=1013
INF http m=GET p=/assets/Editor-DfcJ-Jfc.css s=200 d=53µs s=2151
INF http m=GET p=/assets/ServerSettingsPanel-Co4AQ7oB.css s=200 d=24µs s=576
INF http m=GET p=/assets/Editor-BCbjs9IY.js s=200 d=74µs s=13602
INF http m=GET p=/assets/ServerSettingsPanel-CUtQeHs8.js s=200 d=40µs s=2551
INF http m=GET p=/assets/ResourceQuotaForm-CBiYRbX4.js s=200 d=26µs s=832
INF http m=GET p=/assets/Auth-8NWYUGup.js s=200 d=48µs s=1677
INF http m=GET p=/assets/ResourceQuotaForm-BFoPj33M.css s=200 d=37µs s=297
INF http m=GET p=/assets/Auth-6SolzSg2.css s=200 d=34µs s=633
INF http m=GET p=/assets/ProfileSettings-DF5AVI35.js s=200 d=211µs s=4393
INF http m=GET p=/assets/ProfileSettings-CX-HDEdu.css s=200 d=31µs s=1177
INF http m=GET p=/assets/AdminDashboard-DpHjrDyw.js s=200 d=31µs s=2142
INF http m=GET p=/assets/Privacy-cCrfp6_1.css s=200 d=25µs s=314
INF http m=GET p=/assets/AdminDashboard-CjPbo26j.css s=200 d=27µs s=584
INF http m=GET p=/assets/Privacy-CgsgvqEr.js s=200 d=24µs s=904
INF http m=GET p=/manifest.webmanifest s=200 d=26µs s=199
INF http m=GET p=/assets/OrgSettingsPanel-D9VVCokd.css s=200 d=36µs s=488
INF http m=GET p=/assets/OrgSettingsPanel-9P66Q2ps.js s=200 d=31µs s=2333
INF http m=GET p=/assets/OAuthIcons-csRRTXki.js s=200 d=29µs s=951
INF http m=GET p=/assets/InviteForm-DLxm8fu0.css s=200 d=26µs s=394
INF http m=GET p=/assets/InviteForm-CV0yK4I0.js s=200 d=41µs s=1291
INF http m=GET p=/assets/Editor-DfcJ-Jfc.css s=200 d=34µs s=2151
INF http m=GET p=/assets/Editor-BCbjs9IY.js s=200 d=166µs s=13602
INF http m=GET p=/assets/Auth-8NWYUGup.js s=200 d=21µs s=1677
INF http m=GET p=/assets/Auth-6SolzSg2.css s=200 d=29µs s=633
INF http m=GET p=/assets/AdminDashboard-DpHjrDyw.js s=200 d=45µs s=2142
INF http m=GET p=/assets/AdminDashboard-CjPbo26j.css s=200 d=22µs s=584
INF http m=GET p=/manifest.webmanifest s=200 d=33µs s=199
INF http m=POST p=/api/v1/organizations/40O5AMP2M000/workspaces s=200 d=367ms s=307
INF http m=POST p=/api/v1/auth/switch-workspace s=200 d=178ms s=608
INF http m=GET p=/api/v1/notifications/unread-count s=200 d=179µs s=25
INF http m=GET p=/api/v1/workspaces/40O5AM9S0000/nodes/0/children s=200 d=1.53ms s=26
INF http m=GET p=/api/v1/workspaces/40O5AM9S0000/members s=200 d=173µs s=126
INF http m=POST p=/api/v1/auth/switch-workspace s=200 d=28.8ms s=577
INF http m=GET p=/api/v1/workspaces/40O5ANGUM000/nodes/0/children s=200 d=349µs s=26
INF http m=GET p=/api/v1/notifications/unread-count s=200 d=2.54ms s=25
INF http m=GET p=/api/v1/workspaces/40O5ANGUM000/members s=200 d=2.8ms s=124
INF http m=POST p=/api/v1/workspaces/40O5AM9S0000/nodes/0/page/create s=200 d=33.8ms s=35
INF http m=GET p=/api/v1/workspaces/40O5AM9S0000/nodes/0/children s=200 d=261µs s=257
INF http m=GET p=/api/v1/workspaces/40O5AM9S0000/nodes/40O5AQ12I000 s=200 d=263µs s=245
INF http m=POST p=/api/v1/workspaces/40O5ANGUM000/nodes/0/page/create s=200 d=31.1ms s=35
INF http m=GET p=/api/v1/workspaces/40O5ANGUM000/nodes/0/children s=200 d=375µs s=257
INF http m=GET p=/api/v1/workspaces/40O5ANGUM000/nodes/40O5AQ4M6000 s=200 d=667µs s=245
INF http m=POST p=/api/v1/workspaces/40O5AM9S0000/nodes/0/page/create s=200 d=15ms s=26
INF http m=GET p=/w/@40O5AM9S0000+workspace/@40O5AQ12I000+welcome s=200 d=37µs s=541
INF http m=GET p=/api/v1/workspaces/40O5AM9S0000/events s=200 d=330ms s=235
INF http m=GET p=/api/v1/auth/me s=200 d=776µs s=353
INF http m=GET p=/api/v1/notifications/unread-count s=200 d=218µs s=25
INF http m=GET p=/api/v1/workspaces/40O5AM9S0000/nodes/0/children s=200 d=909µs s=331
INF http m=GET p=/api/v1/workspaces/40O5AM9S0000/nodes/40O5AQ12I000 s=200 d=653µs s=245
INF http m=GET p=/api/v1/workspaces/40O5AM9S0000/members s=200 d=698µs s=126
INF http m=GET p=/api/v1/workspaces/40O5AM9S0000/nodes/40O5ARRGG000 s=200 d=358µs s=296
INF http m=POST p=/api/v1/workspaces/40O5ANGUM000/nodes/0/page/create s=200 d=19.6ms s=26
INF http m=GET p=/w/@40O5ANGUM000+workspace/@40O5AQ4M6000+welcome s=200 d=44µs s=541
INF http m=GET p=/api/v1/workspaces/40O5ANGUM000/events s=200 d=501ms s=234
INF http m=GET p=/api/v1/auth/me s=200 d=292µs s=358
INF http m=GET p=/api/v1/notifications/unread-count s=200 d=195µs s=25
INF http m=GET p=/api/v1/workspaces/40O5ANGUM000/nodes/40O5AQ4M6000 s=200 d=304µs s=245
INF http m=GET p=/api/v1/workspaces/40O5ANGUM000/members s=200 d=171µs s=124
INF http m=GET p=/api/v1/workspaces/40O5ANGUM000/nodes/0/children s=200 d=303µs s=335
INF http m=GET p=/api/v1/workspaces/40O5AM9S0000/events s=200 d=239ms s=93
INF http m=GET p=/api/v1/workspaces/40O5ANGUM000/nodes/40O5ASVEQ000 s=200 d=1.97ms s=239
INF http m=POST p=/api/v1/auth/register s=200 d=124ms s=445
INF http m=GET p=/ s=200 d=54µs s=541
INF http m=GET p=/registerSW.js s=200 d=66µs s=87
INF http m=GET p=/assets/editor-vendor-VZT4IkOY.js s=200 d=182µs s=92428
INF http m=GET p=/assets/index-Bi-AgGrc.css s=200 d=97µs s=11684
INF http m=GET p=/assets/vendor-CnrH3R4r.js s=200 d=111µs s=28803
INF http m=GET p=/assets/index-Dlg_ygoF.js s=200 d=120µs s=45483
INF http m=GET p=/assets/en-BIK_e_4K.js s=200 d=94µs s=5251
INF http m=GET p=/api/v1/auth/me s=200 d=295µs s=176
INF http m=GET p=/assets/Onboarding-DQ2WAJCW.js s=200 d=42µs s=996
INF http m=GET p=/api/v1/notifications/unread-count s=200 d=192µs s=25
INF http m=GET p=/favicon.png s=200 d=47µs s=449
INF http m=GET p=/sw.js s=200 d=75µs s=5593
INF http m=GET p=/registerSW.js s=200 d=39µs s=87
INF http m=POST p=/api/v1/organizations s=200 d=54.3ms s=358
INF http m=GET p=/index.html s=200 d=37µs s=541
INF http m=GET p=/api/v1/auth/me s=200 d=207µs s=261
INF http m=GET p=/icon.svg s=200 d=41µs s=195
INF http m=GET p=/icon-512.png s=200 d=93µs s=6498
INF http m=GET p=/icon-192.png s=200 d=36µs s=2468
INF http m=GET p=/favicon.png s=200 d=43µs s=449
INF http m=GET p=/apple-touch-icon.png s=200 d=52µs s=2298
INF http m=GET p=/assets/material-symbols-names-D7AiM4If.js s=200 d=424µs s=15478
INF http m=GET p=/assets/fr-B1PqNQ7U.js s=200 d=86µs s=6351
INF http m=GET p=/assets/es-OK4oleHZ.js s=200 d=369µs s=6048
INF http m=GET p=/assets/emoji-groups-El6awxEn.js s=200 d=95µs s=13851
INF http m=GET p=/assets/de-CSEWDUi3.js s=200 d=93µs s=6281
INF http m=GET p=/assets/WorkspaceSettingsPanel-BXpT4LCS.css s=200 d=45µs s=994
INF http m=GET p=/assets/WorkspaceSettingsPanel-BB4UnxOs.js s=200 d=197µs s=4465
INF http m=GET p=/assets/Terms-CDs9SgkA.js s=200 d=32µs s=1013
INF http m=GET p=/assets/ServerSettingsPanel-Co4AQ7oB.css s=200 d=36µs s=576
INF http m=GET p=/assets/ServerSettingsPanel-CUtQeHs8.js s=200 d=34µs s=2551
INF http m=GET p=/assets/ResourceQuotaForm-CBiYRbX4.js s=200 d=36µs s=832
INF http m=GET p=/assets/ResourceQuotaForm-BFoPj33M.css s=200 d=26µs s=297
INF http m=GET p=/assets/ProfileSettings-DF5AVI35.js s=200 d=42µs s=4393
INF http m=GET p=/assets/ProfileSettings-CX-HDEdu.css s=200 d=26µs s=1177
INF http m=GET p=/assets/Privacy-cCrfp6_1.css s=200 d=26µs s=314
INF http m=GET p=/assets/Privacy-CgsgvqEr.js s=200 d=22µs s=904
INF http m=GET p=/assets/OrgSettingsPanel-D9VVCokd.css s=200 d=26µs s=488
INF http m=GET p=/assets/OrgSettingsPanel-9P66Q2ps.js s=200 d=33µs s=2333
INF http m=GET p=/assets/OAuthIcons-csRRTXki.js s=200 d=36µs s=951
INF http m=GET p=/assets/InviteForm-DLxm8fu0.css s=200 d=28µs s=394
INF http m=GET p=/api/v1/workspaces/40O5ANGUM000/events s=200 d=790ms s=93
INF http m=GET p=/assets/InviteForm-CV0yK4I0.js s=200 d=41µs s=1291
INF http m=GET p=/assets/Editor-DfcJ-Jfc.css s=200 d=45µs s=2151
INF http m=GET p=/assets/Editor-BCbjs9IY.js s=200 d=77µs s=13602
INF http m=GET p=/assets/Auth-8NWYUGup.js s=200 d=84µs s=1677
INF http m=GET p=/assets/Auth-6SolzSg2.css s=200 d=31µs s=633
INF http m=GET p=/assets/AdminDashboard-DpHjrDyw.js s=200 d=44µs s=2142
INF http m=GET p=/assets/AdminDashboard-CjPbo26j.css s=200 d=31µs s=584
INF http m=POST p=/api/v1/organizations/40O5B0R44000/workspaces s=200 d=257ms s=304
INF http m=GET p=/manifest.webmanifest s=200 d=32µs s=199
INF http m=POST p=/api/v1/auth/switch-workspace s=200 d=25.1ms s=688
INF http m=GET p=/api/v1/notifications/unread-count s=200 d=2.29ms s=25
INF http m=GET p=/api/v1/workspaces/40O5B17KA000/nodes/0/children s=200 d=1.2ms s=26
INF http m=GET p=/api/v1/workspaces/40O5B17KA000/members s=200 d=20.4ms s=126
INF http m=POST p=/api/v1/workspaces/40O5B17KA000/nodes/0/page/create s=200 d=64.7ms s=35
INF http m=GET p=/api/v1/workspaces/40O5B17KA000/nodes/0/children s=200 d=386µs s=332
INF http m=GET p=/api/v1/workspaces/40O5B17KA000/nodes/40O5B35SU000 s=200 d=269µs s=245
INF http m=POST p=/api/v1/workspaces/40O5B17KA000/nodes/0/page/create s=200 d=41.2ms s=26
INF http m=GET p=/w/@40O5B17KA000+workspace/@40O5B35SU000+welcome s=200 d=44µs s=541
INF http m=GET p=/api/v1/workspaces/40O5B17KA000/events s=200 d=130ms s=237
INF http m=GET p=/api/v1/auth/me s=200 d=311µs s=364
INF http m=GET p=/api/v1/workspaces/40O5B17KA000/nodes/40O5B35SU000 s=200 d=318µs s=245
INF http m=GET p=/api/v1/workspaces/40O5B17KA000/members s=200 d=1.16ms s=126
INF http m=GET p=/api/v1/workspaces/40O5B17KA000/nodes/0/children s=200 d=318µs s=332
INF http m=GET p=/api/v1/notifications/unread-count s=200 d=746µs s=25
INF http m=POST p=/api/v1/auth/register s=200 d=147ms s=413
INF http m=GET p=/ s=200 d=60µs s=541
INF http m=GET p=/assets/index-Dlg_ygoF.js s=200 d=174µs s=45483
INF http m=GET p=/assets/index-Bi-AgGrc.css s=200 d=117µs s=11684
INF http m=GET p=/assets/vendor-CnrH3R4r.js s=200 d=434µs s=28803
INF http m=GET p=/assets/editor-vendor-VZT4IkOY.js s=200 d=183µs s=92428
INF http m=GET p=/registerSW.js s=200 d=35µs s=87
INF http m=GET p=/api/v1/workspaces/40O5B17KA000/nodes/40O5B3F62000 s=200 d=395µs s=228
INF http m=GET p=/assets/en-BIK_e_4K.js s=200 d=81µs s=5251
INF http m=GET p=/api/v1/auth/me s=200 d=236µs s=170
INF http m=GET p=/favicon.png s=200 d=46µs s=449
INF http m=GET p=/assets/Onboarding-DQ2WAJCW.js s=200 d=34µs s=996
INF http m=GET p=/api/v1/notifications/unread-count s=200 d=184µs s=25
INF http m=GET p=/sw.js s=200 d=87µs s=5593
INF http m=POST p=/api/v1/organizations s=200 d=46.5ms s=355
INF http m=GET p=/api/v1/auth/me s=200 d=264µs s=257
INF http m=GET p=/registerSW.js s=200 d=37µs s=87
INF http m=GET p=/index.html s=200 d=42µs s=541
INF http m=GET p=/icon.svg s=200 d=43µs s=195
INF http m=GET p=/icon-512.png s=200 d=78µs s=6498
INF http m=GET p=/icon-192.png s=200 d=61µs s=2468
INF http m=GET p=/favicon.png s=200 d=41µs s=449
INF http m=GET p=/apple-touch-icon.png s=200 d=47µs s=2298
INF http m=GET p=/assets/material-symbols-names-D7AiM4If.js s=200 d=93µs s=15478
INF http m=GET p=/assets/fr-B1PqNQ7U.js s=200 d=94µs s=6351
INF http m=GET p=/assets/es-OK4oleHZ.js s=200 d=100µs s=6048
INF http m=GET p=/assets/emoji-groups-El6awxEn.js s=200 d=102µs s=13851
INF http m=GET p=/api/v1/workspaces/40O5B17KA000/events s=200 d=499ms s=93
INF http m=GET p=/assets/de-CSEWDUi3.js s=200 d=79µs s=6281
INF http m=GET p=/assets/WorkspaceSettingsPanel-BXpT4LCS.css s=200 d=45µs s=994
INF http m=GET p=/assets/WorkspaceSettingsPanel-BB4UnxOs.js s=200 d=83µs s=4465
INF http m=GET p=/assets/Terms-CDs9SgkA.js s=200 d=31µs s=1013
INF http m=GET p=/assets/ServerSettingsPanel-Co4AQ7oB.css s=200 d=32µs s=576
INF http m=GET p=/assets/ServerSettingsPanel-CUtQeHs8.js s=200 d=41µs s=2551
INF http m=GET p=/assets/ResourceQuotaForm-CBiYRbX4.js s=200 d=30µs s=832
INF http m=GET p=/assets/ResourceQuotaForm-BFoPj33M.css s=200 d=28µs s=297
INF http m=GET p=/assets/ProfileSettings-DF5AVI35.js s=200 d=60µs s=4393
INF http m=GET p=/assets/ProfileSettings-CX-HDEdu.css s=200 d=30µs s=1177
INF http m=GET p=/assets/Privacy-cCrfp6_1.css s=200 d=25µs s=314
INF http m=GET p=/assets/Privacy-CgsgvqEr.js s=200 d=28µs s=904
INF http m=POST p=/api/v1/organizations/40O5B5Q90000/workspaces s=200 d=298ms s=301
INF http m=GET p=/assets/OrgSettingsPanel-D9VVCokd.css s=200 d=39µs s=488
INF http m=GET p=/assets/OrgSettingsPanel-9P66Q2ps.js s=200 d=36µs s=2333
INF http m=GET p=/assets/OAuthIcons-csRRTXki.js s=200 d=44µs s=951
INF http m=GET p=/assets/InviteForm-DLxm8fu0.css s=200 d=37µs s=394
INF http m=GET p=/assets/InviteForm-CV0yK4I0.js s=200 d=44µs s=1291
INF http m=POST p=/api/v1/auth/switch-workspace s=200 d=36.3ms s=571
INF http m=GET p=/assets/Editor-DfcJ-Jfc.css s=200 d=65µs s=2151
INF http m=GET p=/assets/Editor-BCbjs9IY.js s=200 d=97µs s=13602
INF http m=GET p=/assets/Auth-8NWYUGup.js s=200 d=55µs s=1677
INF http m=GET p=/api/v1/notifications/unread-count s=200 d=2.86ms s=25
INF http m=GET p=/assets/Auth-6SolzSg2.css s=200 d=52µs s=633
INF http m=GET p=/api/v1/workspaces/40O5B67L4000/nodes/0/children s=200 d=7.47ms s=26
INF http m=GET p=/api/v1/workspaces/40O5B67L4000/members s=200 d=7.34ms s=121
INF http m=GET p=/assets/AdminDashboard-DpHjrDyw.js s=200 d=97µs s=2142
INF http m=GET p=/assets/AdminDashboard-CjPbo26j.css s=200 d=3.5ms s=584
INF http m=GET p=/manifest.webmanifest s=200 d=47µs s=199
INF http m=POST p=/api/v1/workspaces/40O5B67L4000/nodes/0/page/create s=200 d=43.9ms s=35
INF http m=GET p=/api/v1/workspaces/40O5B67L4000/nodes/0/children s=200 d=867µs s=250
INF http m=GET p=/api/v1/workspaces/40O5B67L4000/nodes/40O5B8U9E000 s=200 d=448µs s=245
INF http m=POST p=/api/v1/workspaces/40O5B67L4000/nodes/0/page/create s=200 d=71.7ms s=26
INF http m=GET p=/w/@40O5B67L4000+workspace/@40O5B8U9E000+welcome s=200 d=50µs s=541
INF http m=POST p=/api/v1/auth/register s=200 d=152ms s=409
INF http m=GET p=/api/v1/workspaces/40O5B67L4000/events s=200 d=147ms s=234
INF http m=GET p=/ s=200 d=83µs s=541
INF http m=GET p=/assets/index-Dlg_ygoF.js s=200 d=167µs s=45483
INF http m=GET p=/assets/index-Bi-AgGrc.css s=200 d=122µs s=11684
INF http m=GET p=/assets/vendor-CnrH3R4r.js s=200 d=165µs s=28803
INF http m=GET p=/assets/editor-vendor-VZT4IkOY.js s=200 d=144µs s=92428
INF http m=GET p=/registerSW.js s=200 d=39µs s=87
INF http m=GET p=/api/v1/auth/me s=200 d=253µs s=358
INF http m=GET p=/api/v1/notifications/unread-count s=200 d=249µs s=25
INF http m=GET p=/api/v1/workspaces/40O5B67L4000/nodes/40O5B8U9E000 s=200 d=433µs s=245
INF http m=GET p=/api/v1/workspaces/40O5B67L4000/members s=200 d=378µs s=121
INF http m=GET p=/api/v1/workspaces/40O5B67L4000/nodes/0/children s=200 d=13.2ms s=250
INF http m=GET p=/api/v1/auth/me s=200 d=490µs s=169
INF http m=GET p=/assets/en-BIK_e_4K.js s=200 d=117µs s=5251
INF http m=GET p=/assets/Onboarding-DQ2WAJCW.js s=200 d=45µs s=996
INF http m=GET p=/api/v1/notifications/unread-count s=200 d=197µs s=25
INF http m=GET p=/favicon.png s=200 d=77µs s=449
INF http m=GET p=/sw.js s=200 d=129µs s=5593
INF http m=GET p=/registerSW.js s=200 d=39µs s=87
INF http m=GET p=/api/v1/workspaces/40O5B67L4000/nodes/40O5B95GA000 s=200 d=294µs s=171
INF http m=POST p=/api/v1/organizations s=200 d=61.5ms s=353
INF http m=GET p=/index.html s=200 d=38µs s=541
INF http m=GET p=/icon.svg s=200 d=43µs s=195
INF http m=GET p=/api/v1/auth/me s=200 d=4.92ms s=253
INF http m=GET p=/icon-512.png s=200 d=114µs s=6498
INF http m=GET p=/icon-192.png s=200 d=55µs s=2468
INF http m=GET p=/favicon.png s=200 d=31µs s=449
INF http m=GET p=/apple-touch-icon.png s=200 d=48µs s=2298
INF http m=GET p=/assets/material-symbols-names-D7AiM4If.js s=200 d=80µs s=15478
INF http m=GET p=/assets/fr-B1PqNQ7U.js s=200 d=94µs s=6351
INF http m=GET p=/assets/es-OK4oleHZ.js s=200 d=80µs s=6048
INF http m=GET p=/assets/emoji-groups-El6awxEn.js s=200 d=103µs s=13851
INF http m=GET p=/assets/de-CSEWDUi3.js s=200 d=89µs s=6281
INF http m=GET p=/assets/WorkspaceSettingsPanel-BXpT4LCS.css s=200 d=36µs s=994
INF http m=GET p=/assets/WorkspaceSettingsPanel-BB4UnxOs.js s=200 d=71µs s=4465
INF http m=GET p=/assets/Terms-CDs9SgkA.js s=200 d=20µs s=1013
INF http m=GET p=/assets/ServerSettingsPanel-Co4AQ7oB.css s=200 d=27µs s=576
INF http m=GET p=/assets/ServerSettingsPanel-CUtQeHs8.js s=200 d=41µs s=2551
INF http m=GET p=/assets/ResourceQuotaForm-CBiYRbX4.js s=200 d=30µs s=832
INF http m=GET p=/assets/ResourceQuotaForm-BFoPj33M.css s=200 d=29µs s=297
INF http m=GET p=/assets/ProfileSettings-DF5AVI35.js s=200 d=67µs s=4393
INF http m=GET p=/assets/ProfileSettings-CX-HDEdu.css s=200 d=29µs s=1177
INF http m=GET p=/assets/Privacy-cCrfp6_1.css s=200 d=31µs s=314
INF http m=GET p=/assets/Privacy-CgsgvqEr.js s=200 d=29µs s=904
INF http m=GET p=/assets/OrgSettingsPanel-D9VVCokd.css s=200 d=25µs s=488
INF http m=GET p=/assets/OrgSettingsPanel-9P66Q2ps.js s=200 d=33µs s=2333
INF http m=GET p=/assets/OAuthIcons-csRRTXki.js s=200 d=39µs s=951
INF http m=GET p=/assets/InviteForm-DLxm8fu0.css s=200 d=23µs s=394
INF http m=GET p=/assets/InviteForm-CV0yK4I0.js s=200 d=30µs s=1291
INF http m=GET p=/assets/Editor-DfcJ-Jfc.css s=200 d=37µs s=2151
INF http m=GET p=/assets/Editor-BCbjs9IY.js s=200 d=81µs s=13602
INF http m=GET p=/assets/Auth-8NWYUGup.js s=200 d=31µs s=1677
INF http m=GET p=/assets/Auth-6SolzSg2.css s=200 d=26µs s=633
INF http m=GET p=/assets/AdminDashboard-DpHjrDyw.js s=200 d=51µs s=2142
INF http m=GET p=/assets/AdminDashboard-CjPbo26j.css s=200 d=42µs s=584
INF http m=GET p=/api/v1/workspaces/40O5B67L4000/events s=200 d=413ms s=93
INF http m=GET p=/manifest.webmanifest s=200 d=36µs s=199
INF http m=POST p=/api/v1/organizations/40O5BB3L0000/workspaces s=200 d=269ms s=298
INF http m=POST p=/api/v1/auth/switch-workspace s=200 d=27ms s=568
INF http m=GET p=/api/v1/notifications/unread-count s=200 d=208µs s=25
INF http m=GET p=/api/v1/workspaces/40O5BBKV4000/nodes/0/children s=200 d=260µs s=26
INF http m=GET p=/api/v1/workspaces/40O5BBKV4000/members s=200 d=2.27ms s=119
INF http m=POST p=/api/v1/workspaces/40O5BBKV4000/nodes/0/page/create s=200 d=57.6ms s=35
INF http m=GET p=/api/v1/workspaces/40O5BBKV4000/nodes/0/children s=200 d=420µs s=265
INF http m=GET p=/api/v1/workspaces/40O5BBKV4000/nodes/40O5BDPH4000 s=200 d=287µs s=245
INF http m=POST p=/api/v1/workspaces/40O5BBKV4000/nodes/0/page/create s=200 d=55.3ms s=26
INF http m=GET p=/w/@40O5BBKV4000+workspace/@40O5BDPH4000+welcome s=200 d=46µs s=541
INF http m=GET p=/api/v1/workspaces/40O5BBKV4000/events s=200 d=154ms s=234
INF http m=GET p=/api/v1/auth/me s=200 d=293µs s=355
INF http m=POST p=/api/v1/auth/register s=200 d=134ms s=409
INF http m=GET p=/ s=200 d=41µs s=541
INF http m=GET p=/assets/index-Dlg_ygoF.js s=200 d=209µs s=45483
INF http m=GET p=/assets/vendor-CnrH3R4r.js s=200 d=155µs s=28803
INF http m=GET p=/assets/index-Bi-AgGrc.css s=200 d=124µs s=11684
INF http m=GET p=/registerSW.js s=200 d=32µs s=87
INF http m=GET p=/assets/editor-vendor-VZT4IkOY.js s=200 d=146µs s=92428
INF http m=GET p=/api/v1/notifications/unread-count s=200 d=171µs s=25
INF http m=GET p=/api/v1/workspaces/40O5BBKV4000/nodes/0/children s=200 d=449µs s=265
INF http m=GET p=/api/v1/workspaces/40O5BBKV4000/members s=200 d=693µs s=119
INF http m=GET p=/api/v1/workspaces/40O5BBKV4000/nodes/40O5BDPH4000 s=200 d=11.1ms s=245
INF http m=GET p=/api/v1/auth/me s=200 d=414µs s=171
INF http m=GET p=/assets/en-BIK_e_4K.js s=200 d=106µs s=5251
INF http m=GET p=/assets/Onboarding-DQ2WAJCW.js s=200 d=43µs s=996
INF http m=GET p=/api/v1/notifications/unread-count s=200 d=174µs s=25
INF http m=GET p=/favicon.png s=200 d=42µs s=449
INF http m=GET p=/api/v1/workspaces/40O5BBKV4000/nodes/40O5BE1L6000 s=200 d=309µs s=155
INF http m=GET p=/sw.js s=200 d=71µs s=5593
INF http m=GET p=/registerSW.js s=200 d=45µs s=87
INF http m=POST p=/api/v1/organizations s=200 d=62.1ms s=352
INF http m=GET p=/index.html s=200 d=39µs s=541
INF http m=GET p=/api/v1/auth/me s=200 d=237µs s=252
INF http m=GET p=/icon.svg s=200 d=33µs s=195
INF http m=GET p=/icon-512.png s=200 d=70µs s=6498
INF http m=GET p=/icon-192.png s=200 d=38µs s=2468
INF http m=GET p=/favicon.png s=200 d=31µs s=449
INF http m=GET p=/apple-touch-icon.png s=200 d=51µs s=2298
INF http m=GET p=/assets/material-symbols-names-D7AiM4If.js s=200 d=94µs s=15478
INF http m=GET p=/api/v1/workspaces/40O5BBKV4000/events s=200 d=297ms s=93
INF http m=GET p=/assets/fr-B1PqNQ7U.js s=200 d=85µs s=6351
INF http m=GET p=/assets/es-OK4oleHZ.js s=200 d=81µs s=6048
INF http m=GET p=/assets/emoji-groups-El6awxEn.js s=200 d=126µs s=13851
INF http m=GET p=/assets/de-CSEWDUi3.js s=200 d=101µs s=6281
INF http m=GET p=/assets/WorkspaceSettingsPanel-BXpT4LCS.css s=200 d=34µs s=994
INF http m=GET p=/assets/WorkspaceSettingsPanel-BB4UnxOs.js s=200 d=63µs s=4465
INF http m=GET p=/assets/Terms-CDs9SgkA.js s=200 d=31µs s=1013
INF http m=GET p=/assets/ServerSettingsPanel-Co4AQ7oB.css s=200 d=40µs s=576
INF http m=GET p=/assets/ServerSettingsPanel-CUtQeHs8.js s=200 d=48µs s=2551
INF http m=GET p=/assets/ResourceQuotaForm-CBiYRbX4.js s=200 d=28µs s=832
INF http m=GET p=/assets/ResourceQuotaForm-BFoPj33M.css s=200 d=32µs s=297
INF http m=GET p=/assets/ProfileSettings-DF5AVI35.js s=200 d=54µs s=4393
INF http m=GET p=/assets/ProfileSettings-CX-HDEdu.css s=200 d=38µs s=1177
INF http m=GET p=/assets/Privacy-cCrfp6_1.css s=200 d=31µs s=314
INF http m=GET p=/assets/Privacy-CgsgvqEr.js s=200 d=29µs s=904
INF http m=GET p=/assets/OrgSettingsPanel-D9VVCokd.css s=200 d=38µs s=488
INF http m=GET p=/assets/OrgSettingsPanel-9P66Q2ps.js s=200 d=55µs s=2333
INF http m=GET p=/assets/OAuthIcons-csRRTXki.js s=200 d=45µs s=951
INF http m=GET p=/assets/InviteForm-DLxm8fu0.css s=200 d=36µs s=394
INF http m=GET p=/assets/InviteForm-CV0yK4I0.js s=200 d=32µs s=1291
INF http m=GET p=/assets/Editor-DfcJ-Jfc.css s=200 d=47µs s=2151
INF http m=GET p=/assets/Editor-BCbjs9IY.js s=200 d=84µs s=13602
INF http m=GET p=/assets/Auth-8NWYUGup.js s=200 d=32µs s=1677
INF http m=GET p=/assets/Auth-6SolzSg2.css s=200 d=29µs s=633
INF http m=GET p=/assets/AdminDashboard-DpHjrDyw.js s=200 d=86µs s=2142
INF http m=GET p=/assets/AdminDashboard-CjPbo26j.css s=200 d=62µs s=584
INF http m=POST p=/api/v1/organizations/40O5BG686000/workspaces s=200 d=354ms s=298
INF http m=GET p=/manifest.webmanifest s=200 d=32µs s=199
INF http m=POST p=/api/v1/auth/switch-workspace s=200 d=41.6ms s=563
INF http m=GET p=/api/v1/notifications/unread-count s=200 d=277µs s=25
INF http m=GET p=/api/v1/workspaces/40O5BGMK8000/nodes/0/children s=200 d=6.61ms s=26
INF http m=GET p=/api/v1/workspaces/40O5BGMK8000/members s=200 d=7.94ms s=120
INF http m=POST p=/api/v1/auth/register s=200 d=128ms s=399
INF http m=POST p=/api/v1/workspaces/40O5BGMK8000/nodes/0/page/create s=200 d=47ms s=35
INF http m=GET p=/ s=200 d=62µs s=541
INF http m=GET p=/api/v1/workspaces/40O5BGMK8000/nodes/0/children s=200 d=865µs s=257
INF http m=GET p=/api/v1/workspaces/40O5BGMK8000/nodes/40O5BJFO0000 s=200 d=445µs s=245
INF http m=GET p=/assets/index-Dlg_ygoF.js s=200 d=158µs s=45483
INF http m=GET p=/assets/index-Bi-AgGrc.css s=200 d=252µs s=11684
INF http m=GET p=/assets/vendor-CnrH3R4r.js s=200 d=140µs s=28803
INF http m=GET p=/assets/editor-vendor-VZT4IkOY.js s=200 d=141µs s=92428
INF http m=GET p=/registerSW.js s=200 d=31µs s=87
INF http m=GET p=/api/v1/auth/me s=200 d=196µs s=172
INF http m=GET p=/assets/en-BIK_e_4K.js s=200 d=75µs s=5251
INF http m=GET p=/assets/Onboarding-DQ2WAJCW.js s=200 d=66µs s=996
INF http m=GET p=/favicon.png s=200 d=46µs s=449
INF http m=GET p=/api/v1/notifications/unread-count s=200 d=374µs s=25
INF http m=GET p=/sw.js s=200 d=84µs s=5593
INF http m=POST p=/api/v1/organizations s=200 d=39.8ms s=353
INF http m=GET p=/registerSW.js s=200 d=37µs s=87
INF http m=GET p=/api/v1/auth/me s=200 d=750µs s=255
INF http m=GET p=/index.html s=200 d=38µs s=541
INF http m=GET p=/icon.svg s=200 d=34µs s=195
INF http m=GET p=/icon-512.png s=200 d=554µs s=6498
INF http m=GET p=/icon-192.png s=200 d=39µs s=2468
INF http m=GET p=/favicon.png s=200 d=30µs s=449
INF http m=GET p=/apple-touch-icon.png s=200 d=55µs s=2298
INF http m=GET p=/assets/material-symbols-names-D7AiM4If.js s=200 d=107µs s=15478
INF http m=GET p=/assets/fr-B1PqNQ7U.js s=200 d=255µs s=6351
INF http m=GET p=/assets/es-OK4oleHZ.js s=200 d=65µs s=6048
INF http m=GET p=/assets/emoji-groups-El6awxEn.js s=200 d=106µs s=13851
INF http m=GET p=/assets/de-CSEWDUi3.js s=200 d=172µs s=6281
INF http m=GET p=/assets/WorkspaceSettingsPanel-BXpT4LCS.css s=200 d=51µs s=994
INF http m=GET p=/assets/WorkspaceSettingsPanel-BB4UnxOs.js s=200 d=104µs s=4465
INF http m=GET p=/assets/Terms-CDs9SgkA.js s=200 d=32µs s=1013
INF http m=GET p=/assets/ServerSettingsPanel-Co4AQ7oB.css s=200 d=37µs s=576
INF http m=GET p=/assets/ServerSettingsPanel-CUtQeHs8.js s=200 d=59µs s=2551
INF http m=GET p=/assets/ResourceQuotaForm-CBiYRbX4.js s=200 d=50µs s=832
INF http m=GET p=/assets/ResourceQuotaForm-BFoPj33M.css s=200 d=40µs s=297
INF http m=GET p=/assets/ProfileSettings-DF5AVI35.js s=200 d=74µs s=4393
INF http m=GET p=/assets/ProfileSettings-CX-HDEdu.css s=200 d=31µs s=1177
INF http m=GET p=/assets/Privacy-cCrfp6_1.css s=200 d=32µs s=314
INF http m=GET p=/assets/Privacy-CgsgvqEr.js s=200 d=65µs s=904
INF http m=GET p=/assets/OrgSettingsPanel-D9VVCokd.css s=200 d=50µs s=488
INF http m=GET p=/assets/OrgSettingsPanel-9P66Q2ps.js s=200 d=61µs s=2333
INF http m=GET p=/assets/OAuthIcons-csRRTXki.js s=200 d=23µs s=951
INF http m=GET p=/assets/InviteForm-DLxm8fu0.css s=200 d=32µs s=394
INF http m=GET p=/assets/InviteForm-CV0yK4I0.js s=200 d=28µs s=1291
INF http m=GET p=/assets/Editor-DfcJ-Jfc.css s=200 d=108µs s=2151
INF http m=GET p=/assets/Editor-BCbjs9IY.js s=200 d=69µs s=13602
INF http m=GET p=/assets/Auth-8NWYUGup.js s=200 d=58µs s=1677
INF http m=POST p=/api/v1/organizations/40O5BKN42000/workspaces s=200 d=254ms s=302
INF http m=GET p=/assets/Auth-6SolzSg2.css s=200 d=25µs s=633
INF http m=GET p=/assets/AdminDashboard-DpHjrDyw.js s=200 d=35µs s=2142
INF http m=GET p=/assets/AdminDashboard-CjPbo26j.css s=200 d=27µs s=584
INF http m=GET p=/manifest.webmanifest s=200 d=26µs s=199
INF http m=POST p=/api/v1/workspaces/40O5BGMK8000/nodes/0/page/create s=200 d=110ms s=26
INF http m=GET p=/w/@40O5BGMK8000+workspace/@40O5BJFO0000+welcome s=200 d=31µs s=541
INF http m=GET p=/api/v1/workspaces/40O5BGMK8000/events s=200 d=567ms s=236
INF http m=POST p=/api/v1/auth/switch-workspace s=200 d=47.7ms s=576
INF http m=GET p=/api/v1/notifications/unread-count s=200 d=382µs s=25
INF http m=GET p=/api/v1/auth/me s=200 d=195µs s=353
INF http m=GET p=/api/v1/workspaces/40O5BL0V2000/members s=200 d=427µs s=127
INF http m=GET p=/api/v1/workspaces/40O5BL0V2000/nodes/0/children s=200 d=580µs s=26
INF http m=GET p=/api/v1/notifications/unread-count s=200 d=177µs s=25
INF http m=POST p=/api/v1/workspaces/40O5BL0V2000/nodes/0/page/create s=200 d=27.6ms s=35
INF http m=GET p=/api/v1/workspaces/40O5BGMK8000/nodes/40O5BJFO0000 s=200 d=226µs s=245
INF http m=GET p=/api/v1/workspaces/40O5BGMK8000/nodes/0/children s=200 d=273µs s=302
INF http m=GET p=/api/v1/workspaces/40O5BGMK8000/members s=200 d=156µs s=120
INF http m=GET p=/api/v1/workspaces/40O5BL0V2000/nodes/0/children s=200 d=822µs s=265
INF http m=GET p=/api/v1/workspaces/40O5BL0V2000/nodes/40O5BN3GI000 s=200 d=281µs s=245
INF http m=POST p=/api/v1/workspaces/40O5BL0V2000/nodes/0/page/create s=200 d=35.6ms s=26
INF http m=GET p=/w/@40O5BL0V2000+workspace/@40O5BN3GI000+welcome s=200 d=47µs s=541
INF http m=GET p=/api/v1/workspaces/40O5BL0V2000/events s=200 d=97.3ms s=233
INF http m=GET p=/api/v1/workspaces/40O5BGMK8000/nodes/40O5BM1AU000 s=200 d=368µs s=197
INF http m=GET p=/api/v1/auth/me s=200 d=306µs s=356
INF http m=GET p=/api/v1/notifications/unread-count s=200 d=193µs s=25
INF http m=GET p=/api/v1/workspaces/40O5BL0V2000/nodes/0/children s=200 d=356µs s=265
INF http m=GET p=/api/v1/workspaces/40O5BL0V2000/members s=200 d=553µs s=127
INF http m=GET p=/api/v1/workspaces/40O5BL0V2000/nodes/40O5BN3GI000 s=200 d=711µs s=245
INF http m=GET p=/api/v1/workspaces/40O5BGMK8000/events s=200 d=177ms s=93
INF http m=GET p=/api/v1/workspaces/40O5BL0V2000/nodes/40O5BN92C000 s=200 d=791µs s=157
INF http m=GET p=/api/v1/workspaces/40O5BL0V2000/events s=200 d=283ms s=93
INF http m=POST p=/api/v1/auth/register s=200 d=113ms s=387
INF http m=GET p=/ s=200 d=60µs s=541
INF http m=GET p=/assets/index-Dlg_ygoF.js s=200 d=265µs s=45483
INF http m=GET p=/assets/index-Bi-AgGrc.css s=200 d=146µs s=11684
INF http m=GET p=/assets/vendor-CnrH3R4r.js s=200 d=150µs s=28803
INF http m=GET p=/assets/editor-vendor-VZT4IkOY.js s=200 d=183µs s=92428
INF http m=GET p=/registerSW.js s=200 d=35µs s=87
INF http m=GET p=/assets/en-BIK_e_4K.js s=200 d=97µs s=5251
INF http m=GET p=/api/v1/auth/me s=200 d=9.06ms s=167
INF http m=GET p=/api/v1/notifications/unread-count s=200 d=207µs s=25
INF http m=GET p=/assets/Onboarding-DQ2WAJCW.js s=200 d=27µs s=996
INF http m=GET p=/favicon.png s=200 d=51µs s=449
INF http m=GET p=/sw.js s=200 d=73µs s=5593
INF http m=GET p=/registerSW.js s=200 d=38µs s=87
INF http m=GET p=/index.html s=200 d=42µs s=541
INF http m=GET p=/icon.svg s=200 d=61µs s=195
INF http m=GET p=/icon-512.png s=200 d=150µs s=6498
INF http m=POST p=/api/v1/organizations s=200 d=120ms s=350
INF http m=GET p=/api/v1/auth/me s=200 d=274µs s=252
INF http m=GET p=/icon-192.png s=200 d=47µs s=2468
INF http m=GET p=/favicon.png s=200 d=40µs s=449
INF http m=GET p=/apple-touch-icon.png s=200 d=74µs s=2298
INF http m=GET p=/assets/material-symbols-names-D7AiM4If.js s=200 d=3.2ms s=15478
INF http m=POST p=/api/v1/auth/register s=200 d=212ms s=386
INF http m=GET p=/ s=200 d=85µs s=541
INF http m=GET p=/assets/fr-B1PqNQ7U.js s=200 d=113µs s=6351
INF http m=GET p=/assets/es-OK4oleHZ.js s=200 d=97µs s=6048
INF http m=GET p=/assets/emoji-groups-El6awxEn.js s=200 d=107µs s=13851
INF http m=GET p=/assets/vendor-CnrH3R4r.js s=200 d=142µs s=28803
INF http m=GET p=/assets/editor-vendor-VZT4IkOY.js s=200 d=180µs s=92428
INF http m=GET p=/assets/index-Bi-AgGrc.css s=200 d=93µs s=11684
INF http m=GET p=/assets/index-Dlg_ygoF.js s=200 d=96µs s=45483
INF http m=GET p=/registerSW.js s=200 d=79µs s=87
INF http m=GET p=/assets/de-CSEWDUi3.js s=200 d=115µs s=6281
INF http m=GET p=/assets/WorkspaceSettingsPanel-BXpT4LCS.css s=200 d=36µs s=994
INF http m=GET p=/assets/WorkspaceSettingsPanel-BB4UnxOs.js s=200 d=72µs s=4465
INF http m=GET p=/assets/Terms-CDs9SgkA.js s=200 d=45µs s=1013
INF http m=GET p=/assets/ServerSettingsPanel-Co4AQ7oB.css s=200 d=40µs s=576
INF http m=GET p=/assets/ServerSettingsPanel-CUtQeHs8.js s=200 d=51µs s=2551
INF http m=GET p=/assets/ResourceQuotaForm-CBiYRbX4.js s=200 d=37µs s=832
INF http m=GET p=/assets/ResourceQuotaForm-BFoPj33M.css s=200 d=32µs s=297
INF http m=GET p=/assets/en-BIK_e_4K.js s=200 d=657µs s=5251
INF http m=GET p=/api/v1/auth/me s=200 d=234µs s=166
INF http m=GET p=/assets/ProfileSettings-DF5AVI35.js s=200 d=58µs s=4393
INF http m=GET p=/assets/ProfileSettings-CX-HDEdu.css s=200 d=48µs s=1177
INF http m=GET p=/assets/Onboarding-DQ2WAJCW.js s=200 d=42µs s=996
INF http m=GET p=/api/v1/notifications/unread-count s=200 d=6.98ms s=25
INF http m=GET p=/assets/Privacy-cCrfp6_1.css s=200 d=31µs s=314
INF http m=GET p=/favicon.png s=200 d=33µs s=449
INF http m=GET p=/sw.js s=200 d=113µs s=5593
INF http m=GET p=/assets/Privacy-CgsgvqEr.js s=200 d=40µs s=904
INF http m=GET p=/assets/OrgSettingsPanel-D9VVCokd.css s=200 d=42µs s=488
INF http m=GET p=/registerSW.js s=200 d=26µs s=87
INF http m=GET p=/assets/OrgSettingsPanel-9P66Q2ps.js s=200 d=84µs s=2333
INF http m=GET p=/index.html s=200 d=38µs s=541
INF http m=GET p=/icon.svg s=200 d=29µs s=195
INF http m=GET p=/assets/OAuthIcons-csRRTXki.js s=200 d=40µs s=951
INF http m=GET p=/assets/InviteForm-DLxm8fu0.css s=200 d=30µs s=394
INF http m=GET p=/icon-512.png s=200 d=71µs s=6498
INF http m=GET p=/assets/InviteForm-CV0yK4I0.js s=200 d=28µs s=1291
INF http m=GET p=/assets/Editor-DfcJ-Jfc.css s=200 d=59µs s=2151
INF http m=GET p=/icon-192.png s=200 d=35µs s=2468
INF http m=GET p=/assets/Editor-BCbjs9IY.js s=200 d=92µs s=13602
INF http m=GET p=/favicon.png s=200 d=24µs s=449
INF http m=GET p=/apple-touch-icon.png s=200 d=42µs s=2298
INF http m=GET p=/assets/Auth-8NWYUGup.js s=200 d=33µs s=1677
INF http m=GET p=/assets/Auth-6SolzSg2.css s=200 d=33µs s=633
INF http m=GET p=/assets/AdminDashboard-DpHjrDyw.js s=200 d=51µs s=2142
INF http m=GET p=/assets/material-symbols-names-D7AiM4If.js s=200 d=86µs s=15478
INF http m=GET p=/assets/AdminDashboard-CjPbo26j.css s=200 d=25µs s=584
INF http m=GET p=/manifest.webmanifest s=200 d=27µs s=199
INF http m=GET p=/assets/fr-B1PqNQ7U.js s=200 d=87µs s=6351
INF http m=GET p=/assets/es-OK4oleHZ.js s=200 d=68µs s=6048
INF http m=GET p=/assets/emoji-groups-El6awxEn.js s=200 d=326µs s=13851
INF http m=GET p=/assets/de-CSEWDUi3.js s=200 d=119µs s=6281
INF http m=POST p=/api/v1/organizations/40O5BRK9S000/workspaces s=200 d=494ms s=300
INF http m=GET p=/assets/WorkspaceSettingsPanel-BXpT4LCS.css s=200 d=65µs s=994
INF http m=GET p=/assets/WorkspaceSettingsPanel-BB4UnxOs.js s=200 d=92µs s=4465
INF http m=GET p=/assets/Terms-CDs9SgkA.js s=200 d=33µs s=1013
INF http m=GET p=/assets/ServerSettingsPanel-Co4AQ7oB.css s=200 d=30µs s=576
INF http m=GET p=/assets/ServerSettingsPanel-CUtQeHs8.js s=200 d=42µs s=2551
INF http m=GET p=/assets/ResourceQuotaForm-CBiYRbX4.js s=200 d=29µs s=832
INF http m=POST p=/api/v1/organizations s=200 d=237ms s=351
INF http m=GET p=/assets/ResourceQuotaForm-BFoPj33M.css s=200 d=37µs s=297
INF http m=GET p=/api/v1/auth/me s=200 d=1.51ms s=252
INF http m=POST p=/api/v1/auth/switch-workspace s=200 d=48.5ms s=609
INF http m=GET p=/assets/ProfileSettings-DF5AVI35.js s=200 d=95µs s=4393
INF http m=GET p=/assets/ProfileSettings-CX-HDEdu.css s=200 d=90µs s=1177
INF http m=GET p=/assets/Privacy-cCrfp6_1.css s=200 d=29µs s=314
INF http m=GET p=/assets/Privacy-CgsgvqEr.js s=200 d=32µs s=904
INF http m=GET p=/assets/OrgSettingsPanel-D9VVCokd.css s=200 d=28µs s=488
INF http m=GET p=/api/v1/notifications/unread-count s=200 d=4.34ms s=25
INF http m=GET p=/api/v1/workspaces/40O5BSFGA000/nodes/0/children s=200 d=975µs s=26
INF http m=GET p=/assets/OrgSettingsPanel-9P66Q2ps.js s=200 d=114µs s=2333
INF http m=GET p=/api/v1/workspaces/40O5BSFGA000/members s=200 d=17.8ms s=126
INF http m=GET p=/assets/OAuthIcons-csRRTXki.js s=200 d=43µs s=951
INF http m=GET p=/assets/InviteForm-DLxm8fu0.css s=200 d=41µs s=394
INF http m=GET p=/assets/InviteForm-CV0yK4I0.js s=200 d=28µs s=1291
INF http m=GET p=/assets/Editor-DfcJ-Jfc.css s=200 d=33µs s=2151
INF http m=GET p=/assets/Editor-BCbjs9IY.js s=200 d=71µs s=13602
INF http m=GET p=/assets/Auth-8NWYUGup.js s=200 d=34µs s=1677
INF http m=GET p=/assets/Auth-6SolzSg2.css s=200 d=26µs s=633
INF http m=GET p=/assets/AdminDashboard-DpHjrDyw.js s=200 d=38µs s=2142
INF http m=GET p=/assets/AdminDashboard-CjPbo26j.css s=200 d=26µs s=584
INF http m=GET p=/manifest.webmanifest s=200 d=43µs s=199
INF http m=POST p=/api/v1/organizations/40O5BU9IC000/workspaces s=200 d=226ms s=296
INF http m=POST p=/api/v1/workspaces/40O5BSFGA000/nodes/0/page/create s=200 d=163ms s=35
INF http m=GET p=/api/v1/workspaces/40O5BSFGA000/nodes/0/children s=200 d=268µs s=257
INF http m=GET p=/api/v1/workspaces/40O5BSFGA000/nodes/40O5C07E6000 s=200 d=473µs s=245
INF http m=POST p=/api/v1/auth/switch-workspace s=200 d=32.5ms s=604
INF http m=GET p=/api/v1/notifications/unread-count s=200 d=216µs s=25
INF http m=GET p=/api/v1/workspaces/40O5BVQ04000/members s=200 d=640µs s=124
INF http m=GET p=/api/v1/workspaces/40O5BVQ04000/nodes/0/children s=200 d=3.74ms s=26
INF http m=POST p=/api/v1/workspaces/40O5BVQ04000/nodes/0/page/create s=200 d=25.5ms s=35
INF http m=GET p=/api/v1/workspaces/40O5BVQ04000/nodes/0/children s=200 d=359µs s=257
INF http m=POST p=/api/v1/workspaces/40O5BSFGA000/nodes/0/page/create s=200 d=23.5ms s=26
INF http m=GET p=/api/v1/workspaces/40O5BVQ04000/nodes/40O5C1IFU000 s=200 d=299µs s=245
INF http m=GET p=/w/@40O5BSFGA000+workspace/@40O5C07E6000+welcome s=200 d=49µs s=541
INF http m=GET p=/api/v1/workspaces/40O5BSFGA000/events s=200 d=299ms s=239
INF http m=GET p=/api/v1/auth/me s=200 d=528µs s=352
INF http m=GET p=/api/v1/notifications/unread-count s=200 d=510µs s=25
INF http m=GET p=/api/v1/workspaces/40O5BSFGA000/nodes/0/children s=200 d=868µs s=230
INF http m=GET p=/api/v1/workspaces/40O5BSFGA000/nodes/40O5C07E6000 s=200 d=563µs s=245
INF http m=GET p=/api/v1/workspaces/40O5BSFGA000/members s=200 d=674µs s=126
INF http m=GET p=/api/v1/workspaces/40O5BSFGA000/nodes/40O5C1K5S000 s=200 d=570µs s=133
INF http m=GET p=/api/v1/workspaces/40O5BSFGA000/events s=200 d=142ms s=93
INF http m=POST p=/api/v1/workspaces/40O5BVQ04000/nodes/0/page/create s=200 d=40.5ms s=26
INF http m=GET p=/w/@40O5BVQ04000+workspace/@40O5C1IFU000+welcome s=200 d=46µs s=541
INF http m=GET p=/api/v1/workspaces/40O5BVQ04000/events s=200 d=452ms s=238
INF http m=GET p=/api/v1/auth/me s=200 d=249µs s=355
INF http m=POST p=/api/v1/auth/register s=200 d=143ms s=388
INF http m=GET p=/ s=200 d=58µs s=541
INF http m=GET p=/api/v1/notifications/unread-count s=200 d=190µs s=25
INF http m=GET p=/api/v1/workspaces/40O5BVQ04000/nodes/40O5C1IFU000 s=200 d=287µs s=245
INF http m=GET p=/api/v1/workspaces/40O5BVQ04000/members s=200 d=150µs s=124
INF http m=GET p=/api/v1/workspaces/40O5BVQ04000/nodes/0/children s=200 d=331µs s=252
INF http m=GET p=/assets/index-Dlg_ygoF.js s=200 d=186µs s=45483
INF http m=GET p=/assets/index-Bi-AgGrc.css s=200 d=191µs s=11684
INF http m=GET p=/registerSW.js s=200 d=62µs s=87
INF http m=GET p=/assets/editor-vendor-VZT4IkOY.js s=200 d=167µs s=92428
INF http m=GET p=/assets/vendor-CnrH3R4r.js s=200 d=104µs s=28803
INF http m=GET p=/api/v1/workspaces/40O5BVQ04000/nodes/40O5C3U7O000 s=200 d=329µs s=173
INF http m=GET p=/assets/en-BIK_e_4K.js s=200 d=94µs s=5251
INF http m=GET p=/api/v1/auth/me s=200 d=231µs s=162
INF http m=GET p=/assets/Onboarding-DQ2WAJCW.js s=200 d=47µs s=996
INF http m=GET p=/api/v1/notifications/unread-count s=200 d=216µs s=25
INF http m=GET p=/sw.js s=200 d=84µs s=5593
INF http m=GET p=/favicon.png s=200 d=48µs s=449
INF http m=GET p=/registerSW.js s=200 d=38µs s=87
INF http m=GET p=/index.html s=200 d=281µs s=541
INF http m=POST p=/api/v1/organizations s=200 d=37.6ms s=348
INF http m=GET p=/icon.svg s=200 d=32µs s=195
INF http m=GET p=/api/v1/auth/me s=200 d=243µs s=247
INF http m=GET p=/icon-512.png s=200 d=88µs s=6498
INF http m=GET p=/icon-192.png s=200 d=52µs s=2468
INF http m=GET p=/favicon.png s=200 d=40µs s=449
INF http m=GET p=/apple-touch-icon.png s=200 d=50µs s=2298
INF http m=GET p=/assets/material-symbols-names-D7AiM4If.js s=200 d=125µs s=15478
INF http m=GET p=/assets/fr-B1PqNQ7U.js s=200 d=103µs s=6351
INF http m=GET p=/api/v1/workspaces/40O5BVQ04000/events s=200 d=344ms s=93
INF http m=GET p=/assets/es-OK4oleHZ.js s=200 d=86µs s=6048
INF http m=GET p=/assets/emoji-groups-El6awxEn.js s=200 d=107µs s=13851
INF http m=GET p=/assets/de-CSEWDUi3.js s=200 d=82µs s=6281
INF http m=GET p=/assets/WorkspaceSettingsPanel-BXpT4LCS.css s=200 d=39µs s=994
INF http m=GET p=/assets/WorkspaceSettingsPanel-BB4UnxOs.js s=200 d=116µs s=4465
INF http m=GET p=/assets/Terms-CDs9SgkA.js s=200 d=34µs s=1013
INF http m=GET p=/assets/ServerSettingsPanel-Co4AQ7oB.css s=200 d=75µs s=576
INF http m=GET p=/assets/ServerSettingsPanel-CUtQeHs8.js s=200 d=57µs s=2551
INF http m=GET p=/assets/ResourceQuotaForm-CBiYRbX4.js s=200 d=53µs s=832
INF http m=GET p=/assets/ResourceQuotaForm-BFoPj33M.css s=200 d=50µs s=297
INF http m=GET p=/assets/ProfileSettings-DF5AVI35.js s=200 d=72µs s=4393
INF http m=GET p=/assets/ProfileSettings-CX-HDEdu.css s=200 d=59µs s=1177
INF http m=GET p=/assets/Privacy-cCrfp6_1.css s=200 d=45µs s=314
INF http m=GET p=/assets/Privacy-CgsgvqEr.js s=200 d=45µs s=904
INF http m=GET p=/assets/OrgSettingsPanel-D9VVCokd.css s=200 d=35µs s=488
INF http m=GET p=/assets/OrgSettingsPanel-9P66Q2ps.js s=200 d=91µs s=2333
INF http m=GET p=/assets/OAuthIcons-csRRTXki.js s=200 d=48µs s=951
INF http m=GET p=/assets/InviteForm-DLxm8fu0.css s=200 d=38µs s=394
INF http m=GET p=/assets/InviteForm-CV0yK4I0.js s=200 d=36µs s=1291
INF http m=GET p=/assets/Editor-DfcJ-Jfc.css s=200 d=70µs s=2151
INF http m=GET p=/assets/Editor-BCbjs9IY.js s=200 d=106µs s=13602
INF http m=GET p=/assets/Auth-8NWYUGup.js s=200 d=30µs s=1677
INF http m=POST p=/api/v1/organizations/40O5C69TO000/workspaces s=200 d=399ms s=297
INF http m=GET p=/assets/Auth-6SolzSg2.css s=200 d=40µs s=633
INF http m=GET p=/assets/AdminDashboard-DpHjrDyw.js s=200 d=42µs s=2142
INF http m=GET p=/assets/AdminDashboard-CjPbo26j.css s=200 d=45µs s=584
INF http m=GET p=/manifest.webmanifest s=200 d=35µs s=199
INF http m=POST p=/api/v1/auth/switch-workspace s=200 d=44.1ms s=548
INF http m=GET p=/api/v1/notifications/unread-count s=200 d=182µs s=25
INF http m=GET p=/api/v1/workspaces/40O5C6JCA000/nodes/0/children s=200 d=1.31ms s=26
INF http m=GET p=/api/v1/workspaces/40O5C6JCA000/members s=200 d=224µs s=120
INF http m=POST p=/api/v1/auth/register s=200 d=177ms s=386
INF http m=GET p=/ s=200 d=52µs s=541
INF http m=POST p=/api/v1/workspaces/40O5C6JCA000/nodes/0/page/create s=200 d=54.2ms s=35
INF http m=GET p=/api/v1/workspaces/40O5C6JCA000/nodes/0/children s=200 d=309µs s=257
INF http m=GET p=/api/v1/workspaces/40O5C6JCA000/nodes/40O5C9HA4000 s=200 d=262µs s=245
INF http m=GET p=/assets/index-Dlg_ygoF.js s=200 d=144µs s=45483
INF http m=GET p=/assets/index-Bi-AgGrc.css s=200 d=109µs s=11684
INF http m=GET p=/registerSW.js s=200 d=44µs s=87
INF http m=GET p=/assets/editor-vendor-VZT4IkOY.js s=200 d=152µs s=92428
INF http m=GET p=/assets/vendor-CnrH3R4r.js s=200 d=99µs s=28803
INF http m=GET p=/api/v1/auth/me s=200 d=276µs s=164
INF http m=GET p=/assets/en-BIK_e_4K.js s=200 d=183µs s=5251
INF http m=GET p=/assets/Onboarding-DQ2WAJCW.js s=200 d=44µs s=996
INF http m=GET p=/api/v1/notifications/unread-count s=200 d=353µs s=25
INF http m=GET p=/favicon.png s=200 d=23µs s=449
INF http m=GET p=/sw.js s=200 d=177µs s=5593
INF http m=GET p=/registerSW.js s=200 d=36µs s=87
INF http m=GET p=/index.html s=200 d=41µs s=541
INF http m=GET p=/icon.svg s=200 d=28µs s=195
INF http m=GET p=/icon-512.png s=200 d=94µs s=6498
INF http m=POST p=/api/v1/organizations s=200 d=35.2ms s=349
INF http m=GET p=/icon-192.png s=200 d=63µs s=2468
INF http m=GET p=/api/v1/auth/me s=200 d=3.4ms s=249
INF http m=GET p=/favicon.png s=200 d=32µs s=449
INF http m=GET p=/apple-touch-icon.png s=200 d=87µs s=2298
INF http m=GET p=/assets/material-symbols-names-D7AiM4If.js s=200 d=144µs s=15478
INF http m=GET p=/assets/fr-B1PqNQ7U.js s=200 d=120µs s=6351
INF http m=GET p=/assets/es-OK4oleHZ.js s=200 d=77µs s=6048
INF http m=GET p=/assets/emoji-groups-El6awxEn.js s=200 d=140µs s=13851
INF http m=GET p=/assets/de-CSEWDUi3.js s=200 d=91µs s=6281
INF http m=GET p=/assets/WorkspaceSettingsPanel-BXpT4LCS.css s=200 d=33µs s=994
INF http m=GET p=/assets/WorkspaceSettingsPanel-BB4UnxOs.js s=200 d=65µs s=4465
INF http m=GET p=/assets/Terms-CDs9SgkA.js s=200 d=55µs s=1013
INF http m=GET p=/assets/ServerSettingsPanel-Co4AQ7oB.css s=200 d=26µs s=576
INF http m=GET p=/assets/ServerSettingsPanel-CUtQeHs8.js s=200 d=35µs s=2551
INF http m=GET p=/assets/ResourceQuotaForm-CBiYRbX4.js s=200 d=23µs s=832
INF http m=GET p=/assets/ResourceQuotaForm-BFoPj33M.css s=200 d=25µs s=297
INF http m=GET p=/assets/ProfileSettings-DF5AVI35.js s=200 d=57µs s=4393
INF http m=GET p=/assets/ProfileSettings-CX-HDEdu.css s=200 d=24µs s=1177
INF http m=GET p=/assets/Privacy-cCrfp6_1.css s=200 d=25µs s=314
INF http m=GET p=/assets/Privacy-CgsgvqEr.js s=200 d=23µs s=904
INF http m=GET p=/assets/OrgSettingsPanel-D9VVCokd.css s=200 d=24µs s=488
INF http m=GET p=/assets/OrgSettingsPanel-9P66Q2ps.js s=200 d=34µs s=2333
INF http m=GET p=/assets/OAuthIcons-csRRTXki.js s=200 d=25µs s=951
INF http m=GET p=/assets/InviteForm-DLxm8fu0.css s=200 d=75µs s=394
INF http m=GET p=/assets/InviteForm-CV0yK4I0.js s=200 d=26µs s=1291
INF http m=GET p=/assets/Editor-DfcJ-Jfc.css s=200 d=33µs s=2151
INF http m=GET p=/assets/Editor-BCbjs9IY.js s=200 d=70µs s=13602
INF http m=GET p=/assets/Auth-8NWYUGup.js s=200 d=34µs s=1677
INF http m=GET p=/assets/Auth-6SolzSg2.css s=200 d=22µs s=633
INF http m=GET p=/assets/AdminDashboard-DpHjrDyw.js s=200 d=31µs s=2142
INF http m=GET p=/assets/AdminDashboard-CjPbo26j.css s=200 d=24µs s=584
INF http m=GET p=/manifest.webmanifest s=200 d=25µs s=199
INF http m=POST p=/api/v1/organizations/40O5CB19M000/workspaces s=200 d=228ms s=296
INF http m=POST p=/api/v1/workspaces/40O5C6JCA000/nodes/0/page/create s=200 d=152ms s=26
INF http m=GET p=/w/@40O5C6JCA000+workspace/@40O5C9HA4000+welcome s=200 d=34µs s=541
INF http m=GET p=/api/v1/workspaces/40O5C6JCA000/events s=200 d=540ms s=237
INF http m=POST p=/api/v1/auth/switch-workspace s=200 d=26.5ms s=622
INF http m=GET p=/api/v1/notifications/unread-count s=200 d=181µs s=25
INF http m=GET p=/api/v1/workspaces/40O5CB9UE000/nodes/0/children s=200 d=1.06ms s=26
INF http m=GET p=/api/v1/workspaces/40O5CB9UE000/members s=200 d=1.13ms s=118
INF http m=GET p=/api/v1/auth/me s=200 d=641µs s=348
INF http m=POST p=/api/v1/workspaces/40O5CB9UE000/nodes/0/page/create s=200 d=28.9ms s=35
INF http m=GET p=/api/v1/workspaces/40O5CB9UE000/nodes/0/children s=200 d=327µs s=257
INF http m=GET p=/api/v1/workspaces/40O5CB9UE000/nodes/40O5CD11G000 s=200 d=257µs s=245
INF http m=GET p=/api/v1/workspaces/40O5C6JCA000/members s=200 d=195µs s=120
INF http m=GET p=/api/v1/workspaces/40O5C6JCA000/nodes/0/children s=200 d=330µs s=237
INF http m=GET p=/api/v1/notifications/unread-count s=200 d=322µs s=25
INF http m=GET p=/api/v1/workspaces/40O5C6JCA000/nodes/40O5C9HA4000 s=200 d=6.23ms s=245
INF http m=POST p=/api/v1/workspaces/40O5CB9UE000/nodes/0/page/create s=200 d=17.9ms s=26
INF http m=GET p=/w/@40O5CB9UE000+workspace/@40O5CD11G000+welcome s=200 d=43µs s=541
INF http m=GET p=/api/v1/workspaces/40O5C6JCA000/nodes/40O5CBPM4000 s=200 d=1.76ms s=137
INF http m=GET p=/api/v1/workspaces/40O5CB9UE000/events s=200 d=122ms s=233
INF http m=GET p=/api/v1/auth/me s=200 d=287µs s=351
INF http m=GET p=/api/v1/notifications/unread-count s=200 d=222µs s=25
INF http m=GET p=/api/v1/workspaces/40O5CB9UE000/members s=200 d=179µs s=118
INF http m=GET p=/api/v1/workspaces/40O5CB9UE000/nodes/40O5CD11G000 s=200 d=313µs s=245
INF http m=GET p=/api/v1/workspaces/40O5CB9UE000/nodes/0/children s=200 d=734µs s=262
INF http m=GET p=/api/v1/workspaces/40O5C6JCA000/events s=200 d=179ms s=93
INF http m=GET p=/api/v1/workspaces/40O5CB9UE000/nodes/40O5CDIE4000 s=200 d=873µs s=188
INF http m=GET p=/api/v1/workspaces/40O5CB9UE000/events s=200 d=259ms s=93
INF http m=POST p=/api/v1/auth/register s=200 d=147ms s=384
INF http m=GET p=/ s=200 d=70µs s=541
INF http m=GET p=/assets/vendor-CnrH3R4r.js s=200 d=206µs s=28803
INF http m=GET p=/assets/index-Bi-AgGrc.css s=200 d=111µs s=11684
INF http m=GET p=/assets/index-Dlg_ygoF.js s=200 d=132µs s=45483
INF http m=GET p=/registerSW.js s=200 d=28µs s=87
INF http m=GET p=/assets/editor-vendor-VZT4IkOY.js s=200 d=176µs s=92428
INF http m=GET p=/api/v1/auth/me s=200 d=598µs s=163
INF http m=GET p=/assets/en-BIK_e_4K.js s=200 d=675µs s=5251
INF http m=GET p=/assets/Onboarding-DQ2WAJCW.js s=200 d=43µs s=996
INF http m=GET p=/api/v1/notifications/unread-count s=200 d=228µs s=25
INF http m=GET p=/sw.js s=200 d=101µs s=5593
INF http m=GET p=/favicon.png s=200 d=45µs s=449
INF http m=GET p=/registerSW.js s=200 d=54µs s=87
INF http m=GET p=/index.html s=200 d=38µs s=541
INF http m=POST p=/api/v1/organizations s=200 d=68.3ms s=349
INF http m=GET p=/api/v1/auth/me s=200 d=265µs s=246
INF http m=GET p=/icon.svg s=200 d=59µs s=195
INF http m=POST p=/api/v1/auth/register s=200 d=210ms s=397
INF http m=GET p=/icon-512.png s=200 d=106µs s=6498
INF http m=GET p=/ s=200 d=47µs s=541
INF http m=GET p=/icon-192.png s=200 d=77µs s=2468
INF http m=GET p=/favicon.png s=200 d=48µs s=449
INF http m=GET p=/assets/index-Dlg_ygoF.js s=200 d=125µs s=45483
INF http m=GET p=/assets/index-Bi-AgGrc.css s=200 d=123µs s=11684
INF http m=GET p=/registerSW.js s=200 d=64µs s=87
INF http m=GET p=/assets/editor-vendor-VZT4IkOY.js s=200 d=197µs s=92428
INF http m=GET p=/assets/vendor-CnrH3R4r.js s=200 d=92µs s=28803
INF http m=GET p=/apple-touch-icon.png s=200 d=69µs s=2298
INF http m=GET p=/assets/material-symbols-names-D7AiM4If.js s=200 d=108µs s=15478
INF http m=GET p=/assets/fr-B1PqNQ7U.js s=200 d=943µs s=6351
INF http m=GET p=/assets/es-OK4oleHZ.js s=200 d=84µs s=6048
INF http m=GET p=/assets/en-BIK_e_4K.js s=200 d=123µs s=5251
INF http m=GET p=/api/v1/auth/me s=200 d=6.01ms s=165
INF http m=GET p=/assets/emoji-groups-El6awxEn.js s=200 d=128µs s=13851
INF http m=GET p=/assets/Onboarding-DQ2WAJCW.js s=200 d=43µs s=996
INF http m=GET p=/api/v1/notifications/unread-count s=200 d=183µs s=25
INF http m=GET p=/favicon.png s=200 d=66µs s=449
INF http m=GET p=/assets/de-CSEWDUi3.js s=200 d=97µs s=6281
INF http m=GET p=/assets/WorkspaceSettingsPanel-BXpT4LCS.css s=200 d=48µs s=994
INF http m=GET p=/sw.js s=200 d=81µs s=5593
INF http m=GET p=/assets/WorkspaceSettingsPanel-BB4UnxOs.js s=200 d=59µs s=4465
INF http m=GET p=/assets/Terms-CDs9SgkA.js s=200 d=31µs s=1013
INF http m=GET p=/assets/ServerSettingsPanel-Co4AQ7oB.css s=200 d=42µs s=576
INF http m=GET p=/registerSW.js s=200 d=34µs s=87
INF http m=GET p=/assets/ServerSettingsPanel-CUtQeHs8.js s=200 d=37µs s=2551
INF http m=GET p=/assets/ResourceQuotaForm-CBiYRbX4.js s=200 d=40µs s=832
INF http m=GET p=/index.html s=200 d=20µs s=541
INF http m=GET p=/assets/ResourceQuotaForm-BFoPj33M.css s=200 d=27µs s=297
INF http m=GET p=/icon.svg s=200 d=20µs s=195
INF http m=GET p=/icon-512.png s=200 d=65µs s=6498
INF http m=GET p=/assets/ProfileSettings-DF5AVI35.js s=200 d=855µs s=4393
INF http m=GET p=/assets/ProfileSettings-CX-HDEdu.css s=200 d=28µs s=1177
INF http m=GET p=/icon-192.png s=200 d=43µs s=2468
INF http m=GET p=/assets/Privacy-cCrfp6_1.css s=200 d=41µs s=314
INF http m=GET p=/favicon.png s=200 d=22µs s=449
INF http m=GET p=/apple-touch-icon.png s=200 d=38µs s=2298
INF http m=GET p=/assets/Privacy-CgsgvqEr.js s=200 d=22µs s=904
INF http m=GET p=/assets/OrgSettingsPanel-D9VVCokd.css s=200 d=32µs s=488
INF http m=GET p=/assets/OrgSettingsPanel-9P66Q2ps.js s=200 d=44µs s=2333
INF http m=GET p=/assets/material-symbols-names-D7AiM4If.js s=200 d=3.05ms s=15478
INF http m=GET p=/assets/OAuthIcons-csRRTXki.js s=200 d=54µs s=951
INF http m=GET p=/assets/InviteForm-DLxm8fu0.css s=200 d=44µs s=394
INF http m=GET p=/assets/InviteForm-CV0yK4I0.js s=200 d=37µs s=1291
INF http m=GET p=/assets/Editor-DfcJ-Jfc.css s=200 d=76µs s=2151
INF http m=GET p=/assets/Editor-BCbjs9IY.js s=200 d=86µs s=13602
INF http m=GET p=/assets/fr-B1PqNQ7U.js s=200 d=89µs s=6351
INF http m=GET p=/assets/Auth-8NWYUGup.js s=200 d=247µs s=1677
INF http m=GET p=/assets/es-OK4oleHZ.js s=200 d=65µs s=6048
INF http m=GET p=/assets/Auth-6SolzSg2.css s=200 d=24µs s=633
INF http m=GET p=/assets/AdminDashboard-DpHjrDyw.js s=200 d=55µs s=2142
INF http m=GET p=/assets/emoji-groups-El6awxEn.js s=200 d=84µs s=13851
INF http m=GET p=/assets/AdminDashboard-CjPbo26j.css s=200 d=30µs s=584
INF http m=GET p=/manifest.webmanifest s=200 d=25µs s=199
INF http m=GET p=/assets/de-CSEWDUi3.js s=200 d=1.18ms s=6281
INF http m=GET p=/assets/WorkspaceSettingsPanel-BXpT4LCS.css s=200 d=30µs s=994
INF http m=GET p=/assets/WorkspaceSettingsPanel-BB4UnxOs.js s=200 d=69µs s=4465
INF http m=GET p=/assets/Terms-CDs9SgkA.js s=200 d=25µs s=1013
INF http m=GET p=/assets/ServerSettingsPanel-Co4AQ7oB.css s=200 d=32µs s=576
INF http m=GET p=/assets/ServerSettingsPanel-CUtQeHs8.js s=200 d=35µs s=2551
INF http m=GET p=/assets/ResourceQuotaForm-CBiYRbX4.js s=200 d=27µs s=832
INF http m=GET p=/assets/ResourceQuotaForm-BFoPj33M.css s=200 d=29µs s=297
INF http m=GET p=/assets/ProfileSettings-DF5AVI35.js s=200 d=62µs s=4393
INF http m=GET p=/assets/ProfileSettings-CX-HDEdu.css s=200 d=27µs s=1177
INF http m=POST p=/api/v1/organizations/40O5CIB2G000/workspaces s=200 d=458ms s=292
INF http m=GET p=/assets/Privacy-cCrfp6_1.css s=200 d=27µs s=314
INF http m=GET p=/assets/Privacy-CgsgvqEr.js s=200 d=25µs s=904
INF http m=GET p=/assets/OrgSettingsPanel-D9VVCokd.css s=200 d=23µs s=488
INF http m=POST p=/api/v1/organizations s=200 d=231ms s=349
INF http m=GET p=/assets/OrgSettingsPanel-9P66Q2ps.js s=200 d=81µs s=2333
INF http m=GET p=/api/v1/auth/me s=200 d=7.45ms s=250
INF http m=GET p=/assets/OAuthIcons-csRRTXki.js s=200 d=26µs s=951
INF http m=GET p=/assets/InviteForm-DLxm8fu0.css s=200 d=28µs s=394
INF http m=GET p=/assets/InviteForm-CV0yK4I0.js s=200 d=25µs s=1291
INF http m=GET p=/assets/Editor-DfcJ-Jfc.css s=200 d=35µs s=2151
INF http m=GET p=/assets/Editor-BCbjs9IY.js s=200 d=72µs s=13602
INF http m=POST p=/api/v1/auth/switch-workspace s=200 d=35.9ms s=554
INF http m=GET p=/assets/Auth-8NWYUGup.js s=200 d=30µs s=1677
INF http m=GET p=/assets/Auth-6SolzSg2.css s=200 d=28µs s=633
INF http m=GET p=/assets/AdminDashboard-DpHjrDyw.js s=200 d=77µs s=2142
INF http m=GET p=/api/v1/notifications/unread-count s=200 d=612µs s=25
INF http m=GET p=/assets/AdminDashboard-CjPbo26j.css s=200 d=29µs s=584
INF http m=GET p=/api/v1/workspaces/40O5CIS3G000/members s=200 d=2.84ms s=114
INF http m=GET p=/manifest.webmanifest s=200 d=30µs s=199
INF http m=GET p=/api/v1/workspaces/40O5CIS3G000/nodes/0/children s=200 d=296µs s=26
INF http m=POST p=/api/v1/organizations/40O5CKA74000/workspaces s=200 d=208ms s=298
INF http m=POST p=/api/v1/workspaces/40O5CIS3G000/nodes/0/page/create s=200 d=137ms s=35
INF http m=GET p=/api/v1/workspaces/40O5CIS3G000/nodes/0/children s=200 d=314µs s=257
INF http m=GET p=/api/v1/workspaces/40O5CIS3G000/nodes/40O5CM8NK000 s=200 d=165µs s=245
INF http m=POST p=/api/v1/auth/switch-workspace s=200 d=31ms s=556
INF http m=GET p=/api/v1/notifications/unread-count s=200 d=212µs s=25
INF http m=GET p=/api/v1/workspaces/40O5CLQ0G000/members s=200 d=4.86ms s=122
INF http m=GET p=/api/v1/workspaces/40O5CLQ0G000/nodes/0/children s=200 d=6.73ms s=26
INF http m=POST p=/api/v1/workspaces/40O5CLQ0G000/nodes/0/page/create s=200 d=18.8ms s=35
INF http m=GET p=/api/v1/workspaces/40O5CLQ0G000/nodes/0/children s=200 d=883µs s=257
INF http m=GET p=/api/v1/workspaces/40O5CLQ0G000/nodes/40O5CNFGE000 s=200 d=277µs s=245
INF http m=POST p=/api/v1/workspaces/40O5CIS3G000/nodes/0/page/create s=200 d=15.2ms s=26
INF http m=GET p=/w/@40O5CIS3G000+workspace/@40O5CM8NK000+welcome s=200 d=64µs s=541
INF http m=GET p=/api/v1/workspaces/40O5CIS3G000/events s=200 d=326ms s=236
INF http m=GET p=/api/v1/auth/me s=200 d=336µs s=362
INF http m=GET p=/api/v1/notifications/unread-count s=200 d=287µs s=25
INF http m=GET p=/api/v1/workspaces/40O5CIS3G000/nodes/0/children s=200 d=694µs s=289
INF http m=GET p=/api/v1/workspaces/40O5CIS3G000/members s=200 d=715µs s=114
INF http m=GET p=/api/v1/workspaces/40O5CIS3G000/nodes/40O5CM8NK000 s=200 d=828µs s=245
INF http m=GET p=/api/v1/workspaces/40O5CIS3G000/nodes/40O5CNU42000 s=200 d=405µs s=185
INF http m=POST p=/api/v1/workspaces/40O5CIS3G000/nodes/0/page/create s=200 d=15.4ms s=26
INF http m=GET p=/w/@40O5CIS3G000+rt-hs-workspace/@40O5CNU42000+round-trip s=200 d=30µs s=541
INF http m=GET p=/api/v1/workspaces/40O5CIS3G000/events s=200 d=138ms s=205
INF http m=GET p=/api/v1/auth/me s=200 d=276µs s=362
INF http m=GET p=/api/v1/notifications/unread-count s=200 d=208µs s=25
INF http m=GET p=/api/v1/workspaces/40O5CIS3G000/nodes/0/children s=200 d=375µs s=306
INF http m=GET p=/api/v1/workspaces/40O5CIS3G000/nodes/40O5CNU42000 s=200 d=233µs s=185
INF http m=GET p=/api/v1/workspaces/40O5CIS3G000/members s=200 d=1.06ms s=114
INF http m=POST p=/api/v1/workspaces/40O5CLQ0G000/nodes/0/page/create s=200 d=17ms s=26
INF http m=GET p=/api/v1/workspaces/40O5CIS3G000/nodes/40O5CP6IU000 s=200 d=261µs s=135
INF http m=GET p=/w/@40O5CLQ0G000+workspace/@40O5CNFGE000+welcome s=200 d=47µs s=541
INF http m=GET p=/api/v1/workspaces/40O5CLQ0G000/events s=200 d=413ms s=234
INF http m=GET p=/api/v1/auth/me s=200 d=286µs s=352
INF http m=GET p=/api/v1/notifications/unread-count s=200 d=211µs s=25
INF http m=GET p=/api/v1/workspaces/40O5CLQ0G000/nodes/0/children s=200 d=371µs s=235
INF http m=GET p=/api/v1/workspaces/40O5CLQ0G000/members s=200 d=156µs s=122
INF http m=GET p=/api/v1/workspaces/40O5CLQ0G000/nodes/40O5CNFGE000 s=200 d=426µs s=245
INF http m=GET p=/api/v1/workspaces/40O5CIS3G000/events s=200 d=188ms s=93
INF http m=GET p=/api/v1/workspaces/40O5CLQ0G000/nodes/40O5CPPA4000 s=200 d=315µs s=136
INF http m=GET p=/api/v1/workspaces/40O5CLQ0G000/events s=200 d=221ms s=93
INF http m=POST p=/api/v1/auth/register s=200 d=202ms s=412
INF http m=GET p=/ s=200 d=55µs s=541
INF http m=GET p=/registerSW.js s=200 d=81µs s=87
INF http m=GET p=/assets/editor-vendor-VZT4IkOY.js s=200 d=154µs s=92428
INF http m=GET p=/assets/vendor-CnrH3R4r.js s=200 d=106µs s=28803
INF http m=GET p=/assets/index-Bi-AgGrc.css s=200 d=97µs s=11684
INF http m=GET p=/assets/index-Dlg_ygoF.js s=200 d=152µs s=45483
INF http m=GET p=/api/v1/auth/me s=200 d=241µs s=175
INF http m=GET p=/assets/en-BIK_e_4K.js s=200 d=78µs s=5251
INF http m=GET p=/assets/Onboarding-DQ2WAJCW.js s=200 d=46µs s=996
INF http m=GET p=/api/v1/notifications/unread-count s=200 d=162µs s=25
INF http m=GET p=/favicon.png s=200 d=32µs s=449
INF http m=GET p=/sw.js s=200 d=131µs s=5593
INF http m=POST p=/api/v1/auth/register s=200 d=232ms s=404
INF http m=GET p=/ s=200 d=84µs s=541
INF http m=GET p=/registerSW.js s=200 d=39µs s=87
INF http m=GET p=/assets/index-Bi-AgGrc.css s=200 d=142µs s=11684
INF http m=GET p=/assets/index-Dlg_ygoF.js s=200 d=108µs s=45483
INF http m=GET p=/index.html s=200 d=33µs s=541
INF http m=GET p=/assets/vendor-CnrH3R4r.js s=200 d=109µs s=28803
INF http m=GET p=/assets/editor-vendor-VZT4IkOY.js s=200 d=172µs s=92428
INF http m=GET p=/registerSW.js s=200 d=45µs s=87
INF http m=GET p=/icon.svg s=200 d=29µs s=195
INF http m=GET p=/icon-512.png s=200 d=195µs s=6498
INF http m=GET p=/icon-192.png s=200 d=132µs s=2468
INF http m=GET p=/favicon.png s=200 d=40µs s=449
INF http m=GET p=/apple-touch-icon.png s=200 d=38µs s=2298
INF http m=POST p=/api/v1/organizations s=200 d=113ms s=361
INF http m=GET p=/api/v1/auth/me s=200 d=231µs s=260
INF http m=GET p=/assets/material-symbols-names-D7AiM4If.js s=200 d=99µs s=15478
INF http m=GET p=/assets/fr-B1PqNQ7U.js s=200 d=87µs s=6351
INF http m=GET p=/assets/es-OK4oleHZ.js s=200 d=83µs s=6048
INF http m=GET p=/api/v1/auth/me s=200 d=620µs s=172
INF http m=GET p=/assets/en-BIK_e_4K.js s=200 d=236µs s=5251
INF http m=GET p=/assets/emoji-groups-El6awxEn.js s=200 d=68µs s=13851
INF http m=GET p=/assets/Onboarding-DQ2WAJCW.js s=200 d=48µs s=996
INF http m=GET p=/api/v1/notifications/unread-count s=200 d=271µs s=25
INF http m=GET p=/favicon.png s=200 d=28µs s=449
INF http m=GET p=/sw.js s=200 d=678µs s=5593
INF http m=GET p=/assets/de-CSEWDUi3.js s=200 d=101µs s=6281
INF http m=GET p=/assets/WorkspaceSettingsPanel-BXpT4LCS.css s=200 d=45µs s=994
INF http m=GET p=/registerSW.js s=200 d=39µs s=87
INF http m=GET p=/assets/WorkspaceSettingsPanel-BB4UnxOs.js s=200 d=115µs s=4465
INF http m=GET p=/index.html s=200 d=24µs s=541
INF http m=GET p=/icon.svg s=200 d=44µs s=195
INF http m=GET p=/icon-512.png s=200 d=70µs s=6498
INF http m=GET p=/assets/Terms-CDs9SgkA.js s=200 d=25µs s=1013
INF http m=GET p=/icon-192.png s=200 d=36µs s=2468
INF http m=GET p=/assets/ServerSettingsPanel-Co4AQ7oB.css s=200 d=28µs s=576
INF http m=GET p=/favicon.png s=200 d=28µs s=449
INF http m=GET p=/assets/ServerSettingsPanel-CUtQeHs8.js s=200 d=38µs s=2551
INF http m=GET p=/apple-touch-icon.png s=200 d=65µs s=2298
INF http m=GET p=/assets/ResourceQuotaForm-CBiYRbX4.js s=200 d=25µs s=832
INF http m=GET p=/assets/ResourceQuotaForm-BFoPj33M.css s=200 d=33µs s=297
INF http m=GET p=/assets/ProfileSettings-DF5AVI35.js s=200 d=62µs s=4393
INF http m=GET p=/assets/material-symbols-names-D7AiM4If.js s=200 d=61µs s=15478
INF http m=GET p=/assets/ProfileSettings-CX-HDEdu.css s=200 d=45µs s=1177
INF http m=GET p=/assets/Privacy-cCrfp6_1.css s=200 d=72µs s=314
INF http m=GET p=/assets/Privacy-CgsgvqEr.js s=200 d=38µs s=904
INF http m=GET p=/assets/fr-B1PqNQ7U.js s=200 d=61µs s=6351
INF http m=GET p=/assets/OrgSettingsPanel-D9VVCokd.css s=200 d=25µs s=488
INF http m=GET p=/assets/OrgSettingsPanel-9P66Q2ps.js s=200 d=39µs s=2333
INF http m=GET p=/assets/es-OK4oleHZ.js s=200 d=42µs s=6048
INF http m=GET p=/assets/emoji-groups-El6awxEn.js s=200 d=83µs s=13851
INF http m=GET p=/assets/OAuthIcons-csRRTXki.js s=200 d=37µs s=951
INF http m=GET p=/assets/InviteForm-DLxm8fu0.css s=200 d=56µs s=394
INF http m=GET p=/assets/de-CSEWDUi3.js s=200 d=71µs s=6281
INF http m=GET p=/assets/InviteForm-CV0yK4I0.js s=200 d=32µs s=1291
INF http m=GET p=/assets/Editor-DfcJ-Jfc.css s=200 d=48µs s=2151
INF http m=GET p=/assets/WorkspaceSettingsPanel-BXpT4LCS.css s=200 d=23µs s=994
INF http m=GET p=/assets/WorkspaceSettingsPanel-BB4UnxOs.js s=200 d=60µs s=4465
INF http m=GET p=/assets/Editor-BCbjs9IY.js s=200 d=88µs s=13602
INF http m=GET p=/assets/Terms-CDs9SgkA.js s=200 d=23µs s=1013
INF http m=GET p=/assets/ServerSettingsPanel-Co4AQ7oB.css s=200 d=24µs s=576
INF http m=GET p=/assets/Auth-8NWYUGup.js s=200 d=25µs s=1677
INF http m=GET p=/assets/ServerSettingsPanel-CUtQeHs8.js s=200 d=40µs s=2551
INF http m=GET p=/assets/Auth-6SolzSg2.css s=200 d=21µs s=633
INF http m=GET p=/assets/ResourceQuotaForm-CBiYRbX4.js s=200 d=51µs s=832
INF http m=GET p=/assets/ResourceQuotaForm-BFoPj33M.css s=200 d=28µs s=297
INF http m=GET p=/assets/AdminDashboard-DpHjrDyw.js s=200 d=30µs s=2142
INF http m=GET p=/assets/ProfileSettings-DF5AVI35.js s=200 d=63µs s=4393
INF http m=GET p=/assets/ProfileSettings-CX-HDEdu.css s=200 d=25µs s=1177
INF http m=GET p=/assets/AdminDashboard-CjPbo26j.css s=200 d=27µs s=584
INF http m=GET p=/assets/Privacy-cCrfp6_1.css s=200 d=42µs s=314
INF http m=GET p=/manifest.webmanifest s=200 d=25µs s=199
INF http m=GET p=/assets/Privacy-CgsgvqEr.js s=200 d=47µs s=904
INF http m=GET p=/assets/OrgSettingsPanel-D9VVCokd.css s=200 d=94µs s=488
INF http m=GET p=/assets/OrgSettingsPanel-9P66Q2ps.js s=200 d=52µs s=2333
INF http m=GET p=/assets/OAuthIcons-csRRTXki.js s=200 d=37µs s=951
INF http m=GET p=/assets/InviteForm-DLxm8fu0.css s=200 d=55µs s=394
INF http m=GET p=/assets/InviteForm-CV0yK4I0.js s=200 d=27µs s=1291
INF http m=POST p=/api/v1/organizations/40O5CV7LE000/workspaces s=200 d=377ms s=307
INF http m=GET p=/assets/Editor-DfcJ-Jfc.css s=200 d=30µs s=2151
INF http m=GET p=/assets/Editor-BCbjs9IY.js s=200 d=67µs s=13602
INF http m=POST p=/api/v1/organizations s=200 d=236ms s=355
INF http m=GET p=/api/v1/auth/me s=200 d=651µs s=258
INF http m=GET p=/assets/Auth-8NWYUGup.js s=200 d=34µs s=1677
INF http m=GET p=/assets/Auth-6SolzSg2.css s=200 d=40µs s=633
INF http m=GET p=/assets/AdminDashboard-DpHjrDyw.js s=200 d=33µs s=2142
INF http m=GET p=/assets/AdminDashboard-CjPbo26j.css s=200 d=26µs s=584
INF http m=GET p=/manifest.webmanifest s=200 d=28µs s=199
INF http m=POST p=/api/v1/auth/switch-workspace s=200 d=40.5ms s=653
INF http m=GET p=/api/v1/notifications/unread-count s=200 d=193µs s=25
INF http m=GET p=/api/v1/workspaces/40O5CVVHA000/nodes/0/children s=200 d=8.39ms s=26
INF http m=GET p=/api/v1/workspaces/40O5CVVHA000/members s=200 d=8.99ms s=127
INF http m=POST p=/api/v1/organizations/40O5D0SK0000/workspaces s=200 d=208ms s=304
INF http m=POST p=/api/v1/workspaces/40O5CVVHA000/nodes/0/page/create s=200 d=144ms s=35
INF http m=GET p=/api/v1/workspaces/40O5CVVHA000/nodes/0/children s=200 d=223µs s=257
INF http m=GET p=/api/v1/workspaces/40O5CVVHA000/nodes/40O5D2PBS000 s=200 d=276µs s=245
INF http m=POST p=/api/v1/auth/switch-workspace s=200 d=28ms s=573
INF http m=GET p=/api/v1/notifications/unread-count s=200 d=190µs s=25
INF http m=GET p=/api/v1/workspaces/40O5D2C1A000/nodes/0/children s=200 d=603µs s=26
INF http m=GET p=/api/v1/workspaces/40O5D2C1A000/members s=200 d=595µs s=123
INF http m=POST p=/api/v1/workspaces/40O5D2C1A000/nodes/0/page/create s=200 d=19.3ms s=35
INF http m=GET p=/api/v1/workspaces/40O5D2C1A000/nodes/0/children s=200 d=222µs s=257
INF http m=GET p=/api/v1/workspaces/40O5D2C1A000/nodes/40O5D41AU000 s=200 d=231µs s=245
INF http m=POST p=/api/v1/workspaces/40O5CVVHA000/nodes/0/page/create s=200 d=16.4ms s=26
INF http m=GET p=/w/@40O5CVVHA000+workspace/@40O5D2PBS000+welcome s=200 d=41µs s=541
INF http m=GET p=/api/v1/workspaces/40O5CVVHA000/events s=200 d=370ms s=239
INF http m=GET p=/api/v1/auth/me s=200 d=292µs s=361
INF http m=GET p=/api/v1/notifications/unread-count s=200 d=214µs s=25
INF http m=GET p=/api/v1/workspaces/40O5CVVHA000/members s=200 d=205µs s=127
INF http m=GET p=/api/v1/workspaces/40O5CVVHA000/nodes/0/children s=200 d=390µs s=259
INF http m=GET p=/api/v1/workspaces/40O5CVVHA000/nodes/40O5D2PBS000 s=200 d=245µs s=245
INF http m=GET p=/api/v1/workspaces/40O5CVVHA000/nodes/40O5D4P6M000 s=200 d=1.1ms s=149
INF http m=GET p=/api/v1/workspaces/40O5CVVHA000/events s=200 d=84.5ms s=93
INF http m=POST p=/api/v1/workspaces/40O5D2C1A000/nodes/0/page/create s=200 d=45.2ms s=26
INF http m=GET p=/w/@40O5D2C1A000+workspace/@40O5D41AU000+welcome s=200 d=45µs s=541
INF http m=GET p=/api/v1/workspaces/40O5D2C1A000/events s=200 d=468ms s=239
INF http m=GET p=/api/v1/auth/me s=200 d=315µs s=361
INF http m=GET p=/api/v1/notifications/unread-count s=200 d=200µs s=25
INF http m=GET p=/api/v1/workspaces/40O5D2C1A000/nodes/0/children s=200 d=351µs s=251
INF http m=GET p=/api/v1/workspaces/40O5D2C1A000/nodes/40O5D41AU000 s=200 d=199µs s=245
INF http m=GET p=/api/v1/workspaces/40O5D2C1A000/members s=200 d=142µs s=123
INF http m=POST p=/api/v1/auth/register s=200 d=154ms s=414
INF http m=GET p=/ s=200 d=96µs s=541
INF http m=GET p=/assets/index-Dlg_ygoF.js s=200 d=160µs s=45483
INF http m=GET p=/registerSW.js s=200 d=47µs s=87
INF http m=GET p=/assets/editor-vendor-VZT4IkOY.js s=200 d=169µs s=92428
INF http m=GET p=/assets/vendor-CnrH3R4r.js s=200 d=94µs s=28803
INF http m=GET p=/assets/index-Bi-AgGrc.css s=200 d=94µs s=11684
INF http m=GET p=/api/v1/workspaces/40O5D2C1A000/nodes/40O5D6D8E000 s=200 d=370µs s=143
INF http m=GET p=/api/v1/auth/me s=200 d=492µs s=175
INF http m=GET p=/assets/en-BIK_e_4K.js s=200 d=142µs s=5251
INF http m=GET p=/assets/Onboarding-DQ2WAJCW.js s=200 d=48µs s=996
INF http m=GET p=/favicon.png s=200 d=51µs s=449
INF http m=GET p=/api/v1/notifications/unread-count s=200 d=216µs s=25
INF http m=GET p=/sw.js s=200 d=84µs s=5593
INF http m=GET p=/registerSW.js s=200 d=54µs s=87
INF http m=GET p=/index.html s=200 d=37µs s=541
INF http m=GET p=/icon.svg s=200 d=33µs s=195
INF http m=GET p=/icon-512.png s=200 d=80µs s=6498
INF http m=GET p=/icon-192.png s=200 d=45µs s=2468
INF http m=POST p=/api/v1/organizations s=200 d=42.1ms s=359
INF http m=GET p=/api/v1/auth/me s=200 d=222µs s=261
INF http m=GET p=/favicon.png s=200 d=29µs s=449
INF http m=GET p=/apple-touch-icon.png s=200 d=72µs s=2298
INF http m=GET p=/assets/material-symbols-names-D7AiM4If.js s=200 d=261µs s=15478
INF http m=GET p=/api/v1/workspaces/40O5D2C1A000/events s=200 d=382ms s=93
INF http m=GET p=/assets/fr-B1PqNQ7U.js s=200 d=120µs s=6351
INF http m=GET p=/assets/es-OK4oleHZ.js s=200 d=85µs s=6048
INF http m=GET p=/assets/emoji-groups-El6awxEn.js s=200 d=109µs s=13851
INF http m=GET p=/assets/de-CSEWDUi3.js s=200 d=89µs s=6281
INF http m=GET p=/assets/WorkspaceSettingsPanel-BXpT4LCS.css s=200 d=43µs s=994
INF http m=GET p=/assets/WorkspaceSettingsPanel-BB4UnxOs.js s=200 d=103µs s=4465
INF http m=GET p=/assets/Terms-CDs9SgkA.js s=200 d=40µs s=1013
INF http m=GET p=/assets/ServerSettingsPanel-Co4AQ7oB.css s=200 d=47µs s=576
INF http m=GET p=/assets/ServerSettingsPanel-CUtQeHs8.js s=200 d=57µs s=2551
INF http m=GET p=/assets/ResourceQuotaForm-CBiYRbX4.js s=200 d=40µs s=832
INF http m=GET p=/assets/ResourceQuotaForm-BFoPj33M.css s=200 d=47µs s=297
INF http m=GET p=/assets/ProfileSettings-DF5AVI35.js s=200 d=71µs s=4393
INF http m=GET p=/assets/ProfileSettings-CX-HDEdu.css s=200 d=53µs s=1177
INF http m=GET p=/assets/Privacy-cCrfp6_1.css s=200 d=27µs s=314
INF http m=GET p=/assets/Privacy-CgsgvqEr.js s=200 d=31µs s=904
INF http m=GET p=/assets/OrgSettingsPanel-D9VVCokd.css s=200 d=29µs s=488
INF http m=GET p=/assets/OrgSettingsPanel-9P66Q2ps.js s=200 d=43µs s=2333
INF http m=GET p=/assets/OAuthIcons-csRRTXki.js s=200 d=37µs s=951
INF http m=GET p=/assets/InviteForm-DLxm8fu0.css s=200 d=35µs s=394
INF http m=GET p=/assets/InviteForm-CV0yK4I0.js s=200 d=29µs s=1291
INF http m=GET p=/assets/Editor-DfcJ-Jfc.css s=200 d=43µs s=2151
INF http m=GET p=/assets/Editor-BCbjs9IY.js s=200 d=90µs s=13602
INF http m=GET p=/assets/Auth-8NWYUGup.js s=200 d=37µs s=1677
INF http m=GET p=/assets/Auth-6SolzSg2.css s=200 d=42µs s=633
INF http m=GET p=/assets/AdminDashboard-DpHjrDyw.js s=200 d=50µs s=2142
INF http m=GET p=/assets/AdminDashboard-CjPbo26j.css s=200 d=54µs s=584
INF http m=GET p=/manifest.webmanifest s=200 d=26µs s=199
INF http m=POST p=/api/v1/organizations/40O5D94O2000/workspaces s=200 d=445ms s=304
INF http m=POST p=/api/v1/auth/register s=200 d=171ms s=405
INF http m=GET p=/ s=200 d=54µs s=541
INF http m=GET p=/assets/index-Dlg_ygoF.js s=200 d=302µs s=45483
INF http m=GET p=/assets/index-Bi-AgGrc.css s=200 d=101µs s=11684
INF http m=POST p=/api/v1/auth/switch-workspace s=200 d=42.7ms s=573
INF http m=GET p=/assets/vendor-CnrH3R4r.js s=200 d=107µs s=28803
INF http m=GET p=/assets/editor-vendor-VZT4IkOY.js s=200 d=153µs s=92428
INF http m=GET p=/registerSW.js s=200 d=34µs s=87
INF http m=GET p=/api/v1/notifications/unread-count s=200 d=373µs s=25
INF http m=GET p=/api/v1/workspaces/40O5D9DV4000/members s=200 d=7.73ms s=125
INF http m=GET p=/api/v1/workspaces/40O5D9DV4000/nodes/0/children s=200 d=8.16ms s=26
INF http m=GET p=/api/v1/auth/me s=200 d=246µs s=172
INF http m=GET p=/assets/en-BIK_e_4K.js s=200 d=92µs s=5251
INF http m=GET p=/assets/Onboarding-DQ2WAJCW.js s=200 d=39µs s=996
INF http m=GET p=/api/v1/notifications/unread-count s=200 d=2.26ms s=25
INF http m=GET p=/favicon.png s=200 d=37µs s=449
INF http m=POST p=/api/v1/workspaces/40O5D9DV4000/nodes/0/page/create s=200 d=40.5ms s=35
INF http m=GET p=/api/v1/workspaces/40O5D9DV4000/nodes/0/children s=200 d=274µs s=257
INF http m=GET p=/sw.js s=200 d=111µs s=5593
INF http m=GET p=/api/v1/workspaces/40O5D9DV4000/nodes/40O5DCUV0000 s=200 d=312µs s=245
INF http m=GET p=/registerSW.js s=200 d=43µs s=87
INF http m=GET p=/index.html s=200 d=32µs s=541
INF http m=GET p=/icon.svg s=200 d=51µs s=195
INF http m=GET p=/icon-512.png s=200 d=71µs s=6498
INF http m=GET p=/icon-192.png s=200 d=101µs s=2468
INF http m=POST p=/api/v1/organizations s=200 d=78.9ms s=354
INF http m=GET p=/favicon.png s=200 d=31µs s=449
INF http m=GET p=/api/v1/auth/me s=200 d=229µs s=254
INF http m=GET p=/apple-touch-icon.png s=200 d=42µs s=2298
INF http m=GET p=/assets/material-symbols-names-D7AiM4If.js s=200 d=139µs s=15478
INF http m=GET p=/assets/fr-B1PqNQ7U.js s=200 d=850µs s=6351
INF http m=GET p=/assets/es-OK4oleHZ.js s=200 d=84µs s=6048
INF http m=GET p=/assets/emoji-groups-El6awxEn.js s=200 d=99µs s=13851
INF http m=GET p=/assets/de-CSEWDUi3.js s=200 d=85µs s=6281
INF http m=GET p=/assets/WorkspaceSettingsPanel-BXpT4LCS.css s=200 d=38µs s=994
INF http m=GET p=/assets/WorkspaceSettingsPanel-BB4UnxOs.js s=200 d=69µs s=4465
INF http m=GET p=/assets/Terms-CDs9SgkA.js s=200 d=31µs s=1013
INF http m=GET p=/assets/ServerSettingsPanel-Co4AQ7oB.css s=200 d=31µs s=576
INF http m=GET p=/assets/ServerSettingsPanel-CUtQeHs8.js s=200 d=55µs s=2551
INF http m=GET p=/assets/ResourceQuotaForm-CBiYRbX4.js s=200 d=27µs s=832
INF http m=GET p=/assets/ResourceQuotaForm-BFoPj33M.css s=200 d=30µs s=297
INF http m=GET p=/assets/ProfileSettings-DF5AVI35.js s=200 d=48µs s=4393
INF http m=GET p=/assets/ProfileSettings-CX-HDEdu.css s=200 d=33µs s=1177
INF http m=GET p=/assets/Privacy-cCrfp6_1.css s=200 d=27µs s=314
INF http m=GET p=/assets/Privacy-CgsgvqEr.js s=200 d=22µs s=904
INF http m=GET p=/assets/OrgSettingsPanel-D9VVCokd.css s=200 d=25µs s=488
INF http m=GET p=/assets/OrgSettingsPanel-9P66Q2ps.js s=200 d=31µs s=2333
INF http m=GET p=/assets/OAuthIcons-csRRTXki.js s=200 d=26µs s=951
INF http m=GET p=/assets/InviteForm-DLxm8fu0.css s=200 d=24µs s=394
INF http m=GET p=/assets/InviteForm-CV0yK4I0.js s=200 d=24µs s=1291
INF http m=GET p=/assets/Editor-DfcJ-Jfc.css s=200 d=30µs s=2151
INF http m=GET p=/assets/Editor-BCbjs9IY.js s=200 d=113µs s=13602
INF http m=GET p=/assets/Auth-8NWYUGup.js s=200 d=29µs s=1677
INF http m=GET p=/assets/Auth-6SolzSg2.css s=200 d=25µs s=633
INF http m=GET p=/assets/AdminDashboard-DpHjrDyw.js s=200 d=29µs s=2142
INF http m=GET p=/assets/AdminDashboard-CjPbo26j.css s=200 d=25µs s=584
INF http m=GET p=/manifest.webmanifest s=200 d=24µs s=199
INF http m=POST p=/api/v1/organizations/40O5DD87K000/workspaces s=200 d=264ms s=299
INF http m=POST p=/api/v1/workspaces/40O5D9DV4000/nodes/0/page/create s=200 d=147ms s=26
INF http m=GET p=/w/@40O5D9DV4000+workspace/@40O5DCUV0000+welcome s=200 d=32µs s=541
INF http m=GET p=/api/v1/workspaces/40O5D9DV4000/events s=200 d=451ms s=229
INF http m=POST p=/api/v1/auth/switch-workspace s=200 d=33.5ms s=571
INF http m=GET p=/api/v1/notifications/unread-count s=200 d=189µs s=25
INF http m=GET p=/api/v1/workspaces/40O5DDQ8G000/members s=200 d=192µs s=121
INF http m=GET p=/api/v1/workspaces/40O5DDQ8G000/nodes/0/children s=200 d=1.01ms s=26
INF http m=GET p=/api/v1/auth/me s=200 d=230µs s=364
INF http m=GET p=/api/v1/notifications/unread-count s=200 d=156µs s=25
INF http m=GET p=/api/v1/workspaces/40O5D9DV4000/members s=200 d=653µs s=125
INF http m=POST p=/api/v1/workspaces/40O5DDQ8G000/nodes/0/page/create s=200 d=30.2ms s=35
INF http m=GET p=/api/v1/workspaces/40O5D9DV4000/nodes/0/children s=200 d=3.67ms s=262
INF http m=GET p=/api/v1/workspaces/40O5DDQ8G000/nodes/0/children s=200 d=2.29ms s=270
INF http m=GET p=/api/v1/workspaces/40O5D9DV4000/nodes/40O5DCUV0000 s=200 d=6.44ms s=245
INF http m=GET p=/api/v1/workspaces/40O5DDQ8G000/nodes/40O5DFRRS000 s=200 d=1.15ms s=245
INF http m=POST p=/api/v1/workspaces/40O5DDQ8G000/nodes/0/page/create s=200 d=35.5ms s=26
INF http m=GET p=/w/@40O5DDQ8G000+workspace/@40O5DFRRS000+welcome s=200 d=71µs s=541
INF http m=GET p=/api/v1/workspaces/40O5DDQ8G000/events s=200 d=80.8ms s=233
INF http m=GET p=/api/v1/workspaces/40O5D9DV4000/nodes/40O5DEHU0000 s=200 d=874µs s=155
INF http m=GET p=/api/v1/auth/me s=200 d=817µs s=355
INF http m=GET p=/api/v1/notifications/unread-count s=200 d=220µs s=25
INF http m=GET p=/api/v1/workspaces/40O5DDQ8G000/members s=200 d=535µs s=121
INF http m=GET p=/api/v1/workspaces/40O5DDQ8G000/nodes/40O5DFRRS000 s=200 d=710µs s=245
INF http m=GET p=/api/v1/workspaces/40O5DDQ8G000/nodes/0/children s=200 d=1.12ms s=270
INF http m=GET p=/api/v1/workspaces/40O5DDQ8G000/nodes/40O5DG01A000 s=200 d=1.41ms s=164
INF http m=GET p=/api/v1/workspaces/40O5D9DV4000/events s=200 d=277ms s=93
INF http m=GET p=/api/v1/workspaces/40O5DDQ8G000/events s=200 d=380ms s=93
INF http m=POST p=/api/v1/auth/register s=200 d=171ms s=405
INF http m=GET p=/ s=200 d=58µs s=541
INF http m=GET p=/assets/vendor-CnrH3R4r.js s=200 d=156µs s=28803
INF http m=GET p=/assets/index-Bi-AgGrc.css s=200 d=108µs s=11684
INF http m=GET p=/assets/index-Dlg_ygoF.js s=200 d=103µs s=45483
INF http m=GET p=/registerSW.js s=200 d=35µs s=87
INF http m=GET p=/assets/editor-vendor-VZT4IkOY.js s=200 d=126µs s=92428
INF http m=GET p=/api/v1/auth/me s=200 d=252µs s=170
INF http m=GET p=/assets/en-BIK_e_4K.js s=200 d=235µs s=5251
INF http m=GET p=/assets/Onboarding-DQ2WAJCW.js s=200 d=49µs s=996
INF http m=GET p=/api/v1/notifications/unread-count s=200 d=163µs s=25
INF http m=GET p=/sw.js s=200 d=94µs s=5593
INF http m=GET p=/registerSW.js s=200 d=37µs s=87
INF http m=GET p=/favicon.png s=200 d=43µs s=449
INF http m=GET p=/index.html s=200 d=21µs s=541
INF http m=GET p=/icon.svg s=200 d=30µs s=195
INF http m=GET p=/icon-512.png s=200 d=75µs s=6498
INF http m=GET p=/icon-192.png s=200 d=52µs s=2468
INF http m=GET p=/favicon.png s=200 d=39µs s=449
INF http m=GET p=/apple-touch-icon.png s=200 d=47µs s=2298
INF http m=POST p=/api/v1/auth/register s=200 d=216ms s=409
INF http m=GET p=/ s=200 d=56µs s=541
INF http m=POST p=/api/v1/organizations s=200 d=61.3ms s=355
INF http m=GET p=/api/v1/auth/me s=200 d=943µs s=257
INF http m=GET p=/assets/material-symbols-names-D7AiM4If.js s=200 d=116µs s=15478
INF http m=GET p=/registerSW.js s=200 d=64µs s=87
INF http m=GET p=/assets/vendor-CnrH3R4r.js s=200 d=117µs s=28803
INF http m=GET p=/assets/editor-vendor-VZT4IkOY.js s=200 d=197µs s=92428
INF http m=GET p=/assets/index-Bi-AgGrc.css s=200 d=114µs s=11684
INF http m=GET p=/assets/index-Dlg_ygoF.js s=200 d=117µs s=45483
INF http m=GET p=/assets/fr-B1PqNQ7U.js s=200 d=87µs s=6351
INF http m=GET p=/assets/es-OK4oleHZ.js s=200 d=114µs s=6048
INF http m=GET p=/assets/emoji-groups-El6awxEn.js s=200 d=111µs s=13851
INF http m=GET p=/api/v1/auth/me s=200 d=657µs s=173
INF http m=GET p=/assets/en-BIK_e_4K.js s=200 d=68µs s=5251
INF http m=GET p=/assets/Onboarding-DQ2WAJCW.js s=200 d=45µs s=996
INF http m=GET p=/assets/de-CSEWDUi3.js s=200 d=79µs s=6281
INF http m=GET p=/sw.js s=200 d=49µs s=5593
INF http m=GET p=/api/v1/notifications/unread-count s=200 d=697µs s=25
INF http m=GET p=/favicon.png s=200 d=45µs s=449
INF http m=GET p=/assets/WorkspaceSettingsPanel-BXpT4LCS.css s=200 d=30µs s=994
INF http m=GET p=/assets/WorkspaceSettingsPanel-BB4UnxOs.js s=200 d=94µs s=4465
INF http m=GET p=/assets/Terms-CDs9SgkA.js s=200 d=65µs s=1013
INF http m=GET p=/assets/ServerSettingsPanel-Co4AQ7oB.css s=200 d=55µs s=576
INF http m=GET p=/registerSW.js s=200 d=25µs s=87
INF http m=GET p=/assets/ServerSettingsPanel-CUtQeHs8.js s=200 d=47µs s=2551
INF http m=GET p=/index.html s=200 d=32µs s=541
INF http m=GET p=/assets/ResourceQuotaForm-CBiYRbX4.js s=200 d=27µs s=832
INF http m=GET p=/icon.svg s=200 d=31µs s=195
INF http m=GET p=/assets/ResourceQuotaForm-BFoPj33M.css s=200 d=40µs s=297
INF http m=GET p=/icon-512.png s=200 d=108µs s=6498
INF http m=GET p=/assets/ProfileSettings-DF5AVI35.js s=200 d=55µs s=4393
INF http m=GET p=/icon-192.png s=200 d=54µs s=2468
INF http m=GET p=/assets/ProfileSettings-CX-HDEdu.css s=200 d=58µs s=1177
INF http m=GET p=/favicon.png s=200 d=40µs s=449
INF http m=GET p=/assets/Privacy-cCrfp6_1.css s=200 d=30µs s=314
INF http m=GET p=/apple-touch-icon.png s=200 d=70µs s=2298
INF http m=GET p=/assets/Privacy-CgsgvqEr.js s=200 d=31µs s=904
INF http m=GET p=/assets/OrgSettingsPanel-D9VVCokd.css s=200 d=35µs s=488
INF http m=GET p=/assets/OrgSettingsPanel-9P66Q2ps.js s=200 d=47µs s=2333
INF http m=GET p=/assets/OAuthIcons-csRRTXki.js s=200 d=47µs s=951
INF http m=GET p=/assets/material-symbols-names-D7AiM4If.js s=200 d=80µs s=15478
INF http m=GET p=/assets/InviteForm-DLxm8fu0.css s=200 d=39µs s=394
INF http m=GET p=/assets/InviteForm-CV0yK4I0.js s=200 d=31µs s=1291
INF http m=GET p=/assets/Editor-DfcJ-Jfc.css s=200 d=58µs s=2151
INF http m=GET p=/assets/Editor-BCbjs9IY.js s=200 d=105µs s=13602
INF http m=GET p=/assets/Auth-8NWYUGup.js s=200 d=38µs s=1677
INF http m=GET p=/assets/fr-B1PqNQ7U.js s=200 d=58µs s=6351
INF http m=GET p=/assets/Auth-6SolzSg2.css s=200 d=30µs s=633
INF http m=GET p=/assets/AdminDashboard-DpHjrDyw.js s=200 d=53µs s=2142
INF http m=GET p=/assets/es-OK4oleHZ.js s=200 d=71µs s=6048
INF http m=GET p=/assets/AdminDashboard-CjPbo26j.css s=200 d=30µs s=584
INF http m=GET p=/manifest.webmanifest s=200 d=33µs s=199
INF http m=GET p=/assets/emoji-groups-El6awxEn.js s=200 d=116µs s=13851
INF http m=GET p=/assets/de-CSEWDUi3.js s=200 d=91µs s=6281
INF http m=GET p=/assets/WorkspaceSettingsPanel-BXpT4LCS.css s=200 d=32µs s=994
INF http m=GET p=/assets/WorkspaceSettingsPanel-BB4UnxOs.js s=200 d=66µs s=4465
INF http m=POST p=/api/v1/organizations/40O5DLFR0000/workspaces s=200 d=451ms s=300
INF http m=GET p=/assets/Terms-CDs9SgkA.js s=200 d=30µs s=1013
INF http m=GET p=/assets/ServerSettingsPanel-Co4AQ7oB.css s=200 d=33µs s=576
INF http m=GET p=/assets/ServerSettingsPanel-CUtQeHs8.js s=200 d=40µs s=2551
INF http m=GET p=/assets/ResourceQuotaForm-CBiYRbX4.js s=200 d=24µs s=832
INF http m=GET p=/assets/ResourceQuotaForm-BFoPj33M.css s=200 d=28µs s=297
INF http m=GET p=/assets/ProfileSettings-DF5AVI35.js s=200 d=67µs s=4393
INF http m=POST p=/api/v1/organizations s=200 d=243ms s=357
INF http m=GET p=/assets/ProfileSettings-CX-HDEdu.css s=200 d=43µs s=1177
INF http m=GET p=/api/v1/auth/me s=200 d=1.18ms s=258
INF http m=POST p=/api/v1/auth/switch-workspace s=200 d=39.9ms s=573
INF http m=GET p=/assets/Privacy-cCrfp6_1.css s=200 d=30µs s=314
INF http m=GET p=/assets/Privacy-CgsgvqEr.js s=200 d=37µs s=904
INF http m=GET p=/assets/OrgSettingsPanel-D9VVCokd.css s=200 d=31µs s=488
INF http m=GET p=/assets/OrgSettingsPanel-9P66Q2ps.js s=200 d=52µs s=2333
INF http m=GET p=/api/v1/notifications/unread-count s=200 d=235µs s=25
INF http m=GET p=/api/v1/workspaces/40O5DM0P8000/nodes/0/children s=200 d=373µs s=26
INF http m=GET p=/api/v1/workspaces/40O5DM0P8000/members s=200 d=873µs s=121
INF http m=GET p=/assets/OAuthIcons-csRRTXki.js s=200 d=40µs s=951
INF http m=GET p=/assets/InviteForm-DLxm8fu0.css s=200 d=48µs s=394
INF http m=GET p=/assets/InviteForm-CV0yK4I0.js s=200 d=29µs s=1291
INF http m=GET p=/assets/Editor-DfcJ-Jfc.css s=200 d=66µs s=2151
INF http m=GET p=/assets/Editor-BCbjs9IY.js s=200 d=78µs s=13602
INF http m=GET p=/assets/Auth-8NWYUGup.js s=200 d=31µs s=1677
INF http m=GET p=/assets/Auth-6SolzSg2.css s=200 d=31µs s=633
INF http m=GET p=/assets/AdminDashboard-DpHjrDyw.js s=200 d=34µs s=2142
INF http m=GET p=/assets/AdminDashboard-CjPbo26j.css s=200 d=27µs s=584
INF http m=GET p=/manifest.webmanifest s=200 d=24µs s=199
INF http m=POST p=/api/v1/organizations/40O5DNGAQ000/workspaces s=200 d=225ms s=306
INF http m=POST p=/api/v1/workspaces/40O5DM0P8000/nodes/0/page/create s=200 d=196ms s=35
INF http m=GET p=/api/v1/workspaces/40O5DM0P8000/nodes/0/children s=200 d=315µs s=257
INF http m=GET p=/api/v1/workspaces/40O5DM0P8000/nodes/40O5DP9JC000 s=200 d=264µs s=245
INF http m=POST p=/api/v1/auth/switch-workspace s=200 d=29.3ms s=578
INF http m=GET p=/api/v1/workspaces/40O5DP2UE000/nodes/0/children s=200 d=449µs s=26
INF http m=GET p=/api/v1/notifications/unread-count s=200 d=514µs s=25
INF http m=GET p=/api/v1/workspaces/40O5DP2UE000/members s=200 d=3.54ms s=123
INF http m=POST p=/api/v1/workspaces/40O5DP2UE000/nodes/0/page/create s=200 d=19.6ms s=35
INF http m=GET p=/api/v1/workspaces/40O5DP2UE000/nodes/0/children s=200 d=245µs s=257
INF http m=GET p=/api/v1/workspaces/40O5DP2UE000/nodes/40O5DQPIS000 s=200 d=240µs s=245
INF http m=POST p=/api/v1/workspaces/40O5DM0P8000/nodes/0/page/create s=200 d=19ms s=26
INF http m=GET p=/w/@40O5DM0P8000+workspace/@40O5DP9JC000+welcome s=200 d=64µs s=541
INF http m=GET p=/api/v1/workspaces/40O5DM0P8000/events s=200 d=311ms s=238
INF http m=GET p=/api/v1/auth/me s=200 d=278µs s=360
INF http m=GET p=/api/v1/notifications/unread-count s=200 d=136µs s=25
INF http m=GET p=/api/v1/workspaces/40O5DM0P8000/nodes/0/children s=200 d=430µs s=272
INF http m=GET p=/api/v1/workspaces/40O5DM0P8000/members s=200 d=666µs s=121
INF http m=GET p=/api/v1/workspaces/40O5DM0P8000/nodes/40O5DP9JC000 s=200 d=221µs s=245
INF http m=GET p=/api/v1/workspaces/40O5DM0P8000/nodes/40O5DR0TK000 s=200 d=325µs s=157
INF http m=POST p=/api/v1/workspaces/40O5DP2UE000/nodes/0/page/create s=200 d=15.4ms s=26
INF http m=GET p=/w/@40O5DP2UE000+workspace/@40O5DQPIS000+welcome s=200 d=57µs s=541
INF http m=GET p=/api/v1/workspaces/40O5DP2UE000/events s=200 d=360ms s=238
INF http m=GET p=/api/v1/auth/me s=200 d=282µs s=361
INF http m=GET p=/api/v1/notifications/unread-count s=200 d=882µs s=25
INF http m=GET p=/api/v1/workspaces/40O5DP2UE000/nodes/40O5DQPIS000 s=200 d=322µs s=245
INF http m=GET p=/api/v1/workspaces/40O5DP2UE000/members s=200 d=204µs s=123
INF http m=GET p=/api/v1/workspaces/40O5DP2UE000/nodes/0/children s=200 d=298µs s=277
INF http m=GET p=/api/v1/workspaces/40O5DM0P8000/events s=200 d=343ms s=93
INF http m=GET p=/api/v1/workspaces/40O5DP2UE000/nodes/40O5DSQ84000 s=200 d=348µs s=166
INF http m=POST p=/api/v1/auth/register s=200 d=124ms s=412
INF http m=GET p=/ s=200 d=63µs s=541
INF http m=GET p=/assets/index-Dlg_ygoF.js s=200 d=158µs s=45483
INF http m=GET p=/assets/index-Bi-AgGrc.css s=200 d=184µs s=11684
INF http m=GET p=/assets/vendor-CnrH3R4r.js s=200 d=188µs s=28803
INF http m=GET p=/assets/editor-vendor-VZT4IkOY.js s=200 d=156µs s=92428
INF http m=GET p=/registerSW.js s=200 d=91µs s=87
INF http m=GET p=/api/v1/workspaces/40O5DP2UE000/events s=200 d=486ms s=93
INF http m=GET p=/assets/en-BIK_e_4K.js s=200 d=128µs s=5251
INF http m=GET p=/api/v1/auth/me s=200 d=875µs s=169
INF http m=GET p=/favicon.png s=200 d=43µs s=449
INF http m=GET p=/sw.js s=200 d=116µs s=5593
INF http m=GET p=/assets/Onboarding-DQ2WAJCW.js s=200 d=27µs s=996
INF http m=GET p=/api/v1/notifications/unread-count s=200 d=697µs s=25
INF http m=GET p=/registerSW.js s=200 d=265µs s=87
INF http m=GET p=/index.html s=200 d=37µs s=541
INF http m=GET p=/icon.svg s=200 d=74µs s=195
INF http m=GET p=/icon-512.png s=200 d=97µs s=6498
INF http m=GET p=/icon-192.png s=200 d=51µs s=2468
INF http m=POST p=/api/v1/organizations s=200 d=63.4ms s=353
INF http m=GET p=/favicon.png s=200 d=45µs s=449
INF http m=GET p=/api/v1/auth/me s=200 d=16.3ms s=256
INF http m=GET p=/apple-touch-icon.png s=200 d=85µs s=2298
INF http m=GET p=/assets/material-symbols-names-D7AiM4If.js s=200 d=119µs s=15478
INF http m=GET p=/assets/fr-B1PqNQ7U.js s=200 d=115µs s=6351
INF http m=GET p=/assets/es-OK4oleHZ.js s=200 d=87µs s=6048
INF http m=GET p=/assets/emoji-groups-El6awxEn.js s=200 d=99µs s=13851
INF http m=GET p=/assets/de-CSEWDUi3.js s=200 d=111µs s=6281
INF http m=GET p=/assets/WorkspaceSettingsPanel-BXpT4LCS.css s=200 d=68µs s=994
INF http m=GET p=/assets/WorkspaceSettingsPanel-BB4UnxOs.js s=200 d=77µs s=4465
INF http m=GET p=/assets/Terms-CDs9SgkA.js s=200 d=42µs s=1013
INF http m=GET p=/assets/ServerSettingsPanel-Co4AQ7oB.css s=200 d=29µs s=576
INF http m=GET p=/assets/ServerSettingsPanel-CUtQeHs8.js s=200 d=38µs s=2551
INF http m=GET p=/assets/ResourceQuotaForm-CBiYRbX4.js s=200 d=29µs s=832
INF http m=GET p=/assets/ResourceQuotaForm-BFoPj33M.css s=200 d=28µs s=297
INF http m=GET p=/assets/ProfileSettings-DF5AVI35.js s=200 d=54µs s=4393
INF http m=GET p=/assets/ProfileSettings-CX-HDEdu.css s=200 d=27µs s=1177
INF http m=GET p=/assets/Privacy-cCrfp6_1.css s=200 d=41µs s=314
INF http m=GET p=/assets/Privacy-CgsgvqEr.js s=200 d=27µs s=904
INF http m=GET p=/assets/OrgSettingsPanel-D9VVCokd.css s=200 d=24µs s=488
INF http m=GET p=/assets/OrgSettingsPanel-9P66Q2ps.js s=200 d=32µs s=2333
INF http m=GET p=/assets/OAuthIcons-csRRTXki.js s=200 d=62µs s=951
INF http m=GET p=/assets/InviteForm-DLxm8fu0.css s=200 d=28µs s=394
INF http m=GET p=/assets/InviteForm-CV0yK4I0.js s=200 d=28µs s=1291
INF http m=GET p=/assets/Editor-DfcJ-Jfc.css s=200 d=51µs s=2151
INF http m=GET p=/assets/Editor-BCbjs9IY.js s=200 d=77µs s=13602
INF http m=GET p=/assets/Auth-8NWYUGup.js s=200 d=35µs s=1677
INF http m=GET p=/assets/Auth-6SolzSg2.css s=200 d=36µs s=633
INF http m=GET p=/assets/AdminDashboard-DpHjrDyw.js s=200 d=53µs s=2142
INF http m=GET p=/assets/AdminDashboard-CjPbo26j.css s=200 d=28µs s=584
INF http m=GET p=/manifest.webmanifest s=200 d=38µs s=199
INF http m=POST p=/api/v1/organizations/40O5E0RI2000/workspaces s=200 d=433ms s=298
INF http m=POST p=/api/v1/auth/register s=200 d=317ms s=410
INF http m=GET p=/ s=200 d=50µs s=541
INF http m=GET p=/registerSW.js s=200 d=50µs s=87
INF http m=GET p=/assets/vendor-CnrH3R4r.js s=200 d=132µs s=28803
INF http m=GET p=/assets/editor-vendor-VZT4IkOY.js s=200 d=204µs s=92428
INF http m=GET p=/assets/index-Dlg_ygoF.js s=200 d=99µs s=45483
INF http m=GET p=/assets/index-Bi-AgGrc.css s=200 d=103µs s=11684
INF http m=POST p=/api/v1/auth/switch-workspace s=200 d=48.1ms s=564
INF http m=GET p=/api/v1/notifications/unread-count s=200 d=211µs s=25
INF http m=GET p=/api/v1/workspaces/40O5E1E0E000/nodes/0/children s=200 d=3.74ms s=26
INF http m=GET p=/api/v1/workspaces/40O5E1E0E000/members s=200 d=2.92ms s=120
INF http m=POST p=/api/v1/workspaces/40O5E1E0E000/nodes/0/page/create s=200 d=33ms s=35
INF http m=GET p=/api/v1/workspaces/40O5E1E0E000/nodes/0/children s=200 d=628µs s=257
INF http m=GET p=/api/v1/workspaces/40O5E1E0E000/nodes/40O5E4JNO000 s=200 d=652µs s=245
INF http m=GET p=/assets/en-BIK_e_4K.js s=200 d=124µs s=5251
INF http m=GET p=/api/v1/auth/me s=200 d=659µs s=170
INF http m=GET p=/assets/Onboarding-DQ2WAJCW.js s=200 d=43µs s=996
INF http m=GET p=/sw.js s=200 d=84µs s=5593
INF http m=GET p=/api/v1/notifications/unread-count s=200 d=153µs s=25
INF http m=GET p=/favicon.png s=200 d=845µs s=449
INF http m=GET p=/registerSW.js s=200 d=38µs s=87
INF http m=GET p=/index.html s=200 d=32µs s=541
INF http m=GET p=/icon.svg s=200 d=39µs s=195
INF http m=GET p=/icon-512.png s=200 d=109µs s=6498
INF http m=GET p=/icon-192.png s=200 d=35µs s=2468
INF http m=GET p=/favicon.png s=200 d=55µs s=449
INF http m=GET p=/apple-touch-icon.png s=200 d=37µs s=2298
INF http m=POST p=/api/v1/organizations s=200 d=38.1ms s=353
INF http m=GET p=/api/v1/auth/me s=200 d=1.26ms s=254
INF http m=GET p=/assets/material-symbols-names-D7AiM4If.js s=200 d=99µs s=15478
INF http m=GET p=/assets/fr-B1PqNQ7U.js s=200 d=70µs s=6351
INF http m=GET p=/assets/es-OK4oleHZ.js s=200 d=70µs s=6048
INF http m=GET p=/assets/emoji-groups-El6awxEn.js s=200 d=88µs s=13851
INF http m=GET p=/assets/de-CSEWDUi3.js s=200 d=92µs s=6281
INF http m=GET p=/assets/WorkspaceSettingsPanel-BXpT4LCS.css s=200 d=29µs s=994
INF http m=GET p=/assets/WorkspaceSettingsPanel-BB4UnxOs.js s=200 d=109µs s=4465
INF http m=GET p=/assets/Terms-CDs9SgkA.js s=200 d=27µs s=1013
INF http m=GET p=/assets/ServerSettingsPanel-Co4AQ7oB.css s=200 d=26µs s=576
INF http m=GET p=/assets/ServerSettingsPanel-CUtQeHs8.js s=200 d=35µs s=2551
INF http m=GET p=/assets/ResourceQuotaForm-CBiYRbX4.js s=200 d=25µs s=832
INF http m=GET p=/assets/ResourceQuotaForm-BFoPj33M.css s=200 d=28µs s=297
INF http m=GET p=/assets/ProfileSettings-DF5AVI35.js s=200 d=63µs s=4393
INF http m=GET p=/assets/ProfileSettings-CX-HDEdu.css s=200 d=28µs s=1177
INF http m=GET p=/assets/Privacy-cCrfp6_1.css s=200 d=27µs s=314
INF http m=GET p=/assets/Privacy-CgsgvqEr.js s=200 d=29µs s=904
INF http m=GET p=/assets/OrgSettingsPanel-D9VVCokd.css s=200 d=24µs s=488
INF http m=GET p=/assets/OrgSettingsPanel-9P66Q2ps.js s=200 d=32µs s=2333
INF http m=GET p=/assets/OAuthIcons-csRRTXki.js s=200 d=31µs s=951
INF http m=GET p=/assets/InviteForm-DLxm8fu0.css s=200 d=25µs s=394
INF http m=GET p=/assets/InviteForm-CV0yK4I0.js s=200 d=26µs s=1291
INF http m=GET p=/assets/Editor-DfcJ-Jfc.css s=200 d=32µs s=2151
INF http m=GET p=/assets/Editor-BCbjs9IY.js s=200 d=186µs s=13602
INF http m=GET p=/assets/Auth-8NWYUGup.js s=200 d=20µs s=1677
INF http m=GET p=/assets/Auth-6SolzSg2.css s=200 d=23µs s=633
INF http m=GET p=/assets/AdminDashboard-DpHjrDyw.js s=200 d=33µs s=2142
INF http m=GET p=/assets/AdminDashboard-CjPbo26j.css s=200 d=19µs s=584
INF http m=GET p=/manifest.webmanifest s=200 d=26µs s=199
INF http m=POST p=/api/v1/organizations/40O5E5E3I000/workspaces s=200 d=210ms s=299
INF http m=POST p=/api/v1/workspaces/40O5E1E0E000/nodes/0/page/create s=200 d=115ms s=26
INF http m=GET p=/w/@40O5E1E0E000+workspace/@40O5E4JNO000+welcome s=200 d=35µs s=541
INF http m=GET p=/api/v1/workspaces/40O5E1E0E000/events s=200 d=417ms s=239
INF http m=POST p=/api/v1/auth/switch-workspace s=200 d=35.6ms s=561
INF http m=GET p=/api/v1/workspaces/40O5E5N0G000/nodes/0/children s=200 d=839µs s=26
INF http m=GET p=/api/v1/notifications/unread-count s=200 d=910µs s=25
INF http m=GET p=/api/v1/workspaces/40O5E5N0G000/members s=200 d=2.47ms s=121
INF http m=GET p=/api/v1/auth/me s=200 d=7.94ms s=360
INF http m=POST p=/api/v1/workspaces/40O5E5N0G000/nodes/0/page/create s=200 d=31.7ms s=35
INF http m=GET p=/api/v1/notifications/unread-count s=200 d=173µs s=25
INF http m=GET p=/api/v1/workspaces/40O5E5N0G000/nodes/0/children s=200 d=255µs s=257
INF http m=GET p=/api/v1/workspaces/40O5E1E0E000/nodes/0/children s=200 d=384µs s=266
INF http m=GET p=/api/v1/workspaces/40O5E1E0E000/nodes/40O5E4JNO000 s=200 d=4.04ms s=245
INF http m=GET p=/api/v1/workspaces/40O5E1E0E000/members s=200 d=3.92ms s=120
INF http m=GET p=/api/v1/workspaces/40O5E5N0G000/nodes/40O5E7DQE000 s=200 d=356µs s=245
INF http m=POST p=/api/v1/workspaces/40O5E5N0G000/nodes/0/page/create s=200 d=17.7ms s=26
INF http m=GET p=/w/@40O5E5N0G000+workspace/@40O5E7DQE000+welcome s=200 d=57µs s=541
INF http m=GET p=/api/v1/workspaces/40O5E1E0E000/nodes/40O5E6ASM000 s=200 d=333µs s=157
INF http m=GET p=/api/v1/workspaces/40O5E5N0G000/events s=200 d=109ms s=233
INF http m=GET p=/api/v1/auth/me s=200 d=234µs s=354
INF http m=GET p=/api/v1/notifications/unread-count s=200 d=346µs s=25
INF http m=GET p=/api/v1/workspaces/40O5E5N0G000/nodes/0/children s=200 d=667µs s=262
INF http m=GET p=/api/v1/workspaces/40O5E5N0G000/members s=200 d=668µs s=121
INF http m=GET p=/api/v1/workspaces/40O5E5N0G000/nodes/40O5E7DQE000 s=200 d=1.83ms s=245
INF http m=GET p=/api/v1/workspaces/40O5E5N0G000/nodes/40O5E7QHQ000 s=200 d=366µs s=155
INF http m=GET p=/api/v1/workspaces/40O5E1E0E000/events s=200 d=269ms s=93
INF http m=GET p=/api/v1/workspaces/40O5E5N0G000/events s=200 d=321ms s=93
INF http m=POST p=/api/v1/auth/register s=200 d=115ms s=409
INF http m=GET p=/ s=200 d=54µs s=541
INF http m=GET p=/assets/index-Dlg_ygoF.js s=200 d=141µs s=45483
INF http m=GET p=/registerSW.js s=200 d=31µs s=87
INF http m=GET p=/assets/vendor-CnrH3R4r.js s=200 d=100µs s=28803
INF http m=GET p=/assets/index-Bi-AgGrc.css s=200 d=593µs s=11684
INF http m=GET p=/assets/editor-vendor-VZT4IkOY.js s=200 d=149µs s=92428
INF http m=GET p=/api/v1/auth/me s=200 d=221µs s=175
INF http m=GET p=/assets/en-BIK_e_4K.js s=200 d=830µs s=5251
INF http m=GET p=/favicon.png s=200 d=45µs s=449
INF http m=GET p=/assets/Onboarding-DQ2WAJCW.js s=200 d=36µs s=996
INF http m=GET p=/api/v1/notifications/unread-count s=200 d=217µs s=25
INF http m=GET p=/sw.js s=200 d=111µs s=5593
INF http m=GET p=/registerSW.js s=200 d=35µs s=87
INF http m=GET p=/index.html s=200 d=50µs s=541
INF http m=GET p=/icon.svg s=200 d=43µs s=195
INF http m=GET p=/icon-512.png s=200 d=80µs s=6498
INF http m=GET p=/icon-192.png s=200 d=108µs s=2468
INF http m=GET p=/favicon.png s=200 d=37µs s=449
INF http m=POST p=/api/v1/organizations s=200 d=103ms s=359
INF http m=GET p=/apple-touch-icon.png s=200 d=53µs s=2298
INF http m=GET p=/api/v1/auth/me s=200 d=237µs s=261
INF http m=GET p=/assets/material-symbols-names-D7AiM4If.js s=200 d=94µs s=15478
INF http m=POST p=/api/v1/auth/register s=200 d=281ms s=410
INF http m=GET p=/ s=200 d=72µs s=541
INF http m=GET p=/assets/fr-B1PqNQ7U.js s=200 d=93µs s=6351
INF http m=GET p=/assets/es-OK4oleHZ.js s=200 d=75µs s=6048
INF http m=GET p=/assets/index-Dlg_ygoF.js s=200 d=129µs s=45483
INF http m=GET p=/assets/index-Bi-AgGrc.css s=200 d=114µs s=11684
INF http m=GET p=/assets/vendor-CnrH3R4r.js s=200 d=113µs s=28803
INF http m=GET p=/assets/editor-vendor-VZT4IkOY.js s=200 d=149µs s=92428
INF http m=GET p=/registerSW.js s=200 d=34µs s=87
INF http m=GET p=/assets/emoji-groups-El6awxEn.js s=200 d=111µs s=13851
INF http m=GET p=/assets/de-CSEWDUi3.js s=200 d=91µs s=6281
INF http m=GET p=/assets/WorkspaceSettingsPanel-BXpT4LCS.css s=200 d=42µs s=994
INF http m=GET p=/assets/WorkspaceSettingsPanel-BB4UnxOs.js s=200 d=70µs s=4465
INF http m=GET p=/assets/Terms-CDs9SgkA.js s=200 d=32µs s=1013
INF http m=GET p=/assets/ServerSettingsPanel-Co4AQ7oB.css s=200 d=40µs s=576
INF http m=GET p=/assets/ServerSettingsPanel-CUtQeHs8.js s=200 d=44µs s=2551
INF http m=GET p=/assets/ResourceQuotaForm-CBiYRbX4.js s=200 d=51µs s=832
INF http m=GET p=/assets/ResourceQuotaForm-BFoPj33M.css s=200 d=40µs s=297
INF http m=GET p=/api/v1/auth/me s=200 d=369µs s=174
INF http m=GET p=/assets/ProfileSettings-DF5AVI35.js s=200 d=66µs s=4393
INF http m=GET p=/assets/en-BIK_e_4K.js s=200 d=60µs s=5251
INF http m=GET p=/assets/ProfileSettings-CX-HDEdu.css s=200 d=40µs s=1177
INF http m=GET p=/assets/Privacy-cCrfp6_1.css s=200 d=36µs s=314
INF http m=GET p=/assets/Privacy-CgsgvqEr.js s=200 d=35µs s=904
INF http m=GET p=/assets/Onboarding-DQ2WAJCW.js s=200 d=25µs s=996
INF http m=GET p=/api/v1/notifications/unread-count s=200 d=190µs s=25
INF http m=GET p=/assets/OrgSettingsPanel-D9VVCokd.css s=200 d=30µs s=488
INF http m=GET p=/sw.js s=200 d=48µs s=5593
INF http m=GET p=/assets/OrgSettingsPanel-9P66Q2ps.js s=200 d=37µs s=2333
INF http m=GET p=/assets/OAuthIcons-csRRTXki.js s=200 d=41µs s=951
INF http m=GET p=/favicon.png s=200 d=20µs s=449
INF http m=GET p=/assets/InviteForm-DLxm8fu0.css s=200 d=36µs s=394
INF http m=GET p=/assets/InviteForm-CV0yK4I0.js s=200 d=52µs s=1291
INF http m=GET p=/assets/Editor-DfcJ-Jfc.css s=200 d=45µs s=2151
INF http m=GET p=/assets/Editor-BCbjs9IY.js s=200 d=129µs s=13602
INF http m=GET p=/registerSW.js s=200 d=27µs s=87
INF http m=GET p=/assets/Auth-8NWYUGup.js s=200 d=61µs s=1677
INF http m=GET p=/index.html s=200 d=26µs s=541
INF http m=GET p=/assets/Auth-6SolzSg2.css s=200 d=43µs s=633
INF http m=GET p=/icon.svg s=200 d=30µs s=195
INF http m=GET p=/assets/AdminDashboard-DpHjrDyw.js s=200 d=39µs s=2142
INF http m=GET p=/assets/AdminDashboard-CjPbo26j.css s=200 d=45µs s=584
INF http m=GET p=/icon-512.png s=200 d=63µs s=6498
INF http m=GET p=/manifest.webmanifest s=200 d=43µs s=199
INF http m=GET p=/icon-192.png s=200 d=41µs s=2468
INF http m=GET p=/favicon.png s=200 d=28µs s=449
INF http m=GET p=/apple-touch-icon.png s=200 d=59µs s=2298
INF http m=GET p=/assets/material-symbols-names-D7AiM4If.js s=200 d=111µs s=15478
INF http m=GET p=/assets/fr-B1PqNQ7U.js s=200 d=88µs s=6351
INF http m=GET p=/assets/es-OK4oleHZ.js s=200 d=72µs s=6048
INF http m=GET p=/assets/emoji-groups-El6awxEn.js s=200 d=88µs s=13851
INF http m=GET p=/assets/de-CSEWDUi3.js s=200 d=87µs s=6281
INF http m=GET p=/assets/WorkspaceSettingsPanel-BXpT4LCS.css s=200 d=28µs s=994
INF http m=GET p=/assets/WorkspaceSettingsPanel-BB4UnxOs.js s=200 d=73µs s=4465
INF http m=GET p=/assets/Terms-CDs9SgkA.js s=200 d=24µs s=1013
INF http m=POST p=/api/v1/organizations/40O5ECONO000/workspaces s=200 d=517ms s=311
INF http m=GET p=/assets/ServerSettingsPanel-Co4AQ7oB.css s=200 d=22µs s=576
INF http m=GET p=/assets/ServerSettingsPanel-CUtQeHs8.js s=200 d=49µs s=2551
INF http m=POST p=/api/v1/organizations s=200 d=196ms s=360
INF http m=GET p=/api/v1/auth/me s=200 d=768µs s=261
INF http m=GET p=/assets/ResourceQuotaForm-CBiYRbX4.js s=200 d=27µs s=832
INF http m=GET p=/assets/ResourceQuotaForm-BFoPj33M.css s=200 d=28µs s=297
INF http m=GET p=/assets/ProfileSettings-DF5AVI35.js s=200 d=85µs s=4393
INF http m=GET p=/assets/ProfileSettings-CX-HDEdu.css s=200 d=40µs s=1177
INF http m=GET p=/assets/Privacy-cCrfp6_1.css s=200 d=25µs s=314
INF http m=GET p=/assets/Privacy-CgsgvqEr.js s=200 d=33µs s=904
INF http m=POST p=/api/v1/auth/switch-workspace s=200 d=42.8ms s=652
INF http m=GET p=/assets/OrgSettingsPanel-D9VVCokd.css s=200 d=51µs s=488
INF http m=GET p=/assets/OrgSettingsPanel-9P66Q2ps.js s=200 d=46µs s=2333
INF http m=GET p=/api/v1/notifications/unread-count s=200 d=256µs s=25
INF http m=GET p=/assets/OAuthIcons-csRRTXki.js s=200 d=40µs s=951
INF http m=GET p=/api/v1/workspaces/40O5EDGVE000/nodes/0/children s=200 d=333µs s=26
INF http m=GET p=/api/v1/workspaces/40O5EDGVE000/members s=200 d=499µs s=125
INF http m=GET p=/assets/InviteForm-DLxm8fu0.css s=200 d=45µs s=394
INF http m=GET p=/assets/InviteForm-CV0yK4I0.js s=200 d=32µs s=1291
INF http m=GET p=/assets/Editor-DfcJ-Jfc.css s=200 d=81µs s=2151
INF http m=GET p=/assets/Editor-BCbjs9IY.js s=200 d=80µs s=13602
INF http m=GET p=/assets/Auth-8NWYUGup.js s=200 d=33µs s=1677
INF http m=GET p=/assets/Auth-6SolzSg2.css s=200 d=28µs s=633
INF http m=GET p=/assets/AdminDashboard-DpHjrDyw.js s=200 d=59µs s=2142
INF http m=GET p=/assets/AdminDashboard-CjPbo26j.css s=200 d=31µs s=584
INF http m=GET p=/manifest.webmanifest s=200 d=24µs s=199
INF http m=POST p=/api/v1/workspaces/40O5EDGVE000/nodes/0/page/create s=200 d=174ms s=35
INF http m=GET p=/api/v1/workspaces/40O5EDGVE000/nodes/0/children s=200 d=335µs s=257
INF http m=POST p=/api/v1/organizations/40O5EFHEG000/workspaces s=200 d=256ms s=308
INF http m=GET p=/api/v1/workspaces/40O5EDGVE000/nodes/40O5EH82G000 s=200 d=276µs s=245
INF http m=POST p=/api/v1/auth/switch-workspace s=200 d=31.3ms s=577
INF http m=POST p=/api/v1/workspaces/40O5EDGVE000/nodes/0/page/create s=200 d=41.9ms s=26
INF http m=GET p=/api/v1/notifications/unread-count s=200 d=191µs s=25
INF http m=GET p=/w/@40O5EDGVE000+workspace/@40O5EH82G000+welcome s=200 d=50µs s=541
INF http m=GET p=/api/v1/workspaces/40O5EGP2E000/nodes/0/children s=200 d=2.26ms s=26
INF http m=GET p=/api/v1/workspaces/40O5EDGVE000/events s=200 d=243ms s=236
INF http m=GET p=/api/v1/workspaces/40O5EGP2E000/members s=200 d=10.8ms s=124
INF http m=POST p=/api/v1/workspaces/40O5EGP2E000/nodes/0/page/create s=200 d=32.8ms s=35
INF http m=GET p=/api/v1/workspaces/40O5EGP2E000/nodes/0/children s=200 d=263µs s=257
INF http m=GET p=/api/v1/workspaces/40O5EGP2E000/nodes/40O5EIN20000 s=200 d=451µs s=245
INF http m=GET p=/api/v1/auth/me s=200 d=1.34ms s=361
INF http m=GET p=/api/v1/notifications/unread-count s=200 d=202µs s=25
INF http m=GET p=/api/v1/workspaces/40O5EDGVE000/nodes/0/children s=200 d=344µs s=254
INF http m=GET p=/api/v1/workspaces/40O5EDGVE000/nodes/40O5EH82G000 s=200 d=276µs s=245
INF http m=GET p=/api/v1/workspaces/40O5EDGVE000/members s=200 d=479µs s=125
INF http m=GET p=/api/v1/workspaces/40O5EDGVE000/nodes/40O5EIB48000 s=200 d=370µs s=174
INF http m=GET p=/api/v1/workspaces/40O5EDGVE000/events s=200 d=156ms s=93
INF http m=POST p=/api/v1/workspaces/40O5EGP2E000/nodes/0/page/create s=200 d=36.7ms s=26
INF http m=GET p=/w/@40O5EGP2E000+workspace/@40O5EIN20000+welcome s=200 d=45µs s=541
INF http m=GET p=/api/v1/workspaces/40O5EGP2E000/events s=200 d=467ms s=233
INF http m=GET p=/api/v1/auth/me s=200 d=291µs s=364
INF http m=GET p=/api/v1/notifications/unread-count s=200 d=209µs s=25
INF http m=GET p=/api/v1/workspaces/40O5EGP2E000/nodes/0/children s=200 d=423µs s=265
INF http m=GET p=/api/v1/workspaces/40O5EGP2E000/nodes/40O5EIN20000 s=200 d=211µs s=245
INF http m=GET p=/api/v1/workspaces/40O5EGP2E000/members s=200 d=430µs s=124
INF http m=POST p=/api/v1/auth/register s=200 d=194ms s=408
INF http m=GET p=/ s=200 d=62µs s=541
INF http m=GET p=/registerSW.js s=200 d=51µs s=87
INF http m=GET p=/assets/editor-vendor-VZT4IkOY.js s=200 d=187µs s=92428
INF http m=GET p=/assets/index-Dlg_ygoF.js s=200 d=131µs s=45483
INF http m=GET p=/assets/vendor-CnrH3R4r.js s=200 d=117µs s=28803
INF http m=GET p=/assets/index-Bi-AgGrc.css s=200 d=94µs s=11684
INF http m=GET p=/api/v1/workspaces/40O5EGP2E000/nodes/40O5EL3D4000 s=200 d=655µs s=182
INF http m=GET p=/assets/en-BIK_e_4K.js s=200 d=128µs s=5251
INF http m=GET p=/api/v1/auth/me s=200 d=5.89ms s=174
INF http m=GET p=/assets/Onboarding-DQ2WAJCW.js s=200 d=63µs s=996
INF http m=GET p=/api/v1/notifications/unread-count s=200 d=1.93ms s=25
INF http m=GET p=/favicon.png s=200 d=40µs s=449
INF http m=GET p=/sw.js s=200 d=92µs s=5593
INF http m=GET p=/registerSW.js s=200 d=40µs s=87
INF http m=POST p=/api/v1/organizations s=200 d=62.4ms s=358
INF http m=GET p=/index.html s=200 d=34µs s=541
INF http m=GET p=/api/v1/auth/me s=200 d=251µs s=256
INF http m=GET p=/icon.svg s=200 d=42µs s=195
INF http m=GET p=/icon-512.png s=200 d=105µs s=6498
INF http m=GET p=/icon-192.png s=200 d=56µs s=2468
INF http m=GET p=/favicon.png s=200 d=52µs s=449
INF http m=GET p=/apple-touch-icon.png s=200 d=63µs s=2298
INF http m=GET p=/api/v1/workspaces/40O5EGP2E000/events s=200 d=363ms s=93
INF http m=GET p=/assets/material-symbols-names-D7AiM4If.js s=200 d=119µs s=15478
INF http m=GET p=/assets/fr-B1PqNQ7U.js s=200 d=97µs s=6351
INF http m=GET p=/assets/es-OK4oleHZ.js s=200 d=79µs s=6048
INF http m=GET p=/assets/emoji-groups-El6awxEn.js s=200 d=95µs s=13851
INF http m=GET p=/assets/de-CSEWDUi3.js s=200 d=109µs s=6281
INF http m=GET p=/assets/WorkspaceSettingsPanel-BXpT4LCS.css s=200 d=44µs s=994
INF http m=GET p=/assets/WorkspaceSettingsPanel-BB4UnxOs.js s=200 d=134µs s=4465
INF http m=GET p=/assets/Terms-CDs9SgkA.js s=200 d=34µs s=1013
INF http m=GET p=/assets/ServerSettingsPanel-Co4AQ7oB.css s=200 d=33µs s=576
INF http m=GET p=/assets/ServerSettingsPanel-CUtQeHs8.js s=200 d=49µs s=2551
INF http m=GET p=/assets/ResourceQuotaForm-CBiYRbX4.js s=200 d=39µs s=832
INF http m=GET p=/assets/ResourceQuotaForm-BFoPj33M.css s=200 d=597µs s=297
INF http m=GET p=/assets/ProfileSettings-DF5AVI35.js s=200 d=108µs s=4393
INF http m=GET p=/assets/ProfileSettings-CX-HDEdu.css s=200 d=48µs s=1177
INF http m=GET p=/assets/Privacy-cCrfp6_1.css s=200 d=193µs s=314
INF http m=GET p=/assets/Privacy-CgsgvqEr.js s=200 d=52µs s=904
INF http m=GET p=/assets/OrgSettingsPanel-D9VVCokd.css s=200 d=43µs s=488
INF http m=GET p=/assets/OrgSettingsPanel-9P66Q2ps.js s=200 d=55µs s=2333
INF http m=GET p=/assets/OAuthIcons-csRRTXki.js s=200 d=41µs s=951
INF http m=GET p=/assets/InviteForm-DLxm8fu0.css s=200 d=39µs s=394
INF http m=GET p=/assets/InviteForm-CV0yK4I0.js s=200 d=47µs s=1291
INF http m=GET p=/assets/Editor-DfcJ-Jfc.css s=200 d=52µs s=2151
INF http m=GET p=/assets/Editor-BCbjs9IY.js s=200 d=82µs s=13602
INF http m=GET p=/assets/Auth-8NWYUGup.js s=200 d=31µs s=1677
INF http m=GET p=/assets/Auth-6SolzSg2.css s=200 d=29µs s=633
INF http m=GET p=/assets/AdminDashboard-DpHjrDyw.js s=200 d=48µs s=2142
INF http m=GET p=/assets/AdminDashboard-CjPbo26j.css s=200 d=30µs s=584
INF http m=GET p=/manifest.webmanifest s=200 d=40µs s=199
INF http m=POST p=/api/v1/organizations/40O5ENJ3O000/workspaces s=200 d=443ms s=308
INF http m=POST p=/api/v1/auth/register s=200 d=142ms s=402
INF http m=GET p=/ s=200 d=53µs s=541
INF http m=GET p=/assets/index-Dlg_ygoF.js s=200 d=266µs s=45483
INF http m=GET p=/assets/index-Bi-AgGrc.css s=200 d=424µs s=11684
INF http m=GET p=/assets/vendor-CnrH3R4r.js s=200 d=118µs s=28803
INF http m=GET p=/assets/editor-vendor-VZT4IkOY.js s=200 d=283µs s=92428
INF http m=GET p=/registerSW.js s=200 d=34µs s=87
INF http m=POST p=/api/v1/auth/switch-workspace s=200 d=63.4ms s=572
INF http m=GET p=/api/v1/notifications/unread-count s=200 d=634µs s=25
INF http m=GET p=/api/v1/workspaces/40O5EO0CK000/nodes/0/children s=200 d=573µs s=26
INF http m=GET p=/api/v1/workspaces/40O5EO0CK000/members s=200 d=576µs s=125
INF http m=GET p=/api/v1/auth/me s=200 d=308µs s=172
INF http m=GET p=/assets/en-BIK_e_4K.js s=200 d=117µs s=5251
INF http m=POST p=/api/v1/workspaces/40O5EO0CK000/nodes/0/page/create s=200 d=54.5ms s=35
INF http m=GET p=/api/v1/workspaces/40O5EO0CK000/nodes/0/children s=200 d=401µs s=257
INF http m=GET p=/favicon.png s=200 d=38µs s=449
INF http m=GET p=/assets/Onboarding-DQ2WAJCW.js s=200 d=59µs s=996
INF http m=GET p=/api/v1/notifications/unread-count s=200 d=247µs s=25
INF http m=GET p=/sw.js s=200 d=65µs s=5593
INF http m=GET p=/api/v1/workspaces/40O5EO0CK000/nodes/40O5ERI9K000 s=200 d=348µs s=245
INF http m=GET p=/registerSW.js s=200 d=36µs s=87
INF http m=GET p=/index.html s=200 d=32µs s=541
INF http m=GET p=/icon.svg s=200 d=29µs s=195
INF http m=GET p=/icon-512.png s=200 d=120µs s=6498
INF http m=GET p=/icon-192.png s=200 d=52µs s=2468
INF http m=GET p=/favicon.png s=200 d=33µs s=449
INF http m=GET p=/apple-touch-icon.png s=200 d=47µs s=2298
INF http m=POST p=/api/v1/organizations s=200 d=66.4ms s=355
INF http m=GET p=/api/v1/auth/me s=200 d=203µs s=256
INF http m=GET p=/assets/material-symbols-names-D7AiM4If.js s=200 d=93µs s=15478
INF http m=GET p=/assets/fr-B1PqNQ7U.js s=200 d=79µs s=6351
INF http m=GET p=/assets/es-OK4oleHZ.js s=200 d=516µs s=6048
INF http m=GET p=/assets/emoji-groups-El6awxEn.js s=200 d=99µs s=13851
INF http m=GET p=/assets/de-CSEWDUi3.js s=200 d=88µs s=6281
INF http m=GET p=/assets/WorkspaceSettingsPanel-BXpT4LCS.css s=200 d=37µs s=994
INF http m=GET p=/assets/WorkspaceSettingsPanel-BB4UnxOs.js s=200 d=60µs s=4465
INF http m=GET p=/assets/Terms-CDs9SgkA.js s=200 d=32µs s=1013
INF http m=GET p=/assets/ServerSettingsPanel-Co4AQ7oB.css s=200 d=31µs s=576
INF http m=GET p=/assets/ServerSettingsPanel-CUtQeHs8.js s=200 d=36µs s=2551
INF http m=GET p=/assets/ResourceQuotaForm-CBiYRbX4.js s=200 d=25µs s=832
INF http m=GET p=/assets/ResourceQuotaForm-BFoPj33M.css s=200 d=19µs s=297
INF http m=GET p=/assets/ProfileSettings-DF5AVI35.js s=200 d=463µs s=4393
INF http m=GET p=/assets/ProfileSettings-CX-HDEdu.css s=200 d=28µs s=1177
INF http m=GET p=/assets/Privacy-cCrfp6_1.css s=200 d=31µs s=314
INF http m=GET p=/assets/Privacy-CgsgvqEr.js s=200 d=23µs s=904
INF http m=GET p=/assets/OrgSettingsPanel-D9VVCokd.css s=200 d=18µs s=488
INF http m=GET p=/assets/OrgSettingsPanel-9P66Q2ps.js s=200 d=42µs s=2333
INF http m=GET p=/assets/OAuthIcons-csRRTXki.js s=200 d=29µs s=951
INF http m=GET p=/assets/InviteForm-DLxm8fu0.css s=200 d=33µs s=394
INF http m=GET p=/assets/InviteForm-CV0yK4I0.js s=200 d=24µs s=1291
INF http m=GET p=/assets/Editor-DfcJ-Jfc.css s=200 d=35µs s=2151
INF http m=GET p=/assets/Editor-BCbjs9IY.js s=200 d=321µs s=13602
INF http m=GET p=/assets/Auth-8NWYUGup.js s=200 d=34µs s=1677
INF http m=GET p=/assets/Auth-6SolzSg2.css s=200 d=25µs s=633
INF http m=GET p=/assets/AdminDashboard-DpHjrDyw.js s=200 d=37µs s=2142
INF http m=GET p=/assets/AdminDashboard-CjPbo26j.css s=200 d=28µs s=584
INF http m=GET p=/manifest.webmanifest s=200 d=28µs s=199
INF http m=POST p=/api/v1/organizations/40O5ES89U000/workspaces s=200 d=239ms s=304
INF http m=POST p=/api/v1/workspaces/40O5EO0CK000/nodes/0/page/create s=200 d=156ms s=26
INF http m=GET p=/w/@40O5EO0CK000+workspace/@40O5ERI9K000+welcome s=200 d=35µs s=541
INF http m=GET p=/api/v1/workspaces/40O5EO0CK000/events s=200 d=454ms s=236
INF http m=POST p=/api/v1/auth/switch-workspace s=200 d=34.4ms s=571
INF http m=GET p=/api/v1/auth/me s=200 d=242µs s=357
INF http m=GET p=/api/v1/notifications/unread-count s=200 d=302µs s=25
INF http m=GET p=/api/v1/workspaces/40O5ESN4O000/nodes/0/children s=200 d=329µs s=26
INF http m=GET p=/api/v1/workspaces/40O5ESN4O000/members s=200 d=175µs s=123
INF http m=GET p=/api/v1/notifications/unread-count s=200 d=353µs s=25
INF http m=GET p=/api/v1/workspaces/40O5EO0CK000/nodes/0/children s=200 d=424µs s=270
INF http m=GET p=/api/v1/workspaces/40O5EO0CK000/nodes/40O5ERI9K000 s=200 d=214µs s=245
INF http m=GET p=/api/v1/workspaces/40O5EO0CK000/members s=200 d=175µs s=125
INF http m=POST p=/api/v1/workspaces/40O5ESN4O000/nodes/0/page/create s=200 d=39ms s=35
INF http m=GET p=/api/v1/workspaces/40O5ESN4O000/nodes/0/children s=200 d=337µs s=267
INF http m=GET p=/api/v1/workspaces/40O5ESN4O000/nodes/40O5EUI2U000 s=200 d=236µs s=245
INF http m=POST p=/api/v1/workspaces/40O5ESN4O000/nodes/0/page/create s=200 d=35.8ms s=26
INF http m=GET p=/w/@40O5ESN4O000+workspace/@40O5EUI2U000+welcome s=200 d=43µs s=541
INF http m=GET p=/api/v1/workspaces/40O5ESN4O000/events s=200 d=82ms s=233
INF http m=GET p=/api/v1/workspaces/40O5EO0CK000/nodes/40O5ET8BM000 s=200 d=341µs s=163
INF http m=GET p=/api/v1/auth/me s=200 d=873µs s=356
INF http m=GET p=/api/v1/notifications/unread-count s=200 d=235µs s=25
INF http m=GET p=/api/v1/workspaces/40O5ESN4O000/nodes/40O5EUI2U000 s=200 d=462µs s=245
INF http m=GET p=/api/v1/workspaces/40O5ESN4O000/nodes/0/children s=200 d=2.36ms s=267
INF http m=GET p=/api/v1/workspaces/40O5ESN4O000/members s=200 d=2.8ms s=123
INF http m=GET p=/api/v1/workspaces/40O5ESN4O000/nodes/40O5EUO1M000 s=200 d=317µs s=161
INF http m=GET p=/api/v1/workspaces/40O5EO0CK000/events s=200 d=229ms s=93
INF http m=GET p=/api/v1/workspaces/40O5ESN4O000/events s=200 d=226ms s=93
INF http m=POST p=/api/v1/auth/register s=200 d=156ms s=412
INF http m=GET p=/ s=200 d=58µs s=541
INF http m=GET p=/assets/index-Dlg_ygoF.js s=200 d=174µs s=45483
INF http m=GET p=/assets/index-Bi-AgGrc.css s=200 d=116µs s=11684
INF http m=GET p=/assets/vendor-CnrH3R4r.js s=200 d=120µs s=28803
INF http m=GET p=/registerSW.js s=200 d=39µs s=87
INF http m=GET p=/assets/editor-vendor-VZT4IkOY.js s=200 d=138µs s=92428
INF http m=GET p=/api/v1/auth/me s=200 d=200µs s=169
INF http m=GET p=/assets/en-BIK_e_4K.js s=200 d=66µs s=5251
INF http m=GET p=/assets/Onboarding-DQ2WAJCW.js s=200 d=37µs s=996
INF http m=GET p=/api/v1/notifications/unread-count s=200 d=172µs s=25
INF http m=GET p=/favicon.png s=200 d=84µs s=449
INF http m=GET p=/sw.js s=200 d=77µs s=5593
INF http m=POST p=/api/v1/auth/register s=200 d=240ms s=413
INF http m=GET p=/registerSW.js s=200 d=32µs s=87
INF http m=GET p=/ s=200 d=58µs s=541
INF http m=GET p=/index.html s=200 d=39µs s=541
INF http m=GET p=/assets/index-Dlg_ygoF.js s=200 d=171µs s=45483
INF http m=GET p=/assets/index-Bi-AgGrc.css s=200 d=116µs s=11684
INF http m=GET p=/assets/vendor-CnrH3R4r.js s=200 d=110µs s=28803
INF http m=GET p=/assets/editor-vendor-VZT4IkOY.js s=200 d=137µs s=92428
INF http m=GET p=/registerSW.js s=200 d=63µs s=87
INF http m=GET p=/icon.svg s=200 d=28µs s=195
INF http m=GET p=/icon-512.png s=200 d=89µs s=6498
INF http m=GET p=/icon-192.png s=200 d=49µs s=2468
INF http m=GET p=/favicon.png s=200 d=36µs s=449
INF http m=GET p=/apple-touch-icon.png s=200 d=47µs s=2298
INF http m=POST p=/api/v1/organizations s=200 d=151ms s=354
INF http m=GET p=/api/v1/auth/me s=200 d=313µs s=252
INF http m=GET p=/api/v1/auth/me s=200 d=654µs s=169
INF http m=GET p=/assets/en-BIK_e_4K.js s=200 d=93µs s=5251
INF http m=GET p=/assets/material-symbols-names-D7AiM4If.js s=200 d=138µs s=15478
INF http m=GET p=/favicon.png s=200 d=31µs s=449
INF http m=GET p=/assets/Onboarding-DQ2WAJCW.js s=200 d=39µs s=996
INF http m=GET p=/api/v1/notifications/unread-count s=200 d=409µs s=25
INF http m=GET p=/sw.js s=200 d=86µs s=5593
INF http m=GET p=/assets/fr-B1PqNQ7U.js s=200 d=65µs s=6351
INF http m=GET p=/assets/es-OK4oleHZ.js s=200 d=65µs s=6048
INF http m=GET p=/assets/emoji-groups-El6awxEn.js s=200 d=108µs s=13851
INF http m=GET p=/assets/de-CSEWDUi3.js s=200 d=86µs s=6281
INF http m=GET p=/registerSW.js s=200 d=41µs s=87
INF http m=GET p=/assets/WorkspaceSettingsPanel-BXpT4LCS.css s=200 d=38µs s=994
INF http m=GET p=/index.html s=200 d=38µs s=541
INF http m=GET p=/assets/WorkspaceSettingsPanel-BB4UnxOs.js s=200 d=66µs s=4465
INF http m=GET p=/assets/Terms-CDs9SgkA.js s=200 d=26µs s=1013
INF http m=GET p=/icon.svg s=200 d=28µs s=195
INF http m=GET p=/assets/ServerSettingsPanel-Co4AQ7oB.css s=200 d=33µs s=576
INF http m=GET p=/icon-512.png s=200 d=52µs s=6498
INF http m=GET p=/assets/ServerSettingsPanel-CUtQeHs8.js s=200 d=47µs s=2551
INF http m=GET p=/icon-192.png s=200 d=65µs s=2468
INF http m=GET p=/assets/ResourceQuotaForm-CBiYRbX4.js s=200 d=28µs s=832
INF http m=GET p=/favicon.png s=200 d=87µs s=449
INF http m=GET p=/assets/ResourceQuotaForm-BFoPj33M.css s=200 d=34µs s=297
INF http m=GET p=/assets/ProfileSettings-DF5AVI35.js s=200 d=62µs s=4393
INF http m=GET p=/apple-touch-icon.png s=200 d=58µs s=2298
INF http m=GET p=/assets/ProfileSettings-CX-HDEdu.css s=200 d=41µs s=1177
INF http m=GET p=/assets/Privacy-cCrfp6_1.css s=200 d=35µs s=314
INF http m=GET p=/assets/Privacy-CgsgvqEr.js s=200 d=44µs s=904
INF http m=GET p=/assets/material-symbols-names-D7AiM4If.js s=200 d=110µs s=15478
INF http m=GET p=/assets/OrgSettingsPanel-D9VVCokd.css s=200 d=30µs s=488
INF http m=GET p=/assets/OrgSettingsPanel-9P66Q2ps.js s=200 d=46µs s=2333
INF http m=GET p=/assets/OAuthIcons-csRRTXki.js s=200 d=54µs s=951
INF http m=GET p=/assets/fr-B1PqNQ7U.js s=200 d=122µs s=6351
INF http m=GET p=/assets/InviteForm-DLxm8fu0.css s=200 d=43µs s=394
INF http m=GET p=/assets/es-OK4oleHZ.js s=200 d=79µs s=6048
INF http m=GET p=/assets/InviteForm-CV0yK4I0.js s=200 d=27µs s=1291
INF http m=GET p=/assets/Editor-DfcJ-Jfc.css s=200 d=64µs s=2151
INF http m=GET p=/assets/Editor-BCbjs9IY.js s=200 d=114µs s=13602
INF http m=GET p=/assets/emoji-groups-El6awxEn.js s=200 d=102µs s=13851
INF http m=GET p=/assets/Auth-8NWYUGup.js s=200 d=37µs s=1677
INF http m=GET p=/assets/Auth-6SolzSg2.css s=200 d=37µs s=633
INF http m=GET p=/assets/AdminDashboard-DpHjrDyw.js s=200 d=51µs s=2142
INF http m=GET p=/assets/AdminDashboard-CjPbo26j.css s=200 d=48µs s=584
INF http m=GET p=/manifest.webmanifest s=200 d=36µs s=199
INF http m=GET p=/assets/de-CSEWDUi3.js s=200 d=88µs s=6281
INF http m=GET p=/assets/WorkspaceSettingsPanel-BXpT4LCS.css s=200 d=44µs s=994
INF http m=GET p=/assets/WorkspaceSettingsPanel-BB4UnxOs.js s=200 d=140µs s=4465
INF http m=GET p=/assets/Terms-CDs9SgkA.js s=200 d=27µs s=1013
INF http m=GET p=/assets/ServerSettingsPanel-Co4AQ7oB.css s=200 d=30µs s=576
INF http m=GET p=/assets/ServerSettingsPanel-CUtQeHs8.js s=200 d=41µs s=2551
INF http m=GET p=/assets/ResourceQuotaForm-CBiYRbX4.js s=200 d=58µs s=832
INF http m=GET p=/assets/ResourceQuotaForm-BFoPj33M.css s=200 d=34µs s=297
INF http m=GET p=/assets/ProfileSettings-DF5AVI35.js s=200 d=137µs s=4393
INF http m=GET p=/assets/ProfileSettings-CX-HDEdu.css s=200 d=47µs s=1177
INF http m=GET p=/assets/Privacy-cCrfp6_1.css s=200 d=29µs s=314
INF http m=GET p=/assets/Privacy-CgsgvqEr.js s=200 d=45µs s=904
INF http m=GET p=/assets/OrgSettingsPanel-D9VVCokd.css s=200 d=25µs s=488
INF http m=GET p=/assets/OrgSettingsPanel-9P66Q2ps.js s=200 d=39µs s=2333
INF http m=POST p=/api/v1/organizations/40O5F3ONU000/workspaces s=200 d=428ms s=300
INF http m=GET p=/assets/OAuthIcons-csRRTXki.js s=200 d=29µs s=951
INF http m=GET p=/assets/InviteForm-DLxm8fu0.css s=200 d=39µs s=394
INF http m=GET p=/assets/InviteForm-CV0yK4I0.js s=200 d=32µs s=1291
INF http m=GET p=/assets/Editor-DfcJ-Jfc.css s=200 d=38µs s=2151
INF http m=GET p=/assets/Editor-BCbjs9IY.js s=200 d=76µs s=13602
INF http m=GET p=/assets/Auth-8NWYUGup.js s=200 d=54µs s=1677
INF http m=GET p=/assets/Auth-6SolzSg2.css s=200 d=29µs s=633
INF http m=GET p=/assets/AdminDashboard-DpHjrDyw.js s=200 d=53µs s=2142
INF http m=POST p=/api/v1/organizations s=200 d=370ms s=354
INF http m=GET p=/api/v1/auth/me s=200 d=556µs s=254
INF http m=GET p=/assets/AdminDashboard-CjPbo26j.css s=200 d=34µs s=584
INF http m=POST p=/api/v1/auth/switch-workspace s=200 d=65.2ms s=565
INF http m=GET p=/manifest.webmanifest s=200 d=57µs s=199
INF http m=GET p=/api/v1/notifications/unread-count s=200 d=182µs s=25
INF http m=GET p=/api/v1/workspaces/40O5F4OJE000/members s=200 d=548µs s=120
INF http m=GET p=/api/v1/workspaces/40O5F4OJE000/nodes/0/children s=200 d=306µs s=26
INF http m=POST p=/api/v1/organizations/40O5F5FDS000/workspaces s=200 d=239ms s=301
INF http m=POST p=/api/v1/workspaces/40O5F4OJE000/nodes/0/page/create s=200 d=203ms s=35
INF http m=GET p=/api/v1/workspaces/40O5F4OJE000/nodes/0/children s=200 d=264µs s=257
INF http m=GET p=/api/v1/workspaces/40O5F4OJE000/nodes/40O5F81O8000 s=200 d=212µs s=245
INF http m=POST p=/api/v1/auth/switch-workspace s=200 d=32.8ms s=570
INF http m=GET p=/api/v1/notifications/unread-count s=200 d=728µs s=25
INF http m=GET p=/api/v1/workspaces/40O5F7PM2000/nodes/0/children s=200 d=971µs s=26
INF http m=GET p=/api/v1/workspaces/40O5F7PM2000/members s=200 d=169µs s=120
INF http m=POST p=/api/v1/workspaces/40O5F7PM2000/nodes/0/page/create s=200 d=23ms s=35
INF http m=GET p=/api/v1/workspaces/40O5F7PM2000/nodes/0/children s=200 d=302µs s=257
INF http m=POST p=/api/v1/workspaces/40O5F4OJE000/nodes/0/page/create s=200 d=23.7ms s=26
INF http m=GET p=/api/v1/workspaces/40O5F7PM2000/nodes/40O5F9JSG000 s=200 d=300µs s=245
INF http m=GET p=/w/@40O5F4OJE000+workspace/@40O5F81O8000+welcome s=200 d=34µs s=541
INF http m=GET p=/api/v1/workspaces/40O5F4OJE000/events s=200 d=309ms s=228
INF http m=GET p=/api/v1/auth/me s=200 d=440µs s=353
INF http m=GET p=/api/v1/notifications/unread-count s=200 d=231µs s=25
INF http m=GET p=/api/v1/workspaces/40O5F4OJE000/nodes/0/children s=200 d=873µs s=265
INF http m=GET p=/api/v1/workspaces/40O5F4OJE000/members s=200 d=545µs s=120
INF http m=GET p=/api/v1/workspaces/40O5F4OJE000/nodes/40O5F81O8000 s=200 d=678µs s=245
INF http m=GET p=/api/v1/workspaces/40O5F4OJE000/nodes/40O5F9KNQ000 s=200 d=360µs s=158
INF http m=POST p=/api/v1/workspaces/40O5F7PM2000/nodes/0/page/create s=200 d=18ms s=26
INF http m=GET p=/w/@40O5F7PM2000+workspace/@40O5F9JSG000+welcome s=200 d=41µs s=541
INF http m=GET p=/api/v1/workspaces/40O5F7PM2000/events s=200 d=256ms s=233
INF http m=GET p=/api/v1/auth/me s=200 d=287µs s=359
INF http m=GET p=/api/v1/notifications/unread-count s=200 d=204µs s=25
INF http m=GET p=/api/v1/workspaces/40O5F7PM2000/nodes/40O5F9JSG000 s=200 d=277µs s=245
INF http m=GET p=/api/v1/workspaces/40O5F7PM2000/members s=200 d=216µs s=120
INF http m=GET p=/api/v1/workspaces/40O5F7PM2000/nodes/0/children s=200 d=429µs s=270
INF http m=GET p=/api/v1/workspaces/40O5F4OJE000/events s=200 d=237ms s=93
INF http m=GET p=/api/v1/workspaces/40O5F7PM2000/nodes/40O5FAVE0000 s=200 d=2.73ms s=162
INF http m=POST p=/api/v1/auth/register s=200 d=128ms s=403
INF http m=GET p=/ s=200 d=110µs s=541
INF http m=GET p=/assets/index-Dlg_ygoF.js s=200 d=150µs s=45483
INF http m=GET p=/assets/index-Bi-AgGrc.css s=200 d=132µs s=11684
INF http m=GET p=/registerSW.js s=200 d=62µs s=87
INF http m=GET p=/assets/editor-vendor-VZT4IkOY.js s=200 d=213µs s=92428
INF http m=GET p=/assets/vendor-CnrH3R4r.js s=200 d=6.25ms s=28803
INF http m=GET p=/api/v1/workspaces/40O5F7PM2000/events s=200 d=412ms s=93
INF http m=GET p=/assets/en-BIK_e_4K.js s=200 d=104µs s=5251
INF http m=GET p=/api/v1/auth/me s=200 d=236µs s=172
INF http m=GET p=/sw.js s=200 d=92µs s=5593
INF http m=GET p=/api/v1/notifications/unread-count s=200 d=181µs s=25
INF http m=GET p=/assets/Onboarding-DQ2WAJCW.js s=200 d=27µs s=996
INF http m=GET p=/favicon.png s=200 d=41µs s=449
INF http m=GET p=/registerSW.js s=200 d=32µs s=87
INF http m=GET p=/index.html s=200 d=44µs s=541
INF http m=GET p=/icon.svg s=200 d=43µs s=195
INF http m=GET p=/icon-512.png s=200 d=77µs s=6498
INF http m=GET p=/icon-192.png s=200 d=57µs s=2468
INF http m=GET p=/favicon.png s=200 d=36µs s=449
INF http m=GET p=/apple-touch-icon.png s=200 d=38µs s=2298
INF http m=GET p=/assets/material-symbols-names-D7AiM4If.js s=200 d=102µs s=15478
INF http m=POST p=/api/v1/organizations s=200 d=124ms s=355
INF http m=GET p=/api/v1/auth/me s=200 d=243µs s=258
INF http m=GET p=/assets/fr-B1PqNQ7U.js s=200 d=107µs s=6351
INF http m=GET p=/assets/es-OK4oleHZ.js s=200 d=66µs s=6048
INF http m=POST p=/api/v1/auth/register s=200 d=213ms s=411
INF http m=GET p=/ s=200 d=62µs s=541
INF http m=GET p=/assets/emoji-groups-El6awxEn.js s=200 d=164µs s=13851
INF http m=GET p=/assets/de-CSEWDUi3.js s=200 d=120µs s=6281
INF http m=GET p=/assets/WorkspaceSettingsPanel-BXpT4LCS.css s=200 d=39µs s=994
INF http m=GET p=/assets/index-Dlg_ygoF.js s=200 d=1.29ms s=45483
INF http m=GET p=/assets/index-Bi-AgGrc.css s=200 d=1.45ms s=11684
INF http m=GET p=/assets/WorkspaceSettingsPanel-BB4UnxOs.js s=200 d=58µs s=4465
INF http m=GET p=/assets/vendor-CnrH3R4r.js s=200 d=1.34ms s=28803
INF http m=GET p=/assets/editor-vendor-VZT4IkOY.js s=200 d=606µs s=92428
INF http m=GET p=/registerSW.js s=200 d=45µs s=87
INF http m=GET p=/assets/Terms-CDs9SgkA.js s=200 d=26µs s=1013
INF http m=GET p=/assets/ServerSettingsPanel-Co4AQ7oB.css s=200 d=40µs s=576
INF http m=GET p=/assets/ServerSettingsPanel-CUtQeHs8.js s=200 d=44µs s=2551
INF http m=GET p=/assets/ResourceQuotaForm-CBiYRbX4.js s=200 d=49µs s=832
INF http m=GET p=/assets/ResourceQuotaForm-BFoPj33M.css s=200 d=35µs s=297
INF http m=GET p=/assets/ProfileSettings-DF5AVI35.js s=200 d=71µs s=4393
INF http m=GET p=/assets/ProfileSettings-CX-HDEdu.css s=200 d=67µs s=1177
INF http m=GET p=/assets/Privacy-cCrfp6_1.css s=200 d=35µs s=314
INF http m=GET p=/assets/Privacy-CgsgvqEr.js s=200 d=40µs s=904
INF http m=GET p=/assets/OrgSettingsPanel-D9VVCokd.css s=200 d=44µs s=488
INF http m=GET p=/assets/OrgSettingsPanel-9P66Q2ps.js s=200 d=64µs s=2333
INF http m=GET p=/assets/OAuthIcons-csRRTXki.js s=200 d=42µs s=951
INF http m=GET p=/assets/InviteForm-DLxm8fu0.css s=200 d=39µs s=394
INF http m=GET p=/api/v1/auth/me s=200 d=670µs s=172
INF http m=GET p=/assets/en-BIK_e_4K.js s=200 d=60µs s=5251
INF http m=GET p=/assets/InviteForm-CV0yK4I0.js s=200 d=33µs s=1291
INF http m=GET p=/assets/Editor-DfcJ-Jfc.css s=200 d=54µs s=2151
INF http m=GET p=/assets/Editor-BCbjs9IY.js s=200 d=73µs s=13602
INF http m=GET p=/assets/Auth-8NWYUGup.js s=200 d=50µs s=1677
INF http m=GET p=/assets/Onboarding-DQ2WAJCW.js s=200 d=40µs s=996
INF http m=GET p=/assets/Auth-6SolzSg2.css s=200 d=31µs s=633
INF http m=GET p=/assets/AdminDashboard-DpHjrDyw.js s=200 d=44µs s=2142
INF http m=GET p=/api/v1/notifications/unread-count s=200 d=252µs s=25
INF http m=GET p=/favicon.png s=200 d=52µs s=449
INF http m=GET p=/assets/AdminDashboard-CjPbo26j.css s=200 d=41µs s=584
INF http m=GET p=/manifest.webmanifest s=200 d=56µs s=199
INF http m=GET p=/sw.js s=200 d=416µs s=5593
INF http m=GET p=/registerSW.js s=200 d=53µs s=87
INF http m=GET p=/index.html s=200 d=34µs s=541
INF http m=GET p=/icon.svg s=200 d=37µs s=195
INF http m=GET p=/icon-512.png s=200 d=81µs s=6498
INF http m=GET p=/icon-192.png s=200 d=42µs s=2468
INF http m=GET p=/favicon.png s=200 d=22µs s=449
INF http m=GET p=/apple-touch-icon.png s=200 d=77µs s=2298
INF http m=GET p=/assets/material-symbols-names-D7AiM4If.js s=200 d=134µs s=15478
INF http m=GET p=/assets/fr-B1PqNQ7U.js s=200 d=87µs s=6351
INF http m=GET p=/assets/es-OK4oleHZ.js s=200 d=87µs s=6048
INF http m=GET p=/assets/emoji-groups-El6awxEn.js s=200 d=109µs s=13851
INF http m=GET p=/assets/de-CSEWDUi3.js s=200 d=80µs s=6281
INF http m=GET p=/assets/WorkspaceSettingsPanel-BXpT4LCS.css s=200 d=35µs s=994
INF http m=GET p=/assets/WorkspaceSettingsPanel-BB4UnxOs.js s=200 d=79µs s=4465
INF http m=GET p=/assets/Terms-CDs9SgkA.js s=200 d=31µs s=1013
INF http m=GET p=/assets/ServerSettingsPanel-Co4AQ7oB.css s=200 d=29µs s=576
INF http m=GET p=/assets/ServerSettingsPanel-CUtQeHs8.js s=200 d=69µs s=2551
INF http m=POST p=/api/v1/organizations/40O5FFHOU000/workspaces s=200 d=514ms s=306
INF http m=GET p=/assets/ResourceQuotaForm-CBiYRbX4.js s=200 d=38µs s=832
INF http m=POST p=/api/v1/organizations s=200 d=231ms s=358
INF http m=GET p=/assets/ResourceQuotaForm-BFoPj33M.css s=200 d=37µs s=297
INF http m=GET p=/assets/ProfileSettings-DF5AVI35.js s=200 d=115µs s=4393
INF http m=GET p=/api/v1/auth/me s=200 d=3.21ms s=257
INF http m=GET p=/assets/ProfileSettings-CX-HDEdu.css s=200 d=41µs s=1177
INF http m=GET p=/assets/Privacy-cCrfp6_1.css s=200 d=27µs s=314
INF http m=GET p=/assets/Privacy-CgsgvqEr.js s=200 d=26µs s=904
INF http m=GET p=/assets/OrgSettingsPanel-D9VVCokd.css s=200 d=28µs s=488
INF http m=GET p=/assets/OrgSettingsPanel-9P66Q2ps.js s=200 d=36µs s=2333
INF http m=POST p=/api/v1/auth/switch-workspace s=200 d=44.8ms s=571
INF http m=GET p=/assets/OAuthIcons-csRRTXki.js s=200 d=38µs s=951
INF http m=GET p=/assets/InviteForm-DLxm8fu0.css s=200 d=43µs s=394
INF http m=GET p=/api/v1/notifications/unread-count s=200 d=183µs s=25
INF http m=GET p=/assets/InviteForm-CV0yK4I0.js s=200 d=25µs s=1291
INF http m=GET p=/assets/Editor-DfcJ-Jfc.css s=200 d=73µs s=2151
INF http m=GET p=/assets/Editor-BCbjs9IY.js s=200 d=131µs s=13602
INF http m=GET p=/api/v1/workspaces/40O5FGC9U000/members s=200 d=3.36ms s=122
INF http m=GET p=/api/v1/workspaces/40O5FGC9U000/nodes/0/children s=200 d=9.89ms s=26
INF http m=GET p=/assets/Auth-8NWYUGup.js s=200 d=47µs s=1677
INF http m=GET p=/assets/Auth-6SolzSg2.css s=200 d=41µs s=633
INF http m=GET p=/assets/AdminDashboard-DpHjrDyw.js s=200 d=77µs s=2142
INF http m=GET p=/assets/AdminDashboard-CjPbo26j.css s=200 d=31µs s=584
INF http m=GET p=/manifest.webmanifest s=200 d=28µs s=199
INF http m=POST p=/api/v1/workspaces/40O5FGC9U000/nodes/0/page/create s=200 d=169ms s=35
INF http m=GET p=/api/v1/workspaces/40O5FGC9U000/nodes/0/children s=200 d=598µs s=268
INF http m=POST p=/api/v1/organizations/40O5FI58M000/workspaces s=200 d=246ms s=308
INF http m=GET p=/api/v1/workspaces/40O5FGC9U000/nodes/40O5FK2DM000 s=200 d=624µs s=245
INF http m=POST p=/api/v1/workspaces/40O5FGC9U000/nodes/0/page/create s=200 d=33.8ms s=26
INF http m=GET p=/w/@40O5FGC9U000+workspace/@40O5FK2DM000+welcome s=200 d=130µs s=541
INF http m=GET p=/api/v1/workspaces/40O5FGC9U000/events s=200 d=225ms s=232
INF http m=POST p=/api/v1/auth/switch-workspace s=200 d=43.5ms s=687
INF http m=GET p=/api/v1/notifications/unread-count s=200 d=199µs s=25
INF http m=GET p=/api/v1/workspaces/40O5FJKKU000/nodes/0/children s=200 d=343µs s=26
INF http m=GET p=/api/v1/workspaces/40O5FJKKU000/members s=200 d=4.04ms s=124
INF http m=GET p=/api/v1/auth/me s=200 d=269µs s=358
INF http m=POST p=/api/v1/workspaces/40O5FJKKU000/nodes/0/page/create s=200 d=32.3ms s=35
INF http m=GET p=/api/v1/workspaces/40O5FJKKU000/nodes/0/children s=200 d=360µs s=257
INF http m=GET p=/api/v1/notifications/unread-count s=200 d=391µs s=25
INF http m=GET p=/api/v1/workspaces/40O5FJKKU000/nodes/40O5FLJJA000 s=200 d=800µs s=245
INF http m=GET p=/api/v1/workspaces/40O5FGC9U000/nodes/0/children s=200 d=3.51ms s=268
INF http m=GET p=/api/v1/workspaces/40O5FGC9U000/members s=200 d=4.75ms s=122
INF http m=GET p=/api/v1/workspaces/40O5FGC9U000/nodes/40O5FK2DM000 s=200 d=11.3ms s=245
INF http m=GET p=/api/v1/workspaces/40O5FGC9U000/nodes/40O5FKV9S000 s=200 d=363µs s=163
INF http m=GET p=/api/v1/workspaces/40O5FGC9U000/events s=200 d=232ms s=93
INF http m=POST p=/api/v1/workspaces/40O5FJKKU000/nodes/0/page/create s=200 d=50.5ms s=26
INF http m=GET p=/w/@40O5FJKKU000+workspace/@40O5FLJJA000+welcome s=200 d=67µs s=541
INF http m=GET p=/api/v1/workspaces/40O5FJKKU000/events s=200 d=460ms s=235
INF http m=GET p=/api/v1/auth/me s=200 d=255µs s=362
INF http m=GET p=/api/v1/notifications/unread-count s=200 d=212µs s=25
INF http m=GET p=/api/v1/workspaces/40O5FJKKU000/members s=200 d=502µs s=124
INF http m=GET p=/api/v1/workspaces/40O5FJKKU000/nodes/40O5FLJJA000 s=200 d=901µs s=245
INF http m=GET p=/api/v1/workspaces/40O5FJKKU000/nodes/0/children s=200 d=2.7ms s=266
INF http m=POST p=/api/v1/auth/register s=200 d=168ms s=420
INF http m=GET p=/ s=200 d=73µs s=541
INF http m=GET p=/assets/index-Dlg_ygoF.js s=200 d=212µs s=45483
INF http m=GET p=/assets/index-Bi-AgGrc.css s=200 d=176µs s=11684
INF http m=GET p=/assets/vendor-CnrH3R4r.js s=200 d=159µs s=28803
INF http m=GET p=/assets/editor-vendor-VZT4IkOY.js s=200 d=196µs s=92428
INF http m=GET p=/registerSW.js s=200 d=36µs s=87
INF http m=GET p=/api/v1/workspaces/40O5FJKKU000/nodes/40O5FNRC4000 s=200 d=772µs s=160
INF http m=GET p=/assets/en-BIK_e_4K.js s=200 d=110µs s=5251
INF http m=GET p=/api/v1/auth/me s=200 d=3.83ms s=166
INF http m=GET p=/favicon.png s=200 d=52µs s=449
INF http m=GET p=/assets/Onboarding-DQ2WAJCW.js s=200 d=36µs s=996
INF http m=GET p=/api/v1/notifications/unread-count s=200 d=211µs s=25
INF http m=GET p=/sw.js s=200 d=76µs s=5593
INF http m=GET p=/registerSW.js s=200 d=41µs s=87
INF http m=GET p=/index.html s=200 d=41µs s=541
INF http m=POST p=/api/v1/organizations s=200 d=53.3ms s=355
INF http m=GET p=/api/v1/auth/me s=200 d=236µs s=255
INF http m=GET p=/icon.svg s=200 d=29µs s=195
INF http m=GET p=/icon-512.png s=200 d=108µs s=6498
INF http m=GET p=/icon-192.png s=200 d=47µs s=2468
INF http m=GET p=/favicon.png s=200 d=29µs s=449
INF http m=GET p=/apple-touch-icon.png s=200 d=55µs s=2298
INF http m=GET p=/assets/material-symbols-names-D7AiM4If.js s=200 d=93µs s=15478
INF http m=GET p=/assets/fr-B1PqNQ7U.js s=200 d=84µs s=6351
INF http m=GET p=/assets/es-OK4oleHZ.js s=200 d=97µs s=6048
INF http m=GET p=/assets/emoji-groups-El6awxEn.js s=200 d=90µs s=13851
INF http m=GET p=/assets/de-CSEWDUi3.js s=200 d=80µs s=6281
INF http m=GET p=/assets/WorkspaceSettingsPanel-BXpT4LCS.css s=200 d=40µs s=994
INF http m=GET p=/assets/WorkspaceSettingsPanel-BB4UnxOs.js s=200 d=66µs s=4465
INF http m=GET p=/assets/Terms-CDs9SgkA.js s=200 d=26µs s=1013
INF http m=GET p=/assets/ServerSettingsPanel-Co4AQ7oB.css s=200 d=37µs s=576
INF http m=GET p=/assets/ServerSettingsPanel-CUtQeHs8.js s=200 d=42µs s=2551
INF http m=GET p=/assets/ResourceQuotaForm-CBiYRbX4.js s=200 d=30µs s=832
INF http m=GET p=/assets/ResourceQuotaForm-BFoPj33M.css s=200 d=39µs s=297
INF http m=GET p=/assets/ProfileSettings-DF5AVI35.js s=200 d=60µs s=4393
INF http m=GET p=/assets/ProfileSettings-CX-HDEdu.css s=200 d=26µs s=1177
INF http m=GET p=/assets/Privacy-cCrfp6_1.css s=200 d=28µs s=314
INF http m=GET p=/assets/Privacy-CgsgvqEr.js s=200 d=26µs s=904
INF http m=GET p=/assets/OrgSettingsPanel-D9VVCokd.css s=200 d=27µs s=488
INF http m=GET p=/assets/OrgSettingsPanel-9P66Q2ps.js s=200 d=34µs s=2333
INF http m=GET p=/assets/OAuthIcons-csRRTXki.js s=200 d=33µs s=951
INF http m=GET p=/assets/InviteForm-DLxm8fu0.css s=200 d=31µs s=394
INF http m=GET p=/assets/InviteForm-CV0yK4I0.js s=200 d=34µs s=1291
INF http m=GET p=/assets/Editor-DfcJ-Jfc.css s=200 d=28µs s=2151
INF http m=GET p=/assets/Editor-BCbjs9IY.js s=200 d=73µs s=13602
INF http m=GET p=/assets/Auth-8NWYUGup.js s=200 d=36µs s=1677
INF http m=GET p=/assets/Auth-6SolzSg2.css s=200 d=53µs s=633
INF http m=GET p=/assets/AdminDashboard-DpHjrDyw.js s=200 d=41µs s=2142
INF http m=GET p=/assets/AdminDashboard-CjPbo26j.css s=200 d=28µs s=584
INF http m=GET p=/manifest.webmanifest s=200 d=28µs s=199
INF http m=POST p=/api/v1/organizations/40O5FQHDU000/workspaces s=200 d=307ms s=302
INF http m=POST p=/api/v1/auth/switch-workspace s=200 d=29.8ms s=571
INF http m=GET p=/api/v1/notifications/unread-count s=200 d=185µs s=25
INF http m=GET p=/api/v1/workspaces/40O5FQTSS000/nodes/0/children s=200 d=321µs s=26
INF http m=GET p=/api/v1/workspaces/40O5FQTSS000/members s=200 d=1.24ms s=120
INF http m=POST p=/api/v1/workspaces/40O5FQTSS000/nodes/0/page/create s=200 d=20.7ms s=35
INF http m=GET p=/api/v1/workspaces/40O5FQTSS000/nodes/0/children s=200 d=264µs s=257
INF http m=GET p=/api/v1/workspaces/40O5FQTSS000/nodes/40O5FT39I000 s=200 d=756µs s=245
INF http m=POST p=/api/v1/workspaces/40O5FQTSS000/nodes/0/page/create s=200 d=16ms s=26
INF http m=GET p=/w/@40O5FQTSS000+workspace/@40O5FT39I000+welcome s=200 d=44µs s=541
INF http m=GET p=/api/v1/workspaces/40O5FQTSS000/events s=200 d=489ms s=235
INF http m=GET p=/api/v1/workspaces/40O5FJKKU000/events s=200 d=1.16s s=93
INF http m=GET p=/api/v1/auth/me s=200 d=281µs s=356
INF http m=GET p=/api/v1/notifications/unread-count s=200 d=197µs s=25
INF http m=GET p=/api/v1/workspaces/40O5FQTSS000/nodes/0/children s=200 d=343µs s=253
INF http m=GET p=/api/v1/workspaces/40O5FQTSS000/nodes/40O5FT39I000 s=200 d=227µs s=245
INF http m=GET p=/api/v1/workspaces/40O5FQTSS000/members s=200 d=177µs s=120
INF http m=GET p=/api/v1/workspaces/40O5FQTSS000/nodes/40O5FVTB8000 s=200 d=492µs s=138
INF http m=POST p=/api/v1/auth/register s=200 d=137ms s=413
INF http m=GET p=/ s=200 d=63µs s=541
INF http m=GET p=/assets/index-Dlg_ygoF.js s=200 d=159µs s=45483
INF http m=GET p=/assets/index-Bi-AgGrc.css s=200 d=1.39ms s=11684
INF http m=GET p=/registerSW.js s=200 d=61µs s=87
INF http m=GET p=/assets/editor-vendor-VZT4IkOY.js s=200 d=164µs s=92428
INF http m=GET p=/assets/vendor-CnrH3R4r.js s=200 d=96µs s=28803
INF http m=GET p=/api/v1/workspaces/40O5FQTSS000/events s=200 d=404ms s=93
INF http m=GET p=/api/v1/auth/me s=200 d=639µs s=174
INF http m=GET p=/assets/en-BIK_e_4K.js s=200 d=60µs s=5251
INF http m=GET p=/api/v1/notifications/unread-count s=200 d=169µs s=25
INF http m=GET p=/assets/Onboarding-DQ2WAJCW.js s=200 d=1.14ms s=996
INF http m=GET p=/sw.js s=200 d=95µs s=5593
INF http m=GET p=/favicon.png s=200 d=48µs s=449
INF http m=GET p=/registerSW.js s=200 d=41µs s=87
INF http m=GET p=/index.html s=200 d=37µs s=541
INF http m=GET p=/icon.svg s=200 d=45µs s=195
INF http m=GET p=/icon-512.png s=200 d=97µs s=6498
INF http m=GET p=/icon-192.png s=200 d=62µs s=2468
INF http m=POST p=/api/v1/organizations s=200 d=109ms s=359
INF http m=GET p=/favicon.png s=200 d=41µs s=449
INF http m=GET p=/api/v1/auth/me s=200 d=271µs s=259
INF http m=GET p=/apple-touch-icon.png s=200 d=98µs s=2298
INF http m=GET p=/assets/material-symbols-names-D7AiM4If.js s=200 d=122µs s=15478
INF http m=GET p=/assets/fr-B1PqNQ7U.js s=200 d=95µs s=6351
INF http m=GET p=/assets/es-OK4oleHZ.js s=200 d=84µs s=6048
INF http m=GET p=/assets/emoji-groups-El6awxEn.js s=200 d=161µs s=13851
INF http m=GET p=/assets/de-CSEWDUi3.js s=200 d=97µs s=6281
INF http m=GET p=/assets/WorkspaceSettingsPanel-BXpT4LCS.css s=200 d=34µs s=994
INF http m=GET p=/assets/WorkspaceSettingsPanel-BB4UnxOs.js s=200 d=67µs s=4465
INF http m=GET p=/assets/Terms-CDs9SgkA.js s=200 d=27µs s=1013
INF http m=GET p=/assets/ServerSettingsPanel-Co4AQ7oB.css s=200 d=31µs s=576
INF http m=GET p=/assets/ServerSettingsPanel-CUtQeHs8.js s=200 d=41µs s=2551
INF http m=GET p=/assets/ResourceQuotaForm-CBiYRbX4.js s=200 d=31µs s=832
INF http m=GET p=/assets/ResourceQuotaForm-BFoPj33M.css s=200 d=30µs s=297
INF http m=GET p=/assets/ProfileSettings-DF5AVI35.js s=200 d=68µs s=4393
INF http m=GET p=/assets/ProfileSettings-CX-HDEdu.css s=200 d=37µs s=1177
INF http m=GET p=/assets/Privacy-cCrfp6_1.css s=200 d=32µs s=314
INF http m=GET p=/assets/Privacy-CgsgvqEr.js s=200 d=28µs s=904
INF http m=GET p=/assets/OrgSettingsPanel-D9VVCokd.css s=200 d=36µs s=488
INF http m=GET p=/assets/OrgSettingsPanel-9P66Q2ps.js s=200 d=62µs s=2333
INF http m=GET p=/assets/OAuthIcons-csRRTXki.js s=200 d=41µs s=951
INF http m=GET p=/assets/InviteForm-DLxm8fu0.css s=200 d=44µs s=394
INF http m=GET p=/assets/InviteForm-CV0yK4I0.js s=200 d=34µs s=1291
INF http m=GET p=/assets/Editor-DfcJ-Jfc.css s=200 d=59µs s=2151
INF http m=GET p=/assets/Editor-BCbjs9IY.js s=200 d=86µs s=13602
INF http m=GET p=/assets/Auth-8NWYUGup.js s=200 d=48µs s=1677
INF http m=GET p=/assets/Auth-6SolzSg2.css s=200 d=42µs s=633
INF http m=GET p=/assets/AdminDashboard-DpHjrDyw.js s=200 d=55µs s=2142
INF http m=GET p=/assets/AdminDashboard-CjPbo26j.css s=200 d=34µs s=584
INF http m=GET p=/manifest.webmanifest s=200 d=38µs s=199
INF http m=POST p=/api/v1/organizations/40O5G3MMM000/workspaces s=200 d=414ms s=310
INF http m=POST p=/api/v1/auth/register s=200 d=384ms s=412
INF http m=GET p=/ s=200 d=50µs s=541
INF http m=GET p=/assets/editor-vendor-VZT4IkOY.js s=200 d=199µs s=92428
INF http m=GET p=/registerSW.js s=200 d=29µs s=87
INF http m=GET p=/assets/index-Bi-AgGrc.css s=200 d=117µs s=11684
INF http m=GET p=/assets/index-Dlg_ygoF.js s=200 d=133µs s=45483
INF http m=GET p=/assets/vendor-CnrH3R4r.js s=200 d=990µs s=28803
INF http m=POST p=/api/v1/auth/switch-workspace s=200 d=48.6ms s=576
INF http m=GET p=/api/v1/workspaces/40O5G4FJE000/members s=200 d=4.7ms s=126
INF http m=GET p=/api/v1/workspaces/40O5G4FJE000/nodes/0/children s=200 d=4.25ms s=26
INF http m=GET p=/api/v1/notifications/unread-count s=200 d=817µs s=25
INF http m=POST p=/api/v1/workspaces/40O5G4FJE000/nodes/0/page/create s=200 d=25.6ms s=35
INF http m=GET p=/api/v1/workspaces/40O5G4FJE000/nodes/0/children s=200 d=705µs s=257
INF http m=GET p=/api/v1/workspaces/40O5G4FJE000/nodes/40O5G7JGK000 s=200 d=993µs s=245
INF http m=GET p=/api/v1/auth/me s=200 d=925µs s=174
INF http m=GET p=/assets/en-BIK_e_4K.js s=200 d=122µs s=5251
INF http m=GET p=/assets/Onboarding-DQ2WAJCW.js s=200 d=44µs s=996
INF http m=GET p=/api/v1/notifications/unread-count s=200 d=429µs s=25
INF http m=GET p=/favicon.png s=200 d=29µs s=449
INF http m=GET p=/sw.js s=200 d=87µs s=5593
INF http m=GET p=/registerSW.js s=200 d=46µs s=87
INF http m=GET p=/index.html s=200 d=39µs s=541
INF http m=POST p=/api/v1/organizations s=200 d=49.1ms s=359
INF http m=GET p=/icon.svg s=200 d=25µs s=195
INF http m=GET p=/api/v1/auth/me s=200 d=780µs s=258
INF http m=GET p=/icon-512.png s=200 d=83µs s=6498
INF http m=GET p=/icon-192.png s=200 d=54µs s=2468
INF http m=GET p=/favicon.png s=200 d=24µs s=449
INF http m=GET p=/apple-touch-icon.png s=200 d=41µs s=2298
INF http m=GET p=/assets/material-symbols-names-D7AiM4If.js s=200 d=149µs s=15478
INF http m=GET p=/assets/fr-B1PqNQ7U.js s=200 d=107µs s=6351
INF http m=GET p=/assets/es-OK4oleHZ.js s=200 d=69µs s=6048
INF http m=GET p=/assets/emoji-groups-El6awxEn.js s=200 d=96µs s=13851
INF http m=GET p=/assets/de-CSEWDUi3.js s=200 d=122µs s=6281
INF http m=GET p=/assets/WorkspaceSettingsPanel-BXpT4LCS.css s=200 d=44µs s=994
INF http m=GET p=/assets/WorkspaceSettingsPanel-BB4UnxOs.js s=200 d=68µs s=4465
INF http m=GET p=/assets/Terms-CDs9SgkA.js s=200 d=26µs s=1013
INF http m=GET p=/assets/ServerSettingsPanel-Co4AQ7oB.css s=200 d=36µs s=576
INF http m=GET p=/assets/ServerSettingsPanel-CUtQeHs8.js s=200 d=37µs s=2551
INF http m=GET p=/assets/ResourceQuotaForm-CBiYRbX4.js s=200 d=43µs s=832
INF http m=GET p=/assets/ResourceQuotaForm-BFoPj33M.css s=200 d=26µs s=297
INF http m=GET p=/assets/ProfileSettings-DF5AVI35.js s=200 d=60µs s=4393
INF http m=GET p=/assets/ProfileSettings-CX-HDEdu.css s=200 d=33µs s=1177
INF http m=GET p=/assets/Privacy-cCrfp6_1.css s=200 d=26µs s=314
INF http m=GET p=/assets/Privacy-CgsgvqEr.js s=200 d=24µs s=904
INF http m=GET p=/assets/OrgSettingsPanel-D9VVCokd.css s=200 d=33µs s=488
INF http m=GET p=/assets/OrgSettingsPanel-9P66Q2ps.js s=200 d=37µs s=2333
INF http m=GET p=/assets/OAuthIcons-csRRTXki.js s=200 d=31µs s=951
INF http m=GET p=/assets/InviteForm-DLxm8fu0.css s=200 d=25µs s=394
INF http m=GET p=/assets/InviteForm-CV0yK4I0.js s=200 d=29µs s=1291
INF http m=GET p=/assets/Editor-DfcJ-Jfc.css s=200 d=36µs s=2151
INF http m=GET p=/assets/Editor-BCbjs9IY.js s=200 d=78µs s=13602
INF http m=GET p=/assets/Auth-8NWYUGup.js s=200 d=28µs s=1677
INF http m=GET p=/assets/Auth-6SolzSg2.css s=200 d=24µs s=633
INF http m=GET p=/assets/AdminDashboard-DpHjrDyw.js s=200 d=31µs s=2142
INF http m=GET p=/assets/AdminDashboard-CjPbo26j.css s=200 d=17µs s=584
INF http m=GET p=/manifest.webmanifest s=200 d=49µs s=199
INF http m=POST p=/api/v1/organizations/40O5G85R4000/workspaces s=200 d=256ms s=307
INF http m=POST p=/api/v1/workspaces/40O5G4FJE000/nodes/0/page/create s=200 d=155ms s=26
INF http m=GET p=/w/@40O5G4FJE000+workspace/@40O5G7JGK000+welcome s=200 d=34µs s=541
INF http m=GET p=/api/v1/workspaces/40O5G4FJE000/events s=200 d=425ms s=228
INF http m=POST p=/api/v1/auth/switch-workspace s=200 d=38.5ms s=601
INF http m=GET p=/api/v1/auth/me s=200 d=976µs s=361
INF http m=GET p=/api/v1/notifications/unread-count s=200 d=545µs s=25
INF http m=GET p=/api/v1/workspaces/40O5G8GNK000/members s=200 d=750µs s=125
INF http m=GET p=/api/v1/workspaces/40O5G8GNK000/nodes/0/children s=200 d=3.42ms s=26
INF http m=GET p=/api/v1/workspaces/40O5G4FJE000/nodes/40O5G7JGK000 s=200 d=293µs s=245
INF http m=GET p=/api/v1/notifications/unread-count s=200 d=122µs s=25
INF http m=GET p=/api/v1/workspaces/40O5G4FJE000/nodes/0/children s=200 d=281µs s=269
INF http m=GET p=/api/v1/workspaces/40O5G4FJE000/members s=200 d=156µs s=126
INF http m=POST p=/api/v1/workspaces/40O5G8GNK000/nodes/0/page/create s=200 d=31.9ms s=35
INF http m=GET p=/api/v1/workspaces/40O5G8GNK000/nodes/0/children s=200 d=418µs s=262
INF http m=GET p=/api/v1/workspaces/40O5G8GNK000/nodes/40O5GAK7O000 s=200 d=345µs s=245
INF http m=POST p=/api/v1/workspaces/40O5G8GNK000/nodes/0/page/create s=200 d=45.4ms s=26
INF http m=GET p=/w/@40O5G8GNK000+workspace/@40O5GAK7O000+welcome s=200 d=43µs s=541
INF http m=GET p=/api/v1/workspaces/40O5G4FJE000/nodes/40O5G95CM000 s=200 d=359µs s=167
INF http m=GET p=/api/v1/workspaces/40O5G8GNK000/events s=200 d=109ms s=227
INF http m=GET p=/api/v1/auth/me s=200 d=327µs s=360
INF http m=GET p=/api/v1/notifications/unread-count s=200 d=272µs s=25
INF http m=GET p=/api/v1/workspaces/40O5G8GNK000/nodes/0/children s=200 d=1.01ms s=262
INF http m=GET p=/api/v1/workspaces/40O5G8GNK000/members s=200 d=344µs s=125
INF http m=GET p=/api/v1/workspaces/40O5G8GNK000/nodes/40O5GAK7O000 s=200 d=3.54ms s=245
INF http m=GET p=/api/v1/workspaces/40O5G4FJE000/events s=200 d=151ms s=93
INF http m=GET p=/api/v1/workspaces/40O5G8GNK000/nodes/40O5GAOT2000 s=200 d=361µs s=155
INF http m=GET p=/api/v1/workspaces/40O5G8GNK000/events s=200 d=224ms s=93
INF http m=POST p=/api/v1/auth/register s=200 d=172ms s=411
INF http m=GET p=/ s=200 d=63µs s=541
INF http m=GET p=/assets/vendor-CnrH3R4r.js s=200 d=167µs s=28803
INF http m=GET p=/assets/editor-vendor-VZT4IkOY.js s=200 d=208µs s=92428
INF http m=GET p=/assets/index-Dlg_ygoF.js s=200 d=117µs s=45483
INF http m=GET p=/assets/index-Bi-AgGrc.css s=200 d=156µs s=11684
INF http m=GET p=/registerSW.js s=200 d=54µs s=87
INF http m=GET p=/assets/en-BIK_e_4K.js s=200 d=119µs s=5251
INF http m=GET p=/api/v1/auth/me s=200 d=295µs s=171
INF http m=GET p=/assets/Onboarding-DQ2WAJCW.js s=200 d=42µs s=996
INF http m=GET p=/favicon.png s=200 d=25µs s=449
INF http m=GET p=/api/v1/notifications/unread-count s=200 d=188µs s=25
INF http m=GET p=/sw.js s=200 d=79µs s=5593
INF http m=GET p=/registerSW.js s=200 d=40µs s=87
INF http m=GET p=/index.html s=200 d=46µs s=541
INF http m=GET p=/icon.svg s=200 d=25µs s=195
INF http m=GET p=/icon-512.png s=200 d=49µs s=6498
INF http m=GET p=/icon-192.png s=200 d=36µs s=2468
INF http m=GET p=/favicon.png s=200 d=32µs s=449
INF http m=GET p=/apple-touch-icon.png s=200 d=39µs s=2298
INF http m=POST p=/api/v1/organizations s=200 d=98.4ms s=358
INF http m=GET p=/api/v1/auth/me s=200 d=234µs s=256
INF http m=POST p=/api/v1/auth/register s=200 d=250ms s=409
INF http m=GET p=/assets/material-symbols-names-D7AiM4If.js s=200 d=85µs s=15478
INF http m=GET p=/ s=200 d=57µs s=541
INF http m=GET p=/assets/fr-B1PqNQ7U.js s=200 d=81µs s=6351
INF http m=GET p=/assets/index-Bi-AgGrc.css s=200 d=128µs s=11684
INF http m=GET p=/assets/editor-vendor-VZT4IkOY.js s=200 d=148µs s=92428
INF http m=GET p=/assets/vendor-CnrH3R4r.js s=200 d=106µs s=28803
INF http m=GET p=/assets/index-Dlg_ygoF.js s=200 d=757µs s=45483
INF http m=GET p=/registerSW.js s=200 d=38µs s=87
INF http m=GET p=/assets/es-OK4oleHZ.js s=200 d=67µs s=6048
INF http m=GET p=/assets/emoji-groups-El6awxEn.js s=200 d=393µs s=13851
INF http m=GET p=/assets/de-CSEWDUi3.js s=200 d=86µs s=6281
INF http m=GET p=/assets/WorkspaceSettingsPanel-BXpT4LCS.css s=200 d=43µs s=994
INF http m=GET p=/assets/WorkspaceSettingsPanel-BB4UnxOs.js s=200 d=70µs s=4465
INF http m=GET p=/assets/Terms-CDs9SgkA.js s=200 d=31µs s=1013
INF http m=GET p=/assets/ServerSettingsPanel-Co4AQ7oB.css s=200 d=31µs s=576
INF http m=GET p=/assets/ServerSettingsPanel-CUtQeHs8.js s=200 d=38µs s=2551
INF http m=GET p=/assets/ResourceQuotaForm-CBiYRbX4.js s=200 d=31µs s=832
INF http m=GET p=/assets/ResourceQuotaForm-BFoPj33M.css s=200 d=30µs s=297
INF http m=GET p=/assets/ProfileSettings-DF5AVI35.js s=200 d=62µs s=4393
INF http m=GET p=/assets/ProfileSettings-CX-HDEdu.css s=200 d=34µs s=1177
INF http m=GET p=/assets/Privacy-cCrfp6_1.css s=200 d=30µs s=314
INF http m=GET p=/assets/Privacy-CgsgvqEr.js s=200 d=37µs s=904
INF http m=GET p=/assets/OrgSettingsPanel-D9VVCokd.css s=200 d=35µs s=488
INF http m=GET p=/assets/OrgSettingsPanel-9P66Q2ps.js s=200 d=43µs s=2333
INF http m=GET p=/assets/OAuthIcons-csRRTXki.js s=200 d=37µs s=951
INF http m=GET p=/assets/InviteForm-DLxm8fu0.css s=200 d=39µs s=394
INF http m=GET p=/api/v1/auth/me s=200 d=215µs s=167
INF http m=GET p=/assets/en-BIK_e_4K.js s=200 d=61µs s=5251
INF http m=GET p=/assets/InviteForm-CV0yK4I0.js s=200 d=34µs s=1291
INF http m=GET p=/assets/Editor-DfcJ-Jfc.css s=200 d=34µs s=2151
INF http m=GET p=/assets/Editor-BCbjs9IY.js s=200 d=56µs s=13602
INF http m=GET p=/assets/Auth-8NWYUGup.js s=200 d=33µs s=1677
INF http m=GET p=/assets/Auth-6SolzSg2.css s=200 d=33µs s=633
INF http m=GET p=/assets/AdminDashboard-DpHjrDyw.js s=200 d=53µs s=2142
INF http m=GET p=/sw.js s=200 d=67µs s=5593
INF http m=GET p=/assets/AdminDashboard-CjPbo26j.css s=200 d=30µs s=584
INF http m=GET p=/assets/Onboarding-DQ2WAJCW.js s=200 d=32µs s=996
INF http m=GET p=/api/v1/notifications/unread-count s=200 d=533µs s=25
INF http m=GET p=/manifest.webmanifest s=200 d=29µs s=199
INF http m=GET p=/registerSW.js s=200 d=47µs s=87
INF http m=GET p=/favicon.png s=200 d=94µs s=449
INF http m=GET p=/index.html s=200 d=37µs s=541
INF http m=GET p=/icon.svg s=200 d=32µs s=195
INF http m=GET p=/icon-512.png s=200 d=84µs s=6498
INF http m=GET p=/icon-192.png s=200 d=201µs s=2468
INF http m=GET p=/favicon.png s=200 d=32µs s=449
INF http m=GET p=/apple-touch-icon.png s=200 d=47µs s=2298
INF http m=GET p=/assets/material-symbols-names-D7AiM4If.js s=200 d=88µs s=15478
INF http m=GET p=/assets/fr-B1PqNQ7U.js s=200 d=98µs s=6351
INF http m=GET p=/assets/es-OK4oleHZ.js s=200 d=143µs s=6048
INF http m=GET p=/assets/emoji-groups-El6awxEn.js s=200 d=135µs s=13851
INF http m=GET p=/assets/de-CSEWDUi3.js s=200 d=84µs s=6281
INF http m=GET p=/assets/WorkspaceSettingsPanel-BXpT4LCS.css s=200 d=29µs s=994
INF http m=GET p=/assets/WorkspaceSettingsPanel-BB4UnxOs.js s=200 d=63µs s=4465
INF http m=GET p=/assets/Terms-CDs9SgkA.js s=200 d=24µs s=1013
INF http m=POST p=/api/v1/organizations/40O5GF64E000/workspaces s=200 d=497ms s=304
INF http m=GET p=/assets/ServerSettingsPanel-Co4AQ7oB.css s=200 d=30µs s=576
INF http m=GET p=/assets/ServerSettingsPanel-CUtQeHs8.js s=200 d=56µs s=2551
INF http m=POST p=/api/v1/organizations s=200 d=187ms s=352
INF http m=GET p=/api/v1/auth/me s=200 d=1.43ms s=253
INF http m=GET p=/assets/ResourceQuotaForm-CBiYRbX4.js s=200 d=32µs s=832
INF http m=GET p=/assets/ResourceQuotaForm-BFoPj33M.css s=200 d=34µs s=297
INF http m=GET p=/assets/ProfileSettings-DF5AVI35.js s=200 d=964µs s=4393
INF http m=GET p=/assets/ProfileSettings-CX-HDEdu.css s=200 d=42µs s=1177
INF http m=GET p=/assets/Privacy-cCrfp6_1.css s=200 d=24µs s=314
INF http m=GET p=/assets/Privacy-CgsgvqEr.js s=200 d=29µs s=904
INF http m=GET p=/assets/OrgSettingsPanel-D9VVCokd.css s=200 d=32µs s=488
INF http m=GET p=/assets/OrgSettingsPanel-9P66Q2ps.js s=200 d=42µs s=2333
INF http m=POST p=/api/v1/auth/switch-workspace s=200 d=55.2ms s=571
INF http m=GET p=/assets/OAuthIcons-csRRTXki.js s=200 d=80µs s=951
INF http m=GET p=/assets/InviteForm-DLxm8fu0.css s=200 d=40µs s=394
INF http m=GET p=/assets/InviteForm-CV0yK4I0.js s=200 d=34µs s=1291
INF http m=GET p=/api/v1/notifications/unread-count s=200 d=178µs s=25
INF http m=GET p=/api/v1/workspaces/40O5GFQSM000/nodes/0/children s=200 d=288µs s=26
INF http m=GET p=/assets/Editor-DfcJ-Jfc.css s=200 d=91µs s=2151
INF http m=GET p=/api/v1/workspaces/40O5GFQSM000/members s=200 d=4.82ms s=126
INF http m=GET p=/assets/Editor-BCbjs9IY.js s=200 d=165µs s=13602
INF http m=GET p=/assets/Auth-8NWYUGup.js s=200 d=36µs s=1677
INF http m=GET p=/assets/Auth-6SolzSg2.css s=200 d=33µs s=633
INF http m=GET p=/assets/AdminDashboard-DpHjrDyw.js s=200 d=45µs s=2142
INF http m=GET p=/assets/AdminDashboard-CjPbo26j.css s=200 d=33µs s=584
INF http m=GET p=/manifest.webmanifest s=200 d=31µs s=199
INF http m=POST p=/api/v1/workspaces/40O5GFQSM000/nodes/0/page/create s=200 d=208ms s=35
INF http m=GET p=/api/v1/workspaces/40O5GFQSM000/nodes/0/children s=200 d=316µs s=257
INF http m=POST p=/api/v1/organizations/40O5GHOS6000/workspaces s=200 d=282ms s=303
INF http m=GET p=/api/v1/workspaces/40O5GFQSM000/nodes/40O5GJDA2000 s=200 d=1.21ms s=245
INF http m=POST p=/api/v1/auth/switch-workspace s=200 d=32.4ms s=576
INF http m=GET p=/api/v1/notifications/unread-count s=200 d=328µs s=25
INF http m=GET p=/api/v1/workspaces/40O5GIVUG000/nodes/0/children s=200 d=261µs s=26
INF http m=GET p=/api/v1/workspaces/40O5GIVUG000/members s=200 d=5.79ms s=130
INF http m=POST p=/api/v1/workspaces/40O5GFQSM000/nodes/0/page/create s=200 d=24.6ms s=26
INF http m=GET p=/w/@40O5GFQSM000+workspace/@40O5GJDA2000+welcome s=200 d=47µs s=541
INF http m=GET p=/api/v1/workspaces/40O5GFQSM000/events s=200 d=291ms s=233
INF http m=POST p=/api/v1/workspaces/40O5GIVUG000/nodes/0/page/create s=200 d=28.8ms s=35
INF http m=GET p=/api/v1/workspaces/40O5GIVUG000/nodes/0/children s=200 d=703µs s=257
INF http m=GET p=/api/v1/workspaces/40O5GIVUG000/nodes/40O5GL48I000 s=200 d=235µs s=245
INF http m=GET p=/api/v1/auth/me s=200 d=276µs s=358
INF http m=GET p=/api/v1/notifications/unread-count s=200 d=205µs s=25
INF http m=GET p=/api/v1/workspaces/40O5GFQSM000/members s=200 d=246µs s=126
INF http m=GET p=/api/v1/workspaces/40O5GFQSM000/nodes/0/children s=200 d=779µs s=270
INF http m=GET p=/api/v1/workspaces/40O5GFQSM000/nodes/40O5GJDA2000 s=200 d=750µs s=245
INF http m=GET p=/api/v1/workspaces/40O5GFQSM000/nodes/40O5GKTKS000 s=200 d=371µs s=161
INF http m=GET p=/api/v1/workspaces/40O5GFQSM000/events s=200 d=134ms s=93
INF http m=GET p=/w/@40O5GIVUG000/@nonexistent-page-id-12345 s=200 d=58µs s=541
INF http m=GET p=/api/v1/workspaces/40O5GIVUG000/events s=200 d=391ms s=207
INF http m=GET p=/api/v1/auth/me s=200 d=1.82ms s=356
INF http m=GET p=/api/v1/notifications/unread-count s=200 d=187µs s=25
INF http m=GET p=/api/v1/workspaces/40O5GIVUG000/nodes/0/children s=200 d=322µs s=257
ERR Handler error err="node not found" statusCode=404 code=NOT_FOUND
INF http m=GET p=/api/v1/workspaces/40O5GIVUG000/nodes/nonexistent-page-id-12345 s=404 d=397µs s=71
INF http m=GET p=/api/v1/workspaces/40O5GIVUG000/members s=200 d=489µs s=130
ERR Handler error err="node not found" statusCode=404 code=NOT_FOUND
INF http m=GET p=/api/v1/workspaces/40O5GIVUG000/nodes/nonexistent-page-id-12345 s=404 d=919µs s=71
ERR Handler error err="node not found" statusCode=404 code=NOT_FOUND
INF http m=GET p=/api/v1/workspaces/40O5GIVUG000/nodes/nonexistent-page-id-12345 s=404 d=600µs s=71
INF http m=GET p=/api/v1/workspaces/40O5GIVUG000/events s=200 d=34.4ms s=93
INF http m=POST p=/api/v1/auth/register s=200 d=197ms s=397
INF http m=GET p=/ s=200 d=62µs s=541
INF http m=GET p=/assets/index-Dlg_ygoF.js s=200 d=174µs s=45483
INF http m=GET p=/assets/vendor-CnrH3R4r.js s=200 d=184µs s=28803
INF http m=GET p=/assets/editor-vendor-VZT4IkOY.js s=200 d=177µs s=92428
INF http m=GET p=/assets/index-Bi-AgGrc.css s=200 d=117µs s=11684
INF http m=GET p=/registerSW.js s=200 d=39µs s=87
INF http m=GET p=/assets/en-BIK_e_4K.js s=200 d=87µs s=5251
INF http m=GET p=/api/v1/auth/me s=200 d=11.3ms s=164
INF http m=GET p=/favicon.png s=200 d=66µs s=449
INF http m=GET p=/privacy s=200 d=82µs s=541
INF http m=GET p=/assets/Onboarding-DQ2WAJCW.js s=200 d=24µs s=996
INF http m=GET p=/api/v1/notifications/unread-count s=200 d=181µs s=25
INF http m=GET p=/sw.js s=200 d=136µs s=5593
INF http m=GET p=/assets/index-Dlg_ygoF.js s=200 d=149µs s=45483
INF http m=GET p=/assets/index-Bi-AgGrc.css s=200 d=154µs s=11684
INF http m=GET p=/assets/vendor-CnrH3R4r.js s=200 d=116µs s=28803
INF http m=GET p=/assets/editor-vendor-VZT4IkOY.js s=200 d=143µs s=92428
INF http m=GET p=/registerSW.js s=200 d=37µs s=87
INF http m=GET p=/registerSW.js s=200 d=40µs s=87
INF http m=GET p=/index.html s=200 d=42µs s=541
INF http m=GET p=/icon.svg s=200 d=45µs s=195
INF http m=GET p=/icon-512.png s=200 d=99µs s=6498
INF http m=GET p=/icon-192.png s=200 d=63µs s=2468
INF http m=GET p=/favicon.png s=200 d=31µs s=449
INF http m=GET p=/apple-touch-icon.png s=200 d=84µs s=2298
INF http m=GET p=/assets/Privacy-CgsgvqEr.js s=200 d=23µs s=904
INF http m=GET p=/assets/Privacy-cCrfp6_1.css s=200 d=18µs s=314
INF http m=POST p=/api/v1/organizations s=200 d=101ms s=351
INF http m=GET p=/api/v1/auth/me s=200 d=227µs s=250
INF http m=GET p=/assets/en-BIK_e_4K.js s=200 d=624µs s=5251
INF http m=GET p=/favicon.png s=200 d=44µs s=449
INF http m=GET p=/assets/material-symbols-names-D7AiM4If.js s=200 d=99µs s=15478
INF http m=GET p=/sw.js s=200 d=84µs s=5593
INF http m=GET p=/registerSW.js s=200 d=42µs s=87
INF http m=GET p=/assets/fr-B1PqNQ7U.js s=200 d=359µs s=6351
INF http m=GET p=/assets/es-OK4oleHZ.js s=200 d=87µs s=6048
INF http m=GET p=/index.html s=200 d=37µs s=541
INF http m=GET p=/assets/emoji-groups-El6awxEn.js s=200 d=153µs s=13851
INF http m=GET p=/assets/de-CSEWDUi3.js s=200 d=86µs s=6281
INF http m=GET p=/assets/WorkspaceSettingsPanel-BXpT4LCS.css s=200 d=40µs s=994
INF http m=GET p=/assets/WorkspaceSettingsPanel-BB4UnxOs.js s=200 d=76µs s=4465
INF http m=GET p=/assets/Terms-CDs9SgkA.js s=200 d=36µs s=1013
INF http m=GET p=/assets/ServerSettingsPanel-Co4AQ7oB.css s=200 d=34µs s=576
INF http m=GET p=/assets/ServerSettingsPanel-CUtQeHs8.js s=200 d=41µs s=2551
INF http m=GET p=/assets/ResourceQuotaForm-CBiYRbX4.js s=200 d=29µs s=832
INF http m=GET p=/assets/ResourceQuotaForm-BFoPj33M.css s=200 d=29µs s=297
INF http m=GET p=/assets/ProfileSettings-DF5AVI35.js s=200 d=88µs s=4393
INF http m=GET p=/assets/ProfileSettings-CX-HDEdu.css s=200 d=31µs s=1177
INF http m=GET p=/assets/Privacy-cCrfp6_1.css s=200 d=31µs s=314
INF http m=GET p=/assets/Privacy-CgsgvqEr.js s=200 d=29µs s=904
INF http m=GET p=/assets/OrgSettingsPanel-D9VVCokd.css s=200 d=26µs s=488
INF http m=GET p=/assets/OrgSettingsPanel-9P66Q2ps.js s=200 d=34µs s=2333
INF http m=GET p=/assets/OAuthIcons-csRRTXki.js s=200 d=38µs s=951
INF http m=GET p=/assets/InviteForm-DLxm8fu0.css s=200 d=41µs s=394
INF http m=GET p=/assets/InviteForm-CV0yK4I0.js s=200 d=30µs s=1291
INF http m=GET p=/assets/Editor-DfcJ-Jfc.css s=200 d=48µs s=2151
INF http m=GET p=/assets/Editor-BCbjs9IY.js s=200 d=109µs s=13602
INF http m=GET p=/assets/Auth-8NWYUGup.js s=200 d=40µs s=1677
INF http m=GET p=/assets/Auth-6SolzSg2.css s=200 d=40µs s=633
INF http m=GET p=/assets/AdminDashboard-DpHjrDyw.js s=200 d=51µs s=2142
INF http m=GET p=/assets/AdminDashboard-CjPbo26j.css s=200 d=40µs s=584
INF http m=GET p=/manifest.webmanifest s=200 d=38µs s=199
INF http m=GET p=/terms s=200 d=46µs s=541
INF http m=GET p=/assets/index-Dlg_ygoF.js s=200 d=157µs s=45483
INF http m=GET p=/assets/index-Bi-AgGrc.css s=200 d=138µs s=11684
INF http m=GET p=/assets/vendor-CnrH3R4r.js s=200 d=146µs s=28803
INF http m=GET p=/registerSW.js s=200 d=46µs s=87
INF http m=GET p=/assets/editor-vendor-VZT4IkOY.js s=200 d=168µs s=92428
INF http m=GET p=/assets/Terms-CDs9SgkA.js s=200 d=40µs s=1013
INF http m=GET p=/assets/Privacy-cCrfp6_1.css s=200 d=25µs s=314
INF http m=GET p=/assets/en-BIK_e_4K.js s=200 d=80µs s=5251
INF http m=GET p=/favicon.png s=200 d=44µs s=449
INF http m=GET p=/sw.js s=200 d=148µs s=5593
INF http m=GET p=/registerSW.js s=200 d=41µs s=87
INF http m=GET p=/index.html s=200 d=52µs s=541
INF http m=GET p=/icon.svg s=200 d=32µs s=195
INF http m=GET p=/icon-512.png s=200 d=79µs s=6498
INF http m=POST p=/api/v1/organizations/40O5GQNBU000/workspaces s=200 d=579ms s=302
INF http m=POST p=/api/v1/auth/switch-workspace s=200 d=59.5ms s=609
INF http m=GET p=/api/v1/workspaces/40O5GRDLG000/members s=200 d=353µs s=126
INF http m=GET p=/api/v1/notifications/unread-count s=200 d=14ms s=25
INF http m=GET p=/api/v1/workspaces/40O5GRDLG000/nodes/0/children s=200 d=14.6ms s=26
INF http m=POST p=/api/v1/workspaces/40O5GRDLG000/nodes/0/page/create s=200 d=54.9ms s=35
INF http m=GET p=/api/v1/workspaces/40O5GRDLG000/nodes/0/children s=200 d=821µs s=257
INF http m=GET p=/api/v1/workspaces/40O5GRDLG000/nodes/40O5GVOHS000 s=200 d=845µs s=245
INF http m=GET p=/w/@invalid-workspace-12345/@some-page s=200 d=62µs s=541
INF http m=GET p=/api/v1/workspaces/40O5GRDLG000/events s=200 d=194ms s=201
INF http m=GET p=/api/v1/auth/me s=200 d=692µs s=351
INF http m=POST p=/api/v1/auth/register s=200 d=160ms s=395
INF http m=GET p=/ s=200 d=67µs s=541
INF http m=GET p=/api/v1/notifications/unread-count s=200 d=299µs s=25
INF http m=GET p=/api/v1/workspaces/40O5GRDLG000/nodes/0/children s=200 d=677µs s=257
INF http m=GET p=/api/v1/workspaces/40O5GRDLG000/members s=200 d=448µs s=126
ERR Handler error err="node not found" statusCode=404 code=NOT_FOUND
INF http m=GET p=/api/v1/workspaces/40O5GRDLG000/nodes/some-page s=404 d=2.26ms s=71
INF http m=GET p=/assets/vendor-CnrH3R4r.js s=200 d=135µs s=28803
INF http m=GET p=/assets/index-Dlg_ygoF.js s=200 d=99µs s=45483
INF http m=GET p=/assets/editor-vendor-VZT4IkOY.js s=200 d=131µs s=92428
INF http m=GET p=/assets/index-Bi-AgGrc.css s=200 d=79µs s=11684
INF http m=GET p=/registerSW.js s=200 d=36µs s=87
ERR Handler error err="node not found" statusCode=404 code=NOT_FOUND
INF http m=GET p=/api/v1/workspaces/40O5GRDLG000/nodes/some-page s=404 d=5.68ms s=71
ERR Handler error err="node not found" statusCode=404 code=NOT_FOUND
INF http m=GET p=/api/v1/workspaces/40O5GRDLG000/nodes/some-page s=404 d=521µs s=71
ERR Handler error err="node not found" statusCode=404 code=NOT_FOUND
INF http m=GET p=/api/v1/workspaces/40O5GRDLG000/nodes/some-page s=404 d=614µs s=71
ERR Handler error err="node not found" statusCode=404 code=NOT_FOUND
INF http m=GET p=/api/v1/workspaces/40O5GRDLG000/nodes/some-page s=404 d=813µs s=71
INF http m=GET p=/api/v1/workspaces/40O5GRDLG000/events s=200 d=46.3ms s=93
INF http m=GET p=/assets/en-BIK_e_4K.js s=200 d=119µs s=5251
INF http m=GET p=/api/v1/auth/me s=200 d=2.53ms s=168
INF http m=GET p=/assets/Onboarding-DQ2WAJCW.js s=200 d=41µs s=996
INF http m=GET p=/sw.js s=200 d=118µs s=5593
INF http m=GET p=/favicon.png s=200 d=20µs s=449
INF http m=GET p=/api/v1/notifications/unread-count s=200 d=892µs s=25
INF http m=GET p=/registerSW.js s=200 d=60µs s=87
INF http m=GET p=/index.html s=200 d=43µs s=541
INF http m=GET p=/icon.svg s=200 d=46µs s=195
INF http m=GET p=/icon-512.png s=200 d=103µs s=6498
INF http m=GET p=/icon-192.png s=200 d=55µs s=2468
INF http m=GET p=/favicon.png s=200 d=54µs s=449
INF http m=GET p=/apple-touch-icon.png s=200 d=57µs s=2298
INF http m=POST p=/api/v1/organizations s=200 d=95.7ms s=353
INF http m=GET p=/api/v1/auth/me s=200 d=673µs s=254
INF http m=GET p=/assets/material-symbols-names-D7AiM4If.js s=200 d=143µs s=15478
INF http m=GET p=/assets/fr-B1PqNQ7U.js s=200 d=99µs s=6351
INF http m=GET p=/assets/es-OK4oleHZ.js s=200 d=83µs s=6048
INF http m=GET p=/assets/emoji-groups-El6awxEn.js s=200 d=102µs s=13851
INF http m=GET p=/assets/de-CSEWDUi3.js s=200 d=79µs s=6281
INF http m=GET p=/assets/WorkspaceSettingsPanel-BXpT4LCS.css s=200 d=54µs s=994
INF http m=GET p=/assets/WorkspaceSettingsPanel-BB4UnxOs.js s=200 d=70µs s=4465
INF http m=GET p=/assets/Terms-CDs9SgkA.js s=200 d=31µs s=1013
INF http m=GET p=/assets/ServerSettingsPanel-Co4AQ7oB.css s=200 d=53µs s=576
INF http m=GET p=/assets/ServerSettingsPanel-CUtQeHs8.js s=200 d=40µs s=2551
INF http m=GET p=/assets/ResourceQuotaForm-CBiYRbX4.js s=200 d=34µs s=832
INF http m=GET p=/assets/ResourceQuotaForm-BFoPj33M.css s=200 d=45µs s=297
INF http m=GET p=/assets/ProfileSettings-DF5AVI35.js s=200 d=80µs s=4393
INF http m=GET p=/assets/ProfileSettings-CX-HDEdu.css s=200 d=42µs s=1177
INF http m=GET p=/assets/Privacy-cCrfp6_1.css s=200 d=26µs s=314
INF http m=GET p=/assets/Privacy-CgsgvqEr.js s=200 d=37µs s=904
INF http m=GET p=/assets/OrgSettingsPanel-D9VVCokd.css s=200 d=45µs s=488
INF http m=GET p=/assets/OrgSettingsPanel-9P66Q2ps.js s=200 d=47µs s=2333
INF http m=GET p=/assets/OAuthIcons-csRRTXki.js s=200 d=39µs s=951
INF http m=GET p=/assets/InviteForm-DLxm8fu0.css s=200 d=50µs s=394
INF http m=GET p=/assets/InviteForm-CV0yK4I0.js s=200 d=33µs s=1291
INF http m=GET p=/assets/Editor-DfcJ-Jfc.css s=200 d=54µs s=2151
INF http m=GET p=/assets/Editor-BCbjs9IY.js s=200 d=128µs s=13602
INF http m=GET p=/assets/Auth-8NWYUGup.js s=200 d=33µs s=1677
INF http m=GET p=/assets/Auth-6SolzSg2.css s=200 d=35µs s=633
INF http m=GET p=/assets/AdminDashboard-DpHjrDyw.js s=200 d=45µs s=2142
INF http m=GET p=/assets/AdminDashboard-CjPbo26j.css s=200 d=42µs s=584
INF http m=GET p=/manifest.webmanifest s=200 d=79µs s=199
INF http m=POST p=/api/v1/organizations/40O5H2V9Q000/workspaces s=200 d=422ms s=300
INF http m=POST p=/api/v1/auth/register s=200 d=445ms s=398
INF http m=GET p=/ s=200 d=60µs s=541
INF http m=GET p=/assets/index-Dlg_ygoF.js s=200 d=159µs s=45483
INF http m=POST p=/api/v1/auth/switch-workspace s=200 d=39.3ms s=585
INF http m=GET p=/assets/index-Bi-AgGrc.css s=200 d=165µs s=11684
INF http m=GET p=/registerSW.js s=200 d=43µs s=87
INF http m=GET p=/assets/editor-vendor-VZT4IkOY.js s=200 d=464µs s=92428
INF http m=GET p=/assets/vendor-CnrH3R4r.js s=200 d=185µs s=28803
INF http m=GET p=/api/v1/notifications/unread-count s=200 d=316µs s=25
INF http m=GET p=/api/v1/workspaces/40O5H3K1S000/nodes/0/children s=200 d=3.22ms s=26
INF http m=GET p=/api/v1/workspaces/40O5H3K1S000/members s=200 d=1.33ms s=132
INF http m=POST p=/api/v1/workspaces/40O5H3K1S000/nodes/0/page/create s=200 d=24.8ms s=35
INF http m=GET p=/api/v1/workspaces/40O5H3K1S000/nodes/0/children s=200 d=267µs s=257
INF http m=GET p=/api/v1/workspaces/40O5H3K1S000/nodes/40O5H6OAG000 s=200 d=693µs s=245
INF http m=GET p=/api/v1/auth/me s=200 d=646µs s=168
INF http m=GET p=/assets/en-BIK_e_4K.js s=200 d=118µs s=5251
INF http m=GET p=/assets/Onboarding-DQ2WAJCW.js s=200 d=49µs s=996
INF http m=GET p=/api/v1/notifications/unread-count s=200 d=229µs s=25
INF http m=GET p=/favicon.png s=200 d=39µs s=449
INF http m=GET p=/sw.js s=200 d=144µs s=5593
INF http m=GET p=/registerSW.js s=200 d=46µs s=87
INF http m=GET p=/index.html s=200 d=37µs s=541
INF http m=GET p=/icon.svg s=200 d=19µs s=195
INF http m=GET p=/icon-512.png s=200 d=84µs s=6498
INF http m=POST p=/api/v1/organizations s=200 d=65.1ms s=352
INF http m=GET p=/api/v1/auth/me s=200 d=1.22ms s=252
INF http m=GET p=/icon-192.png s=200 d=89µs s=2468
INF http m=GET p=/favicon.png s=200 d=37µs s=449
INF http m=GET p=/apple-touch-icon.png s=200 d=45µs s=2298
INF http m=GET p=/assets/material-symbols-names-D7AiM4If.js s=200 d=98µs s=15478
INF http m=GET p=/assets/fr-B1PqNQ7U.js s=200 d=137µs s=6351
INF http m=GET p=/assets/es-OK4oleHZ.js s=200 d=116µs s=6048
INF http m=GET p=/assets/emoji-groups-El6awxEn.js s=200 d=129µs s=13851
INF http m=GET p=/assets/de-CSEWDUi3.js s=200 d=94µs s=6281
INF http m=GET p=/assets/WorkspaceSettingsPanel-BXpT4LCS.css s=200 d=26µs s=994
INF http m=GET p=/assets/WorkspaceSettingsPanel-BB4UnxOs.js s=200 d=166µs s=4465
INF http m=GET p=/assets/Terms-CDs9SgkA.js s=200 d=26µs s=1013
INF http m=GET p=/assets/ServerSettingsPanel-Co4AQ7oB.css s=200 d=24µs s=576
INF http m=GET p=/assets/ServerSettingsPanel-CUtQeHs8.js s=200 d=30µs s=2551
INF http m=GET p=/assets/ResourceQuotaForm-CBiYRbX4.js s=200 d=19µs s=832
INF http m=GET p=/assets/ResourceQuotaForm-BFoPj33M.css s=200 d=26µs s=297
INF http m=GET p=/assets/ProfileSettings-DF5AVI35.js s=200 d=81µs s=4393
INF http m=GET p=/assets/ProfileSettings-CX-HDEdu.css s=200 d=54µs s=1177
INF http m=GET p=/assets/Privacy-cCrfp6_1.css s=200 d=892µs s=314
INF http m=GET p=/assets/Privacy-CgsgvqEr.js s=200 d=28µs s=904
INF http m=GET p=/assets/OrgSettingsPanel-D9VVCokd.css s=200 d=29µs s=488
INF http m=GET p=/assets/OrgSettingsPanel-9P66Q2ps.js s=200 d=43µs s=2333
INF http m=GET p=/assets/OAuthIcons-csRRTXki.js s=200 d=24µs s=951
INF http m=GET p=/assets/InviteForm-DLxm8fu0.css s=200 d=35µs s=394
INF http m=GET p=/assets/InviteForm-CV0yK4I0.js s=200 d=33µs s=1291
INF http m=GET p=/assets/Editor-DfcJ-Jfc.css s=200 d=31µs s=2151
INF http m=GET p=/assets/Editor-BCbjs9IY.js s=200 d=76µs s=13602
INF http m=GET p=/assets/Auth-8NWYUGup.js s=200 d=35µs s=1677
INF http m=GET p=/assets/Auth-6SolzSg2.css s=200 d=25µs s=633
INF http m=GET p=/assets/AdminDashboard-DpHjrDyw.js s=200 d=41µs s=2142
INF http m=GET p=/assets/AdminDashboard-CjPbo26j.css s=200 d=23µs s=584
INF http m=GET p=/manifest.webmanifest s=200 d=23µs s=199
INF http m=POST p=/api/v1/organizations/40O5H793E000/workspaces s=200 d=259ms s=301
INF http m=POST p=/api/v1/workspaces/40O5H3K1S000/nodes/0/page/create s=200 d=144ms s=26
INF http m=GET p=/w/@40O5H3K1S000+workspace/@40O5H6OAG000+welcome s=200 d=41µs s=541
INF http m=GET p=/api/v1/workspaces/40O5H3K1S000/events s=200 d=454ms s=228
INF http m=POST p=/api/v1/auth/switch-workspace s=200 d=45.5ms s=574
INF http m=GET p=/api/v1/auth/me s=200 d=710µs s=357
INF http m=GET p=/api/v1/notifications/unread-count s=200 d=627µs s=25
INF http m=GET p=/api/v1/workspaces/40O5H7NOU000/nodes/0/children s=200 d=5.97ms s=26
INF http m=GET p=/api/v1/workspaces/40O5H7NOU000/members s=200 d=14.8ms s=120
INF http m=GET p=/api/v1/notifications/unread-count s=200 d=190µs s=25
INF http m=GET p=/api/v1/workspaces/40O5H3K1S000/nodes/0/children s=200 d=406µs s=245
INF http m=GET p=/api/v1/workspaces/40O5H3K1S000/members s=200 d=273µs s=132
INF http m=GET p=/api/v1/workspaces/40O5H3K1S000/nodes/40O5H6OAG000 s=200 d=275µs s=245
INF http m=POST p=/api/v1/workspaces/40O5H7NOU000/nodes/0/page/create s=200 d=33.9ms s=35
INF http m=GET p=/api/v1/workspaces/40O5H7NOU000/nodes/0/children s=200 d=397µs s=250
INF http m=POST p=/api/v1/workspaces/40O5H7NOU000/nodes/0/page/create s=200 d=32.7ms s=26
INF http m=GET p=/api/v1/workspaces/40O5H7NOU000/nodes/40O5H9SPQ000 s=200 d=274µs s=245
INF http m=GET p=/api/v1/workspaces/40O5H3K1S000/nodes/40O5H8F3U000 s=200 d=651µs s=161
INF http m=GET p=/w/@40O5H7NOU000/@40O5HA13K000 s=200 d=50µs s=541
INF http m=GET p=/api/v1/auth/me s=200 d=367µs s=354
INF http m=GET p=/api/v1/notifications/unread-count s=200 d=198µs s=25
INF http m=GET p=/api/v1/workspaces/40O5H7NOU000/members s=200 d=578µs s=120
INF http m=GET p=/api/v1/workspaces/40O5H7NOU000/nodes/40O5HA13K000 s=200 d=638µs s=137
INF http m=GET p=/api/v1/workspaces/40O5H7NOU000/nodes/0/children s=200 d=2.46ms s=250
INF http m=GET p=/w/@40O5H7NOU000+workspace/@40O5H9SPQ000+welcome s=200 d=39µs s=541
INF http m=GET p=/api/v1/workspaces/40O5H7NOU000/events s=200 d=309ms s=232
INF http m=GET p=/api/v1/auth/me s=200 d=296µs s=354
INF http m=GET p=/api/v1/notifications/unread-count s=200 d=196µs s=25
INF http m=GET p=/api/v1/workspaces/40O5H7NOU000/nodes/0/children s=200 d=331µs s=250
INF http m=GET p=/api/v1/workspaces/40O5H7NOU000/members s=200 d=185µs s=120
INF http m=GET p=/api/v1/workspaces/40O5H7NOU000/nodes/40O5H9SPQ000 s=200 d=263µs s=245
INF http m=GET p=/api/v1/workspaces/40O5H7NOU000/nodes/40O5HA13K000 s=200 d=674µs s=137
INF http m=GET p=/api/v1/workspaces/40O5H7NOU000/nodes/40O5HA13K000/page s=200 d=260µs s=129
INF http m=GET p=/sw.js s=200 d=136µs s=5593
INF http m=GET p=/api/v1/workspaces/40O5H7NOU000/nodes/40O5HA13K000/page s=200 d=168µs s=129
INF http m=GET p=/api/v1/workspaces/40O5H7NOU000/nodes/40O5HA13K000/page s=200 d=188µs s=129
INF http m=GET p=/sw.js s=200 d=172µs s=5593
INF http m=GET p=/api/v1/workspaces/40O5H7NOU000/nodes/40O5HA13K000/page s=200 d=238µs s=129
INF http m=GET p=/api/v1/workspaces/40O5H3K1S000/events s=200 d=3.09s s=93
INF http m=POST p=/api/v1/auth/register s=200 d=115ms s=403
INF http m=GET p=/ s=200 d=59µs s=541
INF http m=GET p=/assets/index-Dlg_ygoF.js s=200 d=219µs s=45483
INF http m=GET p=/assets/index-Bi-AgGrc.css s=200 d=148µs s=11684
INF http m=GET p=/assets/vendor-CnrH3R4r.js s=200 d=129µs s=28803
INF http m=GET p=/assets/editor-vendor-VZT4IkOY.js s=200 d=208µs s=92428
INF http m=GET p=/registerSW.js s=200 d=95µs s=87
INF http m=GET p=/api/v1/workspaces/40O5H7NOU000/nodes/40O5HA13K000/page s=200 d=273µs s=129
INF http m=GET p=/api/v1/auth/me s=200 d=703µs s=166
INF http m=GET p=/assets/en-BIK_e_4K.js s=200 d=68µs s=5251
INF http m=GET p=/assets/Onboarding-DQ2WAJCW.js s=200 d=32µs s=996
INF http m=GET p=/api/v1/notifications/unread-count s=200 d=518µs s=25
INF http m=GET p=/sw.js s=200 d=82µs s=5593
INF http m=GET p=/favicon.png s=200 d=52µs s=449
INF http m=GET p=/registerSW.js s=200 d=48µs s=87
INF http m=GET p=/index.html s=200 d=36µs s=541
INF http m=GET p=/icon.svg s=200 d=30µs s=195
INF http m=POST p=/api/v1/organizations s=200 d=65.4ms s=351
INF http m=GET p=/api/v1/auth/me s=200 d=913µs s=252
INF http m=GET p=/icon-512.png s=200 d=70µs s=6498
INF http m=GET p=/icon-192.png s=200 d=64µs s=2468
INF http m=POST p=/api/v1/workspaces/40O5H7NOU000/nodes/40O5HA13K000/page s=200 d=40.5ms s=35
INF http m=GET p=/favicon.png s=200 d=41µs s=449
INF http m=GET p=/apple-touch-icon.png s=200 d=51µs s=2298
INF http m=GET p=/assets/material-symbols-names-D7AiM4If.js s=200 d=108µs s=15478
INF http m=POST p=/api/v1/workspaces/40O5H7NOU000/nodes/40O5HA13K000/page s=200 d=67.5ms s=35
INF http m=GET p=/assets/fr-B1PqNQ7U.js s=200 d=77µs s=6351
INF http m=GET p=/assets/es-OK4oleHZ.js s=200 d=91µs s=6048
INF http m=GET p=/assets/emoji-groups-El6awxEn.js s=200 d=130µs s=13851
INF http m=GET p=/assets/de-CSEWDUi3.js s=200 d=125µs s=6281
INF http m=GET p=/assets/WorkspaceSettingsPanel-BXpT4LCS.css s=200 d=40µs s=994
INF http m=GET p=/assets/WorkspaceSettingsPanel-BB4UnxOs.js s=200 d=69µs s=4465
INF http m=GET p=/assets/Terms-CDs9SgkA.js s=200 d=23µs s=1013
INF http m=GET p=/assets/ServerSettingsPanel-Co4AQ7oB.css s=200 d=42µs s=576
INF http m=GET p=/assets/ServerSettingsPanel-CUtQeHs8.js s=200 d=39µs s=2551
INF http m=GET p=/assets/ResourceQuotaForm-CBiYRbX4.js s=200 d=26µs s=832
INF http m=GET p=/assets/ResourceQuotaForm-BFoPj33M.css s=200 d=33µs s=297
INF http m=GET p=/assets/ProfileSettings-DF5AVI35.js s=200 d=536µs s=4393
INF http m=GET p=/assets/ProfileSettings-CX-HDEdu.css s=200 d=31µs s=1177
INF http m=GET p=/assets/Privacy-cCrfp6_1.css s=200 d=25µs s=314
INF http m=GET p=/assets/Privacy-CgsgvqEr.js s=200 d=27µs s=904
INF http m=GET p=/assets/OrgSettingsPanel-D9VVCokd.css s=200 d=23µs s=488
INF http m=GET p=/assets/OrgSettingsPanel-9P66Q2ps.js s=200 d=33µs s=2333
INF http m=GET p=/assets/OAuthIcons-csRRTXki.js s=200 d=22µs s=951
INF http m=GET p=/assets/InviteForm-DLxm8fu0.css s=200 d=29µs s=394
INF http m=GET p=/assets/InviteForm-CV0yK4I0.js s=200 d=22µs s=1291
INF http m=GET p=/assets/Editor-DfcJ-Jfc.css s=200 d=38µs s=2151
INF http m=GET p=/assets/Editor-BCbjs9IY.js s=200 d=86µs s=13602
INF http m=GET p=/assets/Auth-8NWYUGup.js s=200 d=28µs s=1677
INF http m=GET p=/assets/Auth-6SolzSg2.css s=200 d=33µs s=633
INF http m=GET p=/assets/AdminDashboard-DpHjrDyw.js s=200 d=37µs s=2142
INF http m=GET p=/assets/AdminDashboard-CjPbo26j.css s=200 d=24µs s=584
INF http m=GET p=/manifest.webmanifest s=200 d=29µs s=199
INF http m=POST p=/api/v1/organizations/40O5HVAQ2000/workspaces s=200 d=275ms s=300
INF http m=POST p=/api/v1/auth/switch-workspace s=200 d=25.8ms s=577
INF http m=GET p=/api/v1/notifications/unread-count s=200 d=750µs s=25
INF http m=GET p=/api/v1/workspaces/40O5HVPPG000/nodes/0/children s=200 d=306µs s=26
INF http m=GET p=/api/v1/workspaces/40O5HVPPG000/members s=200 d=130µs s=128
INF http m=POST p=/api/v1/workspaces/40O5HVPPG000/nodes/0/page/create s=200 d=20.9ms s=35
INF http m=GET p=/api/v1/workspaces/40O5HVPPG000/nodes/0/children s=200 d=332µs s=240
INF http m=GET p=/api/v1/workspaces/40O5HVPPG000/nodes/40O5I1OAM000 s=200 d=374µs s=245
INF http m=POST p=/api/v1/workspaces/40O5HVPPG000/nodes/0/page/create s=200 d=17.6ms s=26
INF http m=GET p=/w/@40O5HVPPG000+workspace/@40O5I1OAM000+welcome s=200 d=45µs s=541
INF http m=GET p=/api/v1/workspaces/40O5HVPPG000/events s=200 d=57.2ms s=234
INF http m=GET p=/api/v1/auth/me s=200 d=363µs s=354
INF http m=GET p=/api/v1/notifications/unread-count s=200 d=380µs s=25
INF http m=GET p=/api/v1/workspaces/40O5HVPPG000/nodes/0/children s=200 d=413µs s=240
INF http m=GET p=/api/v1/workspaces/40O5HVPPG000/nodes/40O5I1OAM000 s=200 d=232µs s=245
INF http m=GET p=/api/v1/workspaces/40O5HVPPG000/members s=200 d=5.75ms s=128
INF http m=GET p=/api/v1/workspaces/40O5HVPPG000/nodes/40O5I1RDK000 s=200 d=385µs s=157
INF http m=GET p=/w/@40O5HVPPG000+empty-titles-workspace/@40O5I1RDK000+title-to-clear s=200 d=34µs s=541
INF http m=GET p=/api/v1/workspaces/40O5HVPPG000/events s=200 d=172ms s=93
INF http m=GET p=/api/v1/auth/me s=200 d=280µs s=354
INF http m=GET p=/api/v1/workspaces/40O5HVPPG000/nodes/0/children s=200 d=367µs s=240
INF http m=GET p=/api/v1/notifications/unread-count s=200 d=730µs s=25
INF http m=GET p=/api/v1/workspaces/40O5HVPPG000/members s=200 d=153µs s=128
INF http m=GET p=/api/v1/workspaces/40O5HVPPG000/nodes/40O5I1RDK000 s=200 d=1.87ms s=157
INF http m=GET p=/api/v1/workspaces/40O5HVPPG000/events s=200 d=27.3ms s=93
INF http m=GET p=/api/v1/workspaces/40O5H7NOU000/nodes/40O5HA13K000/page s=200 d=237µs s=131
INF http m=GET p=/api/v1/workspaces/40O5H7NOU000/events s=200 d=4.23s s=227
INF http m=POST p=/api/v1/auth/register s=200 d=129ms s=391
INF http m=GET p=/api/v1/workspaces/40O5H7NOU000/events s=200 d=4.18s s=227
INF http m=GET p=/ s=200 d=54µs s=541
INF http m=GET p=/assets/index-Dlg_ygoF.js s=200 d=172µs s=45483
INF http m=GET p=/assets/index-Bi-AgGrc.css s=200 d=139µs s=11684
INF http m=GET p=/assets/editor-vendor-VZT4IkOY.js s=200 d=143µs s=92428
INF http m=GET p=/registerSW.js s=200 d=28µs s=87
INF http m=GET p=/assets/vendor-CnrH3R4r.js s=200 d=505µs s=28803
INF http m=GET p=/api/v1/auth/me s=200 d=242µs s=163
INF http m=GET p=/assets/en-BIK_e_4K.js s=200 d=109µs s=5251
INF http m=GET p=/favicon.png s=200 d=42µs s=449
INF http m=GET p=/api/v1/notifications/unread-count s=200 d=181µs s=25
INF http m=GET p=/assets/Onboarding-DQ2WAJCW.js s=200 d=24µs s=996
INF http m=GET p=/sw.js s=200 d=104µs s=5593
INF http m=GET p=/registerSW.js s=200 d=39µs s=87
INF http m=GET p=/index.html s=200 d=42µs s=541
INF http m=GET p=/icon.svg s=200 d=31µs s=195
INF http m=GET p=/icon-512.png s=200 d=89µs s=6498
INF http m=POST p=/api/v1/organizations s=200 d=86.3ms s=351
INF http m=GET p=/api/v1/auth/me s=200 d=191µs s=250
INF http m=GET p=/icon-192.png s=200 d=43µs s=2468
INF http m=GET p=/favicon.png s=200 d=34µs s=449
INF http m=GET p=/apple-touch-icon.png s=200 d=34µs s=2298
INF http m=GET p=/assets/material-symbols-names-D7AiM4If.js s=200 d=101µs s=15478
INF http m=GET p=/assets/fr-B1PqNQ7U.js s=200 d=150µs s=6351
INF http m=POST p=/api/v1/auth/register s=200 d=199ms s=396
INF http m=GET p=/assets/es-OK4oleHZ.js s=200 d=90µs s=6048
INF http m=GET p=/ s=200 d=83µs s=541
INF http m=GET p=/assets/emoji-groups-El6awxEn.js s=200 d=150µs s=13851
INF http m=GET p=/assets/index-Dlg_ygoF.js s=200 d=198µs s=45483
INF http m=GET p=/assets/index-Bi-AgGrc.css s=200 d=111µs s=11684
INF http m=GET p=/assets/vendor-CnrH3R4r.js s=200 d=137µs s=28803
INF http m=GET p=/registerSW.js s=200 d=39µs s=87
INF http m=GET p=/assets/editor-vendor-VZT4IkOY.js s=200 d=184µs s=92428
INF http m=GET p=/assets/de-CSEWDUi3.js s=200 d=83µs s=6281
INF http m=GET p=/assets/WorkspaceSettingsPanel-BXpT4LCS.css s=200 d=38µs s=994
INF http m=GET p=/assets/WorkspaceSettingsPanel-BB4UnxOs.js s=200 d=81µs s=4465
INF http m=GET p=/assets/Terms-CDs9SgkA.js s=200 d=37µs s=1013
INF http m=GET p=/assets/ServerSettingsPanel-Co4AQ7oB.css s=200 d=47µs s=576
INF http m=GET p=/assets/ServerSettingsPanel-CUtQeHs8.js s=200 d=65µs s=2551
INF http m=GET p=/assets/ResourceQuotaForm-CBiYRbX4.js s=200 d=42µs s=832
INF http m=GET p=/assets/ResourceQuotaForm-BFoPj33M.css s=200 d=38µs s=297
INF http m=GET p=/api/v1/auth/me s=200 d=228µs s=167
INF http m=GET p=/assets/en-BIK_e_4K.js s=200 d=106µs s=5251
INF http m=GET p=/assets/ProfileSettings-DF5AVI35.js s=200 d=68µs s=4393
INF http m=GET p=/assets/ProfileSettings-CX-HDEdu.css s=200 d=42µs s=1177
INF http m=GET p=/assets/Onboarding-DQ2WAJCW.js s=200 d=45µs s=996
INF http m=GET p=/assets/Privacy-cCrfp6_1.css s=200 d=30µs s=314
INF http m=GET p=/sw.js s=200 d=59µs s=5593
INF http m=GET p=/api/v1/notifications/unread-count s=200 d=196µs s=25
INF http m=GET p=/assets/Privacy-CgsgvqEr.js s=200 d=37µs s=904
INF http m=GET p=/assets/OrgSettingsPanel-D9VVCokd.css s=200 d=41µs s=488
INF http m=GET p=/assets/OrgSettingsPanel-9P66Q2ps.js s=200 d=51µs s=2333
INF http m=GET p=/registerSW.js s=200 d=49µs s=87
INF http m=GET p=/favicon.png s=200 d=68µs s=449
INF http m=GET p=/assets/OAuthIcons-csRRTXki.js s=200 d=27µs s=951
INF http m=GET p=/index.html s=200 d=24µs s=541
INF http m=GET p=/assets/InviteForm-DLxm8fu0.css s=200 d=30µs s=394
INF http m=GET p=/icon.svg s=200 d=21µs s=195
INF http m=GET p=/assets/InviteForm-CV0yK4I0.js s=200 d=41µs s=1291
INF http m=GET p=/icon-512.png s=200 d=66µs s=6498
INF http m=GET p=/assets/Editor-DfcJ-Jfc.css s=200 d=64µs s=2151
INF http m=GET p=/icon-192.png s=200 d=39µs s=2468
INF http m=GET p=/assets/Editor-BCbjs9IY.js s=200 d=75µs s=13602
INF http m=GET p=/favicon.png s=200 d=28µs s=449
INF http m=GET p=/assets/Auth-8NWYUGup.js s=200 d=29µs s=1677
INF http m=GET p=/apple-touch-icon.png s=200 d=37µs s=2298
INF http m=GET p=/assets/Auth-6SolzSg2.css s=200 d=39µs s=633
INF http m=GET p=/assets/AdminDashboard-DpHjrDyw.js s=200 d=51µs s=2142
INF http m=GET p=/assets/material-symbols-names-D7AiM4If.js s=200 d=101µs s=15478
INF http m=GET p=/assets/AdminDashboard-CjPbo26j.css s=200 d=28µs s=584
INF http m=GET p=/manifest.webmanifest s=200 d=26µs s=199
INF http m=GET p=/assets/fr-B1PqNQ7U.js s=200 d=78µs s=6351
INF http m=GET p=/assets/es-OK4oleHZ.js s=200 d=63µs s=6048
INF http m=GET p=/assets/emoji-groups-El6awxEn.js s=200 d=101µs s=13851
INF http m=GET p=/assets/de-CSEWDUi3.js s=200 d=91µs s=6281
INF http m=GET p=/assets/WorkspaceSettingsPanel-BXpT4LCS.css s=200 d=74µs s=994
INF http m=GET p=/assets/WorkspaceSettingsPanel-BB4UnxOs.js s=200 d=72µs s=4465
INF http m=GET p=/assets/Terms-CDs9SgkA.js s=200 d=24µs s=1013
INF http m=GET p=/assets/ServerSettingsPanel-Co4AQ7oB.css s=200 d=28µs s=576
INF http m=GET p=/assets/ServerSettingsPanel-CUtQeHs8.js s=200 d=32µs s=2551
INF http m=GET p=/assets/ResourceQuotaForm-CBiYRbX4.js s=200 d=28µs s=832
INF http m=GET p=/assets/ResourceQuotaForm-BFoPj33M.css s=200 d=28µs s=297
INF http m=GET p=/assets/ProfileSettings-DF5AVI35.js s=200 d=77µs s=4393
INF http m=GET p=/assets/ProfileSettings-CX-HDEdu.css s=200 d=29µs s=1177
INF http m=GET p=/assets/Privacy-cCrfp6_1.css s=200 d=28µs s=314
INF http m=GET p=/assets/Privacy-CgsgvqEr.js s=200 d=25µs s=904
INF http m=GET p=/assets/OrgSettingsPanel-D9VVCokd.css s=200 d=48µs s=488
INF http m=GET p=/assets/OrgSettingsPanel-9P66Q2ps.js s=200 d=74µs s=2333
INF http m=GET p=/assets/OAuthIcons-csRRTXki.js s=200 d=33µs s=951
INF http m=GET p=/assets/InviteForm-DLxm8fu0.css s=200 d=27µs s=394
INF http m=GET p=/assets/InviteForm-CV0yK4I0.js s=200 d=28µs s=1291
INF http m=GET p=/assets/Editor-DfcJ-Jfc.css s=200 d=38µs s=2151
INF http m=GET p=/assets/Editor-BCbjs9IY.js s=200 d=78µs s=13602
INF http m=POST p=/api/v1/organizations/40O5I7ACC000/workspaces s=200 d=552ms s=298
INF http m=GET p=/assets/Auth-8NWYUGup.js s=200 d=31µs s=1677
INF http m=POST p=/api/v1/organizations s=200 d=216ms s=354
INF http m=GET p=/assets/Auth-6SolzSg2.css s=200 d=33µs s=633
INF http m=GET p=/api/v1/auth/me s=200 d=1.25ms s=252
INF http m=GET p=/assets/AdminDashboard-DpHjrDyw.js s=200 d=38µs s=2142
INF http m=GET p=/assets/AdminDashboard-CjPbo26j.css s=200 d=35µs s=584
INF http m=GET p=/manifest.webmanifest s=200 d=31µs s=199
INF http m=POST p=/api/v1/auth/switch-workspace s=200 d=40.7ms s=619
INF http m=GET p=/api/v1/notifications/unread-count s=200 d=182µs s=25
INF http m=GET p=/api/v1/workspaces/40O5I7SC6000/nodes/0/children s=200 d=286µs s=26
INF http m=GET p=/api/v1/workspaces/40O5I7SC6000/members s=200 d=721µs s=126
INF http m=POST p=/api/v1/organizations/40O5I9VJM000/workspaces s=200 d=254ms s=301
INF http m=POST p=/api/v1/workspaces/40O5I7SC6000/nodes/0/page/create s=200 d=205ms s=35
INF http m=GET p=/api/v1/workspaces/40O5I7SC6000/nodes/0/children s=200 d=330µs s=240
INF http m=GET p=/api/v1/workspaces/40O5I7SC6000/nodes/40O5IBM62000 s=200 d=252µs s=245
INF http m=POST p=/api/v1/workspaces/40O5I7SC6000/nodes/0/page/create s=200 d=78.7ms s=26
INF http m=GET p=/w/@40O5I7SC6000+workspace/@40O5IBM62000+welcome s=200 d=42µs s=541
INF http m=POST p=/api/v1/auth/switch-workspace s=200 d=54.7ms s=585
INF http m=GET p=/api/v1/workspaces/40O5I7SC6000/events s=200 d=266ms s=228
INF http m=GET p=/api/v1/workspaces/40O5IBBF0000/members s=200 d=189µs s=132
INF http m=GET p=/api/v1/workspaces/40O5IBBF0000/nodes/0/children s=200 d=12.7ms s=26
INF http m=GET p=/api/v1/notifications/unread-count s=200 d=20.7ms s=25
INF http m=GET p=/api/v1/auth/me s=200 d=329µs s=351
INF http m=POST p=/api/v1/workspaces/40O5IBBF0000/nodes/0/page/create s=200 d=26.1ms s=35
INF http m=GET p=/api/v1/workspaces/40O5IBBF0000/nodes/0/children s=200 d=304µs s=257
INF http m=GET p=/api/v1/workspaces/40O5IBBF0000/nodes/40O5IDHDS000 s=200 d=397µs s=245
INF http m=GET p=/api/v1/notifications/unread-count s=200 d=144µs s=25
INF http m=GET p=/api/v1/workspaces/40O5I7SC6000/members s=200 d=139µs s=126
INF http m=GET p=/api/v1/workspaces/40O5I7SC6000/nodes/40O5IBM62000 s=200 d=2.12ms s=245
INF http m=GET p=/api/v1/workspaces/40O5I7SC6000/nodes/0/children s=200 d=2.81ms s=240
INF http m=GET p=/api/v1/workspaces/40O5I7SC6000/nodes/40O5ICNHK000 s=200 d=314µs s=154
INF http m=GET p=/api/v1/workspaces/40O5I7SC6000/nodes/40O5ICNHK000/page s=200 d=303µs s=111
INF http m=GET p=/api/v1/workspaces/40O5I7SC6000/events s=200 d=197ms s=93
INF http m=POST p=/api/v1/workspaces/40O5IBBF0000/nodes/0/page/create s=200 d=49.8ms s=26
INF http m=GET p=/w/@40O5IBBF0000+workspace/@40O5IDHDS000+welcome s=200 d=44µs s=541
INF http m=GET p=/api/v1/workspaces/40O5IBBF0000/events s=200 d=403ms s=235
INF http m=GET p=/api/v1/auth/me s=200 d=286µs s=355
INF http m=GET p=/api/v1/notifications/unread-count s=200 d=631µs s=25
INF http m=GET p=/api/v1/workspaces/40O5IBBF0000/members s=200 d=491µs s=132
INF http m=GET p=/api/v1/workspaces/40O5IBBF0000/nodes/0/children s=200 d=800µs s=341
INF http m=GET p=/api/v1/workspaces/40O5IBBF0000/nodes/40O5IDHDS000 s=200 d=693µs s=245
INF http m=POST p=/api/v1/auth/register s=200 d=195ms s=401
INF http m=GET p=/ s=200 d=58µs s=541
INF http m=GET p=/api/v1/workspaces/40O5IBBF0000/nodes/40O5IFE3I000 s=200 d=400µs s=232
INF http m=GET p=/assets/index-Dlg_ygoF.js s=200 d=177µs s=45483
INF http m=GET p=/assets/editor-vendor-VZT4IkOY.js s=200 d=173µs s=92428
INF http m=GET p=/assets/vendor-CnrH3R4r.js s=200 d=121µs s=28803
INF http m=GET p=/assets/index-Bi-AgGrc.css s=200 d=109µs s=11684
INF http m=GET p=/registerSW.js s=200 d=42µs s=87
INF http m=GET p=/api/v1/workspaces/40O5IBBF0000/nodes/40O5IFE3I000/page s=200 d=300µs s=230
INF http m=GET p=/api/v1/workspaces/40O5IBBF0000/events s=200 d=185ms s=93
INF http m=GET p=/assets/en-BIK_e_4K.js s=200 d=96µs s=5251
INF http m=GET p=/api/v1/auth/me s=200 d=382µs s=167
INF http m=GET p=/favicon.png s=200 d=45µs s=449
INF http m=GET p=/assets/Onboarding-DQ2WAJCW.js s=200 d=28µs s=996
INF http m=GET p=/api/v1/notifications/unread-count s=200 d=617µs s=25
INF http m=GET p=/sw.js s=200 d=85µs s=5593
INF http m=GET p=/registerSW.js s=200 d=41µs s=87
INF http m=GET p=/index.html s=200 d=39µs s=541
INF http m=GET p=/icon.svg s=200 d=30µs s=195
INF http m=GET p=/icon-512.png s=200 d=65µs s=6498
INF http m=GET p=/icon-192.png s=200 d=233µs s=2468
INF http m=GET p=/favicon.png s=200 d=46µs s=449
INF http m=POST p=/api/v1/organizations s=200 d=80.6ms s=351
INF http m=GET p=/apple-touch-icon.png s=200 d=74µs s=2298
INF http m=GET p=/api/v1/auth/me s=200 d=1.12ms s=251
INF http m=GET p=/assets/material-symbols-names-D7AiM4If.js s=200 d=113µs s=15478
INF http m=GET p=/assets/fr-B1PqNQ7U.js s=200 d=128µs s=6351
INF http m=GET p=/assets/es-OK4oleHZ.js s=200 d=87µs s=6048
INF http m=GET p=/assets/emoji-groups-El6awxEn.js s=200 d=122µs s=13851
INF http m=GET p=/assets/de-CSEWDUi3.js s=200 d=86µs s=6281
INF http m=GET p=/assets/WorkspaceSettingsPanel-BXpT4LCS.css s=200 d=32µs s=994
INF http m=GET p=/assets/WorkspaceSettingsPanel-BB4UnxOs.js s=200 d=86µs s=4465
INF http m=GET p=/assets/Terms-CDs9SgkA.js s=200 d=37µs s=1013
INF http m=GET p=/assets/ServerSettingsPanel-Co4AQ7oB.css s=200 d=45µs s=576
INF http m=GET p=/assets/ServerSettingsPanel-CUtQeHs8.js s=200 d=115µs s=2551
INF http m=GET p=/assets/ResourceQuotaForm-CBiYRbX4.js s=200 d=33µs s=832
INF http m=GET p=/assets/ResourceQuotaForm-BFoPj33M.css s=200 d=31µs s=297
INF http m=GET p=/assets/ProfileSettings-DF5AVI35.js s=200 d=71µs s=4393
INF http m=GET p=/assets/ProfileSettings-CX-HDEdu.css s=200 d=33µs s=1177
INF http m=GET p=/assets/Privacy-cCrfp6_1.css s=200 d=24µs s=314
INF http m=GET p=/assets/Privacy-CgsgvqEr.js s=200 d=32µs s=904
INF http m=GET p=/assets/OrgSettingsPanel-D9VVCokd.css s=200 d=63µs s=488
INF http m=GET p=/assets/OrgSettingsPanel-9P66Q2ps.js s=200 d=40µs s=2333
INF http m=GET p=/assets/OAuthIcons-csRRTXki.js s=200 d=38µs s=951
INF http m=GET p=/assets/InviteForm-DLxm8fu0.css s=200 d=65µs s=394
INF http m=GET p=/assets/InviteForm-CV0yK4I0.js s=200 d=40µs s=1291
INF http m=GET p=/assets/Editor-DfcJ-Jfc.css s=200 d=40µs s=2151
INF http m=GET p=/assets/Editor-BCbjs9IY.js s=200 d=102µs s=13602
INF http m=GET p=/assets/Auth-8NWYUGup.js s=200 d=38µs s=1677
INF http m=GET p=/assets/Auth-6SolzSg2.css s=200 d=42µs s=633
INF http m=GET p=/assets/AdminDashboard-DpHjrDyw.js s=200 d=65µs s=2142
INF http m=GET p=/assets/AdminDashboard-CjPbo26j.css s=200 d=42µs s=584
INF http m=GET p=/manifest.webmanifest s=200 d=27µs s=199
INF http m=POST p=/api/v1/organizations/40O5IIIJK000/workspaces s=200 d=468ms s=302
INF http m=POST p=/api/v1/auth/register s=200 d=424ms s=412
INF http m=GET p=/ s=200 d=62µs s=541
INF http m=GET p=/assets/index-Dlg_ygoF.js s=200 d=156µs s=45483
INF http m=GET p=/assets/index-Bi-AgGrc.css s=200 d=140µs s=11684
INF http m=POST p=/api/v1/auth/switch-workspace s=200 d=89.4ms s=573
INF http m=GET p=/registerSW.js s=200 d=54µs s=87
INF http m=GET p=/assets/editor-vendor-VZT4IkOY.js s=200 d=190µs s=92428
INF http m=GET p=/assets/vendor-CnrH3R4r.js s=200 d=147µs s=28803
INF http m=GET p=/api/v1/workspaces/40O5IJ4PQ000/nodes/0/children s=200 d=363µs s=26
INF http m=GET p=/api/v1/workspaces/40O5IJ4PQ000/members s=200 d=8.39ms s=128
INF http m=GET p=/api/v1/notifications/unread-count s=200 d=9.59ms s=25
INF http m=POST p=/api/v1/workspaces/40O5IJ4PQ000/nodes/0/page/create s=200 d=55.4ms s=35
INF http m=GET p=/assets/en-BIK_e_4K.js s=200 d=115µs s=5251
INF http m=GET p=/api/v1/auth/me s=200 d=254µs s=175
INF http m=GET p=/api/v1/workspaces/40O5IJ4PQ000/nodes/0/children s=200 d=305µs s=257
INF http m=GET p=/assets/Onboarding-DQ2WAJCW.js s=200 d=33µs s=996
INF http m=GET p=/api/v1/notifications/unread-count s=200 d=246µs s=25
INF http m=GET p=/api/v1/workspaces/40O5IJ4PQ000/nodes/40O5IMOFA000 s=200 d=622µs s=245
INF http m=GET p=/favicon.png s=200 d=27µs s=449
INF http m=GET p=/sw.js s=200 d=105µs s=5593
INF http m=GET p=/registerSW.js s=200 d=40µs s=87
INF http m=GET p=/index.html s=200 d=33µs s=541
INF http m=POST p=/api/v1/organizations s=200 d=58.4ms s=361
INF http m=GET p=/icon.svg s=200 d=36µs s=195
INF http m=GET p=/api/v1/auth/me s=200 d=929µs s=260
INF http m=GET p=/icon-512.png s=200 d=640µs s=6498
INF http m=GET p=/icon-192.png s=200 d=37µs s=2468
INF http m=GET p=/favicon.png s=200 d=194µs s=449
INF http m=GET p=/apple-touch-icon.png s=200 d=35µs s=2298
INF http m=GET p=/assets/material-symbols-names-D7AiM4If.js s=200 d=98µs s=15478
INF http m=GET p=/assets/fr-B1PqNQ7U.js s=200 d=78µs s=6351
INF http m=GET p=/assets/es-OK4oleHZ.js s=200 d=108µs s=6048
INF http m=GET p=/assets/emoji-groups-El6awxEn.js s=200 d=94µs s=13851
INF http m=GET p=/assets/de-CSEWDUi3.js s=200 d=84µs s=6281
INF http m=GET p=/assets/WorkspaceSettingsPanel-BXpT4LCS.css s=200 d=24µs s=994
INF http m=GET p=/assets/WorkspaceSettingsPanel-BB4UnxOs.js s=200 d=192µs s=4465
INF http m=GET p=/assets/Terms-CDs9SgkA.js s=200 d=26µs s=1013
INF http m=GET p=/assets/ServerSettingsPanel-Co4AQ7oB.css s=200 d=36µs s=576
INF http m=GET p=/assets/ServerSettingsPanel-CUtQeHs8.js s=200 d=32µs s=2551
INF http m=GET p=/assets/ResourceQuotaForm-CBiYRbX4.js s=200 d=23µs s=832
INF http m=GET p=/assets/ResourceQuotaForm-BFoPj33M.css s=200 d=22µs s=297
INF http m=GET p=/assets/ProfileSettings-DF5AVI35.js s=200 d=68µs s=4393
INF http m=GET p=/assets/ProfileSettings-CX-HDEdu.css s=200 d=49µs s=1177
INF http m=GET p=/assets/Privacy-cCrfp6_1.css s=200 d=35µs s=314
INF http m=GET p=/assets/Privacy-CgsgvqEr.js s=200 d=22µs s=904
INF http m=GET p=/assets/OrgSettingsPanel-D9VVCokd.css s=200 d=58µs s=488
INF http m=GET p=/assets/OrgSettingsPanel-9P66Q2ps.js s=200 d=41µs s=2333
INF http m=GET p=/assets/OAuthIcons-csRRTXki.js s=200 d=43µs s=951
INF http m=GET p=/assets/InviteForm-DLxm8fu0.css s=200 d=31µs s=394
INF http m=GET p=/assets/InviteForm-CV0yK4I0.js s=200 d=25µs s=1291
INF http m=GET p=/assets/Editor-DfcJ-Jfc.css s=200 d=40µs s=2151
INF http m=GET p=/assets/Editor-BCbjs9IY.js s=200 d=72µs s=13602
INF http m=GET p=/assets/Auth-8NWYUGup.js s=200 d=35µs s=1677
INF http m=GET p=/assets/Auth-6SolzSg2.css s=200 d=31µs s=633
INF http m=GET p=/assets/AdminDashboard-DpHjrDyw.js s=200 d=40µs s=2142
INF http m=GET p=/assets/AdminDashboard-CjPbo26j.css s=200 d=28µs s=584
INF http m=GET p=/manifest.webmanifest s=200 d=29µs s=199
INF http m=POST p=/api/v1/organizations/40O5INAKE000/workspaces s=200 d=263ms s=310
INF http m=POST p=/api/v1/workspaces/40O5IJ4PQ000/nodes/0/page/create s=200 d=220ms s=26
INF http m=GET p=/w/@40O5IJ4PQ000+workspace/@40O5IMOFA000+welcome s=200 d=36µs s=541
INF http m=GET p=/api/v1/workspaces/40O5IJ4PQ000/events s=200 d=437ms s=228
INF http m=POST p=/api/v1/auth/switch-workspace s=200 d=46ms s=652
INF http m=GET p=/api/v1/auth/me s=200 d=503µs s=350
INF http m=GET p=/api/v1/notifications/unread-count s=200 d=213µs s=25
INF http m=GET p=/api/v1/workspaces/40O5INNM8000/members s=200 d=595µs s=126
INF http m=GET p=/api/v1/workspaces/40O5INNM8000/nodes/0/children s=200 d=2.16ms s=26
INF http m=GET p=/api/v1/workspaces/40O5IJ4PQ000/nodes/40O5IMOFA000 s=200 d=334µs s=245
INF http m=GET p=/api/v1/workspaces/40O5IJ4PQ000/members s=200 d=192µs s=128
INF http m=GET p=/api/v1/workspaces/40O5IJ4PQ000/nodes/0/children s=200 d=359µs s=322
INF http m=GET p=/api/v1/notifications/unread-count s=200 d=155µs s=25
INF http m=POST p=/api/v1/workspaces/40O5INNM8000/nodes/0/page/create s=200 d=24.5ms s=35
INF http m=GET p=/api/v1/workspaces/40O5INNM8000/nodes/0/children s=200 d=304µs s=251
INF http m=GET p=/api/v1/workspaces/40O5INNM8000/nodes/40O5IPU4S000 s=200 d=268µs s=245
INF http m=POST p=/api/v1/workspaces/40O5INNM8000/nodes/0/page/create s=200 d=33.1ms s=26
INF http m=GET p=/w/@40O5INNM8000+workspace/@40O5IPU4S000+welcome s=200 d=43µs s=541
INF http m=GET p=/api/v1/workspaces/40O5IJ4PQ000/nodes/40O5IO12I000 s=200 d=325µs s=273
INF http m=GET p=/api/v1/workspaces/40O5INNM8000/events s=200 d=98ms s=232
INF http m=GET p=/api/v1/auth/me s=200 d=372µs s=360
INF http m=GET p=/api/v1/notifications/unread-count s=200 d=240µs s=25
INF http m=GET p=/api/v1/workspaces/40O5INNM8000/nodes/0/children s=200 d=766µs s=251
INF http m=GET p=/api/v1/workspaces/40O5INNM8000/nodes/40O5IPU4S000 s=200 d=3.16ms s=245
INF http m=GET p=/api/v1/workspaces/40O5INNM8000/members s=200 d=520µs s=126
INF http m=GET p=/api/v1/workspaces/40O5IJ4PQ000/events s=200 d=155ms s=93
INF http m=GET p=/api/v1/workspaces/40O5INNM8000/nodes/40O5IQ1UA000 s=200 d=352µs s=170
INF http m=POST p=/api/v1/auth/register s=200 d=139ms s=412
INF http m=GET p=/ s=200 d=57µs s=541
INF http m=GET p=/assets/index-Dlg_ygoF.js s=200 d=143µs s=45483
INF http m=GET p=/registerSW.js s=200 d=46µs s=87
INF http m=GET p=/assets/editor-vendor-VZT4IkOY.js s=200 d=136µs s=92428
INF http m=GET p=/assets/vendor-CnrH3R4r.js s=200 d=109µs s=28803
INF http m=GET p=/assets/index-Bi-AgGrc.css s=200 d=79µs s=11684
INF http m=GET p=/api/v1/workspaces/40O5INNM8000/events s=200 d=427ms s=93
INF http m=GET p=/api/v1/auth/me s=200 d=251µs s=176
INF http m=GET p=/assets/en-BIK_e_4K.js s=200 d=141µs s=5251
INF http m=GET p=/assets/Onboarding-DQ2WAJCW.js s=200 d=42µs s=996
INF http m=GET p=/api/v1/notifications/unread-count s=200 d=172µs s=25
INF http m=GET p=/favicon.png s=200 d=37µs s=449
INF http m=GET p=/sw.js s=200 d=97µs s=5593
INF http m=GET p=/registerSW.js s=200 d=40µs s=87
INF http m=GET p=/index.html s=200 d=45µs s=541
INF http m=POST p=/api/v1/organizations s=200 d=123ms s=360
INF http m=GET p=/api/v1/auth/me s=200 d=297µs s=260
INF http m=GET p=/icon.svg s=200 d=32µs s=195
INF http m=GET p=/icon-512.png s=200 d=64µs s=6498
INF http m=GET p=/icon-192.png s=200 d=52µs s=2468
INF http m=GET p=/favicon.png s=200 d=32µs s=449
INF http m=GET p=/apple-touch-icon.png s=200 d=59µs s=2298
INF http m=GET p=/assets/material-symbols-names-D7AiM4If.js s=200 d=112µs s=15478
INF http m=GET p=/assets/fr-B1PqNQ7U.js s=200 d=96µs s=6351
INF http m=GET p=/assets/es-OK4oleHZ.js s=200 d=81µs s=6048
INF http m=GET p=/assets/emoji-groups-El6awxEn.js s=200 d=111µs s=13851
INF http m=GET p=/assets/de-CSEWDUi3.js s=200 d=105µs s=6281
INF http m=GET p=/assets/WorkspaceSettingsPanel-BXpT4LCS.css s=200 d=33µs s=994
INF http m=GET p=/assets/WorkspaceSettingsPanel-BB4UnxOs.js s=200 d=72µs s=4465
INF http m=GET p=/assets/Terms-CDs9SgkA.js s=200 d=49µs s=1013
INF http m=GET p=/assets/ServerSettingsPanel-Co4AQ7oB.css s=200 d=40µs s=576
INF http m=GET p=/assets/ServerSettingsPanel-CUtQeHs8.js s=200 d=65µs s=2551
INF http m=GET p=/assets/ResourceQuotaForm-CBiYRbX4.js s=200 d=45µs s=832
INF http m=GET p=/assets/ResourceQuotaForm-BFoPj33M.css s=200 d=38µs s=297
INF http m=GET p=/assets/ProfileSettings-DF5AVI35.js s=200 d=86µs s=4393
INF http m=GET p=/assets/ProfileSettings-CX-HDEdu.css s=200 d=44µs s=1177
INF http m=GET p=/assets/Privacy-cCrfp6_1.css s=200 d=39µs s=314
INF http m=GET p=/assets/Privacy-CgsgvqEr.js s=200 d=41µs s=904
INF http m=GET p=/assets/OrgSettingsPanel-D9VVCokd.css s=200 d=39µs s=488
INF http m=GET p=/assets/OrgSettingsPanel-9P66Q2ps.js s=200 d=67µs s=2333
INF http m=GET p=/assets/OAuthIcons-csRRTXki.js s=200 d=46µs s=951
INF http m=GET p=/assets/InviteForm-DLxm8fu0.css s=200 d=43µs s=394
INF http m=GET p=/assets/InviteForm-CV0yK4I0.js s=200 d=49µs s=1291
INF http m=GET p=/assets/Editor-DfcJ-Jfc.css s=200 d=54µs s=2151
INF http m=GET p=/assets/Editor-BCbjs9IY.js s=200 d=159µs s=13602
INF http m=GET p=/assets/Auth-8NWYUGup.js s=200 d=59µs s=1677
INF http m=GET p=/assets/Auth-6SolzSg2.css s=200 d=43µs s=633
INF http m=GET p=/assets/AdminDashboard-DpHjrDyw.js s=200 d=55µs s=2142
INF http m=GET p=/assets/AdminDashboard-CjPbo26j.css s=200 d=47µs s=584
INF http m=GET p=/manifest.webmanifest s=200 d=52µs s=199
INF http m=POST p=/api/v1/organizations/40O5IU8CK000/workspaces s=200 d=448ms s=309
INF http m=POST p=/api/v1/auth/register s=200 d=415ms s=426
INF http m=GET p=/ s=200 d=59µs s=541
INF http m=GET p=/assets/index-Dlg_ygoF.js s=200 d=208µs s=45483
INF http m=GET p=/assets/index-Bi-AgGrc.css s=200 d=122µs s=11684
INF http m=GET p=/assets/vendor-CnrH3R4r.js s=200 d=140µs s=28803
INF http m=GET p=/registerSW.js s=200 d=39µs s=87
INF http m=GET p=/assets/editor-vendor-VZT4IkOY.js s=200 d=159µs s=92428
INF http m=POST p=/api/v1/auth/switch-workspace s=200 d=60.7ms s=575
INF http m=GET p=/api/v1/notifications/unread-count s=200 d=210µs s=25
INF http m=GET p=/api/v1/workspaces/40O5IV4GE000/nodes/0/children s=200 d=6.08ms s=26
INF http m=GET p=/api/v1/workspaces/40O5IV4GE000/members s=200 d=16.3ms s=126
INF http m=GET p=/api/v1/auth/me s=200 d=220µs s=175
INF http m=GET p=/assets/en-BIK_e_4K.js s=200 d=115µs s=5251
INF http m=POST p=/api/v1/workspaces/40O5IV4GE000/nodes/0/page/create s=200 d=35.4ms s=35
INF http m=GET p=/api/v1/workspaces/40O5IV4GE000/nodes/0/children s=200 d=762µs s=257
INF http m=GET p=/assets/Onboarding-DQ2WAJCW.js s=200 d=36µs s=996
INF http m=GET p=/api/v1/notifications/unread-count s=200 d=135µs s=25
INF http m=GET p=/favicon.png s=200 d=35µs s=449
INF http m=GET p=/sw.js s=200 d=74µs s=5593
INF http m=GET p=/api/v1/workspaces/40O5IV4GE000/nodes/40O5J2JM0000 s=200 d=931µs s=245
INF http m=GET p=/registerSW.js s=200 d=47µs s=87
INF http m=GET p=/index.html s=200 d=42µs s=541
INF http m=GET p=/icon.svg s=200 d=33µs s=195
INF http m=GET p=/icon-512.png s=200 d=77µs s=6498
INF http m=GET p=/icon-192.png s=200 d=42µs s=2468
INF http m=GET p=/favicon.png s=200 d=33µs s=449
INF http m=GET p=/apple-touch-icon.png s=200 d=34µs s=2298
INF http m=GET p=/assets/material-symbols-names-D7AiM4If.js s=200 d=77µs s=15478
INF http m=POST p=/api/v1/organizations s=200 d=50.5ms s=356
INF http m=GET p=/api/v1/auth/me s=200 d=627µs s=255
INF http m=GET p=/assets/fr-B1PqNQ7U.js s=200 d=127µs s=6351
INF http m=GET p=/assets/es-OK4oleHZ.js s=200 d=78µs s=6048
INF http m=GET p=/assets/emoji-groups-El6awxEn.js s=200 d=101µs s=13851
INF http m=GET p=/assets/de-CSEWDUi3.js s=200 d=87µs s=6281
INF http m=GET p=/assets/WorkspaceSettingsPanel-BXpT4LCS.css s=200 d=34µs s=994
INF http m=GET p=/assets/WorkspaceSettingsPanel-BB4UnxOs.js s=200 d=96µs s=4465
INF http m=GET p=/assets/Terms-CDs9SgkA.js s=200 d=18µs s=1013
INF http m=GET p=/assets/ServerSettingsPanel-Co4AQ7oB.css s=200 d=26µs s=576
INF http m=GET p=/assets/ServerSettingsPanel-CUtQeHs8.js s=200 d=35µs s=2551
INF http m=GET p=/assets/ResourceQuotaForm-CBiYRbX4.js s=200 d=25µs s=832
INF http m=GET p=/assets/ResourceQuotaForm-BFoPj33M.css s=200 d=35µs s=297
INF http m=GET p=/assets/ProfileSettings-DF5AVI35.js s=200 d=228µs s=4393
INF http m=GET p=/assets/ProfileSettings-CX-HDEdu.css s=200 d=33µs s=1177
INF http m=GET p=/assets/Privacy-cCrfp6_1.css s=200 d=38µs s=314
INF http m=GET p=/assets/Privacy-CgsgvqEr.js s=200 d=25µs s=904
INF http m=GET p=/assets/OrgSettingsPanel-D9VVCokd.css s=200 d=24µs s=488
INF http m=GET p=/assets/OrgSettingsPanel-9P66Q2ps.js s=200 d=37µs s=2333
INF http m=GET p=/assets/OAuthIcons-csRRTXki.js s=200 d=52µs s=951
INF http m=GET p=/assets/InviteForm-DLxm8fu0.css s=200 d=38µs s=394
INF http m=GET p=/assets/InviteForm-CV0yK4I0.js s=200 d=41µs s=1291
INF http m=GET p=/assets/Editor-DfcJ-Jfc.css s=200 d=42µs s=2151
INF http m=GET p=/assets/Editor-BCbjs9IY.js s=200 d=89µs s=13602
INF http m=GET p=/assets/Auth-8NWYUGup.js s=200 d=33µs s=1677
INF http m=GET p=/assets/Auth-6SolzSg2.css s=200 d=23µs s=633
INF http m=GET p=/assets/AdminDashboard-DpHjrDyw.js s=200 d=39µs s=2142
INF http m=GET p=/assets/AdminDashboard-CjPbo26j.css s=200 d=27µs s=584
INF http m=GET p=/manifest.webmanifest s=200 d=37µs s=199
INF http m=POST p=/api/v1/organizations/40O5J3332000/workspaces s=200 d=254ms s=303
INF http m=POST p=/api/v1/workspaces/40O5IV4GE000/nodes/0/page/create s=200 d=117ms s=26
INF http m=GET p=/w/@40O5IV4GE000+workspace/@40O5J2JM0000+welcome s=200 d=45µs s=541
INF http m=GET p=/api/v1/workspaces/40O5IV4GE000/events s=200 d=427ms s=237
INF http m=POST p=/api/v1/auth/switch-workspace s=200 d=45.2ms s=581
INF http m=GET p=/api/v1/auth/me s=200 d=306µs s=361
INF http m=GET p=/api/v1/notifications/unread-count s=200 d=658µs s=25
INF http m=GET p=/api/v1/workspaces/40O5J3E62000/members s=200 d=536µs s=123
INF http m=GET p=/api/v1/workspaces/40O5J3E62000/nodes/0/children s=200 d=2.93ms s=26
INF http m=GET p=/api/v1/workspaces/40O5IV4GE000/members s=200 d=239µs s=126
INF http m=GET p=/api/v1/workspaces/40O5IV4GE000/nodes/0/children s=200 d=294µs s=251
INF http m=GET p=/api/v1/workspaces/40O5IV4GE000/nodes/40O5J2JM0000 s=200 d=1.4ms s=245
INF http m=GET p=/api/v1/notifications/unread-count s=200 d=1.11ms s=25
INF http m=POST p=/api/v1/workspaces/40O5J3E62000/nodes/0/page/create s=200 d=26.1ms s=35
INF http m=GET p=/api/v1/workspaces/40O5J3E62000/nodes/0/children s=200 d=386µs s=258
INF http m=GET p=/api/v1/workspaces/40O5J3E62000/nodes/40O5J5I9M000 s=200 d=889µs s=245
INF http m=POST p=/api/v1/workspaces/40O5J3E62000/nodes/0/page/create s=200 d=37.5ms s=26
INF http m=GET p=/w/@40O5J3E62000+workspace/@40O5J5I9M000+welcome s=200 d=35µs s=541
INF http m=GET p=/api/v1/workspaces/40O5J3E62000/events s=200 d=79.2ms s=226
INF http m=GET p=/api/v1/workspaces/40O5IV4GE000/nodes/40O5J4A48000 s=200 d=699µs s=172
INF http m=GET p=/api/v1/auth/me s=200 d=799µs s=369
INF http m=GET p=/api/v1/notifications/unread-count s=200 d=208µs s=25
INF http m=GET p=/api/v1/workspaces/40O5J3E62000/nodes/0/children s=200 d=824µs s=258
INF http m=GET p=/api/v1/workspaces/40O5J3E62000/members s=200 d=521µs s=123
INF http m=GET p=/api/v1/workspaces/40O5J3E62000/nodes/40O5J5I9M000 s=200 d=2.25ms s=245
INF http m=GET p=/api/v1/workspaces/40O5IV4GE000/events s=200 d=184ms s=93
INF http m=GET p=/api/v1/workspaces/40O5J3E62000/nodes/40O5J5LHO000 s=200 d=374µs s=152
INF http m=GET p=/api/v1/workspaces/40O5J3E62000/events s=200 d=251ms s=93
INF http m=POST p=/api/v1/auth/register s=200 d=195ms s=409
INF http m=GET p=/ s=200 d=57µs s=541
INF http m=GET p=/assets/index-Bi-AgGrc.css s=200 d=146µs s=11684
INF http m=GET p=/assets/vendor-CnrH3R4r.js s=200 d=153µs s=28803
INF http m=GET p=/registerSW.js s=200 d=35µs s=87
INF http m=GET p=/assets/index-Dlg_ygoF.js s=200 d=108µs s=45483
INF http m=GET p=/assets/editor-vendor-VZT4IkOY.js s=200 d=188µs s=92428
INF http m=GET p=/api/v1/auth/me s=200 d=240µs s=174
INF http m=GET p=/assets/en-BIK_e_4K.js s=200 d=69µs s=5251
INF http m=GET p=/sw.js s=200 d=93µs s=5593
INF http m=GET p=/assets/Onboarding-DQ2WAJCW.js s=200 d=39µs s=996
INF http m=GET p=/api/v1/notifications/unread-count s=200 d=187µs s=25
INF http m=GET p=/favicon.png s=200 d=78µs s=449
INF http m=GET p=/registerSW.js s=200 d=40µs s=87
INF http m=POST p=/api/v1/auth/register s=200 d=290ms s=424
INF http m=GET p=/index.html s=200 d=36µs s=541
INF http m=GET p=/ s=200 d=52µs s=541
INF http m=GET p=/icon.svg s=200 d=43µs s=195
INF http m=GET p=/icon-512.png s=200 d=61µs s=6498
INF http m=GET p=/icon-192.png s=200 d=138µs s=2468
INF http m=GET p=/favicon.png s=200 d=31µs s=449
INF http m=GET p=/apple-touch-icon.png s=200 d=40µs s=2298
INF http m=GET p=/assets/vendor-CnrH3R4r.js s=200 d=159µs s=28803
INF http m=GET p=/assets/index-Bi-AgGrc.css s=200 d=147µs s=11684
INF http m=GET p=/assets/index-Dlg_ygoF.js s=200 d=1.97ms s=45483
INF http m=GET p=/assets/material-symbols-names-D7AiM4If.js s=200 d=78µs s=15478
INF http m=GET p=/assets/editor-vendor-VZT4IkOY.js s=200 d=370µs s=92428
INF http m=POST p=/api/v1/organizations s=200 d=115ms s=359
INF http m=GET p=/api/v1/auth/me s=200 d=483µs s=259
INF http m=GET p=/registerSW.js s=200 d=49µs s=87
INF http m=GET p=/assets/fr-B1PqNQ7U.js s=200 d=99µs s=6351
INF http m=GET p=/assets/es-OK4oleHZ.js s=200 d=90µs s=6048
INF http m=GET p=/assets/emoji-groups-El6awxEn.js s=200 d=105µs s=13851
INF http m=GET p=/assets/de-CSEWDUi3.js s=200 d=2.1ms s=6281
INF http m=GET p=/api/v1/auth/me s=200 d=648µs s=173
INF http m=GET p=/assets/WorkspaceSettingsPanel-BXpT4LCS.css s=200 d=41µs s=994
INF http m=GET p=/assets/en-BIK_e_4K.js s=200 d=77µs s=5251
INF http m=GET p=/assets/WorkspaceSettingsPanel-BB4UnxOs.js s=200 d=113µs s=4465
INF http m=GET p=/favicon.png s=200 d=28µs s=449
INF http m=GET p=/sw.js s=200 d=82µs s=5593
INF http m=GET p=/assets/Terms-CDs9SgkA.js s=200 d=27µs s=1013
INF http m=GET p=/assets/Onboarding-DQ2WAJCW.js s=200 d=57µs s=996
INF http m=GET p=/api/v1/notifications/unread-count s=200 d=712µs s=25
INF http m=GET p=/assets/ServerSettingsPanel-Co4AQ7oB.css s=200 d=29µs s=576
INF http m=GET p=/assets/ServerSettingsPanel-CUtQeHs8.js s=200 d=57µs s=2551
INF http m=GET p=/registerSW.js s=200 d=34µs s=87
INF http m=GET p=/assets/ResourceQuotaForm-CBiYRbX4.js s=200 d=29µs s=832
INF http m=GET p=/assets/ResourceQuotaForm-BFoPj33M.css s=200 d=31µs s=297
INF http m=GET p=/index.html s=200 d=35µs s=541
INF http m=GET p=/assets/ProfileSettings-DF5AVI35.js s=200 d=69µs s=4393
INF http m=GET p=/assets/ProfileSettings-CX-HDEdu.css s=200 d=49µs s=1177
INF http m=GET p=/icon.svg s=200 d=27µs s=195
INF http m=GET p=/assets/Privacy-cCrfp6_1.css s=200 d=31µs s=314
INF http m=GET p=/icon-512.png s=200 d=57µs s=6498
INF http m=GET p=/assets/Privacy-CgsgvqEr.js s=200 d=26µs s=904
INF http m=GET p=/icon-192.png s=200 d=35µs s=2468
INF http m=GET p=/assets/OrgSettingsPanel-D9VVCokd.css s=200 d=22µs s=488
INF http m=GET p=/favicon.png s=200 d=44µs s=449
INF http m=GET p=/assets/OrgSettingsPanel-9P66Q2ps.js s=200 d=37µs s=2333
INF http m=GET p=/apple-touch-icon.png s=200 d=42µs s=2298
INF http m=GET p=/assets/OAuthIcons-csRRTXki.js s=200 d=35µs s=951
INF http m=GET p=/assets/InviteForm-DLxm8fu0.css s=200 d=32µs s=394
INF http m=GET p=/assets/material-symbols-names-D7AiM4If.js s=200 d=90µs s=15478
INF http m=GET p=/assets/InviteForm-CV0yK4I0.js s=200 d=31µs s=1291
INF http m=GET p=/assets/Editor-DfcJ-Jfc.css s=200 d=57µs s=2151
INF http m=GET p=/assets/Editor-BCbjs9IY.js s=200 d=121µs s=13602
INF http m=GET p=/assets/Auth-8NWYUGup.js s=200 d=59µs s=1677
INF http m=GET p=/assets/fr-B1PqNQ7U.js s=200 d=73µs s=6351
INF http m=GET p=/assets/Auth-6SolzSg2.css s=200 d=32µs s=633
INF http m=GET p=/assets/es-OK4oleHZ.js s=200 d=82µs s=6048
INF http m=GET p=/assets/AdminDashboard-DpHjrDyw.js s=200 d=2.42ms s=2142
INF http m=GET p=/assets/AdminDashboard-CjPbo26j.css s=200 d=33µs s=584
INF http m=GET p=/assets/emoji-groups-El6awxEn.js s=200 d=103µs s=13851
INF http m=GET p=/manifest.webmanifest s=200 d=35µs s=199
INF http m=GET p=/assets/de-CSEWDUi3.js s=200 d=76µs s=6281
INF http m=GET p=/assets/WorkspaceSettingsPanel-BXpT4LCS.css s=200 d=30µs s=994
INF http m=GET p=/assets/WorkspaceSettingsPanel-BB4UnxOs.js s=200 d=53µs s=4465
INF http m=GET p=/assets/Terms-CDs9SgkA.js s=200 d=25µs s=1013
INF http m=GET p=/assets/ServerSettingsPanel-Co4AQ7oB.css s=200 d=28µs s=576
INF http m=GET p=/assets/ServerSettingsPanel-CUtQeHs8.js s=200 d=44µs s=2551
INF http m=GET p=/assets/ResourceQuotaForm-CBiYRbX4.js s=200 d=26µs s=832
INF http m=GET p=/assets/ResourceQuotaForm-BFoPj33M.css s=200 d=30µs s=297
INF http m=GET p=/assets/ProfileSettings-DF5AVI35.js s=200 d=61µs s=4393
INF http m=GET p=/assets/ProfileSettings-CX-HDEdu.css s=200 d=67µs s=1177
INF http m=GET p=/assets/Privacy-cCrfp6_1.css s=200 d=24µs s=314
INF http m=GET p=/assets/Privacy-CgsgvqEr.js s=200 d=42µs s=904
INF http m=GET p=/assets/OrgSettingsPanel-D9VVCokd.css s=200 d=25µs s=488
INF http m=GET p=/assets/OrgSettingsPanel-9P66Q2ps.js s=200 d=45µs s=2333
INF http m=GET p=/assets/OAuthIcons-csRRTXki.js s=200 d=54µs s=951
INF http m=GET p=/assets/InviteForm-DLxm8fu0.css s=200 d=41µs s=394
INF http m=GET p=/assets/InviteForm-CV0yK4I0.js s=200 d=34µs s=1291
INF http m=GET p=/assets/Editor-DfcJ-Jfc.css s=200 d=39µs s=2151
INF http m=GET p=/assets/Editor-BCbjs9IY.js s=200 d=115µs s=13602
INF http m=GET p=/assets/Auth-8NWYUGup.js s=200 d=33µs s=1677
INF http m=GET p=/assets/Auth-6SolzSg2.css s=200 d=86µs s=633
INF http m=GET p=/assets/AdminDashboard-DpHjrDyw.js s=200 d=33µs s=2142
INF http m=GET p=/assets/AdminDashboard-CjPbo26j.css s=200 d=33µs s=584
INF http m=GET p=/manifest.webmanifest s=200 d=40µs s=199
INF http m=POST p=/api/v1/organizations/40O5JASBE000/workspaces s=200 d=494ms s=307
INF http m=POST p=/api/v1/organizations s=200 d=314ms s=359
INF http m=GET p=/api/v1/auth/me s=200 d=714µs s=259
INF http m=POST p=/api/v1/auth/switch-workspace s=200 d=41.6ms s=655
INF http m=GET p=/api/v1/notifications/unread-count s=200 d=167µs s=25
INF http m=GET p=/api/v1/workspaces/40O5JBN1S000/nodes/0/children s=200 d=380µs s=26
INF http m=GET p=/api/v1/workspaces/40O5JBN1S000/members s=200 d=104µs s=125
INF http m=POST p=/api/v1/organizations/40O5JCRIU000/workspaces s=200 d=259ms s=308
INF http m=POST p=/api/v1/workspaces/40O5JBN1S000/nodes/0/page/create s=200 d=199ms s=35
INF http m=GET p=/api/v1/workspaces/40O5JBN1S000/nodes/0/children s=200 d=389µs s=366
INF http m=GET p=/api/v1/workspaces/40O5JBN1S000/nodes/40O5JF6RQ000 s=200 d=209µs s=245
INF http m=POST p=/api/v1/workspaces/40O5JBN1S000/nodes/0/table/create s=200 d=68.6ms s=26
INF http m=POST p=/api/v1/auth/switch-workspace s=200 d=52.4ms s=579
INF http m=GET p=/api/v1/notifications/unread-count s=200 d=163µs s=25
INF http m=GET p=/api/v1/workspaces/40O5JEQ3K000/members s=200 d=1.76ms s=125
INF http m=POST p=/api/v1/workspaces/40O5JBN1S000/nodes/40O5JG8I4000/table/records/create s=200 d=21ms s=26
INF http m=GET p=/api/v1/workspaces/40O5JEQ3K000/nodes/0/children s=200 d=2.74ms s=26
INF http m=GET p=/w/@40O5JBN1S000+workspace/@40O5JF6RQ000+welcome s=200 d=29µs s=541
INF http m=GET p=/api/v1/workspaces/40O5JBN1S000/events s=200 d=293ms s=287
INF http m=POST p=/api/v1/workspaces/40O5JEQ3K000/nodes/0/page/create s=200 d=31.1ms s=35
INF http m=GET p=/api/v1/workspaces/40O5JEQ3K000/nodes/0/children s=200 d=403µs s=257
INF http m=GET p=/api/v1/workspaces/40O5JEQ3K000/nodes/40O5JGSJS000 s=200 d=730µs s=245
INF http m=GET p=/api/v1/auth/me s=200 d=736µs s=359
INF http m=GET p=/api/v1/notifications/unread-count s=200 d=207µs s=25
INF http m=GET p=/api/v1/workspaces/40O5JBN1S000/nodes/0/children s=200 d=3.62ms s=366
INF http m=GET p=/api/v1/workspaces/40O5JBN1S000/members s=200 d=3.56ms s=125
INF http m=GET p=/api/v1/workspaces/40O5JBN1S000/nodes/40O5JF6RQ000 s=200 d=4.11ms s=245
INF http m=GET p=/api/v1/workspaces/40O5JBN1S000/nodes/40O5JG8I4000 s=200 d=764µs s=226
INF http m=GET p=/api/v1/workspaces/40O5JBN1S000/nodes/40O5JG8I4000/table/records s=200 d=922µs s=126
INF http m=GET p=/api/v1/workspaces/40O5JEQ3K000/events s=200 d=322ms s=207
INF http m=POST p=/api/v1/workspaces/40O5JBN1S000/nodes/40O5JG8I4000/table/records/40O5JGMM4000 s=200 d=72.2ms s=35
INF http m=GET p=/api/v1/workspaces/40O5JBN1S000/nodes/40O5JG8I4000/table/records s=200 d=646µs s=162
INF http m=POST p=/api/v1/auth/register s=200 d=190ms s=421
INF http m=GET p=/ s=200 d=54µs s=541
INF http m=GET p=/assets/vendor-CnrH3R4r.js s=200 d=192µs s=28803
INF http m=GET p=/assets/index-Bi-AgGrc.css s=200 d=118µs s=11684
INF http m=GET p=/assets/index-Dlg_ygoF.js s=200 d=146µs s=45483
INF http m=GET p=/registerSW.js s=200 d=43µs s=87
INF http m=POST p=/api/v1/workspaces/40O5JBN1S000/nodes/40O5JG8I4000/table/records/40O5JGMM4000 s=200 d=67.5ms s=35
INF http m=GET p=/assets/editor-vendor-VZT4IkOY.js s=200 d=150µs s=92428
INF http m=GET p=/api/v1/workspaces/40O5JBN1S000/events s=200 d=681ms s=235
INF http m=GET p=/api/v1/auth/me s=200 d=676µs s=180
INF http m=GET p=/assets/en-BIK_e_4K.js s=200 d=80µs s=5251
INF http m=GET p=/api/v1/notifications/unread-count s=200 d=245µs s=25
INF http m=GET p=/assets/Onboarding-DQ2WAJCW.js s=200 d=95µs s=996
INF http m=GET p=/sw.js s=200 d=105µs s=5593
INF http m=GET p=/registerSW.js s=200 d=45µs s=87
INF http m=GET p=/favicon.png s=200 d=36µs s=449
INF http m=GET p=/index.html s=200 d=42µs s=541
INF http m=GET p=/icon.svg s=200 d=44µs s=195
INF http m=GET p=/icon-512.png s=200 d=81µs s=6498
INF http m=GET p=/icon-192.png s=200 d=52µs s=2468
INF http m=GET p=/favicon.png s=200 d=43µs s=449
INF http m=GET p=/apple-touch-icon.png s=200 d=291µs s=2298
INF http m=POST p=/api/v1/organizations s=200 d=59.5ms s=364
INF http m=GET p=/api/v1/auth/me s=200 d=692µs s=263
INF http m=GET p=/assets/material-symbols-names-D7AiM4If.js s=200 d=116µs s=15478
INF http m=GET p=/assets/fr-B1PqNQ7U.js s=200 d=128µs s=6351
INF http m=GET p=/assets/es-OK4oleHZ.js s=200 d=76µs s=6048
INF http m=GET p=/assets/emoji-groups-El6awxEn.js s=200 d=117µs s=13851
INF http m=POST p=/api/v1/auth/register s=200 d=180ms s=398
INF http m=GET p=/assets/de-CSEWDUi3.js s=200 d=86µs s=6281
INF http m=GET p=/ s=200 d=43µs s=541
INF http m=GET p=/assets/WorkspaceSettingsPanel-BXpT4LCS.css s=200 d=32µs s=994
INF http m=GET p=/assets/WorkspaceSettingsPanel-BB4UnxOs.js s=200 d=111µs s=4465
INF http m=GET p=/assets/Terms-CDs9SgkA.js s=200 d=37µs s=1013
INF http m=GET p=/assets/index-Dlg_ygoF.js s=200 d=224µs s=45483
INF http m=GET p=/assets/index-Bi-AgGrc.css s=200 d=123µs s=11684
INF http m=GET p=/assets/vendor-CnrH3R4r.js s=200 d=156µs s=28803
INF http m=GET p=/assets/editor-vendor-VZT4IkOY.js s=200 d=219µs s=92428
INF http m=GET p=/registerSW.js s=200 d=55µs s=87
INF http m=GET p=/assets/ServerSettingsPanel-Co4AQ7oB.css s=200 d=52µs s=576
INF http m=GET p=/assets/ServerSettingsPanel-CUtQeHs8.js s=200 d=57µs s=2551
INF http m=GET p=/assets/ResourceQuotaForm-CBiYRbX4.js s=200 d=59µs s=832
INF http m=GET p=/assets/ResourceQuotaForm-BFoPj33M.css s=200 d=35µs s=297
INF http m=GET p=/assets/ProfileSettings-DF5AVI35.js s=200 d=53µs s=4393
INF http m=GET p=/assets/ProfileSettings-CX-HDEdu.css s=200 d=59µs s=1177
INF http m=GET p=/assets/Privacy-cCrfp6_1.css s=200 d=98µs s=314
INF http m=GET p=/assets/Privacy-CgsgvqEr.js s=200 d=43µs s=904
INF http m=GET p=/assets/OrgSettingsPanel-D9VVCokd.css s=200 d=50µs s=488
INF http m=GET p=/assets/OrgSettingsPanel-9P66Q2ps.js s=200 d=2.44ms s=2333
INF http m=GET p=/assets/OAuthIcons-csRRTXki.js s=200 d=42µs s=951
INF http m=GET p=/assets/InviteForm-DLxm8fu0.css s=200 d=35µs s=394
INF http m=GET p=/assets/InviteForm-CV0yK4I0.js s=200 d=31µs s=1291
INF http m=GET p=/api/v1/auth/me s=200 d=534µs s=172
INF http m=GET p=/assets/en-BIK_e_4K.js s=200 d=131µs s=5251
INF http m=GET p=/assets/Editor-DfcJ-Jfc.css s=200 d=91µs s=2151
INF http m=GET p=/assets/Editor-BCbjs9IY.js s=200 d=94µs s=13602
INF http m=GET p=/assets/Onboarding-DQ2WAJCW.js s=200 d=39µs s=996
INF http m=GET p=/api/v1/notifications/unread-count s=200 d=188µs s=25
INF http m=GET p=/assets/Auth-8NWYUGup.js s=200 d=33µs s=1677
INF http m=GET p=/assets/Auth-6SolzSg2.css s=200 d=36µs s=633
INF http m=GET p=/sw.js s=200 d=110µs s=5593
INF http m=GET p=/assets/AdminDashboard-DpHjrDyw.js s=200 d=39µs s=2142
INF http m=GET p=/assets/AdminDashboard-CjPbo26j.css s=200 d=41µs s=584
INF http m=GET p=/manifest.webmanifest s=200 d=30µs s=199
INF http m=GET p=/favicon.png s=200 d=35µs s=449
INF http m=GET p=/registerSW.js s=200 d=34µs s=87
INF http m=GET p=/index.html s=200 d=39µs s=541
INF http m=GET p=/icon.svg s=200 d=31µs s=195
INF http m=GET p=/icon-512.png s=200 d=102µs s=6498
INF http m=GET p=/icon-192.png s=200 d=45µs s=2468
INF http m=GET p=/favicon.png s=200 d=33µs s=449
INF http m=GET p=/apple-touch-icon.png s=200 d=45µs s=2298
INF http m=GET p=/assets/material-symbols-names-D7AiM4If.js s=200 d=102µs s=15478
INF http m=GET p=/assets/fr-B1PqNQ7U.js s=200 d=80µs s=6351
INF http m=GET p=/assets/es-OK4oleHZ.js s=200 d=74µs s=6048
INF http m=GET p=/assets/emoji-groups-El6awxEn.js s=200 d=97µs s=13851
INF http m=GET p=/assets/de-CSEWDUi3.js s=200 d=174µs s=6281
INF http m=GET p=/assets/WorkspaceSettingsPanel-BXpT4LCS.css s=200 d=35µs s=994
INF http m=GET p=/assets/WorkspaceSettingsPanel-BB4UnxOs.js s=200 d=58µs s=4465
INF http m=GET p=/assets/Terms-CDs9SgkA.js s=200 d=35µs s=1013
INF http m=GET p=/assets/ServerSettingsPanel-Co4AQ7oB.css s=200 d=33µs s=576
INF http m=GET p=/assets/ServerSettingsPanel-CUtQeHs8.js s=200 d=39µs s=2551
INF http m=GET p=/assets/ResourceQuotaForm-CBiYRbX4.js s=200 d=88µs s=832
INF http m=GET p=/assets/ResourceQuotaForm-BFoPj33M.css s=200 d=27µs s=297
INF http m=GET p=/assets/ProfileSettings-DF5AVI35.js s=200 d=64µs s=4393
INF http m=GET p=/assets/ProfileSettings-CX-HDEdu.css s=200 d=26µs s=1177
INF http m=GET p=/assets/Privacy-cCrfp6_1.css s=200 d=27µs s=314
INF http m=GET p=/assets/Privacy-CgsgvqEr.js s=200 d=18µs s=904
INF http m=GET p=/assets/OrgSettingsPanel-D9VVCokd.css s=200 d=26µs s=488
INF http m=GET p=/assets/OrgSettingsPanel-9P66Q2ps.js s=200 d=63µs s=2333
INF http m=GET p=/assets/OAuthIcons-csRRTXki.js s=200 d=22µs s=951
INF http m=GET p=/assets/InviteForm-DLxm8fu0.css s=200 d=31µs s=394
INF http m=GET p=/assets/InviteForm-CV0yK4I0.js s=200 d=40µs s=1291
INF http m=GET p=/assets/Editor-DfcJ-Jfc.css s=200 d=35µs s=2151
INF http m=GET p=/assets/Editor-BCbjs9IY.js s=200 d=88µs s=13602
INF http m=GET p=/assets/Auth-8NWYUGup.js s=200 d=44µs s=1677
INF http m=POST p=/api/v1/organizations/40O5JMQPM000/workspaces s=200 d=591ms s=311
INF http m=GET p=/assets/Auth-6SolzSg2.css s=200 d=32µs s=633
INF http m=POST p=/api/v1/organizations s=200 d=239ms s=359
INF http m=GET p=/assets/AdminDashboard-DpHjrDyw.js s=200 d=80µs s=2142
INF http m=GET p=/api/v1/auth/me s=200 d=3.83ms s=258
INF http m=GET p=/assets/AdminDashboard-CjPbo26j.css s=200 d=61µs s=584
INF http m=GET p=/manifest.webmanifest s=200 d=27µs s=199
INF http m=POST p=/api/v1/auth/switch-workspace s=200 d=48.9ms s=583
INF http m=GET p=/api/v1/notifications/unread-count s=200 d=4.51ms s=25
INF http m=GET p=/api/v1/workspaces/40O5JNA7I000/nodes/0/children s=200 d=1.33ms s=26
INF http m=GET p=/api/v1/workspaces/40O5JNA7I000/members s=200 d=2.44ms s=130
INF http m=POST p=/api/v1/organizations/40O5JPG38000/workspaces s=200 d=270ms s=306
INF http m=POST p=/api/v1/workspaces/40O5JNA7I000/nodes/0/page/create s=200 d=202ms s=35
INF http m=GET p=/api/v1/workspaces/40O5JNA7I000/nodes/0/children s=200 d=809µs s=257
INF http m=GET p=/api/v1/workspaces/40O5JNA7I000/nodes/40O5JRFC0000 s=200 d=593µs s=245
INF http m=POST p=/api/v1/auth/switch-workspace s=200 d=43.7ms s=571
INF http m=GET p=/api/v1/notifications/unread-count s=200 d=217µs s=25
INF http m=GET p=/api/v1/workspaces/40O5JR0UI000/members s=200 d=735µs s=124
INF http m=GET p=/api/v1/workspaces/40O5JR0UI000/nodes/0/children s=200 d=2.63ms s=26
INF http m=POST p=/api/v1/workspaces/40O5JR0UI000/nodes/0/page/create s=200 d=19.9ms s=35
INF http m=GET p=/api/v1/workspaces/40O5JR0UI000/nodes/0/children s=200 d=281µs s=257
INF http m=GET p=/api/v1/workspaces/40O5JR0UI000/nodes/40O5JT2SC000 s=200 d=1.75ms s=245
INF http m=GET p=/api/v1/workspaces/40O5JNA7I000/events s=200 d=471ms s=207
INF http m=POST p=/api/v1/workspaces/40O5JR0UI000/nodes/0/page/create s=200 d=54ms s=26
INF http m=POST p=/api/v1/workspaces/40O5JR0UI000/nodes/0/page/create s=200 d=28.1ms s=26
INF http m=GET p=/w/@40O5JR0UI000+workspace/@40O5JT2SC000+welcome s=200 d=51µs s=541
INF http m=GET p=/api/v1/workspaces/40O5JR0UI000/events s=200 d=424ms s=259
INF http m=POST p=/api/v1/auth/register s=200 d=141ms s=399
INF http m=GET p=/ s=200 d=60µs s=541
INF http m=GET p=/assets/index-Dlg_ygoF.js s=200 d=180µs s=45483
INF http m=GET p=/assets/index-Bi-AgGrc.css s=200 d=502µs s=11684
INF http m=GET p=/api/v1/auth/me s=200 d=279µs s=358
INF http m=GET p=/assets/vendor-CnrH3R4r.js s=200 d=286µs s=28803
INF http m=GET p=/assets/editor-vendor-VZT4IkOY.js s=200 d=215µs s=92428
INF http m=GET p=/registerSW.js s=200 d=36µs s=87
INF http m=GET p=/api/v1/workspaces/40O5JR0UI000/nodes/40O5JT2SC000 s=200 d=486µs s=245
INF http m=GET p=/api/v1/workspaces/40O5JR0UI000/members s=200 d=543µs s=124
INF http m=GET p=/api/v1/workspaces/40O5JR0UI000/nodes/0/children s=200 d=810µs s=276
INF http m=GET p=/api/v1/notifications/unread-count s=200 d=3.46ms s=25
INF http m=GET p=/api/v1/auth/me s=200 d=707µs s=167
INF http m=GET p=/assets/en-BIK_e_4K.js s=200 d=65µs s=5251
INF http m=GET p=/assets/Onboarding-DQ2WAJCW.js s=200 d=36µs s=996
INF http m=GET p=/api/v1/notifications/unread-count s=200 d=531µs s=25
INF http m=GET p=/favicon.png s=200 d=37µs s=449
INF http m=GET p=/sw.js s=200 d=113µs s=5593
INF http m=GET p=/registerSW.js s=200 d=506µs s=87
INF http m=GET p=/api/v1/workspaces/40O5JR0UI000/nodes/40O5JUU2A000 s=200 d=396µs s=138
INF http m=GET p=/index.html s=200 d=32µs s=541
INF http m=GET p=/icon.svg s=200 d=189µs s=195
INF http m=POST p=/api/v1/organizations s=200 d=81ms s=353
INF http m=GET p=/api/v1/auth/me s=200 d=468µs s=254
INF http m=GET p=/icon-512.png s=200 d=66µs s=6498
INF http m=GET p=/icon-192.png s=200 d=80µs s=2468
INF http m=GET p=/favicon.png s=200 d=37µs s=449
INF http m=GET p=/apple-touch-icon.png s=200 d=44µs s=2298
INF http m=GET p=/assets/material-symbols-names-D7AiM4If.js s=200 d=83µs s=15478
INF http m=GET p=/assets/fr-B1PqNQ7U.js s=200 d=94µs s=6351
INF http m=GET p=/assets/es-OK4oleHZ.js s=200 d=76µs s=6048
INF http m=GET p=/assets/emoji-groups-El6awxEn.js s=200 d=94µs s=13851
INF http m=GET p=/assets/de-CSEWDUi3.js s=200 d=85µs s=6281
INF http m=GET p=/assets/WorkspaceSettingsPanel-BXpT4LCS.css s=200 d=23µs s=994
INF http m=GET p=/assets/WorkspaceSettingsPanel-BB4UnxOs.js s=200 d=40µs s=4465
INF http m=GET p=/assets/Terms-CDs9SgkA.js s=200 d=26µs s=1013
INF http m=GET p=/assets/ServerSettingsPanel-Co4AQ7oB.css s=200 d=30µs s=576
INF http m=GET p=/assets/ServerSettingsPanel-CUtQeHs8.js s=200 d=37µs s=2551
INF http m=GET p=/assets/ResourceQuotaForm-CBiYRbX4.js s=200 d=27µs s=832
INF http m=GET p=/assets/ResourceQuotaForm-BFoPj33M.css s=200 d=35µs s=297
INF http m=GET p=/assets/ProfileSettings-DF5AVI35.js s=200 d=60µs s=4393
INF http m=GET p=/assets/ProfileSettings-CX-HDEdu.css s=200 d=32µs s=1177
INF http m=GET p=/assets/Privacy-cCrfp6_1.css s=200 d=25µs s=314
INF http m=GET p=/assets/Privacy-CgsgvqEr.js s=200 d=35µs s=904
INF http m=GET p=/assets/OrgSettingsPanel-D9VVCokd.css s=200 d=28µs s=488
INF http m=GET p=/assets/OrgSettingsPanel-9P66Q2ps.js s=200 d=41µs s=2333
INF http m=GET p=/assets/OAuthIcons-csRRTXki.js s=200 d=38µs s=951
INF http m=GET p=/assets/InviteForm-DLxm8fu0.css s=200 d=32µs s=394
INF http m=GET p=/assets/InviteForm-CV0yK4I0.js s=200 d=36µs s=1291
INF http m=GET p=/assets/Editor-DfcJ-Jfc.css s=200 d=50µs s=2151
INF http m=GET p=/assets/Editor-BCbjs9IY.js s=200 d=67µs s=13602
INF http m=GET p=/assets/Auth-8NWYUGup.js s=200 d=51µs s=1677
INF http m=GET p=/assets/Auth-6SolzSg2.css s=200 d=31µs s=633
INF http m=GET p=/assets/AdminDashboard-DpHjrDyw.js s=200 d=41µs s=2142
INF http m=GET p=/assets/AdminDashboard-CjPbo26j.css s=200 d=27µs s=584
INF http m=GET p=/manifest.webmanifest s=200 d=24µs s=199
INF http m=POST p=/api/v1/organizations/40O5K18UQ000/workspaces s=200 d=360ms s=300
INF http m=POST p=/api/v1/auth/switch-workspace s=200 d=29.2ms s=571
INF http m=GET p=/api/v1/notifications/unread-count s=200 d=161µs s=25
INF http m=GET p=/api/v1/workspaces/40O5K1RK8000/nodes/0/children s=200 d=857µs s=26
INF http m=GET p=/api/v1/workspaces/40O5K1RK8000/members s=200 d=6.85ms s=122
INF http m=GET p=/api/v1/workspaces/40O5JR0UI000/nodes/40O5JVA5Q000 s=200 d=1.54ms s=138
INF http m=POST p=/api/v1/workspaces/40O5K1RK8000/nodes/0/page/create s=200 d=26.5ms s=35
INF http m=GET p=/api/v1/workspaces/40O5K1RK8000/nodes/0/children s=200 d=268µs s=257
INF http m=GET p=/api/v1/workspaces/40O5K1RK8000/nodes/40O5K4BQU000 s=200 d=298µs s=245
INF http m=POST p=/api/v1/workspaces/40O5JR0UI000/nodes/40O5JUU2A000/page s=200 d=32.7ms s=35
INF http m=GET p=/api/v1/workspaces/40O5JR0UI000/events s=200 d=683ms s=207
INF http m=POST p=/api/v1/auth/register s=200 d=127ms s=397
INF http m=GET p=/ s=200 d=62µs s=541
INF http m=GET p=/assets/index-Dlg_ygoF.js s=200 d=141µs s=45483
INF http m=GET p=/assets/index-Bi-AgGrc.css s=200 d=148µs s=11684
INF http m=GET p=/assets/vendor-CnrH3R4r.js s=200 d=117µs s=28803
INF http m=GET p=/assets/editor-vendor-VZT4IkOY.js s=200 d=148µs s=92428
INF http m=GET p=/registerSW.js s=200 d=33µs s=87
INF http m=GET p=/api/v1/auth/me s=200 d=250µs s=165
INF http m=GET p=/assets/en-BIK_e_4K.js s=200 d=65µs s=5251
INF http m=GET p=/favicon.png s=200 d=35µs s=449
INF http m=GET p=/assets/Onboarding-DQ2WAJCW.js s=200 d=24µs s=996
INF http m=GET p=/api/v1/notifications/unread-count s=200 d=183µs s=25
INF http m=GET p=/sw.js s=200 d=95µs s=5593
INF http m=GET p=/api/v1/notifications/unread-count s=200 d=591µs s=25
INF http m=GET p=/registerSW.js s=200 d=41µs s=87
INF http m=GET p=/api/v1/workspaces/40O5K1RK8000/events s=200 d=587ms s=208
INF http m=POST p=/api/v1/organizations s=200 d=78.4ms s=353
INF http m=GET p=/api/v1/auth/me s=200 d=700µs s=252
INF http m=GET p=/index.html s=200 d=23µs s=541
INF http m=GET p=/icon.svg s=200 d=35µs s=195
INF http m=GET p=/icon-512.png s=200 d=75µs s=6498
INF http m=GET p=/api/v1/auth/providers s=200 d=478µs s=59
INF http m=GET p=/api/v1/notifications/preferences s=200 d=742µs s=127
INF http m=GET p=/icon-192.png s=200 d=43µs s=2468
INF http m=GET p=/favicon.png s=200 d=50µs s=449
INF http m=GET p=/apple-touch-icon.png s=200 d=48µs s=2298
INF http m=GET p=/assets/material-symbols-names-D7AiM4If.js s=200 d=557µs s=15478
INF http m=GET p=/assets/fr-B1PqNQ7U.js s=200 d=121µs s=6351
INF http m=GET p=/assets/es-OK4oleHZ.js s=200 d=84µs s=6048
INF http m=GET p=/assets/emoji-groups-El6awxEn.js s=200 d=120µs s=13851
INF http m=GET p=/assets/de-CSEWDUi3.js s=200 d=104µs s=6281
INF http m=GET p=/assets/WorkspaceSettingsPanel-BXpT4LCS.css s=200 d=32µs s=994
INF http m=GET p=/assets/WorkspaceSettingsPanel-BB4UnxOs.js s=200 d=58µs s=4465
INF http m=GET p=/assets/Terms-CDs9SgkA.js s=200 d=25µs s=1013
INF http m=GET p=/assets/ServerSettingsPanel-Co4AQ7oB.css s=200 d=28µs s=576
INF http m=GET p=/assets/ServerSettingsPanel-CUtQeHs8.js s=200 d=42µs s=2551
INF http m=GET p=/assets/ResourceQuotaForm-CBiYRbX4.js s=200 d=27µs s=832
INF http m=GET p=/assets/ResourceQuotaForm-BFoPj33M.css s=200 d=18µs s=297
INF http m=GET p=/assets/ProfileSettings-DF5AVI35.js s=200 d=103µs s=4393
INF http m=GET p=/assets/ProfileSettings-CX-HDEdu.css s=200 d=28µs s=1177
INF http m=GET p=/assets/Privacy-cCrfp6_1.css s=200 d=30µs s=314
INF http m=GET p=/assets/Privacy-CgsgvqEr.js s=200 d=24µs s=904
INF http m=GET p=/assets/OrgSettingsPanel-D9VVCokd.css s=200 d=25µs s=488
INF http m=GET p=/assets/OrgSettingsPanel-9P66Q2ps.js s=200 d=34µs s=2333
INF http m=GET p=/assets/OAuthIcons-csRRTXki.js s=200 d=33µs s=951
INF http m=GET p=/assets/InviteForm-DLxm8fu0.css s=200 d=55µs s=394
INF http m=GET p=/assets/InviteForm-CV0yK4I0.js s=200 d=29µs s=1291
INF http m=GET p=/assets/Editor-DfcJ-Jfc.css s=200 d=33µs s=2151
INF http m=GET p=/assets/Editor-BCbjs9IY.js s=200 d=73µs s=13602
INF http m=GET p=/assets/Auth-8NWYUGup.js s=200 d=41µs s=1677
INF http m=GET p=/assets/Auth-6SolzSg2.css s=200 d=25µs s=633
INF http m=GET p=/assets/AdminDashboard-DpHjrDyw.js s=200 d=36µs s=2142
INF http m=GET p=/assets/AdminDashboard-CjPbo26j.css s=200 d=34µs s=584
INF http m=GET p=/manifest.webmanifest s=200 d=27µs s=199
INF http m=POST p=/api/v1/organizations/40O5K7FDS000/workspaces s=200 d=323ms s=301
INF http m=POST p=/api/v1/auth/settings s=200 d=249ms s=306
INF http m=POST p=/api/v1/auth/switch-workspace s=200 d=59.9ms s=574
INF http m=GET p=/api/v1/notifications/unread-count s=200 d=1.68ms s=25
INF http m=GET p=/api/v1/workspaces/40O5K80U8000/nodes/0/children s=200 d=992µs s=26
INF http m=GET p=/api/v1/workspaces/40O5K80U8000/members s=200 d=878µs s=128
INF http m=POST p=/api/v1/workspaces/40O5K80U8000/nodes/0/page/create s=200 d=19.3ms s=35
INF http m=GET p=/api/v1/workspaces/40O5K80U8000/nodes/0/children s=200 d=256µs s=257
INF http m=GET p=/api/v1/workspaces/40O5K80U8000/nodes/40O5KAFOS000 s=200 d=249µs s=245
INF http m=POST p=/api/v1/auth/register s=200 d=115ms s=392
INF http m=GET p=/ s=200 d=137µs s=541
INF http m=GET p=/assets/index-Dlg_ygoF.js s=200 d=157µs s=45483
INF http m=GET p=/assets/index-Bi-AgGrc.css s=200 d=137µs s=11684
INF http m=GET p=/registerSW.js s=200 d=58µs s=87
INF http m=GET p=/assets/editor-vendor-VZT4IkOY.js s=200 d=201µs s=92428
INF http m=GET p=/assets/vendor-CnrH3R4r.js s=200 d=212µs s=28803
INF http m=GET p=/api/v1/auth/me s=200 d=276µs s=167
INF http m=GET p=/assets/en-BIK_e_4K.js s=200 d=65µs s=5251
INF http m=GET p=/assets/Onboarding-DQ2WAJCW.js s=200 d=42µs s=996
INF http m=GET p=/sw.js s=200 d=104µs s=5593
INF http m=GET p=/api/v1/notifications/unread-count s=200 d=170µs s=25
INF http m=GET p=/favicon.png s=200 d=40µs s=449
INF http m=GET p=/api/v1/notifications/unread-count s=200 d=353µs s=25
INF http m=GET p=/registerSW.js s=200 d=37µs s=87
INF http m=GET p=/index.html s=200 d=42µs s=541
INF http m=GET p=/api/v1/workspaces/40O5K80U8000/events s=200 d=604ms s=207
INF http m=GET p=/icon.svg s=200 d=40µs s=195
INF http m=GET p=/api/v1/auth/providers s=200 d=138µs s=59
INF http m=GET p=/icon-512.png s=200 d=94µs s=6498
INF http m=GET p=/api/v1/notifications/preferences s=200 d=198µs s=127
INF http m=GET p=/icon-192.png s=200 d=45µs s=2468
INF http m=GET p=/favicon.png s=200 d=32µs s=449
INF http m=GET p=/apple-touch-icon.png s=200 d=49µs s=2298
INF http m=POST p=/api/v1/organizations s=200 d=97.2ms s=352
INF http m=GET p=/api/v1/auth/me s=200 d=224µs s=248
INF http m=GET p=/assets/material-symbols-names-D7AiM4If.js s=200 d=93µs s=15478
INF http m=GET p=/assets/fr-B1PqNQ7U.js s=200 d=90µs s=6351
INF http m=GET p=/assets/es-OK4oleHZ.js s=200 d=77µs s=6048
INF http m=GET p=/assets/emoji-groups-El6awxEn.js s=200 d=97µs s=13851
INF http m=GET p=/assets/de-CSEWDUi3.js s=200 d=99µs s=6281
INF http m=GET p=/assets/WorkspaceSettingsPanel-BXpT4LCS.css s=200 d=34µs s=994
INF http m=GET p=/assets/WorkspaceSettingsPanel-BB4UnxOs.js s=200 d=63µs s=4465
INF http m=GET p=/assets/Terms-CDs9SgkA.js s=200 d=31µs s=1013
INF http m=GET p=/assets/ServerSettingsPanel-Co4AQ7oB.css s=200 d=23µs s=576
INF http m=GET p=/assets/ServerSettingsPanel-CUtQeHs8.js s=200 d=42µs s=2551
INF http m=GET p=/assets/ResourceQuotaForm-CBiYRbX4.js s=200 d=21µs s=832
INF http m=GET p=/assets/ResourceQuotaForm-BFoPj33M.css s=200 d=46µs s=297
INF http m=GET p=/assets/ProfileSettings-DF5AVI35.js s=200 d=78µs s=4393
INF http m=GET p=/assets/ProfileSettings-CX-HDEdu.css s=200 d=24µs s=1177
INF http m=GET p=/assets/Privacy-cCrfp6_1.css s=200 d=25µs s=314
INF http m=GET p=/assets/Privacy-CgsgvqEr.js s=200 d=25µs s=904
INF http m=GET p=/assets/OrgSettingsPanel-D9VVCokd.css s=200 d=24µs s=488
INF http m=GET p=/assets/OrgSettingsPanel-9P66Q2ps.js s=200 d=38µs s=2333
INF http m=GET p=/assets/OAuthIcons-csRRTXki.js s=200 d=25µs s=951
INF http m=GET p=/assets/InviteForm-DLxm8fu0.css s=200 d=29µs s=394
INF http m=GET p=/assets/InviteForm-CV0yK4I0.js s=200 d=26µs s=1291
INF http m=GET p=/assets/Editor-DfcJ-Jfc.css s=200 d=34µs s=2151
INF http m=GET p=/assets/Editor-BCbjs9IY.js s=200 d=73µs s=13602
INF http m=GET p=/assets/Auth-8NWYUGup.js s=200 d=49µs s=1677
INF http m=GET p=/assets/Auth-6SolzSg2.css s=200 d=24µs s=633
INF http m=GET p=/assets/AdminDashboard-DpHjrDyw.js s=200 d=29µs s=2142
INF http m=GET p=/assets/AdminDashboard-CjPbo26j.css s=200 d=25µs s=584
INF http m=GET p=/manifest.webmanifest s=200 d=26µs s=199
INF http m=POST p=/api/v1/organizations/40O5KDR6M000/workspaces s=200 d=293ms s=302
INF http m=POST p=/api/v1/auth/settings s=200 d=277ms s=305
INF http m=POST p=/api/v1/auth/switch-workspace s=200 d=62.4ms s=574
INF http m=GET p=/api/v1/workspaces/40O5KEFRS000/nodes/0/children s=200 d=1.41ms s=26
INF http m=GET p=/api/v1/notifications/unread-count s=200 d=2.75ms s=25
INF http m=GET p=/api/v1/workspaces/40O5KEFRS000/members s=200 d=3.27ms s=130
INF http m=POST p=/api/v1/workspaces/40O5KEFRS000/nodes/0/page/create s=200 d=15.5ms s=35
INF http m=GET p=/api/v1/workspaces/40O5KEFRS000/nodes/0/children s=200 d=298µs s=257
INF http m=GET p=/api/v1/workspaces/40O5KEFRS000/nodes/40O5KGQTG000 s=200 d=635µs s=245
INF http m=GET p=/api/v1/notifications/unread-count s=200 d=220µs s=25
INF http m=GET p=/api/v1/workspaces/40O5K80U8000/members s=200 d=589µs s=128
INF http m=GET p=/api/v1/workspaces/40O5K80U8000/nodes/0/children s=200 d=809µs s=257
INF http m=GET p=/api/v1/workspaces/40O5K80U8000/nodes/40O5KAFOS000 s=200 d=1.45ms s=245
INF http m=GET p=/api/v1/workspaces/40O5K80U8000/events s=200 d=23ms s=93
INF http m=POST p=/api/v1/auth/register s=200 d=113ms s=409
INF http m=GET p=/ s=200 d=56µs s=541
INF http m=GET p=/assets/index-Dlg_ygoF.js s=200 d=159µs s=45483
INF http m=GET p=/registerSW.js s=200 d=35µs s=87
INF http m=GET p=/assets/index-Bi-AgGrc.css s=200 d=92µs s=11684
INF http m=GET p=/assets/vendor-CnrH3R4r.js s=200 d=118µs s=28803
INF http m=GET p=/assets/editor-vendor-VZT4IkOY.js s=200 d=167µs s=92428
INF http m=GET p=/assets/en-BIK_e_4K.js s=200 d=118µs s=5251
INF http m=GET p=/api/v1/auth/me s=200 d=570µs s=172
INF http m=GET p=/favicon.png s=200 d=47µs s=449
INF http m=GET p=/sw.js s=200 d=565µs s=5593
INF http m=GET p=/assets/Onboarding-DQ2WAJCW.js s=200 d=31µs s=996
INF http m=GET p=/api/v1/notifications/unread-count s=200 d=1.24ms s=25
INF http m=GET p=/api/v1/notifications/unread-count s=200 d=195µs s=25
INF http m=GET p=/registerSW.js s=200 d=40µs s=87
INF http m=GET p=/api/v1/workspaces/40O5KEFRS000/events s=200 d=555ms s=207
INF http m=GET p=/index.html s=200 d=49µs s=541
INF http m=GET p=/icon.svg s=200 d=45µs s=195
INF http m=GET p=/api/v1/notifications/preferences s=200 d=582µs s=127
INF http m=GET p=/api/v1/auth/providers s=200 d=2.19ms s=59
INF http m=GET p=/icon-512.png s=200 d=112µs s=6498
INF http m=GET p=/icon-192.png s=200 d=72µs s=2468
INF http m=GET p=/favicon.png s=200 d=51µs s=449
INF http m=GET p=/apple-touch-icon.png s=200 d=51µs s=2298
INF http m=GET p=/assets/material-symbols-names-D7AiM4If.js s=200 d=90µs s=15478
INF http m=POST p=/api/v1/organizations s=200 d=85ms s=355
INF http m=GET p=/api/v1/auth/me s=200 d=790µs s=256
INF http m=GET p=/assets/fr-B1PqNQ7U.js s=200 d=84µs s=6351
INF http m=GET p=/assets/es-OK4oleHZ.js s=200 d=83µs s=6048
INF http m=GET p=/assets/emoji-groups-El6awxEn.js s=200 d=105µs s=13851
INF http m=GET p=/assets/de-CSEWDUi3.js s=200 d=88µs s=6281
INF http m=GET p=/assets/WorkspaceSettingsPanel-BXpT4LCS.css s=200 d=43µs s=994
INF http m=GET p=/assets/WorkspaceSettingsPanel-BB4UnxOs.js s=200 d=72µs s=4465
INF http m=GET p=/assets/Terms-CDs9SgkA.js s=200 d=27µs s=1013
INF http m=GET p=/assets/ServerSettingsPanel-Co4AQ7oB.css s=200 d=26µs s=576
INF http m=POST p=/api/v1/auth/settings s=200 d=55.6ms s=308
INF http m=GET p=/assets/ServerSettingsPanel-CUtQeHs8.js s=200 d=43µs s=2551
INF http m=GET p=/assets/ResourceQuotaForm-CBiYRbX4.js s=200 d=33µs s=832
INF http m=GET p=/assets/ResourceQuotaForm-BFoPj33M.css s=200 d=128µs s=297
INF http m=GET p=/assets/ProfileSettings-DF5AVI35.js s=200 d=74µs s=4393
INF http m=GET p=/assets/ProfileSettings-CX-HDEdu.css s=200 d=46µs s=1177
INF http m=GET p=/assets/Privacy-cCrfp6_1.css s=200 d=45µs s=314
INF http m=GET p=/assets/Privacy-CgsgvqEr.js s=200 d=30µs s=904
INF http m=GET p=/assets/OrgSettingsPanel-D9VVCokd.css s=200 d=30µs s=488
INF http m=GET p=/assets/OrgSettingsPanel-9P66Q2ps.js s=200 d=40µs s=2333
INF http m=GET p=/assets/OAuthIcons-csRRTXki.js s=200 d=32µs s=951
INF http m=GET p=/assets/InviteForm-DLxm8fu0.css s=200 d=43µs s=394
INF http m=GET p=/assets/InviteForm-CV0yK4I0.js s=200 d=32µs s=1291
INF http m=GET p=/assets/Editor-DfcJ-Jfc.css s=200 d=39µs s=2151
INF http m=GET p=/assets/Editor-BCbjs9IY.js s=200 d=106µs s=13602
INF http m=GET p=/assets/Auth-8NWYUGup.js s=200 d=25µs s=1677
INF http m=GET p=/assets/Auth-6SolzSg2.css s=200 d=36µs s=633
INF http m=GET p=/assets/AdminDashboard-DpHjrDyw.js s=200 d=42µs s=2142
INF http m=GET p=/assets/AdminDashboard-CjPbo26j.css s=200 d=23µs s=584
INF http m=GET p=/manifest.webmanifest s=200 d=33µs s=199
INF http m=GET p=/api/v1/notifications/unread-count s=200 d=194µs s=25
INF http m=GET p=/api/v1/workspaces/40O5KEFRS000/nodes/0/children s=200 d=1.78ms s=257
INF http m=GET p=/api/v1/workspaces/40O5KEFRS000/members s=200 d=2.39ms s=130
INF http m=GET p=/api/v1/workspaces/40O5KEFRS000/nodes/40O5KGQTG000 s=200 d=8.88ms s=245
INF http m=GET p=/w/@40O5KEFRS000+workspace/@40O5KGQTG000+welcome s=200 d=40µs s=541
INF http m=GET p=/api/v1/workspaces/40O5KEFRS000/events s=200 d=18.5ms s=93
INF http m=GET p=/api/v1/auth/me s=200 d=340µs s=346
INF http m=GET p=/api/v1/workspaces/40O5KEFRS000/nodes/0/children s=200 d=307µs s=257
INF http m=GET p=/api/v1/workspaces/40O5KEFRS000/nodes/40O5KGQTG000 s=200 d=234µs s=245
INF http m=GET p=/api/v1/workspaces/40O5KEFRS000/members s=200 d=131µs s=130
INF http m=GET p=/api/v1/notifications/unread-count s=200 d=1.66ms s=25
INF http m=GET p=/api/v1/workspaces/40O5KEFRS000/events s=200 d=43.7ms s=93
INF http m=POST p=/api/v1/organizations/40O5KK73S000/workspaces s=200 d=467ms s=301
INF http m=POST p=/api/v1/auth/switch-workspace s=200 d=50ms s=564
INF http m=GET p=/api/v1/notifications/unread-count s=200 d=184µs s=25
INF http m=GET p=/api/v1/workspaces/40O5KKQCE000/nodes/0/children s=200 d=325µs s=26
INF http m=GET p=/api/v1/workspaces/40O5KKQCE000/members s=200 d=265µs s=128
INF http m=POST p=/api/v1/workspaces/40O5KKQCE000/nodes/0/page/create s=200 d=25.2ms s=35
INF http m=GET p=/api/v1/workspaces/40O5KKQCE000/nodes/0/children s=200 d=276µs s=257
INF http m=GET p=/api/v1/workspaces/40O5KKQCE000/nodes/40O5KOA8E000 s=200 d=249µs s=245
INF http m=POST p=/api/v1/auth/register s=200 d=159ms s=393
INF http m=GET p=/ s=200 d=61µs s=541
INF http m=GET p=/assets/vendor-CnrH3R4r.js s=200 d=154µs s=28803
INF http m=GET p=/assets/index-Dlg_ygoF.js s=200 d=117µs s=45483
INF http m=GET p=/assets/editor-vendor-VZT4IkOY.js s=200 d=152µs s=92428
INF http m=GET p=/assets/index-Bi-AgGrc.css s=200 d=2.01ms s=11684
INF http m=GET p=/registerSW.js s=200 d=35µs s=87
INF http m=GET p=/assets/en-BIK_e_4K.js s=200 d=97µs s=5251
INF http m=GET p=/api/v1/auth/me s=200 d=235µs s=169
INF http m=GET p=/favicon.png s=200 d=48µs s=449
INF http m=GET p=/assets/Onboarding-DQ2WAJCW.js s=200 d=50µs s=996
INF http m=GET p=/api/v1/notifications/unread-count s=200 d=159µs s=25
INF http m=GET p=/sw.js s=200 d=50µs s=5593
INF http m=GET p=/registerSW.js s=200 d=36µs s=87
INF http m=GET p=/index.html s=200 d=65µs s=541
INF http m=GET p=/icon.svg s=200 d=46µs s=195
INF http m=GET p=/icon-512.png s=200 d=91µs s=6498
INF http m=GET p=/icon-192.png s=200 d=33µs s=2468
INF http m=GET p=/favicon.png s=200 d=31µs s=449
INF http m=GET p=/apple-touch-icon.png s=200 d=41µs s=2298
INF http m=POST p=/api/v1/organizations s=200 d=55.1ms s=353
INF http m=GET p=/api/v1/auth/me s=200 d=2.06ms s=253
INF http m=GET p=/assets/material-symbols-names-D7AiM4If.js s=200 d=131µs s=15478
INF http m=GET p=/api/v1/notifications/unread-count s=200 d=179µs s=25
INF http m=GET p=/api/v1/workspaces/40O5KKQCE000/events s=200 d=381ms s=207
INF http m=GET p=/assets/fr-B1PqNQ7U.js s=200 d=88µs s=6351
INF http m=GET p=/api/v1/auth/providers s=200 d=150µs s=59
INF http m=GET p=/api/v1/notifications/preferences s=200 d=249µs s=127
INF http m=GET p=/assets/es-OK4oleHZ.js s=200 d=85µs s=6048
INF http m=GET p=/assets/emoji-groups-El6awxEn.js s=200 d=126µs s=13851
INF http m=GET p=/assets/de-CSEWDUi3.js s=200 d=124µs s=6281
INF http m=GET p=/assets/WorkspaceSettingsPanel-BXpT4LCS.css s=200 d=32µs s=994
INF http m=GET p=/assets/WorkspaceSettingsPanel-BB4UnxOs.js s=200 d=90µs s=4465
INF http m=GET p=/assets/Terms-CDs9SgkA.js s=200 d=26µs s=1013
INF http m=GET p=/assets/ServerSettingsPanel-Co4AQ7oB.css s=200 d=30µs s=576
INF http m=GET p=/assets/ServerSettingsPanel-CUtQeHs8.js s=200 d=40µs s=2551
INF http m=GET p=/assets/ResourceQuotaForm-CBiYRbX4.js s=200 d=42µs s=832
INF http m=GET p=/assets/ResourceQuotaForm-BFoPj33M.css s=200 d=162µs s=297
INF http m=GET p=/assets/ProfileSettings-DF5AVI35.js s=200 d=69µs s=4393
INF http m=GET p=/assets/ProfileSettings-CX-HDEdu.css s=200 d=33µs s=1177
INF http m=GET p=/assets/Privacy-cCrfp6_1.css s=200 d=27µs s=314
INF http m=GET p=/assets/Privacy-CgsgvqEr.js s=200 d=29µs s=904
INF http m=GET p=/assets/OrgSettingsPanel-D9VVCokd.css s=200 d=26µs s=488
INF http m=GET p=/assets/OrgSettingsPanel-9P66Q2ps.js s=200 d=61µs s=2333
INF http m=GET p=/assets/OAuthIcons-csRRTXki.js s=200 d=33µs s=951
INF http m=GET p=/assets/InviteForm-DLxm8fu0.css s=200 d=29µs s=394
INF http m=GET p=/assets/InviteForm-CV0yK4I0.js s=200 d=28µs s=1291
INF http m=GET p=/assets/Editor-DfcJ-Jfc.css s=200 d=27µs s=2151
INF http m=GET p=/assets/Editor-BCbjs9IY.js s=200 d=69µs s=13602
INF http m=GET p=/assets/Auth-8NWYUGup.js s=200 d=37µs s=1677
INF http m=GET p=/assets/Auth-6SolzSg2.css s=200 d=22µs s=633
INF http m=GET p=/assets/AdminDashboard-DpHjrDyw.js s=200 d=26µs s=2142
INF http m=GET p=/assets/AdminDashboard-CjPbo26j.css s=200 d=28µs s=584
INF http m=GET p=/manifest.webmanifest s=200 d=27µs s=199
INF http m=POST p=/api/v1/auth/settings s=200 d=194ms s=312
INF http m=POST p=/api/v1/organizations/40O5KPS2U000/workspaces s=200 d=333ms s=302
INF http m=POST p=/api/v1/auth/switch-workspace s=200 d=33.1ms s=607
INF http m=GET p=/api/v1/notifications/unread-count s=200 d=357µs s=25
INF http m=GET p=/api/v1/workspaces/40O5KQ8AK000/nodes/0/children s=200 d=293µs s=26
INF http m=GET p=/api/v1/workspaces/40O5KQ8AK000/members s=200 d=184µs s=119
INF http m=POST p=/api/v1/workspaces/40O5KQ8AK000/nodes/0/page/create s=200 d=20.5ms s=35
INF http m=GET p=/api/v1/workspaces/40O5KQ8AK000/nodes/0/children s=200 d=274µs s=257
INF http m=GET p=/api/v1/workspaces/40O5KQ8AK000/nodes/40O5KSJDA000 s=200 d=277µs s=245
INF http m=POST p=/api/v1/auth/settings s=200 d=33.8ms s=312
INF http m=GET p=/api/v1/notifications/unread-count s=200 d=338µs s=25
INF http m=GET p=/api/v1/workspaces/40O5KKQCE000/nodes/40O5KOA8E000 s=200 d=457µs s=245
INF http m=GET p=/api/v1/workspaces/40O5KKQCE000/nodes/0/children s=200 d=784µs s=257
INF http m=GET p=/api/v1/workspaces/40O5KKQCE000/members s=200 d=2.18ms s=128
INF http m=GET p=/api/v1/workspaces/40O5KKQCE000/events s=200 d=20.1ms s=93
INF http m=POST p=/api/v1/auth/register s=200 d=119ms s=398
INF http m=GET p=/ s=200 d=66µs s=541
INF http m=GET p=/assets/index-Dlg_ygoF.js s=200 d=139µs s=45483
INF http m=GET p=/assets/index-Bi-AgGrc.css s=200 d=106µs s=11684
INF http m=GET p=/assets/vendor-CnrH3R4r.js s=200 d=98µs s=28803
INF http m=GET p=/assets/editor-vendor-VZT4IkOY.js s=200 d=128µs s=92428
INF http m=GET p=/registerSW.js s=200 d=31µs s=87
INF http m=GET p=/assets/en-BIK_e_4K.js s=200 d=222µs s=5251
INF http m=GET p=/api/v1/auth/me s=200 d=5.61ms s=171
INF http m=GET p=/favicon.png s=200 d=52µs s=449
INF http m=GET p=/assets/Onboarding-DQ2WAJCW.js s=200 d=44µs s=996
INF http m=GET p=/sw.js s=200 d=53µs s=5593
INF http m=GET p=/api/v1/notifications/unread-count s=200 d=172µs s=25
INF http m=GET p=/registerSW.js s=200 d=34µs s=87
INF http m=GET p=/index.html s=200 d=37µs s=541
INF http m=GET p=/icon.svg s=200 d=36µs s=195
INF http m=GET p=/icon-512.png s=200 d=62µs s=6498
INF http m=GET p=/icon-192.png s=200 d=44µs s=2468
INF http m=GET p=/favicon.png s=200 d=35µs s=449
INF http m=GET p=/apple-touch-icon.png s=200 d=48µs s=2298
INF http m=POST p=/api/v1/organizations s=200 d=53.5ms s=354
INF http m=GET p=/api/v1/auth/me s=200 d=330µs s=257
INF http m=GET p=/assets/material-symbols-names-D7AiM4If.js s=200 d=89µs s=15478
INF http m=GET p=/assets/fr-B1PqNQ7U.js s=200 d=1.13ms s=6351
INF http m=GET p=/assets/es-OK4oleHZ.js s=200 d=87µs s=6048
INF http m=GET p=/assets/emoji-groups-El6awxEn.js s=200 d=138µs s=13851
INF http m=GET p=/assets/de-CSEWDUi3.js s=200 d=99µs s=6281
INF http m=GET p=/assets/WorkspaceSettingsPanel-BXpT4LCS.css s=200 d=37µs s=994
INF http m=GET p=/assets/WorkspaceSettingsPanel-BB4UnxOs.js s=200 d=58µs s=4465
INF http m=GET p=/assets/Terms-CDs9SgkA.js s=200 d=40µs s=1013
INF http m=GET p=/assets/ServerSettingsPanel-Co4AQ7oB.css s=200 d=37µs s=576
INF http m=GET p=/assets/ServerSettingsPanel-CUtQeHs8.js s=200 d=31µs s=2551
INF http m=GET p=/assets/ResourceQuotaForm-CBiYRbX4.js s=200 d=39µs s=832
INF http m=GET p=/assets/ResourceQuotaForm-BFoPj33M.css s=200 d=34µs s=297
INF http m=GET p=/assets/ProfileSettings-DF5AVI35.js s=200 d=56µs s=4393
INF http m=GET p=/assets/ProfileSettings-CX-HDEdu.css s=200 d=34µs s=1177
INF http m=GET p=/assets/Privacy-cCrfp6_1.css s=200 d=34µs s=314
INF http m=GET p=/assets/Privacy-CgsgvqEr.js s=200 d=22µs s=904
INF http m=GET p=/assets/OrgSettingsPanel-D9VVCokd.css s=200 d=23µs s=488
INF http m=GET p=/assets/OrgSettingsPanel-9P66Q2ps.js s=200 d=25µs s=2333
INF http m=GET p=/assets/OAuthIcons-csRRTXki.js s=200 d=23µs s=951
INF http m=GET p=/assets/InviteForm-DLxm8fu0.css s=200 d=26µs s=394
INF http m=GET p=/assets/InviteForm-CV0yK4I0.js s=200 d=26µs s=1291
INF http m=GET p=/assets/Editor-DfcJ-Jfc.css s=200 d=37µs s=2151
INF http m=GET p=/assets/Editor-BCbjs9IY.js s=200 d=140µs s=13602
INF http m=GET p=/assets/Auth-8NWYUGup.js s=200 d=32µs s=1677
INF http m=GET p=/assets/Auth-6SolzSg2.css s=200 d=86µs s=633
INF http m=GET p=/assets/AdminDashboard-DpHjrDyw.js s=200 d=38µs s=2142
INF http m=GET p=/assets/AdminDashboard-CjPbo26j.css s=200 d=57µs s=584
INF http m=GET p=/manifest.webmanifest s=200 d=36µs s=199
INF http m=POST p=/api/v1/organizations/40O5L17OA000/workspaces s=200 d=321ms s=302
INF http m=GET p=/api/v1/workspaces/40O5KQ8AK000/events s=200 d=1.16s s=207
INF http m=POST p=/api/v1/auth/switch-workspace s=200 d=51.6ms s=575
INF http m=GET p=/api/v1/notifications/unread-count s=200 d=233µs s=25
INF http m=GET p=/api/v1/workspaces/40O5L1KLC000/nodes/0/children s=200 d=339µs s=26
INF http m=GET p=/api/v1/workspaces/40O5L1KLC000/members s=200 d=6.32ms s=120
INF http m=POST p=/api/v1/workspaces/40O5L1KLC000/nodes/0/page/create s=200 d=61.1ms s=35
INF http m=GET p=/api/v1/workspaces/40O5L1KLC000/nodes/0/children s=200 d=699µs s=257
INF http m=GET p=/api/v1/workspaces/40O5L1KLC000/nodes/40O5L42F0000 s=200 d=287µs s=245
INF http m=POST p=/api/v1/auth/register s=200 d=135ms s=394
INF http m=GET p=/ s=200 d=59µs s=541
INF http m=GET p=/assets/index-Dlg_ygoF.js s=200 d=145µs s=45483
INF http m=GET p=/assets/index-Bi-AgGrc.css s=200 d=111µs s=11684
INF http m=GET p=/registerSW.js s=200 d=58µs s=87
INF http m=GET p=/assets/editor-vendor-VZT4IkOY.js s=200 d=121µs s=92428
INF http m=GET p=/assets/vendor-CnrH3R4r.js s=200 d=70µs s=28803
INF http m=GET p=/api/v1/auth/me s=200 d=246µs s=167
INF http m=GET p=/assets/en-BIK_e_4K.js s=200 d=73µs s=5251
INF http m=GET p=/favicon.png s=200 d=47µs s=449
INF http m=GET p=/sw.js s=200 d=67µs s=5593
INF http m=GET p=/assets/Onboarding-DQ2WAJCW.js s=200 d=24µs s=996
INF http m=GET p=/api/v1/notifications/unread-count s=200 d=166µs s=25
INF http m=GET p=/registerSW.js s=200 d=41µs s=87
INF http m=GET p=/index.html s=200 d=42µs s=541
INF http m=GET p=/icon.svg s=200 d=40µs s=195
INF http m=GET p=/icon-512.png s=200 d=157µs s=6498
INF http m=GET p=/icon-192.png s=200 d=66µs s=2468
INF http m=GET p=/favicon.png s=200 d=36µs s=449
INF http m=GET p=/apple-touch-icon.png s=200 d=69µs s=2298
INF http m=POST p=/api/v1/organizations s=200 d=60.1ms s=351
INF http m=GET p=/api/v1/auth/me s=200 d=933µs s=251
INF http m=GET p=/assets/material-symbols-names-D7AiM4If.js s=200 d=126µs s=15478
INF http m=GET p=/assets/fr-B1PqNQ7U.js s=200 d=450µs s=6351
INF http m=GET p=/assets/es-OK4oleHZ.js s=200 d=88µs s=6048
INF http m=GET p=/assets/emoji-groups-El6awxEn.js s=200 d=106µs s=13851
INF http m=GET p=/assets/de-CSEWDUi3.js s=200 d=680µs s=6281
INF http m=GET p=/assets/WorkspaceSettingsPanel-BXpT4LCS.css s=200 d=46µs s=994
INF http m=GET p=/assets/WorkspaceSettingsPanel-BB4UnxOs.js s=200 d=72µs s=4465
INF http m=GET p=/assets/Terms-CDs9SgkA.js s=200 d=31µs s=1013
INF http m=GET p=/api/v1/workspaces/40O5L1KLC000/events s=200 d=601ms s=208
INF http m=GET p=/assets/ServerSettingsPanel-Co4AQ7oB.css s=200 d=64µs s=576
INF http m=GET p=/assets/ServerSettingsPanel-CUtQeHs8.js s=200 d=51µs s=2551
INF http m=GET p=/assets/ResourceQuotaForm-CBiYRbX4.js s=200 d=88µs s=832
INF http m=GET p=/assets/ResourceQuotaForm-BFoPj33M.css s=200 d=40µs s=297
INF http m=GET p=/assets/ProfileSettings-DF5AVI35.js s=200 d=65µs s=4393
INF http m=GET p=/assets/ProfileSettings-CX-HDEdu.css s=200 d=33µs s=1177
INF http m=GET p=/assets/Privacy-cCrfp6_1.css s=200 d=42µs s=314
INF http m=GET p=/assets/Privacy-CgsgvqEr.js s=200 d=33µs s=904
INF http m=GET p=/assets/OrgSettingsPanel-D9VVCokd.css s=200 d=28µs s=488
INF http m=GET p=/assets/OrgSettingsPanel-9P66Q2ps.js s=200 d=38µs s=2333
INF http m=GET p=/assets/OAuthIcons-csRRTXki.js s=200 d=31µs s=951
INF http m=GET p=/assets/InviteForm-DLxm8fu0.css s=200 d=49µs s=394
INF http m=GET p=/assets/InviteForm-CV0yK4I0.js s=200 d=26µs s=1291
INF http m=GET p=/assets/Editor-DfcJ-Jfc.css s=200 d=60µs s=2151
INF http m=GET p=/assets/Editor-BCbjs9IY.js s=200 d=112µs s=13602
INF http m=GET p=/assets/Auth-8NWYUGup.js s=200 d=33µs s=1677
INF http m=GET p=/assets/Auth-6SolzSg2.css s=200 d=48µs s=633
INF http m=GET p=/assets/AdminDashboard-DpHjrDyw.js s=200 d=61µs s=2142
INF http m=GET p=/assets/AdminDashboard-CjPbo26j.css s=200 d=34µs s=584
INF http m=GET p=/manifest.webmanifest s=200 d=32µs s=199
INF http m=POST p=/api/v1/organizations/40O5L6J7I000/workspaces s=200 d=494ms s=299
INF http m=POST p=/api/v1/auth/register s=200 d=187ms s=397
INF http m=GET p=/ s=200 d=58µs s=541
INF http m=GET p=/assets/vendor-CnrH3R4r.js s=200 d=164µs s=28803
INF http m=GET p=/assets/index-Bi-AgGrc.css s=200 d=98µs s=11684
INF http m=GET p=/assets/index-Dlg_ygoF.js s=200 d=110µs s=45483
INF http m=GET p=/registerSW.js s=200 d=31µs s=87
INF http m=GET p=/assets/editor-vendor-VZT4IkOY.js s=200 d=212µs s=92428
INF http m=POST p=/api/v1/auth/switch-workspace s=200 d=70.8ms s=580
INF http m=GET p=/api/v1/notifications/unread-count s=200 d=211µs s=25
INF http m=GET p=/api/v1/workspaces/40O5L70KG000/nodes/0/children s=200 d=1.44ms s=26
INF http m=GET p=/api/v1/workspaces/40O5L70KG000/members s=200 d=5.02ms s=132
INF http m=POST p=/api/v1/workspaces/40O5L70KG000/nodes/0/page/create s=200 d=24.3ms s=35
INF http m=GET p=/api/v1/auth/me s=200 d=796µs s=170
INF http m=GET p=/assets/en-BIK_e_4K.js s=200 d=126µs s=5251
INF http m=GET p=/api/v1/workspaces/40O5L70KG000/nodes/0/children s=200 d=2.23ms s=257
INF http m=GET p=/assets/Onboarding-DQ2WAJCW.js s=200 d=35µs s=996
INF http m=GET p=/api/v1/notifications/unread-count s=200 d=160µs s=25
INF http m=GET p=/api/v1/workspaces/40O5L70KG000/nodes/40O5LAN7Q000 s=200 d=383µs s=245
INF http m=GET p=/favicon.png s=200 d=37µs s=449
INF http m=GET p=/sw.js s=200 d=175µs s=5593
INF http m=GET p=/registerSW.js s=200 d=72µs s=87
INF http m=GET p=/index.html s=200 d=25µs s=541
INF http m=GET p=/icon.svg s=200 d=29µs s=195
INF http m=POST p=/api/v1/organizations s=200 d=62.6ms s=353
INF http m=GET p=/api/v1/auth/me s=200 d=1.57ms s=253
INF http m=GET p=/icon-512.png s=200 d=74µs s=6498
INF http m=GET p=/icon-192.png s=200 d=44µs s=2468
INF http m=GET p=/favicon.png s=200 d=33µs s=449
INF http m=GET p=/apple-touch-icon.png s=200 d=31µs s=2298
INF http m=GET p=/assets/material-symbols-names-D7AiM4If.js s=200 d=107µs s=15478
INF http m=GET p=/assets/fr-B1PqNQ7U.js s=200 d=93µs s=6351
INF http m=GET p=/assets/es-OK4oleHZ.js s=200 d=84µs s=6048
INF http m=GET p=/assets/emoji-groups-El6awxEn.js s=200 d=104µs s=13851
INF http m=GET p=/assets/de-CSEWDUi3.js s=200 d=90µs s=6281
INF http m=GET p=/assets/WorkspaceSettingsPanel-BXpT4LCS.css s=200 d=42µs s=994
INF http m=GET p=/assets/WorkspaceSettingsPanel-BB4UnxOs.js s=200 d=67µs s=4465
INF http m=GET p=/assets/Terms-CDs9SgkA.js s=200 d=38µs s=1013
INF http m=GET p=/assets/ServerSettingsPanel-Co4AQ7oB.css s=200 d=38µs s=576
INF http m=GET p=/assets/ServerSettingsPanel-CUtQeHs8.js s=200 d=35µs s=2551
INF http m=GET p=/assets/ResourceQuotaForm-CBiYRbX4.js s=200 d=33µs s=832
INF http m=GET p=/assets/ResourceQuotaForm-BFoPj33M.css s=200 d=28µs s=297
INF http m=GET p=/assets/ProfileSettings-DF5AVI35.js s=200 d=63µs s=4393
INF http m=GET p=/assets/ProfileSettings-CX-HDEdu.css s=200 d=37µs s=1177
INF http m=GET p=/assets/Privacy-cCrfp6_1.css s=200 d=32µs s=314
INF http m=GET p=/assets/Privacy-CgsgvqEr.js s=200 d=26µs s=904
INF http m=GET p=/assets/OrgSettingsPanel-D9VVCokd.css s=200 d=38µs s=488
INF http m=GET p=/assets/OrgSettingsPanel-9P66Q2ps.js s=200 d=40µs s=2333
INF http m=GET p=/assets/OAuthIcons-csRRTXki.js s=200 d=32µs s=951
INF http m=GET p=/assets/InviteForm-DLxm8fu0.css s=200 d=35µs s=394
INF http m=GET p=/assets/InviteForm-CV0yK4I0.js s=200 d=31µs s=1291
INF http m=GET p=/assets/Editor-DfcJ-Jfc.css s=200 d=34µs s=2151
INF http m=GET p=/assets/Editor-BCbjs9IY.js s=200 d=249µs s=13602
INF http m=GET p=/assets/Auth-8NWYUGup.js s=200 d=29µs s=1677
INF http m=GET p=/assets/Auth-6SolzSg2.css s=200 d=25µs s=633
INF http m=GET p=/assets/AdminDashboard-DpHjrDyw.js s=200 d=63µs s=2142
INF http m=GET p=/assets/AdminDashboard-CjPbo26j.css s=200 d=26µs s=584
INF http m=GET p=/manifest.webmanifest s=200 d=26µs s=199
INF http m=POST p=/api/v1/organizations/40O5LB39G000/workspaces s=200 d=301ms s=299
INF http m=POST p=/api/v1/workspaces/40O5L70KG000/nodes/0/page/create s=200 d=238ms s=26
INF http m=GET p=/w/@40O5L70KG000+workspace/@40O5LAN7Q000+welcome s=200 d=46µs s=541
INF http m=GET p=/api/v1/workspaces/40O5L70KG000/events s=200 d=453ms s=233
INF http m=POST p=/api/v1/auth/switch-workspace s=200 d=48.2ms s=584
INF http m=GET p=/api/v1/auth/me s=200 d=416µs s=352
INF http m=GET p=/api/v1/notifications/unread-count s=200 d=3.01ms s=25
INF http m=GET p=/api/v1/workspaces/40O5LBGRE000/nodes/0/children s=200 d=331µs s=26
INF http m=GET p=/api/v1/workspaces/40O5LBGRE000/members s=200 d=2.66ms s=132
INF http m=GET p=/api/v1/notifications/unread-count s=200 d=193µs s=25
INF http m=GET p=/api/v1/workspaces/40O5L70KG000/nodes/0/children s=200 d=842µs s=245
INF http m=GET p=/api/v1/workspaces/40O5L70KG000/members s=200 d=477µs s=132
INF http m=GET p=/api/v1/workspaces/40O5L70KG000/nodes/40O5LAN7Q000 s=200 d=704µs s=245
INF http m=POST p=/api/v1/workspaces/40O5LBGRE000/nodes/0/page/create s=200 d=36.2ms s=35
INF http m=GET p=/api/v1/workspaces/40O5LBGRE000/nodes/0/children s=200 d=277µs s=257
INF http m=GET p=/api/v1/workspaces/40O5LBGRE000/nodes/40O5LDRT8000 s=200 d=247µs s=245
INF http m=GET p=/api/v1/workspaces/40O5L70KG000/nodes/40O5LBU8K000 s=200 d=539µs s=131
INF http m=GET p=/api/v1/workspaces/40O5L70KG000/events s=200 d=434ms s=93
INF http m=POST p=/api/v1/workspaces/40O5LBGRE000/nodes/0/page/create s=200 d=19.8ms s=26
INF http m=GET p=/w/@40O5LBGRE000+workspace/@40O5LDRT8000+welcome s=200 d=42µs s=541
INF http m=GET p=/api/v1/workspaces/40O5LBGRE000/events s=200 d=512ms s=235
INF http m=GET p=/api/v1/auth/me s=200 d=664µs s=354
INF http m=GET p=/api/v1/workspaces/40O5LBGRE000/members s=200 d=462µs s=132
INF http m=GET p=/api/v1/notifications/unread-count s=200 d=566µs s=25
INF http m=GET p=/api/v1/workspaces/40O5LBGRE000/nodes/0/children s=200 d=749µs s=256
INF http m=GET p=/api/v1/workspaces/40O5LBGRE000/nodes/40O5LDRT8000 s=200 d=4.14ms s=245
INF http m=POST p=/api/v1/auth/register s=200 d=167ms s=394
INF http m=GET p=/ s=200 d=71µs s=541
INF http m=GET p=/assets/index-Dlg_ygoF.js s=200 d=543µs s=45483
INF http m=GET p=/registerSW.js s=200 d=35µs s=87
INF http m=GET p=/assets/vendor-CnrH3R4r.js s=200 d=105µs s=28803
INF http m=GET p=/assets/editor-vendor-VZT4IkOY.js s=200 d=134µs s=92428
INF http m=GET p=/assets/index-Bi-AgGrc.css s=200 d=98µs s=11684
INF http m=GET p=/api/v1/auth/me s=200 d=277µs s=165
INF http m=GET p=/assets/en-BIK_e_4K.js s=200 d=73µs s=5251
INF http m=GET p=/favicon.png s=200 d=29µs s=449
INF http m=GET p=/api/v1/notifications/unread-count s=200 d=195µs s=25
INF http m=GET p=/assets/Onboarding-DQ2WAJCW.js s=200 d=38µs s=996
INF http m=GET p=/sw.js s=200 d=77µs s=5593
INF http m=GET p=/registerSW.js s=200 d=39µs s=87
INF http m=GET p=/index.html s=200 d=34µs s=541
INF http m=GET p=/api/v1/workspaces/40O5LBGRE000/nodes/40O5LGMLM000 s=200 d=306µs s=141
INF http m=GET p=/icon.svg s=200 d=31µs s=195
INF http m=POST p=/api/v1/organizations s=200 d=67.5ms s=352
INF http m=GET p=/api/v1/auth/me s=200 d=236µs s=251
INF http m=GET p=/icon-512.png s=200 d=71µs s=6498
INF http m=GET p=/icon-192.png s=200 d=54µs s=2468
INF http m=GET p=/favicon.png s=200 d=39µs s=449
INF http m=GET p=/apple-touch-icon.png s=200 d=46µs s=2298
INF http m=GET p=/assets/material-symbols-names-D7AiM4If.js s=200 d=105µs s=15478
INF http m=GET p=/assets/fr-B1PqNQ7U.js s=200 d=115µs s=6351
INF http m=GET p=/assets/es-OK4oleHZ.js s=200 d=81µs s=6048
INF http m=GET p=/assets/emoji-groups-El6awxEn.js s=200 d=97µs s=13851
INF http m=GET p=/assets/de-CSEWDUi3.js s=200 d=78µs s=6281
INF http m=GET p=/assets/WorkspaceSettingsPanel-BXpT4LCS.css s=200 d=41µs s=994
INF http m=GET p=/assets/WorkspaceSettingsPanel-BB4UnxOs.js s=200 d=426µs s=4465
INF http m=GET p=/assets/Terms-CDs9SgkA.js s=200 d=114µs s=1013
INF http m=GET p=/assets/ServerSettingsPanel-Co4AQ7oB.css s=200 d=37µs s=576
INF http m=GET p=/assets/ServerSettingsPanel-CUtQeHs8.js s=200 d=55µs s=2551
INF http m=GET p=/assets/ResourceQuotaForm-CBiYRbX4.js s=200 d=40µs s=832
INF http m=GET p=/assets/ResourceQuotaForm-BFoPj33M.css s=200 d=37µs s=297
INF http m=GET p=/api/v1/workspaces/40O5LBGRE000/events s=200 d=560ms s=93
INF http m=GET p=/assets/ProfileSettings-DF5AVI35.js s=200 d=61µs s=4393
INF http m=GET p=/assets/ProfileSettings-CX-HDEdu.css s=200 d=34µs s=1177
INF http m=GET p=/assets/Privacy-cCrfp6_1.css s=200 d=33µs s=314
INF http m=GET p=/assets/Privacy-CgsgvqEr.js s=200 d=34µs s=904
INF http m=GET p=/assets/OrgSettingsPanel-D9VVCokd.css s=200 d=33µs s=488
INF http m=GET p=/assets/OrgSettingsPanel-9P66Q2ps.js s=200 d=463µs s=2333
INF http m=GET p=/assets/OAuthIcons-csRRTXki.js s=200 d=44µs s=951
INF http m=GET p=/assets/InviteForm-DLxm8fu0.css s=200 d=30µs s=394
INF http m=GET p=/assets/InviteForm-CV0yK4I0.js s=200 d=31µs s=1291
INF http m=GET p=/assets/Editor-DfcJ-Jfc.css s=200 d=47µs s=2151
INF http m=GET p=/assets/Editor-BCbjs9IY.js s=200 d=80µs s=13602
INF http m=GET p=/assets/Auth-8NWYUGup.js s=200 d=32µs s=1677
INF http m=GET p=/assets/Auth-6SolzSg2.css s=200 d=27µs s=633
INF http m=GET p=/assets/AdminDashboard-DpHjrDyw.js s=200 d=36µs s=2142
INF http m=GET p=/assets/AdminDashboard-CjPbo26j.css s=200 d=27µs s=584
INF http m=GET p=/manifest.webmanifest s=200 d=33µs s=199
INF http m=POST p=/api/v1/organizations/40O5LJI68000/workspaces s=200 d=480ms s=298
INF http m=POST p=/api/v1/auth/switch-workspace s=200 d=41.1ms s=582
INF http m=POST p=/api/v1/auth/register s=200 d=143ms s=391
INF http m=GET p=/ s=200 d=63µs s=541
INF http m=GET p=/api/v1/notifications/unread-count s=200 d=214µs s=25
INF http m=GET p=/api/v1/workspaces/40O5LK0R6000/members s=200 d=8.63ms s=132
INF http m=GET p=/api/v1/workspaces/40O5LK0R6000/nodes/0/children s=200 d=10.4ms s=26
INF http m=GET p=/registerSW.js s=200 d=53µs s=87
INF http m=GET p=/assets/index-Bi-AgGrc.css s=200 d=356µs s=11684
INF http m=GET p=/assets/vendor-CnrH3R4r.js s=200 d=114µs s=28803
INF http m=GET p=/assets/editor-vendor-VZT4IkOY.js s=200 d=423µs s=92428
INF http m=GET p=/assets/index-Dlg_ygoF.js s=200 d=1.07ms s=45483
INF http m=POST p=/api/v1/workspaces/40O5LK0R6000/nodes/0/page/create s=200 d=40.3ms s=35
INF http m=GET p=/api/v1/workspaces/40O5LK0R6000/nodes/0/children s=200 d=293µs s=257
INF http m=GET p=/api/v1/workspaces/40O5LK0R6000/nodes/40O5LNK68000 s=200 d=817µs s=245
INF http m=GET p=/assets/en-BIK_e_4K.js s=200 d=498µs s=5251
INF http m=GET p=/api/v1/auth/me s=200 d=1.86ms s=166
INF http m=GET p=/favicon.png s=200 d=35µs s=449
INF http m=GET p=/sw.js s=200 d=75µs s=5593
INF http m=GET p=/assets/Onboarding-DQ2WAJCW.js s=200 d=26µs s=996
INF http m=GET p=/api/v1/notifications/unread-count s=200 d=301µs s=25
INF http m=GET p=/registerSW.js s=200 d=38µs s=87
INF http m=GET p=/index.html s=200 d=65µs s=541
INF http m=GET p=/icon.svg s=200 d=25µs s=195
INF http m=GET p=/icon-512.png s=200 d=118µs s=6498
INF http m=GET p=/icon-192.png s=200 d=122µs s=2468
INF http m=GET p=/favicon.png s=200 d=28µs s=449
INF http m=GET p=/apple-touch-icon.png s=200 d=35µs s=2298
INF http m=GET p=/assets/material-symbols-names-D7AiM4If.js s=200 d=108µs s=15478
INF http m=POST p=/api/v1/organizations s=200 d=54.1ms s=350
INF http m=GET p=/api/v1/auth/me s=200 d=588µs s=250
INF http m=GET p=/assets/fr-B1PqNQ7U.js s=200 d=83µs s=6351
INF http m=GET p=/assets/es-OK4oleHZ.js s=200 d=110µs s=6048
INF http m=GET p=/assets/emoji-groups-El6awxEn.js s=200 d=143µs s=13851
INF http m=GET p=/assets/de-CSEWDUi3.js s=200 d=82µs s=6281
INF http m=GET p=/assets/WorkspaceSettingsPanel-BXpT4LCS.css s=200 d=37µs s=994
INF http m=GET p=/assets/WorkspaceSettingsPanel-BB4UnxOs.js s=200 d=75µs s=4465
INF http m=GET p=/assets/Terms-CDs9SgkA.js s=200 d=51µs s=1013
INF http m=GET p=/assets/ServerSettingsPanel-Co4AQ7oB.css s=200 d=54µs s=576
INF http m=GET p=/assets/ServerSettingsPanel-CUtQeHs8.js s=200 d=58µs s=2551
INF http m=GET p=/assets/ResourceQuotaForm-CBiYRbX4.js s=200 d=32µs s=832
INF http m=GET p=/assets/ResourceQuotaForm-BFoPj33M.css s=200 d=27µs s=297
INF http m=GET p=/assets/ProfileSettings-DF5AVI35.js s=200 d=67µs s=4393
INF http m=GET p=/assets/ProfileSettings-CX-HDEdu.css s=200 d=38µs s=1177
INF http m=GET p=/assets/Privacy-cCrfp6_1.css s=200 d=27µs s=314
INF http m=GET p=/assets/Privacy-CgsgvqEr.js s=200 d=42µs s=904
INF http m=GET p=/assets/OrgSettingsPanel-D9VVCokd.css s=200 d=27µs s=488
INF http m=GET p=/assets/OrgSettingsPanel-9P66Q2ps.js s=200 d=47µs s=2333
INF http m=GET p=/assets/OAuthIcons-csRRTXki.js s=200 d=47µs s=951
INF http m=GET p=/assets/InviteForm-DLxm8fu0.css s=200 d=36µs s=394
INF http m=GET p=/assets/InviteForm-CV0yK4I0.js s=200 d=35µs s=1291
INF http m=GET p=/assets/Editor-DfcJ-Jfc.css s=200 d=40µs s=2151
INF http m=GET p=/assets/Editor-BCbjs9IY.js s=200 d=1.64ms s=13602
INF http m=GET p=/assets/Auth-8NWYUGup.js s=200 d=32µs s=1677
INF http m=GET p=/assets/Auth-6SolzSg2.css s=200 d=24µs s=633
INF http m=GET p=/assets/AdminDashboard-DpHjrDyw.js s=200 d=30µs s=2142
INF http m=GET p=/assets/AdminDashboard-CjPbo26j.css s=200 d=25µs s=584
INF http m=GET p=/manifest.webmanifest s=200 d=26µs s=199
INF http m=POST p=/api/v1/organizations/40O5LOCGM000/workspaces s=200 d=301ms s=299
INF http m=POST p=/api/v1/workspaces/40O5LK0R6000/nodes/0/page/create s=200 d=240ms s=26
INF http m=GET p=/w/@40O5LK0R6000+workspace/@40O5LNK68000+welcome s=200 d=41µs s=541
INF http m=GET p=/api/v1/workspaces/40O5LK0R6000/events s=200 d=515ms s=238
INF http m=POST p=/api/v1/auth/switch-workspace s=200 d=47.7ms s=606
INF http m=GET p=/api/v1/auth/me s=200 d=458µs s=352
INF http m=GET p=/api/v1/notifications/unread-count s=200 d=555µs s=25
INF http m=GET p=/api/v1/workspaces/40O5LOOO6000/nodes/0/children s=200 d=864µs s=26
INF http m=GET p=/api/v1/workspaces/40O5LOOO6000/members s=200 d=521µs s=126
INF http m=GET p=/api/v1/notifications/unread-count s=200 d=178µs s=25
INF http m=GET p=/api/v1/workspaces/40O5LK0R6000/members s=200 d=182µs s=132
INF http m=GET p=/api/v1/workspaces/40O5LK0R6000/nodes/0/children s=200 d=1.28ms s=247
INF http m=GET p=/api/v1/workspaces/40O5LK0R6000/nodes/40O5LNK68000 s=200 d=866µs s=245
INF http m=POST p=/api/v1/workspaces/40O5LOOO6000/nodes/0/page/create s=200 d=42.1ms s=35
INF http m=GET p=/api/v1/workspaces/40O5LOOO6000/nodes/0/children s=200 d=307µs s=257
INF http m=GET p=/api/v1/workspaces/40O5LOOO6000/nodes/40O5LR1S4000 s=200 d=242µs s=245
INF http m=GET p=/api/v1/workspaces/40O5LK0R6000/nodes/40O5LP5O0000 s=200 d=337µs s=135
INF http m=POST p=/api/v1/workspaces/40O5LOOO6000/nodes/0/page/create s=200 d=20.6ms s=26
INF http m=POST p=/api/v1/workspaces/40O5LOOO6000/nodes/0/page/create s=200 d=18.2ms s=26
INF http m=GET p=/w/@40O5LOOO6000+workspace/@40O5LR1S4000+welcome s=200 d=50µs s=541
INF http m=GET p=/api/v1/workspaces/40O5LOOO6000/events s=200 d=497ms s=249
INF http m=GET p=/api/v1/workspaces/40O5LK0R6000/nodes/40O5LP5O0000/page s=200 d=242µs s=127
INF http m=GET p=/api/v1/auth/me s=200 d=781µs s=350
INF http m=GET p=/api/v1/notifications/unread-count s=200 d=230µs s=25
INF http m=GET p=/api/v1/workspaces/40O5LOOO6000/nodes/0/children s=200 d=863µs s=257
INF http m=GET p=/api/v1/workspaces/40O5LOOO6000/members s=200 d=1.73ms s=126
INF http m=GET p=/api/v1/workspaces/40O5LOOO6000/nodes/40O5LR1S4000 s=200 d=6.23ms s=245
INF http m=GET p=/api/v1/workspaces/40O5LK0R6000/nodes/40O5LP5O0000/page s=200 d=250µs s=127
INF http m=GET p=/api/v1/workspaces/40O5LOOO6000/nodes/40O5LTND8000 s=200 d=400µs s=124
INF http m=GET p=/api/v1/workspaces/40O5LK0R6000/nodes/40O5LP5O0000/page s=200 d=231µs s=127
INF http m=GET p=/api/v1/workspaces/40O5LOOO6000/nodes/40O5LTS50000 s=200 d=366µs s=124
INF http m=GET p=/api/v1/workspaces/40O5LOOO6000/events s=200 d=616ms s=93
INF http m=GET p=/api/v1/nonexistent/route s=404 d=84µs s=14
INF http m=GET p=/ s=200 d=65µs s=541
INF http m=GET p=/registerSW.js s=200 d=63µs s=87
INF http m=GET p=/assets/editor-vendor-VZT4IkOY.js s=200 d=166µs s=92428
INF http m=GET p=/assets/index-Dlg_ygoF.js s=200 d=113µs s=45483
INF http m=GET p=/assets/vendor-CnrH3R4r.js s=200 d=125µs s=28803
INF http m=GET p=/assets/index-Bi-AgGrc.css s=200 d=91µs s=11684
INF http m=GET p=/api/v1/workspaces/40O5LK0R6000/nodes/40O5LP5O0000/page s=200 d=300µs s=127
INF http m=GET p=/assets/en-BIK_e_4K.js s=200 d=100µs s=5251
INF http m=GET p=/assets/OAuthIcons-csRRTXki.js s=200 d=33µs s=951
INF http m=GET p=/assets/Auth-8NWYUGup.js s=200 d=22µs s=1677
INF http m=GET p=/assets/Auth-6SolzSg2.css s=200 d=20µs s=633
INF http m=GET p=/api/v1/auth/providers s=200 d=208µs s=59
INF http m=GET p=/favicon.png s=200 d=40µs s=449
INF http m=GET p=/sw.js s=200 d=88µs s=5593
INF http m=GET p=/registerSW.js s=200 d=39µs s=87
INF http m=GET p=/index.html s=200 d=46µs s=541
INF http m=GET p=/icon.svg s=200 d=41µs s=195
INF http m=GET p=/api/v1/auth/providers s=200 d=69µs s=50
INF http m=GET p=/ s=200 d=62µs s=541
INF http m=GET p=/assets/index-Dlg_ygoF.js s=200 d=148µs s=45483
INF http m=GET p=/assets/index-Bi-AgGrc.css s=200 d=114µs s=11684
INF http m=GET p=/assets/vendor-CnrH3R4r.js s=200 d=153µs s=28803
INF http m=GET p=/assets/editor-vendor-VZT4IkOY.js s=200 d=217µs s=92428
INF http m=GET p=/registerSW.js s=200 d=36µs s=87
INF http m=GET p=/assets/en-BIK_e_4K.js s=200 d=850µs s=5251
INF http m=GET p=/assets/Auth-6SolzSg2.css s=200 d=27µs s=633
INF http m=GET p=/assets/Auth-8NWYUGup.js s=200 d=30µs s=1677
INF http m=GET p=/assets/OAuthIcons-csRRTXki.js s=200 d=25µs s=951
INF http m=GET p=/api/v1/auth/providers s=200 d=364µs s=59
INF http m=GET p=/favicon.png s=200 d=37µs s=449
INF http m=GET p=/sw.js s=200 d=91µs s=5593
INF http m=GET p=/registerSW.js s=200 d=43µs s=87
INF http m=GET p=/index.html s=200 d=44µs s=541
INF http m=GET p=/sw.js s=200 d=125µs s=5593
INF http m=GET p=/ s=200 d=58µs s=541
INF http m=GET p=/assets/index-Dlg_ygoF.js s=200 d=171µs s=45483
INF http m=GET p=/assets/index-Bi-AgGrc.css s=200 d=149µs s=11684
INF http m=GET p=/assets/vendor-CnrH3R4r.js s=200 d=145µs s=28803
INF http m=GET p=/assets/editor-vendor-VZT4IkOY.js s=200 d=169µs s=92428
INF http m=GET p=/registerSW.js s=200 d=32µs s=87
INF http m=GET p=/assets/en-BIK_e_4K.js s=200 d=141µs s=5251
INF http m=GET p=/assets/Auth-8NWYUGup.js s=200 d=39µs s=1677
INF http m=GET p=/assets/OAuthIcons-csRRTXki.js s=200 d=25µs s=951
INF http m=GET p=/assets/Auth-6SolzSg2.css s=200 d=26µs s=633
INF http m=GET p=/api/v1/auth/providers s=200 d=388µs s=59
INF http m=GET p=/favicon.png s=200 d=33µs s=449
INF http m=GET p=/sw.js s=200 d=80µs s=5593
INF http m=GET p=/registerSW.js s=200 d=48µs s=87
INF http m=GET p=/index.html s=200 d=51µs s=541
INF http m=GET p=/icon.svg s=200 d=40µs s=195
INF http m=GET p=/icon-512.png s=200 d=84µs s=6498
INF http m=GET p=/icon-192.png s=200 d=35µs s=2468
INF http m=GET p=/favicon.png s=200 d=46µs s=449
INF http m=GET p=/apple-touch-icon.png s=200 d=60µs s=2298
INF TEST_OAUTH: bypassing real OAuth, using fake account provider=microsoft
INF http m=GET p=/assets/material-symbols-names-D7AiM4If.js s=200 d=135µs s=15478
INF http m=GET p=/assets/fr-B1PqNQ7U.js s=200 d=87µs s=6351
INF http m=GET p=/assets/es-OK4oleHZ.js s=200 d=74µs s=6048
INF http m=GET p=/assets/emoji-groups-El6awxEn.js s=200 d=106µs s=13851
INF http m=GET p=/assets/de-CSEWDUi3.js s=200 d=94µs s=6281
INF http m=GET p=/assets/WorkspaceSettingsPanel-BXpT4LCS.css s=200 d=39µs s=994
INF http m=GET p=/assets/WorkspaceSettingsPanel-BB4UnxOs.js s=200 d=68µs s=4465
INF http m=GET p=/api/v1/workspaces/40O5LK0R6000/nodes/40O5LP5O0000/page s=200 d=213µs s=127
INF OAuth: login successful, redirecting with token userID=40O5M9DFO000 email=test-microsoft@example.com
INF http m=GET p=/api/v1/auth/oauth/microsoft s=302 d=144ms s=279
INF http m=GET p=/assets/Terms-CDs9SgkA.js s=200 d=32µs s=1013
INF http m=GET p=/ s=200 d=34µs s=541
INF http m=GET p=/registerSW.js s=200 d=37µs s=87
INF http m=GET p=/assets/ServerSettingsPanel-Co4AQ7oB.css s=200 d=29µs s=576
INF http m=GET p=/assets/ServerSettingsPanel-CUtQeHs8.js s=200 d=60µs s=2551
INF http m=GET p=/assets/ResourceQuotaForm-CBiYRbX4.js s=200 d=56µs s=832
INF http m=GET p=/api/v1/auth/me s=200 d=568µs s=234
INF http m=GET p=/assets/ResourceQuotaForm-BFoPj33M.css s=200 d=42µs s=297
INF http m=GET p=/assets/ProfileSettings-DF5AVI35.js s=200 d=78µs s=4393
INF http m=GET p=/assets/ProfileSettings-CX-HDEdu.css s=200 d=46µs s=1177
INF http m=GET p=/assets/Privacy-cCrfp6_1.css s=200 d=33µs s=314
INF http m=GET p=/assets/Onboarding-DQ2WAJCW.js s=200 d=28µs s=996
INF http m=GET p=/assets/Privacy-CgsgvqEr.js s=200 d=30µs s=904
INF http m=GET p=/api/v1/notifications/unread-count s=200 d=247µs s=25
INF http m=GET p=/assets/OrgSettingsPanel-D9VVCokd.css s=200 d=34µs s=488
INF http m=GET p=/assets/OrgSettingsPanel-9P66Q2ps.js s=200 d=55µs s=2333
INF http m=GET p=/assets/InviteForm-DLxm8fu0.css s=200 d=53µs s=394
INF http m=GET p=/assets/InviteForm-CV0yK4I0.js s=200 d=45µs s=1291
INF http m=GET p=/assets/Editor-DfcJ-Jfc.css s=200 d=42µs s=2151
INF http m=GET p=/assets/Editor-BCbjs9IY.js s=200 d=109µs s=13602
INF http m=POST p=/api/v1/organizations s=200 d=81.2ms s=347
INF http m=GET p=/api/v1/auth/me s=200 d=640µs s=315
INF http m=GET p=/assets/AdminDashboard-DpHjrDyw.js s=200 d=35µs s=2142
INF http m=POST p=/api/v1/workspaces/40O5LK0R6000/nodes/40O5LP5O0000/page s=200 d=44.2ms s=35
INF http m=GET p=/assets/AdminDashboard-CjPbo26j.css s=200 d=52µs s=584
INF http m=GET p=/manifest.webmanifest s=200 d=27µs s=199
INF http m=POST p=/api/v1/organizations/40O5MA8I6000/workspaces s=200 d=256ms s=297
INF http m=POST p=/api/v1/auth/switch-workspace s=200 d=31.3ms s=623
INF http m=GET p=/api/v1/notifications/unread-count s=200 d=249µs s=25
INF http m=GET p=/api/v1/workspaces/40O5MAPRQ000/members s=200 d=901µs s=115
INF http m=GET p=/api/v1/workspaces/40O5MAPRQ000/nodes/0/children s=200 d=1.42ms s=26
INF http m=POST p=/api/v1/workspaces/40O5MAPRQ000/nodes/0/page/create s=200 d=17.7ms s=35
INF http m=GET p=/api/v1/workspaces/40O5MAPRQ000/nodes/0/children s=200 d=249µs s=257
INF http m=GET p=/api/v1/workspaces/40O5MAPRQ000/nodes/40O5MCM1G000 s=200 d=1.09ms s=245
INF http m=GET p=/api/v1/workspaces/40O5MAPRQ000/events s=200 d=477ms s=207
INF http m=GET p=/api/v1/workspaces/40O5LK0R6000/nodes/40O5LP5O0000/page s=200 d=281µs s=125
INF http m=GET p=/api/v1/workspaces/40O5LK0R6000/events s=200 d=3.42s s=207
INF http m=GET p=/ s=200 d=75µs s=541
INF http m=GET p=/assets/index-Dlg_ygoF.js s=200 d=183µs s=45483
INF http m=GET p=/assets/editor-vendor-VZT4IkOY.js s=200 d=190µs s=92428
INF http m=GET p=/assets/vendor-CnrH3R4r.js s=200 d=123µs s=28803
INF http m=GET p=/assets/index-Bi-AgGrc.css s=200 d=97µs s=11684
INF http m=GET p=/registerSW.js s=200 d=58µs s=87
INF http m=GET p=/assets/en-BIK_e_4K.js s=200 d=88µs s=5251
INF http m=GET p=/assets/Auth-6SolzSg2.css s=200 d=27µs s=633
INF http m=GET p=/assets/OAuthIcons-csRRTXki.js s=200 d=23µs s=951
INF http m=GET p=/assets/Auth-8NWYUGup.js s=200 d=29µs s=1677
INF http m=GET p=/ s=200 d=44µs s=541
INF http m=GET p=/api/v1/auth/providers s=200 d=134µs s=59
INF http m=GET p=/favicon.png s=200 d=37µs s=449
INF http m=GET p=/assets/editor-vendor-VZT4IkOY.js s=200 d=204µs s=92428
INF http m=GET p=/assets/vendor-CnrH3R4r.js s=200 d=132µs s=28803
INF http m=GET p=/assets/index-Bi-AgGrc.css s=200 d=131µs s=11684
INF http m=GET p=/assets/index-Dlg_ygoF.js s=200 d=153µs s=45483
INF http m=GET p=/registerSW.js s=200 d=30µs s=87
INF http m=GET p=/sw.js s=200 d=91µs s=5593
INF http m=GET p=/registerSW.js s=200 d=45µs s=87
INF http m=GET p=/index.html s=200 d=46µs s=541
INF http m=GET p=/icon.svg s=200 d=43µs s=195
INF http m=GET p=/icon-512.png s=200 d=81µs s=6498
INF http m=GET p=/icon-192.png s=200 d=57µs s=2468
INF http m=GET p=/favicon.png s=200 d=37µs s=449
INF TEST_OAUTH: bypassing real OAuth, using fake account provider=google
INF http m=GET p=/apple-touch-icon.png s=200 d=53µs s=2298
INF http m=GET p=/api/v1/auth/me s=401 d=139µs s=27
INF http m=GET p=/assets/en-BIK_e_4K.js s=200 d=71µs s=5251
INF http m=GET p=/assets/material-symbols-names-D7AiM4If.js s=200 d=105µs s=15478
INF http m=POST p=/api/v1/auth/logout s=401 d=147µs s=27
INF http m=GET p=/assets/Auth-8NWYUGup.js s=200 d=51µs s=1677
INF http m=GET p=/assets/OAuthIcons-csRRTXki.js s=200 d=27µs s=951
INF http m=GET p=/assets/Auth-6SolzSg2.css s=200 d=35µs s=633
INF http m=GET p=/sw.js s=200 d=74µs s=5593
INF http m=GET p=/assets/fr-B1PqNQ7U.js s=200 d=70µs s=6351
INF http m=GET p=/favicon.png s=200 d=23µs s=449
INF http m=GET p=/assets/es-OK4oleHZ.js s=200 d=60µs s=6048
INF http m=GET p=/assets/emoji-groups-El6awxEn.js s=200 d=109µs s=13851
INF http m=GET p=/api/v1/auth/providers s=200 d=177µs s=59
INF http m=GET p=/registerSW.js s=200 d=39µs s=87
INF http m=GET p=/assets/de-CSEWDUi3.js s=200 d=89µs s=6281
INF http m=GET p=/index.html s=200 d=46µs s=541
INF http m=GET p=/assets/WorkspaceSettingsPanel-BXpT4LCS.css s=200 d=38µs s=994
INF http m=GET p=/icon.svg s=200 d=31µs s=195
INF http m=GET p=/assets/WorkspaceSettingsPanel-BB4UnxOs.js s=200 d=78µs s=4465
INF http m=GET p=/assets/Terms-CDs9SgkA.js s=200 d=39µs s=1013
INF http m=GET p=/assets/ServerSettingsPanel-Co4AQ7oB.css s=200 d=37µs s=576
INF http m=GET p=/icon-512.png s=200 d=68µs s=6498
INF http m=GET p=/assets/ServerSettingsPanel-CUtQeHs8.js s=200 d=48µs s=2551
INF http m=GET p=/icon-192.png s=200 d=43µs s=2468
INF http m=GET p=/favicon.png s=200 d=44µs s=449
INF http m=GET p=/assets/ResourceQuotaForm-CBiYRbX4.js s=200 d=33µs s=832
INF http m=GET p=/assets/ResourceQuotaForm-BFoPj33M.css s=200 d=29µs s=297
INF http m=GET p=/apple-touch-icon.png s=200 d=41µs s=2298
INF http m=GET p=/assets/ProfileSettings-DF5AVI35.js s=200 d=106µs s=4393
INF http m=GET p=/assets/ProfileSettings-CX-HDEdu.css s=200 d=38µs s=1177
INF http m=GET p=/assets/Privacy-cCrfp6_1.css s=200 d=38µs s=314
INF http m=GET p=/assets/Privacy-CgsgvqEr.js s=200 d=36µs s=904
INF http m=GET p=/assets/material-symbols-names-D7AiM4If.js s=200 d=91µs s=15478
INF http m=GET p=/assets/OrgSettingsPanel-D9VVCokd.css s=200 d=36µs s=488
INF http m=GET p=/assets/OrgSettingsPanel-9P66Q2ps.js s=200 d=50µs s=2333
INF OAuth: login successful, redirecting with token userID=40O5MJLBO000 email=test-google@example.com
INF http m=GET p=/api/v1/auth/oauth/google s=302 d=284ms s=275
INF http m=GET p=/ s=200 d=31µs s=541
INF http m=GET p=/assets/Onboarding-DQ2WAJCW.js s=200 d=40µs s=996
INF http m=GET p=/registerSW.js s=200 d=39µs s=87
INF http m=GET p=/assets/fr-B1PqNQ7U.js s=200 d=93µs s=6351
INF http m=GET p=/assets/InviteForm-DLxm8fu0.css s=200 d=53µs s=394
INF http m=GET p=/api/v1/auth/me s=200 d=551µs s=228
INF http m=GET p=/assets/InviteForm-CV0yK4I0.js s=200 d=49µs s=1291
INF http m=GET p=/assets/Editor-DfcJ-Jfc.css s=200 d=72µs s=2151
INF http m=GET p=/assets/Editor-BCbjs9IY.js s=200 d=95µs s=13602
INF http m=GET p=/assets/AdminDashboard-DpHjrDyw.js s=200 d=73µs s=2142
INF http m=GET p=/api/v1/notifications/unread-count s=200 d=287µs s=25
INF http m=GET p=/assets/AdminDashboard-CjPbo26j.css s=200 d=39µs s=584
INF http m=GET p=/manifest.webmanifest s=200 d=56µs s=199
INF http m=POST p=/api/v1/organizations s=200 d=87.4ms s=357
INF http m=GET p=/api/v1/auth/me s=200 d=737µs s=311
INF http m=POST p=/api/v1/organizations/40O5MLATG000/workspaces s=200 d=432ms s=298
INF http m=POST p=/api/v1/auth/register s=200 d=417ms s=394
INF http m=GET p=/ s=200 d=70µs s=541
INF http m=GET p=/assets/index-Dlg_ygoF.js s=200 d=159µs s=45483
INF http m=GET p=/assets/index-Bi-AgGrc.css s=200 d=100µs s=11684
INF http m=GET p=/assets/vendor-CnrH3R4r.js s=200 d=131µs s=28803
INF http m=GET p=/assets/editor-vendor-VZT4IkOY.js s=200 d=193µs s=92428
INF http m=GET p=/registerSW.js s=200 d=143µs s=87
INF http m=POST p=/api/v1/auth/switch-workspace s=200 d=53.4ms s=622
INF http m=GET p=/api/v1/notifications/unread-count s=200 d=1.32ms s=25
INF http m=GET p=/api/v1/workspaces/40O5MLU78000/nodes/0/children s=200 d=638µs s=26
INF http m=GET p=/api/v1/workspaces/40O5MLU78000/members s=200 d=525µs s=109
INF http m=GET p=/assets/en-BIK_e_4K.js s=200 d=114µs s=5251
INF http m=GET p=/api/v1/auth/me s=200 d=396µs s=169
INF http m=GET p=/assets/Onboarding-DQ2WAJCW.js s=200 d=43µs s=996
INF http m=GET p=/api/v1/notifications/unread-count s=200 d=194µs s=25
INF http m=POST p=/api/v1/workspaces/40O5MLU78000/nodes/0/page/create s=200 d=40.8ms s=35
INF http m=GET p=/favicon.png s=200 d=30µs s=449
INF http m=GET p=/api/v1/workspaces/40O5MLU78000/nodes/0/children s=200 d=291µs s=257
INF http m=GET p=/api/v1/workspaces/40O5MLU78000/nodes/40O5MP2S4000 s=200 d=267µs s=245
INF http m=GET p=/sw.js s=200 d=86µs s=5593
INF http m=GET p=/registerSW.js s=200 d=42µs s=87
INF http m=GET p=/index.html s=200 d=36µs s=541
INF http m=GET p=/icon.svg s=200 d=26µs s=195
INF http m=POST p=/api/v1/organizations s=200 d=64.6ms s=355
INF http m=GET p=/icon-512.png s=200 d=93µs s=6498
INF http m=GET p=/api/v1/auth/me s=200 d=246µs s=254
INF http m=GET p=/icon-192.png s=200 d=36µs s=2468
INF http m=GET p=/favicon.png s=200 d=23µs s=449
INF http m=GET p=/apple-touch-icon.png s=200 d=32µs s=2298
INF http m=GET p=/assets/material-symbols-names-D7AiM4If.js s=200 d=600µs s=15478
INF http m=GET p=/assets/fr-B1PqNQ7U.js s=200 d=81µs s=6351
INF http m=GET p=/assets/es-OK4oleHZ.js s=200 d=49µs s=6048
INF http m=GET p=/assets/emoji-groups-El6awxEn.js s=200 d=83µs s=13851
INF http m=GET p=/assets/de-CSEWDUi3.js s=200 d=95µs s=6281
INF http m=GET p=/assets/WorkspaceSettingsPanel-BXpT4LCS.css s=200 d=32µs s=994
INF http m=GET p=/assets/WorkspaceSettingsPanel-BB4UnxOs.js s=200 d=62µs s=4465
INF http m=GET p=/assets/Terms-CDs9SgkA.js s=200 d=23µs s=1013
INF http m=GET p=/assets/ServerSettingsPanel-Co4AQ7oB.css s=200 d=74µs s=576
INF http m=GET p=/assets/ServerSettingsPanel-CUtQeHs8.js s=200 d=29µs s=2551
INF http m=GET p=/assets/ResourceQuotaForm-CBiYRbX4.js s=200 d=24µs s=832
INF http m=GET p=/assets/ResourceQuotaForm-BFoPj33M.css s=200 d=27µs s=297
INF http m=GET p=/assets/ProfileSettings-DF5AVI35.js s=200 d=70µs s=4393
INF http m=GET p=/assets/ProfileSettings-CX-HDEdu.css s=200 d=30µs s=1177
INF http m=GET p=/assets/Privacy-cCrfp6_1.css s=200 d=26µs s=314
INF http m=GET p=/assets/Privacy-CgsgvqEr.js s=200 d=23µs s=904
INF http m=GET p=/assets/OrgSettingsPanel-D9VVCokd.css s=200 d=22µs s=488
INF http m=GET p=/assets/OrgSettingsPanel-9P66Q2ps.js s=200 d=38µs s=2333
INF http m=GET p=/assets/OAuthIcons-csRRTXki.js s=200 d=23µs s=951
INF http m=GET p=/assets/InviteForm-DLxm8fu0.css s=200 d=31µs s=394
INF http m=GET p=/assets/InviteForm-CV0yK4I0.js s=200 d=29µs s=1291
INF http m=GET p=/assets/Editor-DfcJ-Jfc.css s=200 d=155µs s=2151
INF http m=GET p=/assets/Editor-BCbjs9IY.js s=200 d=119µs s=13602
INF http m=GET p=/assets/Auth-8NWYUGup.js s=200 d=31µs s=1677
INF http m=GET p=/assets/Auth-6SolzSg2.css s=200 d=24µs s=633
INF http m=GET p=/assets/AdminDashboard-DpHjrDyw.js s=200 d=33µs s=2142
INF http m=GET p=/assets/AdminDashboard-CjPbo26j.css s=200 d=27µs s=584
INF http m=GET p=/manifest.webmanifest s=200 d=29µs s=199
INF http m=GET p=/api/v1/workspaces/40O5MLU78000/events s=200 d=290ms s=206
INF http m=POST p=/api/v1/organizations/40O5MPCMG000/workspaces s=200 d=407ms s=303
INF http m=POST p=/api/v1/auth/switch-workspace s=200 d=50.3ms s=608
INF http m=GET p=/api/v1/workspaces/40O5MPQJ8000/nodes/0/children s=200 d=1.01ms s=26
INF http m=GET p=/api/v1/notifications/unread-count s=200 d=144µs s=25
INF http m=GET p=/api/v1/workspaces/40O5MPQJ8000/members s=200 d=357µs s=126
INF http m=POST p=/api/v1/auth/register s=200 d=189ms s=401
INF http m=GET p=/ s=200 d=60µs s=541
INF http m=POST p=/api/v1/workspaces/40O5MPQJ8000/nodes/0/page/create s=200 d=36ms s=35
INF http m=GET p=/api/v1/workspaces/40O5MPQJ8000/nodes/0/children s=200 d=308µs s=257
INF http m=GET p=/api/v1/workspaces/40O5MPQJ8000/nodes/40O5MT080000 s=200 d=297µs s=245
INF http m=GET p=/registerSW.js s=200 d=46µs s=87
INF http m=GET p=/assets/editor-vendor-VZT4IkOY.js s=200 d=155µs s=92428
INF http m=GET p=/assets/vendor-CnrH3R4r.js s=200 d=126µs s=28803
INF http m=GET p=/assets/index-Bi-AgGrc.css s=200 d=145µs s=11684
INF http m=GET p=/assets/index-Dlg_ygoF.js s=200 d=696µs s=45483
INF http m=GET p=/api/v1/auth/me s=200 d=263µs s=166
INF http m=GET p=/assets/en-BIK_e_4K.js s=200 d=72µs s=5251
INF http m=GET p=/assets/Onboarding-DQ2WAJCW.js s=200 d=41µs s=996
INF http m=GET p=/api/v1/notifications/unread-count s=200 d=327µs s=25
INF http m=GET p=/favicon.png s=200 d=44µs s=449
INF http m=GET p=/sw.js s=200 d=72µs s=5593
INF http m=GET p=/registerSW.js s=200 d=38µs s=87
INF http m=GET p=/index.html s=200 d=47µs s=541
INF http m=GET p=/icon.svg s=200 d=47µs s=195
INF http m=GET p=/icon-512.png s=200 d=66µs s=6498
INF http m=POST p=/api/v1/organizations s=200 d=61.8ms s=350
INF http m=GET p=/api/v1/auth/me s=200 d=2.3ms s=249
INF http m=GET p=/icon-192.png s=200 d=43µs s=2468
INF http m=GET p=/favicon.png s=200 d=33µs s=449
INF http m=GET p=/apple-touch-icon.png s=200 d=50µs s=2298
INF http m=GET p=/assets/material-symbols-names-D7AiM4If.js s=200 d=101µs s=15478
INF http m=GET p=/assets/fr-B1PqNQ7U.js s=200 d=1.94ms s=6351
INF http m=GET p=/assets/es-OK4oleHZ.js s=200 d=97µs s=6048
INF http m=GET p=/assets/emoji-groups-El6awxEn.js s=200 d=107µs s=13851
INF http m=GET p=/api/v1/workspaces/40O5MPQJ8000/events s=200 d=395ms s=201
INF http m=GET p=/assets/de-CSEWDUi3.js s=200 d=91µs s=6281
INF http m=GET p=/assets/WorkspaceSettingsPanel-BXpT4LCS.css s=200 d=40µs s=994
INF http m=GET p=/assets/WorkspaceSettingsPanel-BB4UnxOs.js s=200 d=106µs s=4465
INF http m=GET p=/assets/Terms-CDs9SgkA.js s=200 d=36µs s=1013
INF http m=GET p=/assets/ServerSettingsPanel-Co4AQ7oB.css s=200 d=32µs s=576
INF http m=GET p=/assets/ServerSettingsPanel-CUtQeHs8.js s=200 d=45µs s=2551
INF http m=GET p=/assets/ResourceQuotaForm-CBiYRbX4.js s=200 d=30µs s=832
INF http m=GET p=/assets/ResourceQuotaForm-BFoPj33M.css s=200 d=27µs s=297
INF http m=GET p=/assets/ProfileSettings-DF5AVI35.js s=200 d=62µs s=4393
INF http m=GET p=/assets/ProfileSettings-CX-HDEdu.css s=200 d=59µs s=1177
INF http m=GET p=/assets/Privacy-cCrfp6_1.css s=200 d=29µs s=314
INF http m=GET p=/assets/Privacy-CgsgvqEr.js s=200 d=50µs s=904
INF http m=GET p=/assets/OrgSettingsPanel-D9VVCokd.css s=200 d=27µs s=488
INF http m=GET p=/assets/OrgSettingsPanel-9P66Q2ps.js s=200 d=42µs s=2333
INF http m=GET p=/assets/OAuthIcons-csRRTXki.js s=200 d=44µs s=951
INF http m=GET p=/assets/InviteForm-DLxm8fu0.css s=200 d=50µs s=394
INF http m=GET p=/assets/InviteForm-CV0yK4I0.js s=200 d=50µs s=1291
INF http m=GET p=/assets/Editor-DfcJ-Jfc.css s=200 d=53µs s=2151
INF http m=GET p=/assets/Editor-BCbjs9IY.js s=200 d=92µs s=13602
INF http m=GET p=/assets/Auth-8NWYUGup.js s=200 d=45µs s=1677
INF http m=GET p=/assets/Auth-6SolzSg2.css s=200 d=37µs s=633
INF http m=GET p=/assets/AdminDashboard-DpHjrDyw.js s=200 d=69µs s=2142
INF http m=GET p=/assets/AdminDashboard-CjPbo26j.css s=200 d=71µs s=584
INF http m=GET p=/manifest.webmanifest s=200 d=39µs s=199
INF http m=POST p=/api/v1/organizations/40O5MU53G000/workspaces s=200 d=525ms s=298
INF http m=POST p=/api/v1/auth/register s=200 d=219ms s=397
INF http m=GET p=/ s=200 d=58µs s=541
INF http m=GET p=/assets/index-Bi-AgGrc.css s=200 d=120µs s=11684
INF http m=GET p=/assets/index-Dlg_ygoF.js s=200 d=133µs s=45483
INF http m=GET p=/assets/vendor-CnrH3R4r.js s=200 d=135µs s=28803
INF http m=GET p=/registerSW.js s=200 d=31µs s=87
INF http m=GET p=/assets/editor-vendor-VZT4IkOY.js s=200 d=127µs s=92428
INF http m=POST p=/api/v1/auth/switch-workspace s=200 d=59.7ms s=572
INF http m=GET p=/api/v1/notifications/unread-count s=200 d=191µs s=25
INF http m=GET p=/api/v1/workspaces/40O5MUIQU000/members s=200 d=400µs s=128
INF http m=GET p=/api/v1/workspaces/40O5MUIQU000/nodes/0/children s=200 d=661µs s=26
INF http m=POST p=/api/v1/workspaces/40O5MUIQU000/nodes/0/page/create s=200 d=32.1ms s=35
INF http m=GET p=/api/v1/workspaces/40O5MUIQU000/nodes/0/children s=200 d=309µs s=257
INF http m=GET p=/assets/en-BIK_e_4K.js s=200 d=105µs s=5251
INF http m=GET p=/api/v1/auth/me s=200 d=417µs s=168
INF http m=GET p=/api/v1/workspaces/40O5MUIQU000/nodes/40O5N2I3G000 s=200 d=270µs s=245
INF http m=GET p=/favicon.png s=200 d=46µs s=449
INF http m=GET p=/api/v1/notifications/unread-count s=200 d=176µs s=25
INF http m=GET p=/assets/Onboarding-DQ2WAJCW.js s=200 d=22µs s=996
INF http m=GET p=/sw.js s=200 d=84µs s=5593
INF http m=GET p=/registerSW.js s=200 d=36µs s=87
INF http m=GET p=/index.html s=200 d=39µs s=541
INF http m=GET p=/icon.svg s=200 d=23µs s=195
INF http m=GET p=/icon-512.png s=200 d=493µs s=6498
INF http m=GET p=/icon-192.png s=200 d=31µs s=2468
INF http m=GET p=/favicon.png s=200 d=23µs s=449
INF http m=GET p=/apple-touch-icon.png s=200 d=28µs s=2298
INF http m=GET p=/assets/material-symbols-names-D7AiM4If.js s=200 d=77µs s=15478
INF http m=POST p=/api/v1/organizations s=200 d=49.7ms s=351
INF http m=GET p=/api/v1/auth/me s=200 d=691µs s=250
INF http m=GET p=/assets/fr-B1PqNQ7U.js s=200 d=85µs s=6351
INF http m=GET p=/assets/es-OK4oleHZ.js s=200 d=52µs s=6048
INF http m=GET p=/assets/emoji-groups-El6awxEn.js s=200 d=90µs s=13851
INF http m=GET p=/assets/de-CSEWDUi3.js s=200 d=94µs s=6281
INF http m=GET p=/assets/WorkspaceSettingsPanel-BXpT4LCS.css s=200 d=34µs s=994
INF http m=GET p=/assets/WorkspaceSettingsPanel-BB4UnxOs.js s=200 d=67µs s=4465
INF http m=GET p=/assets/Terms-CDs9SgkA.js s=200 d=23µs s=1013
INF http m=GET p=/assets/ServerSettingsPanel-Co4AQ7oB.css s=200 d=30µs s=576
INF http m=GET p=/assets/ServerSettingsPanel-CUtQeHs8.js s=200 d=60µs s=2551
INF http m=GET p=/assets/ResourceQuotaForm-CBiYRbX4.js s=200 d=25µs s=832
INF http m=GET p=/assets/ResourceQuotaForm-BFoPj33M.css s=200 d=23µs s=297
INF http m=GET p=/assets/ProfileSettings-DF5AVI35.js s=200 d=71µs s=4393
INF http m=GET p=/assets/ProfileSettings-CX-HDEdu.css s=200 d=850µs s=1177
INF http m=GET p=/assets/Privacy-cCrfp6_1.css s=200 d=26µs s=314
INF http m=GET p=/assets/Privacy-CgsgvqEr.js s=200 d=23µs s=904
INF http m=GET p=/assets/OrgSettingsPanel-D9VVCokd.css s=200 d=24µs s=488
INF http m=GET p=/assets/OrgSettingsPanel-9P66Q2ps.js s=200 d=34µs s=2333
INF http m=GET p=/assets/OAuthIcons-csRRTXki.js s=200 d=25µs s=951
INF http m=GET p=/assets/InviteForm-DLxm8fu0.css s=200 d=24µs s=394
INF http m=GET p=/assets/InviteForm-CV0yK4I0.js s=200 d=23µs s=1291
INF http m=GET p=/assets/Editor-DfcJ-Jfc.css s=200 d=32µs s=2151
INF http m=GET p=/assets/Editor-BCbjs9IY.js s=200 d=285µs s=13602
INF http m=GET p=/assets/Auth-8NWYUGup.js s=200 d=31µs s=1677
INF http m=GET p=/assets/Auth-6SolzSg2.css s=200 d=26µs s=633
INF http m=GET p=/assets/AdminDashboard-DpHjrDyw.js s=200 d=33µs s=2142
INF http m=GET p=/assets/AdminDashboard-CjPbo26j.css s=200 d=25µs s=584
INF http m=GET p=/manifest.webmanifest s=200 d=30µs s=199
INF http m=POST p=/api/v1/organizations/40O5N37NI000/workspaces s=200 d=298ms s=302
INF http m=POST p=/api/v1/workspaces/40O5MUIQU000/nodes/0/page/create s=200 d=288ms s=26
INF http m=GET p=/w/@40O5MUIQU000+workspace/@40O5N2I3G000+welcome s=200 d=36µs s=541
INF http m=GET p=/api/v1/workspaces/40O5MUIQU000/events s=200 d=512ms s=237
INF http m=POST p=/api/v1/auth/switch-workspace s=200 d=74.9ms s=566
INF http m=GET p=/api/v1/auth/me s=200 d=261µs s=350
INF http m=GET p=/api/v1/notifications/unread-count s=200 d=295µs s=25
INF http m=GET p=/api/v1/workspaces/40O5N3IMC000/nodes/0/children s=200 d=497µs s=26
INF http m=GET p=/api/v1/workspaces/40O5N3IMC000/members s=200 d=428µs s=130
INF http m=GET p=/api/v1/workspaces/40O5MUIQU000/nodes/0/children s=200 d=439µs s=253
INF http m=GET p=/api/v1/workspaces/40O5MUIQU000/members s=200 d=130µs s=128
INF http m=GET p=/api/v1/workspaces/40O5MUIQU000/nodes/40O5N2I3G000 s=200 d=182µs s=245
INF http m=GET p=/api/v1/notifications/unread-count s=200 d=5.24ms s=25
INF http m=POST p=/api/v1/workspaces/40O5N3IMC000/nodes/0/page/create s=200 d=27.4ms s=35
INF http m=GET p=/api/v1/workspaces/40O5N3IMC000/nodes/0/children s=200 d=255µs s=257
INF http m=GET p=/api/v1/workspaces/40O5N3IMC000/nodes/40O5N64VA000 s=200 d=213µs s=245
INF http m=GET p=/api/v1/workspaces/40O5MUIQU000/nodes/40O5N3QS8000 s=200 d=327µs s=175
INF http m=POST p=/api/v1/workspaces/40O5MUIQU000/nodes/40O5N3QS8000/delete s=200 d=17.3ms s=25
INF http m=GET p=/api/v1/workspaces/40O5MUIQU000/nodes/40O5N2I3G000 s=200 d=389µs s=245
INF http m=POST p=/api/v1/workspaces/40O5N3IMC000/nodes/0/page/create s=200 d=15.9ms s=26
INF http m=GET p=/w/@40O5N3IMC000+workspace/@40O5N64VA000+welcome s=200 d=39µs s=541
INF http m=GET p=/api/v1/workspaces/40O5N3IMC000/events s=200 d=435ms s=227
INF http m=GET p=/api/v1/auth/me s=200 d=884µs s=352
INF http m=GET p=/api/v1/notifications/unread-count s=200 d=211µs s=25
ERR Handler error err="page not found" statusCode=404 code=NOT_FOUND
INF http m=GET p=/api/v1/workspaces/40O5MUIQU000/nodes/40O5N3QS8000/page s=404 d=275µs s=62
INF http m=GET p=/api/v1/workspaces/40O5N3IMC000/nodes/0/children s=200 d=901µs s=244
INF http m=GET p=/api/v1/workspaces/40O5N3IMC000/members s=200 d=935µs s=130
INF http m=GET p=/api/v1/workspaces/40O5N3IMC000/nodes/40O5N64VA000 s=200 d=733µs s=245
INF http m=GET p=/api/v1/workspaces/40O5MUIQU000/events s=200 d=536ms s=208
INF http m=GET p=/api/v1/workspaces/40O5N3IMC000/nodes/40O5N8IIS000 s=200 d=326µs s=162
INF http m=GET p=/api/v1/workspaces/40O5N3IMC000/events s=200 d=138ms s=93
INF http m=POST p=/api/v1/auth/register s=200 d=217ms s=400
INF http m=GET p=/ s=200 d=57µs s=541
INF http m=GET p=/assets/index-Dlg_ygoF.js s=200 d=166µs s=45483
INF http m=GET p=/assets/vendor-CnrH3R4r.js s=200 d=109µs s=28803
INF http m=GET p=/assets/index-Bi-AgGrc.css s=200 d=104µs s=11684
INF http m=GET p=/assets/editor-vendor-VZT4IkOY.js s=200 d=134µs s=92428
INF http m=GET p=/registerSW.js s=200 d=32µs s=87
INF http m=POST p=/api/v1/auth/register s=200 d=170ms s=404
INF http m=GET p=/ s=200 d=58µs s=541
INF http m=GET p=/registerSW.js s=200 d=83µs s=87
INF http m=GET p=/assets/index-Dlg_ygoF.js s=200 d=113µs s=45483
INF http m=GET p=/assets/vendor-CnrH3R4r.js s=200 d=111µs s=28803
INF http m=GET p=/assets/index-Bi-AgGrc.css s=200 d=90µs s=11684
INF http m=GET p=/assets/editor-vendor-VZT4IkOY.js s=200 d=180µs s=92428
INF http m=GET p=/api/v1/auth/me s=200 d=253µs s=167
INF http m=GET p=/assets/en-BIK_e_4K.js s=200 d=62µs s=5251
INF http m=GET p=/sw.js s=200 d=107µs s=5593
INF http m=GET p=/assets/Onboarding-DQ2WAJCW.js s=200 d=38µs s=996
INF http m=GET p=/api/v1/notifications/unread-count s=200 d=204µs s=25
INF http m=GET p=/registerSW.js s=200 d=43µs s=87
INF http m=GET p=/favicon.png s=200 d=47µs s=449
INF http m=GET p=/api/v1/auth/me s=200 d=263µs s=174
INF http m=GET p=/index.html s=200 d=25µs s=541
INF http m=GET p=/assets/en-BIK_e_4K.js s=200 d=59µs s=5251
INF http m=GET p=/icon.svg s=200 d=38µs s=195
INF http m=GET p=/sw.js s=200 d=58µs s=5593
INF http m=GET p=/icon-512.png s=200 d=105µs s=6498
INF http m=GET p=/assets/Onboarding-DQ2WAJCW.js s=200 d=41µs s=996
INF http m=GET p=/api/v1/notifications/unread-count s=200 d=304µs s=25
INF http m=GET p=/icon-192.png s=200 d=44µs s=2468
INF http m=GET p=/favicon.png s=200 d=41µs s=449
INF http m=GET p=/favicon.png s=200 d=30µs s=449
INF http m=GET p=/apple-touch-icon.png s=200 d=59µs s=2298
INF http m=GET p=/registerSW.js s=200 d=26µs s=87
INF http m=GET p=/assets/material-symbols-names-D7AiM4If.js s=200 d=101µs s=15478
INF http m=GET p=/index.html s=200 d=37µs s=541
INF http m=GET p=/icon.svg s=200 d=53µs s=195
INF http m=GET p=/icon-512.png s=200 d=84µs s=6498
INF http m=GET p=/icon-192.png s=200 d=47µs s=2468
INF http m=GET p=/assets/fr-B1PqNQ7U.js s=200 d=76µs s=6351
INF http m=GET p=/favicon.png s=200 d=27µs s=449
INF http m=GET p=/assets/es-OK4oleHZ.js s=200 d=77µs s=6048
INF http m=GET p=/apple-touch-icon.png s=200 d=35µs s=2298
INF http m=POST p=/api/v1/organizations s=200 d=178ms s=351
INF http m=GET p=/api/v1/auth/me s=200 d=479µs s=253
INF http m=GET p=/assets/emoji-groups-El6awxEn.js s=200 d=96µs s=13851
INF http m=GET p=/assets/material-symbols-names-D7AiM4If.js s=200 d=87µs s=15478
INF http m=GET p=/assets/de-CSEWDUi3.js s=200 d=95µs s=6281
INF http m=GET p=/assets/WorkspaceSettingsPanel-BXpT4LCS.css s=200 d=44µs s=994
INF http m=GET p=/assets/WorkspaceSettingsPanel-BB4UnxOs.js s=200 d=101µs s=4465
INF http m=GET p=/assets/fr-B1PqNQ7U.js s=200 d=65µs s=6351
INF http m=GET p=/assets/Terms-CDs9SgkA.js s=200 d=36µs s=1013
INF http m=GET p=/assets/ServerSettingsPanel-Co4AQ7oB.css s=200 d=34µs s=576
INF http m=GET p=/assets/es-OK4oleHZ.js s=200 d=70µs s=6048
INF http m=POST p=/api/v1/organizations s=200 d=128ms s=358
INF http m=GET p=/assets/ServerSettingsPanel-CUtQeHs8.js s=200 d=40µs s=2551
INF http m=GET p=/api/v1/auth/me s=200 d=488µs s=258
INF http m=GET p=/assets/ResourceQuotaForm-CBiYRbX4.js s=200 d=35µs s=832
INF http m=GET p=/assets/emoji-groups-El6awxEn.js s=200 d=80µs s=13851
INF http m=GET p=/assets/ResourceQuotaForm-BFoPj33M.css s=200 d=33µs s=297
INF http m=GET p=/assets/ProfileSettings-DF5AVI35.js s=200 d=64µs s=4393
INF http m=GET p=/assets/ProfileSettings-CX-HDEdu.css s=200 d=47µs s=1177
INF http m=GET p=/assets/Privacy-cCrfp6_1.css s=200 d=30µs s=314
INF http m=GET p=/assets/Privacy-CgsgvqEr.js s=200 d=35µs s=904
INF http m=GET p=/assets/OrgSettingsPanel-D9VVCokd.css s=200 d=28µs s=488
INF http m=GET p=/assets/OrgSettingsPanel-9P66Q2ps.js s=200 d=41µs s=2333
INF http m=GET p=/assets/de-CSEWDUi3.js s=200 d=81µs s=6281
INF http m=GET p=/assets/WorkspaceSettingsPanel-BXpT4LCS.css s=200 d=28µs s=994
INF http m=GET p=/assets/OAuthIcons-csRRTXki.js s=200 d=28µs s=951
INF http m=GET p=/assets/WorkspaceSettingsPanel-BB4UnxOs.js s=200 d=58µs s=4465
INF http m=GET p=/assets/Terms-CDs9SgkA.js s=200 d=30µs s=1013
INF http m=GET p=/assets/InviteForm-DLxm8fu0.css s=200 d=97µs s=394
INF http m=GET p=/assets/ServerSettingsPanel-Co4AQ7oB.css s=200 d=23µs s=576
INF http m=GET p=/assets/InviteForm-CV0yK4I0.js s=200 d=31µs s=1291
INF http m=GET p=/assets/ServerSettingsPanel-CUtQeHs8.js s=200 d=37µs s=2551
INF http m=GET p=/assets/Editor-DfcJ-Jfc.css s=200 d=33µs s=2151
INF http m=GET p=/assets/ResourceQuotaForm-CBiYRbX4.js s=200 d=28µs s=832
INF http m=GET p=/assets/Editor-BCbjs9IY.js s=200 d=83µs s=13602
INF http m=GET p=/assets/ResourceQuotaForm-BFoPj33M.css s=200 d=34µs s=297
INF http m=GET p=/assets/ProfileSettings-DF5AVI35.js s=200 d=55µs s=4393
INF http m=GET p=/assets/Auth-8NWYUGup.js s=200 d=31µs s=1677
INF http m=GET p=/assets/ProfileSettings-CX-HDEdu.css s=200 d=30µs s=1177
INF http m=GET p=/assets/Auth-6SolzSg2.css s=200 d=29µs s=633
INF http m=GET p=/assets/Privacy-cCrfp6_1.css s=200 d=35µs s=314
INF http m=GET p=/assets/Privacy-CgsgvqEr.js s=200 d=28µs s=904
INF http m=GET p=/assets/AdminDashboard-DpHjrDyw.js s=200 d=41µs s=2142
INF http m=GET p=/assets/OrgSettingsPanel-D9VVCokd.css s=200 d=37µs s=488
INF http m=GET p=/assets/OrgSettingsPanel-9P66Q2ps.js s=200 d=43µs s=2333
INF http m=GET p=/assets/AdminDashboard-CjPbo26j.css s=200 d=41µs s=584
INF http m=GET p=/assets/OAuthIcons-csRRTXki.js s=200 d=20µs s=951
INF http m=GET p=/assets/InviteForm-DLxm8fu0.css s=200 d=32µs s=394
INF http m=GET p=/assets/InviteForm-CV0yK4I0.js s=200 d=27µs s=1291
INF http m=GET p=/manifest.webmanifest s=200 d=21µs s=199
INF http m=GET p=/assets/Editor-DfcJ-Jfc.css s=200 d=31µs s=2151
INF http m=GET p=/assets/Editor-BCbjs9IY.js s=200 d=78µs s=13602
INF http m=GET p=/assets/Auth-8NWYUGup.js s=200 d=42µs s=1677
INF http m=GET p=/assets/Auth-6SolzSg2.css s=200 d=45µs s=633
INF http m=GET p=/assets/AdminDashboard-DpHjrDyw.js s=200 d=34µs s=2142
INF http m=GET p=/assets/AdminDashboard-CjPbo26j.css s=200 d=28µs s=584
INF http m=GET p=/manifest.webmanifest s=200 d=87µs s=199
INF http m=POST p=/api/v1/organizations/40O5NDV3E000/workspaces s=200 d=701ms s=301
INF http m=POST p=/api/v1/organizations/40O5NEPT6000/workspaces s=200 d=621ms s=306
INF http m=POST p=/api/v1/auth/switch-workspace s=200 d=35.8ms s=575
INF http m=GET p=/api/v1/notifications/unread-count s=200 d=235µs s=25
INF http m=GET p=/api/v1/workspaces/40O5NF4F4000/nodes/0/children s=200 d=328µs s=26
INF http m=GET p=/api/v1/workspaces/40O5NF4F4000/members s=200 d=2.95ms s=128
INF http m=POST p=/api/v1/auth/switch-workspace s=200 d=74.2ms s=571
INF http m=POST p=/api/v1/workspaces/40O5NF4F4000/nodes/0/page/create s=200 d=24.7ms s=35
INF http m=GET p=/api/v1/workspaces/40O5NF4F4000/nodes/0/children s=200 d=310µs s=257
INF http m=GET p=/api/v1/notifications/unread-count s=200 d=159µs s=25
INF http m=GET p=/api/v1/workspaces/40O5NFLAC000/nodes/0/children s=200 d=315µs s=26
INF http m=GET p=/api/v1/workspaces/40O5NFLAC000/members s=200 d=203µs s=123
INF http m=GET p=/api/v1/workspaces/40O5NF4F4000/nodes/40O5NJPTC000 s=200 d=12.1ms s=245
INF http m=POST p=/api/v1/workspaces/40O5NFLAC000/nodes/0/page/create s=200 d=34ms s=35
INF http m=GET p=/api/v1/workspaces/40O5NFLAC000/nodes/0/children s=200 d=347µs s=246
INF http m=GET p=/api/v1/workspaces/40O5NFLAC000/nodes/40O5NK45S000 s=200 d=309µs s=245
INF http m=POST p=/api/v1/workspaces/40O5NFLAC000/nodes/0/page/create s=200 d=24.2ms s=26
INF http m=GET p=/w/@40O5NFLAC000+workspace/@40O5NK45S000+welcome s=200 d=49µs s=541
INF http m=GET p=/api/v1/workspaces/40O5NFLAC000/events s=200 d=89.9ms s=228
INF http m=GET p=/api/v1/auth/me s=200 d=277µs s=358
INF http m=GET p=/api/v1/notifications/unread-count s=200 d=221µs s=25
INF http m=GET p=/api/v1/workspaces/40O5NFLAC000/members s=200 d=781µs s=123
INF http m=GET p=/api/v1/workspaces/40O5NFLAC000/nodes/0/children s=200 d=837µs s=246
INF http m=GET p=/api/v1/workspaces/40O5NFLAC000/nodes/40O5NK45S000 s=200 d=1.62ms s=245
INF http m=GET p=/api/v1/workspaces/40O5NFLAC000/nodes/40O5NK98M000 s=200 d=358µs s=136
INF http m=POST p=/api/v1/workspaces/40O5NF4F4000/nodes/0/page/create s=200 d=15.7ms s=26
INF http m=GET p=/w/@40O5NF4F4000+workspace/@40O5NJPTC000+welcome s=200 d=49µs s=541
INF http m=GET p=/api/v1/workspaces/40O5NF4F4000/events s=200 d=972ms s=235
INF http m=GET p=/api/v1/auth/me s=200 d=278µs s=354
INF http m=GET p=/api/v1/notifications/unread-count s=200 d=211µs s=25
INF http m=GET p=/api/v1/workspaces/40O5NF4F4000/nodes/0/children s=200 d=361µs s=246
INF http m=GET p=/api/v1/workspaces/40O5NF4F4000/members s=200 d=143µs s=128
INF http m=GET p=/api/v1/workspaces/40O5NF4F4000/nodes/40O5NJPTC000 s=200 d=578µs s=245
INF http m=GET p=/api/v1/workspaces/40O5NF4F4000/nodes/40O5NPHDM000 s=200 d=636µs s=129
INF http m=GET p=/sw.js s=200 d=139µs s=5593
INF http m=GET p=/sw.js s=200 d=132µs s=5593
INF http m=POST p=/api/v1/workspaces/40O5NF4F4000/nodes/40O5NPHDM000/page s=200 d=15.8ms s=35
INF http m=GET p=/api/v1/workspaces/40O5NF4F4000/nodes/40O5NPHDM000/page s=200 d=241µs s=118
INF http m=GET p=/api/v1/workspaces/40O5NF4F4000/events s=200 d=3.09s s=207
INF http m=POST p=/api/v1/auth/register s=200 d=135ms s=401
INF http m=GET p=/ s=200 d=50µs s=541
INF http m=GET p=/assets/index-Dlg_ygoF.js s=200 d=159µs s=45483
INF http m=GET p=/assets/editor-vendor-VZT4IkOY.js s=200 d=161µs s=92428
INF http m=GET p=/assets/vendor-CnrH3R4r.js s=200 d=98µs s=28803
INF http m=GET p=/assets/index-Bi-AgGrc.css s=200 d=89µs s=11684
INF http m=GET p=/registerSW.js s=200 d=39µs s=87
INF http m=GET p=/assets/en-BIK_e_4K.js s=200 d=95µs s=5251
INF http m=GET p=/api/v1/auth/me s=200 d=228µs s=165
INF http m=GET p=/favicon.png s=200 d=40µs s=449
INF http m=GET p=/assets/Onboarding-DQ2WAJCW.js s=200 d=25µs s=996
INF http m=GET p=/api/v1/notifications/unread-count s=200 d=174µs s=25
INF http m=GET p=/sw.js s=200 d=230µs s=5593
INF http m=GET p=/registerSW.js s=200 d=44µs s=87
INF http m=GET p=/index.html s=200 d=42µs s=541
INF http m=GET p=/icon.svg s=200 d=23µs s=195
INF http m=GET p=/icon-512.png s=200 d=63µs s=6498
INF http m=GET p=/icon-192.png s=200 d=47µs s=2468
INF http m=POST p=/api/v1/organizations s=200 d=67.8ms s=351
INF http m=GET p=/api/v1/auth/me s=200 d=197µs s=250
INF http m=GET p=/favicon.png s=200 d=25µs s=449
INF http m=GET p=/apple-touch-icon.png s=200 d=45µs s=2298
INF http m=GET p=/assets/material-symbols-names-D7AiM4If.js s=200 d=92µs s=15478
INF http m=GET p=/assets/fr-B1PqNQ7U.js s=200 d=612µs s=6351
INF http m=GET p=/assets/es-OK4oleHZ.js s=200 d=57µs s=6048
INF http m=GET p=/assets/emoji-groups-El6awxEn.js s=200 d=103µs s=13851
INF http m=GET p=/assets/de-CSEWDUi3.js s=200 d=91µs s=6281
INF http m=GET p=/assets/WorkspaceSettingsPanel-BXpT4LCS.css s=200 d=27µs s=994
INF http m=GET p=/assets/WorkspaceSettingsPanel-BB4UnxOs.js s=200 d=95µs s=4465
INF http m=GET p=/assets/Terms-CDs9SgkA.js s=200 d=24µs s=1013
INF http m=GET p=/assets/ServerSettingsPanel-Co4AQ7oB.css s=200 d=26µs s=576
INF http m=GET p=/assets/ServerSettingsPanel-CUtQeHs8.js s=200 d=33µs s=2551
INF http m=GET p=/assets/ResourceQuotaForm-CBiYRbX4.js s=200 d=30µs s=832
INF http m=GET p=/assets/ResourceQuotaForm-BFoPj33M.css s=200 d=30µs s=297
INF http m=GET p=/assets/ProfileSettings-DF5AVI35.js s=200 d=53µs s=4393
INF http m=GET p=/assets/ProfileSettings-CX-HDEdu.css s=200 d=55µs s=1177
INF http m=GET p=/assets/Privacy-cCrfp6_1.css s=200 d=18µs s=314
INF http m=GET p=/assets/Privacy-CgsgvqEr.js s=200 d=25µs s=904
INF http m=GET p=/assets/OrgSettingsPanel-D9VVCokd.css s=200 d=21µs s=488
INF http m=GET p=/assets/OrgSettingsPanel-9P66Q2ps.js s=200 d=36µs s=2333
INF http m=GET p=/assets/OAuthIcons-csRRTXki.js s=200 d=25µs s=951
INF http m=GET p=/assets/InviteForm-DLxm8fu0.css s=200 d=30µs s=394
INF http m=GET p=/assets/InviteForm-CV0yK4I0.js s=200 d=23µs s=1291
INF http m=GET p=/assets/Editor-DfcJ-Jfc.css s=200 d=35µs s=2151
INF http m=GET p=/assets/Editor-BCbjs9IY.js s=200 d=220µs s=13602
INF http m=GET p=/assets/Auth-8NWYUGup.js s=200 d=22µs s=1677
INF http m=GET p=/assets/Auth-6SolzSg2.css s=200 d=26µs s=633
INF http m=GET p=/assets/AdminDashboard-DpHjrDyw.js s=200 d=36µs s=2142
INF http m=GET p=/assets/AdminDashboard-CjPbo26j.css s=200 d=24µs s=584
INF http m=GET p=/manifest.webmanifest s=200 d=25µs s=199
INF http m=POST p=/api/v1/organizations/40O5OFD2E000/workspaces s=200 d=313ms s=301
INF http m=POST p=/api/v1/auth/switch-workspace s=200 d=32.7ms s=576
INF http m=GET p=/api/v1/notifications/unread-count s=200 d=514µs s=25
INF http m=GET p=/api/v1/workspaces/40O5OFRP6000/nodes/0/children s=200 d=449µs s=26
INF http m=GET p=/api/v1/workspaces/40O5OFRP6000/members s=200 d=1.56ms s=128
INF http m=POST p=/api/v1/workspaces/40O5OFRP6000/nodes/0/page/create s=200 d=19.7ms s=35
INF http m=GET p=/api/v1/workspaces/40O5OFRP6000/nodes/0/children s=200 d=264µs s=257
INF http m=GET p=/api/v1/workspaces/40O5OFRP6000/nodes/40O5OI2G4000 s=200 d=241µs s=245
INF http m=POST p=/api/v1/workspaces/40O5OFRP6000/nodes/0/page/create s=200 d=15.4ms s=26
INF http m=POST p=/api/v1/workspaces/40O5OFRP6000/nodes/0/page/create s=200 d=14.6ms s=26
INF http m=GET p=/w/@40O5OFRP6000+workspace/@40O5OI2G4000+welcome s=200 d=39µs s=541
INF http m=GET p=/api/v1/workspaces/40O5OFRP6000/events s=200 d=508ms s=263
INF http m=GET p=/api/v1/auth/me s=200 d=287µs s=352
INF http m=GET p=/api/v1/workspaces/40O5OFRP6000/nodes/0/children s=200 d=378µs s=258
INF http m=GET p=/api/v1/workspaces/40O5OFRP6000/members s=200 d=151µs s=128
INF http m=GET p=/api/v1/notifications/unread-count s=200 d=722µs s=25
INF http m=GET p=/api/v1/workspaces/40O5OFRP6000/nodes/40O5OI2G4000 s=200 d=543µs s=245
INF http m=GET p=/api/v1/workspaces/40O5OFRP6000/nodes/40O5OKTFS000 s=200 d=640µs s=132
INF http m=GET p=/api/v1/workspaces/40O5OFRP6000/nodes/40O5OL0SC000 s=200 d=1.18ms s=131
INF http m=GET p=/api/v1/workspaces/40O5OFRP6000/nodes/40O5OKTFS000 s=200 d=392µs s=132
INF http m=GET p=/api/v1/workspaces/40O5OFRP6000/nodes/40O5OL0SC000 s=200 d=306µs s=131
INF http m=GET p=/api/v1/workspaces/40O5OFRP6000/events s=200 d=461ms s=93
INF http m=POST p=/api/v1/auth/register s=200 d=127ms s=388
INF http m=GET p=/ s=200 d=54µs s=541
INF http m=GET p=/assets/index-Bi-AgGrc.css s=200 d=133µs s=11684
INF http m=GET p=/assets/index-Dlg_ygoF.js s=200 d=166µs s=45483
INF http m=GET p=/registerSW.js s=200 d=31µs s=87
INF http m=GET p=/assets/vendor-CnrH3R4r.js s=200 d=137µs s=28803
INF http m=GET p=/assets/editor-vendor-VZT4IkOY.js s=200 d=142µs s=92428
INF http m=GET p=/assets/en-BIK_e_4K.js s=200 d=114µs s=5251
INF http m=GET p=/api/v1/auth/me s=200 d=216µs s=164
INF http m=GET p=/assets/Onboarding-DQ2WAJCW.js s=200 d=42µs s=996
INF http m=GET p=/sw.js s=200 d=57µs s=5593
INF http m=GET p=/api/v1/notifications/unread-count s=200 d=171µs s=25
INF http m=GET p=/favicon.png s=200 d=42µs s=449
INF http m=GET p=/registerSW.js s=200 d=36µs s=87
INF http m=GET p=/index.html s=200 d=44µs s=541
INF http m=GET p=/icon.svg s=200 d=28µs s=195
INF http m=GET p=/icon-512.png s=200 d=63µs s=6498
INF http m=GET p=/icon-192.png s=200 d=43µs s=2468
INF http m=GET p=/favicon.png s=200 d=25µs s=449
INF http m=GET p=/apple-touch-icon.png s=200 d=35µs s=2298
INF http m=GET p=/assets/material-symbols-names-D7AiM4If.js s=200 d=130µs s=15478
INF http m=POST p=/api/v1/organizations s=200 d=69.8ms s=349
INF http m=GET p=/api/v1/auth/me s=200 d=471µs s=249
INF http m=GET p=/assets/fr-B1PqNQ7U.js s=200 d=80µs s=6351
INF http m=GET p=/assets/es-OK4oleHZ.js s=200 d=72µs s=6048
INF http m=GET p=/assets/emoji-groups-El6awxEn.js s=200 d=100µs s=13851
INF http m=GET p=/assets/de-CSEWDUi3.js s=200 d=73µs s=6281
INF http m=GET p=/assets/WorkspaceSettingsPanel-BXpT4LCS.css s=200 d=32µs s=994
INF http m=GET p=/assets/WorkspaceSettingsPanel-BB4UnxOs.js s=200 d=66µs s=4465
INF http m=GET p=/assets/Terms-CDs9SgkA.js s=200 d=26µs s=1013
INF http m=GET p=/assets/ServerSettingsPanel-Co4AQ7oB.css s=200 d=27µs s=576
INF http m=GET p=/assets/ServerSettingsPanel-CUtQeHs8.js s=200 d=32µs s=2551
INF http m=GET p=/assets/ResourceQuotaForm-CBiYRbX4.js s=200 d=24µs s=832
INF http m=GET p=/assets/ResourceQuotaForm-BFoPj33M.css s=200 d=18µs s=297
INF http m=GET p=/assets/ProfileSettings-DF5AVI35.js s=200 d=60µs s=4393
INF http m=GET p=/assets/ProfileSettings-CX-HDEdu.css s=200 d=28µs s=1177
INF http m=GET p=/assets/Privacy-cCrfp6_1.css s=200 d=26µs s=314
INF http m=GET p=/assets/Privacy-CgsgvqEr.js s=200 d=22µs s=904
INF http m=GET p=/assets/OrgSettingsPanel-D9VVCokd.css s=200 d=17µs s=488
INF http m=GET p=/assets/OrgSettingsPanel-9P66Q2ps.js s=200 d=32µs s=2333
INF http m=GET p=/assets/OAuthIcons-csRRTXki.js s=200 d=26µs s=951
INF http m=GET p=/assets/InviteForm-DLxm8fu0.css s=200 d=18µs s=394
INF http m=GET p=/assets/InviteForm-CV0yK4I0.js s=200 d=26µs s=1291
INF http m=GET p=/assets/Editor-DfcJ-Jfc.css s=200 d=31µs s=2151
INF http m=GET p=/assets/Editor-BCbjs9IY.js s=200 d=65µs s=13602
INF http m=GET p=/assets/Auth-8NWYUGup.js s=200 d=28µs s=1677
INF http m=GET p=/assets/Auth-6SolzSg2.css s=200 d=25µs s=633
INF http m=GET p=/assets/AdminDashboard-DpHjrDyw.js s=200 d=31µs s=2142
INF http m=GET p=/assets/AdminDashboard-CjPbo26j.css s=200 d=27µs s=584
INF http m=GET p=/manifest.webmanifest s=200 d=24µs s=199
INF http m=POST p=/api/v1/organizations/40O5OR2SK000/workspaces s=200 d=300ms s=298
INF http m=POST p=/api/v1/auth/switch-workspace s=200 d=32.5ms s=554
INF http m=GET p=/api/v1/notifications/unread-count s=200 d=468µs s=25
INF http m=GET p=/api/v1/workspaces/40O5ORHJ8000/nodes/0/children s=200 d=383µs s=26
INF http m=GET p=/api/v1/workspaces/40O5ORHJ8000/members s=200 d=497µs s=122
INF http m=POST p=/api/v1/workspaces/40O5ORHJ8000/nodes/0/page/create s=200 d=21ms s=35
INF http m=GET p=/api/v1/workspaces/40O5ORHJ8000/nodes/0/children s=200 d=245µs s=257
INF http m=GET p=/api/v1/workspaces/40O5ORHJ8000/nodes/40O5OTLN6000 s=200 d=235µs s=245
INF http m=POST p=/api/v1/workspaces/40O5ORHJ8000/nodes/0/page/create s=200 d=15.7ms s=26
INF http m=GET p=/w/@40O5ORHJ8000+workspace/@40O5OTLN6000+welcome s=200 d=38µs s=541
INF http m=GET p=/api/v1/workspaces/40O5ORHJ8000/events s=200 d=479ms s=234
INF http m=GET p=/api/v1/auth/me s=200 d=316µs s=349
INF http m=GET p=/api/v1/notifications/unread-count s=200 d=235µs s=25
INF http m=GET p=/api/v1/workspaces/40O5ORHJ8000/nodes/40O5OTLN6000 s=200 d=277µs s=245
INF http m=GET p=/api/v1/workspaces/40O5ORHJ8000/nodes/0/children s=200 d=268µs s=246
INF http m=GET p=/api/v1/workspaces/40O5ORHJ8000/members s=200 d=592µs s=122
INF http m=GET p=/api/v1/workspaces/40O5ORHJ8000/nodes/40O5P0EGO000 s=200 d=327µs s=163
INF http m=GET p=/api/v1/workspaces/40O5ORHJ8000/events s=200 d=180ms s=93
INF http m=POST p=/api/v1/auth/register s=200 d=126ms s=392
INF http m=GET p=/ s=200 d=52µs s=541
INF http m=GET p=/assets/index-Dlg_ygoF.js s=200 d=142µs s=45483
INF http m=GET p=/assets/index-Bi-AgGrc.css s=200 d=108µs s=11684
INF http m=GET p=/assets/vendor-CnrH3R4r.js s=200 d=277µs s=28803
INF http m=GET p=/assets/editor-vendor-VZT4IkOY.js s=200 d=195µs s=92428
INF http m=GET p=/registerSW.js s=200 d=34µs s=87
INF http m=GET p=/api/v1/auth/me s=200 d=237µs s=165
INF http m=GET p=/assets/en-BIK_e_4K.js s=200 d=77µs s=5251
INF http m=GET p=/assets/Onboarding-DQ2WAJCW.js s=200 d=40µs s=996
INF http m=GET p=/api/v1/notifications/unread-count s=200 d=213µs s=25
INF http m=GET p=/favicon.png s=200 d=39µs s=449
INF http m=GET p=/sw.js s=200 d=83µs s=5593
INF http m=GET p=/registerSW.js s=200 d=41µs s=87
INF http m=GET p=/index.html s=200 d=40µs s=541
INF http m=GET p=/icon.svg s=200 d=28µs s=195
INF http m=GET p=/icon-512.png s=200 d=72µs s=6498
INF http m=POST p=/api/v1/organizations s=200 d=65ms s=351
INF http m=GET p=/api/v1/auth/me s=200 d=235µs s=249
INF http m=GET p=/icon-192.png s=200 d=34µs s=2468
INF http m=GET p=/favicon.png s=200 d=30µs s=449
INF http m=GET p=/apple-touch-icon.png s=200 d=32µs s=2298
INF http m=GET p=/assets/material-symbols-names-D7AiM4If.js s=200 d=107µs s=15478
INF http m=GET p=/assets/fr-B1PqNQ7U.js s=200 d=81µs s=6351
INF http m=GET p=/assets/es-OK4oleHZ.js s=200 d=76µs s=6048
INF http m=GET p=/assets/emoji-groups-El6awxEn.js s=200 d=96µs s=13851
INF http m=GET p=/assets/de-CSEWDUi3.js s=200 d=83µs s=6281
INF http m=GET p=/assets/WorkspaceSettingsPanel-BXpT4LCS.css s=200 d=48µs s=994
INF http m=GET p=/assets/WorkspaceSettingsPanel-BB4UnxOs.js s=200 d=77µs s=4465
INF http m=GET p=/assets/Terms-CDs9SgkA.js s=200 d=27µs s=1013
INF http m=GET p=/assets/ServerSettingsPanel-Co4AQ7oB.css s=200 d=27µs s=576
INF http m=GET p=/assets/ServerSettingsPanel-CUtQeHs8.js s=200 d=92µs s=2551
INF http m=GET p=/assets/ResourceQuotaForm-CBiYRbX4.js s=200 d=23µs s=832
INF http m=GET p=/assets/ResourceQuotaForm-BFoPj33M.css s=200 d=27µs s=297
INF http m=GET p=/assets/ProfileSettings-DF5AVI35.js s=200 d=60µs s=4393
INF http m=GET p=/assets/ProfileSettings-CX-HDEdu.css s=200 d=28µs s=1177
INF http m=GET p=/assets/Privacy-cCrfp6_1.css s=200 d=25µs s=314
INF http m=GET p=/assets/Privacy-CgsgvqEr.js s=200 d=24µs s=904
INF http m=GET p=/assets/OrgSettingsPanel-D9VVCokd.css s=200 d=28µs s=488
INF http m=GET p=/assets/OrgSettingsPanel-9P66Q2ps.js s=200 d=30µs s=2333
INF http m=GET p=/assets/OAuthIcons-csRRTXki.js s=200 d=25µs s=951
INF http m=GET p=/assets/InviteForm-DLxm8fu0.css s=200 d=25µs s=394
INF http m=GET p=/assets/InviteForm-CV0yK4I0.js s=200 d=24µs s=1291
INF http m=GET p=/assets/Editor-DfcJ-Jfc.css s=200 d=57µs s=2151
INF http m=GET p=/assets/Editor-BCbjs9IY.js s=200 d=64µs s=13602
INF http m=GET p=/assets/Auth-8NWYUGup.js s=200 d=27µs s=1677
INF http m=GET p=/assets/Auth-6SolzSg2.css s=200 d=26µs s=633
INF http m=GET p=/assets/AdminDashboard-DpHjrDyw.js s=200 d=30µs s=2142
INF http m=GET p=/assets/AdminDashboard-CjPbo26j.css s=200 d=23µs s=584
INF http m=GET p=/manifest.webmanifest s=200 d=24µs s=199
INF http m=POST p=/api/v1/organizations/40O5P4C6M000/workspaces s=200 d=345ms s=299
INF http m=POST p=/api/v1/auth/switch-workspace s=200 d=34ms s=605
INF http m=GET p=/api/v1/notifications/unread-count s=200 d=306µs s=25
INF http m=GET p=/api/v1/workspaces/40O5P4Q4S000/nodes/0/children s=200 d=492µs s=26
INF http m=GET p=/api/v1/workspaces/40O5P4Q4S000/members s=200 d=497µs s=126
INF http m=POST p=/api/v1/workspaces/40O5P4Q4S000/nodes/0/page/create s=200 d=20.2ms s=35
INF http m=GET p=/api/v1/workspaces/40O5P4Q4S000/nodes/0/children s=200 d=260µs s=257
INF http m=GET p=/api/v1/workspaces/40O5P4Q4S000/nodes/40O5P77AO000 s=200 d=233µs s=245
INF http m=POST p=/api/v1/workspaces/40O5P4Q4S000/nodes/0/page/create s=200 d=15.8ms s=26
INF http m=GET p=/w/@40O5P4Q4S000/@40O5P9UII000 s=200 d=35µs s=541
INF http m=GET p=/api/v1/workspaces/40O5P4Q4S000/events s=200 d=471ms s=230
INF http m=GET p=/api/v1/auth/me s=200 d=302µs s=351
INF http m=GET p=/api/v1/notifications/unread-count s=200 d=231µs s=25
INF http m=GET p=/api/v1/workspaces/40O5P4Q4S000/nodes/0/children s=200 d=603µs s=254
INF http m=GET p=/api/v1/workspaces/40O5P4Q4S000/members s=200 d=171µs s=126
INF http m=GET p=/api/v1/workspaces/40O5P4Q4S000/nodes/40O5P9UII000 s=200 d=227µs s=140
INF http m=GET p=/api/v1/workspaces/40O5P4Q4S000/events s=200 d=27.6ms s=93
INF http m=POST p=/api/v1/auth/register s=200 d=143ms s=403
INF http m=GET p=/ s=200 d=61µs s=541
INF http m=GET p=/assets/index-Dlg_ygoF.js s=200 d=161µs s=45483
INF http m=GET p=/registerSW.js s=200 d=32µs s=87
INF http m=GET p=/assets/index-Bi-AgGrc.css s=200 d=86µs s=11684
INF http m=GET p=/assets/editor-vendor-VZT4IkOY.js s=200 d=171µs s=92428
INF http m=GET p=/assets/vendor-CnrH3R4r.js s=200 d=85µs s=28803
INF http m=GET p=/assets/en-BIK_e_4K.js s=200 d=97µs s=5251
INF http m=GET p=/api/v1/auth/me s=200 d=285µs s=168
INF http m=GET p=/assets/Onboarding-DQ2WAJCW.js s=200 d=44µs s=996
INF http m=GET p=/favicon.png s=200 d=29µs s=449
INF http m=GET p=/api/v1/notifications/unread-count s=200 d=154µs s=25
INF http m=GET p=/sw.js s=200 d=68µs s=5593
INF http m=GET p=/registerSW.js s=200 d=39µs s=87
INF http m=GET p=/index.html s=200 d=27µs s=541
INF http m=POST p=/api/v1/organizations s=200 d=60.6ms s=357
INF http m=GET p=/icon.svg s=200 d=29µs s=195
INF http m=GET p=/api/v1/auth/me s=200 d=204µs s=253
INF http m=GET p=/icon-512.png s=200 d=69µs s=6498
INF http m=GET p=/icon-192.png s=200 d=36µs s=2468
INF http m=GET p=/favicon.png s=200 d=28µs s=449
INF http m=GET p=/apple-touch-icon.png s=200 d=45µs s=2298
INF http m=GET p=/assets/material-symbols-names-D7AiM4If.js s=200 d=126µs s=15478
INF http m=GET p=/assets/fr-B1PqNQ7U.js s=200 d=86µs s=6351
INF http m=GET p=/assets/es-OK4oleHZ.js s=200 d=71µs s=6048
INF http m=GET p=/assets/emoji-groups-El6awxEn.js s=200 d=141µs s=13851
INF http m=GET p=/assets/de-CSEWDUi3.js s=200 d=87µs s=6281
INF http m=GET p=/assets/WorkspaceSettingsPanel-BXpT4LCS.css s=200 d=32µs s=994
INF http m=GET p=/assets/WorkspaceSettingsPanel-BB4UnxOs.js s=200 d=63µs s=4465
INF http m=GET p=/assets/Terms-CDs9SgkA.js s=200 d=25µs s=1013
INF http m=GET p=/assets/ServerSettingsPanel-Co4AQ7oB.css s=200 d=28µs s=576
INF http m=GET p=/assets/ServerSettingsPanel-CUtQeHs8.js s=200 d=36µs s=2551
INF http m=GET p=/assets/ResourceQuotaForm-CBiYRbX4.js s=200 d=31µs s=832
INF http m=GET p=/assets/ResourceQuotaForm-BFoPj33M.css s=200 d=23µs s=297
INF http m=GET p=/assets/ProfileSettings-DF5AVI35.js s=200 d=60µs s=4393
INF http m=GET p=/assets/ProfileSettings-CX-HDEdu.css s=200 d=27µs s=1177
INF http m=GET p=/assets/Privacy-cCrfp6_1.css s=200 d=22µs s=314
INF http m=GET p=/assets/Privacy-CgsgvqEr.js s=200 d=23µs s=904
INF http m=GET p=/assets/OrgSettingsPanel-D9VVCokd.css s=200 d=25µs s=488
INF http m=GET p=/assets/OrgSettingsPanel-9P66Q2ps.js s=200 d=33µs s=2333
INF http m=GET p=/assets/OAuthIcons-csRRTXki.js s=200 d=184µs s=951
INF http m=GET p=/assets/InviteForm-DLxm8fu0.css s=200 d=27µs s=394
INF http m=GET p=/assets/InviteForm-CV0yK4I0.js s=200 d=22µs s=1291
INF http m=GET p=/assets/Editor-DfcJ-Jfc.css s=200 d=25µs s=2151
INF http m=GET p=/assets/Editor-BCbjs9IY.js s=200 d=590µs s=13602
INF http m=GET p=/assets/Auth-8NWYUGup.js s=200 d=27µs s=1677
INF http m=GET p=/assets/Auth-6SolzSg2.css s=200 d=26µs s=633
INF http m=GET p=/assets/AdminDashboard-DpHjrDyw.js s=200 d=64µs s=2142
INF http m=GET p=/assets/AdminDashboard-CjPbo26j.css s=200 d=27µs s=584
INF http m=GET p=/manifest.webmanifest s=200 d=24µs s=199
INF http m=POST p=/api/v1/organizations/40O5PDABU000/workspaces s=200 d=327ms s=302
INF http m=POST p=/api/v1/auth/switch-workspace s=200 d=33.9ms s=568
INF http m=GET p=/api/v1/notifications/unread-count s=200 d=382µs s=25
INF http m=GET p=/api/v1/workspaces/40O5PDNKO000/nodes/0/children s=200 d=1.94ms s=26
INF http m=GET p=/api/v1/workspaces/40O5PDNKO000/members s=200 d=903µs s=121
INF http m=POST p=/api/v1/workspaces/40O5PDNKO000/nodes/0/page/create s=200 d=19.3ms s=35
INF http m=GET p=/api/v1/workspaces/40O5PDNKO000/nodes/0/children s=200 d=488µs s=257
INF http m=GET p=/api/v1/workspaces/40O5PDNKO000/nodes/40O5PG1H4000 s=200 d=224µs s=245
INF http m=GET p=/api/v1/workspaces/40O5NFLAC000/events s=200 d=10s s=93
INF http m=POST p=/api/v1/workspaces/40O5PDNKO000/nodes/0/page/create s=200 d=45.1ms s=26
INF http m=POST p=/api/v1/workspaces/40O5PDNKO000/nodes/40O5PIU26000/page/create s=200 d=76.7ms s=26
INF http m=POST p=/api/v1/auth/register s=200 d=161ms s=405
INF http m=GET p=/ s=200 d=55µs s=541
INF http m=GET p=/assets/index-Bi-AgGrc.css s=200 d=135µs s=11684
INF http m=GET p=/assets/index-Dlg_ygoF.js s=200 d=113µs s=45483
INF http m=GET p=/assets/editor-vendor-VZT4IkOY.js s=200 d=134µs s=92428
INF http m=GET p=/assets/vendor-CnrH3R4r.js s=200 d=97µs s=28803
INF http m=GET p=/registerSW.js s=200 d=33µs s=87
INF http m=POST p=/api/v1/workspaces/40O5PDNKO000/nodes/40O5PJ7L0000/page/create s=200 d=54.9ms s=26
INF http m=GET p=/w/@40O5PDNKO000/@40O5PJNII000 s=200 d=42µs s=541
INF http m=GET p=/api/v1/workspaces/40O5PDNKO000/events s=200 d=686ms s=280
INF http m=GET p=/api/v1/auth/me s=200 d=247µs s=171
INF http m=GET p=/assets/en-BIK_e_4K.js s=200 d=63µs s=5251
INF http m=GET p=/api/v1/auth/me s=200 d=840µs s=355
INF http m=GET p=/favicon.png s=200 d=46µs s=449
INF http m=GET p=/assets/Onboarding-DQ2WAJCW.js s=200 d=35µs s=996
INF http m=GET p=/api/v1/notifications/unread-count s=200 d=436µs s=25
INF http m=GET p=/api/v1/notifications/unread-count s=200 d=732µs s=25
INF http m=GET p=/api/v1/workspaces/40O5PDNKO000/nodes/0/children s=200 d=922µs s=251
INF http m=GET p=/sw.js s=200 d=84µs s=5593
INF http m=GET p=/api/v1/workspaces/40O5PDNKO000/nodes/40O5PJNII000 s=200 d=757µs s=135
INF http m=GET p=/api/v1/workspaces/40O5PDNKO000/members s=200 d=1.08ms s=121
INF http m=GET p=/api/v1/workspaces/40O5PDNKO000/nodes/40O5PIU26000/children s=200 d=470µs s=154
INF http m=GET p=/api/v1/workspaces/40O5PDNKO000/nodes/40O5PJ7L0000 s=200 d=801µs s=134
INF http m=GET p=/registerSW.js s=200 d=34µs s=87
INF http m=GET p=/api/v1/workspaces/40O5PDNKO000/nodes/40O5PIU26000 s=200 d=287µs s=122
INF http m=GET p=/index.html s=200 d=44µs s=541
INF http m=GET p=/icon.svg s=200 d=37µs s=195
INF http m=GET p=/api/v1/workspaces/40O5PDNKO000/nodes/40O5PJ7L0000/children s=200 d=340µs s=147
INF http m=GET p=/icon-512.png s=200 d=109µs s=6498
INF http m=GET p=/icon-192.png s=200 d=51µs s=2468
INF http m=GET p=/favicon.png s=200 d=40µs s=449
INF http m=GET p=/apple-touch-icon.png s=200 d=56µs s=2298
INF http m=GET p=/assets/material-symbols-names-D7AiM4If.js s=200 d=100µs s=15478
INF http m=POST p=/api/v1/organizations s=200 d=103ms s=350
INF http m=GET p=/api/v1/auth/me s=200 d=249µs s=252
INF http m=GET p=/assets/fr-B1PqNQ7U.js s=200 d=80µs s=6351
INF http m=GET p=/assets/es-OK4oleHZ.js s=200 d=84µs s=6048
INF http m=GET p=/assets/emoji-groups-El6awxEn.js s=200 d=103µs s=13851
INF http m=GET p=/assets/de-CSEWDUi3.js s=200 d=95µs s=6281
INF http m=GET p=/api/v1/workspaces/40O5PDNKO000/events s=200 d=255ms s=93
INF http m=GET p=/assets/WorkspaceSettingsPanel-BXpT4LCS.css s=200 d=53µs s=994
INF http m=GET p=/assets/WorkspaceSettingsPanel-BB4UnxOs.js s=200 d=70µs s=4465
INF http m=GET p=/assets/Terms-CDs9SgkA.js s=200 d=30µs s=1013
INF http m=GET p=/assets/ServerSettingsPanel-Co4AQ7oB.css s=200 d=37µs s=576
INF http m=GET p=/assets/ServerSettingsPanel-CUtQeHs8.js s=200 d=51µs s=2551
INF http m=GET p=/assets/ResourceQuotaForm-CBiYRbX4.js s=200 d=38µs s=832
INF http m=GET p=/assets/ResourceQuotaForm-BFoPj33M.css s=200 d=32µs s=297
INF http m=GET p=/assets/ProfileSettings-DF5AVI35.js s=200 d=63µs s=4393
INF http m=GET p=/assets/ProfileSettings-CX-HDEdu.css s=200 d=46µs s=1177
INF http m=GET p=/assets/Privacy-cCrfp6_1.css s=200 d=68µs s=314
INF http m=GET p=/assets/Privacy-CgsgvqEr.js s=200 d=27µs s=904
INF http m=GET p=/assets/OrgSettingsPanel-D9VVCokd.css s=200 d=31µs s=488
INF http m=GET p=/assets/OrgSettingsPanel-9P66Q2ps.js s=200 d=40µs s=2333
INF http m=GET p=/assets/OAuthIcons-csRRTXki.js s=200 d=35µs s=951
INF http m=GET p=/assets/InviteForm-DLxm8fu0.css s=200 d=43µs s=394
INF http m=GET p=/assets/InviteForm-CV0yK4I0.js s=200 d=45µs s=1291
INF http m=GET p=/assets/Editor-DfcJ-Jfc.css s=200 d=38µs s=2151
INF http m=GET p=/assets/Editor-BCbjs9IY.js s=200 d=68µs s=13602
INF http m=GET p=/assets/Auth-8NWYUGup.js s=200 d=35µs s=1677
INF http m=GET p=/assets/Auth-6SolzSg2.css s=200 d=28µs s=633
INF http m=GET p=/assets/AdminDashboard-DpHjrDyw.js s=200 d=184µs s=2142
INF http m=GET p=/assets/AdminDashboard-CjPbo26j.css s=200 d=45µs s=584
INF http m=GET p=/manifest.webmanifest s=200 d=42µs s=199
INF http m=POST p=/api/v1/organizations/40O5PLA70000/workspaces s=200 d=628ms s=300
INF http m=POST p=/api/v1/auth/register s=200 d=276ms s=391
INF http m=POST p=/api/v1/auth/switch-workspace s=200 d=59ms s=568
INF http m=GET p=/ s=200 d=45µs s=541
INF http m=GET p=/api/v1/notifications/unread-count s=200 d=3.18ms s=25
INF http m=GET p=/api/v1/workspaces/40O5PM0UU000/nodes/0/children s=200 d=395µs s=26
INF http m=GET p=/assets/index-Dlg_ygoF.js s=200 d=160µs s=45483
INF http m=GET p=/assets/index-Bi-AgGrc.css s=200 d=142µs s=11684
INF http m=GET p=/api/v1/workspaces/40O5PM0UU000/members s=200 d=19.9ms s=122
INF http m=GET p=/assets/vendor-CnrH3R4r.js s=200 d=87µs s=28803
INF http m=GET p=/assets/editor-vendor-VZT4IkOY.js s=200 d=175µs s=92428
INF http m=GET p=/registerSW.js s=200 d=59µs s=87
INF http m=POST p=/api/v1/workspaces/40O5PM0UU000/nodes/0/page/create s=200 d=43.6ms s=35
INF http m=GET p=/api/v1/workspaces/40O5PM0UU000/nodes/0/children s=200 d=833µs s=229
INF http m=GET p=/api/v1/workspaces/40O5PM0UU000/nodes/40O5PQJ8I000 s=200 d=709µs s=245
INF http m=POST p=/api/v1/workspaces/40O5PM0UU000/nodes/0/page/create s=200 d=53.2ms s=26
INF http m=GET p=/api/v1/auth/me s=200 d=646µs s=163
INF http m=GET p=/assets/en-BIK_e_4K.js s=200 d=66µs s=5251
INF http m=GET p=/assets/Onboarding-DQ2WAJCW.js s=200 d=53µs s=996
INF http m=GET p=/api/v1/notifications/unread-count s=200 d=215µs s=25
INF http m=GET p=/favicon.png s=200 d=49µs s=449
INF http m=GET p=/sw.js s=200 d=90µs s=5593
INF http m=GET p=/registerSW.js s=200 d=43µs s=87
INF http m=GET p=/index.html s=200 d=41µs s=541
INF http m=GET p=/icon.svg s=200 d=26µs s=195
INF http m=GET p=/icon-512.png s=200 d=58µs s=6498
INF http m=GET p=/icon-192.png s=200 d=47µs s=2468
INF http m=GET p=/favicon.png s=200 d=20µs s=449
INF http m=GET p=/apple-touch-icon.png s=200 d=35µs s=2298
INF http m=POST p=/api/v1/organizations s=200 d=84.8ms s=350
INF http m=GET p=/api/v1/auth/me s=200 d=804µs s=251
INF http m=GET p=/assets/material-symbols-names-D7AiM4If.js s=200 d=100µs s=15478
INF http m=POST p=/api/v1/workspaces/40O5PM0UU000/nodes/40O5PQOVS000/page/create s=200 d=125ms s=26
INF http m=GET p=/assets/fr-B1PqNQ7U.js s=200 d=114µs s=6351
INF http m=GET p=/assets/es-OK4oleHZ.js s=200 d=56µs s=6048
INF http m=GET p=/assets/emoji-groups-El6awxEn.js s=200 d=101µs s=13851
INF http m=GET p=/assets/de-CSEWDUi3.js s=200 d=74µs s=6281
INF http m=GET p=/assets/WorkspaceSettingsPanel-BXpT4LCS.css s=200 d=29µs s=994
INF http m=GET p=/assets/WorkspaceSettingsPanel-BB4UnxOs.js s=200 d=222µs s=4465
INF http m=GET p=/assets/Terms-CDs9SgkA.js s=200 d=39µs s=1013
INF http m=GET p=/assets/ServerSettingsPanel-Co4AQ7oB.css s=200 d=30µs s=576
INF http m=POST p=/api/v1/workspaces/40O5PM0UU000/nodes/40O5PR6KA000/page/create s=200 d=66.6ms s=26
INF http m=GET p=/assets/ServerSettingsPanel-CUtQeHs8.js s=200 d=43µs s=2551
INF http m=GET p=/assets/ResourceQuotaForm-CBiYRbX4.js s=200 d=33µs s=832
INF http m=GET p=/assets/ResourceQuotaForm-BFoPj33M.css s=200 d=33µs s=297
INF http m=GET p=/assets/ProfileSettings-DF5AVI35.js s=200 d=67µs s=4393
INF http m=GET p=/assets/ProfileSettings-CX-HDEdu.css s=200 d=30µs s=1177
INF http m=GET p=/assets/Privacy-cCrfp6_1.css s=200 d=30µs s=314
INF http m=GET p=/assets/Privacy-CgsgvqEr.js s=200 d=28µs s=904
INF http m=GET p=/assets/OrgSettingsPanel-D9VVCokd.css s=200 d=25µs s=488
INF http m=GET p=/assets/OrgSettingsPanel-9P66Q2ps.js s=200 d=32µs s=2333
INF http m=GET p=/assets/OAuthIcons-csRRTXki.js s=200 d=25µs s=951
INF http m=GET p=/assets/InviteForm-DLxm8fu0.css s=200 d=41µs s=394
INF http m=GET p=/assets/InviteForm-CV0yK4I0.js s=200 d=29µs s=1291
INF http m=GET p=/assets/Editor-DfcJ-Jfc.css s=200 d=35µs s=2151
INF http m=GET p=/assets/Editor-BCbjs9IY.js s=200 d=78µs s=13602
INF http m=GET p=/assets/Auth-8NWYUGup.js s=200 d=41µs s=1677
INF http m=GET p=/assets/Auth-6SolzSg2.css s=200 d=28µs s=633
INF http m=GET p=/assets/AdminDashboard-DpHjrDyw.js s=200 d=34µs s=2142
INF http m=GET p=/assets/AdminDashboard-CjPbo26j.css s=200 d=22µs s=584
INF http m=GET p=/manifest.webmanifest s=200 d=27µs s=199
INF http m=POST p=/api/v1/organizations/40O5PRD30000/workspaces s=200 d=320ms s=299
INF http m=POST p=/api/v1/workspaces/40O5PM0UU000/nodes/40O5PRVSU000/page/create s=200 d=251ms s=26
INF http m=GET p=/w/@40O5PM0UU000/@40O5PSDN6000 s=200 d=43µs s=541
INF http m=GET p=/api/v1/workspaces/40O5PM0UU000/events s=200 d=581ms s=313
INF http m=POST p=/api/v1/auth/switch-workspace s=200 d=51.4ms s=609
INF http m=GET p=/api/v1/auth/me s=200 d=653µs s=353
INF http m=GET p=/api/v1/notifications/unread-count s=200 d=596µs s=25
INF http m=GET p=/api/v1/workspaces/40O5PRV9S000/nodes/0/children s=200 d=534µs s=26
INF http m=GET p=/api/v1/workspaces/40O5PRV9S000/members s=200 d=619µs s=126
INF http m=GET p=/api/v1/workspaces/40O5PM0UU000/nodes/0/children s=200 d=5.06ms s=241
INF http m=GET p=/api/v1/workspaces/40O5PM0UU000/members s=200 d=4.97ms s=122
INF http m=GET p=/api/v1/notifications/unread-count s=200 d=7.15ms s=25
INF http m=GET p=/api/v1/workspaces/40O5PM0UU000/nodes/40O5PQOVS000/children s=200 d=1.7ms s=146
INF http m=GET p=/api/v1/workspaces/40O5PM0UU000/nodes/40O5PSDN6000 s=200 d=18.8ms s=140
INF http m=GET p=/api/v1/workspaces/40O5PM0UU000/nodes/40O5PRVSU000 s=200 d=359µs s=125
INF http m=GET p=/api/v1/workspaces/40O5PM0UU000/nodes/40O5PR6KA000 s=200 d=432µs s=126
INF http m=POST p=/api/v1/workspaces/40O5PRV9S000/nodes/0/page/create s=200 d=31.9ms s=35
INF http m=GET p=/api/v1/workspaces/40O5PM0UU000/nodes/40O5PQOVS000 s=200 d=526µs s=129
INF http m=GET p=/api/v1/workspaces/40O5PRV9S000/nodes/0/children s=200 d=308µs s=257
INF http m=GET p=/api/v1/workspaces/40O5PM0UU000/nodes/40O5PR6KA000/children s=200 d=589µs s=147
INF http m=GET p=/api/v1/workspaces/40O5PM0UU000/nodes/40O5PRVSU000/children s=200 d=281µs s=149
INF http m=GET p=/api/v1/workspaces/40O5PRV9S000/nodes/40O5PUHF0000 s=200 d=721µs s=245
INF http m=GET p=/api/v1/workspaces/40O5PM0UU000/events s=200 d=129ms s=93
INF http m=POST p=/api/v1/auth/register s=200 d=144ms s=396
INF http m=GET p=/ s=200 d=57µs s=541
INF http m=POST p=/api/v1/workspaces/40O5PRV9S000/nodes/0/page/create s=200 d=49.9ms s=26
INF http m=GET p=/assets/index-Dlg_ygoF.js s=200 d=195µs s=45483
INF http m=GET p=/assets/index-Bi-AgGrc.css s=200 d=128µs s=11684
INF http m=GET p=/assets/vendor-CnrH3R4r.js s=200 d=222µs s=28803
INF http m=GET p=/assets/editor-vendor-VZT4IkOY.js s=200 d=216µs s=92428
INF http m=GET p=/registerSW.js s=200 d=47µs s=87
INF http m=POST p=/api/v1/workspaces/40O5PRV9S000/nodes/40O5Q11QG000/page/create s=200 d=42.6ms s=26
INF http m=POST p=/api/v1/workspaces/40O5PRV9S000/nodes/40O5Q1C7A000/page/create s=200 d=30.2ms s=26
INF http m=GET p=/w/@40O5PRV9S000+workspace/@40O5PUHF0000+welcome s=200 d=46µs s=541
INF http m=GET p=/assets/en-BIK_e_4K.js s=200 d=92µs s=5251
INF http m=GET p=/api/v1/auth/me s=200 d=633µs s=167
INF http m=GET p=/api/v1/workspaces/40O5PRV9S000/events s=200 d=592ms s=285
INF http m=GET p=/assets/Onboarding-DQ2WAJCW.js s=200 d=42µs s=996
INF http m=GET p=/api/v1/notifications/unread-count s=200 d=261µs s=25
INF http m=GET p=/favicon.png s=200 d=60µs s=449
INF http m=GET p=/sw.js s=200 d=84µs s=5593
INF http m=GET p=/api/v1/auth/me s=200 d=757µs s=355
INF http m=GET p=/registerSW.js s=200 d=41µs s=87
INF http m=GET p=/index.html s=200 d=60µs s=541
INF http m=GET p=/icon.svg s=200 d=45µs s=195
INF http m=GET p=/api/v1/notifications/unread-count s=200 d=199µs s=25
INF http m=GET p=/icon-512.png s=200 d=76µs s=6498
INF http m=GET p=/api/v1/workspaces/40O5PRV9S000/nodes/0/children s=200 d=803µs s=253
INF http m=GET p=/api/v1/workspaces/40O5PRV9S000/nodes/40O5PUHF0000 s=200 d=700µs s=245
INF http m=GET p=/api/v1/workspaces/40O5PRV9S000/members s=200 d=3.91ms s=126
INF http m=GET p=/icon-192.png s=200 d=69µs s=2468
INF http m=GET p=/favicon.png s=200 d=47µs s=449
INF http m=GET p=/api/v1/workspaces/40O5PRV9S000/nodes/40O5Q11QG000/children s=200 d=350µs s=156
INF http m=GET p=/apple-touch-icon.png s=200 d=38µs s=2298
INF http m=POST p=/api/v1/organizations s=200 d=133ms s=354
INF http m=GET p=/api/v1/auth/me s=200 d=268µs s=253
INF http m=GET p=/assets/material-symbols-names-D7AiM4If.js s=200 d=88µs s=15478
INF http m=GET p=/assets/fr-B1PqNQ7U.js s=200 d=1.2ms s=6351
INF http m=GET p=/assets/es-OK4oleHZ.js s=200 d=70µs s=6048
INF http m=GET p=/api/v1/workspaces/40O5PRV9S000/nodes/40O5Q1C7A000 s=200 d=346µs s=134
INF http m=GET p=/assets/emoji-groups-El6awxEn.js s=200 d=113µs s=13851
INF http m=GET p=/api/v1/workspaces/40O5PRV9S000/nodes/40O5Q11QG000 s=200 d=315µs s=125
INF http m=GET p=/assets/de-CSEWDUi3.js s=200 d=86µs s=6281
INF http m=GET p=/assets/WorkspaceSettingsPanel-BXpT4LCS.css s=200 d=35µs s=994
INF http m=GET p=/assets/WorkspaceSettingsPanel-BB4UnxOs.js s=200 d=58µs s=4465
INF http m=GET p=/assets/Terms-CDs9SgkA.js s=200 d=29µs s=1013
INF http m=GET p=/assets/ServerSettingsPanel-Co4AQ7oB.css s=200 d=30µs s=576
INF http m=GET p=/assets/ServerSettingsPanel-CUtQeHs8.js s=200 d=38µs s=2551
INF http m=GET p=/assets/ResourceQuotaForm-CBiYRbX4.js s=200 d=30µs s=832
INF http m=GET p=/assets/ResourceQuotaForm-BFoPj33M.css s=200 d=28µs s=297
INF http m=GET p=/assets/ProfileSettings-DF5AVI35.js s=200 d=62µs s=4393
INF http m=GET p=/assets/ProfileSettings-CX-HDEdu.css s=200 d=32µs s=1177
INF http m=GET p=/assets/Privacy-cCrfp6_1.css s=200 d=23µs s=314
INF http m=GET p=/assets/Privacy-CgsgvqEr.js s=200 d=25µs s=904
INF http m=GET p=/assets/OrgSettingsPanel-D9VVCokd.css s=200 d=22µs s=488
INF http m=GET p=/assets/OrgSettingsPanel-9P66Q2ps.js s=200 d=39µs s=2333
INF http m=GET p=/assets/OAuthIcons-csRRTXki.js s=200 d=32µs s=951
INF http m=GET p=/assets/InviteForm-DLxm8fu0.css s=200 d=27µs s=394
INF http m=GET p=/assets/InviteForm-CV0yK4I0.js s=200 d=27µs s=1291
INF http m=GET p=/assets/Editor-DfcJ-Jfc.css s=200 d=34µs s=2151
INF http m=GET p=/assets/Editor-BCbjs9IY.js s=200 d=598µs s=13602
INF http m=GET p=/api/v1/workspaces/40O5PRV9S000/nodes/40O5Q1C7A000/children s=200 d=642µs s=151
INF http m=GET p=/assets/Auth-8NWYUGup.js s=200 d=30µs s=1677
INF http m=GET p=/assets/Auth-6SolzSg2.css s=200 d=33µs s=633
INF http m=GET p=/assets/AdminDashboard-DpHjrDyw.js s=200 d=43µs s=2142
INF http m=GET p=/assets/AdminDashboard-CjPbo26j.css s=200 d=26µs s=584
INF http m=GET p=/manifest.webmanifest s=200 d=30µs s=199
INF http m=GET p=/api/v1/workspaces/40O5PRV9S000/nodes/40O5Q1N1I000 s=200 d=2.13ms s=141
INF http m=GET p=/api/v1/workspaces/40O5PRV9S000/nodes/40O5Q1C7A000 s=200 d=437µs s=134
INF http m=GET p=/api/v1/workspaces/40O5PRV9S000/nodes/40O5Q11QG000 s=200 d=290µs s=125
INF http m=GET p=/api/v1/workspaces/40O5PRV9S000/nodes/40O5Q11QG000 s=200 d=344µs s=125
INF http m=GET p=/api/v1/workspaces/40O5PRV9S000/events s=200 d=363ms s=93
INF http m=POST p=/api/v1/organizations/40O5Q2CC8000/workspaces s=200 d=421ms s=302
INF http m=POST p=/api/v1/auth/switch-workspace s=200 d=79.4ms s=608
INF http m=GET p=/api/v1/notifications/unread-count s=200 d=439µs s=25
INF http m=GET p=/api/v1/workspaces/40O5Q38QS000/members s=200 d=2.33ms s=119
INF http m=GET p=/api/v1/workspaces/40O5Q38QS000/nodes/0/children s=200 d=6.71ms s=26
INF http m=POST p=/api/v1/workspaces/40O5Q38QS000/nodes/0/page/create s=200 d=25.3ms s=35
INF http m=GET p=/api/v1/workspaces/40O5Q38QS000/nodes/0/children s=200 d=283µs s=257
INF http m=GET p=/api/v1/workspaces/40O5Q38QS000/nodes/40O5Q6O74000 s=200 d=310µs s=245
INF http m=POST p=/api/v1/auth/register s=200 d=223ms s=391
INF http m=GET p=/ s=200 d=58µs s=541
INF http m=GET p=/assets/index-Dlg_ygoF.js s=200 d=151µs s=45483
INF http m=GET p=/assets/index-Bi-AgGrc.css s=200 d=129µs s=11684
INF http m=GET p=/assets/vendor-CnrH3R4r.js s=200 d=132µs s=28803
INF http m=GET p=/assets/editor-vendor-VZT4IkOY.js s=200 d=184µs s=92428
INF http m=GET p=/registerSW.js s=200 d=36µs s=87
INF http m=GET p=/api/v1/auth/me s=200 d=222µs s=164
INF http m=GET p=/assets/en-BIK_e_4K.js s=200 d=66µs s=5251
INF http m=POST p=/api/v1/workspaces/40O5Q38QS000/nodes/0/page/create s=200 d=35.6ms s=26
INF http m=GET p=/w/@40O5Q38QS000+workspace/@40O5Q6O74000+welcome s=200 d=43µs s=541
INF http m=GET p=/assets/Onboarding-DQ2WAJCW.js s=200 d=29µs s=996
INF http m=GET p=/api/v1/notifications/unread-count s=200 d=181µs s=25
INF http m=GET p=/favicon.png s=200 d=63µs s=449
INF http m=GET p=/api/v1/workspaces/40O5Q38QS000/events s=200 d=303ms s=227
INF http m=GET p=/sw.js s=200 d=87µs s=5593
INF http m=GET p=/registerSW.js s=200 d=46µs s=87
INF http m=GET p=/api/v1/auth/me s=200 d=490µs s=357
INF http m=GET p=/index.html s=200 d=64µs s=541
INF http m=GET p=/icon.svg s=200 d=34µs s=195
INF http m=GET p=/icon-512.png s=200 d=125µs s=6498
INF http m=POST p=/api/v1/organizations s=200 d=111ms s=350
INF http m=GET p=/api/v1/auth/me s=200 d=1.02ms s=251
INF http m=GET p=/icon-192.png s=200 d=41µs s=2468
INF http m=GET p=/api/v1/notifications/unread-count s=200 d=139µs s=25
INF http m=GET p=/api/v1/workspaces/40O5Q38QS000/members s=200 d=7.78ms s=119
INF http m=GET p=/api/v1/workspaces/40O5Q38QS000/nodes/0/children s=200 d=3.52ms s=288
INF http m=GET p=/api/v1/workspaces/40O5Q38QS000/nodes/40O5Q6O74000 s=200 d=246µs s=245
INF http m=GET p=/favicon.png s=200 d=41µs s=449
INF http m=GET p=/apple-touch-icon.png s=200 d=78µs s=2298
INF http m=GET p=/assets/material-symbols-names-D7AiM4If.js s=200 d=117µs s=15478
INF http m=GET p=/api/v1/workspaces/40O5Q38QS000/nodes/40O5Q81PI000 s=200 d=749µs s=179
INF http m=GET p=/assets/fr-B1PqNQ7U.js s=200 d=76µs s=6351
INF http m=GET p=/assets/es-OK4oleHZ.js s=200 d=97µs s=6048
INF http m=GET p=/assets/emoji-groups-El6awxEn.js s=200 d=113µs s=13851
INF http m=GET p=/assets/de-CSEWDUi3.js s=200 d=101µs s=6281
INF http m=GET p=/assets/WorkspaceSettingsPanel-BXpT4LCS.css s=200 d=32µs s=994
INF http m=GET p=/assets/WorkspaceSettingsPanel-BB4UnxOs.js s=200 d=80µs s=4465
INF http m=GET p=/assets/Terms-CDs9SgkA.js s=200 d=33µs s=1013
INF http m=GET p=/assets/ServerSettingsPanel-Co4AQ7oB.css s=200 d=36µs s=576
INF http m=GET p=/assets/ServerSettingsPanel-CUtQeHs8.js s=200 d=76µs s=2551
INF http m=GET p=/assets/ResourceQuotaForm-CBiYRbX4.js s=200 d=36µs s=832
INF http m=GET p=/assets/ResourceQuotaForm-BFoPj33M.css s=200 d=97µs s=297
INF http m=GET p=/assets/ProfileSettings-DF5AVI35.js s=200 d=128µs s=4393
INF http m=GET p=/assets/ProfileSettings-CX-HDEdu.css s=200 d=55µs s=1177
INF http m=GET p=/assets/Privacy-cCrfp6_1.css s=200 d=39µs s=314
INF http m=GET p=/assets/Privacy-CgsgvqEr.js s=200 d=27µs s=904
INF http m=GET p=/assets/OrgSettingsPanel-D9VVCokd.css s=200 d=26µs s=488
INF http m=GET p=/assets/OrgSettingsPanel-9P66Q2ps.js s=200 d=62µs s=2333
INF http m=GET p=/assets/OAuthIcons-csRRTXki.js s=200 d=32µs s=951
INF http m=GET p=/assets/InviteForm-DLxm8fu0.css s=200 d=35µs s=394
INF http m=GET p=/assets/InviteForm-CV0yK4I0.js s=200 d=37µs s=1291
INF http m=GET p=/assets/Editor-DfcJ-Jfc.css s=200 d=48µs s=2151
INF http m=GET p=/assets/Editor-BCbjs9IY.js s=200 d=87µs s=13602
INF http m=GET p=/api/v1/workspaces/40O5Q38QS000/events s=200 d=217ms s=93
INF http m=GET p=/assets/Auth-8NWYUGup.js s=200 d=32µs s=1677
INF http m=GET p=/assets/Auth-6SolzSg2.css s=200 d=43µs s=633
INF http m=GET p=/assets/AdminDashboard-DpHjrDyw.js s=200 d=47µs s=2142
INF http m=GET p=/assets/AdminDashboard-CjPbo26j.css s=200 d=34µs s=584
INF http m=GET p=/manifest.webmanifest s=200 d=42µs s=199
INF http m=POST p=/api/v1/organizations/40O5Q8FJM000/workspaces s=200 d=551ms s=300
INF http m=POST p=/api/v1/auth/register s=200 d=176ms s=395
INF http m=GET p=/ s=200 d=63µs s=541
INF http m=GET p=/registerSW.js s=200 d=55µs s=87
INF http m=GET p=/assets/editor-vendor-VZT4IkOY.js s=200 d=180µs s=92428
INF http m=GET p=/assets/index-Dlg_ygoF.js s=200 d=135µs s=45483
INF http m=GET p=/assets/vendor-CnrH3R4r.js s=200 d=101µs s=28803
INF http m=GET p=/assets/index-Bi-AgGrc.css s=200 d=113µs s=11684
INF http m=POST p=/api/v1/auth/switch-workspace s=200 d=89.9ms s=620
INF http m=GET p=/api/v1/notifications/unread-count s=200 d=205µs s=25
INF http m=GET p=/api/v1/workspaces/40O5Q985E000/nodes/0/children s=200 d=317µs s=26
INF http m=GET p=/api/v1/workspaces/40O5Q985E000/members s=200 d=541µs s=126
INF http m=GET p=/api/v1/auth/me s=200 d=2.62ms s=167
INF http m=GET p=/assets/en-BIK_e_4K.js s=200 d=158µs s=5251
INF http m=GET p=/assets/Onboarding-DQ2WAJCW.js s=200 d=44µs s=996
INF http m=GET p=/api/v1/notifications/unread-count s=200 d=582µs s=25
INF http m=GET p=/favicon.png s=200 d=33µs s=449
INF http m=GET p=/sw.js s=200 d=95µs s=5593
INF http m=GET p=/registerSW.js s=200 d=43µs s=87
INF http m=GET p=/index.html s=200 d=32µs s=541
INF http m=GET p=/icon.svg s=200 d=27µs s=195
INF http m=GET p=/icon-512.png s=200 d=90µs s=6498
INF http m=GET p=/icon-192.png s=200 d=80µs s=2468
INF http m=GET p=/favicon.png s=200 d=31µs s=449
INF http m=POST p=/api/v1/workspaces/40O5Q985E000/nodes/0/page/create s=200 d=112ms s=35
INF http m=GET p=/apple-touch-icon.png s=200 d=41µs s=2298
INF http m=GET p=/api/v1/workspaces/40O5Q985E000/nodes/0/children s=200 d=661µs s=257
INF http m=POST p=/api/v1/organizations s=200 d=91ms s=351
INF http m=GET p=/api/v1/workspaces/40O5Q985E000/nodes/40O5QDH0O000 s=200 d=805µs s=245
INF http m=GET p=/api/v1/auth/me s=200 d=818µs s=250
INF http m=GET p=/assets/material-symbols-names-D7AiM4If.js s=200 d=94µs s=15478
INF http m=GET p=/assets/fr-B1PqNQ7U.js s=200 d=101µs s=6351
INF http m=GET p=/assets/es-OK4oleHZ.js s=200 d=77µs s=6048
INF http m=GET p=/assets/emoji-groups-El6awxEn.js s=200 d=90µs s=13851
INF http m=GET p=/assets/de-CSEWDUi3.js s=200 d=65µs s=6281
INF http m=GET p=/assets/WorkspaceSettingsPanel-BXpT4LCS.css s=200 d=32µs s=994
INF http m=GET p=/assets/WorkspaceSettingsPanel-BB4UnxOs.js s=200 d=63µs s=4465
INF http m=GET p=/assets/Terms-CDs9SgkA.js s=200 d=23µs s=1013
INF http m=GET p=/assets/ServerSettingsPanel-Co4AQ7oB.css s=200 d=22µs s=576
INF http m=GET p=/assets/ServerSettingsPanel-CUtQeHs8.js s=200 d=79µs s=2551
INF http m=GET p=/assets/ResourceQuotaForm-CBiYRbX4.js s=200 d=24µs s=832
INF http m=POST p=/api/v1/workspaces/40O5Q985E000/nodes/0/page/create s=200 d=97.4ms s=26
INF http m=GET p=/assets/ResourceQuotaForm-BFoPj33M.css s=200 d=50µs s=297
INF http m=GET p=/w/@40O5Q985E000+workspace/@40O5QDH0O000+welcome s=200 d=27µs s=541
INF http m=GET p=/assets/ProfileSettings-DF5AVI35.js s=200 d=87µs s=4393
INF http m=GET p=/api/v1/workspaces/40O5Q985E000/events s=200 d=254ms s=230
INF http m=GET p=/assets/ProfileSettings-CX-HDEdu.css s=200 d=51µs s=1177
INF http m=GET p=/assets/Privacy-cCrfp6_1.css s=200 d=29µs s=314
INF http m=GET p=/assets/Privacy-CgsgvqEr.js s=200 d=27µs s=904
INF http m=GET p=/assets/OrgSettingsPanel-D9VVCokd.css s=200 d=35µs s=488
INF http m=GET p=/assets/OrgSettingsPanel-9P66Q2ps.js s=200 d=66µs s=2333
INF http m=GET p=/assets/OAuthIcons-csRRTXki.js s=200 d=38µs s=951
INF http m=GET p=/assets/InviteForm-DLxm8fu0.css s=200 d=33µs s=394
INF http m=GET p=/assets/InviteForm-CV0yK4I0.js s=200 d=34µs s=1291
INF http m=GET p=/api/v1/auth/me s=200 d=431µs s=352
INF http m=GET p=/assets/Editor-DfcJ-Jfc.css s=200 d=49µs s=2151
INF http m=GET p=/assets/Editor-BCbjs9IY.js s=200 d=87µs s=13602
INF http m=GET p=/assets/Auth-8NWYUGup.js s=200 d=32µs s=1677
INF http m=GET p=/assets/Auth-6SolzSg2.css s=200 d=20µs s=633
INF http m=GET p=/assets/AdminDashboard-DpHjrDyw.js s=200 d=49µs s=2142
INF http m=GET p=/api/v1/workspaces/40O5Q985E000/nodes/0/children s=200 d=487µs s=240
INF http m=GET p=/api/v1/notifications/unread-count s=200 d=133µs s=25
INF http m=GET p=/assets/AdminDashboard-CjPbo26j.css s=200 d=30µs s=584
INF http m=GET p=/api/v1/workspaces/40O5Q985E000/members s=200 d=147µs s=126
INF http m=GET p=/api/v1/workspaces/40O5Q985E000/nodes/40O5QDH0O000 s=200 d=269µs s=245
INF http m=GET p=/manifest.webmanifest s=200 d=28µs s=199
INF http m=GET p=/api/v1/workspaces/40O5Q985E000/nodes/40O5QED3K000 s=200 d=290µs s=138
INF http m=POST p=/api/v1/organizations/40O5QDNI8000/workspaces s=200 d=431ms s=302
INF http m=POST p=/api/v1/auth/switch-workspace s=200 d=45.6ms s=581
INF http m=GET p=/api/v1/notifications/unread-count s=200 d=177µs s=25
INF http m=GET p=/api/v1/workspaces/40O5QECKA000/members s=200 d=264µs s=132
INF http m=GET p=/api/v1/workspaces/40O5QECKA000/nodes/0/children s=200 d=338µs s=26
INF http m=POST p=/api/v1/workspaces/40O5QECKA000/nodes/0/page/create s=200 d=24.6ms s=35
INF http m=GET p=/api/v1/workspaces/40O5QECKA000/nodes/0/children s=200 d=280µs s=257
INF http m=GET p=/api/v1/workspaces/40O5QECKA000/nodes/40O5QHD3K000 s=200 d=1.51ms s=245
INF http m=POST p=/api/v1/workspaces/40O5QECKA000/nodes/0/page/create s=200 d=17ms s=26
INF http m=GET p=/w/@40O5QECKA000+workspace/@40O5QHD3K000+welcome s=200 d=35µs s=541
INF http m=GET p=/api/v1/workspaces/40O5QECKA000/events s=200 d=323ms s=233
INF http m=GET p=/api/v1/workspaces/40O5Q985E000/events s=200 d=645ms s=93
INF http m=GET p=/api/v1/auth/me s=200 d=422µs s=353
INF http m=GET p=/api/v1/notifications/unread-count s=200 d=189µs s=25
INF http m=GET p=/api/v1/workspaces/40O5QECKA000/nodes/40O5QHD3K000 s=200 d=280µs s=245
INF http m=GET p=/api/v1/workspaces/40O5QECKA000/nodes/0/children s=200 d=315µs s=276
INF http m=GET p=/api/v1/workspaces/40O5QECKA000/members s=200 d=830µs s=132
INF http m=GET p=/api/v1/workspaces/40O5QECKA000/nodes/40O5QJ6G0000 s=200 d=3.22ms s=168
INF http m=POST p=/api/v1/auth/register s=200 d=178ms s=381
INF http m=GET p=/ s=200 d=56µs s=541
INF http m=GET p=/api/v1/workspaces/40O5QECKA000/events s=200 d=337ms s=93
INF http m=GET p=/assets/index-Bi-AgGrc.css s=200 d=157µs s=11684
INF http m=GET p=/assets/index-Dlg_ygoF.js s=200 d=125µs s=45483
INF http m=GET p=/registerSW.js s=200 d=27µs s=87
INF http m=GET p=/assets/editor-vendor-VZT4IkOY.js s=200 d=156µs s=92428
INF http m=GET p=/assets/vendor-CnrH3R4r.js s=200 d=5.01ms s=28803
INF http m=GET p=/assets/en-BIK_e_4K.js s=200 d=93µs s=5251
INF http m=GET p=/api/v1/auth/me s=200 d=597µs s=165
INF http m=GET p=/assets/Onboarding-DQ2WAJCW.js s=200 d=61µs s=996
INF http m=GET p=/api/v1/notifications/unread-count s=200 d=241µs s=25
INF http m=GET p=/sw.js s=200 d=128µs s=5593
INF http m=GET p=/favicon.png s=200 d=53µs s=449
INF http m=GET p=/registerSW.js s=200 d=51µs s=87
INF http m=GET p=/index.html s=200 d=49µs s=541
INF http m=GET p=/icon.svg s=200 d=40µs s=195
INF http m=GET p=/icon-512.png s=200 d=91µs s=6498
INF http m=GET p=/icon-192.png s=200 d=67µs s=2468
INF http m=GET p=/favicon.png s=200 d=75µs s=449
INF http m=GET p=/apple-touch-icon.png s=200 d=53µs s=2298
INF http m=POST p=/api/v1/organizations s=200 d=112ms s=350
INF http m=GET p=/api/v1/auth/me s=200 d=15.2ms s=249
INF http m=GET p=/assets/material-symbols-names-D7AiM4If.js s=200 d=109µs s=15478
INF http m=GET p=/assets/fr-B1PqNQ7U.js s=200 d=80µs s=6351
INF http m=GET p=/assets/es-OK4oleHZ.js s=200 d=105µs s=6048
INF http m=GET p=/assets/emoji-groups-El6awxEn.js s=200 d=93µs s=13851
INF http m=GET p=/assets/de-CSEWDUi3.js s=200 d=88µs s=6281
INF http m=GET p=/assets/WorkspaceSettingsPanel-BXpT4LCS.css s=200 d=30µs s=994
INF http m=GET p=/assets/WorkspaceSettingsPanel-BB4UnxOs.js s=200 d=64µs s=4465
INF http m=GET p=/assets/Terms-CDs9SgkA.js s=200 d=29µs s=1013
INF http m=GET p=/assets/ServerSettingsPanel-Co4AQ7oB.css s=200 d=30µs s=576
INF http m=GET p=/assets/ServerSettingsPanel-CUtQeHs8.js s=200 d=44µs s=2551
INF http m=GET p=/assets/ResourceQuotaForm-CBiYRbX4.js s=200 d=53µs s=832
INF http m=GET p=/assets/ResourceQuotaForm-BFoPj33M.css s=200 d=56µs s=297
INF http m=GET p=/assets/ProfileSettings-DF5AVI35.js s=200 d=67µs s=4393
INF http m=GET p=/assets/ProfileSettings-CX-HDEdu.css s=200 d=30µs s=1177
INF http m=GET p=/assets/Privacy-cCrfp6_1.css s=200 d=70µs s=314
INF http m=GET p=/assets/Privacy-CgsgvqEr.js s=200 d=31µs s=904
INF http m=GET p=/assets/OrgSettingsPanel-D9VVCokd.css s=200 d=34µs s=488
INF http m=GET p=/assets/OrgSettingsPanel-9P66Q2ps.js s=200 d=27µs s=2333
INF http m=GET p=/assets/OAuthIcons-csRRTXki.js s=200 d=58µs s=951
INF http m=GET p=/assets/InviteForm-DLxm8fu0.css s=200 d=38µs s=394
INF http m=GET p=/assets/InviteForm-CV0yK4I0.js s=200 d=33µs s=1291
INF http m=GET p=/assets/Editor-DfcJ-Jfc.css s=200 d=35µs s=2151
INF http m=GET p=/assets/Editor-BCbjs9IY.js s=200 d=78µs s=13602
INF http m=GET p=/assets/Auth-8NWYUGup.js s=200 d=41µs s=1677
INF http m=GET p=/assets/Auth-6SolzSg2.css s=200 d=26µs s=633
INF http m=GET p=/assets/AdminDashboard-DpHjrDyw.js s=200 d=37µs s=2142
INF http m=GET p=/assets/AdminDashboard-CjPbo26j.css s=200 d=23µs s=584
INF http m=GET p=/manifest.webmanifest s=200 d=27µs s=199
INF http m=POST p=/api/v1/organizations/40O5QNM7E000/workspaces s=200 d=435ms s=297
INF http m=POST p=/api/v1/auth/register s=200 d=564ms s=398
INF http m=GET p=/ s=200 d=85µs s=541
INF http m=GET p=/assets/index-Dlg_ygoF.js s=200 d=146µs s=45483
INF http m=GET p=/registerSW.js s=200 d=29µs s=87
INF http m=GET p=/assets/index-Bi-AgGrc.css s=200 d=96µs s=11684
INF http m=GET p=/assets/editor-vendor-VZT4IkOY.js s=200 d=131µs s=92428
INF http m=GET p=/assets/vendor-CnrH3R4r.js s=200 d=117µs s=28803
INF http m=POST p=/api/v1/auth/switch-workspace s=200 d=91.6ms s=601
INF http m=GET p=/api/v1/notifications/unread-count s=200 d=382µs s=25
INF http m=GET p=/api/v1/workspaces/40O5QOI62000/nodes/0/children s=200 d=2.82ms s=26
INF http m=GET p=/api/v1/workspaces/40O5QOI62000/members s=200 d=3.18ms s=124
INF http m=POST p=/api/v1/workspaces/40O5QOI62000/nodes/0/page/create s=200 d=23ms s=35
INF http m=GET p=/assets/en-BIK_e_4K.js s=200 d=124µs s=5251
INF http m=GET p=/api/v1/auth/me s=200 d=653µs s=166
INF http m=GET p=/api/v1/workspaces/40O5QOI62000/nodes/0/children s=200 d=954µs s=257
INF http m=GET p=/api/v1/workspaces/40O5QOI62000/nodes/40O5QRUJM000 s=200 d=767µs s=245
INF http m=GET p=/favicon.png s=200 d=31µs s=449
INF http m=GET p=/assets/Onboarding-DQ2WAJCW.js s=200 d=29µs s=996
INF http m=GET p=/api/v1/notifications/unread-count s=200 d=180µs s=25
INF http m=GET p=/sw.js s=200 d=78µs s=5593
INF http m=GET p=/registerSW.js s=200 d=45µs s=87
INF http m=GET p=/index.html s=200 d=40µs s=541
INF http m=GET p=/icon.svg s=200 d=31µs s=195
INF http m=GET p=/icon-512.png s=200 d=62µs s=6498
INF http m=GET p=/icon-192.png s=200 d=34µs s=2468
INF http m=GET p=/favicon.png s=200 d=24µs s=449
INF http m=GET p=/apple-touch-icon.png s=200 d=33µs s=2298
INF http m=POST p=/api/v1/organizations s=200 d=63.3ms s=353
INF http m=GET p=/api/v1/auth/me s=200 d=561µs s=253
INF http m=GET p=/assets/material-symbols-names-D7AiM4If.js s=200 d=131µs s=15478
INF http m=GET p=/assets/fr-B1PqNQ7U.js s=200 d=109µs s=6351
INF http m=GET p=/assets/es-OK4oleHZ.js s=200 d=63µs s=6048
INF http m=GET p=/assets/emoji-groups-El6awxEn.js s=200 d=83µs s=13851
INF http m=GET p=/assets/de-CSEWDUi3.js s=200 d=72µs s=6281
INF http m=GET p=/assets/WorkspaceSettingsPanel-BXpT4LCS.css s=200 d=33µs s=994
INF http m=GET p=/assets/WorkspaceSettingsPanel-BB4UnxOs.js s=200 d=65µs s=4465
INF http m=GET p=/assets/Terms-CDs9SgkA.js s=200 d=37µs s=1013
INF http m=GET p=/assets/ServerSettingsPanel-Co4AQ7oB.css s=200 d=35µs s=576
INF http m=GET p=/assets/ServerSettingsPanel-CUtQeHs8.js s=200 d=45µs s=2551
INF http m=GET p=/assets/ResourceQuotaForm-CBiYRbX4.js s=200 d=24µs s=832
INF http m=GET p=/assets/ResourceQuotaForm-BFoPj33M.css s=200 d=22µs s=297
INF http m=GET p=/assets/ProfileSettings-DF5AVI35.js s=200 d=56µs s=4393
INF http m=GET p=/assets/ProfileSettings-CX-HDEdu.css s=200 d=30µs s=1177
INF http m=GET p=/assets/Privacy-cCrfp6_1.css s=200 d=27µs s=314
INF http m=GET p=/assets/Privacy-CgsgvqEr.js s=200 d=24µs s=904
INF http m=GET p=/assets/OrgSettingsPanel-D9VVCokd.css s=200 d=22µs s=488
INF http m=GET p=/assets/OrgSettingsPanel-9P66Q2ps.js s=200 d=35µs s=2333
INF http m=GET p=/assets/OAuthIcons-csRRTXki.js s=200 d=34µs s=951
INF http m=GET p=/assets/InviteForm-DLxm8fu0.css s=200 d=31µs s=394
INF http m=GET p=/assets/InviteForm-CV0yK4I0.js s=200 d=31µs s=1291
INF http m=GET p=/assets/Editor-DfcJ-Jfc.css s=200 d=32µs s=2151
INF http m=GET p=/assets/Editor-BCbjs9IY.js s=200 d=75µs s=13602
INF http m=GET p=/assets/Auth-8NWYUGup.js s=200 d=27µs s=1677
INF http m=GET p=/assets/Auth-6SolzSg2.css s=200 d=25µs s=633
INF http m=GET p=/assets/AdminDashboard-DpHjrDyw.js s=200 d=33µs s=2142
INF http m=GET p=/assets/AdminDashboard-CjPbo26j.css s=200 d=23µs s=584
INF http m=GET p=/manifest.webmanifest s=200 d=30µs s=199
INF http m=POST p=/api/v1/organizations/40O5QS8NA000/workspaces s=200 d=338ms s=301
INF http m=POST p=/api/v1/workspaces/40O5QOI62000/nodes/0/page/create s=200 d=293ms s=26
INF http m=GET p=/w/@40O5QOI62000+workspace/@40O5QRUJM000+welcome s=200 d=44µs s=541
INF http m=GET p=/api/v1/workspaces/40O5QOI62000/events s=200 d=509ms s=233
INF http m=GET p=/api/v1/auth/me s=200 d=1.76ms s=350
INF http m=POST p=/api/v1/auth/switch-workspace s=200 d=85.9ms s=574
INF http m=GET p=/api/v1/notifications/unread-count s=200 d=708µs s=25
INF http m=GET p=/api/v1/workspaces/40O5QSLSM000/members s=200 d=673µs s=130
INF http m=GET p=/api/v1/workspaces/40O5QSLSM000/nodes/0/children s=200 d=710µs s=26
INF http m=GET p=/api/v1/workspaces/40O5QOI62000/nodes/40O5QRUJM000 s=200 d=1.62ms s=245
INF http m=GET p=/api/v1/notifications/unread-count s=200 d=5.39ms s=25
INF http m=GET p=/api/v1/workspaces/40O5QOI62000/members s=200 d=14.7ms s=124
INF http m=GET p=/api/v1/workspaces/40O5QOI62000/nodes/0/children s=200 d=24ms s=237
INF http m=POST p=/api/v1/workspaces/40O5QSLSM000/nodes/0/page/create s=200 d=29.9ms s=35
INF http m=GET p=/api/v1/workspaces/40O5QSLSM000/nodes/0/children s=200 d=292µs s=257
INF http m=GET p=/api/v1/workspaces/40O5QSLSM000/nodes/40O5QVJ1S000 s=200 d=268µs s=245
INF http m=GET p=/api/v1/workspaces/40O5QOI62000/nodes/40O5QT5JU000 s=200 d=305µs s=141
INF http m=POST p=/api/v1/workspaces/40O5QSLSM000/nodes/0/page/create s=200 d=24.1ms s=26
INF http m=GET p=/w/@40O5QSLSM000+workspace/@40O5QVJ1S000+welcome s=200 d=47µs s=541
INF http m=GET p=/api/v1/workspaces/40O5QSLSM000/events s=200 d=421ms s=236
INF http m=GET p=/api/v1/auth/me s=200 d=339µs s=356
INF http m=GET p=/api/v1/notifications/unread-count s=200 d=279µs s=25
INF http m=GET p=/api/v1/workspaces/40O5QSLSM000/members s=200 d=371µs s=130
INF http m=GET p=/api/v1/workspaces/40O5QSLSM000/nodes/0/children s=200 d=924µs s=273
INF http m=GET p=/api/v1/workspaces/40O5QSLSM000/nodes/40O5QVJ1S000 s=200 d=676µs s=245
INF http m=GET p=/api/v1/workspaces/40O5QSLSM000/nodes/40O5R1OK8000 s=200 d=491µs s=164
INF http m=GET p=/api/v1/workspaces/40O5QSLSM000/events s=200 d=445ms s=93
INF http m=GET p=/api/v1/workspaces/40O5QOI62000/events s=200 d=1.08s s=93
INF http m=POST p=/api/v1/auth/register s=200 d=209ms s=397
INF http m=GET p=/ s=200 d=62µs s=541
INF http m=GET p=/assets/vendor-CnrH3R4r.js s=200 d=162µs s=28803
INF http m=GET p=/assets/index-Bi-AgGrc.css s=200 d=89µs s=11684
INF http m=GET p=/assets/editor-vendor-VZT4IkOY.js s=200 d=133µs s=92428
INF http m=GET p=/registerSW.js s=200 d=26µs s=87
INF http m=GET p=/assets/index-Dlg_ygoF.js s=200 d=111µs s=45483
INF http m=GET p=/assets/en-BIK_e_4K.js s=200 d=91µs s=5251
INF http m=GET p=/api/v1/auth/me s=200 d=201µs s=168
INF http m=GET p=/favicon.png s=200 d=43µs s=449
INF http m=GET p=/assets/Onboarding-DQ2WAJCW.js s=200 d=38µs s=996
INF http m=GET p=/sw.js s=200 d=61µs s=5593
INF http m=GET p=/api/v1/notifications/unread-count s=200 d=173µs s=25
INF http m=GET p=/registerSW.js s=200 d=82µs s=87
INF http m=POST p=/api/v1/auth/register s=200 d=279ms s=398
INF http m=GET p=/index.html s=200 d=37µs s=541
INF http m=GET p=/icon.svg s=200 d=33µs s=195
INF http m=GET p=/ s=200 d=59µs s=541
INF http m=GET p=/icon-512.png s=200 d=57µs s=6498
INF http m=GET p=/icon-192.png s=200 d=39µs s=2468
INF http m=GET p=/favicon.png s=200 d=30µs s=449
INF http m=GET p=/apple-touch-icon.png s=200 d=48µs s=2298
INF http m=GET p=/assets/material-symbols-names-D7AiM4If.js s=200 d=95µs s=15478
INF http m=GET p=/assets/index-Dlg_ygoF.js s=200 d=151µs s=45483
INF http m=GET p=/assets/index-Bi-AgGrc.css s=200 d=105µs s=11684
INF http m=GET p=/registerSW.js s=200 d=50µs s=87
INF http m=GET p=/assets/vendor-CnrH3R4r.js s=200 d=100µs s=28803
INF http m=GET p=/assets/editor-vendor-VZT4IkOY.js s=200 d=142µs s=92428
INF http m=GET p=/assets/fr-B1PqNQ7U.js s=200 d=87µs s=6351
INF http m=GET p=/assets/es-OK4oleHZ.js s=200 d=93µs s=6048
INF http m=POST p=/api/v1/organizations s=200 d=163ms s=353
INF http m=GET p=/api/v1/auth/me s=200 d=238µs s=252
INF http m=GET p=/assets/emoji-groups-El6awxEn.js s=200 d=81µs s=13851
INF http m=GET p=/api/v1/auth/me s=200 d=220µs s=170
INF http m=GET p=/assets/en-BIK_e_4K.js s=200 d=65µs s=5251
INF http m=GET p=/assets/de-CSEWDUi3.js s=200 d=68µs s=6281
INF http m=GET p=/assets/Onboarding-DQ2WAJCW.js s=200 d=39µs s=996
INF http m=GET p=/assets/WorkspaceSettingsPanel-BXpT4LCS.css s=200 d=25µs s=994
INF http m=GET p=/api/v1/notifications/unread-count s=200 d=348µs s=25
INF http m=GET p=/favicon.png s=200 d=24µs s=449
INF http m=GET p=/assets/WorkspaceSettingsPanel-BB4UnxOs.js s=200 d=57µs s=4465
INF http m=GET p=/assets/Terms-CDs9SgkA.js s=200 d=31µs s=1013
INF http m=GET p=/assets/ServerSettingsPanel-Co4AQ7oB.css s=200 d=43µs s=576
INF http m=GET p=/assets/ServerSettingsPanel-CUtQeHs8.js s=200 d=47µs s=2551
INF http m=GET p=/assets/ResourceQuotaForm-CBiYRbX4.js s=200 d=35µs s=832
INF http m=GET p=/assets/ResourceQuotaForm-BFoPj33M.css s=200 d=30µs s=297
INF http m=GET p=/assets/ProfileSettings-DF5AVI35.js s=200 d=67µs s=4393
INF http m=GET p=/sw.js s=200 d=45µs s=5593
INF http m=GET p=/assets/ProfileSettings-CX-HDEdu.css s=200 d=110µs s=1177
INF http m=GET p=/assets/Privacy-cCrfp6_1.css s=200 d=25µs s=314
INF http m=GET p=/assets/Privacy-CgsgvqEr.js s=200 d=38µs s=904
INF http m=GET p=/assets/OrgSettingsPanel-D9VVCokd.css s=200 d=38µs s=488
INF http m=GET p=/registerSW.js s=200 d=45µs s=87
INF http m=GET p=/assets/OrgSettingsPanel-9P66Q2ps.js s=200 d=33µs s=2333
INF http m=GET p=/assets/OAuthIcons-csRRTXki.js s=200 d=37µs s=951
INF http m=GET p=/index.html s=200 d=35µs s=541
INF http m=GET p=/icon.svg s=200 d=23µs s=195
INF http m=GET p=/assets/InviteForm-DLxm8fu0.css s=200 d=23µs s=394
INF http m=GET p=/assets/InviteForm-CV0yK4I0.js s=200 d=29µs s=1291
INF http m=GET p=/icon-512.png s=200 d=370µs s=6498
INF http m=GET p=/icon-192.png s=200 d=79µs s=2468
INF http m=GET p=/favicon.png s=200 d=32µs s=449
INF http m=GET p=/assets/Editor-DfcJ-Jfc.css s=200 d=32µs s=2151
INF http m=GET p=/apple-touch-icon.png s=200 d=53µs s=2298
INF http m=GET p=/assets/Editor-BCbjs9IY.js s=200 d=67µs s=13602
INF http m=GET p=/assets/Auth-8NWYUGup.js s=200 d=41µs s=1677
INF http m=GET p=/assets/material-symbols-names-D7AiM4If.js s=200 d=82µs s=15478
INF http m=GET p=/assets/Auth-6SolzSg2.css s=200 d=20µs s=633
INF http m=GET p=/assets/AdminDashboard-DpHjrDyw.js s=200 d=42µs s=2142
INF http m=GET p=/assets/AdminDashboard-CjPbo26j.css s=200 d=39µs s=584
INF http m=GET p=/manifest.webmanifest s=200 d=35µs s=199
INF http m=GET p=/assets/fr-B1PqNQ7U.js s=200 d=63µs s=6351
INF http m=GET p=/assets/es-OK4oleHZ.js s=200 d=81µs s=6048
INF http m=GET p=/assets/emoji-groups-El6awxEn.js s=200 d=88µs s=13851
INF http m=GET p=/assets/de-CSEWDUi3.js s=200 d=77µs s=6281
INF http m=GET p=/assets/WorkspaceSettingsPanel-BXpT4LCS.css s=200 d=36µs s=994
INF http m=GET p=/assets/WorkspaceSettingsPanel-BB4UnxOs.js s=200 d=53µs s=4465
INF http m=GET p=/assets/Terms-CDs9SgkA.js s=200 d=24µs s=1013
INF http m=GET p=/assets/ServerSettingsPanel-Co4AQ7oB.css s=200 d=52µs s=576
INF http m=GET p=/assets/ServerSettingsPanel-CUtQeHs8.js s=200 d=41µs s=2551
INF http m=GET p=/assets/ResourceQuotaForm-CBiYRbX4.js s=200 d=52µs s=832
INF http m=GET p=/assets/ResourceQuotaForm-BFoPj33M.css s=200 d=26µs s=297
INF http m=GET p=/assets/ProfileSettings-DF5AVI35.js s=200 d=51µs s=4393
INF http m=GET p=/assets/ProfileSettings-CX-HDEdu.css s=200 d=27µs s=1177
INF http m=GET p=/assets/Privacy-cCrfp6_1.css s=200 d=26µs s=314
INF http m=GET p=/assets/Privacy-CgsgvqEr.js s=200 d=21µs s=904
INF http m=GET p=/assets/OrgSettingsPanel-D9VVCokd.css s=200 d=34µs s=488
INF http m=GET p=/assets/OrgSettingsPanel-9P66Q2ps.js s=200 d=33µs s=2333
INF http m=GET p=/assets/OAuthIcons-csRRTXki.js s=200 d=34µs s=951
INF http m=GET p=/assets/InviteForm-DLxm8fu0.css s=200 d=28µs s=394
INF http m=GET p=/assets/InviteForm-CV0yK4I0.js s=200 d=34µs s=1291
INF http m=GET p=/assets/Editor-DfcJ-Jfc.css s=200 d=26µs s=2151
INF http m=GET p=/assets/Editor-BCbjs9IY.js s=200 d=75µs s=13602
INF http m=GET p=/assets/Auth-8NWYUGup.js s=200 d=35µs s=1677
INF http m=GET p=/assets/Auth-6SolzSg2.css s=200 d=119µs s=633
INF http m=GET p=/assets/AdminDashboard-DpHjrDyw.js s=200 d=33µs s=2142
INF http m=GET p=/assets/AdminDashboard-CjPbo26j.css s=200 d=33µs s=584
INF http m=GET p=/manifest.webmanifest s=200 d=33µs s=199
INF http m=POST p=/api/v1/organizations/40O5R95KI000/workspaces s=200 d=523ms s=300
INF http m=POST p=/api/v1/organizations s=200 d=442ms s=356
INF http m=GET p=/api/v1/auth/me s=200 d=672µs s=256
INF http m=POST p=/api/v1/auth/switch-workspace s=200 d=40.8ms s=584
INF http m=GET p=/api/v1/notifications/unread-count s=200 d=171µs s=25
INF http m=GET p=/api/v1/workspaces/40O5RA8L6000/members s=200 d=431µs s=132
INF http m=GET p=/api/v1/workspaces/40O5RA8L6000/nodes/0/children s=200 d=1.47ms s=26
INF http m=POST p=/api/v1/organizations/40O5RAPGC000/workspaces s=200 d=325ms s=307
INF http m=POST p=/api/v1/workspaces/40O5RA8L6000/nodes/0/page/create s=200 d=279ms s=35
INF http m=GET p=/api/v1/workspaces/40O5RA8L6000/nodes/0/children s=200 d=303µs s=232
INF http m=GET p=/api/v1/workspaces/40O5RA8L6000/nodes/40O5RDQQC000 s=200 d=230µs s=245
INF http m=POST p=/api/v1/workspaces/40O5RA8L6000/nodes/0/page/create s=200 d=191ms s=26
INF http m=GET p=/w/@40O5RA8L6000+workspace/@40O5RDQQC000+welcome s=200 d=44µs s=541
INF http m=POST p=/api/v1/auth/switch-workspace s=200 d=58.8ms s=576
INF http m=GET p=/api/v1/workspaces/40O5RA8L6000/events s=200 d=341ms s=233
INF http m=GET p=/api/v1/notifications/unread-count s=200 d=322µs s=25
INF http m=GET p=/api/v1/workspaces/40O5RDGQ2000/members s=200 d=358µs s=120
INF http m=GET p=/api/v1/workspaces/40O5RDGQ2000/nodes/0/children s=200 d=1.92ms s=26
INF http m=GET p=/api/v1/auth/me s=200 d=282µs s=353
INF http m=POST p=/api/v1/workspaces/40O5RDGQ2000/nodes/0/page/create s=200 d=23.4ms s=35
INF http m=GET p=/api/v1/workspaces/40O5RDGQ2000/nodes/0/children s=200 d=740µs s=257
INF http m=GET p=/api/v1/workspaces/40O5RDGQ2000/nodes/40O5RG4CK000 s=200 d=600µs s=245
INF http m=GET p=/api/v1/notifications/unread-count s=200 d=162µs s=25
INF http m=GET p=/api/v1/workspaces/40O5RA8L6000/members s=200 d=7.74ms s=132
INF http m=GET p=/api/v1/workspaces/40O5RA8L6000/nodes/40O5RDQQC000 s=200 d=8.95ms s=245
INF http m=GET p=/api/v1/workspaces/40O5RA8L6000/nodes/0/children s=200 d=14ms s=232
INF http m=POST p=/api/v1/workspaces/40O5RDGQ2000/nodes/0/page/create s=200 d=26.7ms s=26
INF http m=GET p=/api/v1/workspaces/40O5RA8L6000/nodes/40O5RELOI000 s=200 d=335µs s=132
INF http m=POST p=/api/v1/workspaces/40O5RDGQ2000/nodes/40O5RGIHG000/page s=200 d=21.7ms s=26
INF http m=POST p=/api/v1/workspaces/40O5RDGQ2000/nodes/40O5RGIHG000/page s=200 d=17.7ms s=26
INF http m=POST p=/api/v1/workspaces/40O5RDGQ2000/nodes/40O5RGIHG000/page s=200 d=16.8ms s=26
INF http m=GET p=/w/@40O5RDGQ2000+workspace/@40O5RG4CK000+welcome s=200 d=40µs s=541
INF http m=GET p=/api/v1/workspaces/40O5RDGQ2000/events s=200 d=197ms s=297
INF http m=GET p=/api/v1/auth/me s=200 d=699µs s=357
INF http m=GET p=/api/v1/notifications/unread-count s=200 d=1.5ms s=25
INF http m=GET p=/api/v1/workspaces/40O5RDGQ2000/members s=200 d=606µs s=120
INF http m=GET p=/api/v1/workspaces/40O5RDGQ2000/nodes/0/children s=200 d=2.03ms s=246
INF http m=GET p=/api/v1/workspaces/40O5RDGQ2000/nodes/40O5RG4CK000 s=200 d=3.33ms s=245
INF http m=POST p=/api/v1/workspaces/40O5RA8L6000/nodes/40O5RELOI000/page/create s=200 d=26.4ms s=35
INF http m=GET p=/api/v1/workspaces/40O5RA8L6000/nodes/40O5RELOI000/children s=200 d=1.77ms s=134
INF http m=GET p=/api/v1/workspaces/40O5RA8L6000/nodes/40O5RI06Q000 s=200 d=644µs s=125
INF http m=GET p=/api/v1/workspaces/40O5RDGQ2000/nodes/40O5RGIHG000 s=200 d=317µs s=165
INF http m=GET p=/api/v1/workspaces/40O5RA8L6000/nodes/40O5RELOI000 s=200 d=300µs s=181
INF http m=GET p=/api/v1/workspaces/40O5RA8L6000/nodes/40O5RELOI000 s=200 d=561µs s=181
INF http m=POST p=/api/v1/workspaces/40O5RA8L6000/nodes/40O5RELOI000/page s=200 d=67.2ms s=35
INF http m=GET p=/api/v1/workspaces/40O5RA8L6000/nodes/titles s=200 d=345µs s=52
INF http m=GET p=/api/v1/workspaces/40O5RA8L6000/nodes/40O5RI06Q000 s=200 d=938µs s=152
INF http m=GET p=/api/v1/workspaces/40O5RA8L6000/nodes/40O5RELOI000 s=200 d=2.31ms s=181
INF http m=GET p=/api/v1/workspaces/40O5RDGQ2000/nodes/40O5RGIHG000/history s=200 d=3.6ms s=308
INF http m=GET p=/api/v1/workspaces/40O5RDGQ2000/nodes/40O5RGIHG000/history/178d0f45c1b2f8b6419924f8c846527d823d9b96 s=200 d=4.47ms s=45
INF http m=GET p=/api/v1/workspaces/40O5RDGQ2000/events s=200 d=341ms s=93
INF http m=GET p=/api/v1/workspaces/40O5RA8L6000/nodes/40O5RELOI000 s=200 d=2.21ms s=181
INF http m=GET p=/api/v1/workspaces/40O5RA8L6000/nodes/titles s=200 d=503µs s=52
INF http m=GET p=/api/v1/workspaces/40O5RA8L6000/events s=200 d=741ms s=240
INF http m=POST p=/api/v1/auth/register s=200 d=284ms s=386
INF http m=GET p=/ s=200 d=61µs s=541
INF http m=GET p=/registerSW.js s=200 d=63µs s=87
INF http m=GET p=/assets/index-Bi-AgGrc.css s=200 d=149µs s=11684
INF http m=GET p=/assets/index-Dlg_ygoF.js s=200 d=3.3ms s=45483
INF http m=GET p=/assets/editor-vendor-VZT4IkOY.js s=200 d=184µs s=92428
INF http m=GET p=/assets/vendor-CnrH3R4r.js s=200 d=123µs s=28803
INF http m=POST p=/api/v1/auth/register s=200 d=223ms s=383
INF http m=GET p=/ s=200 d=58µs s=541
INF http m=GET p=/assets/vendor-CnrH3R4r.js s=200 d=189µs s=28803
INF http m=GET p=/assets/index-Bi-AgGrc.css s=200 d=126µs s=11684
INF http m=GET p=/assets/index-Dlg_ygoF.js s=200 d=130µs s=45483
INF http m=GET p=/registerSW.js s=200 d=30µs s=87
INF http m=GET p=/assets/editor-vendor-VZT4IkOY.js s=200 d=146µs s=92428
INF http m=GET p=/api/v1/auth/me s=200 d=2.93ms s=165
INF http m=GET p=/assets/en-BIK_e_4K.js s=200 d=59µs s=5251
INF http m=GET p=/api/v1/notifications/unread-count s=200 d=175µs s=25
INF http m=GET p=/assets/Onboarding-DQ2WAJCW.js s=200 d=28µs s=996
INF http m=GET p=/sw.js s=200 d=760µs s=5593
INF http m=GET p=/favicon.png s=200 d=39µs s=449
INF http m=GET p=/registerSW.js s=200 d=40µs s=87
INF http m=GET p=/index.html s=200 d=42µs s=541
INF http m=GET p=/icon.svg s=200 d=38µs s=195
INF http m=GET p=/icon-512.png s=200 d=85µs s=6498
INF http m=GET p=/icon-192.png s=200 d=53µs s=2468
INF http m=GET p=/api/v1/auth/me s=200 d=711µs s=165
INF http m=GET p=/assets/en-BIK_e_4K.js s=200 d=75µs s=5251
INF http m=GET p=/favicon.png s=200 d=35µs s=449
INF http m=GET p=/apple-touch-icon.png s=200 d=56µs s=2298
INF http m=GET p=/assets/Onboarding-DQ2WAJCW.js s=200 d=49µs s=996
INF http m=GET p=/api/v1/notifications/unread-count s=200 d=170µs s=25
INF http m=GET p=/favicon.png s=200 d=33µs s=449
INF http m=GET p=/sw.js s=200 d=90µs s=5593
INF http m=GET p=/assets/material-symbols-names-D7AiM4If.js s=200 d=139µs s=15478
INF http m=GET p=/registerSW.js s=200 d=44µs s=87
INF http m=GET p=/index.html s=200 d=29µs s=541
INF http m=POST p=/api/v1/organizations s=200 d=138ms s=353
INF http m=GET p=/icon.svg s=200 d=27µs s=195
INF http m=GET p=/assets/fr-B1PqNQ7U.js s=200 d=68µs s=6351
INF http m=GET p=/api/v1/auth/me s=200 d=844µs s=250
INF http m=GET p=/icon-512.png s=200 d=117µs s=6498
INF http m=GET p=/icon-192.png s=200 d=74µs s=2468
INF http m=GET p=/favicon.png s=200 d=50µs s=449
INF http m=GET p=/apple-touch-icon.png s=200 d=42µs s=2298
INF http m=GET p=/assets/es-OK4oleHZ.js s=200 d=93µs s=6048
INF http m=GET p=/assets/material-symbols-names-D7AiM4If.js s=200 d=78µs s=15478
INF http m=GET p=/assets/emoji-groups-El6awxEn.js s=200 d=108µs s=13851
INF http m=GET p=/assets/fr-B1PqNQ7U.js s=200 d=84µs s=6351
INF http m=GET p=/assets/de-CSEWDUi3.js s=200 d=89µs s=6281
INF http m=GET p=/assets/es-OK4oleHZ.js s=200 d=61µs s=6048
INF http m=GET p=/assets/WorkspaceSettingsPanel-BXpT4LCS.css s=200 d=28µs s=994
INF http m=GET p=/assets/WorkspaceSettingsPanel-BB4UnxOs.js s=200 d=53µs s=4465
INF http m=GET p=/assets/Terms-CDs9SgkA.js s=200 d=24µs s=1013
INF http m=GET p=/assets/emoji-groups-El6awxEn.js s=200 d=77µs s=13851
INF http m=GET p=/assets/ServerSettingsPanel-Co4AQ7oB.css s=200 d=27µs s=576
INF http m=POST p=/api/v1/organizations s=200 d=148ms s=351
INF http m=GET p=/assets/ServerSettingsPanel-CUtQeHs8.js s=200 d=42µs s=2551
INF http m=GET p=/api/v1/auth/me s=200 d=12.1ms s=252
INF http m=GET p=/assets/ResourceQuotaForm-CBiYRbX4.js s=200 d=34µs s=832
INF http m=GET p=/assets/ResourceQuotaForm-BFoPj33M.css s=200 d=35µs s=297
INF http m=GET p=/assets/ProfileSettings-DF5AVI35.js s=200 d=160µs s=4393
INF http m=GET p=/assets/ProfileSettings-CX-HDEdu.css s=200 d=35µs s=1177
INF http m=GET p=/assets/de-CSEWDUi3.js s=200 d=109µs s=6281
INF http m=GET p=/assets/Privacy-cCrfp6_1.css s=200 d=26µs s=314
INF http m=GET p=/assets/Privacy-CgsgvqEr.js s=200 d=25µs s=904
INF http m=GET p=/assets/WorkspaceSettingsPanel-BXpT4LCS.css s=200 d=25µs s=994
INF http m=GET p=/assets/OrgSettingsPanel-D9VVCokd.css s=200 d=27µs s=488
INF http m=GET p=/assets/OrgSettingsPanel-9P66Q2ps.js s=200 d=49µs s=2333
INF http m=GET p=/assets/WorkspaceSettingsPanel-BB4UnxOs.js s=200 d=68µs s=4465
INF http m=GET p=/assets/Terms-CDs9SgkA.js s=200 d=37µs s=1013
INF http m=GET p=/assets/OAuthIcons-csRRTXki.js s=200 d=26µs s=951
INF http m=GET p=/assets/ServerSettingsPanel-Co4AQ7oB.css s=200 d=30µs s=576
INF http m=GET p=/assets/InviteForm-DLxm8fu0.css s=200 d=29µs s=394
INF http m=GET p=/assets/ServerSettingsPanel-CUtQeHs8.js s=200 d=39µs s=2551
INF http m=GET p=/assets/InviteForm-CV0yK4I0.js s=200 d=27µs s=1291
INF http m=GET p=/assets/Editor-DfcJ-Jfc.css s=200 d=40µs s=2151
INF http m=GET p=/assets/ResourceQuotaForm-CBiYRbX4.js s=200 d=21µs s=832
INF http m=GET p=/assets/Editor-BCbjs9IY.js s=200 d=78µs s=13602
INF http m=GET p=/assets/ResourceQuotaForm-BFoPj33M.css s=200 d=25µs s=297
INF http m=GET p=/assets/Auth-8NWYUGup.js s=200 d=29µs s=1677
INF http m=GET p=/assets/ProfileSettings-DF5AVI35.js s=200 d=63µs s=4393
INF http m=GET p=/assets/Auth-6SolzSg2.css s=200 d=28µs s=633
INF http m=GET p=/assets/ProfileSettings-CX-HDEdu.css s=200 d=21µs s=1177
INF http m=GET p=/assets/AdminDashboard-DpHjrDyw.js s=200 d=40µs s=2142
INF http m=GET p=/assets/Privacy-cCrfp6_1.css s=200 d=27µs s=314
INF http m=GET p=/assets/AdminDashboard-CjPbo26j.css s=200 d=28µs s=584
INF http m=GET p=/assets/Privacy-CgsgvqEr.js s=200 d=24µs s=904
INF http m=GET p=/manifest.webmanifest s=200 d=33µs s=199
INF http m=GET p=/assets/OrgSettingsPanel-D9VVCokd.css s=200 d=27µs s=488
INF http m=GET p=/assets/OrgSettingsPanel-9P66Q2ps.js s=200 d=37µs s=2333
INF http m=GET p=/assets/OAuthIcons-csRRTXki.js s=200 d=27µs s=951
INF http m=GET p=/assets/InviteForm-DLxm8fu0.css s=200 d=32µs s=394
INF http m=GET p=/assets/InviteForm-CV0yK4I0.js s=200 d=29µs s=1291
INF http m=GET p=/assets/Editor-DfcJ-Jfc.css s=200 d=35µs s=2151
INF http m=GET p=/assets/Editor-BCbjs9IY.js s=200 d=341µs s=13602
INF http m=GET p=/assets/Auth-8NWYUGup.js s=200 d=32µs s=1677
INF http m=GET p=/assets/Auth-6SolzSg2.css s=200 d=30µs s=633
INF http m=GET p=/assets/AdminDashboard-DpHjrDyw.js s=200 d=49µs s=2142
INF http m=GET p=/assets/AdminDashboard-CjPbo26j.css s=200 d=23µs s=584
INF http m=GET p=/manifest.webmanifest s=200 d=33µs s=199
INF http m=POST p=/api/v1/organizations/40O5RPF9G000/workspaces s=200 d=589ms s=297
INF http m=POST p=/api/v1/organizations/40O5ROTKA000/workspaces s=200 d=706ms s=298
INF http m=POST p=/api/v1/auth/switch-workspace s=200 d=41.2ms s=606
INF http m=GET p=/api/v1/workspaces/40O5RQHJ4000/nodes/0/children s=200 d=320µs s=26
INF http m=GET p=/api/v1/workspaces/40O5RQHJ4000/members s=200 d=1.05ms s=124
INF http m=GET p=/api/v1/notifications/unread-count s=200 d=8.61ms s=25
INF http m=POST p=/api/v1/auth/switch-workspace s=200 d=81.9ms s=608
INF http m=POST p=/api/v1/workspaces/40O5RQHJ4000/nodes/0/page/create s=200 d=34.2ms s=35
INF http m=GET p=/api/v1/workspaces/40O5RQHJ4000/nodes/0/children s=200 d=491µs s=257
INF http m=GET p=/api/v1/notifications/unread-count s=200 d=139µs s=25
INF http m=GET p=/api/v1/workspaces/40O5RQHJ4000/nodes/40O5RUGJS000 s=200 d=2.02ms s=245
INF http m=GET p=/api/v1/workspaces/40O5RPRM4000/members s=200 d=4.72ms s=124
INF http m=GET p=/api/v1/workspaces/40O5RPRM4000/nodes/0/children s=200 d=9.18ms s=26
INF http m=POST p=/api/v1/workspaces/40O5RPRM4000/nodes/0/page/create s=200 d=19.8ms s=35
INF http m=GET p=/api/v1/workspaces/40O5RPRM4000/nodes/0/children s=200 d=760µs s=257
INF http m=GET p=/api/v1/workspaces/40O5RPRM4000/nodes/40O5RUTC0000 s=200 d=763µs s=245
INF http m=POST p=/api/v1/workspaces/40O5RQHJ4000/nodes/40O5RUGJS000/page/create s=200 d=22.7ms s=26
INF http m=POST p=/api/v1/workspaces/40O5RQHJ4000/nodes/40O5RV3AC000/page/create s=200 d=21.5ms s=26
INF http m=GET p=/w/@40O5RQHJ4000+workspace/@40O5RUGJS000+welcome s=200 d=41µs s=541
INF http m=GET p=/api/v1/workspaces/40O5RQHJ4000/events s=200 d=158ms s=260
INF http m=GET p=/api/v1/auth/me s=200 d=891µs s=355
INF http m=GET p=/api/v1/notifications/unread-count s=200 d=168µs s=25
INF http m=GET p=/api/v1/workspaces/40O5RQHJ4000/members s=200 d=571µs s=124
INF http m=GET p=/api/v1/workspaces/40O5RQHJ4000/nodes/40O5RUGJS000 s=200 d=761µs s=245
INF http m=GET p=/api/v1/workspaces/40O5RQHJ4000/nodes/0/children s=200 d=2.02ms s=279
INF http m=GET p=/api/v1/workspaces/40O5RQHJ4000/nodes/40O5RUGJS000/children s=200 d=340µs s=161
INF http m=GET p=/api/v1/workspaces/40O5RQHJ4000/nodes/40O5RV3AC000/children s=200 d=385µs s=149
INF http m=GET p=/api/v1/workspaces/40O5RQHJ4000/nodes/40O5RV8HA000 s=200 d=378µs s=139
INF http m=GET p=/api/v1/workspaces/40O5RQHJ4000/nodes/40O5RV3AC000 s=200 d=368µs s=138
INF http m=GET p=/api/v1/workspaces/40O5RQHJ4000/nodes/40O5RUGJS000 s=200 d=275µs s=245
INF http m=POST p=/api/v1/workspaces/40O5RQHJ4000/nodes/40O5RV8HA000/delete s=200 d=16.6ms s=25
INF http m=GET p=/api/v1/workspaces/40O5RQHJ4000/nodes/40O5RV3AC000 s=200 d=358µs s=138
INF http m=GET p=/api/v1/workspaces/40O5RQHJ4000/nodes/40O5RUGJS000 s=200 d=1.61ms s=245
INF http m=GET p=/api/v1/workspaces/40O5RQHJ4000/events s=200 d=578ms s=207
INF http m=POST p=/api/v1/workspaces/40O5RPRM4000/nodes/40O5RUTC0000/page/create s=200 d=26.6ms s=26
INF http m=GET p=/w/@40O5RPRM4000+workspace/@40O5RUTC0000+welcome s=200 d=43µs s=541
INF http m=GET p=/api/v1/workspaces/40O5RPRM4000/events s=200 d=970ms s=239
INF http m=GET p=/api/v1/auth/me s=200 d=818µs s=353
INF http m=GET p=/api/v1/notifications/unread-count s=200 d=655µs s=25
INF http m=GET p=/api/v1/workspaces/40O5RPRM4000/nodes/0/children s=200 d=1.85ms s=279
INF http m=GET p=/api/v1/workspaces/40O5RPRM4000/members s=200 d=454µs s=124
INF http m=GET p=/api/v1/workspaces/40O5RPRM4000/nodes/40O5RUTC0000 s=200 d=2.19ms s=245
INF http m=POST p=/api/v1/auth/register s=200 d=217ms s=397
INF http m=GET p=/ s=200 d=62µs s=541
INF http m=GET p=/api/v1/workspaces/40O5RPRM4000/nodes/40O5RUTC0000/children s=200 d=395µs s=167
INF http m=GET p=/assets/index-Dlg_ygoF.js s=200 d=175µs s=45483
INF http m=GET p=/registerSW.js s=200 d=36µs s=87
INF http m=GET p=/assets/vendor-CnrH3R4r.js s=200 d=114µs s=28803
INF http m=GET p=/assets/editor-vendor-VZT4IkOY.js s=200 d=122µs s=92428
INF http m=GET p=/assets/index-Bi-AgGrc.css s=200 d=99µs s=11684
INF http m=GET p=/api/v1/workspaces/40O5RPRM4000/nodes/40O5S4DIA000 s=200 d=717µs s=153
INF http m=GET p=/api/v1/workspaces/40O5RPRM4000/nodes/40O5RUTC0000 s=200 d=299µs s=245
INF http m=GET p=/api/v1/auth/me s=200 d=278µs s=165
INF http m=GET p=/assets/en-BIK_e_4K.js s=200 d=88µs s=5251
INF http m=GET p=/assets/Onboarding-DQ2WAJCW.js s=200 d=44µs s=996
INF http m=GET p=/api/v1/notifications/unread-count s=200 d=153µs s=25
INF http m=GET p=/favicon.png s=200 d=33µs s=449
INF http m=GET p=/sw.js s=200 d=70µs s=5593
INF http m=GET p=/registerSW.js s=200 d=56µs s=87
INF http m=GET p=/index.html s=200 d=35µs s=541
INF http m=GET p=/icon.svg s=200 d=31µs s=195
INF http m=GET p=/icon-512.png s=200 d=610µs s=6498
INF http m=GET p=/icon-192.png s=200 d=37µs s=2468
INF http m=GET p=/favicon.png s=200 d=24µs s=449
INF http m=GET p=/apple-touch-icon.png s=200 d=31µs s=2298
INF http m=POST p=/api/v1/organizations s=200 d=81.9ms s=352
INF http m=GET p=/api/v1/auth/me s=200 d=368µs s=251
INF http m=GET p=/assets/material-symbols-names-D7AiM4If.js s=200 d=79µs s=15478
INF http m=POST p=/api/v1/workspaces/40O5RPRM4000/nodes/40O5S4DIA000/page/create s=200 d=72.7ms s=26
INF http m=GET p=/w/@40O5RPRM4000+hierarchys-workspace/@40O5S4DIA000+child-page s=200 d=48µs s=541
INF http m=GET p=/api/v1/workspaces/40O5RPRM4000/events s=200 d=326ms s=208
INF http m=GET p=/assets/fr-B1PqNQ7U.js s=200 d=91µs s=6351
INF http m=GET p=/assets/es-OK4oleHZ.js s=200 d=83µs s=6048
INF http m=GET p=/assets/emoji-groups-El6awxEn.js s=200 d=103µs s=13851
INF http m=GET p=/api/v1/auth/me s=200 d=1.48ms s=353
INF http m=GET p=/api/v1/workspaces/40O5RPRM4000/nodes/0/children s=200 d=3.24ms s=279
INF http m=GET p=/api/v1/notifications/unread-count s=200 d=1.22ms s=25
INF http m=GET p=/assets/de-CSEWDUi3.js s=200 d=102µs s=6281
INF http m=GET p=/api/v1/workspaces/40O5RPRM4000/nodes/40O5S4DIA000 s=200 d=7.32ms s=153
INF http m=GET p=/api/v1/workspaces/40O5RPRM4000/members s=200 d=6.07ms s=124
INF http m=GET p=/api/v1/workspaces/40O5RPRM4000/nodes/40O5RUTC0000/children s=200 d=308µs s=175
INF http m=GET p=/assets/WorkspaceSettingsPanel-BXpT4LCS.css s=200 d=31µs s=994
INF http m=GET p=/assets/WorkspaceSettingsPanel-BB4UnxOs.js s=200 d=68µs s=4465
INF http m=GET p=/api/v1/workspaces/40O5RPRM4000/nodes/40O5RUTC0000 s=200 d=312µs s=245
INF http m=GET p=/assets/Terms-CDs9SgkA.js s=200 d=29µs s=1013
INF http m=GET p=/assets/ServerSettingsPanel-Co4AQ7oB.css s=200 d=37µs s=576
INF http m=GET p=/assets/ServerSettingsPanel-CUtQeHs8.js s=200 d=79µs s=2551
INF http m=GET p=/assets/ResourceQuotaForm-CBiYRbX4.js s=200 d=37µs s=832
INF http m=GET p=/api/v1/workspaces/40O5RPRM4000/nodes/40O5S4DIA000/children s=200 d=721µs s=161
INF http m=GET p=/assets/ResourceQuotaForm-BFoPj33M.css s=200 d=31µs s=297
INF http m=GET p=/assets/ProfileSettings-DF5AVI35.js s=200 d=58µs s=4393
INF http m=GET p=/assets/ProfileSettings-CX-HDEdu.css s=200 d=29µs s=1177
INF http m=GET p=/assets/Privacy-cCrfp6_1.css s=200 d=22µs s=314
INF http m=GET p=/assets/Privacy-CgsgvqEr.js s=200 d=33µs s=904
INF http m=GET p=/assets/OrgSettingsPanel-D9VVCokd.css s=200 d=25µs s=488
INF http m=GET p=/assets/OrgSettingsPanel-9P66Q2ps.js s=200 d=37µs s=2333
INF http m=GET p=/assets/OAuthIcons-csRRTXki.js s=200 d=36µs s=951
INF http m=GET p=/assets/InviteForm-DLxm8fu0.css s=200 d=21µs s=394
INF http m=GET p=/api/v1/workspaces/40O5RPRM4000/nodes/40O5RUTC0000 s=200 d=739µs s=245
INF http m=GET p=/assets/InviteForm-CV0yK4I0.js s=200 d=29µs s=1291
INF http m=GET p=/assets/Editor-DfcJ-Jfc.css s=200 d=34µs s=2151
INF http m=GET p=/assets/Editor-BCbjs9IY.js s=200 d=122µs s=13602
INF http m=GET p=/assets/Auth-8NWYUGup.js s=200 d=39µs s=1677
INF http m=GET p=/assets/Auth-6SolzSg2.css s=200 d=30µs s=633
INF http m=GET p=/assets/AdminDashboard-DpHjrDyw.js s=200 d=47µs s=2142
INF http m=GET p=/assets/AdminDashboard-CjPbo26j.css s=200 d=35µs s=584
INF http m=GET p=/manifest.webmanifest s=200 d=25µs s=199
INF http m=GET p=/api/v1/workspaces/40O5RPRM4000/nodes/40O5S6UDE000 s=200 d=674µs s=152
INF http m=GET p=/api/v1/workspaces/40O5RPRM4000/nodes/40O5S4DIA000 s=200 d=711µs s=153
INF http m=GET p=/api/v1/workspaces/40O5RPRM4000/nodes/40O5RUTC0000 s=200 d=606µs s=245
INF http m=POST p=/api/v1/organizations/40O5S6Q36000/workspaces s=200 d=425ms s=300
INF http m=POST p=/api/v1/auth/switch-workspace s=200 d=42.3ms s=572
INF http m=GET p=/api/v1/notifications/unread-count s=200 d=173µs s=25
INF http m=GET p=/api/v1/workspaces/40O5S7BQ0000/nodes/0/children s=200 d=248µs s=26
INF http m=GET p=/api/v1/workspaces/40O5S7BQ0000/members s=200 d=3.72ms s=130
INF http m=GET p=/api/v1/workspaces/40O5RPRM4000/events s=200 d=430ms s=93
INF http m=POST p=/api/v1/workspaces/40O5S7BQ0000/nodes/0/page/create s=200 d=28.8ms s=35
INF http m=GET p=/api/v1/workspaces/40O5S7BQ0000/nodes/0/children s=200 d=345µs s=257
INF http m=GET p=/api/v1/workspaces/40O5S7BQ0000/nodes/40O5SAALO000 s=200 d=329µs s=245
INF http m=POST p=/api/v1/auth/register s=200 d=148ms s=390
INF http m=POST p=/api/v1/workspaces/40O5S7BQ0000/nodes/40O5SAALO000/page/create s=200 d=22.8ms s=26
INF http m=GET p=/ s=200 d=48µs s=541
INF http m=GET p=/assets/index-Dlg_ygoF.js s=200 d=263µs s=45483
INF http m=GET p=/assets/index-Bi-AgGrc.css s=200 d=112µs s=11684
INF http m=GET p=/assets/vendor-CnrH3R4r.js s=200 d=178µs s=28803
INF http m=GET p=/assets/editor-vendor-VZT4IkOY.js s=200 d=262µs s=92428
INF http m=GET p=/registerSW.js s=200 d=140µs s=87
INF http m=POST p=/api/v1/workspaces/40O5S7BQ0000/nodes/40O5SC7V6000/page/create s=200 d=41.8ms s=26
INF http m=GET p=/w/@40O5S7BQ0000+workspace/@40O5SAALO000+welcome s=200 d=66µs s=541
INF http m=GET p=/api/v1/workspaces/40O5S7BQ0000/events s=200 d=408ms s=258
INF http m=GET p=/api/v1/auth/me s=200 d=758µs s=353
INF http m=GET p=/assets/en-BIK_e_4K.js s=200 d=98µs s=5251
INF http m=GET p=/api/v1/auth/me s=200 d=504µs s=166
INF http m=GET p=/assets/Onboarding-DQ2WAJCW.js s=200 d=38µs s=996
INF http m=GET p=/api/v1/notifications/unread-count s=200 d=1.54ms s=25
INF http m=GET p=/favicon.png s=200 d=25µs s=449
INF http m=GET p=/sw.js s=200 d=101µs s=5593
INF http m=GET p=/api/v1/notifications/unread-count s=200 d=552µs s=25
INF http m=GET p=/api/v1/workspaces/40O5S7BQ0000/nodes/0/children s=200 d=739µs s=279
INF http m=GET p=/api/v1/workspaces/40O5S7BQ0000/nodes/40O5SAALO000 s=200 d=576µs s=245
INF http m=GET p=/api/v1/workspaces/40O5S7BQ0000/members s=200 d=615µs s=130
INF http m=GET p=/registerSW.js s=200 d=34µs s=87
INF http m=GET p=/api/v1/workspaces/40O5S7BQ0000/nodes/40O5SAALO000/children s=200 d=303µs s=165
INF http m=GET p=/index.html s=200 d=39µs s=541
INF http m=GET p=/icon.svg s=200 d=44µs s=195
INF http m=GET p=/icon-512.png s=200 d=122µs s=6498
INF http m=POST p=/api/v1/organizations s=200 d=103ms s=351
INF http m=GET p=/api/v1/auth/me s=200 d=280µs s=251
INF http m=GET p=/icon-192.png s=200 d=54µs s=2468
INF http m=GET p=/favicon.png s=200 d=32µs s=449
INF http m=GET p=/apple-touch-icon.png s=200 d=44µs s=2298
INF http m=GET p=/assets/material-symbols-names-D7AiM4If.js s=200 d=130µs s=15478
INF http m=GET p=/assets/fr-B1PqNQ7U.js s=200 d=89µs s=6351
INF http m=GET p=/assets/es-OK4oleHZ.js s=200 d=87µs s=6048
INF http m=GET p=/assets/emoji-groups-El6awxEn.js s=200 d=87µs s=13851
INF http m=GET p=/api/v1/workspaces/40O5S7BQ0000/nodes/40O5SC7V6000/children s=200 d=280µs s=154
INF http m=GET p=/assets/de-CSEWDUi3.js s=200 d=141µs s=6281
INF http m=GET p=/assets/WorkspaceSettingsPanel-BXpT4LCS.css s=200 d=43µs s=994
INF http m=GET p=/assets/WorkspaceSettingsPanel-BB4UnxOs.js s=200 d=57µs s=4465
INF http m=GET p=/assets/Terms-CDs9SgkA.js s=200 d=18µs s=1013
INF http m=GET p=/assets/ServerSettingsPanel-Co4AQ7oB.css s=200 d=20µs s=576
INF http m=GET p=/assets/ServerSettingsPanel-CUtQeHs8.js s=200 d=29µs s=2551
INF http m=GET p=/assets/ResourceQuotaForm-CBiYRbX4.js s=200 d=25µs s=832
INF http m=GET p=/assets/ResourceQuotaForm-BFoPj33M.css s=200 d=32µs s=297
INF http m=GET p=/assets/ProfileSettings-DF5AVI35.js s=200 d=59µs s=4393
INF http m=GET p=/assets/ProfileSettings-CX-HDEdu.css s=200 d=28µs s=1177
INF http m=GET p=/assets/Privacy-cCrfp6_1.css s=200 d=32µs s=314
INF http m=GET p=/assets/Privacy-CgsgvqEr.js s=200 d=26µs s=904
INF http m=GET p=/assets/OrgSettingsPanel-D9VVCokd.css s=200 d=24µs s=488
INF http m=GET p=/assets/OrgSettingsPanel-9P66Q2ps.js s=200 d=24µs s=2333
INF http m=GET p=/assets/OAuthIcons-csRRTXki.js s=200 d=29µs s=951
INF http m=GET p=/assets/InviteForm-DLxm8fu0.css s=200 d=38µs s=394
INF http m=GET p=/assets/InviteForm-CV0yK4I0.js s=200 d=24µs s=1291
INF http m=GET p=/assets/Editor-DfcJ-Jfc.css s=200 d=32µs s=2151
INF http m=GET p=/assets/Editor-BCbjs9IY.js s=200 d=64µs s=13602
INF http m=GET p=/assets/Auth-8NWYUGup.js s=200 d=30µs s=1677
INF http m=GET p=/assets/Auth-6SolzSg2.css s=200 d=24µs s=633
INF http m=GET p=/assets/AdminDashboard-DpHjrDyw.js s=200 d=34µs s=2142
INF http m=GET p=/assets/AdminDashboard-CjPbo26j.css s=200 d=25µs s=584
INF http m=GET p=/manifest.webmanifest s=200 d=21µs s=199
INF http m=GET p=/api/v1/workspaces/40O5S7BQ0000/nodes/40O5SC7V6000 s=200 d=379µs s=150
INF http m=GET p=/api/v1/workspaces/40O5S7BQ0000/nodes/40O5SAALO000 s=200 d=337µs s=245
INF http m=POST p=/api/v1/organizations/40O5SDK2A000/workspaces s=200 d=407ms s=301
INF http m=POST p=/api/v1/workspaces/40O5S7BQ0000/nodes/40O5SC7V6000/delete s=200 d=38.7ms s=25
INF http m=GET p=/api/v1/workspaces/40O5S7BQ0000/nodes/40O5SAALO000 s=200 d=444µs s=245
INF http m=POST p=/api/v1/auth/switch-workspace s=200 d=49ms s=612
INF http m=GET p=/api/v1/notifications/unread-count s=200 d=169µs s=25
INF http m=GET p=/api/v1/workspaces/40O5SEAQ0000/nodes/0/children s=200 d=333µs s=26
INF http m=GET p=/api/v1/workspaces/40O5SEAQ0000/members s=200 d=150µs s=126
INF http m=POST p=/api/v1/workspaces/40O5SEAQ0000/nodes/0/page/create s=200 d=21.7ms s=35
INF http m=GET p=/api/v1/workspaces/40O5SEAQ0000/nodes/0/children s=200 d=348µs s=257
INF http m=GET p=/api/v1/workspaces/40O5SEAQ0000/nodes/40O5SH7SK000 s=200 d=306µs s=245
INF http m=GET p=/api/v1/workspaces/40O5S7BQ0000/events s=200 d=596ms s=207
INF http m=POST p=/api/v1/auth/register s=200 d=130ms s=391
INF http m=GET p=/ s=200 d=56µs s=541
INF http m=GET p=/assets/index-Dlg_ygoF.js s=200 d=184µs s=45483
INF http m=GET p=/assets/index-Bi-AgGrc.css s=200 d=177µs s=11684
INF http m=GET p=/assets/vendor-CnrH3R4r.js s=200 d=122µs s=28803
INF http m=GET p=/assets/editor-vendor-VZT4IkOY.js s=200 d=139µs s=92428
INF http m=GET p=/registerSW.js s=200 d=41µs s=87
INF http m=POST p=/api/v1/workspaces/40O5SEAQ0000/nodes/0/page/create s=200 d=34.7ms s=26
INF http m=POST p=/api/v1/workspaces/40O5SEAQ0000/nodes/0/page/create s=200 d=47.6ms s=26
INF http m=GET p=/w/@40O5SEAQ0000+workspace/@40O5SH7SK000+welcome s=200 d=48µs s=541
INF http m=GET p=/api/v1/auth/me s=200 d=237µs s=164
INF http m=GET p=/assets/en-BIK_e_4K.js s=200 d=54µs s=5251
INF http m=GET p=/assets/Onboarding-DQ2WAJCW.js s=200 d=37µs s=996
INF http m=GET p=/api/v1/notifications/unread-count s=200 d=338µs s=25
INF http m=GET p=/api/v1/workspaces/40O5SEAQ0000/events s=200 d=471ms s=261
INF http m=GET p=/favicon.png s=200 d=54µs s=449
INF http m=GET p=/sw.js s=200 d=621µs s=5593
INF http m=GET p=/registerSW.js s=200 d=39µs s=87
INF http m=GET p=/index.html s=200 d=49µs s=541
INF http m=GET p=/api/v1/auth/me s=200 d=734µs s=352
INF http m=POST p=/api/v1/organizations s=200 d=109ms s=348
INF http m=GET p=/icon.svg s=200 d=40µs s=195
INF http m=GET p=/api/v1/auth/me s=200 d=872µs s=249
INF http m=GET p=/icon-512.png s=200 d=61µs s=6498
INF http m=GET p=/api/v1/notifications/unread-count s=200 d=192µs s=25
INF http m=GET p=/api/v1/workspaces/40O5SEAQ0000/nodes/40O5SH7SK000 s=200 d=670µs s=245
INF http m=GET p=/api/v1/workspaces/40O5SEAQ0000/nodes/0/children s=200 d=869µs s=253
INF http m=GET p=/api/v1/workspaces/40O5SEAQ0000/members s=200 d=10.7ms s=126
INF http m=GET p=/icon-192.png s=200 d=78µs s=2468
INF http m=GET p=/favicon.png s=200 d=40µs s=449
INF http m=GET p=/apple-touch-icon.png s=200 d=70µs s=2298
INF http m=GET p=/assets/material-symbols-names-D7AiM4If.js s=200 d=101µs s=15478
INF http m=GET p=/assets/fr-B1PqNQ7U.js s=200 d=600µs s=6351
INF http m=GET p=/assets/es-OK4oleHZ.js s=200 d=65µs s=6048
INF http m=GET p=/api/v1/workspaces/40O5SEAQ0000/nodes/40O5SJJKC000 s=200 d=336µs s=128
INF http m=GET p=/assets/emoji-groups-El6awxEn.js s=200 d=104µs s=13851
INF http m=GET p=/assets/de-CSEWDUi3.js s=200 d=103µs s=6281
INF http m=GET p=/assets/WorkspaceSettingsPanel-BXpT4LCS.css s=200 d=41µs s=994
INF http m=GET p=/assets/WorkspaceSettingsPanel-BB4UnxOs.js s=200 d=58µs s=4465
INF http m=GET p=/assets/Terms-CDs9SgkA.js s=200 d=27µs s=1013
INF http m=GET p=/assets/ServerSettingsPanel-Co4AQ7oB.css s=200 d=27µs s=576
INF http m=GET p=/assets/ServerSettingsPanel-CUtQeHs8.js s=200 d=40µs s=2551
INF http m=GET p=/assets/ResourceQuotaForm-CBiYRbX4.js s=200 d=26µs s=832
INF http m=GET p=/assets/ResourceQuotaForm-BFoPj33M.css s=200 d=23µs s=297
INF http m=GET p=/assets/ProfileSettings-DF5AVI35.js s=200 d=61µs s=4393
INF http m=GET p=/assets/ProfileSettings-CX-HDEdu.css s=200 d=26µs s=1177
INF http m=GET p=/assets/Privacy-cCrfp6_1.css s=200 d=26µs s=314
INF http m=GET p=/assets/Privacy-CgsgvqEr.js s=200 d=23µs s=904
INF http m=GET p=/assets/OrgSettingsPanel-D9VVCokd.css s=200 d=22µs s=488
INF http m=GET p=/assets/OrgSettingsPanel-9P66Q2ps.js s=200 d=44µs s=2333
INF http m=GET p=/assets/OAuthIcons-csRRTXki.js s=200 d=29µs s=951
INF http m=GET p=/assets/InviteForm-DLxm8fu0.css s=200 d=27µs s=394
INF http m=GET p=/assets/InviteForm-CV0yK4I0.js s=200 d=32µs s=1291
INF http m=GET p=/assets/Editor-DfcJ-Jfc.css s=200 d=34µs s=2151
INF http m=GET p=/assets/Editor-BCbjs9IY.js s=200 d=76µs s=13602
INF http m=GET p=/assets/Auth-8NWYUGup.js s=200 d=24µs s=1677
INF http m=GET p=/assets/Auth-6SolzSg2.css s=200 d=28µs s=633
INF http m=GET p=/assets/AdminDashboard-DpHjrDyw.js s=200 d=36µs s=2142
INF http m=GET p=/assets/AdminDashboard-CjPbo26j.css s=200 d=26µs s=584
INF http m=GET p=/manifest.webmanifest s=200 d=25µs s=199
INF http m=POST p=/api/v1/workspaces/40O5SEAQ0000/nodes/40O5SJJKC000/delete s=200 d=193ms s=25
INF http m=GET p=/api/v1/workspaces/40O5SEAQ0000/nodes/40O5SJC0S000 s=200 d=279µs s=126
INF http m=POST p=/api/v1/organizations/40O5SK4J4000/workspaces s=200 d=436ms s=296
INF http m=POST p=/api/v1/auth/switch-workspace s=200 d=40.2ms s=549
INF http m=GET p=/api/v1/notifications/unread-count s=200 d=208µs s=25
INF http m=GET p=/api/v1/workspaces/40O5SKT5A000/members s=200 d=202µs s=120
INF http m=GET p=/api/v1/workspaces/40O5SKT5A000/nodes/0/children s=200 d=362µs s=26
INF http m=POST p=/api/v1/workspaces/40O5SKT5A000/nodes/0/page/create s=200 d=16.6ms s=35
INF http m=GET p=/api/v1/workspaces/40O5SKT5A000/nodes/0/children s=200 d=269µs s=257
INF http m=GET p=/api/v1/workspaces/40O5SKT5A000/nodes/40O5SNVJS000 s=200 d=815µs s=245
INF http m=GET p=/api/v1/workspaces/40O5SEAQ0000/events s=200 d=607ms s=207
INF http m=POST p=/api/v1/auth/register s=200 d=141ms s=393
INF http m=GET p=/ s=200 d=55µs s=541
INF http m=POST p=/api/v1/workspaces/40O5SKT5A000/nodes/0/page/create s=200 d=76ms s=26
INF http m=POST p=/api/v1/workspaces/40O5SKT5A000/nodes/0/page/create s=200 d=27.5ms s=26
INF http m=GET p=/w/@40O5SKT5A000+workspace/@40O5SNVJS000+welcome s=200 d=41µs s=541
INF http m=GET p=/assets/index-Dlg_ygoF.js s=200 d=157µs s=45483
INF http m=GET p=/assets/index-Bi-AgGrc.css s=200 d=412µs s=11684
INF http m=GET p=/api/v1/workspaces/40O5SKT5A000/events s=200 d=464ms s=258
INF http m=GET p=/registerSW.js s=200 d=38µs s=87
INF http m=GET p=/assets/editor-vendor-VZT4IkOY.js s=200 d=161µs s=92428
INF http m=GET p=/assets/vendor-CnrH3R4r.js s=200 d=86µs s=28803
INF http m=GET p=/api/v1/auth/me s=200 d=264µs s=348
INF http m=GET p=/assets/en-BIK_e_4K.js s=200 d=105µs s=5251
INF http m=GET p=/api/v1/auth/me s=200 d=257µs s=168
INF http m=GET p=/api/v1/workspaces/40O5SKT5A000/nodes/40O5SNVJS000 s=200 d=247µs s=245
INF http m=GET p=/api/v1/notifications/unread-count s=200 d=147µs s=25
INF http m=GET p=/api/v1/workspaces/40O5SKT5A000/members s=200 d=540µs s=120
INF http m=GET p=/api/v1/workspaces/40O5SKT5A000/nodes/0/children s=200 d=876µs s=270
INF http m=GET p=/assets/Onboarding-DQ2WAJCW.js s=200 d=39µs s=996
INF http m=GET p=/api/v1/notifications/unread-count s=200 d=261µs s=25
INF http m=GET p=/favicon.png s=200 d=37µs s=449
INF http m=GET p=/sw.js s=200 d=99µs s=5593
INF http m=GET p=/registerSW.js s=200 d=37µs s=87
INF http m=GET p=/index.html s=200 d=36µs s=541
INF http m=GET p=/icon.svg s=200 d=25µs s=195
INF http m=GET p=/icon-512.png s=200 d=61µs s=6498
INF http m=GET p=/icon-192.png s=200 d=53µs s=2468
INF http m=GET p=/favicon.png s=200 d=25µs s=449
INF http m=GET p=/apple-touch-icon.png s=200 d=56µs s=2298
INF http m=POST p=/api/v1/organizations s=200 d=89.9ms s=350
INF http m=GET p=/api/v1/auth/me s=200 d=1.71ms s=253
INF http m=GET p=/assets/material-symbols-names-D7AiM4If.js s=200 d=126µs s=15478
INF http m=GET p=/api/v1/workspaces/40O5SKT5A000/nodes/40O5SPUN6000 s=200 d=406µs s=134
INF http m=GET p=/assets/fr-B1PqNQ7U.js s=200 d=97µs s=6351
INF http m=GET p=/assets/es-OK4oleHZ.js s=200 d=87µs s=6048
INF http m=GET p=/assets/emoji-groups-El6awxEn.js s=200 d=109µs s=13851
INF http m=GET p=/api/v1/workspaces/40O5SKT5A000/nodes/40O5SQEHC000 s=200 d=350µs s=135
INF http m=GET p=/assets/de-CSEWDUi3.js s=200 d=91µs s=6281
INF http m=GET p=/assets/WorkspaceSettingsPanel-BXpT4LCS.css s=200 d=37µs s=994
INF http m=GET p=/assets/WorkspaceSettingsPanel-BB4UnxOs.js s=200 d=110µs s=4465
INF http m=GET p=/assets/Terms-CDs9SgkA.js s=200 d=39µs s=1013
INF http m=GET p=/assets/ServerSettingsPanel-Co4AQ7oB.css s=200 d=34µs s=576
INF http m=GET p=/assets/ServerSettingsPanel-CUtQeHs8.js s=200 d=50µs s=2551
INF http m=GET p=/assets/ResourceQuotaForm-CBiYRbX4.js s=200 d=39µs s=832
INF http m=GET p=/assets/ResourceQuotaForm-BFoPj33M.css s=200 d=29µs s=297
INF http m=GET p=/assets/ProfileSettings-DF5AVI35.js s=200 d=78µs s=4393
INF http m=GET p=/assets/ProfileSettings-CX-HDEdu.css s=200 d=41µs s=1177
INF http m=GET p=/assets/Privacy-cCrfp6_1.css s=200 d=26µs s=314
INF http m=GET p=/assets/Privacy-CgsgvqEr.js s=200 d=22µs s=904
INF http m=GET p=/assets/OrgSettingsPanel-D9VVCokd.css s=200 d=30µs s=488
INF http m=GET p=/assets/OrgSettingsPanel-9P66Q2ps.js s=200 d=57µs s=2333
INF http m=GET p=/api/v1/workspaces/40O5SKT5A000/nodes/40O5SPUN6000 s=200 d=400µs s=134
INF http m=GET p=/assets/OAuthIcons-csRRTXki.js s=200 d=38µs s=951
INF http m=GET p=/assets/InviteForm-DLxm8fu0.css s=200 d=31µs s=394
INF http m=GET p=/assets/InviteForm-CV0yK4I0.js s=200 d=41µs s=1291
INF http m=GET p=/assets/Editor-DfcJ-Jfc.css s=200 d=50µs s=2151
INF http m=GET p=/assets/Editor-BCbjs9IY.js s=200 d=85µs s=13602
INF http m=GET p=/assets/Auth-8NWYUGup.js s=200 d=30µs s=1677
INF http m=GET p=/assets/Auth-6SolzSg2.css s=200 d=34µs s=633
INF http m=GET p=/api/v1/workspaces/40O5SKT5A000/events s=200 d=370ms s=93
INF http m=GET p=/assets/AdminDashboard-DpHjrDyw.js s=200 d=42µs s=2142
INF http m=GET p=/assets/AdminDashboard-CjPbo26j.css s=200 d=29µs s=584
INF http m=GET p=/manifest.webmanifest s=200 d=31µs s=199
INF http m=POST p=/api/v1/organizations/40O5SROFS000/workspaces s=200 d=591ms s=300
INF http m=POST p=/api/v1/auth/register s=200 d=230ms s=391
INF http m=GET p=/ s=200 d=66µs s=541
INF http m=GET p=/assets/index-Dlg_ygoF.js s=200 d=146µs s=45483
INF http m=GET p=/assets/index-Bi-AgGrc.css s=200 d=168µs s=11684
INF http m=GET p=/assets/vendor-CnrH3R4r.js s=200 d=235µs s=28803
INF http m=GET p=/assets/editor-vendor-VZT4IkOY.js s=200 d=191µs s=92428
INF http m=GET p=/registerSW.js s=200 d=39µs s=87
INF http m=POST p=/api/v1/auth/switch-workspace s=200 d=79.9ms s=611
INF http m=GET p=/api/v1/notifications/unread-count s=200 d=533µs s=25
INF http m=GET p=/api/v1/workspaces/40O5SSCP8000/nodes/0/children s=200 d=577µs s=26
INF http m=GET p=/api/v1/workspaces/40O5SSCP8000/members s=200 d=608µs s=126
INF http m=GET p=/api/v1/auth/me s=200 d=234µs s=166
INF http m=GET p=/assets/en-BIK_e_4K.js s=200 d=92µs s=5251
INF http m=GET p=/favicon.png s=200 d=37µs s=449
INF http m=POST p=/api/v1/workspaces/40O5SSCP8000/nodes/0/page/create s=200 d=36.9ms s=35
INF http m=GET p=/assets/Onboarding-DQ2WAJCW.js s=200 d=28µs s=996
INF http m=GET p=/api/v1/workspaces/40O5SSCP8000/nodes/0/children s=200 d=286µs s=257
INF http m=GET p=/api/v1/notifications/unread-count s=200 d=128µs s=25
INF http m=GET p=/api/v1/workspaces/40O5SSCP8000/nodes/40O5T0TH6000 s=200 d=276µs s=245
INF http m=GET p=/sw.js s=200 d=142µs s=5593
INF http m=GET p=/registerSW.js s=200 d=43µs s=87
INF http m=GET p=/index.html s=200 d=39µs s=541
INF http m=GET p=/icon.svg s=200 d=30µs s=195
INF http m=GET p=/icon-512.png s=200 d=90µs s=6498
INF http m=GET p=/icon-192.png s=200 d=48µs s=2468
INF http m=GET p=/favicon.png s=200 d=88µs s=449
INF http m=GET p=/apple-touch-icon.png s=200 d=37µs s=2298
INF http m=POST p=/api/v1/organizations s=200 d=96.1ms s=351
INF http m=GET p=/api/v1/auth/me s=200 d=665µs s=253
INF http m=POST p=/api/v1/workspaces/40O5SSCP8000/nodes/0/page/create s=200 d=91ms s=26
INF http m=GET p=/assets/material-symbols-names-D7AiM4If.js s=200 d=90µs s=15478
INF http m=GET p=/assets/fr-B1PqNQ7U.js s=200 d=94µs s=6351
INF http m=GET p=/assets/es-OK4oleHZ.js s=200 d=69µs s=6048
INF http m=GET p=/assets/emoji-groups-El6awxEn.js s=200 d=88µs s=13851
INF http m=GET p=/assets/de-CSEWDUi3.js s=200 d=80µs s=6281
INF http m=GET p=/assets/WorkspaceSettingsPanel-BXpT4LCS.css s=200 d=27µs s=994
INF http m=GET p=/assets/WorkspaceSettingsPanel-BB4UnxOs.js s=200 d=59µs s=4465
INF http m=GET p=/assets/Terms-CDs9SgkA.js s=200 d=21µs s=1013
INF http m=GET p=/assets/ServerSettingsPanel-Co4AQ7oB.css s=200 d=25µs s=576
INF http m=GET p=/assets/ServerSettingsPanel-CUtQeHs8.js s=200 d=35µs s=2551
INF http m=GET p=/assets/ResourceQuotaForm-CBiYRbX4.js s=200 d=30µs s=832
INF http m=POST p=/api/v1/workspaces/40O5SSCP8000/nodes/40O5T1GS0000/page/create s=200 d=71.1ms s=26
INF http m=GET p=/assets/ResourceQuotaForm-BFoPj33M.css s=200 d=24µs s=297
INF http m=GET p=/assets/ProfileSettings-DF5AVI35.js s=200 d=68µs s=4393
INF http m=GET p=/assets/ProfileSettings-CX-HDEdu.css s=200 d=27µs s=1177
INF http m=GET p=/assets/Privacy-cCrfp6_1.css s=200 d=34µs s=314
INF http m=GET p=/assets/Privacy-CgsgvqEr.js s=200 d=25µs s=904
INF http m=GET p=/assets/OrgSettingsPanel-D9VVCokd.css s=200 d=24µs s=488
INF http m=GET p=/assets/OrgSettingsPanel-9P66Q2ps.js s=200 d=65µs s=2333
INF http m=GET p=/assets/OAuthIcons-csRRTXki.js s=200 d=22µs s=951
INF http m=GET p=/assets/InviteForm-DLxm8fu0.css s=200 d=29µs s=394
INF http m=GET p=/assets/InviteForm-CV0yK4I0.js s=200 d=28µs s=1291
INF http m=GET p=/assets/Editor-DfcJ-Jfc.css s=200 d=30µs s=2151
INF http m=GET p=/assets/Editor-BCbjs9IY.js s=200 d=74µs s=13602
INF http m=GET p=/assets/Auth-8NWYUGup.js s=200 d=26µs s=1677
INF http m=GET p=/assets/Auth-6SolzSg2.css s=200 d=21µs s=633
INF http m=GET p=/assets/AdminDashboard-DpHjrDyw.js s=200 d=35µs s=2142
INF http m=GET p=/assets/AdminDashboard-CjPbo26j.css s=200 d=28µs s=584
INF http m=GET p=/manifest.webmanifest s=200 d=22µs s=199
INF http m=POST p=/api/v1/workspaces/40O5SSCP8000/nodes/40O5T1GS0000/page s=200 d=266ms s=26
INF http m=POST p=/api/v1/organizations/40O5T1CHS000/workspaces s=200 d=355ms s=297
INF http m=GET p=/w/@40O5SSCP8000+workspace/@40O5T0TH6000+welcome s=200 d=38µs s=541
INF http m=GET p=/api/v1/workspaces/40O5SSCP8000/events s=200 d=556ms s=291
INF http m=GET p=/api/v1/auth/me s=200 d=274µs s=353
INF http m=POST p=/api/v1/auth/switch-workspace s=200 d=52.9ms s=613
INF http m=GET p=/api/v1/notifications/unread-count s=200 d=194µs s=25
INF http m=GET p=/api/v1/workspaces/40O5SSCP8000/members s=200 d=163µs s=126
INF http m=GET p=/api/v1/workspaces/40O5SSCP8000/nodes/40O5T0TH6000 s=200 d=363µs s=245
INF http m=GET p=/api/v1/workspaces/40O5SSCP8000/nodes/0/children s=200 d=687µs s=310
INF http m=GET p=/api/v1/notifications/unread-count s=200 d=529µs s=25
INF http m=GET p=/api/v1/workspaces/40O5T21TS000/nodes/0/children s=200 d=7.45ms s=26
INF http m=GET p=/api/v1/workspaces/40O5T21TS000/members s=200 d=8.62ms s=126
INF http m=GET p=/api/v1/workspaces/40O5SSCP8000/nodes/40O5T1GS0000/children s=200 d=292µs s=155
INF http m=POST p=/api/v1/workspaces/40O5T21TS000/nodes/0/page/create s=200 d=19.5ms s=35
INF http m=GET p=/api/v1/workspaces/40O5T21TS000/nodes/0/children s=200 d=253µs s=257
INF http m=GET p=/api/v1/workspaces/40O5T21TS000/nodes/40O5T4S2E000 s=200 d=455µs s=245
INF http m=GET p=/api/v1/workspaces/40O5SSCP8000/nodes/40O5T1GS0000 s=200 d=797µs s=195
INF http m=GET p=/api/v1/workspaces/40O5SSCP8000/nodes/titles s=200 d=652µs s=64
INF http m=POST p=/api/v1/workspaces/40O5SSCP8000/nodes/40O5T23AG000/page s=200 d=16.8ms s=26
INF http m=GET p=/w/@40O5SSCP8000+page-linkss-workspace/@40O5T1GS0000+parent-page s=200 d=40µs s=541
INF http m=GET p=/api/v1/workspaces/40O5SSCP8000/events s=200 d=163ms s=208
INF http m=GET p=/api/v1/auth/me s=200 d=548µs s=353
INF http m=GET p=/api/v1/notifications/unread-count s=200 d=649µs s=25
INF http m=GET p=/api/v1/workspaces/40O5SSCP8000/nodes/0/children s=200 d=727µs s=310
INF http m=GET p=/api/v1/workspaces/40O5SSCP8000/members s=200 d=504µs s=126
INF http m=GET p=/api/v1/workspaces/40O5SSCP8000/nodes/40O5T1GS0000 s=200 d=1.32ms s=195
INF http m=GET p=/api/v1/workspaces/40O5SSCP8000/nodes/40O5T1GS0000/children s=200 d=357µs s=158
INF http m=GET p=/api/v1/workspaces/40O5SSCP8000/nodes/titles s=200 d=297µs s=63
INF http m=GET p=/api/v1/workspaces/40O5SSCP8000/events s=200 d=113ms s=93
INF http m=POST p=/api/v1/workspaces/40O5T21TS000/nodes/0/page/create s=200 d=21.9ms s=26
INF http m=POST p=/api/v1/workspaces/40O5T21TS000/nodes/0/page/create s=200 d=25.6ms s=26
INF http m=GET p=/api/v1/workspaces/40O5T21TS000/nodes/titles s=200 d=276µs s=69
INF http m=GET p=/api/v1/workspaces/40O5T21TS000/events s=200 d=484ms s=267
INF http m=POST p=/api/v1/auth/register s=200 d=213ms s=385
INF http m=GET p=/ s=200 d=66µs s=541
INF http m=GET p=/assets/index-Dlg_ygoF.js s=200 d=174µs s=45483
INF http m=GET p=/registerSW.js s=200 d=47µs s=87
INF http m=GET p=/assets/editor-vendor-VZT4IkOY.js s=200 d=157µs s=92428
INF http m=GET p=/assets/vendor-CnrH3R4r.js s=200 d=117µs s=28803
INF http m=GET p=/assets/index-Bi-AgGrc.css s=200 d=92µs s=11684
INF http m=GET p=/api/v1/auth/me s=200 d=204µs s=168
INF http m=GET p=/assets/en-BIK_e_4K.js s=200 d=78µs s=5251
INF http m=GET p=/assets/Onboarding-DQ2WAJCW.js s=200 d=41µs s=996
INF http m=GET p=/sw.js s=200 d=76µs s=5593
INF http m=GET p=/api/v1/notifications/unread-count s=200 d=163µs s=25
INF http m=GET p=/favicon.png s=200 d=42µs s=449
INF http m=GET p=/registerSW.js s=200 d=35µs s=87
INF http m=GET p=/index.html s=200 d=39µs s=541
INF http m=GET p=/icon.svg s=200 d=40µs s=195
INF http m=GET p=/icon-512.png s=200 d=76µs s=6498
INF http m=POST p=/api/v1/auth/register s=200 d=288ms s=397
INF http m=GET p=/icon-192.png s=200 d=55µs s=2468
INF http m=GET p=/ s=200 d=71µs s=541
INF http m=GET p=/favicon.png s=200 d=33µs s=449
INF http m=GET p=/apple-touch-icon.png s=200 d=45µs s=2298
INF http m=GET p=/assets/index-Dlg_ygoF.js s=200 d=155µs s=45483
INF http m=GET p=/assets/index-Bi-AgGrc.css s=200 d=114µs s=11684
INF http m=GET p=/registerSW.js s=200 d=45µs s=87
INF http m=GET p=/assets/editor-vendor-VZT4IkOY.js s=200 d=154µs s=92428
INF http m=GET p=/assets/vendor-CnrH3R4r.js s=200 d=99µs s=28803
INF http m=GET p=/assets/material-symbols-names-D7AiM4If.js s=200 d=119µs s=15478
INF http m=GET p=/assets/fr-B1PqNQ7U.js s=200 d=111µs s=6351
INF http m=GET p=/assets/es-OK4oleHZ.js s=200 d=86µs s=6048
INF http m=GET p=/assets/emoji-groups-El6awxEn.js s=200 d=110µs s=13851
INF http m=POST p=/api/v1/organizations s=200 d=202ms s=351
INF http m=GET p=/assets/en-BIK_e_4K.js s=200 d=77µs s=5251
INF http m=GET p=/api/v1/auth/me s=200 d=2.34ms s=168
INF http m=GET p=/api/v1/auth/me s=200 d=231µs s=252
INF http m=GET p=/assets/Onboarding-DQ2WAJCW.js s=200 d=41µs s=996
INF http m=GET p=/favicon.png s=200 d=20µs s=449
INF http m=GET p=/api/v1/notifications/unread-count s=200 d=274µs s=25
INF http m=GET p=/assets/de-CSEWDUi3.js s=200 d=87µs s=6281
INF http m=GET p=/sw.js s=200 d=57µs s=5593
INF http m=GET p=/assets/WorkspaceSettingsPanel-BXpT4LCS.css s=200 d=52µs s=994
INF http m=GET p=/assets/WorkspaceSettingsPanel-BB4UnxOs.js s=200 d=100µs s=4465
INF http m=GET p=/assets/Terms-CDs9SgkA.js s=200 d=40µs s=1013
INF http m=GET p=/assets/ServerSettingsPanel-Co4AQ7oB.css s=200 d=41µs s=576
INF http m=GET p=/assets/ServerSettingsPanel-CUtQeHs8.js s=200 d=50µs s=2551
INF http m=GET p=/assets/ResourceQuotaForm-CBiYRbX4.js s=200 d=52µs s=832
INF http m=GET p=/registerSW.js s=200 d=55µs s=87
INF http m=GET p=/assets/ResourceQuotaForm-BFoPj33M.css s=200 d=39µs s=297
INF http m=GET p=/assets/ProfileSettings-DF5AVI35.js s=200 d=56µs s=4393
INF http m=GET p=/assets/ProfileSettings-CX-HDEdu.css s=200 d=31µs s=1177
INF http m=GET p=/index.html s=200 d=29µs s=541
INF http m=GET p=/assets/Privacy-cCrfp6_1.css s=200 d=30µs s=314
INF http m=GET p=/icon.svg s=200 d=27µs s=195
INF http m=GET p=/assets/Privacy-CgsgvqEr.js s=200 d=35µs s=904
INF http m=GET p=/assets/OrgSettingsPanel-D9VVCokd.css s=200 d=23µs s=488
INF http m=GET p=/icon-512.png s=200 d=100µs s=6498
INF http m=GET p=/assets/OrgSettingsPanel-9P66Q2ps.js s=200 d=41µs s=2333
INF http m=GET p=/icon-192.png s=200 d=43µs s=2468
INF http m=GET p=/assets/OAuthIcons-csRRTXki.js s=200 d=32µs s=951
INF http m=GET p=/favicon.png s=200 d=25µs s=449
INF http m=GET p=/assets/InviteForm-DLxm8fu0.css s=200 d=24µs s=394
INF http m=GET p=/apple-touch-icon.png s=200 d=32µs s=2298
INF http m=GET p=/assets/InviteForm-CV0yK4I0.js s=200 d=26µs s=1291
INF http m=GET p=/assets/Editor-DfcJ-Jfc.css s=200 d=39µs s=2151
INF http m=GET p=/assets/Editor-BCbjs9IY.js s=200 d=95µs s=13602
INF http m=GET p=/assets/material-symbols-names-D7AiM4If.js s=200 d=93µs s=15478
INF http m=GET p=/assets/Auth-8NWYUGup.js s=200 d=40µs s=1677
INF http m=GET p=/assets/Auth-6SolzSg2.css s=200 d=46µs s=633
INF http m=GET p=/assets/AdminDashboard-DpHjrDyw.js s=200 d=41µs s=2142
INF http m=GET p=/assets/AdminDashboard-CjPbo26j.css s=200 d=30µs s=584
INF http m=GET p=/assets/fr-B1PqNQ7U.js s=200 d=67µs s=6351
INF http m=GET p=/manifest.webmanifest s=200 d=24µs s=199
INF http m=GET p=/assets/es-OK4oleHZ.js s=200 d=54µs s=6048
INF http m=GET p=/assets/emoji-groups-El6awxEn.js s=200 d=80µs s=13851
INF http m=GET p=/assets/de-CSEWDUi3.js s=200 d=83µs s=6281
INF http m=GET p=/assets/WorkspaceSettingsPanel-BXpT4LCS.css s=200 d=25µs s=994
INF http m=GET p=/assets/WorkspaceSettingsPanel-BB4UnxOs.js s=200 d=64µs s=4465
INF http m=GET p=/assets/Terms-CDs9SgkA.js s=200 d=79µs s=1013
INF http m=GET p=/assets/ServerSettingsPanel-Co4AQ7oB.css s=200 d=26µs s=576
INF http m=GET p=/assets/ServerSettingsPanel-CUtQeHs8.js s=200 d=42µs s=2551
INF http m=GET p=/assets/ResourceQuotaForm-CBiYRbX4.js s=200 d=25µs s=832
INF http m=GET p=/assets/ResourceQuotaForm-BFoPj33M.css s=200 d=57µs s=297
INF http m=GET p=/assets/ProfileSettings-DF5AVI35.js s=200 d=68µs s=4393
INF http m=GET p=/assets/ProfileSettings-CX-HDEdu.css s=200 d=44µs s=1177
INF http m=GET p=/assets/Privacy-cCrfp6_1.css s=200 d=24µs s=314
INF http m=GET p=/assets/Privacy-CgsgvqEr.js s=200 d=23µs s=904
INF http m=GET p=/assets/OrgSettingsPanel-D9VVCokd.css s=200 d=27µs s=488
INF http m=GET p=/assets/OrgSettingsPanel-9P66Q2ps.js s=200 d=32µs s=2333
INF http m=GET p=/assets/OAuthIcons-csRRTXki.js s=200 d=32µs s=951
INF http m=GET p=/assets/InviteForm-DLxm8fu0.css s=200 d=29µs s=394
INF http m=GET p=/assets/InviteForm-CV0yK4I0.js s=200 d=29µs s=1291
INF http m=GET p=/assets/Editor-DfcJ-Jfc.css s=200 d=34µs s=2151
INF http m=GET p=/assets/Editor-BCbjs9IY.js s=200 d=503µs s=13602
INF http m=GET p=/assets/Auth-8NWYUGup.js s=200 d=31µs s=1677
INF http m=GET p=/assets/Auth-6SolzSg2.css s=200 d=28µs s=633
INF http m=GET p=/assets/AdminDashboard-DpHjrDyw.js s=200 d=54µs s=2142
INF http m=GET p=/assets/AdminDashboard-CjPbo26j.css s=200 d=24µs s=584
INF http m=GET p=/manifest.webmanifest s=200 d=28µs s=199
INF http m=POST p=/api/v1/organizations/40O5TB13M000/workspaces s=200 d=530ms s=296
INF http m=POST p=/api/v1/organizations s=200 d=448ms s=354
INF http m=GET p=/api/v1/auth/me s=200 d=1.17ms s=254
INF http m=POST p=/api/v1/auth/switch-workspace s=200 d=42.4ms s=606
INF http m=GET p=/api/v1/workspaces/40O5TCB9K000/nodes/0/children s=200 d=1.4ms s=26
INF http m=GET p=/api/v1/workspaces/40O5TCB9K000/members s=200 d=814µs s=124
INF http m=GET p=/api/v1/notifications/unread-count s=200 d=1.73ms s=25
INF http m=POST p=/api/v1/workspaces/40O5TCB9K000/nodes/0/page/create s=200 d=285ms s=35
INF http m=GET p=/api/v1/workspaces/40O5TCB9K000/nodes/0/children s=200 d=361µs s=228
INF http m=POST p=/api/v1/workspaces/40O5TCB9K000/nodes/0/page/create s=200 d=224ms s=26
INF http m=GET p=/api/v1/workspaces/40O5TCB9K000/nodes/40O5TG004000 s=200 d=313µs s=245
INF http m=POST p=/api/v1/organizations/40O5TCS82000/workspaces s=200 d=354ms s=303
INF http m=POST p=/api/v1/auth/switch-workspace s=200 d=52.6ms s=577
INF http m=POST p=/api/v1/workspaces/40O5TCB9K000/nodes/0/page/create s=200 d=60.6ms s=26
INF http m=GET p=/api/v1/workspaces/40O5TCB9K000/nodes/40O5TGD44000 s=200 d=195µs s=162
INF http m=GET p=/api/v1/notifications/unread-count s=200 d=160µs s=25
INF http m=GET p=/api/v1/workspaces/40O5TFKSI000/nodes/0/children s=200 d=1.73ms s=26
INF http m=GET p=/api/v1/workspaces/40O5TFKSI000/members s=200 d=1.91ms s=121
INF http m=GET p=/api/v1/workspaces/40O5TCB9K000/events s=200 d=390ms s=256
INF http m=POST p=/api/v1/workspaces/40O5TFKSI000/nodes/0/page/create s=200 d=38.5ms s=35
INF http m=GET p=/api/v1/workspaces/40O5TFKSI000/nodes/0/children s=200 d=433µs s=239
INF http m=GET p=/api/v1/workspaces/40O5TFKSI000/nodes/40O5TIBUM000 s=200 d=483µs s=245
INF http m=POST p=/api/v1/workspaces/40O5TFKSI000/nodes/0/page/create s=200 d=47.6ms s=26
INF http m=GET p=/w/@40O5TFKSI000+workspace/@40O5TIBUM000+welcome s=200 d=41µs s=541
INF http m=GET p=/api/v1/workspaces/40O5TFKSI000/events s=200 d=134ms s=231
INF http m=GET p=/api/v1/auth/me s=200 d=250µs s=356
INF http m=GET p=/api/v1/workspaces/40O5TFKSI000/nodes/0/children s=200 d=469µs s=239
INF http m=GET p=/api/v1/notifications/unread-count s=200 d=110µs s=25
INF http m=GET p=/api/v1/workspaces/40O5TFKSI000/members s=200 d=460µs s=121
INF http m=GET p=/api/v1/workspaces/40O5TFKSI000/nodes/40O5TIBUM000 s=200 d=15ms s=245
INF http m=GET p=/api/v1/workspaces/40O5TFKSI000/nodes/40O5TIHFE000 s=200 d=417µs s=142
INF http m=POST p=/api/v1/auth/register s=200 d=239ms s=402
INF http m=GET p=/ s=200 d=82µs s=541
INF http m=GET p=/assets/index-Dlg_ygoF.js s=200 d=148µs s=45483
INF http m=GET p=/assets/index-Bi-AgGrc.css s=200 d=102µs s=11684
INF http m=GET p=/assets/vendor-CnrH3R4r.js s=200 d=207µs s=28803
INF http m=GET p=/assets/editor-vendor-VZT4IkOY.js s=200 d=197µs s=92428
INF http m=GET p=/registerSW.js s=200 d=44µs s=87
INF http m=POST p=/api/v1/workspaces/40O5TFKSI000/nodes/40O5TIHFE000/page/create s=200 d=33.4ms s=35
INF http m=GET p=/api/v1/workspaces/40O5TFKSI000/nodes/40O5TIHFE000/children s=200 d=762µs s=134
INF http m=GET p=/api/v1/auth/me s=200 d=654µs s=169
INF http m=GET p=/assets/en-BIK_e_4K.js s=200 d=63µs s=5251
INF http m=GET p=/favicon.png s=200 d=39µs s=449
INF http m=GET p=/api/v1/workspaces/40O5TFKSI000/nodes/40O5TLOK6000 s=200 d=739µs s=127
INF http m=GET p=/assets/Onboarding-DQ2WAJCW.js s=200 d=33µs s=996
INF http m=GET p=/api/v1/notifications/unread-count s=200 d=148µs s=25
INF http m=GET p=/api/v1/workspaces/40O5TFKSI000/nodes/40O5TIHFE000 s=200 d=1.25ms s=191
INF http m=GET p=/api/v1/workspaces/40O5TFKSI000/nodes/40O5TIHFE000 s=200 d=248µs s=191
INF http m=GET p=/sw.js s=200 d=115µs s=5593
INF http m=POST p=/api/v1/workspaces/40O5TFKSI000/nodes/40O5TIHFE000/page s=200 d=56.9ms s=35
INF http m=GET p=/api/v1/workspaces/40O5TFKSI000/nodes/titles s=200 d=659µs s=52
INF http m=GET p=/api/v1/workspaces/40O5TFKSI000/nodes/40O5TLOK6000 s=200 d=700µs s=165
INF http m=GET p=/registerSW.js s=200 d=38µs s=87
INF http m=GET p=/api/v1/workspaces/40O5TFKSI000/nodes/40O5TIHFE000 s=200 d=2.45ms s=191
INF http m=GET p=/index.html s=200 d=30µs s=541
INF http m=GET p=/icon.svg s=200 d=27µs s=195
INF http m=GET p=/icon-512.png s=200 d=106µs s=6498
INF http m=GET p=/icon-192.png s=200 d=37µs s=2468
INF http m=GET p=/favicon.png s=200 d=31µs s=449
INF http m=GET p=/apple-touch-icon.png s=200 d=34µs s=2298
INF http m=GET p=/assets/material-symbols-names-D7AiM4If.js s=200 d=95µs s=15478
INF http m=POST p=/api/v1/organizations s=200 d=79.8ms s=355
INF http m=GET p=/api/v1/auth/me s=200 d=727µs s=257
INF http m=GET p=/assets/fr-B1PqNQ7U.js s=200 d=69µs s=6351
INF http m=GET p=/assets/es-OK4oleHZ.js s=200 d=81µs s=6048
INF http m=GET p=/assets/emoji-groups-El6awxEn.js s=200 d=98µs s=13851
INF http m=GET p=/assets/de-CSEWDUi3.js s=200 d=136µs s=6281
INF http m=GET p=/assets/WorkspaceSettingsPanel-BXpT4LCS.css s=200 d=52µs s=994
INF http m=GET p=/assets/WorkspaceSettingsPanel-BB4UnxOs.js s=200 d=66µs s=4465
INF http m=GET p=/assets/Terms-CDs9SgkA.js s=200 d=33µs s=1013
INF http m=GET p=/assets/ServerSettingsPanel-Co4AQ7oB.css s=200 d=119µs s=576
INF http m=GET p=/assets/ServerSettingsPanel-CUtQeHs8.js s=200 d=48µs s=2551
INF http m=GET p=/assets/ResourceQuotaForm-CBiYRbX4.js s=200 d=29µs s=832
INF http m=GET p=/assets/ResourceQuotaForm-BFoPj33M.css s=200 d=27µs s=297
INF http m=GET p=/assets/ProfileSettings-DF5AVI35.js s=200 d=57µs s=4393
INF http m=GET p=/assets/ProfileSettings-CX-HDEdu.css s=200 d=42µs s=1177
INF http m=GET p=/assets/Privacy-cCrfp6_1.css s=200 d=25µs s=314
INF http m=GET p=/assets/Privacy-CgsgvqEr.js s=200 d=27µs s=904
INF http m=GET p=/assets/OrgSettingsPanel-D9VVCokd.css s=200 d=25µs s=488
INF http m=GET p=/assets/OrgSettingsPanel-9P66Q2ps.js s=200 d=49µs s=2333
INF http m=GET p=/assets/OAuthIcons-csRRTXki.js s=200 d=23µs s=951
INF http m=GET p=/assets/InviteForm-DLxm8fu0.css s=200 d=36µs s=394
INF http m=GET p=/assets/InviteForm-CV0yK4I0.js s=200 d=35µs s=1291
INF http m=GET p=/assets/Editor-DfcJ-Jfc.css s=200 d=38µs s=2151
INF http m=GET p=/assets/Editor-BCbjs9IY.js s=200 d=131µs s=13602
INF http m=GET p=/assets/Auth-8NWYUGup.js s=200 d=32µs s=1677
INF http m=GET p=/assets/Auth-6SolzSg2.css s=200 d=31µs s=633
INF http m=GET p=/assets/AdminDashboard-DpHjrDyw.js s=200 d=41µs s=2142
INF http m=GET p=/assets/AdminDashboard-CjPbo26j.css s=200 d=33µs s=584
INF http m=GET p=/manifest.webmanifest s=200 d=31µs s=199
INF http m=POST p=/api/v1/organizations/40O5TMIHC000/workspaces s=200 d=355ms s=304
INF http m=POST p=/api/v1/auth/switch-workspace s=200 d=38.3ms s=574
INF http m=GET p=/api/v1/notifications/unread-count s=200 d=175µs s=25
INF http m=GET p=/api/v1/workspaces/40O5TN42K000/nodes/0/children s=200 d=310µs s=26
INF http m=GET p=/api/v1/workspaces/40O5TN42K000/members s=200 d=137µs s=130
INF http m=POST p=/api/v1/workspaces/40O5TN42K000/nodes/0/page/create s=200 d=20.5ms s=35
INF http m=GET p=/api/v1/workspaces/40O5TN42K000/nodes/0/children s=200 d=284µs s=257
INF http m=GET p=/api/v1/workspaces/40O5TN42K000/nodes/40O5TPK0Q000 s=200 d=228µs s=245
INF http m=POST p=/api/v1/workspaces/40O5TN42K000/nodes/0/page/create s=200 d=16.1ms s=26
INF http m=POST p=/api/v1/workspaces/40O5TN42K000/nodes/0/page/create s=200 d=14.4ms s=26
INF http m=POST p=/api/v1/workspaces/40O5TN42K000/nodes/40O5TRU1C000/page s=200 d=15.1ms s=26
INF http m=GET p=/w/@40O5TN42K000+workspace/@40O5TPK0Q000+welcome s=200 d=38µs s=541
INF http m=GET p=/api/v1/workspaces/40O5TN42K000/events s=200 d=439ms s=288
INF http m=GET p=/api/v1/auth/me s=200 d=289µs s=356
INF http m=GET p=/api/v1/notifications/unread-count s=200 d=204µs s=25
INF http m=GET p=/api/v1/workspaces/40O5TN42K000/members s=200 d=470µs s=130
INF http m=GET p=/api/v1/workspaces/40O5TN42K000/nodes/0/children s=200 d=758µs s=305
INF http m=GET p=/api/v1/workspaces/40O5TN42K000/nodes/40O5TPK0Q000 s=200 d=2.55ms s=245
INF http m=GET p=/api/v1/workspaces/40O5TN42K000/nodes/40O5TRU1C000 s=200 d=325µs s=225
INF http m=GET p=/api/v1/workspaces/40O5TN42K000/nodes/titles s=200 d=281µs s=55
INF http m=POST p=/api/v1/workspaces/40O5TN42K000/nodes/40O5TS1MO000/delete s=200 d=14.8ms s=16
INF http m=GET p=/w/@40O5TN42K000+invalid-links-workspace/@40O5TRU1C000+page-with-link s=200 d=39µs s=541
INF http m=GET p=/api/v1/workspaces/40O5TN42K000/events s=200 d=132ms s=206
INF http m=GET p=/api/v1/auth/me s=200 d=256µs s=356
INF http m=GET p=/api/v1/notifications/unread-count s=200 d=250µs s=25
INF http m=GET p=/api/v1/workspaces/40O5TN42K000/nodes/40O5TRU1C000 s=200 d=259µs s=225
INF http m=GET p=/api/v1/workspaces/40O5TN42K000/members s=200 d=164µs s=130
INF http m=GET p=/api/v1/workspaces/40O5TN42K000/nodes/0/children s=200 d=431µs s=296
INF http m=GET p=/api/v1/workspaces/40O5TN42K000/nodes/titles s=200 d=244µs s=27
INF http m=GET p=/api/v1/workspaces/40O5TN42K000/events s=200 d=96.9ms s=93
INF http m=POST p=/api/v1/auth/register s=200 d=132ms s=393
INF http m=GET p=/ s=200 d=47µs s=541
INF http m=GET p=/sw.js s=200 d=126µs s=5593
INF http m=GET p=/assets/index-Dlg_ygoF.js s=200 d=95µs s=45483
INF http m=GET p=/assets/index-Bi-AgGrc.css s=200 d=117µs s=11684
INF http m=GET p=/assets/vendor-CnrH3R4r.js s=200 d=185µs s=28803
INF http m=GET p=/assets/editor-vendor-VZT4IkOY.js s=200 d=176µs s=92428
INF http m=GET p=/registerSW.js s=200 d=38µs s=87
INF http m=GET p=/assets/en-BIK_e_4K.js s=200 d=119µs s=5251
INF http m=GET p=/api/v1/auth/me s=200 d=4.56ms s=165
INF http m=GET p=/assets/Onboarding-DQ2WAJCW.js s=200 d=49µs s=996
INF http m=GET p=/api/v1/notifications/unread-count s=200 d=207µs s=25
INF http m=GET p=/sw.js s=200 d=93µs s=5593
INF http m=GET p=/favicon.png s=200 d=45µs s=449
INF http m=GET p=/registerSW.js s=200 d=33µs s=87
INF http m=GET p=/index.html s=200 d=39µs s=541
INF http m=GET p=/icon.svg s=200 d=33µs s=195
INF http m=GET p=/icon-512.png s=200 d=63µs s=6498
INF http m=GET p=/icon-192.png s=200 d=31µs s=2468
INF http m=GET p=/favicon.png s=200 d=25µs s=449
INF http m=GET p=/apple-touch-icon.png s=200 d=37µs s=2298
INF http m=POST p=/api/v1/organizations s=200 d=64ms s=348
INF http m=GET p=/assets/material-symbols-names-D7AiM4If.js s=200 d=76µs s=15478
INF http m=GET p=/api/v1/auth/me s=200 d=272µs s=251
INF http m=GET p=/assets/fr-B1PqNQ7U.js s=200 d=63µs s=6351
INF http m=GET p=/assets/es-OK4oleHZ.js s=200 d=62µs s=6048
INF http m=GET p=/assets/emoji-groups-El6awxEn.js s=200 d=96µs s=13851
INF http m=GET p=/assets/de-CSEWDUi3.js s=200 d=80µs s=6281
INF http m=GET p=/assets/WorkspaceSettingsPanel-BXpT4LCS.css s=200 d=25µs s=994
INF http m=GET p=/assets/WorkspaceSettingsPanel-BB4UnxOs.js s=200 d=59µs s=4465
INF http m=GET p=/assets/Terms-CDs9SgkA.js s=200 d=17µs s=1013
INF http m=GET p=/assets/ServerSettingsPanel-Co4AQ7oB.css s=200 d=24µs s=576
INF http m=GET p=/assets/ServerSettingsPanel-CUtQeHs8.js s=200 d=35µs s=2551
INF http m=GET p=/assets/ResourceQuotaForm-CBiYRbX4.js s=200 d=27µs s=832
INF http m=GET p=/assets/ResourceQuotaForm-BFoPj33M.css s=200 d=25µs s=297
INF http m=GET p=/assets/ProfileSettings-DF5AVI35.js s=200 d=57µs s=4393
INF http m=GET p=/assets/ProfileSettings-CX-HDEdu.css s=200 d=30µs s=1177
INF http m=GET p=/assets/Privacy-cCrfp6_1.css s=200 d=25µs s=314
INF http m=GET p=/assets/Privacy-CgsgvqEr.js s=200 d=23µs s=904
INF http m=GET p=/assets/OrgSettingsPanel-D9VVCokd.css s=200 d=23µs s=488
INF http m=GET p=/assets/OrgSettingsPanel-9P66Q2ps.js s=200 d=53µs s=2333
INF http m=GET p=/assets/OAuthIcons-csRRTXki.js s=200 d=36µs s=951
INF http m=GET p=/assets/InviteForm-DLxm8fu0.css s=200 d=26µs s=394
INF http m=GET p=/assets/InviteForm-CV0yK4I0.js s=200 d=32µs s=1291
INF http m=GET p=/assets/Editor-DfcJ-Jfc.css s=200 d=32µs s=2151
INF http m=GET p=/assets/Editor-BCbjs9IY.js s=200 d=73µs s=13602
INF http m=GET p=/assets/Auth-8NWYUGup.js s=200 d=29µs s=1677
INF http m=GET p=/assets/Auth-6SolzSg2.css s=200 d=25µs s=633
INF http m=GET p=/assets/AdminDashboard-DpHjrDyw.js s=200 d=27µs s=2142
INF http m=GET p=/assets/AdminDashboard-CjPbo26j.css s=200 d=24µs s=584
INF http m=GET p=/manifest.webmanifest s=200 d=23µs s=199
INF http m=POST p=/api/v1/organizations/40O5U1128000/workspaces s=200 d=349ms s=297
INF http m=POST p=/api/v1/workspaces/40O5TFKSI000/nodes/40O5TLOK6000/page s=200 d=84.2ms s=35
INF http m=POST p=/api/v1/auth/switch-workspace s=200 d=43.6ms s=611
INF http m=GET p=/api/v1/notifications/unread-count s=200 d=194µs s=25
INF http m=GET p=/api/v1/workspaces/40O5U1FL8000/nodes/0/children s=200 d=622µs s=26
INF http m=GET p=/api/v1/workspaces/40O5U1FL8000/members s=200 d=1.56ms s=126
INF http m=POST p=/api/v1/workspaces/40O5U1FL8000/nodes/0/page/create s=200 d=19.7ms s=35
INF http m=GET p=/api/v1/workspaces/40O5U1FL8000/nodes/0/children s=200 d=376µs s=257
INF http m=GET p=/api/v1/workspaces/40O5U1FL8000/nodes/40O5U3VMQ000 s=200 d=239µs s=245
INF http m=POST p=/api/v1/workspaces/40O5U1FL8000/nodes/0/page/create s=200 d=15.4ms s=26
INF http m=POST p=/api/v1/workspaces/40O5U1FL8000/nodes/0/page/create s=200 d=15.1ms s=26
INF http m=POST p=/api/v1/workspaces/40O5U1FL8000/nodes/40O5U6BCQ000/page s=200 d=14.8ms s=26
INF http m=GET p=/w/@40O5U1FL8000+workspace/@40O5U3VMQ000+welcome s=200 d=30µs s=541
INF http m=GET p=/api/v1/workspaces/40O5U1FL8000/events s=200 d=445ms s=288
INF http m=GET p=/api/v1/auth/me s=200 d=271µs s=366
INF http m=GET p=/api/v1/notifications/unread-count s=200 d=132µs s=25
INF http m=GET p=/api/v1/workspaces/40O5U1FL8000/nodes/40O5U3VMQ000 s=200 d=310µs s=245
INF http m=GET p=/api/v1/workspaces/40O5U1FL8000/nodes/0/children s=200 d=1.05ms s=317
INF http m=GET p=/api/v1/workspaces/40O5U1FL8000/members s=200 d=1.1ms s=126
INF http m=GET p=/api/v1/workspaces/40O5U1FL8000/nodes/40O5U6BCQ000 s=200 d=303µs s=227
INF http m=GET p=/api/v1/workspaces/40O5U1FL8000/nodes/titles s=200 d=1.55ms s=55
INF http m=GET p=/api/v1/workspaces/40O5U1FL8000/nodes/40O5U6EO8000 s=200 d=344µs s=143
INF http m=GET p=/api/v1/workspaces/40O5U1FL8000/events s=200 d=243ms s=93
INF http m=GET p=/api/v1/workspaces/40O5TFKSI000/nodes/40O5TIHFE000 s=200 d=296µs s=191
INF http m=GET p=/api/v1/workspaces/40O5TFKSI000/nodes/titles s=200 d=830µs s=54
INF http m=GET p=/api/v1/workspaces/40O5TFKSI000/events s=200 d=3.42s s=266
INF http m=GET p=/login s=200 d=62µs s=541
INF http m=GET p=/assets/index-Dlg_ygoF.js s=200 d=184µs s=45483
INF http m=GET p=/assets/editor-vendor-VZT4IkOY.js s=200 d=139µs s=92428
INF http m=GET p=/assets/vendor-CnrH3R4r.js s=200 d=91µs s=28803
INF http m=GET p=/assets/index-Bi-AgGrc.css s=200 d=81µs s=11684
INF http m=GET p=/registerSW.js s=200 d=39µs s=87
INF http m=GET p=/assets/Auth-8NWYUGup.js s=200 d=60µs s=1677
INF http m=GET p=/assets/OAuthIcons-csRRTXki.js s=200 d=24µs s=951
INF http m=GET p=/assets/Auth-6SolzSg2.css s=200 d=24µs s=633
INF http m=GET p=/assets/en-BIK_e_4K.js s=200 d=349µs s=5251
INF http m=GET p=/api/v1/auth/providers s=200 d=137µs s=59
INF http m=GET p=/favicon.png s=200 d=42µs s=449
INF http m=GET p=/sw.js s=200 d=76µs s=5593
INF http m=GET p=/registerSW.js s=200 d=47µs s=87
INF http m=GET p=/index.html s=200 d=46µs s=541
INF http m=GET p=/icon.svg s=200 d=107µs s=195
INF http m=POST p=/api/v1/auth/register s=200 d=242ms s=400
INF http m=GET p=/ s=200 d=40µs s=541
INF http m=GET p=/icon-512.png s=200 d=89µs s=6498
INF http m=GET p=/icon-192.png s=200 d=60µs s=2468
INF http m=GET p=/favicon.png s=200 d=43µs s=449
INF http m=GET p=/registerSW.js s=200 d=65µs s=87
INF http m=GET p=/assets/index-Dlg_ygoF.js s=200 d=110µs s=45483
INF http m=GET p=/assets/editor-vendor-VZT4IkOY.js s=200 d=164µs s=92428
INF http m=GET p=/assets/vendor-CnrH3R4r.js s=200 d=100µs s=28803
INF http m=GET p=/assets/index-Bi-AgGrc.css s=200 d=88µs s=11684
INF http m=GET p=/apple-touch-icon.png s=200 d=47µs s=2298
INF http m=GET p=/assets/material-symbols-names-D7AiM4If.js s=200 d=1.33ms s=15478
INF http m=GET p=/assets/fr-B1PqNQ7U.js s=200 d=70µs s=6351
INF http m=GET p=/assets/es-OK4oleHZ.js s=200 d=1.11ms s=6048
INF http m=GET p=/api/v1/auth/me s=200 d=235µs s=169
INF http m=GET p=/assets/en-BIK_e_4K.js s=200 d=65µs s=5251
INF http m=GET p=/assets/emoji-groups-El6awxEn.js s=200 d=74µs s=13851
INF http m=GET p=/assets/Onboarding-DQ2WAJCW.js s=200 d=42µs s=996
INF http m=GET p=/api/v1/notifications/unread-count s=200 d=159µs s=25
INF http m=GET p=/assets/de-CSEWDUi3.js s=200 d=89µs s=6281
INF http m=GET p=/sw.js s=200 d=76µs s=5593
INF http m=GET p=/assets/WorkspaceSettingsPanel-BXpT4LCS.css s=200 d=34µs s=994
INF http m=GET p=/favicon.png s=200 d=29µs s=449
INF http m=GET p=/assets/WorkspaceSettingsPanel-BB4UnxOs.js s=200 d=77µs s=4465
INF http m=GET p=/assets/Terms-CDs9SgkA.js s=200 d=33µs s=1013
INF http m=GET p=/registerSW.js s=200 d=42µs s=87
INF http m=GET p=/assets/ServerSettingsPanel-Co4AQ7oB.css s=200 d=28µs s=576
INF http m=GET p=/assets/ServerSettingsPanel-CUtQeHs8.js s=200 d=60µs s=2551
INF http m=GET p=/assets/ResourceQuotaForm-CBiYRbX4.js s=200 d=32µs s=832
INF http m=GET p=/index.html s=200 d=47µs s=541
INF http m=GET p=/assets/ResourceQuotaForm-BFoPj33M.css s=200 d=29µs s=297
INF http m=GET p=/icon.svg s=200 d=28µs s=195
INF http m=GET p=/assets/ProfileSettings-DF5AVI35.js s=200 d=54µs s=4393
INF http m=GET p=/assets/ProfileSettings-CX-HDEdu.css s=200 d=40µs s=1177
INF http m=GET p=/assets/Privacy-cCrfp6_1.css s=200 d=24µs s=314
INF http m=GET p=/icon-512.png s=200 d=73µs s=6498
INF http m=GET p=/assets/Privacy-CgsgvqEr.js s=200 d=23µs s=904
INF http m=GET p=/assets/OrgSettingsPanel-D9VVCokd.css s=200 d=28µs s=488
INF http m=GET p=/icon-192.png s=200 d=41µs s=2468
INF http m=GET p=/assets/OrgSettingsPanel-9P66Q2ps.js s=200 d=35µs s=2333
INF http m=GET p=/assets/Onboarding-DQ2WAJCW.js s=200 d=27µs s=996
INF http m=GET p=/favicon.png s=200 d=20µs s=449
INF http m=GET p=/apple-touch-icon.png s=200 d=51µs s=2298
INF http m=GET p=/assets/InviteForm-DLxm8fu0.css s=200 d=25µs s=394
INF http m=GET p=/assets/InviteForm-CV0yK4I0.js s=200 d=88µs s=1291
INF http m=GET p=/assets/Editor-DfcJ-Jfc.css s=200 d=44µs s=2151
INF http m=GET p=/assets/material-symbols-names-D7AiM4If.js s=200 d=110µs s=15478
INF http m=GET p=/assets/Editor-BCbjs9IY.js s=200 d=77µs s=13602
INF http m=POST p=/api/v1/organizations s=200 d=118ms s=355
INF http m=GET p=/api/v1/auth/me s=200 d=292µs s=256
INF http m=GET p=/assets/AdminDashboard-DpHjrDyw.js s=200 d=347µs s=2142
INF http m=GET p=/assets/AdminDashboard-CjPbo26j.css s=200 d=41µs s=584
INF http m=GET p=/manifest.webmanifest s=200 d=41µs s=199
INF http m=GET p=/assets/fr-B1PqNQ7U.js s=200 d=56µs s=6351
INF http m=GET p=/assets/es-OK4oleHZ.js s=200 d=61µs s=6048
INF http m=GET p=/assets/emoji-groups-El6awxEn.js s=200 d=96µs s=13851
INF http m=GET p=/assets/de-CSEWDUi3.js s=200 d=189µs s=6281
INF http m=GET p=/assets/WorkspaceSettingsPanel-BXpT4LCS.css s=200 d=34µs s=994
INF http m=POST p=/api/v1/auth/register s=200 d=319ms s=380
INF http m=GET p=/assets/WorkspaceSettingsPanel-BB4UnxOs.js s=200 d=56µs s=4465
INF http m=GET p=/api/v1/auth/me s=200 d=576µs s=212
INF http m=GET p=/assets/Terms-CDs9SgkA.js s=200 d=29µs s=1013
INF http m=GET p=/api/v1/notifications/unread-count s=200 d=134µs s=25
INF http m=GET p=/assets/ServerSettingsPanel-Co4AQ7oB.css s=200 d=27µs s=576
INF http m=GET p=/assets/ServerSettingsPanel-CUtQeHs8.js s=200 d=37µs s=2551
INF http m=GET p=/assets/ResourceQuotaForm-CBiYRbX4.js s=200 d=31µs s=832
INF http m=GET p=/assets/ResourceQuotaForm-BFoPj33M.css s=200 d=34µs s=297
INF http m=GET p=/assets/ProfileSettings-DF5AVI35.js s=200 d=64µs s=4393
INF http m=GET p=/assets/ProfileSettings-CX-HDEdu.css s=200 d=92µs s=1177
INF http m=GET p=/assets/Privacy-cCrfp6_1.css s=200 d=33µs s=314
INF http m=GET p=/assets/Privacy-CgsgvqEr.js s=200 d=24µs s=904
INF http m=GET p=/assets/OrgSettingsPanel-D9VVCokd.css s=200 d=26µs s=488
INF http m=GET p=/assets/OrgSettingsPanel-9P66Q2ps.js s=200 d=31µs s=2333
INF http m=GET p=/assets/OAuthIcons-csRRTXki.js s=200 d=35µs s=951
INF http m=GET p=/assets/InviteForm-DLxm8fu0.css s=200 d=72µs s=394
INF http m=GET p=/assets/InviteForm-CV0yK4I0.js s=200 d=30µs s=1291
INF http m=GET p=/assets/Editor-DfcJ-Jfc.css s=200 d=126µs s=2151
INF http m=GET p=/assets/Editor-BCbjs9IY.js s=200 d=85µs s=13602
INF http m=GET p=/assets/Auth-8NWYUGup.js s=200 d=29µs s=1677
INF http m=GET p=/assets/Auth-6SolzSg2.css s=200 d=23µs s=633
INF http m=GET p=/assets/AdminDashboard-DpHjrDyw.js s=200 d=36µs s=2142
INF http m=GET p=/assets/AdminDashboard-CjPbo26j.css s=200 d=26µs s=584
INF http m=GET p=/manifest.webmanifest s=200 d=33µs s=199
INF http m=POST p=/api/v1/organizations/40O5UDUSQ000/workspaces s=200 d=433ms s=305
INF http m=POST p=/api/v1/organizations s=200 d=390ms s=355
INF http m=GET p=/api/v1/auth/me s=200 d=1.47ms s=253
INF http m=POST p=/api/v1/auth/switch-workspace s=200 d=80ms s=579
INF http m=GET p=/api/v1/notifications/unread-count s=200 d=8.07ms s=25
INF http m=GET p=/api/v1/workspaces/40O5UEOGC000/nodes/0/children s=200 d=8.15ms s=26
INF http m=GET p=/api/v1/workspaces/40O5UEOGC000/members s=200 d=10.4ms s=122
INF http m=GET p=/api/v1/auth/me s=200 d=249µs s=378
INF http m=POST p=/api/v1/organizations/40O5UF8NE000/workspaces s=200 d=352ms s=293
INF http m=POST p=/api/v1/workspaces/40O5UEOGC000/nodes/0/page/create s=200 d=336ms s=35
INF http m=GET p=/api/v1/workspaces/40O5UEOGC000/nodes/0/children s=200 d=236µs s=257
INF http m=POST p=/api/v1/auth/register s=200 d=133ms s=393
INF http m=GET p=/api/v1/auth/me s=200 d=193µs s=180
INF http m=GET p=/api/v1/workspaces/40O5UEOGC000/nodes/40O5UI2AG000 s=200 d=227µs s=245
INF http m=POST p=/api/v1/auth/switch-workspace s=200 d=57.3ms s=570
INF http m=GET p=/api/v1/workspaces/40O5UHM5K000/nodes/0/children s=200 d=982µs s=26
INF http m=GET p=/api/v1/notifications/unread-count s=200 d=4.2ms s=25
INF http m=GET p=/api/v1/workspaces/40O5UHM5K000/members s=200 d=232µs s=117
INF http m=POST p=/api/v1/organizations/40O5UDUSQ000/users/role s=200 d=63.9ms s=262
INF http m=POST p=/api/v1/workspaces/40O5UHM5K000/nodes/0/page/create s=200 d=34.1ms s=35
INF http m=GET p=/api/v1/workspaces/40O5UHM5K000/nodes/0/children s=200 d=224µs s=257
INF http m=GET p=/api/v1/workspaces/40O5UHM5K000/nodes/40O5UKDBG000 s=200 d=261µs s=245
INF http m=POST p=/api/v1/workspaces/40O5UEOGC000/users/role s=200 d=52.2ms s=331
INF http m=GET p=/api/v1/workspaces/40O5UHM5K000/events s=200 d=88.9ms s=207
INF http m=GET p=/api/v1/organizations/40O5UDUSQ000/users s=200 d=996µs s=460
INF http m=GET p=/settings/org/40O5UDUSQ000 s=200 d=42µs s=541
INF http m=GET p=/api/v1/workspaces/40O5UEOGC000/events s=200 d=507ms s=207
INF http m=GET p=/api/v1/auth/me s=200 d=272µs s=358
INF http m=GET p=/api/v1/notifications/unread-count s=200 d=176µs s=25
INF http m=GET p=/api/v1/organizations/40O5UDUSQ000/users s=200 d=724µs s=417
INF http m=GET p=/api/v1/organizations/40O5UDUSQ000/invitations s=200 d=242µs s=34
INF http m=POST p=/api/v1/auth/register s=200 d=149ms s=403
INF http m=GET p=/ s=200 d=58µs s=541
INF http m=GET p=/assets/index-Dlg_ygoF.js s=200 d=201µs s=45483
INF http m=GET p=/assets/index-Bi-AgGrc.css s=200 d=126µs s=11684
INF http m=GET p=/assets/vendor-CnrH3R4r.js s=200 d=120µs s=28803
INF http m=GET p=/registerSW.js s=200 d=33µs s=87
INF http m=GET p=/assets/editor-vendor-VZT4IkOY.js s=200 d=135µs s=92428
INF http m=GET p=/api/v1/auth/me s=200 d=238µs s=167
INF http m=GET p=/assets/en-BIK_e_4K.js s=200 d=69µs s=5251
INF http m=GET p=/assets/Onboarding-DQ2WAJCW.js s=200 d=67µs s=996
INF http m=GET p=/api/v1/notifications/unread-count s=200 d=499µs s=25
INF http m=GET p=/favicon.png s=200 d=48µs s=449
INF http m=POST p=/api/v1/organizations/40O5UDUSQ000/users/remove s=200 d=136ms s=25
INF http m=GET p=/sw.js s=200 d=76µs s=5593
INF http m=GET p=/api/v1/organizations/40O5UDUSQ000/invitations s=200 d=229µs s=34
INF http m=GET p=/api/v1/organizations/40O5UDUSQ000/users s=200 d=4.1ms s=333
INF http m=GET p=/api/v1/organizations/40O5UDUSQ000/users s=200 d=606µs s=365
INF http m=GET p=/api/v1/auth/me s=200 d=132µs s=180
INF http m=GET p=/registerSW.js s=200 d=24µs s=87
INF http m=GET p=/index.html s=200 d=38µs s=541
INF http m=GET p=/icon.svg s=200 d=36µs s=195
INF http m=GET p=/icon-512.png s=200 d=73µs s=6498
INF http m=GET p=/icon-192.png s=200 d=38µs s=2468
INF http m=GET p=/favicon.png s=200 d=33µs s=449
INF http m=POST p=/api/v1/organizations s=200 d=114ms s=351
INF http m=GET p=/apple-touch-icon.png s=200 d=49µs s=2298
INF http m=GET p=/api/v1/auth/me s=200 d=941µs s=250
INF http m=GET p=/assets/material-symbols-names-D7AiM4If.js s=200 d=143µs s=15478
INF http m=GET p=/assets/fr-B1PqNQ7U.js s=200 d=78µs s=6351
INF http m=GET p=/assets/es-OK4oleHZ.js s=200 d=79µs s=6048
INF http m=GET p=/assets/emoji-groups-El6awxEn.js s=200 d=110µs s=13851
INF http m=GET p=/assets/de-CSEWDUi3.js s=200 d=126µs s=6281
INF http m=GET p=/assets/WorkspaceSettingsPanel-BXpT4LCS.css s=200 d=35µs s=994
INF http m=GET p=/assets/WorkspaceSettingsPanel-BB4UnxOs.js s=200 d=98µs s=4465
INF http m=GET p=/assets/Terms-CDs9SgkA.js s=200 d=29µs s=1013
INF http m=GET p=/assets/ServerSettingsPanel-Co4AQ7oB.css s=200 d=42µs s=576
INF http m=GET p=/assets/ServerSettingsPanel-CUtQeHs8.js s=200 d=53µs s=2551
INF http m=GET p=/assets/ResourceQuotaForm-CBiYRbX4.js s=200 d=39µs s=832
INF http m=GET p=/assets/ResourceQuotaForm-BFoPj33M.css s=200 d=42µs s=297
INF http m=GET p=/assets/ProfileSettings-DF5AVI35.js s=200 d=74µs s=4393
INF http m=GET p=/assets/ProfileSettings-CX-HDEdu.css s=200 d=108µs s=1177
INF http m=GET p=/assets/Privacy-cCrfp6_1.css s=200 d=37µs s=314
INF http m=GET p=/assets/Privacy-CgsgvqEr.js s=200 d=29µs s=904
INF http m=GET p=/assets/OrgSettingsPanel-D9VVCokd.css s=200 d=32µs s=488
INF http m=GET p=/assets/OrgSettingsPanel-9P66Q2ps.js s=200 d=44µs s=2333
INF http m=GET p=/assets/OAuthIcons-csRRTXki.js s=200 d=35µs s=951
INF http m=GET p=/assets/InviteForm-DLxm8fu0.css s=200 d=31µs s=394
INF http m=GET p=/assets/InviteForm-CV0yK4I0.js s=200 d=32µs s=1291
INF http m=GET p=/assets/Editor-DfcJ-Jfc.css s=200 d=38µs s=2151
INF http m=GET p=/assets/Editor-BCbjs9IY.js s=200 d=82µs s=13602
INF http m=GET p=/assets/Auth-8NWYUGup.js s=200 d=32µs s=1677
INF http m=GET p=/assets/Auth-6SolzSg2.css s=200 d=33µs s=633
INF http m=GET p=/assets/AdminDashboard-DpHjrDyw.js s=200 d=41µs s=2142
INF http m=GET p=/assets/AdminDashboard-CjPbo26j.css s=200 d=27µs s=584
INF http m=GET p=/manifest.webmanifest s=200 d=30µs s=199
INF http m=POST p=/api/v1/organizations/40O5UO0FK000/workspaces s=200 d=618ms s=301
INF http m=POST p=/api/v1/auth/register s=200 d=402ms s=419
INF http m=GET p=/ s=200 d=49µs s=541
INF http m=GET p=/assets/index-Dlg_ygoF.js s=200 d=143µs s=45483
INF http m=GET p=/registerSW.js s=200 d=38µs s=87
INF http m=GET p=/assets/index-Bi-AgGrc.css s=200 d=117µs s=11684
INF http m=GET p=/assets/editor-vendor-VZT4IkOY.js s=200 d=117µs s=92428
INF http m=GET p=/assets/vendor-CnrH3R4r.js s=200 d=80µs s=28803
INF http m=POST p=/api/v1/auth/switch-workspace s=200 d=75.9ms s=577
INF http m=GET p=/api/v1/notifications/unread-count s=200 d=2.29ms s=25
INF http m=GET p=/api/v1/workspaces/40O5UORA8000/nodes/0/children s=200 d=919µs s=26
INF http m=GET p=/api/v1/workspaces/40O5UORA8000/members s=200 d=721µs s=128
INF http m=GET p=/api/v1/auth/me s=200 d=287µs s=171
INF http m=GET p=/assets/en-BIK_e_4K.js s=200 d=121µs s=5251
INF http m=POST p=/api/v1/workspaces/40O5UORA8000/nodes/0/page/create s=200 d=47.5ms s=35
INF http m=GET p=/assets/Onboarding-DQ2WAJCW.js s=200 d=34µs s=996
INF http m=GET p=/api/v1/notifications/unread-count s=200 d=640µs s=25
INF http m=GET p=/api/v1/workspaces/40O5UORA8000/nodes/0/children s=200 d=703µs s=257
INF http m=GET p=/sw.js s=200 d=104µs s=5593
INF http m=GET p=/api/v1/auth/me s=200 d=236µs s=373
INF http m=GET p=/favicon.png s=200 d=37µs s=449
INF http m=GET p=/api/v1/workspaces/40O5UORA8000/nodes/40O5UTA80000 s=200 d=751µs s=245
INF http m=GET p=/registerSW.js s=200 d=42µs s=87
INF http m=GET p=/index.html s=200 d=42µs s=541
INF http m=GET p=/icon.svg s=200 d=27µs s=195
INF http m=GET p=/icon-512.png s=200 d=66µs s=6498
INF http m=GET p=/icon-192.png s=200 d=43µs s=2468
INF http m=GET p=/favicon.png s=200 d=34µs s=449
INF http m=GET p=/apple-touch-icon.png s=200 d=40µs s=2298
INF http m=GET p=/assets/material-symbols-names-D7AiM4If.js s=200 d=108µs s=15478
INF http m=POST p=/api/v1/organizations s=200 d=78.4ms s=356
INF http m=GET p=/api/v1/auth/me s=200 d=752µs s=255
ERR Handler error err="cannot remove yourself" statusCode=403 code=FORBIDDEN
INF http m=POST p=/api/v1/organizations/40O5UO0FK000/users/remove s=403 d=82.1ms s=70
INF http m=GET p=/assets/fr-B1PqNQ7U.js s=200 d=67µs s=6351
INF http m=GET p=/assets/es-OK4oleHZ.js s=200 d=65µs s=6048
INF http m=GET p=/assets/emoji-groups-El6awxEn.js s=200 d=105µs s=13851
INF http m=GET p=/api/v1/workspaces/40O5UORA8000/events s=200 d=188ms s=207
INF http m=GET p=/assets/de-CSEWDUi3.js s=200 d=92µs s=6281
INF http m=GET p=/assets/WorkspaceSettingsPanel-BXpT4LCS.css s=200 d=42µs s=994
INF http m=GET p=/assets/WorkspaceSettingsPanel-BB4UnxOs.js s=200 d=57µs s=4465
INF http m=GET p=/assets/Terms-CDs9SgkA.js s=200 d=32µs s=1013
INF http m=GET p=/assets/ServerSettingsPanel-Co4AQ7oB.css s=200 d=45µs s=576
INF http m=GET p=/assets/ServerSettingsPanel-CUtQeHs8.js s=200 d=1.54ms s=2551
INF http m=GET p=/assets/ResourceQuotaForm-CBiYRbX4.js s=200 d=25µs s=832
INF http m=GET p=/assets/ResourceQuotaForm-BFoPj33M.css s=200 d=26µs s=297
INF http m=GET p=/assets/ProfileSettings-DF5AVI35.js s=200 d=62µs s=4393
INF http m=GET p=/assets/ProfileSettings-CX-HDEdu.css s=200 d=33µs s=1177
INF http m=GET p=/assets/Privacy-cCrfp6_1.css s=200 d=39µs s=314
INF http m=GET p=/assets/Privacy-CgsgvqEr.js s=200 d=30µs s=904
INF http m=GET p=/assets/OrgSettingsPanel-D9VVCokd.css s=200 d=33µs s=488
INF http m=GET p=/assets/OrgSettingsPanel-9P66Q2ps.js s=200 d=63µs s=2333
INF http m=GET p=/assets/OAuthIcons-csRRTXki.js s=200 d=45µs s=951
INF http m=GET p=/assets/InviteForm-DLxm8fu0.css s=200 d=43µs s=394
INF http m=GET p=/assets/InviteForm-CV0yK4I0.js s=200 d=48µs s=1291
INF http m=GET p=/assets/Editor-DfcJ-Jfc.css s=200 d=44µs s=2151
INF http m=GET p=/assets/Editor-BCbjs9IY.js s=200 d=107µs s=13602
INF http m=GET p=/assets/Auth-8NWYUGup.js s=200 d=43µs s=1677
INF http m=GET p=/assets/Auth-6SolzSg2.css s=200 d=37µs s=633
INF http m=GET p=/assets/AdminDashboard-DpHjrDyw.js s=200 d=38µs s=2142
INF http m=GET p=/assets/AdminDashboard-CjPbo26j.css s=200 d=34µs s=584
INF http m=GET p=/manifest.webmanifest s=200 d=66µs s=199
INF http m=POST p=/api/v1/organizations/40O5UTPFS000/workspaces s=200 d=597ms s=303
INF http m=POST p=/api/v1/auth/register s=200 d=410ms s=391
INF http m=GET p=/ s=200 d=44µs s=541
INF http m=GET p=/assets/index-Dlg_ygoF.js s=200 d=150µs s=45483
INF http m=GET p=/assets/index-Bi-AgGrc.css s=200 d=4.65ms s=11684
INF http m=GET p=/registerSW.js s=200 d=36µs s=87
INF http m=GET p=/assets/vendor-CnrH3R4r.js s=200 d=116µs s=28803
INF http m=GET p=/assets/editor-vendor-VZT4IkOY.js s=200 d=177µs s=92428
INF http m=POST p=/api/v1/auth/switch-workspace s=200 d=103ms s=570
INF http m=GET p=/api/v1/notifications/unread-count s=200 d=216µs s=25
INF http m=GET p=/api/v1/workspaces/40O5UUA5Q000/nodes/0/children s=200 d=390µs s=26
INF http m=GET p=/api/v1/workspaces/40O5UUA5Q000/members s=200 d=610µs s=121
INF http m=GET p=/assets/en-BIK_e_4K.js s=200 d=112µs s=5251
INF http m=GET p=/api/v1/auth/me s=200 d=597µs s=165
INF http m=GET p=/assets/Onboarding-DQ2WAJCW.js s=200 d=45µs s=996
INF http m=GET p=/api/v1/notifications/unread-count s=200 d=175µs s=25
INF http m=GET p=/favicon.png s=200 d=29µs s=449
INF http m=GET p=/sw.js s=200 d=67µs s=5593
INF http m=POST p=/api/v1/workspaces/40O5UUA5Q000/nodes/0/page/create s=200 d=33.3ms s=35
INF http m=GET p=/api/v1/workspaces/40O5UUA5Q000/nodes/0/children s=200 d=1.03ms s=257
INF http m=GET p=/api/v1/workspaces/40O5UUA5Q000/nodes/40O5V2S5S000 s=200 d=1.01ms s=245
INF http m=GET p=/registerSW.js s=200 d=35µs s=87
INF http m=GET p=/api/v1/auth/me s=200 d=220µs s=373
INF http m=GET p=/index.html s=200 d=34µs s=541
INF http m=GET p=/icon.svg s=200 d=35µs s=195
INF http m=GET p=/icon-512.png s=200 d=107µs s=6498
INF http m=GET p=/icon-192.png s=200 d=66µs s=2468
INF http m=GET p=/favicon.png s=200 d=19µs s=449
INF http m=GET p=/apple-touch-icon.png s=200 d=38µs s=2298
INF http m=GET p=/assets/material-symbols-names-D7AiM4If.js s=200 d=105µs s=15478
INF http m=POST p=/api/v1/organizations s=200 d=94.4ms s=349
INF http m=GET p=/assets/fr-B1PqNQ7U.js s=200 d=61µs s=6351
INF http m=GET p=/api/v1/auth/me s=200 d=656µs s=248
INF http m=GET p=/assets/es-OK4oleHZ.js s=200 d=75µs s=6048
INF http m=GET p=/assets/emoji-groups-El6awxEn.js s=200 d=113µs s=13851
INF http m=GET p=/assets/de-CSEWDUi3.js s=200 d=280µs s=6281
INF http m=GET p=/assets/WorkspaceSettingsPanel-BXpT4LCS.css s=200 d=46µs s=994
INF http m=GET p=/assets/WorkspaceSettingsPanel-BB4UnxOs.js s=200 d=70µs s=4465
INF http m=GET p=/assets/Terms-CDs9SgkA.js s=200 d=24µs s=1013
INF http m=GET p=/assets/ServerSettingsPanel-Co4AQ7oB.css s=200 d=27µs s=576
INF http m=GET p=/assets/ServerSettingsPanel-CUtQeHs8.js s=200 d=63µs s=2551
INF http m=GET p=/assets/ResourceQuotaForm-CBiYRbX4.js s=200 d=36µs s=832
INF http m=GET p=/assets/ResourceQuotaForm-BFoPj33M.css s=200 d=42µs s=297
INF http m=GET p=/assets/ProfileSettings-DF5AVI35.js s=200 d=145µs s=4393
INF http m=GET p=/assets/ProfileSettings-CX-HDEdu.css s=200 d=31µs s=1177
INF http m=GET p=/assets/Privacy-cCrfp6_1.css s=200 d=31µs s=314
INF http m=GET p=/assets/Privacy-CgsgvqEr.js s=200 d=28µs s=904
INF http m=GET p=/assets/OrgSettingsPanel-D9VVCokd.css s=200 d=22µs s=488
INF http m=GET p=/assets/OrgSettingsPanel-9P66Q2ps.js s=200 d=41µs s=2333
INF http m=POST p=/api/v1/auth/register s=200 d=147ms s=432
INF http m=GET p=/assets/OAuthIcons-csRRTXki.js s=200 d=36µs s=951
INF http m=GET p=/api/v1/auth/me s=200 d=194µs s=181
INF http m=GET p=/assets/InviteForm-DLxm8fu0.css s=200 d=37µs s=394
INF http m=GET p=/assets/InviteForm-CV0yK4I0.js s=200 d=35µs s=1291
INF http m=GET p=/assets/Editor-DfcJ-Jfc.css s=200 d=42µs s=2151
INF http m=GET p=/assets/Editor-BCbjs9IY.js s=200 d=94µs s=13602
INF http m=GET p=/assets/Auth-8NWYUGup.js s=200 d=33µs s=1677
INF http m=GET p=/assets/Auth-6SolzSg2.css s=200 d=27µs s=633
INF http m=GET p=/assets/AdminDashboard-DpHjrDyw.js s=200 d=35µs s=2142
INF http m=GET p=/assets/AdminDashboard-CjPbo26j.css s=200 d=23µs s=584
INF http m=GET p=/manifest.webmanifest s=200 d=28µs s=199
INF http m=POST p=/api/v1/organizations/40O5UTPFS000/users/role s=200 d=308ms s=261
INF http m=POST p=/api/v1/organizations/40O5V34S4000/workspaces s=200 d=407ms s=299
ERR Handler error err="cannot remove the last owner" statusCode=403 code=FORBIDDEN
INF http m=POST p=/api/v1/organizations/40O5UTPFS000/users/remove s=403 d=8.94ms s=76
INF http m=GET p=/api/v1/workspaces/40O5UUA5Q000/events s=200 d=590ms s=208
INF http m=POST p=/api/v1/auth/switch-workspace s=200 d=62.5ms s=606
INF http m=GET p=/api/v1/notifications/unread-count s=200 d=651µs s=25
INF http m=GET p=/api/v1/workspaces/40O5V3OKQ000/nodes/0/children s=200 d=770µs s=26
INF http m=GET p=/api/v1/workspaces/40O5V3OKQ000/members s=200 d=622µs s=126
INF http m=POST p=/api/v1/workspaces/40O5V3OKQ000/nodes/0/page/create s=200 d=50.3ms s=35
INF http m=GET p=/api/v1/workspaces/40O5V3OKQ000/nodes/0/children s=200 d=754µs s=257
INF http m=GET p=/api/v1/workspaces/40O5V3OKQ000/nodes/40O5V6ROI000 s=200 d=336µs s=245
INF http m=POST p=/api/v1/auth/register s=200 d=151ms s=396
INF http m=GET p=/ s=200 d=59µs s=541
INF http m=GET p=/assets/index-Dlg_ygoF.js s=200 d=156µs s=45483
INF http m=GET p=/assets/index-Bi-AgGrc.css s=200 d=120µs s=11684
INF http m=GET p=/assets/vendor-CnrH3R4r.js s=200 d=111µs s=28803
INF http m=GET p=/assets/editor-vendor-VZT4IkOY.js s=200 d=146µs s=92428
INF http m=GET p=/registerSW.js s=200 d=36µs s=87
INF http m=POST p=/api/v1/workspaces/40O5V3OKQ000/nodes/0/page/create s=200 d=46.9ms s=26
INF http m=GET p=/assets/en-BIK_e_4K.js s=200 d=106µs s=5251
INF http m=GET p=/api/v1/auth/me s=200 d=663µs s=164
INF http m=POST p=/api/v1/workspaces/40O5V3OKQ000/nodes/0/page/create s=200 d=30.3ms s=26
INF http m=GET p=/w/@40O5V3OKQ000+workspace/@40O5V6ROI000+welcome s=200 d=52µs s=541
INF http m=GET p=/api/v1/workspaces/40O5V3OKQ000/events s=200 d=398ms s=256
INF http m=GET p=/assets/Onboarding-DQ2WAJCW.js s=200 d=39µs s=996
INF http m=GET p=/api/v1/notifications/unread-count s=200 d=191µs s=25
INF http m=GET p=/favicon.png s=200 d=53µs s=449
INF http m=GET p=/sw.js s=200 d=63µs s=5593
INF http m=GET p=/registerSW.js s=200 d=37µs s=87
INF http m=GET p=/index.html s=200 d=33µs s=541
INF http m=GET p=/icon.svg s=200 d=54µs s=195
INF http m=GET p=/api/v1/auth/me s=200 d=804µs s=349
INF http m=GET p=/icon-512.png s=200 d=65µs s=6498
INF http m=GET p=/icon-192.png s=200 d=37µs s=2468
INF http m=GET p=/favicon.png s=200 d=32µs s=449
INF http m=GET p=/apple-touch-icon.png s=200 d=51µs s=2298
INF http m=POST p=/api/v1/organizations s=200 d=101ms s=350
INF http m=GET p=/api/v1/auth/me s=200 d=1.97ms s=249
INF http m=GET p=/api/v1/notifications/unread-count s=200 d=220µs s=25
INF http m=GET p=/assets/material-symbols-names-D7AiM4If.js s=200 d=123µs s=15478
INF http m=GET p=/api/v1/workspaces/40O5V3OKQ000/nodes/0/children s=200 d=3.44ms s=275
INF http m=GET p=/api/v1/workspaces/40O5V3OKQ000/nodes/40O5V6ROI000 s=200 d=682µs s=245
INF http m=GET p=/api/v1/workspaces/40O5V3OKQ000/members s=200 d=633µs s=126
INF http m=GET p=/assets/fr-B1PqNQ7U.js s=200 d=109µs s=6351
INF http m=GET p=/assets/es-OK4oleHZ.js s=200 d=96µs s=6048
INF http m=GET p=/assets/emoji-groups-El6awxEn.js s=200 d=105µs s=13851
INF http m=GET p=/assets/de-CSEWDUi3.js s=200 d=65µs s=6281
INF http m=GET p=/api/v1/workspaces/40O5V3OKQ000/nodes/40O5V8L2M000 s=200 d=568µs s=140
INF http m=GET p=/assets/WorkspaceSettingsPanel-BXpT4LCS.css s=200 d=32µs s=994
INF http m=GET p=/assets/WorkspaceSettingsPanel-BB4UnxOs.js s=200 d=60µs s=4465
INF http m=GET p=/assets/Terms-CDs9SgkA.js s=200 d=36µs s=1013
INF http m=GET p=/assets/ServerSettingsPanel-Co4AQ7oB.css s=200 d=32µs s=576
INF http m=GET p=/assets/ServerSettingsPanel-CUtQeHs8.js s=200 d=38µs s=2551
INF http m=GET p=/assets/ResourceQuotaForm-CBiYRbX4.js s=200 d=145µs s=832
INF http m=GET p=/assets/ResourceQuotaForm-BFoPj33M.css s=200 d=28µs s=297
INF http m=GET p=/assets/ProfileSettings-DF5AVI35.js s=200 d=67µs s=4393
INF http m=GET p=/assets/ProfileSettings-CX-HDEdu.css s=200 d=33µs s=1177
INF http m=GET p=/assets/Privacy-cCrfp6_1.css s=200 d=27µs s=314
INF http m=GET p=/assets/Privacy-CgsgvqEr.js s=200 d=37µs s=904
INF http m=GET p=/assets/OrgSettingsPanel-D9VVCokd.css s=200 d=34µs s=488
INF http m=GET p=/assets/OrgSettingsPanel-9P66Q2ps.js s=200 d=38µs s=2333
INF http m=GET p=/assets/OAuthIcons-csRRTXki.js s=200 d=38µs s=951
INF http m=GET p=/assets/InviteForm-DLxm8fu0.css s=200 d=31µs s=394
INF http m=GET p=/assets/InviteForm-CV0yK4I0.js s=200 d=26µs s=1291
INF http m=GET p=/assets/Editor-DfcJ-Jfc.css s=200 d=40µs s=2151
INF http m=GET p=/assets/Editor-BCbjs9IY.js s=200 d=87µs s=13602
INF http m=GET p=/assets/Auth-8NWYUGup.js s=200 d=77µs s=1677
INF http m=GET p=/assets/Auth-6SolzSg2.css s=200 d=31µs s=633
INF http m=GET p=/api/v1/workspaces/40O5V3OKQ000/nodes/40O5V8V2A000 s=200 d=2.12ms s=134
INF http m=GET p=/assets/AdminDashboard-DpHjrDyw.js s=200 d=46µs s=2142
INF http m=GET p=/assets/AdminDashboard-CjPbo26j.css s=200 d=41µs s=584
INF http m=GET p=/manifest.webmanifest s=200 d=39µs s=199
INF http m=GET p=/api/v1/workspaces/40O5V3OKQ000/nodes/40O5V8L2M000 s=200 d=333µs s=179
INF http m=GET p=/api/v1/workspaces/40O5V3OKQ000/nodes/40O5V8L2M000/page s=200 d=260µs s=136
INF http m=GET p=/w/@40O5V3OKQ000+rename-navs-workspace/@40O5V8L2M000+renamed-page-title s=200 d=901µs s=541
INF http m=GET p=/api/v1/workspaces/40O5V3OKQ000/events s=200 d=287ms s=207
INF http m=GET p=/api/v1/auth/me s=200 d=736µs s=349
INF http m=GET p=/api/v1/notifications/unread-count s=200 d=160µs s=25
INF http m=GET p=/api/v1/workspaces/40O5V3OKQ000/nodes/0/children s=200 d=997µs s=287
INF http m=GET p=/api/v1/workspaces/40O5V3OKQ000/members s=200 d=3.1ms s=126
INF http m=GET p=/api/v1/workspaces/40O5V3OKQ000/nodes/40O5V8L2M000 s=200 d=9.75ms s=179
INF http m=GET p=/api/v1/workspaces/40O5V3OKQ000/events s=200 d=77.6ms s=93
INF http m=POST p=/api/v1/organizations/40O5V9DSM000/workspaces s=200 d=560ms s=301
INF http m=POST p=/api/v1/workspaces/40O5V3OKQ000/nodes/40O5V8L2M000/page s=200 d=440ms s=35
INF http m=POST p=/api/v1/auth/switch-workspace s=200 d=97.7ms s=574
INF http m=GET p=/api/v1/notifications/unread-count s=200 d=484µs s=25
INF http m=GET p=/api/v1/workspaces/40O5VA4JO000/nodes/0/children s=200 d=484µs s=26
INF http m=GET p=/api/v1/workspaces/40O5VA4JO000/members s=200 d=8.36ms s=128
INF http m=POST p=/api/v1/auth/register s=200 d=176ms s=396
INF http m=GET p=/ s=200 d=53µs s=541
INF http m=POST p=/api/v1/workspaces/40O5VA4JO000/nodes/0/page/create s=200 d=83.8ms s=35
INF http m=GET p=/api/v1/workspaces/40O5VA4JO000/nodes/0/children s=200 d=250µs s=257
INF http m=GET p=/api/v1/workspaces/40O5VA4JO000/nodes/40O5VEG6U000 s=200 d=323µs s=245
INF http m=GET p=/registerSW.js s=200 d=65µs s=87
INF http m=GET p=/assets/editor-vendor-VZT4IkOY.js s=200 d=176µs s=92428
INF http m=GET p=/assets/index-Dlg_ygoF.js s=200 d=109µs s=45483
INF http m=GET p=/assets/vendor-CnrH3R4r.js s=200 d=84µs s=28803
INF http m=GET p=/assets/index-Bi-AgGrc.css s=200 d=97µs s=11684
INF http m=POST p=/api/v1/workspaces/40O5VA4JO000/nodes/0/page/create s=200 d=63.9ms s=26
INF http m=GET p=/w/@40O5VA4JO000+workspace/@40O5VEG6U000+welcome s=200 d=45µs s=541
INF http m=GET p=/api/v1/workspaces/40O5VA4JO000/events s=200 d=232ms s=231
INF http m=GET p=/api/v1/auth/me s=200 d=375µs s=349
INF http m=GET p=/assets/en-BIK_e_4K.js s=200 d=97µs s=5251
INF http m=GET p=/api/v1/auth/me s=200 d=4.06ms s=166
INF http m=GET p=/api/v1/notifications/unread-count s=200 d=181µs s=25
INF http m=GET p=/api/v1/workspaces/40O5VA4JO000/members s=200 d=141µs s=128
INF http m=GET p=/api/v1/workspaces/40O5VA4JO000/nodes/0/children s=200 d=10.1ms s=244
INF http m=GET p=/favicon.png s=200 d=49µs s=449
INF http m=GET p=/sw.js s=200 d=5.02ms s=5593
INF http m=GET p=/api/v1/workspaces/40O5VA4JO000/nodes/40O5VEG6U000 s=200 d=25.8ms s=245
INF http m=GET p=/assets/Onboarding-DQ2WAJCW.js s=200 d=28µs s=996
INF http m=GET p=/api/v1/notifications/unread-count s=200 d=158µs s=25
INF http m=GET p=/registerSW.js s=200 d=43µs s=87
INF http m=GET p=/index.html s=200 d=36µs s=541
INF http m=GET p=/icon.svg s=200 d=35µs s=195
INF http m=GET p=/icon-512.png s=200 d=72µs s=6498
INF http m=GET p=/icon-192.png s=200 d=44µs s=2468
INF http m=GET p=/favicon.png s=200 d=31µs s=449
INF http m=GET p=/apple-touch-icon.png s=200 d=46µs s=2298
INF http m=GET p=/api/v1/workspaces/40O5VA4JO000/nodes/40O5VF9B6000 s=200 d=831µs s=131
INF http m=GET p=/assets/material-symbols-names-D7AiM4If.js s=200 d=140µs s=15478
INF http m=GET p=/assets/fr-B1PqNQ7U.js s=200 d=76µs s=6351
INF http m=POST p=/api/v1/organizations s=200 d=91.4ms s=351
INF http m=GET p=/api/v1/auth/me s=200 d=287µs s=251
INF http m=GET p=/assets/es-OK4oleHZ.js s=200 d=87µs s=6048
INF http m=GET p=/api/v1/workspaces/40O5VA4JO000/nodes/40O5VF9B6000/page s=200 d=251µs s=119
INF http m=GET p=/assets/emoji-groups-El6awxEn.js s=200 d=1.21ms s=13851
INF http m=GET p=/assets/de-CSEWDUi3.js s=200 d=61µs s=6281
INF http m=GET p=/assets/WorkspaceSettingsPanel-BXpT4LCS.css s=200 d=98µs s=994
INF http m=GET p=/assets/WorkspaceSettingsPanel-BB4UnxOs.js s=200 d=84µs s=4465
INF http m=GET p=/assets/Terms-CDs9SgkA.js s=200 d=36µs s=1013
INF http m=GET p=/assets/ServerSettingsPanel-Co4AQ7oB.css s=200 d=37µs s=576
INF http m=GET p=/assets/ServerSettingsPanel-CUtQeHs8.js s=200 d=30µs s=2551
INF http m=GET p=/assets/ResourceQuotaForm-CBiYRbX4.js s=200 d=34µs s=832
INF http m=GET p=/assets/ResourceQuotaForm-BFoPj33M.css s=200 d=28µs s=297
INF http m=GET p=/assets/ProfileSettings-DF5AVI35.js s=200 d=57µs s=4393
INF http m=GET p=/assets/ProfileSettings-CX-HDEdu.css s=200 d=29µs s=1177
INF http m=GET p=/assets/Privacy-cCrfp6_1.css s=200 d=19µs s=314
INF http m=GET p=/assets/Privacy-CgsgvqEr.js s=200 d=22µs s=904
INF http m=GET p=/assets/OrgSettingsPanel-D9VVCokd.css s=200 d=26µs s=488
INF http m=GET p=/assets/OrgSettingsPanel-9P66Q2ps.js s=200 d=34µs s=2333
INF http m=GET p=/assets/OAuthIcons-csRRTXki.js s=200 d=26µs s=951
INF http m=GET p=/assets/InviteForm-DLxm8fu0.css s=200 d=39µs s=394
INF http m=GET p=/assets/InviteForm-CV0yK4I0.js s=200 d=38µs s=1291
INF http m=GET p=/assets/Editor-DfcJ-Jfc.css s=200 d=32µs s=2151
INF http m=GET p=/assets/Editor-BCbjs9IY.js s=200 d=77µs s=13602
INF http m=GET p=/api/v1/workspaces/40O5VA4JO000/nodes/40O5VF9B6000/page s=200 d=247µs s=119
INF http m=GET p=/assets/Auth-8NWYUGup.js s=200 d=29µs s=1677
INF http m=GET p=/assets/Auth-6SolzSg2.css s=200 d=32µs s=633
INF http m=GET p=/assets/AdminDashboard-DpHjrDyw.js s=200 d=43µs s=2142
INF http m=GET p=/assets/AdminDashboard-CjPbo26j.css s=200 d=49µs s=584
INF http m=GET p=/manifest.webmanifest s=200 d=35µs s=199
INF http m=GET p=/api/v1/workspaces/40O5VA4JO000/nodes/40O5VF9B6000/page s=200 d=157µs s=119
INF http m=POST p=/api/v1/organizations/40O5VGS9I000/workspaces s=200 d=379ms s=302
INF http m=POST p=/api/v1/auth/switch-workspace s=200 d=40.6ms s=571
INF http m=GET p=/api/v1/notifications/unread-count s=200 d=1.12ms s=25
INF http m=GET p=/api/v1/workspaces/40O5VHFNM000/nodes/0/children s=200 d=362µs s=26
INF http m=GET p=/api/v1/workspaces/40O5VHFNM000/members s=200 d=353µs s=130
INF http m=POST p=/api/v1/workspaces/40O5VHFNM000/nodes/0/page/create s=200 d=20ms s=35
INF http m=GET p=/api/v1/workspaces/40O5VHFNM000/nodes/0/children s=200 d=448µs s=257
INF http m=GET p=/api/v1/workspaces/40O5VHFNM000/nodes/40O5VK4S8000 s=200 d=559µs s=245
INF http m=POST p=/api/v1/workspaces/40O5VHFNM000/nodes/0/page/create s=200 d=15.8ms s=26
INF http m=POST p=/api/v1/workspaces/40O5VHFNM000/nodes/0/page/create s=200 d=18.7ms s=26
INF http m=GET p=/w/@40O5VHFNM000+workspace/@40O5VK4S8000+welcome s=200 d=169µs s=541
INF http m=GET p=/api/v1/workspaces/40O5VHFNM000/events s=200 d=384ms s=256
INF http m=GET p=/api/v1/auth/me s=200 d=607µs s=352
INF http m=GET p=/api/v1/notifications/unread-count s=200 d=964µs s=25
INF http m=GET p=/api/v1/workspaces/40O5VHFNM000/nodes/0/children s=200 d=837µs s=287
INF http m=GET p=/api/v1/workspaces/40O5VHFNM000/nodes/40O5VK4S8000 s=200 d=819µs s=245
INF http m=GET p=/api/v1/workspaces/40O5VA4JO000/nodes/40O5VF9B6000/page s=200 d=203µs s=119
INF http m=GET p=/api/v1/workspaces/40O5VHFNM000/members s=200 d=2.23ms s=130
INF http m=GET p=/api/v1/workspaces/40O5VHFNM000/nodes/40O5VM6MK000 s=200 d=347µs s=182
INF http m=GET p=/api/v1/workspaces/40O5VHFNM000/nodes/40O5VMA5G000 s=200 d=317µs s=135
INF http m=POST p=/api/v1/workspaces/40O5VHFNM000/nodes/40O5VM6MK000/page s=200 d=22ms s=35
INF http m=GET p=/api/v1/workspaces/40O5VHFNM000/nodes/40O5VM6MK000 s=200 d=296µs s=177
INF http m=GET p=/api/v1/workspaces/40O5VHFNM000/nodes/40O5VM6MK000/page s=200 d=234µs s=134
INF http m=GET p=/api/v1/workspaces/40O5VHFNM000/events s=200 d=403ms s=207
INF http m=GET p=/sw.js s=200 d=125µs s=5593
INF http m=POST p=/api/v1/auth/register s=200 d=144ms s=391
INF http m=GET p=/ s=200 d=55µs s=541
INF http m=GET p=/assets/index-Dlg_ygoF.js s=200 d=152µs s=45483
INF http m=GET p=/assets/vendor-CnrH3R4r.js s=200 d=138µs s=28803
INF http m=GET p=/assets/index-Bi-AgGrc.css s=200 d=91µs s=11684
INF http m=GET p=/assets/editor-vendor-VZT4IkOY.js s=200 d=179µs s=92428
INF http m=GET p=/registerSW.js s=200 d=34µs s=87
INF http m=GET p=/api/v1/auth/me s=200 d=248µs s=169
INF http m=GET p=/assets/en-BIK_e_4K.js s=200 d=66µs s=5251
INF http m=GET p=/favicon.png s=200 d=44µs s=449
INF http m=GET p=/assets/Onboarding-DQ2WAJCW.js s=200 d=28µs s=996
INF http m=GET p=/api/v1/notifications/unread-count s=200 d=243µs s=25
INF http m=GET p=/sw.js s=200 d=58µs s=5593
INF http m=GET p=/registerSW.js s=200 d=40µs s=87
INF http m=GET p=/index.html s=200 d=35µs s=541
INF http m=GET p=/icon.svg s=200 d=29µs s=195
INF http m=GET p=/icon-512.png s=200 d=95µs s=6498
INF http m=GET p=/icon-192.png s=200 d=50µs s=2468
INF http m=GET p=/favicon.png s=200 d=26µs s=449
INF http m=GET p=/apple-touch-icon.png s=200 d=38µs s=2298
INF http m=GET p=/assets/material-symbols-names-D7AiM4If.js s=200 d=146µs s=15478
INF http m=POST p=/api/v1/organizations s=200 d=75.8ms s=351
INF http m=GET p=/api/v1/auth/me s=200 d=217µs s=252
INF http m=GET p=/assets/fr-B1PqNQ7U.js s=200 d=136µs s=6351
INF http m=GET p=/assets/es-OK4oleHZ.js s=200 d=74µs s=6048
INF http m=GET p=/assets/emoji-groups-El6awxEn.js s=200 d=142µs s=13851
INF http m=GET p=/assets/de-CSEWDUi3.js s=200 d=77µs s=6281
INF http m=GET p=/assets/WorkspaceSettingsPanel-BXpT4LCS.css s=200 d=34µs s=994
INF http m=GET p=/assets/WorkspaceSettingsPanel-BB4UnxOs.js s=200 d=70µs s=4465
INF http m=GET p=/assets/Terms-CDs9SgkA.js s=200 d=30µs s=1013
INF http m=GET p=/assets/ServerSettingsPanel-Co4AQ7oB.css s=200 d=34µs s=576
INF http m=GET p=/assets/ServerSettingsPanel-CUtQeHs8.js s=200 d=36µs s=2551
INF http m=GET p=/assets/ResourceQuotaForm-CBiYRbX4.js s=200 d=30µs s=832
INF http m=GET p=/assets/ResourceQuotaForm-BFoPj33M.css s=200 d=24µs s=297
INF http m=GET p=/assets/ProfileSettings-DF5AVI35.js s=200 d=78µs s=4393
INF http m=GET p=/assets/ProfileSettings-CX-HDEdu.css s=200 d=29µs s=1177
INF http m=GET p=/api/v1/workspaces/40O5VA4JO000/nodes/40O5VF9B6000/page s=200 d=247µs s=119
INF http m=GET p=/assets/Privacy-cCrfp6_1.css s=200 d=26µs s=314
INF http m=GET p=/assets/Privacy-CgsgvqEr.js s=200 d=46µs s=904
INF http m=GET p=/assets/OrgSettingsPanel-D9VVCokd.css s=200 d=23µs s=488
INF http m=GET p=/assets/OrgSettingsPanel-9P66Q2ps.js s=200 d=63µs s=2333
INF http m=GET p=/assets/OAuthIcons-csRRTXki.js s=200 d=23µs s=951
INF http m=GET p=/assets/InviteForm-DLxm8fu0.css s=200 d=26µs s=394
INF http m=GET p=/assets/InviteForm-CV0yK4I0.js s=200 d=35µs s=1291
INF http m=GET p=/assets/Editor-DfcJ-Jfc.css s=200 d=34µs s=2151
INF http m=GET p=/assets/Editor-BCbjs9IY.js s=200 d=80µs s=13602
INF http m=GET p=/assets/Auth-8NWYUGup.js s=200 d=27µs s=1677
INF http m=GET p=/assets/Auth-6SolzSg2.css s=200 d=32µs s=633
INF http m=GET p=/assets/AdminDashboard-DpHjrDyw.js s=200 d=33µs s=2142
INF http m=GET p=/assets/AdminDashboard-CjPbo26j.css s=200 d=22µs s=584
INF http m=GET p=/manifest.webmanifest s=200 d=24µs s=199
INF http m=POST p=/api/v1/workspaces/40O5VA4JO000/nodes/40O5VF9B6000/page s=200 d=167ms s=35
INF http m=POST p=/api/v1/organizations/40O5VRTV8000/workspaces s=200 d=385ms s=303
INF http m=POST p=/api/v1/auth/switch-workspace s=200 d=41.7ms s=575
INF http m=GET p=/api/v1/notifications/unread-count s=200 d=170µs s=25
INF http m=GET p=/api/v1/workspaces/40O5VSEIS000/nodes/0/children s=200 d=858µs s=26
INF http m=GET p=/api/v1/workspaces/40O5VSEIS000/members s=200 d=1.64ms s=128
INF http m=POST p=/api/v1/workspaces/40O5VSEIS000/nodes/0/page/create s=200 d=16.3ms s=35
INF http m=GET p=/api/v1/workspaces/40O5VSEIS000/nodes/0/children s=200 d=216µs s=257
INF http m=GET p=/api/v1/workspaces/40O5VSEIS000/nodes/40O5VV77G000 s=200 d=246µs s=245
INF http m=POST p=/api/v1/workspaces/40O5VSEIS000/nodes/0/page/create s=200 d=15.7ms s=26
INF http m=POST p=/api/v1/workspaces/40O5VSEIS000/nodes/0/page/create s=200 d=14.9ms s=26
INF http m=GET p=/w/@40O5VSEIS000+workspace/@40O5VV77G000+welcome s=200 d=34µs s=541
INF http m=GET p=/api/v1/workspaces/40O5VSEIS000/events s=200 d=386ms s=260
INF http m=GET p=/api/v1/auth/me s=200 d=277µs s=353
INF http m=GET p=/api/v1/notifications/unread-count s=200 d=759µs s=25
INF http m=GET p=/api/v1/workspaces/40O5VSEIS000/nodes/0/children s=200 d=878µs s=267
INF http m=GET p=/api/v1/workspaces/40O5VSEIS000/nodes/40O5VV77G000 s=200 d=964µs s=245
INF http m=GET p=/api/v1/workspaces/40O5VSEIS000/members s=200 d=1.42ms s=128
INF http m=GET p=/api/v1/workspaces/40O5VSEIS000/nodes/40O6019KG000 s=200 d=1.42ms s=133
INF http m=GET p=/api/v1/workspaces/40O5VSEIS000/nodes/40O601D2A000 s=200 d=297µs s=127
INF http m=POST p=/api/v1/workspaces/40O5VSEIS000/nodes/40O6019KG000/page s=200 d=21.6ms s=35
INF http m=GET p=/api/v1/workspaces/40O5VA4JO000/nodes/40O5VF9B6000/page s=200 d=277µs s=118
INF http m=GET p=/api/v1/workspaces/40O5VSEIS000/nodes/40O6019KG000 s=200 d=344µs s=156
INF http m=GET p=/w/@40O5VA4JO000+rename-waits-workspace/@40O5VF9B6000+updated-title s=200 d=33µs s=541
INF http m=GET p=/api/v1/workspaces/40O5VA4JO000/events s=200 d=3.06s s=206
INF http m=GET p=/api/v1/auth/me s=200 d=283µs s=349
INF http m=GET p=/api/v1/notifications/unread-count s=200 d=344µs s=25
INF http m=GET p=/api/v1/workspaces/40O5VA4JO000/nodes/0/children s=200 d=378µs s=244
INF http m=GET p=/api/v1/workspaces/40O5VA4JO000/members s=200 d=220µs s=128
INF http m=GET p=/api/v1/workspaces/40O5VA4JO000/nodes/40O5VF9B6000 s=200 d=294µs s=130
INF http m=GET p=/api/v1/workspaces/40O5VSEIS000/nodes/40O6019KG000/page s=200 d=429µs s=148
INF http m=GET p=/api/v1/workspaces/40O5VSEIS000/events s=200 d=304ms s=209
INF http m=GET p=/api/v1/workspaces/40O5VA4JO000/nodes/40O5VF9B6000/page s=200 d=232µs s=118
INF http m=GET p=/api/v1/workspaces/40O5VA4JO000/events s=200 d=112ms s=93
INF http m=POST p=/api/v1/auth/register s=200 d=285ms s=389
INF http m=GET p=/ s=200 d=36µs s=541
INF http m=GET p=/assets/index-Bi-AgGrc.css s=200 d=98µs s=11684
INF http m=GET p=/assets/vendor-CnrH3R4r.js s=200 d=118µs s=28803
INF http m=GET p=/assets/editor-vendor-VZT4IkOY.js s=200 d=136µs s=92428
INF http m=GET p=/assets/index-Dlg_ygoF.js s=200 d=682µs s=45483
INF http m=GET p=/registerSW.js s=200 d=25µs s=87
INF http m=POST p=/api/v1/auth/register s=200 d=274ms s=407
INF http m=GET p=/ s=200 d=38µs s=541
INF http m=GET p=/assets/index-Dlg_ygoF.js s=200 d=140µs s=45483
INF http m=GET p=/assets/index-Bi-AgGrc.css s=200 d=87µs s=11684
INF http m=GET p=/registerSW.js s=200 d=38µs s=87
INF http m=GET p=/assets/editor-vendor-VZT4IkOY.js s=200 d=149µs s=92428
INF http m=GET p=/assets/vendor-CnrH3R4r.js s=200 d=85µs s=28803
INF http m=GET p=/assets/en-BIK_e_4K.js s=200 d=71µs s=5251
INF http m=GET p=/api/v1/auth/me s=200 d=16.4ms s=164
INF http m=GET p=/favicon.png s=200 d=42µs s=449
INF http m=GET p=/assets/Onboarding-DQ2WAJCW.js s=200 d=29µs s=996
INF http m=GET p=/api/v1/notifications/unread-count s=200 d=174µs s=25
INF http m=GET p=/sw.js s=200 d=91µs s=5593
INF http m=GET p=/registerSW.js s=200 d=42µs s=87
INF http m=GET p=/index.html s=200 d=46µs s=541
INF http m=GET p=/icon.svg s=200 d=32µs s=195
INF http m=GET p=/icon-512.png s=200 d=63µs s=6498
INF http m=GET p=/icon-192.png s=200 d=56µs s=2468
INF http m=GET p=/favicon.png s=200 d=35µs s=449
INF http m=GET p=/apple-touch-icon.png s=200 d=49µs s=2298
INF http m=GET p=/assets/en-BIK_e_4K.js s=200 d=152µs s=5251
INF http m=GET p=/api/v1/auth/me s=200 d=10.6ms s=172
INF http m=GET p=/assets/material-symbols-names-D7AiM4If.js s=200 d=137µs s=15478
INF http m=GET p=/favicon.png s=200 d=45µs s=449
INF http m=GET p=/sw.js s=200 d=65µs s=5593
INF http m=GET p=/assets/Onboarding-DQ2WAJCW.js s=200 d=36µs s=996
INF http m=GET p=/api/v1/notifications/unread-count s=200 d=329µs s=25
INF http m=GET p=/assets/fr-B1PqNQ7U.js s=200 d=110µs s=6351
INF http m=GET p=/assets/es-OK4oleHZ.js s=200 d=98µs s=6048
INF http m=GET p=/assets/emoji-groups-El6awxEn.js s=200 d=96µs s=13851
INF http m=POST p=/api/v1/organizations s=200 d=166ms s=349
INF http m=GET p=/registerSW.js s=200 d=33µs s=87
INF http m=GET p=/api/v1/auth/me s=200 d=1.35ms s=249
INF http m=GET p=/index.html s=200 d=34µs s=541
INF http m=GET p=/icon.svg s=200 d=47µs s=195
INF http m=GET p=/icon-512.png s=200 d=143µs s=6498
INF http m=GET p=/icon-192.png s=200 d=37µs s=2468
INF http m=GET p=/assets/de-CSEWDUi3.js s=200 d=107µs s=6281
INF http m=GET p=/favicon.png s=200 d=18µs s=449
INF http m=GET p=/apple-touch-icon.png s=200 d=42µs s=2298
INF http m=GET p=/assets/WorkspaceSettingsPanel-BXpT4LCS.css s=200 d=42µs s=994
INF http m=GET p=/assets/WorkspaceSettingsPanel-BB4UnxOs.js s=200 d=61µs s=4465
INF http m=GET p=/assets/Terms-CDs9SgkA.js s=200 d=30µs s=1013
INF http m=GET p=/assets/material-symbols-names-D7AiM4If.js s=200 d=81µs s=15478
INF http m=GET p=/assets/ServerSettingsPanel-Co4AQ7oB.css s=200 d=26µs s=576
INF http m=GET p=/assets/ServerSettingsPanel-CUtQeHs8.js s=200 d=39µs s=2551
INF http m=GET p=/assets/ResourceQuotaForm-CBiYRbX4.js s=200 d=45µs s=832
INF http m=GET p=/assets/ResourceQuotaForm-BFoPj33M.css s=200 d=35µs s=297
INF http m=GET p=/assets/fr-B1PqNQ7U.js s=200 d=67µs s=6351
INF http m=GET p=/assets/ProfileSettings-DF5AVI35.js s=200 d=63µs s=4393
INF http m=GET p=/assets/ProfileSettings-CX-HDEdu.css s=200 d=28µs s=1177
INF http m=GET p=/assets/es-OK4oleHZ.js s=200 d=70µs s=6048
INF http m=GET p=/assets/Privacy-cCrfp6_1.css s=200 d=29µs s=314
INF http m=POST p=/api/v1/organizations s=200 d=142ms s=354
INF http m=GET p=/assets/Privacy-CgsgvqEr.js s=200 d=29µs s=904
INF http m=GET p=/api/v1/auth/me s=200 d=1.45ms s=255
INF http m=GET p=/assets/emoji-groups-El6awxEn.js s=200 d=113µs s=13851
INF http m=GET p=/assets/OrgSettingsPanel-D9VVCokd.css s=200 d=25µs s=488
INF http m=GET p=/assets/OrgSettingsPanel-9P66Q2ps.js s=200 d=82µs s=2333
INF http m=GET p=/assets/OAuthIcons-csRRTXki.js s=200 d=38µs s=951
INF http m=GET p=/assets/InviteForm-DLxm8fu0.css s=200 d=30µs s=394
INF http m=GET p=/assets/de-CSEWDUi3.js s=200 d=103µs s=6281
INF http m=GET p=/assets/InviteForm-CV0yK4I0.js s=200 d=34µs s=1291
INF http m=GET p=/assets/Editor-DfcJ-Jfc.css s=200 d=42µs s=2151
INF http m=GET p=/assets/WorkspaceSettingsPanel-BXpT4LCS.css s=200 d=27µs s=994
INF http m=GET p=/assets/Editor-BCbjs9IY.js s=200 d=79µs s=13602
INF http m=GET p=/assets/WorkspaceSettingsPanel-BB4UnxOs.js s=200 d=52µs s=4465
INF http m=GET p=/assets/Terms-CDs9SgkA.js s=200 d=27µs s=1013
INF http m=GET p=/assets/Auth-8NWYUGup.js s=200 d=21µs s=1677
INF http m=GET p=/assets/ServerSettingsPanel-Co4AQ7oB.css s=200 d=26µs s=576
INF http m=GET p=/assets/Auth-6SolzSg2.css s=200 d=24µs s=633
INF http m=GET p=/assets/ServerSettingsPanel-CUtQeHs8.js s=200 d=37µs s=2551
INF http m=GET p=/assets/AdminDashboard-DpHjrDyw.js s=200 d=35µs s=2142
INF http m=GET p=/assets/ResourceQuotaForm-CBiYRbX4.js s=200 d=26µs s=832
INF http m=GET p=/assets/AdminDashboard-CjPbo26j.css s=200 d=24µs s=584
INF http m=GET p=/assets/ResourceQuotaForm-BFoPj33M.css s=200 d=24µs s=297
INF http m=GET p=/manifest.webmanifest s=200 d=29µs s=199
INF http m=GET p=/assets/ProfileSettings-DF5AVI35.js s=200 d=57µs s=4393
INF http m=GET p=/assets/ProfileSettings-CX-HDEdu.css s=200 d=28µs s=1177
INF http m=GET p=/assets/Privacy-cCrfp6_1.css s=200 d=29µs s=314
INF http m=GET p=/assets/Privacy-CgsgvqEr.js s=200 d=25µs s=904
INF http m=GET p=/assets/OrgSettingsPanel-D9VVCokd.css s=200 d=25µs s=488
INF http m=GET p=/assets/OrgSettingsPanel-9P66Q2ps.js s=200 d=32µs s=2333
INF http m=GET p=/assets/OAuthIcons-csRRTXki.js s=200 d=24µs s=951
INF http m=GET p=/assets/InviteForm-DLxm8fu0.css s=200 d=24µs s=394
INF http m=GET p=/assets/InviteForm-CV0yK4I0.js s=200 d=26µs s=1291
INF http m=GET p=/assets/Editor-DfcJ-Jfc.css s=200 d=32µs s=2151
INF http m=GET p=/assets/Editor-BCbjs9IY.js s=200 d=164µs s=13602
INF http m=GET p=/assets/Auth-8NWYUGup.js s=200 d=29µs s=1677
INF http m=GET p=/assets/Auth-6SolzSg2.css s=200 d=20µs s=633
INF http m=GET p=/assets/AdminDashboard-DpHjrDyw.js s=200 d=44µs s=2142
INF http m=GET p=/assets/AdminDashboard-CjPbo26j.css s=200 d=28µs s=584
INF http m=GET p=/manifest.webmanifest s=200 d=25µs s=199
INF http m=POST p=/api/v1/organizations/40O6087LQ000/workspaces s=200 d=502ms s=300
INF http m=POST p=/api/v1/auth/switch-workspace s=200 d=378ms s=552
INF http m=POST p=/api/v1/organizations/40O6096NQ000/workspaces s=200 d=769ms s=301
INF http m=GET p=/api/v1/notifications/unread-count s=200 d=129µs s=25
INF http m=GET p=/api/v1/workspaces/40O609D7E000/nodes/0/children s=200 d=3.71ms s=26
INF http m=GET p=/api/v1/workspaces/40O609D7E000/members s=200 d=4.59ms s=122
INF http m=POST p=/api/v1/auth/switch-workspace s=200 d=55.2ms s=573
INF http m=POST p=/api/v1/workspaces/40O609D7E000/nodes/0/page/create s=200 d=48.2ms s=35
INF http m=GET p=/api/v1/workspaces/40O609D7E000/nodes/0/children s=200 d=598µs s=257
INF http m=GET p=/api/v1/notifications/unread-count s=200 d=147µs s=25
INF http m=GET p=/api/v1/workspaces/40O60A562000/nodes/0/children s=200 d=314µs s=26
INF http m=GET p=/api/v1/workspaces/40O60A562000/members s=200 d=463µs s=122
INF http m=GET p=/api/v1/workspaces/40O609D7E000/nodes/40O60EUO6000 s=200 d=698µs s=245
INF http m=POST p=/api/v1/workspaces/40O60A562000/nodes/0/page/create s=200 d=32.9ms s=35
INF http m=GET p=/api/v1/workspaces/40O60A562000/nodes/0/children s=200 d=602µs s=257
INF http m=GET p=/api/v1/workspaces/40O60A562000/nodes/40O60FB2U000 s=200 d=483µs s=245
INF http m=POST p=/api/v1/workspaces/40O609D7E000/nodes/0/page/create s=200 d=15.6ms s=26
INF http m=POST p=/api/v1/workspaces/40O609D7E000/nodes/0/page/create s=200 d=14.3ms s=26
INF http m=GET p=/w/@40O609D7E000+workspace/@40O60EUO6000+welcome s=200 d=34µs s=541
INF http m=GET p=/api/v1/workspaces/40O609D7E000/events s=200 d=840ms s=258
INF http m=GET p=/api/v1/auth/me s=200 d=1.44ms s=349
INF http m=GET p=/api/v1/workspaces/40O609D7E000/nodes/0/children s=200 d=944µs s=266
INF http m=GET p=/api/v1/notifications/unread-count s=200 d=991µs s=25
INF http m=GET p=/api/v1/workspaces/40O609D7E000/members s=200 d=550µs s=122
INF http m=GET p=/api/v1/workspaces/40O609D7E000/nodes/40O60EUO6000 s=200 d=670µs s=245
INF http m=GET p=/api/v1/workspaces/40O609D7E000/nodes/40O60JP8E000 s=200 d=862µs s=126
INF http m=GET p=/api/v1/workspaces/40O609D7E000/nodes/40O60JSLO000 s=200 d=346µs s=127
INF http m=POST p=/api/v1/workspaces/40O609D7E000/nodes/40O60JP8E000/page s=200 d=24.9ms s=35
INF http m=GET p=/api/v1/workspaces/40O609D7E000/nodes/40O60JP8E000 s=200 d=366µs s=131
INF http m=GET p=/api/v1/workspaces/40O609D7E000/nodes/40O60JP8E000/page s=200 d=229µs s=113
INF http m=GET p=/api/v1/workspaces/40O609D7E000/events s=200 d=379ms s=207
INF http m=GET p=/api/v1/workspaces/40O60A562000/events s=200 d=1.41s s=202
INF http m=POST p=/api/v1/auth/register s=200 d=207ms s=411
INF http m=GET p=/settings/user s=200 d=63µs s=541
INF http m=GET p=/assets/vendor-CnrH3R4r.js s=200 d=128µs s=28803
INF http m=GET p=/assets/index-Bi-AgGrc.css s=200 d=104µs s=11684
INF http m=GET p=/assets/editor-vendor-VZT4IkOY.js s=200 d=155µs s=92428
INF http m=GET p=/assets/index-Dlg_ygoF.js s=200 d=761µs s=45483
INF http m=GET p=/registerSW.js s=200 d=52µs s=87
INF http m=GET p=/api/v1/auth/me s=200 d=282µs s=168
INF http m=GET p=/assets/en-BIK_e_4K.js s=200 d=70µs s=5251
INF http m=GET p=/assets/ProfileSettings-CX-HDEdu.css s=200 d=48µs s=1177
INF http m=GET p=/assets/OAuthIcons-csRRTXki.js s=200 d=22µs s=951
INF http m=GET p=/assets/ProfileSettings-DF5AVI35.js s=200 d=48µs s=4393
INF http m=GET p=/api/v1/notifications/unread-count s=200 d=192µs s=25
INF http m=GET p=/favicon.png s=200 d=34µs s=449
INF http m=GET p=/sw.js s=200 d=84µs s=5593
INF http m=POST p=/api/v1/auth/register s=200 d=257ms s=422
INF http m=GET p=/ s=200 d=60µs s=541
INF http m=GET p=/api/v1/notifications/preferences s=200 d=317µs s=127
INF http m=GET p=/api/v1/auth/providers s=200 d=916µs s=59
INF http m=GET p=/registerSW.js s=200 d=36µs s=87
INF http m=GET p=/assets/index-Dlg_ygoF.js s=200 d=450µs s=45483
INF http m=GET p=/assets/index-Bi-AgGrc.css s=200 d=178µs s=11684
INF http m=GET p=/registerSW.js s=200 d=51µs s=87
INF http m=GET p=/assets/editor-vendor-VZT4IkOY.js s=200 d=169µs s=92428
INF http m=GET p=/assets/vendor-CnrH3R4r.js s=200 d=99µs s=28803
INF http m=GET p=/index.html s=200 d=20µs s=541
INF http m=GET p=/icon.svg s=200 d=39µs s=195
INF http m=GET p=/icon-512.png s=200 d=80µs s=6498
INF http m=GET p=/icon-192.png s=200 d=60µs s=2468
INF http m=GET p=/favicon.png s=200 d=39µs s=449
INF http m=GET p=/apple-touch-icon.png s=200 d=57µs s=2298
INF http m=GET p=/assets/material-symbols-names-D7AiM4If.js s=200 d=123µs s=15478
INF http m=GET p=/assets/fr-B1PqNQ7U.js s=200 d=93µs s=6351
INF http m=GET p=/assets/es-OK4oleHZ.js s=200 d=81µs s=6048
INF http m=GET p=/assets/en-BIK_e_4K.js s=200 d=87µs s=5251
INF http m=GET p=/api/v1/auth/me s=200 d=822µs s=175
INF http m=GET p=/assets/emoji-groups-El6awxEn.js s=200 d=123µs s=13851
INF http m=GET p=/assets/Onboarding-DQ2WAJCW.js s=200 d=31µs s=996
INF http m=GET p=/api/v1/notifications/unread-count s=200 d=620µs s=25
INF http m=GET p=/favicon.png s=200 d=44µs s=449
INF http m=GET p=/sw.js s=200 d=82µs s=5593
INF http m=GET p=/assets/de-CSEWDUi3.js s=200 d=86µs s=6281
INF http m=GET p=/assets/WorkspaceSettingsPanel-BXpT4LCS.css s=200 d=49µs s=994
INF http m=GET p=/assets/WorkspaceSettingsPanel-BB4UnxOs.js s=200 d=115µs s=4465
INF http m=GET p=/registerSW.js s=200 d=36µs s=87
INF http m=GET p=/index.html s=200 d=40µs s=541
INF http m=GET p=/icon.svg s=200 d=28µs s=195
INF http m=GET p=/icon-512.png s=200 d=71µs s=6498
INF http m=GET p=/icon-192.png s=200 d=188µs s=2468
INF http m=GET p=/favicon.png s=200 d=66µs s=449
INF http m=GET p=/apple-touch-icon.png s=200 d=77µs s=2298
INF http m=GET p=/assets/material-symbols-names-D7AiM4If.js s=200 d=374µs s=15478
INF http m=POST p=/api/v1/organizations s=200 d=130ms s=358
INF http m=GET p=/api/v1/auth/me s=200 d=664µs s=262
INF http m=GET p=/assets/fr-B1PqNQ7U.js s=200 d=84µs s=6351
INF http m=GET p=/assets/es-OK4oleHZ.js s=200 d=82µs s=6048
INF http m=GET p=/assets/emoji-groups-El6awxEn.js s=200 d=84µs s=13851
INF http m=GET p=/assets/de-CSEWDUi3.js s=200 d=95µs s=6281
INF http m=GET p=/assets/WorkspaceSettingsPanel-BXpT4LCS.css s=200 d=35µs s=994
INF http m=GET p=/assets/WorkspaceSettingsPanel-BB4UnxOs.js s=200 d=78µs s=4465
INF http m=GET p=/assets/Terms-CDs9SgkA.js s=200 d=29µs s=1013
INF http m=GET p=/assets/ServerSettingsPanel-Co4AQ7oB.css s=200 d=33µs s=576
INF http m=GET p=/assets/ServerSettingsPanel-CUtQeHs8.js s=200 d=43µs s=2551
INF http m=GET p=/assets/ResourceQuotaForm-CBiYRbX4.js s=200 d=48µs s=832
INF http m=GET p=/assets/ResourceQuotaForm-BFoPj33M.css s=200 d=40µs s=297
INF http m=GET p=/assets/ProfileSettings-DF5AVI35.js s=200 d=83µs s=4393
INF http m=GET p=/assets/ProfileSettings-CX-HDEdu.css s=200 d=41µs s=1177
INF http m=GET p=/assets/Privacy-cCrfp6_1.css s=200 d=34µs s=314
INF http m=GET p=/assets/Privacy-CgsgvqEr.js s=200 d=66µs s=904
INF http m=GET p=/assets/OrgSettingsPanel-D9VVCokd.css s=200 d=52µs s=488
INF http m=GET p=/assets/OrgSettingsPanel-9P66Q2ps.js s=200 d=57µs s=2333
INF http m=GET p=/assets/OAuthIcons-csRRTXki.js s=200 d=40µs s=951
INF http m=GET p=/assets/InviteForm-DLxm8fu0.css s=200 d=42µs s=394
INF http m=GET p=/assets/InviteForm-CV0yK4I0.js s=200 d=37µs s=1291
INF http m=GET p=/assets/Editor-DfcJ-Jfc.css s=200 d=55µs s=2151
INF http m=GET p=/assets/Editor-BCbjs9IY.js s=200 d=77µs s=13602
INF http m=GET p=/assets/Auth-8NWYUGup.js s=200 d=88µs s=1677
INF http m=GET p=/assets/Auth-6SolzSg2.css s=200 d=45µs s=633
INF http m=GET p=/assets/AdminDashboard-DpHjrDyw.js s=200 d=46µs s=2142
INF http m=GET p=/assets/AdminDashboard-CjPbo26j.css s=200 d=33µs s=584
INF http m=GET p=/manifest.webmanifest s=200 d=33µs s=199
INF http m=POST p=/api/v1/organizations/40O60SO1G000/workspaces s=200 d=594ms s=307
INF http m=POST p=/api/v1/auth/register s=200 d=412ms s=412
INF http m=GET p=/ s=200 d=65µs s=541
INF http m=GET p=/assets/index-Dlg_ygoF.js s=200 d=185µs s=45483
INF http m=GET p=/assets/index-Bi-AgGrc.css s=200 d=158µs s=11684
INF http m=GET p=/assets/vendor-CnrH3R4r.js s=200 d=202µs s=28803
INF http m=GET p=/assets/editor-vendor-VZT4IkOY.js s=200 d=206µs s=92428
INF http m=GET p=/registerSW.js s=200 d=42µs s=87
INF http m=POST p=/api/v1/auth/switch-workspace s=200 d=70.8ms s=640
INF http m=GET p=/api/v1/notifications/unread-count s=200 d=185µs s=25
INF http m=GET p=/api/v1/workspaces/40O60TJ6G000/nodes/0/children s=200 d=286µs s=26
INF http m=GET p=/api/v1/workspaces/40O60TJ6G000/members s=200 d=2.93ms s=127
INF http m=GET p=/api/v1/auth/me s=200 d=246µs s=175
INF http m=GET p=/assets/en-BIK_e_4K.js s=200 d=749µs s=5251
INF http m=GET p=/assets/Onboarding-DQ2WAJCW.js s=200 d=40µs s=996
INF http m=GET p=/sw.js s=200 d=90µs s=5593
INF http m=GET p=/api/v1/notifications/unread-count s=200 d=209µs s=25
INF http m=GET p=/favicon.png s=200 d=41µs s=449
INF http m=POST p=/api/v1/workspaces/40O60TJ6G000/nodes/0/page/create s=200 d=41.4ms s=35
INF http m=GET p=/api/v1/workspaces/40O60TJ6G000/nodes/0/children s=200 d=296µs s=257
INF http m=GET p=/registerSW.js s=200 d=34µs s=87
INF http m=GET p=/api/v1/workspaces/40O60TJ6G000/nodes/40O6120BU000 s=200 d=303µs s=245
INF http m=GET p=/index.html s=200 d=39µs s=541
INF http m=GET p=/icon.svg s=200 d=36µs s=195
INF http m=GET p=/icon-512.png s=200 d=74µs s=6498
INF http m=GET p=/icon-192.png s=200 d=67µs s=2468
INF http m=GET p=/favicon.png s=200 d=29µs s=449
INF http m=GET p=/apple-touch-icon.png s=200 d=42µs s=2298
INF http m=GET p=/assets/material-symbols-names-D7AiM4If.js s=200 d=109µs s=15478
INF http m=POST p=/api/v1/organizations s=200 d=89.9ms s=358
INF http m=GET p=/api/v1/auth/me s=200 d=292µs s=261
INF http m=GET p=/assets/fr-B1PqNQ7U.js s=200 d=67µs s=6351
INF http m=GET p=/assets/es-OK4oleHZ.js s=200 d=68µs s=6048
INF http m=GET p=/assets/emoji-groups-El6awxEn.js s=200 d=98µs s=13851
INF http m=GET p=/assets/de-CSEWDUi3.js s=200 d=89µs s=6281
INF http m=GET p=/assets/WorkspaceSettingsPanel-BXpT4LCS.css s=200 d=28µs s=994
INF http m=GET p=/assets/WorkspaceSettingsPanel-BB4UnxOs.js s=200 d=53µs s=4465
INF http m=GET p=/assets/Terms-CDs9SgkA.js s=200 d=33µs s=1013
INF http m=GET p=/assets/ServerSettingsPanel-Co4AQ7oB.css s=200 d=33µs s=576
INF http m=GET p=/assets/ServerSettingsPanel-CUtQeHs8.js s=200 d=39µs s=2551
INF http m=GET p=/assets/ResourceQuotaForm-CBiYRbX4.js s=200 d=32µs s=832
INF http m=GET p=/assets/ResourceQuotaForm-BFoPj33M.css s=200 d=34µs s=297
INF http m=GET p=/assets/ProfileSettings-DF5AVI35.js s=200 d=64µs s=4393
INF http m=GET p=/assets/ProfileSettings-CX-HDEdu.css s=200 d=29µs s=1177
INF http m=GET p=/assets/Privacy-cCrfp6_1.css s=200 d=34µs s=314
INF http m=GET p=/assets/Privacy-CgsgvqEr.js s=200 d=28µs s=904
INF http m=GET p=/assets/OrgSettingsPanel-D9VVCokd.css s=200 d=31µs s=488
INF http m=GET p=/assets/OrgSettingsPanel-9P66Q2ps.js s=200 d=50µs s=2333
INF http m=GET p=/assets/OAuthIcons-csRRTXki.js s=200 d=34µs s=951
INF http m=GET p=/assets/InviteForm-DLxm8fu0.css s=200 d=36µs s=394
INF http m=GET p=/assets/InviteForm-CV0yK4I0.js s=200 d=28µs s=1291
INF http m=GET p=/assets/Editor-DfcJ-Jfc.css s=200 d=36µs s=2151
INF http m=GET p=/assets/Editor-BCbjs9IY.js s=200 d=169µs s=13602
INF http m=GET p=/assets/Auth-8NWYUGup.js s=200 d=34µs s=1677
INF http m=GET p=/assets/Auth-6SolzSg2.css s=200 d=34µs s=633
INF http m=GET p=/assets/AdminDashboard-DpHjrDyw.js s=200 d=148µs s=2142
INF http m=GET p=/assets/AdminDashboard-CjPbo26j.css s=200 d=29µs s=584
INF http m=GET p=/manifest.webmanifest s=200 d=40µs s=199
INF http m=GET p=/api/v1/workspaces/40O60TJ6G000/events s=200 d=361ms s=202
INF http m=POST p=/api/v1/organizations/40O6129GG000/workspaces s=200 d=598ms s=307
INF http m=POST p=/api/v1/auth/register s=200 d=298ms s=420
INF http m=GET p=/api/v1/auth/me s=200 d=123µs s=181
INF http m=GET p=/w/@first-workspace s=200 d=66µs s=541
INF http m=GET p=/assets/index-Dlg_ygoF.js s=200 d=173µs s=45483
INF http m=GET p=/assets/vendor-CnrH3R4r.js s=200 d=120µs s=28803
INF http m=GET p=/assets/index-Bi-AgGrc.css s=200 d=91µs s=11684
INF http m=GET p=/assets/editor-vendor-VZT4IkOY.js s=200 d=135µs s=92428
INF http m=GET p=/registerSW.js s=200 d=31µs s=87
INF http m=POST p=/api/v1/auth/switch-workspace s=200 d=122ms s=601
INF http m=GET p=/api/v1/workspaces/40O612TE6000/nodes/0/children s=200 d=385µs s=26
INF http m=GET p=/api/v1/notifications/unread-count s=200 d=4.31ms s=25
INF http m=GET p=/api/v1/workspaces/40O612TE6000/members s=200 d=3.49ms s=127
INF http m=POST p=/api/v1/workspaces/40O612TE6000/nodes/0/page/create s=200 d=19.9ms s=35
INF http m=GET p=/api/v1/workspaces/40O612TE6000/nodes/0/children s=200 d=1.08ms s=257
INF http m=GET p=/assets/en-BIK_e_4K.js s=200 d=135µs s=5251
INF http m=GET p=/favicon.png s=200 d=25µs s=449
INF http m=GET p=/sw.js s=200 d=1.39ms s=5593
INF http m=GET p=/api/v1/workspaces/40O612TE6000/nodes/40O617GIA000 s=200 d=726µs s=245
INF http m=GET p=/registerSW.js s=200 d=46µs s=87
INF http m=GET p=/index.html s=200 d=44µs s=541
INF http m=GET p=/api/v1/notifications/unread-count s=200 d=321µs s=25
INF http m=GET p=/icon.svg s=200 d=24µs s=195
INF http m=GET p=/icon-512.png s=200 d=73µs s=6498
INF http m=GET p=/icon-192.png s=200 d=80µs s=2468
INF http m=GET p=/favicon.png s=200 d=44µs s=449
INF http m=GET p=/apple-touch-icon.png s=200 d=59µs s=2298
INF http m=GET p=/assets/material-symbols-names-D7AiM4If.js s=200 d=111µs s=15478
INF http m=POST p=/api/v1/organizations s=200 d=81.2ms s=358
INF http m=GET p=/assets/fr-B1PqNQ7U.js s=200 d=132µs s=6351
INF http m=GET p=/assets/es-OK4oleHZ.js s=200 d=860µs s=6048
INF http m=GET p=/assets/emoji-groups-El6awxEn.js s=200 d=144µs s=13851
INF http m=GET p=/assets/de-CSEWDUi3.js s=200 d=89µs s=6281
INF http m=GET p=/assets/WorkspaceSettingsPanel-BXpT4LCS.css s=200 d=40µs s=994
INF http m=GET p=/assets/WorkspaceSettingsPanel-BB4UnxOs.js s=200 d=79µs s=4465
INF http m=GET p=/assets/Terms-CDs9SgkA.js s=200 d=29µs s=1013
INF http m=GET p=/assets/ServerSettingsPanel-Co4AQ7oB.css s=200 d=37µs s=576
INF http m=GET p=/assets/ServerSettingsPanel-CUtQeHs8.js s=200 d=59µs s=2551
INF http m=GET p=/assets/ResourceQuotaForm-CBiYRbX4.js s=200 d=35µs s=832
INF http m=GET p=/assets/ResourceQuotaForm-BFoPj33M.css s=200 d=39µs s=297
INF http m=POST p=/api/v1/organizations s=200 d=89.5ms s=358
INF http m=GET p=/assets/ProfileSettings-DF5AVI35.js s=200 d=84µs s=4393
INF http m=GET p=/assets/ProfileSettings-CX-HDEdu.css s=200 d=46µs s=1177
INF http m=GET p=/assets/Privacy-cCrfp6_1.css s=200 d=65µs s=314
INF http m=GET p=/assets/Privacy-CgsgvqEr.js s=200 d=46µs s=904
INF http m=GET p=/assets/OrgSettingsPanel-D9VVCokd.css s=200 d=47µs s=488
INF http m=GET p=/assets/OrgSettingsPanel-9P66Q2ps.js s=200 d=45µs s=2333
INF http m=GET p=/assets/Onboarding-DQ2WAJCW.js s=200 d=32µs s=996
INF http m=GET p=/assets/OAuthIcons-csRRTXki.js s=200 d=31µs s=951
INF http m=GET p=/assets/InviteForm-DLxm8fu0.css s=200 d=46µs s=394
INF http m=GET p=/assets/InviteForm-CV0yK4I0.js s=200 d=29µs s=1291
INF http m=GET p=/assets/Editor-DfcJ-Jfc.css s=200 d=47µs s=2151
INF http m=GET p=/assets/Editor-BCbjs9IY.js s=200 d=90µs s=13602
INF http m=GET p=/assets/Auth-8NWYUGup.js s=200 d=34µs s=1677
INF http m=GET p=/assets/Auth-6SolzSg2.css s=200 d=36µs s=633
INF http m=GET p=/assets/AdminDashboard-DpHjrDyw.js s=200 d=39µs s=2142
INF http m=GET p=/assets/AdminDashboard-CjPbo26j.css s=200 d=30µs s=584
INF http m=GET p=/manifest.webmanifest s=200 d=29µs s=199
INF http m=POST p=/api/v1/organizations s=200 d=72.4ms s=357
INF http m=GET p=/api/v1/workspaces/40O612TE6000/events s=200 d=413ms s=208
ERR Handler error err="Failed to create membership: quota exceeded" statusCode=500 code=INTERNAL_ERROR
INF http m=POST p=/api/v1/organizations s=500 d=80.7ms s=105
INF http m=POST p=/api/v1/auth/register s=200 d=348ms s=388
INF http m=GET p=/ s=200 d=55µs s=541
INF http m=GET p=/assets/index-Bi-AgGrc.css s=200 d=151µs s=11684
INF http m=GET p=/assets/index-Dlg_ygoF.js s=200 d=118µs s=45483
INF http m=GET p=/registerSW.js s=200 d=28µs s=87
INF http m=GET p=/assets/editor-vendor-VZT4IkOY.js s=200 d=147µs s=92428
INF http m=GET p=/assets/vendor-CnrH3R4r.js s=200 d=97µs s=28803
INF http m=POST p=/api/v1/auth/register s=200 d=278ms s=396
INF http m=GET p=/ s=200 d=53µs s=541
INF http m=GET p=/registerSW.js s=200 d=60µs s=87
INF http m=GET p=/assets/index-Dlg_ygoF.js s=200 d=104µs s=45483
INF http m=GET p=/assets/editor-vendor-VZT4IkOY.js s=200 d=128µs s=92428
INF http m=GET p=/assets/vendor-CnrH3R4r.js s=200 d=145µs s=28803
INF http m=GET p=/assets/index-Bi-AgGrc.css s=200 d=105µs s=11684
INF http m=GET p=/assets/en-BIK_e_4K.js s=200 d=140µs s=5251
INF http m=GET p=/api/v1/auth/me s=200 d=13.1ms s=166
INF http m=GET p=/sw.js s=200 d=112µs s=5593
INF http m=GET p=/assets/Onboarding-DQ2WAJCW.js s=200 d=41µs s=996
INF http m=GET p=/api/v1/notifications/unread-count s=200 d=169µs s=25
INF http m=GET p=/favicon.png s=200 d=27µs s=449
INF http m=GET p=/registerSW.js s=200 d=42µs s=87
INF http m=GET p=/index.html s=200 d=30µs s=541
INF http m=GET p=/icon.svg s=200 d=38µs s=195
INF http m=GET p=/api/v1/auth/me s=200 d=1.91ms s=164
INF http m=GET p=/assets/en-BIK_e_4K.js s=200 d=3.61ms s=5251
INF http m=GET p=/icon-512.png s=200 d=724µs s=6498
INF http m=GET p=/favicon.png s=200 d=28µs s=449
INF http m=GET p=/icon-192.png s=200 d=33µs s=2468
INF http m=GET p=/assets/Onboarding-DQ2WAJCW.js s=200 d=30µs s=996
INF http m=GET p=/api/v1/notifications/unread-count s=200 d=262µs s=25
INF http m=GET p=/favicon.png s=200 d=24µs s=449
INF http m=GET p=/apple-touch-icon.png s=200 d=58µs s=2298
INF http m=GET p=/sw.js s=200 d=66µs s=5593
INF http m=GET p=/assets/material-symbols-names-D7AiM4If.js s=200 d=121µs s=15478
INF http m=GET p=/registerSW.js s=200 d=40µs s=87
INF http m=GET p=/index.html s=200 d=41µs s=541
INF http m=POST p=/api/v1/organizations s=200 d=122ms s=349
INF http m=GET p=/api/v1/auth/me s=200 d=1.2ms s=250
INF http m=GET p=/assets/fr-B1PqNQ7U.js s=200 d=81µs s=6351
INF http m=GET p=/icon.svg s=200 d=52µs s=195
INF http m=GET p=/assets/es-OK4oleHZ.js s=200 d=118µs s=6048
INF http m=GET p=/icon-512.png s=200 d=71µs s=6498
INF http m=GET p=/icon-192.png s=200 d=52µs s=2468
INF http m=GET p=/assets/emoji-groups-El6awxEn.js s=200 d=76µs s=13851
INF http m=GET p=/favicon.png s=200 d=38µs s=449
INF http m=GET p=/apple-touch-icon.png s=200 d=68µs s=2298
INF http m=GET p=/assets/de-CSEWDUi3.js s=200 d=65µs s=6281
INF http m=GET p=/assets/WorkspaceSettingsPanel-BXpT4LCS.css s=200 d=27µs s=994
INF http m=GET p=/assets/WorkspaceSettingsPanel-BB4UnxOs.js s=200 d=60µs s=4465
INF http m=GET p=/assets/material-symbols-names-D7AiM4If.js s=200 d=79µs s=15478
INF http m=GET p=/assets/Terms-CDs9SgkA.js s=200 d=23µs s=1013
INF http m=GET p=/assets/ServerSettingsPanel-Co4AQ7oB.css s=200 d=24µs s=576
INF http m=GET p=/assets/ServerSettingsPanel-CUtQeHs8.js s=200 d=43µs s=2551
INF http m=GET p=/assets/ResourceQuotaForm-CBiYRbX4.js s=200 d=44µs s=832
INF http m=GET p=/assets/ResourceQuotaForm-BFoPj33M.css s=200 d=41µs s=297
INF http m=POST p=/api/v1/organizations s=200 d=131ms s=350
INF http m=GET p=/assets/ProfileSettings-DF5AVI35.js s=200 d=121µs s=4393
INF http m=GET p=/api/v1/auth/me s=200 d=6.41ms s=251
INF http m=GET p=/assets/fr-B1PqNQ7U.js s=200 d=81µs s=6351
INF http m=GET p=/assets/ProfileSettings-CX-HDEdu.css s=200 d=34µs s=1177
INF http m=GET p=/assets/es-OK4oleHZ.js s=200 d=65µs s=6048
INF http m=GET p=/assets/Privacy-cCrfp6_1.css s=200 d=38µs s=314
INF http m=GET p=/assets/emoji-groups-El6awxEn.js s=200 d=81µs s=13851
INF http m=GET p=/assets/Privacy-CgsgvqEr.js s=200 d=26µs s=904
INF http m=GET p=/assets/OrgSettingsPanel-D9VVCokd.css s=200 d=34µs s=488
INF http m=GET p=/assets/OrgSettingsPanel-9P66Q2ps.js s=200 d=45µs s=2333
INF http m=GET p=/assets/de-CSEWDUi3.js s=200 d=61µs s=6281
INF http m=GET p=/assets/WorkspaceSettingsPanel-BXpT4LCS.css s=200 d=34µs s=994
INF http m=GET p=/assets/OAuthIcons-csRRTXki.js s=200 d=20µs s=951
INF http m=GET p=/assets/InviteForm-DLxm8fu0.css s=200 d=51µs s=394
INF http m=GET p=/assets/WorkspaceSettingsPanel-BB4UnxOs.js s=200 d=55µs s=4465
INF http m=GET p=/assets/InviteForm-CV0yK4I0.js s=200 d=29µs s=1291
INF http m=GET p=/assets/Terms-CDs9SgkA.js s=200 d=21µs s=1013
INF http m=GET p=/assets/ServerSettingsPanel-Co4AQ7oB.css s=200 d=26µs s=576
INF http m=GET p=/assets/Editor-DfcJ-Jfc.css s=200 d=41µs s=2151
INF http m=GET p=/assets/ServerSettingsPanel-CUtQeHs8.js s=200 d=33µs s=2551
INF http m=GET p=/assets/Editor-BCbjs9IY.js s=200 d=104µs s=13602
INF http m=GET p=/assets/ResourceQuotaForm-CBiYRbX4.js s=200 d=26µs s=832
INF http m=GET p=/assets/Auth-8NWYUGup.js s=200 d=28µs s=1677
INF http m=GET p=/assets/ResourceQuotaForm-BFoPj33M.css s=200 d=25µs s=297
INF http m=GET p=/assets/ProfileSettings-DF5AVI35.js s=200 d=65µs s=4393
INF http m=GET p=/assets/Auth-6SolzSg2.css s=200 d=24µs s=633
INF http m=GET p=/assets/ProfileSettings-CX-HDEdu.css s=200 d=26µs s=1177
INF http m=GET p=/assets/AdminDashboard-DpHjrDyw.js s=200 d=34µs s=2142
INF http m=GET p=/assets/AdminDashboard-CjPbo26j.css s=200 d=55µs s=584
INF http m=GET p=/assets/Privacy-cCrfp6_1.css s=200 d=23µs s=314
INF http m=GET p=/manifest.webmanifest s=200 d=24µs s=199
INF http m=GET p=/assets/Privacy-CgsgvqEr.js s=200 d=30µs s=904
INF http m=GET p=/assets/OrgSettingsPanel-D9VVCokd.css s=200 d=81µs s=488
INF http m=GET p=/assets/OrgSettingsPanel-9P66Q2ps.js s=200 d=33µs s=2333
INF http m=GET p=/assets/OAuthIcons-csRRTXki.js s=200 d=41µs s=951
INF http m=GET p=/assets/InviteForm-DLxm8fu0.css s=200 d=30µs s=394
INF http m=GET p=/assets/InviteForm-CV0yK4I0.js s=200 d=26µs s=1291
INF http m=GET p=/assets/Editor-DfcJ-Jfc.css s=200 d=44µs s=2151
INF http m=GET p=/assets/Editor-BCbjs9IY.js s=200 d=83µs s=13602
INF http m=GET p=/assets/Auth-8NWYUGup.js s=200 d=24µs s=1677
INF http m=GET p=/assets/Auth-6SolzSg2.css s=200 d=30µs s=633
INF http m=GET p=/assets/AdminDashboard-DpHjrDyw.js s=200 d=26µs s=2142
INF http m=GET p=/assets/AdminDashboard-CjPbo26j.css s=200 d=32µs s=584
INF http m=GET p=/manifest.webmanifest s=200 d=24µs s=199
INF http m=POST p=/api/v1/organizations/40O61F4KO000/workspaces s=200 d=505ms s=297
INF http m=POST p=/api/v1/organizations/40O61FN4I000/workspaces s=200 d=724ms s=300
INF http m=POST p=/api/v1/auth/switch-workspace s=200 d=381ms s=607
INF http m=GET p=/api/v1/notifications/unread-count s=200 d=235µs s=25
INF http m=GET p=/api/v1/workspaces/40O61FUPG000/nodes/0/children s=200 d=2.68ms s=26
INF http m=GET p=/api/v1/workspaces/40O61FUPG000/members s=200 d=1.9ms s=124
INF http m=POST p=/api/v1/auth/switch-workspace s=200 d=108ms s=558
INF http m=POST p=/api/v1/workspaces/40O61FUPG000/nodes/0/page/create s=200 d=40.5ms s=35
INF http m=GET p=/api/v1/workspaces/40O61FUPG000/nodes/0/children s=200 d=816µs s=257
INF http m=GET p=/api/v1/notifications/unread-count s=200 d=664µs s=25
INF http m=GET p=/api/v1/workspaces/40O61GKQC000/nodes/0/children s=200 d=330µs s=26
INF http m=GET p=/api/v1/workspaces/40O61GKQC000/members s=200 d=428µs s=122
INF http m=GET p=/api/v1/workspaces/40O61FUPG000/nodes/40O61LH92000 s=200 d=635µs s=245
INF http m=POST p=/api/v1/workspaces/40O61GKQC000/nodes/0/page/create s=200 d=32.1ms s=35
INF http m=GET p=/api/v1/workspaces/40O61GKQC000/nodes/0/children s=200 d=328µs s=257
INF http m=GET p=/api/v1/workspaces/40O61GKQC000/nodes/40O61LSSE000 s=200 d=473µs s=245
INF http m=POST p=/api/v1/workspaces/40O61FUPG000/nodes/0/table/create s=200 d=15.4ms s=26
INF http m=GET p=/w/@40O61FUPG000+workspace/@40O61LH92000+welcome s=200 d=37µs s=541
INF http m=GET p=/api/v1/workspaces/40O61FUPG000/events s=200 d=859ms s=230
INF http m=GET p=/api/v1/auth/me s=200 d=697µs s=352
INF http m=GET p=/api/v1/workspaces/40O61FUPG000/members s=200 d=658µs s=124
INF http m=GET p=/api/v1/workspaces/40O61FUPG000/nodes/0/children s=200 d=826µs s=317
INF http m=GET p=/api/v1/notifications/unread-count s=200 d=2.79ms s=25
INF http m=GET p=/api/v1/workspaces/40O61FUPG000/nodes/40O61LH92000 s=200 d=1.28ms s=245
INF http m=GET p=/api/v1/workspaces/40O61FUPG000/nodes/40O61QJJE000 s=200 d=347µs s=177
INF http m=POST p=/api/v1/workspaces/40O61GKQC000/nodes/0/table/create s=200 d=18.8ms s=26
INF http m=GET p=/w/@40O61GKQC000+workspace/@40O61LSSE000+welcome s=200 d=45µs s=541
INF http m=GET p=/api/v1/workspaces/40O61FUPG000/nodes/40O61QJJE000/table/records s=200 d=372µs s=28
INF http m=GET p=/api/v1/workspaces/40O61GKQC000/events s=200 d=915ms s=233
INF http m=GET p=/api/v1/auth/me s=200 d=309µs s=354
INF http m=GET p=/api/v1/notifications/unread-count s=200 d=550µs s=25
INF http m=GET p=/api/v1/workspaces/40O61GKQC000/nodes/0/children s=200 d=563µs s=312
INF http m=GET p=/api/v1/workspaces/40O61GKQC000/members s=200 d=162µs s=122
INF http m=GET p=/api/v1/workspaces/40O61GKQC000/nodes/40O61LSSE000 s=200 d=228µs s=245
INF http m=GET p=/api/v1/workspaces/40O61FUPG000/events s=200 d=183ms s=93
INF http m=GET p=/api/v1/workspaces/40O61GKQC000/nodes/40O61R7TS000 s=200 d=1.15ms s=175
INF http m=GET p=/api/v1/workspaces/40O61GKQC000/nodes/40O61R7TS000/table/records s=200 d=222µs s=28
INF http m=POST p=/api/v1/auth/register s=200 d=143ms s=393
INF http m=GET p=/api/v1/workspaces/40O61GKQC000/nodes/40O61R7TS000/table s=200 d=366µs s=176
INF http m=GET p=/ s=200 d=58µs s=541
INF http m=POST p=/api/v1/workspaces/40O61GKQC000/nodes/40O61R7TS000/table s=200 d=44.1ms s=35
INF http m=GET p=/assets/index-Dlg_ygoF.js s=200 d=177µs s=45483
INF http m=GET p=/assets/index-Bi-AgGrc.css s=200 d=129µs s=11684
INF http m=GET p=/assets/vendor-CnrH3R4r.js s=200 d=153µs s=28803
INF http m=GET p=/registerSW.js s=200 d=32µs s=87
INF http m=GET p=/assets/editor-vendor-VZT4IkOY.js s=200 d=155µs s=92428
INF http m=GET p=/api/v1/workspaces/40O61GKQC000/events s=200 d=457ms s=212
INF http m=GET p=/api/v1/auth/me s=200 d=273µs s=165
INF http m=GET p=/assets/en-BIK_e_4K.js s=200 d=81µs s=5251
INF http m=GET p=/assets/Onboarding-DQ2WAJCW.js s=200 d=74µs s=996
INF http m=GET p=/api/v1/notifications/unread-count s=200 d=180µs s=25
INF http m=GET p=/favicon.png s=200 d=45µs s=449
INF http m=GET p=/sw.js s=200 d=94µs s=5593
INF http m=GET p=/registerSW.js s=200 d=42µs s=87
INF http m=GET p=/index.html s=200 d=47µs s=541
INF http m=GET p=/icon.svg s=200 d=34µs s=195
INF http m=GET p=/icon-512.png s=200 d=64µs s=6498
INF http m=GET p=/icon-192.png s=200 d=49µs s=2468
INF http m=GET p=/favicon.png s=200 d=47µs s=449
INF http m=GET p=/apple-touch-icon.png s=200 d=43µs s=2298
INF http m=GET p=/assets/material-symbols-names-D7AiM4If.js s=200 d=86µs s=15478
INF http m=POST p=/api/v1/organizations s=200 d=182ms s=351
INF http m=GET p=/api/v1/auth/me s=200 d=611µs s=248
INF http m=GET p=/assets/fr-B1PqNQ7U.js s=200 d=90µs s=6351
INF http m=GET p=/assets/es-OK4oleHZ.js s=200 d=69µs s=6048
INF http m=GET p=/assets/emoji-groups-El6awxEn.js s=200 d=93µs s=13851
INF http m=GET p=/assets/de-CSEWDUi3.js s=200 d=108µs s=6281
INF http m=GET p=/assets/WorkspaceSettingsPanel-BXpT4LCS.css s=200 d=33µs s=994
INF http m=GET p=/assets/WorkspaceSettingsPanel-BB4UnxOs.js s=200 d=67µs s=4465
INF http m=POST p=/api/v1/auth/register s=200 d=195ms s=394
INF http m=GET p=/assets/Terms-CDs9SgkA.js s=200 d=33µs s=1013
INF http m=GET p=/assets/ServerSettingsPanel-Co4AQ7oB.css s=200 d=33µs s=576
INF http m=GET p=/ s=200 d=56µs s=541
INF http m=GET p=/assets/ServerSettingsPanel-CUtQeHs8.js s=200 d=44µs s=2551
INF http m=GET p=/assets/ResourceQuotaForm-CBiYRbX4.js s=200 d=40µs s=832
INF http m=GET p=/assets/ResourceQuotaForm-BFoPj33M.css s=200 d=29µs s=297
INF http m=GET p=/assets/index-Dlg_ygoF.js s=200 d=395µs s=45483
INF http m=GET p=/assets/index-Bi-AgGrc.css s=200 d=105µs s=11684
INF http m=GET p=/assets/vendor-CnrH3R4r.js s=200 d=137µs s=28803
INF http m=GET p=/assets/editor-vendor-VZT4IkOY.js s=200 d=192µs s=92428
INF http m=GET p=/registerSW.js s=200 d=35µs s=87
INF http m=GET p=/assets/ProfileSettings-DF5AVI35.js s=200 d=1.13ms s=4393
INF http m=GET p=/assets/ProfileSettings-CX-HDEdu.css s=200 d=50µs s=1177
INF http m=GET p=/assets/Privacy-cCrfp6_1.css s=200 d=55µs s=314
INF http m=GET p=/assets/Privacy-CgsgvqEr.js s=200 d=28µs s=904
INF http m=GET p=/assets/OrgSettingsPanel-D9VVCokd.css s=200 d=29µs s=488
INF http m=GET p=/assets/OrgSettingsPanel-9P66Q2ps.js s=200 d=68µs s=2333
INF http m=GET p=/assets/OAuthIcons-csRRTXki.js s=200 d=47µs s=951
INF http m=GET p=/assets/InviteForm-DLxm8fu0.css s=200 d=38µs s=394
INF http m=GET p=/assets/InviteForm-CV0yK4I0.js s=200 d=37µs s=1291
INF http m=GET p=/assets/Editor-DfcJ-Jfc.css s=200 d=45µs s=2151
INF http m=GET p=/assets/Editor-BCbjs9IY.js s=200 d=106µs s=13602
INF http m=GET p=/assets/Auth-8NWYUGup.js s=200 d=42µs s=1677
INF http m=GET p=/assets/Auth-6SolzSg2.css s=200 d=56µs s=633
INF http m=GET p=/assets/AdminDashboard-DpHjrDyw.js s=200 d=66µs s=2142
INF http m=GET p=/api/v1/auth/me s=200 d=712µs s=164
INF http m=GET p=/assets/AdminDashboard-CjPbo26j.css s=200 d=60µs s=584
INF http m=GET p=/assets/en-BIK_e_4K.js s=200 d=70µs s=5251
INF http m=GET p=/manifest.webmanifest s=200 d=58µs s=199
INF http m=GET p=/assets/Onboarding-DQ2WAJCW.js s=200 d=45µs s=996
INF http m=GET p=/api/v1/notifications/unread-count s=200 d=2.06ms s=25
INF http m=GET p=/favicon.png s=200 d=64µs s=449
INF http m=GET p=/sw.js s=200 d=134µs s=5593
INF http m=GET p=/registerSW.js s=200 d=42µs s=87
INF http m=GET p=/index.html s=200 d=39µs s=541
INF http m=GET p=/icon.svg s=200 d=35µs s=195
INF http m=GET p=/icon-512.png s=200 d=86µs s=6498
INF http m=GET p=/icon-192.png s=200 d=37µs s=2468
INF http m=GET p=/favicon.png s=200 d=45µs s=449
INF http m=GET p=/apple-touch-icon.png s=200 d=37µs s=2298
INF http m=GET p=/assets/material-symbols-names-D7AiM4If.js s=200 d=105µs s=15478
INF http m=GET p=/assets/fr-B1PqNQ7U.js s=200 d=100µs s=6351
INF http m=GET p=/assets/es-OK4oleHZ.js s=200 d=87µs s=6048
INF http m=GET p=/assets/emoji-groups-El6awxEn.js s=200 d=146µs s=13851
INF http m=GET p=/assets/de-CSEWDUi3.js s=200 d=342µs s=6281
INF http m=GET p=/assets/WorkspaceSettingsPanel-BXpT4LCS.css s=200 d=27µs s=994
INF http m=GET p=/assets/WorkspaceSettingsPanel-BB4UnxOs.js s=200 d=87µs s=4465
INF http m=GET p=/assets/Terms-CDs9SgkA.js s=200 d=35µs s=1013
INF http m=GET p=/assets/ServerSettingsPanel-Co4AQ7oB.css s=200 d=30µs s=576
INF http m=GET p=/assets/ServerSettingsPanel-CUtQeHs8.js s=200 d=43µs s=2551
INF http m=GET p=/assets/ResourceQuotaForm-CBiYRbX4.js s=200 d=88µs s=832
INF http m=GET p=/assets/ResourceQuotaForm-BFoPj33M.css s=200 d=29µs s=297
INF http m=GET p=/assets/ProfileSettings-DF5AVI35.js s=200 d=53µs s=4393
INF http m=GET p=/assets/ProfileSettings-CX-HDEdu.css s=200 d=29µs s=1177
INF http m=GET p=/assets/Privacy-cCrfp6_1.css s=200 d=23µs s=314
INF http m=GET p=/assets/Privacy-CgsgvqEr.js s=200 d=28µs s=904
INF http m=GET p=/assets/OrgSettingsPanel-D9VVCokd.css s=200 d=24µs s=488
INF http m=GET p=/assets/OrgSettingsPanel-9P66Q2ps.js s=200 d=36µs s=2333
INF http m=GET p=/assets/OAuthIcons-csRRTXki.js s=200 d=48µs s=951
INF http m=GET p=/assets/InviteForm-DLxm8fu0.css s=200 d=38µs s=394
INF http m=GET p=/assets/InviteForm-CV0yK4I0.js s=200 d=31µs s=1291
INF http m=GET p=/assets/Editor-DfcJ-Jfc.css s=200 d=36µs s=2151
INF http m=GET p=/assets/Editor-BCbjs9IY.js s=200 d=95µs s=13602
INF http m=GET p=/assets/Auth-8NWYUGup.js s=200 d=25µs s=1677
INF http m=GET p=/assets/Auth-6SolzSg2.css s=200 d=30µs s=633
INF http m=GET p=/assets/AdminDashboard-DpHjrDyw.js s=200 d=42µs s=2142
INF http m=GET p=/assets/AdminDashboard-CjPbo26j.css s=200 d=20µs s=584
INF http m=GET p=/manifest.webmanifest s=200 d=25µs s=199
INF http m=POST p=/api/v1/organizations/40O61VOHM000/workspaces s=200 d=682ms s=302
INF http m=POST p=/api/v1/organizations s=200 d=384ms s=351
INF http m=GET p=/api/v1/auth/me s=200 d=1.52ms s=250
INF http m=POST p=/api/v1/auth/switch-workspace s=200 d=53.6ms s=575
INF http m=GET p=/api/v1/notifications/unread-count s=200 d=4.02ms s=25
INF http m=GET p=/api/v1/workspaces/40O620T9S000/members s=200 d=181µs s=128
INF http m=GET p=/api/v1/workspaces/40O620T9S000/nodes/0/children s=200 d=272µs s=26
INF http m=POST p=/api/v1/organizations/40O622OPI000/workspaces s=200 d=423ms s=300
INF http m=POST p=/api/v1/workspaces/40O620T9S000/nodes/0/page/create s=200 d=345ms s=35
INF http m=GET p=/api/v1/workspaces/40O620T9S000/nodes/0/children s=200 d=727µs s=316
INF http m=GET p=/api/v1/workspaces/40O620T9S000/nodes/40O625L9Q000 s=200 d=656µs s=245
INF http m=POST p=/api/v1/workspaces/40O620T9S000/nodes/0/table/create s=200 d=392ms s=26
INF http m=POST p=/api/v1/auth/switch-workspace s=200 d=62.1ms s=573
INF http m=GET p=/w/@40O620T9S000+workspace/@40O625L9Q000+welcome s=200 d=41µs s=541
INF http m=GET p=/api/v1/workspaces/40O620T9S000/events s=200 d=424ms s=230
INF http m=GET p=/api/v1/notifications/unread-count s=200 d=195µs s=25
INF http m=GET p=/api/v1/workspaces/40O6254T6000/nodes/0/children s=200 d=7.37ms s=26
INF http m=GET p=/api/v1/workspaces/40O6254T6000/members s=200 d=3.82ms s=130
INF http m=GET p=/api/v1/auth/me s=200 d=1.52ms s=352
INF http m=POST p=/api/v1/workspaces/40O6254T6000/nodes/0/page/create s=200 d=29.2ms s=35
INF http m=GET p=/api/v1/workspaces/40O6254T6000/nodes/0/children s=200 d=713µs s=312
INF http m=GET p=/api/v1/workspaces/40O6254T6000/nodes/40O628D0U000 s=200 d=996µs s=245
INF http m=GET p=/api/v1/workspaces/40O620T9S000/nodes/0/children s=200 d=871µs s=316
INF http m=GET p=/api/v1/notifications/unread-count s=200 d=2.41ms s=25
INF http m=GET p=/api/v1/workspaces/40O620T9S000/members s=200 d=6.63ms s=128
INF http m=GET p=/api/v1/workspaces/40O620T9S000/nodes/40O625L9Q000 s=200 d=3.33ms s=245
INF http m=POST p=/api/v1/workspaces/40O6254T6000/nodes/0/table/create s=200 d=62.5ms s=26
INF http m=GET p=/w/@40O6254T6000+workspace/@40O628D0U000+welcome s=200 d=162µs s=541
INF http m=GET p=/api/v1/workspaces/40O6254T6000/events s=200 d=115ms s=226
INF http m=GET p=/api/v1/workspaces/40O620T9S000/nodes/40O625OE0000 s=200 d=598µs s=175
INF http m=GET p=/api/v1/auth/me s=200 d=290µs s=351
INF http m=GET p=/api/v1/workspaces/40O620T9S000/nodes/40O625OE0000/table/records s=200 d=1.01ms s=28
INF http m=GET p=/api/v1/notifications/unread-count s=200 d=226µs s=25
INF http m=GET p=/api/v1/workspaces/40O6254T6000/nodes/0/children s=200 d=1.76ms s=312
INF http m=GET p=/api/v1/workspaces/40O6254T6000/nodes/40O628D0U000 s=200 d=1.33ms s=245
INF http m=GET p=/api/v1/workspaces/40O6254T6000/members s=200 d=1.9ms s=130
INF http m=GET p=/api/v1/workspaces/40O6254T6000/nodes/40O628H3K000 s=200 d=386µs s=175
INF http m=GET p=/api/v1/workspaces/40O6254T6000/nodes/40O628H3K000/table/records s=200 d=285µs s=28
INF http m=GET p=/api/v1/workspaces/40O620T9S000/nodes/40O625OE0000/table s=200 d=240µs s=165
INF http m=POST p=/api/v1/workspaces/40O620T9S000/nodes/40O625OE0000/table s=200 d=21.4ms s=35
INF http m=GET p=/api/v1/workspaces/40O620T9S000/events s=200 d=307ms s=207
INF http m=GET p=/api/v1/workspaces/40O6254T6000/nodes/40O628H3K000/table s=200 d=345µs s=180
INF http m=GET p=/api/v1/workspaces/40O6254T6000/events s=200 d=477ms s=206
INF http m=POST p=/api/v1/auth/register s=200 d=190ms s=391
INF http m=GET p=/ s=200 d=63µs s=541
INF http m=POST p=/api/v1/workspaces/40O6254T6000/nodes/40O628H3K000/table s=200 d=103ms s=35
INF http m=GET p=/registerSW.js s=200 d=54µs s=87
INF http m=GET p=/assets/index-Dlg_ygoF.js s=200 d=168µs s=45483
INF http m=GET p=/assets/editor-vendor-VZT4IkOY.js s=200 d=148µs s=92428
INF http m=GET p=/assets/vendor-CnrH3R4r.js s=200 d=110µs s=28803
INF http m=GET p=/assets/index-Bi-AgGrc.css s=200 d=99µs s=11684
INF http m=GET p=/api/v1/auth/me s=200 d=681µs s=166
INF http m=GET p=/assets/en-BIK_e_4K.js s=200 d=59µs s=5251
INF http m=GET p=/assets/Onboarding-DQ2WAJCW.js s=200 d=43µs s=996
INF http m=GET p=/api/v1/notifications/unread-count s=200 d=2.98ms s=25
INF http m=GET p=/favicon.png s=200 d=42µs s=449
INF http m=GET p=/sw.js s=200 d=86µs s=5593
INF http m=GET p=/registerSW.js s=200 d=41µs s=87
INF http m=GET p=/index.html s=200 d=32µs s=541
INF http m=GET p=/icon.svg s=200 d=34µs s=195
INF http m=GET p=/icon-512.png s=200 d=88µs s=6498
INF http m=GET p=/icon-192.png s=200 d=43µs s=2468
INF http m=GET p=/favicon.png s=200 d=36µs s=449
INF http m=GET p=/apple-touch-icon.png s=200 d=45µs s=2298
INF http m=POST p=/api/v1/organizations s=200 d=121ms s=352
INF http m=GET p=/api/v1/auth/me s=200 d=750µs s=253
INF http m=GET p=/assets/material-symbols-names-D7AiM4If.js s=200 d=124µs s=15478
INF http m=GET p=/assets/fr-B1PqNQ7U.js s=200 d=96µs s=6351
INF http m=GET p=/assets/es-OK4oleHZ.js s=200 d=96µs s=6048
INF http m=GET p=/assets/emoji-groups-El6awxEn.js s=200 d=127µs s=13851
INF http m=GET p=/assets/de-CSEWDUi3.js s=200 d=129µs s=6281
INF http m=GET p=/assets/WorkspaceSettingsPanel-BXpT4LCS.css s=200 d=37µs s=994
INF http m=GET p=/assets/WorkspaceSettingsPanel-BB4UnxOs.js s=200 d=83µs s=4465
INF http m=POST p=/api/v1/auth/register s=200 d=313ms s=393
INF http m=GET p=/assets/Terms-CDs9SgkA.js s=200 d=40µs s=1013
INF http m=GET p=/assets/ServerSettingsPanel-Co4AQ7oB.css s=200 d=42µs s=576
INF http m=GET p=/assets/ServerSettingsPanel-CUtQeHs8.js s=200 d=66µs s=2551
INF http m=GET p=/ s=200 d=55µs s=541
INF http m=GET p=/assets/ResourceQuotaForm-CBiYRbX4.js s=200 d=49µs s=832
INF http m=GET p=/assets/ResourceQuotaForm-BFoPj33M.css s=200 d=56µs s=297
INF http m=GET p=/assets/index-Dlg_ygoF.js s=200 d=172µs s=45483
INF http m=GET p=/assets/ProfileSettings-DF5AVI35.js s=200 d=61µs s=4393
INF http m=GET p=/assets/index-Bi-AgGrc.css s=200 d=130µs s=11684
INF http m=GET p=/assets/ProfileSettings-CX-HDEdu.css s=200 d=90µs s=1177
INF http m=GET p=/assets/vendor-CnrH3R4r.js s=200 d=149µs s=28803
INF http m=GET p=/assets/editor-vendor-VZT4IkOY.js s=200 d=179µs s=92428
INF http m=GET p=/registerSW.js s=200 d=44µs s=87
INF http m=GET p=/assets/Privacy-cCrfp6_1.css s=200 d=31µs s=314
INF http m=GET p=/assets/Privacy-CgsgvqEr.js s=200 d=24µs s=904
INF http m=GET p=/assets/OrgSettingsPanel-D9VVCokd.css s=200 d=33µs s=488
INF http m=GET p=/assets/OrgSettingsPanel-9P66Q2ps.js s=200 d=59µs s=2333
INF http m=GET p=/assets/OAuthIcons-csRRTXki.js s=200 d=35µs s=951
INF http m=GET p=/assets/InviteForm-DLxm8fu0.css s=200 d=41µs s=394
INF http m=GET p=/assets/InviteForm-CV0yK4I0.js s=200 d=36µs s=1291
INF http m=GET p=/assets/Editor-DfcJ-Jfc.css s=200 d=124µs s=2151
INF http m=GET p=/assets/Editor-BCbjs9IY.js s=200 d=83µs s=13602
INF http m=GET p=/assets/Auth-8NWYUGup.js s=200 d=35µs s=1677
INF http m=GET p=/assets/Auth-6SolzSg2.css s=200 d=38µs s=633
INF http m=GET p=/assets/AdminDashboard-DpHjrDyw.js s=200 d=46µs s=2142
INF http m=GET p=/assets/AdminDashboard-CjPbo26j.css s=200 d=27µs s=584
INF http m=GET p=/manifest.webmanifest s=200 d=31µs s=199
INF http m=GET p=/api/v1/auth/me s=200 d=658µs s=164
INF http m=GET p=/assets/en-BIK_e_4K.js s=200 d=76µs s=5251
INF http m=GET p=/assets/Onboarding-DQ2WAJCW.js s=200 d=41µs s=996
INF http m=GET p=/api/v1/notifications/unread-count s=200 d=372µs s=25
INF http m=GET p=/sw.js s=200 d=82µs s=5593
INF http m=GET p=/favicon.png s=200 d=49µs s=449
INF http m=GET p=/registerSW.js s=200 d=52µs s=87
INF http m=GET p=/index.html s=200 d=40µs s=541
INF http m=GET p=/icon.svg s=200 d=32µs s=195
INF http m=GET p=/icon-512.png s=200 d=70µs s=6498
INF http m=GET p=/icon-192.png s=200 d=44µs s=2468
INF http m=GET p=/favicon.png s=200 d=31µs s=449
INF http m=GET p=/apple-touch-icon.png s=200 d=48µs s=2298
INF http m=GET p=/assets/material-symbols-names-D7AiM4If.js s=200 d=124µs s=15478
INF http m=GET p=/assets/fr-B1PqNQ7U.js s=200 d=105µs s=6351
INF http m=GET p=/assets/es-OK4oleHZ.js s=200 d=83µs s=6048
INF http m=GET p=/assets/emoji-groups-El6awxEn.js s=200 d=107µs s=13851
INF http m=GET p=/assets/de-CSEWDUi3.js s=200 d=81µs s=6281
INF http m=GET p=/assets/WorkspaceSettingsPanel-BXpT4LCS.css s=200 d=41µs s=994
INF http m=GET p=/assets/WorkspaceSettingsPanel-BB4UnxOs.js s=200 d=81µs s=4465
INF http m=GET p=/assets/Terms-CDs9SgkA.js s=200 d=31µs s=1013
INF http m=GET p=/assets/ServerSettingsPanel-Co4AQ7oB.css s=200 d=25µs s=576
INF http m=GET p=/assets/ServerSettingsPanel-CUtQeHs8.js s=200 d=41µs s=2551
INF http m=GET p=/assets/ResourceQuotaForm-CBiYRbX4.js s=200 d=38µs s=832
INF http m=GET p=/assets/ResourceQuotaForm-BFoPj33M.css s=200 d=34µs s=297
INF http m=GET p=/assets/ProfileSettings-DF5AVI35.js s=200 d=74µs s=4393
INF http m=GET p=/assets/ProfileSettings-CX-HDEdu.css s=200 d=34µs s=1177
INF http m=GET p=/assets/Privacy-cCrfp6_1.css s=200 d=31µs s=314
INF http m=GET p=/assets/Privacy-CgsgvqEr.js s=200 d=23µs s=904
INF http m=GET p=/assets/OrgSettingsPanel-D9VVCokd.css s=200 d=24µs s=488
INF http m=GET p=/assets/OrgSettingsPanel-9P66Q2ps.js s=200 d=41µs s=2333
INF http m=GET p=/assets/OAuthIcons-csRRTXki.js s=200 d=37µs s=951
INF http m=GET p=/assets/InviteForm-DLxm8fu0.css s=200 d=288µs s=394
INF http m=GET p=/assets/InviteForm-CV0yK4I0.js s=200 d=42µs s=1291
INF http m=GET p=/assets/Editor-DfcJ-Jfc.css s=200 d=38µs s=2151
INF http m=GET p=/assets/Editor-BCbjs9IY.js s=200 d=120µs s=13602
INF http m=GET p=/assets/Auth-8NWYUGup.js s=200 d=33µs s=1677
INF http m=GET p=/assets/Auth-6SolzSg2.css s=200 d=25µs s=633
INF http m=GET p=/assets/AdminDashboard-DpHjrDyw.js s=200 d=33µs s=2142
INF http m=GET p=/assets/AdminDashboard-CjPbo26j.css s=200 d=30µs s=584
INF http m=GET p=/manifest.webmanifest s=200 d=29µs s=199
INF http m=POST p=/api/v1/organizations/40O62EFKU000/workspaces s=200 d=686ms s=299
INF http m=POST p=/api/v1/organizations s=200 d=395ms s=349
INF http m=GET p=/api/v1/auth/me s=200 d=269µs s=249
INF http m=POST p=/api/v1/auth/switch-workspace s=200 d=91.3ms s=576
INF http m=GET p=/api/v1/notifications/unread-count s=200 d=191µs s=25
INF http m=GET p=/api/v1/workspaces/40O62F9E2000/nodes/0/children s=200 d=624µs s=26
INF http m=GET p=/api/v1/workspaces/40O62F9E2000/members s=200 d=4.23ms s=128
INF http m=POST p=/api/v1/organizations/40O62HB2O000/workspaces s=200 d=395ms s=298
INF http m=POST p=/api/v1/workspaces/40O62F9E2000/nodes/0/page/create s=200 d=317ms s=35
INF http m=GET p=/api/v1/workspaces/40O62F9E2000/nodes/0/children s=200 d=483µs s=316
INF http m=GET p=/api/v1/workspaces/40O62F9E2000/nodes/40O62K9CS000 s=200 d=646µs s=245
INF http m=POST p=/api/v1/workspaces/40O62F9E2000/nodes/0/table/create s=200 d=368ms s=26
INF http m=GET p=/w/@40O62F9E2000+workspace/@40O62K9CS000+welcome s=200 d=36µs s=541
INF http m=POST p=/api/v1/auth/switch-workspace s=200 d=64.3ms s=612
INF http m=GET p=/api/v1/workspaces/40O62F9E2000/events s=200 d=393ms s=226
INF http m=GET p=/api/v1/notifications/unread-count s=200 d=2.29ms s=25
INF http m=GET p=/api/v1/workspaces/40O62JPAO000/members s=200 d=255µs s=126
INF http m=GET p=/api/v1/workspaces/40O62JPAO000/nodes/0/children s=200 d=614µs s=26
INF http m=GET p=/api/v1/auth/me s=200 d=761µs s=353
INF http m=POST p=/api/v1/workspaces/40O62JPAO000/nodes/0/table/create s=200 d=26.3ms s=26
INF http m=GET p=/w/@40O62JPAO000+workspace/ s=200 d=44µs s=541
INF http m=GET p=/api/v1/notifications/unread-count s=200 d=150µs s=25
INF http m=GET p=/api/v1/workspaces/40O62F9E2000/members s=200 d=505µs s=128
INF http m=GET p=/api/v1/workspaces/40O62JPAO000/events s=200 d=53.7ms s=237
INF http m=GET p=/api/v1/workspaces/40O62F9E2000/nodes/0/children s=200 d=2.26ms s=316
INF http m=GET p=/api/v1/workspaces/40O62JPAO000/nodes/0/children s=200 d=3.13ms s=306
INF http m=GET p=/api/v1/workspaces/40O62F9E2000/nodes/40O62K9CS000 s=200 d=705µs s=245
INF http m=POST p=/api/v1/workspaces/40O62JPAO000/nodes/0/page/create s=200 d=59.2ms s=35
INF http m=GET p=/api/v1/auth/me s=200 d=836µs s=351
INF http m=GET p=/api/v1/workspaces/40O62F9E2000/nodes/40O62KBHU000 s=200 d=449µs s=176
INF http m=GET p=/api/v1/workspaces/40O62JPAO000/nodes/0/children s=200 d=854µs s=306
INF http m=GET p=/api/v1/workspaces/40O62JPAO000/members s=200 d=692µs s=126
INF http m=GET p=/api/v1/notifications/unread-count s=200 d=297µs s=25
INF http m=GET p=/api/v1/workspaces/40O62JPAO000/nodes/40O62MUS0000 s=200 d=368µs s=175
INF http m=GET p=/api/v1/workspaces/40O62F9E2000/nodes/40O62KBHU000/table/records s=200 d=249µs s=28
INF http m=GET p=/api/v1/workspaces/40O62JPAO000/nodes/40O62MUS0000/table/records s=200 d=319µs s=28
INF http m=POST p=/api/v1/workspaces/40O62JPAO000/nodes/40O62MUS0000/table/records/create s=200 d=19.6ms s=26
INF http m=GET p=/w/@40O62JPAO000+opts-usages-workspace/@40O62MUS0000+opts-usage-table s=200 d=45µs s=541
INF http m=GET p=/api/v1/workspaces/40O62JPAO000/events s=200 d=117ms s=223
INF http m=GET p=/api/v1/auth/me s=200 d=234µs s=351
INF http m=GET p=/api/v1/notifications/unread-count s=200 d=2.08ms s=25
INF http m=GET p=/api/v1/workspaces/40O62JPAO000/members s=200 d=515µs s=126
INF http m=GET p=/api/v1/workspaces/40O62JPAO000/nodes/0/children s=200 d=2.99ms s=306
INF http m=GET p=/api/v1/workspaces/40O62JPAO000/nodes/40O62MUS0000 s=200 d=767µs s=175
INF http m=GET p=/api/v1/workspaces/40O62F9E2000/nodes/40O62KBHU000/table s=200 d=237µs s=155
INF http m=GET p=/api/v1/workspaces/40O62JPAO000/nodes/40O62MUS0000/table/records s=200 d=380µs s=125
INF http m=POST p=/api/v1/workspaces/40O62F9E2000/nodes/40O62KBHU000/table s=200 d=48.2ms s=35
INF http m=GET p=/api/v1/workspaces/40O62F9E2000/events s=200 d=291ms s=212
INF http m=GET p=/api/v1/workspaces/40O62JPAO000/events s=200 d=262ms s=93
INF http m=POST p=/api/v1/auth/register s=200 d=185ms s=393
INF http m=GET p=/ s=200 d=74µs s=541
INF http m=GET p=/assets/vendor-CnrH3R4r.js s=200 d=119µs s=28803
INF http m=GET p=/assets/index-Bi-AgGrc.css s=200 d=101µs s=11684
INF http m=GET p=/registerSW.js s=200 d=32µs s=87
INF http m=GET p=/assets/editor-vendor-VZT4IkOY.js s=200 d=142µs s=92428
INF http m=GET p=/assets/index-Dlg_ygoF.js s=200 d=983µs s=45483
INF http m=GET p=/assets/en-BIK_e_4K.js s=200 d=106µs s=5251
INF http m=GET p=/api/v1/auth/me s=200 d=257µs s=165
INF http m=GET p=/favicon.png s=200 d=39µs s=449
INF http m=GET p=/sw.js s=200 d=74µs s=5593
INF http m=GET p=/assets/Onboarding-DQ2WAJCW.js s=200 d=28µs s=996
INF http m=GET p=/api/v1/notifications/unread-count s=200 d=254µs s=25
INF http m=GET p=/registerSW.js s=200 d=34µs s=87
INF http m=GET p=/index.html s=200 d=37µs s=541
INF http m=GET p=/icon.svg s=200 d=36µs s=195
INF http m=GET p=/icon-512.png s=200 d=146µs s=6498
INF http m=GET p=/icon-192.png s=200 d=58µs s=2468
INF http m=GET p=/favicon.png s=200 d=63µs s=449
INF http m=GET p=/apple-touch-icon.png s=200 d=63µs s=2298
INF http m=POST p=/api/v1/organizations s=200 d=106ms s=350
INF http m=GET p=/api/v1/auth/me s=200 d=418µs s=250
INF http m=GET p=/assets/material-symbols-names-D7AiM4If.js s=200 d=140µs s=15478
INF http m=POST p=/api/v1/auth/register s=200 d=280ms s=385
INF http m=GET p=/ s=200 d=68µs s=541
INF http m=GET p=/assets/fr-B1PqNQ7U.js s=200 d=92µs s=6351
INF http m=GET p=/assets/es-OK4oleHZ.js s=200 d=83µs s=6048
INF http m=GET p=/assets/index-Dlg_ygoF.js s=200 d=255µs s=45483
INF http m=GET p=/assets/index-Bi-AgGrc.css s=200 d=106µs s=11684
INF http m=GET p=/assets/vendor-CnrH3R4r.js s=200 d=139µs s=28803
INF http m=GET p=/assets/editor-vendor-VZT4IkOY.js s=200 d=145µs s=92428
INF http m=GET p=/registerSW.js s=200 d=48µs s=87
INF http m=GET p=/assets/emoji-groups-El6awxEn.js s=200 d=119µs s=13851
INF http m=GET p=/assets/de-CSEWDUi3.js s=200 d=92µs s=6281
INF http m=GET p=/assets/WorkspaceSettingsPanel-BXpT4LCS.css s=200 d=45µs s=994
INF http m=GET p=/assets/WorkspaceSettingsPanel-BB4UnxOs.js s=200 d=68µs s=4465
INF http m=GET p=/assets/Terms-CDs9SgkA.js s=200 d=44µs s=1013
INF http m=GET p=/api/v1/auth/me s=200 d=614µs s=165
INF http m=GET p=/assets/ServerSettingsPanel-Co4AQ7oB.css s=200 d=39µs s=576
INF http m=GET p=/assets/en-BIK_e_4K.js s=200 d=61µs s=5251
INF http m=GET p=/assets/ServerSettingsPanel-CUtQeHs8.js s=200 d=67µs s=2551
INF http m=GET p=/assets/ResourceQuotaForm-CBiYRbX4.js s=200 d=48µs s=832
INF http m=GET p=/assets/Onboarding-DQ2WAJCW.js s=200 d=39µs s=996
INF http m=GET p=/api/v1/notifications/unread-count s=200 d=557µs s=25
INF http m=GET p=/assets/ResourceQuotaForm-BFoPj33M.css s=200 d=38µs s=297
INF http m=GET p=/favicon.png s=200 d=42µs s=449
INF http m=GET p=/assets/ProfileSettings-DF5AVI35.js s=200 d=52µs s=4393
INF http m=GET p=/assets/ProfileSettings-CX-HDEdu.css s=200 d=39µs s=1177
INF http m=GET p=/assets/Privacy-cCrfp6_1.css s=200 d=44µs s=314
INF http m=GET p=/assets/Privacy-CgsgvqEr.js s=200 d=36µs s=904
INF http m=GET p=/sw.js s=200 d=87µs s=5593
INF http m=GET p=/assets/OrgSettingsPanel-D9VVCokd.css s=200 d=29µs s=488
INF http m=GET p=/assets/OrgSettingsPanel-9P66Q2ps.js s=200 d=38µs s=2333
INF http m=GET p=/assets/OAuthIcons-csRRTXki.js s=200 d=76µs s=951
INF http m=GET p=/assets/InviteForm-DLxm8fu0.css s=200 d=49µs s=394
INF http m=GET p=/registerSW.js s=200 d=32µs s=87
INF http m=GET p=/assets/InviteForm-CV0yK4I0.js s=200 d=41µs s=1291
INF http m=GET p=/assets/Editor-DfcJ-Jfc.css s=200 d=60µs s=2151
INF http m=GET p=/index.html s=200 d=25µs s=541
INF http m=GET p=/icon.svg s=200 d=29µs s=195
INF http m=GET p=/assets/Editor-BCbjs9IY.js s=200 d=99µs s=13602
INF http m=GET p=/icon-512.png s=200 d=91µs s=6498
INF http m=GET p=/assets/Auth-8NWYUGup.js s=200 d=55µs s=1677
INF http m=GET p=/icon-192.png s=200 d=56µs s=2468
INF http m=GET p=/assets/Auth-6SolzSg2.css s=200 d=33µs s=633
INF http m=GET p=/favicon.png s=200 d=27µs s=449
INF http m=GET p=/assets/AdminDashboard-DpHjrDyw.js s=200 d=55µs s=2142
INF http m=GET p=/apple-touch-icon.png s=200 d=37µs s=2298
INF http m=GET p=/assets/AdminDashboard-CjPbo26j.css s=200 d=29µs s=584
INF http m=GET p=/manifest.webmanifest s=200 d=34µs s=199
INF http m=GET p=/assets/material-symbols-names-D7AiM4If.js s=200 d=98µs s=15478
INF http m=GET p=/assets/fr-B1PqNQ7U.js s=200 d=89µs s=6351
INF http m=GET p=/assets/es-OK4oleHZ.js s=200 d=117µs s=6048
INF http m=GET p=/assets/emoji-groups-El6awxEn.js s=200 d=96µs s=13851
INF http m=GET p=/assets/de-CSEWDUi3.js s=200 d=144µs s=6281
INF http m=GET p=/assets/WorkspaceSettingsPanel-BXpT4LCS.css s=200 d=37µs s=994
INF http m=GET p=/assets/WorkspaceSettingsPanel-BB4UnxOs.js s=200 d=50µs s=4465
INF http m=GET p=/assets/Terms-CDs9SgkA.js s=200 d=35µs s=1013
INF http m=GET p=/assets/ServerSettingsPanel-Co4AQ7oB.css s=200 d=36µs s=576
INF http m=GET p=/assets/ServerSettingsPanel-CUtQeHs8.js s=200 d=33µs s=2551
INF http m=GET p=/assets/ResourceQuotaForm-CBiYRbX4.js s=200 d=45µs s=832
INF http m=GET p=/assets/ResourceQuotaForm-BFoPj33M.css s=200 d=42µs s=297
INF http m=GET p=/assets/ProfileSettings-DF5AVI35.js s=200 d=189µs s=4393
INF http m=GET p=/assets/ProfileSettings-CX-HDEdu.css s=200 d=23µs s=1177
INF http m=GET p=/assets/Privacy-cCrfp6_1.css s=200 d=25µs s=314
INF http m=GET p=/assets/Privacy-CgsgvqEr.js s=200 d=33µs s=904
INF http m=GET p=/assets/OrgSettingsPanel-D9VVCokd.css s=200 d=27µs s=488
INF http m=GET p=/assets/OrgSettingsPanel-9P66Q2ps.js s=200 d=47µs s=2333
INF http m=GET p=/assets/OAuthIcons-csRRTXki.js s=200 d=38µs s=951
INF http m=GET p=/assets/InviteForm-DLxm8fu0.css s=200 d=31µs s=394
INF http m=GET p=/assets/InviteForm-CV0yK4I0.js s=200 d=39µs s=1291
INF http m=GET p=/assets/Editor-DfcJ-Jfc.css s=200 d=45µs s=2151
INF http m=GET p=/assets/Editor-BCbjs9IY.js s=200 d=174µs s=13602
INF http m=GET p=/assets/Auth-8NWYUGup.js s=200 d=23µs s=1677
INF http m=GET p=/assets/Auth-6SolzSg2.css s=200 d=26µs s=633
INF http m=GET p=/assets/AdminDashboard-DpHjrDyw.js s=200 d=97µs s=2142
INF http m=GET p=/assets/AdminDashboard-CjPbo26j.css s=200 d=35µs s=584
INF http m=GET p=/manifest.webmanifest s=200 d=24µs s=199
INF http m=POST p=/api/v1/organizations/40O62STAE000/workspaces s=200 d=677ms s=300
INF http m=POST p=/api/v1/organizations s=200 d=432ms s=350
INF http m=GET p=/api/v1/auth/me s=200 d=485µs s=250
INF http m=POST p=/api/v1/auth/switch-workspace s=200 d=48.6ms s=608
INF http m=GET p=/api/v1/notifications/unread-count s=200 d=189µs s=25
INF http m=GET p=/api/v1/workspaces/40O62TJF8000/members s=200 d=2.38ms s=126
INF http m=GET p=/api/v1/workspaces/40O62TJF8000/nodes/0/children s=200 d=2.34ms s=26
INF http m=POST p=/api/v1/organizations/40O62V4BQ000/workspaces s=200 d=393ms s=296
INF http m=POST p=/api/v1/workspaces/40O62TJF8000/nodes/0/page/create s=200 d=329ms s=35
INF http m=GET p=/api/v1/workspaces/40O62TJF8000/nodes/0/children s=200 d=378µs s=312
INF http m=GET p=/api/v1/workspaces/40O62TJF8000/nodes/40O6327G8000 s=200 d=214µs s=245
INF http m=POST p=/api/v1/workspaces/40O62TJF8000/nodes/0/table/create s=200 d=362ms s=26
INF http m=POST p=/api/v1/auth/switch-workspace s=200 d=61.7ms s=609
INF http m=GET p=/w/@40O62TJF8000+workspace/@40O6327G8000+welcome s=200 d=45µs s=541
INF http m=GET p=/api/v1/workspaces/40O62TJF8000/events s=200 d=398ms s=230
INF http m=GET p=/api/v1/workspaces/40O631PMU000/members s=200 d=347µs s=124
INF http m=GET p=/api/v1/notifications/unread-count s=200 d=2.12ms s=25
INF http m=GET p=/api/v1/workspaces/40O631PMU000/nodes/0/children s=200 d=409µs s=26
INF http m=GET p=/api/v1/auth/me s=200 d=299µs s=352
INF http m=POST p=/api/v1/workspaces/40O631PMU000/nodes/0/page/create s=200 d=30.7ms s=35
INF http m=GET p=/api/v1/workspaces/40O631PMU000/nodes/0/children s=200 d=285µs s=257
INF http m=GET p=/api/v1/notifications/unread-count s=200 d=159µs s=25
INF http m=GET p=/api/v1/workspaces/40O62TJF8000/members s=200 d=170µs s=126
INF http m=GET p=/api/v1/workspaces/40O62TJF8000/nodes/0/children s=200 d=433µs s=312
INF http m=GET p=/api/v1/workspaces/40O62TJF8000/nodes/40O6327G8000 s=200 d=6.65ms s=245
INF http m=GET p=/api/v1/workspaces/40O631PMU000/nodes/40O634REG000 s=200 d=4.23ms s=245
INF http m=GET p=/api/v1/workspaces/40O62TJF8000/nodes/40O632B4M000 s=200 d=377µs s=175
INF http m=GET p=/api/v1/workspaces/40O62TJF8000/nodes/40O632B4M000/table/records s=200 d=1.54ms s=28
INF http m=POST p=/api/v1/workspaces/40O62TJF8000/nodes/40O632B4M000/table s=200 d=18.1ms s=26
INF http m=GET p=/w/@40O62TJF8000+opts-orders-workspace/@40O632B4M000+opts-order-table s=200 d=50µs s=541
INF http m=GET p=/api/v1/workspaces/40O62TJF8000/events s=200 d=105ms s=213
INF http m=GET p=/api/v1/auth/me s=200 d=289µs s=352
INF http m=GET p=/api/v1/notifications/unread-count s=200 d=168µs s=25
INF http m=GET p=/api/v1/workspaces/40O62TJF8000/nodes/0/children s=200 d=413µs s=312
INF http m=GET p=/api/v1/workspaces/40O62TJF8000/nodes/40O632B4M000 s=200 d=361µs s=175
INF http m=GET p=/api/v1/workspaces/40O62TJF8000/members s=200 d=344µs s=126
INF http m=GET p=/api/v1/workspaces/40O62TJF8000/nodes/40O632B4M000/table/records s=200 d=1.45ms s=28
INF http m=GET p=/api/v1/workspaces/40O62TJF8000/events s=200 d=137ms s=93
INF http m=POST p=/api/v1/auth/register s=200 d=158ms s=396
INF http m=GET p=/ s=200 d=55µs s=541
INF http m=GET p=/assets/index-Bi-AgGrc.css s=200 d=149µs s=11684
INF http m=GET p=/assets/vendor-CnrH3R4r.js s=200 d=154µs s=28803
INF http m=GET p=/assets/editor-vendor-VZT4IkOY.js s=200 d=187µs s=92428
INF http m=GET p=/registerSW.js s=200 d=27µs s=87
INF http m=GET p=/assets/index-Dlg_ygoF.js s=200 d=112µs s=45483
INF http m=GET p=/api/v1/auth/me s=200 d=261µs s=164
INF http m=GET p=/assets/en-BIK_e_4K.js s=200 d=63µs s=5251
INF http m=GET p=/sw.js s=200 d=104µs s=5593
INF http m=GET p=/favicon.png s=200 d=33µs s=449
INF http m=GET p=/assets/Onboarding-DQ2WAJCW.js s=200 d=32µs s=996
INF http m=GET p=/api/v1/notifications/unread-count s=200 d=167µs s=25
INF http m=GET p=/registerSW.js s=200 d=37µs s=87
INF http m=GET p=/index.html s=200 d=56µs s=541
INF http m=GET p=/icon.svg s=200 d=30µs s=195
INF http m=GET p=/icon-512.png s=200 d=56µs s=6498
INF http m=GET p=/icon-192.png s=200 d=32µs s=2468
INF http m=GET p=/favicon.png s=200 d=39µs s=449
INF http m=GET p=/apple-touch-icon.png s=200 d=32µs s=2298
INF http m=GET p=/assets/material-symbols-names-D7AiM4If.js s=200 d=88µs s=15478
INF http m=GET p=/assets/fr-B1PqNQ7U.js s=200 d=68µs s=6351
INF http m=GET p=/assets/es-OK4oleHZ.js s=200 d=64µs s=6048
INF http m=POST p=/api/v1/organizations s=200 d=66.1ms s=349
INF http m=GET p=/api/v1/auth/me s=200 d=246µs s=247
INF http m=GET p=/assets/emoji-groups-El6awxEn.js s=200 d=73µs s=13851
INF http m=GET p=/assets/de-CSEWDUi3.js s=200 d=130µs s=6281
INF http m=GET p=/assets/WorkspaceSettingsPanel-BXpT4LCS.css s=200 d=101µs s=994
INF http m=GET p=/assets/WorkspaceSettingsPanel-BB4UnxOs.js s=200 d=78µs s=4465
INF http m=GET p=/assets/Terms-CDs9SgkA.js s=200 d=25µs s=1013
INF http m=GET p=/assets/ServerSettingsPanel-Co4AQ7oB.css s=200 d=28µs s=576
INF http m=GET p=/assets/ServerSettingsPanel-CUtQeHs8.js s=200 d=40µs s=2551
INF http m=GET p=/assets/ResourceQuotaForm-CBiYRbX4.js s=200 d=27µs s=832
INF http m=GET p=/assets/ResourceQuotaForm-BFoPj33M.css s=200 d=26µs s=297
INF http m=GET p=/assets/ProfileSettings-DF5AVI35.js s=200 d=63µs s=4393
INF http m=GET p=/assets/ProfileSettings-CX-HDEdu.css s=200 d=29µs s=1177
INF http m=GET p=/assets/Privacy-cCrfp6_1.css s=200 d=21µs s=314
INF http m=GET p=/assets/Privacy-CgsgvqEr.js s=200 d=25µs s=904
INF http m=GET p=/assets/OrgSettingsPanel-D9VVCokd.css s=200 d=23µs s=488
INF http m=GET p=/assets/OrgSettingsPanel-9P66Q2ps.js s=200 d=32µs s=2333
INF http m=GET p=/assets/OAuthIcons-csRRTXki.js s=200 d=27µs s=951
INF http m=GET p=/assets/InviteForm-DLxm8fu0.css s=200 d=24µs s=394
INF http m=GET p=/assets/InviteForm-CV0yK4I0.js s=200 d=24µs s=1291
INF http m=GET p=/assets/Editor-DfcJ-Jfc.css s=200 d=35µs s=2151
INF http m=GET p=/assets/Editor-BCbjs9IY.js s=200 d=76µs s=13602
INF http m=GET p=/assets/Auth-8NWYUGup.js s=200 d=25µs s=1677
INF http m=GET p=/assets/Auth-6SolzSg2.css s=200 d=28µs s=633
INF http m=GET p=/assets/AdminDashboard-DpHjrDyw.js s=200 d=80µs s=2142
INF http m=GET p=/assets/AdminDashboard-CjPbo26j.css s=200 d=27µs s=584
INF http m=GET p=/manifest.webmanifest s=200 d=31µs s=199
INF http m=POST p=/api/v1/organizations/40O639O3U000/workspaces s=200 d=383ms s=299
INF http m=POST p=/api/v1/workspaces/40O631PMU000/nodes/0/table/create s=200 d=334ms s=26
INF http m=GET p=/w/@40O631PMU000+workspace/@40O634REG000+welcome s=200 d=55µs s=541
INF http m=GET p=/api/v1/workspaces/40O631PMU000/events s=200 d=1.33s s=234
INF http m=GET p=/api/v1/auth/me s=200 d=953µs s=357
INF http m=POST p=/api/v1/auth/switch-workspace s=200 d=107ms s=609
INF http m=GET p=/api/v1/notifications/unread-count s=200 d=223µs s=25
INF http m=GET p=/api/v1/workspaces/40O631PMU000/nodes/0/children s=200 d=977µs s=317
INF http m=GET p=/api/v1/notifications/unread-count s=200 d=124µs s=25
INF http m=GET p=/api/v1/workspaces/40O63A65K000/nodes/0/children s=200 d=575µs s=26
INF http m=GET p=/api/v1/workspaces/40O631PMU000/members s=200 d=533µs s=124
INF http m=GET p=/api/v1/workspaces/40O63A65K000/members s=200 d=615µs s=126
INF http m=GET p=/api/v1/workspaces/40O631PMU000/nodes/40O634REG000 s=200 d=864µs s=245
INF http m=POST p=/api/v1/workspaces/40O63A65K000/nodes/0/page/create s=200 d=23.2ms s=35
INF http m=GET p=/api/v1/workspaces/40O63A65K000/nodes/0/children s=200 d=281µs s=257
INF http m=GET p=/api/v1/workspaces/40O631PMU000/nodes/40O63AOGC000 s=200 d=324µs s=177
INF http m=GET p=/api/v1/workspaces/40O63A65K000/nodes/40O63DDNM000 s=200 d=401µs s=245
INF http m=GET p=/api/v1/workspaces/40O631PMU000/nodes/40O63AOGC000/table/records s=200 d=227µs s=28
INF http m=GET p=/api/v1/workspaces/40O631PMU000/nodes/40O63AOGC000/table s=200 d=266µs s=163
INF http m=POST p=/api/v1/workspaces/40O63A65K000/nodes/0/table/create s=200 d=22.8ms s=26
INF http m=POST p=/api/v1/workspaces/40O631PMU000/nodes/40O63AOGC000/table s=200 d=29.3ms s=35
INF http m=GET p=/api/v1/workspaces/40O631PMU000/events s=200 d=325ms s=232
INF http m=POST p=/api/v1/workspaces/40O631PMU000/nodes/40O63AOGC000/table s=200 d=34.5ms s=35
INF http m=POST p=/api/v1/workspaces/40O63A65K000/nodes/40O63F20Q000/table/records/create s=200 d=27.5ms s=26
INF http m=GET p=/w/@40O63A65K000+workspace/@40O63DDNM000+welcome s=200 d=40µs s=541
INF http m=GET p=/api/v1/workspaces/40O63A65K000/events s=200 d=348ms s=283
INF http m=GET p=/api/v1/auth/me s=200 d=294µs s=349
INF http m=GET p=/api/v1/notifications/unread-count s=200 d=255µs s=25
INF http m=GET p=/api/v1/workspaces/40O63A65K000/members s=200 d=629µs s=126
INF http m=GET p=/api/v1/workspaces/40O63A65K000/nodes/0/children s=200 d=4.57ms s=316
INF http m=GET p=/api/v1/workspaces/40O63A65K000/nodes/40O63DDNM000 s=200 d=2.63ms s=245
INF http m=GET p=/api/v1/workspaces/40O63A65K000/nodes/40O63F20Q000 s=200 d=431µs s=175
INF http m=GET p=/api/v1/workspaces/40O63A65K000/nodes/40O63F20Q000/table/records s=200 d=411µs s=102
INF http m=POST p=/api/v1/auth/register s=200 d=192ms s=392
INF http m=GET p=/ s=200 d=59µs s=541
INF http m=GET p=/assets/index-Dlg_ygoF.js s=200 d=154µs s=45483
INF http m=GET p=/assets/index-Bi-AgGrc.css s=200 d=177µs s=11684
INF http m=GET p=/assets/vendor-CnrH3R4r.js s=200 d=145µs s=28803
INF http m=GET p=/registerSW.js s=200 d=73µs s=87
INF http m=GET p=/assets/editor-vendor-VZT4IkOY.js s=200 d=327µs s=92428
INF http m=GET p=/api/v1/workspaces/40O63A65K000/events s=200 d=256ms s=93
INF http m=GET p=/api/v1/auth/me s=200 d=229µs s=168
INF http m=GET p=/assets/en-BIK_e_4K.js s=200 d=53µs s=5251
INF http m=GET p=/assets/Onboarding-DQ2WAJCW.js s=200 d=44µs s=996
INF http m=GET p=/api/v1/notifications/unread-count s=200 d=192µs s=25
INF http m=GET p=/sw.js s=200 d=90µs s=5593
INF http m=GET p=/favicon.png s=200 d=46µs s=449
INF http m=GET p=/registerSW.js s=200 d=39µs s=87
INF http m=GET p=/index.html s=200 d=35µs s=541
INF http m=GET p=/icon.svg s=200 d=36µs s=195
INF http m=GET p=/icon-512.png s=200 d=69µs s=6498
INF http m=GET p=/icon-192.png s=200 d=51µs s=2468
INF http m=GET p=/favicon.png s=200 d=56µs s=449
INF http m=GET p=/apple-touch-icon.png s=200 d=41µs s=2298
INF http m=GET p=/assets/material-symbols-names-D7AiM4If.js s=200 d=292µs s=15478
INF http m=GET p=/assets/fr-B1PqNQ7U.js s=200 d=102µs s=6351
INF http m=GET p=/assets/es-OK4oleHZ.js s=200 d=63µs s=6048
INF http m=POST p=/api/v1/organizations s=200 d=123ms s=353
INF http m=GET p=/api/v1/auth/me s=200 d=5.04ms s=254
INF http m=GET p=/assets/emoji-groups-El6awxEn.js s=200 d=134µs s=13851
INF http m=GET p=/assets/de-CSEWDUi3.js s=200 d=85µs s=6281
INF http m=GET p=/assets/WorkspaceSettingsPanel-BXpT4LCS.css s=200 d=38µs s=994
INF http m=GET p=/assets/WorkspaceSettingsPanel-BB4UnxOs.js s=200 d=77µs s=4465
INF http m=GET p=/assets/Terms-CDs9SgkA.js s=200 d=33µs s=1013
INF http m=GET p=/assets/ServerSettingsPanel-Co4AQ7oB.css s=200 d=24µs s=576
INF http m=GET p=/assets/ServerSettingsPanel-CUtQeHs8.js s=200 d=45µs s=2551
INF http m=GET p=/assets/ResourceQuotaForm-CBiYRbX4.js s=200 d=29µs s=832
INF http m=GET p=/assets/ResourceQuotaForm-BFoPj33M.css s=200 d=23µs s=297
INF http m=GET p=/assets/ProfileSettings-DF5AVI35.js s=200 d=54µs s=4393
INF http m=GET p=/assets/ProfileSettings-CX-HDEdu.css s=200 d=33µs s=1177
INF http m=GET p=/assets/Privacy-cCrfp6_1.css s=200 d=28µs s=314
INF http m=GET p=/assets/Privacy-CgsgvqEr.js s=200 d=31µs s=904
INF http m=POST p=/api/v1/auth/register s=200 d=229ms s=390
INF http m=GET p=/ s=200 d=60µs s=541
INF http m=GET p=/assets/OrgSettingsPanel-D9VVCokd.css s=200 d=25µs s=488
INF http m=GET p=/assets/OrgSettingsPanel-9P66Q2ps.js s=200 d=53µs s=2333
INF http m=GET p=/assets/OAuthIcons-csRRTXki.js s=200 d=38µs s=951
INF http m=GET p=/assets/index-Dlg_ygoF.js s=200 d=162µs s=45483
INF http m=GET p=/assets/index-Bi-AgGrc.css s=200 d=98µs s=11684
INF http m=GET p=/assets/vendor-CnrH3R4r.js s=200 d=108µs s=28803
INF http m=GET p=/assets/editor-vendor-VZT4IkOY.js s=200 d=181µs s=92428
INF http m=GET p=/registerSW.js s=200 d=36µs s=87
INF http m=GET p=/assets/InviteForm-DLxm8fu0.css s=200 d=28µs s=394
INF http m=GET p=/assets/InviteForm-CV0yK4I0.js s=200 d=33µs s=1291
INF http m=GET p=/assets/Editor-DfcJ-Jfc.css s=200 d=49µs s=2151
INF http m=GET p=/assets/Editor-BCbjs9IY.js s=200 d=79µs s=13602
INF http m=GET p=/assets/Auth-8NWYUGup.js s=200 d=32µs s=1677
INF http m=GET p=/assets/Auth-6SolzSg2.css s=200 d=31µs s=633
INF http m=GET p=/assets/AdminDashboard-DpHjrDyw.js s=200 d=55µs s=2142
INF http m=GET p=/assets/AdminDashboard-CjPbo26j.css s=200 d=43µs s=584
INF http m=GET p=/manifest.webmanifest s=200 d=38µs s=199
INF http m=GET p=/api/v1/auth/me s=200 d=1.45ms s=164
INF http m=GET p=/assets/en-BIK_e_4K.js s=200 d=97µs s=5251
INF http m=GET p=/favicon.png s=200 d=43µs s=449
INF http m=GET p=/api/v1/notifications/unread-count s=200 d=174µs s=25
INF http m=GET p=/assets/Onboarding-DQ2WAJCW.js s=200 d=25µs s=996
INF http m=GET p=/sw.js s=200 d=780µs s=5593
INF http m=GET p=/registerSW.js s=200 d=38µs s=87
INF http m=GET p=/index.html s=200 d=35µs s=541
INF http m=GET p=/icon.svg s=200 d=35µs s=195
INF http m=GET p=/icon-512.png s=200 d=50µs s=6498
INF http m=GET p=/icon-192.png s=200 d=36µs s=2468
INF http m=GET p=/favicon.png s=200 d=31µs s=449
INF http m=GET p=/apple-touch-icon.png s=200 d=60µs s=2298
INF http m=GET p=/assets/material-symbols-names-D7AiM4If.js s=200 d=70µs s=15478
INF http m=GET p=/assets/fr-B1PqNQ7U.js s=200 d=85µs s=6351
INF http m=GET p=/assets/es-OK4oleHZ.js s=200 d=56µs s=6048
INF http m=GET p=/assets/emoji-groups-El6awxEn.js s=200 d=118µs s=13851
INF http m=GET p=/assets/de-CSEWDUi3.js s=200 d=121µs s=6281
INF http m=GET p=/assets/WorkspaceSettingsPanel-BXpT4LCS.css s=200 d=40µs s=994
INF http m=GET p=/assets/WorkspaceSettingsPanel-BB4UnxOs.js s=200 d=59µs s=4465
INF http m=GET p=/assets/Terms-CDs9SgkA.js s=200 d=23µs s=1013
INF http m=GET p=/assets/ServerSettingsPanel-Co4AQ7oB.css s=200 d=33µs s=576
INF http m=GET p=/assets/ServerSettingsPanel-CUtQeHs8.js s=200 d=46µs s=2551
INF http m=GET p=/assets/ResourceQuotaForm-CBiYRbX4.js s=200 d=29µs s=832
INF http m=GET p=/assets/ResourceQuotaForm-BFoPj33M.css s=200 d=26µs s=297
INF http m=GET p=/assets/ProfileSettings-DF5AVI35.js s=200 d=59µs s=4393
INF http m=GET p=/assets/ProfileSettings-CX-HDEdu.css s=200 d=37µs s=1177
INF http m=GET p=/assets/Privacy-cCrfp6_1.css s=200 d=32µs s=314
INF http m=GET p=/assets/Privacy-CgsgvqEr.js s=200 d=27µs s=904
INF http m=GET p=/assets/OrgSettingsPanel-D9VVCokd.css s=200 d=25µs s=488
INF http m=GET p=/assets/OrgSettingsPanel-9P66Q2ps.js s=200 d=33µs s=2333
INF http m=GET p=/assets/OAuthIcons-csRRTXki.js s=200 d=32µs s=951
INF http m=GET p=/assets/InviteForm-DLxm8fu0.css s=200 d=37µs s=394
INF http m=GET p=/assets/InviteForm-CV0yK4I0.js s=200 d=32µs s=1291
INF http m=GET p=/assets/Editor-DfcJ-Jfc.css s=200 d=33µs s=2151
INF http m=GET p=/assets/Editor-BCbjs9IY.js s=200 d=66µs s=13602
INF http m=GET p=/assets/Auth-8NWYUGup.js s=200 d=39µs s=1677
INF http m=GET p=/assets/Auth-6SolzSg2.css s=200 d=26µs s=633
INF http m=GET p=/assets/AdminDashboard-DpHjrDyw.js s=200 d=32µs s=2142
INF http m=GET p=/assets/AdminDashboard-CjPbo26j.css s=200 d=27µs s=584
INF http m=GET p=/manifest.webmanifest s=200 d=29µs s=199
INF http m=POST p=/api/v1/organizations s=200 d=389ms s=351
INF http m=GET p=/api/v1/auth/me s=200 d=210µs s=251
INF http m=POST p=/api/v1/organizations/40O63JDUG000/workspaces s=200 d=732ms s=304
INF http m=POST p=/api/v1/auth/switch-workspace s=200 d=50.8ms s=607
INF http m=GET p=/api/v1/notifications/unread-count s=200 d=3.65ms s=25
INF http m=GET p=/api/v1/workspaces/40O63K9QM000/members s=200 d=772µs s=119
INF http m=GET p=/api/v1/workspaces/40O63K9QM000/nodes/0/children s=200 d=12.1ms s=26
INF http m=POST p=/api/v1/organizations/40O63MB36000/workspaces s=200 d=370ms s=300
INF http m=POST p=/api/v1/workspaces/40O63K9QM000/nodes/0/page/create s=200 d=286ms s=35
INF http m=GET p=/api/v1/workspaces/40O63K9QM000/nodes/0/children s=200 d=614µs s=257
INF http m=GET p=/api/v1/workspaces/40O63K9QM000/nodes/40O63P9LE000 s=200 d=574µs s=245
INF http m=POST p=/api/v1/auth/switch-workspace s=200 d=57ms s=573
INF http m=GET p=/api/v1/notifications/unread-count s=200 d=173µs s=25
INF http m=GET p=/api/v1/workspaces/40O63OO6Q000/nodes/0/children s=200 d=318µs s=26
INF http m=GET p=/api/v1/workspaces/40O63OO6Q000/members s=200 d=1.09ms s=128
INF http m=POST p=/api/v1/workspaces/40O63OO6Q000/nodes/0/page/create s=200 d=20.3ms s=35
INF http m=GET p=/api/v1/workspaces/40O63OO6Q000/nodes/0/children s=200 d=268µs s=257
INF http m=GET p=/api/v1/workspaces/40O63OO6Q000/nodes/40O63RF8O000 s=200 d=1.57ms s=245
INF http m=POST p=/api/v1/workspaces/40O63OO6Q000/nodes/0/table/create s=200 d=17.1ms s=26
INF http m=POST p=/api/v1/workspaces/40O63OO6Q000/nodes/40O63RUFA000/table/records/create s=200 d=16.8ms s=26
INF http m=GET p=/w/@40O63OO6Q000+workspace/@40O63RF8O000+welcome s=200 d=41µs s=541
INF http m=GET p=/api/v1/workspaces/40O63OO6Q000/events s=200 d=128ms s=284
INF http m=GET p=/api/v1/auth/me s=200 d=504µs s=351
INF http m=GET p=/api/v1/notifications/unread-count s=200 d=302µs s=25
INF http m=GET p=/api/v1/workspaces/40O63OO6Q000/members s=200 d=731µs s=128
INF http m=GET p=/api/v1/workspaces/40O63OO6Q000/nodes/0/children s=200 d=773µs s=316
INF http m=GET p=/api/v1/workspaces/40O63OO6Q000/nodes/40O63RF8O000 s=200 d=1.38ms s=245
INF http m=GET p=/api/v1/workspaces/40O63OO6Q000/nodes/40O63RUFA000 s=200 d=833µs s=177
INF http m=GET p=/api/v1/workspaces/40O63OO6Q000/nodes/40O63RUFA000/table/records s=200 d=871µs s=103
INF http m=GET p=/api/v1/workspaces/40O63OO6Q000/events s=200 d=150ms s=93
INF http m=POST p=/api/v1/auth/register s=200 d=153ms s=392
INF http m=POST p=/api/v1/workspaces/40O63K9QM000/nodes/0/table/create s=200 d=49.1ms s=26
INF http m=GET p=/ s=200 d=45µs s=541
INF http m=POST p=/api/v1/workspaces/40O63K9QM000/nodes/40O63V3GI000/table/records/create s=200 d=31.4ms s=26
INF http m=GET p=/assets/index-Dlg_ygoF.js s=200 d=178µs s=45483
INF http m=GET p=/assets/index-Bi-AgGrc.css s=200 d=104µs s=11684
INF http m=GET p=/w/@40O63K9QM000+workspace/@40O63P9LE000+welcome s=200 d=49µs s=541
INF http m=GET p=/registerSW.js s=200 d=47µs s=87
INF http m=GET p=/assets/editor-vendor-VZT4IkOY.js s=200 d=204µs s=92428
INF http m=GET p=/assets/vendor-CnrH3R4r.js s=200 d=120µs s=28803
INF http m=GET p=/api/v1/workspaces/40O63K9QM000/events s=200 d=1.08s s=288
INF http m=GET p=/api/v1/auth/me s=200 d=9.57ms s=358
INF http m=GET p=/api/v1/auth/me s=200 d=916µs s=164
INF http m=GET p=/assets/en-BIK_e_4K.js s=200 d=115µs s=5251
INF http m=GET p=/api/v1/notifications/unread-count s=200 d=577µs s=25
INF http m=GET p=/api/v1/workspaces/40O63K9QM000/nodes/0/children s=200 d=533µs s=318
INF http m=GET p=/api/v1/workspaces/40O63K9QM000/members s=200 d=390µs s=119
INF http m=GET p=/api/v1/workspaces/40O63K9QM000/nodes/40O63P9LE000 s=200 d=249µs s=245
INF http m=GET p=/assets/Onboarding-DQ2WAJCW.js s=200 d=30µs s=996
INF http m=GET p=/sw.js s=200 d=163µs s=5593
INF http m=GET p=/api/v1/notifications/unread-count s=200 d=2.25ms s=25
INF http m=GET p=/favicon.png s=200 d=49µs s=449
INF http m=GET p=/registerSW.js s=200 d=30µs s=87
INF http m=GET p=/index.html s=200 d=39µs s=541
INF http m=GET p=/api/v1/workspaces/40O63K9QM000/nodes/40O63V3GI000 s=200 d=405µs s=182
INF http m=GET p=/icon.svg s=200 d=36µs s=195
INF http m=GET p=/icon-512.png s=200 d=99µs s=6498
INF http m=GET p=/api/v1/workspaces/40O63K9QM000/nodes/40O63V3GI000/table/records s=200 d=476µs s=104
INF http m=GET p=/icon-192.png s=200 d=43µs s=2468
INF http m=GET p=/favicon.png s=200 d=29µs s=449
INF http m=GET p=/apple-touch-icon.png s=200 d=39µs s=2298
INF http m=GET p=/assets/material-symbols-names-D7AiM4If.js s=200 d=106µs s=15478
INF http m=POST p=/api/v1/organizations s=200 d=99.3ms s=351
INF http m=GET p=/api/v1/auth/me s=200 d=688µs s=252
INF http m=GET p=/assets/fr-B1PqNQ7U.js s=200 d=77µs s=6351
INF http m=GET p=/assets/es-OK4oleHZ.js s=200 d=56µs s=6048
INF http m=GET p=/assets/emoji-groups-El6awxEn.js s=200 d=165µs s=13851
INF http m=GET p=/assets/de-CSEWDUi3.js s=200 d=639µs s=6281
INF http m=GET p=/assets/WorkspaceSettingsPanel-BXpT4LCS.css s=200 d=31µs s=994
INF http m=GET p=/assets/WorkspaceSettingsPanel-BB4UnxOs.js s=200 d=81µs s=4465
INF http m=GET p=/assets/Terms-CDs9SgkA.js s=200 d=27µs s=1013
INF http m=GET p=/assets/ServerSettingsPanel-Co4AQ7oB.css s=200 d=28µs s=576
INF http m=GET p=/assets/ServerSettingsPanel-CUtQeHs8.js s=200 d=46µs s=2551
INF http m=GET p=/assets/ResourceQuotaForm-CBiYRbX4.js s=200 d=30µs s=832
INF http m=GET p=/assets/ResourceQuotaForm-BFoPj33M.css s=200 d=27µs s=297
INF http m=GET p=/assets/ProfileSettings-DF5AVI35.js s=200 d=45µs s=4393
INF http m=GET p=/assets/ProfileSettings-CX-HDEdu.css s=200 d=67µs s=1177
INF http m=GET p=/assets/Privacy-cCrfp6_1.css s=200 d=105µs s=314
INF http m=GET p=/assets/Privacy-CgsgvqEr.js s=200 d=25µs s=904
INF http m=GET p=/assets/OrgSettingsPanel-D9VVCokd.css s=200 d=23µs s=488
INF http m=GET p=/assets/OrgSettingsPanel-9P66Q2ps.js s=200 d=47µs s=2333
INF http m=GET p=/assets/OAuthIcons-csRRTXki.js s=200 d=35µs s=951
INF http m=GET p=/assets/InviteForm-DLxm8fu0.css s=200 d=58µs s=394
INF http m=GET p=/api/v1/workspaces/40O63K9QM000/events s=200 d=272ms s=93
INF http m=GET p=/assets/InviteForm-CV0yK4I0.js s=200 d=50µs s=1291
INF http m=GET p=/assets/Editor-DfcJ-Jfc.css s=200 d=61µs s=2151
INF http m=GET p=/assets/Editor-BCbjs9IY.js s=200 d=83µs s=13602
INF http m=GET p=/assets/Auth-8NWYUGup.js s=200 d=29µs s=1677
INF http m=GET p=/assets/Auth-6SolzSg2.css s=200 d=27µs s=633
INF http m=GET p=/assets/AdminDashboard-DpHjrDyw.js s=200 d=41µs s=2142
INF http m=GET p=/assets/AdminDashboard-CjPbo26j.css s=200 d=29µs s=584
INF http m=GET p=/manifest.webmanifest s=200 d=25µs s=199
INF http m=POST p=/api/v1/organizations/40O640TGS000/workspaces s=200 d=619ms s=300
INF http m=POST p=/api/v1/auth/register s=200 d=341ms s=394
INF http m=GET p=/ s=200 d=62µs s=541
INF http m=GET p=/assets/index-Dlg_ygoF.js s=200 d=194µs s=45483
INF http m=GET p=/assets/index-Bi-AgGrc.css s=200 d=135µs s=11684
INF http m=GET p=/assets/vendor-CnrH3R4r.js s=200 d=176µs s=28803
INF http m=GET p=/assets/editor-vendor-VZT4IkOY.js s=200 d=355µs s=92428
INF http m=GET p=/registerSW.js s=200 d=34µs s=87
INF http m=POST p=/api/v1/auth/switch-workspace s=200 d=74.7ms s=577
INF http m=GET p=/api/v1/notifications/unread-count s=200 d=2.8ms s=25
INF http m=GET p=/api/v1/workspaces/40O641IHE000/nodes/0/children s=200 d=2.45ms s=26
INF http m=GET p=/api/v1/workspaces/40O641IHE000/members s=200 d=4.16ms s=128
INF http m=GET p=/api/v1/auth/me s=200 d=3.69ms s=166
INF http m=GET p=/assets/en-BIK_e_4K.js s=200 d=547µs s=5251
INF http m=GET p=/favicon.png s=200 d=42µs s=449
INF http m=GET p=/assets/Onboarding-DQ2WAJCW.js s=200 d=34µs s=996
INF http m=GET p=/api/v1/notifications/unread-count s=200 d=243µs s=25
INF http m=GET p=/sw.js s=200 d=95µs s=5593
INF http m=POST p=/api/v1/workspaces/40O641IHE000/nodes/0/page/create s=200 d=53.6ms s=35
INF http m=GET p=/api/v1/workspaces/40O641IHE000/nodes/0/children s=200 d=487µs s=303
INF http m=GET p=/api/v1/workspaces/40O641IHE000/nodes/40O64629G000 s=200 d=693µs s=245
INF http m=GET p=/registerSW.js s=200 d=35µs s=87
INF http m=GET p=/index.html s=200 d=35µs s=541
INF http m=GET p=/icon.svg s=200 d=30µs s=195
INF http m=GET p=/icon-512.png s=200 d=67µs s=6498
INF http m=GET p=/icon-192.png s=200 d=40µs s=2468
INF http m=GET p=/favicon.png s=200 d=28µs s=449
INF http m=GET p=/apple-touch-icon.png s=200 d=43µs s=2298
INF http m=GET p=/assets/material-symbols-names-D7AiM4If.js s=200 d=113µs s=15478
INF http m=POST p=/api/v1/organizations s=200 d=85ms s=351
INF http m=GET p=/api/v1/auth/me s=200 d=891µs s=253
INF http m=POST p=/api/v1/workspaces/40O641IHE000/nodes/0/table/create s=200 d=102ms s=26
INF http m=GET p=/assets/fr-B1PqNQ7U.js s=200 d=563µs s=6351
INF http m=GET p=/assets/es-OK4oleHZ.js s=200 d=70µs s=6048
INF http m=GET p=/assets/emoji-groups-El6awxEn.js s=200 d=109µs s=13851
INF http m=GET p=/assets/de-CSEWDUi3.js s=200 d=91µs s=6281
INF http m=GET p=/assets/WorkspaceSettingsPanel-BXpT4LCS.css s=200 d=30µs s=994
INF http m=GET p=/assets/WorkspaceSettingsPanel-BB4UnxOs.js s=200 d=61µs s=4465
INF http m=GET p=/assets/Terms-CDs9SgkA.js s=200 d=28µs s=1013
INF http m=GET p=/assets/ServerSettingsPanel-Co4AQ7oB.css s=200 d=29µs s=576
INF http m=GET p=/assets/ServerSettingsPanel-CUtQeHs8.js s=200 d=35µs s=2551
INF http m=GET p=/assets/ResourceQuotaForm-CBiYRbX4.js s=200 d=26µs s=832
INF http m=POST p=/api/v1/workspaces/40O641IHE000/nodes/40O646B2M000/table/records/create s=200 d=75.6ms s=26
INF http m=GET p=/assets/ResourceQuotaForm-BFoPj33M.css s=200 d=27µs s=297
INF http m=GET p=/w/@40O641IHE000+workspace/@40O64629G000+welcome s=200 d=32µs s=541
INF http m=GET p=/assets/ProfileSettings-DF5AVI35.js s=200 d=605µs s=4393
INF http m=GET p=/api/v1/workspaces/40O641IHE000/events s=200 d=252ms s=286
INF http m=GET p=/assets/ProfileSettings-CX-HDEdu.css s=200 d=34µs s=1177
INF http m=GET p=/assets/Privacy-cCrfp6_1.css s=200 d=40µs s=314
INF http m=GET p=/assets/Privacy-CgsgvqEr.js s=200 d=42µs s=904
INF http m=GET p=/assets/OrgSettingsPanel-D9VVCokd.css s=200 d=36µs s=488
INF http m=GET p=/assets/OrgSettingsPanel-9P66Q2ps.js s=200 d=43µs s=2333
INF http m=GET p=/assets/OAuthIcons-csRRTXki.js s=200 d=34µs s=951
INF http m=GET p=/api/v1/auth/me s=200 d=458µs s=358
INF http m=GET p=/assets/InviteForm-DLxm8fu0.css s=200 d=32µs s=394
INF http m=GET p=/assets/InviteForm-CV0yK4I0.js s=200 d=29µs s=1291
INF http m=GET p=/assets/Editor-DfcJ-Jfc.css s=200 d=40µs s=2151
INF http m=GET p=/assets/Editor-BCbjs9IY.js s=200 d=90µs s=13602
INF http m=GET p=/assets/Auth-8NWYUGup.js s=200 d=112µs s=1677
INF http m=GET p=/assets/Auth-6SolzSg2.css s=200 d=33µs s=633
INF http m=GET p=/assets/AdminDashboard-DpHjrDyw.js s=200 d=42µs s=2142
INF http m=GET p=/api/v1/notifications/unread-count s=200 d=221µs s=25
INF http m=GET p=/api/v1/workspaces/40O641IHE000/nodes/0/children s=200 d=2.53ms s=303
INF http m=GET p=/api/v1/workspaces/40O641IHE000/nodes/40O64629G000 s=200 d=242µs s=245
INF http m=GET p=/api/v1/workspaces/40O641IHE000/members s=200 d=150µs s=128
INF http m=GET p=/assets/AdminDashboard-CjPbo26j.css s=200 d=63µs s=584
INF http m=GET p=/manifest.webmanifest s=200 d=34µs s=199
INF http m=GET p=/api/v1/workspaces/40O641IHE000/nodes/40O646B2M000 s=200 d=704µs s=168
INF http m=GET p=/api/v1/workspaces/40O641IHE000/nodes/40O646B2M000/table/records s=200 d=430µs s=105
INF http m=GET p=/api/v1/workspaces/40O641IHE000/events s=200 d=109ms s=93
INF http m=POST p=/api/v1/organizations/40O646COQ000/workspaces s=200 d=749ms s=297
INF http m=POST p=/api/v1/auth/register s=200 d=259ms s=396
INF http m=GET p=/ s=200 d=58µs s=541
INF http m=GET p=/assets/index-Bi-AgGrc.css s=200 d=141µs s=11684
INF http m=GET p=/assets/index-Dlg_ygoF.js s=200 d=757µs s=45483
INF http m=GET p=/assets/vendor-CnrH3R4r.js s=200 d=124µs s=28803
INF http m=GET p=/assets/editor-vendor-VZT4IkOY.js s=200 d=148µs s=92428
INF http m=GET p=/registerSW.js s=200 d=35µs s=87
INF http m=POST p=/api/v1/auth/switch-workspace s=200 d=94.7ms s=626
INF http m=GET p=/api/v1/notifications/unread-count s=200 d=282µs s=25
INF http m=GET p=/api/v1/workspaces/40O646V7Q000/nodes/0/children s=200 d=325µs s=26
INF http m=GET p=/api/v1/workspaces/40O646V7Q000/members s=200 d=9.63ms s=126
INF http m=GET p=/assets/en-BIK_e_4K.js s=200 d=164µs s=5251
INF http m=GET p=/api/v1/auth/me s=200 d=260µs s=165
INF http m=GET p=/favicon.png s=200 d=41µs s=449
INF http m=GET p=/assets/Onboarding-DQ2WAJCW.js s=200 d=32µs s=996
INF http m=GET p=/api/v1/notifications/unread-count s=200 d=172µs s=25
INF http m=GET p=/sw.js s=200 d=61µs s=5593
INF http m=POST p=/api/v1/workspaces/40O646V7Q000/nodes/0/page/create s=200 d=50.4ms s=35
INF http m=GET p=/api/v1/workspaces/40O646V7Q000/nodes/0/children s=200 d=524µs s=257
INF http m=GET p=/api/v1/workspaces/40O646V7Q000/nodes/40O64CJBK000 s=200 d=746µs s=245
INF http m=GET p=/registerSW.js s=200 d=39µs s=87
INF http m=GET p=/index.html s=200 d=45µs s=541
INF http m=GET p=/icon.svg s=200 d=30µs s=195
INF http m=GET p=/icon-512.png s=200 d=1.16ms s=6498
INF http m=GET p=/icon-192.png s=200 d=70µs s=2468
INF http m=GET p=/favicon.png s=200 d=40µs s=449
INF http m=GET p=/apple-touch-icon.png s=200 d=45µs s=2298
INF http m=POST p=/api/v1/organizations s=200 d=85.3ms s=352
INF http m=GET p=/api/v1/auth/me s=200 d=1.25ms s=254
INF http m=GET p=/assets/material-symbols-names-D7AiM4If.js s=200 d=562µs s=15478
INF http m=GET p=/assets/fr-B1PqNQ7U.js s=200 d=74µs s=6351
INF http m=GET p=/assets/es-OK4oleHZ.js s=200 d=68µs s=6048
INF http m=GET p=/assets/emoji-groups-El6awxEn.js s=200 d=84µs s=13851
INF http m=GET p=/assets/de-CSEWDUi3.js s=200 d=114µs s=6281
INF http m=GET p=/assets/WorkspaceSettingsPanel-BXpT4LCS.css s=200 d=60µs s=994
INF http m=GET p=/assets/WorkspaceSettingsPanel-BB4UnxOs.js s=200 d=74µs s=4465
INF http m=GET p=/assets/Terms-CDs9SgkA.js s=200 d=24µs s=1013
INF http m=GET p=/assets/ServerSettingsPanel-Co4AQ7oB.css s=200 d=32µs s=576
INF http m=GET p=/assets/ServerSettingsPanel-CUtQeHs8.js s=200 d=36µs s=2551
INF http m=GET p=/assets/ResourceQuotaForm-CBiYRbX4.js s=200 d=27µs s=832
INF http m=GET p=/assets/ResourceQuotaForm-BFoPj33M.css s=200 d=27µs s=297
INF http m=GET p=/assets/ProfileSettings-DF5AVI35.js s=200 d=66µs s=4393
INF http m=GET p=/assets/ProfileSettings-CX-HDEdu.css s=200 d=25µs s=1177
INF http m=GET p=/assets/Privacy-cCrfp6_1.css s=200 d=21µs s=314
INF http m=GET p=/assets/Privacy-CgsgvqEr.js s=200 d=24µs s=904
INF http m=GET p=/assets/OrgSettingsPanel-D9VVCokd.css s=200 d=22µs s=488
INF http m=GET p=/assets/OrgSettingsPanel-9P66Q2ps.js s=200 d=31µs s=2333
INF http m=GET p=/assets/OAuthIcons-csRRTXki.js s=200 d=23µs s=951
INF http m=GET p=/assets/InviteForm-DLxm8fu0.css s=200 d=27µs s=394
INF http m=GET p=/assets/InviteForm-CV0yK4I0.js s=200 d=25µs s=1291
INF http m=GET p=/assets/Editor-DfcJ-Jfc.css s=200 d=40µs s=2151
INF http m=GET p=/assets/Editor-BCbjs9IY.js s=200 d=69µs s=13602
INF http m=GET p=/assets/Auth-8NWYUGup.js s=200 d=23µs s=1677
INF http m=GET p=/assets/Auth-6SolzSg2.css s=200 d=23µs s=633
INF http m=GET p=/assets/AdminDashboard-DpHjrDyw.js s=200 d=31µs s=2142
INF http m=GET p=/assets/AdminDashboard-CjPbo26j.css s=200 d=20µs s=584
INF http m=GET p=/manifest.webmanifest s=200 d=25µs s=199
INF http m=POST p=/api/v1/organizations/40O64CTOG000/workspaces s=200 d=400ms s=300
INF http m=POST p=/api/v1/auth/switch-workspace s=200 d=46.1ms s=586
INF http m=GET p=/api/v1/notifications/unread-count s=200 d=171µs s=25
INF http m=GET p=/api/v1/workspaces/40O64DFTQ000/members s=200 d=303µs s=132
INF http m=GET p=/api/v1/workspaces/40O64DFTQ000/nodes/0/children s=200 d=557µs s=26
INF http m=POST p=/api/v1/workspaces/40O64DFTQ000/nodes/0/page/create s=200 d=18ms s=35
INF http m=GET p=/api/v1/workspaces/40O64DFTQ000/nodes/0/children s=200 d=269µs s=257
INF http m=GET p=/api/v1/workspaces/40O64DFTQ000/nodes/40O64GBNS000 s=200 d=244µs s=245
INF http m=POST p=/api/v1/workspaces/40O646V7Q000/nodes/0/table/create s=200 d=16.7ms s=26
INF http m=POST p=/api/v1/workspaces/40O646V7Q000/nodes/40O64HSCE000/table/records/create s=200 d=14.4ms s=26
INF http m=GET p=/w/@40O646V7Q000+workspace/@40O64CJBK000+welcome s=200 d=32µs s=541
INF http m=GET p=/api/v1/workspaces/40O646V7Q000/events s=200 d=917ms s=288
INF http m=GET p=/api/v1/auth/me s=200 d=312µs s=368
INF http m=POST p=/api/v1/workspaces/40O64DFTQ000/nodes/0/table/create s=200 d=19.8ms s=26
INF http m=GET p=/api/v1/notifications/unread-count s=200 d=207µs s=25
INF http m=GET p=/api/v1/workspaces/40O646V7Q000/nodes/0/children s=200 d=517µs s=315
INF http m=GET p=/api/v1/workspaces/40O646V7Q000/nodes/40O64CJBK000 s=200 d=756µs s=245
INF http m=GET p=/api/v1/workspaces/40O646V7Q000/members s=200 d=522µs s=126
INF http m=POST p=/api/v1/workspaces/40O64DFTQ000/nodes/40O64IBII000/table/records/create s=200 d=22.4ms s=26
INF http m=GET p=/w/@40O64DFTQ000+workspace/@40O64GBNS000+welcome s=200 d=39µs s=541
INF http m=GET p=/api/v1/workspaces/40O64DFTQ000/events s=200 d=386ms s=286
INF http m=GET p=/api/v1/workspaces/40O646V7Q000/nodes/40O64HSCE000 s=200 d=2.06ms s=174
INF http m=GET p=/api/v1/auth/me s=200 d=258µs s=356
INF http m=GET p=/api/v1/workspaces/40O646V7Q000/nodes/40O64HSCE000/table/records s=200 d=307µs s=102
INF http m=GET p=/api/v1/notifications/unread-count s=200 d=1.38ms s=25
INF http m=GET p=/api/v1/workspaces/40O64DFTQ000/nodes/0/children s=200 d=478µs s=313
INF http m=GET p=/api/v1/workspaces/40O64DFTQ000/members s=200 d=153µs s=132
INF http m=GET p=/api/v1/workspaces/40O64DFTQ000/nodes/40O64GBNS000 s=200 d=243µs s=245
INF http m=GET p=/api/v1/workspaces/40O646V7Q000/nodes/40O64HSCE000/table/records/40O64I004000 s=200 d=303µs s=102
INF http m=GET p=/api/v1/workspaces/40O64DFTQ000/nodes/40O64IBII000 s=200 d=356µs s=172
INF http m=GET p=/api/v1/workspaces/40O646V7Q000/events s=200 d=187ms s=216
INF http m=POST p=/api/v1/workspaces/40O646V7Q000/nodes/40O64HSCE000/table/records/40O64I004000 s=200 d=35.5ms s=35
INF http m=GET p=/api/v1/workspaces/40O64DFTQ000/nodes/40O64IBII000/table/records s=200 d=309µs s=104
INF http m=GET p=/api/v1/workspaces/40O64DFTQ000/events s=200 d=263ms s=93
INF http m=POST p=/api/v1/auth/register s=200 d=258ms s=393
INF http m=GET p=/ s=200 d=62µs s=541
INF http m=GET p=/registerSW.js s=200 d=57µs s=87
INF http m=GET p=/assets/index-Bi-AgGrc.css s=200 d=113µs s=11684
INF http m=GET p=/assets/index-Dlg_ygoF.js s=200 d=110µs s=45483
INF http m=GET p=/assets/editor-vendor-VZT4IkOY.js s=200 d=169µs s=92428
INF http m=GET p=/assets/vendor-CnrH3R4r.js s=200 d=107µs s=28803
INF http m=GET p=/assets/en-BIK_e_4K.js s=200 d=86µs s=5251
INF http m=GET p=/api/v1/auth/me s=200 d=228µs s=168
INF http m=GET p=/favicon.png s=200 d=39µs s=449
INF http m=GET p=/sw.js s=200 d=76µs s=5593
INF http m=POST p=/api/v1/auth/register s=200 d=227ms s=387
INF http m=GET p=/api/v1/notifications/unread-count s=200 d=168µs s=25
INF http m=GET p=/assets/Onboarding-DQ2WAJCW.js s=200 d=29µs s=996
INF http m=GET p=/ s=200 d=55µs s=541
INF http m=GET p=/registerSW.js s=200 d=69µs s=87
INF http m=GET p=/assets/index-Bi-AgGrc.css s=200 d=100µs s=11684
INF http m=GET p=/registerSW.js s=200 d=16µs s=87
INF http m=GET p=/assets/index-Dlg_ygoF.js s=200 d=139µs s=45483
INF http m=GET p=/assets/editor-vendor-VZT4IkOY.js s=200 d=134µs s=92428
INF http m=GET p=/assets/vendor-CnrH3R4r.js s=200 d=96µs s=28803
INF http m=GET p=/index.html s=200 d=42µs s=541
INF http m=GET p=/icon.svg s=200 d=44µs s=195
INF http m=GET p=/icon-512.png s=200 d=61µs s=6498
INF http m=GET p=/icon-192.png s=200 d=44µs s=2468
INF http m=GET p=/favicon.png s=200 d=58µs s=449
INF http m=GET p=/apple-touch-icon.png s=200 d=61µs s=2298
INF http m=POST p=/api/v1/organizations s=200 d=113ms s=353
INF http m=GET p=/api/v1/auth/me s=200 d=371µs s=255
INF http m=GET p=/assets/material-symbols-names-D7AiM4If.js s=200 d=98µs s=15478
INF http m=GET p=/assets/fr-B1PqNQ7U.js s=200 d=79µs s=6351
INF http m=GET p=/assets/en-BIK_e_4K.js s=200 d=105µs s=5251
INF http m=GET p=/api/v1/auth/me s=200 d=2.96ms s=168
INF http m=GET p=/assets/es-OK4oleHZ.js s=200 d=60µs s=6048
INF http m=GET p=/assets/emoji-groups-El6awxEn.js s=200 d=483µs s=13851
INF http m=GET p=/assets/Onboarding-DQ2WAJCW.js s=200 d=50µs s=996
INF http m=GET p=/api/v1/notifications/unread-count s=200 d=587µs s=25
INF http m=GET p=/assets/de-CSEWDUi3.js s=200 d=134µs s=6281
INF http m=GET p=/assets/WorkspaceSettingsPanel-BXpT4LCS.css s=200 d=45µs s=994
INF http m=GET p=/sw.js s=200 d=89µs s=5593
INF http m=GET p=/assets/WorkspaceSettingsPanel-BB4UnxOs.js s=200 d=74µs s=4465
INF http m=GET p=/favicon.png s=200 d=31µs s=449
INF http m=GET p=/assets/Terms-CDs9SgkA.js s=200 d=27µs s=1013
INF http m=GET p=/registerSW.js s=200 d=36µs s=87
INF http m=GET p=/assets/ServerSettingsPanel-Co4AQ7oB.css s=200 d=25µs s=576
INF http m=GET p=/assets/ServerSettingsPanel-CUtQeHs8.js s=200 d=40µs s=2551
INF http m=GET p=/assets/ResourceQuotaForm-CBiYRbX4.js s=200 d=54µs s=832
INF http m=GET p=/assets/ResourceQuotaForm-BFoPj33M.css s=200 d=45µs s=297
INF http m=GET p=/index.html s=200 d=30µs s=541
INF http m=GET p=/assets/ProfileSettings-DF5AVI35.js s=200 d=68µs s=4393
INF http m=GET p=/icon.svg s=200 d=35µs s=195
INF http m=GET p=/assets/ProfileSettings-CX-HDEdu.css s=200 d=33µs s=1177
INF http m=GET p=/icon-512.png s=200 d=73µs s=6498
INF http m=GET p=/assets/Privacy-cCrfp6_1.css s=200 d=34µs s=314
INF http m=GET p=/assets/Privacy-CgsgvqEr.js s=200 d=41µs s=904
INF http m=GET p=/icon-192.png s=200 d=43µs s=2468
INF http m=GET p=/assets/OrgSettingsPanel-D9VVCokd.css s=200 d=28µs s=488
INF http m=GET p=/favicon.png s=200 d=29µs s=449
INF http m=GET p=/assets/OrgSettingsPanel-9P66Q2ps.js s=200 d=78µs s=2333
INF http m=GET p=/apple-touch-icon.png s=200 d=53µs s=2298
INF http m=GET p=/assets/OAuthIcons-csRRTXki.js s=200 d=27µs s=951
INF http m=GET p=/assets/InviteForm-DLxm8fu0.css s=200 d=28µs s=394
INF http m=GET p=/assets/InviteForm-CV0yK4I0.js s=200 d=35µs s=1291
INF http m=GET p=/assets/Editor-DfcJ-Jfc.css s=200 d=52µs s=2151
INF http m=GET p=/assets/Editor-BCbjs9IY.js s=200 d=90µs s=13602
INF http m=GET p=/assets/material-symbols-names-D7AiM4If.js s=200 d=87µs s=15478
INF http m=GET p=/assets/Auth-8NWYUGup.js s=200 d=29µs s=1677
INF http m=GET p=/assets/Auth-6SolzSg2.css s=200 d=34µs s=633
INF http m=GET p=/assets/AdminDashboard-DpHjrDyw.js s=200 d=83µs s=2142
INF http m=GET p=/assets/AdminDashboard-CjPbo26j.css s=200 d=33µs s=584
INF http m=GET p=/manifest.webmanifest s=200 d=34µs s=199
INF http m=GET p=/assets/fr-B1PqNQ7U.js s=200 d=86µs s=6351
INF http m=GET p=/assets/es-OK4oleHZ.js s=200 d=111µs s=6048
INF http m=GET p=/assets/emoji-groups-El6awxEn.js s=200 d=97µs s=13851
INF http m=GET p=/assets/de-CSEWDUi3.js s=200 d=114µs s=6281
INF http m=GET p=/assets/WorkspaceSettingsPanel-BXpT4LCS.css s=200 d=33µs s=994
INF http m=GET p=/assets/WorkspaceSettingsPanel-BB4UnxOs.js s=200 d=80µs s=4465
INF http m=GET p=/assets/Terms-CDs9SgkA.js s=200 d=26µs s=1013
INF http m=GET p=/assets/ServerSettingsPanel-Co4AQ7oB.css s=200 d=32µs s=576
INF http m=GET p=/assets/ServerSettingsPanel-CUtQeHs8.js s=200 d=43µs s=2551
INF http m=GET p=/assets/ResourceQuotaForm-CBiYRbX4.js s=200 d=25µs s=832
INF http m=GET p=/assets/ResourceQuotaForm-BFoPj33M.css s=200 d=30µs s=297
INF http m=GET p=/assets/ProfileSettings-DF5AVI35.js s=200 d=91µs s=4393
INF http m=GET p=/assets/ProfileSettings-CX-HDEdu.css s=200 d=33µs s=1177
INF http m=GET p=/assets/Privacy-cCrfp6_1.css s=200 d=25µs s=314
INF http m=GET p=/assets/Privacy-CgsgvqEr.js s=200 d=35µs s=904
INF http m=GET p=/assets/OrgSettingsPanel-D9VVCokd.css s=200 d=35µs s=488
INF http m=GET p=/assets/OrgSettingsPanel-9P66Q2ps.js s=200 d=37µs s=2333
INF http m=GET p=/assets/OAuthIcons-csRRTXki.js s=200 d=32µs s=951
INF http m=GET p=/assets/InviteForm-DLxm8fu0.css s=200 d=24µs s=394
INF http m=GET p=/assets/InviteForm-CV0yK4I0.js s=200 d=38µs s=1291
INF http m=GET p=/assets/Editor-DfcJ-Jfc.css s=200 d=106µs s=2151
INF http m=GET p=/assets/Editor-BCbjs9IY.js s=200 d=94µs s=13602
INF http m=GET p=/assets/Auth-8NWYUGup.js s=200 d=38µs s=1677
INF http m=GET p=/assets/Auth-6SolzSg2.css s=200 d=27µs s=633
INF http m=GET p=/assets/AdminDashboard-DpHjrDyw.js s=200 d=52µs s=2142
INF http m=GET p=/assets/AdminDashboard-CjPbo26j.css s=200 d=28µs s=584
INF http m=GET p=/manifest.webmanifest s=200 d=28µs s=199
INF http m=POST p=/api/v1/organizations/40O64NT80000/workspaces s=200 d=593ms s=299
INF http m=POST p=/api/v1/organizations s=200 d=470ms s=352
INF http m=GET p=/api/v1/auth/me s=200 d=629µs s=254
INF http m=POST p=/api/v1/auth/switch-workspace s=200 d=52.4ms s=586
INF http m=GET p=/api/v1/notifications/unread-count s=200 d=1.37ms s=25
INF http m=GET p=/api/v1/workspaces/40O64OLTE000/members s=200 d=2.27ms s=132
INF http m=GET p=/api/v1/workspaces/40O64OLTE000/nodes/0/children s=200 d=1.87ms s=26
INF http m=POST p=/api/v1/organizations/40O64PF00000/workspaces s=200 d=425ms s=301
INF http m=POST p=/api/v1/workspaces/40O64OLTE000/nodes/0/page/create s=200 d=357ms s=35
INF http m=GET p=/api/v1/workspaces/40O64OLTE000/nodes/0/children s=200 d=396µs s=318
INF http m=GET p=/api/v1/workspaces/40O64OLTE000/nodes/40O64SQ9S000 s=200 d=231µs s=245
INF http m=POST p=/api/v1/workspaces/40O64OLTE000/nodes/0/table/create s=200 d=331ms s=26
INF http m=POST p=/api/v1/auth/switch-workspace s=200 d=63.6ms s=576
INF http m=GET p=/api/v1/notifications/unread-count s=200 d=164µs s=25
INF http m=GET p=/api/v1/workspaces/40O64SBQ6000/nodes/0/children s=200 d=2.05ms s=26
INF http m=GET p=/api/v1/workspaces/40O64SBQ6000/members s=200 d=1.33ms s=130
INF http m=POST p=/api/v1/workspaces/40O64OLTE000/nodes/40O64T9VI000/table/records/create s=200 d=22.3ms s=26
INF http m=POST p=/api/v1/workspaces/40O64OLTE000/nodes/40O64T9VI000/table/records/create s=200 d=19.7ms s=26
INF http m=POST p=/api/v1/workspaces/40O64SBQ6000/nodes/0/page/create s=200 d=19.1ms s=35
INF http m=GET p=/w/@40O64OLTE000+workspace/@40O64SQ9S000+welcome s=200 d=235µs s=541
INF http m=GET p=/api/v1/workspaces/40O64OLTE000/events s=200 d=477ms s=319
INF http m=GET p=/api/v1/workspaces/40O64SBQ6000/nodes/0/children s=200 d=6.62ms s=257
INF http m=GET p=/api/v1/workspaces/40O64SBQ6000/nodes/40O64VHG8000 s=200 d=386µs s=245
INF http m=GET p=/api/v1/auth/me s=200 d=284µs s=355
INF http m=GET p=/api/v1/notifications/unread-count s=200 d=218µs s=25
INF http m=GET p=/api/v1/workspaces/40O64OLTE000/nodes/0/children s=200 d=715µs s=318
INF http m=GET p=/api/v1/workspaces/40O64OLTE000/nodes/40O64SQ9S000 s=200 d=269µs s=245
INF http m=GET p=/api/v1/workspaces/40O64OLTE000/members s=200 d=151µs s=132
INF http m=GET p=/api/v1/workspaces/40O64OLTE000/nodes/40O64T9VI000 s=200 d=408µs s=180
INF http m=GET p=/api/v1/workspaces/40O64OLTE000/nodes/40O64T9VI000/table/records s=200 d=375µs s=132
INF http m=GET p=/api/v1/workspaces/40O64OLTE000/events s=200 d=326ms s=93
INF http m=POST p=/api/v1/auth/register s=200 d=161ms s=400
INF http m=GET p=/ s=200 d=60µs s=541
INF http m=GET p=/registerSW.js s=200 d=58µs s=87
INF http m=GET p=/assets/vendor-CnrH3R4r.js s=200 d=133µs s=28803
INF http m=GET p=/assets/editor-vendor-VZT4IkOY.js s=200 d=120µs s=92428
INF http m=GET p=/assets/index-Bi-AgGrc.css s=200 d=84µs s=11684
INF http m=GET p=/assets/index-Dlg_ygoF.js s=200 d=95µs s=45483
INF http m=GET p=/api/v1/auth/me s=200 d=231µs s=163
INF http m=GET p=/assets/en-BIK_e_4K.js s=200 d=56µs s=5251
INF http m=GET p=/api/v1/notifications/unread-count s=200 d=168µs s=25
INF http m=GET p=/favicon.png s=200 d=26µs s=449
INF http m=GET p=/assets/Onboarding-DQ2WAJCW.js s=200 d=20µs s=996
INF http m=GET p=/sw.js s=200 d=92µs s=5593
INF http m=GET p=/registerSW.js s=200 d=42µs s=87
INF http m=GET p=/index.html s=200 d=43µs s=541
INF http m=GET p=/icon.svg s=200 d=46µs s=195
INF http m=GET p=/icon-512.png s=200 d=64µs s=6498
INF http m=GET p=/icon-192.png s=200 d=67µs s=2468
INF http m=GET p=/favicon.png s=200 d=34µs s=449
INF http m=GET p=/apple-touch-icon.png s=200 d=44µs s=2298
INF http m=GET p=/api/v1/notifications/unread-count s=200 d=228µs s=25
INF http m=GET p=/assets/material-symbols-names-D7AiM4If.js s=200 d=94µs s=15478
INF http m=GET p=/api/v1/workspaces/40O64SBQ6000/events s=200 d=1.02s s=202
INF http m=POST p=/api/v1/organizations s=200 d=105ms s=354
INF http m=GET p=/api/v1/auth/me s=200 d=223µs s=251
INF http m=GET p=/api/v1/auth/providers s=200 d=980µs s=59
INF http m=GET p=/api/v1/notifications/preferences s=200 d=2.41ms s=127
INF http m=GET p=/assets/fr-B1PqNQ7U.js s=200 d=121µs s=6351
INF http m=GET p=/assets/es-OK4oleHZ.js s=200 d=80µs s=6048
INF http m=GET p=/assets/emoji-groups-El6awxEn.js s=200 d=80µs s=13851
INF http m=GET p=/assets/de-CSEWDUi3.js s=200 d=79µs s=6281
INF http m=GET p=/assets/WorkspaceSettingsPanel-BXpT4LCS.css s=200 d=40µs s=994
INF http m=GET p=/assets/WorkspaceSettingsPanel-BB4UnxOs.js s=200 d=69µs s=4465
INF http m=GET p=/assets/Terms-CDs9SgkA.js s=200 d=28µs s=1013
INF http m=GET p=/assets/ServerSettingsPanel-Co4AQ7oB.css s=200 d=36µs s=576
INF http m=GET p=/assets/ServerSettingsPanel-CUtQeHs8.js s=200 d=42µs s=2551
INF http m=GET p=/assets/ResourceQuotaForm-CBiYRbX4.js s=200 d=34µs s=832
INF http m=GET p=/assets/ResourceQuotaForm-BFoPj33M.css s=200 d=27µs s=297
INF http m=GET p=/assets/ProfileSettings-DF5AVI35.js s=200 d=59µs s=4393
INF http m=GET p=/assets/ProfileSettings-CX-HDEdu.css s=200 d=36µs s=1177
INF http m=GET p=/assets/Privacy-cCrfp6_1.css s=200 d=41µs s=314
INF http m=GET p=/assets/Privacy-CgsgvqEr.js s=200 d=27µs s=904
INF http m=GET p=/assets/OrgSettingsPanel-D9VVCokd.css s=200 d=75µs s=488
INF http m=GET p=/assets/OrgSettingsPanel-9P66Q2ps.js s=200 d=42µs s=2333
INF http m=GET p=/assets/OAuthIcons-csRRTXki.js s=200 d=47µs s=951
INF http m=GET p=/assets/InviteForm-DLxm8fu0.css s=200 d=45µs s=394
INF http m=GET p=/assets/InviteForm-CV0yK4I0.js s=200 d=33µs s=1291
INF http m=GET p=/assets/Editor-DfcJ-Jfc.css s=200 d=51µs s=2151
INF http m=GET p=/assets/Editor-BCbjs9IY.js s=200 d=87µs s=13602
INF http m=GET p=/assets/Auth-8NWYUGup.js s=200 d=41µs s=1677
INF http m=GET p=/assets/Auth-6SolzSg2.css s=200 d=37µs s=633
INF http m=GET p=/assets/AdminDashboard-DpHjrDyw.js s=200 d=40µs s=2142
INF http m=GET p=/assets/AdminDashboard-CjPbo26j.css s=200 d=23µs s=584
INF http m=GET p=/manifest.webmanifest s=200 d=28µs s=199
INF http m=POST p=/api/v1/organizations/40O6551CS000/workspaces s=200 d=649ms s=300
INF http m=POST p=/api/v1/auth/register s=200 d=372ms s=394
INF http m=GET p=/ s=200 d=46µs s=541
INF http m=GET p=/assets/index-Dlg_ygoF.js s=200 d=199µs s=45483
INF http m=GET p=/assets/index-Bi-AgGrc.css s=200 d=118µs s=11684
INF http m=GET p=/assets/vendor-CnrH3R4r.js s=200 d=167µs s=28803
INF http m=GET p=/registerSW.js s=200 d=59µs s=87
INF http m=GET p=/assets/editor-vendor-VZT4IkOY.js s=200 d=1.33ms s=92428
INF http m=POST p=/api/v1/auth/switch-workspace s=200 d=82.1ms s=586
INF http m=GET p=/assets/en-BIK_e_4K.js s=200 d=425µs s=5251
INF http m=GET p=/api/v1/workspaces/40O655NES000/members s=200 d=1.34ms s=121
INF http m=GET p=/api/v1/auth/me s=200 d=2.42ms s=161
INF http m=GET p=/api/v1/notifications/unread-count s=200 d=1.29ms s=25
INF http m=GET p=/api/v1/workspaces/40O655NES000/nodes/0/children s=200 d=2.46ms s=26
INF http m=GET p=/assets/Onboarding-DQ2WAJCW.js s=200 d=48µs s=996
INF http m=GET p=/api/v1/notifications/unread-count s=200 d=179µs s=25
INF http m=GET p=/sw.js s=200 d=673µs s=5593
INF http m=GET p=/favicon.png s=200 d=37µs s=449
INF http m=GET p=/registerSW.js s=200 d=75µs s=87
INF http m=GET p=/index.html s=200 d=35µs s=541
INF http m=GET p=/icon.svg s=200 d=92µs s=195
INF http m=GET p=/icon-512.png s=200 d=112µs s=6498
INF http m=GET p=/icon-192.png s=200 d=114µs s=2468
INF http m=GET p=/favicon.png s=200 d=28µs s=449
INF http m=GET p=/apple-touch-icon.png s=200 d=44µs s=2298
INF http m=GET p=/assets/material-symbols-names-D7AiM4If.js s=200 d=100µs s=15478
INF http m=GET p=/assets/fr-B1PqNQ7U.js s=200 d=417µs s=6351
INF http m=POST p=/api/v1/organizations s=200 d=76.1ms s=354
INF http m=GET p=/assets/es-OK4oleHZ.js s=200 d=66µs s=6048
INF http m=GET p=/api/v1/auth/me s=200 d=1.6ms s=252
INF http m=POST p=/api/v1/workspaces/40O655NES000/nodes/0/page/create s=200 d=92.6ms s=35
INF http m=GET p=/api/v1/workspaces/40O655NES000/nodes/0/children s=200 d=276µs s=257
INF http m=GET p=/assets/emoji-groups-El6awxEn.js s=200 d=103µs s=13851
INF http m=GET p=/api/v1/workspaces/40O655NES000/nodes/40O65AJD4000 s=200 d=274µs s=245
INF http m=GET p=/assets/de-CSEWDUi3.js s=200 d=81µs s=6281
INF http m=GET p=/assets/WorkspaceSettingsPanel-BXpT4LCS.css s=200 d=41µs s=994
INF http m=GET p=/assets/WorkspaceSettingsPanel-BB4UnxOs.js s=200 d=106µs s=4465
INF http m=GET p=/assets/Terms-CDs9SgkA.js s=200 d=27µs s=1013
INF http m=GET p=/assets/ServerSettingsPanel-Co4AQ7oB.css s=200 d=30µs s=576
INF http m=GET p=/api/v1/notifications/unread-count s=200 d=181µs s=25
INF http m=GET p=/assets/ServerSettingsPanel-CUtQeHs8.js s=200 d=31µs s=2551
INF http m=GET p=/assets/ResourceQuotaForm-CBiYRbX4.js s=200 d=36µs s=832
INF http m=GET p=/api/v1/workspaces/40O655NES000/events s=200 d=201ms s=202
INF http m=GET p=/assets/ResourceQuotaForm-BFoPj33M.css s=200 d=54µs s=297
INF http m=GET p=/assets/ProfileSettings-DF5AVI35.js s=200 d=68µs s=4393
INF http m=GET p=/assets/ProfileSettings-CX-HDEdu.css s=200 d=32µs s=1177
INF http m=GET p=/api/v1/auth/providers s=200 d=127µs s=59
INF http m=GET p=/api/v1/notifications/preferences s=200 d=202µs s=127
INF http m=GET p=/assets/Privacy-cCrfp6_1.css s=200 d=26µs s=314
INF http m=GET p=/assets/Privacy-CgsgvqEr.js s=200 d=25µs s=904
INF http m=GET p=/assets/OrgSettingsPanel-D9VVCokd.css s=200 d=30µs s=488
INF http m=GET p=/assets/OrgSettingsPanel-9P66Q2ps.js s=200 d=45µs s=2333
INF http m=GET p=/assets/OAuthIcons-csRRTXki.js s=200 d=36µs s=951
INF http m=GET p=/assets/InviteForm-DLxm8fu0.css s=200 d=28µs s=394
INF http m=GET p=/assets/InviteForm-CV0yK4I0.js s=200 d=29µs s=1291
INF http m=GET p=/assets/Editor-DfcJ-Jfc.css s=200 d=43µs s=2151
INF http m=GET p=/assets/Editor-BCbjs9IY.js s=200 d=85µs s=13602
INF http m=GET p=/assets/Auth-8NWYUGup.js s=200 d=44µs s=1677
INF http m=GET p=/assets/Auth-6SolzSg2.css s=200 d=28µs s=633
INF http m=GET p=/assets/AdminDashboard-DpHjrDyw.js s=200 d=44µs s=2142
INF http m=GET p=/assets/AdminDashboard-CjPbo26j.css s=200 d=24µs s=584
INF http m=GET p=/manifest.webmanifest s=200 d=27µs s=199
INF http m=POST p=/api/v1/organizations/40O65AKIQ000/workspaces s=200 d=436ms s=302
ERR Failed to commit DB changes err="failed to stage db changes: signal: bus error (core dumped)\nOutput: "
INF http m=POST p=/api/v1/auth/settings s=200 d=356ms s=306
ERR Failed to commit DB changes err="failed to stage db changes: exit status 128\nOutput: fatal: Unable to create '/home/runner/work/mddb/mddb/data-e2e/.git/index.lock': File exists.\n\nAnother git process seems to be running in this repository, or the lock file may be stale\n"
INF http m=POST p=/api/v1/auth/switch-workspace s=200 d=93.3ms s=575
INF http m=GET p=/api/v1/notifications/unread-count s=200 d=190µs s=25
INF http m=GET p=/api/v1/workspaces/40O65B50M000/nodes/0/children s=200 d=279µs s=26
INF http m=GET p=/api/v1/workspaces/40O65B50M000/members s=200 d=10.9ms s=130
ERR Failed to commit DB changes err="failed to stage db changes: exit status 128\nOutput: fatal: Unable to create '/home/runner/work/mddb/mddb/data-e2e/.git/index.lock': File exists.\n\nAnother git process seems to be running in this repository, or the lock file may be stale\n"
INF http m=POST p=/api/v1/workspaces/40O65B50M000/nodes/0/page/create s=200 d=17.3ms s=35
INF http m=GET p=/api/v1/workspaces/40O65B50M000/nodes/0/children s=200 d=739µs s=257
INF http m=GET p=/api/v1/workspaces/40O65B50M000/nodes/40O65EJL4000 s=200 d=491µs s=245
INF http m=GET p=/api/v1/notifications/unread-count s=200 d=184µs s=25
INF http m=GET p=/api/v1/workspaces/40O65B50M000/events s=200 d=320ms s=206
INF http m=GET p=/api/v1/auth/providers s=200 d=698µs s=59
INF http m=GET p=/api/v1/notifications/preferences s=200 d=977µs s=127
ERR Failed to commit DB changes err="failed to stage db changes: exit status 128\nOutput: fatal: Unable to create '/home/runner/work/mddb/mddb/data-e2e/.git/index.lock': File exists.\n\nAnother git process seems to be running in this repository, or the lock file may be stale\n"
INF http m=POST p=/api/v1/auth/settings s=200 d=5.24ms s=307
ERR Failed to commit DB changes err="failed to stage db changes: exit status 128\nOutput: fatal: Unable to create '/home/runner/work/mddb/mddb/data-e2e/.git/index.lock': File exists.\n\nAnother git process seems to be running in this repository, or the lock file may be stale\n"
INF http m=POST p=/api/v1/auth/register s=200 d=192ms s=398
INF http m=GET p=/ s=200 d=59µs s=541
INF http m=GET p=/registerSW.js s=200 d=79µs s=87
INF http m=GET p=/assets/editor-vendor-VZT4IkOY.js s=200 d=221µs s=92428
INF http m=GET p=/assets/index-Bi-AgGrc.css s=200 d=107µs s=11684
INF http m=GET p=/assets/vendor-CnrH3R4r.js s=200 d=153µs s=28803
INF http m=GET p=/assets/index-Dlg_ygoF.js s=200 d=136µs s=45483
ERR Failed to commit DB changes err="failed to stage db changes: exit status 128\nOutput: fatal: Unable to create '/home/runner/work/mddb/mddb/data-e2e/.git/index.lock': File exists.\n\nAnother git process seems to be running in this repository, or the lock file may be stale\n"
INF http m=POST p=/api/v1/auth/register s=200 d=191ms s=391
INF http m=GET p=/ s=200 d=68µs s=541
INF http m=GET p=/assets/index-Dlg_ygoF.js s=200 d=320µs s=45483
INF http m=GET p=/assets/index-Bi-AgGrc.css s=200 d=132µs s=11684
INF http m=GET p=/registerSW.js s=200 d=60µs s=87
INF http m=GET p=/assets/editor-vendor-VZT4IkOY.js s=200 d=194µs s=92428
INF http m=GET p=/assets/vendor-CnrH3R4r.js s=200 d=160µs s=28803
INF http m=GET p=/api/v1/auth/me s=200 d=1.04ms s=167
INF http m=GET p=/assets/en-BIK_e_4K.js s=200 d=127µs s=5251
INF http m=GET p=/assets/Onboarding-DQ2WAJCW.js s=200 d=43µs s=996
INF http m=GET p=/sw.js s=200 d=163µs s=5593
INF http m=GET p=/favicon.png s=200 d=43µs s=449
INF http m=GET p=/api/v1/notifications/unread-count s=200 d=220µs s=25
INF http m=GET p=/assets/en-BIK_e_4K.js s=200 d=122µs s=5251
INF http m=GET p=/api/v1/auth/me s=200 d=9.96ms s=160
ERR Failed to commit DB changes err="failed to stage db changes: exit status 128\nOutput: fatal: Unable to create '/home/runner/work/mddb/mddb/data-e2e/.git/index.lock': File exists.\n\nAnother git process seems to be running in this repository, or the lock file may be stale\n"
INF http m=POST p=/api/v1/organizations s=200 d=17.7ms s=352
INF http m=GET p=/favicon.png s=200 d=50µs s=449
INF http m=GET p=/assets/Onboarding-DQ2WAJCW.js s=200 d=49µs s=996
INF http m=GET p=/sw.js s=200 d=88µs s=5593
INF http m=GET p=/api/v1/auth/me s=200 d=12.3ms s=254
INF http m=GET p=/api/v1/notifications/unread-count s=200 d=178µs s=25
INF http m=GET p=/registerSW.js s=200 d=40µs s=87
INF http m=GET p=/index.html s=200 d=39µs s=541
INF http m=GET p=/icon.svg s=200 d=39µs s=195
INF http m=GET p=/registerSW.js s=200 d=31µs s=87
ERR Failed to commit DB changes err="failed to stage db changes: exit status 128\nOutput: fatal: Unable to create '/home/runner/work/mddb/mddb/data-e2e/.git/index.lock': File exists.\n\nAnother git process seems to be running in this repository, or the lock file may be stale\n"
INF http m=GET p=/icon-512.png s=200 d=148µs s=6498
INF http m=POST p=/api/v1/organizations s=200 d=13.2ms s=350
INF http m=GET p=/icon-192.png s=200 d=49µs s=2468
INF http m=GET p=/index.html s=200 d=28µs s=541
INF http m=GET p=/favicon.png s=200 d=43µs s=449
INF http m=GET p=/api/v1/auth/me s=200 d=274µs s=251
INF http m=GET p=/apple-touch-icon.png s=200 d=50µs s=2298
INF http m=GET p=/icon.svg s=200 d=30µs s=195
INF http m=GET p=/icon-512.png s=200 d=106µs s=6498
INF http m=GET p=/icon-192.png s=200 d=54µs s=2468
INF http m=GET p=/favicon.png s=200 d=41µs s=449
ERR Failed to add workspace submodule wsID=40O65N7PO000 err="failed to add submodule 40O65N7PO000: exit status 128\nOutput: Adding existing repo at '40O65N7PO000' to the index\nfatal: Unable to create '/home/runner/work/mddb/mddb/data-e2e/.git/index.lock': File exists.\n\nAnother git process seems to be running in this repository, or the lock file may be stale\nfatal: Failed to add submodule '40O65N7PO000'\n"
INF http m=GET p=/apple-touch-icon.png s=200 d=57µs s=2298
INF http m=GET p=/assets/material-symbols-names-D7AiM4If.js s=200 d=74µs s=15478
ERR Failed to commit DB changes err="failed to stage db changes: exit status 128\nOutput: fatal: Unable to create '/home/runner/work/mddb/mddb/data-e2e/.git/index.lock': File exists.\n\nAnother git process seems to be running in this repository, or the lock file may be stale\n"
INF http m=POST p=/api/v1/organizations/40O65MN22000/workspaces s=200 d=192ms s=300
INF http m=GET p=/assets/material-symbols-names-D7AiM4If.js s=200 d=554µs s=15478
INF http m=GET p=/assets/fr-B1PqNQ7U.js s=200 d=111µs s=6351
INF http m=GET p=/assets/es-OK4oleHZ.js s=200 d=77µs s=6048
INF http m=GET p=/assets/fr-B1PqNQ7U.js s=200 d=108µs s=6351
INF http m=GET p=/assets/emoji-groups-El6awxEn.js s=200 d=86µs s=13851
INF http m=GET p=/assets/es-OK4oleHZ.js s=200 d=54µs s=6048
ERR Failed to add workspace submodule wsID=40O65NUV2000 err="failed to add submodule 40O65NUV2000: exit status 128\nOutput: Adding existing repo at '40O65NUV2000' to the index\nfatal: Unable to create '/home/runner/work/mddb/mddb/data-e2e/.git/index.lock': File exists.\n\nAnother git process seems to be running in this repository, or the lock file may be stale\nfatal: Failed to add submodule '40O65NUV2000'\n"
INF http m=GET p=/assets/de-CSEWDUi3.js s=200 d=90µs s=6281
INF http m=GET p=/assets/emoji-groups-El6awxEn.js s=200 d=76µs s=13851
ERR Failed to commit DB changes err="failed to stage db changes: exit status 128\nOutput: fatal: Unable to create '/home/runner/work/mddb/mddb/data-e2e/.git/index.lock': File exists.\n\nAnother git process seems to be running in this repository, or the lock file may be stale\n"
INF http m=POST p=/api/v1/organizations/40O65NLM8000/workspaces s=200 d=174ms s=298
INF http m=GET p=/assets/WorkspaceSettingsPanel-BXpT4LCS.css s=200 d=30µs s=994
ERR Failed to commit DB changes err="failed to stage db changes: exit status 128\nOutput: fatal: Unable to create '/home/runner/work/mddb/mddb/data-e2e/.git/index.lock': File exists.\n\nAnother git process seems to be running in this repository, or the lock file may be stale\n"
INF http m=GET p=/assets/WorkspaceSettingsPanel-BB4UnxOs.js s=200 d=101µs s=4465
INF http m=POST p=/api/v1/auth/switch-workspace s=200 d=109ms s=575
INF http m=GET p=/assets/Terms-CDs9SgkA.js s=200 d=33µs s=1013
INF http m=GET p=/assets/ServerSettingsPanel-Co4AQ7oB.css s=200 d=35µs s=576
ERR Failed to commit DB changes err="failed to stage db changes: exit status 128\nOutput: fatal: Unable to create '/home/runner/work/mddb/mddb/data-e2e/.git/index.lock': File exists.\n\nAnother git process seems to be running in this repository, or the lock file may be stale\n"
INF http m=POST p=/api/v1/auth/switch-workspace s=200 d=26.2ms s=577
INF http m=GET p=/assets/de-CSEWDUi3.js s=200 d=81µs s=6281
INF http m=GET p=/assets/ServerSettingsPanel-CUtQeHs8.js s=200 d=45µs s=2551
INF http m=GET p=/assets/ResourceQuotaForm-CBiYRbX4.js s=200 d=38µs s=832
INF http m=GET p=/assets/WorkspaceSettingsPanel-BXpT4LCS.css s=200 d=28µs s=994
INF http m=GET p=/api/v1/notifications/unread-count s=200 d=1.01ms s=25
INF http m=GET p=/api/v1/workspaces/40O65N7PO000/nodes/0/children s=200 d=5.92ms s=26
INF http m=GET p=/assets/WorkspaceSettingsPanel-BB4UnxOs.js s=200 d=98µs s=4465
INF http m=GET p=/api/v1/workspaces/40O65N7PO000/members s=200 d=197µs s=130
INF http m=GET p=/assets/ResourceQuotaForm-BFoPj33M.css s=200 d=30µs s=297
INF http m=GET p=/api/v1/notifications/unread-count s=200 d=551µs s=25
INF http m=GET p=/assets/Terms-CDs9SgkA.js s=200 d=41µs s=1013
INF http m=GET p=/api/v1/workspaces/40O65NUV2000/nodes/0/children s=200 d=313µs s=26
INF http m=GET p=/api/v1/workspaces/40O65NUV2000/members s=200 d=3.71ms s=128
INF http m=GET p=/assets/ProfileSettings-DF5AVI35.js s=200 d=147µs s=4393
INF http m=GET p=/assets/ServerSettingsPanel-Co4AQ7oB.css s=200 d=40µs s=576
INF http m=GET p=/assets/ProfileSettings-CX-HDEdu.css s=200 d=42µs s=1177
INF http m=GET p=/assets/ServerSettingsPanel-CUtQeHs8.js s=200 d=71µs s=2551
INF http m=GET p=/assets/ResourceQuotaForm-CBiYRbX4.js s=200 d=40µs s=832
INF http m=GET p=/assets/Privacy-cCrfp6_1.css s=200 d=19µs s=314
INF http m=GET p=/assets/ResourceQuotaForm-BFoPj33M.css s=200 d=42µs s=297
INF http m=GET p=/assets/ProfileSettings-DF5AVI35.js s=200 d=82µs s=4393
INF http m=GET p=/assets/Privacy-CgsgvqEr.js s=200 d=30µs s=904
INF http m=GET p=/assets/ProfileSettings-CX-HDEdu.css s=200 d=28µs s=1177
INF http m=GET p=/assets/Privacy-cCrfp6_1.css s=200 d=43µs s=314
INF http m=GET p=/assets/OrgSettingsPanel-D9VVCokd.css s=200 d=30µs s=488
INF http m=GET p=/assets/Privacy-CgsgvqEr.js s=200 d=22µs s=904
INF http m=GET p=/assets/OrgSettingsPanel-D9VVCokd.css s=200 d=25µs s=488
INF http m=GET p=/assets/OrgSettingsPanel-9P66Q2ps.js s=200 d=72µs s=2333
INF http m=GET p=/assets/OrgSettingsPanel-9P66Q2ps.js s=200 d=32µs s=2333
ERR Failed to commit DB changes err="failed to stage db changes: exit status 128\nOutput: fatal: Unable to create '/home/runner/work/mddb/mddb/data-e2e/.git/index.lock': File exists.\n\nAnother git process seems to be running in this repository, or the lock file may be stale\n"
INF http m=POST p=/api/v1/workspaces/40O65NUV2000/nodes/0/page/create s=200 d=65.6ms s=35
INF http m=GET p=/assets/OAuthIcons-csRRTXki.js s=200 d=45µs s=951
ERR Failed to commit DB changes err="failed to stage db changes: exit status 128\nOutput: fatal: Unable to create '/home/runner/work/mddb/mddb/data-e2e/.git/index.lock': File exists.\n\nAnother git process seems to be running in this repository, or the lock file may be stale\n"
INF http m=POST p=/api/v1/workspaces/40O65N7PO000/nodes/0/page/create s=200 d=56.4ms s=35
INF http m=GET p=/api/v1/workspaces/40O65NUV2000/nodes/0/children s=200 d=716µs s=257
INF http m=GET p=/assets/InviteForm-DLxm8fu0.css s=200 d=32µs s=394
INF http m=GET p=/assets/OAuthIcons-csRRTXki.js s=200 d=24µs s=951
INF http m=GET p=/assets/InviteForm-CV0yK4I0.js s=200 d=26µs s=1291
INF http m=GET p=/api/v1/workspaces/40O65N7PO000/nodes/0/children s=200 d=891µs s=257
INF http m=GET p=/api/v1/workspaces/40O65NUV2000/nodes/40O65PO6C000 s=200 d=815µs s=245
INF http m=GET p=/assets/Editor-DfcJ-Jfc.css s=200 d=74µs s=2151
INF http m=GET p=/assets/InviteForm-DLxm8fu0.css s=200 d=27µs s=394
INF http m=GET p=/api/v1/workspaces/40O65N7PO000/nodes/40O65PQJ6000 s=200 d=706µs s=245
INF http m=GET p=/assets/InviteForm-CV0yK4I0.js s=200 d=31µs s=1291
INF http m=GET p=/assets/Editor-BCbjs9IY.js s=200 d=79µs s=13602
INF http m=GET p=/assets/Editor-BCbjs9IY.js s=200 d=154µs s=13602
INF http m=GET p=/assets/Editor-DfcJ-Jfc.css s=200 d=82µs s=2151
INF http m=GET p=/assets/Auth-8NWYUGup.js s=200 d=40µs s=1677
INF http m=GET p=/assets/Auth-6SolzSg2.css s=200 d=37µs s=633
INF http m=GET p=/assets/Auth-8NWYUGup.js s=200 d=36µs s=1677
INF http m=GET p=/assets/AdminDashboard-DpHjrDyw.js s=200 d=29µs s=2142
INF http m=GET p=/assets/Auth-6SolzSg2.css s=200 d=34µs s=633
INF http m=GET p=/assets/AdminDashboard-CjPbo26j.css s=200 d=21µs s=584
INF http m=GET p=/assets/AdminDashboard-DpHjrDyw.js s=200 d=44µs s=2142
INF http m=GET p=/manifest.webmanifest s=200 d=27µs s=199
INF http m=GET p=/assets/AdminDashboard-CjPbo26j.css s=200 d=26µs s=584
INF http m=GET p=/manifest.webmanifest s=200 d=26µs s=199
INF http m=GET p=/api/v1/notifications/unread-count s=200 d=296µs s=25
INF http m=GET p=/api/v1/workspaces/40O65N7PO000/events s=200 d=290ms s=207
INF http m=GET p=/api/v1/auth/providers s=200 d=396µs s=59
INF http m=GET p=/api/v1/notifications/preferences s=200 d=598µs s=127
INF http m=GET p=/api/v1/notifications/unread-count s=200 d=180µs s=25
INF http m=GET p=/api/v1/workspaces/40O65NUV2000/events s=200 d=330ms s=207
INF http m=GET p=/api/v1/workspaces/40O65NUV2000/invitations s=200 d=299µs s=34
INF http m=GET p=/api/v1/organizations/40O65NLM8000/users s=200 d=1.27ms s=326
INF http m=GET p=/api/v1/notifications/unread-count s=200 d=188µs s=25
INF http m=GET p=/api/v1/workspaces/40O65N7PO000/members s=200 d=565µs s=130
INF http m=GET p=/api/v1/workspaces/40O65N7PO000/nodes/40O65PQJ6000 s=200 d=825µs s=245
INF http m=GET p=/api/v1/workspaces/40O65N7PO000/nodes/0/children s=200 d=707µs s=257
INF http m=GET p=/api/v1/workspaces/40O65N7PO000/events s=200 d=41.3ms s=93
ERR Failed to commit DB changes err="failed to stage db changes: exit status 128\nOutput: fatal: Unable to create '/home/runner/work/mddb/mddb/data-e2e/.git/index.lock': File exists.\n\nAnother git process seems to be running in this repository, or the lock file may be stale\n"
INF http m=POST p=/api/v1/auth/register s=200 d=123ms s=393
INF http m=GET p=/ s=200 d=73µs s=541
ERR Failed to commit DB changes err="failed to stage db changes: exit status 128\nOutput: fatal: Unable to create '/home/runner/work/mddb/mddb/data-e2e/.git/index.lock': File exists.\n\nAnother git process seems to be running in this repository, or the lock file may be stale\n"
INF http m=POST p=/api/v1/auth/register s=200 d=132ms s=394
INF http m=GET p=/assets/index-Dlg_ygoF.js s=200 d=133µs s=45483
INF http m=GET p=/assets/index-Bi-AgGrc.css s=200 d=95µs s=11684
INF http m=GET p=/assets/vendor-CnrH3R4r.js s=200 d=149µs s=28803
INF http m=GET p=/assets/editor-vendor-VZT4IkOY.js s=200 d=186µs s=92428
INF http m=GET p=/ s=200 d=36µs s=541
INF http m=GET p=/registerSW.js s=200 d=43µs s=87
INF http m=GET p=/assets/editor-vendor-VZT4IkOY.js s=200 d=220µs s=92428
INF http m=GET p=/registerSW.js s=200 d=36µs s=87
INF http m=GET p=/assets/vendor-CnrH3R4r.js s=200 d=112µs s=28803
INF http m=GET p=/assets/index-Bi-AgGrc.css s=200 d=103µs s=11684
INF http m=GET p=/assets/index-Dlg_ygoF.js s=200 d=109µs s=45483
INF http m=GET p=/assets/en-BIK_e_4K.js s=200 d=104µs s=5251
INF http m=GET p=/api/v1/auth/me s=200 d=294µs s=163
INF http m=GET p=/favicon.png s=200 d=46µs s=449
INF http m=GET p=/api/v1/notifications/unread-count s=200 d=172µs s=25
INF http m=GET p=/assets/Onboarding-DQ2WAJCW.js s=200 d=23µs s=996
INF http m=GET p=/sw.js s=200 d=79µs s=5593
ERR Failed to commit DB changes err="failed to stage db changes: exit status 128\nOutput: fatal: Unable to create '/home/runner/work/mddb/mddb/data-e2e/.git/index.lock': File exists.\n\nAnother git process seems to be running in this repository, or the lock file may be stale\n"
INF http m=POST p=/api/v1/organizations s=200 d=8.25ms s=347
INF http m=GET p=/api/v1/auth/me s=200 d=251µs s=249
INF http m=GET p=/api/v1/auth/me s=200 d=297µs s=166
INF http m=GET p=/assets/en-BIK_e_4K.js s=200 d=75µs s=5251
INF http m=GET p=/assets/Onboarding-DQ2WAJCW.js s=200 d=36µs s=996
INF http m=GET p=/api/v1/notifications/unread-count s=200 d=585µs s=25
INF http m=GET p=/registerSW.js s=200 d=61µs s=87
INF http m=GET p=/favicon.png s=200 d=33µs s=449
INF http m=GET p=/index.html s=200 d=36µs s=541
INF http m=GET p=/sw.js s=200 d=69µs s=5593
ERR Failed to commit DB changes err="failed to stage db changes: exit status 128\nOutput: fatal: Unable to create '/home/runner/work/mddb/mddb/data-e2e/.git/index.lock': File exists.\n\nAnother git process seems to be running in this repository, or the lock file may be stale\n"
INF http m=POST p=/api/v1/organizations s=200 d=17.6ms s=350
INF http m=GET p=/icon.svg s=200 d=48µs s=195
INF http m=GET p=/icon-512.png s=200 d=165µs s=6498
INF http m=GET p=/icon-192.png s=200 d=60µs s=2468
INF http m=GET p=/api/v1/auth/me s=200 d=261µs s=253
INF http m=GET p=/favicon.png s=200 d=34µs s=449
INF http m=GET p=/apple-touch-icon.png s=200 d=61µs s=2298
INF http m=GET p=/registerSW.js s=200 d=40µs s=87
INF http m=GET p=/assets/material-symbols-names-D7AiM4If.js s=200 d=95µs s=15478
INF http m=GET p=/index.html s=200 d=23µs s=541
INF http m=GET p=/icon.svg s=200 d=67µs s=195
INF http m=GET p=/icon-512.png s=200 d=112µs s=6498
ERR Failed to add workspace submodule wsID=40O6609NE000 err="failed to add submodule 40O6609NE000: exit status 128\nOutput: Adding existing repo at '40O6609NE000' to the index\nfatal: Unable to create '/home/runner/work/mddb/mddb/data-e2e/.git/index.lock': File exists.\n\nAnother git process seems to be running in this repository, or the lock file may be stale\nfatal: Failed to add submodule '40O6609NE000'\n"
INF http m=GET p=/icon-192.png s=200 d=60µs s=2468
INF http m=GET p=/assets/fr-B1PqNQ7U.js s=200 d=66µs s=6351
INF http m=GET p=/favicon.png s=200 d=27µs s=449
INF http m=GET p=/assets/es-OK4oleHZ.js s=200 d=58µs s=6048
INF http m=GET p=/apple-touch-icon.png s=200 d=38µs s=2298
INF http m=GET p=/assets/emoji-groups-El6awxEn.js s=200 d=115µs s=13851
INF http m=GET p=/assets/material-symbols-names-D7AiM4If.js s=200 d=101µs s=15478
INF http m=GET p=/assets/de-CSEWDUi3.js s=200 d=140µs s=6281
INF http m=GET p=/assets/WorkspaceSettingsPanel-BXpT4LCS.css s=200 d=85µs s=994
INF http m=GET p=/assets/WorkspaceSettingsPanel-BB4UnxOs.js s=200 d=53µs s=4465
INF http m=GET p=/assets/Terms-CDs9SgkA.js s=200 d=64µs s=1013
INF http m=GET p=/assets/ServerSettingsPanel-Co4AQ7oB.css s=200 d=43µs s=576
INF http m=GET p=/assets/ServerSettingsPanel-CUtQeHs8.js s=200 d=40µs s=2551
ERR Failed to add workspace submodule wsID=40O6613NM000 err="failed to add submodule 40O6613NM000: exit status 128\nOutput: Adding existing repo at '40O6613NM000' to the index\nfatal: Unable to create '/home/runner/work/mddb/mddb/data-e2e/.git/index.lock': File exists.\n\nAnother git process seems to be running in this repository, or the lock file may be stale\nfatal: Failed to add submodule '40O6613NM000'\n"
INF http m=GET p=/assets/ResourceQuotaForm-CBiYRbX4.js s=200 d=28µs s=832
ERR Failed to commit DB changes err="failed to stage db changes: exit status 128\nOutput: fatal: Unable to create '/home/runner/work/mddb/mddb/data-e2e/.git/index.lock': File exists.\n\nAnother git process seems to be running in this repository, or the lock file may be stale\n"
INF http m=GET p=/assets/fr-B1PqNQ7U.js s=200 d=97µs s=6351
INF http m=GET p=/assets/ResourceQuotaForm-BFoPj33M.css s=200 d=32µs s=297
INF http m=POST p=/api/v1/organizations/40O6601SI000/workspaces s=200 d=303ms s=297
ERR Failed to commit DB changes err="failed to stage db changes: exit status 128\nOutput: fatal: Unable to create '/home/runner/work/mddb/mddb/data-e2e/.git/index.lock': File exists.\n\nAnother git process seems to be running in this repository, or the lock file may be stale\n"
INF http m=POST p=/api/v1/organizations/40O660NIM000/workspaces s=200 d=178ms s=298
INF http m=GET p=/assets/ProfileSettings-DF5AVI35.js s=200 d=92µs s=4393
INF http m=GET p=/assets/ProfileSettings-CX-HDEdu.css s=200 d=33µs s=1177
INF http m=GET p=/assets/es-OK4oleHZ.js s=200 d=63µs s=6048
ERR Failed to commit DB changes err="failed to stage db changes: exit status 128\nOutput: fatal: Unable to create '/home/runner/work/mddb/mddb/data-e2e/.git/index.lock': File exists.\n\nAnother git process seems to be running in this repository, or the lock file may be stale\n"
INF http m=POST p=/api/v1/auth/switch-workspace s=200 d=13ms s=550
INF http m=GET p=/assets/Privacy-cCrfp6_1.css s=200 d=35µs s=314
ERR Failed to commit DB changes err="failed to stage db changes: exit status 128\nOutput: fatal: Unable to create '/home/runner/work/mddb/mddb/data-e2e/.git/index.lock': File exists.\n\nAnother git process seems to be running in this repository, or the lock file may be stale\n"
INF http m=POST p=/api/v1/auth/switch-workspace s=200 d=12.4ms s=568
INF http m=GET p=/assets/Privacy-CgsgvqEr.js s=200 d=36µs s=904
INF http m=GET p=/assets/emoji-groups-El6awxEn.js s=200 d=88µs s=13851
INF http m=GET p=/assets/OrgSettingsPanel-D9VVCokd.css s=200 d=29µs s=488
INF http m=GET p=/api/v1/workspaces/40O6609NE000/nodes/0/children s=200 d=706µs s=26
INF http m=GET p=/api/v1/notifications/unread-count s=200 d=3.45ms s=25
INF http m=GET p=/assets/OrgSettingsPanel-9P66Q2ps.js s=200 d=81µs s=2333
INF http m=GET p=/api/v1/workspaces/40O6609NE000/members s=200 d=1.29ms s=120
INF http m=GET p=/api/v1/notifications/unread-count s=200 d=437µs s=25
INF http m=GET p=/api/v1/workspaces/40O6613NM000/members s=200 d=552µs s=117
INF http m=GET p=/api/v1/workspaces/40O6613NM000/nodes/0/children s=200 d=19.9ms s=26
INF http m=GET p=/assets/OAuthIcons-csRRTXki.js s=200 d=36µs s=951
INF http m=GET p=/assets/de-CSEWDUi3.js s=200 d=130µs s=6281
INF http m=GET p=/assets/InviteForm-DLxm8fu0.css s=200 d=38µs s=394
INF http m=GET p=/assets/WorkspaceSettingsPanel-BXpT4LCS.css s=200 d=38µs s=994
INF http m=GET p=/assets/InviteForm-CV0yK4I0.js s=200 d=39µs s=1291
INF http m=GET p=/assets/Editor-DfcJ-Jfc.css s=200 d=88µs s=2151
INF http m=GET p=/assets/WorkspaceSettingsPanel-BB4UnxOs.js s=200 d=59µs s=4465
INF http m=GET p=/assets/Terms-CDs9SgkA.js s=200 d=28µs s=1013
INF http m=GET p=/assets/Editor-BCbjs9IY.js s=200 d=73µs s=13602
INF http m=GET p=/assets/ServerSettingsPanel-Co4AQ7oB.css s=200 d=36µs s=576
ERR Failed to commit DB changes err="failed to stage db changes: exit status 128\nOutput: fatal: Unable to create '/home/runner/work/mddb/mddb/data-e2e/.git/index.lock': File exists.\n\nAnother git process seems to be running in this repository, or the lock file may be stale\n"
INF http m=POST p=/api/v1/workspaces/40O6609NE000/nodes/0/page/create s=200 d=53.2ms s=35
INF http m=GET p=/assets/ServerSettingsPanel-CUtQeHs8.js s=200 d=39µs s=2551
INF http m=GET p=/api/v1/workspaces/40O6609NE000/nodes/0/children s=200 d=3.04ms s=257
INF http m=GET p=/assets/Auth-8NWYUGup.js s=200 d=45µs s=1677
INF http m=GET p=/assets/ResourceQuotaForm-CBiYRbX4.js s=200 d=40µs s=832
INF http m=GET p=/assets/ResourceQuotaForm-BFoPj33M.css s=200 d=36µs s=297
ERR Failed to commit DB changes err="failed to stage db changes: exit status 128\nOutput: fatal: Unable to create '/home/runner/work/mddb/mddb/data-e2e/.git/index.lock': File exists.\n\nAnother git process seems to be running in this repository, or the lock file may be stale\n"
INF http m=POST p=/api/v1/workspaces/40O6613NM000/nodes/0/page/create s=200 d=33ms s=35
INF http m=GET p=/assets/Auth-6SolzSg2.css s=200 d=29µs s=633
INF http m=GET p=/api/v1/workspaces/40O6609NE000/nodes/40O662LD8000 s=200 d=576µs s=245
INF http m=GET p=/api/v1/workspaces/40O6613NM000/nodes/0/children s=200 d=2.1ms s=257
INF http m=GET p=/assets/AdminDashboard-DpHjrDyw.js s=200 d=68µs s=2142
INF http m=GET p=/assets/ProfileSettings-DF5AVI35.js s=200 d=52µs s=4393
INF http m=GET p=/api/v1/workspaces/40O6613NM000/nodes/40O662SJ4000 s=200 d=762µs s=245
INF http m=GET p=/assets/ProfileSettings-CX-HDEdu.css s=200 d=40µs s=1177
INF http m=GET p=/assets/Editor-BCbjs9IY.js s=200 d=144µs s=13602
INF http m=GET p=/assets/AdminDashboard-CjPbo26j.css s=200 d=30µs s=584
INF http m=GET p=/assets/Editor-DfcJ-Jfc.css s=200 d=102µs s=2151
INF http m=GET p=/assets/Privacy-cCrfp6_1.css s=200 d=32µs s=314
INF http m=GET p=/manifest.webmanifest s=200 d=30µs s=199
INF http m=GET p=/assets/Privacy-CgsgvqEr.js s=200 d=45µs s=904
INF http m=GET p=/assets/OrgSettingsPanel-D9VVCokd.css s=200 d=35µs s=488
INF http m=GET p=/assets/OrgSettingsPanel-9P66Q2ps.js s=200 d=49µs s=2333
INF http m=GET p=/assets/OAuthIcons-csRRTXki.js s=200 d=47µs s=951
INF http m=GET p=/assets/InviteForm-DLxm8fu0.css s=200 d=56µs s=394
INF http m=GET p=/assets/InviteForm-CV0yK4I0.js s=200 d=40µs s=1291
INF http m=GET p=/assets/Auth-8NWYUGup.js s=200 d=41µs s=1677
INF http m=GET p=/assets/Auth-6SolzSg2.css s=200 d=18µs s=633
INF http m=GET p=/assets/AdminDashboard-DpHjrDyw.js s=200 d=34µs s=2142
INF http m=GET p=/assets/AdminDashboard-CjPbo26j.css s=200 d=21µs s=584
INF http m=GET p=/manifest.webmanifest s=200 d=35µs s=199
INF http m=GET p=/api/v1/notifications/unread-count s=200 d=240µs s=25
INF http m=GET p=/api/v1/workspaces/40O6609NE000/events s=200 d=240ms s=208
INF http m=GET p=/api/v1/workspaces/40O6609NE000/invitations s=200 d=253µs s=34
INF http m=GET p=/api/v1/organizations/40O6601SI000/users s=200 d=1.44ms s=327
INF http m=GET p=/api/v1/notifications/unread-count s=200 d=222µs s=25
INF http m=GET p=/api/v1/workspaces/40O6613NM000/events s=200 d=296ms s=208
INF http m=GET p=/api/v1/organizations/40O660NIM000/users s=200 d=1.34ms s=331
INF http m=GET p=/api/v1/workspaces/40O6613NM000/invitations s=200 d=306µs s=34
INF http m=GET p=/api/v1/workspaces/40O6609NE000 s=200 d=766µs s=297
INF http m=GET p=/api/v1/github-app/available s=200 d=250µs s=33
INF http m=GET p=/api/v1/workspaces/40O6609NE000/settings/git s=200 d=213µs s=18
INF http m=GET p=/api/v1/workspaces/40O6609NE000/settings/git/status s=200 d=324µs s=32
ERR Failed to commit DB changes err="failed to stage db changes: exit status 128\nOutput: fatal: Unable to create '/home/runner/work/mddb/mddb/data-e2e/.git/index.lock': File exists.\n\nAnother git process seems to be running in this repository, or the lock file may be stale\n"
INF http m=POST p=/api/v1/auth/register s=200 d=97.9ms s=385
INF http m=GET p=/ s=200 d=61µs s=541
INF http m=GET p=/assets/index-Dlg_ygoF.js s=200 d=274µs s=45483
INF http m=GET p=/assets/index-Bi-AgGrc.css s=200 d=174µs s=11684
INF http m=GET p=/assets/vendor-CnrH3R4r.js s=200 d=152µs s=28803
INF http m=GET p=/assets/editor-vendor-VZT4IkOY.js s=200 d=184µs s=92428
INF http m=GET p=/registerSW.js s=200 d=38µs s=87
INF http m=GET p=/api/v1/auth/me s=200 d=676µs s=163
INF http m=GET p=/assets/en-BIK_e_4K.js s=200 d=70µs s=5251
INF http m=GET p=/api/v1/notifications/unread-count s=200 d=183µs s=25
INF http m=GET p=/assets/Onboarding-DQ2WAJCW.js s=200 d=39µs s=996
INF http m=GET p=/favicon.png s=200 d=38µs s=449
ERR Failed to commit DB changes err="failed to stage db changes: exit status 128\nOutput: fatal: Unable to create '/home/runner/work/mddb/mddb/data-e2e/.git/index.lock': File exists.\n\nAnother git process seems to be running in this repository, or the lock file may be stale\n"
INF http m=GET p=/sw.js s=200 d=164µs s=5593
INF http m=POST p=/api/v1/organizations s=200 d=17.2ms s=349
INF http m=GET p=/api/v1/auth/me s=200 d=300µs s=247
INF http m=GET p=/registerSW.js s=200 d=37µs s=87
INF http m=GET p=/index.html s=200 d=41µs s=541
INF http m=GET p=/icon.svg s=200 d=35µs s=195
INF http m=GET p=/icon-512.png s=200 d=70µs s=6498
INF http m=GET p=/icon-192.png s=200 d=70µs s=2468
INF http m=GET p=/favicon.png s=200 d=33µs s=449
INF http m=GET p=/apple-touch-icon.png s=200 d=52µs s=2298
INF http m=GET p=/assets/material-symbols-names-D7AiM4If.js s=200 d=110µs s=15478
INF http m=GET p=/assets/fr-B1PqNQ7U.js s=200 d=88µs s=6351
ERR Failed to add workspace submodule wsID=40O667U9M000 err="failed to add submodule 40O667U9M000: exit status 128\nOutput: Adding existing repo at '40O667U9M000' to the index\nfatal: Unable to create '/home/runner/work/mddb/mddb/data-e2e/.git/index.lock': File exists.\n\nAnother git process seems to be running in this repository, or the lock file may be stale\nfatal: Failed to add submodule '40O667U9M000'\n"
ERR Failed to commit DB changes err="failed to stage db changes: exit status 128\nOutput: fatal: Unable to create '/home/runner/work/mddb/mddb/data-e2e/.git/index.lock': File exists.\n\nAnother git process seems to be running in this repository, or the lock file may be stale\n"
INF http m=POST p=/api/v1/organizations/40O667DOA000/workspaces s=200 d=188ms s=297
INF http m=GET p=/assets/es-OK4oleHZ.js s=200 d=97µs s=6048
ERR Failed to commit DB changes err="failed to stage db changes: exit status 128\nOutput: fatal: Unable to create '/home/runner/work/mddb/mddb/data-e2e/.git/index.lock': File exists.\n\nAnother git process seems to be running in this repository, or the lock file may be stale\n"
INF http m=POST p=/api/v1/auth/switch-workspace s=200 d=7.84ms s=604
INF http m=GET p=/assets/emoji-groups-El6awxEn.js s=200 d=106µs s=13851
INF http m=GET p=/api/v1/notifications/unread-count s=200 d=2.57ms s=25
INF http m=GET p=/api/v1/workspaces/40O667U9M000/nodes/0/children s=200 d=643µs s=26
INF http m=GET p=/api/v1/workspaces/40O667U9M000/members s=200 d=5.31ms s=124
INF http m=GET p=/assets/de-CSEWDUi3.js s=200 d=120µs s=6281
INF http m=GET p=/assets/WorkspaceSettingsPanel-BXpT4LCS.css s=200 d=74µs s=994
INF http m=GET p=/assets/WorkspaceSettingsPanel-BB4UnxOs.js s=200 d=54µs s=4465
INF http m=GET p=/assets/Terms-CDs9SgkA.js s=200 d=62µs s=1013
ERR Failed to commit DB changes err="failed to stage db changes: exit status 128\nOutput: fatal: Unable to create '/home/runner/work/mddb/mddb/data-e2e/.git/index.lock': File exists.\n\nAnother git process seems to be running in this repository, or the lock file may be stale\n"
INF http m=POST p=/api/v1/workspaces/40O667U9M000/nodes/0/page/create s=200 d=58.1ms s=35
INF http m=GET p=/api/v1/workspaces/40O667U9M000/nodes/0/children s=200 d=583µs s=257
INF http m=GET p=/assets/ServerSettingsPanel-Co4AQ7oB.css s=200 d=30µs s=576
INF http m=GET p=/assets/ServerSettingsPanel-CUtQeHs8.js s=200 d=53µs s=2551
INF http m=GET p=/api/v1/workspaces/40O667U9M000/nodes/40O669OQM000 s=200 d=792µs s=245
INF http m=GET p=/assets/ResourceQuotaForm-CBiYRbX4.js s=200 d=42µs s=832
INF http m=GET p=/assets/Editor-BCbjs9IY.js s=200 d=93µs s=13602
INF http m=GET p=/assets/ResourceQuotaForm-BFoPj33M.css s=200 d=61µs s=297
INF http m=GET p=/assets/Editor-DfcJ-Jfc.css s=200 d=71µs s=2151
INF http m=GET p=/assets/ProfileSettings-DF5AVI35.js s=200 d=83µs s=4393
INF http m=GET p=/assets/ProfileSettings-CX-HDEdu.css s=200 d=43µs s=1177
INF http m=GET p=/assets/Privacy-cCrfp6_1.css s=200 d=43µs s=314
ERR Failed to commit DB changes err="failed to stage db changes: exit status 128\nOutput: fatal: Unable to create '/home/runner/work/mddb/mddb/data-e2e/.git/index.lock': File exists.\n\nAnother git process seems to be running in this repository, or the lock file may be stale\n"
INF http m=POST p=/api/v1/auth/register s=200 d=148ms s=390
INF http m=GET p=/assets/Privacy-CgsgvqEr.js s=200 d=34µs s=904
INF http m=GET p=/ s=200 d=71µs s=541
INF http m=GET p=/assets/OrgSettingsPanel-D9VVCokd.css s=200 d=35µs s=488
INF http m=GET p=/assets/OrgSettingsPanel-9P66Q2ps.js s=200 d=60µs s=2333
INF http m=GET p=/assets/OAuthIcons-csRRTXki.js s=200 d=41µs s=951
INF http m=GET p=/registerSW.js s=200 d=51µs s=87
INF http m=GET p=/assets/index-Dlg_ygoF.js s=200 d=150µs s=45483
INF http m=GET p=/assets/editor-vendor-VZT4IkOY.js s=200 d=182µs s=92428
INF http m=GET p=/assets/vendor-CnrH3R4r.js s=200 d=126µs s=28803
INF http m=GET p=/assets/index-Bi-AgGrc.css s=200 d=115µs s=11684
INF http m=GET p=/assets/InviteForm-DLxm8fu0.css s=200 d=30µs s=394
INF http m=GET p=/assets/InviteForm-CV0yK4I0.js s=200 d=39µs s=1291
INF http m=GET p=/assets/Auth-8NWYUGup.js s=200 d=61µs s=1677
INF http m=GET p=/assets/Auth-6SolzSg2.css s=200 d=39µs s=633
INF http m=GET p=/assets/AdminDashboard-DpHjrDyw.js s=200 d=51µs s=2142
INF http m=GET p=/assets/AdminDashboard-CjPbo26j.css s=200 d=34µs s=584
INF http m=GET p=/manifest.webmanifest s=200 d=30µs s=199
INF http m=GET p=/assets/en-BIK_e_4K.js s=200 d=86µs s=5251
INF http m=GET p=/api/v1/auth/me s=200 d=3.64ms s=166
INF http m=GET p=/api/v1/notifications/unread-count s=200 d=229µs s=25
INF http m=GET p=/assets/Onboarding-DQ2WAJCW.js s=200 d=31µs s=996
INF http m=GET p=/api/v1/notifications/unread-count s=200 d=412µs s=25
INF http m=GET p=/favicon.png s=200 d=48µs s=449
INF http m=GET p=/api/v1/workspaces/40O667U9M000/events s=200 d=412ms s=207
INF http m=GET p=/api/v1/organizations/40O667DOA000/users s=200 d=729µs s=321
ERR Failed to commit DB changes err="failed to stage db changes: exit status 128\nOutput: fatal: Unable to create '/home/runner/work/mddb/mddb/data-e2e/.git/index.lock': File exists.\n\nAnother git process seems to be running in this repository, or the lock file may be stale\n"
INF http m=POST p=/api/v1/organizations s=200 d=12.2ms s=350
INF http m=GET p=/api/v1/workspaces/40O667U9M000/invitations s=200 d=213µs s=34
INF http m=GET p=/sw.js s=200 d=125µs s=5593
INF http m=GET p=/registerSW.js s=200 d=41µs s=87
INF http m=GET p=/api/v1/auth/me s=200 d=594µs s=251
INF http m=GET p=/index.html s=200 d=36µs s=541
INF http m=GET p=/icon.svg s=200 d=38µs s=195
INF http m=GET p=/icon-512.png s=200 d=93µs s=6498
INF http m=GET p=/icon-192.png s=200 d=54µs s=2468
INF http m=GET p=/favicon.png s=200 d=35µs s=449
INF http m=GET p=/api/v1/workspaces/40O667U9M000 s=200 d=801µs s=297
INF http m=GET p=/apple-touch-icon.png s=200 d=44µs s=2298
INF http m=GET p=/assets/material-symbols-names-D7AiM4If.js s=200 d=124µs s=15478
ERR Failed to add workspace submodule wsID=40O66CN62000 err="failed to add submodule 40O66CN62000: exit status 128\nOutput: Adding existing repo at '40O66CN62000' to the index\nfatal: Unable to create '/home/runner/work/mddb/mddb/data-e2e/.git/index.lock': File exists.\n\nAnother git process seems to be running in this repository, or the lock file may be stale\nfatal: Failed to add submodule '40O66CN62000'\n"
ERR Failed to commit DB changes err="failed to stage db changes: exit status 128\nOutput: fatal: Unable to create '/home/runner/work/mddb/mddb/data-e2e/.git/index.lock': File exists.\n\nAnother git process seems to be running in this repository, or the lock file may be stale\n"
INF http m=POST p=/api/v1/organizations/40O66C6L4000/workspaces s=200 d=129ms s=298
INF http m=GET p=/assets/fr-B1PqNQ7U.js s=200 d=101µs s=6351
INF http m=GET p=/assets/es-OK4oleHZ.js s=200 d=88µs s=6048
ERR Failed to commit DB changes err="failed to stage db changes: exit status 128\nOutput: fatal: Unable to create '/home/runner/work/mddb/mddb/data-e2e/.git/index.lock': File exists.\n\nAnother git process seems to be running in this repository, or the lock file may be stale\n"
INF http m=POST p=/api/v1/auth/switch-workspace s=200 d=13.8ms s=575
INF http m=GET p=/api/v1/notifications/unread-count s=200 d=179µs s=25
INF http m=GET p=/assets/emoji-groups-El6awxEn.js s=200 d=136µs s=13851
INF http m=GET p=/api/v1/workspaces/40O66CN62000/nodes/0/children s=200 d=2.09ms s=26
ERR Failed to commit DB changes err="failed to stage db changes: exit status 128\nOutput: fatal: Unable to create '/home/runner/work/mddb/mddb/data-e2e/.git/index.lock': File exists.\n\nAnother git process seems to be running in this repository, or the lock file may be stale\n"
INF http m=POST p=/api/v1/workspaces/40O667U9M000 s=200 d=11.1ms s=293
INF http m=GET p=/api/v1/workspaces/40O66CN62000/members s=200 d=2.19ms s=128
INF http m=GET p=/assets/de-CSEWDUi3.js s=200 d=139µs s=6281
INF http m=GET p=/assets/WorkspaceSettingsPanel-BXpT4LCS.css s=200 d=41µs s=994
ERR Failed to commit DB changes err="failed to stage db changes: exit status 128\nOutput: fatal: Unable to create '/home/runner/work/mddb/mddb/data-e2e/.git/index.lock': File exists.\n\nAnother git process seems to be running in this repository, or the lock file may be stale\n"
INF http m=POST p=/api/v1/workspaces/40O66CN62000/nodes/0/page/create s=200 d=36.9ms s=35
INF http m=GET p=/assets/WorkspaceSettingsPanel-BB4UnxOs.js s=200 d=63µs s=4465
INF http m=GET p=/api/v1/workspaces/40O66CN62000/nodes/0/children s=200 d=318µs s=257
INF http m=GET p=/assets/Terms-CDs9SgkA.js s=200 d=33µs s=1013
INF http m=GET p=/api/v1/workspaces/40O66CN62000/nodes/40O66E0FC000 s=200 d=303µs s=245
INF http m=GET p=/assets/ServerSettingsPanel-Co4AQ7oB.css s=200 d=192µs s=576
INF http m=GET p=/assets/Editor-BCbjs9IY.js s=200 d=102µs s=13602
INF http m=GET p=/assets/Editor-DfcJ-Jfc.css s=200 d=76µs s=2151
INF http m=GET p=/assets/ServerSettingsPanel-CUtQeHs8.js s=200 d=51µs s=2551
INF http m=GET p=/assets/ResourceQuotaForm-CBiYRbX4.js s=200 d=45µs s=832
INF http m=GET p=/assets/ResourceQuotaForm-BFoPj33M.css s=200 d=52µs s=297
INF http m=GET p=/assets/ProfileSettings-DF5AVI35.js s=200 d=75µs s=4393
INF http m=GET p=/assets/ProfileSettings-CX-HDEdu.css s=200 d=48µs s=1177
INF http m=GET p=/assets/Privacy-cCrfp6_1.css s=200 d=55µs s=314
INF http m=GET p=/assets/Privacy-CgsgvqEr.js s=200 d=53µs s=904
INF http m=GET p=/assets/OrgSettingsPanel-D9VVCokd.css s=200 d=44µs s=488
INF http m=GET p=/assets/OrgSettingsPanel-9P66Q2ps.js s=200 d=61µs s=2333
INF http m=GET p=/assets/OAuthIcons-csRRTXki.js s=200 d=77µs s=951
INF http m=GET p=/assets/InviteForm-DLxm8fu0.css s=200 d=49µs s=394
INF http m=GET p=/assets/InviteForm-CV0yK4I0.js s=200 d=45µs s=1291
INF http m=GET p=/assets/Auth-8NWYUGup.js s=200 d=154µs s=1677
INF http m=GET p=/assets/Auth-6SolzSg2.css s=200 d=39µs s=633
INF http m=GET p=/assets/AdminDashboard-DpHjrDyw.js s=200 d=70µs s=2142
INF http m=GET p=/ s=200 d=67µs s=541
INF http m=GET p=/assets/AdminDashboard-CjPbo26j.css s=200 d=25µs s=584
INF http m=GET p=/manifest.webmanifest s=200 d=42µs s=199
INF http m=GET p=/assets/index-Dlg_ygoF.js s=200 d=157µs s=45483
INF http m=GET p=/assets/index-Bi-AgGrc.css s=200 d=99µs s=11684
INF http m=GET p=/assets/vendor-CnrH3R4r.js s=200 d=111µs s=28803
INF http m=GET p=/assets/editor-vendor-VZT4IkOY.js s=200 d=157µs s=92428
INF http m=GET p=/registerSW.js s=200 d=50µs s=87
ERR Failed to commit DB changes err="failed to stage db changes: exit status 128\nOutput: fatal: Unable to create '/home/runner/work/mddb/mddb/data-e2e/.git/index.lock': File exists.\n\nAnother git process seems to be running in this repository, or the lock file may be stale\n"
INF http m=POST p=/api/v1/auth/logout s=200 d=11.9ms s=25
INF http m=GET p=/api/v1/workspaces/40O66CN62000/members s=401 d=151µs s=26
INF http m=GET p=/api/v1/workspaces/40O66CN62000/events s=200 d=400ms s=206
INF http m=GET p=/api/v1/auth/providers s=200 d=1.93ms s=59
INF http m=GET p=/api/v1/auth/me s=401 d=132µs s=27
INF http m=GET p=/assets/en-BIK_e_4K.js s=200 d=141µs s=5251
INF http m=POST p=/api/v1/auth/logout s=401 d=122µs s=27
INF http m=GET p=/favicon.png s=200 d=40µs s=449
INF http m=GET p=/assets/Auth-6SolzSg2.css s=200 d=26µs s=633
INF http m=GET p=/assets/OAuthIcons-csRRTXki.js s=200 d=38µs s=951
INF http m=GET p=/assets/Auth-8NWYUGup.js s=200 d=5.99ms s=1677
INF http m=GET p=/api/v1/auth/providers s=200 d=135µs s=59
INF http m=GET p=/sw.js s=200 d=88µs s=5593
INF http m=GET p=/registerSW.js s=200 d=45µs s=87
INF http m=GET p=/index.html s=200 d=45µs s=541
INF http m=GET p=/icon.svg s=200 d=41µs s=195
INF http m=GET p=/icon-512.png s=200 d=85µs s=6498
INF http m=GET p=/icon-192.png s=200 d=61µs s=2468
INF http m=GET p=/favicon.png s=200 d=31µs s=449
INF http m=GET p=/apple-touch-icon.png s=200 d=78µs s=2298
INF http m=GET p=/assets/material-symbols-names-D7AiM4If.js s=200 d=793µs s=15478
ERR Failed to commit DB changes err="failed to stage db changes: exit status 128\nOutput: fatal: Unable to create '/home/runner/work/mddb/mddb/data-e2e/.git/index.lock': File exists.\n\nAnother git process seems to be running in this repository, or the lock file may be stale\n"
INF http m=POST p=/api/v1/auth/register s=200 d=131ms s=389
INF http m=GET p=/ s=200 d=64µs s=541
INF http m=GET p=/assets/editor-vendor-VZT4IkOY.js s=200 d=257µs s=92428
INF http m=GET p=/assets/vendor-CnrH3R4r.js s=200 d=159µs s=28803
INF http m=GET p=/assets/index-Bi-AgGrc.css s=200 d=117µs s=11684
INF http m=GET p=/assets/index-Dlg_ygoF.js s=200 d=133µs s=45483
INF http m=GET p=/registerSW.js s=200 d=794µs s=87
INF http m=GET p=/assets/en-BIK_e_4K.js s=200 d=97µs s=5251
INF http m=GET p=/api/v1/auth/me s=200 d=4.31ms s=167
INF http m=GET p=/favicon.png s=200 d=42µs s=449
INF http m=GET p=/assets/Onboarding-DQ2WAJCW.js s=200 d=36µs s=996
INF http m=GET p=/api/v1/notifications/unread-count s=200 d=232µs s=25
INF http m=GET p=/sw.js s=200 d=218µs s=5593
ERR Failed to commit DB changes err="failed to stage db changes: exit status 128\nOutput: fatal: Unable to create '/home/runner/work/mddb/mddb/data-e2e/.git/index.lock': File exists.\n\nAnother git process seems to be running in this repository, or the lock file may be stale\n"
INF http m=POST p=/api/v1/organizations s=200 d=19ms s=351
INF http m=GET p=/api/v1/auth/me s=200 d=567µs s=256
INF http m=GET p=/registerSW.js s=200 d=40µs s=87
INF http m=GET p=/index.html s=200 d=44µs s=541
INF http m=GET p=/icon.svg s=200 d=38µs s=195
INF http m=GET p=/icon-512.png s=200 d=115µs s=6498
INF http m=GET p=/icon-192.png s=200 d=67µs s=2468
INF http m=GET p=/favicon.png s=200 d=40µs s=449
INF http m=GET p=/apple-touch-icon.png s=200 d=65µs s=2298
INF http m=GET p=/assets/material-symbols-names-D7AiM4If.js s=200 d=112µs s=15478
ERR Failed to add workspace submodule wsID=40O66KT7K000 err="failed to add submodule 40O66KT7K000: exit status 128\nOutput: Adding existing repo at '40O66KT7K000' to the index\nfatal: Unable to create '/home/runner/work/mddb/mddb/data-e2e/.git/index.lock': File exists.\n\nAnother git process seems to be running in this repository, or the lock file may be stale\nfatal: Failed to add submodule '40O66KT7K000'\n"
ERR Failed to commit DB changes err="failed to stage db changes: exit status 128\nOutput: fatal: Unable to create '/home/runner/work/mddb/mddb/data-e2e/.git/index.lock': File exists.\n\nAnother git process seems to be running in this repository, or the lock file may be stale\n"
ERR Failed to commit DB changes err="failed to stage db changes: exit status 128\nOutput: fatal: Unable to create '/home/runner/work/mddb/mddb/data-e2e/.git/index.lock': File exists.\n\nAnother git process seems to be running in this repository, or the lock file may be stale\n"
INF http m=POST p=/api/v1/auth/register s=200 d=283ms s=398
INF http m=GET p=/assets/fr-B1PqNQ7U.js s=200 d=97µs s=6351
INF http m=POST p=/api/v1/organizations/40O66KIHI000/workspaces s=200 d=164ms s=301
INF http m=GET p=/ s=200 d=50µs s=541
INF http m=GET p=/assets/es-OK4oleHZ.js s=200 d=1.41ms s=6048
ERR Failed to commit DB changes err="failed to stage db changes: exit status 128\nOutput: fatal: Unable to create '/home/runner/work/mddb/mddb/data-e2e/.git/index.lock': File exists.\n\nAnother git process seems to be running in this repository, or the lock file may be stale\n"
INF http m=POST p=/api/v1/auth/switch-workspace s=200 d=10.3ms s=568
INF http m=GET p=/assets/emoji-groups-El6awxEn.js s=200 d=120µs s=13851
INF http m=GET p=/assets/index-Dlg_ygoF.js s=200 d=161µs s=45483
INF http m=GET p=/assets/index-Bi-AgGrc.css s=200 d=101µs s=11684
INF http m=GET p=/assets/vendor-CnrH3R4r.js s=200 d=167µs s=28803
INF http m=GET p=/api/v1/workspaces/40O66KT7K000/members s=200 d=306µs s=130
INF http m=GET p=/api/v1/workspaces/40O66KT7K000/nodes/0/children s=200 d=6.22ms s=26
INF http m=GET p=/registerSW.js s=200 d=46µs s=87
INF http m=GET p=/assets/editor-vendor-VZT4IkOY.js s=200 d=4.54ms s=92428
INF http m=GET p=/api/v1/notifications/unread-count s=200 d=20.5ms s=25
INF http m=GET p=/assets/de-CSEWDUi3.js s=200 d=71µs s=6281
INF http m=GET p=/assets/WorkspaceSettingsPanel-BXpT4LCS.css s=200 d=53µs s=994
INF http m=GET p=/assets/WorkspaceSettingsPanel-BB4UnxOs.js s=200 d=5.88ms s=4465
INF http m=GET p=/assets/Terms-CDs9SgkA.js s=200 d=44µs s=1013
INF http m=GET p=/assets/ServerSettingsPanel-Co4AQ7oB.css s=200 d=42µs s=576
INF http m=GET p=/assets/ServerSettingsPanel-CUtQeHs8.js s=200 d=50µs s=2551
INF http m=GET p=/assets/ResourceQuotaForm-CBiYRbX4.js s=200 d=46µs s=832
INF http m=GET p=/assets/ResourceQuotaForm-BFoPj33M.css s=200 d=78µs s=297
INF http m=GET p=/assets/ProfileSettings-DF5AVI35.js s=200 d=72µs s=4393
ERR Failed to commit DB changes err="failed to stage db changes: exit status 128\nOutput: fatal: Unable to create '/home/runner/work/mddb/mddb/data-e2e/.git/index.lock': File exists.\n\nAnother git process seems to be running in this repository, or the lock file may be stale\n"
INF http m=POST p=/api/v1/workspaces/40O66KT7K000/nodes/0/page/create s=200 d=82.4ms s=35
INF http m=GET p=/assets/ProfileSettings-CX-HDEdu.css s=200 d=33µs s=1177
INF http m=GET p=/api/v1/workspaces/40O66KT7K000/nodes/0/children s=200 d=755µs s=257
INF http m=GET p=/assets/Privacy-cCrfp6_1.css s=200 d=33µs s=314
INF http m=GET p=/assets/Privacy-CgsgvqEr.js s=200 d=41µs s=904
INF http m=GET p=/api/v1/workspaces/40O66KT7K000/nodes/40O66MJK8000 s=200 d=4.68ms s=245
INF http m=GET p=/assets/OrgSettingsPanel-D9VVCokd.css s=200 d=49µs s=488
INF http m=GET p=/assets/en-BIK_e_4K.js s=200 d=125µs s=5251
INF http m=GET p=/api/v1/auth/me s=200 d=657µs s=168
INF http m=GET p=/assets/OrgSettingsPanel-9P66Q2ps.js s=200 d=109µs s=2333
INF http m=GET p=/assets/Onboarding-DQ2WAJCW.js s=200 d=38µs s=996
INF http m=GET p=/assets/Editor-BCbjs9IY.js s=200 d=68µs s=13602
INF http m=GET p=/assets/Editor-DfcJ-Jfc.css s=200 d=33µs s=2151
INF http m=GET p=/sw.js s=200 d=81µs s=5593
INF http m=GET p=/api/v1/notifications/unread-count s=200 d=207µs s=25
INF http m=GET p=/favicon.png s=200 d=47µs s=449
INF http m=GET p=/assets/OAuthIcons-csRRTXki.js s=200 d=41µs s=951
INF http m=GET p=/registerSW.js s=200 d=39µs s=87
INF http m=GET p=/index.html s=200 d=41µs s=541
INF http m=GET p=/assets/InviteForm-DLxm8fu0.css s=200 d=28µs s=394
INF http m=GET p=/icon.svg s=200 d=40µs s=195
INF http m=GET p=/assets/InviteForm-CV0yK4I0.js s=200 d=65µs s=1291
ERR Failed to commit DB changes err="failed to stage db changes: exit status 128\nOutput: fatal: Unable to create '/home/runner/work/mddb/mddb/data-e2e/.git/index.lock': File exists.\n\nAnother git process seems to be running in this repository, or the lock file may be stale\n"
INF http m=POST p=/api/v1/organizations s=200 d=8.42ms s=352
INF http m=GET p=/icon-512.png s=200 d=69µs s=6498
INF http m=GET p=/icon-192.png s=200 d=53µs s=2468
INF http m=GET p=/assets/Auth-8NWYUGup.js s=200 d=36µs s=1677
INF http m=GET p=/api/v1/auth/me s=200 d=678µs s=253
ERR Failed to commit DB changes err="failed to stage db changes: exit status 128\nOutput: fatal: Unable to create '/home/runner/work/mddb/mddb/data-e2e/.git/index.lock': File exists.\n\nAnother git process seems to be running in this repository, or the lock file may be stale\n"
INF http m=POST p=/api/v1/workspaces/40O66KT7K000/nodes/0/table/create s=200 d=38.8ms s=26
INF http m=GET p=/assets/Auth-6SolzSg2.css s=200 d=35µs s=633
INF http m=GET p=/w/@40O66KT7K000+workspace/@40O66MJK8000+welcome s=200 d=62µs s=541
INF http m=GET p=/favicon.png s=200 d=34µs s=449
INF http m=GET p=/apple-touch-icon.png s=200 d=59µs s=2298
INF http m=GET p=/assets/AdminDashboard-DpHjrDyw.js s=200 d=43µs s=2142
INF http m=GET p=/api/v1/workspaces/40O66KT7K000/events s=200 d=285ms s=228
INF http m=GET p=/assets/material-symbols-names-D7AiM4If.js s=200 d=131µs s=15478
INF http m=GET p=/assets/AdminDashboard-CjPbo26j.css s=200 d=36µs s=584
INF http m=GET p=/registerSW.js s=200 d=16µs s=87
INF http m=GET p=/manifest.webmanifest s=200 d=58µs s=199
INF http m=GET p=/api/v1/auth/me s=200 d=12.6ms s=353
INF http m=GET p=/assets/fr-B1PqNQ7U.js s=200 d=107µs s=6351
INF http m=GET p=/assets/es-OK4oleHZ.js s=200 d=127µs s=6048
INF http m=GET p=/api/v1/workspaces/40O66KT7K000/nodes/0/children s=200 d=840µs s=360
INF http m=GET p=/api/v1/workspaces/40O66KT7K000/nodes/40O66MJK8000 s=200 d=6.02ms s=245
INF http m=GET p=/api/v1/workspaces/40O66KT7K000/members s=200 d=7.6ms s=130
INF http m=GET p=/api/v1/notifications/unread-count s=200 d=24.6ms s=25
INF http m=GET p=/assets/emoji-groups-El6awxEn.js s=200 d=627µs s=13851
ERR Failed to add workspace submodule wsID=40O66O4OK000 err="failed to add submodule 40O66O4OK000: exit status 128\nOutput: Adding existing repo at '40O66O4OK000' to the index\nfatal: Unable to create '/home/runner/work/mddb/mddb/data-e2e/.git/index.lock': File exists.\n\nAnother git process seems to be running in this repository, or the lock file may be stale\nfatal: Failed to add submodule '40O66O4OK000'\n"
ERR Failed to commit DB changes err="failed to stage db changes: exit status 128\nOutput: fatal: Unable to create '/home/runner/work/mddb/mddb/data-e2e/.git/index.lock': File exists.\n\nAnother git process seems to be running in this repository, or the lock file may be stale\n"
INF http m=POST p=/api/v1/organizations/40O66NTJ2000/workspaces s=200 d=156ms s=300
ERR Failed to commit DB changes err="failed to stage db changes: exit status 128\nOutput: fatal: Unable to create '/home/runner/work/mddb/mddb/data-e2e/.git/index.lock': File exists.\n\nAnother git process seems to be running in this repository, or the lock file may be stale\n"
INF http m=POST p=/api/v1/auth/switch-workspace s=200 d=6.03ms s=584
INF http m=GET p=/api/v1/notifications/unread-count s=200 d=205µs s=25
INF http m=GET p=/assets/de-CSEWDUi3.js s=200 d=102µs s=6281
INF http m=GET p=/api/v1/workspaces/40O66O4OK000/members s=200 d=527µs s=132
INF http m=GET p=/api/v1/workspaces/40O66O4OK000/nodes/0/children s=200 d=1.13ms s=26
INF http m=GET p=/assets/WorkspaceSettingsPanel-BXpT4LCS.css s=200 d=1.04ms s=994
INF http m=GET p=/api/v1/workspaces/40O66KT7K000/nodes/40O66NRV6000 s=200 d=440µs s=219
INF http m=GET p=/assets/WorkspaceSettingsPanel-BB4UnxOs.js s=200 d=97µs s=4465
INF http m=GET p=/api/v1/workspaces/40O66KT7K000/nodes/40O66NRV6000/table/records s=200 d=244µs s=28
INF http m=GET p=/assets/Terms-CDs9SgkA.js s=200 d=36µs s=1013
INF http m=GET p=/assets/ServerSettingsPanel-Co4AQ7oB.css s=200 d=32µs s=576
ERR Failed to commit DB changes err="failed to stage db changes: exit status 128\nOutput: fatal: Unable to create '/home/runner/work/mddb/mddb/data-e2e/.git/index.lock': File exists.\n\nAnother git process seems to be running in this repository, or the lock file may be stale\n"
INF http m=POST p=/api/v1/workspaces/40O66O4OK000/nodes/0/page/create s=200 d=36.6ms s=35
INF http m=GET p=/api/v1/workspaces/40O66O4OK000/nodes/0/children s=200 d=799µs s=257
INF http m=GET p=/assets/ServerSettingsPanel-CUtQeHs8.js s=200 d=40µs s=2551
INF http m=GET p=/api/v1/workspaces/40O66O4OK000/nodes/40O66PCNQ000 s=200 d=801µs s=245
INF http m=GET p=/assets/ResourceQuotaForm-CBiYRbX4.js s=200 d=72µs s=832
INF http m=GET p=/assets/Editor-BCbjs9IY.js s=200 d=99µs s=13602
INF http m=GET p=/assets/Editor-DfcJ-Jfc.css s=200 d=66µs s=2151
INF http m=GET p=/assets/ResourceQuotaForm-BFoPj33M.css s=200 d=37µs s=297
INF http m=GET p=/assets/ProfileSettings-DF5AVI35.js s=200 d=161µs s=4393
INF http m=GET p=/assets/ProfileSettings-CX-HDEdu.css s=200 d=32µs s=1177
INF http m=GET p=/assets/Privacy-cCrfp6_1.css s=200 d=32µs s=314
INF http m=GET p=/assets/Privacy-CgsgvqEr.js s=200 d=39µs s=904
INF http m=GET p=/assets/OrgSettingsPanel-D9VVCokd.css s=200 d=31µs s=488
INF http m=GET p=/assets/OrgSettingsPanel-9P66Q2ps.js s=200 d=51µs s=2333
INF http m=GET p=/assets/OAuthIcons-csRRTXki.js s=200 d=53µs s=951
INF http m=GET p=/assets/InviteForm-DLxm8fu0.css s=200 d=41µs s=394
INF http m=GET p=/assets/InviteForm-CV0yK4I0.js s=200 d=35µs s=1291
INF http m=GET p=/assets/Auth-8NWYUGup.js s=200 d=55µs s=1677
INF http m=GET p=/assets/Auth-6SolzSg2.css s=200 d=34µs s=633
INF http m=GET p=/assets/AdminDashboard-DpHjrDyw.js s=200 d=55µs s=2142
INF http m=GET p=/assets/AdminDashboard-CjPbo26j.css s=200 d=47µs s=584
INF http m=GET p=/manifest.webmanifest s=200 d=34µs s=199
INF http m=GET p=/api/v1/workspaces/40O66KT7K000/events s=200 d=253ms s=93
ERR Failed to commit DB changes err="failed to stage db changes: exit status 128\nOutput: fatal: Unable to create '/home/runner/work/mddb/mddb/data-e2e/.git/index.lock': File exists.\n\nAnother git process seems to be running in this repository, or the lock file may be stale\n"
INF http m=POST p=/api/v1/workspaces/40O66O4OK000/nodes/0/table/create s=200 d=18.9ms s=26
ERR Failed to commit DB changes err="failed to stage db changes: exit status 128\nOutput: fatal: Unable to create '/home/runner/work/mddb/mddb/data-e2e/.git/index.lock': File exists.\n\nAnother git process seems to be running in this repository, or the lock file may be stale\n"
INF http m=POST p=/api/v1/workspaces/40O66O4OK000/nodes/40O66QIO0000/table/records/create s=200 d=23.1ms s=26
ERR Failed to commit DB changes err="failed to stage db changes: exit status 128\nOutput: fatal: Unable to create '/home/runner/work/mddb/mddb/data-e2e/.git/index.lock': File exists.\n\nAnother git process seems to be running in this repository, or the lock file may be stale\n"
INF http m=POST p=/api/v1/workspaces/40O66O4OK000/nodes/40O66QIO0000/table/records/create s=200 d=19.6ms s=26
INF http m=GET p=/w/@40O66O4OK000+workspace/@40O66PCNQ000+welcome s=200 d=445µs s=541
INF http m=GET p=/api/v1/workspaces/40O66O4OK000/events s=200 d=284ms s=315
INF http m=GET p=/api/v1/auth/me s=200 d=3.23ms s=355
INF http m=GET p=/api/v1/notifications/unread-count s=200 d=267µs s=25
INF http m=GET p=/api/v1/workspaces/40O66O4OK000/nodes/0/children s=200 d=914µs s=298
INF http m=GET p=/api/v1/workspaces/40O66O4OK000/members s=200 d=783µs s=132
INF http m=GET p=/api/v1/workspaces/40O66O4OK000/nodes/40O66PCNQ000 s=200 d=22ms s=245
INF http m=GET p=/api/v1/workspaces/40O66O4OK000/nodes/40O66QIO0000 s=200 d=375µs s=157
INF http m=GET p=/api/v1/workspaces/40O66O4OK000/nodes/40O66QIO0000/table/records s=200 d=313µs s=134
ERR Failed to commit DB changes err="failed to stage db changes: exit status 128\nOutput: fatal: Unable to create '/home/runner/work/mddb/mddb/data-e2e/.git/index.lock': File exists.\n\nAnother git process seems to be running in this repository, or the lock file may be stale\n"
INF http m=POST p=/api/v1/auth/register s=200 d=148ms s=399
INF http m=GET p=/ s=200 d=58µs s=541
INF http m=GET p=/assets/vendor-CnrH3R4r.js s=200 d=252µs s=28803
INF http m=GET p=/assets/index-Bi-AgGrc.css s=200 d=112µs s=11684
INF http m=GET p=/assets/index-Dlg_ygoF.js s=200 d=142µs s=45483
INF http m=GET p=/registerSW.js s=200 d=71µs s=87
INF http m=GET p=/assets/editor-vendor-VZT4IkOY.js s=200 d=219µs s=92428
INF http m=GET p=/assets/en-BIK_e_4K.js s=200 d=111µs s=5251
INF http m=GET p=/api/v1/auth/me s=200 d=1.64ms s=166
INF http m=GET p=/sw.js s=200 d=80µs s=5593
INF http m=GET p=/api/v1/workspaces/40O66O4OK000/nodes/40O66QIO0000/table/records s=200 d=300µs s=159
INF http m=GET p=/favicon.png s=200 d=67µs s=449
INF http m=GET p=/assets/Onboarding-DQ2WAJCW.js s=200 d=32µs s=996
INF http m=GET p=/api/v1/notifications/unread-count s=200 d=167µs s=25
ERR Failed to commit DB changes err="failed to stage db changes: exit status 128\nOutput: fatal: Unable to create '/home/runner/work/mddb/mddb/data-e2e/.git/index.lock': File exists.\n\nAnother git process seems to be running in this repository, or the lock file may be stale\n"
INF http m=POST p=/api/v1/workspaces/40O66O4OK000/nodes/40O66QIO0000/table/records/40O66QN0A000 s=200 d=57.1ms s=35
INF http m=GET p=/api/v1/workspaces/40O66O4OK000/nodes/40O66QIO0000/table/records s=200 d=507µs s=147
ERR Failed to commit DB changes err="failed to stage db changes: exit status 128\nOutput: fatal: Unable to create '/home/runner/work/mddb/mddb/data-e2e/.git/index.lock': File exists.\n\nAnother git process seems to be running in this repository, or the lock file may be stale\n"
INF http m=GET p=/registerSW.js s=200 d=36µs s=87
INF http m=POST p=/api/v1/organizations s=200 d=9.27ms s=351
INF http m=GET p=/api/v1/workspaces/40O66O4OK000/events s=200 d=376ms s=215
INF http m=GET p=/index.html s=200 d=312µs s=541
INF http m=GET p=/api/v1/auth/me s=200 d=2.15ms s=249
INF http m=GET p=/icon.svg s=200 d=35µs s=195
INF http m=GET p=/icon-512.png s=200 d=114µs s=6498
INF http m=GET p=/icon-192.png s=200 d=44µs s=2468
INF http m=GET p=/favicon.png s=200 d=31µs s=449
INF http m=GET p=/apple-touch-icon.png s=200 d=407µs s=2298
INF http m=GET p=/assets/material-symbols-names-D7AiM4If.js s=200 d=89µs s=15478
INF http m=GET p=/assets/fr-B1PqNQ7U.js s=200 d=93µs s=6351
INF http m=GET p=/assets/es-OK4oleHZ.js s=200 d=74µs s=6048
INF http m=GET p=/assets/emoji-groups-El6awxEn.js s=200 d=94µs s=13851
ERR Failed to add workspace submodule wsID=40O66UNJ4000 err="failed to add submodule 40O66UNJ4000: exit status 128\nOutput: Adding existing repo at '40O66UNJ4000' to the index\nfatal: Unable to create '/home/runner/work/mddb/mddb/data-e2e/.git/index.lock': File exists.\n\nAnother git process seems to be running in this repository, or the lock file may be stale\nfatal: Failed to add submodule '40O66UNJ4000'\n"
ERR Failed to commit DB changes err="failed to stage db changes: exit status 128\nOutput: fatal: Unable to create '/home/runner/work/mddb/mddb/data-e2e/.git/index.lock': File exists.\n\nAnother git process seems to be running in this repository, or the lock file may be stale\n"
INF http m=POST p=/api/v1/organizations/40O66UCO8000/workspaces s=200 d=164ms s=297
INF http m=GET p=/assets/de-CSEWDUi3.js s=200 d=78µs s=6281
ERR Failed to commit DB changes err="failed to stage db changes: exit status 128\nOutput: fatal: Unable to create '/home/runner/work/mddb/mddb/data-e2e/.git/index.lock': File exists.\n\nAnother git process seems to be running in this repository, or the lock file may be stale\n"
INF http m=POST p=/api/v1/auth/switch-workspace s=200 d=21.3ms s=564
INF http m=GET p=/assets/WorkspaceSettingsPanel-BXpT4LCS.css s=200 d=39µs s=994
INF http m=GET p=/assets/WorkspaceSettingsPanel-BB4UnxOs.js s=200 d=69µs s=4465
INF http m=GET p=/assets/Terms-CDs9SgkA.js s=200 d=77µs s=1013
INF http m=GET p=/api/v1/notifications/unread-count s=200 d=215µs s=25
INF http m=GET p=/api/v1/workspaces/40O66UNJ4000/members s=200 d=150µs s=130
INF http m=GET p=/api/v1/workspaces/40O66UNJ4000/nodes/0/children s=200 d=5.94ms s=26
INF http m=GET p=/assets/ServerSettingsPanel-Co4AQ7oB.css s=200 d=54µs s=576
INF http m=GET p=/assets/ServerSettingsPanel-CUtQeHs8.js s=200 d=87µs s=2551
INF http m=GET p=/assets/ResourceQuotaForm-CBiYRbX4.js s=200 d=76µs s=832
INF http m=GET p=/assets/ResourceQuotaForm-BFoPj33M.css s=200 d=35µs s=297
INF http m=GET p=/assets/ProfileSettings-DF5AVI35.js s=200 d=73µs s=4393
ERR Failed to commit DB changes err="failed to stage db changes: exit status 128\nOutput: fatal: Unable to create '/home/runner/work/mddb/mddb/data-e2e/.git/index.lock': File exists.\n\nAnother git process seems to be running in this repository, or the lock file may be stale\n"
INF http m=POST p=/api/v1/workspaces/40O66UNJ4000/nodes/0/page/create s=200 d=62.9ms s=35
INF http m=GET p=/assets/ProfileSettings-CX-HDEdu.css s=200 d=49µs s=1177
INF http m=GET p=/api/v1/workspaces/40O66UNJ4000/nodes/0/children s=200 d=759µs s=257
INF http m=GET p=/assets/Privacy-cCrfp6_1.css s=200 d=80µs s=314
INF http m=GET p=/assets/Privacy-CgsgvqEr.js s=200 d=49µs s=904
INF http m=GET p=/api/v1/workspaces/40O66UNJ4000/nodes/40O670FP8000 s=200 d=1.68ms s=245
INF http m=GET p=/assets/OrgSettingsPanel-D9VVCokd.css s=200 d=36µs s=488
ERR Failed to commit DB changes err="failed to stage db changes: exit status 128\nOutput: fatal: Unable to create '/home/runner/work/mddb/mddb/data-e2e/.git/index.lock': File exists.\n\nAnother git process seems to be running in this repository, or the lock file may be stale\n"
INF http m=POST p=/api/v1/auth/register s=200 d=88.4ms s=397
INF http m=GET p=/assets/Editor-DfcJ-Jfc.css s=200 d=85µs s=2151
INF http m=GET p=/assets/Editor-BCbjs9IY.js s=200 d=69µs s=13602
INF http m=GET p=/ s=200 d=56µs s=541
INF http m=GET p=/assets/OrgSettingsPanel-9P66Q2ps.js s=200 d=93µs s=2333
ERR Failed to commit DB changes err="failed to stage db changes: exit status 128\nOutput: fatal: Unable to create '/home/runner/work/mddb/mddb/data-e2e/.git/index.lock': File exists.\n\nAnother git process seems to be running in this repository, or the lock file may be stale\n"
INF http m=POST p=/api/v1/workspaces/40O66UNJ4000/nodes/0/table/create s=200 d=73.1ms s=26
INF http m=GET p=/assets/OAuthIcons-csRRTXki.js s=200 d=36µs s=951
INF http m=GET p=/assets/index-Dlg_ygoF.js s=200 d=173µs s=45483
INF http m=GET p=/assets/InviteForm-DLxm8fu0.css s=200 d=142µs s=394
INF http m=GET p=/assets/index-Bi-AgGrc.css s=200 d=124µs s=11684
INF http m=GET p=/assets/vendor-CnrH3R4r.js s=200 d=173µs s=28803
INF http m=GET p=/assets/InviteForm-CV0yK4I0.js s=200 d=938µs s=1291
INF http m=GET p=/assets/editor-vendor-VZT4IkOY.js s=200 d=180µs s=92428
INF http m=GET p=/registerSW.js s=200 d=42µs s=87
INF http m=GET p=/assets/Auth-8NWYUGup.js s=200 d=55µs s=1677
INF http m=GET p=/assets/Auth-6SolzSg2.css s=200 d=34µs s=633
ERR Failed to commit DB changes err="failed to stage db changes: exit status 128\nOutput: fatal: Unable to create '/home/runner/work/mddb/mddb/data-e2e/.git/index.lock': File exists.\n\nAnother git process seems to be running in this repository, or the lock file may be stale\n"
INF http m=GET p=/assets/AdminDashboard-DpHjrDyw.js s=200 d=61µs s=2142
INF http m=POST p=/api/v1/workspaces/40O66UNJ4000/nodes/40O6710E4000/table/records/create s=200 d=66.7ms s=26
INF http m=GET p=/assets/AdminDashboard-CjPbo26j.css s=200 d=56µs s=584
INF http m=GET p=/w/@40O66UNJ4000+workspace/@40O670FP8000+welcome s=200 d=70µs s=541
INF http m=GET p=/manifest.webmanifest s=200 d=30µs s=199
INF http m=GET p=/api/v1/workspaces/40O66UNJ4000/events s=200 d=276ms s=290
INF http m=GET p=/registerSW.js s=200 d=38µs s=87
INF http m=GET p=/api/v1/auth/me s=200 d=795µs s=349
INF http m=GET p=/assets/en-BIK_e_4K.js s=200 d=75µs s=5251
INF http m=GET p=/api/v1/auth/me s=200 d=1.7ms s=164
INF http m=GET p=/sw.js s=200 d=129µs s=5593
INF http m=GET p=/favicon.png s=200 d=64µs s=449
INF http m=GET p=/assets/Onboarding-DQ2WAJCW.js s=200 d=40µs s=996
INF http m=GET p=/api/v1/notifications/unread-count s=200 d=189µs s=25
INF http m=GET p=/api/v1/notifications/unread-count s=200 d=263µs s=25
INF http m=GET p=/api/v1/workspaces/40O66UNJ4000/nodes/40O670FP8000 s=200 d=1.2ms s=245
INF http m=GET p=/api/v1/workspaces/40O66UNJ4000/members s=200 d=1.35ms s=130
ERR Failed to commit DB changes err="failed to stage db changes: exit status 128\nOutput: fatal: Unable to create '/home/runner/work/mddb/mddb/data-e2e/.git/index.lock': File exists.\n\nAnother git process seems to be running in this repository, or the lock file may be stale\n"
INF http m=POST p=/api/v1/organizations s=200 d=7.59ms s=351
INF http m=GET p=/api/v1/workspaces/40O66UNJ4000/nodes/0/children s=200 d=15.4ms s=281
INF http m=GET p=/registerSW.js s=200 d=67µs s=87
INF http m=GET p=/api/v1/auth/me s=200 d=572µs s=250
INF http m=GET p=/index.html s=200 d=36µs s=541
INF http m=GET p=/icon.svg s=200 d=28µs s=195
INF http m=GET p=/icon-512.png s=200 d=106µs s=6498
INF http m=GET p=/icon-192.png s=200 d=50µs s=2468
INF http m=GET p=/favicon.png s=200 d=25µs s=449
INF http m=GET p=/apple-touch-icon.png s=200 d=35µs s=2298
INF http m=GET p=/assets/material-symbols-names-D7AiM4If.js s=200 d=160µs s=15478
INF http m=GET p=/api/v1/workspaces/40O66UNJ4000/nodes/40O6710E4000 s=200 d=354µs s=168
INF http m=GET p=/api/v1/workspaces/40O66UNJ4000/nodes/40O6710E4000/table/records s=200 d=739µs s=115
INF http m=GET p=/assets/fr-B1PqNQ7U.js s=200 d=72µs s=6351
INF http m=GET p=/assets/es-OK4oleHZ.js s=200 d=126µs s=6048
INF http m=GET p=/assets/emoji-groups-El6awxEn.js s=200 d=311µs s=13851
ERR Failed to add workspace submodule wsID=40O6733L0000 err="failed to add submodule 40O6733L0000: exit status 128\nOutput: Adding existing repo at '40O6733L0000' to the index\nfatal: Unable to create '/home/runner/work/mddb/mddb/data-e2e/.git/index.lock': File exists.\n\nAnother git process seems to be running in this repository, or the lock file may be stale\nfatal: Failed to add submodule '40O6733L0000'\n"
ERR Failed to commit DB changes err="failed to stage db changes: exit status 128\nOutput: fatal: Unable to create '/home/runner/work/mddb/mddb/data-e2e/.git/index.lock': File exists.\n\nAnother git process seems to be running in this repository, or the lock file may be stale\n"
INF http m=POST p=/api/v1/organizations/40O672PQ4000/workspaces s=200 d=127ms s=298
INF http m=GET p=/assets/de-CSEWDUi3.js s=200 d=98µs s=6281
ERR Failed to commit DB changes err="failed to stage db changes: exit status 128\nOutput: fatal: Unable to create '/home/runner/work/mddb/mddb/data-e2e/.git/index.lock': File exists.\n\nAnother git process seems to be running in this repository, or the lock file may be stale\n"
INF http m=POST p=/api/v1/auth/switch-workspace s=200 d=7.3ms s=573
INF http m=GET p=/assets/WorkspaceSettingsPanel-BXpT4LCS.css s=200 d=27µs s=994
INF http m=GET p=/assets/WorkspaceSettingsPanel-BB4UnxOs.js s=200 d=191µs s=4465
INF http m=GET p=/assets/Terms-CDs9SgkA.js s=200 d=55µs s=1013
INF http m=GET p=/api/v1/workspaces/40O6733L0000/members s=200 d=1.98ms s=130
INF http m=GET p=/api/v1/workspaces/40O6733L0000/nodes/0/children s=200 d=5.18ms s=26
INF http m=GET p=/api/v1/notifications/unread-count s=200 d=6.26ms s=25
INF http m=GET p=/assets/ServerSettingsPanel-Co4AQ7oB.css s=200 d=35µs s=576
INF http m=GET p=/assets/ServerSettingsPanel-CUtQeHs8.js s=200 d=64µs s=2551
INF http m=GET p=/assets/ResourceQuotaForm-CBiYRbX4.js s=200 d=41µs s=832
ERR Failed to commit DB changes err="failed to stage db changes: exit status 128\nOutput: fatal: Unable to create '/home/runner/work/mddb/mddb/data-e2e/.git/index.lock': File exists.\n\nAnother git process seems to be running in this repository, or the lock file may be stale\n"
INF http m=POST p=/api/v1/workspaces/40O66UNJ4000/nodes/40O6710E4000/table/records/40O671HPG000/delete s=200 d=29.2ms s=25
INF http m=GET p=/api/v1/workspaces/40O66UNJ4000/nodes/40O6710E4000/table/records s=200 d=1.02ms s=28
INF http m=GET p=/assets/ResourceQuotaForm-BFoPj33M.css s=200 d=40µs s=297
ERR Failed to commit DB changes err="failed to stage db changes: exit status 128\nOutput: fatal: Unable to create '/home/runner/work/mddb/mddb/data-e2e/.git/index.lock': File exists.\n\nAnother git process seems to be running in this repository, or the lock file may be stale\n"
INF http m=POST p=/api/v1/workspaces/40O6733L0000/nodes/0/page/create s=200 d=51.2ms s=35
INF http m=GET p=/api/v1/workspaces/40O6733L0000/nodes/0/children s=200 d=918µs s=257
INF http m=GET p=/assets/ProfileSettings-DF5AVI35.js s=200 d=118µs s=4393
INF http m=GET p=/assets/ProfileSettings-CX-HDEdu.css s=200 d=134µs s=1177
INF http m=GET p=/api/v1/workspaces/40O6733L0000/nodes/40O6744GE000 s=200 d=795µs s=245
INF http m=GET p=/assets/Privacy-cCrfp6_1.css s=200 d=34µs s=314
INF http m=GET p=/assets/Editor-BCbjs9IY.js s=200 d=81µs s=13602
INF http m=GET p=/assets/Editor-DfcJ-Jfc.css s=200 d=31µs s=2151
INF http m=GET p=/assets/Privacy-CgsgvqEr.js s=200 d=27µs s=904
INF http m=GET p=/assets/OrgSettingsPanel-D9VVCokd.css s=200 d=40µs s=488
INF http m=GET p=/assets/OrgSettingsPanel-9P66Q2ps.js s=200 d=48µs s=2333
INF http m=GET p=/assets/OAuthIcons-csRRTXki.js s=200 d=44µs s=951
INF http m=GET p=/assets/InviteForm-DLxm8fu0.css s=200 d=35µs s=394
INF http m=GET p=/assets/InviteForm-CV0yK4I0.js s=200 d=43µs s=1291
INF http m=GET p=/assets/Auth-8NWYUGup.js s=200 d=38µs s=1677
INF http m=GET p=/assets/Auth-6SolzSg2.css s=200 d=30µs s=633
INF http m=GET p=/assets/AdminDashboard-DpHjrDyw.js s=200 d=47µs s=2142
INF http m=GET p=/assets/AdminDashboard-CjPbo26j.css s=200 d=26µs s=584
INF http m=GET p=/manifest.webmanifest s=200 d=25µs s=199
INF http m=GET p=/api/v1/workspaces/40O66UNJ4000/events s=200 d=350ms s=217
ERR Failed to commit DB changes err="failed to stage db changes: exit status 128\nOutput: fatal: Unable to create '/home/runner/work/mddb/mddb/data-e2e/.git/index.lock': File exists.\n\nAnother git process seems to be running in this repository, or the lock file may be stale\n"
INF http m=POST p=/api/v1/workspaces/40O6733L0000/nodes/0/table/create s=200 d=28.9ms s=26
INF http m=GET p=/w/@40O6733L0000+workspace/@40O6744GE000+welcome s=200 d=44µs s=541
INF http m=GET p=/api/v1/workspaces/40O6733L0000/events s=200 d=242ms s=227
INF http m=GET p=/api/v1/auth/me s=200 d=571µs s=351
INF http m=GET p=/api/v1/notifications/unread-count s=200 d=708µs s=25
INF http m=GET p=/api/v1/workspaces/40O6733L0000/nodes/40O6744GE000 s=200 d=735µs s=245
INF http m=GET p=/api/v1/workspaces/40O6733L0000/nodes/0/children s=200 d=727µs s=283
INF http m=GET p=/api/v1/workspaces/40O6733L0000/members s=200 d=3.66ms s=130
ERR Failed to commit DB changes err="failed to stage db changes: exit status 128\nOutput: fatal: Unable to create '/home/runner/work/mddb/mddb/data-e2e/.git/index.lock': File exists.\n\nAnother git process seems to be running in this repository, or the lock file may be stale\n"
INF http m=POST p=/api/v1/auth/register s=200 d=99.3ms s=391
INF http m=GET p=/ s=200 d=74µs s=541
INF http m=GET p=/registerSW.js s=200 d=61µs s=87
INF http m=GET p=/assets/index-Dlg_ygoF.js s=200 d=136µs s=45483
INF http m=GET p=/assets/editor-vendor-VZT4IkOY.js s=200 d=127µs s=92428
INF http m=GET p=/assets/vendor-CnrH3R4r.js s=200 d=83µs s=28803
INF http m=GET p=/assets/index-Bi-AgGrc.css s=200 d=139µs s=11684
INF http m=GET p=/api/v1/workspaces/40O6733L0000/nodes/40O6758L4000 s=200 d=336µs s=168
INF http m=GET p=/api/v1/workspaces/40O6733L0000/nodes/40O6758L4000/table/records s=200 d=218µs s=28
INF http m=GET p=/api/v1/auth/me s=200 d=274µs s=163
INF http m=GET p=/assets/en-BIK_e_4K.js s=200 d=73µs s=5251
INF http m=GET p=/assets/Onboarding-DQ2WAJCW.js s=200 d=47µs s=996
INF http m=GET p=/api/v1/notifications/unread-count s=200 d=203µs s=25
INF http m=GET p=/favicon.png s=200 d=31µs s=449
INF http m=GET p=/sw.js s=200 d=88µs s=5593
ERR Failed to commit DB changes err="failed to stage db changes: exit status 128\nOutput: fatal: Unable to create '/home/runner/work/mddb/mddb/data-e2e/.git/index.lock': File exists.\n\nAnother git process seems to be running in this repository, or the lock file may be stale\n"
INF http m=POST p=/api/v1/organizations s=200 d=3.82ms s=351
INF http m=GET p=/api/v1/auth/me s=200 d=321µs s=251
INF http m=GET p=/api/v1/workspaces/40O6733L0000/nodes/40O6758L4000/table/records s=200 d=255µs s=101
INF http m=GET p=/registerSW.js s=200 d=45µs s=87
INF http m=GET p=/api/v1/workspaces/40O6733L0000/events s=200 d=266ms s=93
INF http m=GET p=/index.html s=200 d=40µs s=541
ERR Failed to commit DB changes err="failed to stage db changes: exit status 128\nOutput: fatal: Unable to create '/home/runner/work/mddb/mddb/data-e2e/.git/index.lock': File exists.\n\nAnother git process seems to be running in this repository, or the lock file may be stale\n"
INF http m=POST p=/api/v1/workspaces/40O6733L0000/nodes/40O6758L4000/table/records/create s=200 d=56.4ms s=35
INF http m=GET p=/icon.svg s=200 d=37µs s=195
INF http m=GET p=/icon-512.png s=200 d=134µs s=6498
INF http m=GET p=/icon-192.png s=200 d=88µs s=2468
INF http m=GET p=/favicon.png s=200 d=44µs s=449
INF http m=GET p=/apple-touch-icon.png s=200 d=82µs s=2298
INF http m=GET p=/assets/material-symbols-names-D7AiM4If.js s=200 d=135µs s=15478
ERR Failed to add workspace submodule wsID=40O677VPO000 err="failed to add submodule 40O677VPO000: exit status 128\nOutput: Adding existing repo at '40O677VPO000' to the index\nfatal: Unable to create '/home/runner/work/mddb/mddb/data-e2e/.git/index.lock': File exists.\n\nAnother git process seems to be running in this repository, or the lock file may be stale\nfatal: Failed to add submodule '40O677VPO000'\n"
INF http m=GET p=/assets/fr-B1PqNQ7U.js s=200 d=108µs s=6351
ERR Failed to commit DB changes err="failed to stage db changes: exit status 128\nOutput: fatal: Unable to create '/home/runner/work/mddb/mddb/data-e2e/.git/index.lock': File exists.\n\nAnother git process seems to be running in this repository, or the lock file may be stale\n"
INF http m=POST p=/api/v1/organizations/40O677QOM000/workspaces s=200 d=177ms s=299
INF http m=GET p=/assets/es-OK4oleHZ.js s=200 d=262µs s=6048
ERR Failed to commit DB changes err="failed to stage db changes: exit status 128\nOutput: fatal: Unable to create '/home/runner/work/mddb/mddb/data-e2e/.git/index.lock': File exists.\n\nAnother git process seems to be running in this repository, or the lock file may be stale\n"
INF http m=POST p=/api/v1/auth/switch-workspace s=200 d=19ms s=623
INF http m=GET p=/assets/emoji-groups-El6awxEn.js s=200 d=103µs s=13851
INF http m=GET p=/api/v1/notifications/unread-count s=200 d=302µs s=25
INF http m=GET p=/assets/de-CSEWDUi3.js s=200 d=160µs s=6281
INF http m=GET p=/api/v1/workspaces/40O677VPO000/members s=200 d=5.65ms s=126
INF http m=GET p=/api/v1/workspaces/40O677VPO000/nodes/0/children s=200 d=7.07ms s=26
INF http m=GET p=/assets/WorkspaceSettingsPanel-BXpT4LCS.css s=200 d=42µs s=994
INF http m=GET p=/assets/WorkspaceSettingsPanel-BB4UnxOs.js s=200 d=143µs s=4465
INF http m=GET p=/assets/Terms-CDs9SgkA.js s=200 d=41µs s=1013
INF http m=GET p=/assets/ServerSettingsPanel-Co4AQ7oB.css s=200 d=61µs s=576
ERR Failed to commit DB changes err="failed to stage db changes: exit status 128\nOutput: fatal: Unable to create '/home/runner/work/mddb/mddb/data-e2e/.git/index.lock': File exists.\n\nAnother git process seems to be running in this repository, or the lock file may be stale\n"
INF http m=POST p=/api/v1/workspaces/40O677VPO000/nodes/0/page/create s=200 d=45ms s=35
INF http m=GET p=/assets/ServerSettingsPanel-CUtQeHs8.js s=200 d=84µs s=2551
INF http m=GET p=/api/v1/workspaces/40O677VPO000/nodes/0/children s=200 d=2.38ms s=257
INF http m=GET p=/assets/ResourceQuotaForm-CBiYRbX4.js s=200 d=40µs s=832
INF http m=GET p=/api/v1/workspaces/40O677VPO000/nodes/40O679TCG000 s=200 d=1.02ms s=245
INF http m=GET p=/assets/ResourceQuotaForm-BFoPj33M.css s=200 d=1.13ms s=297
INF http m=GET p=/assets/Editor-BCbjs9IY.js s=200 d=114µs s=13602
INF http m=GET p=/assets/Editor-DfcJ-Jfc.css s=200 d=48µs s=2151
INF http m=GET p=/assets/ProfileSettings-DF5AVI35.js s=200 d=76µs s=4393
INF http m=GET p=/assets/ProfileSettings-CX-HDEdu.css s=200 d=42µs s=1177
INF http m=GET p=/assets/Privacy-cCrfp6_1.css s=200 d=47µs s=314
INF http m=GET p=/assets/Privacy-CgsgvqEr.js s=200 d=33µs s=904
ERR Failed to commit DB changes err="failed to stage db changes: exit status 128\nOutput: fatal: Unable to create '/home/runner/work/mddb/mddb/data-e2e/.git/index.lock': File exists.\n\nAnother git process seems to be running in this repository, or the lock file may be stale\n"
INF http m=POST p=/api/v1/workspaces/40O677VPO000/nodes/0/table/create s=200 d=34.7ms s=26
INF http m=GET p=/assets/OrgSettingsPanel-D9VVCokd.css s=200 d=36µs s=488
INF http m=GET p=/assets/OrgSettingsPanel-9P66Q2ps.js s=200 d=53µs s=2333
ERR Failed to commit DB changes err="failed to stage db changes: exit status 128\nOutput: fatal: Unable to create '/home/runner/work/mddb/mddb/data-e2e/.git/index.lock': File exists.\n\nAnother git process seems to be running in this repository, or the lock file may be stale\n"
INF http m=POST p=/api/v1/workspaces/40O677VPO000/nodes/40O67AM28000/table/records/create s=200 d=33.3ms s=26
INF http m=GET p=/assets/OAuthIcons-csRRTXki.js s=200 d=29µs s=951
INF http m=GET p=/assets/InviteForm-DLxm8fu0.css s=200 d=31µs s=394
ERR Failed to commit DB changes err="failed to stage db changes: exit status 128\nOutput: fatal: Unable to create '/home/runner/work/mddb/mddb/data-e2e/.git/index.lock': File exists.\n\nAnother git process seems to be running in this repository, or the lock file may be stale\n"
INF http m=POST p=/api/v1/auth/register s=200 d=160ms s=390
INF http m=GET p=/assets/InviteForm-CV0yK4I0.js s=200 d=37µs s=1291
INF http m=GET p=/ s=200 d=62µs s=541
ERR Failed to commit DB changes err="failed to stage db changes: exit status 128\nOutput: fatal: Unable to create '/home/runner/work/mddb/mddb/data-e2e/.git/index.lock': File exists.\n\nAnother git process seems to be running in this repository, or the lock file may be stale\n"
INF http m=POST p=/api/v1/workspaces/40O677VPO000/nodes/40O67AM28000/table/records/create s=200 d=29.3ms s=26
INF http m=GET p=/w/@40O677VPO000+workspace/@40O679TCG000+welcome s=200 d=61µs s=541
INF http m=GET p=/api/v1/workspaces/40O677VPO000/events s=200 d=261ms s=306
INF http m=GET p=/assets/Auth-8NWYUGup.js s=200 d=66µs s=1677
INF http m=GET p=/registerSW.js s=200 d=30µs s=87
INF http m=GET p=/assets/index-Dlg_ygoF.js s=200 d=155µs s=45483
INF http m=GET p=/assets/index-Bi-AgGrc.css s=200 d=145µs s=11684
INF http m=GET p=/assets/Auth-6SolzSg2.css s=200 d=45µs s=633
INF http m=GET p=/assets/vendor-CnrH3R4r.js s=200 d=189µs s=28803
INF http m=GET p=/assets/editor-vendor-VZT4IkOY.js s=200 d=179µs s=92428
INF http m=GET p=/registerSW.js s=200 d=34µs s=87
INF http m=GET p=/assets/AdminDashboard-DpHjrDyw.js s=200 d=67µs s=2142
INF http m=GET p=/assets/AdminDashboard-CjPbo26j.css s=200 d=48µs s=584
INF http m=GET p=/manifest.webmanifest s=200 d=32µs s=199
INF http m=GET p=/api/v1/auth/me s=200 d=404µs s=354
INF http m=GET p=/api/v1/notifications/unread-count s=200 d=327µs s=25
INF http m=GET p=/api/v1/workspaces/40O677VPO000/nodes/0/children s=200 d=828µs s=346
INF http m=GET p=/api/v1/workspaces/40O677VPO000/members s=200 d=797µs s=126
INF http m=GET p=/api/v1/workspaces/40O677VPO000/nodes/40O679TCG000 s=200 d=1.59ms s=245
INF http m=GET p=/api/v1/auth/me s=200 d=236µs s=162
INF http m=GET p=/assets/en-BIK_e_4K.js s=200 d=116µs s=5251
INF http m=GET p=/assets/Onboarding-DQ2WAJCW.js s=200 d=38µs s=996
INF http m=GET p=/api/v1/notifications/unread-count s=200 d=199µs s=25
INF http m=GET p=/sw.js s=200 d=2.47ms s=5593
INF http m=GET p=/favicon.png s=200 d=47µs s=449
INF http m=GET p=/registerSW.js s=200 d=34µs s=87
ERR Failed to commit DB changes err="failed to stage db changes: exit status 128\nOutput: fatal: Unable to create '/home/runner/work/mddb/mddb/data-e2e/.git/index.lock': File exists.\n\nAnother git process seems to be running in this repository, or the lock file may be stale\n"
INF http m=POST p=/api/v1/organizations s=200 d=8.67ms s=349
INF http m=GET p=/index.html s=200 d=30µs s=541
INF http m=GET p=/api/v1/workspaces/40O677VPO000/nodes/40O67AM28000 s=200 d=410µs s=207
INF http m=GET p=/api/v1/auth/me s=200 d=466µs s=247
INF http m=GET p=/icon.svg s=200 d=34µs s=195
INF http m=GET p=/icon-512.png s=200 d=73µs s=6498
INF http m=GET p=/icon-192.png s=200 d=43µs s=2468
INF http m=GET p=/favicon.png s=200 d=30µs s=449
INF http m=GET p=/apple-touch-icon.png s=200 d=45µs s=2298
INF http m=GET p=/api/v1/workspaces/40O677VPO000/nodes/40O67AM28000/table/records s=200 d=879µs s=146
INF http m=GET p=/assets/material-symbols-names-D7AiM4If.js s=200 d=130µs s=15478
INF http m=GET p=/assets/fr-B1PqNQ7U.js s=200 d=84µs s=6351
INF http m=GET p=/assets/es-OK4oleHZ.js s=200 d=90µs s=6048
INF http m=GET p=/assets/emoji-groups-El6awxEn.js s=200 d=118µs s=13851
ERR Failed to add workspace submodule wsID=40O67CU2S000 err="failed to add submodule 40O67CU2S000: exit status 128\nOutput: Adding existing repo at '40O67CU2S000' to the index\nfatal: Unable to create '/home/runner/work/mddb/mddb/data-e2e/.git/index.lock': File exists.\n\nAnother git process seems to be running in this repository, or the lock file may be stale\nfatal: Failed to add submodule '40O67CU2S000'\n"
ERR Failed to commit DB changes err="failed to stage db changes: exit status 128\nOutput: fatal: Unable to create '/home/runner/work/mddb/mddb/data-e2e/.git/index.lock': File exists.\n\nAnother git process seems to be running in this repository, or the lock file may be stale\n"
INF http m=POST p=/api/v1/organizations/40O67CQ1S000/workspaces s=200 d=115ms s=295
ERR Failed to commit DB changes err="failed to stage db changes: exit status 128\nOutput: fatal: Unable to create '/home/runner/work/mddb/mddb/data-e2e/.git/index.lock': File exists.\n\nAnother git process seems to be running in this repository, or the lock file may be stale\n"
INF http m=POST p=/api/v1/auth/switch-workspace s=200 d=8.84ms s=557
INF http m=GET p=/assets/de-CSEWDUi3.js s=200 d=82µs s=6281
INF http m=GET p=/assets/WorkspaceSettingsPanel-BXpT4LCS.css s=200 d=30µs s=994
INF http m=GET p=/api/v1/workspaces/40O67CU2S000/nodes/0/children s=200 d=765µs s=26
INF http m=GET p=/api/v1/workspaces/40O67CU2S000/members s=200 d=974µs s=120
INF http m=GET p=/api/v1/notifications/unread-count s=200 d=12.2ms s=25
INF http m=GET p=/assets/WorkspaceSettingsPanel-BB4UnxOs.js s=200 d=102µs s=4465
INF http m=GET p=/assets/Terms-CDs9SgkA.js s=200 d=34µs s=1013
INF http m=GET p=/assets/ServerSettingsPanel-Co4AQ7oB.css s=200 d=38µs s=576
INF http m=GET p=/assets/ServerSettingsPanel-CUtQeHs8.js s=200 d=44µs s=2551
INF http m=GET p=/assets/ResourceQuotaForm-CBiYRbX4.js s=200 d=34µs s=832
INF http m=GET p=/assets/ResourceQuotaForm-BFoPj33M.css s=200 d=27µs s=297
ERR Failed to commit DB changes err="failed to stage db changes: exit status 128\nOutput: fatal: Unable to create '/home/runner/work/mddb/mddb/data-e2e/.git/index.lock': File exists.\n\nAnother git process seems to be running in this repository, or the lock file may be stale\n"
INF http m=POST p=/api/v1/workspaces/40O67CU2S000/nodes/0/page/create s=200 d=26.7ms s=35
INF http m=GET p=/api/v1/workspaces/40O67CU2S000/nodes/0/children s=200 d=304µs s=257
INF http m=GET p=/assets/ProfileSettings-DF5AVI35.js s=200 d=77µs s=4393
INF http m=GET p=/api/v1/workspaces/40O67CU2S000/nodes/40O67E19O000 s=200 d=544µs s=245
INF http m=GET p=/assets/ProfileSettings-CX-HDEdu.css s=200 d=32µs s=1177
INF http m=GET p=/assets/Editor-BCbjs9IY.js s=200 d=89µs s=13602
INF http m=GET p=/assets/Editor-DfcJ-Jfc.css s=200 d=43µs s=2151
INF http m=GET p=/assets/Privacy-cCrfp6_1.css s=200 d=32µs s=314
INF http m=GET p=/assets/Privacy-CgsgvqEr.js s=200 d=27µs s=904
INF http m=GET p=/assets/OrgSettingsPanel-D9VVCokd.css s=200 d=30µs s=488
INF http m=GET p=/assets/OrgSettingsPanel-9P66Q2ps.js s=200 d=46µs s=2333
INF http m=GET p=/assets/OAuthIcons-csRRTXki.js s=200 d=39µs s=951
INF http m=GET p=/assets/InviteForm-DLxm8fu0.css s=200 d=32µs s=394
INF http m=GET p=/assets/InviteForm-CV0yK4I0.js s=200 d=33µs s=1291
INF http m=GET p=/assets/Auth-8NWYUGup.js s=200 d=45µs s=1677
INF http m=GET p=/assets/Auth-6SolzSg2.css s=200 d=29µs s=633
INF http m=GET p=/assets/AdminDashboard-DpHjrDyw.js s=200 d=36µs s=2142
INF http m=GET p=/assets/AdminDashboard-CjPbo26j.css s=200 d=42µs s=584
INF http m=GET p=/manifest.webmanifest s=200 d=26µs s=199
ERR Failed to commit DB changes err="failed to stage db changes: exit status 128\nOutput: fatal: Unable to create '/home/runner/work/mddb/mddb/data-e2e/.git/index.lock': File exists.\n\nAnother git process seems to be running in this repository, or the lock file may be stale\n"
INF http m=POST p=/api/v1/workspaces/40O67CU2S000/nodes/0/table/create s=200 d=15.2ms s=26
ERR Failed to commit DB changes err="failed to stage db changes: exit status 128\nOutput: fatal: Unable to create '/home/runner/work/mddb/mddb/data-e2e/.git/index.lock': File exists.\n\nAnother git process seems to be running in this repository, or the lock file may be stale\n"
INF http m=POST p=/api/v1/workspaces/40O67CU2S000/nodes/40O67F548000/table/records/create s=200 d=22.7ms s=26
INF http m=GET p=/w/@40O67CU2S000+workspace/@40O67E19O000+welcome s=200 d=43µs s=541
INF http m=GET p=/api/v1/workspaces/40O67CU2S000/events s=200 d=260ms s=278
INF http m=GET p=/api/v1/workspaces/40O677VPO000/events s=200 d=526ms s=93
INF http m=GET p=/api/v1/auth/me s=200 d=741µs s=362
INF http m=GET p=/api/v1/notifications/unread-count s=200 d=357µs s=25
INF http m=GET p=/api/v1/workspaces/40O67CU2S000/members s=200 d=347µs s=120
INF http m=GET p=/api/v1/workspaces/40O67CU2S000/nodes/0/children s=200 d=572µs s=279
INF http m=GET p=/api/v1/workspaces/40O67CU2S000/nodes/40O67E19O000 s=200 d=723µs s=245
INF http m=GET p=/api/v1/workspaces/40O67CU2S000/nodes/40O67F548000 s=200 d=7.96ms s=163
INF http m=GET p=/api/v1/workspaces/40O67CU2S000/nodes/40O67F548000/table/records s=200 d=357µs s=106
ERR Failed to commit DB changes err="failed to stage db changes: exit status 128\nOutput: fatal: Unable to create '/home/runner/work/mddb/mddb/data-e2e/.git/index.lock': File exists.\n\nAnother git process seems to be running in this repository, or the lock file may be stale\n"
INF http m=POST p=/api/v1/auth/register s=200 d=100ms s=386
INF http m=GET p=/ s=200 d=85µs s=541
INF http m=GET p=/assets/index-Dlg_ygoF.js s=200 d=166µs s=45483
INF http m=GET p=/assets/index-Bi-AgGrc.css s=200 d=116µs s=11684
INF http m=GET p=/assets/vendor-CnrH3R4r.js s=200 d=221µs s=28803
INF http m=GET p=/assets/editor-vendor-VZT4IkOY.js s=200 d=152µs s=92428
INF http m=GET p=/registerSW.js s=200 d=31µs s=87
INF http m=GET p=/api/v1/auth/me s=200 d=266µs s=162
INF http m=GET p=/api/v1/workspaces/40O67CU2S000/events s=200 d=330ms s=93
INF http m=GET p=/assets/en-BIK_e_4K.js s=200 d=88µs s=5251
INF http m=GET p=/assets/Onboarding-DQ2WAJCW.js s=200 d=36µs s=996
INF http m=GET p=/api/v1/notifications/unread-count s=200 d=182µs s=25
INF http m=GET p=/favicon.png s=200 d=43µs s=449
INF http m=GET p=/sw.js s=200 d=74µs s=5593
ERR Failed to commit DB changes err="failed to stage db changes: exit status 128\nOutput: fatal: Unable to create '/home/runner/work/mddb/mddb/data-e2e/.git/index.lock': File exists.\n\nAnother git process seems to be running in this repository, or the lock file may be stale\n"
INF http m=POST p=/api/v1/organizations s=200 d=11.7ms s=348
INF http m=GET p=/api/v1/auth/me s=200 d=327µs s=249
INF http m=GET p=/registerSW.js s=200 d=36µs s=87
INF http m=GET p=/index.html s=200 d=40µs s=541
INF http m=GET p=/icon.svg s=200 d=34µs s=195
INF http m=GET p=/icon-512.png s=200 d=110µs s=6498
INF http m=GET p=/icon-192.png s=200 d=59µs s=2468
INF http m=GET p=/favicon.png s=200 d=47µs s=449
INF http m=GET p=/apple-touch-icon.png s=200 d=59µs s=2298
INF http m=GET p=/assets/material-symbols-names-D7AiM4If.js s=200 d=118µs s=15478
INF http m=GET p=/assets/fr-B1PqNQ7U.js s=200 d=104µs s=6351
ERR Failed to add workspace submodule wsID=40O67ITGA000 err="failed to add submodule 40O67ITGA000: exit status 128\nOutput: Adding existing repo at '40O67ITGA000' to the index\nfatal: Unable to create '/home/runner/work/mddb/mddb/data-e2e/.git/index.lock': File exists.\n\nAnother git process seems to be running in this repository, or the lock file may be stale\nfatal: Failed to add submodule '40O67ITGA000'\n"
ERR Failed to commit DB changes err="failed to stage db changes: exit status 128\nOutput: fatal: Unable to create '/home/runner/work/mddb/mddb/data-e2e/.git/index.lock': File exists.\n\nAnother git process seems to be running in this repository, or the lock file may be stale\n"
INF http m=POST p=/api/v1/organizations/40O67ILS0000/workspaces s=200 d=208ms s=298
INF http m=GET p=/assets/es-OK4oleHZ.js s=200 d=104µs s=6048
ERR Failed to commit DB changes err="failed to stage db changes: exit status 128\nOutput: fatal: Unable to create '/home/runner/work/mddb/mddb/data-e2e/.git/index.lock': File exists.\n\nAnother git process seems to be running in this repository, or the lock file may be stale\n"
INF http m=POST p=/api/v1/auth/switch-workspace s=200 d=10ms s=552
INF http m=GET p=/assets/emoji-groups-El6awxEn.js s=200 d=106µs s=13851
INF http m=GET p=/api/v1/notifications/unread-count s=200 d=217µs s=25
INF http m=GET p=/api/v1/workspaces/40O67ITGA000/nodes/0/children s=200 d=53.6ms s=26
INF http m=GET p=/assets/de-CSEWDUi3.js s=200 d=133µs s=6281
INF http m=GET p=/api/v1/workspaces/40O67ITGA000/members s=200 d=52.9ms s=122
INF http m=GET p=/assets/WorkspaceSettingsPanel-BXpT4LCS.css s=200 d=40µs s=994
INF http m=GET p=/assets/WorkspaceSettingsPanel-BB4UnxOs.js s=200 d=109µs s=4465
INF http m=GET p=/assets/Terms-CDs9SgkA.js s=200 d=43µs s=1013
ERR Failed to commit DB changes err="failed to stage db changes: exit status 128\nOutput: fatal: Unable to create '/home/runner/work/mddb/mddb/data-e2e/.git/index.lock': File exists.\n\nAnother git process seems to be running in this repository, or the lock file may be stale\n"
INF http m=POST p=/api/v1/workspaces/40O67ITGA000/nodes/0/page/create s=200 d=34.9ms s=35
INF http m=GET p=/assets/ServerSettingsPanel-Co4AQ7oB.css s=200 d=46µs s=576
ERR Failed to commit DB changes err="failed to stage db changes: exit status 128\nOutput: fatal: Unable to create '/home/runner/work/mddb/mddb/data-e2e/.git/index.lock': File exists.\n\nAnother git process seems to be running in this repository, or the lock file may be stale\n"
INF http m=POST p=/api/v1/auth/register s=200 d=171ms s=385
INF http m=GET p=/api/v1/workspaces/40O67ITGA000/nodes/0/children s=200 d=297µs s=257
INF http m=GET p=/assets/ServerSettingsPanel-CUtQeHs8.js s=200 d=43µs s=2551
INF http m=GET p=/ s=200 d=39µs s=541
INF http m=GET p=/api/v1/workspaces/40O67ITGA000/nodes/40O67KRIS000 s=200 d=242µs s=245
INF http m=GET p=/assets/ResourceQuotaForm-CBiYRbX4.js s=200 d=76µs s=832
INF http m=GET p=/assets/Editor-DfcJ-Jfc.css s=200 d=52µs s=2151
INF http m=GET p=/assets/Editor-BCbjs9IY.js s=200 d=91µs s=13602
INF http m=GET p=/assets/ResourceQuotaForm-BFoPj33M.css s=200 d=42µs s=297
ERR Failed to commit DB changes err="failed to stage db changes: exit status 128\nOutput: fatal: Unable to create '/home/runner/work/mddb/mddb/data-e2e/.git/index.lock': File exists.\n\nAnother git process seems to be running in this repository, or the lock file may be stale\n"
INF http m=POST p=/api/v1/workspaces/40O67ITGA000/nodes/0/table/create s=200 d=42.3ms s=26
INF http m=GET p=/assets/vendor-CnrH3R4r.js s=200 d=155µs s=28803
INF http m=GET p=/assets/index-Bi-AgGrc.css s=200 d=137µs s=11684
INF http m=GET p=/assets/editor-vendor-VZT4IkOY.js s=200 d=156µs s=92428
INF http m=GET p=/assets/index-Dlg_ygoF.js s=200 d=533µs s=45483
INF http m=GET p=/assets/ProfileSettings-DF5AVI35.js s=200 d=61µs s=4393
INF http m=GET p=/registerSW.js s=200 d=39µs s=87
INF http m=GET p=/assets/ProfileSettings-CX-HDEdu.css s=200 d=43µs s=1177
INF http m=GET p=/assets/Privacy-cCrfp6_1.css s=200 d=41µs s=314
INF http m=GET p=/assets/Privacy-CgsgvqEr.js s=200 d=26µs s=904
INF http m=GET p=/assets/OrgSettingsPanel-D9VVCokd.css s=200 d=42µs s=488
INF http m=GET p=/assets/OrgSettingsPanel-9P66Q2ps.js s=200 d=58µs s=2333
ERR Failed to commit DB changes err="failed to stage db changes: exit status 128\nOutput: fatal: Unable to create '/home/runner/work/mddb/mddb/data-e2e/.git/index.lock': File exists.\n\nAnother git process seems to be running in this repository, or the lock file may be stale\n"
INF http m=POST p=/api/v1/workspaces/40O67ITGA000/nodes/40O67L5L6000/table/records/create s=200 d=62ms s=26
INF http m=GET p=/assets/OAuthIcons-csRRTXki.js s=200 d=35µs s=951
INF http m=GET p=/assets/InviteForm-DLxm8fu0.css s=200 d=35µs s=394
INF http m=GET p=/assets/InviteForm-CV0yK4I0.js s=200 d=32µs s=1291
INF http m=GET p=/assets/Auth-8NWYUGup.js s=200 d=45µs s=1677
ERR Failed to commit DB changes err="failed to stage db changes: exit status 128\nOutput: fatal: Unable to create '/home/runner/work/mddb/mddb/data-e2e/.git/index.lock': File exists.\n\nAnother git process seems to be running in this repository, or the lock file may be stale\n"
INF http m=POST p=/api/v1/workspaces/40O67ITGA000/nodes/40O67L5L6000/table/records/create s=200 d=42.8ms s=26
INF http m=GET p=/assets/Auth-6SolzSg2.css s=200 d=31µs s=633
INF http m=GET p=/assets/en-BIK_e_4K.js s=200 d=65µs s=5251
INF http m=GET p=/api/v1/auth/me s=200 d=200µs s=165
INF http m=GET p=/assets/AdminDashboard-DpHjrDyw.js s=200 d=45µs s=2142
INF http m=GET p=/assets/Onboarding-DQ2WAJCW.js s=200 d=34µs s=996
INF http m=GET p=/api/v1/notifications/unread-count s=200 d=209µs s=25
INF http m=GET p=/assets/AdminDashboard-CjPbo26j.css s=200 d=30µs s=584
INF http m=GET p=/favicon.png s=200 d=34µs s=449
INF http m=GET p=/manifest.webmanifest s=200 d=32µs s=199
ERR Failed to commit DB changes err="failed to stage db changes: exit status 128\nOutput: fatal: Unable to create '/home/runner/work/mddb/mddb/data-e2e/.git/index.lock': File exists.\n\nAnother git process seems to be running in this repository, or the lock file may be stale\n"
INF http m=POST p=/api/v1/organizations s=200 d=6.92ms s=349
ERR Failed to commit DB changes err="failed to stage db changes: exit status 128\nOutput: fatal: Unable to create '/home/runner/work/mddb/mddb/data-e2e/.git/index.lock': File exists.\n\nAnother git process seems to be running in this repository, or the lock file may be stale\n"
INF http m=POST p=/api/v1/workspaces/40O67ITGA000/nodes/40O67L5L6000/table/records/create s=200 d=46.2ms s=26
INF http m=GET p=/sw.js s=200 d=73µs s=5593
INF http m=GET p=/w/@40O67ITGA000+workspace/@40O67KRIS000+welcome s=200 d=39µs s=541
INF http m=GET p=/api/v1/workspaces/40O67ITGA000/events s=200 d=364ms s=336
INF http m=GET p=/registerSW.js s=200 d=43µs s=87
INF http m=GET p=/api/v1/auth/me s=200 d=6.08ms s=249
INF http m=GET p=/index.html s=200 d=39µs s=541
INF http m=GET p=/icon.svg s=200 d=37µs s=195
INF http m=GET p=/icon-512.png s=200 d=102µs s=6498
INF http m=GET p=/icon-192.png s=200 d=45µs s=2468
INF http m=GET p=/api/v1/auth/me s=200 d=302µs s=350
INF http m=GET p=/favicon.png s=200 d=28µs s=449
INF http m=GET p=/apple-touch-icon.png s=200 d=103µs s=2298
INF http m=GET p=/assets/material-symbols-names-D7AiM4If.js s=200 d=95µs s=15478
INF http m=GET p=/api/v1/notifications/unread-count s=200 d=4.18ms s=25
INF http m=GET p=/api/v1/workspaces/40O67ITGA000/nodes/0/children s=200 d=702µs s=281
INF http m=GET p=/api/v1/workspaces/40O67ITGA000/members s=200 d=195µs s=122
INF http m=GET p=/assets/fr-B1PqNQ7U.js s=200 d=7.61ms s=6351
INF http m=GET p=/api/v1/workspaces/40O67ITGA000/nodes/40O67KRIS000 s=200 d=26ms s=245
INF http m=GET p=/assets/es-OK4oleHZ.js s=200 d=90µs s=6048
ERR Failed to add workspace submodule wsID=40O67MV40000 err="failed to add submodule 40O67MV40000: exit status 128\nOutput: Adding existing repo at '40O67MV40000' to the index\nfatal: Unable to create '/home/runner/work/mddb/mddb/data-e2e/.git/index.lock': File exists.\n\nAnother git process seems to be running in this repository, or the lock file may be stale\nfatal: Failed to add submodule '40O67MV40000'\n"
ERR Failed to commit DB changes err="failed to stage db changes: exit status 128\nOutput: fatal: Unable to create '/home/runner/work/mddb/mddb/data-e2e/.git/index.lock': File exists.\n\nAnother git process seems to be running in this repository, or the lock file may be stale\n"
INF http m=POST p=/api/v1/organizations/40O67MEVU000/workspaces s=200 d=147ms s=294
INF http m=GET p=/assets/emoji-groups-El6awxEn.js s=200 d=143µs s=13851
ERR Failed to commit DB changes err="failed to stage db changes: exit status 128\nOutput: fatal: Unable to create '/home/runner/work/mddb/mddb/data-e2e/.git/index.lock': File exists.\n\nAnother git process seems to be running in this repository, or the lock file may be stale\n"
INF http m=POST p=/api/v1/auth/switch-workspace s=200 d=7.48ms s=603
INF http m=GET p=/api/v1/workspaces/40O67ITGA000/nodes/40O67L5L6000 s=200 d=630µs s=164
INF http m=GET p=/api/v1/notifications/unread-count s=200 d=208µs s=25
INF http m=GET p=/api/v1/workspaces/40O67MV40000/nodes/0/children s=200 d=312µs s=26
INF http m=GET p=/api/v1/workspaces/40O67MV40000/members s=200 d=511µs s=124
INF http m=GET p=/assets/de-CSEWDUi3.js s=200 d=129µs s=6281
INF http m=GET p=/api/v1/workspaces/40O67ITGA000/nodes/40O67L5L6000/table/records s=200 d=722µs s=150
INF http m=GET p=/assets/WorkspaceSettingsPanel-BXpT4LCS.css s=200 d=46µs s=994
INF http m=GET p=/assets/WorkspaceSettingsPanel-BB4UnxOs.js s=200 d=124µs s=4465
INF http m=GET p=/assets/Terms-CDs9SgkA.js s=200 d=37µs s=1013
ERR Failed to commit DB changes err="failed to stage db changes: exit status 128\nOutput: fatal: Unable to create '/home/runner/work/mddb/mddb/data-e2e/.git/index.lock': File exists.\n\nAnother git process seems to be running in this repository, or the lock file may be stale\n"
INF http m=GET p=/assets/ServerSettingsPanel-Co4AQ7oB.css s=200 d=64µs s=576
INF http m=POST p=/api/v1/workspaces/40O67MV40000/nodes/0/page/create s=200 d=30.4ms s=35
INF http m=GET p=/api/v1/workspaces/40O67MV40000/nodes/0/children s=200 d=678µs s=257
INF http m=GET p=/assets/ServerSettingsPanel-CUtQeHs8.js s=200 d=61µs s=2551
INF http m=GET p=/api/v1/workspaces/40O67MV40000/nodes/40O67OAAE000 s=200 d=810µs s=245
INF http m=GET p=/assets/ResourceQuotaForm-CBiYRbX4.js s=200 d=38µs s=832
INF http m=GET p=/assets/Editor-BCbjs9IY.js s=200 d=84µs s=13602
INF http m=GET p=/assets/Editor-DfcJ-Jfc.css s=200 d=64µs s=2151
INF http m=GET p=/assets/ResourceQuotaForm-BFoPj33M.css s=200 d=33µs s=297
INF http m=GET p=/assets/ProfileSettings-DF5AVI35.js s=200 d=66µs s=4393
INF http m=GET p=/assets/ProfileSettings-CX-HDEdu.css s=200 d=37µs s=1177
INF http m=GET p=/assets/Privacy-cCrfp6_1.css s=200 d=39µs s=314
INF http m=GET p=/assets/Privacy-CgsgvqEr.js s=200 d=30µs s=904
INF http m=GET p=/assets/OrgSettingsPanel-D9VVCokd.css s=200 d=26µs s=488
INF http m=GET p=/assets/OrgSettingsPanel-9P66Q2ps.js s=200 d=47µs s=2333
INF http m=GET p=/assets/OAuthIcons-csRRTXki.js s=200 d=33µs s=951
INF http m=GET p=/assets/InviteForm-DLxm8fu0.css s=200 d=25µs s=394
INF http m=GET p=/assets/InviteForm-CV0yK4I0.js s=200 d=29µs s=1291
INF http m=GET p=/assets/Auth-8NWYUGup.js s=200 d=29µs s=1677
INF http m=GET p=/assets/Auth-6SolzSg2.css s=200 d=27µs s=633
INF http m=GET p=/assets/AdminDashboard-DpHjrDyw.js s=200 d=39µs s=2142
INF http m=GET p=/assets/AdminDashboard-CjPbo26j.css s=200 d=24µs s=584
INF http m=GET p=/manifest.webmanifest s=200 d=28µs s=199
ERR Failed to commit DB changes err="failed to stage db changes: exit status 128\nOutput: fatal: Unable to create '/home/runner/work/mddb/mddb/data-e2e/.git/index.lock': File exists.\n\nAnother git process seems to be running in this repository, or the lock file may be stale\n"
INF http m=POST p=/api/v1/workspaces/40O67MV40000/nodes/0/table/create s=200 d=16ms s=26
ERR Failed to commit DB changes err="failed to stage db changes: exit status 128\nOutput: fatal: Unable to create '/home/runner/work/mddb/mddb/data-e2e/.git/index.lock': File exists.\n\nAnother git process seems to be running in this repository, or the lock file may be stale\n"
INF http m=POST p=/api/v1/workspaces/40O67MV40000/nodes/40O67P72M000/table/records/create s=200 d=19.1ms s=26
INF http m=GET p=/api/v1/workspaces/40O67ITGA000/events s=200 d=314ms s=93
ERR Failed to commit DB changes err="failed to stage db changes: exit status 128\nOutput: fatal: Unable to create '/home/runner/work/mddb/mddb/data-e2e/.git/index.lock': File exists.\n\nAnother git process seems to be running in this repository, or the lock file may be stale\n"
INF http m=POST p=/api/v1/workspaces/40O67MV40000/nodes/40O67P72M000/table/records/create s=200 d=41.7ms s=26
ERR Failed to commit DB changes err="failed to stage db changes: exit status 128\nOutput: fatal: Unable to create '/home/runner/work/mddb/mddb/data-e2e/.git/index.lock': File exists.\n\nAnother git process seems to be running in this repository, or the lock file may be stale\n"
INF http m=POST p=/api/v1/workspaces/40O67MV40000/nodes/40O67P72M000/table/records/create s=200 d=22.1ms s=26
INF http m=GET p=/w/@40O67MV40000+workspace/@40O67OAAE000+welcome s=200 d=43µs s=541
INF http m=GET p=/api/v1/workspaces/40O67MV40000/events s=200 d=279ms s=343
INF http m=GET p=/api/v1/auth/me s=200 d=789µs s=349
INF http m=GET p=/api/v1/notifications/unread-count s=200 d=767µs s=25
INF http m=GET p=/api/v1/workspaces/40O67MV40000/nodes/0/children s=200 d=844µs s=281
INF http m=GET p=/api/v1/workspaces/40O67MV40000/nodes/40O67OAAE000 s=200 d=4.99ms s=245
INF http m=GET p=/api/v1/workspaces/40O67MV40000/members s=200 d=4.32ms s=124
INF http m=GET p=/api/v1/workspaces/40O67MV40000/nodes/40O67P72M000 s=200 d=393µs s=165
INF http m=GET p=/api/v1/workspaces/40O67MV40000/nodes/40O67P72M000/table/records s=200 d=380µs s=149
ERR Failed to commit DB changes err="failed to stage db changes: exit status 128\nOutput: fatal: Unable to create '/home/runner/work/mddb/mddb/data-e2e/.git/index.lock': File exists.\n\nAnother git process seems to be running in this repository, or the lock file may be stale\n"
INF http m=POST p=/api/v1/auth/register s=200 d=151ms s=391
INF http m=GET p=/ s=200 d=59µs s=541
INF http m=GET p=/assets/index-Dlg_ygoF.js s=200 d=201µs s=45483
INF http m=GET p=/assets/index-Bi-AgGrc.css s=200 d=177µs s=11684
INF http m=GET p=/assets/vendor-CnrH3R4r.js s=200 d=132µs s=28803
INF http m=GET p=/assets/editor-vendor-VZT4IkOY.js s=200 d=171µs s=92428
INF http m=GET p=/registerSW.js s=200 d=34µs s=87
INF http m=GET p=/api/v1/auth/me s=200 d=370µs s=167
INF http m=GET p=/assets/en-BIK_e_4K.js s=200 d=67µs s=5251
INF http m=GET p=/assets/Onboarding-DQ2WAJCW.js s=200 d=42µs s=996
INF http m=GET p=/api/v1/notifications/unread-count s=200 d=177µs s=25
INF http m=GET p=/favicon.png s=200 d=45µs s=449
ERR Failed to commit DB changes err="failed to stage db changes: exit status 128\nOutput: fatal: Unable to create '/home/runner/work/mddb/mddb/data-e2e/.git/index.lock': File exists.\n\nAnother git process seems to be running in this repository, or the lock file may be stale\n"
INF http m=POST p=/api/v1/organizations s=200 d=7.58ms s=350
INF http m=GET p=/sw.js s=200 d=102µs s=5593
INF http m=GET p=/api/v1/auth/me s=200 d=274µs s=250
INF http m=GET p=/registerSW.js s=200 d=42µs s=87
INF http m=GET p=/index.html s=200 d=36µs s=541
INF http m=GET p=/icon.svg s=200 d=39µs s=195
INF http m=GET p=/icon-512.png s=200 d=91µs s=6498
INF http m=GET p=/icon-192.png s=200 d=47µs s=2468
INF http m=GET p=/favicon.png s=200 d=37µs s=449
INF http m=GET p=/api/v1/workspaces/40O67MV40000/events s=200 d=387ms s=93
INF http m=GET p=/apple-touch-icon.png s=200 d=53µs s=2298
INF http m=GET p=/assets/material-symbols-names-D7AiM4If.js s=200 d=117µs s=15478
ERR Failed to add workspace submodule wsID=40O67SQV6000 err="failed to add submodule 40O67SQV6000: exit status 128\nOutput: Adding existing repo at '40O67SQV6000' to the index\nfatal: Unable to create '/home/runner/work/mddb/mddb/data-e2e/.git/index.lock': File exists.\n\nAnother git process seems to be running in this repository, or the lock file may be stale\nfatal: Failed to add submodule '40O67SQV6000'\n"
ERR Failed to commit DB changes err="failed to stage db changes: exit status 128\nOutput: fatal: Unable to create '/home/runner/work/mddb/mddb/data-e2e/.git/index.lock': File exists.\n\nAnother git process seems to be running in this repository, or the lock file may be stale\n"
INF http m=POST p=/api/v1/organizations/40O67SII8000/workspaces s=200 d=150ms s=300
ERR Failed to commit DB changes err="failed to stage db changes: exit status 128\nOutput: fatal: Unable to create '/home/runner/work/mddb/mddb/data-e2e/.git/index.lock': File exists.\n\nAnother git process seems to be running in this repository, or the lock file may be stale\n"
INF http m=POST p=/api/v1/auth/switch-workspace s=200 d=7.05ms s=573
INF http m=GET p=/assets/fr-B1PqNQ7U.js s=200 d=94µs s=6351
INF http m=GET p=/assets/es-OK4oleHZ.js s=200 d=99µs s=6048
INF http m=GET p=/api/v1/workspaces/40O67SQV6000/nodes/0/children s=200 d=1.13ms s=26
INF http m=GET p=/api/v1/notifications/unread-count s=200 d=211µs s=25
INF http m=GET p=/api/v1/workspaces/40O67SQV6000/members s=200 d=22.6ms s=128
INF http m=GET p=/assets/emoji-groups-El6awxEn.js s=200 d=124µs s=13851
ERR Failed to commit DB changes err="failed to stage db changes: exit status 128\nOutput: fatal: Unable to create '/home/runner/work/mddb/mddb/data-e2e/.git/index.lock': File exists.\n\nAnother git process seems to be running in this repository, or the lock file may be stale\n"
INF http m=POST p=/api/v1/workspaces/40O67SQV6000/nodes/0/page/create s=200 d=65.1ms s=35
INF http m=GET p=/api/v1/workspaces/40O67SQV6000/nodes/0/children s=200 d=319µs s=257
INF http m=GET p=/api/v1/workspaces/40O67SQV6000/nodes/40O67U1AG000 s=200 d=319µs s=245
INF http m=GET p=/assets/de-CSEWDUi3.js s=200 d=65µs s=6281
INF http m=GET p=/assets/WorkspaceSettingsPanel-BXpT4LCS.css s=200 d=39µs s=994
INF http m=GET p=/assets/Editor-DfcJ-Jfc.css s=200 d=89µs s=2151
INF http m=GET p=/assets/Editor-BCbjs9IY.js s=200 d=64µs s=13602
INF http m=GET p=/assets/WorkspaceSettingsPanel-BB4UnxOs.js s=200 d=62µs s=4465
INF http m=GET p=/assets/Terms-CDs9SgkA.js s=200 d=43µs s=1013
INF http m=GET p=/assets/ServerSettingsPanel-Co4AQ7oB.css s=200 d=37µs s=576
INF http m=GET p=/assets/ServerSettingsPanel-CUtQeHs8.js s=200 d=48µs s=2551
INF http m=GET p=/assets/ResourceQuotaForm-CBiYRbX4.js s=200 d=33µs s=832
INF http m=GET p=/assets/ResourceQuotaForm-BFoPj33M.css s=200 d=28µs s=297
INF http m=GET p=/assets/ProfileSettings-DF5AVI35.js s=200 d=71µs s=4393
INF http m=GET p=/assets/ProfileSettings-CX-HDEdu.css s=200 d=42µs s=1177
INF http m=GET p=/assets/Privacy-cCrfp6_1.css s=200 d=42µs s=314
INF http m=GET p=/assets/Privacy-CgsgvqEr.js s=200 d=35µs s=904
INF http m=GET p=/assets/OrgSettingsPanel-D9VVCokd.css s=200 d=45µs s=488
INF http m=GET p=/assets/OrgSettingsPanel-9P66Q2ps.js s=200 d=41µs s=2333
INF http m=GET p=/assets/OAuthIcons-csRRTXki.js s=200 d=34µs s=951
ERR Failed to commit DB changes err="failed to stage db changes: exit status 128\nOutput: fatal: Unable to create '/home/runner/work/mddb/mddb/data-e2e/.git/index.lock': File exists.\n\nAnother git process seems to be running in this repository, or the lock file may be stale\n"
INF http m=POST p=/api/v1/workspaces/40O67SQV6000/nodes/0/table/create s=200 d=27.8ms s=26
INF http m=GET p=/assets/InviteForm-DLxm8fu0.css s=200 d=30µs s=394
INF http m=GET p=/assets/InviteForm-CV0yK4I0.js s=200 d=31µs s=1291
INF http m=GET p=/assets/Auth-8NWYUGup.js s=200 d=55µs s=1677
INF http m=GET p=/assets/Auth-6SolzSg2.css s=200 d=26µs s=633
ERR Failed to commit DB changes err="failed to stage db changes: exit status 128\nOutput: fatal: Unable to create '/home/runner/work/mddb/mddb/data-e2e/.git/index.lock': File exists.\n\nAnother git process seems to be running in this repository, or the lock file may be stale\n"
INF http m=POST p=/api/v1/workspaces/40O67SQV6000/nodes/40O67V8QU000/table/records/create s=200 d=28.9ms s=26
INF http m=GET p=/assets/AdminDashboard-DpHjrDyw.js s=200 d=35µs s=2142
INF http m=GET p=/assets/AdminDashboard-CjPbo26j.css s=200 d=28µs s=584
ERR Failed to commit DB changes err="failed to stage db changes: exit status 128\nOutput: fatal: Unable to create '/home/runner/work/mddb/mddb/data-e2e/.git/index.lock': File exists.\n\nAnother git process seems to be running in this repository, or the lock file may be stale\n"
INF http m=POST p=/api/v1/auth/register s=200 d=175ms s=397
INF http m=GET p=/manifest.webmanifest s=200 d=25µs s=199
INF http m=GET p=/ s=200 d=74µs s=541
ERR Failed to commit DB changes err="failed to stage db changes: exit status 128\nOutput: fatal: Unable to create '/home/runner/work/mddb/mddb/data-e2e/.git/index.lock': File exists.\n\nAnother git process seems to be running in this repository, or the lock file may be stale\n"
INF http m=POST p=/api/v1/workspaces/40O67SQV6000/nodes/40O67V8QU000/table/records/create s=200 d=36.7ms s=26
INF http m=GET p=/assets/index-Dlg_ygoF.js s=200 d=225µs s=45483
INF http m=GET p=/w/@40O67SQV6000+workspace/@40O67U1AG000+welcome s=200 d=27µs s=541
INF http m=GET p=/api/v1/workspaces/40O67SQV6000/events s=200 d=323ms s=317
INF http m=GET p=/assets/index-Bi-AgGrc.css s=200 d=135µs s=11684
INF http m=GET p=/assets/vendor-CnrH3R4r.js s=200 d=132µs s=28803
INF http m=GET p=/assets/editor-vendor-VZT4IkOY.js s=200 d=143µs s=92428
INF http m=GET p=/registerSW.js s=200 d=36µs s=87
INF http m=GET p=/api/v1/auth/me s=200 d=283µs s=351
INF http m=GET p=/api/v1/notifications/unread-count s=200 d=10.6ms s=25
INF http m=GET p=/api/v1/workspaces/40O67SQV6000/members s=200 d=10.9ms s=128
INF http m=GET p=/api/v1/workspaces/40O67SQV6000/nodes/40O67U1AG000 s=200 d=309µs s=245
INF http m=GET p=/api/v1/workspaces/40O67SQV6000/nodes/0/children s=200 d=19.7ms s=283
INF http m=GET p=/api/v1/auth/me s=200 d=1.35ms s=166
INF http m=GET p=/assets/en-BIK_e_4K.js s=200 d=94µs s=5251
INF http m=GET p=/assets/Onboarding-DQ2WAJCW.js s=200 d=47µs s=996
INF http m=GET p=/api/v1/notifications/unread-count s=200 d=187µs s=25
INF http m=GET p=/favicon.png s=200 d=30µs s=449
ERR Failed to commit DB changes err="failed to stage db changes: exit status 128\nOutput: fatal: Unable to create '/home/runner/work/mddb/mddb/data-e2e/.git/index.lock': File exists.\n\nAnother git process seems to be running in this repository, or the lock file may be stale\n"
INF http m=POST p=/api/v1/organizations s=200 d=8.8ms s=351
INF http m=GET p=/sw.js s=200 d=107µs s=5593
INF http m=GET p=/api/v1/auth/me s=200 d=255µs s=251
INF http m=GET p=/registerSW.js s=200 d=32µs s=87
INF http m=GET p=/api/v1/workspaces/40O67SQV6000/nodes/40O67V8QU000 s=200 d=635µs s=167
INF http m=GET p=/index.html s=200 d=39µs s=541
INF http m=GET p=/icon.svg s=200 d=45µs s=195
INF http m=GET p=/icon-512.png s=200 d=80µs s=6498
INF http m=GET p=/api/v1/workspaces/40O67SQV6000/nodes/40O67V8QU000/table/records s=200 d=291µs s=127
INF http m=GET p=/icon-192.png s=200 d=53µs s=2468
INF http m=GET p=/favicon.png s=200 d=45µs s=449
INF http m=GET p=/apple-touch-icon.png s=200 d=80µs s=2298
INF http m=GET p=/assets/material-symbols-names-D7AiM4If.js s=200 d=106µs s=15478
INF http m=GET p=/assets/fr-B1PqNQ7U.js s=200 d=85µs s=6351
INF http m=GET p=/assets/es-OK4oleHZ.js s=200 d=81µs s=6048
ERR Failed to add workspace submodule wsID=40O6817VA000 err="failed to add submodule 40O6817VA000: exit status 128\nOutput: Adding existing repo at '40O6817VA000' to the index\nfatal: Unable to create '/home/runner/work/mddb/mddb/data-e2e/.git/index.lock': File exists.\n\nAnother git process seems to be running in this repository, or the lock file may be stale\nfatal: Failed to add submodule '40O6817VA000'\n"
INF http m=GET p=/assets/emoji-groups-El6awxEn.js s=200 d=117µs s=13851
ERR Failed to commit DB changes err="failed to stage db changes: exit status 128\nOutput: fatal: Unable to create '/home/runner/work/mddb/mddb/data-e2e/.git/index.lock': File exists.\n\nAnother git process seems to be running in this repository, or the lock file may be stale\n"
INF http m=POST p=/api/v1/organizations/40O680SSE000/workspaces s=200 d=127ms s=298
ERR Failed to commit DB changes err="failed to stage db changes: exit status 128\nOutput: fatal: Unable to create '/home/runner/work/mddb/mddb/data-e2e/.git/index.lock': File exists.\n\nAnother git process seems to be running in this repository, or the lock file may be stale\n"
INF http m=POST p=/api/v1/auth/switch-workspace s=200 d=6.3ms s=611
INF http m=GET p=/assets/de-CSEWDUi3.js s=200 d=93µs s=6281
INF http m=GET p=/api/v1/workspaces/40O6817VA000/nodes/0/children s=200 d=1.43ms s=26
INF http m=GET p=/api/v1/workspaces/40O6817VA000/members s=200 d=1.21ms s=126
INF http m=GET p=/api/v1/notifications/unread-count s=200 d=1.62ms s=25
INF http m=GET p=/assets/WorkspaceSettingsPanel-BXpT4LCS.css s=200 d=30µs s=994
INF http m=GET p=/assets/WorkspaceSettingsPanel-BB4UnxOs.js s=200 d=136µs s=4465
INF http m=GET p=/assets/Terms-CDs9SgkA.js s=200 d=40µs s=1013
INF http m=GET p=/assets/ServerSettingsPanel-Co4AQ7oB.css s=200 d=36µs s=576
INF http m=GET p=/assets/ServerSettingsPanel-CUtQeHs8.js s=200 d=82µs s=2551
ERR Failed to commit DB changes err="failed to stage db changes: exit status 128\nOutput: fatal: Unable to create '/home/runner/work/mddb/mddb/data-e2e/.git/index.lock': File exists.\n\nAnother git process seems to be running in this repository, or the lock file may be stale\n"
INF http m=POST p=/api/v1/workspaces/40O6817VA000/nodes/0/page/create s=200 d=25.8ms s=35
INF http m=GET p=/api/v1/workspaces/40O6817VA000/nodes/0/children s=200 d=276µs s=257
INF http m=GET p=/assets/ResourceQuotaForm-CBiYRbX4.js s=200 d=30µs s=832
INF http m=GET p=/api/v1/workspaces/40O67SQV6000/events s=200 d=352ms s=93
INF http m=GET p=/assets/ResourceQuotaForm-BFoPj33M.css s=200 d=39µs s=297
INF http m=GET p=/api/v1/workspaces/40O6817VA000/nodes/40O682GA6000 s=200 d=3.53ms s=245
INF http m=GET p=/assets/ProfileSettings-DF5AVI35.js s=200 d=129µs s=4393
INF http m=GET p=/assets/Editor-BCbjs9IY.js s=200 d=117µs s=13602
INF http m=GET p=/assets/ProfileSettings-CX-HDEdu.css s=200 d=20µs s=1177
INF http m=GET p=/assets/Editor-DfcJ-Jfc.css s=200 d=38µs s=2151
INF http m=GET p=/assets/Privacy-cCrfp6_1.css s=200 d=43µs s=314
INF http m=GET p=/assets/Privacy-CgsgvqEr.js s=200 d=42µs s=904
INF http m=GET p=/assets/OrgSettingsPanel-D9VVCokd.css s=200 d=39µs s=488
INF http m=GET p=/assets/OrgSettingsPanel-9P66Q2ps.js s=200 d=47µs s=2333
INF http m=GET p=/assets/OAuthIcons-csRRTXki.js s=200 d=39µs s=951
INF http m=GET p=/assets/InviteForm-DLxm8fu0.css s=200 d=40µs s=394
INF http m=GET p=/assets/InviteForm-CV0yK4I0.js s=200 d=37µs s=1291
INF http m=GET p=/assets/Auth-8NWYUGup.js s=200 d=42µs s=1677
INF http m=GET p=/assets/Auth-6SolzSg2.css s=200 d=37µs s=633
ERR Failed to commit DB changes err="failed to stage db changes: exit status 128\nOutput: fatal: Unable to create '/home/runner/work/mddb/mddb/data-e2e/.git/index.lock': File exists.\n\nAnother git process seems to be running in this repository, or the lock file may be stale\n"
INF http m=POST p=/api/v1/workspaces/40O6817VA000/nodes/0/table/create s=200 d=30.4ms s=26
INF http m=GET p=/assets/AdminDashboard-DpHjrDyw.js s=200 d=45µs s=2142
INF http m=GET p=/assets/AdminDashboard-CjPbo26j.css s=200 d=32µs s=584
INF http m=GET p=/manifest.webmanifest s=200 d=36µs s=199
ERR Failed to commit DB changes err="failed to stage db changes: exit status 128\nOutput: fatal: Unable to create '/home/runner/work/mddb/mddb/data-e2e/.git/index.lock': File exists.\n\nAnother git process seems to be running in this repository, or the lock file may be stale\n"
INF http m=POST p=/api/v1/workspaces/40O6817VA000/nodes/40O683G46000/table/records/create s=200 d=44.6ms s=26
ERR Failed to commit DB changes err="failed to stage db changes: exit status 128\nOutput: fatal: Unable to create '/home/runner/work/mddb/mddb/data-e2e/.git/index.lock': File exists.\n\nAnother git process seems to be running in this repository, or the lock file may be stale\n"
INF http m=POST p=/api/v1/workspaces/40O6817VA000/nodes/40O683G46000/table/records/create s=200 d=46.9ms s=26
ERR Failed to commit DB changes err="failed to stage db changes: exit status 128\nOutput: fatal: Unable to create '/home/runner/work/mddb/mddb/data-e2e/.git/index.lock': File exists.\n\nAnother git process seems to be running in this repository, or the lock file may be stale\n"
INF http m=POST p=/api/v1/workspaces/40O6817VA000/nodes/40O683G46000/table/records/create s=200 d=25.1ms s=26
ERR Failed to commit DB changes err="failed to stage db changes: exit status 128\nOutput: fatal: Unable to create '/home/runner/work/mddb/mddb/data-e2e/.git/index.lock': File exists.\n\nAnother git process seems to be running in this repository, or the lock file may be stale\n"
INF http m=POST p=/api/v1/workspaces/40O6817VA000/nodes/40O683G46000/table/records/create s=200 d=33.6ms s=26
INF http m=GET p=/w/@40O6817VA000+workspace/@40O682GA6000+welcome s=200 d=39µs s=541
INF http m=GET p=/api/v1/workspaces/40O6817VA000/events s=200 d=383ms s=362
ERR Failed to commit DB changes err="failed to stage db changes: exit status 128\nOutput: fatal: Unable to create '/home/runner/work/mddb/mddb/data-e2e/.git/index.lock': File exists.\n\nAnother git process seems to be running in this repository, or the lock file may be stale\n"
INF http m=POST p=/api/v1/auth/register s=200 d=108ms s=394
INF http m=GET p=/ s=200 d=65µs s=541
INF http m=GET p=/assets/index-Dlg_ygoF.js s=200 d=143µs s=45483
INF http m=GET p=/assets/index-Bi-AgGrc.css s=200 d=106µs s=11684
INF http m=GET p=/assets/vendor-CnrH3R4r.js s=200 d=147µs s=28803
INF http m=GET p=/registerSW.js s=200 d=35µs s=87
INF http m=GET p=/assets/editor-vendor-VZT4IkOY.js s=200 d=152µs s=92428
INF http m=GET p=/api/v1/auth/me s=200 d=644µs s=356
INF http m=GET p=/api/v1/notifications/unread-count s=200 d=609µs s=25
INF http m=GET p=/api/v1/workspaces/40O6817VA000/nodes/0/children s=200 d=441µs s=294
INF http m=GET p=/api/v1/workspaces/40O6817VA000/nodes/40O682GA6000 s=200 d=404µs s=245
INF http m=GET p=/api/v1/workspaces/40O6817VA000/members s=200 d=694µs s=126
INF http m=GET p=/api/v1/auth/me s=200 d=251µs s=166
INF http m=GET p=/assets/en-BIK_e_4K.js s=200 d=131µs s=5251
INF http m=GET p=/api/v1/notifications/unread-count s=200 d=247µs s=25
INF http m=GET p=/assets/Onboarding-DQ2WAJCW.js s=200 d=39µs s=996
INF http m=GET p=/favicon.png s=200 d=25µs s=449
INF http m=GET p=/api/v1/workspaces/40O6817VA000/nodes/40O683G46000 s=200 d=344µs s=155
INF http m=GET p=/sw.js s=200 d=72µs s=5593
INF http m=GET p=/api/v1/workspaces/40O6817VA000/nodes/40O683G46000/table/records s=200 d=372µs s=170
ERR Failed to commit DB changes err="failed to stage db changes: exit status 128\nOutput: fatal: Unable to create '/home/runner/work/mddb/mddb/data-e2e/.git/index.lock': File exists.\n\nAnother git process seems to be running in this repository, or the lock file may be stale\n"
INF http m=POST p=/api/v1/organizations s=200 d=16.5ms s=350
INF http m=GET p=/api/v1/auth/me s=200 d=264µs s=250
INF http m=GET p=/registerSW.js s=200 d=33µs s=87
INF http m=GET p=/index.html s=200 d=61µs s=541
INF http m=GET p=/icon.svg s=200 d=34µs s=195
INF http m=GET p=/icon-512.png s=200 d=49µs s=6498
INF http m=GET p=/icon-192.png s=200 d=56µs s=2468
INF http m=GET p=/favicon.png s=200 d=31µs s=449
INF http m=GET p=/apple-touch-icon.png s=200 d=55µs s=2298
INF http m=GET p=/assets/material-symbols-names-D7AiM4If.js s=200 d=93µs s=15478
ERR Failed to add workspace submodule wsID=40O686HUO000 err="failed to add submodule 40O686HUO000: exit status 128\nOutput: Adding existing repo at '40O686HUO000' to the index\nfatal: Unable to create '/home/runner/work/mddb/mddb/data-e2e/.git/index.lock': File exists.\n\nAnother git process seems to be running in this repository, or the lock file may be stale\nfatal: Failed to add submodule '40O686HUO000'\n"
ERR Failed to commit DB changes err="failed to stage db changes: exit status 128\nOutput: fatal: Unable to create '/home/runner/work/mddb/mddb/data-e2e/.git/index.lock': File exists.\n\nAnother git process seems to be running in this repository, or the lock file may be stale\n"
INF http m=POST p=/api/v1/organizations/40O6869T0000/workspaces s=200 d=107ms s=298
ERR Failed to commit DB changes err="failed to stage db changes: exit status 128\nOutput: fatal: Unable to create '/home/runner/work/mddb/mddb/data-e2e/.git/index.lock': File exists.\n\nAnother git process seems to be running in this repository, or the lock file may be stale\n"
INF http m=POST p=/api/v1/auth/switch-workspace s=200 d=5.28ms s=571
INF http m=GET p=/assets/fr-B1PqNQ7U.js s=200 d=81µs s=6351
INF http m=GET p=/assets/es-OK4oleHZ.js s=200 d=82µs s=6048
INF http m=GET p=/assets/emoji-groups-El6awxEn.js s=200 d=104µs s=13851
INF http m=GET p=/api/v1/notifications/unread-count s=200 d=190µs s=25
INF http m=GET p=/api/v1/workspaces/40O686HUO000/nodes/0/children s=200 d=272µs s=26
INF http m=GET p=/api/v1/workspaces/40O686HUO000/members s=200 d=149µs s=130
INF http m=GET p=/assets/de-CSEWDUi3.js s=200 d=108µs s=6281
INF http m=GET p=/assets/WorkspaceSettingsPanel-BXpT4LCS.css s=200 d=30µs s=994
INF http m=GET p=/assets/WorkspaceSettingsPanel-BB4UnxOs.js s=200 d=61µs s=4465
INF http m=GET p=/assets/Terms-CDs9SgkA.js s=200 d=24µs s=1013
ERR Failed to commit DB changes err="failed to stage db changes: exit status 128\nOutput: fatal: Unable to create '/home/runner/work/mddb/mddb/data-e2e/.git/index.lock': File exists.\n\nAnother git process seems to be running in this repository, or the lock file may be stale\n"
INF http m=POST p=/api/v1/workspaces/40O686HUO000/nodes/0/page/create s=200 d=19.7ms s=35
INF http m=GET p=/assets/ServerSettingsPanel-Co4AQ7oB.css s=200 d=32µs s=576
INF http m=GET p=/api/v1/workspaces/40O686HUO000/nodes/0/children s=200 d=262µs s=257
INF http m=GET p=/assets/ServerSettingsPanel-CUtQeHs8.js s=200 d=53µs s=2551
INF http m=GET p=/api/v1/workspaces/40O686HUO000/nodes/40O687LQG000 s=200 d=293µs s=245
INF http m=GET p=/assets/ResourceQuotaForm-CBiYRbX4.js s=200 d=92µs s=832
INF http m=GET p=/assets/Editor-BCbjs9IY.js s=200 d=73µs s=13602
INF http m=GET p=/assets/Editor-DfcJ-Jfc.css s=200 d=95µs s=2151
INF http m=GET p=/assets/ResourceQuotaForm-BFoPj33M.css s=200 d=43µs s=297
INF http m=GET p=/api/v1/workspaces/40O6817VA000/events s=200 d=379ms s=93
INF http m=GET p=/assets/ProfileSettings-DF5AVI35.js s=200 d=103µs s=4393
INF http m=GET p=/assets/ProfileSettings-CX-HDEdu.css s=200 d=44µs s=1177
INF http m=GET p=/assets/Privacy-cCrfp6_1.css s=200 d=42µs s=314
INF http m=GET p=/assets/Privacy-CgsgvqEr.js s=200 d=30µs s=904
INF http m=GET p=/assets/OrgSettingsPanel-D9VVCokd.css s=200 d=27µs s=488
INF http m=GET p=/assets/OrgSettingsPanel-9P66Q2ps.js s=200 d=42µs s=2333
INF http m=GET p=/assets/OAuthIcons-csRRTXki.js s=200 d=28µs s=951
INF http m=GET p=/assets/InviteForm-DLxm8fu0.css s=200 d=32µs s=394
INF http m=GET p=/assets/InviteForm-CV0yK4I0.js s=200 d=40µs s=1291
INF http m=GET p=/assets/Auth-8NWYUGup.js s=200 d=35µs s=1677
INF http m=GET p=/assets/Auth-6SolzSg2.css s=200 d=43µs s=633
INF http m=GET p=/assets/AdminDashboard-DpHjrDyw.js s=200 d=50µs s=2142
INF http m=GET p=/assets/AdminDashboard-CjPbo26j.css s=200 d=34µs s=584
INF http m=GET p=/manifest.webmanifest s=200 d=41µs s=199
ERR Failed to commit DB changes err="failed to stage db changes: exit status 128\nOutput: fatal: Unable to create '/home/runner/work/mddb/mddb/data-e2e/.git/index.lock': File exists.\n\nAnother git process seems to be running in this repository, or the lock file may be stale\n"
INF http m=POST p=/api/v1/workspaces/40O686HUO000/nodes/0/table/create s=200 d=33.3ms s=26
ERR Failed to commit DB changes err="failed to stage db changes: exit status 128\nOutput: fatal: Unable to create '/home/runner/work/mddb/mddb/data-e2e/.git/index.lock': File exists.\n\nAnother git process seems to be running in this repository, or the lock file may be stale\n"
INF http m=POST p=/api/v1/workspaces/40O686HUO000/nodes/40O688TK0000/table/records/create s=200 d=34.9ms s=26
ERR Failed to commit DB changes err="failed to stage db changes: exit status 128\nOutput: fatal: Unable to create '/home/runner/work/mddb/mddb/data-e2e/.git/index.lock': File exists.\n\nAnother git process seems to be running in this repository, or the lock file may be stale\n"
INF http m=POST p=/api/v1/workspaces/40O686HUO000/nodes/40O688TK0000/table/records/create s=200 d=19.4ms s=26
ERR Failed to commit DB changes err="failed to stage db changes: exit status 128\nOutput: fatal: Unable to create '/home/runner/work/mddb/mddb/data-e2e/.git/index.lock': File exists.\n\nAnother git process seems to be running in this repository, or the lock file may be stale\n"
INF http m=POST p=/api/v1/workspaces/40O686HUO000/nodes/40O688TK0000/table/records/create s=200 d=17.3ms s=26
INF http m=GET p=/w/@40O686HUO000+workspace/@40O687LQG000+welcome s=200 d=43µs s=541
INF http m=GET p=/api/v1/workspaces/40O686HUO000/events s=200 d=366ms s=337
ERR Failed to commit DB changes err="failed to stage db changes: exit status 128\nOutput: fatal: Unable to create '/home/runner/work/mddb/mddb/data-e2e/.git/index.lock': File exists.\n\nAnother git process seems to be running in this repository, or the lock file may be stale\n"
INF http m=POST p=/api/v1/auth/register s=200 d=108ms s=395
INF http m=GET p=/ s=200 d=52µs s=541
INF http m=GET p=/assets/index-Dlg_ygoF.js s=200 d=302µs s=45483
INF http m=GET p=/assets/index-Bi-AgGrc.css s=200 d=102µs s=11684
INF http m=GET p=/api/v1/auth/me s=200 d=297µs s=355
INF http m=GET p=/assets/vendor-CnrH3R4r.js s=200 d=187µs s=28803
INF http m=GET p=/registerSW.js s=200 d=38µs s=87
INF http m=GET p=/assets/editor-vendor-VZT4IkOY.js s=200 d=185µs s=92428
INF http m=GET p=/api/v1/notifications/unread-count s=200 d=177µs s=25
INF http m=GET p=/api/v1/workspaces/40O686HUO000/nodes/0/children s=200 d=925µs s=282
INF http m=GET p=/api/v1/workspaces/40O686HUO000/members s=200 d=493µs s=130
INF http m=GET p=/api/v1/workspaces/40O686HUO000/nodes/40O687LQG000 s=200 d=677µs s=245
INF http m=GET p=/api/v1/auth/me s=200 d=267µs s=161
INF http m=GET p=/assets/en-BIK_e_4K.js s=200 d=126µs s=5251
INF http m=GET p=/sw.js s=200 d=86µs s=5593
INF http m=GET p=/api/v1/notifications/unread-count s=200 d=181µs s=25
INF http m=GET p=/assets/Onboarding-DQ2WAJCW.js s=200 d=127µs s=996
INF http m=GET p=/favicon.png s=200 d=49µs s=449
INF http m=GET p=/registerSW.js s=200 d=42µs s=87
ERR Failed to commit DB changes err="failed to stage db changes: exit status 128\nOutput: fatal: Unable to create '/home/runner/work/mddb/mddb/data-e2e/.git/index.lock': File exists.\n\nAnother git process seems to be running in this repository, or the lock file may be stale\n"
INF http m=POST p=/api/v1/organizations s=200 d=13.4ms s=352
INF http m=GET p=/api/v1/workspaces/40O686HUO000/nodes/40O688TK0000 s=200 d=275µs s=168
INF http m=GET p=/api/v1/auth/me s=200 d=326µs s=252
INF http m=GET p=/index.html s=200 d=28µs s=541
INF http m=GET p=/icon.svg s=200 d=32µs s=195
INF http m=GET p=/api/v1/workspaces/40O686HUO000/nodes/40O688TK0000/table/records s=200 d=654µs s=148
INF http m=GET p=/icon-512.png s=200 d=90µs s=6498
INF http m=GET p=/icon-192.png s=200 d=50µs s=2468
INF http m=GET p=/favicon.png s=200 d=41µs s=449
INF http m=GET p=/apple-touch-icon.png s=200 d=53µs s=2298
INF http m=GET p=/assets/material-symbols-names-D7AiM4If.js s=200 d=93µs s=15478
INF http m=GET p=/assets/fr-B1PqNQ7U.js s=200 d=95µs s=6351
INF http m=GET p=/assets/es-OK4oleHZ.js s=200 d=70µs s=6048
ERR Failed to add workspace submodule wsID=40O68BFM6000 err="failed to add submodule 40O68BFM6000: exit status 128\nOutput: Adding existing repo at '40O68BFM6000' to the index\nfatal: Unable to create '/home/runner/work/mddb/mddb/data-e2e/.git/index.lock': File exists.\n\nAnother git process seems to be running in this repository, or the lock file may be stale\nfatal: Failed to add submodule '40O68BFM6000'\n"
ERR Failed to commit DB changes err="failed to stage db changes: exit status 128\nOutput: fatal: Unable to create '/home/runner/work/mddb/mddb/data-e2e/.git/index.lock': File exists.\n\nAnother git process seems to be running in this repository, or the lock file may be stale\n"
INF http m=POST p=/api/v1/organizations/40O68BAPC000/workspaces s=200 d=120ms s=300
INF http m=GET p=/assets/emoji-groups-El6awxEn.js s=200 d=145µs s=13851
ERR Failed to commit DB changes err="failed to stage db changes: exit status 128\nOutput: fatal: Unable to create '/home/runner/work/mddb/mddb/data-e2e/.git/index.lock': File exists.\n\nAnother git process seems to be running in this repository, or the lock file may be stale\n"
INF http m=POST p=/api/v1/workspaces/40O686HUO000/nodes/40O688TK0000/views/create s=200 d=64ms s=26
INF http m=GET p=/w/@40O686HUO000+sort-persists-workspace/@40O688TK0000+sort-persist-table s=200 d=77µs s=541
ERR Failed to commit DB changes err="failed to stage db changes: exit status 128\nOutput: fatal: Unable to create '/home/runner/work/mddb/mddb/data-e2e/.git/index.lock': File exists.\n\nAnother git process seems to be running in this repository, or the lock file may be stale\n"
INF http m=POST p=/api/v1/auth/switch-workspace s=200 d=9.94ms s=577
INF http m=GET p=/api/v1/workspaces/40O686HUO000/events s=200 d=270ms s=206
INF http m=GET p=/assets/de-CSEWDUi3.js s=200 d=79µs s=6281
INF http m=GET p=/assets/WorkspaceSettingsPanel-BXpT4LCS.css s=200 d=41µs s=994
INF http m=GET p=/api/v1/workspaces/40O68BFM6000/members s=200 d=207µs s=128
INF http m=GET p=/api/v1/workspaces/40O68BFM6000/nodes/0/children s=200 d=301µs s=26
INF http m=GET p=/api/v1/notifications/unread-count s=200 d=430µs s=25
INF http m=GET p=/assets/WorkspaceSettingsPanel-BB4UnxOs.js s=200 d=94µs s=4465
INF http m=GET p=/assets/Terms-CDs9SgkA.js s=200 d=833µs s=1013
INF http m=GET p=/assets/ServerSettingsPanel-Co4AQ7oB.css s=200 d=46µs s=576
INF http m=GET p=/assets/ServerSettingsPanel-CUtQeHs8.js s=200 d=78µs s=2551
INF http m=GET p=/assets/ResourceQuotaForm-CBiYRbX4.js s=200 d=44µs s=832
INF http m=GET p=/api/v1/auth/me s=200 d=274µs s=355
INF http m=GET p=/assets/ResourceQuotaForm-BFoPj33M.css s=200 d=76µs s=297
ERR Failed to commit DB changes err="failed to stage db changes: exit status 128\nOutput: fatal: Unable to create '/home/runner/work/mddb/mddb/data-e2e/.git/index.lock': File exists.\n\nAnother git process seems to be running in this repository, or the lock file may be stale\n"
INF http m=GET p=/assets/ProfileSettings-DF5AVI35.js s=200 d=878µs s=4393
INF http m=POST p=/api/v1/workspaces/40O68BFM6000/nodes/0/page/create s=200 d=42.1ms s=35
INF http m=GET p=/api/v1/workspaces/40O68BFM6000/nodes/0/children s=200 d=281µs s=257
INF http m=GET p=/api/v1/workspaces/40O686HUO000/members s=200 d=152µs s=130
INF http m=GET p=/api/v1/workspaces/40O686HUO000/nodes/0/children s=200 d=877µs s=308
INF http m=GET p=/api/v1/notifications/unread-count s=200 d=133µs s=25
INF http m=GET p=/assets/ProfileSettings-CX-HDEdu.css s=200 d=64µs s=1177
INF http m=GET p=/api/v1/workspaces/40O686HUO000/nodes/40O688TK0000 s=200 d=5.57ms s=169
INF http m=GET p=/api/v1/workspaces/40O68BFM6000/nodes/40O68CM28000 s=200 d=1.92ms s=245
INF http m=GET p=/assets/Privacy-cCrfp6_1.css s=200 d=39µs s=314
INF http m=GET p=/assets/Privacy-CgsgvqEr.js s=200 d=29µs s=904
INF http m=GET p=/assets/Editor-BCbjs9IY.js s=200 d=112µs s=13602
INF http m=GET p=/assets/Editor-DfcJ-Jfc.css s=200 d=51µs s=2151
INF http m=GET p=/api/v1/workspaces/40O686HUO000/nodes/40O688TK0000/table/records s=200 d=458µs s=148
INF http m=GET p=/assets/OrgSettingsPanel-D9VVCokd.css s=200 d=31µs s=488
INF http m=GET p=/assets/OrgSettingsPanel-9P66Q2ps.js s=200 d=56µs s=2333
INF http m=GET p=/assets/OAuthIcons-csRRTXki.js s=200 d=32µs s=951
INF http m=GET p=/assets/InviteForm-DLxm8fu0.css s=200 d=33µs s=394
INF http m=GET p=/assets/InviteForm-CV0yK4I0.js s=200 d=33µs s=1291
INF http m=GET p=/assets/Auth-8NWYUGup.js s=200 d=33µs s=1677
INF http m=GET p=/assets/Auth-6SolzSg2.css s=200 d=30µs s=633
INF http m=GET p=/assets/AdminDashboard-DpHjrDyw.js s=200 d=63µs s=2142
INF http m=GET p=/assets/AdminDashboard-CjPbo26j.css s=200 d=25µs s=584
INF http m=GET p=/manifest.webmanifest s=200 d=26µs s=199
ERR Failed to commit DB changes err="failed to stage db changes: exit status 128\nOutput: fatal: Unable to create '/home/runner/work/mddb/mddb/data-e2e/.git/index.lock': File exists.\n\nAnother git process seems to be running in this repository, or the lock file may be stale\n"
INF http m=POST p=/api/v1/workspaces/40O68BFM6000/nodes/0/table/create s=200 d=12.7ms s=26
ERR Failed to commit DB changes err="failed to stage db changes: exit status 128\nOutput: fatal: Unable to create '/home/runner/work/mddb/mddb/data-e2e/.git/index.lock': File exists.\n\nAnother git process seems to be running in this repository, or the lock file may be stale\n"
INF http m=POST p=/api/v1/workspaces/40O68BFM6000/nodes/40O68DJP0000/table/records/create s=200 d=16.3ms s=26
ERR Failed to commit DB changes err="failed to stage db changes: exit status 128\nOutput: fatal: Unable to create '/home/runner/work/mddb/mddb/data-e2e/.git/index.lock': File exists.\n\nAnother git process seems to be running in this repository, or the lock file may be stale\n"
INF http m=POST p=/api/v1/workspaces/40O68BFM6000/nodes/40O68DJP0000/table/records/create s=200 d=13.7ms s=26
INF http m=GET p=/w/@40O68BFM6000+workspace/@40O68CM28000+welcome s=200 d=32µs s=541
INF http m=GET p=/api/v1/workspaces/40O68BFM6000/events s=200 d=217ms s=309
ERR Failed to commit DB changes err="failed to stage db changes: exit status 128\nOutput: fatal: Unable to create '/home/runner/work/mddb/mddb/data-e2e/.git/index.lock': File exists.\n\nAnother git process seems to be running in this repository, or the lock file may be stale\n"
INF http m=POST p=/api/v1/workspaces/40O686HUO000/nodes/40O688TK0000/views/40O68BRRS000 s=200 d=28.6ms s=35
INF http m=GET p=/api/v1/auth/me s=200 d=1ms s=355
INF http m=GET p=/api/v1/workspaces/40O686HUO000/nodes/40O688TK0000/table/records s=200 d=514µs s=150
INF http m=GET p=/api/v1/notifications/unread-count s=200 d=153µs s=25
INF http m=GET p=/api/v1/workspaces/40O68BFM6000/members s=200 d=150µs s=128
INF http m=GET p=/api/v1/workspaces/40O68BFM6000/nodes/40O68CM28000 s=200 d=376µs s=245
INF http m=GET p=/api/v1/workspaces/40O68BFM6000/nodes/0/children s=200 d=612µs s=282
INF http m=GET p=/api/v1/workspaces/40O686HUO000/events s=200 d=274ms s=212
INF http m=GET p=/api/v1/workspaces/40O68BFM6000/nodes/40O68DJP0000 s=200 d=849µs s=167
INF http m=GET p=/api/v1/workspaces/40O68BFM6000/nodes/40O68DJP0000/table/records s=200 d=386µs s=128
ERR Failed to commit DB changes err="failed to stage db changes: exit status 128\nOutput: fatal: Unable to create '/home/runner/work/mddb/mddb/data-e2e/.git/index.lock': File exists.\n\nAnother git process seems to be running in this repository, or the lock file may be stale\n"
INF http m=POST p=/api/v1/auth/register s=200 d=90.2ms s=398
INF http m=GET p=/api/v1/workspaces/40O68BFM6000/events s=200 d=286ms s=93
INF http m=GET p=/ s=200 d=56µs s=541
INF http m=GET p=/assets/index-Dlg_ygoF.js s=200 d=165µs s=45483
INF http m=GET p=/assets/editor-vendor-VZT4IkOY.js s=200 d=185µs s=92428
INF http m=GET p=/assets/vendor-CnrH3R4r.js s=200 d=117µs s=28803
INF http m=GET p=/assets/index-Bi-AgGrc.css s=200 d=96µs s=11684
INF http m=GET p=/registerSW.js s=200 d=49µs s=87
INF http m=GET p=/api/v1/auth/me s=200 d=225µs s=168
INF http m=GET p=/assets/en-BIK_e_4K.js s=200 d=156µs s=5251
INF http m=GET p=/assets/Onboarding-DQ2WAJCW.js s=200 d=39µs s=996
INF http m=GET p=/api/v1/notifications/unread-count s=200 d=218µs s=25
INF http m=GET p=/sw.js s=200 d=85µs s=5593
INF http m=GET p=/favicon.png s=200 d=37µs s=449
ERR Failed to commit DB changes err="failed to stage db changes: exit status 128\nOutput: fatal: Unable to create '/home/runner/work/mddb/mddb/data-e2e/.git/index.lock': File exists.\n\nAnother git process seems to be running in this repository, or the lock file may be stale\n"
INF http m=POST p=/api/v1/organizations s=200 d=7.92ms s=353
INF http m=GET p=/registerSW.js s=200 d=41µs s=87
INF http m=GET p=/api/v1/auth/me s=200 d=291µs s=256
INF http m=GET p=/index.html s=200 d=80µs s=541
INF http m=GET p=/icon.svg s=200 d=28µs s=195
INF http m=GET p=/icon-512.png s=200 d=74µs s=6498
ERR Failed to commit DB changes err="failed to stage db changes: exit status 128\nOutput: fatal: Unable to create '/home/runner/work/mddb/mddb/data-e2e/.git/index.lock': File exists.\n\nAnother git process seems to be running in this repository, or the lock file may be stale\n"
INF http m=POST p=/api/v1/auth/register s=200 d=132ms s=395
INF http m=GET p=/icon-192.png s=200 d=49µs s=2468
INF http m=GET p=/ s=200 d=78µs s=541
INF http m=GET p=/favicon.png s=200 d=38µs s=449
INF http m=GET p=/apple-touch-icon.png s=200 d=56µs s=2298
INF http m=GET p=/assets/material-symbols-names-D7AiM4If.js s=200 d=95µs s=15478
INF http m=GET p=/assets/index-Dlg_ygoF.js s=200 d=300µs s=45483
INF http m=GET p=/assets/index-Bi-AgGrc.css s=200 d=131µs s=11684
INF http m=GET p=/assets/vendor-CnrH3R4r.js s=200 d=182µs s=28803
INF http m=GET p=/registerSW.js s=200 d=47µs s=87
INF http m=GET p=/assets/editor-vendor-VZT4IkOY.js s=200 d=170µs s=92428
INF http m=GET p=/assets/fr-B1PqNQ7U.js s=200 d=596µs s=6351
INF http m=GET p=/assets/es-OK4oleHZ.js s=200 d=88µs s=6048
ERR Failed to add workspace submodule wsID=40O68IEQM000 err="failed to add submodule 40O68IEQM000: exit status 128\nOutput: Adding existing repo at '40O68IEQM000' to the index\nfatal: Unable to create '/home/runner/work/mddb/mddb/data-e2e/.git/index.lock': File exists.\n\nAnother git process seems to be running in this repository, or the lock file may be stale\nfatal: Failed to add submodule '40O68IEQM000'\n"
ERR Failed to commit DB changes err="failed to stage db changes: exit status 128\nOutput: fatal: Unable to create '/home/runner/work/mddb/mddb/data-e2e/.git/index.lock': File exists.\n\nAnother git process seems to be running in this repository, or the lock file may be stale\n"
INF http m=POST p=/api/v1/organizations/40O68I89S000/workspaces s=200 d=172ms s=301
INF http m=GET p=/assets/emoji-groups-El6awxEn.js s=200 d=103µs s=13851
ERR Failed to commit DB changes err="failed to stage db changes: exit status 128\nOutput: fatal: Unable to create '/home/runner/work/mddb/mddb/data-e2e/.git/index.lock': File exists.\n\nAnother git process seems to be running in this repository, or the lock file may be stale\n"
INF http m=POST p=/api/v1/auth/switch-workspace s=200 d=10.1ms s=575
INF http m=GET p=/api/v1/notifications/unread-count s=200 d=209µs s=25
INF http m=GET p=/api/v1/workspaces/40O68IEQM000/members s=200 d=513µs s=120
INF http m=GET p=/api/v1/workspaces/40O68IEQM000/nodes/0/children s=200 d=2.13ms s=26
INF http m=GET p=/assets/de-CSEWDUi3.js s=200 d=74µs s=6281
INF http m=GET p=/api/v1/auth/me s=200 d=843µs s=168
INF http m=GET p=/assets/en-BIK_e_4K.js s=200 d=148µs s=5251
INF http m=GET p=/assets/WorkspaceSettingsPanel-BXpT4LCS.css s=200 d=42µs s=994
INF http m=GET p=/assets/Onboarding-DQ2WAJCW.js s=200 d=61µs s=996
INF http m=GET p=/api/v1/notifications/unread-count s=200 d=194µs s=25
INF http m=GET p=/assets/WorkspaceSettingsPanel-BB4UnxOs.js s=200 d=97µs s=4465
INF http m=GET p=/favicon.png s=200 d=44µs s=449
INF http m=GET p=/sw.js s=200 d=96µs s=5593
INF http m=GET p=/assets/Terms-CDs9SgkA.js s=200 d=49µs s=1013
INF http m=GET p=/assets/ServerSettingsPanel-Co4AQ7oB.css s=200 d=41µs s=576
ERR Failed to commit DB changes err="failed to stage db changes: exit status 128\nOutput: fatal: Unable to create '/home/runner/work/mddb/mddb/data-e2e/.git/index.lock': File exists.\n\nAnother git process seems to be running in this repository, or the lock file may be stale\n"
INF http m=POST p=/api/v1/workspaces/40O68IEQM000/nodes/0/page/create s=200 d=58.4ms s=35
INF http m=GET p=/api/v1/workspaces/40O68IEQM000/nodes/0/children s=200 d=305µs s=257
INF http m=GET p=/assets/ServerSettingsPanel-CUtQeHs8.js s=200 d=83µs s=2551
ERR Failed to commit DB changes err="failed to stage db changes: exit status 128\nOutput: fatal: Unable to create '/home/runner/work/mddb/mddb/data-e2e/.git/index.lock': File exists.\n\nAnother git process seems to be running in this repository, or the lock file may be stale\n"
INF http m=POST p=/api/v1/organizations s=200 d=11.2ms s=352
INF http m=GET p=/api/v1/auth/me s=200 d=362µs s=252
INF http m=GET p=/api/v1/workspaces/40O68IEQM000/nodes/40O68K0U0000 s=200 d=307µs s=245
INF http m=GET p=/assets/ResourceQuotaForm-CBiYRbX4.js s=200 d=31µs s=832
INF http m=GET p=/assets/ResourceQuotaForm-BFoPj33M.css s=200 d=30µs s=297
INF http m=GET p=/assets/Editor-BCbjs9IY.js s=200 d=103µs s=13602
INF http m=GET p=/assets/Editor-DfcJ-Jfc.css s=200 d=39µs s=2151
INF http m=GET p=/registerSW.js s=200 d=39µs s=87
INF http m=GET p=/assets/ProfileSettings-DF5AVI35.js s=200 d=82µs s=4393
INF http m=GET p=/index.html s=200 d=35µs s=541
INF http m=GET p=/assets/ProfileSettings-CX-HDEdu.css s=200 d=37µs s=1177
INF http m=GET p=/icon.svg s=200 d=39µs s=195
INF http m=GET p=/icon-512.png s=200 d=103µs s=6498
INF http m=GET p=/assets/Privacy-cCrfp6_1.css s=200 d=28µs s=314
INF http m=GET p=/assets/Privacy-CgsgvqEr.js s=200 d=35µs s=904
INF http m=GET p=/icon-192.png s=200 d=46µs s=2468
INF http m=GET p=/favicon.png s=200 d=45µs s=449
INF http m=GET p=/assets/OrgSettingsPanel-D9VVCokd.css s=200 d=38µs s=488
INF http m=GET p=/apple-touch-icon.png s=200 d=54µs s=2298
INF http m=GET p=/assets/OrgSettingsPanel-9P66Q2ps.js s=200 d=77µs s=2333
INF http m=GET p=/assets/OAuthIcons-csRRTXki.js s=200 d=42µs s=951
INF http m=GET p=/assets/InviteForm-DLxm8fu0.css s=200 d=40µs s=394
INF http m=GET p=/assets/material-symbols-names-D7AiM4If.js s=200 d=90µs s=15478
INF http m=GET p=/assets/InviteForm-CV0yK4I0.js s=200 d=31µs s=1291
ERR Failed to add workspace submodule wsID=40O68KFJ8000 err="failed to add submodule 40O68KFJ8000: exit status 128\nOutput: Adding existing repo at '40O68KFJ8000' to the index\nfatal: Unable to create '/home/runner/work/mddb/mddb/data-e2e/.git/index.lock': File exists.\n\nAnother git process seems to be running in this repository, or the lock file may be stale\nfatal: Failed to add submodule '40O68KFJ8000'\n"
ERR Failed to commit DB changes err="failed to stage db changes: exit status 128\nOutput: fatal: Unable to create '/home/runner/work/mddb/mddb/data-e2e/.git/index.lock': File exists.\n\nAnother git process seems to be running in this repository, or the lock file may be stale\n"
INF http m=POST p=/api/v1/organizations/40O68KANO000/workspaces s=200 d=150ms s=298
INF http m=GET p=/assets/Auth-8NWYUGup.js s=200 d=36µs s=1677
ERR Failed to commit DB changes err="failed to stage db changes: exit status 128\nOutput: fatal: Unable to create '/home/runner/work/mddb/mddb/data-e2e/.git/index.lock': File exists.\n\nAnother git process seems to be running in this repository, or the lock file may be stale\n"
INF http m=POST p=/api/v1/workspaces/40O68IEQM000/nodes/0/table/create s=200 d=65.3ms s=26
INF http m=GET p=/assets/Auth-6SolzSg2.css s=200 d=37µs s=633
INF http m=GET p=/assets/fr-B1PqNQ7U.js s=200 d=137µs s=6351
ERR Failed to commit DB changes err="failed to stage db changes: exit status 128\nOutput: fatal: Unable to create '/home/runner/work/mddb/mddb/data-e2e/.git/index.lock': File exists.\n\nAnother git process seems to be running in this repository, or the lock file may be stale\n"
INF http m=POST p=/api/v1/auth/switch-workspace s=200 d=11.5ms s=581
INF http m=GET p=/assets/es-OK4oleHZ.js s=200 d=63µs s=6048
INF http m=GET p=/assets/AdminDashboard-DpHjrDyw.js s=200 d=68µs s=2142
INF http m=GET p=/assets/AdminDashboard-CjPbo26j.css s=200 d=44µs s=584
INF http m=GET p=/assets/emoji-groups-El6awxEn.js s=200 d=307µs s=13851
INF http m=GET p=/manifest.webmanifest s=200 d=30µs s=199
ERR Failed to commit DB changes err="failed to stage db changes: exit status 128\nOutput: fatal: Unable to create '/home/runner/work/mddb/mddb/data-e2e/.git/index.lock': File exists.\n\nAnother git process seems to be running in this repository, or the lock file may be stale\n"
INF http m=POST p=/api/v1/workspaces/40O68IEQM000/nodes/40O68L0QO000/table/records/create s=200 d=39ms s=26
INF http m=GET p=/api/v1/workspaces/40O68KFJ8000/nodes/0/children s=200 d=270µs s=26
INF http m=GET p=/api/v1/notifications/unread-count s=200 d=120µs s=25
INF http m=GET p=/api/v1/workspaces/40O68KFJ8000/members s=200 d=120µs s=132
INF http m=GET p=/assets/de-CSEWDUi3.js s=200 d=113µs s=6281
INF http m=GET p=/assets/WorkspaceSettingsPanel-BXpT4LCS.css s=200 d=41µs s=994
ERR Failed to commit DB changes err="failed to stage db changes: exit status 128\nOutput: fatal: Unable to create '/home/runner/work/mddb/mddb/data-e2e/.git/index.lock': File exists.\n\nAnother git process seems to be running in this repository, or the lock file may be stale\n"
INF http m=POST p=/api/v1/workspaces/40O68IEQM000/nodes/40O68L0QO000/table/records/create s=200 d=37.5ms s=26
INF http m=GET p=/assets/WorkspaceSettingsPanel-BB4UnxOs.js s=200 d=55µs s=4465
INF http m=GET p=/assets/Terms-CDs9SgkA.js s=200 d=26µs s=1013
ERR Failed to commit DB changes err="failed to stage db changes: exit status 128\nOutput: fatal: Unable to create '/home/runner/work/mddb/mddb/data-e2e/.git/index.lock': File exists.\n\nAnother git process seems to be running in this repository, or the lock file may be stale\n"
INF http m=POST p=/api/v1/workspaces/40O68KFJ8000/nodes/0/page/create s=200 d=33.9ms s=35
INF http m=GET p=/api/v1/workspaces/40O68KFJ8000/nodes/0/children s=200 d=283µs s=257
INF http m=GET p=/assets/ServerSettingsPanel-Co4AQ7oB.css s=200 d=27µs s=576
INF http m=GET p=/assets/ServerSettingsPanel-CUtQeHs8.js s=200 d=39µs s=2551
INF http m=GET p=/api/v1/workspaces/40O68KFJ8000/nodes/40O68LQB6000 s=200 d=753µs s=245
ERR Failed to commit DB changes err="failed to stage db changes: exit status 128\nOutput: fatal: Unable to create '/home/runner/work/mddb/mddb/data-e2e/.git/index.lock': File exists.\n\nAnother git process seems to be running in this repository, or the lock file may be stale\n"
INF http m=POST p=/api/v1/workspaces/40O68IEQM000/nodes/40O68L0QO000/table/records/create s=200 d=25.7ms s=26
INF http m=GET p=/assets/ResourceQuotaForm-CBiYRbX4.js s=200 d=40µs s=832
INF http m=GET p=/assets/Editor-DfcJ-Jfc.css s=200 d=72µs s=2151
INF http m=GET p=/assets/Editor-BCbjs9IY.js s=200 d=76µs s=13602
INF http m=GET p=/w/@40O68IEQM000+workspace/@40O68K0U0000+welcome s=200 d=27µs s=541
INF http m=GET p=/assets/ResourceQuotaForm-BFoPj33M.css s=200 d=41µs s=297
INF http m=GET p=/api/v1/workspaces/40O68IEQM000/events s=200 d=382ms s=329
INF http m=GET p=/assets/ProfileSettings-DF5AVI35.js s=200 d=72µs s=4393
INF http m=GET p=/assets/ProfileSettings-CX-HDEdu.css s=200 d=41µs s=1177
INF http m=GET p=/assets/Privacy-cCrfp6_1.css s=200 d=44µs s=314
INF http m=GET p=/assets/Privacy-CgsgvqEr.js s=200 d=42µs s=904
INF http m=GET p=/assets/OrgSettingsPanel-D9VVCokd.css s=200 d=38µs s=488
INF http m=GET p=/assets/OrgSettingsPanel-9P66Q2ps.js s=200 d=49µs s=2333
INF http m=GET p=/assets/OAuthIcons-csRRTXki.js s=200 d=36µs s=951
INF http m=GET p=/api/v1/auth/me s=200 d=303µs s=358
INF http m=GET p=/assets/InviteForm-DLxm8fu0.css s=200 d=34µs s=394
INF http m=GET p=/assets/InviteForm-CV0yK4I0.js s=200 d=34µs s=1291
INF http m=GET p=/assets/Auth-8NWYUGup.js s=200 d=54µs s=1677
INF http m=GET p=/api/v1/notifications/unread-count s=200 d=155µs s=25
INF http m=GET p=/assets/Auth-6SolzSg2.css s=200 d=34µs s=633
INF http m=GET p=/api/v1/workspaces/40O68IEQM000/nodes/40O68K0U0000 s=200 d=298µs s=245
INF http m=GET p=/api/v1/workspaces/40O68IEQM000/members s=200 d=683µs s=120
INF http m=GET p=/assets/AdminDashboard-DpHjrDyw.js s=200 d=93µs s=2142
INF http m=GET p=/api/v1/workspaces/40O68IEQM000/nodes/0/children s=200 d=1.08ms s=284
INF http m=GET p=/assets/AdminDashboard-CjPbo26j.css s=200 d=71µs s=584
INF http m=GET p=/manifest.webmanifest s=200 d=33µs s=199
ERR Failed to commit DB changes err="failed to stage db changes: exit status 128\nOutput: fatal: Unable to create '/home/runner/work/mddb/mddb/data-e2e/.git/index.lock': File exists.\n\nAnother git process seems to be running in this repository, or the lock file may be stale\n"
INF http m=POST p=/api/v1/workspaces/40O68KFJ8000/nodes/0/table/create s=200 d=42.5ms s=26
ERR Failed to commit DB changes err="failed to stage db changes: exit status 128\nOutput: fatal: Unable to create '/home/runner/work/mddb/mddb/data-e2e/.git/index.lock': File exists.\n\nAnother git process seems to be running in this repository, or the lock file may be stale\n"
INF http m=POST p=/api/v1/workspaces/40O68KFJ8000/nodes/40O68MRKI000/table/records/create s=200 d=15.6ms s=26
INF http m=GET p=/api/v1/workspaces/40O68IEQM000/nodes/40O68L0QO000 s=200 d=327µs s=171
ERR Failed to commit DB changes err="failed to stage db changes: exit status 128\nOutput: fatal: Unable to create '/home/runner/work/mddb/mddb/data-e2e/.git/index.lock': File exists.\n\nAnother git process seems to be running in this repository, or the lock file may be stale\n"
INF http m=POST p=/api/v1/workspaces/40O68KFJ8000/nodes/40O68MRKI000/table/records/create s=200 d=19ms s=26
INF http m=GET p=/api/v1/workspaces/40O68IEQM000/nodes/40O68L0QO000/table/records s=200 d=346µs s=147
ERR Failed to commit DB changes err="failed to stage db changes: exit status 128\nOutput: fatal: Unable to create '/home/runner/work/mddb/mddb/data-e2e/.git/index.lock': File exists.\n\nAnother git process seems to be running in this repository, or the lock file may be stale\n"
INF http m=POST p=/api/v1/workspaces/40O68KFJ8000/nodes/40O68MRKI000/table/records/create s=200 d=16.2ms s=26
INF http m=GET p=/w/@40O68KFJ8000+workspace/@40O68LQB6000+welcome s=200 d=44µs s=541
INF http m=GET p=/api/v1/workspaces/40O68KFJ8000/events s=200 d=308ms s=341
INF http m=GET p=/api/v1/auth/me s=200 d=294µs s=353
INF http m=GET p=/api/v1/notifications/unread-count s=200 d=274µs s=25
INF http m=GET p=/api/v1/workspaces/40O68KFJ8000/nodes/0/children s=200 d=388µs s=284
INF http m=GET p=/api/v1/workspaces/40O68KFJ8000/members s=200 d=139µs s=132
INF http m=GET p=/api/v1/workspaces/40O68KFJ8000/nodes/40O68LQB6000 s=200 d=316µs s=245
INF http m=GET p=/api/v1/workspaces/40O68KFJ8000/nodes/40O68MRKI000 s=200 d=822µs s=169
INF http m=GET p=/api/v1/workspaces/40O68KFJ8000/nodes/40O68MRKI000/table/records s=200 d=665µs s=145
INF http m=GET p=/api/v1/workspaces/40O68IEQM000/events s=200 d=323ms s=93
ERR Failed to commit DB changes err="failed to stage db changes: exit status 128\nOutput: fatal: Unable to create '/home/runner/work/mddb/mddb/data-e2e/.git/index.lock': File exists.\n\nAnother git process seems to be running in this repository, or the lock file may be stale\n"
INF http m=POST p=/api/v1/auth/register s=200 d=79.3ms s=396
INF http m=GET p=/ s=200 d=56µs s=541
INF http m=GET p=/api/v1/workspaces/40O68KFJ8000/events s=200 d=363ms s=93
INF http m=GET p=/registerSW.js s=200 d=57µs s=87
INF http m=GET p=/assets/index-Dlg_ygoF.js s=200 d=176µs s=45483
INF http m=GET p=/assets/editor-vendor-VZT4IkOY.js s=200 d=182µs s=92428
INF http m=GET p=/assets/vendor-CnrH3R4r.js s=200 d=126µs s=28803
INF http m=GET p=/assets/index-Bi-AgGrc.css s=200 d=94µs s=11684
INF http m=GET p=/assets/en-BIK_e_4K.js s=200 d=795µs s=5251
INF http m=GET p=/api/v1/auth/me s=200 d=2.19ms s=167
INF http m=GET p=/assets/Onboarding-DQ2WAJCW.js s=200 d=45µs s=996
INF http m=GET p=/api/v1/notifications/unread-count s=200 d=179µs s=25
INF http m=GET p=/favicon.png s=200 d=29µs s=449
INF http m=GET p=/sw.js s=200 d=111µs s=5593
ERR Failed to commit DB changes err="failed to stage db changes: exit status 128\nOutput: fatal: Unable to create '/home/runner/work/mddb/mddb/data-e2e/.git/index.lock': File exists.\n\nAnother git process seems to be running in this repository, or the lock file may be stale\n"
INF http m=POST p=/api/v1/organizations s=200 d=25ms s=354
INF http m=GET p=/api/v1/auth/me s=200 d=241µs s=252
INF http m=GET p=/registerSW.js s=200 d=34µs s=87
INF http m=GET p=/index.html s=200 d=40µs s=541
INF http m=GET p=/icon.svg s=200 d=35µs s=195
INF http m=GET p=/icon-512.png s=200 d=87µs s=6498
INF http m=GET p=/icon-192.png s=200 d=56µs s=2468
INF http m=GET p=/favicon.png s=200 d=41µs s=449
INF http m=GET p=/apple-touch-icon.png s=200 d=64µs s=2298
INF http m=GET p=/assets/material-symbols-names-D7AiM4If.js s=200 d=95µs s=15478
ERR Failed to add workspace submodule wsID=40O68S79K000 err="failed to add submodule 40O68S79K000: exit status 128\nOutput: Adding existing repo at '40O68S79K000' to the index\nfatal: Unable to create '/home/runner/work/mddb/mddb/data-e2e/.git/index.lock': File exists.\n\nAnother git process seems to be running in this repository, or the lock file may be stale\nfatal: Failed to add submodule '40O68S79K000'\n"
ERR Failed to commit DB changes err="failed to stage db changes: exit status 128\nOutput: fatal: Unable to create '/home/runner/work/mddb/mddb/data-e2e/.git/index.lock': File exists.\n\nAnother git process seems to be running in this repository, or the lock file may be stale\n"
INF http m=POST p=/api/v1/organizations/40O68RQSU000/workspaces s=200 d=153ms s=299
INF http m=GET p=/assets/fr-B1PqNQ7U.js s=200 d=103µs s=6351
ERR Failed to commit DB changes err="failed to stage db changes: exit status 128\nOutput: fatal: Unable to create '/home/runner/work/mddb/mddb/data-e2e/.git/index.lock': File exists.\n\nAnother git process seems to be running in this repository, or the lock file may be stale\n"
INF http m=POST p=/api/v1/auth/switch-workspace s=200 d=16.2ms s=585
INF http m=GET p=/assets/es-OK4oleHZ.js s=200 d=1.19ms s=6048
ERR Failed to commit DB changes err="failed to stage db changes: exit status 128\nOutput: fatal: Unable to create '/home/runner/work/mddb/mddb/data-e2e/.git/index.lock': File exists.\n\nAnother git process seems to be running in this repository, or the lock file may be stale\n"
INF http m=POST p=/api/v1/auth/register s=200 d=177ms s=408
INF http m=GET p=/assets/emoji-groups-El6awxEn.js s=200 d=173µs s=13851
INF http m=GET p=/api/v1/workspaces/40O68S79K000/nodes/0/children s=200 d=2.43ms s=26
INF http m=GET p=/ s=200 d=54µs s=541
INF http m=GET p=/api/v1/notifications/unread-count s=200 d=1.49ms s=25
INF http m=GET p=/api/v1/workspaces/40O68S79K000/members s=200 d=3.64ms s=132
INF http m=GET p=/assets/index-Dlg_ygoF.js s=200 d=154µs s=45483
INF http m=GET p=/assets/index-Bi-AgGrc.css s=200 d=113µs s=11684
INF http m=GET p=/assets/vendor-CnrH3R4r.js s=200 d=122µs s=28803
INF http m=GET p=/assets/editor-vendor-VZT4IkOY.js s=200 d=190µs s=92428
INF http m=GET p=/registerSW.js s=200 d=39µs s=87
INF http m=GET p=/assets/de-CSEWDUi3.js s=200 d=142µs s=6281
ERR Failed to commit DB changes err="failed to stage db changes: exit status 128\nOutput: fatal: Unable to create '/home/runner/work/mddb/mddb/data-e2e/.git/index.lock': File exists.\n\nAnother git process seems to be running in this repository, or the lock file may be stale\n"
INF http m=POST p=/api/v1/workspaces/40O68S79K000/nodes/0/page/create s=200 d=27.6ms s=35
INF http m=GET p=/api/v1/workspaces/40O68S79K000/nodes/0/children s=200 d=294µs s=257
INF http m=GET p=/assets/WorkspaceSettingsPanel-BXpT4LCS.css s=200 d=37µs s=994
INF http m=GET p=/api/v1/workspaces/40O68S79K000/nodes/40O68TP6K000 s=200 d=660µs s=245
INF http m=GET p=/assets/WorkspaceSettingsPanel-BB4UnxOs.js s=200 d=68µs s=4465
INF http m=GET p=/assets/Terms-CDs9SgkA.js s=200 d=54µs s=1013
INF http m=GET p=/assets/Editor-DfcJ-Jfc.css s=200 d=85µs s=2151
INF http m=GET p=/assets/Editor-BCbjs9IY.js s=200 d=106µs s=13602
INF http m=GET p=/assets/ServerSettingsPanel-Co4AQ7oB.css s=200 d=40µs s=576
INF http m=GET p=/assets/ServerSettingsPanel-CUtQeHs8.js s=200 d=65µs s=2551
INF http m=GET p=/assets/ResourceQuotaForm-CBiYRbX4.js s=200 d=42µs s=832
INF http m=GET p=/assets/en-BIK_e_4K.js s=200 d=94µs s=5251
INF http m=GET p=/assets/ResourceQuotaForm-BFoPj33M.css s=200 d=22µs s=297
INF http m=GET p=/api/v1/auth/me s=200 d=5.59ms s=167
INF http m=GET p=/assets/ProfileSettings-DF5AVI35.js s=200 d=72µs s=4393
INF http m=GET p=/favicon.png s=200 d=19µs s=449
INF http m=GET p=/sw.js s=200 d=1.16ms s=5593
INF http m=GET p=/assets/ProfileSettings-CX-HDEdu.css s=200 d=43µs s=1177
INF http m=GET p=/assets/Onboarding-DQ2WAJCW.js s=200 d=22µs s=996
INF http m=GET p=/api/v1/notifications/unread-count s=200 d=189µs s=25
INF http m=GET p=/assets/Privacy-cCrfp6_1.css s=200 d=35µs s=314
INF http m=GET p=/assets/Privacy-CgsgvqEr.js s=200 d=35µs s=904
INF http m=GET p=/registerSW.js s=200 d=30µs s=87
INF http m=GET p=/assets/OrgSettingsPanel-D9VVCokd.css s=200 d=36µs s=488
INF http m=GET p=/assets/OrgSettingsPanel-9P66Q2ps.js s=200 d=50µs s=2333
ERR Failed to commit DB changes err="failed to stage db changes: exit status 128\nOutput: fatal: Unable to create '/home/runner/work/mddb/mddb/data-e2e/.git/index.lock': File exists.\n\nAnother git process seems to be running in this repository, or the lock file may be stale\n"
INF http m=GET p=/index.html s=200 d=36µs s=541
INF http m=POST p=/api/v1/workspaces/40O68S79K000/nodes/0/table/create s=200 d=35.1ms s=26
INF http m=GET p=/icon.svg s=200 d=54µs s=195
INF http m=GET p=/assets/OAuthIcons-csRRTXki.js s=200 d=23µs s=951
ERR Failed to commit DB changes err="failed to stage db changes: exit status 128\nOutput: fatal: Unable to create '/home/runner/work/mddb/mddb/data-e2e/.git/index.lock': File exists.\n\nAnother git process seems to be running in this repository, or the lock file may be stale\n"
INF http m=POST p=/api/v1/organizations s=200 d=8.25ms s=355
INF http m=GET p=/assets/InviteForm-DLxm8fu0.css s=200 d=45µs s=394
INF http m=GET p=/icon-512.png s=200 d=47µs s=6498
INF http m=GET p=/assets/InviteForm-CV0yK4I0.js s=200 d=35µs s=1291
INF http m=GET p=/api/v1/auth/me s=200 d=736µs s=254
INF http m=GET p=/icon-192.png s=200 d=44µs s=2468
ERR Failed to commit DB changes err="failed to stage db changes: exit status 128\nOutput: fatal: Unable to create '/home/runner/work/mddb/mddb/data-e2e/.git/index.lock': File exists.\n\nAnother git process seems to be running in this repository, or the lock file may be stale\n"
INF http m=POST p=/api/v1/workspaces/40O68S79K000/nodes/40O68UO8C000/table/records/create s=200 d=32.1ms s=26
INF http m=GET p=/favicon.png s=200 d=32µs s=449
INF http m=GET p=/assets/Auth-8NWYUGup.js s=200 d=29µs s=1677
INF http m=GET p=/apple-touch-icon.png s=200 d=52µs s=2298
INF http m=GET p=/assets/Auth-6SolzSg2.css s=200 d=28µs s=633
INF http m=GET p=/assets/AdminDashboard-DpHjrDyw.js s=200 d=41µs s=2142
INF http m=GET p=/assets/AdminDashboard-CjPbo26j.css s=200 d=32µs s=584
INF http m=GET p=/manifest.webmanifest s=200 d=51µs s=199
INF http m=GET p=/assets/material-symbols-names-D7AiM4If.js s=200 d=131µs s=15478
INF http m=GET p=/assets/fr-B1PqNQ7U.js s=200 d=75µs s=6351
INF http m=GET p=/assets/es-OK4oleHZ.js s=200 d=69µs s=6048
INF http m=GET p=/assets/emoji-groups-El6awxEn.js s=200 d=109µs s=13851
ERR Failed to add workspace submodule wsID=40O68V6JQ000 err="failed to add submodule 40O68V6JQ000: exit status 128\nOutput: Adding existing repo at '40O68V6JQ000' to the index\nfatal: Unable to create '/home/runner/work/mddb/mddb/data-e2e/.git/index.lock': File exists.\n\nAnother git process seems to be running in this repository, or the lock file may be stale\nfatal: Failed to add submodule '40O68V6JQ000'\n"
ERR Failed to commit DB changes err="failed to stage db changes: exit status 128\nOutput: fatal: Unable to create '/home/runner/work/mddb/mddb/data-e2e/.git/index.lock': File exists.\n\nAnother git process seems to be running in this repository, or the lock file may be stale\n"
INF http m=POST p=/api/v1/organizations/40O68UVQI000/workspaces s=200 d=101ms s=302
ERR Failed to commit DB changes err="failed to stage db changes: exit status 128\nOutput: fatal: Unable to create '/home/runner/work/mddb/mddb/data-e2e/.git/index.lock': File exists.\n\nAnother git process seems to be running in this repository, or the lock file may be stale\n"
INF http m=POST p=/api/v1/workspaces/40O68S79K000/nodes/40O68UO8C000/table/records/create s=200 d=85.9ms s=26
INF http m=GET p=/w/@40O68S79K000+workspace/@40O68TP6K000+welcome s=200 d=34µs s=541
ERR Failed to commit DB changes err="failed to stage db changes: exit status 128\nOutput: fatal: Unable to create '/home/runner/work/mddb/mddb/data-e2e/.git/index.lock': File exists.\n\nAnother git process seems to be running in this repository, or the lock file may be stale\n"
INF http m=GET p=/assets/de-CSEWDUi3.js s=200 d=70µs s=6281
INF http m=POST p=/api/v1/auth/switch-workspace s=200 d=13.5ms s=570
INF http m=GET p=/api/v1/workspaces/40O68S79K000/events s=200 d=403ms s=310
INF http m=GET p=/assets/WorkspaceSettingsPanel-BXpT4LCS.css s=200 d=41µs s=994
INF http m=GET p=/assets/WorkspaceSettingsPanel-BB4UnxOs.js s=200 d=107µs s=4465
INF http m=GET p=/api/v1/workspaces/40O68V6JQ000/nodes/0/children s=200 d=331µs s=26
INF http m=GET p=/assets/Terms-CDs9SgkA.js s=200 d=36µs s=1013
INF http m=GET p=/api/v1/workspaces/40O68V6JQ000/members s=200 d=774µs s=120
INF http m=GET p=/api/v1/notifications/unread-count s=200 d=569µs s=25
INF http m=GET p=/assets/ServerSettingsPanel-Co4AQ7oB.css s=200 d=34µs s=576
INF http m=GET p=/assets/ServerSettingsPanel-CUtQeHs8.js s=200 d=403µs s=2551
INF http m=GET p=/assets/ResourceQuotaForm-CBiYRbX4.js s=200 d=38µs s=832
INF http m=GET p=/assets/ResourceQuotaForm-BFoPj33M.css s=200 d=34µs s=297
INF http m=GET p=/api/v1/auth/me s=200 d=252µs s=353
INF http m=GET p=/assets/ProfileSettings-DF5AVI35.js s=200 d=74µs s=4393
ERR Failed to commit DB changes err="failed to stage db changes: exit status 128\nOutput: fatal: Unable to create '/home/runner/work/mddb/mddb/data-e2e/.git/index.lock': File exists.\n\nAnother git process seems to be running in this repository, or the lock file may be stale\n"
INF http m=POST p=/api/v1/workspaces/40O68V6JQ000/nodes/0/page/create s=200 d=32.8ms s=35
INF http m=GET p=/assets/ProfileSettings-CX-HDEdu.css s=200 d=68µs s=1177
INF http m=GET p=/api/v1/workspaces/40O68V6JQ000/nodes/0/children s=200 d=317µs s=257
INF http m=GET p=/assets/Privacy-cCrfp6_1.css s=200 d=44µs s=314
INF http m=GET p=/assets/Privacy-CgsgvqEr.js s=200 d=24µs s=904
INF http m=GET p=/api/v1/workspaces/40O68V6JQ000/nodes/40O690BRG000 s=200 d=380µs s=245
INF http m=GET p=/assets/Editor-DfcJ-Jfc.css s=200 d=91µs s=2151
INF http m=GET p=/assets/OrgSettingsPanel-D9VVCokd.css s=200 d=36µs s=488
INF http m=GET p=/assets/Editor-BCbjs9IY.js s=200 d=55µs s=13602
INF http m=GET p=/api/v1/notifications/unread-count s=200 d=201µs s=25
INF http m=GET p=/api/v1/workspaces/40O68S79K000/nodes/0/children s=200 d=765µs s=283
INF http m=GET p=/api/v1/workspaces/40O68S79K000/members s=200 d=476µs s=132
INF http m=GET p=/api/v1/workspaces/40O68S79K000/nodes/40O68TP6K000 s=200 d=611µs s=245
INF http m=GET p=/assets/OrgSettingsPanel-9P66Q2ps.js s=200 d=183µs s=2333
INF http m=GET p=/assets/OAuthIcons-csRRTXki.js s=200 d=43µs s=951
INF http m=GET p=/assets/InviteForm-DLxm8fu0.css s=200 d=51µs s=394
INF http m=GET p=/assets/InviteForm-CV0yK4I0.js s=200 d=48µs s=1291
INF http m=GET p=/assets/Auth-8NWYUGup.js s=200 d=571µs s=1677
INF http m=GET p=/assets/Auth-6SolzSg2.css s=200 d=26µs s=633
INF http m=GET p=/assets/AdminDashboard-DpHjrDyw.js s=200 d=66µs s=2142
INF http m=GET p=/assets/AdminDashboard-CjPbo26j.css s=200 d=36µs s=584
INF http m=GET p=/api/v1/workspaces/40O68S79K000/nodes/40O68UO8C000 s=200 d=300µs s=169
INF http m=GET p=/manifest.webmanifest s=200 d=28µs s=199
INF http m=GET p=/api/v1/workspaces/40O68S79K000/nodes/40O68UO8C000/table/records s=200 d=1.21ms s=127
ERR Failed to commit DB changes err="failed to stage db changes: exit status 128\nOutput: fatal: Unable to create '/home/runner/work/mddb/mddb/data-e2e/.git/index.lock': File exists.\n\nAnother git process seems to be running in this repository, or the lock file may be stale\n"
INF http m=POST p=/api/v1/workspaces/40O68V6JQ000/nodes/0/table/create s=200 d=29.4ms s=26
ERR Failed to commit DB changes err="failed to stage db changes: exit status 128\nOutput: fatal: Unable to create '/home/runner/work/mddb/mddb/data-e2e/.git/index.lock': File exists.\n\nAnother git process seems to be running in this repository, or the lock file may be stale\n"
INF http m=POST p=/api/v1/workspaces/40O68V6JQ000/nodes/40O691COO000/table/records/create s=200 d=18.2ms s=26
ERR Failed to commit DB changes err="failed to stage db changes: exit status 128\nOutput: fatal: Unable to create '/home/runner/work/mddb/mddb/data-e2e/.git/index.lock': File exists.\n\nAnother git process seems to be running in this repository, or the lock file may be stale\n"
INF http m=POST p=/api/v1/workspaces/40O68V6JQ000/nodes/40O691COO000/table/records/create s=200 d=14.1ms s=26
INF http m=GET p=/w/@40O68V6JQ000+workspace/@40O690BRG000+welcome s=200 d=39µs s=541
INF http m=GET p=/api/v1/workspaces/40O68V6JQ000/events s=200 d=264ms s=312
INF http m=GET p=/api/v1/auth/me s=200 d=1.54ms s=357
INF http m=GET p=/api/v1/notifications/unread-count s=200 d=194µs s=25
INF http m=GET p=/api/v1/workspaces/40O68V6JQ000/nodes/0/children s=200 d=455µs s=285
INF http m=GET p=/api/v1/workspaces/40O68V6JQ000/members s=200 d=596µs s=120
INF http m=GET p=/api/v1/workspaces/40O68V6JQ000/nodes/40O690BRG000 s=200 d=1.16ms s=245
INF http m=GET p=/api/v1/workspaces/40O68V6JQ000/nodes/40O691COO000 s=200 d=863µs s=172
INF http m=GET p=/api/v1/workspaces/40O68V6JQ000/nodes/40O691COO000/table/records s=200 d=652µs s=124
INF http m=GET p=/api/v1/workspaces/40O68S79K000/events s=200 d=464ms s=93
INF http m=GET p=/api/v1/workspaces/40O68V6JQ000/events s=200 d=252ms s=93
ERR Failed to commit DB changes err="failed to stage db changes: exit status 128\nOutput: fatal: Unable to create '/home/runner/work/mddb/mddb/data-e2e/.git/index.lock': File exists.\n\nAnother git process seems to be running in this repository, or the lock file may be stale\n"
INF http m=POST p=/api/v1/auth/register s=200 d=115ms s=395
INF http m=GET p=/ s=200 d=58µs s=541
INF http m=GET p=/assets/editor-vendor-VZT4IkOY.js s=200 d=244µs s=92428
INF http m=GET p=/assets/vendor-CnrH3R4r.js s=200 d=131µs s=28803
INF http m=GET p=/assets/index-Bi-AgGrc.css s=200 d=127µs s=11684
INF http m=GET p=/assets/index-Dlg_ygoF.js s=200 d=144µs s=45483
INF http m=GET p=/registerSW.js s=200 d=52µs s=87
ERR Failed to commit DB changes err="failed to stage db changes: exit status 128\nOutput: fatal: Unable to create '/home/runner/work/mddb/mddb/data-e2e/.git/index.lock': File exists.\n\nAnother git process seems to be running in this repository, or the lock file may be stale\n"
INF http m=POST p=/api/v1/auth/register s=200 d=115ms s=395
INF http m=GET p=/ s=200 d=68µs s=541
INF http m=GET p=/assets/index-Dlg_ygoF.js s=200 d=198µs s=45483
INF http m=GET p=/assets/index-Bi-AgGrc.css s=200 d=145µs s=11684
INF http m=GET p=/registerSW.js s=200 d=47µs s=87
INF http m=GET p=/assets/editor-vendor-VZT4IkOY.js s=200 d=222µs s=92428
INF http m=GET p=/assets/vendor-CnrH3R4r.js s=200 d=169µs s=28803
INF http m=GET p=/assets/en-BIK_e_4K.js s=200 d=127µs s=5251
INF http m=GET p=/api/v1/auth/me s=200 d=5.47ms s=168
INF http m=GET p=/favicon.png s=200 d=59µs s=449
INF http m=GET p=/assets/Onboarding-DQ2WAJCW.js s=200 d=33µs s=996
INF http m=GET p=/api/v1/notifications/unread-count s=200 d=189µs s=25
INF http m=GET p=/sw.js s=200 d=92µs s=5593
ERR Failed to commit DB changes err="failed to stage db changes: exit status 128\nOutput: fatal: Unable to create '/home/runner/work/mddb/mddb/data-e2e/.git/index.lock': File exists.\n\nAnother git process seems to be running in this repository, or the lock file may be stale\n"
INF http m=POST p=/api/v1/organizations s=200 d=10.7ms s=352
INF http m=GET p=/registerSW.js s=200 d=37µs s=87
INF http m=GET p=/assets/en-BIK_e_4K.js s=200 d=122µs s=5251
INF http m=GET p=/api/v1/auth/me s=200 d=289µs s=168
INF http m=GET p=/index.html s=200 d=34µs s=541
INF http m=GET p=/api/v1/auth/me s=200 d=7.91ms s=251
INF http m=GET p=/icon.svg s=200 d=45µs s=195
INF http m=GET p=/icon-512.png s=200 d=107µs s=6498
INF http m=GET p=/icon-192.png s=200 d=42µs s=2468
INF http m=GET p=/favicon.png s=200 d=29µs s=449
INF http m=GET p=/sw.js s=200 d=123µs s=5593
INF http m=GET p=/assets/Onboarding-DQ2WAJCW.js s=200 d=58µs s=996
INF http m=GET p=/apple-touch-icon.png s=200 d=45µs s=2298
INF http m=GET p=/favicon.png s=200 d=21µs s=449
INF http m=GET p=/api/v1/notifications/unread-count s=200 d=237µs s=25
INF http m=GET p=/assets/material-symbols-names-D7AiM4If.js s=200 d=131µs s=15478
INF http m=GET p=/registerSW.js s=200 d=35µs s=87
INF http m=GET p=/index.html s=200 d=51µs s=541
INF http m=GET p=/assets/fr-B1PqNQ7U.js s=200 d=90µs s=6351
INF http m=GET p=/icon.svg s=200 d=36µs s=195
INF http m=GET p=/assets/es-OK4oleHZ.js s=200 d=62µs s=6048
INF http m=GET p=/icon-512.png s=200 d=70µs s=6498
INF http m=GET p=/icon-192.png s=200 d=52µs s=2468
INF http m=GET p=/favicon.png s=200 d=37µs s=449
INF http m=GET p=/assets/emoji-groups-El6awxEn.js s=200 d=72µs s=13851
INF http m=GET p=/apple-touch-icon.png s=200 d=64µs s=2298
INF http m=GET p=/assets/material-symbols-names-D7AiM4If.js s=200 d=177µs s=15478
ERR Failed to add workspace submodule wsID=40O69876M000 err="failed to add submodule 40O69876M000: exit status 128\nOutput: Adding existing repo at '40O69876M000' to the index\nfatal: Unable to create '/home/runner/work/mddb/mddb/data-e2e/.git/index.lock': File exists.\n\nAnother git process seems to be running in this repository, or the lock file may be stale\nfatal: Failed to add submodule '40O69876M000'\n"
ERR Failed to commit DB changes err="failed to stage db changes: exit status 128\nOutput: fatal: Unable to create '/home/runner/work/mddb/mddb/data-e2e/.git/index.lock': File exists.\n\nAnother git process seems to be running in this repository, or the lock file may be stale\n"
INF http m=POST p=/api/v1/organizations/40O697T72000/workspaces s=200 d=156ms s=301
INF http m=GET p=/assets/de-CSEWDUi3.js s=200 d=122µs s=6281
INF http m=GET p=/assets/fr-B1PqNQ7U.js s=200 d=108µs s=6351
ERR Failed to commit DB changes err="failed to stage db changes: exit status 128\nOutput: fatal: Unable to create '/home/runner/work/mddb/mddb/data-e2e/.git/index.lock': File exists.\n\nAnother git process seems to be running in this repository, or the lock file may be stale\n"
INF http m=POST p=/api/v1/organizations s=200 d=66.7ms s=351
INF http m=GET p=/assets/WorkspaceSettingsPanel-BXpT4LCS.css s=200 d=27µs s=994
INF http m=GET p=/api/v1/auth/me s=200 d=231µs s=250
ERR Failed to commit DB changes err="failed to stage db changes: exit status 128\nOutput: fatal: Unable to create '/home/runner/work/mddb/mddb/data-e2e/.git/index.lock': File exists.\n\nAnother git process seems to be running in this repository, or the lock file may be stale\n"
INF http m=GET p=/assets/WorkspaceSettingsPanel-BB4UnxOs.js s=200 d=123µs s=4465
INF http m=GET p=/assets/es-OK4oleHZ.js s=200 d=100µs s=6048
INF http m=GET p=/assets/Terms-CDs9SgkA.js s=200 d=27µs s=1013
INF http m=GET p=/assets/emoji-groups-El6awxEn.js s=200 d=103µs s=13851
INF http m=POST p=/api/v1/auth/switch-workspace s=200 d=31.9ms s=573
INF http m=GET p=/assets/ServerSettingsPanel-Co4AQ7oB.css s=200 d=304µs s=576
INF http m=GET p=/assets/ServerSettingsPanel-CUtQeHs8.js s=200 d=51µs s=2551
INF http m=GET p=/assets/ResourceQuotaForm-CBiYRbX4.js s=200 d=45µs s=832
INF http m=GET p=/assets/ResourceQuotaForm-BFoPj33M.css s=200 d=34µs s=297
INF http m=GET p=/assets/de-CSEWDUi3.js s=200 d=123µs s=6281
INF http m=GET p=/api/v1/notifications/unread-count s=200 d=6.77ms s=25
INF http m=GET p=/api/v1/workspaces/40O69876M000/nodes/0/children s=200 d=3.1ms s=26
INF http m=GET p=/assets/ProfileSettings-DF5AVI35.js s=200 d=76µs s=4393
INF http m=GET p=/api/v1/workspaces/40O69876M000/members s=200 d=576µs s=120
INF http m=GET p=/assets/WorkspaceSettingsPanel-BXpT4LCS.css s=200 d=22µs s=994
INF http m=GET p=/assets/WorkspaceSettingsPanel-BB4UnxOs.js s=200 d=125µs s=4465
INF http m=GET p=/assets/ProfileSettings-CX-HDEdu.css s=200 d=50µs s=1177
INF http m=GET p=/assets/Terms-CDs9SgkA.js s=200 d=24µs s=1013
INF http m=GET p=/assets/Privacy-cCrfp6_1.css s=200 d=35µs s=314
INF http m=GET p=/assets/Privacy-CgsgvqEr.js s=200 d=30µs s=904
INF http m=GET p=/assets/ServerSettingsPanel-Co4AQ7oB.css s=200 d=21µs s=576
INF http m=GET p=/assets/ServerSettingsPanel-CUtQeHs8.js s=200 d=76µs s=2551
INF http m=GET p=/assets/OrgSettingsPanel-D9VVCokd.css s=200 d=23µs s=488
INF http m=GET p=/assets/OrgSettingsPanel-9P66Q2ps.js s=200 d=68µs s=2333
INF http m=GET p=/assets/ResourceQuotaForm-CBiYRbX4.js s=200 d=27µs s=832
INF http m=GET p=/assets/ResourceQuotaForm-BFoPj33M.css s=200 d=26µs s=297
ERR Failed to add workspace submodule wsID=40O6999VM000 err="failed to add submodule 40O6999VM000: exit status 128\nOutput: Adding existing repo at '40O6999VM000' to the index\nfatal: Unable to create '/home/runner/work/mddb/mddb/data-e2e/.git/index.lock': File exists.\n\nAnother git process seems to be running in this repository, or the lock file may be stale\nfatal: Failed to add submodule '40O6999VM000'\n"
INF http m=GET p=/assets/ProfileSettings-DF5AVI35.js s=200 d=79µs s=4393
ERR Failed to commit DB changes err="failed to stage db changes: exit status 128\nOutput: fatal: Unable to create '/home/runner/work/mddb/mddb/data-e2e/.git/index.lock': File exists.\n\nAnother git process seems to be running in this repository, or the lock file may be stale\n"
INF http m=POST p=/api/v1/workspaces/40O69876M000/nodes/0/page/create s=200 d=69.1ms s=35
INF http m=GET p=/assets/OAuthIcons-csRRTXki.js s=200 d=28µs s=951
INF http m=GET p=/assets/ProfileSettings-CX-HDEdu.css s=200 d=25µs s=1177
ERR Failed to commit DB changes err="failed to stage db changes: exit status 128\nOutput: fatal: Unable to create '/home/runner/work/mddb/mddb/data-e2e/.git/index.lock': File exists.\n\nAnother git process seems to be running in this repository, or the lock file may be stale\n"
INF http m=POST p=/api/v1/organizations/40O698QQ6000/workspaces s=200 d=140ms s=303
INF http m=GET p=/api/v1/workspaces/40O69876M000/nodes/0/children s=200 d=596µs s=257
INF http m=GET p=/assets/InviteForm-DLxm8fu0.css s=200 d=30µs s=394
INF http m=GET p=/assets/Privacy-cCrfp6_1.css s=200 d=26µs s=314
ERR Failed to commit DB changes err="failed to stage db changes: exit status 128\nOutput: fatal: Unable to create '/home/runner/work/mddb/mddb/data-e2e/.git/index.lock': File exists.\n\nAnother git process seems to be running in this repository, or the lock file may be stale\n"
INF http m=POST p=/api/v1/auth/switch-workspace s=200 d=5.78ms s=574
INF http m=GET p=/assets/Privacy-CgsgvqEr.js s=200 d=25µs s=904
INF http m=GET p=/api/v1/workspaces/40O69876M000/nodes/40O699N3S000 s=200 d=1.85ms s=245
INF http m=GET p=/assets/InviteForm-CV0yK4I0.js s=200 d=24µs s=1291
INF http m=GET p=/assets/OrgSettingsPanel-D9VVCokd.css s=200 d=31µs s=488
INF http m=GET p=/assets/Editor-BCbjs9IY.js s=200 d=124µs s=13602
INF http m=GET p=/assets/Editor-DfcJ-Jfc.css s=200 d=77µs s=2151
INF http m=GET p=/assets/OrgSettingsPanel-9P66Q2ps.js s=200 d=48µs s=2333
INF http m=GET p=/api/v1/notifications/unread-count s=200 d=192µs s=25
INF http m=GET p=/api/v1/workspaces/40O6999VM000/nodes/0/children s=200 d=298µs s=26
INF http m=GET p=/api/v1/workspaces/40O6999VM000/members s=200 d=614µs s=128
INF http m=GET p=/assets/Auth-8NWYUGup.js s=200 d=33µs s=1677
INF http m=GET p=/assets/OAuthIcons-csRRTXki.js s=200 d=37µs s=951
INF http m=GET p=/assets/Auth-6SolzSg2.css s=200 d=28µs s=633
INF http m=GET p=/assets/AdminDashboard-DpHjrDyw.js s=200 d=85µs s=2142
INF http m=GET p=/assets/InviteForm-DLxm8fu0.css s=200 d=31µs s=394
INF http m=GET p=/assets/AdminDashboard-CjPbo26j.css s=200 d=31µs s=584
INF http m=GET p=/assets/InviteForm-CV0yK4I0.js s=200 d=26µs s=1291
INF http m=GET p=/manifest.webmanifest s=200 d=35µs s=199
INF http m=GET p=/assets/Editor-DfcJ-Jfc.css s=200 d=70µs s=2151
INF http m=GET p=/assets/Editor-BCbjs9IY.js s=200 d=69µs s=13602
INF http m=GET p=/assets/Auth-8NWYUGup.js s=200 d=35µs s=1677
ERR Failed to commit DB changes err="failed to stage db changes: exit status 128\nOutput: fatal: Unable to create '/home/runner/work/mddb/mddb/data-e2e/.git/index.lock': File exists.\n\nAnother git process seems to be running in this repository, or the lock file may be stale\n"
INF http m=POST p=/api/v1/workspaces/40O6999VM000/nodes/0/page/create s=200 d=52.7ms s=35
INF http m=GET p=/assets/Auth-6SolzSg2.css s=200 d=31µs s=633
INF http m=GET p=/api/v1/workspaces/40O6999VM000/nodes/0/children s=200 d=1.91ms s=257
INF http m=GET p=/assets/AdminDashboard-DpHjrDyw.js s=200 d=36µs s=2142
INF http m=GET p=/assets/AdminDashboard-CjPbo26j.css s=200 d=27µs s=584
INF http m=GET p=/api/v1/workspaces/40O6999VM000/nodes/40O69AEDU000 s=200 d=258µs s=245
INF http m=GET p=/manifest.webmanifest s=200 d=29µs s=199
ERR Failed to commit DB changes err="failed to stage db changes: exit status 128\nOutput: fatal: Unable to create '/home/runner/work/mddb/mddb/data-e2e/.git/index.lock': File exists.\n\nAnother git process seems to be running in this repository, or the lock file may be stale\n"
INF http m=POST p=/api/v1/workspaces/40O69876M000/nodes/0/table/create s=200 d=31.8ms s=26
ERR Failed to commit DB changes err="failed to stage db changes: exit status 128\nOutput: fatal: Unable to create '/home/runner/work/mddb/mddb/data-e2e/.git/index.lock': File exists.\n\nAnother git process seems to be running in this repository, or the lock file may be stale\n"
INF http m=POST p=/api/v1/workspaces/40O69876M000/nodes/40O69AP44000/table/records/create s=200 d=23.2ms s=26
ERR Failed to commit DB changes err="failed to stage db changes: exit status 128\nOutput: fatal: Unable to create '/home/runner/work/mddb/mddb/data-e2e/.git/index.lock': File exists.\n\nAnother git process seems to be running in this repository, or the lock file may be stale\n"
INF http m=POST p=/api/v1/workspaces/40O69876M000/nodes/40O69AP44000/table/records/create s=200 d=17.7ms s=26
ERR Failed to commit DB changes err="failed to stage db changes: exit status 128\nOutput: fatal: Unable to create '/home/runner/work/mddb/mddb/data-e2e/.git/index.lock': File exists.\n\nAnother git process seems to be running in this repository, or the lock file may be stale\n"
INF http m=POST p=/api/v1/workspaces/40O6999VM000/nodes/0/table/create s=200 d=15.3ms s=26
INF http m=GET p=/w/@40O6999VM000+workspace/@40O69AEDU000+welcome s=200 d=36µs s=541
ERR Failed to commit DB changes err="failed to stage db changes: exit status 128\nOutput: fatal: Unable to create '/home/runner/work/mddb/mddb/data-e2e/.git/index.lock': File exists.\n\nAnother git process seems to be running in this repository, or the lock file may be stale\n"
INF http m=POST p=/api/v1/workspaces/40O69876M000/nodes/40O69AP44000/table/records/create s=200 d=20.9ms s=26
INF http m=GET p=/api/v1/workspaces/40O6999VM000/events s=200 d=168ms s=233
INF http m=GET p=/w/@40O69876M000+workspace/@40O699N3S000+welcome s=200 d=41µs s=541
INF http m=GET p=/api/v1/workspaces/40O69876M000/events s=200 d=296ms s=328
INF http m=GET p=/api/v1/auth/me s=200 d=719µs s=351
INF http m=GET p=/api/v1/auth/me s=200 d=554µs s=350
INF http m=GET p=/api/v1/notifications/unread-count s=200 d=686µs s=25
INF http m=GET p=/api/v1/notifications/unread-count s=200 d=637µs s=25
INF http m=GET p=/api/v1/workspaces/40O69876M000/nodes/0/children s=200 d=852µs s=295
INF http m=GET p=/api/v1/workspaces/40O6999VM000/nodes/0/children s=200 d=1.02ms s=282
INF http m=GET p=/api/v1/workspaces/40O69876M000/members s=200 d=544µs s=120
INF http m=GET p=/api/v1/workspaces/40O6999VM000/members s=200 d=569µs s=128
INF http m=GET p=/api/v1/workspaces/40O69876M000/nodes/40O699N3S000 s=200 d=7.99ms s=245
INF http m=GET p=/api/v1/workspaces/40O6999VM000/nodes/40O69AEDU000 s=200 d=7.23ms s=245
INF http m=GET p=/api/v1/workspaces/40O6999VM000/nodes/40O69B8S2000 s=200 d=1.58ms s=165
INF http m=GET p=/api/v1/workspaces/40O6999VM000/nodes/40O69B8S2000/table/records s=200 d=213µs s=28
INF http m=GET p=/api/v1/workspaces/40O69876M000/nodes/40O69AP44000 s=200 d=1.71ms s=202
INF http m=GET p=/api/v1/workspaces/40O69876M000/nodes/40O69AP44000/table/records s=200 d=472µs s=158
INF http m=GET p=/api/v1/workspaces/40O6999VM000/events s=200 d=131ms s=93
ERR Failed to commit DB changes err="failed to stage db changes: exit status 128\nOutput: fatal: Unable to create '/home/runner/work/mddb/mddb/data-e2e/.git/index.lock': File exists.\n\nAnother git process seems to be running in this repository, or the lock file may be stale\n"
INF http m=POST p=/api/v1/auth/register s=200 d=84.5ms s=389
INF http m=GET p=/ s=200 d=65µs s=541
INF http m=GET p=/assets/index-Dlg_ygoF.js s=200 d=182µs s=45483
INF http m=GET p=/assets/index-Bi-AgGrc.css s=200 d=115µs s=11684
INF http m=GET p=/assets/vendor-CnrH3R4r.js s=200 d=139µs s=28803
INF http m=GET p=/assets/editor-vendor-VZT4IkOY.js s=200 d=134µs s=92428
INF http m=GET p=/registerSW.js s=200 d=39µs s=87
INF http m=GET p=/api/v1/auth/me s=200 d=251µs s=165
INF http m=GET p=/assets/en-BIK_e_4K.js s=200 d=65µs s=5251
INF http m=GET p=/assets/Onboarding-DQ2WAJCW.js s=200 d=43µs s=996
INF http m=GET p=/api/v1/notifications/unread-count s=200 d=207µs s=25
INF http m=GET p=/favicon.png s=200 d=2.07ms s=449
INF http m=GET p=/sw.js s=200 d=72µs s=5593
ERR Failed to commit DB changes err="failed to stage db changes: exit status 128\nOutput: fatal: Unable to create '/home/runner/work/mddb/mddb/data-e2e/.git/index.lock': File exists.\n\nAnother git process seems to be running in this repository, or the lock file may be stale\n"
INF http m=POST p=/api/v1/organizations s=200 d=10.1ms s=351
INF http m=GET p=/api/v1/auth/me s=200 d=801µs s=248
INF http m=GET p=/registerSW.js s=200 d=40µs s=87
INF http m=GET p=/index.html s=200 d=35µs s=541
INF http m=GET p=/icon.svg s=200 d=33µs s=195
INF http m=GET p=/icon-512.png s=200 d=119µs s=6498
INF http m=GET p=/icon-192.png s=200 d=56µs s=2468
INF http m=GET p=/favicon.png s=200 d=44µs s=449
INF http m=GET p=/apple-touch-icon.png s=200 d=46µs s=2298
INF http m=GET p=/api/v1/workspaces/40O69876M000/events s=200 d=709ms s=93
INF http m=GET p=/assets/material-symbols-names-D7AiM4If.js s=200 d=101µs s=15478
ERR Failed to add workspace submodule wsID=40O69FTKC000 err="failed to add submodule 40O69FTKC000: exit status 128\nOutput: Adding existing repo at '40O69FTKC000' to the index\nfatal: Unable to create '/home/runner/work/mddb/mddb/data-e2e/.git/index.lock': File exists.\n\nAnother git process seems to be running in this repository, or the lock file may be stale\nfatal: Failed to add submodule '40O69FTKC000'\n"
ERR Failed to commit DB changes err="failed to stage db changes: exit status 128\nOutput: fatal: Unable to create '/home/runner/work/mddb/mddb/data-e2e/.git/index.lock': File exists.\n\nAnother git process seems to be running in this repository, or the lock file may be stale\n"
INF http m=POST p=/api/v1/organizations/40O69FLDO000/workspaces s=200 d=147ms s=300
INF http m=GET p=/assets/fr-B1PqNQ7U.js s=200 d=89µs s=6351
ERR Failed to commit DB changes err="failed to stage db changes: exit status 128\nOutput: fatal: Unable to create '/home/runner/work/mddb/mddb/data-e2e/.git/index.lock': File exists.\n\nAnother git process seems to be running in this repository, or the lock file may be stale\n"
INF http m=POST p=/api/v1/auth/switch-workspace s=200 d=10.9ms s=576
INF http m=GET p=/assets/es-OK4oleHZ.js s=200 d=67µs s=6048
INF http m=GET p=/assets/emoji-groups-El6awxEn.js s=200 d=128µs s=13851
INF http m=GET p=/api/v1/workspaces/40O69FTKC000/nodes/0/children s=200 d=781µs s=26
INF http m=GET p=/api/v1/notifications/unread-count s=200 d=598µs s=25
INF http m=GET p=/api/v1/workspaces/40O69FTKC000/members s=200 d=13.8ms s=128
INF http m=GET p=/assets/de-CSEWDUi3.js s=200 d=108µs s=6281
INF http m=GET p=/assets/WorkspaceSettingsPanel-BXpT4LCS.css s=200 d=42µs s=994
INF http m=GET p=/assets/WorkspaceSettingsPanel-BB4UnxOs.js s=200 d=69µs s=4465
INF http m=GET p=/assets/Terms-CDs9SgkA.js s=200 d=28µs s=1013
INF http m=GET p=/assets/ServerSettingsPanel-Co4AQ7oB.css s=200 d=31µs s=576
INF http m=GET p=/assets/ServerSettingsPanel-CUtQeHs8.js s=200 d=54µs s=2551
INF http m=GET p=/assets/ResourceQuotaForm-CBiYRbX4.js s=200 d=37µs s=832
INF http m=GET p=/assets/ResourceQuotaForm-BFoPj33M.css s=200 d=31µs s=297
ERR Failed to commit DB changes err="failed to stage db changes: exit status 128\nOutput: fatal: Unable to create '/home/runner/work/mddb/mddb/data-e2e/.git/index.lock': File exists.\n\nAnother git process seems to be running in this repository, or the lock file may be stale\n"
INF http m=POST p=/api/v1/workspaces/40O69FTKC000/nodes/0/page/create s=200 d=54.3ms s=35
INF http m=GET p=/assets/ProfileSettings-DF5AVI35.js s=200 d=85µs s=4393
INF http m=GET p=/api/v1/workspaces/40O69FTKC000/nodes/0/children s=200 d=324µs s=257
INF http m=GET p=/assets/ProfileSettings-CX-HDEdu.css s=200 d=47µs s=1177
INF http m=GET p=/assets/Privacy-cCrfp6_1.css s=200 d=31µs s=314
INF http m=GET p=/api/v1/workspaces/40O69FTKC000/nodes/40O69HBIQ000 s=200 d=321µs s=245
INF http m=GET p=/assets/Privacy-CgsgvqEr.js s=200 d=33µs s=904
INF http m=GET p=/assets/Editor-DfcJ-Jfc.css s=200 d=63µs s=2151
INF http m=GET p=/assets/Editor-BCbjs9IY.js s=200 d=95µs s=13602
INF http m=GET p=/assets/OrgSettingsPanel-D9VVCokd.css s=200 d=35µs s=488
INF http m=GET p=/assets/OrgSettingsPanel-9P66Q2ps.js s=200 d=49µs s=2333
INF http m=GET p=/assets/OAuthIcons-csRRTXki.js s=200 d=2.21ms s=951
INF http m=GET p=/assets/InviteForm-DLxm8fu0.css s=200 d=39µs s=394
INF http m=GET p=/assets/InviteForm-CV0yK4I0.js s=200 d=30µs s=1291
INF http m=GET p=/assets/Auth-8NWYUGup.js s=200 d=48µs s=1677
ERR Failed to commit DB changes err="failed to stage db changes: exit status 128\nOutput: fatal: Unable to create '/home/runner/work/mddb/mddb/data-e2e/.git/index.lock': File exists.\n\nAnother git process seems to be running in this repository, or the lock file may be stale\n"
INF http m=POST p=/api/v1/auth/register s=200 d=112ms s=391
INF http m=GET p=/assets/Auth-6SolzSg2.css s=200 d=33µs s=633
ERR Failed to commit DB changes err="failed to stage db changes: exit status 128\nOutput: fatal: Unable to create '/home/runner/work/mddb/mddb/data-e2e/.git/index.lock': File exists.\n\nAnother git process seems to be running in this repository, or the lock file may be stale\n"
INF http m=POST p=/api/v1/workspaces/40O69FTKC000/nodes/0/page/create s=200 d=43.5ms s=26
INF http m=GET p=/assets/AdminDashboard-DpHjrDyw.js s=200 d=59µs s=2142
INF http m=GET p=/ s=200 d=42µs s=541
INF http m=GET p=/w/@40O69FTKC000+workspace/@40O69HBIQ000+welcome s=200 d=64µs s=541
INF http m=GET p=/api/v1/workspaces/40O69FTKC000/events s=200 d=277ms s=237
INF http m=GET p=/assets/AdminDashboard-CjPbo26j.css s=200 d=36µs s=584
INF http m=GET p=/registerSW.js s=200 d=65µs s=87
INF http m=GET p=/manifest.webmanifest s=200 d=39µs s=199
INF http m=GET p=/api/v1/auth/me s=200 d=292µs s=352
INF http m=GET p=/assets/index-Dlg_ygoF.js s=200 d=136µs s=45483
INF http m=GET p=/assets/index-Bi-AgGrc.css s=200 d=122µs s=11684
INF http m=GET p=/registerSW.js s=200 d=55µs s=87
INF http m=GET p=/assets/editor-vendor-VZT4IkOY.js s=200 d=170µs s=92428
INF http m=GET p=/assets/vendor-CnrH3R4r.js s=200 d=110µs s=28803
INF http m=GET p=/api/v1/notifications/unread-count s=200 d=173µs s=25
INF http m=GET p=/api/v1/workspaces/40O69FTKC000/members s=200 d=751µs s=128
INF http m=GET p=/api/v1/workspaces/40O69FTKC000/nodes/0/children s=200 d=1.19ms s=263
INF http m=GET p=/api/v1/workspaces/40O69FTKC000/nodes/40O69HBIQ000 s=200 d=7.59ms s=245
INF http m=GET p=/api/v1/auth/me s=200 d=236µs s=164
INF http m=GET p=/assets/en-BIK_e_4K.js s=200 d=100µs s=5251
INF http m=GET p=/assets/Onboarding-DQ2WAJCW.js s=200 d=42µs s=996
INF http m=GET p=/api/v1/notifications/unread-count s=200 d=229µs s=25
INF http m=GET p=/favicon.png s=200 d=32µs s=449
INF http m=GET p=/api/v1/workspaces/40O69FTKC000/nodes/40O69IEM2000 s=200 d=2.1ms s=155
ERR Failed to commit DB changes err="failed to stage db changes: exit status 128\nOutput: fatal: Unable to create '/home/runner/work/mddb/mddb/data-e2e/.git/index.lock': File exists.\n\nAnother git process seems to be running in this repository, or the lock file may be stale\n"
INF http m=POST p=/api/v1/organizations s=200 d=6.2ms s=351
INF http m=GET p=/sw.js s=200 d=128µs s=5593
INF http m=GET p=/api/v1/auth/me s=200 d=710µs s=251
INF http m=GET p=/registerSW.js s=200 d=38µs s=87
INF http m=GET p=/index.html s=200 d=34µs s=541
INF http m=GET p=/icon.svg s=200 d=25µs s=195
INF http m=GET p=/icon-512.png s=200 d=56µs s=6498
INF http m=GET p=/icon-192.png s=200 d=43µs s=2468
INF http m=GET p=/favicon.png s=200 d=38µs s=449
INF http m=GET p=/apple-touch-icon.png s=200 d=58µs s=2298
INF http m=GET p=/assets/material-symbols-names-D7AiM4If.js s=200 d=134µs s=15478
ERR Failed to add workspace submodule wsID=40O69K6O2000 err="failed to add submodule 40O69K6O2000: exit status 128\nOutput: Adding existing repo at '40O69K6O2000' to the index\nfatal: Unable to create '/home/runner/work/mddb/mddb/data-e2e/.git/index.lock': File exists.\n\nAnother git process seems to be running in this repository, or the lock file may be stale\nfatal: Failed to add submodule '40O69K6O2000'\n"
ERR Failed to commit DB changes err="failed to stage db changes: exit status 128\nOutput: fatal: Unable to create '/home/runner/work/mddb/mddb/data-e2e/.git/index.lock': File exists.\n\nAnother git process seems to be running in this repository, or the lock file may be stale\n"
INF http m=POST p=/api/v1/organizations/40O69JTQ4000/workspaces s=200 d=129ms s=301
INF http m=GET p=/api/v1/workspaces/40O69FTKC000/events s=200 d=269ms s=93
INF http m=GET p=/assets/fr-B1PqNQ7U.js s=200 d=72µs s=6351
ERR Failed to commit DB changes err="failed to stage db changes: exit status 128\nOutput: fatal: Unable to create '/home/runner/work/mddb/mddb/data-e2e/.git/index.lock': File exists.\n\nAnother git process seems to be running in this repository, or the lock file may be stale\n"
INF http m=POST p=/api/v1/auth/switch-workspace s=200 d=23.8ms s=607
INF http m=GET p=/assets/es-OK4oleHZ.js s=200 d=106µs s=6048
INF http m=GET p=/api/v1/notifications/unread-count s=200 d=188µs s=25
INF http m=GET p=/api/v1/workspaces/40O69K6O2000/nodes/0/children s=200 d=304µs s=26
INF http m=GET p=/api/v1/workspaces/40O69K6O2000/members s=200 d=3.05ms s=126
INF http m=GET p=/assets/emoji-groups-El6awxEn.js s=200 d=131µs s=13851
ERR Failed to commit DB changes err="failed to stage db changes: exit status 128\nOutput: fatal: Unable to create '/home/runner/work/mddb/mddb/data-e2e/.git/index.lock': File exists.\n\nAnother git process seems to be running in this repository, or the lock file may be stale\n"
INF http m=POST p=/api/v1/workspaces/40O69K6O2000/nodes/0/page/create s=200 d=41.1ms s=35
INF http m=GET p=/assets/de-CSEWDUi3.js s=200 d=72µs s=6281
INF http m=GET p=/api/v1/workspaces/40O69K6O2000/nodes/0/children s=200 d=357µs s=257
INF http m=GET p=/assets/WorkspaceSettingsPanel-BXpT4LCS.css s=200 d=45µs s=994
INF http m=GET p=/api/v1/workspaces/40O69K6O2000/nodes/40O69LJ4K000 s=200 d=945µs s=245
INF http m=GET p=/assets/WorkspaceSettingsPanel-BB4UnxOs.js s=200 d=66µs s=4465
INF http m=GET p=/assets/Terms-CDs9SgkA.js s=200 d=42µs s=1013
INF http m=GET p=/assets/ServerSettingsPanel-Co4AQ7oB.css s=200 d=37µs s=576
INF http m=GET p=/assets/Editor-BCbjs9IY.js s=200 d=165µs s=13602
INF http m=GET p=/assets/Editor-DfcJ-Jfc.css s=200 d=60µs s=2151
INF http m=GET p=/assets/ServerSettingsPanel-CUtQeHs8.js s=200 d=64µs s=2551
INF http m=GET p=/assets/ResourceQuotaForm-CBiYRbX4.js s=200 d=48µs s=832
INF http m=GET p=/assets/ResourceQuotaForm-BFoPj33M.css s=200 d=39µs s=297
INF http m=GET p=/assets/ProfileSettings-DF5AVI35.js s=200 d=141µs s=4393
INF http m=GET p=/assets/ProfileSettings-CX-HDEdu.css s=200 d=35µs s=1177
INF http m=GET p=/assets/Privacy-cCrfp6_1.css s=200 d=33µs s=314
INF http m=GET p=/assets/Privacy-CgsgvqEr.js s=200 d=35µs s=904
INF http m=GET p=/assets/OrgSettingsPanel-D9VVCokd.css s=200 d=41µs s=488
ERR Failed to commit DB changes err="failed to stage db changes: exit status 128\nOutput: fatal: Unable to create '/home/runner/work/mddb/mddb/data-e2e/.git/index.lock': File exists.\n\nAnother git process seems to be running in this repository, or the lock file may be stale\n"
INF http m=POST p=/api/v1/workspaces/40O69K6O2000/nodes/0/table/create s=200 d=33.6ms s=26
INF http m=GET p=/assets/OrgSettingsPanel-9P66Q2ps.js s=200 d=44µs s=2333
INF http m=GET p=/assets/OAuthIcons-csRRTXki.js s=200 d=37µs s=951
INF http m=GET p=/assets/InviteForm-DLxm8fu0.css s=200 d=57µs s=394
INF http m=GET p=/assets/InviteForm-CV0yK4I0.js s=200 d=31µs s=1291
INF http m=GET p=/assets/Auth-8NWYUGup.js s=200 d=52µs s=1677
ERR Failed to commit DB changes err="failed to stage db changes: exit status 128\nOutput: fatal: Unable to create '/home/runner/work/mddb/mddb/data-e2e/.git/index.lock': File exists.\n\nAnother git process seems to be running in this repository, or the lock file may be stale\n"
INF http m=POST p=/api/v1/workspaces/40O69K6O2000/nodes/40O69MMQA000/views/create s=200 d=47.4ms s=26
INF http m=GET p=/assets/Auth-6SolzSg2.css s=200 d=35µs s=633
ERR Failed to commit DB changes err="failed to stage db changes: exit status 128\nOutput: fatal: Unable to create '/home/runner/work/mddb/mddb/data-e2e/.git/index.lock': File exists.\n\nAnother git process seems to be running in this repository, or the lock file may be stale\n"
INF http m=POST p=/api/v1/auth/register s=200 d=141ms s=387
INF http m=GET p=/assets/AdminDashboard-DpHjrDyw.js s=200 d=61µs s=2142
INF http m=GET p=/ s=200 d=43µs s=541
INF http m=GET p=/assets/AdminDashboard-CjPbo26j.css s=200 d=34µs s=584
INF http m=GET p=/manifest.webmanifest s=200 d=36µs s=199
ERR Failed to commit DB changes err="failed to stage db changes: exit status 128\nOutput: fatal: Unable to create '/home/runner/work/mddb/mddb/data-e2e/.git/index.lock': File exists.\n\nAnother git process seems to be running in this repository, or the lock file may be stale\n"
INF http m=POST p=/api/v1/workspaces/40O69K6O2000/nodes/40O69MMQA000/views/create s=200 d=35.3ms s=26
INF http m=GET p=/registerSW.js s=200 d=43µs s=87
INF http m=GET p=/assets/editor-vendor-VZT4IkOY.js s=200 d=187µs s=92428
INF http m=GET p=/assets/vendor-CnrH3R4r.js s=200 d=138µs s=28803
INF http m=GET p=/assets/index-Bi-AgGrc.css s=200 d=122µs s=11684
INF http m=GET p=/assets/index-Dlg_ygoF.js s=200 d=380µs s=45483
INF http m=GET p=/w/@40O69K6O2000+workspace/@40O69MMQA000 s=200 d=32µs s=541
INF http m=GET p=/api/v1/workspaces/40O69K6O2000/events s=200 d=358ms s=288
INF http m=GET p=/assets/en-BIK_e_4K.js s=200 d=96µs s=5251
INF http m=GET p=/api/v1/auth/me s=200 d=739µs s=164
INF http m=GET p=/api/v1/auth/me s=200 d=798µs s=350
INF http m=GET p=/assets/Onboarding-DQ2WAJCW.js s=200 d=47µs s=996
INF http m=GET p=/favicon.png s=200 d=47µs s=449
INF http m=GET p=/api/v1/notifications/unread-count s=200 d=6.33ms s=25
ERR Failed to commit DB changes err="failed to stage db changes: exit status 128\nOutput: fatal: Unable to create '/home/runner/work/mddb/mddb/data-e2e/.git/index.lock': File exists.\n\nAnother git process seems to be running in this repository, or the lock file may be stale\n"
INF http m=POST p=/api/v1/organizations s=200 d=9.8ms s=350
INF http m=GET p=/sw.js s=200 d=143µs s=5593
INF http m=GET p=/api/v1/auth/me s=200 d=6.48ms s=248
INF http m=GET p=/api/v1/notifications/unread-count s=200 d=256µs s=25
INF http m=GET p=/api/v1/workspaces/40O69K6O2000/nodes/0/children s=200 d=376µs s=325
INF http m=GET p=/api/v1/workspaces/40O69K6O2000/members s=200 d=520µs s=126
INF http m=GET p=/api/v1/workspaces/40O69K6O2000/nodes/40O69MMQA000 s=200 d=10.6ms s=185
INF http m=GET p=/registerSW.js s=200 d=48µs s=87
INF http m=GET p=/api/v1/workspaces/40O69K6O2000/nodes/40O69MMQA000/table/records s=200 d=287µs s=28
INF http m=GET p=/index.html s=200 d=60µs s=541
INF http m=GET p=/icon.svg s=200 d=68µs s=195
INF http m=GET p=/icon-512.png s=200 d=138µs s=6498
INF http m=GET p=/icon-192.png s=200 d=51µs s=2468
INF http m=GET p=/favicon.png s=200 d=45µs s=449
INF http m=GET p=/apple-touch-icon.png s=200 d=65µs s=2298
ERR Failed to add workspace submodule wsID=40O69OMMS000 err="failed to add submodule 40O69OMMS000: exit status 128\nOutput: Adding existing repo at '40O69OMMS000' to the index\nfatal: Unable to create '/home/runner/work/mddb/mddb/data-e2e/.git/index.lock': File exists.\n\nAnother git process seems to be running in this repository, or the lock file may be stale\nfatal: Failed to add submodule '40O69OMMS000'\n"
ERR Failed to commit DB changes err="failed to stage db changes: exit status 128\nOutput: fatal: Unable to create '/home/runner/work/mddb/mddb/data-e2e/.git/index.lock': File exists.\n\nAnother git process seems to be running in this repository, or the lock file may be stale\n"
INF http m=POST p=/api/v1/organizations/40O69OAEE000/workspaces s=200 d=131ms s=297
ERR Failed to commit DB changes err="failed to stage db changes: exit status 128\nOutput: fatal: Unable to create '/home/runner/work/mddb/mddb/data-e2e/.git/index.lock': File exists.\n\nAnother git process seems to be running in this repository, or the lock file may be stale\n"
INF http m=POST p=/api/v1/auth/switch-workspace s=200 d=10.7ms s=601
INF http m=GET p=/assets/material-symbols-names-D7AiM4If.js s=200 d=73µs s=15478
INF http m=GET p=/api/v1/workspaces/40O69K6O2000/events s=200 d=167ms s=93
INF http m=GET p=/api/v1/notifications/unread-count s=200 d=159µs s=25
INF http m=GET p=/api/v1/workspaces/40O69OMMS000/nodes/0/children s=200 d=389µs s=26
INF http m=GET p=/api/v1/workspaces/40O69OMMS000/members s=200 d=471µs s=124
INF http m=GET p=/assets/fr-B1PqNQ7U.js s=200 d=116µs s=6351
INF http m=GET p=/assets/es-OK4oleHZ.js s=200 d=97µs s=6048
INF http m=GET p=/assets/emoji-groups-El6awxEn.js s=200 d=134µs s=13851
ERR Failed to commit DB changes err="failed to stage db changes: exit status 128\nOutput: fatal: Unable to create '/home/runner/work/mddb/mddb/data-e2e/.git/index.lock': File exists.\n\nAnother git process seems to be running in this repository, or the lock file may be stale\n"
INF http m=POST p=/api/v1/workspaces/40O69OMMS000/nodes/0/page/create s=200 d=44.8ms s=35
INF http m=GET p=/api/v1/workspaces/40O69OMMS000/nodes/0/children s=200 d=582µs s=257
INF http m=GET p=/api/v1/workspaces/40O69OMMS000/nodes/40O69Q42A000 s=200 d=685µs s=245
INF http m=GET p=/assets/de-CSEWDUi3.js s=200 d=88µs s=6281
INF http m=GET p=/assets/Editor-BCbjs9IY.js s=200 d=150µs s=13602
INF http m=GET p=/assets/Editor-DfcJ-Jfc.css s=200 d=88µs s=2151
INF http m=GET p=/assets/WorkspaceSettingsPanel-BXpT4LCS.css s=200 d=21µs s=994
INF http m=GET p=/assets/WorkspaceSettingsPanel-BB4UnxOs.js s=200 d=181µs s=4465
INF http m=GET p=/assets/Terms-CDs9SgkA.js s=200 d=40µs s=1013
INF http m=GET p=/assets/ServerSettingsPanel-Co4AQ7oB.css s=200 d=40µs s=576
INF http m=GET p=/assets/ServerSettingsPanel-CUtQeHs8.js s=200 d=49µs s=2551
INF http m=GET p=/assets/ResourceQuotaForm-CBiYRbX4.js s=200 d=58µs s=832
INF http m=GET p=/assets/ResourceQuotaForm-BFoPj33M.css s=200 d=45µs s=297
INF http m=GET p=/assets/ProfileSettings-DF5AVI35.js s=200 d=87µs s=4393
INF http m=GET p=/assets/ProfileSettings-CX-HDEdu.css s=200 d=48µs s=1177
INF http m=GET p=/assets/Privacy-cCrfp6_1.css s=200 d=35µs s=314
INF http m=GET p=/assets/Privacy-CgsgvqEr.js s=200 d=42µs s=904
INF http m=GET p=/assets/OrgSettingsPanel-D9VVCokd.css s=200 d=34µs s=488
INF http m=GET p=/assets/OrgSettingsPanel-9P66Q2ps.js s=200 d=104µs s=2333
INF http m=GET p=/assets/OAuthIcons-csRRTXki.js s=200 d=35µs s=951
INF http m=GET p=/assets/InviteForm-DLxm8fu0.css s=200 d=52µs s=394
INF http m=GET p=/assets/InviteForm-CV0yK4I0.js s=200 d=32µs s=1291
ERR Failed to commit DB changes err="failed to stage db changes: exit status 128\nOutput: fatal: Unable to create '/home/runner/work/mddb/mddb/data-e2e/.git/index.lock': File exists.\n\nAnother git process seems to be running in this repository, or the lock file may be stale\n"
INF http m=POST p=/api/v1/workspaces/40O69OMMS000/nodes/0/table/create s=200 d=34.5ms s=26
INF http m=GET p=/assets/Auth-8NWYUGup.js s=200 d=103µs s=1677
INF http m=GET p=/assets/Auth-6SolzSg2.css s=200 d=35µs s=633
INF http m=GET p=/assets/AdminDashboard-DpHjrDyw.js s=200 d=44µs s=2142
ERR Failed to commit DB changes err="failed to stage db changes: exit status 128\nOutput: fatal: Unable to create '/home/runner/work/mddb/mddb/data-e2e/.git/index.lock': File exists.\n\nAnother git process seems to be running in this repository, or the lock file may be stale\n"
INF http m=POST p=/api/v1/auth/register s=200 d=116ms s=391
INF http m=GET p=/assets/AdminDashboard-CjPbo26j.css s=200 d=33µs s=584
ERR Failed to commit DB changes err="failed to stage db changes: exit status 128\nOutput: fatal: Unable to create '/home/runner/work/mddb/mddb/data-e2e/.git/index.lock': File exists.\n\nAnother git process seems to be running in this repository, or the lock file may be stale\n"
INF http m=POST p=/api/v1/workspaces/40O69OMMS000/nodes/40O69RILI000/table/records/create s=200 d=40.4ms s=26
INF http m=GET p=/ s=200 d=45µs s=541
INF http m=GET p=/manifest.webmanifest s=200 d=25µs s=199
INF http m=GET p=/assets/index-Dlg_ygoF.js s=200 d=2.74ms s=45483
INF http m=GET p=/assets/index-Bi-AgGrc.css s=200 d=128µs s=11684
INF http m=GET p=/assets/editor-vendor-VZT4IkOY.js s=200 d=184µs s=92428
INF http m=GET p=/registerSW.js s=200 d=30µs s=87
INF http m=GET p=/assets/vendor-CnrH3R4r.js s=200 d=2.97ms s=28803
ERR Failed to commit DB changes err="failed to stage db changes: exit status 128\nOutput: fatal: Unable to create '/home/runner/work/mddb/mddb/data-e2e/.git/index.lock': File exists.\n\nAnother git process seems to be running in this repository, or the lock file may be stale\n"
INF http m=POST p=/api/v1/workspaces/40O69OMMS000/nodes/40O69RILI000/table/records/create s=200 d=42.4ms s=26
INF http m=GET p=/api/v1/workspaces/40O69OMMS000/nodes/40O69RILI000/table/records s=200 d=318µs s=152
ERR Failed to commit DB changes err="failed to stage db changes: exit status 128\nOutput: fatal: Unable to create '/home/runner/work/mddb/mddb/data-e2e/.git/index.lock': File exists.\n\nAnother git process seems to be running in this repository, or the lock file may be stale\n"
INF http m=POST p=/api/v1/workspaces/40O69OMMS000/nodes/40O69RILI000/views/create s=200 d=24ms s=26
INF http m=GET p=/assets/en-BIK_e_4K.js s=200 d=85µs s=5251
INF http m=GET p=/api/v1/auth/me s=200 d=727µs s=168
INF http m=GET p=/favicon.png s=200 d=44µs s=449
INF http m=GET p=/api/v1/notifications/unread-count s=200 d=590µs s=25
INF http m=GET p=/assets/Onboarding-DQ2WAJCW.js s=200 d=26µs s=996
ERR Failed to commit DB changes err="failed to stage db changes: exit status 128\nOutput: fatal: Unable to create '/home/runner/work/mddb/mddb/data-e2e/.git/index.lock': File exists.\n\nAnother git process seems to be running in this repository, or the lock file may be stale\n"
INF http m=POST p=/api/v1/workspaces/40O69OMMS000/nodes/40O69RILI000/views/40O69SETK000 s=200 d=44.4ms s=26
INF http m=GET p=/api/v1/workspaces/40O69OMMS000/nodes/40O69RILI000/table/records s=200 d=358µs s=124
INF http m=GET p=/sw.js s=200 d=68µs s=5593
ERR Failed to commit DB changes err="failed to stage db changes: exit status 128\nOutput: fatal: Unable to create '/home/runner/work/mddb/mddb/data-e2e/.git/index.lock': File exists.\n\nAnother git process seems to be running in this repository, or the lock file may be stale\n"
INF http m=POST p=/api/v1/organizations s=200 d=9.64ms s=354
INF http m=GET p=/api/v1/workspaces/40O69OMMS000/nodes/40O69RILI000/table/records s=200 d=295µs s=118
INF http m=GET p=/registerSW.js s=200 d=35µs s=87
INF http m=GET p=/api/v1/workspaces/40O69OMMS000/events s=200 d=533ms s=373
INF http m=GET p=/api/v1/auth/me s=200 d=16.9ms s=254
INF http m=GET p=/index.html s=200 d=39µs s=541
INF http m=GET p=/icon.svg s=200 d=36µs s=195
INF http m=GET p=/icon-512.png s=200 d=59µs s=6498
INF http m=GET p=/icon-192.png s=200 d=61µs s=2468
INF http m=GET p=/favicon.png s=200 d=60µs s=449
INF http m=GET p=/apple-touch-icon.png s=200 d=40µs s=2298
INF http m=GET p=/assets/material-symbols-names-D7AiM4If.js s=200 d=119µs s=15478
INF http m=GET p=/assets/fr-B1PqNQ7U.js s=200 d=290µs s=6351
ERR Failed to add workspace submodule wsID=40O69TEK4000 err="failed to add submodule 40O69TEK4000: exit status 128\nOutput: Adding existing repo at '40O69TEK4000' to the index\nfatal: Unable to create '/home/runner/work/mddb/mddb/data-e2e/.git/index.lock': File exists.\n\nAnother git process seems to be running in this repository, or the lock file may be stale\nfatal: Failed to add submodule '40O69TEK4000'\n"
INF http m=GET p=/assets/es-OK4oleHZ.js s=200 d=89µs s=6048
ERR Failed to commit DB changes err="failed to stage db changes: exit status 128\nOutput: fatal: Unable to create '/home/runner/work/mddb/mddb/data-e2e/.git/index.lock': File exists.\n\nAnother git process seems to be running in this repository, or the lock file may be stale\n"
INF http m=POST p=/api/v1/organizations/40O69SVL2000/workspaces s=200 d=135ms s=304
ERR Failed to commit DB changes err="failed to stage db changes: exit status 128\nOutput: fatal: Unable to create '/home/runner/work/mddb/mddb/data-e2e/.git/index.lock': File exists.\n\nAnother git process seems to be running in this repository, or the lock file may be stale\n"
INF http m=POST p=/api/v1/auth/switch-workspace s=200 d=8.37ms s=608
INF http m=GET p=/assets/emoji-groups-El6awxEn.js s=200 d=98µs s=13851
INF http m=GET p=/api/v1/workspaces/40O69TEK4000/nodes/0/children s=200 d=375µs s=26
INF http m=GET p=/api/v1/workspaces/40O69TEK4000/members s=200 d=295µs s=119
INF http m=GET p=/api/v1/notifications/unread-count s=200 d=14ms s=25
INF http m=GET p=/assets/de-CSEWDUi3.js s=200 d=131µs s=6281
INF http m=GET p=/assets/WorkspaceSettingsPanel-BXpT4LCS.css s=200 d=39µs s=994
INF http m=GET p=/assets/WorkspaceSettingsPanel-BB4UnxOs.js s=200 d=101µs s=4465
INF http m=GET p=/assets/Terms-CDs9SgkA.js s=200 d=40µs s=1013
INF http m=GET p=/assets/ServerSettingsPanel-Co4AQ7oB.css s=200 d=42µs s=576
INF http m=GET p=/assets/ServerSettingsPanel-CUtQeHs8.js s=200 d=58µs s=2551
ERR Failed to commit DB changes err="failed to stage db changes: exit status 128\nOutput: fatal: Unable to create '/home/runner/work/mddb/mddb/data-e2e/.git/index.lock': File exists.\n\nAnother git process seems to be running in this repository, or the lock file may be stale\n"
INF http m=POST p=/api/v1/workspaces/40O69TEK4000/nodes/0/page/create s=200 d=41.2ms s=35
INF http m=GET p=/api/v1/workspaces/40O69TEK4000/nodes/0/children s=200 d=729µs s=257
INF http m=GET p=/assets/ResourceQuotaForm-CBiYRbX4.js s=200 d=34µs s=832
INF http m=GET p=/api/v1/workspaces/40O69TEK4000/nodes/40O69UTNC000 s=200 d=755µs s=245
INF http m=GET p=/assets/ResourceQuotaForm-BFoPj33M.css s=200 d=43µs s=297
INF http m=GET p=/assets/Editor-DfcJ-Jfc.css s=200 d=35µs s=2151
INF http m=GET p=/assets/Editor-BCbjs9IY.js s=200 d=80µs s=13602
INF http m=GET p=/assets/ProfileSettings-DF5AVI35.js s=200 d=110µs s=4393
INF http m=GET p=/assets/ProfileSettings-CX-HDEdu.css s=200 d=44µs s=1177
INF http m=GET p=/assets/Privacy-cCrfp6_1.css s=200 d=71µs s=314
INF http m=GET p=/assets/Privacy-CgsgvqEr.js s=200 d=44µs s=904
INF http m=GET p=/assets/OrgSettingsPanel-D9VVCokd.css s=200 d=55µs s=488
INF http m=GET p=/assets/OrgSettingsPanel-9P66Q2ps.js s=200 d=61µs s=2333
INF http m=GET p=/assets/OAuthIcons-csRRTXki.js s=200 d=40µs s=951
INF http m=GET p=/assets/InviteForm-DLxm8fu0.css s=200 d=31µs s=394
INF http m=GET p=/assets/InviteForm-CV0yK4I0.js s=200 d=25µs s=1291
ERR Failed to commit DB changes err="failed to stage db changes: exit status 128\nOutput: fatal: Unable to create '/home/runner/work/mddb/mddb/data-e2e/.git/index.lock': File exists.\n\nAnother git process seems to be running in this repository, or the lock file may be stale\n"
INF http m=POST p=/api/v1/workspaces/40O69TEK4000/nodes/0/table/create s=200 d=29.8ms s=26
ERR Failed to commit DB changes err="failed to stage db changes: exit status 128\nOutput: fatal: Unable to create '/home/runner/work/mddb/mddb/data-e2e/.git/index.lock': File exists.\n\nAnother git process seems to be running in this repository, or the lock file may be stale\n"
INF http m=GET p=/assets/Auth-8NWYUGup.js s=200 d=32µs s=1677
INF http m=POST p=/api/v1/auth/register s=200 d=166ms s=403
INF http m=GET p=/ s=200 d=60µs s=541
INF http m=GET p=/assets/Auth-6SolzSg2.css s=200 d=28µs s=633
INF http m=GET p=/assets/AdminDashboard-DpHjrDyw.js s=200 d=55µs s=2142
ERR Failed to commit DB changes err="failed to stage db changes: exit status 128\nOutput: fatal: Unable to create '/home/runner/work/mddb/mddb/data-e2e/.git/index.lock': File exists.\n\nAnother git process seems to be running in this repository, or the lock file may be stale\n"
INF http m=POST p=/api/v1/workspaces/40O69TEK4000/nodes/40O69VUPI000/table/records/create s=200 d=26.8ms s=26
INF http m=GET p=/assets/AdminDashboard-CjPbo26j.css s=200 d=36µs s=584
INF http m=GET p=/manifest.webmanifest s=200 d=38µs s=199
INF http m=GET p=/assets/index-Bi-AgGrc.css s=200 d=164µs s=11684
INF http m=GET p=/assets/index-Dlg_ygoF.js s=200 d=524µs s=45483
INF http m=GET p=/assets/vendor-CnrH3R4r.js s=200 d=202µs s=28803
INF http m=GET p=/assets/editor-vendor-VZT4IkOY.js s=200 d=165µs s=92428
INF http m=GET p=/registerSW.js s=200 d=35µs s=87
ERR Failed to commit DB changes err="failed to stage db changes: exit status 128\nOutput: fatal: Unable to create '/home/runner/work/mddb/mddb/data-e2e/.git/index.lock': File exists.\n\nAnother git process seems to be running in this repository, or the lock file may be stale\n"
INF http m=POST p=/api/v1/workspaces/40O69TEK4000/nodes/40O69VUPI000/table/records/create s=200 d=29.4ms s=26
ERR Failed to commit DB changes err="failed to stage db changes: exit status 128\nOutput: fatal: Unable to create '/home/runner/work/mddb/mddb/data-e2e/.git/index.lock': File exists.\n\nAnother git process seems to be running in this repository, or the lock file may be stale\n"
INF http m=POST p=/api/v1/workspaces/40O69TEK4000/nodes/40O69VUPI000/table/records/create s=200 d=23.5ms s=26
INF http m=GET p=/api/v1/workspaces/40O69TEK4000/nodes/40O69VUPI000/table/records s=200 d=372µs s=169
INF http m=GET p=/api/v1/workspaces/40O69TEK4000/nodes/40O69VUPI000/table/records s=200 d=291µs s=169
ERR Failed to commit DB changes err="failed to stage db changes: exit status 128\nOutput: fatal: Unable to create '/home/runner/work/mddb/mddb/data-e2e/.git/index.lock': File exists.\n\nAnother git process seems to be running in this repository, or the lock file may be stale\n"
INF http m=POST p=/api/v1/workspaces/40O69TEK4000/nodes/40O69VUPI000/table/records/create s=200 d=28.9ms s=26
INF http m=GET p=/api/v1/workspaces/40O69TEK4000/nodes/40O69VUPI000/table/records s=200 d=372µs s=185
INF http m=GET p=/api/v1/auth/me s=200 d=638µs s=171
INF http m=GET p=/assets/en-BIK_e_4K.js s=200 d=66µs s=5251
INF http m=GET p=/assets/Onboarding-DQ2WAJCW.js s=200 d=41µs s=996
INF http m=GET p=/api/v1/notifications/unread-count s=200 d=1.08ms s=25
INF http m=GET p=/api/v1/workspaces/40O69TEK4000/events s=200 d=469ms s=355
INF http m=GET p=/sw.js s=200 d=131µs s=5593
INF http m=GET p=/favicon.png s=200 d=28µs s=449
ERR Failed to commit DB changes err="failed to stage db changes: exit status 128\nOutput: fatal: Unable to create '/home/runner/work/mddb/mddb/data-e2e/.git/index.lock': File exists.\n\nAnother git process seems to be running in this repository, or the lock file may be stale\n"
INF http m=POST p=/api/v1/organizations s=200 d=9.04ms s=354
INF http m=GET p=/api/v1/auth/me s=200 d=236µs s=253
INF http m=GET p=/registerSW.js s=200 d=35µs s=87
INF http m=GET p=/index.html s=200 d=41µs s=541
INF http m=GET p=/icon.svg s=200 d=30µs s=195
INF http m=GET p=/icon-512.png s=200 d=1.02ms s=6498
INF http m=GET p=/icon-192.png s=200 d=46µs s=2468
INF http m=GET p=/favicon.png s=200 d=31µs s=449
INF http m=GET p=/apple-touch-icon.png s=200 d=92µs s=2298
INF http m=GET p=/assets/material-symbols-names-D7AiM4If.js s=200 d=104µs s=15478
ERR Failed to add workspace submodule wsID=40O6A1RHQ000 err="failed to add submodule 40O6A1RHQ000: exit status 128\nOutput: Adding existing repo at '40O6A1RHQ000' to the index\nfatal: Unable to create '/home/runner/work/mddb/mddb/data-e2e/.git/index.lock': File exists.\n\nAnother git process seems to be running in this repository, or the lock file may be stale\nfatal: Failed to add submodule '40O6A1RHQ000'\n"
ERR Failed to commit DB changes err="failed to stage db changes: exit status 128\nOutput: fatal: Unable to create '/home/runner/work/mddb/mddb/data-e2e/.git/index.lock': File exists.\n\nAnother git process seems to be running in this repository, or the lock file may be stale\n"
INF http m=POST p=/api/v1/organizations/40O6A1K1K000/workspaces s=200 d=163ms s=303
INF http m=GET p=/assets/fr-B1PqNQ7U.js s=200 d=83µs s=6351
ERR Failed to commit DB changes err="failed to stage db changes: exit status 128\nOutput: fatal: Unable to create '/home/runner/work/mddb/mddb/data-e2e/.git/index.lock': File exists.\n\nAnother git process seems to be running in this repository, or the lock file may be stale\n"
INF http m=POST p=/api/v1/auth/switch-workspace s=200 d=15.7ms s=571
INF http m=GET p=/assets/es-OK4oleHZ.js s=200 d=62µs s=6048
INF http m=GET p=/assets/emoji-groups-El6awxEn.js s=200 d=94µs s=13851
INF http m=GET p=/api/v1/notifications/unread-count s=200 d=440µs s=25
INF http m=GET p=/api/v1/workspaces/40O6A1RHQ000/nodes/0/children s=200 d=717µs s=26
INF http m=GET p=/api/v1/workspaces/40O6A1RHQ000/members s=200 d=474µs s=121
INF http m=GET p=/assets/de-CSEWDUi3.js s=200 d=147µs s=6281
INF http m=GET p=/assets/WorkspaceSettingsPanel-BXpT4LCS.css s=200 d=39µs s=994
INF http m=GET p=/assets/WorkspaceSettingsPanel-BB4UnxOs.js s=200 d=108µs s=4465
ERR Failed to commit DB changes err="failed to stage db changes: exit status 128\nOutput: fatal: Unable to create '/home/runner/work/mddb/mddb/data-e2e/.git/index.lock': File exists.\n\nAnother git process seems to be running in this repository, or the lock file may be stale\n"
INF http m=POST p=/api/v1/workspaces/40O6A1RHQ000/nodes/0/page/create s=200 d=42.2ms s=35
INF http m=GET p=/api/v1/workspaces/40O6A1RHQ000/nodes/0/children s=200 d=297µs s=257
INF http m=GET p=/assets/Terms-CDs9SgkA.js s=200 d=24µs s=1013
INF http m=GET p=/assets/ServerSettingsPanel-Co4AQ7oB.css s=200 d=27µs s=576
INF http m=GET p=/api/v1/workspaces/40O6A1RHQ000/nodes/40O6A3HU4000 s=200 d=271µs s=245
INF http m=GET p=/assets/ServerSettingsPanel-CUtQeHs8.js s=200 d=40µs s=2551
INF http m=GET p=/assets/Editor-BCbjs9IY.js s=200 d=73µs s=13602
INF http m=GET p=/assets/Editor-DfcJ-Jfc.css s=200 d=36µs s=2151
INF http m=GET p=/assets/ResourceQuotaForm-CBiYRbX4.js s=200 d=49µs s=832
INF http m=GET p=/assets/ResourceQuotaForm-BFoPj33M.css s=200 d=43µs s=297
ERR Failed to commit DB changes err="failed to stage db changes: exit status 128\nOutput: fatal: Unable to create '/home/runner/work/mddb/mddb/data-e2e/.git/index.lock': File exists.\n\nAnother git process seems to be running in this repository, or the lock file may be stale\n"
INF http m=POST p=/api/v1/auth/register s=200 d=153ms s=399
INF http m=GET p=/ s=200 d=85µs s=541
INF http m=GET p=/assets/ProfileSettings-DF5AVI35.js s=200 d=72µs s=4393
INF http m=GET p=/assets/ProfileSettings-CX-HDEdu.css s=200 d=47µs s=1177
INF http m=GET p=/assets/index-Dlg_ygoF.js s=200 d=160µs s=45483
INF http m=GET p=/assets/Privacy-cCrfp6_1.css s=200 d=22µs s=314
INF http m=GET p=/assets/index-Bi-AgGrc.css s=200 d=136µs s=11684
INF http m=GET p=/assets/vendor-CnrH3R4r.js s=200 d=123µs s=28803
INF http m=GET p=/assets/editor-vendor-VZT4IkOY.js s=200 d=446µs s=92428
INF http m=GET p=/registerSW.js s=200 d=38µs s=87
INF http m=GET p=/assets/Privacy-CgsgvqEr.js s=200 d=26µs s=904
INF http m=GET p=/assets/OrgSettingsPanel-D9VVCokd.css s=200 d=41µs s=488
INF http m=GET p=/assets/OrgSettingsPanel-9P66Q2ps.js s=200 d=49µs s=2333
INF http m=GET p=/assets/OAuthIcons-csRRTXki.js s=200 d=43µs s=951
ERR Failed to commit DB changes err="failed to stage db changes: exit status 128\nOutput: fatal: Unable to create '/home/runner/work/mddb/mddb/data-e2e/.git/index.lock': File exists.\n\nAnother git process seems to be running in this repository, or the lock file may be stale\n"
INF http m=POST p=/api/v1/workspaces/40O6A1RHQ000/nodes/0/table/create s=200 d=55.5ms s=26
INF http m=GET p=/assets/InviteForm-DLxm8fu0.css s=200 d=35µs s=394
INF http m=GET p=/assets/InviteForm-CV0yK4I0.js s=200 d=39µs s=1291
ERR Failed to commit DB changes err="failed to stage db changes: exit status 128\nOutput: fatal: Unable to create '/home/runner/work/mddb/mddb/data-e2e/.git/index.lock': File exists.\n\nAnother git process seems to be running in this repository, or the lock file may be stale\n"
INF http m=POST p=/api/v1/workspaces/40O6A1RHQ000/nodes/40O6A4EHQ000/table/records/create s=200 d=29.2ms s=26
INF http m=GET p=/api/v1/auth/me s=200 d=318µs s=170
INF http m=GET p=/assets/en-BIK_e_4K.js s=200 d=71µs s=5251
INF http m=GET p=/assets/Auth-8NWYUGup.js s=200 d=47µs s=1677
INF http m=GET p=/assets/Onboarding-DQ2WAJCW.js s=200 d=33µs s=996
INF http m=GET p=/api/v1/notifications/unread-count s=200 d=179µs s=25
INF http m=GET p=/assets/Auth-6SolzSg2.css s=200 d=27µs s=633
INF http m=GET p=/favicon.png s=200 d=29µs s=449
INF http m=GET p=/assets/AdminDashboard-DpHjrDyw.js s=200 d=56µs s=2142
INF http m=GET p=/assets/AdminDashboard-CjPbo26j.css s=200 d=33µs s=584
INF http m=GET p=/manifest.webmanifest s=200 d=33µs s=199
ERR Failed to commit DB changes err="failed to stage db changes: exit status 128\nOutput: fatal: Unable to create '/home/runner/work/mddb/mddb/data-e2e/.git/index.lock': File exists.\n\nAnother git process seems to be running in this repository, or the lock file may be stale\n"
INF http m=POST p=/api/v1/workspaces/40O6A1RHQ000/nodes/40O6A4EHQ000/table/records/create s=200 d=39.1ms s=26
ERR Failed to commit DB changes err="failed to stage db changes: exit status 128\nOutput: fatal: Unable to create '/home/runner/work/mddb/mddb/data-e2e/.git/index.lock': File exists.\n\nAnother git process seems to be running in this repository, or the lock file may be stale\n"
INF http m=POST p=/api/v1/organizations s=200 d=13.3ms s=355
INF http m=GET p=/sw.js s=200 d=87µs s=5593
INF http m=GET p=/api/v1/auth/me s=200 d=703µs s=254
ERR Failed to commit DB changes err="failed to stage db changes: exit status 128\nOutput: fatal: Unable to create '/home/runner/work/mddb/mddb/data-e2e/.git/index.lock': File exists.\n\nAnother git process seems to be running in this repository, or the lock file may be stale\n"
INF http m=POST p=/api/v1/workspaces/40O6A1RHQ000/nodes/40O6A4EHQ000/views/create s=200 d=27.9ms s=26
INF http m=GET p=/registerSW.js s=200 d=37µs s=87
ERR Failed to commit DB changes err="failed to stage db changes: exit status 128\nOutput: fatal: Unable to create '/home/runner/work/mddb/mddb/data-e2e/.git/index.lock': File exists.\n\nAnother git process seems to be running in this repository, or the lock file may be stale\n"
INF http m=POST p=/api/v1/workspaces/40O6A1RHQ000/nodes/40O6A4EHQ000/views/40O6A5BVI000 s=200 d=27.7ms s=26
INF http m=GET p=/index.html s=200 d=30µs s=541
INF http m=GET p=/api/v1/workspaces/40O6A1RHQ000/nodes/40O6A4EHQ000/table/records s=200 d=306µs s=137
INF http m=GET p=/icon.svg s=200 d=28µs s=195
INF http m=GET p=/icon-512.png s=200 d=81µs s=6498
INF http m=GET p=/icon-192.png s=200 d=55µs s=2468
INF http m=GET p=/api/v1/workspaces/40O6A1RHQ000/events s=200 d=402ms s=371
INF http m=GET p=/favicon.png s=200 d=50µs s=449
INF http m=GET p=/apple-touch-icon.png s=200 d=73µs s=2298
ERR Failed to add workspace submodule wsID=40O6A5GV6000 err="failed to add submodule 40O6A5GV6000: exit status 128\nOutput: Adding existing repo at '40O6A5GV6000' to the index\nfatal: Unable to create '/home/runner/work/mddb/mddb/data-e2e/.git/index.lock': File exists.\n\nAnother git process seems to be running in this repository, or the lock file may be stale\nfatal: Failed to add submodule '40O6A5GV6000'\n"
ERR Failed to commit DB changes err="failed to stage db changes: exit status 128\nOutput: fatal: Unable to create '/home/runner/work/mddb/mddb/data-e2e/.git/index.lock': File exists.\n\nAnother git process seems to be running in this repository, or the lock file may be stale\n"
INF http m=POST p=/api/v1/organizations/40O6A58TE000/workspaces s=200 d=126ms s=301
INF http m=GET p=/assets/material-symbols-names-D7AiM4If.js s=200 d=120µs s=15478
ERR Failed to commit DB changes err="failed to stage db changes: exit status 128\nOutput: fatal: Unable to create '/home/runner/work/mddb/mddb/data-e2e/.git/index.lock': File exists.\n\nAnother git process seems to be running in this repository, or the lock file may be stale\n"
INF http m=POST p=/api/v1/auth/switch-workspace s=200 d=9.87ms s=571
INF http m=GET p=/assets/fr-B1PqNQ7U.js s=200 d=86µs s=6351
INF http m=GET p=/api/v1/notifications/unread-count s=200 d=1.22ms s=25
INF http m=GET p=/api/v1/workspaces/40O6A5GV6000/members s=200 d=20.1ms s=121
INF http m=GET p=/assets/es-OK4oleHZ.js s=200 d=106µs s=6048
INF http m=GET p=/api/v1/workspaces/40O6A5GV6000/nodes/0/children s=200 d=11.6ms s=26
INF http m=GET p=/assets/emoji-groups-El6awxEn.js s=200 d=172µs s=13851
ERR Failed to commit DB changes err="failed to stage db changes: exit status 128\nOutput: fatal: Unable to create '/home/runner/work/mddb/mddb/data-e2e/.git/index.lock': File exists.\n\nAnother git process seems to be running in this repository, or the lock file may be stale\n"
INF http m=POST p=/api/v1/workspaces/40O6A5GV6000/nodes/0/page/create s=200 d=47.8ms s=35
INF http m=GET p=/api/v1/workspaces/40O6A5GV6000/nodes/0/children s=200 d=1.15ms s=257
INF http m=GET p=/assets/de-CSEWDUi3.js s=200 d=91µs s=6281
INF http m=GET p=/api/v1/workspaces/40O6A5GV6000/nodes/40O6A6QUO000 s=200 d=961µs s=245
INF http m=GET p=/assets/WorkspaceSettingsPanel-BXpT4LCS.css s=200 d=46µs s=994
INF http m=GET p=/assets/Editor-BCbjs9IY.js s=200 d=109µs s=13602
INF http m=GET p=/assets/Editor-DfcJ-Jfc.css s=200 d=39µs s=2151
INF http m=GET p=/assets/WorkspaceSettingsPanel-BB4UnxOs.js s=200 d=98µs s=4465
INF http m=GET p=/assets/Terms-CDs9SgkA.js s=200 d=40µs s=1013
INF http m=GET p=/assets/ServerSettingsPanel-Co4AQ7oB.css s=200 d=59µs s=576
INF http m=GET p=/assets/ServerSettingsPanel-CUtQeHs8.js s=200 d=53µs s=2551
INF http m=GET p=/assets/ResourceQuotaForm-CBiYRbX4.js s=200 d=54µs s=832
INF http m=GET p=/assets/ResourceQuotaForm-BFoPj33M.css s=200 d=38µs s=297
INF http m=GET p=/assets/ProfileSettings-DF5AVI35.js s=200 d=93µs s=4393
INF http m=GET p=/assets/ProfileSettings-CX-HDEdu.css s=200 d=48µs s=1177
ERR Failed to commit DB changes err="failed to stage db changes: exit status 128\nOutput: fatal: Unable to create '/home/runner/work/mddb/mddb/data-e2e/.git/index.lock': File exists.\n\nAnother git process seems to be running in this repository, or the lock file may be stale\n"
INF http m=POST p=/api/v1/workspaces/40O6A5GV6000/nodes/0/table/create s=200 d=21.6ms s=26
INF http m=GET p=/assets/Privacy-cCrfp6_1.css s=200 d=43µs s=314
INF http m=GET p=/assets/Privacy-CgsgvqEr.js s=200 d=32µs s=904
INF http m=GET p=/assets/OrgSettingsPanel-D9VVCokd.css s=200 d=38µs s=488
ERR Failed to commit DB changes err="failed to stage db changes: exit status 128\nOutput: fatal: Unable to create '/home/runner/work/mddb/mddb/data-e2e/.git/index.lock': File exists.\n\nAnother git process seems to be running in this repository, or the lock file may be stale\n"
INF http m=POST p=/api/v1/workspaces/40O6A5GV6000/nodes/40O6A7UM0000/table/records/create s=200 d=39ms s=26
INF http m=GET p=/assets/OrgSettingsPanel-9P66Q2ps.js s=200 d=78µs s=2333
INF http m=GET p=/assets/OAuthIcons-csRRTXki.js s=200 d=32µs s=951
INF http m=GET p=/assets/InviteForm-DLxm8fu0.css s=200 d=37µs s=394
INF http m=GET p=/assets/InviteForm-CV0yK4I0.js s=200 d=28µs s=1291
INF http m=GET p=/assets/Auth-8NWYUGup.js s=200 d=54µs s=1677
ERR Failed to commit DB changes err="failed to stage db changes: exit status 128\nOutput: fatal: Unable to create '/home/runner/work/mddb/mddb/data-e2e/.git/index.lock': File exists.\n\nAnother git process seems to be running in this repository, or the lock file may be stale\n"
INF http m=POST p=/api/v1/auth/register s=200 d=146ms s=396
INF http m=GET p=/assets/Auth-6SolzSg2.css s=200 d=40µs s=633
ERR Failed to commit DB changes err="failed to stage db changes: exit status 128\nOutput: fatal: Unable to create '/home/runner/work/mddb/mddb/data-e2e/.git/index.lock': File exists.\n\nAnother git process seems to be running in this repository, or the lock file may be stale\n"
INF http m=POST p=/api/v1/workspaces/40O6A5GV6000/nodes/40O6A7UM0000/table/records/create s=200 d=43.9ms s=26
INF http m=GET p=/ s=200 d=54µs s=541
INF http m=GET p=/assets/AdminDashboard-DpHjrDyw.js s=200 d=39µs s=2142
INF http m=GET p=/assets/AdminDashboard-CjPbo26j.css s=200 d=45µs s=584
INF http m=GET p=/manifest.webmanifest s=200 d=52µs s=199
INF http m=GET p=/assets/editor-vendor-VZT4IkOY.js s=200 d=217µs s=92428
INF http m=GET p=/assets/vendor-CnrH3R4r.js s=200 d=173µs s=28803
INF http m=GET p=/assets/index-Bi-AgGrc.css s=200 d=154µs s=11684
INF http m=GET p=/registerSW.js s=200 d=30µs s=87
INF http m=GET p=/assets/index-Dlg_ygoF.js s=200 d=129µs s=45483
ERR Failed to commit DB changes err="failed to stage db changes: exit status 128\nOutput: fatal: Unable to create '/home/runner/work/mddb/mddb/data-e2e/.git/index.lock': File exists.\n\nAnother git process seems to be running in this repository, or the lock file may be stale\n"
INF http m=POST p=/api/v1/workspaces/40O6A5GV6000/nodes/40O6A7UM0000/table/records/create s=200 d=40.1ms s=26
ERR Failed to commit DB changes err="failed to stage db changes: exit status 128\nOutput: fatal: Unable to create '/home/runner/work/mddb/mddb/data-e2e/.git/index.lock': File exists.\n\nAnother git process seems to be running in this repository, or the lock file may be stale\n"
INF http m=POST p=/api/v1/workspaces/40O6A5GV6000/nodes/40O6A7UM0000/table/records/create s=200 d=41.1ms s=26
INF http m=GET p=/api/v1/workspaces/40O6A5GV6000/nodes/40O6A7UM0000/table/records s=200 d=384µs s=176
INF http m=GET p=/assets/en-BIK_e_4K.js s=200 d=94µs s=5251
INF http m=GET p=/api/v1/auth/me s=200 d=866µs s=169
INF http m=GET p=/api/v1/workspaces/40O6A5GV6000/events s=200 d=477ms s=360
INF http m=GET p=/assets/Onboarding-DQ2WAJCW.js s=200 d=60µs s=996
INF http m=GET p=/api/v1/notifications/unread-count s=200 d=849µs s=25
INF http m=GET p=/favicon.png s=200 d=245µs s=449
INF http m=GET p=/sw.js s=200 d=145µs s=5593
ERR Failed to commit DB changes err="failed to stage db changes: exit status 128\nOutput: fatal: Unable to create '/home/runner/work/mddb/mddb/data-e2e/.git/index.lock': File exists.\n\nAnother git process seems to be running in this repository, or the lock file may be stale\n"
INF http m=POST p=/api/v1/organizations s=200 d=15ms s=354
INF http m=GET p=/api/v1/auth/me s=200 d=1.25ms s=255
INF http m=GET p=/registerSW.js s=200 d=31µs s=87
INF http m=GET p=/index.html s=200 d=37µs s=541
INF http m=GET p=/icon.svg s=200 d=35µs s=195
INF http m=GET p=/icon-512.png s=200 d=113µs s=6498
INF http m=GET p=/icon-192.png s=200 d=52µs s=2468
INF http m=GET p=/favicon.png s=200 d=37µs s=449
INF http m=GET p=/apple-touch-icon.png s=200 d=46µs s=2298
INF http m=GET p=/assets/material-symbols-names-D7AiM4If.js s=200 d=110µs s=15478
INF http m=GET p=/assets/fr-B1PqNQ7U.js s=200 d=99µs s=6351
INF http m=GET p=/assets/es-OK4oleHZ.js s=200 d=73µs s=6048
ERR Failed to add workspace submodule wsID=40O6AA6NM000 err="failed to add submodule 40O6AA6NM000: exit status 128\nOutput: Adding existing repo at '40O6AA6NM000' to the index\nfatal: Unable to create '/home/runner/work/mddb/mddb/data-e2e/.git/index.lock': File exists.\n\nAnother git process seems to be running in this repository, or the lock file may be stale\nfatal: Failed to add submodule '40O6AA6NM000'\n"
ERR Failed to commit DB changes err="failed to stage db changes: exit status 128\nOutput: fatal: Unable to create '/home/runner/work/mddb/mddb/data-e2e/.git/index.lock': File exists.\n\nAnother git process seems to be running in this repository, or the lock file may be stale\n"
INF http m=POST p=/api/v1/organizations/40O6A9QJK000/workspaces s=200 d=141ms s=301
INF http m=GET p=/assets/emoji-groups-El6awxEn.js s=200 d=82µs s=13851
ERR Failed to commit DB changes err="failed to stage db changes: exit status 128\nOutput: fatal: Unable to create '/home/runner/work/mddb/mddb/data-e2e/.git/index.lock': File exists.\n\nAnother git process seems to be running in this repository, or the lock file may be stale\n"
INF http m=POST p=/api/v1/auth/switch-workspace s=200 d=19.5ms s=582
INF http m=GET p=/assets/de-CSEWDUi3.js s=200 d=88µs s=6281
INF http m=GET p=/api/v1/workspaces/40O6AA6NM000/nodes/0/children s=200 d=383µs s=26
INF http m=GET p=/api/v1/notifications/unread-count s=200 d=5.01ms s=25
INF http m=GET p=/assets/WorkspaceSettingsPanel-BXpT4LCS.css s=200 d=40µs s=994
INF http m=GET p=/api/v1/workspaces/40O6AA6NM000/members s=200 d=26.9ms s=132
INF http m=GET p=/assets/WorkspaceSettingsPanel-BB4UnxOs.js s=200 d=159µs s=4465
INF http m=GET p=/assets/Terms-CDs9SgkA.js s=200 d=35µs s=1013
INF http m=GET p=/assets/ServerSettingsPanel-Co4AQ7oB.css s=200 d=36µs s=576
INF http m=GET p=/assets/ServerSettingsPanel-CUtQeHs8.js s=200 d=53µs s=2551
ERR Failed to commit DB changes err="failed to stage db changes: exit status 128\nOutput: fatal: Unable to create '/home/runner/work/mddb/mddb/data-e2e/.git/index.lock': File exists.\n\nAnother git process seems to be running in this repository, or the lock file may be stale\n"
INF http m=POST p=/api/v1/workspaces/40O6AA6NM000/nodes/0/page/create s=200 d=52.3ms s=35
INF http m=GET p=/api/v1/workspaces/40O6AA6NM000/nodes/0/children s=200 d=567µs s=257
INF http m=GET p=/assets/ResourceQuotaForm-CBiYRbX4.js s=200 d=59µs s=832
INF http m=GET p=/api/v1/workspaces/40O6AA6NM000/nodes/40O6ABOFQ000 s=200 d=678µs s=245
INF http m=GET p=/assets/ResourceQuotaForm-BFoPj33M.css s=200 d=45µs s=297
INF http m=GET p=/assets/Editor-BCbjs9IY.js s=200 d=145µs s=13602
INF http m=GET p=/assets/Editor-DfcJ-Jfc.css s=200 d=33µs s=2151
INF http m=GET p=/assets/ProfileSettings-DF5AVI35.js s=200 d=52µs s=4393
ERR Failed to commit DB changes err="failed to stage db changes: exit status 128\nOutput: fatal: Unable to create '/home/runner/work/mddb/mddb/data-e2e/.git/index.lock': File exists.\n\nAnother git process seems to be running in this repository, or the lock file may be stale\n"
INF http m=POST p=/api/v1/auth/register s=200 d=132ms s=387
INF http m=GET p=/ s=200 d=52µs s=541
INF http m=GET p=/assets/ProfileSettings-CX-HDEdu.css s=200 d=26µs s=1177
INF http m=GET p=/assets/Privacy-cCrfp6_1.css s=200 d=36µs s=314
INF http m=GET p=/assets/Privacy-CgsgvqEr.js s=200 d=26µs s=904
INF http m=GET p=/assets/OrgSettingsPanel-D9VVCokd.css s=200 d=30µs s=488
INF http m=GET p=/assets/OrgSettingsPanel-9P66Q2ps.js s=200 d=44µs s=2333
INF http m=GET p=/assets/OAuthIcons-csRRTXki.js s=200 d=44µs s=951
INF http m=GET p=/assets/InviteForm-DLxm8fu0.css s=200 d=28µs s=394
INF http m=GET p=/assets/index-Dlg_ygoF.js s=200 d=163µs s=45483
INF http m=GET p=/assets/InviteForm-CV0yK4I0.js s=200 d=29µs s=1291
INF http m=GET p=/assets/index-Bi-AgGrc.css s=200 d=170µs s=11684
INF http m=GET p=/assets/vendor-CnrH3R4r.js s=200 d=141µs s=28803
INF http m=GET p=/registerSW.js s=200 d=25µs s=87
INF http m=GET p=/assets/editor-vendor-VZT4IkOY.js s=200 d=139µs s=92428
INF http m=GET p=/assets/Auth-8NWYUGup.js s=200 d=33µs s=1677
INF http m=GET p=/assets/Auth-6SolzSg2.css s=200 d=33µs s=633
INF http m=GET p=/assets/AdminDashboard-DpHjrDyw.js s=200 d=58µs s=2142
INF http m=GET p=/assets/AdminDashboard-CjPbo26j.css s=200 d=36µs s=584
INF http m=GET p=/manifest.webmanifest s=200 d=46µs s=199
ERR Failed to commit DB changes err="failed to stage db changes: exit status 128\nOutput: fatal: Unable to create '/home/runner/work/mddb/mddb/data-e2e/.git/index.lock': File exists.\n\nAnother git process seems to be running in this repository, or the lock file may be stale\n"
INF http m=POST p=/api/v1/workspaces/40O6AA6NM000/nodes/0/page/create s=200 d=33.5ms s=26
ERR Failed to commit DB changes err="failed to stage db changes: exit status 128\nOutput: fatal: Unable to create '/home/runner/work/mddb/mddb/data-e2e/.git/index.lock': File exists.\n\nAnother git process seems to be running in this repository, or the lock file may be stale\n"
INF http m=POST p=/api/v1/workspaces/40O6AA6NM000/nodes/0/page/create s=200 d=19.4ms s=26
INF http m=GET p=/w/@40O6AA6NM000+workspace/@40O6ABOFQ000+welcome s=200 d=44µs s=541
INF http m=GET p=/api/v1/workspaces/40O6AA6NM000/events s=200 d=267ms s=262
INF http m=GET p=/api/v1/auth/me s=200 d=651µs s=167
INF http m=GET p=/assets/en-BIK_e_4K.js s=200 d=56µs s=5251
INF http m=GET p=/assets/Onboarding-DQ2WAJCW.js s=200 d=39µs s=996
INF http m=GET p=/api/v1/notifications/unread-count s=200 d=172µs s=25
INF http m=GET p=/favicon.png s=200 d=53µs s=449
ERR Failed to commit DB changes err="failed to stage db changes: exit status 128\nOutput: fatal: Unable to create '/home/runner/work/mddb/mddb/data-e2e/.git/index.lock': File exists.\n\nAnother git process seems to be running in this repository, or the lock file may be stale\n"
INF http m=POST p=/api/v1/organizations s=200 d=7.32ms s=352
INF http m=GET p=/sw.js s=200 d=76µs s=5593
INF http m=GET p=/api/v1/auth/me s=200 d=721µs s=356
INF http m=GET p=/api/v1/auth/me s=200 d=776µs s=252
INF http m=GET p=/registerSW.js s=200 d=50µs s=87
INF http m=GET p=/index.html s=200 d=32µs s=541
INF http m=GET p=/icon.svg s=200 d=34µs s=195
INF http m=GET p=/api/v1/workspaces/40O6AA6NM000/nodes/40O6ABOFQ000 s=200 d=1.87ms s=245
INF http m=GET p=/api/v1/workspaces/40O6AA6NM000/members s=200 d=15.7ms s=132
INF http m=GET p=/icon-512.png s=200 d=3.72ms s=6498
INF http m=GET p=/api/v1/notifications/unread-count s=200 d=34.5ms s=25
INF http m=GET p=/api/v1/workspaces/40O6AA6NM000/nodes/0/children s=200 d=35.6ms s=265
INF http m=GET p=/icon-192.png s=200 d=112µs s=2468
INF http m=GET p=/favicon.png s=200 d=45µs s=449
INF http m=GET p=/apple-touch-icon.png s=200 d=44µs s=2298
INF http m=GET p=/assets/material-symbols-names-D7AiM4If.js s=200 d=112µs s=15478
ERR Failed to add workspace submodule wsID=40O6ADU90000 err="failed to add submodule 40O6ADU90000: exit status 128\nOutput: Adding existing repo at '40O6ADU90000' to the index\nfatal: Unable to create '/home/runner/work/mddb/mddb/data-e2e/.git/index.lock': File exists.\n\nAnother git process seems to be running in this repository, or the lock file may be stale\nfatal: Failed to add submodule '40O6ADU90000'\n"
ERR Failed to commit DB changes err="failed to stage db changes: exit status 128\nOutput: fatal: Unable to create '/home/runner/work/mddb/mddb/data-e2e/.git/index.lock': File exists.\n\nAnother git process seems to be running in this repository, or the lock file may be stale\n"
INF http m=POST p=/api/v1/organizations/40O6ADIS8000/workspaces s=200 d=125ms s=299
ERR Failed to commit DB changes err="failed to stage db changes: exit status 128\nOutput: fatal: Unable to create '/home/runner/work/mddb/mddb/data-e2e/.git/index.lock': File exists.\n\nAnother git process seems to be running in this repository, or the lock file may be stale\n"
INF http m=POST p=/api/v1/auth/switch-workspace s=200 d=9.86ms s=574
INF http m=GET p=/assets/fr-B1PqNQ7U.js s=200 d=70µs s=6351
INF http m=GET p=/assets/es-OK4oleHZ.js s=200 d=88µs s=6048
INF http m=GET p=/api/v1/notifications/unread-count s=200 d=178µs s=25
INF http m=GET p=/api/v1/workspaces/40O6ADU90000/nodes/0/children s=200 d=279µs s=26
INF http m=GET p=/api/v1/workspaces/40O6ADU90000/members s=200 d=481µs s=128
INF http m=GET p=/assets/emoji-groups-El6awxEn.js s=200 d=140µs s=13851
INF http m=GET p=/assets/de-CSEWDUi3.js s=200 d=146µs s=6281
INF http m=GET p=/assets/WorkspaceSettingsPanel-BXpT4LCS.css s=200 d=35µs s=994
ERR Failed to commit DB changes err="failed to stage db changes: exit status 128\nOutput: fatal: Unable to create '/home/runner/work/mddb/mddb/data-e2e/.git/index.lock': File exists.\n\nAnother git process seems to be running in this repository, or the lock file may be stale\n"
INF http m=POST p=/api/v1/workspaces/40O6ADU90000/nodes/0/page/create s=200 d=35.7ms s=35
INF http m=GET p=/api/v1/workspaces/40O6ADU90000/nodes/0/children s=200 d=292µs s=257
INF http m=GET p=/assets/WorkspaceSettingsPanel-BB4UnxOs.js s=200 d=85µs s=4465
INF http m=GET p=/api/v1/workspaces/40O6ADU90000/nodes/40O6AF2VE000 s=200 d=367µs s=245
INF http m=GET p=/assets/Terms-CDs9SgkA.js s=200 d=29µs s=1013
INF http m=GET p=/assets/Editor-DfcJ-Jfc.css s=200 d=88µs s=2151
INF http m=GET p=/assets/Editor-BCbjs9IY.js s=200 d=67µs s=13602
INF http m=GET p=/assets/ServerSettingsPanel-Co4AQ7oB.css s=200 d=31µs s=576
INF http m=GET p=/assets/ServerSettingsPanel-CUtQeHs8.js s=200 d=101µs s=2551
INF http m=GET p=/assets/ResourceQuotaForm-CBiYRbX4.js s=200 d=39µs s=832
INF http m=GET p=/assets/ResourceQuotaForm-BFoPj33M.css s=200 d=37µs s=297
INF http m=GET p=/assets/ProfileSettings-DF5AVI35.js s=200 d=1.12ms s=4393
INF http m=GET p=/assets/ProfileSettings-CX-HDEdu.css s=200 d=29µs s=1177
INF http m=GET p=/assets/Privacy-cCrfp6_1.css s=200 d=57µs s=314
INF http m=GET p=/assets/Privacy-CgsgvqEr.js s=200 d=46µs s=904
INF http m=GET p=/assets/OrgSettingsPanel-D9VVCokd.css s=200 d=35µs s=488
INF http m=GET p=/assets/OrgSettingsPanel-9P66Q2ps.js s=200 d=38µs s=2333
INF http m=GET p=/assets/OAuthIcons-csRRTXki.js s=200 d=27µs s=951
INF http m=GET p=/assets/InviteForm-DLxm8fu0.css s=200 d=33µs s=394
INF http m=GET p=/assets/InviteForm-CV0yK4I0.js s=200 d=29µs s=1291
INF http m=GET p=/assets/Auth-8NWYUGup.js s=200 d=48µs s=1677
INF http m=GET p=/assets/Auth-6SolzSg2.css s=200 d=39µs s=633
INF http m=GET p=/assets/AdminDashboard-DpHjrDyw.js s=200 d=46µs s=2142
INF http m=GET p=/assets/AdminDashboard-CjPbo26j.css s=200 d=48µs s=584
INF http m=GET p=/manifest.webmanifest s=200 d=47µs s=199
INF http m=GET p=/api/v1/workspaces/40O6AA6NM000/nodes/40O6ACSS4000 s=200 d=912µs s=133
INF http m=GET p=/api/v1/workspaces/40O6ADU90000/events s=200 d=225ms s=207
ERR Failed to commit DB changes err="failed to stage db changes: exit status 128\nOutput: fatal: Unable to create '/home/runner/work/mddb/mddb/data-e2e/.git/index.lock': File exists.\n\nAnother git process seems to be running in this repository, or the lock file may be stale\n"
INF http m=POST p=/api/v1/workspaces/40O6AA6NM000/nodes/40O6ACSS4000/move s=200 d=23.6ms s=25
INF http m=GET p=/api/v1/workspaces/40O6AA6NM000/nodes/40O6AD3E6000/children s=200 d=728µs s=158
ERR Failed to commit DB changes err="failed to stage db changes: exit status 128\nOutput: fatal: Unable to create '/home/runner/work/mddb/mddb/data-e2e/.git/index.lock': File exists.\n\nAnother git process seems to be running in this repository, or the lock file may be stale\n"
INF http m=POST p=/api/v1/auth/register s=200 d=106ms s=390
INF http m=GET p=/ s=200 d=60µs s=541
ERR Failed to commit DB changes err="failed to stage db changes: exit status 128\nOutput: fatal: Unable to create '/home/runner/work/mddb/mddb/data-e2e/.git/index.lock': File exists.\n\nAnother git process seems to be running in this repository, or the lock file may be stale\n"
INF http m=POST p=/api/v1/workspaces/40O6AA6NM000/nodes/40O6ACSS4000/move s=200 d=29.9ms s=25
INF http m=GET p=/assets/index-Dlg_ygoF.js s=200 d=165µs s=45483
INF http m=GET p=/assets/index-Bi-AgGrc.css s=200 d=103µs s=11684
INF http m=GET p=/assets/vendor-CnrH3R4r.js s=200 d=173µs s=28803
INF http m=GET p=/registerSW.js s=200 d=67µs s=87
INF http m=GET p=/assets/editor-vendor-VZT4IkOY.js s=200 d=169µs s=92428
INF http m=GET p=/api/v1/auth/me s=200 d=2.39ms s=161
INF http m=GET p=/assets/en-BIK_e_4K.js s=200 d=67µs s=5251
INF http m=GET p=/assets/Onboarding-DQ2WAJCW.js s=200 d=77µs s=996
INF http m=GET p=/api/v1/notifications/unread-count s=200 d=172µs s=25
INF http m=GET p=/api/v1/workspaces/40O6AA6NM000/events s=200 d=827ms s=225
INF http m=GET p=/favicon.png s=200 d=80µs s=449
INF http m=GET p=/sw.js s=200 d=409µs s=5593
ERR Failed to commit DB changes err="failed to stage db changes: exit status 128\nOutput: fatal: Unable to create '/home/runner/work/mddb/mddb/data-e2e/.git/index.lock': File exists.\n\nAnother git process seems to be running in this repository, or the lock file may be stale\n"
INF http m=POST p=/api/v1/organizations s=200 d=12.1ms s=349
INF http m=GET p=/api/v1/auth/me s=200 d=2.45ms s=248
INF http m=GET p=/registerSW.js s=200 d=49µs s=87
INF http m=GET p=/index.html s=200 d=41µs s=541
INF http m=GET p=/icon.svg s=200 d=29µs s=195
INF http m=GET p=/icon-512.png s=200 d=134µs s=6498
INF http m=GET p=/icon-192.png s=200 d=45µs s=2468
INF http m=GET p=/favicon.png s=200 d=32µs s=449
INF http m=GET p=/apple-touch-icon.png s=200 d=48µs s=2298
INF http m=GET p=/assets/material-symbols-names-D7AiM4If.js s=200 d=109µs s=15478
INF http m=GET p=/assets/fr-B1PqNQ7U.js s=200 d=146µs s=6351
ERR Failed to add workspace submodule wsID=40O6AJKQ8000 err="failed to add submodule 40O6AJKQ8000: exit status 128\nOutput: Adding existing repo at '40O6AJKQ8000' to the index\nfatal: Unable to create '/home/runner/work/mddb/mddb/data-e2e/.git/index.lock': File exists.\n\nAnother git process seems to be running in this repository, or the lock file may be stale\nfatal: Failed to add submodule '40O6AJKQ8000'\n"
ERR Failed to commit DB changes err="failed to stage db changes: exit status 128\nOutput: fatal: Unable to create '/home/runner/work/mddb/mddb/data-e2e/.git/index.lock': File exists.\n\nAnother git process seems to be running in this repository, or the lock file may be stale\n"
INF http m=POST p=/api/v1/organizations/40O6AJCAK000/workspaces s=200 d=164ms s=298
INF http m=GET p=/assets/es-OK4oleHZ.js s=200 d=59µs s=6048
ERR Failed to commit DB changes err="failed to stage db changes: exit status 128\nOutput: fatal: Unable to create '/home/runner/work/mddb/mddb/data-e2e/.git/index.lock': File exists.\n\nAnother git process seems to be running in this repository, or the lock file may be stale\n"
INF http m=POST p=/api/v1/auth/switch-workspace s=200 d=6.81ms s=559
INF http m=GET p=/assets/emoji-groups-El6awxEn.js s=200 d=103µs s=13851
INF http m=GET p=/api/v1/workspaces/40O6AJKQ8000/nodes/0/children s=200 d=393µs s=26
INF http m=GET p=/api/v1/notifications/unread-count s=200 d=134µs s=25
INF http m=GET p=/api/v1/workspaces/40O6AJKQ8000/members s=200 d=13.6ms s=122
INF http m=GET p=/assets/de-CSEWDUi3.js s=200 d=110µs s=6281
INF http m=GET p=/assets/WorkspaceSettingsPanel-BXpT4LCS.css s=200 d=41µs s=994
ERR Failed to commit DB changes err="failed to stage db changes: exit status 128\nOutput: fatal: Unable to create '/home/runner/work/mddb/mddb/data-e2e/.git/index.lock': File exists.\n\nAnother git process seems to be running in this repository, or the lock file may be stale\n"
INF http m=POST p=/api/v1/workspaces/40O6AJKQ8000/nodes/0/page/create s=200 d=46.4ms s=35
INF http m=GET p=/api/v1/workspaces/40O6AJKQ8000/nodes/0/children s=200 d=492µs s=257
INF http m=GET p=/assets/WorkspaceSettingsPanel-BB4UnxOs.js s=200 d=108µs s=4465
INF http m=GET p=/assets/Terms-CDs9SgkA.js s=200 d=32µs s=1013
INF http m=GET p=/api/v1/workspaces/40O6AJKQ8000/nodes/40O6AL2TI000 s=200 d=313µs s=245
INF http m=GET p=/assets/ServerSettingsPanel-Co4AQ7oB.css s=200 d=48µs s=576
ERR Failed to commit DB changes err="failed to stage db changes: exit status 128\nOutput: fatal: Unable to create '/home/runner/work/mddb/mddb/data-e2e/.git/index.lock': File exists.\n\nAnother git process seems to be running in this repository, or the lock file may be stale\n"
INF http m=POST p=/api/v1/auth/register s=200 d=145ms s=385
INF http m=GET p=/assets/Editor-DfcJ-Jfc.css s=200 d=43µs s=2151
INF http m=GET p=/assets/Editor-BCbjs9IY.js s=200 d=69µs s=13602
INF http m=GET p=/ s=200 d=54µs s=541
INF http m=GET p=/assets/ServerSettingsPanel-CUtQeHs8.js s=200 d=57µs s=2551
INF http m=GET p=/assets/ResourceQuotaForm-CBiYRbX4.js s=200 d=46µs s=832
INF http m=GET p=/assets/ResourceQuotaForm-BFoPj33M.css s=200 d=45µs s=297
INF http m=GET p=/registerSW.js s=200 d=48µs s=87
INF http m=GET p=/assets/editor-vendor-VZT4IkOY.js s=200 d=273µs s=92428
INF http m=GET p=/assets/index-Dlg_ygoF.js s=200 d=134µs s=45483
INF http m=GET p=/assets/vendor-CnrH3R4r.js s=200 d=113µs s=28803
INF http m=GET p=/assets/index-Bi-AgGrc.css s=200 d=98µs s=11684
INF http m=GET p=/assets/ProfileSettings-DF5AVI35.js s=200 d=61µs s=4393
INF http m=GET p=/assets/ProfileSettings-CX-HDEdu.css s=200 d=33µs s=1177
INF http m=GET p=/api/v1/auth/me s=200 d=260µs s=364
INF http m=GET p=/assets/Privacy-cCrfp6_1.css s=200 d=35µs s=314
INF http m=GET p=/assets/Privacy-CgsgvqEr.js s=200 d=45µs s=904
INF http m=GET p=/api/v1/workspaces/40O6AJKQ8000/events s=200 d=191ms s=207
INF http m=GET p=/api/v1/auth/me s=200 d=465µs s=165
INF http m=GET p=/assets/en-BIK_e_4K.js s=200 d=86µs s=5251
INF http m=GET p=/assets/Onboarding-DQ2WAJCW.js s=200 d=38µs s=996
INF http m=GET p=/api/v1/notifications/unread-count s=200 d=180µs s=25
INF http m=GET p=/favicon.png s=200 d=29µs s=449
INF http m=GET p=/sw.js s=200 d=83µs s=5593
ERR Failed to commit DB changes err="failed to stage db changes: exit status 128\nOutput: fatal: Unable to create '/home/runner/work/mddb/mddb/data-e2e/.git/index.lock': File exists.\n\nAnother git process seems to be running in this repository, or the lock file may be stale\n"
INF http m=POST p=/api/v1/organizations s=200 d=10.7ms s=352
INF http m=GET p=/api/v1/auth/me s=200 d=316µs s=251
INF http m=GET p=/registerSW.js s=200 d=37µs s=87
INF http m=GET p=/index.html s=200 d=37µs s=541
INF http m=GET p=/icon.svg s=200 d=39µs s=195
INF http m=GET p=/icon-512.png s=200 d=87µs s=6498
INF http m=GET p=/icon-192.png s=200 d=57µs s=2468
INF http m=GET p=/favicon.png s=200 d=44µs s=449
INF http m=GET p=/apple-touch-icon.png s=200 d=62µs s=2298
INF http m=GET p=/assets/material-symbols-names-D7AiM4If.js s=200 d=107µs s=15478
INF http m=GET p=/assets/fr-B1PqNQ7U.js s=200 d=92µs s=6351
INF http m=GET p=/assets/es-OK4oleHZ.js s=200 d=86µs s=6048
ERR Failed to add workspace submodule wsID=40O6AN1II000 err="failed to add submodule 40O6AN1II000: exit status 128\nOutput: Adding existing repo at '40O6AN1II000' to the index\nfatal: Unable to create '/home/runner/work/mddb/mddb/data-e2e/.git/index.lock': File exists.\n\nAnother git process seems to be running in this repository, or the lock file may be stale\nfatal: Failed to add submodule '40O6AN1II000'\n"
INF http m=GET p=/assets/emoji-groups-El6awxEn.js s=200 d=97µs s=13851
ERR Failed to commit DB changes err="failed to stage db changes: exit status 128\nOutput: fatal: Unable to create '/home/runner/work/mddb/mddb/data-e2e/.git/index.lock': File exists.\n\nAnother git process seems to be running in this repository, or the lock file may be stale\n"
INF http m=POST p=/api/v1/organizations/40O6AMQGA000/workspaces s=200 d=217ms s=297
ERR Failed to commit DB changes err="failed to stage db changes: exit status 128\nOutput: fatal: Unable to create '/home/runner/work/mddb/mddb/data-e2e/.git/index.lock': File exists.\n\nAnother git process seems to be running in this repository, or the lock file may be stale\n"
INF http m=POST p=/api/v1/auth/switch-workspace s=200 d=13.4ms s=611
INF http m=GET p=/assets/de-CSEWDUi3.js s=200 d=75µs s=6281
INF http m=GET p=/assets/WorkspaceSettingsPanel-BXpT4LCS.css s=200 d=40µs s=994
INF http m=GET p=/api/v1/notifications/unread-count s=200 d=172µs s=25
INF http m=GET p=/api/v1/workspaces/40O6AN1II000/nodes/0/children s=200 d=348µs s=26
INF http m=GET p=/assets/WorkspaceSettingsPanel-BB4UnxOs.js s=200 d=1.7ms s=4465
INF http m=GET p=/assets/Terms-CDs9SgkA.js s=200 d=48µs s=1013
INF http m=GET p=/api/v1/workspaces/40O6AN1II000/members s=200 d=34.4ms s=124
INF http m=GET p=/assets/ServerSettingsPanel-Co4AQ7oB.css s=200 d=45µs s=576
INF http m=GET p=/assets/ServerSettingsPanel-CUtQeHs8.js s=200 d=47µs s=2551
INF http m=GET p=/assets/ResourceQuotaForm-CBiYRbX4.js s=200 d=39µs s=832
ERR Failed to commit DB changes err="failed to stage db changes: exit status 128\nOutput: fatal: Unable to create '/home/runner/work/mddb/mddb/data-e2e/.git/index.lock': File exists.\n\nAnother git process seems to be running in this repository, or the lock file may be stale\n"
INF http m=POST p=/api/v1/auth/register s=200 d=203ms s=387
INF http m=GET p=/assets/ResourceQuotaForm-BFoPj33M.css s=200 d=34µs s=297
INF http m=GET p=/assets/ProfileSettings-DF5AVI35.js s=200 d=57µs s=4393
INF http m=GET p=/ s=200 d=43µs s=541
ERR Failed to commit DB changes err="failed to stage db changes: exit status 128\nOutput: fatal: Unable to create '/home/runner/work/mddb/mddb/data-e2e/.git/index.lock': File exists.\n\nAnother git process seems to be running in this repository, or the lock file may be stale\n"
INF http m=POST p=/api/v1/workspaces/40O6AN1II000/nodes/0/page/create s=200 d=43.5ms s=35
INF http m=GET p=/assets/ProfileSettings-CX-HDEdu.css s=200 d=44µs s=1177
INF http m=GET p=/api/v1/workspaces/40O6AN1II000/nodes/0/children s=200 d=735µs s=257
INF http m=GET p=/assets/Privacy-cCrfp6_1.css s=200 d=55µs s=314
INF http m=GET p=/api/v1/auth/me s=200 d=220µs s=371
INF http m=GET p=/assets/Privacy-CgsgvqEr.js s=200 d=37µs s=904
INF http m=GET p=/api/v1/workspaces/40O6AN1II000/nodes/40O6AOV1G000 s=200 d=672µs s=245
INF http m=GET p=/registerSW.js s=200 d=52µs s=87
INF http m=GET p=/assets/editor-vendor-VZT4IkOY.js s=200 d=183µs s=92428
INF http m=GET p=/assets/index-Dlg_ygoF.js s=200 d=134µs s=45483
INF http m=GET p=/assets/vendor-CnrH3R4r.js s=200 d=142µs s=28803
INF http m=GET p=/assets/index-Bi-AgGrc.css s=200 d=111µs s=11684
INF http m=GET p=/assets/OrgSettingsPanel-D9VVCokd.css s=200 d=31µs s=488
INF http m=GET p=/assets/Editor-BCbjs9IY.js s=200 d=100µs s=13602
INF http m=GET p=/assets/Editor-DfcJ-Jfc.css s=200 d=62µs s=2151
INF http m=GET p=/assets/OrgSettingsPanel-9P66Q2ps.js s=200 d=60µs s=2333
INF http m=GET p=/assets/OAuthIcons-csRRTXki.js s=200 d=37µs s=951
INF http m=GET p=/assets/InviteForm-DLxm8fu0.css s=200 d=51µs s=394
INF http m=GET p=/assets/InviteForm-CV0yK4I0.js s=200 d=33µs s=1291
INF http m=GET p=/assets/Auth-8NWYUGup.js s=200 d=48µs s=1677
INF http m=GET p=/assets/Auth-6SolzSg2.css s=200 d=45µs s=633
INF http m=GET p=/assets/AdminDashboard-DpHjrDyw.js s=200 d=49µs s=2142
INF http m=GET p=/assets/AdminDashboard-CjPbo26j.css s=200 d=36µs s=584
ERR Failed to add workspace submodule wsID=40O6APFTS000 err="failed to add submodule 40O6APFTS000: exit status 128\nOutput: Adding existing repo at '40O6APFTS000' to the index\nfatal: Unable to create '/home/runner/work/mddb/mddb/data-e2e/.git/index.lock': File exists.\n\nAnother git process seems to be running in this repository, or the lock file may be stale\nfatal: Failed to add submodule '40O6APFTS000'\n"
INF http m=GET p=/manifest.webmanifest s=200 d=46µs s=199
ERR Failed to commit DB changes err="failed to stage db changes: exit status 128\nOutput: fatal: Unable to create '/home/runner/work/mddb/mddb/data-e2e/.git/index.lock': File exists.\n\nAnother git process seems to be running in this repository, or the lock file may be stale\n"
INF http m=POST p=/api/v1/organizations/40O6AMQGA000/workspaces s=200 d=180ms s=307
INF http m=GET p=/api/v1/auth/me s=200 d=753µs s=164
INF http m=GET p=/w/@40O6AN1II000+workspace/@40O6AOV1G000+welcome s=200 d=42µs s=541
INF http m=GET p=/assets/en-BIK_e_4K.js s=200 d=77µs s=5251
INF http m=GET p=/api/v1/workspaces/40O6AN1II000/events s=200 d=322ms s=207
INF http m=GET p=/favicon.png s=200 d=55µs s=449
INF http m=GET p=/sw.js s=200 d=118µs s=5593
INF http m=GET p=/assets/Onboarding-DQ2WAJCW.js s=200 d=26µs s=996
INF http m=GET p=/api/v1/notifications/unread-count s=200 d=204µs s=25
INF http m=GET p=/registerSW.js s=200 d=42µs s=87
INF http m=GET p=/api/v1/auth/me s=200 d=5.14ms s=387
ERR Failed to commit DB changes err="failed to stage db changes: exit status 128\nOutput: fatal: Unable to create '/home/runner/work/mddb/mddb/data-e2e/.git/index.lock': File exists.\n\nAnother git process seems to be running in this repository, or the lock file may be stale\n"
INF http m=POST p=/api/v1/organizations s=200 d=10.6ms s=348
INF http m=GET p=/index.html s=200 d=33µs s=541
INF http m=GET p=/api/v1/notifications/unread-count s=200 d=223µs s=25
INF http m=GET p=/icon.svg s=200 d=30µs s=195
INF http m=GET p=/api/v1/auth/me s=200 d=7.33ms s=249
INF http m=GET p=/api/v1/workspaces/40O6AN1II000/nodes/0/children s=200 d=5.51ms s=257
INF http m=GET p=/api/v1/workspaces/40O6AN1II000/members s=200 d=4.74ms s=124
INF http m=GET p=/api/v1/workspaces/40O6AN1II000/nodes/40O6AOV1G000 s=200 d=781µs s=245
INF http m=GET p=/icon-512.png s=200 d=84µs s=6498
INF http m=GET p=/icon-192.png s=200 d=2.07ms s=2468
INF http m=GET p=/favicon.png s=200 d=39µs s=449
INF http m=GET p=/apple-touch-icon.png s=200 d=49µs s=2298
INF http m=GET p=/assets/material-symbols-names-D7AiM4If.js s=200 d=111µs s=15478
INF http m=GET p=/api/v1/workspaces/40O6AN1II000/events s=200 d=92.7ms s=93
INF http m=GET p=/assets/fr-B1PqNQ7U.js s=200 d=101µs s=6351
INF http m=GET p=/assets/es-OK4oleHZ.js s=200 d=79µs s=6048
ERR Failed to add workspace submodule wsID=40O6ARH2I000 err="failed to add submodule 40O6ARH2I000: exit status 128\nOutput: Adding existing repo at '40O6ARH2I000' to the index\nfatal: Unable to create '/home/runner/work/mddb/mddb/data-e2e/.git/index.lock': File exists.\n\nAnother git process seems to be running in this repository, or the lock file may be stale\nfatal: Failed to add submodule '40O6ARH2I000'\n"
ERR Failed to commit DB changes err="failed to stage db changes: exit status 128\nOutput: fatal: Unable to create '/home/runner/work/mddb/mddb/data-e2e/.git/index.lock': File exists.\n\nAnother git process seems to be running in this repository, or the lock file may be stale\n"
INF http m=POST p=/api/v1/organizations/40O6AR7S6000/workspaces s=200 d=148ms s=297
ERR Failed to commit DB changes err="failed to stage db changes: exit status 128\nOutput: fatal: Unable to create '/home/runner/work/mddb/mddb/data-e2e/.git/index.lock': File exists.\n\nAnother git process seems to be running in this repository, or the lock file may be stale\n"
INF http m=POST p=/api/v1/auth/switch-workspace s=200 d=9.94ms s=555
INF http m=GET p=/assets/emoji-groups-El6awxEn.js s=200 d=93µs s=13851
INF http m=GET p=/api/v1/notifications/unread-count s=200 d=193µs s=25
INF http m=GET p=/api/v1/workspaces/40O6ARH2I000/nodes/0/children s=200 d=380µs s=26
INF http m=GET p=/assets/de-CSEWDUi3.js s=200 d=153µs s=6281
INF http m=GET p=/api/v1/workspaces/40O6ARH2I000/members s=200 d=23.1ms s=122
INF http m=GET p=/assets/WorkspaceSettingsPanel-BXpT4LCS.css s=200 d=42µs s=994
INF http m=GET p=/assets/WorkspaceSettingsPanel-BB4UnxOs.js s=200 d=126µs s=4465
INF http m=GET p=/assets/Terms-CDs9SgkA.js s=200 d=36µs s=1013
INF http m=GET p=/assets/ServerSettingsPanel-Co4AQ7oB.css s=200 d=36µs s=576
INF http m=GET p=/assets/ServerSettingsPanel-CUtQeHs8.js s=200 d=56µs s=2551
INF http m=GET p=/assets/ResourceQuotaForm-CBiYRbX4.js s=200 d=31µs s=832
ERR Failed to commit DB changes err="failed to stage db changes: exit status 128\nOutput: fatal: Unable to create '/home/runner/work/mddb/mddb/data-e2e/.git/index.lock': File exists.\n\nAnother git process seems to be running in this repository, or the lock file may be stale\n"
INF http m=POST p=/api/v1/workspaces/40O6ARH2I000/nodes/0/page/create s=200 d=52.2ms s=35
INF http m=GET p=/assets/ResourceQuotaForm-BFoPj33M.css s=200 d=32µs s=297
INF http m=GET p=/api/v1/workspaces/40O6ARH2I000/nodes/0/children s=200 d=526µs s=257
INF http m=GET p=/assets/ProfileSettings-DF5AVI35.js s=200 d=102µs s=4393
INF http m=GET p=/assets/ProfileSettings-CX-HDEdu.css s=200 d=37µs s=1177
INF http m=GET p=/api/v1/workspaces/40O6ARH2I000/nodes/40O6AT0VK000 s=200 d=861µs s=245
INF http m=GET p=/assets/Privacy-cCrfp6_1.css s=200 d=44µs s=314
INF http m=GET p=/assets/Editor-DfcJ-Jfc.css s=200 d=94µs s=2151
INF http m=GET p=/assets/Editor-BCbjs9IY.js s=200 d=74µs s=13602
INF http m=GET p=/assets/Privacy-CgsgvqEr.js s=200 d=43µs s=904
INF http m=GET p=/assets/OrgSettingsPanel-D9VVCokd.css s=200 d=36µs s=488
INF http m=GET p=/assets/OrgSettingsPanel-9P66Q2ps.js s=200 d=54µs s=2333
INF http m=GET p=/assets/OAuthIcons-csRRTXki.js s=200 d=38µs s=951
INF http m=GET p=/assets/InviteForm-DLxm8fu0.css s=200 d=38µs s=394
INF http m=GET p=/assets/InviteForm-CV0yK4I0.js s=200 d=35µs s=1291
ERR Failed to commit DB changes err="failed to stage db changes: exit status 128\nOutput: fatal: Unable to create '/home/runner/work/mddb/mddb/data-e2e/.git/index.lock': File exists.\n\nAnother git process seems to be running in this repository, or the lock file may be stale\n"
INF http m=POST p=/api/v1/workspaces/40O6ARH2I000/nodes/0/page/create s=200 d=37.9ms s=26
INF http m=GET p=/assets/Auth-8NWYUGup.js s=200 d=55µs s=1677
ERR Failed to commit DB changes err="failed to stage db changes: exit status 128\nOutput: fatal: Unable to create '/home/runner/work/mddb/mddb/data-e2e/.git/index.lock': File exists.\n\nAnother git process seems to be running in this repository, or the lock file may be stale\n"
INF http m=POST p=/api/v1/auth/register s=200 d=151ms s=391
INF http m=GET p=/w/@40O6ARH2I000+workspace/@40O6AT0VK000+welcome s=200 d=36µs s=541
INF http m=GET p=/ s=200 d=61µs s=541
INF http m=GET p=/assets/Auth-6SolzSg2.css s=200 d=35µs s=633
INF http m=GET p=/api/v1/workspaces/40O6ARH2I000/events s=200 d=235ms s=232
INF http m=GET p=/assets/AdminDashboard-DpHjrDyw.js s=200 d=49µs s=2142
INF http m=GET p=/registerSW.js s=200 d=41µs s=87
INF http m=GET p=/assets/index-Dlg_ygoF.js s=200 d=198µs s=45483
INF http m=GET p=/assets/AdminDashboard-CjPbo26j.css s=200 d=47µs s=584
INF http m=GET p=/assets/index-Bi-AgGrc.css s=200 d=124µs s=11684
INF http m=GET p=/api/v1/auth/me s=200 d=725µs s=350
INF http m=GET p=/manifest.webmanifest s=200 d=58µs s=199
INF http m=GET p=/assets/vendor-CnrH3R4r.js s=200 d=177µs s=28803
INF http m=GET p=/assets/editor-vendor-VZT4IkOY.js s=200 d=241µs s=92428
INF http m=GET p=/registerSW.js s=200 d=34µs s=87
INF http m=GET p=/api/v1/notifications/unread-count s=200 d=422µs s=25
INF http m=GET p=/api/v1/workspaces/40O6ARH2I000/members s=200 d=223µs s=122
INF http m=GET p=/api/v1/workspaces/40O6ARH2I000/nodes/0/children s=200 d=438µs s=241
INF http m=GET p=/api/v1/workspaces/40O6ARH2I000/nodes/40O6AT0VK000 s=200 d=12.9ms s=245
INF http m=GET p=/api/v1/auth/me s=200 d=243µs s=163
INF http m=GET p=/assets/en-BIK_e_4K.js s=200 d=94µs s=5251
INF http m=GET p=/api/v1/workspaces/40O6ARH2I000/nodes/40O6ATQO8000 s=200 d=300µs s=166
INF http m=GET p=/assets/Onboarding-DQ2WAJCW.js s=200 d=34µs s=996
INF http m=GET p=/api/v1/notifications/unread-count s=200 d=184µs s=25
INF http m=GET p=/favicon.png s=200 d=34µs s=449
INF http m=GET p=/sw.js s=200 d=108µs s=5593
INF http m=GET p=/api/v1/auth/me s=200 d=258µs s=365
ERR Failed to commit DB changes err="failed to stage db changes: exit status 128\nOutput: fatal: Unable to create '/home/runner/work/mddb/mddb/data-e2e/.git/index.lock': File exists.\n\nAnother git process seems to be running in this repository, or the lock file may be stale\n"
INF http m=POST p=/api/v1/organizations s=200 d=8.29ms s=350
INF http m=GET p=/registerSW.js s=200 d=33µs s=87
INF http m=GET p=/api/v1/auth/me s=200 d=710µs s=247
INF http m=GET p=/index.html s=200 d=30µs s=541
INF http m=GET p=/icon.svg s=200 d=31µs s=195
INF http m=GET p=/icon-512.png s=200 d=53µs s=6498
INF http m=GET p=/icon-192.png s=200 d=38µs s=2468
INF http m=GET p=/favicon.png s=200 d=35µs s=449
INF http m=GET p=/apple-touch-icon.png s=200 d=32µs s=2298
INF http m=GET p=/assets/material-symbols-names-D7AiM4If.js s=200 d=84µs s=15478
ERR Failed to add workspace submodule wsID=40O6AVM8K000 err="failed to add submodule 40O6AVM8K000: exit status 128\nOutput: Adding existing repo at '40O6AVM8K000' to the index\nfatal: Unable to create '/home/runner/work/mddb/mddb/data-e2e/.git/index.lock': File exists.\n\nAnother git process seems to be running in this repository, or the lock file may be stale\nfatal: Failed to add submodule '40O6AVM8K000'\n"
ERR Failed to commit DB changes err="failed to stage db changes: exit status 128\nOutput: fatal: Unable to create '/home/runner/work/mddb/mddb/data-e2e/.git/index.lock': File exists.\n\nAnother git process seems to be running in this repository, or the lock file may be stale\n"
INF http m=POST p=/api/v1/organizations/40O6AR7S6000/workspaces s=200 d=96.5ms s=312
INF http m=GET p=/assets/fr-B1PqNQ7U.js s=200 d=61µs s=6351
INF http m=GET p=/assets/es-OK4oleHZ.js s=200 d=67µs s=6048
INF http m=GET p=/assets/emoji-groups-El6awxEn.js s=200 d=96µs s=13851
ERR Failed to add workspace submodule wsID=40O6AVT8U000 err="failed to add submodule 40O6AVT8U000: exit status 128\nOutput: Adding existing repo at '40O6AVT8U000' to the index\nfatal: Unable to create '/home/runner/work/mddb/mddb/data-e2e/.git/index.lock': File exists.\n\nAnother git process seems to be running in this repository, or the lock file may be stale\nfatal: Failed to add submodule '40O6AVT8U000'\n"
ERR Failed to commit DB changes err="failed to stage db changes: exit status 128\nOutput: fatal: Unable to create '/home/runner/work/mddb/mddb/data-e2e/.git/index.lock': File exists.\n\nAnother git process seems to be running in this repository, or the lock file may be stale\n"
INF http m=GET p=/assets/de-CSEWDUi3.js s=200 d=83µs s=6281
INF http m=POST p=/api/v1/organizations/40O6AVNSO000/workspaces s=200 d=111ms s=299
ERR Failed to commit DB changes err="failed to stage db changes: exit status 128\nOutput: fatal: Unable to create '/home/runner/work/mddb/mddb/data-e2e/.git/index.lock': File exists.\n\nAnother git process seems to be running in this repository, or the lock file may be stale\n"
INF http m=POST p=/api/v1/auth/switch-workspace s=200 d=51.3ms s=609
INF http m=GET p=/assets/WorkspaceSettingsPanel-BXpT4LCS.css s=200 d=36µs s=994
ERR Failed to commit DB changes err="failed to stage db changes: exit status 128\nOutput: fatal: Unable to create '/home/runner/work/mddb/mddb/data-e2e/.git/index.lock': File exists.\n\nAnother git process seems to be running in this repository, or the lock file may be stale\n"
INF http m=GET p=/assets/WorkspaceSettingsPanel-BB4UnxOs.js s=200 d=93µs s=4465
INF http m=POST p=/api/v1/auth/switch-workspace s=200 d=14.3ms s=607
INF http m=GET p=/api/v1/workspaces/40O6ARH2I000/events s=200 d=308ms s=93
INF http m=GET p=/assets/Terms-CDs9SgkA.js s=200 d=50µs s=1013
INF http m=GET p=/assets/ServerSettingsPanel-Co4AQ7oB.css s=200 d=44µs s=576
INF http m=GET p=/assets/ServerSettingsPanel-CUtQeHs8.js s=200 d=67µs s=2551
INF http m=GET p=/api/v1/notifications/unread-count s=200 d=183µs s=25
INF http m=GET p=/api/v1/workspaces/40O6AVT8U000/nodes/0/children s=200 d=268µs s=26
INF http m=GET p=/api/v1/workspaces/40O6AVT8U000/members s=200 d=668µs s=126
INF http m=GET p=/assets/ResourceQuotaForm-CBiYRbX4.js s=200 d=44µs s=832
INF http m=GET p=/assets/ResourceQuotaForm-BFoPj33M.css s=200 d=50µs s=297
INF http m=GET p=/assets/ProfileSettings-DF5AVI35.js s=200 d=111µs s=4393
INF http m=GET p=/assets/ProfileSettings-CX-HDEdu.css s=200 d=48µs s=1177
INF http m=GET p=/api/v1/auth/me s=200 d=270µs s=407
INF http m=GET p=/assets/Privacy-cCrfp6_1.css s=200 d=40µs s=314
INF http m=GET p=/assets/Privacy-CgsgvqEr.js s=200 d=47µs s=904
INF http m=GET p=/api/v1/notifications/unread-count s=200 d=171µs s=25
INF http m=GET p=/api/v1/workspaces/40O6AVM8K000/nodes/0/children s=200 d=471µs s=26
INF http m=GET p=/api/v1/workspaces/40O6AVM8K000/members s=200 d=198µs s=122
INF http m=GET p=/assets/OrgSettingsPanel-D9VVCokd.css s=200 d=48µs s=488
ERR Failed to commit DB changes err="failed to stage db changes: exit status 128\nOutput: fatal: Unable to create '/home/runner/work/mddb/mddb/data-e2e/.git/index.lock': File exists.\n\nAnother git process seems to be running in this repository, or the lock file may be stale\n"
INF http m=POST p=/api/v1/workspaces/40O6AVT8U000/nodes/0/page/create s=200 d=60.8ms s=35
INF http m=GET p=/api/v1/workspaces/40O6AVT8U000/nodes/0/children s=200 d=310µs s=257
INF http m=GET p=/assets/OrgSettingsPanel-9P66Q2ps.js s=200 d=74µs s=2333
INF http m=GET p=/api/v1/workspaces/40O6AVT8U000/nodes/40O6B17U8000 s=200 d=353µs s=245
INF http m=GET p=/assets/Editor-BCbjs9IY.js s=200 d=102µs s=13602
INF http m=GET p=/assets/Editor-DfcJ-Jfc.css s=200 d=99µs s=2151
INF http m=GET p=/assets/OAuthIcons-csRRTXki.js s=200 d=1.77ms s=951
ERR Failed to commit DB changes err="failed to stage db changes: exit status 128\nOutput: fatal: Unable to create '/home/runner/work/mddb/mddb/data-e2e/.git/index.lock': File exists.\n\nAnother git process seems to be running in this repository, or the lock file may be stale\n"
INF http m=POST p=/api/v1/workspaces/40O6AVM8K000/nodes/0/page/create s=200 d=47.8ms s=35
INF http m=GET p=/assets/InviteForm-DLxm8fu0.css s=200 d=42µs s=394
INF http m=GET p=/assets/InviteForm-CV0yK4I0.js s=200 d=35µs s=1291
INF http m=GET p=/api/v1/workspaces/40O6AVM8K000/events s=200 d=103ms s=203
INF http m=GET p=/api/v1/auth/me s=200 d=255µs s=362
INF http m=GET p=/assets/Auth-8NWYUGup.js s=200 d=44µs s=1677
INF http m=GET p=/assets/Auth-6SolzSg2.css s=200 d=70µs s=633
INF http m=GET p=/api/v1/workspaces/40O6AVT8U000/events s=200 d=246ms s=208
ERR Failed to commit DB changes err="failed to stage db changes: exit status 128\nOutput: fatal: Unable to create '/home/runner/work/mddb/mddb/data-e2e/.git/index.lock': File exists.\n\nAnother git process seems to be running in this repository, or the lock file may be stale\n"
INF http m=POST p=/api/v1/auth/register s=200 d=139ms s=387
INF http m=GET p=/ s=200 d=61µs s=541
INF http m=GET p=/assets/index-Dlg_ygoF.js s=200 d=135µs s=45483
ERR Failed to commit DB changes err="failed to stage db changes: exit status 128\nOutput: fatal: Unable to create '/home/runner/work/mddb/mddb/data-e2e/.git/index.lock': File exists.\n\nAnother git process seems to be running in this repository, or the lock file may be stale\n"
INF http m=POST p=/api/v1/auth/register s=200 d=140ms s=397
INF http m=GET p=/assets/index-Bi-AgGrc.css s=200 d=126µs s=11684
INF http m=GET p=/ s=200 d=43µs s=541
INF http m=GET p=/registerSW.js s=200 d=30µs s=87
INF http m=GET p=/assets/vendor-CnrH3R4r.js s=200 d=843µs s=28803
INF http m=GET p=/assets/editor-vendor-VZT4IkOY.js s=200 d=517µs s=92428
INF http m=GET p=/assets/vendor-CnrH3R4r.js s=200 d=146µs s=28803
INF http m=GET p=/assets/index-Dlg_ygoF.js s=200 d=129µs s=45483
INF http m=GET p=/assets/index-Bi-AgGrc.css s=200 d=479µs s=11684
INF http m=GET p=/assets/editor-vendor-VZT4IkOY.js s=200 d=195µs s=92428
INF http m=GET p=/registerSW.js s=200 d=39µs s=87
INF http m=GET p=/api/v1/auth/me s=200 d=811µs s=164
INF http m=GET p=/assets/en-BIK_e_4K.js s=200 d=77µs s=5251
INF http m=GET p=/assets/Onboarding-DQ2WAJCW.js s=200 d=45µs s=996
INF http m=GET p=/api/v1/notifications/unread-count s=200 d=211µs s=25
INF http m=GET p=/favicon.png s=200 d=30µs s=449
ERR Failed to commit DB changes err="failed to stage db changes: exit status 128\nOutput: fatal: Unable to create '/home/runner/work/mddb/mddb/data-e2e/.git/index.lock': File exists.\n\nAnother git process seems to be running in this repository, or the lock file may be stale\n"
INF http m=POST p=/api/v1/organizations s=200 d=7.61ms s=350
INF http m=GET p=/sw.js s=200 d=67µs s=5593
INF http m=GET p=/api/v1/auth/me s=200 d=701µs s=166
INF http m=GET p=/assets/en-BIK_e_4K.js s=200 d=53µs s=5251
INF http m=GET p=/api/v1/auth/me s=200 d=719µs s=248
INF http m=GET p=/assets/Onboarding-DQ2WAJCW.js s=200 d=39µs s=996
INF http m=GET p=/registerSW.js s=200 d=36µs s=87
INF http m=GET p=/sw.js s=200 d=93µs s=5593
INF http m=GET p=/api/v1/notifications/unread-count s=200 d=186µs s=25
INF http m=GET p=/index.html s=200 d=39µs s=541
INF http m=GET p=/icon.svg s=200 d=40µs s=195
INF http m=GET p=/icon-512.png s=200 d=83µs s=6498
INF http m=GET p=/favicon.png s=200 d=40µs s=449
ERR Failed to commit DB changes err="failed to stage db changes: exit status 128\nOutput: fatal: Unable to create '/home/runner/work/mddb/mddb/data-e2e/.git/index.lock': File exists.\n\nAnother git process seems to be running in this repository, or the lock file may be stale\n"
INF http m=POST p=/api/v1/organizations s=200 d=4.4ms s=352
INF http m=GET p=/icon-192.png s=200 d=57µs s=2468
INF http m=GET p=/registerSW.js s=200 d=26µs s=87
INF http m=GET p=/favicon.png s=200 d=45µs s=449
INF http m=GET p=/index.html s=200 d=75µs s=541
INF http m=GET p=/api/v1/auth/me s=200 d=3.38ms s=250
INF http m=GET p=/apple-touch-icon.png s=200 d=43µs s=2298
INF http m=GET p=/icon.svg s=200 d=33µs s=195
INF http m=GET p=/icon-512.png s=200 d=70µs s=6498
INF http m=GET p=/icon-192.png s=200 d=51µs s=2468
INF http m=GET p=/favicon.png s=200 d=50µs s=449
INF http m=GET p=/assets/material-symbols-names-D7AiM4If.js s=200 d=89µs s=15478
INF http m=GET p=/apple-touch-icon.png s=200 d=56µs s=2298
ERR Failed to add workspace submodule wsID=40O6B6AF6000 err="failed to add submodule 40O6B6AF6000: exit status 128\nOutput: Adding existing repo at '40O6B6AF6000' to the index\nfatal: Unable to create '/home/runner/work/mddb/mddb/data-e2e/.git/index.lock': File exists.\n\nAnother git process seems to be running in this repository, or the lock file may be stale\nfatal: Failed to add submodule '40O6B6AF6000'\n"
ERR Failed to commit DB changes err="failed to stage db changes: exit status 128\nOutput: fatal: Unable to create '/home/runner/work/mddb/mddb/data-e2e/.git/index.lock': File exists.\n\nAnother git process seems to be running in this repository, or the lock file may be stale\n"
INF http m=POST p=/api/v1/organizations/40O6B5UG2000/workspaces s=200 d=161ms s=297
INF http m=GET p=/assets/fr-B1PqNQ7U.js s=200 d=77µs s=6351
INF http m=GET p=/assets/material-symbols-names-D7AiM4If.js s=200 d=87µs s=15478
INF http m=GET p=/assets/es-OK4oleHZ.js s=200 d=84µs s=6048
INF http m=GET p=/assets/emoji-groups-El6awxEn.js s=200 d=127µs s=13851
INF http m=GET p=/assets/fr-B1PqNQ7U.js s=200 d=97µs s=6351
ERR Failed to add workspace submodule wsID=40O6B6V74000 err="failed to add submodule 40O6B6V74000: exit status 128\nOutput: Adding existing repo at '40O6B6V74000' to the index\nfatal: Unable to create '/home/runner/work/mddb/mddb/data-e2e/.git/index.lock': File exists.\n\nAnother git process seems to be running in this repository, or the lock file may be stale\nfatal: Failed to add submodule '40O6B6V74000'\n"
INF http m=GET p=/assets/es-OK4oleHZ.js s=200 d=102µs s=6048
ERR Failed to commit DB changes err="failed to stage db changes: exit status 128\nOutput: fatal: Unable to create '/home/runner/work/mddb/mddb/data-e2e/.git/index.lock': File exists.\n\nAnother git process seems to be running in this repository, or the lock file may be stale\n"
INF http m=POST p=/api/v1/organizations/40O6B6MUU000/workspaces s=200 d=132ms s=299
ERR Failed to commit DB changes err="failed to stage db changes: exit status 128\nOutput: fatal: Unable to create '/home/runner/work/mddb/mddb/data-e2e/.git/index.lock': File exists.\n\nAnother git process seems to be running in this repository, or the lock file may be stale\n"
INF http m=POST p=/api/v1/auth/switch-workspace s=200 d=78ms s=604
ERR Failed to commit DB changes err="failed to stage db changes: exit status 128\nOutput: fatal: Unable to create '/home/runner/work/mddb/mddb/data-e2e/.git/index.lock': File exists.\n\nAnother git process seems to be running in this repository, or the lock file may be stale\n"
INF http m=POST p=/api/v1/auth/switch-workspace s=200 d=7.48ms s=571
INF http m=GET p=/assets/de-CSEWDUi3.js s=200 d=81µs s=6281
INF http m=GET p=/api/v1/notifications/unread-count s=200 d=1.2ms s=25
INF http m=GET p=/assets/WorkspaceSettingsPanel-BXpT4LCS.css s=200 d=46µs s=994
INF http m=GET p=/assets/emoji-groups-El6awxEn.js s=200 d=125µs s=13851
INF http m=GET p=/api/v1/workspaces/40O6B6AF6000/nodes/0/children s=200 d=341µs s=26
INF http m=GET p=/api/v1/workspaces/40O6B6AF6000/members s=200 d=201µs s=124
INF http m=GET p=/assets/WorkspaceSettingsPanel-BB4UnxOs.js s=200 d=126µs s=4465
INF http m=GET p=/api/v1/workspaces/40O6B6V74000/members s=200 d=8.77ms s=130
INF http m=GET p=/api/v1/workspaces/40O6B6V74000/nodes/0/children s=200 d=13.2ms s=26
INF http m=GET p=/api/v1/notifications/unread-count s=200 d=19.6ms s=25
INF http m=GET p=/assets/Terms-CDs9SgkA.js s=200 d=41µs s=1013
INF http m=GET p=/assets/ServerSettingsPanel-Co4AQ7oB.css s=200 d=38µs s=576
INF http m=GET p=/assets/de-CSEWDUi3.js s=200 d=121µs s=6281
INF http m=GET p=/assets/ServerSettingsPanel-CUtQeHs8.js s=200 d=64µs s=2551
INF http m=GET p=/assets/ResourceQuotaForm-CBiYRbX4.js s=200 d=39µs s=832
INF http m=GET p=/assets/WorkspaceSettingsPanel-BXpT4LCS.css s=200 d=29µs s=994
INF http m=GET p=/assets/ResourceQuotaForm-BFoPj33M.css s=200 d=27µs s=297
ERR Failed to commit DB changes err="failed to stage db changes: exit status 128\nOutput: fatal: Unable to create '/home/runner/work/mddb/mddb/data-e2e/.git/index.lock': File exists.\n\nAnother git process seems to be running in this repository, or the lock file may be stale\n"
INF http m=POST p=/api/v1/workspaces/40O6B6AF6000/nodes/0/page/create s=200 d=42ms s=35
INF http m=GET p=/assets/WorkspaceSettingsPanel-BB4UnxOs.js s=200 d=64µs s=4465
ERR Failed to commit DB changes err="failed to stage db changes: exit status 128\nOutput: fatal: Unable to create '/home/runner/work/mddb/mddb/data-e2e/.git/index.lock': File exists.\n\nAnother git process seems to be running in this repository, or the lock file may be stale\n"
INF http m=POST p=/api/v1/workspaces/40O6B6V74000/nodes/0/page/create s=200 d=32.7ms s=35
INF http m=GET p=/api/v1/workspaces/40O6B6AF6000/nodes/0/children s=200 d=279µs s=257
INF http m=GET p=/assets/ProfileSettings-DF5AVI35.js s=200 d=93µs s=4393
INF http m=GET p=/api/v1/workspaces/40O6B6V74000/nodes/0/children s=200 d=424µs s=257
INF http m=GET p=/api/v1/workspaces/40O6B6AF6000/nodes/40O6B87S8000 s=200 d=951µs s=245
INF http m=GET p=/assets/Terms-CDs9SgkA.js s=200 d=26µs s=1013
INF http m=GET p=/api/v1/workspaces/40O6B6V74000/nodes/40O6B8AQU000 s=200 d=701µs s=245
INF http m=GET p=/assets/ProfileSettings-CX-HDEdu.css s=200 d=30µs s=1177
INF http m=GET p=/assets/Editor-BCbjs9IY.js s=200 d=87µs s=13602
INF http m=GET p=/assets/Editor-BCbjs9IY.js s=200 d=88µs s=13602
INF http m=GET p=/assets/Editor-DfcJ-Jfc.css s=200 d=85µs s=2151
INF http m=GET p=/assets/Editor-DfcJ-Jfc.css s=200 d=39µs s=2151
INF http m=GET p=/assets/ServerSettingsPanel-Co4AQ7oB.css s=200 d=33µs s=576
INF http m=GET p=/assets/Privacy-cCrfp6_1.css s=200 d=23µs s=314
INF http m=GET p=/assets/ServerSettingsPanel-CUtQeHs8.js s=200 d=57µs s=2551
INF http m=GET p=/assets/Privacy-CgsgvqEr.js s=200 d=30µs s=904
INF http m=GET p=/assets/ResourceQuotaForm-CBiYRbX4.js s=200 d=31µs s=832
INF http m=GET p=/assets/OrgSettingsPanel-D9VVCokd.css s=200 d=49µs s=488
INF http m=GET p=/assets/ResourceQuotaForm-BFoPj33M.css s=200 d=42µs s=297
INF http m=GET p=/assets/ProfileSettings-DF5AVI35.js s=200 d=64µs s=4393
INF http m=GET p=/assets/OrgSettingsPanel-9P66Q2ps.js s=200 d=26µs s=2333
INF http m=GET p=/assets/ProfileSettings-CX-HDEdu.css s=200 d=54µs s=1177
INF http m=GET p=/assets/OAuthIcons-csRRTXki.js s=200 d=29µs s=951
INF http m=GET p=/assets/InviteForm-DLxm8fu0.css s=200 d=37µs s=394
INF http m=GET p=/assets/Privacy-cCrfp6_1.css s=200 d=29µs s=314
INF http m=GET p=/assets/InviteForm-CV0yK4I0.js s=200 d=23µs s=1291
INF http m=GET p=/assets/Privacy-CgsgvqEr.js s=200 d=22µs s=904
INF http m=GET p=/assets/OrgSettingsPanel-D9VVCokd.css s=200 d=38µs s=488
INF http m=GET p=/assets/Auth-8NWYUGup.js s=200 d=29µs s=1677
INF http m=GET p=/assets/OrgSettingsPanel-9P66Q2ps.js s=200 d=36µs s=2333
INF http m=GET p=/assets/Auth-6SolzSg2.css s=200 d=39µs s=633
INF http m=GET p=/assets/OAuthIcons-csRRTXki.js s=200 d=24µs s=951
INF http m=GET p=/assets/AdminDashboard-DpHjrDyw.js s=200 d=53µs s=2142
INF http m=GET p=/assets/InviteForm-DLxm8fu0.css s=200 d=28µs s=394
INF http m=GET p=/assets/AdminDashboard-CjPbo26j.css s=200 d=31µs s=584
INF http m=GET p=/assets/InviteForm-CV0yK4I0.js s=200 d=27µs s=1291
INF http m=GET p=/manifest.webmanifest s=200 d=30µs s=199
INF http m=GET p=/assets/Auth-8NWYUGup.js s=200 d=45µs s=1677
INF http m=GET p=/assets/Auth-6SolzSg2.css s=200 d=39µs s=633
INF http m=GET p=/api/v1/workspaces/40O6B6V74000/events s=200 d=260ms s=207
INF http m=GET p=/api/v1/workspaces/40O6B6AF6000/events s=200 d=301ms s=201
ERR Failed to commit DB changes err="failed to stage db changes: exit status 128\nOutput: fatal: Unable to create '/home/runner/work/mddb/mddb/data-e2e/.git/index.lock': File exists.\n\nAnother git process seems to be running in this repository, or the lock file may be stale\n"
INF http m=POST p=/api/v1/auth/register s=200 d=110ms s=394
INF http m=GET p=/ s=200 d=54µs s=541
INF http m=GET p=/assets/index-Bi-AgGrc.css s=200 d=158µs s=11684
INF http m=GET p=/assets/index-Dlg_ygoF.js s=200 d=193µs s=45483
INF http m=GET p=/registerSW.js s=200 d=32µs s=87
INF http m=GET p=/assets/vendor-CnrH3R4r.js s=200 d=133µs s=28803
INF http m=GET p=/assets/editor-vendor-VZT4IkOY.js s=200 d=173µs s=92428
ERR Failed to commit DB changes err="failed to stage db changes: exit status 128\nOutput: fatal: Unable to create '/home/runner/work/mddb/mddb/data-e2e/.git/index.lock': File exists.\n\nAnother git process seems to be running in this repository, or the lock file may be stale\n"
INF http m=POST p=/api/v1/auth/register s=200 d=133ms s=397
INF http m=GET p=/ s=200 d=56µs s=541
INF http m=GET p=/assets/index-Dlg_ygoF.js s=200 d=499µs s=45483
INF http m=GET p=/assets/index-Bi-AgGrc.css s=200 d=109µs s=11684
INF http m=GET p=/assets/editor-vendor-VZT4IkOY.js s=200 d=164µs s=92428
INF http m=GET p=/assets/vendor-CnrH3R4r.js s=200 d=168µs s=28803
INF http m=GET p=/registerSW.js s=200 d=67µs s=87
INF http m=GET p=/api/v1/auth/me s=200 d=717µs s=163
INF http m=GET p=/assets/en-BIK_e_4K.js s=200 d=117µs s=5251
INF http m=GET p=/assets/Onboarding-DQ2WAJCW.js s=200 d=44µs s=996
INF http m=GET p=/api/v1/notifications/unread-count s=200 d=600µs s=25
INF http m=GET p=/favicon.png s=200 d=48µs s=449
ERR Failed to commit DB changes err="failed to stage db changes: exit status 128\nOutput: fatal: Unable to create '/home/runner/work/mddb/mddb/data-e2e/.git/index.lock': File exists.\n\nAnother git process seems to be running in this repository, or the lock file may be stale\n"
INF http m=POST p=/api/v1/organizations s=200 d=8.37ms s=351
INF http m=GET p=/sw.js s=200 d=103µs s=5593
INF http m=GET p=/assets/en-BIK_e_4K.js s=200 d=85µs s=5251
INF http m=GET p=/api/v1/auth/me s=200 d=713µs s=166
INF http m=GET p=/api/v1/auth/me s=200 d=805µs s=251
INF http m=GET p=/assets/Onboarding-DQ2WAJCW.js s=200 d=72µs s=996
INF http m=GET p=/api/v1/notifications/unread-count s=200 d=223µs s=25
INF http m=GET p=/registerSW.js s=200 d=24µs s=87
INF http m=GET p=/favicon.png s=200 d=42µs s=449
INF http m=GET p=/index.html s=200 d=44µs s=541
ERR Failed to commit DB changes err="failed to stage db changes: exit status 128\nOutput: fatal: Unable to create '/home/runner/work/mddb/mddb/data-e2e/.git/index.lock': File exists.\n\nAnother git process seems to be running in this repository, or the lock file may be stale\n"
INF http m=POST p=/api/v1/organizations s=200 d=11.7ms s=352
INF http m=GET p=/sw.js s=200 d=90µs s=5593
INF http m=GET p=/icon.svg s=200 d=37µs s=195
INF http m=GET p=/icon-512.png s=200 d=317µs s=6498
INF http m=GET p=/api/v1/auth/me s=200 d=969µs s=252
INF http m=GET p=/icon-192.png s=200 d=79µs s=2468
INF http m=GET p=/registerSW.js s=200 d=27µs s=87
INF http m=GET p=/favicon.png s=200 d=74µs s=449
INF http m=GET p=/index.html s=200 d=69µs s=541
INF http m=GET p=/apple-touch-icon.png s=200 d=45µs s=2298
INF http m=GET p=/icon.svg s=200 d=49µs s=195
INF http m=GET p=/icon-512.png s=200 d=102µs s=6498
INF http m=GET p=/assets/material-symbols-names-D7AiM4If.js s=200 d=298µs s=15478
ERR Failed to add workspace submodule wsID=40O6BDJ02000 err="failed to add submodule 40O6BDJ02000: exit status 128\nOutput: Adding existing repo at '40O6BDJ02000' to the index\nfatal: Unable to create '/home/runner/work/mddb/mddb/data-e2e/.git/index.lock': File exists.\n\nAnother git process seems to be running in this repository, or the lock file may be stale\nfatal: Failed to add submodule '40O6BDJ02000'\n"
INF http m=GET p=/icon-192.png s=200 d=33µs s=2468
ERR Failed to commit DB changes err="failed to stage db changes: exit status 128\nOutput: fatal: Unable to create '/home/runner/work/mddb/mddb/data-e2e/.git/index.lock': File exists.\n\nAnother git process seems to be running in this repository, or the lock file may be stale\n"
INF http m=GET p=/favicon.png s=200 d=45µs s=449
INF http m=POST p=/api/v1/organizations/40O6BD0DK000/workspaces s=200 d=167ms s=299
INF http m=GET p=/apple-touch-icon.png s=200 d=63µs s=2298
ERR Failed to commit DB changes err="failed to stage db changes: exit status 128\nOutput: fatal: Unable to create '/home/runner/work/mddb/mddb/data-e2e/.git/index.lock': File exists.\n\nAnother git process seems to be running in this repository, or the lock file may be stale\n"
INF http m=POST p=/api/v1/auth/switch-workspace s=200 d=8.03ms s=621
INF http m=GET p=/assets/fr-B1PqNQ7U.js s=200 d=80µs s=6351
INF http m=GET p=/assets/material-symbols-names-D7AiM4If.js s=200 d=93µs s=15478
INF http m=GET p=/assets/es-OK4oleHZ.js s=200 d=1.97ms s=6048
INF http m=GET p=/api/v1/notifications/unread-count s=200 d=511µs s=25
INF http m=GET p=/api/v1/workspaces/40O6BDJ02000/nodes/0/children s=200 d=291µs s=26
INF http m=GET p=/api/v1/workspaces/40O6BDJ02000/members s=200 d=10ms s=126
INF http m=GET p=/assets/emoji-groups-El6awxEn.js s=200 d=138µs s=13851
INF http m=GET p=/assets/fr-B1PqNQ7U.js s=200 d=109µs s=6351
INF http m=GET p=/assets/es-OK4oleHZ.js s=200 d=79µs s=6048
INF http m=GET p=/assets/emoji-groups-El6awxEn.js s=200 d=98µs s=13851
INF http m=GET p=/assets/de-CSEWDUi3.js s=200 d=677µs s=6281
INF http m=GET p=/assets/WorkspaceSettingsPanel-BXpT4LCS.css s=200 d=27µs s=994
ERR Failed to add workspace submodule wsID=40O6BE4VI000 err="failed to add submodule 40O6BE4VI000: exit status 128\nOutput: Adding existing repo at '40O6BE4VI000' to the index\nfatal: Unable to create '/home/runner/work/mddb/mddb/data-e2e/.git/index.lock': File exists.\n\nAnother git process seems to be running in this repository, or the lock file may be stale\nfatal: Failed to add submodule '40O6BE4VI000'\n"
ERR Failed to commit DB changes err="failed to stage db changes: exit status 128\nOutput: fatal: Unable to create '/home/runner/work/mddb/mddb/data-e2e/.git/index.lock': File exists.\n\nAnother git process seems to be running in this repository, or the lock file may be stale\n"
INF http m=POST p=/api/v1/organizations/40O6BDJ68000/workspaces s=200 d=211ms s=302
INF http m=GET p=/assets/WorkspaceSettingsPanel-BB4UnxOs.js s=200 d=65µs s=4465
ERR Failed to commit DB changes err="failed to stage db changes: exit status 128\nOutput: fatal: Unable to create '/home/runner/work/mddb/mddb/data-e2e/.git/index.lock': File exists.\n\nAnother git process seems to be running in this repository, or the lock file may be stale\n"
INF http m=POST p=/api/v1/workspaces/40O6BDJ02000/nodes/0/page/create s=200 d=68.1ms s=35
INF http m=GET p=/api/v1/workspaces/40O6BDJ02000/nodes/0/children s=200 d=1.39ms s=257
INF http m=GET p=/assets/Terms-CDs9SgkA.js s=200 d=30µs s=1013
ERR Failed to commit DB changes err="failed to stage db changes: exit status 128\nOutput: fatal: Unable to create '/home/runner/work/mddb/mddb/data-e2e/.git/index.lock': File exists.\n\nAnother git process seems to be running in this repository, or the lock file may be stale\n"
INF http m=POST p=/api/v1/auth/switch-workspace s=200 d=16.2ms s=573
INF http m=GET p=/assets/ServerSettingsPanel-Co4AQ7oB.css s=200 d=29µs s=576
INF http m=GET p=/assets/de-CSEWDUi3.js s=200 d=75µs s=6281
INF http m=GET p=/assets/ServerSettingsPanel-CUtQeHs8.js s=200 d=44µs s=2551
INF http m=GET p=/api/v1/workspaces/40O6BDJ02000/nodes/40O6BF2ES000 s=200 d=750µs s=245
INF http m=GET p=/assets/ResourceQuotaForm-CBiYRbX4.js s=200 d=31µs s=832
INF http m=GET p=/assets/Editor-BCbjs9IY.js s=200 d=98µs s=13602
INF http m=GET p=/assets/Editor-DfcJ-Jfc.css s=200 d=74µs s=2151
INF http m=GET p=/assets/WorkspaceSettingsPanel-BXpT4LCS.css s=200 d=28µs s=994
INF http m=GET p=/assets/WorkspaceSettingsPanel-BB4UnxOs.js s=200 d=82µs s=4465
INF http m=GET p=/assets/ResourceQuotaForm-BFoPj33M.css s=200 d=42µs s=297
INF http m=GET p=/api/v1/notifications/unread-count s=200 d=213µs s=25
INF http m=GET p=/api/v1/workspaces/40O6BE4VI000/nodes/0/children s=200 d=296µs s=26
INF http m=GET p=/assets/Terms-CDs9SgkA.js s=200 d=39µs s=1013
INF http m=GET p=/assets/ProfileSettings-DF5AVI35.js s=200 d=72µs s=4393
INF http m=GET p=/api/v1/workspaces/40O6BE4VI000/members s=200 d=3.73ms s=130
INF http m=GET p=/assets/ProfileSettings-CX-HDEdu.css s=200 d=63µs s=1177
INF http m=GET p=/assets/ServerSettingsPanel-Co4AQ7oB.css s=200 d=41µs s=576
INF http m=GET p=/assets/Privacy-cCrfp6_1.css s=200 d=24µs s=314
INF http m=GET p=/assets/Privacy-CgsgvqEr.js s=200 d=34µs s=904
INF http m=GET p=/assets/ServerSettingsPanel-CUtQeHs8.js s=200 d=104µs s=2551
INF http m=GET p=/assets/OrgSettingsPanel-D9VVCokd.css s=200 d=37µs s=488
INF http m=GET p=/assets/ResourceQuotaForm-CBiYRbX4.js s=200 d=48µs s=832
INF http m=GET p=/assets/ResourceQuotaForm-BFoPj33M.css s=200 d=28µs s=297
ERR Failed to commit DB changes err="failed to stage db changes: exit status 128\nOutput: fatal: Unable to create '/home/runner/work/mddb/mddb/data-e2e/.git/index.lock': File exists.\n\nAnother git process seems to be running in this repository, or the lock file may be stale\n"
INF http m=POST p=/api/v1/workspaces/40O6BE4VI000/nodes/0/page/create s=200 d=38ms s=35
INF http m=GET p=/assets/OrgSettingsPanel-9P66Q2ps.js s=200 d=75µs s=2333
INF http m=GET p=/api/v1/workspaces/40O6BE4VI000/nodes/0/children s=200 d=325µs s=257
INF http m=GET p=/assets/ProfileSettings-DF5AVI35.js s=200 d=103µs s=4393
INF http m=GET p=/api/v1/workspaces/40O6BE4VI000/nodes/40O6BFUUU000 s=200 d=533µs s=245
INF http m=GET p=/assets/ProfileSettings-CX-HDEdu.css s=200 d=36µs s=1177
INF http m=GET p=/assets/Privacy-cCrfp6_1.css s=200 d=43µs s=314
INF http m=GET p=/assets/Editor-BCbjs9IY.js s=200 d=80µs s=13602
INF http m=GET p=/assets/Editor-DfcJ-Jfc.css s=200 d=63µs s=2151
INF http m=GET p=/assets/OAuthIcons-csRRTXki.js s=200 d=23µs s=951
INF http m=GET p=/assets/Privacy-CgsgvqEr.js s=200 d=34µs s=904
INF http m=GET p=/assets/InviteForm-DLxm8fu0.css s=200 d=32µs s=394
INF http m=GET p=/assets/OrgSettingsPanel-D9VVCokd.css s=200 d=46µs s=488
INF http m=GET p=/assets/InviteForm-CV0yK4I0.js s=200 d=26µs s=1291
INF http m=GET p=/assets/OrgSettingsPanel-9P66Q2ps.js s=200 d=40µs s=2333
INF http m=GET p=/assets/OAuthIcons-csRRTXki.js s=200 d=47µs s=951
INF http m=GET p=/assets/Auth-8NWYUGup.js s=200 d=794µs s=1677
INF http m=GET p=/assets/InviteForm-DLxm8fu0.css s=200 d=26µs s=394
INF http m=GET p=/assets/InviteForm-CV0yK4I0.js s=200 d=40µs s=1291
INF http m=GET p=/assets/Auth-6SolzSg2.css s=200 d=45µs s=633
INF http m=GET p=/assets/AdminDashboard-DpHjrDyw.js s=200 d=59µs s=2142
INF http m=GET p=/assets/Auth-8NWYUGup.js s=200 d=42µs s=1677
INF http m=GET p=/assets/AdminDashboard-CjPbo26j.css s=200 d=29µs s=584
INF http m=GET p=/assets/Auth-6SolzSg2.css s=200 d=34µs s=633
INF http m=GET p=/manifest.webmanifest s=200 d=27µs s=199
INF http m=GET p=/assets/AdminDashboard-DpHjrDyw.js s=200 d=41µs s=2142
INF http m=GET p=/assets/AdminDashboard-CjPbo26j.css s=200 d=45µs s=584
INF http m=GET p=/api/v1/workspaces/40O6BDJ02000/events s=200 d=330ms s=207
INF http m=GET p=/manifest.webmanifest s=200 d=36µs s=199
INF http m=GET p=/api/v1/notifications/unread-count s=200 d=685µs s=25
INF http m=GET p=/api/v1/workspaces/40O6BE4VI000/events s=200 d=270ms s=207
INF http m=GET p=/api/v1/auth/providers s=200 d=439µs s=59
INF http m=GET p=/api/v1/notifications/preferences s=200 d=686µs s=127
INF http m=GET p=/settings/user s=200 d=48µs s=541
ERR Failed to commit DB changes err="failed to stage db changes: exit status 128\nOutput: fatal: Unable to create '/home/runner/work/mddb/mddb/data-e2e/.git/index.lock': File exists.\n\nAnother git process seems to be running in this repository, or the lock file may be stale\n"
INF http m=POST p=/api/v1/auth/register s=200 d=124ms s=402
INF http m=GET p=/ s=200 d=48µs s=541
INF http m=GET p=/api/v1/auth/me s=200 d=829µs s=355
INF http m=GET p=/assets/index-Bi-AgGrc.css s=200 d=156µs s=11684
INF http m=GET p=/assets/vendor-CnrH3R4r.js s=200 d=166µs s=28803
INF http m=GET p=/registerSW.js s=200 d=32µs s=87
INF http m=GET p=/assets/index-Dlg_ygoF.js s=200 d=146µs s=45483
INF http m=GET p=/assets/editor-vendor-VZT4IkOY.js s=200 d=161µs s=92428
INF http m=GET p=/api/v1/notifications/unread-count s=200 d=722µs s=25
INF http m=GET p=/api/v1/auth/providers s=200 d=676µs s=59
INF http m=GET p=/api/v1/notifications/preferences s=200 d=1.25ms s=127
INF http m=GET p=/api/v1/auth/me s=200 d=677µs s=169
INF http m=GET p=/assets/en-BIK_e_4K.js s=200 d=68µs s=5251
INF http m=GET p=/assets/Onboarding-DQ2WAJCW.js s=200 d=57µs s=996
INF http m=GET p=/api/v1/notifications/unread-count s=200 d=180µs s=25
INF http m=GET p=/sw.js s=200 d=82µs s=5593
INF http m=GET p=/favicon.png s=200 d=42µs s=449
INF http m=GET p=/registerSW.js s=200 d=53µs s=87
INF http m=GET p=/index.html s=200 d=38µs s=541
INF http m=GET p=/icon.svg s=200 d=29µs s=195
INF http m=GET p=/icon-512.png s=200 d=67µs s=6498
ERR Failed to commit DB changes err="failed to stage db changes: exit status 128\nOutput: fatal: Unable to create '/home/runner/work/mddb/mddb/data-e2e/.git/index.lock': File exists.\n\nAnother git process seems to be running in this repository, or the lock file may be stale\n"
INF http m=POST p=/api/v1/organizations s=200 d=16.1ms s=356
INF http m=GET p=/icon-192.png s=200 d=57µs s=2468
INF http m=GET p=/favicon.png s=200 d=54µs s=449
INF http m=GET p=/api/v1/auth/me s=200 d=4.69ms s=255
INF http m=GET p=/apple-touch-icon.png s=200 d=93µs s=2298
INF http m=GET p=/assets/material-symbols-names-D7AiM4If.js s=200 d=199µs s=15478
INF http m=GET p=/assets/fr-B1PqNQ7U.js s=200 d=1.35ms s=6351
INF http m=GET p=/assets/es-OK4oleHZ.js s=200 d=86µs s=6048
INF http m=GET p=/assets/emoji-groups-El6awxEn.js s=200 d=166µs s=13851
ERR Failed to add workspace submodule wsID=40O6BKVLQ000 err="failed to add submodule 40O6BKVLQ000: exit status 128\nOutput: Adding existing repo at '40O6BKVLQ000' to the index\nfatal: Unable to create '/home/runner/work/mddb/mddb/data-e2e/.git/index.lock': File exists.\n\nAnother git process seems to be running in this repository, or the lock file may be stale\nfatal: Failed to add submodule '40O6BKVLQ000'\n"
ERR Failed to commit DB changes err="failed to stage db changes: exit status 128\nOutput: fatal: Unable to create '/home/runner/work/mddb/mddb/data-e2e/.git/index.lock': File exists.\n\nAnother git process seems to be running in this repository, or the lock file may be stale\n"
INF http m=POST p=/api/v1/organizations/40O6BKMUE000/workspaces s=200 d=141ms s=303
INF http m=GET p=/assets/de-CSEWDUi3.js s=200 d=97µs s=6281
ERR Failed to commit DB changes err="failed to stage db changes: exit status 128\nOutput: fatal: Unable to create '/home/runner/work/mddb/mddb/data-e2e/.git/index.lock': File exists.\n\nAnother git process seems to be running in this repository, or the lock file may be stale\n"
INF http m=POST p=/api/v1/auth/switch-workspace s=200 d=15.8ms s=574
INF http m=GET p=/assets/WorkspaceSettingsPanel-BXpT4LCS.css s=200 d=40µs s=994
INF http m=GET p=/assets/WorkspaceSettingsPanel-BB4UnxOs.js s=200 d=76µs s=4465
INF http m=GET p=/assets/Terms-CDs9SgkA.js s=200 d=53µs s=1013
INF http m=GET p=/assets/ServerSettingsPanel-Co4AQ7oB.css s=200 d=37µs s=576
INF http m=GET p=/api/v1/notifications/unread-count s=200 d=2.43ms s=25
INF http m=GET p=/api/v1/workspaces/40O6BKVLQ000/members s=200 d=5.17ms s=122
INF http m=GET p=/api/v1/workspaces/40O6BKVLQ000/nodes/0/children s=200 d=297µs s=26
INF http m=GET p=/assets/ServerSettingsPanel-CUtQeHs8.js s=200 d=95µs s=2551
INF http m=GET p=/assets/ResourceQuotaForm-CBiYRbX4.js s=200 d=50µs s=832
INF http m=GET p=/assets/ResourceQuotaForm-BFoPj33M.css s=200 d=34µs s=297
INF http m=GET p=/assets/ProfileSettings-DF5AVI35.js s=200 d=85µs s=4393
ERR Failed to commit DB changes err="failed to stage db changes: exit status 128\nOutput: fatal: Unable to create '/home/runner/work/mddb/mddb/data-e2e/.git/index.lock': File exists.\n\nAnother git process seems to be running in this repository, or the lock file may be stale\n"
INF http m=POST p=/api/v1/workspaces/40O6BKVLQ000/nodes/0/page/create s=200 d=45.3ms s=35
INF http m=GET p=/api/v1/workspaces/40O6BKVLQ000/nodes/0/children s=200 d=299µs s=257
INF http m=GET p=/assets/ProfileSettings-CX-HDEdu.css s=200 d=32µs s=1177
INF http m=GET p=/api/v1/workspaces/40O6BKVLQ000/nodes/40O6BMFNM000 s=200 d=374µs s=245
INF http m=GET p=/assets/Privacy-cCrfp6_1.css s=200 d=30µs s=314
INF http m=GET p=/assets/Editor-BCbjs9IY.js s=200 d=95µs s=13602
INF http m=GET p=/assets/Editor-DfcJ-Jfc.css s=200 d=82µs s=2151
INF http m=GET p=/assets/Privacy-CgsgvqEr.js s=200 d=17µs s=904
ERR Failed to commit DB changes err="failed to stage db changes: exit status 128\nOutput: fatal: Unable to create '/home/runner/work/mddb/mddb/data-e2e/.git/index.lock': File exists.\n\nAnother git process seems to be running in this repository, or the lock file may be stale\n"
INF http m=POST p=/api/v1/auth/register s=200 d=115ms s=390
INF http m=GET p=/assets/OrgSettingsPanel-D9VVCokd.css s=200 d=40µs s=488
INF http m=GET p=/ s=200 d=47µs s=541
INF http m=GET p=/assets/OrgSettingsPanel-9P66Q2ps.js s=200 d=66µs s=2333
INF http m=GET p=/assets/index-Bi-AgGrc.css s=200 d=164µs s=11684
INF http m=GET p=/assets/vendor-CnrH3R4r.js s=200 d=170µs s=28803
INF http m=GET p=/assets/OAuthIcons-csRRTXki.js s=200 d=22µs s=951
INF http m=GET p=/assets/index-Dlg_ygoF.js s=200 d=113µs s=45483
INF http m=GET p=/assets/editor-vendor-VZT4IkOY.js s=200 d=148µs s=92428
INF http m=GET p=/registerSW.js s=200 d=66µs s=87
INF http m=GET p=/assets/InviteForm-DLxm8fu0.css s=200 d=50µs s=394
INF http m=GET p=/assets/InviteForm-CV0yK4I0.js s=200 d=44µs s=1291
INF http m=GET p=/assets/Auth-8NWYUGup.js s=200 d=49µs s=1677
INF http m=GET p=/assets/Auth-6SolzSg2.css s=200 d=70µs s=633
INF http m=GET p=/assets/AdminDashboard-DpHjrDyw.js s=200 d=64µs s=2142
INF http m=GET p=/assets/AdminDashboard-CjPbo26j.css s=200 d=36µs s=584
INF http m=GET p=/manifest.webmanifest s=200 d=40µs s=199
INF http m=GET p=/assets/en-BIK_e_4K.js s=200 d=121µs s=5251
INF http m=GET p=/api/v1/auth/me s=200 d=243µs s=166
INF http m=GET p=/assets/Onboarding-DQ2WAJCW.js s=200 d=28µs s=996
INF http m=GET p=/sw.js s=200 d=107µs s=5593
INF http m=GET p=/api/v1/notifications/unread-count s=200 d=181µs s=25
INF http m=GET p=/favicon.png s=200 d=24µs s=449
INF http m=GET p=/api/v1/notifications/unread-count s=200 d=155µs s=25
INF http m=GET p=/api/v1/workspaces/40O6BKVLQ000/events s=200 d=302ms s=207
INF http m=GET p=/api/v1/organizations/40O6BKMUE000/users s=200 d=718µs s=331
ERR Failed to commit DB changes err="failed to stage db changes: exit status 128\nOutput: fatal: Unable to create '/home/runner/work/mddb/mddb/data-e2e/.git/index.lock': File exists.\n\nAnother git process seems to be running in this repository, or the lock file may be stale\n"
INF http m=POST p=/api/v1/organizations s=200 d=11.7ms s=353
INF http m=GET p=/registerSW.js s=200 d=58µs s=87
INF http m=GET p=/api/v1/workspaces/40O6BKVLQ000/invitations s=200 d=12.5ms s=34
INF http m=GET p=/api/v1/auth/me s=200 d=254µs s=250
INF http m=GET p=/index.html s=200 d=26µs s=541
INF http m=GET p=/icon.svg s=200 d=32µs s=195
INF http m=GET p=/icon-512.png s=200 d=128µs s=6498
INF http m=GET p=/icon-192.png s=200 d=59µs s=2468
INF http m=GET p=/favicon.png s=200 d=36µs s=449
INF http m=GET p=/apple-touch-icon.png s=200 d=43µs s=2298
INF http m=GET p=/assets/material-symbols-names-D7AiM4If.js s=200 d=106µs s=15478
INF http m=GET p=/assets/fr-B1PqNQ7U.js s=200 d=89µs s=6351
INF http m=GET p=/assets/es-OK4oleHZ.js s=200 d=158µs s=6048
INF http m=GET p=/assets/emoji-groups-El6awxEn.js s=200 d=95µs s=13851
INF http m=GET p=/assets/de-CSEWDUi3.js s=200 d=82µs s=6281
ERR Failed to add workspace submodule wsID=40O6BOO06000 err="failed to add submodule 40O6BOO06000: exit status 128\nOutput: Adding existing repo at '40O6BOO06000' to the index\nfatal: Unable to create '/home/runner/work/mddb/mddb/data-e2e/.git/index.lock': File exists.\n\nAnother git process seems to be running in this repository, or the lock file may be stale\nfatal: Failed to add submodule '40O6BOO06000'\n"
INF http m=GET p=/assets/WorkspaceSettingsPanel-BXpT4LCS.css s=200 d=37µs s=994
ERR Failed to commit DB changes err="failed to stage db changes: exit status 128\nOutput: fatal: Unable to create '/home/runner/work/mddb/mddb/data-e2e/.git/index.lock': File exists.\n\nAnother git process seems to be running in this repository, or the lock file may be stale\n"
INF http m=GET p=/assets/WorkspaceSettingsPanel-BB4UnxOs.js s=200 d=94µs s=4465
INF http m=POST p=/api/v1/organizations/40O6BOGLM000/workspaces s=200 d=183ms s=301
INF http m=GET p=/assets/Terms-CDs9SgkA.js s=200 d=33µs s=1013
ERR Failed to commit DB changes err="failed to stage db changes: exit status 128\nOutput: fatal: Unable to create '/home/runner/work/mddb/mddb/data-e2e/.git/index.lock': File exists.\n\nAnother git process seems to be running in this repository, or the lock file may be stale\n"
INF http m=POST p=/api/v1/auth/switch-workspace s=200 d=13ms s=572
INF http m=GET p=/assets/ServerSettingsPanel-Co4AQ7oB.css s=200 d=40µs s=576
INF http m=GET p=/assets/ServerSettingsPanel-CUtQeHs8.js s=200 d=57µs s=2551
INF http m=GET p=/assets/ResourceQuotaForm-CBiYRbX4.js s=200 d=38µs s=832
INF http m=GET p=/assets/ResourceQuotaForm-BFoPj33M.css s=200 d=43µs s=297
INF http m=GET p=/api/v1/notifications/unread-count s=200 d=2.85ms s=25
INF http m=GET p=/assets/ProfileSettings-DF5AVI35.js s=200 d=123µs s=4393
INF http m=GET p=/api/v1/workspaces/40O6BOO06000/nodes/0/children s=200 d=345µs s=26
INF http m=GET p=/api/v1/workspaces/40O6BOO06000/members s=200 d=192µs s=128
INF http m=GET p=/assets/ProfileSettings-CX-HDEdu.css s=200 d=44µs s=1177
INF http m=GET p=/assets/Privacy-cCrfp6_1.css s=200 d=39µs s=314
INF http m=GET p=/assets/Privacy-CgsgvqEr.js s=200 d=32µs s=904
INF http m=GET p=/assets/OrgSettingsPanel-D9VVCokd.css s=200 d=31µs s=488
INF http m=GET p=/assets/OrgSettingsPanel-9P66Q2ps.js s=200 d=71µs s=2333
INF http m=GET p=/assets/OAuthIcons-csRRTXki.js s=200 d=32µs s=951
INF http m=GET p=/assets/InviteForm-DLxm8fu0.css s=200 d=34µs s=394
ERR Failed to commit DB changes err="failed to stage db changes: exit status 128\nOutput: fatal: Unable to create '/home/runner/work/mddb/mddb/data-e2e/.git/index.lock': File exists.\n\nAnother git process seems to be running in this repository, or the lock file may be stale\n"
INF http m=POST p=/api/v1/workspaces/40O6BOO06000/nodes/0/page/create s=200 d=43.6ms s=35
INF http m=GET p=/assets/InviteForm-CV0yK4I0.js s=200 d=30µs s=1291
INF http m=GET p=/api/v1/workspaces/40O6BOO06000/nodes/0/children s=200 d=372µs s=257
INF http m=GET p=/assets/Editor-DfcJ-Jfc.css s=200 d=50µs s=2151
INF http m=GET p=/api/v1/workspaces/40O6BOO06000/nodes/40O6BQG20000 s=200 d=280µs s=245
INF http m=GET p=/assets/Editor-BCbjs9IY.js s=200 d=155µs s=13602
ERR Failed to commit DB changes err="failed to stage db changes: exit status 128\nOutput: fatal: Unable to create '/home/runner/work/mddb/mddb/data-e2e/.git/index.lock': File exists.\n\nAnother git process seems to be running in this repository, or the lock file may be stale\n"
INF http m=POST p=/api/v1/auth/register s=200 d=114ms s=393
INF http m=GET p=/assets/Auth-8NWYUGup.js s=200 d=37µs s=1677
INF http m=GET p=/ s=200 d=83µs s=541
INF http m=GET p=/assets/Auth-6SolzSg2.css s=200 d=28µs s=633
INF http m=GET p=/assets/AdminDashboard-DpHjrDyw.js s=200 d=64µs s=2142
INF http m=GET p=/assets/index-Dlg_ygoF.js s=200 d=150µs s=45483
INF http m=GET p=/assets/index-Bi-AgGrc.css s=200 d=170µs s=11684
INF http m=GET p=/assets/AdminDashboard-CjPbo26j.css s=200 d=29µs s=584
INF http m=GET p=/assets/editor-vendor-VZT4IkOY.js s=200 d=190µs s=92428
INF http m=GET p=/assets/vendor-CnrH3R4r.js s=200 d=157µs s=28803
INF http m=GET p=/registerSW.js s=200 d=54µs s=87
INF http m=GET p=/manifest.webmanifest s=200 d=42µs s=199
INF http m=GET p=/api/v1/workspaces/40O6BOO06000/events s=200 d=226ms s=207
INF http m=GET p=/api/v1/auth/me s=200 d=739µs s=170
INF http m=GET p=/assets/en-BIK_e_4K.js s=200 d=71µs s=5251
INF http m=GET p=/assets/Onboarding-DQ2WAJCW.js s=200 d=56µs s=996
INF http m=GET p=/sw.js s=200 d=150µs s=5593
INF http m=GET p=/api/v1/notifications/unread-count s=200 d=178µs s=25
INF http m=GET p=/favicon.png s=200 d=39µs s=449
ERR Failed to commit DB changes err="failed to stage db changes: exit status 128\nOutput: fatal: Unable to create '/home/runner/work/mddb/mddb/data-e2e/.git/index.lock': File exists.\n\nAnother git process seems to be running in this repository, or the lock file may be stale\n"
INF http m=POST p=/api/v1/organizations s=200 d=6.58ms s=353
INF http m=GET p=/api/v1/auth/me s=200 d=2.34ms s=253
INF http m=GET p=/registerSW.js s=200 d=34µs s=87
INF http m=GET p=/index.html s=200 d=82µs s=541
INF http m=GET p=/icon.svg s=200 d=91µs s=195
INF http m=GET p=/icon-512.png s=200 d=115µs s=6498
INF http m=GET p=/icon-192.png s=200 d=77µs s=2468
INF http m=GET p=/favicon.png s=200 d=38µs s=449
INF http m=GET p=/apple-touch-icon.png s=200 d=42µs s=2298
INF http m=GET p=/assets/material-symbols-names-D7AiM4If.js s=200 d=162µs s=15478
ERR Failed to add workspace submodule wsID=40O6BSHPU000 err="failed to add submodule 40O6BSHPU000: exit status 128\nOutput: Adding existing repo at '40O6BSHPU000' to the index\nfatal: Unable to create '/home/runner/work/mddb/mddb/data-e2e/.git/index.lock': File exists.\n\nAnother git process seems to be running in this repository, or the lock file may be stale\nfatal: Failed to add submodule '40O6BSHPU000'\n"
ERR Failed to commit DB changes err="failed to stage db changes: exit status 128\nOutput: fatal: Unable to create '/home/runner/work/mddb/mddb/data-e2e/.git/index.lock': File exists.\n\nAnother git process seems to be running in this repository, or the lock file may be stale\n"
INF http m=POST p=/api/v1/organizations/40O6BSD64000/workspaces s=200 d=133ms s=301
ERR Failed to commit DB changes err="failed to stage db changes: exit status 128\nOutput: fatal: Unable to create '/home/runner/work/mddb/mddb/data-e2e/.git/index.lock': File exists.\n\nAnother git process seems to be running in this repository, or the lock file may be stale\n"
INF http m=POST p=/api/v1/auth/switch-workspace s=200 d=16.2ms s=603
INF http m=GET p=/assets/fr-B1PqNQ7U.js s=200 d=78µs s=6351
INF http m=GET p=/assets/es-OK4oleHZ.js s=200 d=112µs s=6048
INF http m=GET p=/api/v1/notifications/unread-count s=200 d=187µs s=25
INF http m=GET p=/api/v1/workspaces/40O6BSHPU000/nodes/0/children s=200 d=1.21ms s=26
INF http m=GET p=/api/v1/workspaces/40O6BSHPU000/members s=200 d=630µs s=119
INF http m=GET p=/assets/emoji-groups-El6awxEn.js s=200 d=129µs s=13851
INF http m=GET p=/assets/de-CSEWDUi3.js s=200 d=91µs s=6281
INF http m=GET p=/assets/WorkspaceSettingsPanel-BXpT4LCS.css s=200 d=45µs s=994
INF http m=GET p=/assets/WorkspaceSettingsPanel-BB4UnxOs.js s=200 d=75µs s=4465
ERR Failed to commit DB changes err="failed to stage db changes: exit status 128\nOutput: fatal: Unable to create '/home/runner/work/mddb/mddb/data-e2e/.git/index.lock': File exists.\n\nAnother git process seems to be running in this repository, or the lock file may be stale\n"
INF http m=POST p=/api/v1/workspaces/40O6BSHPU000/nodes/0/page/create s=200 d=47ms s=35
INF http m=GET p=/assets/Terms-CDs9SgkA.js s=200 d=29µs s=1013
INF http m=GET p=/api/v1/workspaces/40O6BSHPU000/nodes/0/children s=200 d=293µs s=257
INF http m=GET p=/assets/ServerSettingsPanel-Co4AQ7oB.css s=200 d=34µs s=576
ERR Failed to commit DB changes err="failed to stage db changes: exit status 128\nOutput: fatal: Unable to create '/home/runner/work/mddb/mddb/data-e2e/.git/index.lock': File exists.\n\nAnother git process seems to be running in this repository, or the lock file may be stale\n"
INF http m=POST p=/api/v1/auth/register s=200 d=149ms s=392
INF http m=GET p=/api/v1/workspaces/40O6BSHPU000/nodes/40O6BTUJK000 s=200 d=492µs s=245
INF http m=GET p=/ s=200 d=54µs s=541
INF http m=GET p=/assets/ServerSettingsPanel-CUtQeHs8.js s=200 d=44µs s=2551
INF http m=GET p=/assets/Editor-DfcJ-Jfc.css s=200 d=104µs s=2151
INF http m=GET p=/assets/Editor-BCbjs9IY.js s=200 d=63µs s=13602
INF http m=GET p=/assets/ResourceQuotaForm-CBiYRbX4.js s=200 d=47µs s=832
INF http m=GET p=/assets/ResourceQuotaForm-BFoPj33M.css s=200 d=32µs s=297
INF http m=GET p=/assets/index-Dlg_ygoF.js s=200 d=145µs s=45483
INF http m=GET p=/assets/ProfileSettings-DF5AVI35.js s=200 d=87µs s=4393
INF http m=GET p=/assets/index-Bi-AgGrc.css s=200 d=115µs s=11684
INF http m=GET p=/registerSW.js s=200 d=43µs s=87
INF http m=GET p=/assets/editor-vendor-VZT4IkOY.js s=200 d=155µs s=92428
INF http m=GET p=/assets/vendor-CnrH3R4r.js s=200 d=89µs s=28803
INF http m=GET p=/assets/ProfileSettings-CX-HDEdu.css s=200 d=34µs s=1177
INF http m=GET p=/assets/Privacy-cCrfp6_1.css s=200 d=40µs s=314
INF http m=GET p=/assets/Privacy-CgsgvqEr.js s=200 d=37µs s=904
INF http m=GET p=/assets/OrgSettingsPanel-D9VVCokd.css s=200 d=78µs s=488
INF http m=GET p=/assets/OrgSettingsPanel-9P66Q2ps.js s=200 d=52µs s=2333
INF http m=GET p=/assets/OAuthIcons-csRRTXki.js s=200 d=47µs s=951
INF http m=GET p=/assets/InviteForm-DLxm8fu0.css s=200 d=41µs s=394
INF http m=GET p=/assets/InviteForm-CV0yK4I0.js s=200 d=44µs s=1291
INF http m=GET p=/assets/Auth-8NWYUGup.js s=200 d=44µs s=1677
INF http m=GET p=/assets/Auth-6SolzSg2.css s=200 d=37µs s=633
INF http m=GET p=/assets/AdminDashboard-DpHjrDyw.js s=200 d=72µs s=2142
INF http m=GET p=/assets/en-BIK_e_4K.js s=200 d=69µs s=5251
INF http m=GET p=/api/v1/auth/me s=200 d=738µs s=168
INF http m=GET p=/assets/AdminDashboard-CjPbo26j.css s=200 d=49µs s=584
INF http m=GET p=/manifest.webmanifest s=200 d=38µs s=199
INF http m=GET p=/assets/Onboarding-DQ2WAJCW.js s=200 d=66µs s=996
INF http m=GET p=/api/v1/notifications/unread-count s=200 d=188µs s=25
INF http m=GET p=/favicon.png s=200 d=38µs s=449
INF http m=GET p=/sw.js s=200 d=85µs s=5593
INF http m=GET p=/api/v1/workspaces/40O6BSHPU000/events s=200 d=325ms s=206
ERR Failed to commit DB changes err="failed to stage db changes: exit status 128\nOutput: fatal: Unable to create '/home/runner/work/mddb/mddb/data-e2e/.git/index.lock': File exists.\n\nAnother git process seems to be running in this repository, or the lock file may be stale\n"
INF http m=POST p=/api/v1/organizations s=200 d=10.5ms s=353
INF http m=GET p=/registerSW.js s=200 d=36µs s=87
INF http m=GET p=/api/v1/auth/me s=200 d=690µs s=253
INF http m=GET p=/index.html s=200 d=46µs s=541
INF http m=GET p=/icon.svg s=200 d=29µs s=195
INF http m=GET p=/icon-512.png s=200 d=89µs s=6498
INF http m=GET p=/icon-192.png s=200 d=40µs s=2468
INF http m=GET p=/favicon.png s=200 d=48µs s=449
INF http m=GET p=/apple-touch-icon.png s=200 d=45µs s=2298
INF http m=GET p=/assets/material-symbols-names-D7AiM4If.js s=200 d=182µs s=15478
INF http m=GET p=/assets/fr-B1PqNQ7U.js s=200 d=107µs s=6351
INF http m=GET p=/assets/es-OK4oleHZ.js s=200 d=95µs s=6048
INF http m=GET p=/assets/emoji-groups-El6awxEn.js s=200 d=95µs s=13851
ERR Failed to add workspace submodule wsID=40O6C06Q8000 err="failed to add submodule 40O6C06Q8000: exit status 128\nOutput: Adding existing repo at '40O6C06Q8000' to the index\nfatal: Unable to create '/home/runner/work/mddb/mddb/data-e2e/.git/index.lock': File exists.\n\nAnother git process seems to be running in this repository, or the lock file may be stale\nfatal: Failed to add submodule '40O6C06Q8000'\n"
INF http m=GET p=/assets/de-CSEWDUi3.js s=200 d=89µs s=6281
INF http m=GET p=/assets/WorkspaceSettingsPanel-BXpT4LCS.css s=200 d=44µs s=994
ERR Failed to commit DB changes err="failed to stage db changes: exit status 128\nOutput: fatal: Unable to create '/home/runner/work/mddb/mddb/data-e2e/.git/index.lock': File exists.\n\nAnother git process seems to be running in this repository, or the lock file may be stale\n"
INF http m=POST p=/api/v1/organizations/40O6BVQT0000/workspaces s=200 d=182ms s=301
INF http m=GET p=/assets/WorkspaceSettingsPanel-BB4UnxOs.js s=200 d=98µs s=4465
ERR Failed to commit DB changes err="failed to stage db changes: exit status 128\nOutput: fatal: Unable to create '/home/runner/work/mddb/mddb/data-e2e/.git/index.lock': File exists.\n\nAnother git process seems to be running in this repository, or the lock file may be stale\n"
INF http m=POST p=/api/v1/auth/switch-workspace s=200 d=7.45ms s=583
INF http m=GET p=/assets/Terms-CDs9SgkA.js s=200 d=34µs s=1013
INF http m=GET p=/assets/ServerSettingsPanel-Co4AQ7oB.css s=200 d=44µs s=576
INF http m=GET p=/assets/ServerSettingsPanel-CUtQeHs8.js s=200 d=89µs s=2551
INF http m=GET p=/api/v1/workspaces/40O6C06Q8000/nodes/0/children s=200 d=16.3ms s=26
INF http m=GET p=/api/v1/workspaces/40O6C06Q8000/members s=200 d=11.1ms s=132
INF http m=GET p=/api/v1/notifications/unread-count s=200 d=19.7ms s=25
INF http m=GET p=/assets/ResourceQuotaForm-CBiYRbX4.js s=200 d=31µs s=832
INF http m=GET p=/assets/ResourceQuotaForm-BFoPj33M.css s=200 d=35µs s=297
INF http m=GET p=/assets/ProfileSettings-DF5AVI35.js s=200 d=131µs s=4393
INF http m=GET p=/assets/ProfileSettings-CX-HDEdu.css s=200 d=33µs s=1177
INF http m=GET p=/assets/Privacy-cCrfp6_1.css s=200 d=32µs s=314
INF http m=GET p=/assets/Privacy-CgsgvqEr.js s=200 d=24µs s=904
INF http m=GET p=/assets/OrgSettingsPanel-D9VVCokd.css s=200 d=28µs s=488
ERR Failed to commit DB changes err="failed to stage db changes: exit status 128\nOutput: fatal: Unable to create '/home/runner/work/mddb/mddb/data-e2e/.git/index.lock': File exists.\n\nAnother git process seems to be running in this repository, or the lock file may be stale\n"
INF http m=POST p=/api/v1/workspaces/40O6C06Q8000/nodes/0/page/create s=200 d=43ms s=35
INF http m=GET p=/api/v1/workspaces/40O6C06Q8000/nodes/0/children s=200 d=273µs s=257
INF http m=GET p=/assets/OrgSettingsPanel-9P66Q2ps.js s=200 d=38µs s=2333
INF http m=GET p=/api/v1/workspaces/40O6C06Q8000/nodes/40O6C1OKG000 s=200 d=1.91ms s=245
INF http m=GET p=/assets/OAuthIcons-csRRTXki.js s=200 d=39µs s=951
INF http m=GET p=/assets/Editor-BCbjs9IY.js s=200 d=89µs s=13602
INF http m=GET p=/assets/Editor-DfcJ-Jfc.css s=200 d=76µs s=2151
ERR Failed to commit DB changes err="failed to stage db changes: exit status 128\nOutput: fatal: Unable to create '/home/runner/work/mddb/mddb/data-e2e/.git/index.lock': File exists.\n\nAnother git process seems to be running in this repository, or the lock file may be stale\n"
INF http m=POST p=/api/v1/auth/register s=200 d=126ms s=390
INF http m=GET p=/assets/InviteForm-DLxm8fu0.css s=200 d=33µs s=394
INF http m=GET p=/ s=200 d=49µs s=541
INF http m=GET p=/assets/InviteForm-CV0yK4I0.js s=200 d=42µs s=1291
INF http m=GET p=/assets/Auth-8NWYUGup.js s=200 d=51µs s=1677
INF http m=GET p=/assets/Auth-6SolzSg2.css s=200 d=30µs s=633
INF http m=GET p=/assets/vendor-CnrH3R4r.js s=200 d=151µs s=28803
INF http m=GET p=/assets/editor-vendor-VZT4IkOY.js s=200 d=192µs s=92428
INF http m=GET p=/assets/index-Dlg_ygoF.js s=200 d=123µs s=45483
INF http m=GET p=/registerSW.js s=200 d=28µs s=87
INF http m=GET p=/assets/index-Bi-AgGrc.css s=200 d=112µs s=11684
INF http m=GET p=/assets/AdminDashboard-DpHjrDyw.js s=200 d=66µs s=2142
INF http m=GET p=/assets/AdminDashboard-CjPbo26j.css s=200 d=38µs s=584
INF http m=GET p=/manifest.webmanifest s=200 d=42µs s=199
ERR Failed to commit DB changes err="failed to stage db changes: exit status 128\nOutput: fatal: Unable to create '/home/runner/work/mddb/mddb/data-e2e/.git/index.lock': File exists.\n\nAnother git process seems to be running in this repository, or the lock file may be stale\n"
INF http m=POST p=/api/v1/workspaces/40O6C06Q8000/nodes/0/page/create s=200 d=48.8ms s=26
INF http m=GET p=/w/@40O6C06Q8000+workspace/@40O6C1OKG000+welcome s=200 d=59µs s=541
INF http m=GET p=/api/v1/workspaces/40O6C06Q8000/events s=200 d=253ms s=232
INF http m=GET p=/assets/en-BIK_e_4K.js s=200 d=83µs s=5251
INF http m=GET p=/api/v1/auth/me s=200 d=618µs s=163
INF http m=GET p=/assets/Onboarding-DQ2WAJCW.js s=200 d=42µs s=996
INF http m=GET p=/favicon.png s=200 d=57µs s=449
INF http m=GET p=/api/v1/notifications/unread-count s=200 d=190µs s=25
INF http m=GET p=/api/v1/auth/me s=200 d=685µs s=358
INF http m=GET p=/sw.js s=200 d=80µs s=5593
ERR Failed to commit DB changes err="failed to stage db changes: exit status 128\nOutput: fatal: Unable to create '/home/runner/work/mddb/mddb/data-e2e/.git/index.lock': File exists.\n\nAnother git process seems to be running in this repository, or the lock file may be stale\n"
INF http m=POST p=/api/v1/organizations s=200 d=11.1ms s=348
INF http m=GET p=/api/v1/auth/me s=200 d=3.09ms s=246
INF http m=GET p=/registerSW.js s=200 d=41µs s=87
INF http m=GET p=/api/v1/notifications/unread-count s=200 d=178µs s=25
INF http m=GET p=/api/v1/workspaces/40O6C06Q8000/nodes/40O6C1OKG000 s=200 d=4.6ms s=245
INF http m=GET p=/api/v1/workspaces/40O6C06Q8000/nodes/0/children s=200 d=7.04ms s=272
INF http m=GET p=/index.html s=200 d=26µs s=541
INF http m=GET p=/api/v1/workspaces/40O6C06Q8000/members s=200 d=5.21ms s=132
INF http m=GET p=/icon.svg s=200 d=39µs s=195
INF http m=GET p=/icon-512.png s=200 d=102µs s=6498
INF http m=GET p=/icon-192.png s=200 d=61µs s=2468
INF http m=GET p=/favicon.png s=200 d=42µs s=449
INF http m=GET p=/apple-touch-icon.png s=200 d=41µs s=2298
INF http m=GET p=/assets/material-symbols-names-D7AiM4If.js s=200 d=141µs s=15478
INF http m=GET p=/api/v1/workspaces/40O6C06Q8000/nodes/40O6C2MVS000 s=200 d=267µs s=188
ERR Failed to add workspace submodule wsID=40O6C3VCO000 err="failed to add submodule 40O6C3VCO000: exit status 128\nOutput: Adding existing repo at '40O6C3VCO000' to the index\nfatal: Unable to create '/home/runner/work/mddb/mddb/data-e2e/.git/index.lock': File exists.\n\nAnother git process seems to be running in this repository, or the lock file may be stale\nfatal: Failed to add submodule '40O6C3VCO000'\n"
ERR Failed to commit DB changes err="failed to stage db changes: exit status 128\nOutput: fatal: Unable to create '/home/runner/work/mddb/mddb/data-e2e/.git/index.lock': File exists.\n\nAnother git process seems to be running in this repository, or the lock file may be stale\n"
INF http m=POST p=/api/v1/organizations/40O6C3KUU000/workspaces s=200 d=122ms s=298
INF http m=GET p=/assets/fr-B1PqNQ7U.js s=200 d=83µs s=6351
ERR Failed to commit DB changes err="failed to stage db changes: exit status 128\nOutput: fatal: Unable to create '/home/runner/work/mddb/mddb/data-e2e/.git/index.lock': File exists.\n\nAnother git process seems to be running in this repository, or the lock file may be stale\n"
INF http m=POST p=/api/v1/auth/switch-workspace s=200 d=11.1ms s=547
INF http m=GET p=/assets/es-OK4oleHZ.js s=200 d=90µs s=6048
INF http m=GET p=/assets/emoji-groups-El6awxEn.js s=200 d=109µs s=13851
INF http m=GET p=/api/v1/notifications/unread-count s=200 d=167µs s=25
INF http m=GET p=/api/v1/workspaces/40O6C3VCO000/nodes/0/children s=200 d=301µs s=26
INF http m=GET p=/api/v1/workspaces/40O6C3VCO000/members s=200 d=7.73ms s=120
INF http m=GET p=/assets/de-CSEWDUi3.js s=200 d=84µs s=6281
ERR Failed to commit DB changes err="failed to stage db changes: exit status 128\nOutput: fatal: Unable to create '/home/runner/work/mddb/mddb/data-e2e/.git/index.lock': File exists.\n\nAnother git process seems to be running in this repository, or the lock file may be stale\n"
INF http m=POST p=/api/v1/workspaces/40O6C3VCO000/nodes/0/page/create s=200 d=22.1ms s=35
INF http m=GET p=/assets/WorkspaceSettingsPanel-BXpT4LCS.css s=200 d=34µs s=994
INF http m=GET p=/api/v1/workspaces/40O6C3VCO000/nodes/0/children s=200 d=871µs s=257
INF http m=GET p=/api/v1/workspaces/40O6C06Q8000/events s=200 d=189ms s=93
INF http m=GET p=/assets/WorkspaceSettingsPanel-BB4UnxOs.js s=200 d=64µs s=4465
INF http m=GET p=/api/v1/workspaces/40O6C3VCO000/nodes/40O6C5640000 s=200 d=855µs s=245
INF http m=GET p=/assets/Terms-CDs9SgkA.js s=200 d=39µs s=1013
INF http m=GET p=/assets/Editor-BCbjs9IY.js s=200 d=158µs s=13602
INF http m=GET p=/assets/ServerSettingsPanel-Co4AQ7oB.css s=200 d=25µs s=576
INF http m=GET p=/assets/Editor-DfcJ-Jfc.css s=200 d=61µs s=2151
INF http m=GET p=/assets/ServerSettingsPanel-CUtQeHs8.js s=200 d=164µs s=2551
INF http m=GET p=/assets/ResourceQuotaForm-CBiYRbX4.js s=200 d=57µs s=832
INF http m=GET p=/assets/ResourceQuotaForm-BFoPj33M.css s=200 d=39µs s=297
INF http m=GET p=/assets/ProfileSettings-DF5AVI35.js s=200 d=81µs s=4393
INF http m=GET p=/assets/ProfileSettings-CX-HDEdu.css s=200 d=39µs s=1177
INF http m=GET p=/assets/Privacy-cCrfp6_1.css s=200 d=34µs s=314
INF http m=GET p=/assets/Privacy-CgsgvqEr.js s=200 d=136µs s=904
INF http m=GET p=/assets/OrgSettingsPanel-D9VVCokd.css s=200 d=37µs s=488
INF http m=GET p=/assets/OrgSettingsPanel-9P66Q2ps.js s=200 d=36µs s=2333
INF http m=GET p=/assets/OAuthIcons-csRRTXki.js s=200 d=35µs s=951
INF http m=GET p=/assets/InviteForm-DLxm8fu0.css s=200 d=34µs s=394
INF http m=GET p=/assets/InviteForm-CV0yK4I0.js s=200 d=42µs s=1291
INF http m=GET p=/assets/Auth-8NWYUGup.js s=200 d=47µs s=1677
INF http m=GET p=/assets/Auth-6SolzSg2.css s=200 d=32µs s=633
INF http m=GET p=/assets/AdminDashboard-DpHjrDyw.js s=200 d=112µs s=2142
ERR Failed to commit DB changes err="failed to stage db changes: exit status 128\nOutput: fatal: Unable to create '/home/runner/work/mddb/mddb/data-e2e/.git/index.lock': File exists.\n\nAnother git process seems to be running in this repository, or the lock file may be stale\n"
INF http m=POST p=/api/v1/workspaces/40O6C3VCO000/nodes/0/page/create s=200 d=26.5ms s=26
INF http m=GET p=/assets/AdminDashboard-CjPbo26j.css s=200 d=46µs s=584
INF http m=GET p=/w/@40O6C3VCO000+workspace/@40O6C5640000+welcome s=200 d=26µs s=541
INF http m=GET p=/api/v1/workspaces/40O6C3VCO000/events s=200 d=238ms s=232
INF http m=GET p=/manifest.webmanifest s=200 d=29µs s=199
INF http m=GET p=/registerSW.js s=200 d=25µs s=87
INF http m=GET p=/api/v1/auth/me s=200 d=1.82ms s=346
INF http m=GET p=/api/v1/notifications/unread-count s=200 d=221µs s=25
INF http m=GET p=/api/v1/workspaces/40O6C3VCO000/members s=200 d=485µs s=120
INF http m=GET p=/api/v1/workspaces/40O6C3VCO000/nodes/0/children s=200 d=1.83ms s=259
INF http m=GET p=/api/v1/workspaces/40O6C3VCO000/nodes/40O6C5640000 s=200 d=2.22ms s=245
INF http m=GET p=/api/v1/workspaces/40O6C3VCO000/nodes/40O6C686K000 s=200 d=497µs s=185
INF http m=GET p=/api/v1/auth/me s=200 d=257µs s=364
ERR Failed to add workspace submodule wsID=40O6C7UKO000 err="failed to add submodule 40O6C7UKO000: exit status 128\nOutput: Adding existing repo at '40O6C7UKO000' to the index\nfatal: Unable to create '/home/runner/work/mddb/mddb/data-e2e/.git/index.lock': File exists.\n\nAnother git process seems to be running in this repository, or the lock file may be stale\nfatal: Failed to add submodule '40O6C7UKO000'\n"
ERR Failed to commit DB changes err="failed to stage db changes: exit status 128\nOutput: fatal: Unable to create '/home/runner/work/mddb/mddb/data-e2e/.git/index.lock': File exists.\n\nAnother git process seems to be running in this repository, or the lock file may be stale\n"
INF http m=POST p=/api/v1/organizations/40O6C3KUU000/workspaces s=200 d=51.2ms s=311
INF http m=GET p=/w/@40O6C3VCO000+ws-loops-workspace/@40O6C686K000+ws1-only-page s=200 d=40µs s=541
INF http m=GET p=/api/v1/workspaces/40O6C3VCO000/events s=200 d=237ms s=93
INF http m=GET p=/api/v1/auth/me s=200 d=272µs s=382
INF http m=GET p=/api/v1/notifications/unread-count s=200 d=387µs s=25
INF http m=GET p=/api/v1/workspaces/40O6C3VCO000/nodes/0/children s=200 d=400µs s=259
INF http m=GET p=/api/v1/workspaces/40O6C3VCO000/members s=200 d=1.42ms s=120
INF http m=GET p=/api/v1/workspaces/40O6C3VCO000/nodes/40O6C686K000 s=200 d=551µs s=185
ERR Failed to commit DB changes err="failed to stage db changes: exit status 128\nOutput: fatal: Unable to create '/home/runner/work/mddb/mddb/data-e2e/.git/index.lock': File exists.\n\nAnother git process seems to be running in this repository, or the lock file may be stale\n"
INF http m=POST p=/api/v1/auth/switch-workspace s=200 d=7.03ms s=596
INF http m=GET p=/api/v1/workspaces/40O6C3VCO000/members s=200 d=207µs s=120
INF http m=GET p=/api/v1/workspaces/40O6C7UKO000/members s=200 d=152µs s=120
INF http m=GET p=/api/v1/workspaces/40O6C7UKO000/nodes/0/children s=200 d=307µs s=26
INF http m=GET p=/api/v1/workspaces/40O6C3VCO000/events s=200 d=126ms s=93
ERR Handler error err="node not found" statusCode=404 code=NOT_FOUND
INF http m=GET p=/api/v1/workspaces/40O6C7UKO000/nodes/40O6C686K000 s=404 d=641µs s=71
ERR Failed to commit DB changes err="failed to stage db changes: exit status 128\nOutput: fatal: Unable to create '/home/runner/work/mddb/mddb/data-e2e/.git/index.lock': File exists.\n\nAnother git process seems to be running in this repository, or the lock file may be stale\n"
INF http m=POST p=/api/v1/workspaces/40O6C7UKO000/nodes/0/page/create s=200 d=16.7ms s=35
INF http m=GET p=/api/v1/workspaces/40O6C7UKO000/nodes/0/children s=200 d=248µs s=257
INF http m=GET p=/api/v1/workspaces/40O6C7UKO000/nodes/40O6C9G0E000 s=200 d=230µs s=245
INF http m=GET p=/sw.js s=200 d=125µs s=5593
INF http m=GET p=/api/v1/workspaces/40O6C7UKO000/events s=200 d=2.1s s=202
